configName,simTime,src,dst,policyMode,reachable,feasible,totalDelay,totalTrustCost,budget,hops,computeTimeMs,pipMasked,pipCandidates,pipDijkstraMs,pipNodesExpanded,lambda
Ch6-OV-Exact-Full,11.06,-1,-1,ExactBaseline,0,0,0,0,2.30259,0,0.029076,0,0,0,0,1
Ch6-OV-Exact-Full,11.3471,-1,-1,ExactBaseline,0,0,0,0,2.30259,0,0.008346,0,0,0,0,1
Ch6-OV-Exact-Full,11.5304,-1,-1,ExactBaseline,0,0,0,0,2.30259,0,0.072663,0,0,0,0,1
Ch6-OV-Exact-Full,11.8236,-1,-1,ExactBaseline,0,0,0,0,2.30259,0,0.100703,0,0,0,0,1
Ch6-OV-Exact-Full,12.0273,-1,-1,ExactBaseline,0,0,0,0,2.30259,0,0.121696,0,0,0,0,1
Ch6-OV-Exact-Full,12.0348,-1,-1,ExactBaseline,0,0,0,0,2.30259,0,0.095607,0,0,0,0,1
Ch6-OV-Exact-Full,12.5044,-1,-1,ExactBaseline,0,0,0,0,2.30259,0,0.033522,0,0,0,0,1
Ch6-OV-Exact-Full,12.8287,9,76,ExactBaseline,1,1,0.00479903,2.07944,2.30259,5,0.071965,0,0,0,0,0.998884
Ch6-OV-Exact-Full,13.06,-1,-1,ExactBaseline,0,0,0,0,2.30259,0,0.040109,0,0,0,0,1
Ch6-OV-Exact-Full,13.1394,12,32,ExactBaseline,1,1,0.00263993,0.693147,2.30259,3,0.076662,0,0,0,0,0.991953
Ch6-OV-Exact-Full,13.3471,-1,-1,ExactBaseline,0,0,0,0,2.30259,0,0.010855,0,0,0,0,1
Ch6-OV-Exact-Full,13.3654,-1,-1,ExactBaseline,0,0,0,0,2.30259,0,0.078791,0,0,0,0,1
Ch6-OV-Exact-Full,13.3911,-1,-1,ExactBaseline,0,0,0,0,2.30259,0,0.096436,0,0,0,0,1
Ch6-OV-Exact-Full,13.5304,-1,-1,ExactBaseline,0,0,0,0,2.30259,0,0.100413,0,0,0,0,1
Ch6-OV-Exact-Full,13.7018,-1,-1,ExactBaseline,0,0,0,0,2.30259,0,0.006189,0,0,0,0,1
Ch6-OV-Exact-Full,13.8236,-1,-1,ExactBaseline,0,0,0,0,2.30259,0,0.124131,0,0,0,0,1
Ch6-OV-Exact-Full,14.0191,-1,-1,ExactBaseline,0,0,0,0,2.30259,0,0.011046,0,0,0,0,1
Ch6-OV-Exact-Full,14.0273,-1,-1,ExactBaseline,0,0,0,0,2.30259,0,0.158524,0,0,0,0,1
Ch6-OV-Exact-Full,14.0348,-1,-1,ExactBaseline,0,0,0,0,2.30259,0,0.120855,0,0,0,0,1
Ch6-OV-Exact-Full,14.4809,-1,-1,ExactBaseline,0,0,0,0,2.30259,0,0.148482,0,0,0,0,1
Ch6-OV-Exact-Full,14.5044,6,13,ExactBaseline,1,1,0.00478138,1.77406,2.30259,5,0.088494,0,0,0,0,0.997357
Ch6-OV-Exact-Full,14.6026,-1,-1,ExactBaseline,0,0,0,0,2.30259,0,0.198053,0,0,0,0,1
Ch6-OV-Exact-Full,14.7076,-1,-1,ExactBaseline,0,0,0,0,2.30259,0,0.105949,0,0,0,0,1
Ch6-OV-Exact-Full,14.8131,-1,-1,ExactBaseline,0,0,0,0,2.30259,0,0.00583,0,0,0,0,1
Ch6-OV-Exact-Full,14.8149,-1,-1,ExactBaseline,0,0,0,0,2.30259,0,0.173908,0,0,0,0,1
Ch6-OV-Exact-Full,14.8287,-1,-1,ExactBaseline,0,0,0,0,2.30259,0,0.119284,0,0,0,0,0.998884
Ch6-OV-Exact-Full,15.0587,-1,-1,ExactBaseline,0,0,0,0,2.30259,0,0.180008,0,0,0,0,1
Ch6-OV-Exact-Full,15.06,-1,-1,ExactBaseline,0,0,0,0,2.30259,0,0.091359,0,0,0,0,1
Ch6-OV-Exact-Full,15.0602,-1,-1,ExactBaseline,0,0,0,0,2.30259,0,0.104462,0,0,0,0,1
Ch6-OV-Exact-Full,15.1394,12,77,ExactBaseline,1,1,0.00242308,0.693147,2.30259,3,0.178484,0,0,0,0,0.983906
Ch6-OV-Exact-Full,15.3471,-1,-1,ExactBaseline,0,0,0,0,2.30259,0,0.009633,0,0,0,0,1
Ch6-OV-Exact-Full,15.3654,-1,-1,ExactBaseline,0,0,0,0,2.30259,0,0.1914,0,0,0,0,1
Ch6-OV-Exact-Full,15.3911,-1,-1,ExactBaseline,0,0,0,0,2.30259,0,0.355895,0,0,0,0,1
Ch6-OV-Exact-Full,15.416,-1,-1,ExactBaseline,0,0,0,0,2.30259,0,0.220441,0,0,0,0,1
Ch6-OV-Exact-Full,15.5304,-1,-1,ExactBaseline,0,0,0,0,2.30259,0,0.220739,0,0,0,0,1
Ch6-OV-Exact-Full,15.7018,-1,-1,ExactBaseline,0,0,0,0,2.30259,0,0.00883,0,0,0,0,1
Ch6-OV-Exact-Full,15.7398,-1,-1,ExactBaseline,0,0,0,0,2.30259,0,0.243722,0,0,0,0,1
Ch6-OV-Exact-Full,15.8236,-1,-1,ExactBaseline,0,0,0,0,2.30259,0,0.229241,0,0,0,0,1
Ch6-OV-Exact-Full,15.8562,-1,-1,ExactBaseline,0,0,0,0,2.30259,0,0.134272,0,0,0,0,1
Ch6-OV-Exact-Full,16.0119,-1,-1,ExactBaseline,0,0,0,0,2.30259,0,0.073363,0,0,0,0,1
Ch6-OV-Exact-Full,16.0153,21,133,ExactBaseline,1,1,0.00313912,1.38629,2.30259,4,0.370058,0,0,0,0,0.995419
Ch6-OV-Exact-Full,16.0171,-1,-1,ExactBaseline,0,0,0,0,2.30259,0,0.079513,0,0,0,0,1
Ch6-OV-Exact-Full,16.0191,-1,-1,ExactBaseline,0,0,0,0,2.30259,0,0.01867,0,0,0,0,1
Ch6-OV-Exact-Full,16.0273,-1,-1,ExactBaseline,0,0,0,0,2.30259,0,0.289026,0,0,0,0,1
Ch6-OV-Exact-Full,16.0348,-1,-1,ExactBaseline,0,0,0,0,2.30259,0,0.235495,0,0,0,0,1
Ch6-OV-Exact-Full,16.0396,-1,-1,ExactBaseline,0,0,0,0,2.30259,0,0.213616,0,0,0,0,1
Ch6-OV-Exact-Full,16.1834,-1,-1,ExactBaseline,0,0,0,0,2.30259,0,0.225603,0,0,0,0,1
Ch6-OV-Exact-Full,16.2109,-1,-1,ExactBaseline,0,0,0,0,2.30259,0,0.25415,0,0,0,0,1
Ch6-OV-Exact-Full,16.3245,-1,-1,ExactBaseline,0,0,0,0,2.30259,0,0.498341,0,0,0,0,1
Ch6-OV-Exact-Full,16.3419,32,66,ExactBaseline,1,1,0.00447315,1.92529,2.30259,5,0.328327,0,0,0,0,0.998114
Ch6-OV-Exact-Full,16.3441,-1,-1,ExactBaseline,0,0,0,0,2.30259,0,0.017534,0,0,0,0,1
Ch6-OV-Exact-Full,16.4532,-1,-1,ExactBaseline,0,0,0,0,2.30259,0,0.243837,0,0,0,0,1
Ch6-OV-Exact-Full,16.4809,-1,-1,ExactBaseline,0,0,0,0,2.30259,0,0.250071,0,0,0,0,1
Ch6-OV-Exact-Full,16.5044,-1,-1,ExactBaseline,0,0,0,0,2.30259,0,0.237354,0,0,0,0,0.997357
Ch6-OV-Exact-Full,16.6026,13,76,ExactBaseline,1,1,0.00315284,1.38629,2.30259,4,0.224612,0,0,0,0,0.995419
Ch6-OV-Exact-Full,16.7076,-1,-1,ExactBaseline,0,0,0,0,2.30259,0,0.183378,0,0,0,0,1
Ch6-OV-Exact-Full,16.71,-1,-1,ExactBaseline,0,0,0,0,2.30259,0,0.158567,0,0,0,0,1
Ch6-OV-Exact-Full,16.8131,-1,-1,ExactBaseline,0,0,0,0,2.30259,0,0.009027,0,0,0,0,1
Ch6-OV-Exact-Full,16.8149,-1,-1,ExactBaseline,0,0,0,0,2.30259,0,0.267286,0,0,0,0,1
Ch6-OV-Exact-Full,16.8287,9,96,ExactBaseline,1,1,0.00238956,0.693147,2.30259,3,0.117382,0,0,0,0,0.990837
Ch6-OV-Exact-Full,16.8439,-1,-1,ExactBaseline,0,0,0,0,2.30259,0,0.012555,0,0,0,0,1
Ch6-OV-Exact-Full,17.0587,20,170,ExactBaseline,1,1,0.0036409,1.38629,2.30259,4,0.279071,0,0,0,0,0.995419
Ch6-OV-Exact-Full,17.06,-1,-1,ExactBaseline,0,0,0,0,2.30259,0,0.170794,0,0,0,0,1
Ch6-OV-Exact-Full,17.0602,-1,-1,ExactBaseline,0,0,0,0,2.30259,0,0.22162,0,0,0,0,1
Ch6-OV-Exact-Full,17.1394,12,86,ExactBaseline,1,1,0.00481747,2.07944,2.30259,5,0.372474,0,0,0,0,0.98279
Ch6-OV-Exact-Full,17.1626,-1,-1,ExactBaseline,0,0,0,0,2.30259,0,0.286601,0,0,0,0,1
Ch6-OV-Exact-Full,17.2315,-1,-1,ExactBaseline,0,0,0,0,2.30259,0,0.217408,0,0,0,0,1
Ch6-OV-Exact-Full,17.2636,-1,-1,ExactBaseline,0,0,0,0,2.30259,0,0.472576,0,0,0,0,1
Ch6-OV-Exact-Full,17.3471,-1,-1,ExactBaseline,0,0,0,0,2.30259,0,0.01101,0,0,0,0,1
Ch6-OV-Exact-Full,17.3654,-1,-1,ExactBaseline,0,0,0,0,2.30259,0,0.211461,0,0,0,0,1
Ch6-OV-Exact-Full,17.3911,-1,-1,ExactBaseline,0,0,0,0,2.30259,0,0.268044,0,0,0,0,1
Ch6-OV-Exact-Full,17.416,-1,-1,ExactBaseline,0,0,0,0,2.30259,0,0.330891,0,0,0,0,1
Ch6-OV-Exact-Full,17.5226,-1,-1,ExactBaseline,0,0,0,0,2.30259,0,0.324046,0,0,0,0,1
Ch6-OV-Exact-Full,17.5304,-1,-1,ExactBaseline,0,0,0,0,2.30259,0,0.254789,0,0,0,0,1
Ch6-OV-Exact-Full,17.6869,35,47,ExactBaseline,1,1,0.002411,0.693147,2.30259,3,0.209864,0,0,0,0,0.991953
Ch6-OV-Exact-Full,17.7018,-1,-1,ExactBaseline,0,0,0,0,2.30259,0,0.015677,0,0,0,0,1
Ch6-OV-Exact-Full,17.7398,27,170,ExactBaseline,1,1,0.00362528,1.56862,2.30259,4,0.367741,0,0,0,0,0.99633
Ch6-OV-Exact-Full,17.8236,5,4,ExactBaseline,1,1,0.00242861,0.693147,2.30259,3,0.464556,0,0,0,0,0.991953
Ch6-OV-Exact-Full,17.8562,22,96,ExactBaseline,1,1,0.0023927,0.693147,2.30259,3,0.161268,0,0,0,0,0.991953
Ch6-OV-Exact-Full,17.8632,-1,-1,ExactBaseline,0,0,0,0,2.30259,0,0.271207,0,0,0,0,1
Ch6-OV-Exact-Full,17.9719,-1,-1,ExactBaseline,0,0,0,0,2.30259,0,0.420223,0,0,0,0,1
Ch6-OV-Exact-Full,17.9821,-1,-1,ExactBaseline,0,0,0,0,2.30259,0,0.256444,0,0,0,0,1
Ch6-OV-Exact-Full,18.0119,-1,-1,ExactBaseline,0,0,0,0,2.30259,0,0.134505,0,0,0,0,1
Ch6-OV-Exact-Full,18.0153,-1,-1,ExactBaseline,0,0,0,0,2.30259,0,0.367302,0,0,0,0,0.995419
Ch6-OV-Exact-Full,18.0171,-1,-1,ExactBaseline,0,0,0,0,2.30259,0,0.160883,0,0,0,0,1
Ch6-OV-Exact-Full,18.0191,-1,-1,ExactBaseline,0,0,0,0,2.30259,0,0.018782,0,0,0,0,1
Ch6-OV-Exact-Full,18.0273,-1,-1,ExactBaseline,0,0,0,0,2.30259,0,0.473498,0,0,0,0,1
Ch6-OV-Exact-Full,18.0348,4,212,ExactBaseline,1,1,0.00239022,0.693147,2.30259,3,0.132096,0,0,0,0,0.991953
Ch6-OV-Exact-Full,18.0396,-1,-1,ExactBaseline,0,0,0,0,2.30259,0,0.406008,0,0,0,0,1
Ch6-OV-Exact-Full,18.1834,31,145,ExactBaseline,1,1,0.0024029,0.693147,2.30259,3,0.347199,0,0,0,0,0.991953
Ch6-OV-Exact-Full,18.2109,-1,-1,ExactBaseline,0,0,0,0,2.30259,0,0.387173,0,0,0,0,1
Ch6-OV-Exact-Full,18.3245,-1,-1,ExactBaseline,0,0,0,0,2.30259,0,0.507317,0,0,0,0,1
Ch6-OV-Exact-Full,18.3419,32,187,ExactBaseline,1,1,0.0032546,1.23214,2.30259,4,0.347827,0,0,0,0,0.992761
Ch6-OV-Exact-Full,18.3441,-1,-1,ExactBaseline,0,0,0,0,2.30259,0,0.015067,0,0,0,0,1
Ch6-OV-Exact-Full,18.4532,-1,-1,ExactBaseline,0,0,0,0,2.30259,0,0.530576,0,0,0,0,1
Ch6-OV-Exact-Full,18.4809,-1,-1,ExactBaseline,0,0,0,0,2.30259,0,0.446115,0,0,0,0,1
Ch6-OV-Exact-Full,18.5044,-1,-1,ExactBaseline,0,0,0,0,2.30259,0,0.345573,0,0,0,0,0.997357
Ch6-OV-Exact-Full,18.602,-1,-1,ExactBaseline,0,0,0,0,2.30259,0,0.503547,0,0,0,0,1
Ch6-OV-Exact-Full,18.6026,13,149,ExactBaseline,1,1,0.00194027,0.693147,2.30259,3,0.166831,0,0,0,0,0.987371
Ch6-OV-Exact-Full,18.7076,-1,-1,ExactBaseline,0,0,0,0,2.30259,0,0.191081,0,0,0,0,1
Ch6-OV-Exact-Full,18.71,-1,-1,ExactBaseline,0,0,0,0,2.30259,0,0.262606,0,0,0,0,1
Ch6-OV-Exact-Full,18.7786,-1,-1,ExactBaseline,0,0,0,0,2.30259,0,0.286583,0,0,0,0,1
Ch6-OV-Exact-Full,18.8131,14,70,ExactBaseline,1,1,0.00484702,2.07944,2.30259,5,0.057087,0,0,0,0,0.998884
Ch6-OV-Exact-Full,18.8149,-1,-1,ExactBaseline,0,0,0,0,2.30259,0,0.575138,0,0,0,0,1
Ch6-OV-Exact-Full,18.8287,-1,-1,ExactBaseline,0,0,0,0,2.30259,0,0.369244,0,0,0,0,0.990837
Ch6-OV-Exact-Full,18.8439,-1,-1,ExactBaseline,0,0,0,0,2.30259,0,0.029008,0,0,0,0,1
Ch6-OV-Exact-Full,18.8776,-1,-1,ExactBaseline,0,0,0,0,2.30259,0,0.328858,0,0,0,0,1
Ch6-OV-Exact-Full,18.9654,-1,-1,ExactBaseline,0,0,0,0,2.30259,0,0.582755,0,0,0,0,1
Ch6-OV-Exact-Full,18.9679,-1,-1,ExactBaseline,0,0,0,0,2.30259,0,0.43757,0,0,0,0,1
Ch6-OV-Exact-Full,19.0587,-1,-1,ExactBaseline,0,0,0,0,2.30259,0,0.486177,0,0,0,0,0.995419
Ch6-OV-Exact-Full,19.06,3,91,ExactBaseline,1,1,0.00241222,0.693147,2.30259,3,0.164507,0,0,0,0,0.991953
Ch6-OV-Exact-Full,19.0602,-1,-1,ExactBaseline,0,0,0,0,2.30259,0,0.468633,0,0,0,0,1
Ch6-OV-Exact-Full,19.0895,-1,-1,ExactBaseline,0,0,0,0,2.30259,0,0.013153,0,0,0,0,1
Ch6-OV-Exact-Full,19.0993,-1,-1,ExactBaseline,0,0,0,0,2.30259,0,0.37795,0,0,0,0,1
Ch6-OV-Exact-Full,19.1136,-1,-1,ExactBaseline,0,0,0,0,2.30259,0,0.463892,0,0,0,0,1
Ch6-OV-Exact-Full,19.1394,12,171,ExactBaseline,1,1,0.00361513,1.38629,2.30259,4,0.605983,0,0,0,0,0.978208
Ch6-OV-Exact-Full,19.1454,-1,-1,ExactBaseline,0,0,0,0,2.30259,0,0.212475,0,0,0,0,1
Ch6-OV-Exact-Full,19.1626,-1,-1,ExactBaseline,0,0,0,0,2.30259,0,0.442182,0,0,0,0,1
Ch6-OV-Exact-Full,19.2259,-1,-1,ExactBaseline,0,0,0,0,2.30259,0,0.012177,0,0,0,0,1
Ch6-OV-Exact-Full,19.2315,-1,-1,ExactBaseline,0,0,0,0,2.30259,0,0.443495,0,0,0,0,1
Ch6-OV-Exact-Full,19.237,-1,-1,ExactBaseline,0,0,0,0,2.30259,0,0.219618,0,0,0,0,1
Ch6-OV-Exact-Full,19.242,-1,-1,ExactBaseline,0,0,0,0,2.30259,0,0.433561,0,0,0,0,1
Ch6-OV-Exact-Full,19.2423,-1,-1,ExactBaseline,0,0,0,0,2.30259,0,0.395842,0,0,0,0,1
Ch6-OV-Exact-Full,19.2636,-1,-1,ExactBaseline,0,0,0,0,2.30259,0,0.367428,0,0,0,0,1
Ch6-OV-Exact-Full,19.2872,-1,-1,ExactBaseline,0,0,0,0,2.30259,0,0.46928,0,0,0,0,1
Ch6-OV-Exact-Full,19.3116,-1,-1,ExactBaseline,0,0,0,0,2.30259,0,0.013599,0,0,0,0,1
Ch6-OV-Exact-Full,19.317,-1,-1,ExactBaseline,0,0,0,0,2.30259,0,0.410874,0,0,0,0,1
Ch6-OV-Exact-Full,19.3471,-1,-1,ExactBaseline,0,0,0,0,2.30259,0,0.021015,0,0,0,0,1
Ch6-OV-Exact-Full,19.3654,7,14,ExactBaseline,1,1,0.00514891,2.07944,2.30259,5,0.397087,0,0,0,0,0.998884
Ch6-OV-Exact-Full,19.3911,-1,-1,ExactBaseline,0,0,0,0,2.30259,0,0.976932,0,0,0,0,1
Ch6-OV-Exact-Full,19.416,-1,-1,ExactBaseline,0,0,0,0,2.30259,0,0.687513,0,0,0,0,1
Ch6-OV-Exact-Full,19.4255,67,133,ExactBaseline,1,1,0.00362363,1.38629,2.30259,4,0.478702,0,0,0,0,0.995419
Ch6-OV-Exact-Full,19.4602,-1,-1,ExactBaseline,0,0,0,0,2.30259,0,0.384522,0,0,0,0,1
Ch6-OV-Exact-Full,19.4684,-1,-1,ExactBaseline,0,0,0,0,2.30259,0,0.45716,0,0,0,0,1
Ch6-OV-Exact-Full,19.4817,48,138,ExactBaseline,1,1,0.00196708,0.693147,2.30259,3,0.263868,0,0,0,0,0.991953
Ch6-OV-Exact-Full,19.5034,-1,-1,ExactBaseline,0,0,0,0,2.30259,0,0.176139,0,0,0,0,1
Ch6-OV-Exact-Full,19.5147,53,150,ExactBaseline,1,1,0.00361929,1.56862,2.30259,4,0.340146,0,0,0,0,0.99633
Ch6-OV-Exact-Full,19.5226,-1,-1,ExactBaseline,0,0,0,0,2.30259,0,0.417797,0,0,0,0,1
Ch6-OV-Exact-Full,19.5304,-1,-1,ExactBaseline,0,0,0,0,2.30259,0,0.467141,0,0,0,0,1
Ch6-OV-Exact-Full,19.6803,-1,-1,ExactBaseline,0,0,0,0,2.30259,0,0.419485,0,0,0,0,1
Ch6-OV-Exact-Full,19.6869,-1,-1,ExactBaseline,0,0,0,0,2.30259,0,0.547042,0,0,0,0,0.991953
Ch6-OV-Exact-Full,19.7018,-1,-1,ExactBaseline,0,0,0,0,2.30259,0,0.017436,0,0,0,0,1
Ch6-OV-Exact-Full,19.7398,27,161,ExactBaseline,1,1,0.00363759,1.38629,2.30259,4,0.876193,0,0,0,0,0.991749
Ch6-OV-Exact-Full,19.8236,-1,-1,ExactBaseline,0,0,0,0,2.30259,0,0.935801,0,0,0,0,0.991953
Ch6-OV-Exact-Full,19.8562,-1,-1,ExactBaseline,0,0,0,0,2.30259,0,0.34313,0,0,0,0,0.991953
Ch6-OV-Exact-Full,19.8632,-1,-1,ExactBaseline,0,0,0,0,2.30259,0,0.68298,0,0,0,0,1
Ch6-OV-Exact-Full,19.8791,58,126,ExactBaseline,1,1,0.00314012,1.38629,2.30259,4,0.596997,0,0,0,0,0.995419
Ch6-OV-Exact-Full,19.9719,41,39,ExactBaseline,1,1,0.00437252,2.07944,2.30259,5,0.537363,0,0,0,0,0.998884
Ch6-OV-Exact-Full,19.9815,-1,-1,ExactBaseline,0,0,0,0,2.30259,0,0.511878,0,0,0,0,1
Ch6-OV-Exact-Full,19.9821,-1,-1,ExactBaseline,0,0,0,0,2.30259,0,0.441777,0,0,0,0,1
Ch6-OV-Exact-Full,20.0119,-1,-1,ExactBaseline,0,0,0,0,2.30259,0,0.207294,0,0,0,0,1
Ch6-OV-Exact-Full,20.0153,-1,-1,ExactBaseline,0,0,0,0,2.30259,0,0.610611,0,0,0,0,0.995419
Ch6-OV-Exact-Full,20.0171,-1,-1,ExactBaseline,0,0,0,0,2.30259,0,0.232416,0,0,0,0,1
Ch6-OV-Exact-Full,20.0191,-1,-1,ExactBaseline,0,0,0,0,2.30259,0,0.013685,0,0,0,0,1
Ch6-OV-Exact-Full,20.0273,-1,-1,ExactBaseline,0,0,0,0,2.30259,0,0.70829,0,0,0,0,1
Ch6-OV-Exact-Full,20.0348,-1,-1,ExactBaseline,0,0,0,0,2.30259,0,0.478307,0,0,0,0,0.991953
Ch6-OV-Exact-Full,20.0396,-1,-1,ExactBaseline,0,0,0,0,2.30259,0,0.545093,0,0,0,0,1
Ch6-OV-Exact-Full,20.0519,64,239,ExactBaseline,1,1,0.00482475,2.07944,2.30259,5,0.482268,0,0,0,0,0.998884
Ch6-OV-Exact-Full,20.1025,-1,-1,ExactBaseline,0,0,0,0,2.30259,0,0.444182,0,0,0,0,1
Ch6-OV-Exact-Full,20.1207,-1,-1,ExactBaseline,0,0,0,0,2.30259,0,0.177392,0,0,0,0,1
Ch6-OV-Exact-Full,20.1834,-1,-1,ExactBaseline,0,0,0,0,2.30259,0,0.588012,0,0,0,0,0.991953
Ch6-OV-Exact-Full,20.2109,-1,-1,ExactBaseline,0,0,0,0,2.30259,0,0.570948,0,0,0,0,1
Ch6-OV-Exact-Full,20.2357,-1,-1,ExactBaseline,0,0,0,0,2.30259,0,0.017287,0,0,0,0,1
Ch6-OV-Exact-Full,20.2418,70,14,ExactBaseline,1,1,0.0438337,1.61699,2.30259,5,0.476846,0,0,0,0,0.996572
Ch6-OV-Exact-Full,20.3245,-1,-1,ExactBaseline,0,0,0,0,2.30259,0,0.933713,0,0,0,0,1
Ch6-OV-Exact-Full,20.3289,-1,-1,ExactBaseline,0,0,0,0,2.30259,0,0.401507,0,0,0,0,1
Ch6-OV-Exact-Full,20.3412,79,203,ExactBaseline,1,1,0.00240421,0.693147,2.30259,3,0.499125,0,0,0,0,0.991953
Ch6-OV-Exact-Full,20.3419,-1,-1,ExactBaseline,0,0,0,0,2.30259,0,0.819934,0,0,0,0,0.992761
Ch6-OV-Exact-Full,20.3441,-1,-1,ExactBaseline,0,0,0,0,2.30259,0,0.012864,0,0,0,0,1
Ch6-OV-Exact-Full,20.4532,-1,-1,ExactBaseline,0,0,0,0,2.30259,0,0.601158,0,0,0,0,1
Ch6-OV-Exact-Full,20.4663,-1,-1,ExactBaseline,0,0,0,0,2.30259,0,0.119903,0,0,0,0,1
Ch6-OV-Exact-Full,20.4809,-1,-1,ExactBaseline,0,0,0,0,2.30259,0,0.61739,0,0,0,0,1
Ch6-OV-Exact-Full,20.5044,-1,-1,ExactBaseline,0,0,0,0,2.30259,0,0.436094,0,0,0,0,0.997357
Ch6-OV-Exact-Full,20.5148,-1,-1,ExactBaseline,0,0,0,0,2.30259,0,0.455684,0,0,0,0,1
Ch6-OV-Exact-Full,20.602,47,4,ExactBaseline,1,1,0.00197509,0.693147,2.30259,3,0.550498,0,0,0,0,0.991953
Ch6-OV-Exact-Full,20.6026,-1,-1,ExactBaseline,0,0,0,0,2.30259,0,1.07991,0,0,0,0,0.987371
Ch6-OV-Exact-Full,20.7076,-1,-1,ExactBaseline,0,0,0,0,2.30259,0,0.257674,0,0,0,0,1
Ch6-OV-Exact-Full,20.71,-1,-1,ExactBaseline,0,0,0,0,2.30259,0,0.381026,0,0,0,0,1
Ch6-OV-Exact-Full,20.7786,-1,-1,ExactBaseline,0,0,0,0,2.30259,0,0.250654,0,0,0,0,1
Ch6-OV-Exact-Full,20.7823,-1,-1,ExactBaseline,0,0,0,0,2.30259,0,0.354387,0,0,0,0,1
Ch6-OV-Exact-Full,20.8131,-1,-1,ExactBaseline,0,0,0,0,2.30259,0,0.110599,0,0,0,0,0.998884
Ch6-OV-Exact-Full,20.8149,-1,-1,ExactBaseline,0,0,0,0,2.30259,0,0.623268,0,0,0,0,1
Ch6-OV-Exact-Full,20.8287,-1,-1,ExactBaseline,0,0,0,0,2.30259,0,0.440036,0,0,0,0,0.990837
Ch6-OV-Exact-Full,20.8439,-1,-1,ExactBaseline,0,0,0,0,2.30259,0,0.062541,0,0,0,0,1
Ch6-OV-Exact-Full,20.8776,-1,-1,ExactBaseline,0,0,0,0,2.30259,0,0.436956,0,0,0,0,1
Ch6-OV-Exact-Full,20.9097,-1,-1,ExactBaseline,0,0,0,0,2.30259,0,0.71557,0,0,0,0,1
Ch6-OV-Exact-Full,20.9654,-1,-1,ExactBaseline,0,0,0,0,2.30259,0,0.744707,0,0,0,0,1
Ch6-OV-Exact-Full,20.9679,-1,-1,ExactBaseline,0,0,0,0,2.30259,0,0.539308,0,0,0,0,1
Ch6-OV-Exact-Full,21.0587,-1,-1,ExactBaseline,0,0,0,0,2.30259,0,0.748034,0,0,0,0,0.995419
Ch6-OV-Exact-Full,21.06,-1,-1,ExactBaseline,0,0,0,0,2.30259,0,0.547815,0,0,0,0,0.991953
Ch6-OV-Exact-Full,21.0602,-1,-1,ExactBaseline,0,0,0,0,2.30259,0,0.8815,0,0,0,0,1
Ch6-OV-Exact-Full,21.0895,-1,-1,ExactBaseline,0,0,0,0,2.30259,0,0.014832,0,0,0,0,1
Ch6-OV-Exact-Full,21.0993,-1,-1,ExactBaseline,0,0,0,0,2.30259,0,0.587459,0,0,0,0,1
Ch6-OV-Exact-Full,21.1136,-1,-1,ExactBaseline,0,0,0,0,2.30259,0,0.816998,0,0,0,0,1
Ch6-OV-Exact-Full,21.1394,-1,-1,ExactBaseline,0,0,0,0,2.30259,0,0.8367,0,0,0,0,0.978208
Ch6-OV-Exact-Full,21.1454,63,50,ExactBaseline,1,1,0.00480947,2.07944,2.30259,5,0.326574,0,0,0,0,0.998884
Ch6-OV-Exact-Full,21.1508,-1,-1,ExactBaseline,0,0,0,0,2.30259,0,0.257679,0,0,0,0,1
Ch6-OV-Exact-Full,21.1626,-1,-1,ExactBaseline,0,0,0,0,2.30259,0,1.26617,0,0,0,0,1
Ch6-OV-Exact-Full,21.2053,-1,-1,ExactBaseline,0,0,0,0,2.30259,0,0.659594,0,0,0,0,1
Ch6-OV-Exact-Full,21.2259,-1,-1,ExactBaseline,0,0,0,0,2.30259,0,0.013336,0,0,0,0,1
Ch6-OV-Exact-Full,21.2315,38,106,ExactBaseline,1,1,0.00484354,2.07944,2.30259,5,0.870321,0,0,0,0,0.998884
Ch6-OV-Exact-Full,21.237,-1,-1,ExactBaseline,0,0,0,0,2.30259,0,0.406455,0,0,0,0,1
Ch6-OV-Exact-Full,21.242,50,161,ExactBaseline,1,1,0.00317724,1.38629,2.30259,4,0.722059,0,0,0,0,0.995419
Ch6-OV-Exact-Full,21.2423,-1,-1,ExactBaseline,0,0,0,0,2.30259,0,0.698277,0,0,0,0,1
Ch6-OV-Exact-Full,21.2636,-1,-1,ExactBaseline,0,0,0,0,2.30259,0,0.464541,0,0,0,0,1
Ch6-OV-Exact-Full,21.2872,59,124,ExactBaseline,1,1,0.00193117,0.693147,2.30259,3,0.35036,0,0,0,0,0.991953
Ch6-OV-Exact-Full,21.3116,-1,-1,ExactBaseline,0,0,0,0,2.30259,0,0.011466,0,0,0,0,1
Ch6-OV-Exact-Full,21.317,68,150,ExactBaseline,1,1,0.00242684,0.693147,2.30259,3,0.458383,0,0,0,0,0.991953
Ch6-OV-Exact-Full,21.3184,-1,-1,ExactBaseline,0,0,0,0,2.30259,0,0.358788,0,0,0,0,1
Ch6-OV-Exact-Full,21.3471,-1,-1,ExactBaseline,0,0,0,0,2.30259,0,0.012052,0,0,0,0,1
Ch6-OV-Exact-Full,21.3654,7,73,ExactBaseline,1,1,0.00438465,2.07944,2.30259,5,0.521142,0,0,0,0,0.997769
Ch6-OV-Exact-Full,21.3911,-1,-1,ExactBaseline,0,0,0,0,2.30259,0,0.851489,0,0,0,0,1
Ch6-OV-Exact-Full,21.416,-1,-1,ExactBaseline,0,0,0,0,2.30259,0,0.756633,0,0,0,0,1
Ch6-OV-Exact-Full,21.4255,-1,-1,ExactBaseline,0,0,0,0,2.30259,0,0.745725,0,0,0,0,0.995419
Ch6-OV-Exact-Full,21.4553,94,75,ExactBaseline,1,1,0.00435715,2.07944,2.30259,5,0.760925,0,0,0,0,0.998884
Ch6-OV-Exact-Full,21.4573,-1,-1,ExactBaseline,0,0,0,0,2.30259,0,0.713019,0,0,0,0,1
Ch6-OV-Exact-Full,21.4602,-1,-1,ExactBaseline,0,0,0,0,2.30259,0,0.336148,0,0,0,0,1
Ch6-OV-Exact-Full,21.4684,-1,-1,ExactBaseline,0,0,0,0,2.30259,0,0.877092,0,0,0,0,1
Ch6-OV-Exact-Full,21.4817,48,77,ExactBaseline,1,1,0.00317002,1.38629,2.30259,4,0.800655,0,0,0,0,0.987371
Ch6-OV-Exact-Full,21.499,99,150,ExactBaseline,1,1,0.00363043,1.38629,2.30259,4,0.837868,0,0,0,0,0.995419
Ch6-OV-Exact-Full,21.5034,-1,-1,ExactBaseline,0,0,0,0,2.30259,0,0.209781,0,0,0,0,1
Ch6-OV-Exact-Full,21.5143,-1,-1,ExactBaseline,0,0,0,0,2.30259,0,0.607286,0,0,0,0,1
Ch6-OV-Exact-Full,21.5147,-1,-1,ExactBaseline,0,0,0,0,2.30259,0,0.498849,0,0,0,0,0.99633
Ch6-OV-Exact-Full,21.5226,-1,-1,ExactBaseline,0,0,0,0,2.30259,0,0.63697,0,0,0,0,1
Ch6-OV-Exact-Full,21.5304,-1,-1,ExactBaseline,0,0,0,0,2.30259,0,0.653884,0,0,0,0,1
Ch6-OV-Exact-Full,21.547,-1,-1,ExactBaseline,0,0,0,0,2.30259,0,0.66844,0,0,0,0,1
Ch6-OV-Exact-Full,21.6516,-1,-1,ExactBaseline,0,0,0,0,2.30259,0,0.778107,0,0,0,0,1
Ch6-OV-Exact-Full,21.6757,-1,-1,ExactBaseline,0,0,0,0,2.30259,0,0.750532,0,0,0,0,1
Ch6-OV-Exact-Full,21.6803,-1,-1,ExactBaseline,0,0,0,0,2.30259,0,0.468426,0,0,0,0,1
Ch6-OV-Exact-Full,21.6846,-1,-1,ExactBaseline,0,0,0,0,2.30259,0,0.452645,0,0,0,0,1
Ch6-OV-Exact-Full,21.6869,35,279,ExactBaseline,1,1,0.00361335,1.38629,2.30259,4,0.613476,0,0,0,0,0.987371
Ch6-OV-Exact-Full,21.6944,-1,-1,ExactBaseline,0,0,0,0,2.30259,0,0.440933,0,0,0,0,1
Ch6-OV-Exact-Full,21.7018,-1,-1,ExactBaseline,0,0,0,0,2.30259,0,0.031404,0,0,0,0,1
Ch6-OV-Exact-Full,21.7398,-1,-1,ExactBaseline,0,0,0,0,2.30259,0,1.03025,0,0,0,0,0.991749
Ch6-OV-Exact-Full,21.7683,-1,-1,ExactBaseline,0,0,0,0,2.30259,0,0.991447,0,0,0,0,1
Ch6-OV-Exact-Full,21.7693,-1,-1,ExactBaseline,0,0,0,0,2.30259,0,0.915906,0,0,0,0,1
Ch6-OV-Exact-Full,21.8206,-1,-1,ExactBaseline,0,0,0,0,2.30259,0,0.24809,0,0,0,0,1
Ch6-OV-Exact-Full,21.8236,-1,-1,ExactBaseline,0,0,0,0,2.30259,0,1.39671,0,0,0,0,0.991953
Ch6-OV-Exact-Full,21.8346,-1,-1,ExactBaseline,0,0,0,0,2.30259,0,0.063551,0,0,0,0,1
Ch6-OV-Exact-Full,21.8562,-1,-1,ExactBaseline,0,0,0,0,2.30259,0,0.646706,0,0,0,0,0.991953
Ch6-OV-Exact-Full,21.8632,-1,-1,ExactBaseline,0,0,0,0,2.30259,0,0.86364,0,0,0,0,1
Ch6-OV-Exact-Full,21.8791,-1,-1,ExactBaseline,0,0,0,0,2.30259,0,1.20289,0,0,0,0,0.995419
Ch6-OV-Exact-Full,21.9719,41,70,ExactBaseline,1,1,0.00437864,2.07944,2.30259,5,1.32581,0,0,0,0,0.997769
Ch6-OV-Exact-Full,21.9815,-1,-1,ExactBaseline,0,0,0,0,2.30259,0,0.85002,0,0,0,0,1
Ch6-OV-Exact-Full,21.9821,-1,-1,ExactBaseline,0,0,0,0,2.30259,0,0.477638,0,0,0,0,1
Ch6-OV-Exact-Full,22.0119,-1,-1,ExactBaseline,0,0,0,0,2.30259,0,0.252387,0,0,0,0,1
Ch6-OV-Exact-Full,22.0153,-1,-1,ExactBaseline,0,0,0,0,2.30259,0,1.05203,0,0,0,0,0.995419
Ch6-OV-Exact-Full,22.0171,-1,-1,ExactBaseline,0,0,0,0,2.30259,0,0.250868,0,0,0,0,1
Ch6-OV-Exact-Full,22.0191,-1,-1,ExactBaseline,0,0,0,0,2.30259,0,0.017076,0,0,0,0,1
Ch6-OV-Exact-Full,22.0273,-1,-1,ExactBaseline,0,0,0,0,2.30259,0,0.612942,0,0,0,0,1
Ch6-OV-Exact-Full,22.0348,-1,-1,ExactBaseline,0,0,0,0,2.30259,0,1.16381,0,0,0,0,0.991953
Ch6-OV-Exact-Full,22.0396,-1,-1,ExactBaseline,0,0,0,0,2.30259,0,0.770806,0,0,0,0,1
Ch6-OV-Exact-Full,22.0519,-1,-1,ExactBaseline,0,0,0,0,2.30259,0,0.709234,0,0,0,0,0.998884
Ch6-OV-Exact-Full,22.1025,-1,-1,ExactBaseline,0,0,0,0,2.30259,0,1.83951,0,0,0,0,1
Ch6-OV-Exact-Full,22.1207,-1,-1,ExactBaseline,0,0,0,0,2.30259,0,0.134059,0,0,0,0,1
Ch6-OV-Exact-Full,22.1793,-1,-1,ExactBaseline,0,0,0,0,2.30259,0,0.357985,0,0,0,0,1
Ch6-OV-Exact-Full,22.1834,-1,-1,ExactBaseline,0,0,0,0,2.30259,0,0.846536,0,0,0,0,0.991953
Ch6-OV-Exact-Full,22.2109,-1,-1,ExactBaseline,0,0,0,0,2.30259,0,0.707035,0,0,0,0,1
Ch6-OV-Exact-Full,22.2357,-1,-1,ExactBaseline,0,0,0,0,2.30259,0,0.005161,0,0,0,0,1
Ch6-OV-Exact-Full,22.2418,70,156,ExactBaseline,1,1,0.00438166,2.07944,2.30259,5,0.548587,0,0,0,0,0.995456
Ch6-OV-Exact-Full,22.2636,-1,-1,ExactBaseline,0,0,0,0,2.30259,0,0.703356,0,0,0,0,1
Ch6-OV-Exact-Full,22.302,-1,-1,ExactBaseline,0,0,0,0,2.30259,0,0.905645,0,0,0,0,1
Ch6-OV-Exact-Full,22.3166,-1,-1,ExactBaseline,0,0,0,0,2.30259,0,0.901424,0,0,0,0,1
Ch6-OV-Exact-Full,22.3245,-1,-1,ExactBaseline,0,0,0,0,2.30259,0,1.02562,0,0,0,0,1
Ch6-OV-Exact-Full,22.3289,-1,-1,ExactBaseline,0,0,0,0,2.30259,0,0.526155,0,0,0,0,1
Ch6-OV-Exact-Full,22.3412,-1,-1,ExactBaseline,0,0,0,0,2.30259,0,0.799366,0,0,0,0,0.991953
Ch6-OV-Exact-Full,22.3419,32,126,ExactBaseline,1,1,0.00436589,2.07944,2.30259,5,1.33325,0,0,0,0,0.991646
Ch6-OV-Exact-Full,22.3441,-1,-1,ExactBaseline,0,0,0,0,2.30259,0,0.016332,0,0,0,0,1
Ch6-OV-Exact-Full,22.4532,-1,-1,ExactBaseline,0,0,0,0,2.30259,0,0.849214,0,0,0,0,1
Ch6-OV-Exact-Full,22.4663,-1,-1,ExactBaseline,0,0,0,0,2.30259,0,0.117622,0,0,0,0,1
Ch6-OV-Exact-Full,22.4806,-1,-1,ExactBaseline,0,0,0,0,2.30259,0,0.10948,0,0,0,0,1
Ch6-OV-Exact-Full,22.4809,-1,-1,ExactBaseline,0,0,0,0,2.30259,0,0.845287,0,0,0,0,1
Ch6-OV-Exact-Full,22.5044,-1,-1,ExactBaseline,0,0,0,0,2.30259,0,0.618403,0,0,0,0,0.997357
Ch6-OV-Exact-Full,22.5148,-1,-1,ExactBaseline,0,0,0,0,2.30259,0,0.713843,0,0,0,0,1
Ch6-OV-Exact-Full,22.602,-1,-1,ExactBaseline,0,0,0,0,2.30259,0,1.00572,0,0,0,0,0.991953
Ch6-OV-Exact-Full,22.6026,-1,-1,ExactBaseline,0,0,0,0,2.30259,0,1.25815,0,0,0,0,0.987371
Ch6-OV-Exact-Full,22.6161,-1,-1,ExactBaseline,0,0,0,0,2.30259,0,0.653667,0,0,0,0,1
Ch6-OV-Exact-Full,22.6323,-1,-1,ExactBaseline,0,0,0,0,2.30259,0,0.423654,0,0,0,0,1
Ch6-OV-Exact-Full,22.6379,95,104,ExactBaseline,1,1,0.00316554,1.38629,2.30259,4,0.601846,0,0,0,0,0.995419
Ch6-OV-Exact-Full,22.6521,-1,-1,ExactBaseline,0,0,0,0,2.30259,0,1.27742,0,0,0,0,1
Ch6-OV-Exact-Full,22.6751,-1,-1,ExactBaseline,0,0,0,0,2.30259,0,0.689432,0,0,0,0,1
Ch6-OV-Exact-Full,22.7076,-1,-1,ExactBaseline,0,0,0,0,2.30259,0,0.313434,0,0,0,0,1
Ch6-OV-Exact-Full,22.71,-1,-1,ExactBaseline,0,0,0,0,2.30259,0,0.604787,0,0,0,0,1
Ch6-OV-Exact-Full,22.7786,51,55,ExactBaseline,1,1,0.00480725,2.07944,2.30259,5,0.305927,0,0,0,0,0.998884
Ch6-OV-Exact-Full,22.7823,-1,-1,ExactBaseline,0,0,0,0,2.30259,0,0.401971,0,0,0,0,1
Ch6-OV-Exact-Full,22.7889,-1,-1,ExactBaseline,0,0,0,0,2.30259,0,0.129252,0,0,0,0,1
Ch6-OV-Exact-Full,22.7959,-1,-1,ExactBaseline,0,0,0,0,2.30259,0,0.507869,0,0,0,0,1
Ch6-OV-Exact-Full,22.8131,14,39,ExactBaseline,1,1,0.00483317,2.07944,2.30259,5,0.132582,0,0,0,0,0.997769
Ch6-OV-Exact-Full,22.8149,-1,-1,ExactBaseline,0,0,0,0,2.30259,0,0.994659,0,0,0,0,1
Ch6-OV-Exact-Full,22.8287,-1,-1,ExactBaseline,0,0,0,0,2.30259,0,0.77084,0,0,0,0,0.990837
Ch6-OV-Exact-Full,22.8439,-1,-1,ExactBaseline,0,0,0,0,2.30259,0,0.034348,0,0,0,0,1
Ch6-OV-Exact-Full,22.8776,62,206,ExactBaseline,1,1,0.00239219,0.693147,2.30259,3,0.291388,0,0,0,0,0.991953
Ch6-OV-Exact-Full,22.9097,-1,-1,ExactBaseline,0,0,0,0,2.30259,0,0.781958,0,0,0,0,1
Ch6-OV-Exact-Full,22.9654,-1,-1,ExactBaseline,0,0,0,0,2.30259,0,1.16717,0,0,0,0,1
Ch6-OV-Exact-Full,22.9679,56,99,ExactBaseline,1,1,0.0023858,0.693147,2.30259,3,0.560619,0,0,0,0,0.991953
Ch6-OV-Exact-Full,22.978,-1,-1,ExactBaseline,0,0,0,0,2.30259,0,0.516331,0,0,0,0,1
Ch6-OV-Exact-Full,23.0358,116,294,ExactBaseline,1,1,0.00360036,1.38629,2.30259,4,0.522163,0,0,0,0,0.995419
Ch6-OV-Exact-Full,23.0587,20,7,ExactBaseline,1,1,0.00437819,2.07944,2.30259,5,1.37861,0,0,0,0,0.994303
Ch6-OV-Exact-Full,23.06,-1,-1,ExactBaseline,0,0,0,0,2.30259,0,0.814179,0,0,0,0,0.991953
Ch6-OV-Exact-Full,23.0602,-1,-1,ExactBaseline,0,0,0,0,2.30259,0,1.26486,0,0,0,0,1
Ch6-OV-Exact-Full,23.0895,-1,-1,ExactBaseline,0,0,0,0,2.30259,0,0.032681,0,0,0,0,1
Ch6-OV-Exact-Full,23.092,-1,-1,ExactBaseline,0,0,0,0,2.30259,0,1.04445,0,0,0,0,1
Ch6-OV-Exact-Full,23.0993,-1,-1,ExactBaseline,0,0,0,0,2.30259,0,1.0475,0,0,0,0,1
Ch6-OV-Exact-Full,23.1136,-1,-1,ExactBaseline,0,0,0,0,2.30259,0,1.14277,0,0,0,0,1
Ch6-OV-Exact-Full,23.1394,12,66,ExactBaseline,1,1,0.00195182,0.693147,2.30259,3,0.771755,0,0,0,0,0.970161
Ch6-OV-Exact-Full,23.1454,63,235,ExactBaseline,1,1,0.00216066,0.693147,2.30259,3,0.208764,0,0,0,0,0.990837
Ch6-OV-Exact-Full,23.1508,-1,-1,ExactBaseline,0,0,0,0,2.30259,0,0.287223,0,0,0,0,1
Ch6-OV-Exact-Full,23.1626,-1,-1,ExactBaseline,0,0,0,0,2.30259,0,1.17307,0,0,0,0,1
Ch6-OV-Exact-Full,23.1995,-1,-1,ExactBaseline,0,0,0,0,2.30259,0,0.985165,0,0,0,0,1
Ch6-OV-Exact-Full,23.2047,105,102,ExactBaseline,1,1,0.00438694,2.07944,2.30259,5,0.631177,0,0,0,0,0.998884
Ch6-OV-Exact-Full,23.2053,-1,-1,ExactBaseline,0,0,0,0,2.30259,0,0.892935,0,0,0,0,1
Ch6-OV-Exact-Full,23.2063,107,219,ExactBaseline,1,1,0.0043811,2.07944,2.30259,5,0.984533,0,0,0,0,0.998884
Ch6-OV-Exact-Full,23.2218,-1,-1,ExactBaseline,0,0,0,0,2.30259,0,0.979491,0,0,0,0,1
Ch6-OV-Exact-Full,23.2259,-1,-1,ExactBaseline,0,0,0,0,2.30259,0,0.035306,0,0,0,0,1
Ch6-OV-Exact-Full,23.2315,-1,-1,ExactBaseline,0,0,0,0,2.30259,0,1.55737,0,0,0,0,0.998884
Ch6-OV-Exact-Full,23.237,-1,-1,ExactBaseline,0,0,0,0,2.30259,0,0.553163,0,0,0,0,1
Ch6-OV-Exact-Full,23.242,-1,-1,ExactBaseline,0,0,0,0,2.30259,0,0.941847,0,0,0,0,0.995419
Ch6-OV-Exact-Full,23.2423,-1,-1,ExactBaseline,0,0,0,0,2.30259,0,0.892018,0,0,0,0,1
Ch6-OV-Exact-Full,23.247,-1,-1,ExactBaseline,0,0,0,0,2.30259,0,0.027821,0,0,0,0,1
Ch6-OV-Exact-Full,23.2636,39,14,ExactBaseline,1,1,0.00483166,2.07944,2.30259,5,0.816536,0,0,0,0,0.998884
Ch6-OV-Exact-Full,23.2786,-1,-1,ExactBaseline,0,0,0,0,2.30259,0,0.032638,0,0,0,0,1
Ch6-OV-Exact-Full,23.2872,-1,-1,ExactBaseline,0,0,0,0,2.30259,0,0.945157,0,0,0,0,0.991953
Ch6-OV-Exact-Full,23.3116,-1,-1,ExactBaseline,0,0,0,0,2.30259,0,0.00364,0,0,0,0,1
Ch6-OV-Exact-Full,23.317,-1,-1,ExactBaseline,0,0,0,0,2.30259,0,0.717082,0,0,0,0,0.991953
Ch6-OV-Exact-Full,23.3184,-1,-1,ExactBaseline,0,0,0,0,2.30259,0,0.485278,0,0,0,0,1
Ch6-OV-Exact-Full,23.3234,-1,-1,ExactBaseline,0,0,0,0,2.30259,0,0.473491,0,0,0,0,1
Ch6-OV-Exact-Full,23.3471,-1,-1,ExactBaseline,0,0,0,0,2.30259,0,0.033217,0,0,0,0,1
Ch6-OV-Exact-Full,23.3654,-1,-1,ExactBaseline,0,0,0,0,2.30259,0,0.898796,0,0,0,0,0.997769
Ch6-OV-Exact-Full,23.3911,-1,-1,ExactBaseline,0,0,0,0,2.30259,0,0.909069,0,0,0,0,1
Ch6-OV-Exact-Full,23.416,-1,-1,ExactBaseline,0,0,0,0,2.30259,0,1.08193,0,0,0,0,1
Ch6-OV-Exact-Full,23.4255,-1,-1,ExactBaseline,0,0,0,0,2.30259,0,0.855654,0,0,0,0,0.995419
Ch6-OV-Exact-Full,23.4553,-1,-1,ExactBaseline,0,0,0,0,2.30259,0,0.933498,0,0,0,0,0.998884
Ch6-OV-Exact-Full,23.4573,-1,-1,ExactBaseline,0,0,0,0,2.30259,0,0.877708,0,0,0,0,1
Ch6-OV-Exact-Full,23.4602,-1,-1,ExactBaseline,0,0,0,0,2.30259,0,0.386889,0,0,0,0,1
Ch6-OV-Exact-Full,23.4684,-1,-1,ExactBaseline,0,0,0,0,2.30259,0,0.986137,0,0,0,0,1
Ch6-OV-Exact-Full,23.4817,-1,-1,ExactBaseline,0,0,0,0,2.30259,0,1.13586,0,0,0,0,0.987371
Ch6-OV-Exact-Full,23.499,99,150,ExactBaseline,1,1,0.00362555,1.38629,2.30259,4,0.762645,0,0,0,0,0.990837
Ch6-OV-Exact-Full,23.5034,-1,-1,ExactBaseline,0,0,0,0,2.30259,0,0.31714,0,0,0,0,1
Ch6-OV-Exact-Full,23.5143,93,4,ExactBaseline,1,1,0.00196927,0.693147,2.30259,3,0.614202,0,0,0,0,0.991953
Ch6-OV-Exact-Full,23.5147,53,272,ExactBaseline,1,1,0.00321374,1.38629,2.30259,4,0.622567,0,0,0,0,0.991749
Ch6-OV-Exact-Full,23.5196,-1,-1,ExactBaseline,0,0,0,0,2.30259,0,1.14474,0,0,0,0,1
Ch6-OV-Exact-Full,23.5226,-1,-1,ExactBaseline,0,0,0,0,2.30259,0,0.908644,0,0,0,0,1
Ch6-OV-Exact-Full,23.5304,-1,-1,ExactBaseline,0,0,0,0,2.30259,0,0.830602,0,0,0,0,1
Ch6-OV-Exact-Full,23.5349,-1,-1,ExactBaseline,0,0,0,0,2.30259,0,0.987805,0,0,0,0,1
Ch6-OV-Exact-Full,23.547,91,133,ExactBaseline,1,1,0.00315981,1.38629,2.30259,4,1.41957,0,0,0,0,0.995419
Ch6-OV-Exact-Full,23.5606,-1,-1,ExactBaseline,0,0,0,0,2.30259,0,1.19765,0,0,0,0,1
Ch6-OV-Exact-Full,23.5775,-1,-1,ExactBaseline,0,0,0,0,2.30259,0,1.08811,0,0,0,0,1
Ch6-OV-Exact-Full,23.5875,-1,-1,ExactBaseline,0,0,0,0,2.30259,0,0.48123,0,0,0,0,1
Ch6-OV-Exact-Full,23.6516,-1,-1,ExactBaseline,0,0,0,0,2.30259,0,1.06361,0,0,0,0,1
Ch6-OV-Exact-Full,23.6757,-1,-1,ExactBaseline,0,0,0,0,2.30259,0,0.934106,0,0,0,0,1
Ch6-OV-Exact-Full,23.6803,-1,-1,ExactBaseline,0,0,0,0,2.30259,0,0.298945,0,0,0,0,1
Ch6-OV-Exact-Full,23.6846,-1,-1,ExactBaseline,0,0,0,0,2.30259,0,0.501127,0,0,0,0,1
Ch6-OV-Exact-Full,23.6869,-1,-1,ExactBaseline,0,0,0,0,2.30259,0,1.32683,0,0,0,0,0.987371
Ch6-OV-Exact-Full,23.6944,-1,-1,ExactBaseline,0,0,0,0,2.30259,0,0.566818,0,0,0,0,1
Ch6-OV-Exact-Full,23.7018,-1,-1,ExactBaseline,0,0,0,0,2.30259,0,0.03477,0,0,0,0,1
Ch6-OV-Exact-Full,23.7179,-1,-1,ExactBaseline,0,0,0,0,2.30259,0,0.568044,0,0,0,0,1
Ch6-OV-Exact-Full,23.7331,-1,-1,ExactBaseline,0,0,0,0,2.30259,0,0.924267,0,0,0,0,1
Ch6-OV-Exact-Full,23.7398,27,138,ExactBaseline,1,1,0.00196022,0.693147,2.30259,3,0.74451,0,0,0,0,0.983702
Ch6-OV-Exact-Full,23.7501,-1,-1,ExactBaseline,0,0,0,0,2.30259,0,0.825795,0,0,0,0,1
Ch6-OV-Exact-Full,23.7683,73,221,ExactBaseline,1,1,0.00298244,0.693147,2.30259,3,0.896932,0,0,0,0,0.991953
Ch6-OV-Exact-Full,23.7693,-1,-1,ExactBaseline,0,0,0,0,2.30259,0,1.0283,0,0,0,0,1
Ch6-OV-Exact-Full,23.7745,-1,-1,ExactBaseline,0,0,0,0,2.30259,0,0.997839,0,0,0,0,1
Ch6-OV-Exact-Full,23.8206,-1,-1,ExactBaseline,0,0,0,0,2.30259,0,0.314284,0,0,0,0,1
Ch6-OV-Exact-Full,23.8236,-1,-1,ExactBaseline,0,0,0,0,2.30259,0,1.33025,0,0,0,0,0.991953
Ch6-OV-Exact-Full,23.8346,-1,-1,ExactBaseline,0,0,0,0,2.30259,0,0.081844,0,0,0,0,1
Ch6-OV-Exact-Full,23.8562,22,176,ExactBaseline,1,1,0.00442006,2.07944,2.30259,5,0.699113,0,0,0,0,0.990837
Ch6-OV-Exact-Full,23.8589,-1,-1,ExactBaseline,0,0,0,0,2.30259,0,1.36238,0,0,0,0,1
Ch6-OV-Exact-Full,23.8632,-1,-1,ExactBaseline,0,0,0,0,2.30259,0,1.76569,0,0,0,0,1
Ch6-OV-Exact-Full,23.8791,-1,-1,ExactBaseline,0,0,0,0,2.30259,0,1.46474,0,0,0,0,0.995419
Ch6-OV-Exact-Full,23.9719,-1,-1,ExactBaseline,0,0,0,0,2.30259,0,1.14552,0,0,0,0,0.997769
Ch6-OV-Exact-Full,23.9815,-1,-1,ExactBaseline,0,0,0,0,2.30259,0,0.958576,0,0,0,0,1
Ch6-OV-Exact-Full,23.9821,-1,-1,ExactBaseline,0,0,0,0,2.30259,0,0.605172,0,0,0,0,1
Ch6-OV-Exact-Full,24.0059,-1,-1,ExactBaseline,0,0,0,0,2.30259,0,0.752399,0,0,0,0,1
Ch6-OV-Exact-Full,24.0119,-1,-1,ExactBaseline,0,0,0,0,2.30259,0,0.387196,0,0,0,0,1
Ch6-OV-Exact-Full,24.0153,-1,-1,ExactBaseline,0,0,0,0,2.30259,0,1.41943,0,0,0,0,0.995419
Ch6-OV-Exact-Full,24.0171,-1,-1,ExactBaseline,0,0,0,0,2.30259,0,0.20176,0,0,0,0,1
Ch6-OV-Exact-Full,24.0191,-1,-1,ExactBaseline,0,0,0,0,2.30259,0,0.184038,0,0,0,0,1
Ch6-OV-Exact-Full,24.0273,-1,-1,ExactBaseline,0,0,0,0,2.30259,0,0.833397,0,0,0,0,1
Ch6-OV-Exact-Full,24.0348,4,286,ExactBaseline,1,1,0.00481235,1.92529,2.30259,5,1.05565,0,0,0,0,0.990066
Ch6-OV-Exact-Full,24.0396,-1,-1,ExactBaseline,0,0,0,0,2.30259,0,1.14533,0,0,0,0,1
Ch6-OV-Exact-Full,24.0519,64,129,ExactBaseline,1,1,0.00436689,2.07944,2.30259,5,1.04654,0,0,0,0,0.997769
Ch6-OV-Exact-Full,24.1025,-1,-1,ExactBaseline,0,0,0,0,2.30259,0,0.722674,0,0,0,0,1
Ch6-OV-Exact-Full,24.1207,-1,-1,ExactBaseline,0,0,0,0,2.30259,0,0.135576,0,0,0,0,1
Ch6-OV-Exact-Full,24.1793,110,161,ExactBaseline,1,1,0.00364605,1.38629,2.30259,4,0.279634,0,0,0,0,0.995419
Ch6-OV-Exact-Full,24.1834,-1,-1,ExactBaseline,0,0,0,0,2.30259,0,1.12088,0,0,0,0,0.991953
Ch6-OV-Exact-Full,24.2109,-1,-1,ExactBaseline,0,0,0,0,2.30259,0,0.864207,0,0,0,0,1
Ch6-OV-Exact-Full,24.2357,-1,-1,ExactBaseline,0,0,0,0,2.30259,0,0.010072,0,0,0,0,1
Ch6-OV-Exact-Full,24.2418,-1,-1,ExactBaseline,0,0,0,0,2.30259,0,0.694124,0,0,0,0,0.995456
Ch6-OV-Exact-Full,24.2538,-1,-1,ExactBaseline,0,0,0,0,2.30259,0,0.752319,0,0,0,0,1
Ch6-OV-Exact-Full,24.2636,-1,-1,ExactBaseline,0,0,0,0,2.30259,0,0.89373,0,0,0,0,1
Ch6-OV-Exact-Full,24.2778,-1,-1,ExactBaseline,0,0,0,0,2.30259,0,0.026999,0,0,0,0,1
Ch6-OV-Exact-Full,24.302,-1,-1,ExactBaseline,0,0,0,0,2.30259,0,0.93826,0,0,0,0,1
Ch6-OV-Exact-Full,24.3166,-1,-1,ExactBaseline,0,0,0,0,2.30259,0,1.1837,0,0,0,0,1
Ch6-OV-Exact-Full,24.3245,-1,-1,ExactBaseline,0,0,0,0,2.30259,0,1.6029,0,0,0,0,1
Ch6-OV-Exact-Full,24.3289,-1,-1,ExactBaseline,0,0,0,0,2.30259,0,0.712563,0,0,0,0,1
Ch6-OV-Exact-Full,24.3412,-1,-1,ExactBaseline,0,0,0,0,2.30259,0,1.07533,0,0,0,0,0.991953
Ch6-OV-Exact-Full,24.3419,32,66,ExactBaseline,1,1,0.00435425,1.77406,2.30259,5,1.31228,0,0,0,0,0.989003
Ch6-OV-Exact-Full,24.3441,-1,-1,ExactBaseline,0,0,0,0,2.30259,0,0.05964,0,0,0,0,1
Ch6-OV-Exact-Full,24.4471,-1,-1,ExactBaseline,0,0,0,0,2.30259,0,0.974939,0,0,0,0,1
Ch6-OV-Exact-Full,24.4532,-1,-1,ExactBaseline,0,0,0,0,2.30259,0,1.0516,0,0,0,0,1
Ch6-OV-Exact-Full,24.4663,-1,-1,ExactBaseline,0,0,0,0,2.30259,0,0.100517,0,0,0,0,1
Ch6-OV-Exact-Full,24.4806,85,75,ExactBaseline,1,1,0.0048026,2.07944,2.30259,5,0.201396,0,0,0,0,0.998884
Ch6-OV-Exact-Full,24.4809,-1,-1,ExactBaseline,0,0,0,0,2.30259,0,1.12593,0,0,0,0,1
Ch6-OV-Exact-Full,24.5044,-1,-1,ExactBaseline,0,0,0,0,2.30259,0,0.894202,0,0,0,0,0.997357
Ch6-OV-Exact-Full,24.5096,-1,-1,ExactBaseline,0,0,0,0,2.30259,0,0.426955,0,0,0,0,1
Ch6-OV-Exact-Full,24.5148,-1,-1,ExactBaseline,0,0,0,0,2.30259,0,0.853774,0,0,0,0,1
Ch6-OV-Exact-Full,24.5382,-1,-1,ExactBaseline,0,0,0,0,2.30259,0,2.39102,0,0,0,0,1
Ch6-OV-Exact-Full,24.5548,-1,-1,ExactBaseline,0,0,0,0,2.30259,0,0.591974,0,0,0,0,1
Ch6-OV-Exact-Full,24.5684,119,77,ExactBaseline,1,1,0.00435263,2.07944,2.30259,5,1.24006,0,0,0,0,0.998884
Ch6-OV-Exact-Full,24.602,-1,-1,ExactBaseline,0,0,0,0,2.30259,0,1.30732,0,0,0,0,0.991953
Ch6-OV-Exact-Full,24.6026,-1,-1,ExactBaseline,0,0,0,0,2.30259,0,1.78132,0,0,0,0,0.987371
Ch6-OV-Exact-Full,24.6161,-1,-1,ExactBaseline,0,0,0,0,2.30259,0,0.73014,0,0,0,0,1
Ch6-OV-Exact-Full,24.6323,-1,-1,ExactBaseline,0,0,0,0,2.30259,0,0.637329,0,0,0,0,1
Ch6-OV-Exact-Full,24.6379,-1,-1,ExactBaseline,0,0,0,0,2.30259,0,0.864765,0,0,0,0,0.995419
Ch6-OV-Exact-Full,24.6464,135,221,ExactBaseline,1,1,0.00241504,0.693147,2.30259,3,0.519264,0,0,0,0,0.991953
Ch6-OV-Exact-Full,24.6521,-1,-1,ExactBaseline,0,0,0,0,2.30259,0,0.968262,0,0,0,0,1
Ch6-OV-Exact-Full,24.6751,-1,-1,ExactBaseline,0,0,0,0,2.30259,0,0.837245,0,0,0,0,1
Ch6-OV-Exact-Full,24.68,-1,-1,ExactBaseline,0,0,0,0,2.30259,0,1.0764,0,0,0,0,1
Ch6-OV-Exact-Full,24.7076,-1,-1,ExactBaseline,0,0,0,0,2.30259,0,0.423721,0,0,0,0,1
Ch6-OV-Exact-Full,24.71,-1,-1,ExactBaseline,0,0,0,0,2.30259,0,0.421416,0,0,0,0,1
Ch6-OV-Exact-Full,24.7786,-1,-1,ExactBaseline,0,0,0,0,2.30259,0,0.387531,0,0,0,0,0.998884
Ch6-OV-Exact-Full,24.7823,88,221,ExactBaseline,1,1,0.00441259,2.07944,2.30259,5,0.649831,0,0,0,0,0.998884
Ch6-OV-Exact-Full,24.7889,-1,-1,ExactBaseline,0,0,0,0,2.30259,0,0.15807,0,0,0,0,1
Ch6-OV-Exact-Full,24.7959,101,60,ExactBaseline,1,1,0.00240709,0.693147,2.30259,3,0.489426,0,0,0,0,0.991953
Ch6-OV-Exact-Full,24.8078,-1,-1,ExactBaseline,0,0,0,0,2.30259,0,2.04799,0,0,0,0,1
Ch6-OV-Exact-Full,24.8131,-1,-1,ExactBaseline,0,0,0,0,2.30259,0,0.109195,0,0,0,0,0.997769
Ch6-OV-Exact-Full,24.8149,-1,-1,ExactBaseline,0,0,0,0,2.30259,0,1.30803,0,0,0,0,1
Ch6-OV-Exact-Full,24.8287,9,176,ExactBaseline,1,1,0.00478551,2.07944,2.30259,5,0.870688,0,0,0,0,0.989721
Ch6-OV-Exact-Full,24.8439,-1,-1,ExactBaseline,0,0,0,0,2.30259,0,0.017693,0,0,0,0,1
Ch6-OV-Exact-Full,24.8776,-1,-1,ExactBaseline,0,0,0,0,2.30259,0,0.760806,0,0,0,0,0.991953
Ch6-OV-Exact-Full,24.8955,-1,-1,ExactBaseline,0,0,0,0,2.30259,0,1.16931,0,0,0,0,1
Ch6-OV-Exact-Full,24.9097,-1,-1,ExactBaseline,0,0,0,0,2.30259,0,1.21467,0,0,0,0,1
Ch6-OV-Exact-Full,24.9192,-1,-1,ExactBaseline,0,0,0,0,2.30259,0,1.01993,0,0,0,0,1
Ch6-OV-Exact-Full,24.9654,-1,-1,ExactBaseline,0,0,0,0,2.30259,0,1.52115,0,0,0,0,1
Ch6-OV-Exact-Full,24.9679,-1,-1,ExactBaseline,0,0,0,0,2.30259,0,1.19031,0,0,0,0,0.991953
Ch6-OV-Exact-Full,24.978,-1,-1,ExactBaseline,0,0,0,0,2.30259,0,0.780839,0,0,0,0,1
Ch6-OV-Exact-Full,25.0085,-1,-1,ExactBaseline,0,0,0,0,2.30259,0,0.024753,0,0,0,0,1
Ch6-OV-Exact-Full,25.0358,-1,-1,ExactBaseline,0,0,0,0,2.30259,0,0.900637,0,0,0,0,0.995419
Ch6-OV-Exact-Full,25.036,-1,-1,ExactBaseline,0,0,0,0,2.30259,0,0.191412,0,0,0,0,1
Ch6-OV-Exact-Full,25.0587,20,74,ExactBaseline,1,1,0.00250938,0.387766,2.30259,3,1.18835,0,0,0,0,0.984729
Ch6-OV-Exact-Full,25.06,-1,-1,ExactBaseline,0,0,0,0,2.30259,0,0.807321,0,0,0,0,0.991953
Ch6-OV-Exact-Full,25.0602,-1,-1,ExactBaseline,0,0,0,0,2.30259,0,1.36031,0,0,0,0,1
Ch6-OV-Exact-Full,25.0895,-1,-1,ExactBaseline,0,0,0,0,2.30259,0,0.033999,0,0,0,0,1
Ch6-OV-Exact-Full,25.092,111,126,ExactBaseline,1,1,0.00362472,1.38629,2.30259,4,1.36501,0,0,0,0,0.995419
Ch6-OV-Exact-Full,25.0993,-1,-1,ExactBaseline,0,0,0,0,2.30259,0,1.11849,0,0,0,0,1
Ch6-OV-Exact-Full,25.1136,-1,-1,ExactBaseline,0,0,0,0,2.30259,0,1.6819,0,0,0,0,1
Ch6-OV-Exact-Full,25.1394,-1,-1,ExactBaseline,0,0,0,0,2.30259,0,1.45677,0,0,0,0,0.970161
Ch6-OV-Exact-Full,25.1454,-1,-1,ExactBaseline,0,0,0,0,2.30259,0,0.508606,0,0,0,0,0.990837
Ch6-OV-Exact-Full,25.1508,-1,-1,ExactBaseline,0,0,0,0,2.30259,0,0.431092,0,0,0,0,1
Ch6-OV-Exact-Full,25.1626,-1,-1,ExactBaseline,0,0,0,0,2.30259,0,1.38576,0,0,0,0,1
Ch6-OV-Exact-Full,25.1995,-1,-1,ExactBaseline,0,0,0,0,2.30259,0,1.1755,0,0,0,0,1
Ch6-OV-Exact-Full,25.2047,-1,-1,ExactBaseline,0,0,0,0,2.30259,0,0.849331,0,0,0,0,0.998884
Ch6-OV-Exact-Full,25.2053,76,24,ExactBaseline,1,1,0.00539656,2.07944,2.30259,5,1.11339,0,0,0,0,0.998884
Ch6-OV-Exact-Full,25.2063,107,258,ExactBaseline,1,1,0.00481511,2.07944,2.30259,5,1.07195,0,0,0,0,0.997769
Ch6-OV-Exact-Full,25.2218,112,13,ExactBaseline,1,1,0.00317104,1.38629,2.30259,4,1.0827,0,0,0,0,0.995419
Ch6-OV-Exact-Full,25.2259,-1,-1,ExactBaseline,0,0,0,0,2.30259,0,0.024827,0,0,0,0,1
Ch6-OV-Exact-Full,25.2315,-1,-1,ExactBaseline,0,0,0,0,2.30259,0,1.71127,0,0,0,0,0.998884
Ch6-OV-Exact-Full,25.2348,-1,-1,ExactBaseline,0,0,0,0,2.30259,0,0.672862,0,0,0,0,1
Ch6-OV-Exact-Full,25.237,-1,-1,ExactBaseline,0,0,0,0,2.30259,0,0.760701,0,0,0,0,1
Ch6-OV-Exact-Full,25.242,-1,-1,ExactBaseline,0,0,0,0,2.30259,0,1.54825,0,0,0,0,0.995419
Ch6-OV-Exact-Full,25.2423,-1,-1,ExactBaseline,0,0,0,0,2.30259,0,0.992661,0,0,0,0,1
Ch6-OV-Exact-Full,25.247,-1,-1,ExactBaseline,0,0,0,0,2.30259,0,0.010513,0,0,0,0,1
Ch6-OV-Exact-Full,25.2504,-1,-1,ExactBaseline,0,0,0,0,2.30259,0,0.877166,0,0,0,0,1
Ch6-OV-Exact-Full,25.2636,-1,-1,ExactBaseline,0,0,0,0,2.30259,0,0.72512,0,0,0,0,0.998884
Ch6-OV-Exact-Full,25.2786,-1,-1,ExactBaseline,0,0,0,0,2.30259,0,0.012193,0,0,0,0,1
Ch6-OV-Exact-Full,25.2872,-1,-1,ExactBaseline,0,0,0,0,2.30259,0,0.864907,0,0,0,0,0.991953
Ch6-OV-Exact-Full,25.2994,-1,-1,ExactBaseline,0,0,0,0,2.30259,0,1.07962,0,0,0,0,1
Ch6-OV-Exact-Full,25.3113,-1,-1,ExactBaseline,0,0,0,0,2.30259,0,0.0982,0,0,0,0,1
Ch6-OV-Exact-Full,25.3116,-1,-1,ExactBaseline,0,0,0,0,2.30259,0,0.020089,0,0,0,0,1
Ch6-OV-Exact-Full,25.317,68,205,ExactBaseline,1,1,0.00321724,1.38629,2.30259,4,0.767385,0,0,0,0,0.987371
Ch6-OV-Exact-Full,25.3184,-1,-1,ExactBaseline,0,0,0,0,2.30259,0,0.374755,0,0,0,0,1
Ch6-OV-Exact-Full,25.3234,-1,-1,ExactBaseline,0,0,0,0,2.30259,0,0.93332,0,0,0,0,1
Ch6-OV-Exact-Full,25.3471,1,48,ExactBaseline,1,1,0.00605535,2.16183,2.30259,6,0.349131,0,0,0,0,0.999296
Ch6-OV-Exact-Full,25.3654,-1,-1,ExactBaseline,0,0,0,0,2.30259,0,1.38735,0,0,0,0,0.997769
Ch6-OV-Exact-Full,25.3855,-1,-1,ExactBaseline,0,0,0,0,2.30259,0,0.968352,0,0,0,0,1
Ch6-OV-Exact-Full,25.3911,-1,-1,ExactBaseline,0,0,0,0,2.30259,0,1.11147,0,0,0,0,1
Ch6-OV-Exact-Full,25.416,-1,-1,ExactBaseline,0,0,0,0,2.30259,0,1.23482,0,0,0,0,1
Ch6-OV-Exact-Full,25.4255,-1,-1,ExactBaseline,0,0,0,0,2.30259,0,1.18655,0,0,0,0,0.995419
Ch6-OV-Exact-Full,25.4553,94,314,ExactBaseline,1,1,0.00317309,1.38629,2.30259,4,1.293,0,0,0,0,0.994303
Ch6-OV-Exact-Full,25.4573,-1,-1,ExactBaseline,0,0,0,0,2.30259,0,1.37511,0,0,0,0,1
Ch6-OV-Exact-Full,25.4602,-1,-1,ExactBaseline,0,0,0,0,2.30259,0,0.520692,0,0,0,0,1
Ch6-OV-Exact-Full,25.4684,-1,-1,ExactBaseline,0,0,0,0,2.30259,0,1.08527,0,0,0,0,1
Ch6-OV-Exact-Full,25.4817,-1,-1,ExactBaseline,0,0,0,0,2.30259,0,1.37945,0,0,0,0,0.987371
Ch6-OV-Exact-Full,25.499,-1,-1,ExactBaseline,0,0,0,0,2.30259,0,1.00439,0,0,0,0,0.990837
Ch6-OV-Exact-Full,25.5034,55,19,ExactBaseline,1,1,0.00480083,2.07944,2.30259,5,0.442818,0,0,0,0,0.998884
Ch6-OV-Exact-Full,25.5143,-1,-1,ExactBaseline,0,0,0,0,2.30259,0,1.17372,0,0,0,0,0.991953
Ch6-OV-Exact-Full,25.5147,-1,-1,ExactBaseline,0,0,0,0,2.30259,0,0.975809,0,0,0,0,0.991749
Ch6-OV-Exact-Full,25.5177,-1,-1,ExactBaseline,0,0,0,0,2.30259,0,0.020114,0,0,0,0,1
Ch6-OV-Exact-Full,25.5196,-1,-1,ExactBaseline,0,0,0,0,2.30259,0,1.74403,0,0,0,0,1
Ch6-OV-Exact-Full,25.5226,-1,-1,ExactBaseline,0,0,0,0,2.30259,0,1.56197,0,0,0,0,1
Ch6-OV-Exact-Full,25.5304,0,340,ExactBaseline,1,1,0.00196145,0.693147,2.30259,3,0.634677,0,0,0,0,0.991953
Ch6-OV-Exact-Full,25.5349,-1,-1,ExactBaseline,0,0,0,0,2.30259,0,1.24205,0,0,0,0,1
Ch6-OV-Exact-Full,25.547,91,133,ExactBaseline,1,1,0.00322824,1.38629,2.30259,4,1.49156,0,0,0,0,0.990837
Ch6-OV-Exact-Full,25.5512,138,204,ExactBaseline,1,1,0.0019403,0.538997,2.30259,3,0.640337,0,0,0,0,0.991182
Ch6-OV-Exact-Full,25.5519,-1,-1,ExactBaseline,0,0,0,0,2.30259,0,1.02591,0,0,0,0,1
Ch6-OV-Exact-Full,25.5606,-1,-1,ExactBaseline,0,0,0,0,2.30259,0,1.16215,0,0,0,0,1
Ch6-OV-Exact-Full,25.5775,118,21,ExactBaseline,1,1,0.00240827,0.693147,2.30259,3,1.10451,0,0,0,0,0.991953
Ch6-OV-Exact-Full,25.5875,-1,-1,ExactBaseline,0,0,0,0,2.30259,0,0.526607,0,0,0,0,1
Ch6-OV-Exact-Full,25.6219,-1,-1,ExactBaseline,0,0,0,0,2.30259,0,1.30651,0,0,0,0,1
Ch6-OV-Exact-Full,25.6379,-1,-1,ExactBaseline,0,0,0,0,2.30259,0,0.942396,0,0,0,0,1
Ch6-OV-Exact-Full,25.6516,-1,-1,ExactBaseline,0,0,0,0,2.30259,0,1.85923,0,0,0,0,1
Ch6-OV-Exact-Full,25.6563,-1,-1,ExactBaseline,0,0,0,0,2.30259,0,1.12657,0,0,0,0,1
Ch6-OV-Exact-Full,25.6757,-1,-1,ExactBaseline,0,0,0,0,2.30259,0,1.20007,0,0,0,0,1
Ch6-OV-Exact-Full,25.6782,-1,-1,ExactBaseline,0,0,0,0,2.30259,0,0.183818,0,0,0,0,1
Ch6-OV-Exact-Full,25.6803,-1,-1,ExactBaseline,0,0,0,0,2.30259,0,0.295485,0,0,0,0,1
Ch6-OV-Exact-Full,25.6846,-1,-1,ExactBaseline,0,0,0,0,2.30259,0,0.662061,0,0,0,0,1
Ch6-OV-Exact-Full,25.6869,35,206,ExactBaseline,1,1,0.00239488,0.693147,2.30259,3,0.430049,0,0,0,0,0.979324
Ch6-OV-Exact-Full,25.6944,-1,-1,ExactBaseline,0,0,0,0,2.30259,0,0.669558,0,0,0,0,1
Ch6-OV-Exact-Full,25.7018,-1,-1,ExactBaseline,0,0,0,0,2.30259,0,0.048464,0,0,0,0,1
Ch6-OV-Exact-Full,25.7179,-1,-1,ExactBaseline,0,0,0,0,2.30259,0,0.856449,0,0,0,0,1
Ch6-OV-Exact-Full,25.7331,-1,-1,ExactBaseline,0,0,0,0,2.30259,0,1.3805,0,0,0,0,1
Ch6-OV-Exact-Full,25.7398,-1,-1,ExactBaseline,0,0,0,0,2.30259,0,1.62817,0,0,0,0,0.983702
Ch6-OV-Exact-Full,25.7497,151,295,ExactBaseline,1,1,0.00457362,2.07944,2.30259,5,1.02878,0,0,0,0,0.998884
Ch6-OV-Exact-Full,25.7501,-1,-1,ExactBaseline,0,0,0,0,2.30259,0,0.719205,0,0,0,0,1
Ch6-OV-Exact-Full,25.7683,73,39,ExactBaseline,1,1,0.00438975,2.07944,2.30259,5,1.3861,0,0,0,0,0.990837
Ch6-OV-Exact-Full,25.7693,82,75,ExactBaseline,1,1,0.00435954,2.07944,2.30259,5,1.935,0,0,0,0,0.998884
Ch6-OV-Exact-Full,25.7745,-1,-1,ExactBaseline,0,0,0,0,2.30259,0,1.27165,0,0,0,0,1
Ch6-OV-Exact-Full,25.8004,-1,-1,ExactBaseline,0,0,0,0,2.30259,0,1.57904,0,0,0,0,1
Ch6-OV-Exact-Full,25.8206,-1,-1,ExactBaseline,0,0,0,0,2.30259,0,0.488311,0,0,0,0,1
Ch6-OV-Exact-Full,25.8236,-1,-1,ExactBaseline,0,0,0,0,2.30259,0,1.37515,0,0,0,0,0.991953
Ch6-OV-Exact-Full,25.8346,-1,-1,ExactBaseline,0,0,0,0,2.30259,0,0.12457,0,0,0,0,1
Ch6-OV-Exact-Full,25.8562,22,170,ExactBaseline,1,1,0.00483219,2.07944,2.30259,5,0.759198,0,0,0,0,0.989721
Ch6-OV-Exact-Full,25.8589,-1,-1,ExactBaseline,0,0,0,0,2.30259,0,2.25996,0,0,0,0,1
Ch6-OV-Exact-Full,25.8632,34,133,ExactBaseline,1,1,0.00360067,1.38629,2.30259,4,1.21727,0,0,0,0,0.995419
Ch6-OV-Exact-Full,25.8791,-1,-1,ExactBaseline,0,0,0,0,2.30259,0,1.93736,0,0,0,0,0.995419
Ch6-OV-Exact-Full,25.9373,156,64,ExactBaseline,1,1,0.00242317,0.693147,2.30259,3,1.36053,0,0,0,0,0.991953
Ch6-OV-Exact-Full,25.9444,-1,-1,ExactBaseline,0,0,0,0,2.30259,0,1.41242,0,0,0,0,1
Ch6-OV-Exact-Full,25.952,149,215,ExactBaseline,1,1,0.00484533,2.07944,2.30259,5,1.561,0,0,0,0,0.998884
Ch6-OV-Exact-Full,25.9719,-1,-1,ExactBaseline,0,0,0,0,2.30259,0,1.43866,0,0,0,0,0.997769
Ch6-OV-Exact-Full,25.9815,-1,-1,ExactBaseline,0,0,0,0,2.30259,0,1.38898,0,0,0,0,1
Ch6-OV-Exact-Full,25.9821,-1,-1,ExactBaseline,0,0,0,0,2.30259,0,0.660833,0,0,0,0,1
Ch6-OV-Exact-Full,26.0059,129,187,ExactBaseline,1,1,0.00239497,0.693147,2.30259,3,0.554414,0,0,0,0,0.991953
Ch6-OV-Exact-Full,26.0119,30,19,ExactBaseline,1,1,0.00467144,1.08091,2.30259,4,0.508571,0,0,0,0,0.993892
Ch6-OV-Exact-Full,26.0153,-1,-1,ExactBaseline,0,0,0,0,2.30259,0,0.390358,0,0,0,0,1
Ch6-OV-Exact-Full,26.0153,-1,-1,ExactBaseline,0,0,0,0,2.30259,0,1.9849,0,0,0,0,0.995419
Ch6-OV-Exact-Full,26.0171,-1,-1,ExactBaseline,0,0,0,0,2.30259,0,0.753722,0,0,0,0,1
Ch6-OV-Exact-Full,26.0191,10,315,ExactBaseline,1,1,0.00602344,2.16183,2.30259,6,0.245181,0,0,0,0,0.999296
Ch6-OV-Exact-Full,26.0273,-1,-1,ExactBaseline,0,0,0,0,2.30259,0,1.15741,0,0,0,0,1
Ch6-OV-Exact-Full,26.0336,-1,-1,ExactBaseline,0,0,0,0,2.30259,0,1.08213,0,0,0,0,1
Ch6-OV-Exact-Full,26.0348,-1,-1,ExactBaseline,0,0,0,0,2.30259,0,1.93824,0,0,0,0,0.990066
Ch6-OV-Exact-Full,26.0396,-1,-1,ExactBaseline,0,0,0,0,2.30259,0,1.52764,0,0,0,0,1
Ch6-OV-Exact-Full,26.0519,-1,-1,ExactBaseline,0,0,0,0,2.30259,0,1.92246,0,0,0,0,0.997769
Ch6-OV-Exact-Full,26.0652,-1,-1,ExactBaseline,0,0,0,0,2.30259,0,0.116184,0,0,0,0,1
Ch6-OV-Exact-Full,26.0796,161,138,ExactBaseline,1,1,0.0023937,0.693147,2.30259,3,0.563808,0,0,0,0,0.991953
Ch6-OV-Exact-Full,26.1025,-1,-1,ExactBaseline,0,0,0,0,2.30259,0,0.898409,0,0,0,0,1
Ch6-OV-Exact-Full,26.1207,-1,-1,ExactBaseline,0,0,0,0,2.30259,0,0.176573,0,0,0,0,1
Ch6-OV-Exact-Full,26.1399,-1,-1,ExactBaseline,0,0,0,0,2.30259,0,1.25206,0,0,0,0,1
Ch6-OV-Exact-Full,26.1784,176,271,ExactBaseline,1,1,0.00439193,2.07944,2.30259,5,0.417194,0,0,0,0,0.998884
Ch6-OV-Exact-Full,26.1793,-1,-1,ExactBaseline,0,0,0,0,2.30259,0,0.311123,0,0,0,0,0.995419
Ch6-OV-Exact-Full,26.1834,-1,-1,ExactBaseline,0,0,0,0,2.30259,0,1.32459,0,0,0,0,0.991953
Ch6-OV-Exact-Full,26.2109,-1,-1,ExactBaseline,0,0,0,0,2.30259,0,1.13965,0,0,0,0,1
Ch6-OV-Exact-Full,26.2357,-1,-1,ExactBaseline,0,0,0,0,2.30259,0,0.033824,0,0,0,0,1
Ch6-OV-Exact-Full,26.2418,70,257,ExactBaseline,1,1,0.00504636,2.07944,2.30259,5,0.680291,0,0,0,0,0.994341
Ch6-OV-Exact-Full,26.2527,-1,-1,ExactBaseline,0,0,0,0,2.30259,0,0.306591,0,0,0,0,1
Ch6-OV-Exact-Full,26.2538,-1,-1,ExactBaseline,0,0,0,0,2.30259,0,0.908437,0,0,0,0,1
Ch6-OV-Exact-Full,26.2636,-1,-1,ExactBaseline,0,0,0,0,2.30259,0,1.11495,0,0,0,0,1
Ch6-OV-Exact-Full,26.2778,-1,-1,ExactBaseline,0,0,0,0,2.30259,0,0.008548,0,0,0,0,1
Ch6-OV-Exact-Full,26.2951,172,13,ExactBaseline,1,1,0.00360257,1.38629,2.30259,4,1.27856,0,0,0,0,0.995419
Ch6-OV-Exact-Full,26.302,-1,-1,ExactBaseline,0,0,0,0,2.30259,0,1.16999,0,0,0,0,1
Ch6-OV-Exact-Full,26.3166,104,89,ExactBaseline,1,1,0.00326738,1.38629,2.30259,4,1.34807,0,0,0,0,0.995419
Ch6-OV-Exact-Full,26.3245,-1,-1,ExactBaseline,0,0,0,0,2.30259,0,2.3074,0,0,0,0,1
Ch6-OV-Exact-Full,26.3289,77,3,ExactBaseline,1,1,0.00484612,2.07944,2.30259,5,0.916412,0,0,0,0,0.998884
Ch6-OV-Exact-Full,26.3412,-1,-1,ExactBaseline,0,0,0,0,2.30259,0,1.25883,0,0,0,0,0.991953
Ch6-OV-Exact-Full,26.3419,-1,-1,ExactBaseline,0,0,0,0,2.30259,0,1.70305,0,0,0,0,0.989003
Ch6-OV-Exact-Full,26.3441,-1,-1,ExactBaseline,0,0,0,0,2.30259,0,0.10395,0,0,0,0,1
Ch6-OV-Exact-Full,26.4471,-1,-1,ExactBaseline,0,0,0,0,2.30259,0,1.13693,0,0,0,0,1
Ch6-OV-Exact-Full,26.4532,-1,-1,ExactBaseline,0,0,0,0,2.30259,0,1.22725,0,0,0,0,1
Ch6-OV-Exact-Full,26.4663,72,243,ExactBaseline,1,1,0.00477847,2.07944,2.30259,5,0.10279,0,0,0,0,0.998884
Ch6-OV-Exact-Full,26.4806,-1,-1,ExactBaseline,0,0,0,0,2.30259,0,0.228758,0,0,0,0,0.998884
Ch6-OV-Exact-Full,26.4809,-1,-1,ExactBaseline,0,0,0,0,2.30259,0,1.46922,0,0,0,0,1
Ch6-OV-Exact-Full,26.5044,-1,-1,ExactBaseline,0,0,0,0,2.30259,0,0.84613,0,0,0,0,0.997357
Ch6-OV-Exact-Full,26.5096,-1,-1,ExactBaseline,0,0,0,0,2.30259,0,0.616959,0,0,0,0,1
Ch6-OV-Exact-Full,26.5148,78,157,ExactBaseline,1,1,0.00324883,1.38629,2.30259,4,0.942588,0,0,0,0,0.995419
Ch6-OV-Exact-Full,26.5382,-1,-1,ExactBaseline,0,0,0,0,2.30259,0,1.25587,0,0,0,0,1
Ch6-OV-Exact-Full,26.5548,-1,-1,ExactBaseline,0,0,0,0,2.30259,0,0.571319,0,0,0,0,1
Ch6-OV-Exact-Full,26.5684,119,345,ExactBaseline,1,1,0.00359926,1.38629,2.30259,4,1.38992,0,0,0,0,0.994303
Ch6-OV-Exact-Full,26.602,-1,-1,ExactBaseline,0,0,0,0,2.30259,0,1.52647,0,0,0,0,0.991953
Ch6-OV-Exact-Full,26.6026,-1,-1,ExactBaseline,0,0,0,0,2.30259,0,1.80329,0,0,0,0,0.987371
Ch6-OV-Exact-Full,26.6161,-1,-1,ExactBaseline,0,0,0,0,2.30259,0,0.875602,0,0,0,0,1
Ch6-OV-Exact-Full,26.6323,97,240,ExactBaseline,1,1,0.00482193,2.07944,2.30259,5,0.922885,0,0,0,0,0.998884
Ch6-OV-Exact-Full,26.6379,-1,-1,ExactBaseline,0,0,0,0,2.30259,0,1.40811,0,0,0,0,0.995419
Ch6-OV-Exact-Full,26.6464,-1,-1,ExactBaseline,0,0,0,0,2.30259,0,1.54298,0,0,0,0,0.991953
Ch6-OV-Exact-Full,26.6521,-1,-1,ExactBaseline,0,0,0,0,2.30259,0,1.27158,0,0,0,0,1
Ch6-OV-Exact-Full,26.6751,122,273,ExactBaseline,1,1,0.00334585,1.38629,2.30259,4,0.940072,0,0,0,0,0.995419
Ch6-OV-Exact-Full,26.6796,-1,-1,ExactBaseline,0,0,0,0,2.30259,0,0.026106,0,0,0,0,1
Ch6-OV-Exact-Full,26.68,-1,-1,ExactBaseline,0,0,0,0,2.30259,0,1.3782,0,0,0,0,1
Ch6-OV-Exact-Full,26.7076,-1,-1,ExactBaseline,0,0,0,0,2.30259,0,0.613318,0,0,0,0,1
Ch6-OV-Exact-Full,26.71,-1,-1,ExactBaseline,0,0,0,0,2.30259,0,0.483161,0,0,0,0,1
Ch6-OV-Exact-Full,26.7461,-1,-1,ExactBaseline,0,0,0,0,2.30259,0,1.32315,0,0,0,0,1
Ch6-OV-Exact-Full,26.7786,-1,-1,ExactBaseline,0,0,0,0,2.30259,0,0.463818,0,0,0,0,0.998884
Ch6-OV-Exact-Full,26.7823,-1,-1,ExactBaseline,0,0,0,0,2.30259,0,0.811215,0,0,0,0,0.998884
Ch6-OV-Exact-Full,26.7889,-1,-1,ExactBaseline,0,0,0,0,2.30259,0,0.135451,0,0,0,0,1
Ch6-OV-Exact-Full,26.7959,-1,-1,ExactBaseline,0,0,0,0,2.30259,0,1.04127,0,0,0,0,0.991953
Ch6-OV-Exact-Full,26.8035,-1,-1,ExactBaseline,0,0,0,0,2.30259,0,1.11979,0,0,0,0,1
Ch6-OV-Exact-Full,26.8078,-1,-1,ExactBaseline,0,0,0,0,2.30259,0,2.82236,0,0,0,0,1
Ch6-OV-Exact-Full,26.8131,-1,-1,ExactBaseline,0,0,0,0,2.30259,0,0.141444,0,0,0,0,0.997769
Ch6-OV-Exact-Full,26.8149,-1,-1,ExactBaseline,0,0,0,0,2.30259,0,1.74538,0,0,0,0,1
Ch6-OV-Exact-Full,26.8237,-1,-1,ExactBaseline,0,0,0,0,2.30259,0,1.23968,0,0,0,0,1
Ch6-OV-Exact-Full,26.8287,-1,-1,ExactBaseline,0,0,0,0,2.30259,0,1.27046,0,0,0,0,0.989721
Ch6-OV-Exact-Full,26.8439,-1,-1,ExactBaseline,0,0,0,0,2.30259,0,0.028889,0,0,0,0,1
Ch6-OV-Exact-Full,26.862,-1,-1,ExactBaseline,0,0,0,0,2.30259,0,1.43855,0,0,0,0,1
Ch6-OV-Exact-Full,26.8776,-1,-1,ExactBaseline,0,0,0,0,2.30259,0,0.930583,0,0,0,0,0.991953
Ch6-OV-Exact-Full,26.89,-1,-1,ExactBaseline,0,0,0,0,2.30259,0,1.51575,0,0,0,0,1
Ch6-OV-Exact-Full,26.8955,-1,-1,ExactBaseline,0,0,0,0,2.30259,0,1.21929,0,0,0,0,1
Ch6-OV-Exact-Full,26.9097,-1,-1,ExactBaseline,0,0,0,0,2.30259,0,1.41106,0,0,0,0,1
Ch6-OV-Exact-Full,26.9192,-1,-1,ExactBaseline,0,0,0,0,2.30259,0,1.36624,0,0,0,0,1
Ch6-OV-Exact-Full,26.927,-1,-1,ExactBaseline,0,0,0,0,2.30259,0,1.46605,0,0,0,0,1
Ch6-OV-Exact-Full,26.9654,-1,-1,ExactBaseline,0,0,0,0,2.30259,0,1.82003,0,0,0,0,1
Ch6-OV-Exact-Full,26.9679,56,272,ExactBaseline,1,1,0.00238089,0.693147,2.30259,3,1.13159,0,0,0,0,0.983906
Ch6-OV-Exact-Full,26.978,-1,-1,ExactBaseline,0,0,0,0,2.30259,0,0.904802,0,0,0,0,1
Ch6-OV-Exact-Full,27.0085,-1,-1,ExactBaseline,0,0,0,0,2.30259,0,0.013776,0,0,0,0,1
Ch6-OV-Exact-Full,27.0358,-1,-1,ExactBaseline,0,0,0,0,2.30259,0,0.856898,0,0,0,0,0.995419
Ch6-OV-Exact-Full,27.036,-1,-1,ExactBaseline,0,0,0,0,2.30259,0,0.186435,0,0,0,0,1
Ch6-OV-Exact-Full,27.0587,-1,-1,ExactBaseline,0,0,0,0,2.30259,0,1.88258,0,0,0,0,0.984729
Ch6-OV-Exact-Full,27.06,-1,-1,ExactBaseline,0,0,0,0,2.30259,0,1.05351,0,0,0,0,0.991953
Ch6-OV-Exact-Full,27.0602,-1,-1,ExactBaseline,0,0,0,0,2.30259,0,2.05479,0,0,0,0,1
Ch6-OV-Exact-Full,27.0762,-1,-1,ExactBaseline,0,0,0,0,2.30259,0,1.26134,0,0,0,0,1
Ch6-OV-Exact-Full,27.0895,-1,-1,ExactBaseline,0,0,0,0,2.30259,0,0.053064,0,0,0,0,1
Ch6-OV-Exact-Full,27.092,111,126,ExactBaseline,1,1,0.00361534,1.38629,2.30259,4,1.62461,0,0,0,0,0.990837
Ch6-OV-Exact-Full,27.0943,-1,-1,ExactBaseline,0,0,0,0,2.30259,0,0.922216,0,0,0,0,1
Ch6-OV-Exact-Full,27.0993,-1,-1,ExactBaseline,0,0,0,0,2.30259,0,1.21075,0,0,0,0,1
Ch6-OV-Exact-Full,27.1136,-1,-1,ExactBaseline,0,0,0,0,2.30259,0,2.04788,0,0,0,0,1
Ch6-OV-Exact-Full,27.1336,187,332,ExactBaseline,1,1,0.00316611,1.38629,2.30259,4,1.74731,0,0,0,0,0.995419
Ch6-OV-Exact-Full,27.1394,-1,-1,ExactBaseline,0,0,0,0,2.30259,0,2.08756,0,0,0,0,0.970161
Ch6-OV-Exact-Full,27.1453,183,203,ExactBaseline,1,1,0.00359414,1.38629,2.30259,4,1.16196,0,0,0,0,0.995419
Ch6-OV-Exact-Full,27.1454,-1,-1,ExactBaseline,0,0,0,0,2.30259,0,0.984718,0,0,0,0,0.990837
Ch6-OV-Exact-Full,27.1459,-1,-1,ExactBaseline,0,0,0,0,2.30259,0,0.942263,0,0,0,0,1
Ch6-OV-Exact-Full,27.1508,-1,-1,ExactBaseline,0,0,0,0,2.30259,0,0.365522,0,0,0,0,1
Ch6-OV-Exact-Full,27.1626,25,104,ExactBaseline,1,1,0.00248714,0.387766,2.30259,3,2.07515,0,0,0,0,0.990426
Ch6-OV-Exact-Full,27.1995,-1,-1,ExactBaseline,0,0,0,0,2.30259,0,1.51828,0,0,0,0,1
Ch6-OV-Exact-Full,27.2047,105,75,ExactBaseline,1,1,0.00436075,2.07944,2.30259,5,1.05025,0,0,0,0,0.997769
Ch6-OV-Exact-Full,27.2053,76,314,ExactBaseline,1,1,0.00317826,1.23214,2.30259,4,1.36186,0,0,0,0,0.993532
Ch6-OV-Exact-Full,27.2063,107,220,ExactBaseline,1,1,0.00195873,0.693147,2.30259,3,0.748117,0,0,0,0,0.989721
Ch6-OV-Exact-Full,27.2218,-1,-1,ExactBaseline,0,0,0,0,2.30259,0,1.84113,0,0,0,0,0.995419
Ch6-OV-Exact-Full,27.2259,-1,-1,ExactBaseline,0,0,0,0,2.30259,0,0.049443,0,0,0,0,1
Ch6-OV-Exact-Full,27.2315,-1,-1,ExactBaseline,0,0,0,0,2.30259,0,2.29418,0,0,0,0,0.998884
Ch6-OV-Exact-Full,27.2342,-1,-1,ExactBaseline,0,0,0,0,2.30259,0,1.15927,0,0,0,0,1
Ch6-OV-Exact-Full,27.2348,-1,-1,ExactBaseline,0,0,0,0,2.30259,0,0.829389,0,0,0,0,1
Ch6-OV-Exact-Full,27.237,-1,-1,ExactBaseline,0,0,0,0,2.30259,0,1.10534,0,0,0,0,1
Ch6-OV-Exact-Full,27.242,50,91,ExactBaseline,1,1,0.00240633,0.693147,2.30259,3,1.25444,0,0,0,0,0.987371
Ch6-OV-Exact-Full,27.2423,-1,-1,ExactBaseline,0,0,0,0,2.30259,0,1.47623,0,0,0,0,1
Ch6-OV-Exact-Full,27.247,-1,-1,ExactBaseline,0,0,0,0,2.30259,0,0.013077,0,0,0,0,1
Ch6-OV-Exact-Full,27.2504,-1,-1,ExactBaseline,0,0,0,0,2.30259,0,1.16652,0,0,0,0,1
Ch6-OV-Exact-Full,27.259,-1,-1,ExactBaseline,0,0,0,0,2.30259,0,1.25655,0,0,0,0,1
Ch6-OV-Exact-Full,27.2636,-1,-1,ExactBaseline,0,0,0,0,2.30259,0,0.822868,0,0,0,0,0.998884
Ch6-OV-Exact-Full,27.2773,-1,-1,ExactBaseline,0,0,0,0,2.30259,0,1.56459,0,0,0,0,1
Ch6-OV-Exact-Full,27.2786,-1,-1,ExactBaseline,0,0,0,0,2.30259,0,0.046214,0,0,0,0,1
Ch6-OV-Exact-Full,27.2872,-1,-1,ExactBaseline,0,0,0,0,2.30259,0,1.31584,0,0,0,0,0.991953
Ch6-OV-Exact-Full,27.2994,-1,-1,ExactBaseline,0,0,0,0,2.30259,0,1.61827,0,0,0,0,1
Ch6-OV-Exact-Full,27.3113,-1,-1,ExactBaseline,0,0,0,0,2.30259,0,0.102078,0,0,0,0,1
Ch6-OV-Exact-Full,27.3116,-1,-1,ExactBaseline,0,0,0,0,2.30259,0,0.025605,0,0,0,0,1
Ch6-OV-Exact-Full,27.317,-1,-1,ExactBaseline,0,0,0,0,2.30259,0,1.66809,0,0,0,0,0.987371
Ch6-OV-Exact-Full,27.3184,-1,-1,ExactBaseline,0,0,0,0,2.30259,0,0.447089,0,0,0,0,1
Ch6-OV-Exact-Full,27.3234,-1,-1,ExactBaseline,0,0,0,0,2.30259,0,1.17762,0,0,0,0,1
Ch6-OV-Exact-Full,27.3376,-1,-1,ExactBaseline,0,0,0,0,2.30259,0,2.05035,0,0,0,0,1
Ch6-OV-Exact-Full,27.3471,-1,-1,ExactBaseline,0,0,0,0,2.30259,0,0.458831,0,0,0,0,0.999296
Ch6-OV-Exact-Full,27.3637,-1,-1,ExactBaseline,0,0,0,0,2.30259,0,1.15209,0,0,0,0,1
Ch6-OV-Exact-Full,27.3654,7,73,ExactBaseline,1,1,0.00446881,1.77406,2.30259,5,1.2024,0,0,0,0,0.995126
Ch6-OV-Exact-Full,27.3757,-1,-1,ExactBaseline,0,0,0,0,2.30259,0,0.182161,0,0,0,0,1
Ch6-OV-Exact-Full,27.3855,-1,-1,ExactBaseline,0,0,0,0,2.30259,0,1.34838,0,0,0,0,1
Ch6-OV-Exact-Full,27.3911,-1,-1,ExactBaseline,0,0,0,0,2.30259,0,1.84223,0,0,0,0,1
Ch6-OV-Exact-Full,27.4041,-1,-1,ExactBaseline,0,0,0,0,2.30259,0,1.72673,0,0,0,0,1
Ch6-OV-Exact-Full,27.416,17,340,ExactBaseline,1,1,0.00196485,0.693147,2.30259,3,0.827003,0,0,0,0,0.991953
Ch6-OV-Exact-Full,27.4255,-1,-1,ExactBaseline,0,0,0,0,2.30259,0,1.78432,0,0,0,0,0.995419
Ch6-OV-Exact-Full,27.4263,-1,-1,ExactBaseline,0,0,0,0,2.30259,0,1.43133,0,0,0,0,1
Ch6-OV-Exact-Full,27.4553,-1,-1,ExactBaseline,0,0,0,0,2.30259,0,1.73396,0,0,0,0,0.994303
Ch6-OV-Exact-Full,27.4573,-1,-1,ExactBaseline,0,0,0,0,2.30259,0,1.63216,0,0,0,0,1
Ch6-OV-Exact-Full,27.4602,-1,-1,ExactBaseline,0,0,0,0,2.30259,0,0.516333,0,0,0,0,1
Ch6-OV-Exact-Full,27.4684,-1,-1,ExactBaseline,0,0,0,0,2.30259,0,1.42077,0,0,0,0,1
Ch6-OV-Exact-Full,27.4708,-1,-1,ExactBaseline,0,0,0,0,2.30259,0,1.09963,0,0,0,0,1
Ch6-OV-Exact-Full,27.4713,-1,-1,ExactBaseline,0,0,0,0,2.30259,0,0.152205,0,0,0,0,1
Ch6-OV-Exact-Full,27.4817,-1,-1,ExactBaseline,0,0,0,0,2.30259,0,2.66829,0,0,0,0,0.987371
Ch6-OV-Exact-Full,27.499,-1,-1,ExactBaseline,0,0,0,0,2.30259,0,1.39271,0,0,0,0,0.990837
Ch6-OV-Exact-Full,27.5034,-1,-1,ExactBaseline,0,0,0,0,2.30259,0,0.649781,0,0,0,0,0.998884
Ch6-OV-Exact-Full,27.5143,-1,-1,ExactBaseline,0,0,0,0,2.30259,0,1.42621,0,0,0,0,0.991953
Ch6-OV-Exact-Full,27.5147,-1,-1,ExactBaseline,0,0,0,0,2.30259,0,1.56548,0,0,0,0,0.991749
Ch6-OV-Exact-Full,27.5177,-1,-1,ExactBaseline,0,0,0,0,2.30259,0,0.068842,0,0,0,0,1
Ch6-OV-Exact-Full,27.5196,-1,-1,ExactBaseline,0,0,0,0,2.30259,0,2.05852,0,0,0,0,1
Ch6-OV-Exact-Full,27.5226,-1,-1,ExactBaseline,0,0,0,0,2.30259,0,2.23117,0,0,0,0,1
Ch6-OV-Exact-Full,27.5304,-1,-1,ExactBaseline,0,0,0,0,2.30259,0,1.47415,0,0,0,0,0.991953
Ch6-OV-Exact-Full,27.5349,-1,-1,ExactBaseline,0,0,0,0,2.30259,0,1.56717,0,0,0,0,1
Ch6-OV-Exact-Full,27.547,91,217,ExactBaseline,1,1,0.00243107,0.693147,2.30259,3,1.31148,0,0,0,0,0.98279
Ch6-OV-Exact-Full,27.5512,138,38,ExactBaseline,1,1,0.00243868,0.693147,2.30259,3,1.85789,0,0,0,0,0.983135
Ch6-OV-Exact-Full,27.5519,-1,-1,ExactBaseline,0,0,0,0,2.30259,0,1.55414,0,0,0,0,1
Ch6-OV-Exact-Full,27.5606,-1,-1,ExactBaseline,0,0,0,0,2.30259,0,1.31164,0,0,0,0,1
Ch6-OV-Exact-Full,27.5749,-1,-1,ExactBaseline,0,0,0,0,2.30259,0,0.781035,0,0,0,0,1
Ch6-OV-Exact-Full,27.5775,-1,-1,ExactBaseline,0,0,0,0,2.30259,0,1.86408,0,0,0,0,0.991953
Ch6-OV-Exact-Full,27.5875,-1,-1,ExactBaseline,0,0,0,0,2.30259,0,0.577933,0,0,0,0,1
Ch6-OV-Exact-Full,27.6198,-1,-1,ExactBaseline,0,0,0,0,2.30259,0,0.863535,0,0,0,0,1
Ch6-OV-Exact-Full,27.6219,157,199,ExactBaseline,1,1,0.00242562,0.693147,2.30259,3,1.49532,0,0,0,0,0.991953
Ch6-OV-Exact-Full,27.6379,-1,-1,ExactBaseline,0,0,0,0,2.30259,0,1.08431,0,0,0,0,1
Ch6-OV-Exact-Full,27.6516,-1,-1,ExactBaseline,0,0,0,0,2.30259,0,1.9581,0,0,0,0,1
Ch6-OV-Exact-Full,27.6563,-1,-1,ExactBaseline,0,0,0,0,2.30259,0,1.16278,0,0,0,0,1
Ch6-OV-Exact-Full,27.6757,-1,-1,ExactBaseline,0,0,0,0,2.30259,0,1.56562,0,0,0,0,1
Ch6-OV-Exact-Full,27.6782,-1,-1,ExactBaseline,0,0,0,0,2.30259,0,0.146878,0,0,0,0,1
Ch6-OV-Exact-Full,27.6803,-1,-1,ExactBaseline,0,0,0,0,2.30259,0,0.680944,0,0,0,0,1
Ch6-OV-Exact-Full,27.6846,102,235,ExactBaseline,1,1,0.00202274,0.693147,2.30259,3,0.411196,0,0,0,0,0.991953
Ch6-OV-Exact-Full,27.6869,-1,-1,ExactBaseline,0,0,0,0,2.30259,0,1.22964,0,0,0,0,0.979324
Ch6-OV-Exact-Full,27.6944,-1,-1,ExactBaseline,0,0,0,0,2.30259,0,0.789487,0,0,0,0,1
Ch6-OV-Exact-Full,27.7018,-1,-1,ExactBaseline,0,0,0,0,2.30259,0,0.054574,0,0,0,0,1
Ch6-OV-Exact-Full,27.7179,-1,-1,ExactBaseline,0,0,0,0,2.30259,0,1.19961,0,0,0,0,1
Ch6-OV-Exact-Full,27.7195,-1,-1,ExactBaseline,0,0,0,0,2.30259,0,1.94418,0,0,0,0,1
Ch6-OV-Exact-Full,27.7331,-1,-1,ExactBaseline,0,0,0,0,2.30259,0,1.45731,0,0,0,0,1
Ch6-OV-Exact-Full,27.7398,-1,-1,ExactBaseline,0,0,0,0,2.30259,0,2.21132,0,0,0,0,0.983702
Ch6-OV-Exact-Full,27.7497,-1,-1,ExactBaseline,0,0,0,0,2.30259,0,1.46359,0,0,0,0,0.998884
Ch6-OV-Exact-Full,27.7501,-1,-1,ExactBaseline,0,0,0,0,2.30259,0,0.919444,0,0,0,0,1
Ch6-OV-Exact-Full,27.7683,-1,-1,ExactBaseline,0,0,0,0,2.30259,0,1.95684,0,0,0,0,0.990837
Ch6-OV-Exact-Full,27.7693,82,77,ExactBaseline,1,1,0.00447483,2.07944,2.30259,5,1.55579,0,0,0,0,0.997769
Ch6-OV-Exact-Full,27.7745,-1,-1,ExactBaseline,0,0,0,0,2.30259,0,1.92915,0,0,0,0,1
Ch6-OV-Exact-Full,27.7807,-1,-1,ExactBaseline,0,0,0,0,2.30259,0,0.477981,0,0,0,0,1
Ch6-OV-Exact-Full,27.8004,169,220,ExactBaseline,1,1,0.00361751,1.38629,2.30259,4,2.12709,0,0,0,0,0.995419
Ch6-OV-Exact-Full,27.8206,98,307,ExactBaseline,1,1,0.00323864,1.38629,2.30259,4,0.404898,0,0,0,0,0.995419
Ch6-OV-Exact-Full,27.8236,-1,-1,ExactBaseline,0,0,0,0,2.30259,0,1.93523,0,0,0,0,0.991953
Ch6-OV-Exact-Full,27.8346,-1,-1,ExactBaseline,0,0,0,0,2.30259,0,0.203336,0,0,0,0,1
Ch6-OV-Exact-Full,27.8562,22,201,ExactBaseline,1,1,0.0036292,1.38629,2.30259,4,0.930419,0,0,0,0,0.98514
Ch6-OV-Exact-Full,27.8589,-1,-1,ExactBaseline,0,0,0,0,2.30259,0,3.34279,0,0,0,0,1
Ch6-OV-Exact-Full,27.8632,34,245,ExactBaseline,1,1,0.00435231,1.77406,2.30259,5,2.07795,0,0,0,0,0.992776
Ch6-OV-Exact-Full,27.8791,-1,-1,ExactBaseline,0,0,0,0,2.30259,0,2.33584,0,0,0,0,0.995419
Ch6-OV-Exact-Full,27.9183,197,281,ExactBaseline,1,1,0.00479581,2.07944,2.30259,5,0.877966,0,0,0,0,0.998884
Ch6-OV-Exact-Full,27.9298,-1,-1,ExactBaseline,0,0,0,0,2.30259,0,3.03554,0,0,0,0,1
Ch6-OV-Exact-Full,27.9373,-1,-1,ExactBaseline,0,0,0,0,2.30259,0,2.42415,0,0,0,0,0.991953
Ch6-OV-Exact-Full,27.9444,-1,-1,ExactBaseline,0,0,0,0,2.30259,0,1.92718,0,0,0,0,1
Ch6-OV-Exact-Full,27.952,-1,-1,ExactBaseline,0,0,0,0,2.30259,0,2.14267,0,0,0,0,0.998884
Ch6-OV-Exact-Full,27.9719,41,70,ExactBaseline,1,1,0.00481512,1.77406,2.30259,5,1.73054,0,0,0,0,0.995126
Ch6-OV-Exact-Full,27.9815,-1,-1,ExactBaseline,0,0,0,0,2.30259,0,2.34986,0,0,0,0,1
Ch6-OV-Exact-Full,27.9821,-1,-1,ExactBaseline,0,0,0,0,2.30259,0,0.827259,0,0,0,0,1
Ch6-OV-Exact-Full,28.0059,-1,-1,ExactBaseline,0,0,0,0,2.30259,0,1.02494,0,0,0,0,0.991953
Ch6-OV-Exact-Full,28.0119,-1,-1,ExactBaseline,0,0,0,0,2.30259,0,0.807473,0,0,0,0,0.993892
Ch6-OV-Exact-Full,28.0153,-1,-1,ExactBaseline,0,0,0,0,2.30259,0,0.455575,0,0,0,0,1
Ch6-OV-Exact-Full,28.0153,21,304,ExactBaseline,1,1,0.00437756,2.07944,2.30259,5,2.26126,0,0,0,0,0.994303
Ch6-OV-Exact-Full,28.0171,24,282,ExactBaseline,1,1,0.00435172,1.77406,2.30259,5,1.02981,0,0,0,0,0.997357
Ch6-OV-Exact-Full,28.0191,-1,-1,ExactBaseline,0,0,0,0,2.30259,0,0.506385,0,0,0,0,0.999296
Ch6-OV-Exact-Full,28.0273,-1,-1,ExactBaseline,0,0,0,0,2.30259,0,1.24307,0,0,0,0,1
Ch6-OV-Exact-Full,28.0336,-1,-1,ExactBaseline,0,0,0,0,2.30259,0,1.60916,0,0,0,0,1
Ch6-OV-Exact-Full,28.0348,4,31,ExactBaseline,1,1,0.00314379,1.38629,2.30259,4,1.06864,0,0,0,0,0.985485
Ch6-OV-Exact-Full,28.0396,-1,-1,ExactBaseline,0,0,0,0,2.30259,0,1.63331,0,0,0,0,1
Ch6-OV-Exact-Full,28.0519,-1,-1,ExactBaseline,0,0,0,0,2.30259,0,2.31085,0,0,0,0,0.997769
Ch6-OV-Exact-Full,28.0652,175,198,ExactBaseline,1,1,0.003619,1.38629,2.30259,4,0.351574,0,0,0,0,0.995419
Ch6-OV-Exact-Full,28.0796,-1,-1,ExactBaseline,0,0,0,0,2.30259,0,1.20858,0,0,0,0,0.991953
Ch6-OV-Exact-Full,28.1025,-1,-1,ExactBaseline,0,0,0,0,2.30259,0,1.14783,0,0,0,0,1
Ch6-OV-Exact-Full,28.1103,-1,-1,ExactBaseline,0,0,0,0,2.30259,0,0.071878,0,0,0,0,1
Ch6-OV-Exact-Full,28.1207,-1,-1,ExactBaseline,0,0,0,0,2.30259,0,0.217975,0,0,0,0,1
Ch6-OV-Exact-Full,28.1399,-1,-1,ExactBaseline,0,0,0,0,2.30259,0,1.80623,0,0,0,0,1
Ch6-OV-Exact-Full,28.1784,-1,-1,ExactBaseline,0,0,0,0,2.30259,0,0.353771,0,0,0,0,0.998884
Ch6-OV-Exact-Full,28.1793,-1,-1,ExactBaseline,0,0,0,0,2.30259,0,0.229459,0,0,0,0,0.995419
Ch6-OV-Exact-Full,28.1834,-1,-1,ExactBaseline,0,0,0,0,2.30259,0,2.53192,0,0,0,0,0.991953
Ch6-OV-Exact-Full,28.2109,-1,-1,ExactBaseline,0,0,0,0,2.30259,0,2.03003,0,0,0,0,1
Ch6-OV-Exact-Full,28.2355,-1,-1,ExactBaseline,0,0,0,0,2.30259,0,0.37763,0,0,0,0,1
Ch6-OV-Exact-Full,28.2357,-1,-1,ExactBaseline,0,0,0,0,2.30259,0,0.063892,0,0,0,0,1
Ch6-OV-Exact-Full,28.2418,-1,-1,ExactBaseline,0,0,0,0,2.30259,0,0.820937,0,0,0,0,0.994341
Ch6-OV-Exact-Full,28.2527,-1,-1,ExactBaseline,0,0,0,0,2.30259,0,0.398754,0,0,0,0,1
Ch6-OV-Exact-Full,28.2538,125,23,ExactBaseline,1,1,0.00360993,1.38629,2.30259,4,0.88262,0,0,0,0,0.995419
Ch6-OV-Exact-Full,28.2636,-1,-1,ExactBaseline,0,0,0,0,2.30259,0,1.72818,0,0,0,0,1
Ch6-OV-Exact-Full,28.2778,-1,-1,ExactBaseline,0,0,0,0,2.30259,0,0.104342,0,0,0,0,1
Ch6-OV-Exact-Full,28.2951,172,13,ExactBaseline,1,1,0.00321802,1.38629,2.30259,4,2.06139,0,0,0,0,0.990837
Ch6-OV-Exact-Full,28.302,87,273,ExactBaseline,1,1,0.00239555,0.693147,2.30259,3,1.2768,0,0,0,0,0.991953
Ch6-OV-Exact-Full,28.3166,-1,-1,ExactBaseline,0,0,0,0,2.30259,0,2.24255,0,0,0,0,0.995419
Ch6-OV-Exact-Full,28.3245,-1,-1,ExactBaseline,0,0,0,0,2.30259,0,2.79753,0,0,0,0,1
Ch6-OV-Exact-Full,28.3289,-1,-1,ExactBaseline,0,0,0,0,2.30259,0,1.05349,0,0,0,0,0.998884
Ch6-OV-Exact-Full,28.3412,-1,-1,ExactBaseline,0,0,0,0,2.30259,0,1.62878,0,0,0,0,0.991953
Ch6-OV-Exact-Full,28.3419,-1,-1,ExactBaseline,0,0,0,0,2.30259,0,2.09844,0,0,0,0,0.989003
Ch6-OV-Exact-Full,28.3441,-1,-1,ExactBaseline,0,0,0,0,2.30259,0,0.166331,0,0,0,0,1
Ch6-OV-Exact-Full,28.3471,-1,-1,ExactBaseline,0,0,0,0,2.30259,0,0.602209,0,0,0,0,1
Ch6-OV-Exact-Full,28.3497,-1,-1,ExactBaseline,0,0,0,0,2.30259,0,1.53492,0,0,0,0,1
Ch6-OV-Exact-Full,28.408,214,68,ExactBaseline,1,1,0.0031697,1.38629,2.30259,4,1.6529,0,0,0,0,0.995419
Ch6-OV-Exact-Full,28.4199,-1,-1,ExactBaseline,0,0,0,0,2.30259,0,0.791861,0,0,0,0,1
Ch6-OV-Exact-Full,28.4471,-1,-1,ExactBaseline,0,0,0,0,2.30259,0,1.87927,0,0,0,0,1
Ch6-OV-Exact-Full,28.4532,-1,-1,ExactBaseline,0,0,0,0,2.30259,0,1.97949,0,0,0,0,1
Ch6-OV-Exact-Full,28.4663,-1,-1,ExactBaseline,0,0,0,0,2.30259,0,0.099241,0,0,0,0,0.998884
Ch6-OV-Exact-Full,28.472,-1,-1,ExactBaseline,0,0,0,0,2.30259,0,1.99982,0,0,0,0,1
Ch6-OV-Exact-Full,28.473,-1,-1,ExactBaseline,0,0,0,0,2.30259,0,0.420403,0,0,0,0,1
Ch6-OV-Exact-Full,28.4806,-1,-1,ExactBaseline,0,0,0,0,2.30259,0,0.162141,0,0,0,0,0.998884
Ch6-OV-Exact-Full,28.4809,18,155,ExactBaseline,1,1,0.00195824,0.693147,2.30259,3,1.45281,0,0,0,0,0.991953
Ch6-OV-Exact-Full,28.5044,-1,-1,ExactBaseline,0,0,0,0,2.30259,0,1.1314,0,0,0,0,0.997357
Ch6-OV-Exact-Full,28.5096,-1,-1,ExactBaseline,0,0,0,0,2.30259,0,1.05928,0,0,0,0,1
Ch6-OV-Exact-Full,28.5123,-1,-1,ExactBaseline,0,0,0,0,2.30259,0,1.7292,0,0,0,0,1
Ch6-OV-Exact-Full,28.5148,-1,-1,ExactBaseline,0,0,0,0,2.30259,0,1.40101,0,0,0,0,0.995419
Ch6-OV-Exact-Full,28.5228,-1,-1,ExactBaseline,0,0,0,0,2.30259,0,1.01729,0,0,0,0,1
Ch6-OV-Exact-Full,28.5382,-1,-1,ExactBaseline,0,0,0,0,2.30259,0,1.76731,0,0,0,0,1
Ch6-OV-Exact-Full,28.5491,207,173,ExactBaseline,1,1,0.00483483,2.07944,2.30259,5,1.17731,0,0,0,0,0.998884
Ch6-OV-Exact-Full,28.5548,-1,-1,ExactBaseline,0,0,0,0,2.30259,0,0.641061,0,0,0,0,1
Ch6-OV-Exact-Full,28.5684,-1,-1,ExactBaseline,0,0,0,0,2.30259,0,1.98103,0,0,0,0,0.994303
Ch6-OV-Exact-Full,28.5709,-1,-1,ExactBaseline,0,0,0,0,2.30259,0,1.82816,0,0,0,0,1
Ch6-OV-Exact-Full,28.602,-1,-1,ExactBaseline,0,0,0,0,2.30259,0,1.86233,0,0,0,0,0.991953
Ch6-OV-Exact-Full,28.6026,-1,-1,ExactBaseline,0,0,0,0,2.30259,0,2.16564,0,0,0,0,0.987371
Ch6-OV-Exact-Full,28.6161,-1,-1,ExactBaseline,0,0,0,0,2.30259,0,1.69287,0,0,0,0,1
Ch6-OV-Exact-Full,28.6323,97,309,ExactBaseline,1,1,0.00318036,1.38629,2.30259,4,0.977445,0,0,0,0,0.994303
Ch6-OV-Exact-Full,28.6379,95,211,ExactBaseline,1,1,0.00434655,2.26176,2.30259,5,2.11124,0,0,0,0,0.995214
Ch6-OV-Exact-Full,28.6464,-1,-1,ExactBaseline,0,0,0,0,2.30259,0,1.80208,0,0,0,0,0.991953
Ch6-OV-Exact-Full,28.6521,-1,-1,ExactBaseline,0,0,0,0,2.30259,0,1.47688,0,0,0,0,1
Ch6-OV-Exact-Full,28.6751,-1,-1,ExactBaseline,0,0,0,0,2.30259,0,1.77096,0,0,0,0,0.995419
Ch6-OV-Exact-Full,28.6796,-1,-1,ExactBaseline,0,0,0,0,2.30259,0,0.066576,0,0,0,0,1
Ch6-OV-Exact-Full,28.68,-1,-1,ExactBaseline,0,0,0,0,2.30259,0,1.67799,0,0,0,0,1
Ch6-OV-Exact-Full,28.7041,-1,-1,ExactBaseline,0,0,0,0,2.30259,0,1.76601,0,0,0,0,1
Ch6-OV-Exact-Full,28.7076,-1,-1,ExactBaseline,0,0,0,0,2.30259,0,0.739304,0,0,0,0,1
Ch6-OV-Exact-Full,28.71,-1,-1,ExactBaseline,0,0,0,0,2.30259,0,0.517063,0,0,0,0,1
Ch6-OV-Exact-Full,28.7175,-1,-1,ExactBaseline,0,0,0,0,2.30259,0,2.06822,0,0,0,0,1
Ch6-OV-Exact-Full,28.7461,-1,-1,ExactBaseline,0,0,0,0,2.30259,0,1.37674,0,0,0,0,1
Ch6-OV-Exact-Full,28.7786,-1,-1,ExactBaseline,0,0,0,0,2.30259,0,0.498111,0,0,0,0,0.998884
Ch6-OV-Exact-Full,28.7823,-1,-1,ExactBaseline,0,0,0,0,2.30259,0,1.64162,0,0,0,0,0.998884
Ch6-OV-Exact-Full,28.7889,-1,-1,ExactBaseline,0,0,0,0,2.30259,0,0.156566,0,0,0,0,1
Ch6-OV-Exact-Full,28.7959,-1,-1,ExactBaseline,0,0,0,0,2.30259,0,0.851256,0,0,0,0,0.991953
Ch6-OV-Exact-Full,28.8035,-1,-1,ExactBaseline,0,0,0,0,2.30259,0,1.59464,0,0,0,0,1
Ch6-OV-Exact-Full,28.8078,-1,-1,ExactBaseline,0,0,0,0,2.30259,0,3.42205,0,0,0,0,1
Ch6-OV-Exact-Full,28.8131,-1,-1,ExactBaseline,0,0,0,0,2.30259,0,0.37287,0,0,0,0,0.997769
Ch6-OV-Exact-Full,28.8149,-1,-1,ExactBaseline,0,0,0,0,2.30259,0,1.93554,0,0,0,0,1
Ch6-OV-Exact-Full,28.8237,155,233,ExactBaseline,1,1,0.00315554,1.38629,2.30259,4,1.51625,0,0,0,0,0.995419
Ch6-OV-Exact-Full,28.8287,-1,-1,ExactBaseline,0,0,0,0,2.30259,0,1.56151,0,0,0,0,0.989721
Ch6-OV-Exact-Full,28.8439,-1,-1,ExactBaseline,0,0,0,0,2.30259,0,0.118513,0,0,0,0,1
Ch6-OV-Exact-Full,28.862,-1,-1,ExactBaseline,0,0,0,0,2.30259,0,1.82251,0,0,0,0,1
Ch6-OV-Exact-Full,28.8776,62,23,ExactBaseline,1,1,0.00361926,1.38629,2.30259,4,1.7955,0,0,0,0,0.987371
Ch6-OV-Exact-Full,28.8886,204,38,ExactBaseline,1,1,0.00317438,1.56862,2.30259,4,2.0582,0,0,0,0,0.99633
Ch6-OV-Exact-Full,28.89,-1,-1,ExactBaseline,0,0,0,0,2.30259,0,2.70845,0,0,0,0,1
Ch6-OV-Exact-Full,28.8955,-1,-1,ExactBaseline,0,0,0,0,2.30259,0,1.8975,0,0,0,0,1
Ch6-OV-Exact-Full,28.9076,217,372,ExactBaseline,1,1,0.004165,1.56862,2.30259,4,1.94004,0,0,0,0,0.99633
Ch6-OV-Exact-Full,28.9097,-1,-1,ExactBaseline,0,0,0,0,2.30259,0,1.87565,0,0,0,0,1
Ch6-OV-Exact-Full,28.9192,-1,-1,ExactBaseline,0,0,0,0,2.30259,0,2.15938,0,0,0,0,1
Ch6-OV-Exact-Full,28.927,164,261,ExactBaseline,1,1,0.00446409,2.07944,2.30259,5,2.06699,0,0,0,0,0.998884
Ch6-OV-Exact-Full,28.9654,40,307,ExactBaseline,1,1,0.00485119,2.07944,2.30259,5,2.62141,0,0,0,0,0.998884
Ch6-OV-Exact-Full,28.9679,-1,-1,ExactBaseline,0,0,0,0,2.30259,0,1.67227,0,0,0,0,0.983906
Ch6-OV-Exact-Full,28.978,-1,-1,ExactBaseline,0,0,0,0,2.30259,0,1.24472,0,0,0,0,1
Ch6-OV-Exact-Full,29.0085,-1,-1,ExactBaseline,0,0,0,0,2.30259,0,0.010579,0,0,0,0,1
Ch6-OV-Exact-Full,29.014,-1,-1,ExactBaseline,0,0,0,0,2.30259,0,0.439661,0,0,0,0,1
Ch6-OV-Exact-Full,29.0174,-1,-1,ExactBaseline,0,0,0,0,2.30259,0,1.20312,0,0,0,0,1
Ch6-OV-Exact-Full,29.0254,-1,-1,ExactBaseline,0,0,0,0,2.30259,0,2.06199,0,0,0,0,1
Ch6-OV-Exact-Full,29.0316,-1,-1,ExactBaseline,0,0,0,0,2.30259,0,0.258482,0,0,0,0,1
Ch6-OV-Exact-Full,29.0358,116,285,ExactBaseline,1,1,0.00484068,2.07944,2.30259,5,1.56292,0,0,0,0,0.994303
Ch6-OV-Exact-Full,29.036,-1,-1,ExactBaseline,0,0,0,0,2.30259,0,0.483358,0,0,0,0,1
Ch6-OV-Exact-Full,29.0478,-1,-1,ExactBaseline,0,0,0,0,2.30259,0,0.595791,0,0,0,0,1
Ch6-OV-Exact-Full,29.0587,20,258,ExactBaseline,1,1,0.00326552,1.38629,2.30259,4,2.75592,0,0,0,0,0.980147
Ch6-OV-Exact-Full,29.06,3,319,ExactBaseline,1,1,0.00326322,1.38629,2.30259,4,1.38413,0,0,0,0,0.987371
Ch6-OV-Exact-Full,29.0602,-1,-1,ExactBaseline,0,0,0,0,2.30259,0,3.01659,0,0,0,0,1
Ch6-OV-Exact-Full,29.0762,165,348,ExactBaseline,1,1,0.00215541,0.693147,2.30259,3,1.25675,0,0,0,0,0.991953
Ch6-OV-Exact-Full,29.0793,206,94,ExactBaseline,1,1,0.00483266,2.07944,2.30259,5,0.424277,0,0,0,0,0.998884
Ch6-OV-Exact-Full,29.0895,-1,-1,ExactBaseline,0,0,0,0,2.30259,0,0.088722,0,0,0,0,1
Ch6-OV-Exact-Full,29.092,-1,-1,ExactBaseline,0,0,0,0,2.30259,0,2.43435,0,0,0,0,0.990837
Ch6-OV-Exact-Full,29.0943,-1,-1,ExactBaseline,0,0,0,0,2.30259,0,1.82111,0,0,0,0,1
Ch6-OV-Exact-Full,29.0993,-1,-1,ExactBaseline,0,0,0,0,2.30259,0,1.65746,0,0,0,0,1
Ch6-OV-Exact-Full,29.1028,-1,-1,ExactBaseline,0,0,0,0,2.30259,0,1.90888,0,0,0,0,1
Ch6-OV-Exact-Full,29.1136,-1,-1,ExactBaseline,0,0,0,0,2.30259,0,3.48381,0,0,0,0,1
Ch6-OV-Exact-Full,29.1336,187,381,ExactBaseline,1,1,0.00338232,1.38629,2.30259,4,1.71237,0,0,0,0,0.990837
Ch6-OV-Exact-Full,29.1394,-1,-1,ExactBaseline,0,0,0,0,2.30259,0,6.00035,0,0,0,0,0.970161
Ch6-OV-Exact-Full,29.1413,-1,-1,ExactBaseline,0,0,0,0,2.30259,0,0.084246,0,0,0,0,1
Ch6-OV-Exact-Full,29.1453,-1,-1,ExactBaseline,0,0,0,0,2.30259,0,2.00436,0,0,0,0,0.995419
Ch6-OV-Exact-Full,29.1454,63,226,ExactBaseline,1,1,0.00485559,2.07944,2.30259,5,1.60272,0,0,0,0,0.989721
Ch6-OV-Exact-Full,29.1459,-1,-1,ExactBaseline,0,0,0,0,2.30259,0,3.91521,0,0,0,0,1
Ch6-OV-Exact-Full,29.1508,-1,-1,ExactBaseline,0,0,0,0,2.30259,0,0.484837,0,0,0,0,1
Ch6-OV-Exact-Full,29.1626,-1,-1,ExactBaseline,0,0,0,0,2.30259,0,3.17607,0,0,0,0,0.990426
Ch6-OV-Exact-Full,29.1714,221,261,ExactBaseline,1,1,0.00239733,0.693147,2.30259,3,1.25673,0,0,0,0,0.991953
Ch6-OV-Exact-Full,29.1995,-1,-1,ExactBaseline,0,0,0,0,2.30259,0,1.9987,0,0,0,0,1
Ch6-OV-Exact-Full,29.2047,105,77,ExactBaseline,1,1,0.00481795,2.07944,2.30259,5,1.76664,0,0,0,0,0.996653
Ch6-OV-Exact-Full,29.2053,-1,-1,ExactBaseline,0,0,0,0,2.30259,0,2.87449,0,0,0,0,0.993532
Ch6-OV-Exact-Full,29.2063,107,245,ExactBaseline,1,1,0.00314699,1.38629,2.30259,4,2.06754,0,0,0,0,0.98514
Ch6-OV-Exact-Full,29.2218,112,365,ExactBaseline,1,1,0.00363739,1.38629,2.30259,4,3.06816,0,0,0,0,0.990837
Ch6-OV-Exact-Full,29.2259,-1,-1,ExactBaseline,0,0,0,0,2.30259,0,0.079789,0,0,0,0,1
Ch6-OV-Exact-Full,29.2315,-1,-1,ExactBaseline,0,0,0,0,2.30259,0,2.31592,0,0,0,0,0.998884
Ch6-OV-Exact-Full,29.2342,166,157,ExactBaseline,1,1,0.00323852,1.38629,2.30259,4,3.14508,0,0,0,0,0.995419
Ch6-OV-Exact-Full,29.2348,-1,-1,ExactBaseline,0,0,0,0,2.30259,0,2.62601,0,0,0,0,1
Ch6-OV-Exact-Full,29.237,66,32,ExactBaseline,1,1,0.00363333,1.38629,2.30259,4,1.76164,0,0,0,0,0.995419
Ch6-OV-Exact-Full,29.242,50,199,ExactBaseline,1,1,0.00485921,2.07944,2.30259,5,3.57093,0,0,0,0,0.986256
Ch6-OV-Exact-Full,29.2423,52,225,ExactBaseline,1,1,0.00361427,1.38629,2.30259,4,3.3824,0,0,0,0,0.995419
Ch6-OV-Exact-Full,29.247,-1,-1,ExactBaseline,0,0,0,0,2.30259,0,0.018306,0,0,0,0,1
Ch6-OV-Exact-Full,29.2504,-1,-1,ExactBaseline,0,0,0,0,2.30259,0,1.93209,0,0,0,0,1
Ch6-OV-Exact-Full,29.259,-1,-1,ExactBaseline,0,0,0,0,2.30259,0,2.06627,0,0,0,0,1
Ch6-OV-Exact-Full,29.2636,39,217,ExactBaseline,1,1,0.00452405,2.07944,2.30259,5,0.985768,0,0,0,0,0.997769
Ch6-OV-Exact-Full,29.2773,-1,-1,ExactBaseline,0,0,0,0,2.30259,0,1.9806,0,0,0,0,1
Ch6-OV-Exact-Full,29.2786,-1,-1,ExactBaseline,0,0,0,0,2.30259,0,0.075895,0,0,0,0,1
Ch6-OV-Exact-Full,29.2872,59,292,ExactBaseline,1,1,0.00481983,2.07944,2.30259,5,2.14425,0,0,0,0,0.990837
Ch6-OV-Exact-Full,29.2892,-1,-1,ExactBaseline,0,0,0,0,2.30259,0,1.76883,0,0,0,0,1
Ch6-OV-Exact-Full,29.2961,-1,-1,ExactBaseline,0,0,0,0,2.30259,0,2.73947,0,0,0,0,1
Ch6-OV-Exact-Full,29.2994,-1,-1,ExactBaseline,0,0,0,0,2.30259,0,2.66722,0,0,0,0,1
Ch6-OV-Exact-Full,29.3113,-1,-1,ExactBaseline,0,0,0,0,2.30259,0,0.354247,0,0,0,0,1
Ch6-OV-Exact-Full,29.3116,-1,-1,ExactBaseline,0,0,0,0,2.30259,0,0.072341,0,0,0,0,1
Ch6-OV-Exact-Full,29.317,-1,-1,ExactBaseline,0,0,0,0,2.30259,0,1.62764,0,0,0,0,0.987371
Ch6-OV-Exact-Full,29.3184,-1,-1,ExactBaseline,0,0,0,0,2.30259,0,0.503577,0,0,0,0,1
Ch6-OV-Exact-Full,29.3234,-1,-1,ExactBaseline,0,0,0,0,2.30259,0,1.40467,0,0,0,0,1
Ch6-OV-Exact-Full,29.3293,-1,-1,ExactBaseline,0,0,0,0,2.30259,0,3.15728,0,0,0,0,1
Ch6-OV-Exact-Full,29.3376,179,101,ExactBaseline,1,1,0.00462278,2.07944,2.30259,5,3.15022,0,0,0,0,0.998884
Ch6-OV-Exact-Full,29.3471,-1,-1,ExactBaseline,0,0,0,0,2.30259,0,0.684539,0,0,0,0,0.999296
Ch6-OV-Exact-Full,29.3479,-1,-1,ExactBaseline,0,0,0,0,2.30259,0,1.18008,0,0,0,0,1
Ch6-OV-Exact-Full,29.3637,190,104,ExactBaseline,1,1,0.00315602,1.38629,2.30259,4,1.85957,0,0,0,0,0.995419
Ch6-OV-Exact-Full,29.3654,7,84,ExactBaseline,1,1,0.00445944,2.07944,2.30259,5,1.44474,0,0,0,0,0.99401
Ch6-OV-Exact-Full,29.3757,180,132,ExactBaseline,1,1,0.00241787,0.693147,2.30259,3,0.239835,0,0,0,0,0.991953
Ch6-OV-Exact-Full,29.3855,-1,-1,ExactBaseline,0,0,0,0,2.30259,0,1.92442,0,0,0,0,1
Ch6-OV-Exact-Full,29.3911,-1,-1,ExactBaseline,0,0,0,0,2.30259,0,2.22074,0,0,0,0,1
Ch6-OV-Exact-Full,29.4041,186,170,ExactBaseline,1,1,0.00343017,1.38629,2.30259,4,3.07347,0,0,0,0,0.995419
Ch6-OV-Exact-Full,29.4053,-1,-1,ExactBaseline,0,0,0,0,2.30259,0,1.08237,0,0,0,0,1
Ch6-OV-Exact-Full,29.416,-1,-1,ExactBaseline,0,0,0,0,2.30259,0,2.48674,0,0,0,0,0.991953
Ch6-OV-Exact-Full,29.4255,67,325,ExactBaseline,1,1,0.0019375,0.693147,2.30259,3,1.25974,0,0,0,0,0.987371
Ch6-OV-Exact-Full,29.4263,-1,-1,ExactBaseline,0,0,0,0,2.30259,0,2.24958,0,0,0,0,1
Ch6-OV-Exact-Full,29.4553,-1,-1,ExactBaseline,0,0,0,0,2.30259,0,2.35584,0,0,0,0,0.994303
Ch6-OV-Exact-Full,29.4573,-1,-1,ExactBaseline,0,0,0,0,2.30259,0,2.49362,0,0,0,0,1
Ch6-OV-Exact-Full,29.4602,-1,-1,ExactBaseline,0,0,0,0,2.30259,0,0.798819,0,0,0,0,1
Ch6-OV-Exact-Full,29.4684,-1,-1,ExactBaseline,0,0,0,0,2.30259,0,2.47358,0,0,0,0,1
Ch6-OV-Exact-Full,29.4708,-1,-1,ExactBaseline,0,0,0,0,2.30259,0,2.32042,0,0,0,0,1
Ch6-OV-Exact-Full,29.4713,178,260,ExactBaseline,1,1,0.00486003,2.07944,2.30259,5,0.194948,0,0,0,0,0.998884
Ch6-OV-Exact-Full,29.4817,-1,-1,ExactBaseline,0,0,0,0,2.30259,0,2.86147,0,0,0,0,0.987371
Ch6-OV-Exact-Full,29.499,-1,-1,ExactBaseline,0,0,0,0,2.30259,0,2.28575,0,0,0,0,0.990837
Ch6-OV-Exact-Full,29.5034,-1,-1,ExactBaseline,0,0,0,0,2.30259,0,0.816871,0,0,0,0,0.998884
Ch6-OV-Exact-Full,29.5143,-1,-1,ExactBaseline,0,0,0,0,2.30259,0,2.11637,0,0,0,0,0.991953
Ch6-OV-Exact-Full,29.5147,53,272,ExactBaseline,1,1,0.00315583,1.38629,2.30259,4,2.26592,0,0,0,0,0.987167
Ch6-OV-Exact-Full,29.5177,-1,-1,ExactBaseline,0,0,0,0,2.30259,0,0.07166,0,0,0,0,1
Ch6-OV-Exact-Full,29.5196,-1,-1,ExactBaseline,0,0,0,0,2.30259,0,2.51623,0,0,0,0,1
Ch6-OV-Exact-Full,29.5226,-1,-1,ExactBaseline,0,0,0,0,2.30259,0,1.70414,0,0,0,0,1
Ch6-OV-Exact-Full,29.5304,-1,-1,ExactBaseline,0,0,0,0,2.30259,0,1.82992,0,0,0,0,0.991953
Ch6-OV-Exact-Full,29.5349,124,299,ExactBaseline,1,1,0.00207157,0.693147,2.30259,3,1.67997,0,0,0,0,0.991953
Ch6-OV-Exact-Full,29.547,-1,-1,ExactBaseline,0,0,0,0,2.30259,0,2.38273,0,0,0,0,0.98279
Ch6-OV-Exact-Full,29.55,-1,-1,ExactBaseline,0,0,0,0,2.30259,0,1.88144,0,0,0,0,1
Ch6-OV-Exact-Full,29.5512,138,103,ExactBaseline,1,1,0.00482123,2.07944,2.30259,5,3.28097,0,0,0,0,0.982019
Ch6-OV-Exact-Full,29.5519,-1,-1,ExactBaseline,0,0,0,0,2.30259,0,1.7373,0,0,0,0,1
Ch6-OV-Exact-Full,29.5606,-1,-1,ExactBaseline,0,0,0,0,2.30259,0,2.28048,0,0,0,0,1
Ch6-OV-Exact-Full,29.5749,198,406,ExactBaseline,1,1,0.00447798,2.07944,2.30259,5,1.11127,0,0,0,0,0.998884
Ch6-OV-Exact-Full,29.5775,-1,-1,ExactBaseline,0,0,0,0,2.30259,0,3.22509,0,0,0,0,0.991953
Ch6-OV-Exact-Full,29.5875,127,243,ExactBaseline,1,1,0.00481943,2.07944,2.30259,5,2.1048,0,0,0,0,0.998884
Ch6-OV-Exact-Full,29.6198,-1,-1,ExactBaseline,0,0,0,0,2.30259,0,2.54381,0,0,0,0,1
Ch6-OV-Exact-Full,29.6219,-1,-1,ExactBaseline,0,0,0,0,2.30259,0,3.5033,0,0,0,0,0.991953
Ch6-OV-Exact-Full,29.6379,-1,-1,ExactBaseline,0,0,0,0,2.30259,0,1.42355,0,0,0,0,1
Ch6-OV-Exact-Full,29.6516,-1,-1,ExactBaseline,0,0,0,0,2.30259,0,3.69525,0,0,0,0,1
Ch6-OV-Exact-Full,29.6563,-1,-1,ExactBaseline,0,0,0,0,2.30259,0,3.31963,0,0,0,0,1
Ch6-OV-Exact-Full,29.6757,-1,-1,ExactBaseline,0,0,0,0,2.30259,0,3.70557,0,0,0,0,1
Ch6-OV-Exact-Full,29.6782,-1,-1,ExactBaseline,0,0,0,0,2.30259,0,0.245258,0,0,0,0,1
Ch6-OV-Exact-Full,29.6803,-1,-1,ExactBaseline,0,0,0,0,2.30259,0,1.039,0,0,0,0,1
Ch6-OV-Exact-Full,29.6846,102,23,ExactBaseline,1,1,0.00243169,0.693147,2.30259,3,0.949175,0,0,0,0,0.983906
Ch6-OV-Exact-Full,29.6868,-1,-1,ExactBaseline,0,0,0,0,2.30259,0,1.30866,0,0,0,0,1
Ch6-OV-Exact-Full,29.6869,-1,-1,ExactBaseline,0,0,0,0,2.30259,0,3.49494,0,0,0,0,0.979324
Ch6-OV-Exact-Full,29.6944,-1,-1,ExactBaseline,0,0,0,0,2.30259,0,1.24664,0,0,0,0,1
Ch6-OV-Exact-Full,29.7018,-1,-1,ExactBaseline,0,0,0,0,2.30259,0,0.089704,0,0,0,0,1
Ch6-OV-Exact-Full,29.7139,213,274,ExactBaseline,1,1,0.0036473,1.38629,2.30259,4,2.12066,0,0,0,0,0.995419
Ch6-OV-Exact-Full,29.7179,-1,-1,ExactBaseline,0,0,0,0,2.30259,0,1.91125,0,0,0,0,1
Ch6-OV-Exact-Full,29.7195,-1,-1,ExactBaseline,0,0,0,0,2.30259,0,2.78205,0,0,0,0,1
Ch6-OV-Exact-Full,29.7331,-1,-1,ExactBaseline,0,0,0,0,2.30259,0,4.20786,0,0,0,0,1
Ch6-OV-Exact-Full,29.7398,27,295,ExactBaseline,1,1,0.00318465,1.38629,2.30259,4,2.6711,0,0,0,0,0.97912
Ch6-OV-Exact-Full,29.7497,151,74,ExactBaseline,1,1,0.00317657,1.38629,2.30259,4,3.34345,0,0,0,0,0.994303
Ch6-OV-Exact-Full,29.7501,106,345,ExactBaseline,1,1,0.00486168,2.07944,2.30259,5,1.2112,0,0,0,0,0.998884
Ch6-OV-Exact-Full,29.7683,73,39,ExactBaseline,1,1,0.00481572,2.07944,2.30259,5,3.05894,0,0,0,0,0.989721
Ch6-OV-Exact-Full,29.7693,82,345,ExactBaseline,1,1,0.00316848,1.38629,2.30259,4,2.33901,0,0,0,0,0.993187
Ch6-OV-Exact-Full,29.7745,-1,-1,ExactBaseline,0,0,0,0,2.30259,0,2.01701,0,0,0,0,1
Ch6-OV-Exact-Full,29.7807,-1,-1,ExactBaseline,0,0,0,0,2.30259,0,0.488252,0,0,0,0,1
Ch6-OV-Exact-Full,29.8004,-1,-1,ExactBaseline,0,0,0,0,2.30259,0,2.88183,0,0,0,0,0.995419
Ch6-OV-Exact-Full,29.8206,-1,-1,ExactBaseline,0,0,0,0,2.30259,0,0.912894,0,0,0,0,0.995419
Ch6-OV-Exact-Full,29.8236,-1,-1,ExactBaseline,0,0,0,0,2.30259,0,1.89986,0,0,0,0,0.991953
Ch6-OV-Exact-Full,29.8346,-1,-1,ExactBaseline,0,0,0,0,2.30259,0,0.216145,0,0,0,0,1
Ch6-OV-Exact-Full,29.8562,22,236,ExactBaseline,1,1,0.00449447,2.07944,2.30259,5,1.48284,0,0,0,0,0.984024
Ch6-OV-Exact-Full,29.8589,-1,-1,ExactBaseline,0,0,0,0,2.30259,0,2.88964,0,0,0,0,1
Ch6-OV-Exact-Full,29.8632,34,288,ExactBaseline,1,1,0.00600965,2.16183,2.30259,6,3.22667,0,0,0,0,0.992072
Ch6-OV-Exact-Full,29.8791,-1,-1,ExactBaseline,0,0,0,0,2.30259,0,3.5575,0,0,0,0,0.995419
Ch6-OV-Exact-Full,29.9,223,229,ExactBaseline,1,1,0.0021807,0.693147,2.30259,3,1.85405,0,0,0,0,0.991953
Ch6-OV-Exact-Full,29.9183,197,408,ExactBaseline,1,1,0.00451142,2.07944,2.30259,5,1.18145,0,0,0,0,0.997769
Ch6-OV-Exact-Full,29.9298,194,332,ExactBaseline,1,1,0.00240947,0.693147,2.30259,3,2.37164,0,0,0,0,0.991953
Ch6-OV-Exact-Full,29.9373,-1,-1,ExactBaseline,0,0,0,0,2.30259,0,3.4554,0,0,0,0,0.991953
Ch6-OV-Exact-Full,29.9444,-1,-1,ExactBaseline,0,0,0,0,2.30259,0,3.96977,0,0,0,0,1
Ch6-OV-Exact-Full,29.952,149,55,ExactBaseline,1,1,0.00443529,2.07944,2.30259,5,4.04749,0,0,0,0,0.997769
Ch6-OV-Exact-Full,29.9719,-1,-1,ExactBaseline,0,0,0,0,2.30259,0,2.62322,0,0,0,0,0.995126
Ch6-OV-Exact-Full,29.9815,-1,-1,ExactBaseline,0,0,0,0,2.30259,0,2.15155,0,0,0,0,1
Ch6-OV-Exact-Full,29.9821,-1,-1,ExactBaseline,0,0,0,0,2.30259,0,0.996734,0,0,0,0,1
Ch6-OV-Exact-Full,30.0059,129,30,ExactBaseline,1,1,0.0020501,0.693147,2.30259,3,0.777621,0,0,0,0,0.983906
Ch6-OV-Exact-Full,30.0119,30,274,ExactBaseline,1,1,0.0044163,1.92529,2.30259,5,0.927842,0,0,0,0,0.992005
Ch6-OV-Exact-Full,30.0153,-1,-1,ExactBaseline,0,0,0,0,2.30259,0,0.451351,0,0,0,0,1
Ch6-OV-Exact-Full,30.0153,21,5,ExactBaseline,1,1,0.00602572,2.16183,2.30259,6,3.29571,0,0,0,0,0.993599
Ch6-OV-Exact-Full,30.0171,24,382,ExactBaseline,1,1,0.00193147,0.693147,2.30259,3,0.229797,0,0,0,0,0.98931
Ch6-OV-Exact-Full,30.0191,-1,-1,ExactBaseline,0,0,0,0,2.30259,0,0.773595,0,0,0,0,0.999296
Ch6-OV-Exact-Full,30.0273,2,46,ExactBaseline,1,1,0.00337027,1.38629,2.30259,4,1.78564,0,0,0,0,0.995419
Ch6-OV-Exact-Full,30.0336,-1,-1,ExactBaseline,0,0,0,0,2.30259,0,1.90423,0,0,0,0,1
Ch6-OV-Exact-Full,30.0348,-1,-1,ExactBaseline,0,0,0,0,2.30259,0,2.5468,0,0,0,0,0.985485
Ch6-OV-Exact-Full,30.0396,-1,-1,ExactBaseline,0,0,0,0,2.30259,0,2.25205,0,0,0,0,1
Ch6-OV-Exact-Full,30.0519,-1,-1,ExactBaseline,0,0,0,0,2.30259,0,2.99286,0,0,0,0,0.997769
Ch6-OV-Exact-Full,30.0652,-1,-1,ExactBaseline,0,0,0,0,2.30259,0,0.678306,0,0,0,0,0.995419
Ch6-OV-Exact-Full,30.0796,-1,-1,ExactBaseline,0,0,0,0,2.30259,0,2.72237,0,0,0,0,0.991953
Ch6-OV-Exact-Full,30.0969,-1,-1,ExactBaseline,0,0,0,0,2.30259,0,3.81895,0,0,0,0,1
Ch6-OV-Exact-Full,30.1025,-1,-1,ExactBaseline,0,0,0,0,2.30259,0,1.68164,0,0,0,0,1
Ch6-OV-Exact-Full,30.1103,-1,-1,ExactBaseline,0,0,0,0,2.30259,0,0.055499,0,0,0,0,1
Ch6-OV-Exact-Full,30.1207,-1,-1,ExactBaseline,0,0,0,0,2.30259,0,0.328852,0,0,0,0,1
Ch6-OV-Exact-Full,30.1399,-1,-1,ExactBaseline,0,0,0,0,2.30259,0,2.28254,0,0,0,0,1
Ch6-OV-Exact-Full,30.1784,-1,-1,ExactBaseline,0,0,0,0,2.30259,0,0.415811,0,0,0,0,0.998884
Ch6-OV-Exact-Full,30.1793,110,125,ExactBaseline,1,1,0.00480952,2.07944,2.30259,5,0.27434,0,0,0,0,0.994303
Ch6-OV-Exact-Full,30.1834,31,113,ExactBaseline,1,1,0.00624133,2.16183,2.30259,6,2.06552,0,0,0,0,0.991249
Ch6-OV-Exact-Full,30.2062,-1,-1,ExactBaseline,0,0,0,0,2.30259,0,2.121,0,0,0,0,1
Ch6-OV-Exact-Full,30.2109,-1,-1,ExactBaseline,0,0,0,0,2.30259,0,2.09957,0,0,0,0,1
Ch6-OV-Exact-Full,30.2355,-1,-1,ExactBaseline,0,0,0,0,2.30259,0,0.333958,0,0,0,0,1
Ch6-OV-Exact-Full,30.2357,-1,-1,ExactBaseline,0,0,0,0,2.30259,0,0.082062,0,0,0,0,1
Ch6-OV-Exact-Full,30.2418,-1,-1,ExactBaseline,0,0,0,0,2.30259,0,1.20315,0,0,0,0,0.994341
Ch6-OV-Exact-Full,30.2527,152,260,ExactBaseline,1,1,0.00362088,1.38629,2.30259,4,0.437063,0,0,0,0,0.995419
Ch6-OV-Exact-Full,30.2538,125,338,ExactBaseline,1,1,0.00485085,2.07944,2.30259,5,1.94931,0,0,0,0,0.994303
Ch6-OV-Exact-Full,30.2604,-1,-1,ExactBaseline,0,0,0,0,2.30259,0,0.141717,0,0,0,0,1
Ch6-OV-Exact-Full,30.2636,-1,-1,ExactBaseline,0,0,0,0,2.30259,0,2.95762,0,0,0,0,1
Ch6-OV-Exact-Full,30.2778,-1,-1,ExactBaseline,0,0,0,0,2.30259,0,0.189563,0,0,0,0,1
Ch6-OV-Exact-Full,30.2951,-1,-1,ExactBaseline,0,0,0,0,2.30259,0,4.73108,0,0,0,0,0.990837
Ch6-OV-Exact-Full,30.302,87,24,ExactBaseline,1,1,0.00448166,2.07944,2.30259,5,3.30288,0,0,0,0,0.990837
Ch6-OV-Exact-Full,30.3166,-1,-1,ExactBaseline,0,0,0,0,2.30259,0,2.61345,0,0,0,0,0.995419
Ch6-OV-Exact-Full,30.3245,-1,-1,ExactBaseline,0,0,0,0,2.30259,0,3.57425,0,0,0,0,1
Ch6-OV-Exact-Full,30.3289,-1,-1,ExactBaseline,0,0,0,0,2.30259,0,1.49347,0,0,0,0,0.998884
Ch6-OV-Exact-Full,30.3412,-1,-1,ExactBaseline,0,0,0,0,2.30259,0,2.17667,0,0,0,0,0.991953
Ch6-OV-Exact-Full,30.3419,-1,-1,ExactBaseline,0,0,0,0,2.30259,0,2.79061,0,0,0,0,0.989003
Ch6-OV-Exact-Full,30.3441,-1,-1,ExactBaseline,0,0,0,0,2.30259,0,0.291762,0,0,0,0,1
Ch6-OV-Exact-Full,30.3471,215,261,ExactBaseline,1,1,0.00240944,0.693147,2.30259,3,0.591122,0,0,0,0,0.991953
Ch6-OV-Exact-Full,30.3497,202,393,ExactBaseline,1,1,0.00482382,2.07944,2.30259,5,2.21047,0,0,0,0,0.998884
Ch6-OV-Exact-Full,30.408,214,246,ExactBaseline,1,1,0.00336773,1.38629,2.30259,4,2.87762,0,0,0,0,0.990837
Ch6-OV-Exact-Full,30.4199,200,240,ExactBaseline,1,1,0.00241609,0.693147,2.30259,3,1.05242,0,0,0,0,0.991953
Ch6-OV-Exact-Full,30.4471,128,221,ExactBaseline,1,1,0.00240329,0.693147,2.30259,3,2.77949,0,0,0,0,0.991953
Ch6-OV-Exact-Full,30.4532,-1,-1,ExactBaseline,0,0,0,0,2.30259,0,2.35614,0,0,0,0,1
Ch6-OV-Exact-Full,30.4663,-1,-1,ExactBaseline,0,0,0,0,2.30259,0,0.164096,0,0,0,0,0.998884
Ch6-OV-Exact-Full,30.472,-1,-1,ExactBaseline,0,0,0,0,2.30259,0,2.27701,0,0,0,0,1
Ch6-OV-Exact-Full,30.473,-1,-1,ExactBaseline,0,0,0,0,2.30259,0,0.372867,0,0,0,0,1
Ch6-OV-Exact-Full,30.4806,-1,-1,ExactBaseline,0,0,0,0,2.30259,0,0.163869,0,0,0,0,0.998884
Ch6-OV-Exact-Full,30.4809,-1,-1,ExactBaseline,0,0,0,0,2.30259,0,2.14256,0,0,0,0,0.991953
Ch6-OV-Exact-Full,30.4818,-1,-1,ExactBaseline,0,0,0,0,2.30259,0,1.16516,0,0,0,0,1
Ch6-OV-Exact-Full,30.5044,-1,-1,ExactBaseline,0,0,0,0,2.30259,0,1.75114,0,0,0,0,0.997357
Ch6-OV-Exact-Full,30.5096,-1,-1,ExactBaseline,0,0,0,0,2.30259,0,1.29232,0,0,0,0,1
Ch6-OV-Exact-Full,30.5123,-1,-1,ExactBaseline,0,0,0,0,2.30259,0,2.2705,0,0,0,0,1
Ch6-OV-Exact-Full,30.5148,-1,-1,ExactBaseline,0,0,0,0,2.30259,0,1.62337,0,0,0,0,0.995419
Ch6-OV-Exact-Full,30.5228,-1,-1,ExactBaseline,0,0,0,0,2.30259,0,1.79381,0,0,0,0,1
Ch6-OV-Exact-Full,30.5382,-1,-1,ExactBaseline,0,0,0,0,2.30259,0,2.04884,0,0,0,0,1
Ch6-OV-Exact-Full,30.5491,207,52,ExactBaseline,1,1,0.00363754,1.38629,2.30259,4,1.29886,0,0,0,0,0.994303
Ch6-OV-Exact-Full,30.5548,-1,-1,ExactBaseline,0,0,0,0,2.30259,0,0.948354,0,0,0,0,1
Ch6-OV-Exact-Full,30.5659,-1,-1,ExactBaseline,0,0,0,0,2.30259,0,2.09444,0,0,0,0,1
Ch6-OV-Exact-Full,30.5684,-1,-1,ExactBaseline,0,0,0,0,2.30259,0,3.24601,0,0,0,0,0.994303
Ch6-OV-Exact-Full,30.5709,-1,-1,ExactBaseline,0,0,0,0,2.30259,0,2.6681,0,0,0,0,1
Ch6-OV-Exact-Full,30.602,-1,-1,ExactBaseline,0,0,0,0,2.30259,0,2.4973,0,0,0,0,0.991953
Ch6-OV-Exact-Full,30.6026,13,21,ExactBaseline,1,1,0.00242942,0.693147,2.30259,3,1.32615,0,0,0,0,0.979324
Ch6-OV-Exact-Full,30.6161,100,96,ExactBaseline,1,1,0.00484243,2.07944,2.30259,5,2.83114,0,0,0,0,0.998884
Ch6-OV-Exact-Full,30.6168,-1,-1,ExactBaseline,0,0,0,0,2.30259,0,0.034171,0,0,0,0,1
Ch6-OV-Exact-Full,30.6248,256,81,ExactBaseline,1,1,0.00479913,2.07944,2.30259,5,0.066519,0,0,0,0,0.998884
Ch6-OV-Exact-Full,30.6323,97,276,ExactBaseline,1,1,0.00327251,1.38629,2.30259,4,1.75809,0,0,0,0,0.989721
Ch6-OV-Exact-Full,30.6379,-1,-1,ExactBaseline,0,0,0,0,2.30259,0,2.18321,0,0,0,0,0.995214
Ch6-OV-Exact-Full,30.6464,-1,-1,ExactBaseline,0,0,0,0,2.30259,0,5.87375,0,0,0,0,0.991953
Ch6-OV-Exact-Full,30.6521,90,229,ExactBaseline,1,1,0.00195368,0.693147,2.30259,3,1.35912,0,0,0,0,0.991953
Ch6-OV-Exact-Full,30.6751,-1,-1,ExactBaseline,0,0,0,0,2.30259,0,2.55038,0,0,0,0,0.995419
Ch6-OV-Exact-Full,30.6796,-1,-1,ExactBaseline,0,0,0,0,2.30259,0,0.091468,0,0,0,0,1
Ch6-OV-Exact-Full,30.68,-1,-1,ExactBaseline,0,0,0,0,2.30259,0,3.61062,0,0,0,0,1
Ch6-OV-Exact-Full,30.6935,246,56,ExactBaseline,1,1,0.00315671,1.38629,2.30259,4,2.15907,0,0,0,0,0.995419
Ch6-OV-Exact-Full,30.7041,-1,-1,ExactBaseline,0,0,0,0,2.30259,0,3.11376,0,0,0,0,1
Ch6-OV-Exact-Full,30.7076,-1,-1,ExactBaseline,0,0,0,0,2.30259,0,0.576801,0,0,0,0,1
Ch6-OV-Exact-Full,30.71,-1,-1,ExactBaseline,0,0,0,0,2.30259,0,0.678974,0,0,0,0,1
Ch6-OV-Exact-Full,30.7175,218,307,ExactBaseline,1,1,0.00442298,2.07944,2.30259,5,3.06884,0,0,0,0,0.998884
Ch6-OV-Exact-Full,30.7461,-1,-1,ExactBaseline,0,0,0,0,2.30259,0,1.82184,0,0,0,0,1
Ch6-OV-Exact-Full,30.7701,-1,-1,ExactBaseline,0,0,0,0,2.30259,0,1.86704,0,0,0,0,1
Ch6-OV-Exact-Full,30.7786,-1,-1,ExactBaseline,0,0,0,0,2.30259,0,0.519491,0,0,0,0,0.998884
Ch6-OV-Exact-Full,30.7823,-1,-1,ExactBaseline,0,0,0,0,2.30259,0,2.20114,0,0,0,0,0.998884
Ch6-OV-Exact-Full,30.7889,-1,-1,ExactBaseline,0,0,0,0,2.30259,0,0.199554,0,0,0,0,1
Ch6-OV-Exact-Full,30.7955,-1,-1,ExactBaseline,0,0,0,0,2.30259,0,0.084745,0,0,0,0,1
Ch6-OV-Exact-Full,30.7959,-1,-1,ExactBaseline,0,0,0,0,2.30259,0,1.28035,0,0,0,0,0.991953
Ch6-OV-Exact-Full,30.8035,-1,-1,ExactBaseline,0,0,0,0,2.30259,0,1.79424,0,0,0,0,1
Ch6-OV-Exact-Full,30.8078,133,91,ExactBaseline,1,1,0.00241029,0.693147,2.30259,3,2.86327,0,0,0,0,0.991953
Ch6-OV-Exact-Full,30.8131,-1,-1,ExactBaseline,0,0,0,0,2.30259,0,0.535254,0,0,0,0,0.997769
Ch6-OV-Exact-Full,30.8149,-1,-1,ExactBaseline,0,0,0,0,2.30259,0,3.01706,0,0,0,0,1
Ch6-OV-Exact-Full,30.8237,155,253,ExactBaseline,1,1,0.0048282,2.07944,2.30259,5,2.53958,0,0,0,0,0.994303
Ch6-OV-Exact-Full,30.8279,-1,-1,ExactBaseline,0,0,0,0,2.30259,0,3.23052,0,0,0,0,1
Ch6-OV-Exact-Full,30.8287,-1,-1,ExactBaseline,0,0,0,0,2.30259,0,1.56321,0,0,0,0,0.989721
Ch6-OV-Exact-Full,30.8439,-1,-1,ExactBaseline,0,0,0,0,2.30259,0,0.071155,0,0,0,0,1
Ch6-OV-Exact-Full,30.862,-1,-1,ExactBaseline,0,0,0,0,2.30259,0,2.054,0,0,0,0,1
Ch6-OV-Exact-Full,30.8776,62,206,ExactBaseline,1,1,0.0019484,0.693147,2.30259,3,0.234452,0,0,0,0,0.979324
Ch6-OV-Exact-Full,30.8886,204,297,ExactBaseline,1,1,0.00483826,2.07944,2.30259,5,2.72997,0,0,0,0,0.995214
Ch6-OV-Exact-Full,30.89,-1,-1,ExactBaseline,0,0,0,0,2.30259,0,2.46493,0,0,0,0,1
Ch6-OV-Exact-Full,30.8955,-1,-1,ExactBaseline,0,0,0,0,2.30259,0,2.29628,0,0,0,0,1
Ch6-OV-Exact-Full,30.904,241,38,ExactBaseline,1,1,0.00409747,1.38629,2.30259,4,0.57005,0,0,0,0,0.995419
Ch6-OV-Exact-Full,30.9076,-1,-1,ExactBaseline,0,0,0,0,2.30259,0,2.01264,0,0,0,0,0.99633
Ch6-OV-Exact-Full,30.9097,-1,-1,ExactBaseline,0,0,0,0,2.30259,0,2.36798,0,0,0,0,1
Ch6-OV-Exact-Full,30.9192,-1,-1,ExactBaseline,0,0,0,0,2.30259,0,1.80046,0,0,0,0,1
Ch6-OV-Exact-Full,30.927,-1,-1,ExactBaseline,0,0,0,0,2.30259,0,2.7934,0,0,0,0,0.998884
Ch6-OV-Exact-Full,30.9654,-1,-1,ExactBaseline,0,0,0,0,2.30259,0,2.73747,0,0,0,0,0.998884
Ch6-OV-Exact-Full,30.9679,-1,-1,ExactBaseline,0,0,0,0,2.30259,0,1.98178,0,0,0,0,0.983906
Ch6-OV-Exact-Full,30.978,-1,-1,ExactBaseline,0,0,0,0,2.30259,0,1.55403,0,0,0,0,1
Ch6-OV-Exact-Full,31.0085,-1,-1,ExactBaseline,0,0,0,0,2.30259,0,0.02907,0,0,0,0,1
Ch6-OV-Exact-Full,31.014,-1,-1,ExactBaseline,0,0,0,0,2.30259,0,0.478444,0,0,0,0,1
Ch6-OV-Exact-Full,31.0174,-1,-1,ExactBaseline,0,0,0,0,2.30259,0,1.71325,0,0,0,0,1
Ch6-OV-Exact-Full,31.0189,251,184,ExactBaseline,1,1,0.00209306,0.693147,2.30259,3,2.46368,0,0,0,0,0.991953
Ch6-OV-Exact-Full,31.0254,-1,-1,ExactBaseline,0,0,0,0,2.30259,0,1.89542,0,0,0,0,1
Ch6-OV-Exact-Full,31.0316,-1,-1,ExactBaseline,0,0,0,0,2.30259,0,0.195586,0,0,0,0,1
Ch6-OV-Exact-Full,31.0358,-1,-1,ExactBaseline,0,0,0,0,2.30259,0,2.18928,0,0,0,0,0.994303
Ch6-OV-Exact-Full,31.036,-1,-1,ExactBaseline,0,0,0,0,2.30259,0,1.63849,0,0,0,0,1
Ch6-OV-Exact-Full,31.0478,-1,-1,ExactBaseline,0,0,0,0,2.30259,0,0.534197,0,0,0,0,1
Ch6-OV-Exact-Full,31.0551,-1,-1,ExactBaseline,0,0,0,0,2.30259,0,1.64284,0,0,0,0,1
Ch6-OV-Exact-Full,31.0587,-1,-1,ExactBaseline,0,0,0,0,2.30259,0,4.60749,0,0,0,0,0.980147
Ch6-OV-Exact-Full,31.06,-1,-1,ExactBaseline,0,0,0,0,2.30259,0,1.72425,0,0,0,0,0.987371
Ch6-OV-Exact-Full,31.0602,19,89,ExactBaseline,1,1,0.00335326,1.38629,2.30259,4,3.543,0,0,0,0,0.995419
Ch6-OV-Exact-Full,31.0659,-1,-1,ExactBaseline,0,0,0,0,2.30259,0,0.435479,0,0,0,0,1
Ch6-OV-Exact-Full,31.0762,165,175,ExactBaseline,1,1,0.0048294,2.07944,2.30259,5,2.28348,0,0,0,0,0.990837
Ch6-OV-Exact-Full,31.0793,-1,-1,ExactBaseline,0,0,0,0,2.30259,0,2.94959,0,0,0,0,1
Ch6-OV-Exact-Full,31.0793,-1,-1,ExactBaseline,0,0,0,0,2.30259,0,0.913466,0,0,0,0,0.998884
Ch6-OV-Exact-Full,31.0895,-1,-1,ExactBaseline,0,0,0,0,2.30259,0,0.095926,0,0,0,0,1
Ch6-OV-Exact-Full,31.092,111,278,ExactBaseline,1,1,0.00435937,2.07944,2.30259,5,2.98151,0,0,0,0,0.989721
Ch6-OV-Exact-Full,31.0943,-1,-1,ExactBaseline,0,0,0,0,2.30259,0,2.16309,0,0,0,0,1
Ch6-OV-Exact-Full,31.0958,262,220,ExactBaseline,1,1,0.0031863,1.38629,2.30259,4,2.756,0,0,0,0,0.995419
Ch6-OV-Exact-Full,31.0993,-1,-1,ExactBaseline,0,0,0,0,2.30259,0,3.77314,0,0,0,0,1
Ch6-OV-Exact-Full,31.1028,203,68,ExactBaseline,1,1,0.00239687,0.693147,2.30259,3,1.66998,0,0,0,0,0.991953
Ch6-OV-Exact-Full,31.1136,43,38,ExactBaseline,1,1,0.00198277,0.693147,2.30259,3,2.81325,0,0,0,0,0.991953
Ch6-OV-Exact-Full,31.1336,187,258,ExactBaseline,1,1,0.00422946,1.38629,2.30259,4,3.09142,0,0,0,0,0.986256
Ch6-OV-Exact-Full,31.1394,-1,-1,ExactBaseline,0,0,0,0,2.30259,0,3.09324,0,0,0,0,0.970161
Ch6-OV-Exact-Full,31.1413,-1,-1,ExactBaseline,0,0,0,0,2.30259,0,0.051384,0,0,0,0,1
Ch6-OV-Exact-Full,31.1453,-1,-1,ExactBaseline,0,0,0,0,2.30259,0,2.21353,0,0,0,0,0.995419
Ch6-OV-Exact-Full,31.1454,-1,-1,ExactBaseline,0,0,0,0,2.30259,0,3.31332,0,0,0,0,0.989721
Ch6-OV-Exact-Full,31.1459,163,296,ExactBaseline,1,1,0.00486464,2.07944,2.30259,5,2.36132,0,0,0,0,0.998884
Ch6-OV-Exact-Full,31.1508,-1,-1,ExactBaseline,0,0,0,0,2.30259,0,0.443093,0,0,0,0,1
Ch6-OV-Exact-Full,31.1626,-1,-1,ExactBaseline,0,0,0,0,2.30259,0,3.41413,0,0,0,0,0.990426
Ch6-OV-Exact-Full,31.1714,221,374,ExactBaseline,1,1,0.002424,0.693147,2.30259,3,2.86435,0,0,0,0,0.983906
Ch6-OV-Exact-Full,31.1995,-1,-1,ExactBaseline,0,0,0,0,2.30259,0,2.10012,0,0,0,0,1
Ch6-OV-Exact-Full,31.2047,-1,-1,ExactBaseline,0,0,0,0,2.30259,0,2.75658,0,0,0,0,0.996653
Ch6-OV-Exact-Full,31.2053,-1,-1,ExactBaseline,0,0,0,0,2.30259,0,3.95597,0,0,0,0,0.993532
Ch6-OV-Exact-Full,31.2063,107,429,ExactBaseline,1,1,0.00484676,2.07944,2.30259,5,3.10668,0,0,0,0,0.984024
Ch6-OV-Exact-Full,31.2218,112,365,ExactBaseline,1,1,0.00317403,1.38629,2.30259,4,3.28132,0,0,0,0,0.986256
Ch6-OV-Exact-Full,31.2228,-1,-1,ExactBaseline,0,0,0,0,2.30259,0,2.16617,0,0,0,0,1
Ch6-OV-Exact-Full,31.2259,-1,-1,ExactBaseline,0,0,0,0,2.30259,0,0.061444,0,0,0,0,1
Ch6-OV-Exact-Full,31.2315,-1,-1,ExactBaseline,0,0,0,0,2.30259,0,2.66604,0,0,0,0,0.998884
Ch6-OV-Exact-Full,31.2342,-1,-1,ExactBaseline,0,0,0,0,2.30259,0,2.18024,0,0,0,0,0.995419
Ch6-OV-Exact-Full,31.2348,153,169,ExactBaseline,1,1,0.00299193,0.693147,2.30259,3,1.20503,0,0,0,0,0.991953
Ch6-OV-Exact-Full,31.237,-1,-1,ExactBaseline,0,0,0,0,2.30259,0,2.32962,0,0,0,0,0.995419
Ch6-OV-Exact-Full,31.242,-1,-1,ExactBaseline,0,0,0,0,2.30259,0,3.62012,0,0,0,0,0.986256
Ch6-OV-Exact-Full,31.2423,52,351,ExactBaseline,1,1,0.004474,2.07944,2.30259,5,4.40885,0,0,0,0,0.994303
Ch6-OV-Exact-Full,31.247,-1,-1,ExactBaseline,0,0,0,0,2.30259,0,0.015293,0,0,0,0,1
Ch6-OV-Exact-Full,31.2504,130,71,ExactBaseline,1,1,0.00434853,2.07944,2.30259,5,1.75041,0,0,0,0,0.998884
Ch6-OV-Exact-Full,31.259,-1,-1,ExactBaseline,0,0,0,0,2.30259,0,2.29028,0,0,0,0,1
Ch6-OV-Exact-Full,31.2636,39,41,ExactBaseline,1,1,0.00436303,2.07944,2.30259,5,1.12667,0,0,0,0,0.996653
Ch6-OV-Exact-Full,31.2773,-1,-1,ExactBaseline,0,0,0,0,2.30259,0,2.5117,0,0,0,0,1
Ch6-OV-Exact-Full,31.2786,-1,-1,ExactBaseline,0,0,0,0,2.30259,0,0.080637,0,0,0,0,1
Ch6-OV-Exact-Full,31.2872,59,239,ExactBaseline,1,1,0.00541447,2.07944,2.30259,5,2.47716,0,0,0,0,0.989721
Ch6-OV-Exact-Full,31.2892,225,419,ExactBaseline,1,1,0.00337363,1.38629,2.30259,4,2.45865,0,0,0,0,0.995419
Ch6-OV-Exact-Full,31.2961,-1,-1,ExactBaseline,0,0,0,0,2.30259,0,2.99757,0,0,0,0,1
Ch6-OV-Exact-Full,31.2994,-1,-1,ExactBaseline,0,0,0,0,2.30259,0,2.77984,0,0,0,0,1
Ch6-OV-Exact-Full,31.3113,-1,-1,ExactBaseline,0,0,0,0,2.30259,0,0.207032,0,0,0,0,1
Ch6-OV-Exact-Full,31.3116,-1,-1,ExactBaseline,0,0,0,0,2.30259,0,0.112022,0,0,0,0,1
Ch6-OV-Exact-Full,31.3139,-1,-1,ExactBaseline,0,0,0,0,2.30259,0,3.02014,0,0,0,0,1
Ch6-OV-Exact-Full,31.3145,-1,-1,ExactBaseline,0,0,0,0,2.30259,0,2.88205,0,0,0,0,1
Ch6-OV-Exact-Full,31.317,68,246,ExactBaseline,1,1,0.00240002,0.693147,2.30259,3,0.354993,0,0,0,0,0.979324
Ch6-OV-Exact-Full,31.3184,-1,-1,ExactBaseline,0,0,0,0,2.30259,0,0.454942,0,0,0,0,1
Ch6-OV-Exact-Full,31.3234,-1,-1,ExactBaseline,0,0,0,0,2.30259,0,1.87396,0,0,0,0,1
Ch6-OV-Exact-Full,31.3293,232,187,ExactBaseline,1,1,0.00222102,0.693147,2.30259,3,1.85717,0,0,0,0,0.991953
Ch6-OV-Exact-Full,31.3376,-1,-1,ExactBaseline,0,0,0,0,2.30259,0,3.22983,0,0,0,0,0.998884
Ch6-OV-Exact-Full,31.3471,1,360,ExactBaseline,1,1,0.00362441,1.38629,2.30259,4,0.723901,0,0,0,0,0.994715
Ch6-OV-Exact-Full,31.3479,-1,-1,ExactBaseline,0,0,0,0,2.30259,0,1.95663,0,0,0,0,1
Ch6-OV-Exact-Full,31.3637,190,8,ExactBaseline,1,1,0.00483189,2.07944,2.30259,5,2.67966,0,0,0,0,0.994303
Ch6-OV-Exact-Full,31.3654,7,118,ExactBaseline,1,1,0.00450963,2.07944,2.30259,5,1.53511,0,0,0,0,0.992895
Ch6-OV-Exact-Full,31.3757,-1,-1,ExactBaseline,0,0,0,0,2.30259,0,0.322021,0,0,0,0,0.991953
Ch6-OV-Exact-Full,31.3855,-1,-1,ExactBaseline,0,0,0,0,2.30259,0,2.13483,0,0,0,0,1
Ch6-OV-Exact-Full,31.3911,-1,-1,ExactBaseline,0,0,0,0,2.30259,0,2.60156,0,0,0,0,1
Ch6-OV-Exact-Full,31.4018,275,267,ExactBaseline,1,1,0.00486449,2.07944,2.30259,5,3.85074,0,0,0,0,0.998884
Ch6-OV-Exact-Full,31.4041,-1,-1,ExactBaseline,0,0,0,0,2.30259,0,3.66333,0,0,0,0,0.995419
Ch6-OV-Exact-Full,31.4053,-1,-1,ExactBaseline,0,0,0,0,2.30259,0,2.11435,0,0,0,0,1
Ch6-OV-Exact-Full,31.416,-1,-1,ExactBaseline,0,0,0,0,2.30259,0,2.10807,0,0,0,0,0.991953
Ch6-OV-Exact-Full,31.4255,-1,-1,ExactBaseline,0,0,0,0,2.30259,0,3.73776,0,0,0,0,0.987371
Ch6-OV-Exact-Full,31.4256,-1,-1,ExactBaseline,0,0,0,0,2.30259,0,1.99864,0,0,0,0,1
Ch6-OV-Exact-Full,31.4263,195,84,ExactBaseline,1,1,0.00314422,1.38629,2.30259,4,3.10046,0,0,0,0,0.995419
Ch6-OV-Exact-Full,31.4553,94,125,ExactBaseline,1,1,0.00459589,2.07944,2.30259,5,2.68291,0,0,0,0,0.993187
Ch6-OV-Exact-Full,31.4573,-1,-1,ExactBaseline,0,0,0,0,2.30259,0,3.08571,0,0,0,0,1
Ch6-OV-Exact-Full,31.4602,65,98,ExactBaseline,1,1,0.00447569,2.07944,2.30259,5,0.800417,0,0,0,0,0.998884
Ch6-OV-Exact-Full,31.4684,-1,-1,ExactBaseline,0,0,0,0,2.30259,0,1.94266,0,0,0,0,1
Ch6-OV-Exact-Full,31.4708,-1,-1,ExactBaseline,0,0,0,0,2.30259,0,2.10312,0,0,0,0,1
Ch6-OV-Exact-Full,31.4713,-1,-1,ExactBaseline,0,0,0,0,2.30259,0,0.210351,0,0,0,0,0.998884
Ch6-OV-Exact-Full,31.4817,-1,-1,ExactBaseline,0,0,0,0,2.30259,0,3.25069,0,0,0,0,0.987371
Ch6-OV-Exact-Full,31.499,-1,-1,ExactBaseline,0,0,0,0,2.30259,0,2.61679,0,0,0,0,0.990837
Ch6-OV-Exact-Full,31.5034,-1,-1,ExactBaseline,0,0,0,0,2.30259,0,1.48199,0,0,0,0,0.998884
Ch6-OV-Exact-Full,31.5143,-1,-1,ExactBaseline,0,0,0,0,2.30259,0,2.40994,0,0,0,0,0.991953
Ch6-OV-Exact-Full,31.5147,-1,-1,ExactBaseline,0,0,0,0,2.30259,0,2.26506,0,0,0,0,0.987167
Ch6-OV-Exact-Full,31.5177,-1,-1,ExactBaseline,0,0,0,0,2.30259,0,0.092595,0,0,0,0,1
Ch6-OV-Exact-Full,31.5196,113,88,ExactBaseline,1,1,0.00344073,1.38629,2.30259,4,3.76117,0,0,0,0,0.995419
Ch6-OV-Exact-Full,31.5226,-1,-1,ExactBaseline,0,0,0,0,2.30259,0,3.16162,0,0,0,0,1
Ch6-OV-Exact-Full,31.5304,-1,-1,ExactBaseline,0,0,0,0,2.30259,0,2.4805,0,0,0,0,0.991953
Ch6-OV-Exact-Full,31.5349,-1,-1,ExactBaseline,0,0,0,0,2.30259,0,2.41507,0,0,0,0,0.991953
Ch6-OV-Exact-Full,31.547,-1,-1,ExactBaseline,0,0,0,0,2.30259,0,3.05593,0,0,0,0,0.98279
Ch6-OV-Exact-Full,31.55,-1,-1,ExactBaseline,0,0,0,0,2.30259,0,2.4789,0,0,0,0,1
Ch6-OV-Exact-Full,31.5512,-1,-1,ExactBaseline,0,0,0,0,2.30259,0,3.94915,0,0,0,0,0.982019
Ch6-OV-Exact-Full,31.5519,158,179,ExactBaseline,1,1,0.0044266,2.07944,2.30259,5,2.41007,0,0,0,0,0.998884
Ch6-OV-Exact-Full,31.5596,-1,-1,ExactBaseline,0,0,0,0,2.30259,0,2.65461,0,0,0,0,1
Ch6-OV-Exact-Full,31.5606,115,366,ExactBaseline,1,1,0.00195794,0.693147,2.30259,3,2.01457,0,0,0,0,0.991953
Ch6-OV-Exact-Full,31.5749,-1,-1,ExactBaseline,0,0,0,0,2.30259,0,1.14659,0,0,0,0,0.998884
Ch6-OV-Exact-Full,31.5753,-1,-1,ExactBaseline,0,0,0,0,2.30259,0,2.61309,0,0,0,0,1
Ch6-OV-Exact-Full,31.5775,-1,-1,ExactBaseline,0,0,0,0,2.30259,0,3.36065,0,0,0,0,0.991953
Ch6-OV-Exact-Full,31.5875,127,309,ExactBaseline,1,1,0.00441767,2.07944,2.30259,5,3.29228,0,0,0,0,0.997769
Ch6-OV-Exact-Full,31.6198,-1,-1,ExactBaseline,0,0,0,0,2.30259,0,1.47603,0,0,0,0,1
Ch6-OV-Exact-Full,31.6219,-1,-1,ExactBaseline,0,0,0,0,2.30259,0,3.54991,0,0,0,0,0.991953
Ch6-OV-Exact-Full,31.6339,-1,-1,ExactBaseline,0,0,0,0,2.30259,0,1.90408,0,0,0,0,1
Ch6-OV-Exact-Full,31.6379,-1,-1,ExactBaseline,0,0,0,0,2.30259,0,2.16086,0,0,0,0,1
Ch6-OV-Exact-Full,31.6456,247,310,ExactBaseline,1,1,0.00217339,0.693147,2.30259,3,1.35367,0,0,0,0,0.991953
Ch6-OV-Exact-Full,31.6516,-1,-1,ExactBaseline,0,0,0,0,2.30259,0,4.29521,0,0,0,0,1
Ch6-OV-Exact-Full,31.6563,-1,-1,ExactBaseline,0,0,0,0,2.30259,0,2.31872,0,0,0,0,1
Ch6-OV-Exact-Full,31.6674,267,406,ExactBaseline,1,1,0.00486946,2.07944,2.30259,5,2.34172,0,0,0,0,0.998884
Ch6-OV-Exact-Full,31.6757,83,18,ExactBaseline,1,1,0.00486708,2.07944,2.30259,5,4.27861,0,0,0,0,0.998884
Ch6-OV-Exact-Full,31.6782,-1,-1,ExactBaseline,0,0,0,0,2.30259,0,0.185827,0,0,0,0,1
Ch6-OV-Exact-Full,31.6803,-1,-1,ExactBaseline,0,0,0,0,2.30259,0,2.00149,0,0,0,0,1
Ch6-OV-Exact-Full,31.6846,-1,-1,ExactBaseline,0,0,0,0,2.30259,0,2.49036,0,0,0,0,0.983906
Ch6-OV-Exact-Full,31.6868,-1,-1,ExactBaseline,0,0,0,0,2.30259,0,2.60884,0,0,0,0,1
Ch6-OV-Exact-Full,31.6869,-1,-1,ExactBaseline,0,0,0,0,2.30259,0,6.80467,0,0,0,0,0.979324
Ch6-OV-Exact-Full,31.6944,-1,-1,ExactBaseline,0,0,0,0,2.30259,0,2.71186,0,0,0,0,1
Ch6-OV-Exact-Full,31.7018,-1,-1,ExactBaseline,0,0,0,0,2.30259,0,0.110494,0,0,0,0,1
Ch6-OV-Exact-Full,31.7139,-1,-1,ExactBaseline,0,0,0,0,2.30259,0,2.66366,0,0,0,0,0.995419
Ch6-OV-Exact-Full,31.7179,-1,-1,ExactBaseline,0,0,0,0,2.30259,0,2.65169,0,0,0,0,1
Ch6-OV-Exact-Full,31.7195,-1,-1,ExactBaseline,0,0,0,0,2.30259,0,3.27193,0,0,0,0,1
Ch6-OV-Exact-Full,31.7331,-1,-1,ExactBaseline,0,0,0,0,2.30259,0,2.26978,0,0,0,0,1
Ch6-OV-Exact-Full,31.7398,27,201,ExactBaseline,1,1,0.00196999,0.693147,2.30259,3,1.95666,0,0,0,0,0.971073
Ch6-OV-Exact-Full,31.7419,-1,-1,ExactBaseline,0,0,0,0,2.30259,0,3.56251,0,0,0,0,1
Ch6-OV-Exact-Full,31.7497,-1,-1,ExactBaseline,0,0,0,0,2.30259,0,2.51639,0,0,0,0,0.994303
Ch6-OV-Exact-Full,31.7501,-1,-1,ExactBaseline,0,0,0,0,2.30259,0,1.405,0,0,0,0,0.998884
Ch6-OV-Exact-Full,31.7609,-1,-1,ExactBaseline,0,0,0,0,2.30259,0,2.03324,0,0,0,0,1
Ch6-OV-Exact-Full,31.7683,-1,-1,ExactBaseline,0,0,0,0,2.30259,0,3.49734,0,0,0,0,0.989721
Ch6-OV-Exact-Full,31.7693,82,287,ExactBaseline,1,1,0.00449758,2.07944,2.30259,5,3.22924,0,0,0,0,0.992071
Ch6-OV-Exact-Full,31.7745,-1,-1,ExactBaseline,0,0,0,0,2.30259,0,2.07231,0,0,0,0,1
Ch6-OV-Exact-Full,31.7807,-1,-1,ExactBaseline,0,0,0,0,2.30259,0,0.635136,0,0,0,0,1
Ch6-OV-Exact-Full,31.7989,259,349,ExactBaseline,1,1,0.00485495,2.07944,2.30259,5,2.49562,0,0,0,0,0.998884
Ch6-OV-Exact-Full,31.8004,169,115,ExactBaseline,1,1,0.00198487,0.693147,2.30259,3,2.13125,0,0,0,0,0.987371
Ch6-OV-Exact-Full,31.8169,-1,-1,ExactBaseline,0,0,0,0,2.30259,0,1.8288,0,0,0,0,1
Ch6-OV-Exact-Full,31.8206,-1,-1,ExactBaseline,0,0,0,0,2.30259,0,1.29862,0,0,0,0,0.995419
Ch6-OV-Exact-Full,31.8236,-1,-1,ExactBaseline,0,0,0,0,2.30259,0,2.31911,0,0,0,0,0.991953
Ch6-OV-Exact-Full,31.8346,-1,-1,ExactBaseline,0,0,0,0,2.30259,0,0.263966,0,0,0,0,1
Ch6-OV-Exact-Full,31.8562,-1,-1,ExactBaseline,0,0,0,0,2.30259,0,1.87528,0,0,0,0,0.984024
Ch6-OV-Exact-Full,31.8589,-1,-1,ExactBaseline,0,0,0,0,2.30259,0,3.4715,0,0,0,0,1
Ch6-OV-Exact-Full,31.8632,34,44,ExactBaseline,1,1,0.00318735,1.38629,2.30259,4,3.21215,0,0,0,0,0.987491
Ch6-OV-Exact-Full,31.8791,58,66,ExactBaseline,1,1,0.00205883,0.693147,2.30259,3,2.91686,0,0,0,0,0.987371
Ch6-OV-Exact-Full,31.8809,-1,-1,ExactBaseline,0,0,0,0,2.30259,0,1.95972,0,0,0,0,1
Ch6-OV-Exact-Full,31.9,-1,-1,ExactBaseline,0,0,0,0,2.30259,0,2.92239,0,0,0,0,0.991953
Ch6-OV-Exact-Full,31.9183,-1,-1,ExactBaseline,0,0,0,0,2.30259,0,1.47734,0,0,0,0,0.997769
Ch6-OV-Exact-Full,31.9258,273,272,ExactBaseline,1,1,0.00436407,2.07944,2.30259,5,3.34026,0,0,0,0,0.998884
Ch6-OV-Exact-Full,31.9298,-1,-1,ExactBaseline,0,0,0,0,2.30259,0,3.22671,0,0,0,0,0.991953
Ch6-OV-Exact-Full,31.9373,-1,-1,ExactBaseline,0,0,0,0,2.30259,0,3.15147,0,0,0,0,0.991953
Ch6-OV-Exact-Full,31.9444,168,126,ExactBaseline,1,1,0.00317813,1.38629,2.30259,4,3.54794,0,0,0,0,0.995419
Ch6-OV-Exact-Full,31.952,149,259,ExactBaseline,1,1,0.00439621,2.07944,2.30259,5,4.51229,0,0,0,0,0.996653
Ch6-OV-Exact-Full,31.9719,-1,-1,ExactBaseline,0,0,0,0,2.30259,0,3.74413,0,0,0,0,0.995126
Ch6-OV-Exact-Full,31.9815,69,33,ExactBaseline,1,1,0.00482307,2.07944,2.30259,5,2.6886,0,0,0,0,0.998884
Ch6-OV-Exact-Full,31.9821,-1,-1,ExactBaseline,0,0,0,0,2.30259,0,1.55445,0,0,0,0,1
Ch6-OV-Exact-Full,31.9861,-1,-1,ExactBaseline,0,0,0,0,2.30259,0,3.03608,0,0,0,0,1
Ch6-OV-Exact-Full,32.0059,-1,-1,ExactBaseline,0,0,0,0,2.30259,0,1.29753,0,0,0,0,0.983906
Ch6-OV-Exact-Full,32.0119,-1,-1,ExactBaseline,0,0,0,0,2.30259,0,1.96968,0,0,0,0,0.992005
Ch6-OV-Exact-Full,32.0153,-1,-1,ExactBaseline,0,0,0,0,2.30259,0,0.532619,0,0,0,0,1
Ch6-OV-Exact-Full,32.0153,21,439,ExactBaseline,1,1,0.00559061,2.16183,2.30259,6,4.09713,0,0,0,0,0.992895
Ch6-OV-Exact-Full,32.0171,-1,-1,ExactBaseline,0,0,0,0,2.30259,0,2.05179,0,0,0,0,0.98931
Ch6-OV-Exact-Full,32.0191,-1,-1,ExactBaseline,0,0,0,0,2.30259,0,1.12593,0,0,0,0,0.999296
Ch6-OV-Exact-Full,32.0273,-1,-1,ExactBaseline,0,0,0,0,2.30259,0,2.38582,0,0,0,0,0.995419
Ch6-OV-Exact-Full,32.0336,-1,-1,ExactBaseline,0,0,0,0,2.30259,0,2.64807,0,0,0,0,1
Ch6-OV-Exact-Full,32.0348,-1,-1,ExactBaseline,0,0,0,0,2.30259,0,2.59131,0,0,0,0,0.985485
Ch6-OV-Exact-Full,32.0396,-1,-1,ExactBaseline,0,0,0,0,2.30259,0,3.23567,0,0,0,0,1
Ch6-OV-Exact-Full,32.0481,-1,-1,ExactBaseline,0,0,0,0,2.30259,0,0.739287,0,0,0,0,1
Ch6-OV-Exact-Full,32.0519,-1,-1,ExactBaseline,0,0,0,0,2.30259,0,2.83762,0,0,0,0,0.997769
Ch6-OV-Exact-Full,32.0652,-1,-1,ExactBaseline,0,0,0,0,2.30259,0,0.963644,0,0,0,0,0.995419
Ch6-OV-Exact-Full,32.0796,-1,-1,ExactBaseline,0,0,0,0,2.30259,0,1.75918,0,0,0,0,0.991953
Ch6-OV-Exact-Full,32.0969,-1,-1,ExactBaseline,0,0,0,0,2.30259,0,2.6514,0,0,0,0,1
Ch6-OV-Exact-Full,32.1025,-1,-1,ExactBaseline,0,0,0,0,2.30259,0,1.9014,0,0,0,0,1
Ch6-OV-Exact-Full,32.1103,-1,-1,ExactBaseline,0,0,0,0,2.30259,0,0.093619,0,0,0,0,1
Ch6-OV-Exact-Full,32.1173,-1,-1,ExactBaseline,0,0,0,0,2.30259,0,3.4761,0,0,0,0,1
Ch6-OV-Exact-Full,32.1207,-1,-1,ExactBaseline,0,0,0,0,2.30259,0,0.350514,0,0,0,0,1
Ch6-OV-Exact-Full,32.1218,-1,-1,ExactBaseline,0,0,0,0,2.30259,0,1.53979,0,0,0,0,1
Ch6-OV-Exact-Full,32.1296,-1,-1,ExactBaseline,0,0,0,0,2.30259,0,1.12843,0,0,0,0,1
Ch6-OV-Exact-Full,32.1399,-1,-1,ExactBaseline,0,0,0,0,2.30259,0,2.35513,0,0,0,0,1
Ch6-OV-Exact-Full,32.1456,-1,-1,ExactBaseline,0,0,0,0,2.30259,0,3.21857,0,0,0,0,1
Ch6-OV-Exact-Full,32.1784,-1,-1,ExactBaseline,0,0,0,0,2.30259,0,0.654162,0,0,0,0,0.998884
Ch6-OV-Exact-Full,32.1793,-1,-1,ExactBaseline,0,0,0,0,2.30259,0,0.302246,0,0,0,0,0.994303
Ch6-OV-Exact-Full,32.1834,-1,-1,ExactBaseline,0,0,0,0,2.30259,0,2.6424,0,0,0,0,0.991249
Ch6-OV-Exact-Full,32.1904,-1,-1,ExactBaseline,0,0,0,0,2.30259,0,3.07324,0,0,0,0,1
Ch6-OV-Exact-Full,32.1926,245,378,ExactBaseline,1,1,0.00321431,1.38629,2.30259,4,2.21157,0,0,0,0,0.995419
Ch6-OV-Exact-Full,32.2062,-1,-1,ExactBaseline,0,0,0,0,2.30259,0,2.00211,0,0,0,0,1
Ch6-OV-Exact-Full,32.2109,33,69,ExactBaseline,1,1,0.00483626,1.77406,2.30259,5,3.10154,0,0,0,0,0.997357
Ch6-OV-Exact-Full,32.2355,181,278,ExactBaseline,1,1,0.00364823,1.38629,2.30259,4,0.975017,0,0,0,0,0.995419
Ch6-OV-Exact-Full,32.2357,-1,-1,ExactBaseline,0,0,0,0,2.30259,0,0.23248,0,0,0,0,1
Ch6-OV-Exact-Full,32.2358,-1,-1,ExactBaseline,0,0,0,0,2.30259,0,1.89542,0,0,0,0,1
Ch6-OV-Exact-Full,32.2418,-1,-1,ExactBaseline,0,0,0,0,2.30259,0,1.77503,0,0,0,0,0.994341
Ch6-OV-Exact-Full,32.2527,152,30,ExactBaseline,1,1,0.00197334,0.693147,2.30259,3,0.310247,0,0,0,0,0.987371
Ch6-OV-Exact-Full,32.2538,-1,-1,ExactBaseline,0,0,0,0,2.30259,0,1.89858,0,0,0,0,0.994303
Ch6-OV-Exact-Full,32.2604,-1,-1,ExactBaseline,0,0,0,0,2.30259,0,0.101756,0,0,0,0,1
Ch6-OV-Exact-Full,32.2636,-1,-1,ExactBaseline,0,0,0,0,2.30259,0,4.23523,0,0,0,0,1
Ch6-OV-Exact-Full,32.2778,-1,-1,ExactBaseline,0,0,0,0,2.30259,0,0.283575,0,0,0,0,1
Ch6-OV-Exact-Full,32.2951,172,365,ExactBaseline,1,1,0.00317703,1.38629,2.30259,4,3.5532,0,0,0,0,0.986256
Ch6-OV-Exact-Full,32.302,-1,-1,ExactBaseline,0,0,0,0,2.30259,0,3.33948,0,0,0,0,0.990837
Ch6-OV-Exact-Full,32.3166,-1,-1,ExactBaseline,0,0,0,0,2.30259,0,3.35614,0,0,0,0,0.995419
Ch6-OV-Exact-Full,32.3228,268,91,ExactBaseline,1,1,0.00441818,2.07944,2.30259,5,2.81729,0,0,0,0,0.998884
Ch6-OV-Exact-Full,32.3245,23,322,ExactBaseline,1,1,0.00484879,2.07944,2.30259,5,4.16951,0,0,0,0,0.998884
Ch6-OV-Exact-Full,32.3289,-1,-1,ExactBaseline,0,0,0,0,2.30259,0,1.61357,0,0,0,0,0.998884
Ch6-OV-Exact-Full,32.3412,-1,-1,ExactBaseline,0,0,0,0,2.30259,0,2.49747,0,0,0,0,0.991953
Ch6-OV-Exact-Full,32.3419,32,252,ExactBaseline,1,1,0.00482317,2.07944,2.30259,5,3.28782,0,0,0,0,0.987887
Ch6-OV-Exact-Full,32.3441,37,62,ExactBaseline,1,1,0.00480179,2.07944,2.30259,5,0.579997,0,0,0,0,0.998884
Ch6-OV-Exact-Full,32.3471,-1,-1,ExactBaseline,0,0,0,0,2.30259,0,0.912258,0,0,0,0,0.991953
Ch6-OV-Exact-Full,32.3497,-1,-1,ExactBaseline,0,0,0,0,2.30259,0,2.512,0,0,0,0,0.998884
Ch6-OV-Exact-Full,32.3937,269,128,ExactBaseline,1,1,0.00449574,2.07944,2.30259,5,2.30417,0,0,0,0,0.998884
Ch6-OV-Exact-Full,32.408,214,310,ExactBaseline,1,1,0.00205631,0.693147,2.30259,3,1.40595,0,0,0,0,0.98279
Ch6-OV-Exact-Full,32.4199,-1,-1,ExactBaseline,0,0,0,0,2.30259,0,1.61983,0,0,0,0,0.991953
Ch6-OV-Exact-Full,32.4384,-1,-1,ExactBaseline,0,0,0,0,2.30259,0,2.29147,0,0,0,0,1
Ch6-OV-Exact-Full,32.4471,-1,-1,ExactBaseline,0,0,0,0,2.30259,0,3.25727,0,0,0,0,0.991953
Ch6-OV-Exact-Full,32.4532,28,233,ExactBaseline,1,1,0.00325757,1.38629,2.30259,4,2.21913,0,0,0,0,0.995419
Ch6-OV-Exact-Full,32.4663,72,140,ExactBaseline,1,1,0.00360781,1.38629,2.30259,4,0.152576,0,0,0,0,0.994303
Ch6-OV-Exact-Full,32.4678,-1,-1,ExactBaseline,0,0,0,0,2.30259,0,2.44156,0,0,0,0,1
Ch6-OV-Exact-Full,32.472,-1,-1,ExactBaseline,0,0,0,0,2.30259,0,2.91195,0,0,0,0,1
Ch6-OV-Exact-Full,32.473,188,425,ExactBaseline,1,1,0.00439303,2.07944,2.30259,5,0.685656,0,0,0,0,0.998884
Ch6-OV-Exact-Full,32.4805,-1,-1,ExactBaseline,0,0,0,0,2.30259,0,1.84471,0,0,0,0,1
Ch6-OV-Exact-Full,32.4806,-1,-1,ExactBaseline,0,0,0,0,2.30259,0,0.056668,0,0,0,0,0.998884
Ch6-OV-Exact-Full,32.4809,-1,-1,ExactBaseline,0,0,0,0,2.30259,0,2.62272,0,0,0,0,0.991953
Ch6-OV-Exact-Full,32.4818,-1,-1,ExactBaseline,0,0,0,0,2.30259,0,1.47172,0,0,0,0,1
Ch6-OV-Exact-Full,32.5044,6,441,ExactBaseline,1,1,0.00314997,1.38629,2.30259,4,1.26198,0,0,0,0,0.992776
Ch6-OV-Exact-Full,32.5096,131,52,ExactBaseline,1,1,0.00438172,2.07944,2.30259,5,1.81092,0,0,0,0,0.998884
Ch6-OV-Exact-Full,32.5123,-1,-1,ExactBaseline,0,0,0,0,2.30259,0,2.39312,0,0,0,0,1
Ch6-OV-Exact-Full,32.5148,-1,-1,ExactBaseline,0,0,0,0,2.30259,0,2.2307,0,0,0,0,0.995419
Ch6-OV-Exact-Full,32.5228,-1,-1,ExactBaseline,0,0,0,0,2.30259,0,2.75377,0,0,0,0,1
Ch6-OV-Exact-Full,32.5382,-1,-1,ExactBaseline,0,0,0,0,2.30259,0,2.96135,0,0,0,0,1
Ch6-OV-Exact-Full,32.5491,-1,-1,ExactBaseline,0,0,0,0,2.30259,0,1.70829,0,0,0,0,0.994303
Ch6-OV-Exact-Full,32.5548,-1,-1,ExactBaseline,0,0,0,0,2.30259,0,0.867615,0,0,0,0,1
Ch6-OV-Exact-Full,32.5659,-1,-1,ExactBaseline,0,0,0,0,2.30259,0,2.71271,0,0,0,0,1
Ch6-OV-Exact-Full,32.5684,119,206,ExactBaseline,1,1,0.00363167,1.38629,2.30259,4,3.21378,0,0,0,0,0.989721
Ch6-OV-Exact-Full,32.5709,-1,-1,ExactBaseline,0,0,0,0,2.30259,0,2.98918,0,0,0,0,1
Ch6-OV-Exact-Full,32.5712,-1,-1,ExactBaseline,0,0,0,0,2.30259,0,1.62514,0,0,0,0,1
Ch6-OV-Exact-Full,32.5861,-1,-1,ExactBaseline,0,0,0,0,2.30259,0,0.538988,0,0,0,0,1
Ch6-OV-Exact-Full,32.602,-1,-1,ExactBaseline,0,0,0,0,2.30259,0,2.5684,0,0,0,0,0.991953
Ch6-OV-Exact-Full,32.6026,-1,-1,ExactBaseline,0,0,0,0,2.30259,0,3.01837,0,0,0,0,0.979324
Ch6-OV-Exact-Full,32.6161,-1,-1,ExactBaseline,0,0,0,0,2.30259,0,3.57683,0,0,0,0,0.998884
Ch6-OV-Exact-Full,32.6168,-1,-1,ExactBaseline,0,0,0,0,2.30259,0,0.011997,0,0,0,0,1
Ch6-OV-Exact-Full,32.6248,-1,-1,ExactBaseline,0,0,0,0,2.30259,0,0.048721,0,0,0,0,0.998884
Ch6-OV-Exact-Full,32.6323,-1,-1,ExactBaseline,0,0,0,0,2.30259,0,2.2245,0,0,0,0,0.989721
Ch6-OV-Exact-Full,32.6379,95,352,ExactBaseline,1,1,0.00242563,0.693147,2.30259,3,2.40369,0,0,0,0,0.987167
Ch6-OV-Exact-Full,32.6464,-1,-1,ExactBaseline,0,0,0,0,2.30259,0,4.12791,0,0,0,0,0.991953
Ch6-OV-Exact-Full,32.6521,-1,-1,ExactBaseline,0,0,0,0,2.30259,0,1.91158,0,0,0,0,0.991953
Ch6-OV-Exact-Full,32.6751,-1,-1,ExactBaseline,0,0,0,0,2.30259,0,2.82816,0,0,0,0,0.995419
Ch6-OV-Exact-Full,32.6796,-1,-1,ExactBaseline,0,0,0,0,2.30259,0,0.056184,0,0,0,0,1
Ch6-OV-Exact-Full,32.68,-1,-1,ExactBaseline,0,0,0,0,2.30259,0,2.43468,0,0,0,0,1
Ch6-OV-Exact-Full,32.6935,-1,-1,ExactBaseline,0,0,0,0,2.30259,0,2.57212,0,0,0,0,0.995419
Ch6-OV-Exact-Full,32.7041,-1,-1,ExactBaseline,0,0,0,0,2.30259,0,3.24178,0,0,0,0,1
Ch6-OV-Exact-Full,32.7076,-1,-1,ExactBaseline,0,0,0,0,2.30259,0,0.535874,0,0,0,0,1
Ch6-OV-Exact-Full,32.71,36,261,ExactBaseline,1,1,0.00359637,1.38629,2.30259,4,0.396078,0,0,0,0,0.995419
Ch6-OV-Exact-Full,32.7175,-1,-1,ExactBaseline,0,0,0,0,2.30259,0,3.4459,0,0,0,0,0.998884
Ch6-OV-Exact-Full,32.7461,-1,-1,ExactBaseline,0,0,0,0,2.30259,0,1.85502,0,0,0,0,1
Ch6-OV-Exact-Full,32.7673,-1,-1,ExactBaseline,0,0,0,0,2.30259,0,2.53496,0,0,0,0,1
Ch6-OV-Exact-Full,32.7701,-1,-1,ExactBaseline,0,0,0,0,2.30259,0,1.9427,0,0,0,0,1
Ch6-OV-Exact-Full,32.7786,-1,-1,ExactBaseline,0,0,0,0,2.30259,0,0.485602,0,0,0,0,0.998884
Ch6-OV-Exact-Full,32.7823,88,184,ExactBaseline,1,1,0.00335807,1.38629,2.30259,4,2.25811,0,0,0,0,0.994303
Ch6-OV-Exact-Full,32.7889,-1,-1,ExactBaseline,0,0,0,0,2.30259,0,0.172358,0,0,0,0,1
Ch6-OV-Exact-Full,32.7955,-1,-1,ExactBaseline,0,0,0,0,2.30259,0,0.059338,0,0,0,0,1
Ch6-OV-Exact-Full,32.7959,101,60,ExactBaseline,1,1,0.0024013,0.693147,2.30259,3,0.961769,0,0,0,0,0.983906
Ch6-OV-Exact-Full,32.8035,-1,-1,ExactBaseline,0,0,0,0,2.30259,0,2.83523,0,0,0,0,1
Ch6-OV-Exact-Full,32.8078,-1,-1,ExactBaseline,0,0,0,0,2.30259,0,4.86268,0,0,0,0,0.991953
Ch6-OV-Exact-Full,32.8131,-1,-1,ExactBaseline,0,0,0,0,2.30259,0,0.570942,0,0,0,0,0.997769
Ch6-OV-Exact-Full,32.8149,-1,-1,ExactBaseline,0,0,0,0,2.30259,0,3.80061,0,0,0,0,1
Ch6-OV-Exact-Full,32.8237,-1,-1,ExactBaseline,0,0,0,0,2.30259,0,2.71279,0,0,0,0,0.994303
Ch6-OV-Exact-Full,32.8251,-1,-1,ExactBaseline,0,0,0,0,2.30259,0,2.76686,0,0,0,0,1
Ch6-OV-Exact-Full,32.8279,-1,-1,ExactBaseline,0,0,0,0,2.30259,0,4.04053,0,0,0,0,1
Ch6-OV-Exact-Full,32.8287,9,236,ExactBaseline,1,1,0.00483519,2.07944,2.30259,5,2.03629,0,0,0,0,0.988606
Ch6-OV-Exact-Full,32.8439,-1,-1,ExactBaseline,0,0,0,0,2.30259,0,0.110251,0,0,0,0,1
Ch6-OV-Exact-Full,32.862,-1,-1,ExactBaseline,0,0,0,0,2.30259,0,2.3888,0,0,0,0,1
Ch6-OV-Exact-Full,32.8776,-1,-1,ExactBaseline,0,0,0,0,2.30259,0,4.36034,0,0,0,0,0.979324
Ch6-OV-Exact-Full,32.8886,-1,-1,ExactBaseline,0,0,0,0,2.30259,0,4.14267,0,0,0,0,0.995214
Ch6-OV-Exact-Full,32.89,-1,-1,ExactBaseline,0,0,0,0,2.30259,0,3.26574,0,0,0,0,1
Ch6-OV-Exact-Full,32.8901,-1,-1,ExactBaseline,0,0,0,0,2.30259,0,1.76865,0,0,0,0,1
Ch6-OV-Exact-Full,32.8927,296,213,ExactBaseline,1,1,0.00447387,2.07944,2.30259,5,3.35775,0,0,0,0,0.998884
Ch6-OV-Exact-Full,32.8955,-1,-1,ExactBaseline,0,0,0,0,2.30259,0,2.26848,0,0,0,0,1
Ch6-OV-Exact-Full,32.904,241,63,ExactBaseline,1,1,0.00481779,2.07944,2.30259,5,0.954565,0,0,0,0,0.994303
Ch6-OV-Exact-Full,32.9076,217,447,ExactBaseline,1,1,0.00478831,2.07944,2.30259,5,2.29198,0,0,0,0,0.995214
Ch6-OV-Exact-Full,32.9097,80,186,ExactBaseline,1,1,0.00449251,2.07944,2.30259,5,2.28853,0,0,0,0,0.998884
Ch6-OV-Exact-Full,32.9192,-1,-1,ExactBaseline,0,0,0,0,2.30259,0,2.2103,0,0,0,0,1
Ch6-OV-Exact-Full,32.927,-1,-1,ExactBaseline,0,0,0,0,2.30259,0,3.40266,0,0,0,0,0.998884
Ch6-OV-Exact-Full,32.9512,-1,-1,ExactBaseline,0,0,0,0,2.30259,0,1.91078,0,0,0,0,1
Ch6-OV-Exact-Full,32.9654,40,293,ExactBaseline,1,1,0.00601869,2.16183,2.30259,6,4.01958,0,0,0,0,0.99818
Ch6-OV-Exact-Full,32.9679,-1,-1,ExactBaseline,0,0,0,0,2.30259,0,2.67319,0,0,0,0,0.983906
Ch6-OV-Exact-Full,32.978,-1,-1,ExactBaseline,0,0,0,0,2.30259,0,1.89358,0,0,0,0,1
Ch6-OV-Exact-Full,33.0085,-1,-1,ExactBaseline,0,0,0,0,2.30259,0,0.014221,0,0,0,0,1
Ch6-OV-Exact-Full,33.014,226,186,ExactBaseline,1,1,0.00485282,2.07944,2.30259,5,0.687456,0,0,0,0,0.998884
Ch6-OV-Exact-Full,33.0174,-1,-1,ExactBaseline,0,0,0,0,2.30259,0,1.98135,0,0,0,0,1
Ch6-OV-Exact-Full,33.0189,-1,-1,ExactBaseline,0,0,0,0,2.30259,0,3.19497,0,0,0,0,0.991953
Ch6-OV-Exact-Full,33.0254,-1,-1,ExactBaseline,0,0,0,0,2.30259,0,2.79737,0,0,0,0,1
Ch6-OV-Exact-Full,33.0316,-1,-1,ExactBaseline,0,0,0,0,2.30259,0,0.237082,0,0,0,0,1
Ch6-OV-Exact-Full,33.0358,-1,-1,ExactBaseline,0,0,0,0,2.30259,0,2.72824,0,0,0,0,0.994303
Ch6-OV-Exact-Full,33.036,-1,-1,ExactBaseline,0,0,0,0,2.30259,0,1.69854,0,0,0,0,1
Ch6-OV-Exact-Full,33.0478,-1,-1,ExactBaseline,0,0,0,0,2.30259,0,0.962999,0,0,0,0,1
Ch6-OV-Exact-Full,33.0551,-1,-1,ExactBaseline,0,0,0,0,2.30259,0,2.42431,0,0,0,0,1
Ch6-OV-Exact-Full,33.0587,-1,-1,ExactBaseline,0,0,0,0,2.30259,0,3.60891,0,0,0,0,0.980147
Ch6-OV-Exact-Full,33.06,-1,-1,ExactBaseline,0,0,0,0,2.30259,0,2.12585,0,0,0,0,0.987371
Ch6-OV-Exact-Full,33.0602,-1,-1,ExactBaseline,0,0,0,0,2.30259,0,3.32768,0,0,0,0,0.995419
Ch6-OV-Exact-Full,33.0659,-1,-1,ExactBaseline,0,0,0,0,2.30259,0,0.53895,0,0,0,0,1
Ch6-OV-Exact-Full,33.0762,-1,-1,ExactBaseline,0,0,0,0,2.30259,0,3.3782,0,0,0,0,0.990837
Ch6-OV-Exact-Full,33.0793,-1,-1,ExactBaseline,0,0,0,0,2.30259,0,3.41869,0,0,0,0,1
Ch6-OV-Exact-Full,33.0793,206,195,ExactBaseline,1,1,0.0043976,2.07944,2.30259,5,1.33633,0,0,0,0,0.997769
Ch6-OV-Exact-Full,33.0895,-1,-1,ExactBaseline,0,0,0,0,2.30259,0,0.145211,0,0,0,0,1
Ch6-OV-Exact-Full,33.092,-1,-1,ExactBaseline,0,0,0,0,2.30259,0,5.395,0,0,0,0,0.989721
Ch6-OV-Exact-Full,33.0943,171,339,ExactBaseline,1,1,0.00205644,0.538997,2.30259,3,0.687779,0,0,0,0,0.991182
Ch6-OV-Exact-Full,33.0958,-1,-1,ExactBaseline,0,0,0,0,2.30259,0,4.6784,0,0,0,0,0.995419
Ch6-OV-Exact-Full,33.0993,46,288,ExactBaseline,1,1,0.00317168,1.38629,2.30259,4,2.01325,0,0,0,0,0.995419
Ch6-OV-Exact-Full,33.1028,-1,-1,ExactBaseline,0,0,0,0,2.30259,0,3.6208,0,0,0,0,0.991953
Ch6-OV-Exact-Full,33.1136,-1,-1,ExactBaseline,0,0,0,0,2.30259,0,4.1377,0,0,0,0,0.991953
Ch6-OV-Exact-Full,33.1276,-1,-1,ExactBaseline,0,0,0,0,2.30259,0,3.40629,0,0,0,0,1
Ch6-OV-Exact-Full,33.1336,-1,-1,ExactBaseline,0,0,0,0,2.30259,0,3.88862,0,0,0,0,0.986256
Ch6-OV-Exact-Full,33.1394,-1,-1,ExactBaseline,0,0,0,0,2.30259,0,3.739,0,0,0,0,0.970161
Ch6-OV-Exact-Full,33.1413,-1,-1,ExactBaseline,0,0,0,0,2.30259,0,0.014653,0,0,0,0,1
Ch6-OV-Exact-Full,33.1453,-1,-1,ExactBaseline,0,0,0,0,2.30259,0,2.68367,0,0,0,0,0.995419
Ch6-OV-Exact-Full,33.1454,-1,-1,ExactBaseline,0,0,0,0,2.30259,0,3.03917,0,0,0,0,0.989721
Ch6-OV-Exact-Full,33.1459,-1,-1,ExactBaseline,0,0,0,0,2.30259,0,3.70923,0,0,0,0,0.998884
Ch6-OV-Exact-Full,33.1508,-1,-1,ExactBaseline,0,0,0,0,2.30259,0,0.772932,0,0,0,0,1
Ch6-OV-Exact-Full,33.1626,25,340,ExactBaseline,1,1,0.00481087,2.07944,2.30259,5,5.07626,0,0,0,0,0.98931
Ch6-OV-Exact-Full,33.1714,221,381,ExactBaseline,1,1,0.0019854,0.538997,2.30259,3,2.29664,0,0,0,0,0.975088
Ch6-OV-Exact-Full,33.1995,-1,-1,ExactBaseline,0,0,0,0,2.30259,0,2.47806,0,0,0,0,1
Ch6-OV-Exact-Full,33.2047,105,23,ExactBaseline,1,1,0.00196247,0.693147,2.30259,3,1.34346,0,0,0,0,0.988606
Ch6-OV-Exact-Full,33.2053,-1,-1,ExactBaseline,0,0,0,0,2.30259,0,4.40077,0,0,0,0,0.993532
Ch6-OV-Exact-Full,33.2063,-1,-1,ExactBaseline,0,0,0,0,2.30259,0,3.66222,0,0,0,0,0.984024
Ch6-OV-Exact-Full,33.2218,112,365,ExactBaseline,1,1,0.00317805,1.38629,2.30259,4,4.00456,0,0,0,0,0.981674
Ch6-OV-Exact-Full,33.2228,-1,-1,ExactBaseline,0,0,0,0,2.30259,0,2.89178,0,0,0,0,1
Ch6-OV-Exact-Full,33.2259,-1,-1,ExactBaseline,0,0,0,0,2.30259,0,0.135739,0,0,0,0,1
Ch6-OV-Exact-Full,33.2315,-1,-1,ExactBaseline,0,0,0,0,2.30259,0,3.73387,0,0,0,0,0.998884
Ch6-OV-Exact-Full,33.2342,166,44,ExactBaseline,1,1,0.00436182,2.07944,2.30259,5,1.74786,0,0,0,0,0.994303
Ch6-OV-Exact-Full,33.2348,-1,-1,ExactBaseline,0,0,0,0,2.30259,0,2.28682,0,0,0,0,0.991953
Ch6-OV-Exact-Full,33.237,-1,-1,ExactBaseline,0,0,0,0,2.30259,0,2.33165,0,0,0,0,0.995419
Ch6-OV-Exact-Full,33.2398,285,451,ExactBaseline,1,1,0.00436671,2.07944,2.30259,5,2.80054,0,0,0,0,0.998884
Ch6-OV-Exact-Full,33.242,50,47,ExactBaseline,1,1,0.00544537,2.07944,2.30259,5,3.99691,0,0,0,0,0.98514
Ch6-OV-Exact-Full,33.2423,52,336,ExactBaseline,1,1,0.00481451,2.07944,2.30259,5,4.93397,0,0,0,0,0.993187
Ch6-OV-Exact-Full,33.247,-1,-1,ExactBaseline,0,0,0,0,2.30259,0,0.049257,0,0,0,0,1
Ch6-OV-Exact-Full,33.2504,-1,-1,ExactBaseline,0,0,0,0,2.30259,0,1.88492,0,0,0,0,0.998884
Ch6-OV-Exact-Full,33.259,-1,-1,ExactBaseline,0,0,0,0,2.30259,0,2.51853,0,0,0,0,1
Ch6-OV-Exact-Full,33.2636,-1,-1,ExactBaseline,0,0,0,0,2.30259,0,1.52185,0,0,0,0,0.996653
Ch6-OV-Exact-Full,33.2773,-1,-1,ExactBaseline,0,0,0,0,2.30259,0,2.25188,0,0,0,0,1
Ch6-OV-Exact-Full,33.2786,-1,-1,ExactBaseline,0,0,0,0,2.30259,0,0.124186,0,0,0,0,1
Ch6-OV-Exact-Full,33.2871,-1,-1,ExactBaseline,0,0,0,0,2.30259,0,4.12499,0,0,0,0,1
Ch6-OV-Exact-Full,33.2872,-1,-1,ExactBaseline,0,0,0,0,2.30259,0,2.67126,0,0,0,0,0.989721
Ch6-OV-Exact-Full,33.2892,-1,-1,ExactBaseline,0,0,0,0,2.30259,0,3.28018,0,0,0,0,0.995419
Ch6-OV-Exact-Full,33.2961,201,154,ExactBaseline,1,1,0.00438282,2.07944,2.30259,5,3.92274,0,0,0,0,0.998884
Ch6-OV-Exact-Full,33.2994,-1,-1,ExactBaseline,0,0,0,0,2.30259,0,3.26177,0,0,0,0,1
Ch6-OV-Exact-Full,33.3113,-1,-1,ExactBaseline,0,0,0,0,2.30259,0,0.214036,0,0,0,0,1
Ch6-OV-Exact-Full,33.3116,-1,-1,ExactBaseline,0,0,0,0,2.30259,0,0.139768,0,0,0,0,1
Ch6-OV-Exact-Full,33.3139,-1,-1,ExactBaseline,0,0,0,0,2.30259,0,2.95769,0,0,0,0,1
Ch6-OV-Exact-Full,33.3145,-1,-1,ExactBaseline,0,0,0,0,2.30259,0,3.5456,0,0,0,0,1
Ch6-OV-Exact-Full,33.317,-1,-1,ExactBaseline,0,0,0,0,2.30259,0,1.28541,0,0,0,0,0.979324
Ch6-OV-Exact-Full,33.3184,-1,-1,ExactBaseline,0,0,0,0,2.30259,0,0.534931,0,0,0,0,1
Ch6-OV-Exact-Full,33.3234,-1,-1,ExactBaseline,0,0,0,0,2.30259,0,2.09093,0,0,0,0,1
Ch6-OV-Exact-Full,33.3293,232,458,ExactBaseline,1,1,0.00198195,0.693147,2.30259,3,2.33623,0,0,0,0,0.983906
Ch6-OV-Exact-Full,33.3376,179,325,ExactBaseline,1,1,0.00195998,0.693147,2.30259,3,1.54703,0,0,0,0,0.990837
Ch6-OV-Exact-Full,33.3471,-1,-1,ExactBaseline,0,0,0,0,2.30259,0,1.5435,0,0,0,0,0.994715
Ch6-OV-Exact-Full,33.3479,227,338,ExactBaseline,1,1,0.00449608,2.07944,2.30259,5,2.35997,0,0,0,0,0.998884
Ch6-OV-Exact-Full,33.3637,190,398,ExactBaseline,1,1,0.00315552,1.38629,2.30259,4,2.25303,0,0,0,0,0.989721
Ch6-OV-Exact-Full,33.3654,7,34,ExactBaseline,1,1,0.00436502,2.07944,2.30259,5,2.358,0,0,0,0,0.991779
Ch6-OV-Exact-Full,33.3757,-1,-1,ExactBaseline,0,0,0,0,2.30259,0,0.436383,0,0,0,0,0.991953
Ch6-OV-Exact-Full,33.3855,-1,-1,ExactBaseline,0,0,0,0,2.30259,0,2.63746,0,0,0,0,1
Ch6-OV-Exact-Full,33.3911,-1,-1,ExactBaseline,0,0,0,0,2.30259,0,2.931,0,0,0,0,1
Ch6-OV-Exact-Full,33.4018,-1,-1,ExactBaseline,0,0,0,0,2.30259,0,3.38193,0,0,0,0,0.998884
Ch6-OV-Exact-Full,33.4041,-1,-1,ExactBaseline,0,0,0,0,2.30259,0,4.96312,0,0,0,0,0.995419
Ch6-OV-Exact-Full,33.4053,-1,-1,ExactBaseline,0,0,0,0,2.30259,0,1.35311,0,0,0,0,1
Ch6-OV-Exact-Full,33.416,-1,-1,ExactBaseline,0,0,0,0,2.30259,0,2.45013,0,0,0,0,0.991953
Ch6-OV-Exact-Full,33.4255,67,157,ExactBaseline,1,1,0.00438776,2.07944,2.30259,5,2.8312,0,0,0,0,0.986256
Ch6-OV-Exact-Full,33.4256,-1,-1,ExactBaseline,0,0,0,0,2.30259,0,3.03818,0,0,0,0,1
Ch6-OV-Exact-Full,33.4263,-1,-1,ExactBaseline,0,0,0,0,2.30259,0,4.27374,0,0,0,0,0.995419
Ch6-OV-Exact-Full,33.4452,-1,-1,ExactBaseline,0,0,0,0,2.30259,0,0.010312,0,0,0,0,1
Ch6-OV-Exact-Full,33.4553,94,74,ExactBaseline,1,1,0.00196772,0.693147,2.30259,3,2.33822,0,0,0,0,0.98514
Ch6-OV-Exact-Full,33.4573,74,224,ExactBaseline,1,1,0.00444654,2.07944,2.30259,5,3.82158,0,0,0,0,0.998884
Ch6-OV-Exact-Full,33.4602,-1,-1,ExactBaseline,0,0,0,0,2.30259,0,0.932294,0,0,0,0,0.998884
Ch6-OV-Exact-Full,33.4684,-1,-1,ExactBaseline,0,0,0,0,2.30259,0,2.36061,0,0,0,0,1
Ch6-OV-Exact-Full,33.4708,-1,-1,ExactBaseline,0,0,0,0,2.30259,0,3.34889,0,0,0,0,1
Ch6-OV-Exact-Full,33.4713,-1,-1,ExactBaseline,0,0,0,0,2.30259,0,0.195586,0,0,0,0,0.998884
Ch6-OV-Exact-Full,33.4775,-1,-1,ExactBaseline,0,0,0,0,2.30259,0,0.009902,0,0,0,0,1
Ch6-OV-Exact-Full,33.4817,48,170,ExactBaseline,1,1,0.00207742,0.693147,2.30259,3,3.16213,0,0,0,0,0.979324
Ch6-OV-Exact-Full,33.499,99,413,ExactBaseline,1,1,0.00438572,2.07944,2.30259,5,2.58323,0,0,0,0,0.989721
Ch6-OV-Exact-Full,33.5034,55,23,ExactBaseline,1,1,0.00362507,1.38629,2.30259,4,1.51604,0,0,0,0,0.994303
Ch6-OV-Exact-Full,33.5143,-1,-1,ExactBaseline,0,0,0,0,2.30259,0,2.54658,0,0,0,0,0.991953
Ch6-OV-Exact-Full,33.5147,53,79,ExactBaseline,1,1,0.00197388,0.693147,2.30259,3,1.59421,0,0,0,0,0.97912
Ch6-OV-Exact-Full,33.5158,-1,-1,ExactBaseline,0,0,0,0,2.30259,0,1.68192,0,0,0,0,1
Ch6-OV-Exact-Full,33.5177,-1,-1,ExactBaseline,0,0,0,0,2.30259,0,0.157643,0,0,0,0,1
Ch6-OV-Exact-Full,33.5178,286,471,ExactBaseline,1,1,0.002424,0.693147,2.30259,3,3.1152,0,0,0,0,0.991953
Ch6-OV-Exact-Full,33.5196,-1,-1,ExactBaseline,0,0,0,0,2.30259,0,3.64835,0,0,0,0,0.995419
Ch6-OV-Exact-Full,33.5226,-1,-1,ExactBaseline,0,0,0,0,2.30259,0,4.1128,0,0,0,0,1
Ch6-OV-Exact-Full,33.5304,-1,-1,ExactBaseline,0,0,0,0,2.30259,0,2.62051,0,0,0,0,0.991953
Ch6-OV-Exact-Full,33.5349,-1,-1,ExactBaseline,0,0,0,0,2.30259,0,2.76077,0,0,0,0,0.991953
Ch6-OV-Exact-Full,33.547,-1,-1,ExactBaseline,0,0,0,0,2.30259,0,3.98079,0,0,0,0,0.98279
Ch6-OV-Exact-Full,33.55,216,275,ExactBaseline,1,1,0.00482194,2.07944,2.30259,5,2.43664,0,0,0,0,0.998884
Ch6-OV-Exact-Full,33.5512,138,252,ExactBaseline,1,1,0.00482151,2.07944,2.30259,5,4.8764,0,0,0,0,0.980903
Ch6-OV-Exact-Full,33.5519,-1,-1,ExactBaseline,0,0,0,0,2.30259,0,2.48463,0,0,0,0,0.998884
Ch6-OV-Exact-Full,33.5596,-1,-1,ExactBaseline,0,0,0,0,2.30259,0,2.8736,0,0,0,0,1
Ch6-OV-Exact-Full,33.5606,-1,-1,ExactBaseline,0,0,0,0,2.30259,0,5.56467,0,0,0,0,0.991953
Ch6-OV-Exact-Full,33.5749,-1,-1,ExactBaseline,0,0,0,0,2.30259,0,1.33015,0,0,0,0,0.998884
Ch6-OV-Exact-Full,33.5753,-1,-1,ExactBaseline,0,0,0,0,2.30259,0,3.46624,0,0,0,0,1
Ch6-OV-Exact-Full,33.5775,-1,-1,ExactBaseline,0,0,0,0,2.30259,0,3.36146,0,0,0,0,0.991953
Ch6-OV-Exact-Full,33.5797,-1,-1,ExactBaseline,0,0,0,0,2.30259,0,0.061597,0,0,0,0,1
Ch6-OV-Exact-Full,33.5875,-1,-1,ExactBaseline,0,0,0,0,2.30259,0,3.87317,0,0,0,0,0.997769
Ch6-OV-Exact-Full,33.6198,177,407,ExactBaseline,1,1,0.00434434,2.07944,2.30259,5,1.7141,0,0,0,0,0.998884
Ch6-OV-Exact-Full,33.6219,157,39,ExactBaseline,1,1,0.00485199,2.07944,2.30259,5,4.17971,0,0,0,0,0.990837
Ch6-OV-Exact-Full,33.6284,-1,-1,ExactBaseline,0,0,0,0,2.30259,0,1.16782,0,0,0,0,1
Ch6-OV-Exact-Full,33.6339,279,185,ExactBaseline,1,1,0.0031695,1.38629,2.30259,4,2.43141,0,0,0,0,0.995419
Ch6-OV-Exact-Full,33.6379,139,367,ExactBaseline,1,1,0.00359542,1.38629,2.30259,4,2.97582,0,0,0,0,0.995419
Ch6-OV-Exact-Full,33.6456,-1,-1,ExactBaseline,0,0,0,0,2.30259,0,3.39128,0,0,0,0,0.991953
Ch6-OV-Exact-Full,33.6516,89,462,ExactBaseline,1,1,0.00324399,1.38629,2.30259,4,3.75098,0,0,0,0,0.995419
Ch6-OV-Exact-Full,33.6563,-1,-1,ExactBaseline,0,0,0,0,2.30259,0,2.23546,0,0,0,0,1
Ch6-OV-Exact-Full,33.6622,-1,-1,ExactBaseline,0,0,0,0,2.30259,0,2.71083,0,0,0,0,1
Ch6-OV-Exact-Full,33.6674,-1,-1,ExactBaseline,0,0,0,0,2.30259,0,3.84443,0,0,0,0,0.998884
Ch6-OV-Exact-Full,33.6757,83,5,ExactBaseline,1,1,0.00484628,2.07944,2.30259,5,4.78056,0,0,0,0,0.997769
Ch6-OV-Exact-Full,33.6782,-1,-1,ExactBaseline,0,0,0,0,2.30259,0,0.17021,0,0,0,0,1
Ch6-OV-Exact-Full,33.6803,-1,-1,ExactBaseline,0,0,0,0,2.30259,0,1.8293,0,0,0,0,1
Ch6-OV-Exact-Full,33.6846,-1,-1,ExactBaseline,0,0,0,0,2.30259,0,2.48198,0,0,0,0,0.983906
Ch6-OV-Exact-Full,33.6868,-1,-1,ExactBaseline,0,0,0,0,2.30259,0,2.11342,0,0,0,0,1
Ch6-OV-Exact-Full,33.6869,-1,-1,ExactBaseline,0,0,0,0,2.30259,0,4.70886,0,0,0,0,0.979324
Ch6-OV-Exact-Full,33.6944,-1,-1,ExactBaseline,0,0,0,0,2.30259,0,1.85351,0,0,0,0,1
Ch6-OV-Exact-Full,33.7018,-1,-1,ExactBaseline,0,0,0,0,2.30259,0,0.579565,0,0,0,0,1
Ch6-OV-Exact-Full,33.7139,213,117,ExactBaseline,1,1,0.00441062,2.07944,2.30259,5,3.66213,0,0,0,0,0.994303
Ch6-OV-Exact-Full,33.7179,126,168,ExactBaseline,1,1,0.00329083,1.38629,2.30259,4,2.83987,0,0,0,0,0.995419
Ch6-OV-Exact-Full,33.7195,184,472,ExactBaseline,1,1,0.00243081,0.693147,2.30259,3,3.1804,0,0,0,0,0.991953
Ch6-OV-Exact-Full,33.729,288,21,ExactBaseline,1,1,0.00361886,1.38629,2.30259,4,2.69666,0,0,0,0,0.995419
Ch6-OV-Exact-Full,33.7331,108,333,ExactBaseline,1,1,0.00361376,1.38629,2.30259,4,2.35385,0,0,0,0,0.995419
Ch6-OV-Exact-Full,33.7344,282,425,ExactBaseline,1,1,0.00437587,2.07944,2.30259,5,3.97937,0,0,0,0,0.998884
Ch6-OV-Exact-Full,33.7398,27,332,ExactBaseline,1,1,0.0019688,0.693147,2.30259,3,2.7569,0,0,0,0,0.963026
Ch6-OV-Exact-Full,33.7419,-1,-1,ExactBaseline,0,0,0,0,2.30259,0,4.52586,0,0,0,0,1
Ch6-OV-Exact-Full,33.7497,-1,-1,ExactBaseline,0,0,0,0,2.30259,0,3.44884,0,0,0,0,0.994303
Ch6-OV-Exact-Full,33.7501,-1,-1,ExactBaseline,0,0,0,0,2.30259,0,2.31382,0,0,0,0,0.998884
Ch6-OV-Exact-Full,33.7609,-1,-1,ExactBaseline,0,0,0,0,2.30259,0,2.72956,0,0,0,0,1
Ch6-OV-Exact-Full,33.7644,302,309,ExactBaseline,1,1,0.00458212,2.07944,2.30259,5,4.58896,0,0,0,0,0.998884
Ch6-OV-Exact-Full,33.7683,73,157,ExactBaseline,1,1,0.00322163,1.38629,2.30259,4,4.28736,0,0,0,0,0.98514
Ch6-OV-Exact-Full,33.7693,-1,-1,ExactBaseline,0,0,0,0,2.30259,0,5.81811,0,0,0,0,0.992071
Ch6-OV-Exact-Full,33.7715,-1,-1,ExactBaseline,0,0,0,0,2.30259,0,1.98862,0,0,0,0,1
Ch6-OV-Exact-Full,33.7745,-1,-1,ExactBaseline,0,0,0,0,2.30259,0,3.38859,0,0,0,0,1
Ch6-OV-Exact-Full,33.7807,-1,-1,ExactBaseline,0,0,0,0,2.30259,0,0.763376,0,0,0,0,1
Ch6-OV-Exact-Full,33.7989,-1,-1,ExactBaseline,0,0,0,0,2.30259,0,2.76734,0,0,0,0,0.998884
Ch6-OV-Exact-Full,33.8004,169,337,ExactBaseline,1,1,0.00535069,2.07944,2.30259,5,4.78547,0,0,0,0,0.986256
Ch6-OV-Exact-Full,33.8169,-1,-1,ExactBaseline,0,0,0,0,2.30259,0,2.10152,0,0,0,0,1
Ch6-OV-Exact-Full,33.8206,-1,-1,ExactBaseline,0,0,0,0,2.30259,0,2.40049,0,0,0,0,0.995419
Ch6-OV-Exact-Full,33.8236,-1,-1,ExactBaseline,0,0,0,0,2.30259,0,2.55175,0,0,0,0,0.991953
Ch6-OV-Exact-Full,33.8346,-1,-1,ExactBaseline,0,0,0,0,2.30259,0,0.253819,0,0,0,0,1
Ch6-OV-Exact-Full,33.8356,-1,-1,ExactBaseline,0,0,0,0,2.30259,0,3.64966,0,0,0,0,1
Ch6-OV-Exact-Full,33.8562,22,271,ExactBaseline,1,1,0.00605046,2.16183,2.30259,6,2.79422,0,0,0,0,0.98332
Ch6-OV-Exact-Full,33.8589,-1,-1,ExactBaseline,0,0,0,0,2.30259,0,4.28568,0,0,0,0,1
Ch6-OV-Exact-Full,33.8632,34,151,ExactBaseline,1,1,0.00194237,0.693147,2.30259,3,2.57004,0,0,0,0,0.979443
Ch6-OV-Exact-Full,33.8749,-1,-1,ExactBaseline,0,0,0,0,2.30259,0,2.18645,0,0,0,0,1
Ch6-OV-Exact-Full,33.8791,58,32,ExactBaseline,1,1,0.00194287,0.693147,2.30259,3,4.70493,0,0,0,0,0.979324
Ch6-OV-Exact-Full,33.8809,-1,-1,ExactBaseline,0,0,0,0,2.30259,0,2.84306,0,0,0,0,1
Ch6-OV-Exact-Full,33.9,-1,-1,ExactBaseline,0,0,0,0,2.30259,0,3.01163,0,0,0,0,0.991953
Ch6-OV-Exact-Full,33.9183,-1,-1,ExactBaseline,0,0,0,0,2.30259,0,1.50152,0,0,0,0,0.997769
Ch6-OV-Exact-Full,33.9258,-1,-1,ExactBaseline,0,0,0,0,2.30259,0,6.26529,0,0,0,0,0.998884
Ch6-OV-Exact-Full,33.9298,194,163,ExactBaseline,1,1,0.00323595,1.38629,2.30259,4,4.68926,0,0,0,0,0.987371
Ch6-OV-Exact-Full,33.9373,156,340,ExactBaseline,1,1,0.00445718,2.07944,2.30259,5,5.62004,0,0,0,0,0.990837
Ch6-OV-Exact-Full,33.9444,-1,-1,ExactBaseline,0,0,0,0,2.30259,0,8.90696,0,0,0,0,0.995419
Ch6-OV-Exact-Full,33.952,-1,-1,ExactBaseline,0,0,0,0,2.30259,0,5.10588,0,0,0,0,0.996653
Ch6-OV-Exact-Full,33.9719,-1,-1,ExactBaseline,0,0,0,0,2.30259,0,4.61408,0,0,0,0,0.995126
Ch6-OV-Exact-Full,33.9815,69,33,ExactBaseline,1,1,0.00483652,1.77114,2.30259,5,3.58637,0,0,0,0,0.996227
Ch6-OV-Exact-Full,33.9821,-1,-1,ExactBaseline,0,0,0,0,2.30259,0,2.4387,0,0,0,0,1
Ch6-OV-Exact-Full,33.9861,-1,-1,ExactBaseline,0,0,0,0,2.30259,0,3.83863,0,0,0,0,1
Ch6-OV-Exact-Full,34.0059,-1,-1,ExactBaseline,0,0,0,0,2.30259,0,1.55244,0,0,0,0,0.983906
Ch6-OV-Exact-Full,34.0119,30,282,ExactBaseline,1,1,0.00453161,2.07944,2.30259,5,2.38545,0,0,0,0,0.990889
Ch6-OV-Exact-Full,34.0153,-1,-1,ExactBaseline,0,0,0,0,2.30259,0,0.647007,0,0,0,0,1
Ch6-OV-Exact-Full,34.0153,21,198,ExactBaseline,1,1,0.00438518,2.07944,2.30259,5,5.51418,0,0,0,0,0.99178
Ch6-OV-Exact-Full,34.0171,24,441,ExactBaseline,1,1,0.00317576,1.38629,2.30259,4,1.52609,0,0,0,0,0.984729
Ch6-OV-Exact-Full,34.0191,-1,-1,ExactBaseline,0,0,0,0,2.30259,0,1.335,0,0,0,0,0.999296
Ch6-OV-Exact-Full,34.0273,2,46,ExactBaseline,1,1,0.00316632,1.38629,2.30259,4,2.86655,0,0,0,0,0.990837
Ch6-OV-Exact-Full,34.0336,-1,-1,ExactBaseline,0,0,0,0,2.30259,0,4.00423,0,0,0,0,1
Ch6-OV-Exact-Full,34.0348,-1,-1,ExactBaseline,0,0,0,0,2.30259,0,2.65551,0,0,0,0,0.985485
Ch6-OV-Exact-Full,34.0396,29,312,ExactBaseline,1,1,0.00437388,2.07944,2.30259,5,2.90605,0,0,0,0,0.998884
Ch6-OV-Exact-Full,34.0481,-1,-1,ExactBaseline,0,0,0,0,2.30259,0,1.10938,0,0,0,0,1
Ch6-OV-Exact-Full,34.0519,64,55,ExactBaseline,1,1,0.00358437,1.38629,2.30259,4,4.52176,0,0,0,0,0.993187
Ch6-OV-Exact-Full,34.0652,-1,-1,ExactBaseline,0,0,0,0,2.30259,0,1.24766,0,0,0,0,0.995419
Ch6-OV-Exact-Full,34.0772,-1,-1,ExactBaseline,0,0,0,0,2.30259,0,0.101588,0,0,0,0,1
Ch6-OV-Exact-Full,34.0796,161,312,ExactBaseline,1,1,0.0043951,2.07944,2.30259,5,1.80799,0,0,0,0,0.990837
Ch6-OV-Exact-Full,34.0969,235,47,ExactBaseline,1,1,0.00449891,2.07944,2.30259,5,3.34268,0,0,0,0,0.998884
Ch6-OV-Exact-Full,34.0994,-1,-1,ExactBaseline,0,0,0,0,2.30259,0,1.77776,0,0,0,0,1
Ch6-OV-Exact-Full,34.1025,-1,-1,ExactBaseline,0,0,0,0,2.30259,0,1.93442,0,0,0,0,1
Ch6-OV-Exact-Full,34.1103,-1,-1,ExactBaseline,0,0,0,0,2.30259,0,0.151367,0,0,0,0,1
Ch6-OV-Exact-Full,34.1173,-1,-1,ExactBaseline,0,0,0,0,2.30259,0,4.6764,0,0,0,0,1
Ch6-OV-Exact-Full,34.1207,-1,-1,ExactBaseline,0,0,0,0,2.30259,0,0.235018,0,0,0,0,1
Ch6-OV-Exact-Full,34.1218,250,272,ExactBaseline,1,1,0.00324404,1.38629,2.30259,4,2.34191,0,0,0,0,0.995419
Ch6-OV-Exact-Full,34.1296,264,179,ExactBaseline,1,1,0.00483481,2.07944,2.30259,5,1.69394,0,0,0,0,0.998884
Ch6-OV-Exact-Full,34.1399,174,425,ExactBaseline,1,1,0.00240737,0.693147,2.30259,3,1.8744,0,0,0,0,0.991953
Ch6-OV-Exact-Full,34.1456,-1,-1,ExactBaseline,0,0,0,0,2.30259,0,4.63194,0,0,0,0,1
Ch6-OV-Exact-Full,34.1784,176,433,ExactBaseline,1,1,0.00358972,1.38629,2.30259,4,0.353331,0,0,0,0,0.994303
Ch6-OV-Exact-Full,34.1793,-1,-1,ExactBaseline,0,0,0,0,2.30259,0,0.270143,0,0,0,0,0.994303
Ch6-OV-Exact-Full,34.1834,31,168,ExactBaseline,1,1,0.00483921,2.07944,2.30259,5,3.29993,0,0,0,0,0.990133
Ch6-OV-Exact-Full,34.1904,-1,-1,ExactBaseline,0,0,0,0,2.30259,0,3.54765,0,0,0,0,1
Ch6-OV-Exact-Full,34.1926,245,99,ExactBaseline,1,1,0.00484764,2.07944,2.30259,5,2.82988,0,0,0,0,0.994303
Ch6-OV-Exact-Full,34.2062,-1,-1,ExactBaseline,0,0,0,0,2.30259,0,2.71176,0,0,0,0,1
Ch6-OV-Exact-Full,34.2109,-1,-1,ExactBaseline,0,0,0,0,2.30259,0,3.21386,0,0,0,0,0.997357
Ch6-OV-Exact-Full,34.2355,-1,-1,ExactBaseline,0,0,0,0,2.30259,0,0.349751,0,0,0,0,0.995419
Ch6-OV-Exact-Full,34.2357,-1,-1,ExactBaseline,0,0,0,0,2.30259,0,0.183948,0,0,0,0,1
Ch6-OV-Exact-Full,34.2358,-1,-1,ExactBaseline,0,0,0,0,2.30259,0,2.23009,0,0,0,0,1
Ch6-OV-Exact-Full,34.2418,70,217,ExactBaseline,1,1,0.00479436,2.07944,2.30259,5,2.22539,0,0,0,0,0.993225
Ch6-OV-Exact-Full,34.2527,-1,-1,ExactBaseline,0,0,0,0,2.30259,0,0.75128,0,0,0,0,0.987371
Ch6-OV-Exact-Full,34.2538,125,176,ExactBaseline,1,1,0.0044153,2.07944,2.30259,5,1.76612,0,0,0,0,0.993187
Ch6-OV-Exact-Full,34.2604,-1,-1,ExactBaseline,0,0,0,0,2.30259,0,0.109389,0,0,0,0,1
Ch6-OV-Exact-Full,34.2636,84,307,ExactBaseline,1,1,0.00324241,1.38629,2.30259,4,4.16557,0,0,0,0,0.995419
Ch6-OV-Exact-Full,34.2778,-1,-1,ExactBaseline,0,0,0,0,2.30259,0,0.163847,0,0,0,0,1
Ch6-OV-Exact-Full,34.2842,-1,-1,ExactBaseline,0,0,0,0,2.30259,0,4.12023,0,0,0,0,1
Ch6-OV-Exact-Full,34.2865,295,359,ExactBaseline,1,1,0.00323263,1.38629,2.30259,4,3.84492,0,0,0,0,0.995419
Ch6-OV-Exact-Full,34.2951,172,462,ExactBaseline,1,1,0.00200894,0.693147,2.30259,3,3.636,0,0,0,0,0.978208
Ch6-OV-Exact-Full,34.302,87,175,ExactBaseline,1,1,0.00445604,2.07944,2.30259,5,4.79066,0,0,0,0,0.989721
Ch6-OV-Exact-Full,34.3166,104,477,ExactBaseline,1,1,0.00194601,0.693147,2.30259,3,1.90968,0,0,0,0,0.987371
Ch6-OV-Exact-Full,34.3228,268,333,ExactBaseline,1,1,0.00341182,1.56862,2.30259,4,2.93884,0,0,0,0,0.995214
Ch6-OV-Exact-Full,34.3245,23,226,ExactBaseline,1,1,0.00449579,1.77406,2.30259,5,5.57783,0,0,0,0,0.996242
Ch6-OV-Exact-Full,34.3289,-1,-1,ExactBaseline,0,0,0,0,2.30259,0,1.77682,0,0,0,0,0.998884
Ch6-OV-Exact-Full,34.3403,-1,-1,ExactBaseline,0,0,0,0,2.30259,0,1.49487,0,0,0,0,1
Ch6-OV-Exact-Full,34.3412,79,67,ExactBaseline,1,1,0.00482991,2.07944,2.30259,5,2.48149,0,0,0,0,0.990837
Ch6-OV-Exact-Full,34.3419,32,340,ExactBaseline,1,1,0.00449313,2.07944,2.30259,5,3.79203,0,0,0,0,0.986772
Ch6-OV-Exact-Full,34.3441,-1,-1,ExactBaseline,0,0,0,0,2.30259,0,0.57565,0,0,0,0,0.998884
Ch6-OV-Exact-Full,34.3471,-1,-1,ExactBaseline,0,0,0,0,2.30259,0,1.24758,0,0,0,0,0.991953
Ch6-OV-Exact-Full,34.3497,202,423,ExactBaseline,1,1,0.00484808,2.07944,2.30259,5,3.46191,0,0,0,0,0.997769
Ch6-OV-Exact-Full,34.3501,304,366,ExactBaseline,1,1,0.00365021,1.38629,2.30259,4,1.52582,0,0,0,0,0.995419
Ch6-OV-Exact-Full,34.3782,-1,-1,ExactBaseline,0,0,0,0,2.30259,0,3.33128,0,0,0,0,1
Ch6-OV-Exact-Full,34.3937,-1,-1,ExactBaseline,0,0,0,0,2.30259,0,2.65438,0,0,0,0,0.998884
Ch6-OV-Exact-Full,34.408,214,203,ExactBaseline,1,1,0.0029057,0.693147,2.30259,3,2.65876,0,0,0,0,0.974743
Ch6-OV-Exact-Full,34.4199,-1,-1,ExactBaseline,0,0,0,0,2.30259,0,4.94683,0,0,0,0,0.991953
Ch6-OV-Exact-Full,34.4242,-1,-1,ExactBaseline,0,0,0,0,2.30259,0,5.25839,0,0,0,0,1
Ch6-OV-Exact-Full,34.4384,-1,-1,ExactBaseline,0,0,0,0,2.30259,0,2.5813,0,0,0,0,1
Ch6-OV-Exact-Full,34.4471,-1,-1,ExactBaseline,0,0,0,0,2.30259,0,4.39455,0,0,0,0,0.991953
Ch6-OV-Exact-Full,34.4483,-1,-1,ExactBaseline,0,0,0,0,2.30259,0,5.64282,0,0,0,0,1
Ch6-OV-Exact-Full,34.4532,-1,-1,ExactBaseline,0,0,0,0,2.30259,0,3.46745,0,0,0,0,0.995419
Ch6-OV-Exact-Full,34.4663,-1,-1,ExactBaseline,0,0,0,0,2.30259,0,0.234582,0,0,0,0,0.994303
Ch6-OV-Exact-Full,34.4678,-1,-1,ExactBaseline,0,0,0,0,2.30259,0,2.95698,0,0,0,0,1
Ch6-OV-Exact-Full,34.472,205,149,ExactBaseline,1,1,0.00440267,2.07944,2.30259,5,3.82491,0,0,0,0,0.998884
Ch6-OV-Exact-Full,34.473,188,150,ExactBaseline,1,1,0.00437128,2.26176,2.30259,5,0.376799,0,0,0,0,0.99868
Ch6-OV-Exact-Full,34.4805,258,251,ExactBaseline,1,1,0.00436618,2.07944,2.30259,5,1.74258,0,0,0,0,0.998884
Ch6-OV-Exact-Full,34.4806,-1,-1,ExactBaseline,0,0,0,0,2.30259,0,0.265467,0,0,0,0,0.998884
Ch6-OV-Exact-Full,34.4809,18,224,ExactBaseline,1,1,0.00457384,2.07944,2.30259,5,3.1714,0,0,0,0,0.990837
Ch6-OV-Exact-Full,34.4818,-1,-1,ExactBaseline,0,0,0,0,2.30259,0,1.70461,0,0,0,0,1
Ch6-OV-Exact-Full,34.5044,-1,-1,ExactBaseline,0,0,0,0,2.30259,0,1.7673,0,0,0,0,0.992776
Ch6-OV-Exact-Full,34.5096,131,418,ExactBaseline,1,1,0.00317338,1.38629,2.30259,4,1.60281,0,0,0,0,0.994303
Ch6-OV-Exact-Full,34.5123,-1,-1,ExactBaseline,0,0,0,0,2.30259,0,2.55251,0,0,0,0,1
Ch6-OV-Exact-Full,34.5148,-1,-1,ExactBaseline,0,0,0,0,2.30259,0,2.23157,0,0,0,0,0.995419
Ch6-OV-Exact-Full,34.5204,-1,-1,ExactBaseline,0,0,0,0,2.30259,0,0.122277,0,0,0,0,1
Ch6-OV-Exact-Full,34.5228,224,10,ExactBaseline,1,1,0.0024144,0.693147,2.30259,3,1.23578,0,0,0,0,0.991953
Ch6-OV-Exact-Full,34.5294,294,479,ExactBaseline,1,1,0.0024103,0.693147,2.30259,3,3.51371,0,0,0,0,0.991953
Ch6-OV-Exact-Full,34.5382,-1,-1,ExactBaseline,0,0,0,0,2.30259,0,2.89515,0,0,0,0,1
Ch6-OV-Exact-Full,34.5491,-1,-1,ExactBaseline,0,0,0,0,2.30259,0,1.59909,0,0,0,0,0.994303
Ch6-OV-Exact-Full,34.5548,-1,-1,ExactBaseline,0,0,0,0,2.30259,0,1.62866,0,0,0,0,1
Ch6-OV-Exact-Full,34.5659,-1,-1,ExactBaseline,0,0,0,0,2.30259,0,4.08771,0,0,0,0,1
Ch6-OV-Exact-Full,34.5684,119,38,ExactBaseline,1,1,0.00196461,0.693147,2.30259,3,2.86527,0,0,0,0,0.981674
Ch6-OV-Exact-Full,34.5709,-1,-1,ExactBaseline,0,0,0,0,2.30259,0,4.01131,0,0,0,0,1
Ch6-OV-Exact-Full,34.5712,-1,-1,ExactBaseline,0,0,0,0,2.30259,0,2.06248,0,0,0,0,1
Ch6-OV-Exact-Full,34.5861,-1,-1,ExactBaseline,0,0,0,0,2.30259,0,0.99491,0,0,0,0,1
Ch6-OV-Exact-Full,34.602,47,427,ExactBaseline,1,1,0.00483268,1.77406,2.30259,5,2.70333,0,0,0,0,0.98931
Ch6-OV-Exact-Full,34.6026,-1,-1,ExactBaseline,0,0,0,0,2.30259,0,3.78748,0,0,0,0,0.979324
Ch6-OV-Exact-Full,34.6161,-1,-1,ExactBaseline,0,0,0,0,2.30259,0,4.44014,0,0,0,0,0.998884
Ch6-OV-Exact-Full,34.6168,-1,-1,ExactBaseline,0,0,0,0,2.30259,0,0.051965,0,0,0,0,1
Ch6-OV-Exact-Full,34.6248,-1,-1,ExactBaseline,0,0,0,0,2.30259,0,0.140048,0,0,0,0,0.998884
Ch6-OV-Exact-Full,34.6323,-1,-1,ExactBaseline,0,0,0,0,2.30259,0,2.71965,0,0,0,0,0.989721
Ch6-OV-Exact-Full,34.6379,95,397,ExactBaseline,1,1,0.00364039,1.38629,2.30259,4,4.41614,0,0,0,0,0.982586
Ch6-OV-Exact-Full,34.6464,-1,-1,ExactBaseline,0,0,0,0,2.30259,0,5.28348,0,0,0,0,0.991953
Ch6-OV-Exact-Full,34.6521,-1,-1,ExactBaseline,0,0,0,0,2.30259,0,2.84113,0,0,0,0,0.991953
Ch6-OV-Exact-Full,34.6532,-1,-1,ExactBaseline,0,0,0,0,2.30259,0,0.471544,0,0,0,0,1
Ch6-OV-Exact-Full,34.6751,122,336,ExactBaseline,1,1,0.00448107,2.07944,2.30259,5,3.65538,0,0,0,0,0.994303
Ch6-OV-Exact-Full,34.6796,-1,-1,ExactBaseline,0,0,0,0,2.30259,0,0.122568,0,0,0,0,1
Ch6-OV-Exact-Full,34.68,-1,-1,ExactBaseline,0,0,0,0,2.30259,0,2.41053,0,0,0,0,1
Ch6-OV-Exact-Full,34.6935,-1,-1,ExactBaseline,0,0,0,0,2.30259,0,2.80919,0,0,0,0,0.995419
Ch6-OV-Exact-Full,34.7041,-1,-1,ExactBaseline,0,0,0,0,2.30259,0,4.13379,0,0,0,0,1
Ch6-OV-Exact-Full,34.7076,-1,-1,ExactBaseline,0,0,0,0,2.30259,0,0.602175,0,0,0,0,1
Ch6-OV-Exact-Full,34.71,-1,-1,ExactBaseline,0,0,0,0,2.30259,0,0.572773,0,0,0,0,0.995419
Ch6-OV-Exact-Full,34.7175,218,126,ExactBaseline,1,1,0.00319692,1.38629,2.30259,4,4.14196,0,0,0,0,0.994303
Ch6-OV-Exact-Full,34.7461,-1,-1,ExactBaseline,0,0,0,0,2.30259,0,2.43475,0,0,0,0,1
Ch6-OV-Exact-Full,34.7673,-1,-1,ExactBaseline,0,0,0,0,2.30259,0,4.54054,0,0,0,0,1
Ch6-OV-Exact-Full,34.7701,-1,-1,ExactBaseline,0,0,0,0,2.30259,0,4.24394,0,0,0,0,1
Ch6-OV-Exact-Full,34.7786,-1,-1,ExactBaseline,0,0,0,0,2.30259,0,0.610705,0,0,0,0,0.998884
Ch6-OV-Exact-Full,34.7823,-1,-1,ExactBaseline,0,0,0,0,2.30259,0,3.89957,0,0,0,0,0.994303
Ch6-OV-Exact-Full,34.7889,-1,-1,ExactBaseline,0,0,0,0,2.30259,0,0.102048,0,0,0,0,1
Ch6-OV-Exact-Full,34.7955,-1,-1,ExactBaseline,0,0,0,0,2.30259,0,0.153461,0,0,0,0,1
Ch6-OV-Exact-Full,34.7959,101,51,ExactBaseline,1,1,0.00439041,2.07944,2.30259,5,1.79928,0,0,0,0,0.98279
Ch6-OV-Exact-Full,34.8035,-1,-1,ExactBaseline,0,0,0,0,2.30259,0,3.02667,0,0,0,0,1
Ch6-OV-Exact-Full,34.8078,-1,-1,ExactBaseline,0,0,0,0,2.30259,0,5.36209,0,0,0,0,0.991953
Ch6-OV-Exact-Full,34.8131,-1,-1,ExactBaseline,0,0,0,0,2.30259,0,0.435403,0,0,0,0,0.997769
Ch6-OV-Exact-Full,34.8149,-1,-1,ExactBaseline,0,0,0,0,2.30259,0,3.51369,0,0,0,0,1
Ch6-OV-Exact-Full,34.8237,-1,-1,ExactBaseline,0,0,0,0,2.30259,0,3.72958,0,0,0,0,0.994303
Ch6-OV-Exact-Full,34.8251,-1,-1,ExactBaseline,0,0,0,0,2.30259,0,5.14817,0,0,0,0,1
Ch6-OV-Exact-Full,34.8279,-1,-1,ExactBaseline,0,0,0,0,2.30259,0,4.43323,0,0,0,0,1
Ch6-OV-Exact-Full,34.8287,9,206,ExactBaseline,1,1,0.00317795,1.38629,2.30259,4,1.91512,0,0,0,0,0.984024
Ch6-OV-Exact-Full,34.8439,-1,-1,ExactBaseline,0,0,0,0,2.30259,0,0.214606,0,0,0,0,1
Ch6-OV-Exact-Full,34.862,-1,-1,ExactBaseline,0,0,0,0,2.30259,0,2.6848,0,0,0,0,1
Ch6-OV-Exact-Full,34.8776,62,396,ExactBaseline,1,1,0.00482092,2.07944,2.30259,5,4.82498,0,0,0,0,0.978208
Ch6-OV-Exact-Full,34.8886,204,136,ExactBaseline,1,1,0.00204275,0.693147,2.30259,3,3.41581,0,0,0,0,0.987167
Ch6-OV-Exact-Full,34.89,173,274,ExactBaseline,1,1,0.0020142,0.693147,2.30259,3,2.95948,0,0,0,0,0.991953
Ch6-OV-Exact-Full,34.8901,-1,-1,ExactBaseline,0,0,0,0,2.30259,0,2.05803,0,0,0,0,1
Ch6-OV-Exact-Full,34.8927,296,293,ExactBaseline,1,1,0.00438091,2.07944,2.30259,5,4.24145,0,0,0,0,0.997769
Ch6-OV-Exact-Full,34.8955,-1,-1,ExactBaseline,0,0,0,0,2.30259,0,3.00142,0,0,0,0,1
Ch6-OV-Exact-Full,34.904,-1,-1,ExactBaseline,0,0,0,0,2.30259,0,1.14385,0,0,0,0,0.994303
Ch6-OV-Exact-Full,34.9076,-1,-1,ExactBaseline,0,0,0,0,2.30259,0,3.80462,0,0,0,0,0.995214
Ch6-OV-Exact-Full,34.9097,80,163,ExactBaseline,1,1,0.00196608,0.693147,2.30259,3,2.51526,0,0,0,0,0.990837
Ch6-OV-Exact-Full,34.9192,-1,-1,ExactBaseline,0,0,0,0,2.30259,0,2.38685,0,0,0,0,1
Ch6-OV-Exact-Full,34.927,-1,-1,ExactBaseline,0,0,0,0,2.30259,0,4.00589,0,0,0,0,0.998884
Ch6-OV-Exact-Full,34.9403,307,274,ExactBaseline,1,1,0.00241911,0.693147,2.30259,3,2.04238,0,0,0,0,0.991953
Ch6-OV-Exact-Full,34.9447,-1,-1,ExactBaseline,0,0,0,0,2.30259,0,3.27833,0,0,0,0,1
Ch6-OV-Exact-Full,34.9512,-1,-1,ExactBaseline,0,0,0,0,2.30259,0,2.64951,0,0,0,0,1
Ch6-OV-Exact-Full,34.9654,-1,-1,ExactBaseline,0,0,0,0,2.30259,0,4.92484,0,0,0,0,0.99818
Ch6-OV-Exact-Full,34.9679,-1,-1,ExactBaseline,0,0,0,0,2.30259,0,3.35232,0,0,0,0,0.983906
Ch6-OV-Exact-Full,34.978,-1,-1,ExactBaseline,0,0,0,0,2.30259,0,1.89105,0,0,0,0,1
Ch6-OV-Exact-Full,35.0045,332,184,ExactBaseline,1,1,0.00315003,1.38629,2.30259,4,2.27731,0,0,0,0,0.995419
Ch6-OV-Exact-Full,35.0085,-1,-1,ExactBaseline,0,0,0,0,2.30259,0,0.024796,0,0,0,0,1
Ch6-OV-Exact-Full,35.014,226,446,ExactBaseline,1,1,0.00485083,2.26176,2.30259,5,0.973388,0,0,0,0,0.99868
Ch6-OV-Exact-Full,35.0174,220,211,ExactBaseline,1,1,0.00241737,0.693147,2.30259,3,1.59685,0,0,0,0,0.991953
Ch6-OV-Exact-Full,35.0189,251,187,ExactBaseline,1,1,0.0032511,1.38629,2.30259,4,4.0119,0,0,0,0,0.987371
Ch6-OV-Exact-Full,35.0254,-1,-1,ExactBaseline,0,0,0,0,2.30259,0,2.99188,0,0,0,0,1
Ch6-OV-Exact-Full,35.0316,-1,-1,ExactBaseline,0,0,0,0,2.30259,0,0.252345,0,0,0,0,1
Ch6-OV-Exact-Full,35.0358,116,66,ExactBaseline,1,1,0.00438934,2.07944,2.30259,5,3.48587,0,0,0,0,0.993187
Ch6-OV-Exact-Full,35.036,-1,-1,ExactBaseline,0,0,0,0,2.30259,0,1.72694,0,0,0,0,1
Ch6-OV-Exact-Full,35.0478,208,264,ExactBaseline,1,1,0.00480446,2.07944,2.30259,5,0.859214,0,0,0,0,0.998884
Ch6-OV-Exact-Full,35.0551,233,421,ExactBaseline,1,1,0.00240127,0.693147,2.30259,3,2.42841,0,0,0,0,0.991953
Ch6-OV-Exact-Full,35.0587,20,10,ExactBaseline,1,1,0.00450357,2.07944,2.30259,5,6.85407,0,0,0,0,0.979032
Ch6-OV-Exact-Full,35.059,317,204,ExactBaseline,1,1,0.00483249,2.07944,2.30259,5,4.07724,0,0,0,0,0.998884
Ch6-OV-Exact-Full,35.06,-1,-1,ExactBaseline,0,0,0,0,2.30259,0,3.31894,0,0,0,0,0.987371
Ch6-OV-Exact-Full,35.0602,-1,-1,ExactBaseline,0,0,0,0,2.30259,0,4.89601,0,0,0,0,0.995419
Ch6-OV-Exact-Full,35.0659,240,237,ExactBaseline,1,1,0.00439761,2.26176,2.30259,5,1.07372,0,0,0,0,0.999796
Ch6-OV-Exact-Full,35.0762,165,291,ExactBaseline,1,1,0.00559797,2.07944,2.30259,5,4.16875,0,0,0,0,0.989721
Ch6-OV-Exact-Full,35.0793,-1,-1,ExactBaseline,0,0,0,0,2.30259,0,6.11501,0,0,0,0,1
Ch6-OV-Exact-Full,35.0793,-1,-1,ExactBaseline,0,0,0,0,2.30259,0,2.09495,0,0,0,0,0.997769
Ch6-OV-Exact-Full,35.0895,-1,-1,ExactBaseline,0,0,0,0,2.30259,0,0.178173,0,0,0,0,1
Ch6-OV-Exact-Full,35.092,111,319,ExactBaseline,1,1,0.00317875,1.38629,2.30259,4,4.8106,0,0,0,0,0.98514
Ch6-OV-Exact-Full,35.0943,-1,-1,ExactBaseline,0,0,0,0,2.30259,0,3.23043,0,0,0,0,0.991182
Ch6-OV-Exact-Full,35.0958,-1,-1,ExactBaseline,0,0,0,0,2.30259,0,6.77899,0,0,0,0,0.995419
Ch6-OV-Exact-Full,35.0993,-1,-1,ExactBaseline,0,0,0,0,2.30259,0,3.0134,0,0,0,0,0.995419
Ch6-OV-Exact-Full,35.1028,203,341,ExactBaseline,1,1,0.00482831,2.07944,2.30259,5,3.24123,0,0,0,0,0.990837
Ch6-OV-Exact-Full,35.1136,-1,-1,ExactBaseline,0,0,0,0,2.30259,0,4.85831,0,0,0,0,0.991953
Ch6-OV-Exact-Full,35.1276,276,282,ExactBaseline,1,1,0.0019601,0.693147,2.30259,3,2.85325,0,0,0,0,0.991953
Ch6-OV-Exact-Full,35.1336,187,477,ExactBaseline,1,1,0.00329112,1.38629,2.30259,4,2.769,0,0,0,0,0.981674
Ch6-OV-Exact-Full,35.1394,-1,-1,ExactBaseline,0,0,0,0,2.30259,0,4.44811,0,0,0,0,0.970161
Ch6-OV-Exact-Full,35.1413,-1,-1,ExactBaseline,0,0,0,0,2.30259,0,0.067262,0,0,0,0,1
Ch6-OV-Exact-Full,35.1453,-1,-1,ExactBaseline,0,0,0,0,2.30259,0,3.63804,0,0,0,0,0.995419
Ch6-OV-Exact-Full,35.1454,-1,-1,ExactBaseline,0,0,0,0,2.30259,0,3.25057,0,0,0,0,0.989721
Ch6-OV-Exact-Full,35.1459,-1,-1,ExactBaseline,0,0,0,0,2.30259,0,4.72719,0,0,0,0,0.998884
Ch6-OV-Exact-Full,35.1508,-1,-1,ExactBaseline,0,0,0,0,2.30259,0,1.6644,0,0,0,0,1
Ch6-OV-Exact-Full,35.1626,-1,-1,ExactBaseline,0,0,0,0,2.30259,0,10.0459,0,0,0,0,0.98931
Ch6-OV-Exact-Full,35.1714,-1,-1,ExactBaseline,0,0,0,0,2.30259,0,6.58393,0,0,0,0,0.975088
Ch6-OV-Exact-Full,35.1995,-1,-1,ExactBaseline,0,0,0,0,2.30259,0,2.64768,0,0,0,0,1
Ch6-OV-Exact-Full,35.2047,105,10,ExactBaseline,1,1,0.00450393,2.07944,2.30259,5,3.79046,0,0,0,0,0.98749
Ch6-OV-Exact-Full,35.2053,76,96,ExactBaseline,1,1,0.00438955,2.07944,2.30259,5,5.71678,0,0,0,0,0.992416
Ch6-OV-Exact-Full,35.2063,107,417,ExactBaseline,1,1,0.00439717,2.07944,2.30259,5,4.4444,0,0,0,0,0.982908
Ch6-OV-Exact-Full,35.2218,112,463,ExactBaseline,1,1,0.0031831,1.38629,2.30259,4,3.90561,0,0,0,0,0.977093
Ch6-OV-Exact-Full,35.2228,-1,-1,ExactBaseline,0,0,0,0,2.30259,0,2.66664,0,0,0,0,1
Ch6-OV-Exact-Full,35.2259,-1,-1,ExactBaseline,0,0,0,0,2.30259,0,0.303189,0,0,0,0,1
Ch6-OV-Exact-Full,35.2315,-1,-1,ExactBaseline,0,0,0,0,2.30259,0,4.38707,0,0,0,0,0.998884
Ch6-OV-Exact-Full,35.2342,-1,-1,ExactBaseline,0,0,0,0,2.30259,0,2.2929,0,0,0,0,0.994303
Ch6-OV-Exact-Full,35.2348,153,220,ExactBaseline,1,1,0.00438629,2.07944,2.30259,5,3.4089,0,0,0,0,0.990837
Ch6-OV-Exact-Full,35.237,-1,-1,ExactBaseline,0,0,0,0,2.30259,0,3.74977,0,0,0,0,0.995419
Ch6-OV-Exact-Full,35.2398,-1,-1,ExactBaseline,0,0,0,0,2.30259,0,4.08176,0,0,0,0,0.998884
Ch6-OV-Exact-Full,35.242,50,61,ExactBaseline,1,1,0.00460444,2.07944,2.30259,5,5.29659,0,0,0,0,0.984024
Ch6-OV-Exact-Full,35.2423,52,101,ExactBaseline,1,1,0.00443036,2.07944,2.30259,5,5.51453,0,0,0,0,0.992071
Ch6-OV-Exact-Full,35.247,-1,-1,ExactBaseline,0,0,0,0,2.30259,0,0.068729,0,0,0,0,1
Ch6-OV-Exact-Full,35.2504,-1,-1,ExactBaseline,0,0,0,0,2.30259,0,1.57596,0,0,0,0,0.998884
Ch6-OV-Exact-Full,35.259,-1,-1,ExactBaseline,0,0,0,0,2.30259,0,2.81401,0,0,0,0,1
Ch6-OV-Exact-Full,35.2636,39,315,ExactBaseline,1,1,0.00326308,1.38629,2.30259,4,2.15426,0,0,0,0,0.992071
Ch6-OV-Exact-Full,35.277,-1,-1,ExactBaseline,0,0,0,0,2.30259,0,3.45774,0,0,0,0,1
Ch6-OV-Exact-Full,35.2773,-1,-1,ExactBaseline,0,0,0,0,2.30259,0,2.73276,0,0,0,0,1
Ch6-OV-Exact-Full,35.2786,-1,-1,ExactBaseline,0,0,0,0,2.30259,0,0.151817,0,0,0,0,1
Ch6-OV-Exact-Full,35.2871,274,402,ExactBaseline,1,1,0.00442267,2.07944,2.30259,5,6.32979,0,0,0,0,0.998884
Ch6-OV-Exact-Full,35.2872,-1,-1,ExactBaseline,0,0,0,0,2.30259,0,5.28201,0,0,0,0,0.989721
Ch6-OV-Exact-Full,35.2892,-1,-1,ExactBaseline,0,0,0,0,2.30259,0,3.73606,0,0,0,0,0.995419
Ch6-OV-Exact-Full,35.2959,-1,-1,ExactBaseline,0,0,0,0,2.30259,0,0.986205,0,0,0,0,1
Ch6-OV-Exact-Full,35.2961,-1,-1,ExactBaseline,0,0,0,0,2.30259,0,6.13474,0,0,0,0,0.998884
Ch6-OV-Exact-Full,35.2994,-1,-1,ExactBaseline,0,0,0,0,2.30259,0,5.31882,0,0,0,0,1
Ch6-OV-Exact-Full,35.3113,-1,-1,ExactBaseline,0,0,0,0,2.30259,0,0.286119,0,0,0,0,1
Ch6-OV-Exact-Full,35.3116,-1,-1,ExactBaseline,0,0,0,0,2.30259,0,0.132132,0,0,0,0,1
Ch6-OV-Exact-Full,35.3139,257,55,ExactBaseline,1,1,0.00195104,0.693147,2.30259,3,1.27829,0,0,0,0,0.991953
Ch6-OV-Exact-Full,35.3145,253,366,ExactBaseline,1,1,0.00195052,0.693147,2.30259,3,2.33449,0,0,0,0,0.991953
Ch6-OV-Exact-Full,35.317,-1,-1,ExactBaseline,0,0,0,0,2.30259,0,2.04834,0,0,0,0,0.979324
Ch6-OV-Exact-Full,35.3184,-1,-1,ExactBaseline,0,0,0,0,2.30259,0,1.04375,0,0,0,0,1
Ch6-OV-Exact-Full,35.3234,-1,-1,ExactBaseline,0,0,0,0,2.30259,0,2.52188,0,0,0,0,1
Ch6-OV-Exact-Full,35.3251,-1,-1,ExactBaseline,0,0,0,0,2.30259,0,0.440531,0,0,0,0,1
Ch6-OV-Exact-Full,35.3293,-1,-1,ExactBaseline,0,0,0,0,2.30259,0,4.73175,0,0,0,0,0.983906
Ch6-OV-Exact-Full,35.3376,-1,-1,ExactBaseline,0,0,0,0,2.30259,0,5.99565,0,0,0,0,0.990837
Ch6-OV-Exact-Full,35.3471,-1,-1,ExactBaseline,0,0,0,0,2.30259,0,1.54598,0,0,0,0,0.994715
Ch6-OV-Exact-Full,35.3479,-1,-1,ExactBaseline,0,0,0,0,2.30259,0,2.9108,0,0,0,0,0.998884
Ch6-OV-Exact-Full,35.3564,-1,-1,ExactBaseline,0,0,0,0,2.30259,0,2.72769,0,0,0,0,1
Ch6-OV-Exact-Full,35.363,308,219,ExactBaseline,1,1,0.00357615,1.38629,2.30259,4,0.431991,0,0,0,0,0.995419
Ch6-OV-Exact-Full,35.3637,-1,-1,ExactBaseline,0,0,0,0,2.30259,0,4.19516,0,0,0,0,0.989721
Ch6-OV-Exact-Full,35.3654,7,192,ExactBaseline,1,1,0.005295,1.77406,2.30259,5,2.70579,0,0,0,0,0.989136
Ch6-OV-Exact-Full,35.3757,-1,-1,ExactBaseline,0,0,0,0,2.30259,0,0.502298,0,0,0,0,0.991953
Ch6-OV-Exact-Full,35.3768,-1,-1,ExactBaseline,0,0,0,0,2.30259,0,4.23909,0,0,0,0,1
Ch6-OV-Exact-Full,35.3855,162,79,ExactBaseline,1,1,0.0019387,0.693147,2.30259,3,2.01336,0,0,0,0,0.991953
Ch6-OV-Exact-Full,35.3911,-1,-1,ExactBaseline,0,0,0,0,2.30259,0,2.64049,0,0,0,0,1
Ch6-OV-Exact-Full,35.4018,-1,-1,ExactBaseline,0,0,0,0,2.30259,0,4.88438,0,0,0,0,0.998884
Ch6-OV-Exact-Full,35.4041,186,433,ExactBaseline,1,1,0.00337656,1.38629,2.30259,4,4.91257,0,0,0,0,0.990837
Ch6-OV-Exact-Full,35.4053,-1,-1,ExactBaseline,0,0,0,0,2.30259,0,2.75461,0,0,0,0,1
Ch6-OV-Exact-Full,35.4068,333,386,ExactBaseline,1,1,0.00448833,2.07944,2.30259,5,5.12247,0,0,0,0,0.998884
Ch6-OV-Exact-Full,35.416,-1,-1,ExactBaseline,0,0,0,0,2.30259,0,2.57606,0,0,0,0,0.991953
Ch6-OV-Exact-Full,35.4255,67,268,ExactBaseline,1,1,0.00439008,2.26176,2.30259,5,4.56595,0,0,0,0,0.986052
Ch6-OV-Exact-Full,35.4256,244,418,ExactBaseline,1,1,0.0043858,2.07944,2.30259,5,3.40137,0,0,0,0,0.998884
Ch6-OV-Exact-Full,35.4263,-1,-1,ExactBaseline,0,0,0,0,2.30259,0,4.6625,0,0,0,0,0.995419
Ch6-OV-Exact-Full,35.4452,-1,-1,ExactBaseline,0,0,0,0,2.30259,0,0.194093,0,0,0,0,1
Ch6-OV-Exact-Full,35.4551,328,118,ExactBaseline,1,1,0.0048353,2.07944,2.30259,5,3.43825,0,0,0,0,0.998884
Ch6-OV-Exact-Full,35.4553,-1,-1,ExactBaseline,0,0,0,0,2.30259,0,4.24199,0,0,0,0,0.98514
Ch6-OV-Exact-Full,35.4573,74,164,ExactBaseline,1,1,0.00194188,0.693147,2.30259,3,1.4832,0,0,0,0,0.990837
Ch6-OV-Exact-Full,35.4602,-1,-1,ExactBaseline,0,0,0,0,2.30259,0,1.41434,0,0,0,0,0.998884
Ch6-OV-Exact-Full,35.4684,-1,-1,ExactBaseline,0,0,0,0,2.30259,0,3.25771,0,0,0,0,1
Ch6-OV-Exact-Full,35.4708,-1,-1,ExactBaseline,0,0,0,0,2.30259,0,3.43816,0,0,0,0,1
Ch6-OV-Exact-Full,35.4713,178,258,ExactBaseline,1,1,0.00482264,2.07944,2.30259,5,0.328137,0,0,0,0,0.997769
Ch6-OV-Exact-Full,35.4775,-1,-1,ExactBaseline,0,0,0,0,2.30259,0,0.061389,0,0,0,0,1
Ch6-OV-Exact-Full,35.4817,-1,-1,ExactBaseline,0,0,0,0,2.30259,0,5.89269,0,0,0,0,0.979324
Ch6-OV-Exact-Full,35.499,99,203,ExactBaseline,1,1,0.00314879,1.38629,2.30259,4,2.27334,0,0,0,0,0.98514
Ch6-OV-Exact-Full,35.5034,55,352,ExactBaseline,1,1,0.00440857,2.07944,2.30259,5,1.93542,0,0,0,0,0.993187
Ch6-OV-Exact-Full,35.5143,93,62,ExactBaseline,1,1,0.00455786,2.07944,2.30259,5,2.87473,0,0,0,0,0.990837
Ch6-OV-Exact-Full,35.5147,-1,-1,ExactBaseline,0,0,0,0,2.30259,0,3.4966,0,0,0,0,0.97912
Ch6-OV-Exact-Full,35.5158,-1,-1,ExactBaseline,0,0,0,0,2.30259,0,1.99377,0,0,0,0,1
Ch6-OV-Exact-Full,35.5177,-1,-1,ExactBaseline,0,0,0,0,2.30259,0,0.208745,0,0,0,0,1
Ch6-OV-Exact-Full,35.5178,286,416,ExactBaseline,1,1,0.00437669,2.07944,2.30259,5,4.63568,0,0,0,0,0.990837
Ch6-OV-Exact-Full,35.5196,-1,-1,ExactBaseline,0,0,0,0,2.30259,0,5.07933,0,0,0,0,0.995419
Ch6-OV-Exact-Full,35.5226,44,46,ExactBaseline,1,1,0.00318322,1.38629,2.30259,4,3.18809,0,0,0,0,0.995419
Ch6-OV-Exact-Full,35.5304,0,288,ExactBaseline,1,1,0.00195068,0.693147,2.30259,3,2.18722,0,0,0,0,0.983906
Ch6-OV-Exact-Full,35.5349,124,167,ExactBaseline,1,1,0.00317643,1.38629,2.30259,4,2.77196,0,0,0,0,0.987371
Ch6-OV-Exact-Full,35.547,91,372,ExactBaseline,1,1,0.00194468,0.538997,2.30259,3,3.39379,0,0,0,0,0.973972
Ch6-OV-Exact-Full,35.55,-1,-1,ExactBaseline,0,0,0,0,2.30259,0,3.49793,0,0,0,0,0.998884
Ch6-OV-Exact-Full,35.5512,-1,-1,ExactBaseline,0,0,0,0,2.30259,0,5.89447,0,0,0,0,0.980903
Ch6-OV-Exact-Full,35.5519,-1,-1,ExactBaseline,0,0,0,0,2.30259,0,3.87178,0,0,0,0,0.998884
Ch6-OV-Exact-Full,35.5596,-1,-1,ExactBaseline,0,0,0,0,2.30259,0,3.37889,0,0,0,0,1
Ch6-OV-Exact-Full,35.5606,115,126,ExactBaseline,1,1,0.00323342,1.38629,2.30259,4,5.86189,0,0,0,0,0.987371
Ch6-OV-Exact-Full,35.5749,-1,-1,ExactBaseline,0,0,0,0,2.30259,0,1.74888,0,0,0,0,0.998884
Ch6-OV-Exact-Full,35.5753,271,151,ExactBaseline,1,1,0.00241644,0.693147,2.30259,3,4.50282,0,0,0,0,0.991953
Ch6-OV-Exact-Full,35.5775,-1,-1,ExactBaseline,0,0,0,0,2.30259,0,4.92336,0,0,0,0,0.991953
Ch6-OV-Exact-Full,35.5797,-1,-1,ExactBaseline,0,0,0,0,2.30259,0,0.12707,0,0,0,0,1
Ch6-OV-Exact-Full,35.5875,127,459,ExactBaseline,1,1,0.00441202,2.07944,2.30259,5,4.19419,0,0,0,0,0.996653
Ch6-OV-Exact-Full,35.6198,177,338,ExactBaseline,1,1,0.00438868,2.07944,2.30259,5,2.10739,0,0,0,0,0.997769
Ch6-OV-Exact-Full,35.6219,-1,-1,ExactBaseline,0,0,0,0,2.30259,0,5.65896,0,0,0,0,0.990837
Ch6-OV-Exact-Full,35.6284,-1,-1,ExactBaseline,0,0,0,0,2.30259,0,1.9946,0,0,0,0,1
Ch6-OV-Exact-Full,35.6339,-1,-1,ExactBaseline,0,0,0,0,2.30259,0,2.34295,0,0,0,0,0.995419
Ch6-OV-Exact-Full,35.6379,139,302,ExactBaseline,1,1,0.00535342,2.07944,2.30259,5,3.85059,0,0,0,0,0.994303
Ch6-OV-Exact-Full,35.6456,247,333,ExactBaseline,1,1,0.0036104,1.38629,2.30259,4,2.91145,0,0,0,0,0.987371
Ch6-OV-Exact-Full,35.6511,-1,-1,ExactBaseline,0,0,0,0,2.30259,0,3.51378,0,0,0,0,1
Ch6-OV-Exact-Full,35.6516,-1,-1,ExactBaseline,0,0,0,0,2.30259,0,4.05362,0,0,0,0,0.995419
Ch6-OV-Exact-Full,35.6563,-1,-1,ExactBaseline,0,0,0,0,2.30259,0,2.36268,0,0,0,0,1
Ch6-OV-Exact-Full,35.6622,298,281,ExactBaseline,1,1,0.00507178,2.07944,2.30259,5,3.42717,0,0,0,0,0.998884
Ch6-OV-Exact-Full,35.6634,-1,-1,ExactBaseline,0,0,0,0,2.30259,0,4.36449,0,0,0,0,1
Ch6-OV-Exact-Full,35.6674,-1,-1,ExactBaseline,0,0,0,0,2.30259,0,2.87485,0,0,0,0,0.998884
Ch6-OV-Exact-Full,35.6757,-1,-1,ExactBaseline,0,0,0,0,2.30259,0,5.68147,0,0,0,0,0.997769
Ch6-OV-Exact-Full,35.6782,146,161,ExactBaseline,1,1,0.00480374,2.07944,2.30259,5,0.188401,0,0,0,0,0.998884
Ch6-OV-Exact-Full,35.6803,-1,-1,ExactBaseline,0,0,0,0,2.30259,0,2.57915,0,0,0,0,1
Ch6-OV-Exact-Full,35.6846,-1,-1,ExactBaseline,0,0,0,0,2.30259,0,3.48702,0,0,0,0,0.983906
Ch6-OV-Exact-Full,35.6868,-1,-1,ExactBaseline,0,0,0,0,2.30259,0,3.23604,0,0,0,0,1
Ch6-OV-Exact-Full,35.6869,-1,-1,ExactBaseline,0,0,0,0,2.30259,0,4.73382,0,0,0,0,0.979324
Ch6-OV-Exact-Full,35.6944,96,380,ExactBaseline,1,1,0.00239625,0.693147,2.30259,3,1.33317,0,0,0,0,0.991953
Ch6-OV-Exact-Full,35.7018,-1,-1,ExactBaseline,0,0,0,0,2.30259,0,0.736899,0,0,0,0,1
Ch6-OV-Exact-Full,35.7139,213,323,ExactBaseline,1,1,0.00575229,2.07944,2.30259,5,3.61371,0,0,0,0,0.993187
Ch6-OV-Exact-Full,35.7179,126,168,ExactBaseline,1,1,0.00336824,1.38629,2.30259,4,2.48679,0,0,0,0,0.990837
Ch6-OV-Exact-Full,35.7195,184,450,ExactBaseline,1,1,0.00442175,2.07944,2.30259,5,5.16874,0,0,0,0,0.990837
Ch6-OV-Exact-Full,35.729,-1,-1,ExactBaseline,0,0,0,0,2.30259,0,4.79984,0,0,0,0,0.995419
Ch6-OV-Exact-Full,35.7331,108,414,ExactBaseline,1,1,0.00195862,0.693147,2.30259,3,3.36077,0,0,0,0,0.987371
Ch6-OV-Exact-Full,35.7344,-1,-1,ExactBaseline,0,0,0,0,2.30259,0,5.01499,0,0,0,0,0.998884
Ch6-OV-Exact-Full,35.7398,-1,-1,ExactBaseline,0,0,0,0,2.30259,0,4.66338,0,0,0,0,0.963026
Ch6-OV-Exact-Full,35.7419,248,325,ExactBaseline,1,1,0.00196246,0.693147,2.30259,3,2.41008,0,0,0,0,0.991953
Ch6-OV-Exact-Full,35.7497,-1,-1,ExactBaseline,0,0,0,0,2.30259,0,3.90576,0,0,0,0,0.994303
Ch6-OV-Exact-Full,35.7501,-1,-1,ExactBaseline,0,0,0,0,2.30259,0,2.11345,0,0,0,0,0.998884
Ch6-OV-Exact-Full,35.7609,-1,-1,ExactBaseline,0,0,0,0,2.30259,0,3.39924,0,0,0,0,1
Ch6-OV-Exact-Full,35.7644,302,378,ExactBaseline,1,1,0.00318452,1.38629,2.30259,4,3.38682,0,0,0,0,0.994303
Ch6-OV-Exact-Full,35.7683,73,377,ExactBaseline,1,1,0.00203436,0.693147,2.30259,3,4.43356,0,0,0,0,0.977093
Ch6-OV-Exact-Full,35.7693,82,96,ExactBaseline,1,1,0.00438987,2.07944,2.30259,5,5.42158,0,0,0,0,0.990956
Ch6-OV-Exact-Full,35.7715,-1,-1,ExactBaseline,0,0,0,0,2.30259,0,1.54608,0,0,0,0,1
Ch6-OV-Exact-Full,35.7745,-1,-1,ExactBaseline,0,0,0,0,2.30259,0,2.5771,0,0,0,0,1
Ch6-OV-Exact-Full,35.7807,-1,-1,ExactBaseline,0,0,0,0,2.30259,0,0.939936,0,0,0,0,1
Ch6-OV-Exact-Full,35.7913,337,60,ExactBaseline,1,1,0.00359165,1.38629,2.30259,4,0.406719,0,0,0,0,0.995419
Ch6-OV-Exact-Full,35.7989,-1,-1,ExactBaseline,0,0,0,0,2.30259,0,3.27216,0,0,0,0,0.998884
Ch6-OV-Exact-Full,35.8004,-1,-1,ExactBaseline,0,0,0,0,2.30259,0,4.79864,0,0,0,0,0.986256
Ch6-OV-Exact-Full,35.8169,-1,-1,ExactBaseline,0,0,0,0,2.30259,0,2.42463,0,0,0,0,1
Ch6-OV-Exact-Full,35.8206,-1,-1,ExactBaseline,0,0,0,0,2.30259,0,2.53265,0,0,0,0,0.995419
Ch6-OV-Exact-Full,35.8221,-1,-1,ExactBaseline,0,0,0,0,2.30259,0,4.99213,0,0,0,0,1
Ch6-OV-Exact-Full,35.8236,5,186,ExactBaseline,1,1,0.0043808,2.07944,2.30259,5,3.07741,0,0,0,0,0.990837
Ch6-OV-Exact-Full,35.8346,-1,-1,ExactBaseline,0,0,0,0,2.30259,0,0.43036,0,0,0,0,1
Ch6-OV-Exact-Full,35.8356,-1,-1,ExactBaseline,0,0,0,0,2.30259,0,4.04654,0,0,0,0,1
Ch6-OV-Exact-Full,35.8441,-1,-1,ExactBaseline,0,0,0,0,2.30259,0,2.72812,0,0,0,0,1
Ch6-OV-Exact-Full,35.8562,22,132,ExactBaseline,1,1,0.00483146,2.07944,2.30259,5,3.10092,0,0,0,0,0.982205
Ch6-OV-Exact-Full,35.8577,-1,-1,ExactBaseline,0,0,0,0,2.30259,0,0.162368,0,0,0,0,1
Ch6-OV-Exact-Full,35.8589,136,89,ExactBaseline,1,1,0.00204499,0.693147,2.30259,3,4.95025,0,0,0,0,0.991953
Ch6-OV-Exact-Full,35.8632,34,70,ExactBaseline,1,1,0.00438724,1.77406,2.30259,5,5.33805,0,0,0,0,0.976801
Ch6-OV-Exact-Full,35.8734,-1,-1,ExactBaseline,0,0,0,0,2.30259,0,0.059364,0,0,0,0,1
Ch6-OV-Exact-Full,35.8749,-1,-1,ExactBaseline,0,0,0,0,2.30259,0,3.38276,0,0,0,0,1
Ch6-OV-Exact-Full,35.8791,-1,-1,ExactBaseline,0,0,0,0,2.30259,0,5.74441,0,0,0,0,0.979324
Ch6-OV-Exact-Full,35.8809,-1,-1,ExactBaseline,0,0,0,0,2.30259,0,2.52908,0,0,0,0,1
Ch6-OV-Exact-Full,35.9,-1,-1,ExactBaseline,0,0,0,0,2.30259,0,2.78753,0,0,0,0,0.991953
Ch6-OV-Exact-Full,35.9183,-1,-1,ExactBaseline,0,0,0,0,2.30259,0,2.44662,0,0,0,0,0.997769
Ch6-OV-Exact-Full,35.9258,-1,-1,ExactBaseline,0,0,0,0,2.30259,0,5.94069,0,0,0,0,0.998884
Ch6-OV-Exact-Full,35.9298,194,503,ExactBaseline,1,1,0.00439931,2.26176,2.30259,5,5.28086,0,0,0,0,0.987167
Ch6-OV-Exact-Full,35.9373,-1,-1,ExactBaseline,0,0,0,0,2.30259,0,4.32767,0,0,0,0,0.990837
Ch6-OV-Exact-Full,35.9444,168,216,ExactBaseline,1,1,0.00481579,2.07944,2.30259,5,4.78657,0,0,0,0,0.994303
Ch6-OV-Exact-Full,35.952,-1,-1,ExactBaseline,0,0,0,0,2.30259,0,5.11897,0,0,0,0,0.996653
Ch6-OV-Exact-Full,35.9719,41,447,ExactBaseline,1,1,0.00438253,1.77406,2.30259,5,5.38671,0,0,0,0,0.992483
Ch6-OV-Exact-Full,35.9815,69,142,ExactBaseline,1,1,0.00485389,2.07944,2.30259,5,3.63143,0,0,0,0,0.995111
Ch6-OV-Exact-Full,35.9821,42,429,ExactBaseline,1,1,0.00195674,0.693147,2.30259,3,0.361902,0,0,0,0,0.991953
Ch6-OV-Exact-Full,35.9861,242,491,ExactBaseline,1,1,0.00437265,2.07944,2.30259,5,4.65852,0,0,0,0,0.998884
Ch6-OV-Exact-Full,36.0059,-1,-1,ExactBaseline,0,0,0,0,2.30259,0,2.5401,0,0,0,0,0.983906
Ch6-OV-Exact-Full,36.0119,30,466,ExactBaseline,1,1,0.00241954,0.693147,2.30259,3,1.45628,0,0,0,0,0.982842
Ch6-OV-Exact-Full,36.0153,159,380,ExactBaseline,1,1,0.00481816,2.07944,2.30259,5,0.820336,0,0,0,0,0.998884
Ch6-OV-Exact-Full,36.0153,21,157,ExactBaseline,1,1,0.00335035,1.23214,2.30259,4,6.38286,0,0,0,0,0.986427
Ch6-OV-Exact-Full,36.0171,-1,-1,ExactBaseline,0,0,0,0,2.30259,0,4.61173,0,0,0,0,0.984729
Ch6-OV-Exact-Full,36.0191,-1,-1,ExactBaseline,0,0,0,0,2.30259,0,1.89039,0,0,0,0,0.999296
Ch6-OV-Exact-Full,36.0273,2,491,ExactBaseline,1,1,0.00485344,2.07944,2.30259,5,3.82364,0,0,0,0,0.989721
Ch6-OV-Exact-Full,36.0336,167,157,ExactBaseline,1,1,0.0036288,1.38629,2.30259,4,4.03066,0,0,0,0,0.995419
Ch6-OV-Exact-Full,36.0348,-1,-1,ExactBaseline,0,0,0,0,2.30259,0,2.78631,0,0,0,0,0.985485
Ch6-OV-Exact-Full,36.0396,-1,-1,ExactBaseline,0,0,0,0,2.30259,0,3.75985,0,0,0,0,0.998884
Ch6-OV-Exact-Full,36.0402,-1,-1,ExactBaseline,0,0,0,0,2.30259,0,3.08414,0,0,0,0,1
Ch6-OV-Exact-Full,36.0481,-1,-1,ExactBaseline,0,0,0,0,2.30259,0,1.33677,0,0,0,0,1
Ch6-OV-Exact-Full,36.0519,64,177,ExactBaseline,1,1,0.00443839,1.92529,2.30259,5,4.84496,0,0,0,0,0.991301
Ch6-OV-Exact-Full,36.0652,175,442,ExactBaseline,1,1,0.00459823,2.07944,2.30259,5,1.71259,0,0,0,0,0.994303
Ch6-OV-Exact-Full,36.0772,-1,-1,ExactBaseline,0,0,0,0,2.30259,0,0.21855,0,0,0,0,1
Ch6-OV-Exact-Full,36.0796,161,206,ExactBaseline,1,1,0.00360252,1.38629,2.30259,4,2.33654,0,0,0,0,0.986256
Ch6-OV-Exact-Full,36.0969,-1,-1,ExactBaseline,0,0,0,0,2.30259,0,4.25976,0,0,0,0,0.998884
Ch6-OV-Exact-Full,36.0994,316,52,ExactBaseline,1,1,0.00341172,1.38629,2.30259,4,2.45976,0,0,0,0,0.995419
Ch6-OV-Exact-Full,36.1025,75,27,ExactBaseline,1,1,0.00440469,2.07944,2.30259,5,2.58473,0,0,0,0,0.998884
Ch6-OV-Exact-Full,36.1103,-1,-1,ExactBaseline,0,0,0,0,2.30259,0,0.378017,0,0,0,0,1
Ch6-OV-Exact-Full,36.1173,284,261,ExactBaseline,1,1,0.00198029,0.693147,2.30259,3,5.97391,0,0,0,0,0.991953
Ch6-OV-Exact-Full,36.1207,-1,-1,ExactBaseline,0,0,0,0,2.30259,0,0.312493,0,0,0,0,1
Ch6-OV-Exact-Full,36.1218,-1,-1,ExactBaseline,0,0,0,0,2.30259,0,3.01374,0,0,0,0,0.995419
Ch6-OV-Exact-Full,36.1296,-1,-1,ExactBaseline,0,0,0,0,2.30259,0,2.08948,0,0,0,0,0.998884
Ch6-OV-Exact-Full,36.1399,-1,-1,ExactBaseline,0,0,0,0,2.30259,0,2.716,0,0,0,0,0.991953
Ch6-OV-Exact-Full,36.1456,254,458,ExactBaseline,1,1,0.00195881,0.693147,2.30259,3,3.62771,0,0,0,0,0.991953
Ch6-OV-Exact-Full,36.1532,334,425,ExactBaseline,1,1,0.00317007,1.38629,2.30259,4,5.17363,0,0,0,0,0.995419
Ch6-OV-Exact-Full,36.1784,176,339,ExactBaseline,1,1,0.00441779,2.26176,2.30259,5,0.73545,0,0,0,0,0.994099
Ch6-OV-Exact-Full,36.1793,-1,-1,ExactBaseline,0,0,0,0,2.30259,0,0.361646,0,0,0,0,0.994303
Ch6-OV-Exact-Full,36.1834,-1,-1,ExactBaseline,0,0,0,0,2.30259,0,2.9272,0,0,0,0,0.990133
Ch6-OV-Exact-Full,36.1904,-1,-1,ExactBaseline,0,0,0,0,2.30259,0,2.87907,0,0,0,0,1
Ch6-OV-Exact-Full,36.1926,245,481,ExactBaseline,1,1,0.0032308,1.38629,2.30259,4,2.81362,0,0,0,0,0.989721
Ch6-OV-Exact-Full,36.1953,350,381,ExactBaseline,1,1,0.00439945,2.07944,2.30259,5,2.69478,0,0,0,0,0.998884
Ch6-OV-Exact-Full,36.2062,-1,-1,ExactBaseline,0,0,0,0,2.30259,0,2.66391,0,0,0,0,1
Ch6-OV-Exact-Full,36.2109,33,463,ExactBaseline,1,1,0.00692632,2.24421,2.30259,7,3.48173,0,0,0,0,0.997065
Ch6-OV-Exact-Full,36.2355,-1,-1,ExactBaseline,0,0,0,0,2.30259,0,0.377267,0,0,0,0,0.995419
Ch6-OV-Exact-Full,36.2357,-1,-1,ExactBaseline,0,0,0,0,2.30259,0,0.158999,0,0,0,0,1
Ch6-OV-Exact-Full,36.2358,-1,-1,ExactBaseline,0,0,0,0,2.30259,0,2.81642,0,0,0,0,1
Ch6-OV-Exact-Full,36.2418,70,34,ExactBaseline,1,1,0.00471745,2.07944,2.30259,5,2.27771,0,0,0,0,0.992109
Ch6-OV-Exact-Full,36.2419,345,127,ExactBaseline,1,1,0.0043871,2.07944,2.30259,5,3.73957,0,0,0,0,0.998884
Ch6-OV-Exact-Full,36.2527,-1,-1,ExactBaseline,0,0,0,0,2.30259,0,1.40031,0,0,0,0,0.987371
Ch6-OV-Exact-Full,36.2538,-1,-1,ExactBaseline,0,0,0,0,2.30259,0,2.59668,0,0,0,0,0.993187
Ch6-OV-Exact-Full,36.2604,-1,-1,ExactBaseline,0,0,0,0,2.30259,0,0.179582,0,0,0,0,1
Ch6-OV-Exact-Full,36.2636,84,336,ExactBaseline,1,1,0.00443955,2.07944,2.30259,5,5.60004,0,0,0,0,0.994303
Ch6-OV-Exact-Full,36.2778,-1,-1,ExactBaseline,0,0,0,0,2.30259,0,0.237285,0,0,0,0,1
Ch6-OV-Exact-Full,36.2842,300,374,ExactBaseline,1,1,0.00362452,1.38629,2.30259,4,4.58151,0,0,0,0,0.995419
Ch6-OV-Exact-Full,36.2865,295,471,ExactBaseline,1,1,0.00318941,1.38629,2.30259,4,4.04658,0,0,0,0,0.990837
Ch6-OV-Exact-Full,36.2951,172,462,ExactBaseline,1,1,0.00203912,0.693147,2.30259,3,3.92408,0,0,0,0,0.970161
Ch6-OV-Exact-Full,36.302,87,201,ExactBaseline,1,1,0.00195232,0.693147,2.30259,3,2.84971,0,0,0,0,0.981674
Ch6-OV-Exact-Full,36.3145,-1,-1,ExactBaseline,0,0,0,0,2.30259,0,7.87745,0,0,0,0,1
Ch6-OV-Exact-Full,36.3166,104,244,ExactBaseline,1,1,0.00485319,2.07944,2.30259,5,5.09517,0,0,0,0,0.986256
Ch6-OV-Exact-Full,36.3228,-1,-1,ExactBaseline,0,0,0,0,2.30259,0,3.13393,0,0,0,0,0.995214
Ch6-OV-Exact-Full,36.323,-1,-1,ExactBaseline,0,0,0,0,2.30259,0,5.05454,0,0,0,0,1
Ch6-OV-Exact-Full,36.3245,23,287,ExactBaseline,1,1,0.00460144,1.77406,2.30259,5,5.65625,0,0,0,0,0.993599
Ch6-OV-Exact-Full,36.3289,77,325,ExactBaseline,1,1,0.00436866,2.07944,2.30259,5,2.31436,0,0,0,0,0.997769
Ch6-OV-Exact-Full,36.3403,293,183,ExactBaseline,1,1,0.00474253,2.07944,2.30259,5,1.89108,0,0,0,0,0.998884
Ch6-OV-Exact-Full,36.3412,-1,-1,ExactBaseline,0,0,0,0,2.30259,0,3.14449,0,0,0,0,0.990837
Ch6-OV-Exact-Full,36.3419,32,13,ExactBaseline,1,1,0.0036542,1.56862,2.30259,4,6.20125,0,0,0,0,0.983102
Ch6-OV-Exact-Full,36.3441,-1,-1,ExactBaseline,0,0,0,0,2.30259,0,0.610452,0,0,0,0,0.998884
Ch6-OV-Exact-Full,36.3471,215,474,ExactBaseline,1,1,0.00238907,0.693147,2.30259,3,0.196929,0,0,0,0,0.983906
Ch6-OV-Exact-Full,36.3497,-1,-1,ExactBaseline,0,0,0,0,2.30259,0,4.37992,0,0,0,0,0.997769
Ch6-OV-Exact-Full,36.3501,-1,-1,ExactBaseline,0,0,0,0,2.30259,0,1.73354,0,0,0,0,0.995419
Ch6-OV-Exact-Full,36.3782,-1,-1,ExactBaseline,0,0,0,0,2.30259,0,4.69513,0,0,0,0,1
Ch6-OV-Exact-Full,36.3937,-1,-1,ExactBaseline,0,0,0,0,2.30259,0,3.193,0,0,0,0,0.998884
Ch6-OV-Exact-Full,36.408,214,310,ExactBaseline,1,1,0.00195419,0.693147,2.30259,3,1.9822,0,0,0,0,0.966696
Ch6-OV-Exact-Full,36.4199,200,507,ExactBaseline,1,1,0.00435712,2.26176,2.30259,5,2.04715,0,0,0,0,0.991749
Ch6-OV-Exact-Full,36.4242,-1,-1,ExactBaseline,0,0,0,0,2.30259,0,5.46996,0,0,0,0,1
Ch6-OV-Exact-Full,36.4294,-1,-1,ExactBaseline,0,0,0,0,2.30259,0,2.81462,0,0,0,0,1
Ch6-OV-Exact-Full,36.4333,-1,-1,ExactBaseline,0,0,0,0,2.30259,0,2.13762,0,0,0,0,1
Ch6-OV-Exact-Full,36.4384,-1,-1,ExactBaseline,0,0,0,0,2.30259,0,2.80075,0,0,0,0,1
Ch6-OV-Exact-Full,36.4471,-1,-1,ExactBaseline,0,0,0,0,2.30259,0,5.81659,0,0,0,0,0.991953
Ch6-OV-Exact-Full,36.4483,-1,-1,ExactBaseline,0,0,0,0,2.30259,0,5.35851,0,0,0,0,1
Ch6-OV-Exact-Full,36.4532,-1,-1,ExactBaseline,0,0,0,0,2.30259,0,4.30459,0,0,0,0,0.995419
Ch6-OV-Exact-Full,36.4663,-1,-1,ExactBaseline,0,0,0,0,2.30259,0,0.150435,0,0,0,0,0.994303
Ch6-OV-Exact-Full,36.4678,265,436,ExactBaseline,1,1,0.0043596,2.07944,2.30259,5,2.6445,0,0,0,0,0.998884
Ch6-OV-Exact-Full,36.472,205,237,ExactBaseline,1,1,0.00485902,2.07944,2.30259,5,3.10319,0,0,0,0,0.997769
Ch6-OV-Exact-Full,36.473,-1,-1,ExactBaseline,0,0,0,0,2.30259,0,0.366199,0,0,0,0,0.99868
Ch6-OV-Exact-Full,36.4805,-1,-1,ExactBaseline,0,0,0,0,2.30259,0,1.81197,0,0,0,0,0.998884
Ch6-OV-Exact-Full,36.4806,-1,-1,ExactBaseline,0,0,0,0,2.30259,0,0.259074,0,0,0,0,0.998884
Ch6-OV-Exact-Full,36.4809,-1,-1,ExactBaseline,0,0,0,0,2.30259,0,2.87599,0,0,0,0,0.990837
Ch6-OV-Exact-Full,36.4818,-1,-1,ExactBaseline,0,0,0,0,2.30259,0,2.03916,0,0,0,0,1
Ch6-OV-Exact-Full,36.5044,-1,-1,ExactBaseline,0,0,0,0,2.30259,0,2.61896,0,0,0,0,0.992776
Ch6-OV-Exact-Full,36.5096,-1,-1,ExactBaseline,0,0,0,0,2.30259,0,2.62291,0,0,0,0,0.994303
Ch6-OV-Exact-Full,36.5123,-1,-1,ExactBaseline,0,0,0,0,2.30259,0,2.59655,0,0,0,0,1
Ch6-OV-Exact-Full,36.5148,-1,-1,ExactBaseline,0,0,0,0,2.30259,0,2.17765,0,0,0,0,0.995419
Ch6-OV-Exact-Full,36.5204,-1,-1,ExactBaseline,0,0,0,0,2.30259,0,0.151359,0,0,0,0,1
Ch6-OV-Exact-Full,36.5228,224,255,ExactBaseline,1,1,0.00443406,2.07944,2.30259,5,4.34109,0,0,0,0,0.990837
Ch6-OV-Exact-Full,36.5294,294,488,ExactBaseline,1,1,0.00424895,1.38629,2.30259,4,6.09978,0,0,0,0,0.987371
Ch6-OV-Exact-Full,36.5382,-1,-1,ExactBaseline,0,0,0,0,2.30259,0,4.87938,0,0,0,0,1
Ch6-OV-Exact-Full,36.5491,207,273,ExactBaseline,1,1,0.00327965,1.38629,2.30259,4,2.84192,0,0,0,0,0.989721
Ch6-OV-Exact-Full,36.5548,-1,-1,ExactBaseline,0,0,0,0,2.30259,0,1.86951,0,0,0,0,1
Ch6-OV-Exact-Full,36.5608,-1,-1,ExactBaseline,0,0,0,0,2.30259,0,5.14447,0,0,0,0,1
Ch6-OV-Exact-Full,36.5659,236,478,ExactBaseline,1,1,0.00439091,2.07944,2.30259,5,4.17003,0,0,0,0,0.998884
Ch6-OV-Exact-Full,36.5684,119,281,ExactBaseline,1,1,0.00445913,2.07944,2.30259,5,4.83087,0,0,0,0,0.980558
Ch6-OV-Exact-Full,36.5709,222,99,ExactBaseline,1,1,0.00457232,2.07944,2.30259,5,4.8334,0,0,0,0,0.998884
Ch6-OV-Exact-Full,36.5712,-1,-1,ExactBaseline,0,0,0,0,2.30259,0,2.12207,0,0,0,0,1
Ch6-OV-Exact-Full,36.5861,-1,-1,ExactBaseline,0,0,0,0,2.30259,0,1.2009,0,0,0,0,1
Ch6-OV-Exact-Full,36.602,47,119,ExactBaseline,1,1,0.00438312,2.07944,2.30259,5,2.55754,0,0,0,0,0.988194
Ch6-OV-Exact-Full,36.6026,-1,-1,ExactBaseline,0,0,0,0,2.30259,0,4.50329,0,0,0,0,0.979324
Ch6-OV-Exact-Full,36.6121,-1,-1,ExactBaseline,0,0,0,0,2.30259,0,0.120293,0,0,0,0,1
Ch6-OV-Exact-Full,36.6161,-1,-1,ExactBaseline,0,0,0,0,2.30259,0,4.74789,0,0,0,0,0.998884
Ch6-OV-Exact-Full,36.6168,-1,-1,ExactBaseline,0,0,0,0,2.30259,0,0.11687,0,0,0,0,1
Ch6-OV-Exact-Full,36.6187,-1,-1,ExactBaseline,0,0,0,0,2.30259,0,0.262932,0,0,0,0,1
Ch6-OV-Exact-Full,36.6248,-1,-1,ExactBaseline,0,0,0,0,2.30259,0,0.170594,0,0,0,0,0.998884
Ch6-OV-Exact-Full,36.6323,97,499,ExactBaseline,1,1,0.00199571,0.693147,2.30259,3,1.64568,0,0,0,0,0.981674
Ch6-OV-Exact-Full,36.6379,95,155,ExactBaseline,1,1,0.00316452,1.38629,2.30259,4,4.15268,0,0,0,0,0.978004
Ch6-OV-Exact-Full,36.6464,-1,-1,ExactBaseline,0,0,0,0,2.30259,0,5.00178,0,0,0,0,0.991953
Ch6-OV-Exact-Full,36.6521,-1,-1,ExactBaseline,0,0,0,0,2.30259,0,3.76734,0,0,0,0,0.991953
Ch6-OV-Exact-Full,36.6532,-1,-1,ExactBaseline,0,0,0,0,2.30259,0,0.523216,0,0,0,0,1
Ch6-OV-Exact-Full,36.6751,122,486,ExactBaseline,1,1,0.00425868,1.38629,2.30259,4,4.43233,0,0,0,0,0.989721
Ch6-OV-Exact-Full,36.6782,327,338,ExactBaseline,1,1,0.00482788,2.07944,2.30259,5,4.11066,0,0,0,0,0.998884
Ch6-OV-Exact-Full,36.6796,-1,-1,ExactBaseline,0,0,0,0,2.30259,0,0.091794,0,0,0,0,1
Ch6-OV-Exact-Full,36.68,144,312,ExactBaseline,1,1,0.00364719,1.38629,2.30259,4,2.42333,0,0,0,0,0.995419
Ch6-OV-Exact-Full,36.6935,-1,-1,ExactBaseline,0,0,0,0,2.30259,0,2.81176,0,0,0,0,0.995419
Ch6-OV-Exact-Full,36.7032,-1,-1,ExactBaseline,0,0,0,0,2.30259,0,1.96279,0,0,0,0,1
Ch6-OV-Exact-Full,36.7041,-1,-1,ExactBaseline,0,0,0,0,2.30259,0,3.88954,0,0,0,0,1
Ch6-OV-Exact-Full,36.7076,-1,-1,ExactBaseline,0,0,0,0,2.30259,0,1.17422,0,0,0,0,1
Ch6-OV-Exact-Full,36.71,-1,-1,ExactBaseline,0,0,0,0,2.30259,0,0.647257,0,0,0,0,0.995419
Ch6-OV-Exact-Full,36.7175,218,335,ExactBaseline,1,1,0.00242717,0.693147,2.30259,3,5.52377,0,0,0,0,0.986256
Ch6-OV-Exact-Full,36.7461,-1,-1,ExactBaseline,0,0,0,0,2.30259,0,2.8964,0,0,0,0,1
Ch6-OV-Exact-Full,36.7635,-1,-1,ExactBaseline,0,0,0,0,2.30259,0,1.92761,0,0,0,0,1
Ch6-OV-Exact-Full,36.7673,270,28,ExactBaseline,1,1,0.00195538,0.693147,2.30259,3,2.38472,0,0,0,0,0.991953
Ch6-OV-Exact-Full,36.7701,-1,-1,ExactBaseline,0,0,0,0,2.30259,0,3.74411,0,0,0,0,1
Ch6-OV-Exact-Full,36.7786,-1,-1,ExactBaseline,0,0,0,0,2.30259,0,1.04335,0,0,0,0,0.998884
Ch6-OV-Exact-Full,36.7823,-1,-1,ExactBaseline,0,0,0,0,2.30259,0,5.59017,0,0,0,0,0.994303
Ch6-OV-Exact-Full,36.7889,-1,-1,ExactBaseline,0,0,0,0,2.30259,0,0.32508,0,0,0,0,1
Ch6-OV-Exact-Full,36.7955,-1,-1,ExactBaseline,0,0,0,0,2.30259,0,0.15337,0,0,0,0,1
Ch6-OV-Exact-Full,36.7959,-1,-1,ExactBaseline,0,0,0,0,2.30259,0,4.83014,0,0,0,0,0.98279
Ch6-OV-Exact-Full,36.8035,170,315,ExactBaseline,1,1,0.00483983,2.26176,2.30259,5,2.54076,0,0,0,0,0.999796
Ch6-OV-Exact-Full,36.8078,-1,-1,ExactBaseline,0,0,0,0,2.30259,0,6.47039,0,0,0,0,0.991953
Ch6-OV-Exact-Full,36.8131,-1,-1,ExactBaseline,0,0,0,0,2.30259,0,0.626325,0,0,0,0,0.997769
Ch6-OV-Exact-Full,36.8149,-1,-1,ExactBaseline,0,0,0,0,2.30259,0,3.09072,0,0,0,0,1
Ch6-OV-Exact-Full,36.821,339,76,ExactBaseline,1,1,0.00195725,0.693147,2.30259,3,2.84355,0,0,0,0,0.991953
Ch6-OV-Exact-Full,36.8237,-1,-1,ExactBaseline,0,0,0,0,2.30259,0,3.37611,0,0,0,0,0.994303
Ch6-OV-Exact-Full,36.8251,-1,-1,ExactBaseline,0,0,0,0,2.30259,0,4.7639,0,0,0,0,1
Ch6-OV-Exact-Full,36.8279,237,491,ExactBaseline,1,1,0.00220272,0.693147,2.30259,3,3.07284,0,0,0,0,0.991953
Ch6-OV-Exact-Full,36.8287,-1,-1,ExactBaseline,0,0,0,0,2.30259,0,2.89603,0,0,0,0,0.984024
Ch6-OV-Exact-Full,36.8439,-1,-1,ExactBaseline,0,0,0,0,2.30259,0,0.496571,0,0,0,0,1
Ch6-OV-Exact-Full,36.8545,359,476,ExactBaseline,1,1,0.00485993,2.07944,2.30259,5,3.93095,0,0,0,0,0.998884
Ch6-OV-Exact-Full,36.862,-1,-1,ExactBaseline,0,0,0,0,2.30259,0,2.90073,0,0,0,0,1
Ch6-OV-Exact-Full,36.8758,351,342,ExactBaseline,1,1,0.00438069,2.07944,2.30259,5,1.71181,0,0,0,0,0.998884
Ch6-OV-Exact-Full,36.8776,-1,-1,ExactBaseline,0,0,0,0,2.30259,0,6.71752,0,0,0,0,0.978208
Ch6-OV-Exact-Full,36.8789,349,314,ExactBaseline,1,1,0.00313955,1.38629,2.30259,4,2.43507,0,0,0,0,0.995419
Ch6-OV-Exact-Full,36.8886,204,258,ExactBaseline,1,1,0.0048371,2.07944,2.30259,5,4.63192,0,0,0,0,0.986052
Ch6-OV-Exact-Full,36.89,173,474,ExactBaseline,1,1,0.00450754,2.07944,2.30259,5,4.95589,0,0,0,0,0.990837
Ch6-OV-Exact-Full,36.8901,278,481,ExactBaseline,1,1,0.00344031,1.38629,2.30259,4,2.37423,0,0,0,0,0.995419
Ch6-OV-Exact-Full,36.8927,296,315,ExactBaseline,1,1,0.00437299,2.26176,2.30259,5,4.64209,0,0,0,0,0.997564
Ch6-OV-Exact-Full,36.8955,-1,-1,ExactBaseline,0,0,0,0,2.30259,0,2.68536,0,0,0,0,1
Ch6-OV-Exact-Full,36.904,241,83,ExactBaseline,1,1,0.00436477,2.07944,2.30259,5,1.38286,0,0,0,0,0.993187
Ch6-OV-Exact-Full,36.9076,-1,-1,ExactBaseline,0,0,0,0,2.30259,0,4.06136,0,0,0,0,0.995214
Ch6-OV-Exact-Full,36.9097,-1,-1,ExactBaseline,0,0,0,0,2.30259,0,2.75583,0,0,0,0,0.990837
Ch6-OV-Exact-Full,36.9192,-1,-1,ExactBaseline,0,0,0,0,2.30259,0,2.51804,0,0,0,0,1
Ch6-OV-Exact-Full,36.9205,-1,-1,ExactBaseline,0,0,0,0,2.30259,0,5.11943,0,0,0,0,1
Ch6-OV-Exact-Full,36.9268,-1,-1,ExactBaseline,0,0,0,0,2.30259,0,2.96863,0,0,0,0,1
Ch6-OV-Exact-Full,36.927,-1,-1,ExactBaseline,0,0,0,0,2.30259,0,4.19717,0,0,0,0,0.998884
Ch6-OV-Exact-Full,36.9403,307,201,ExactBaseline,1,1,0.00327317,1.38629,2.30259,4,1.88347,0,0,0,0,0.987371
Ch6-OV-Exact-Full,36.9447,-1,-1,ExactBaseline,0,0,0,0,2.30259,0,2.41821,0,0,0,0,1
Ch6-OV-Exact-Full,36.9471,-1,-1,ExactBaseline,0,0,0,0,2.30259,0,4.34861,0,0,0,0,1
Ch6-OV-Exact-Full,36.9512,-1,-1,ExactBaseline,0,0,0,0,2.30259,0,2.71869,0,0,0,0,1
Ch6-OV-Exact-Full,36.9654,40,366,ExactBaseline,1,1,0.00198855,0.693147,2.30259,3,2.5735,0,0,0,0,0.990133
Ch6-OV-Exact-Full,36.9679,-1,-1,ExactBaseline,0,0,0,0,2.30259,0,2.89248,0,0,0,0,0.983906
Ch6-OV-Exact-Full,36.978,-1,-1,ExactBaseline,0,0,0,0,2.30259,0,1.86069,0,0,0,0,1
Ch6-OV-Exact-Full,36.9966,-1,-1,ExactBaseline,0,0,0,0,2.30259,0,4.45054,0,0,0,0,1
Ch6-OV-Exact-Full,37.0045,332,136,ExactBaseline,1,1,0.00242253,0.693147,2.30259,3,2.15077,0,0,0,0,0.987371
Ch6-OV-Exact-Full,37.0085,-1,-1,ExactBaseline,0,0,0,0,2.30259,0,0.020596,0,0,0,0,1
Ch6-OV-Exact-Full,37.014,-1,-1,ExactBaseline,0,0,0,0,2.30259,0,0.737702,0,0,0,0,0.99868
Ch6-OV-Exact-Full,37.0174,-1,-1,ExactBaseline,0,0,0,0,2.30259,0,3.24906,0,0,0,0,0.991953
Ch6-OV-Exact-Full,37.0189,251,103,ExactBaseline,1,1,0.00437537,2.07944,2.30259,5,5.00857,0,0,0,0,0.986256
Ch6-OV-Exact-Full,37.0254,-1,-1,ExactBaseline,0,0,0,0,2.30259,0,2.699,0,0,0,0,1
Ch6-OV-Exact-Full,37.0262,-1,-1,ExactBaseline,0,0,0,0,2.30259,0,0.087128,0,0,0,0,1
Ch6-OV-Exact-Full,37.0276,-1,-1,ExactBaseline,0,0,0,0,2.30259,0,5.10409,0,0,0,0,1
Ch6-OV-Exact-Full,37.0316,-1,-1,ExactBaseline,0,0,0,0,2.30259,0,0.247251,0,0,0,0,1
Ch6-OV-Exact-Full,37.0358,116,305,ExactBaseline,1,1,0.00482939,2.07944,2.30259,5,4.12581,0,0,0,0,0.992071
Ch6-OV-Exact-Full,37.036,-1,-1,ExactBaseline,0,0,0,0,2.30259,0,1.38766,0,0,0,0,1
Ch6-OV-Exact-Full,37.0478,-1,-1,ExactBaseline,0,0,0,0,2.30259,0,0.779741,0,0,0,0,0.998884
Ch6-OV-Exact-Full,37.0551,-1,-1,ExactBaseline,0,0,0,0,2.30259,0,2.65813,0,0,0,0,0.991953
Ch6-OV-Exact-Full,37.0587,-1,-1,ExactBaseline,0,0,0,0,2.30259,0,6.57397,0,0,0,0,0.979032
Ch6-OV-Exact-Full,37.059,317,25,ExactBaseline,1,1,0.00439752,2.07944,2.30259,5,2.5923,0,0,0,0,0.997769
Ch6-OV-Exact-Full,37.06,-1,-1,ExactBaseline,0,0,0,0,2.30259,0,2.33759,0,0,0,0,0.987371
Ch6-OV-Exact-Full,37.0602,-1,-1,ExactBaseline,0,0,0,0,2.30259,0,4.58883,0,0,0,0,0.995419
Ch6-OV-Exact-Full,37.0659,-1,-1,ExactBaseline,0,0,0,0,2.30259,0,0.847604,0,0,0,0,0.999796
Ch6-OV-Exact-Full,37.0762,-1,-1,ExactBaseline,0,0,0,0,2.30259,0,3.16773,0,0,0,0,0.989721
Ch6-OV-Exact-Full,37.0793,231,476,ExactBaseline,1,1,0.00438551,2.07944,2.30259,5,4.50571,0,0,0,0,0.998884
Ch6-OV-Exact-Full,37.0793,-1,-1,ExactBaseline,0,0,0,0,2.30259,0,1.48566,0,0,0,0,0.997769
Ch6-OV-Exact-Full,37.0895,-1,-1,ExactBaseline,0,0,0,0,2.30259,0,0.133231,0,0,0,0,1
Ch6-OV-Exact-Full,37.092,-1,-1,ExactBaseline,0,0,0,0,2.30259,0,4.09676,0,0,0,0,0.98514
Ch6-OV-Exact-Full,37.0943,-1,-1,ExactBaseline,0,0,0,0,2.30259,0,3.14926,0,0,0,0,0.991182
Ch6-OV-Exact-Full,37.0958,-1,-1,ExactBaseline,0,0,0,0,2.30259,0,7.47783,0,0,0,0,0.995419
Ch6-OV-Exact-Full,37.0993,46,157,ExactBaseline,1,1,0.00435851,2.07944,2.30259,5,2.57676,0,0,0,0,0.994303
Ch6-OV-Exact-Full,37.1028,-1,-1,ExactBaseline,0,0,0,0,2.30259,0,3.4056,0,0,0,0,0.990837
Ch6-OV-Exact-Full,37.1136,-1,-1,ExactBaseline,0,0,0,0,2.30259,0,6.70824,0,0,0,0,0.991953
Ch6-OV-Exact-Full,37.1231,-1,-1,ExactBaseline,0,0,0,0,2.30259,0,2.92507,0,0,0,0,1
Ch6-OV-Exact-Full,37.1276,276,356,ExactBaseline,1,1,0.00203021,0.693147,2.30259,3,3.26884,0,0,0,0,0.983906
Ch6-OV-Exact-Full,37.1336,-1,-1,ExactBaseline,0,0,0,0,2.30259,0,3.61737,0,0,0,0,0.981674
Ch6-OV-Exact-Full,37.1394,-1,-1,ExactBaseline,0,0,0,0,2.30259,0,4.98605,0,0,0,0,0.970161
Ch6-OV-Exact-Full,37.1413,-1,-1,ExactBaseline,0,0,0,0,2.30259,0,0.017846,0,0,0,0,1
Ch6-OV-Exact-Full,37.1453,183,151,ExactBaseline,1,1,0.00296929,0.693147,2.30259,3,2.7534,0,0,0,0,0.987371
Ch6-OV-Exact-Full,37.1454,-1,-1,ExactBaseline,0,0,0,0,2.30259,0,4.01157,0,0,0,0,0.989721
Ch6-OV-Exact-Full,37.1459,-1,-1,ExactBaseline,0,0,0,0,2.30259,0,3.69691,0,0,0,0,0.998884
Ch6-OV-Exact-Full,37.1508,81,495,ExactBaseline,1,1,0.00438901,2.07944,2.30259,5,1.35625,0,0,0,0,0.998884
Ch6-OV-Exact-Full,37.1626,25,64,ExactBaseline,1,1,0.0020735,0.693147,2.30259,3,4.86225,0,0,0,0,0.981263
Ch6-OV-Exact-Full,37.1714,221,142,ExactBaseline,1,1,0.00460098,2.07944,2.30259,5,6.96335,0,0,0,0,0.973972
Ch6-OV-Exact-Full,37.1995,-1,-1,ExactBaseline,0,0,0,0,2.30259,0,3.97675,0,0,0,0,1
Ch6-OV-Exact-Full,37.2047,-1,-1,ExactBaseline,0,0,0,0,2.30259,0,3.23326,0,0,0,0,0.98749
Ch6-OV-Exact-Full,37.2053,-1,-1,ExactBaseline,0,0,0,0,2.30259,0,5.62768,0,0,0,0,0.992416
Ch6-OV-Exact-Full,37.2063,-1,-1,ExactBaseline,0,0,0,0,2.30259,0,6.44734,0,0,0,0,0.982908
Ch6-OV-Exact-Full,37.2158,-1,-1,ExactBaseline,0,0,0,0,2.30259,0,0.085864,0,0,0,0,1
Ch6-OV-Exact-Full,37.2218,112,462,ExactBaseline,1,1,0.00203916,0.693147,2.30259,3,3.47971,0,0,0,0,0.969046
Ch6-OV-Exact-Full,37.2228,261,87,ExactBaseline,1,1,0.003165,1.23214,2.30259,4,1.8158,0,0,0,0,0.994648
Ch6-OV-Exact-Full,37.2259,-1,-1,ExactBaseline,0,0,0,0,2.30259,0,0.281858,0,0,0,0,1
Ch6-OV-Exact-Full,37.2315,-1,-1,ExactBaseline,0,0,0,0,2.30259,0,5.07215,0,0,0,0,0.998884
Ch6-OV-Exact-Full,37.2342,-1,-1,ExactBaseline,0,0,0,0,2.30259,0,2.1616,0,0,0,0,0.994303
Ch6-OV-Exact-Full,37.2348,-1,-1,ExactBaseline,0,0,0,0,2.30259,0,3.59592,0,0,0,0,0.990837
Ch6-OV-Exact-Full,37.237,-1,-1,ExactBaseline,0,0,0,0,2.30259,0,4.88851,0,0,0,0,0.995419
Ch6-OV-Exact-Full,37.2398,-1,-1,ExactBaseline,0,0,0,0,2.30259,0,4.14437,0,0,0,0,0.998884
Ch6-OV-Exact-Full,37.242,-1,-1,ExactBaseline,0,0,0,0,2.30259,0,5.48596,0,0,0,0,0.984024
Ch6-OV-Exact-Full,37.2423,52,264,ExactBaseline,1,1,0.00439673,2.07944,2.30259,5,5.81152,0,0,0,0,0.990956
Ch6-OV-Exact-Full,37.247,-1,-1,ExactBaseline,0,0,0,0,2.30259,0,0.048012,0,0,0,0,1
Ch6-OV-Exact-Full,37.2504,-1,-1,ExactBaseline,0,0,0,0,2.30259,0,1.53566,0,0,0,0,0.998884
Ch6-OV-Exact-Full,37.259,-1,-1,ExactBaseline,0,0,0,0,2.30259,0,2.65002,0,0,0,0,1
Ch6-OV-Exact-Full,37.2628,-1,-1,ExactBaseline,0,0,0,0,2.30259,0,2.61699,0,0,0,0,1
Ch6-OV-Exact-Full,37.2636,39,92,ExactBaseline,1,1,0.00447354,2.07944,2.30259,5,1.70094,0,0,0,0,0.990956
Ch6-OV-Exact-Full,37.2756,-1,-1,ExactBaseline,0,0,0,0,2.30259,0,0.130812,0,0,0,0,1
Ch6-OV-Exact-Full,37.277,-1,-1,ExactBaseline,0,0,0,0,2.30259,0,2.89549,0,0,0,0,1
Ch6-OV-Exact-Full,37.2773,-1,-1,ExactBaseline,0,0,0,0,2.30259,0,3.18323,0,0,0,0,1
Ch6-OV-Exact-Full,37.2786,-1,-1,ExactBaseline,0,0,0,0,2.30259,0,0.126179,0,0,0,0,1
Ch6-OV-Exact-Full,37.2871,-1,-1,ExactBaseline,0,0,0,0,2.30259,0,5.82973,0,0,0,0,0.998884
Ch6-OV-Exact-Full,37.2872,59,203,ExactBaseline,1,1,0.00361665,1.38629,2.30259,4,4.98878,0,0,0,0,0.98514
Ch6-OV-Exact-Full,37.2892,-1,-1,ExactBaseline,0,0,0,0,2.30259,0,2.95013,0,0,0,0,0.995419
Ch6-OV-Exact-Full,37.2959,-1,-1,ExactBaseline,0,0,0,0,2.30259,0,1.11358,0,0,0,0,1
Ch6-OV-Exact-Full,37.2961,-1,-1,ExactBaseline,0,0,0,0,2.30259,0,6.12419,0,0,0,0,0.998884
Ch6-OV-Exact-Full,37.2994,147,219,ExactBaseline,1,1,0.00483831,2.07944,2.30259,5,5.63722,0,0,0,0,0.998884
Ch6-OV-Exact-Full,37.3113,-1,-1,ExactBaseline,0,0,0,0,2.30259,0,0.53421,0,0,0,0,1
Ch6-OV-Exact-Full,37.3116,-1,-1,ExactBaseline,0,0,0,0,2.30259,0,0.164105,0,0,0,0,1
Ch6-OV-Exact-Full,37.3139,257,133,ExactBaseline,1,1,0.00200577,0.693147,2.30259,3,2.13401,0,0,0,0,0.983906
Ch6-OV-Exact-Full,37.3145,-1,-1,ExactBaseline,0,0,0,0,2.30259,0,4.42029,0,0,0,0,0.991953
Ch6-OV-Exact-Full,37.317,-1,-1,ExactBaseline,0,0,0,0,2.30259,0,1.55457,0,0,0,0,0.979324
Ch6-OV-Exact-Full,37.3184,-1,-1,ExactBaseline,0,0,0,0,2.30259,0,0.486327,0,0,0,0,1
Ch6-OV-Exact-Full,37.3234,-1,-1,ExactBaseline,0,0,0,0,2.30259,0,2.80664,0,0,0,0,1
Ch6-OV-Exact-Full,37.3251,321,301,ExactBaseline,1,1,0.00478986,2.07944,2.30259,5,0.709464,0,0,0,0,0.998884
Ch6-OV-Exact-Full,37.3293,-1,-1,ExactBaseline,0,0,0,0,2.30259,0,6.06666,0,0,0,0,0.983906
Ch6-OV-Exact-Full,37.3376,-1,-1,ExactBaseline,0,0,0,0,2.30259,0,5.99777,0,0,0,0,0.990837
Ch6-OV-Exact-Full,37.3471,1,77,ExactBaseline,1,1,0.00238463,0.693147,2.30259,3,0.226084,0,0,0,0,0.986668
Ch6-OV-Exact-Full,37.3479,227,408,ExactBaseline,1,1,0.00434517,2.07944,2.30259,5,3.05582,0,0,0,0,0.997769
Ch6-OV-Exact-Full,37.3564,-1,-1,ExactBaseline,0,0,0,0,2.30259,0,2.78201,0,0,0,0,1
Ch6-OV-Exact-Full,37.363,-1,-1,ExactBaseline,0,0,0,0,2.30259,0,0.749165,0,0,0,0,0.995419
Ch6-OV-Exact-Full,37.3637,190,150,ExactBaseline,1,1,0.00482694,2.07944,2.30259,5,4.4101,0,0,0,0,0.988606
Ch6-OV-Exact-Full,37.3654,-1,-1,ExactBaseline,0,0,0,0,2.30259,0,3.88271,0,0,0,0,0.989136
Ch6-OV-Exact-Full,37.3757,-1,-1,ExactBaseline,0,0,0,0,2.30259,0,0.763738,0,0,0,0,0.991953
Ch6-OV-Exact-Full,37.3768,313,458,ExactBaseline,1,1,0.00195912,0.693147,2.30259,3,3.55779,0,0,0,0,0.991953
Ch6-OV-Exact-Full,37.3798,-1,-1,ExactBaseline,0,0,0,0,2.30259,0,5.08449,0,0,0,0,1
Ch6-OV-Exact-Full,37.3811,-1,-1,ExactBaseline,0,0,0,0,2.30259,0,0.051067,0,0,0,0,1
Ch6-OV-Exact-Full,37.3855,-1,-1,ExactBaseline,0,0,0,0,2.30259,0,2.62173,0,0,0,0,0.991953
Ch6-OV-Exact-Full,37.3911,-1,-1,ExactBaseline,0,0,0,0,2.30259,0,2.82007,0,0,0,0,1
Ch6-OV-Exact-Full,37.4018,275,126,ExactBaseline,1,1,0.00318829,1.38629,2.30259,4,4.5399,0,0,0,0,0.994303
Ch6-OV-Exact-Full,37.4041,186,433,ExactBaseline,1,1,0.00324117,1.38629,2.30259,4,4.6592,0,0,0,0,0.986256
Ch6-OV-Exact-Full,37.4053,-1,-1,ExactBaseline,0,0,0,0,2.30259,0,1.59973,0,0,0,0,1
Ch6-OV-Exact-Full,37.4068,333,108,ExactBaseline,1,1,0.00318469,1.38629,2.30259,4,5.04193,0,0,0,0,0.994303
Ch6-OV-Exact-Full,37.416,-1,-1,ExactBaseline,0,0,0,0,2.30259,0,2.93732,0,0,0,0,0.991953
Ch6-OV-Exact-Full,37.4255,-1,-1,ExactBaseline,0,0,0,0,2.30259,0,5.19414,0,0,0,0,0.986052
Ch6-OV-Exact-Full,37.4256,244,68,ExactBaseline,1,1,0.00448195,2.07944,2.30259,5,3.847,0,0,0,0,0.997769
Ch6-OV-Exact-Full,37.4263,-1,-1,ExactBaseline,0,0,0,0,2.30259,0,5.69209,0,0,0,0,0.995419
Ch6-OV-Exact-Full,37.4452,-1,-1,ExactBaseline,0,0,0,0,2.30259,0,0.166066,0,0,0,0,1
Ch6-OV-Exact-Full,37.4551,328,21,ExactBaseline,1,1,0.00436485,1.38629,2.30259,4,3.82744,0,0,0,0,0.994303
Ch6-OV-Exact-Full,37.4553,-1,-1,ExactBaseline,0,0,0,0,2.30259,0,3.97331,0,0,0,0,0.98514
Ch6-OV-Exact-Full,37.4573,-1,-1,ExactBaseline,0,0,0,0,2.30259,0,4.02252,0,0,0,0,0.990837
Ch6-OV-Exact-Full,37.4602,65,101,ExactBaseline,1,1,0.00364954,1.38629,2.30259,4,1.14092,0,0,0,0,0.994303
Ch6-OV-Exact-Full,37.4665,340,115,ExactBaseline,1,1,0.00436449,2.07944,2.30259,5,2.7404,0,0,0,0,0.998884
Ch6-OV-Exact-Full,37.4684,-1,-1,ExactBaseline,0,0,0,0,2.30259,0,2.24974,0,0,0,0,1
Ch6-OV-Exact-Full,37.4708,-1,-1,ExactBaseline,0,0,0,0,2.30259,0,4.24466,0,0,0,0,1
Ch6-OV-Exact-Full,37.4713,178,330,ExactBaseline,1,1,0.00483211,2.07944,2.30259,5,0.261299,0,0,0,0,0.996653
Ch6-OV-Exact-Full,37.4775,-1,-1,ExactBaseline,0,0,0,0,2.30259,0,0.006076,0,0,0,0,1
Ch6-OV-Exact-Full,37.4817,-1,-1,ExactBaseline,0,0,0,0,2.30259,0,4.40942,0,0,0,0,0.979324
Ch6-OV-Exact-Full,37.499,99,479,ExactBaseline,1,1,0.00438513,2.26176,2.30259,5,3.32202,0,0,0,0,0.984936
Ch6-OV-Exact-Full,37.5034,55,89,ExactBaseline,1,1,0.00547872,2.07944,2.30259,5,2.48803,0,0,0,0,0.992071
Ch6-OV-Exact-Full,37.5143,-1,-1,ExactBaseline,0,0,0,0,2.30259,0,2.57982,0,0,0,0,0.990837
Ch6-OV-Exact-Full,37.5147,-1,-1,ExactBaseline,0,0,0,0,2.30259,0,2.84114,0,0,0,0,0.97912
Ch6-OV-Exact-Full,37.5153,348,231,ExactBaseline,1,1,0.00483336,2.07944,2.30259,5,2.57267,0,0,0,0,0.998884
Ch6-OV-Exact-Full,37.5158,-1,-1,ExactBaseline,0,0,0,0,2.30259,0,2.40437,0,0,0,0,1
Ch6-OV-Exact-Full,37.5177,-1,-1,ExactBaseline,0,0,0,0,2.30259,0,0.320923,0,0,0,0,1
Ch6-OV-Exact-Full,37.5178,-1,-1,ExactBaseline,0,0,0,0,2.30259,0,4.80587,0,0,0,0,0.990837
Ch6-OV-Exact-Full,37.5189,-1,-1,ExactBaseline,0,0,0,0,2.30259,0,0.79957,0,0,0,0,1
Ch6-OV-Exact-Full,37.5196,113,507,ExactBaseline,1,1,0.00361184,1.38629,2.30259,4,4.42733,0,0,0,0,0.990837
Ch6-OV-Exact-Full,37.5226,-1,-1,ExactBaseline,0,0,0,0,2.30259,0,4.17195,0,0,0,0,0.995419
Ch6-OV-Exact-Full,37.5304,-1,-1,ExactBaseline,0,0,0,0,2.30259,0,2.91777,0,0,0,0,0.983906
Ch6-OV-Exact-Full,37.5349,124,292,ExactBaseline,1,1,0.00241594,0.693147,2.30259,3,3.62998,0,0,0,0,0.979324
Ch6-OV-Exact-Full,37.547,91,217,ExactBaseline,1,1,0.00325669,1.23214,2.30259,4,5.22472,0,0,0,0,0.96862
Ch6-OV-Exact-Full,37.55,-1,-1,ExactBaseline,0,0,0,0,2.30259,0,4.86419,0,0,0,0,0.998884
Ch6-OV-Exact-Full,37.5512,138,499,ExactBaseline,1,1,0.00484706,2.07944,2.30259,5,6.2218,0,0,0,0,0.979788
Ch6-OV-Exact-Full,37.5519,-1,-1,ExactBaseline,0,0,0,0,2.30259,0,4.05286,0,0,0,0,0.998884
Ch6-OV-Exact-Full,37.5596,-1,-1,ExactBaseline,0,0,0,0,2.30259,0,4.25244,0,0,0,0,1
Ch6-OV-Exact-Full,37.5606,115,66,ExactBaseline,1,1,0.00317388,1.38629,2.30259,4,4.55374,0,0,0,0,0.98279
Ch6-OV-Exact-Full,37.5749,-1,-1,ExactBaseline,0,0,0,0,2.30259,0,2.27995,0,0,0,0,0.998884
Ch6-OV-Exact-Full,37.5753,-1,-1,ExactBaseline,0,0,0,0,2.30259,0,5.46861,0,0,0,0,0.991953
Ch6-OV-Exact-Full,37.5775,-1,-1,ExactBaseline,0,0,0,0,2.30259,0,5.09606,0,0,0,0,0.991953
Ch6-OV-Exact-Full,37.5797,-1,-1,ExactBaseline,0,0,0,0,2.30259,0,0.135851,0,0,0,0,1
Ch6-OV-Exact-Full,37.5875,127,482,ExactBaseline,1,1,0.00439496,2.07944,2.30259,5,5.25191,0,0,0,0,0.995537
Ch6-OV-Exact-Full,37.6198,177,30,ExactBaseline,1,1,0.00437857,2.07944,2.30259,5,1.92031,0,0,0,0,0.996653
Ch6-OV-Exact-Full,37.6219,-1,-1,ExactBaseline,0,0,0,0,2.30259,0,6.13735,0,0,0,0,0.990837
Ch6-OV-Exact-Full,37.6284,-1,-1,ExactBaseline,0,0,0,0,2.30259,0,1.92542,0,0,0,0,1
Ch6-OV-Exact-Full,37.6379,-1,-1,ExactBaseline,0,0,0,0,2.30259,0,3.36757,0,0,0,0,0.994303
Ch6-OV-Exact-Full,37.6456,-1,-1,ExactBaseline,0,0,0,0,2.30259,0,3.82585,0,0,0,0,0.987371
Ch6-OV-Exact-Full,37.6511,-1,-1,ExactBaseline,0,0,0,0,2.30259,0,3.72833,0,0,0,0,1
Ch6-OV-Exact-Full,37.6516,-1,-1,ExactBaseline,0,0,0,0,2.30259,0,5.06932,0,0,0,0,0.995419
Ch6-OV-Exact-Full,37.6563,140,442,ExactBaseline,1,1,0.00195737,0.693147,2.30259,3,1.84315,0,0,0,0,0.991953
Ch6-OV-Exact-Full,37.6568,344,258,ExactBaseline,1,1,0.00484699,2.07944,2.30259,5,0.217006,0,0,0,0,0.998884
Ch6-OV-Exact-Full,37.6622,-1,-1,ExactBaseline,0,0,0,0,2.30259,0,3.40379,0,0,0,0,0.998884
Ch6-OV-Exact-Full,37.6634,312,31,ExactBaseline,1,1,0.0031605,1.38629,2.30259,4,3.97585,0,0,0,0,0.995419
Ch6-OV-Exact-Full,37.6674,-1,-1,ExactBaseline,0,0,0,0,2.30259,0,4.30407,0,0,0,0,0.998884
Ch6-OV-Exact-Full,37.6757,-1,-1,ExactBaseline,0,0,0,0,2.30259,0,5.40249,0,0,0,0,0.997769
Ch6-OV-Exact-Full,37.6782,-1,-1,ExactBaseline,0,0,0,0,2.30259,0,0.110095,0,0,0,0,0.998884
Ch6-OV-Exact-Full,37.6803,-1,-1,ExactBaseline,0,0,0,0,2.30259,0,2.44664,0,0,0,0,1
Ch6-OV-Exact-Full,37.6846,-1,-1,ExactBaseline,0,0,0,0,2.30259,0,3.58811,0,0,0,0,0.983906
Ch6-OV-Exact-Full,37.6868,211,478,ExactBaseline,1,1,0.00243228,0.693147,2.30259,3,2.57025,0,0,0,0,0.991953
Ch6-OV-Exact-Full,37.6869,35,439,ExactBaseline,1,1,0.0046121,2.07944,2.30259,5,7.50693,0,0,0,0,0.978208
Ch6-OV-Exact-Full,37.6944,-1,-1,ExactBaseline,0,0,0,0,2.30259,0,2.22511,0,0,0,0,0.991953
Ch6-OV-Exact-Full,37.7018,-1,-1,ExactBaseline,0,0,0,0,2.30259,0,1.21681,0,0,0,0,1
Ch6-OV-Exact-Full,37.7139,-1,-1,ExactBaseline,0,0,0,0,2.30259,0,3.293,0,0,0,0,0.993187
Ch6-OV-Exact-Full,37.7179,-1,-1,ExactBaseline,0,0,0,0,2.30259,0,3.83918,0,0,0,0,0.990837
Ch6-OV-Exact-Full,37.7195,-1,-1,ExactBaseline,0,0,0,0,2.30259,0,6.83488,0,0,0,0,0.990837
Ch6-OV-Exact-Full,37.729,-1,-1,ExactBaseline,0,0,0,0,2.30259,0,3.839,0,0,0,0,0.995419
Ch6-OV-Exact-Full,37.7331,-1,-1,ExactBaseline,0,0,0,0,2.30259,0,6.02237,0,0,0,0,0.987371
Ch6-OV-Exact-Full,37.7344,282,423,ExactBaseline,1,1,0.0019494,0.693147,2.30259,3,6.87995,0,0,0,0,0.990837
Ch6-OV-Exact-Full,37.7398,27,295,ExactBaseline,1,1,0.00315117,1.38629,2.30259,4,3.84657,0,0,0,0,0.958444
Ch6-OV-Exact-Full,37.7419,-1,-1,ExactBaseline,0,0,0,0,2.30259,0,4.87657,0,0,0,0,0.991953
Ch6-OV-Exact-Full,37.7497,151,38,ExactBaseline,1,1,0.0031655,1.38629,2.30259,4,4.69478,0,0,0,0,0.989721
Ch6-OV-Exact-Full,37.7501,-1,-1,ExactBaseline,0,0,0,0,2.30259,0,2.08112,0,0,0,0,0.998884
Ch6-OV-Exact-Full,37.7609,243,386,ExactBaseline,1,1,0.00193549,0.693147,2.30259,3,2.45409,0,0,0,0,0.991953
Ch6-OV-Exact-Full,37.7644,-1,-1,ExactBaseline,0,0,0,0,2.30259,0,4.27873,0,0,0,0,0.994303
Ch6-OV-Exact-Full,37.7683,73,161,ExactBaseline,1,1,0.00435375,2.07944,2.30259,5,5.95582,0,0,0,0,0.975977
Ch6-OV-Exact-Full,37.7693,-1,-1,ExactBaseline,0,0,0,0,2.30259,0,5.69485,0,0,0,0,0.990956
Ch6-OV-Exact-Full,37.7715,287,50,ExactBaseline,1,1,0.013467,2.07944,2.30259,5,1.20889,0,0,0,0,0.998884
Ch6-OV-Exact-Full,37.7745,-1,-1,ExactBaseline,0,0,0,0,2.30259,0,2.61871,0,0,0,0,1
Ch6-OV-Exact-Full,37.7807,-1,-1,ExactBaseline,0,0,0,0,2.30259,0,0.924025,0,0,0,0,1
Ch6-OV-Exact-Full,37.7913,-1,-1,ExactBaseline,0,0,0,0,2.30259,0,0.622924,0,0,0,0,0.995419
Ch6-OV-Exact-Full,37.7989,259,150,ExactBaseline,1,1,0.001934,0.693147,2.30259,3,1.90063,0,0,0,0,0.990837
Ch6-OV-Exact-Full,37.8004,-1,-1,ExactBaseline,0,0,0,0,2.30259,0,5.32581,0,0,0,0,0.986256
Ch6-OV-Exact-Full,37.8169,-1,-1,ExactBaseline,0,0,0,0,2.30259,0,4.30912,0,0,0,0,1
Ch6-OV-Exact-Full,37.8206,98,398,ExactBaseline,1,1,0.00361768,1.38629,2.30259,4,3.6615,0,0,0,0,0.990837
Ch6-OV-Exact-Full,37.8221,319,21,ExactBaseline,1,1,0.00361359,1.38629,2.30259,4,2.55585,0,0,0,0,0.995419
Ch6-OV-Exact-Full,37.8236,-1,-1,ExactBaseline,0,0,0,0,2.30259,0,3.07409,0,0,0,0,0.990837
Ch6-OV-Exact-Full,37.8346,-1,-1,ExactBaseline,0,0,0,0,2.30259,0,0.422106,0,0,0,0,1
Ch6-OV-Exact-Full,37.8356,291,157,ExactBaseline,1,1,0.00439427,2.07944,2.30259,5,4.5541,0,0,0,0,0.998884
Ch6-OV-Exact-Full,37.843,-1,-1,ExactBaseline,0,0,0,0,2.30259,0,4.13513,0,0,0,0,1
Ch6-OV-Exact-Full,37.8441,-1,-1,ExactBaseline,0,0,0,0,2.30259,0,2.23174,0,0,0,0,1
Ch6-OV-Exact-Full,37.8562,-1,-1,ExactBaseline,0,0,0,0,2.30259,0,2.68244,0,0,0,0,0.982205
Ch6-OV-Exact-Full,37.8577,-1,-1,ExactBaseline,0,0,0,0,2.30259,0,0.155681,0,0,0,0,1
Ch6-OV-Exact-Full,37.8589,136,219,ExactBaseline,1,1,0.00338613,1.38629,2.30259,4,5.3173,0,0,0,0,0.987371
Ch6-OV-Exact-Full,37.8632,-1,-1,ExactBaseline,0,0,0,0,2.30259,0,5.95144,0,0,0,0,0.976801
Ch6-OV-Exact-Full,37.8734,-1,-1,ExactBaseline,0,0,0,0,2.30259,0,0.044629,0,0,0,0,1
Ch6-OV-Exact-Full,37.8749,-1,-1,ExactBaseline,0,0,0,0,2.30259,0,2.93232,0,0,0,0,1
Ch6-OV-Exact-Full,37.8791,-1,-1,ExactBaseline,0,0,0,0,2.30259,0,5.87096,0,0,0,0,0.979324
Ch6-OV-Exact-Full,37.8809,-1,-1,ExactBaseline,0,0,0,0,2.30259,0,3.02563,0,0,0,0,1
Ch6-OV-Exact-Full,37.9,223,349,ExactBaseline,1,1,0.00484797,2.07944,2.30259,5,3.29341,0,0,0,0,0.990837
Ch6-OV-Exact-Full,37.9183,-1,-1,ExactBaseline,0,0,0,0,2.30259,0,1.69949,0,0,0,0,0.997769
Ch6-OV-Exact-Full,37.9258,-1,-1,ExactBaseline,0,0,0,0,2.30259,0,5.3189,0,0,0,0,0.998884
Ch6-OV-Exact-Full,37.9298,194,501,ExactBaseline,1,1,0.00339668,1.38629,2.30259,4,5.06125,0,0,0,0,0.982586
Ch6-OV-Exact-Full,37.9373,-1,-1,ExactBaseline,0,0,0,0,2.30259,0,4.84523,0,0,0,0,0.990837
Ch6-OV-Exact-Full,37.9444,168,326,ExactBaseline,1,1,0.00439265,2.07944,2.30259,5,5.22067,0,0,0,0,0.993187
Ch6-OV-Exact-Full,37.952,-1,-1,ExactBaseline,0,0,0,0,2.30259,0,6.34566,0,0,0,0,0.996653
Ch6-OV-Exact-Full,37.9636,-1,-1,ExactBaseline,0,0,0,0,2.30259,0,3.939,0,0,0,0,1
Ch6-OV-Exact-Full,37.9719,41,401,ExactBaseline,1,1,0.00435951,2.07944,2.30259,5,6.89208,0,0,0,0,0.991368
Ch6-OV-Exact-Full,37.9815,69,415,ExactBaseline,1,1,0.00440026,2.07944,2.30259,5,3.44615,0,0,0,0,0.993996
Ch6-OV-Exact-Full,37.9821,-1,-1,ExactBaseline,0,0,0,0,2.30259,0,2.40606,0,0,0,0,0.991953
Ch6-OV-Exact-Full,37.9861,-1,-1,ExactBaseline,0,0,0,0,2.30259,0,5.06869,0,0,0,0,0.998884
Ch6-OV-Exact-Full,38.0059,-1,-1,ExactBaseline,0,0,0,0,2.30259,0,2.64638,0,0,0,0,0.983906
Ch6-OV-Exact-Full,38.0114,-1,-1,ExactBaseline,0,0,0,0,2.30259,0,0.974653,0,0,0,0,1
Ch6-OV-Exact-Full,38.0119,30,180,ExactBaseline,1,1,0.0019788,0.693147,2.30259,3,1.36829,0,0,0,0,0.974795
Ch6-OV-Exact-Full,38.0153,159,187,ExactBaseline,1,1,0.00437021,2.07944,2.30259,5,0.902359,0,0,0,0,0.997769
Ch6-OV-Exact-Full,38.0153,-1,-1,ExactBaseline,0,0,0,0,2.30259,0,6.34234,0,0,0,0,0.986427
Ch6-OV-Exact-Full,38.0171,-1,-1,ExactBaseline,0,0,0,0,2.30259,0,4.43142,0,0,0,0,0.984729
Ch6-OV-Exact-Full,38.0191,10,76,ExactBaseline,1,1,0.00462448,1.92529,2.30259,5,1.44037,0,0,0,0,0.99741
Ch6-OV-Exact-Full,38.0273,-1,-1,ExactBaseline,0,0,0,0,2.30259,0,3.51518,0,0,0,0,0.989721
Ch6-OV-Exact-Full,38.0336,167,457,ExactBaseline,1,1,0.00439828,2.07944,2.30259,5,4.55159,0,0,0,0,0.994303
Ch6-OV-Exact-Full,38.0348,-1,-1,ExactBaseline,0,0,0,0,2.30259,0,2.61785,0,0,0,0,0.985485
Ch6-OV-Exact-Full,38.0396,-1,-1,ExactBaseline,0,0,0,0,2.30259,0,3.41499,0,0,0,0,0.998884
Ch6-OV-Exact-Full,38.0402,331,158,ExactBaseline,1,1,0.001956,0.693147,2.30259,3,2.21111,0,0,0,0,0.991953
Ch6-OV-Exact-Full,38.0481,-1,-1,ExactBaseline,0,0,0,0,2.30259,0,1.16519,0,0,0,0,1
Ch6-OV-Exact-Full,38.0519,-1,-1,ExactBaseline,0,0,0,0,2.30259,0,7.59138,0,0,0,0,0.991301
Ch6-OV-Exact-Full,38.0652,-1,-1,ExactBaseline,0,0,0,0,2.30259,0,1.4504,0,0,0,0,0.994303
Ch6-OV-Exact-Full,38.0772,-1,-1,ExactBaseline,0,0,0,0,2.30259,0,0.203891,0,0,0,0,1
Ch6-OV-Exact-Full,38.0796,-1,-1,ExactBaseline,0,0,0,0,2.30259,0,2.08322,0,0,0,0,0.986256
Ch6-OV-Exact-Full,38.0969,235,199,ExactBaseline,1,1,0.00548079,2.07944,2.30259,5,6.57022,0,0,0,0,0.997769
Ch6-OV-Exact-Full,38.0986,-1,-1,ExactBaseline,0,0,0,0,2.30259,0,2.25763,0,0,0,0,1
Ch6-OV-Exact-Full,38.0994,-1,-1,ExactBaseline,0,0,0,0,2.30259,0,3.25972,0,0,0,0,0.995419
Ch6-OV-Exact-Full,38.1025,-1,-1,ExactBaseline,0,0,0,0,2.30259,0,2.53322,0,0,0,0,0.998884
Ch6-OV-Exact-Full,38.1103,-1,-1,ExactBaseline,0,0,0,0,2.30259,0,0.301533,0,0,0,0,1
Ch6-OV-Exact-Full,38.115,-1,-1,ExactBaseline,0,0,0,0,2.30259,0,0.31009,0,0,0,0,1
Ch6-OV-Exact-Full,38.1173,-1,-1,ExactBaseline,0,0,0,0,2.30259,0,5.68479,0,0,0,0,0.991953
Ch6-OV-Exact-Full,38.1207,-1,-1,ExactBaseline,0,0,0,0,2.30259,0,0.379701,0,0,0,0,1
Ch6-OV-Exact-Full,38.1218,250,359,ExactBaseline,1,1,0.00485388,2.07944,2.30259,5,3.27766,0,0,0,0,0.994303
Ch6-OV-Exact-Full,38.1248,-1,-1,ExactBaseline,0,0,0,0,2.30259,0,1.55574,0,0,0,0,1
Ch6-OV-Exact-Full,38.1296,-1,-1,ExactBaseline,0,0,0,0,2.30259,0,1.37049,0,0,0,0,0.998884
Ch6-OV-Exact-Full,38.1344,362,390,ExactBaseline,1,1,0.00484549,2.07944,2.30259,5,1.74434,0,0,0,0,0.998884
Ch6-OV-Exact-Full,38.1399,-1,-1,ExactBaseline,0,0,0,0,2.30259,0,3.1505,0,0,0,0,0.991953
Ch6-OV-Exact-Full,38.1456,-1,-1,ExactBaseline,0,0,0,0,2.30259,0,5.01435,0,0,0,0,0.991953
Ch6-OV-Exact-Full,38.1532,334,401,ExactBaseline,1,1,0.00440316,2.07944,2.30259,5,4.17873,0,0,0,0,0.994303
Ch6-OV-Exact-Full,38.1784,-1,-1,ExactBaseline,0,0,0,0,2.30259,0,0.752803,0,0,0,0,0.994099
Ch6-OV-Exact-Full,38.1793,-1,-1,ExactBaseline,0,0,0,0,2.30259,0,0.313142,0,0,0,0,0.994303
Ch6-OV-Exact-Full,38.1834,-1,-1,ExactBaseline,0,0,0,0,2.30259,0,2.65972,0,0,0,0,0.990133
Ch6-OV-Exact-Full,38.1904,-1,-1,ExactBaseline,0,0,0,0,2.30259,0,2.73535,0,0,0,0,1
Ch6-OV-Exact-Full,38.1926,-1,-1,ExactBaseline,0,0,0,0,2.30259,0,2.18376,0,0,0,0,0.989721
Ch6-OV-Exact-Full,38.1953,-1,-1,ExactBaseline,0,0,0,0,2.30259,0,2.72818,0,0,0,0,0.998884
Ch6-OV-Exact-Full,38.2042,-1,-1,ExactBaseline,0,0,0,0,2.30259,0,4.89835,0,0,0,0,1
Ch6-OV-Exact-Full,38.2047,372,7,ExactBaseline,1,1,0.003149,1.38629,2.30259,4,2.76657,0,0,0,0,0.995419
Ch6-OV-Exact-Full,38.2062,-1,-1,ExactBaseline,0,0,0,0,2.30259,0,2.85833,0,0,0,0,1
Ch6-OV-Exact-Full,38.2109,33,69,ExactBaseline,1,1,0.00484425,2.07944,2.30259,5,3.76808,0,0,0,0,0.99595
Ch6-OV-Exact-Full,38.2355,-1,-1,ExactBaseline,0,0,0,0,2.30259,0,0.501867,0,0,0,0,0.995419
Ch6-OV-Exact-Full,38.2357,-1,-1,ExactBaseline,0,0,0,0,2.30259,0,0.215212,0,0,0,0,1
Ch6-OV-Exact-Full,38.2358,255,276,ExactBaseline,1,1,0.00460758,2.07944,2.30259,5,4.69707,0,0,0,0,0.998884
Ch6-OV-Exact-Full,38.2418,70,157,ExactBaseline,1,1,0.00438155,2.07944,2.30259,5,2.05269,0,0,0,0,0.990993
Ch6-OV-Exact-Full,38.2419,345,381,ExactBaseline,1,1,0.00338397,1.38629,2.30259,4,3.42489,0,0,0,0,0.994303
Ch6-OV-Exact-Full,38.2515,-1,-1,ExactBaseline,0,0,0,0,2.30259,0,3.39377,0,0,0,0,1
Ch6-OV-Exact-Full,38.2527,-1,-1,ExactBaseline,0,0,0,0,2.30259,0,1.2329,0,0,0,0,0.987371
Ch6-OV-Exact-Full,38.2538,-1,-1,ExactBaseline,0,0,0,0,2.30259,0,2.08109,0,0,0,0,0.993187
Ch6-OV-Exact-Full,38.2604,-1,-1,ExactBaseline,0,0,0,0,2.30259,0,0.137154,0,0,0,0,1
Ch6-OV-Exact-Full,38.2636,84,421,ExactBaseline,1,1,0.0044482,2.07944,2.30259,5,6.03521,0,0,0,0,0.993187
Ch6-OV-Exact-Full,38.2775,-1,-1,ExactBaseline,0,0,0,0,2.30259,0,2.72074,0,0,0,0,1
Ch6-OV-Exact-Full,38.2778,-1,-1,ExactBaseline,0,0,0,0,2.30259,0,0.347952,0,0,0,0,1
Ch6-OV-Exact-Full,38.2778,361,497,ExactBaseline,1,1,0.00436694,2.07944,2.30259,5,1.598,0,0,0,0,0.998884
Ch6-OV-Exact-Full,38.2842,-1,-1,ExactBaseline,0,0,0,0,2.30259,0,5.05726,0,0,0,0,0.995419
Ch6-OV-Exact-Full,38.2865,295,271,ExactBaseline,1,1,0.00234824,0.693147,2.30259,3,4.64997,0,0,0,0,0.98279
Ch6-OV-Exact-Full,38.2951,172,295,ExactBaseline,1,1,0.00205645,0.693147,2.30259,3,4.87035,0,0,0,0,0.962114
Ch6-OV-Exact-Full,38.302,-1,-1,ExactBaseline,0,0,0,0,2.30259,0,5.51918,0,0,0,0,0.981674
Ch6-OV-Exact-Full,38.3145,-1,-1,ExactBaseline,0,0,0,0,2.30259,0,4.93898,0,0,0,0,1
Ch6-OV-Exact-Full,38.3166,104,56,ExactBaseline,1,1,0.00438573,2.07944,2.30259,5,5.3796,0,0,0,0,0.98514
Ch6-OV-Exact-Full,38.3228,-1,-1,ExactBaseline,0,0,0,0,2.30259,0,3.57959,0,0,0,0,0.995214
Ch6-OV-Exact-Full,38.323,325,288,ExactBaseline,1,1,0.00322572,1.38629,2.30259,4,5.01463,0,0,0,0,0.995419
Ch6-OV-Exact-Full,38.3245,-1,-1,ExactBaseline,0,0,0,0,2.30259,0,6.55802,0,0,0,0,0.993599
Ch6-OV-Exact-Full,38.3289,77,151,ExactBaseline,1,1,0.00434248,2.07944,2.30259,5,2.79151,0,0,0,0,0.996653
Ch6-OV-Exact-Full,38.3403,-1,-1,ExactBaseline,0,0,0,0,2.30259,0,3.40671,0,0,0,0,0.998884
Ch6-OV-Exact-Full,38.3412,-1,-1,ExactBaseline,0,0,0,0,2.30259,0,0.270472,0,0,0,0,1
Ch6-OV-Exact-Full,38.3412,79,513,ExactBaseline,1,1,0.00438687,2.07944,2.30259,5,4.49233,0,0,0,0,0.989721
Ch6-OV-Exact-Full,38.3419,32,126,ExactBaseline,1,1,0.00315642,1.38629,2.30259,4,8.15547,0,0,0,0,0.97852
Ch6-OV-Exact-Full,38.3441,37,504,ExactBaseline,1,1,0.00477054,2.07944,2.30259,5,0.752768,0,0,0,0,0.997769
Ch6-OV-Exact-Full,38.3471,-1,-1,ExactBaseline,0,0,0,0,2.30259,0,1.59783,0,0,0,0,0.983906
Ch6-OV-Exact-Full,38.3497,-1,-1,ExactBaseline,0,0,0,0,2.30259,0,3.63143,0,0,0,0,0.997769
Ch6-OV-Exact-Full,38.3501,-1,-1,ExactBaseline,0,0,0,0,2.30259,0,1.88369,0,0,0,0,0.995419
Ch6-OV-Exact-Full,38.3782,-1,-1,ExactBaseline,0,0,0,0,2.30259,0,4.58652,0,0,0,0,1
Ch6-OV-Exact-Full,38.3898,384,65,ExactBaseline,1,1,0.00314524,1.38629,2.30259,4,1.61727,0,0,0,0,0.995419
Ch6-OV-Exact-Full,38.3937,-1,-1,ExactBaseline,0,0,0,0,2.30259,0,3.05915,0,0,0,0,0.998884
Ch6-OV-Exact-Full,38.408,214,167,ExactBaseline,1,1,0.00316164,1.38629,2.30259,4,3.16692,0,0,0,0,0.962114
Ch6-OV-Exact-Full,38.4199,200,115,ExactBaseline,1,1,0.00444886,2.07944,2.30259,5,1.86382,0,0,0,0,0.990633
Ch6-OV-Exact-Full,38.4242,314,81,ExactBaseline,1,1,0.00387634,1.56862,2.30259,4,6.37273,0,0,0,0,0.99633
Ch6-OV-Exact-Full,38.4294,-1,-1,ExactBaseline,0,0,0,0,2.30259,0,3.04435,0,0,0,0,1
Ch6-OV-Exact-Full,38.4333,-1,-1,ExactBaseline,0,0,0,0,2.30259,0,2.92304,0,0,0,0,1
Ch6-OV-Exact-Full,38.4384,-1,-1,ExactBaseline,0,0,0,0,2.30259,0,2.95135,0,0,0,0,1
Ch6-OV-Exact-Full,38.4471,-1,-1,ExactBaseline,0,0,0,0,2.30259,0,5.851,0,0,0,0,0.991953
Ch6-OV-Exact-Full,38.4483,-1,-1,ExactBaseline,0,0,0,0,2.30259,0,6.33479,0,0,0,0,1
Ch6-OV-Exact-Full,38.4532,-1,-1,ExactBaseline,0,0,0,0,2.30259,0,4.84879,0,0,0,0,0.995419
Ch6-OV-Exact-Full,38.4663,-1,-1,ExactBaseline,0,0,0,0,2.30259,0,0.193309,0,0,0,0,0.994303
Ch6-OV-Exact-Full,38.4678,-1,-1,ExactBaseline,0,0,0,0,2.30259,0,3.24681,0,0,0,0,0.998884
Ch6-OV-Exact-Full,38.472,-1,-1,ExactBaseline,0,0,0,0,2.30259,0,3.06562,0,0,0,0,0.997769
Ch6-OV-Exact-Full,38.473,-1,-1,ExactBaseline,0,0,0,0,2.30259,0,0.162883,0,0,0,0,0.99868
Ch6-OV-Exact-Full,38.4805,-1,-1,ExactBaseline,0,0,0,0,2.30259,0,2.78931,0,0,0,0,0.998884
Ch6-OV-Exact-Full,38.4806,-1,-1,ExactBaseline,0,0,0,0,2.30259,0,0.47879,0,0,0,0,0.998884
Ch6-OV-Exact-Full,38.4809,-1,-1,ExactBaseline,0,0,0,0,2.30259,0,3.5356,0,0,0,0,0.990837
Ch6-OV-Exact-Full,38.4818,239,143,ExactBaseline,1,1,0.00483355,2.07944,2.30259,5,1.8651,0,0,0,0,0.998884
Ch6-OV-Exact-Full,38.5044,-1,-1,ExactBaseline,0,0,0,0,2.30259,0,3.12353,0,0,0,0,0.992776
Ch6-OV-Exact-Full,38.505,366,442,ExactBaseline,1,1,0.00434053,2.07944,2.30259,5,4.42178,0,0,0,0,0.998884
Ch6-OV-Exact-Full,38.5051,390,304,ExactBaseline,1,1,0.00436694,2.07944,2.30259,5,5.7926,0,0,0,0,0.998884
Ch6-OV-Exact-Full,38.5096,-1,-1,ExactBaseline,0,0,0,0,2.30259,0,3.01614,0,0,0,0,0.994303
Ch6-OV-Exact-Full,38.5123,-1,-1,ExactBaseline,0,0,0,0,2.30259,0,3.22524,0,0,0,0,1
Ch6-OV-Exact-Full,38.5148,-1,-1,ExactBaseline,0,0,0,0,2.30259,0,2.3854,0,0,0,0,0.995419
Ch6-OV-Exact-Full,38.5204,-1,-1,ExactBaseline,0,0,0,0,2.30259,0,0.095424,0,0,0,0,1
Ch6-OV-Exact-Full,38.5228,224,359,ExactBaseline,1,1,0.00324064,1.38629,2.30259,4,3.88845,0,0,0,0,0.986256
Ch6-OV-Exact-Full,38.5294,294,511,ExactBaseline,1,1,0.00318206,1.38629,2.30259,4,8.52287,0,0,0,0,0.98279
Ch6-OV-Exact-Full,38.5382,142,462,ExactBaseline,1,1,0.00433524,2.07944,2.30259,5,4.17776,0,0,0,0,0.998884
Ch6-OV-Exact-Full,38.5485,380,261,ExactBaseline,1,1,0.00340199,1.38629,2.30259,4,1.29255,0,0,0,0,0.995419
Ch6-OV-Exact-Full,38.5491,-1,-1,ExactBaseline,0,0,0,0,2.30259,0,2.70923,0,0,0,0,0.989721
Ch6-OV-Exact-Full,38.5548,-1,-1,ExactBaseline,0,0,0,0,2.30259,0,1.45324,0,0,0,0,1
Ch6-OV-Exact-Full,38.5608,356,307,ExactBaseline,1,1,0.00439281,2.07944,2.30259,5,5.66108,0,0,0,0,0.998884
Ch6-OV-Exact-Full,38.5659,236,504,ExactBaseline,1,1,0.00487056,2.07944,2.30259,5,5.28172,0,0,0,0,0.997769
Ch6-OV-Exact-Full,38.5684,-1,-1,ExactBaseline,0,0,0,0,2.30259,0,5.94265,0,0,0,0,0.980558
Ch6-OV-Exact-Full,38.5709,222,434,ExactBaseline,1,1,0.00352492,1.38629,2.30259,4,5.40955,0,0,0,0,0.994303
Ch6-OV-Exact-Full,38.5712,-1,-1,ExactBaseline,0,0,0,0,2.30259,0,2.81126,0,0,0,0,1
Ch6-OV-Exact-Full,38.5861,-1,-1,ExactBaseline,0,0,0,0,2.30259,0,1.52702,0,0,0,0,1
Ch6-OV-Exact-Full,38.5938,-1,-1,ExactBaseline,0,0,0,0,2.30259,0,0.159345,0,0,0,0,1
Ch6-OV-Exact-Full,38.602,47,189,ExactBaseline,1,1,0.00434829,2.07944,2.30259,5,2.71497,0,0,0,0,0.987079
Ch6-OV-Exact-Full,38.6026,13,541,ExactBaseline,1,1,0.00194598,0.693147,2.30259,3,1.92632,0,0,0,0,0.971277
Ch6-OV-Exact-Full,38.6081,377,155,ExactBaseline,1,1,0.00364299,1.38629,2.30259,4,4.85506,0,0,0,0,0.995419
Ch6-OV-Exact-Full,38.6121,-1,-1,ExactBaseline,0,0,0,0,2.30259,0,0.136279,0,0,0,0,1
Ch6-OV-Exact-Full,38.6161,100,343,ExactBaseline,1,1,0.0031836,1.38629,2.30259,4,7.22982,0,0,0,0,0.994303
Ch6-OV-Exact-Full,38.6168,-1,-1,ExactBaseline,0,0,0,0,2.30259,0,0.061745,0,0,0,0,1
Ch6-OV-Exact-Full,38.6187,-1,-1,ExactBaseline,0,0,0,0,2.30259,0,0.414281,0,0,0,0,1
Ch6-OV-Exact-Full,38.6248,-1,-1,ExactBaseline,0,0,0,0,2.30259,0,0.156181,0,0,0,0,0.998884
Ch6-OV-Exact-Full,38.6323,-1,-1,ExactBaseline,0,0,0,0,2.30259,0,4.50236,0,0,0,0,0.981674
Ch6-OV-Exact-Full,38.6379,95,274,ExactBaseline,1,1,0.00314512,1.38629,2.30259,4,3.77672,0,0,0,0,0.973423
Ch6-OV-Exact-Full,38.6464,-1,-1,ExactBaseline,0,0,0,0,2.30259,0,7.4304,0,0,0,0,0.991953
Ch6-OV-Exact-Full,38.6521,90,99,ExactBaseline,1,1,0.00313645,1.38629,2.30259,4,2.69768,0,0,0,0,0.987371
Ch6-OV-Exact-Full,38.6532,322,256,ExactBaseline,1,1,0.00362094,1.38629,2.30259,4,0.952246,0,0,0,0,0.995419
Ch6-OV-Exact-Full,38.6705,-1,-1,ExactBaseline,0,0,0,0,2.30259,0,5.88609,0,0,0,0,1
Ch6-OV-Exact-Full,38.6751,122,126,ExactBaseline,1,1,0.00437972,2.07944,2.30259,5,4.70493,0,0,0,0,0.988606
Ch6-OV-Exact-Full,38.6782,327,151,ExactBaseline,1,1,0.00196229,0.693147,2.30259,3,1.3951,0,0,0,0,0.990837
Ch6-OV-Exact-Full,38.6796,-1,-1,ExactBaseline,0,0,0,0,2.30259,0,0.136524,0,0,0,0,1
Ch6-OV-Exact-Full,38.68,-1,-1,ExactBaseline,0,0,0,0,2.30259,0,3.04022,0,0,0,0,0.995419
Ch6-OV-Exact-Full,38.6845,389,192,ExactBaseline,1,1,0.00360638,1.38629,2.30259,4,0.161688,0,0,0,0,0.995419
Ch6-OV-Exact-Full,38.6935,246,340,ExactBaseline,1,1,0.00194297,0.693147,2.30259,3,2.17,0,0,0,0,0.987371
Ch6-OV-Exact-Full,38.7032,343,38,ExactBaseline,1,1,0.0048431,2.07944,2.30259,5,2.84773,0,0,0,0,0.998884
Ch6-OV-Exact-Full,38.7041,189,206,ExactBaseline,1,1,0.00437943,2.07944,2.30259,5,4.69093,0,0,0,0,0.998884
Ch6-OV-Exact-Full,38.7076,-1,-1,ExactBaseline,0,0,0,0,2.30259,0,1.21624,0,0,0,0,1
Ch6-OV-Exact-Full,38.71,-1,-1,ExactBaseline,0,0,0,0,2.30259,0,0.629352,0,0,0,0,0.995419
Ch6-OV-Exact-Full,38.7161,-1,-1,ExactBaseline,0,0,0,0,2.30259,0,3.07137,0,0,0,0,1
Ch6-OV-Exact-Full,38.7175,218,216,ExactBaseline,1,1,0.003181,1.38629,2.30259,4,5.18837,0,0,0,0,0.981674
Ch6-OV-Exact-Full,38.7232,-1,-1,ExactBaseline,0,0,0,0,2.30259,0,3.0199,0,0,0,0,1
Ch6-OV-Exact-Full,38.7461,150,486,ExactBaseline,1,1,0.00241728,0.693147,2.30259,3,3.03906,0,0,0,0,0.991953
Ch6-OV-Exact-Full,38.7635,-1,-1,ExactBaseline,0,0,0,0,2.30259,0,2.76091,0,0,0,0,1
Ch6-OV-Exact-Full,38.7673,270,136,ExactBaseline,1,1,0.00484075,2.07944,2.30259,5,5.65861,0,0,0,0,0.990837
Ch6-OV-Exact-Full,38.7701,-1,-1,ExactBaseline,0,0,0,0,2.30259,0,4.9694,0,0,0,0,1
Ch6-OV-Exact-Full,38.7786,-1,-1,ExactBaseline,0,0,0,0,2.30259,0,1.66492,0,0,0,0,0.998884
Ch6-OV-Exact-Full,38.7823,88,526,ExactBaseline,1,1,0.00442641,2.07944,2.30259,5,5.57769,0,0,0,0,0.993187
Ch6-OV-Exact-Full,38.7889,-1,-1,ExactBaseline,0,0,0,0,2.30259,0,0.499669,0,0,0,0,1
Ch6-OV-Exact-Full,38.7955,-1,-1,ExactBaseline,0,0,0,0,2.30259,0,0.169654,0,0,0,0,1
Ch6-OV-Exact-Full,38.7959,-1,-1,ExactBaseline,0,0,0,0,2.30259,0,2.11752,0,0,0,0,0.98279
Ch6-OV-Exact-Full,38.8035,-1,-1,ExactBaseline,0,0,0,0,2.30259,0,2.35344,0,0,0,0,0.999796
Ch6-OV-Exact-Full,38.8078,133,447,ExactBaseline,1,1,0.0043692,2.07944,2.30259,5,6.61507,0,0,0,0,0.990837
Ch6-OV-Exact-Full,38.8131,-1,-1,ExactBaseline,0,0,0,0,2.30259,0,1.03323,0,0,0,0,0.997769
Ch6-OV-Exact-Full,38.8149,-1,-1,ExactBaseline,0,0,0,0,2.30259,0,3.44599,0,0,0,0,1
Ch6-OV-Exact-Full,38.8175,392,30,ExactBaseline,1,1,0.00436439,2.07944,2.30259,5,5.51244,0,0,0,0,0.998884
Ch6-OV-Exact-Full,38.821,339,440,ExactBaseline,1,1,0.00484563,2.07944,2.30259,5,5.64614,0,0,0,0,0.990837
Ch6-OV-Exact-Full,38.8237,-1,-1,ExactBaseline,0,0,0,0,2.30259,0,3.82221,0,0,0,0,0.994303
Ch6-OV-Exact-Full,38.8251,-1,-1,ExactBaseline,0,0,0,0,2.30259,0,4.63578,0,0,0,0,1
Ch6-OV-Exact-Full,38.8279,-1,-1,ExactBaseline,0,0,0,0,2.30259,0,5.77896,0,0,0,0,0.991953
Ch6-OV-Exact-Full,38.8285,-1,-1,ExactBaseline,0,0,0,0,2.30259,0,4.73327,0,0,0,0,1
Ch6-OV-Exact-Full,38.8287,-1,-1,ExactBaseline,0,0,0,0,2.30259,0,2.91464,0,0,0,0,0.984024
Ch6-OV-Exact-Full,38.8351,378,350,ExactBaseline,1,1,0.00444791,2.07944,2.30259,5,4.86571,0,0,0,0,0.998884
Ch6-OV-Exact-Full,38.8439,-1,-1,ExactBaseline,0,0,0,0,2.30259,0,1.22319,0,0,0,0,1
Ch6-OV-Exact-Full,38.8545,-1,-1,ExactBaseline,0,0,0,0,2.30259,0,5.9449,0,0,0,0,0.998884
Ch6-OV-Exact-Full,38.862,-1,-1,ExactBaseline,0,0,0,0,2.30259,0,3.95426,0,0,0,0,1
Ch6-OV-Exact-Full,38.8758,-1,-1,ExactBaseline,0,0,0,0,2.30259,0,2.07685,0,0,0,0,0.998884
Ch6-OV-Exact-Full,38.8776,-1,-1,ExactBaseline,0,0,0,0,2.30259,0,6.65156,0,0,0,0,0.978208
Ch6-OV-Exact-Full,38.8789,349,478,ExactBaseline,1,1,0.00449315,2.07944,2.30259,5,3.00767,0,0,0,0,0.994303
Ch6-OV-Exact-Full,38.8886,204,55,ExactBaseline,1,1,0.00449526,2.07944,2.30259,5,4.84497,0,0,0,0,0.984936
Ch6-OV-Exact-Full,38.89,-1,-1,ExactBaseline,0,0,0,0,2.30259,0,4.88581,0,0,0,0,0.990837
Ch6-OV-Exact-Full,38.8901,278,27,ExactBaseline,1,1,0.00463158,2.07944,2.30259,5,3.05538,0,0,0,0,0.994303
Ch6-OV-Exact-Full,38.8927,-1,-1,ExactBaseline,0,0,0,0,2.30259,0,6.09849,0,0,0,0,0.997564
Ch6-OV-Exact-Full,38.8955,-1,-1,ExactBaseline,0,0,0,0,2.30259,0,3.06625,0,0,0,0,1
Ch6-OV-Exact-Full,38.904,241,74,ExactBaseline,1,1,0.00317992,1.38629,2.30259,4,1.42995,0,0,0,0,0.988606
Ch6-OV-Exact-Full,38.9076,217,133,ExactBaseline,1,1,0.0020861,0.693147,2.30259,3,1.70864,0,0,0,0,0.987167
Ch6-OV-Exact-Full,38.9097,-1,-1,ExactBaseline,0,0,0,0,2.30259,0,2.89704,0,0,0,0,0.990837
Ch6-OV-Exact-Full,38.9192,-1,-1,ExactBaseline,0,0,0,0,2.30259,0,2.75286,0,0,0,0,1
Ch6-OV-Exact-Full,38.9205,-1,-1,ExactBaseline,0,0,0,0,2.30259,0,5.71089,0,0,0,0,1
Ch6-OV-Exact-Full,38.9268,-1,-1,ExactBaseline,0,0,0,0,2.30259,0,4.32368,0,0,0,0,1
Ch6-OV-Exact-Full,38.9403,307,273,ExactBaseline,1,1,0.00365228,1.38629,2.30259,4,2.62271,0,0,0,0,0.98279
Ch6-OV-Exact-Full,38.9447,-1,-1,ExactBaseline,0,0,0,0,2.30259,0,2.84758,0,0,0,0,1
Ch6-OV-Exact-Full,38.9471,342,207,ExactBaseline,1,1,0.00434185,2.07944,2.30259,5,5.22106,0,0,0,0,0.998884
Ch6-OV-Exact-Full,38.9512,-1,-1,ExactBaseline,0,0,0,0,2.30259,0,2.882,0,0,0,0,1
Ch6-OV-Exact-Full,38.9654,40,358,ExactBaseline,1,1,0.00663892,2.16183,2.30259,6,6.29123,0,0,0,0,0.989429
Ch6-OV-Exact-Full,38.9679,-1,-1,ExactBaseline,0,0,0,0,2.30259,0,3.77309,0,0,0,0,0.983906
Ch6-OV-Exact-Full,38.9708,-1,-1,ExactBaseline,0,0,0,0,2.30259,0,3.89822,0,0,0,0,1
Ch6-OV-Exact-Full,38.978,117,65,ExactBaseline,1,1,0.00314407,1.38629,2.30259,4,1.86492,0,0,0,0,0.995419
Ch6-OV-Exact-Full,38.9966,-1,-1,ExactBaseline,0,0,0,0,2.30259,0,6.47015,0,0,0,0,1
Ch6-OV-Exact-Full,39.0045,332,333,ExactBaseline,1,1,0.00232027,0.693147,2.30259,3,3.68219,0,0,0,0,0.979324
Ch6-OV-Exact-Full,39.0085,-1,-1,ExactBaseline,0,0,0,0,2.30259,0,0.028068,0,0,0,0,1
Ch6-OV-Exact-Full,39.014,226,295,ExactBaseline,1,1,0.00438705,2.07944,2.30259,5,0.933902,0,0,0,0,0.997564
Ch6-OV-Exact-Full,39.0174,220,401,ExactBaseline,1,1,0.00508326,2.26176,2.30259,5,3.81794,0,0,0,0,0.991749
Ch6-OV-Exact-Full,39.0189,-1,-1,ExactBaseline,0,0,0,0,2.30259,0,4.88079,0,0,0,0,0.986256
Ch6-OV-Exact-Full,39.0254,-1,-1,ExactBaseline,0,0,0,0,2.30259,0,3.03421,0,0,0,0,1
Ch6-OV-Exact-Full,39.0262,-1,-1,ExactBaseline,0,0,0,0,2.30259,0,0.172793,0,0,0,0,1
Ch6-OV-Exact-Full,39.0276,-1,-1,ExactBaseline,0,0,0,0,2.30259,0,7.15904,0,0,0,0,1
Ch6-OV-Exact-Full,39.0316,-1,-1,ExactBaseline,0,0,0,0,2.30259,0,0.391986,0,0,0,0,1
Ch6-OV-Exact-Full,39.0358,116,348,ExactBaseline,1,1,0.00438563,2.07944,2.30259,5,4.34685,0,0,0,0,0.990956
Ch6-OV-Exact-Full,39.036,154,454,ExactBaseline,1,1,0.00449445,2.07944,2.30259,5,1.36235,0,0,0,0,0.998884
Ch6-OV-Exact-Full,39.0478,-1,-1,ExactBaseline,0,0,0,0,2.30259,0,0.902568,0,0,0,0,0.998884
Ch6-OV-Exact-Full,39.0551,-1,-1,ExactBaseline,0,0,0,0,2.30259,0,2.61767,0,0,0,0,0.991953
Ch6-OV-Exact-Full,39.0587,20,361,ExactBaseline,1,1,0.00448517,2.07944,2.30259,5,6.7777,0,0,0,0,0.977916
Ch6-OV-Exact-Full,39.059,-1,-1,ExactBaseline,0,0,0,0,2.30259,0,4.41412,0,0,0,0,0.997769
Ch6-OV-Exact-Full,39.06,3,415,ExactBaseline,1,1,0.00483663,2.07944,2.30259,5,3.44349,0,0,0,0,0.986256
Ch6-OV-Exact-Full,39.0602,19,467,ExactBaseline,1,1,0.00441718,1.77406,2.30259,5,4.59046,0,0,0,0,0.992776
Ch6-OV-Exact-Full,39.0659,240,408,ExactBaseline,1,1,0.00436758,1.92529,2.30259,5,1.11318,0,0,0,0,0.997909
Ch6-OV-Exact-Full,39.0762,-1,-1,ExactBaseline,0,0,0,0,2.30259,0,3.52789,0,0,0,0,0.989721
Ch6-OV-Exact-Full,39.0793,-1,-1,ExactBaseline,0,0,0,0,2.30259,0,5.26462,0,0,0,0,0.998884
Ch6-OV-Exact-Full,39.0793,206,378,ExactBaseline,1,1,0.00320606,1.38629,2.30259,4,1.83087,0,0,0,0,0.993187
Ch6-OV-Exact-Full,39.0895,-1,-1,ExactBaseline,0,0,0,0,2.30259,0,0.205076,0,0,0,0,1
Ch6-OV-Exact-Full,39.092,-1,-1,ExactBaseline,0,0,0,0,2.30259,0,4.87876,0,0,0,0,0.98514
Ch6-OV-Exact-Full,39.0943,171,429,ExactBaseline,1,1,0.00317998,1.56862,2.30259,4,2.62595,0,0,0,0,0.987512
Ch6-OV-Exact-Full,39.0958,262,417,ExactBaseline,1,1,0.00315178,1.38629,2.30259,4,7.06335,0,0,0,0,0.990837
Ch6-OV-Exact-Full,39.0993,-1,-1,ExactBaseline,0,0,0,0,2.30259,0,3.39783,0,0,0,0,0.994303
Ch6-OV-Exact-Full,39.1028,-1,-1,ExactBaseline,0,0,0,0,2.30259,0,3.98689,0,0,0,0,0.990837
Ch6-OV-Exact-Full,39.1136,-1,-1,ExactBaseline,0,0,0,0,2.30259,0,5.87269,0,0,0,0,0.991953
Ch6-OV-Exact-Full,39.1146,-1,-1,ExactBaseline,0,0,0,0,2.30259,0,2.78255,0,0,0,0,1
Ch6-OV-Exact-Full,39.1231,-1,-1,ExactBaseline,0,0,0,0,2.30259,0,3.08081,0,0,0,0,1
Ch6-OV-Exact-Full,39.1276,-1,-1,ExactBaseline,0,0,0,0,2.30259,0,5.32503,0,0,0,0,0.983906
Ch6-OV-Exact-Full,39.1336,-1,-1,ExactBaseline,0,0,0,0,2.30259,0,4.88512,0,0,0,0,0.981674
Ch6-OV-Exact-Full,39.1394,12,115,ExactBaseline,1,1,0.0019759,0.693147,2.30259,3,4.58628,0,0,0,0,0.962114
Ch6-OV-Exact-Full,39.1413,-1,-1,ExactBaseline,0,0,0,0,2.30259,0,0.019026,0,0,0,0,1
Ch6-OV-Exact-Full,39.1453,-1,-1,ExactBaseline,0,0,0,0,2.30259,0,4.96074,0,0,0,0,0.987371
Ch6-OV-Exact-Full,39.1454,-1,-1,ExactBaseline,0,0,0,0,2.30259,0,5.32217,0,0,0,0,0.989721
Ch6-OV-Exact-Full,39.1459,-1,-1,ExactBaseline,0,0,0,0,2.30259,0,4.59046,0,0,0,0,0.998884
Ch6-OV-Exact-Full,39.1508,-1,-1,ExactBaseline,0,0,0,0,2.30259,0,1.41981,0,0,0,0,0.998884
Ch6-OV-Exact-Full,39.1512,-1,-1,ExactBaseline,0,0,0,0,2.30259,0,3.7935,0,0,0,0,1
Ch6-OV-Exact-Full,39.1626,-1,-1,ExactBaseline,0,0,0,0,2.30259,0,7.52154,0,0,0,0,0.981263
Ch6-OV-Exact-Full,39.1714,-1,-1,ExactBaseline,0,0,0,0,2.30259,0,7.18539,0,0,0,0,0.973972
Ch6-OV-Exact-Full,39.1747,-1,-1,ExactBaseline,0,0,0,0,2.30259,0,3.55742,0,0,0,0,1
Ch6-OV-Exact-Full,39.1995,-1,-1,ExactBaseline,0,0,0,0,2.30259,0,3.08567,0,0,0,0,1
Ch6-OV-Exact-Full,39.2047,-1,-1,ExactBaseline,0,0,0,0,2.30259,0,5.7511,0,0,0,0,0.98749
Ch6-OV-Exact-Full,39.2053,76,38,ExactBaseline,1,1,0.00196654,0.693147,2.30259,3,3.64639,0,0,0,0,0.984369
Ch6-OV-Exact-Full,39.2063,-1,-1,ExactBaseline,0,0,0,0,2.30259,0,6.74657,0,0,0,0,0.982908
Ch6-OV-Exact-Full,39.2158,-1,-1,ExactBaseline,0,0,0,0,2.30259,0,0.1579,0,0,0,0,1
Ch6-OV-Exact-Full,39.2218,112,463,ExactBaseline,1,1,0.00322799,1.38629,2.30259,4,5.5232,0,0,0,0,0.964464
Ch6-OV-Exact-Full,39.2228,261,364,ExactBaseline,1,1,0.00328674,1.38629,2.30259,4,2.05189,0,0,0,0,0.990066
Ch6-OV-Exact-Full,39.2259,-1,-1,ExactBaseline,0,0,0,0,2.30259,0,0.415808,0,0,0,0,1
Ch6-OV-Exact-Full,39.2315,-1,-1,ExactBaseline,0,0,0,0,2.30259,0,7.20047,0,0,0,0,0.998884
Ch6-OV-Exact-Full,39.2342,166,439,ExactBaseline,1,1,0.00197355,0.693147,2.30259,3,1.75868,0,0,0,0,0.986256
Ch6-OV-Exact-Full,39.2348,153,223,ExactBaseline,1,1,0.00437641,2.07944,2.30259,5,4.32235,0,0,0,0,0.989721
Ch6-OV-Exact-Full,39.237,-1,-1,ExactBaseline,0,0,0,0,2.30259,0,5.70779,0,0,0,0,0.995419
Ch6-OV-Exact-Full,39.2398,-1,-1,ExactBaseline,0,0,0,0,2.30259,0,5.9243,0,0,0,0,0.998884
Ch6-OV-Exact-Full,39.242,50,206,ExactBaseline,1,1,0.00323035,1.38629,2.30259,4,5.49231,0,0,0,0,0.979443
Ch6-OV-Exact-Full,39.2423,-1,-1,ExactBaseline,0,0,0,0,2.30259,0,7.14975,0,0,0,0,0.990956
Ch6-OV-Exact-Full,39.2425,-1,-1,ExactBaseline,0,0,0,0,2.30259,0,5.67089,0,0,0,0,1
Ch6-OV-Exact-Full,39.247,-1,-1,ExactBaseline,0,0,0,0,2.30259,0,0.052898,0,0,0,0,1
Ch6-OV-Exact-Full,39.2504,-1,-1,ExactBaseline,0,0,0,0,2.30259,0,1.76305,0,0,0,0,0.998884
Ch6-OV-Exact-Full,39.259,-1,-1,ExactBaseline,0,0,0,0,2.30259,0,3.38066,0,0,0,0,1
Ch6-OV-Exact-Full,39.2628,370,419,ExactBaseline,1,1,0.00239303,0.693147,2.30259,3,2.62422,0,0,0,0,0.991953
Ch6-OV-Exact-Full,39.2636,39,21,ExactBaseline,1,1,0.00317466,1.38629,2.30259,4,1.83124,0,0,0,0,0.986374
Ch6-OV-Exact-Full,39.2756,-1,-1,ExactBaseline,0,0,0,0,2.30259,0,0.170536,0,0,0,0,1
Ch6-OV-Exact-Full,39.277,-1,-1,ExactBaseline,0,0,0,0,2.30259,0,4.08511,0,0,0,0,1
Ch6-OV-Exact-Full,39.2773,191,481,ExactBaseline,1,1,0.00410536,1.38629,2.30259,4,3.18593,0,0,0,0,0.995419
Ch6-OV-Exact-Full,39.2786,-1,-1,ExactBaseline,0,0,0,0,2.30259,0,0.144988,0,0,0,0,1
Ch6-OV-Exact-Full,39.2871,-1,-1,ExactBaseline,0,0,0,0,2.30259,0,6.55854,0,0,0,0,0.998884
Ch6-OV-Exact-Full,39.2872,59,254,ExactBaseline,1,1,0.00365095,1.38629,2.30259,4,5.75647,0,0,0,0,0.980558
Ch6-OV-Exact-Full,39.2892,-1,-1,ExactBaseline,0,0,0,0,2.30259,0,3.71449,0,0,0,0,0.995419
Ch6-OV-Exact-Full,39.2959,-1,-1,ExactBaseline,0,0,0,0,2.30259,0,1.18959,0,0,0,0,1
Ch6-OV-Exact-Full,39.2961,-1,-1,ExactBaseline,0,0,0,0,2.30259,0,6.03571,0,0,0,0,0.998884
Ch6-OV-Exact-Full,39.2994,-1,-1,ExactBaseline,0,0,0,0,2.30259,0,6.14436,0,0,0,0,0.998884
Ch6-OV-Exact-Full,39.3113,-1,-1,ExactBaseline,0,0,0,0,2.30259,0,0.455379,0,0,0,0,1
Ch6-OV-Exact-Full,39.3116,-1,-1,ExactBaseline,0,0,0,0,2.30259,0,0.219891,0,0,0,0,1
Ch6-OV-Exact-Full,39.3139,-1,-1,ExactBaseline,0,0,0,0,2.30259,0,4.17095,0,0,0,0,0.983906
Ch6-OV-Exact-Full,39.3145,253,304,ExactBaseline,1,1,0.00485954,2.07944,2.30259,5,4.95771,0,0,0,0,0.990837
Ch6-OV-Exact-Full,39.315,-1,-1,ExactBaseline,0,0,0,0,2.30259,0,4.58468,0,0,0,0,1
Ch6-OV-Exact-Full,39.317,-1,-1,ExactBaseline,0,0,0,0,2.30259,0,1.62911,0,0,0,0,0.979324
Ch6-OV-Exact-Full,39.3184,-1,-1,ExactBaseline,0,0,0,0,2.30259,0,0.527351,0,0,0,0,1
Ch6-OV-Exact-Full,39.3234,-1,-1,ExactBaseline,0,0,0,0,2.30259,0,3.09934,0,0,0,0,1
Ch6-OV-Exact-Full,39.3251,321,369,ExactBaseline,1,1,0.00444701,2.07944,2.30259,5,1.43789,0,0,0,0,0.997769
Ch6-OV-Exact-Full,39.3293,-1,-1,ExactBaseline,0,0,0,0,2.30259,0,5.90366,0,0,0,0,0.983906
Ch6-OV-Exact-Full,39.3376,-1,-1,ExactBaseline,0,0,0,0,2.30259,0,5.81421,0,0,0,0,0.990837
Ch6-OV-Exact-Full,39.3471,-1,-1,ExactBaseline,0,0,0,0,2.30259,0,1.72277,0,0,0,0,0.986668
Ch6-OV-Exact-Full,39.3479,-1,-1,ExactBaseline,0,0,0,0,2.30259,0,4.23936,0,0,0,0,0.997769
Ch6-OV-Exact-Full,39.3564,-1,-1,ExactBaseline,0,0,0,0,2.30259,0,3.22323,0,0,0,0,1
Ch6-OV-Exact-Full,39.363,308,81,ExactBaseline,1,1,0.00482693,2.07944,2.30259,5,1.31135,0,0,0,0,0.994303
Ch6-OV-Exact-Full,39.3637,-1,-1,ExactBaseline,0,0,0,0,2.30259,0,5.64678,0,0,0,0,0.988606
Ch6-OV-Exact-Full,39.3654,7,372,ExactBaseline,1,1,0.00318945,1.38629,2.30259,4,2.99568,0,0,0,0,0.984555
Ch6-OV-Exact-Full,39.3757,180,532,ExactBaseline,1,1,0.00485815,2.07944,2.30259,5,1.01126,0,0,0,0,0.990837
Ch6-OV-Exact-Full,39.3768,-1,-1,ExactBaseline,0,0,0,0,2.30259,0,5.11961,0,0,0,0,0.991953
Ch6-OV-Exact-Full,39.3798,-1,-1,ExactBaseline,0,0,0,0,2.30259,0,5.96145,0,0,0,0,1
Ch6-OV-Exact-Full,39.3811,-1,-1,ExactBaseline,0,0,0,0,2.30259,0,0.058688,0,0,0,0,1
Ch6-OV-Exact-Full,39.3855,-1,-1,ExactBaseline,0,0,0,0,2.30259,0,3.49278,0,0,0,0,0.991953
Ch6-OV-Exact-Full,39.3911,-1,-1,ExactBaseline,0,0,0,0,2.30259,0,3.45719,0,0,0,0,1
Ch6-OV-Exact-Full,39.4018,275,216,ExactBaseline,1,1,0.00440246,2.07944,2.30259,5,5.51173,0,0,0,0,0.993187
Ch6-OV-Exact-Full,39.4041,-1,-1,ExactBaseline,0,0,0,0,2.30259,0,5.9906,0,0,0,0,0.986256
Ch6-OV-Exact-Full,39.4053,219,507,ExactBaseline,1,1,0.00484002,2.07944,2.30259,5,2.05988,0,0,0,0,0.998884
Ch6-OV-Exact-Full,39.4068,-1,-1,ExactBaseline,0,0,0,0,2.30259,0,7.02115,0,0,0,0,0.994303
Ch6-OV-Exact-Full,39.416,17,216,ExactBaseline,1,1,0.00195827,0.387766,2.30259,3,2.13495,0,0,0,0,0.982379
Ch6-OV-Exact-Full,39.4255,-1,-1,ExactBaseline,0,0,0,0,2.30259,0,5.70131,0,0,0,0,0.986052
Ch6-OV-Exact-Full,39.4256,-1,-1,ExactBaseline,0,0,0,0,2.30259,0,4.75599,0,0,0,0,0.997769
Ch6-OV-Exact-Full,39.4263,-1,-1,ExactBaseline,0,0,0,0,2.30259,0,5.02269,0,0,0,0,0.995419
Ch6-OV-Exact-Full,39.4452,-1,-1,ExactBaseline,0,0,0,0,2.30259,0,0.047161,0,0,0,0,1
Ch6-OV-Exact-Full,39.45,-1,-1,ExactBaseline,0,0,0,0,2.30259,0,3.67248,0,0,0,0,1
Ch6-OV-Exact-Full,39.4551,-1,-1,ExactBaseline,0,0,0,0,2.30259,0,4.1434,0,0,0,0,0.994303
Ch6-OV-Exact-Full,39.4553,94,201,ExactBaseline,1,1,0.00199929,0.693147,2.30259,3,3.10901,0,0,0,0,0.977093
Ch6-OV-Exact-Full,39.4573,-1,-1,ExactBaseline,0,0,0,0,2.30259,0,5.17516,0,0,0,0,0.990837
Ch6-OV-Exact-Full,39.4602,-1,-1,ExactBaseline,0,0,0,0,2.30259,0,1.3057,0,0,0,0,0.994303
Ch6-OV-Exact-Full,39.4665,-1,-1,ExactBaseline,0,0,0,0,2.30259,0,3.70812,0,0,0,0,0.998884
Ch6-OV-Exact-Full,39.4684,-1,-1,ExactBaseline,0,0,0,0,2.30259,0,2.99367,0,0,0,0,1
Ch6-OV-Exact-Full,39.4708,185,31,ExactBaseline,1,1,0.00206073,0.693147,2.30259,3,2.63381,0,0,0,0,0.991953
Ch6-OV-Exact-Full,39.4713,-1,-1,ExactBaseline,0,0,0,0,2.30259,0,0.3992,0,0,0,0,0.996653
Ch6-OV-Exact-Full,39.4775,-1,-1,ExactBaseline,0,0,0,0,2.30259,0,0.065766,0,0,0,0,1
Ch6-OV-Exact-Full,39.4817,48,170,ExactBaseline,1,1,0.00322647,1.38629,2.30259,4,5.68395,0,0,0,0,0.974743
Ch6-OV-Exact-Full,39.4856,405,21,ExactBaseline,1,1,0.00324407,1.38629,2.30259,4,2.39278,0,0,0,0,0.995419
Ch6-OV-Exact-Full,39.499,99,441,ExactBaseline,1,1,0.00503607,2.07944,2.30259,5,4.65826,0,0,0,0,0.98382
Ch6-OV-Exact-Full,39.5034,-1,-1,ExactBaseline,0,0,0,0,2.30259,0,3.08109,0,0,0,0,0.992071
Ch6-OV-Exact-Full,39.5143,-1,-1,ExactBaseline,0,0,0,0,2.30259,0,2.77571,0,0,0,0,0.990837
Ch6-OV-Exact-Full,39.5147,-1,-1,ExactBaseline,0,0,0,0,2.30259,0,2.58585,0,0,0,0,0.97912
Ch6-OV-Exact-Full,39.5153,348,311,ExactBaseline,1,1,0.00443888,2.07944,2.30259,5,3.57611,0,0,0,0,0.997769
Ch6-OV-Exact-Full,39.5158,-1,-1,ExactBaseline,0,0,0,0,2.30259,0,2.45824,0,0,0,0,1
Ch6-OV-Exact-Full,39.5177,-1,-1,ExactBaseline,0,0,0,0,2.30259,0,0.733852,0,0,0,0,1
Ch6-OV-Exact-Full,39.5178,286,199,ExactBaseline,1,1,0.00329737,1.38629,2.30259,4,3.97635,0,0,0,0,0.986256
Ch6-OV-Exact-Full,39.5189,-1,-1,ExactBaseline,0,0,0,0,2.30259,0,1.1835,0,0,0,0,1
Ch6-OV-Exact-Full,39.5196,113,270,ExactBaseline,1,1,0.0041829,1.38629,2.30259,4,5.63935,0,0,0,0,0.986256
Ch6-OV-Exact-Full,39.5226,-1,-1,ExactBaseline,0,0,0,0,2.30259,0,4.82091,0,0,0,0,0.995419
Ch6-OV-Exact-Full,39.5304,-1,-1,ExactBaseline,0,0,0,0,2.30259,0,2.64674,0,0,0,0,0.983906
Ch6-OV-Exact-Full,39.5349,-1,-1,ExactBaseline,0,0,0,0,2.30259,0,3.40327,0,0,0,0,0.979324
Ch6-OV-Exact-Full,39.547,-1,-1,ExactBaseline,0,0,0,0,2.30259,0,6.26232,0,0,0,0,0.96862
Ch6-OV-Exact-Full,39.55,216,168,ExactBaseline,1,1,0.00441882,2.07944,2.30259,5,3.82407,0,0,0,0,0.997769
Ch6-OV-Exact-Full,39.5512,-1,-1,ExactBaseline,0,0,0,0,2.30259,0,6.87971,0,0,0,0,0.979788
Ch6-OV-Exact-Full,39.5519,-1,-1,ExactBaseline,0,0,0,0,2.30259,0,3.71514,0,0,0,0,0.998884
Ch6-OV-Exact-Full,39.5596,-1,-1,ExactBaseline,0,0,0,0,2.30259,0,3.22177,0,0,0,0,1
Ch6-OV-Exact-Full,39.5606,-1,-1,ExactBaseline,0,0,0,0,2.30259,0,5.557,0,0,0,0,0.98279
Ch6-OV-Exact-Full,39.5749,-1,-1,ExactBaseline,0,0,0,0,2.30259,0,2.24429,0,0,0,0,0.998884
Ch6-OV-Exact-Full,39.5753,271,177,ExactBaseline,1,1,0.00485772,2.07944,2.30259,5,4.92109,0,0,0,0,0.990837
Ch6-OV-Exact-Full,39.5775,-1,-1,ExactBaseline,0,0,0,0,2.30259,0,5.30284,0,0,0,0,0.991953
Ch6-OV-Exact-Full,39.5797,-1,-1,ExactBaseline,0,0,0,0,2.30259,0,0.164909,0,0,0,0,1
Ch6-OV-Exact-Full,39.5875,127,408,ExactBaseline,1,1,0.00325935,1.38629,2.30259,4,4.81257,0,0,0,0,0.990956
Ch6-OV-Exact-Full,39.5928,-1,-1,ExactBaseline,0,0,0,0,2.30259,0,0.631219,0,0,0,0,1
Ch6-OV-Exact-Full,39.6198,-1,-1,ExactBaseline,0,0,0,0,2.30259,0,3.19096,0,0,0,0,0.996653
Ch6-OV-Exact-Full,39.6219,157,493,ExactBaseline,1,1,0.00320197,1.38629,2.30259,4,3.97735,0,0,0,0,0.986256
Ch6-OV-Exact-Full,39.6284,-1,-1,ExactBaseline,0,0,0,0,2.30259,0,1.49266,0,0,0,0,1
Ch6-OV-Exact-Full,39.6379,139,271,ExactBaseline,1,1,0.00481412,2.07944,2.30259,5,3.85713,0,0,0,0,0.993187
Ch6-OV-Exact-Full,39.6456,247,333,ExactBaseline,1,1,0.003164,1.38629,2.30259,4,3.82928,0,0,0,0,0.98279
Ch6-OV-Exact-Full,39.6511,-1,-1,ExactBaseline,0,0,0,0,2.30259,0,4.83415,0,0,0,0,1
Ch6-OV-Exact-Full,39.6516,-1,-1,ExactBaseline,0,0,0,0,2.30259,0,5.62845,0,0,0,0,0.995419
Ch6-OV-Exact-Full,39.6563,140,167,ExactBaseline,1,1,0.00441,2.07944,2.30259,5,2.49378,0,0,0,0,0.990837
Ch6-OV-Exact-Full,39.6568,-1,-1,ExactBaseline,0,0,0,0,2.30259,0,0.251545,0,0,0,0,0.998884
Ch6-OV-Exact-Full,39.6622,298,294,ExactBaseline,1,1,0.00440632,2.07944,2.30259,5,3.8045,0,0,0,0,0.997769
Ch6-OV-Exact-Full,39.6634,-1,-1,ExactBaseline,0,0,0,0,2.30259,0,4.29848,0,0,0,0,0.995419
Ch6-OV-Exact-Full,39.6674,-1,-1,ExactBaseline,0,0,0,0,2.30259,0,2.70341,0,0,0,0,0.998884
Ch6-OV-Exact-Full,39.6757,-1,-1,ExactBaseline,0,0,0,0,2.30259,0,6.10615,0,0,0,0,0.997769
Ch6-OV-Exact-Full,39.6782,-1,-1,ExactBaseline,0,0,0,0,2.30259,0,0.382514,0,0,0,0,0.998884
Ch6-OV-Exact-Full,39.6803,60,457,ExactBaseline,1,1,0.00242243,0.693147,2.30259,3,2.17499,0,0,0,0,0.991953
Ch6-OV-Exact-Full,39.6846,-1,-1,ExactBaseline,0,0,0,0,2.30259,0,4.34905,0,0,0,0,0.983906
Ch6-OV-Exact-Full,39.6868,211,153,ExactBaseline,1,1,0.00437352,2.07944,2.30259,5,3.91664,0,0,0,0,0.990837
Ch6-OV-Exact-Full,39.6869,35,235,ExactBaseline,1,1,0.00197565,0.693147,2.30259,3,3.54854,0,0,0,0,0.970161
Ch6-OV-Exact-Full,39.6944,-1,-1,ExactBaseline,0,0,0,0,2.30259,0,2.59173,0,0,0,0,0.991953
Ch6-OV-Exact-Full,39.7018,-1,-1,ExactBaseline,0,0,0,0,2.30259,0,1.37753,0,0,0,0,1
Ch6-OV-Exact-Full,39.7139,213,401,ExactBaseline,1,1,0.00561317,2.07944,2.30259,5,3.87416,0,0,0,0,0.992071
Ch6-OV-Exact-Full,39.7179,126,204,ExactBaseline,1,1,0.00319453,1.38629,2.30259,4,3.90312,0,0,0,0,0.986256
Ch6-OV-Exact-Full,39.7195,-1,-1,ExactBaseline,0,0,0,0,2.30259,0,6.82765,0,0,0,0,0.990837
Ch6-OV-Exact-Full,39.729,288,46,ExactBaseline,1,1,0.00315496,1.38629,2.30259,4,4.85154,0,0,0,0,0.990837
Ch6-OV-Exact-Full,39.7331,-1,-1,ExactBaseline,0,0,0,0,2.30259,0,4.47221,0,0,0,0,0.987371
Ch6-OV-Exact-Full,39.7344,-1,-1,ExactBaseline,0,0,0,0,2.30259,0,6.13524,0,0,0,0,0.990837
Ch6-OV-Exact-Full,39.7398,27,220,ExactBaseline,1,1,0.00331084,1.38629,2.30259,4,4.69626,0,0,0,0,0.953863
Ch6-OV-Exact-Full,39.7419,248,157,ExactBaseline,1,1,0.00316448,1.38629,2.30259,4,5.75669,0,0,0,0,0.987371
Ch6-OV-Exact-Full,39.7497,151,47,ExactBaseline,1,1,0.00435314,2.07944,2.30259,5,5.8606,0,0,0,0,0.988606
Ch6-OV-Exact-Full,39.7501,-1,-1,ExactBaseline,0,0,0,0,2.30259,0,2.08853,0,0,0,0,0.998884
Ch6-OV-Exact-Full,39.7609,-1,-1,ExactBaseline,0,0,0,0,2.30259,0,3.06327,0,0,0,0,0.991953
Ch6-OV-Exact-Full,39.7644,302,235,ExactBaseline,1,1,0.00461852,2.07944,2.30259,5,3.14794,0,0,0,0,0.993187
Ch6-OV-Exact-Full,39.7683,-1,-1,ExactBaseline,0,0,0,0,2.30259,0,5.46676,0,0,0,0,0.975977
Ch6-OV-Exact-Full,39.7693,-1,-1,ExactBaseline,0,0,0,0,2.30259,0,5.46169,0,0,0,0,0.990956
Ch6-OV-Exact-Full,39.7715,287,494,ExactBaseline,1,1,0.00440122,2.07944,2.30259,5,0.91559,0,0,0,0,0.997769
Ch6-OV-Exact-Full,39.7745,-1,-1,ExactBaseline,0,0,0,0,2.30259,0,2.71004,0,0,0,0,1
Ch6-OV-Exact-Full,39.7807,-1,-1,ExactBaseline,0,0,0,0,2.30259,0,0.93932,0,0,0,0,1
Ch6-OV-Exact-Full,39.7913,-1,-1,ExactBaseline,0,0,0,0,2.30259,0,0.647297,0,0,0,0,0.995419
Ch6-OV-Exact-Full,39.7989,-1,-1,ExactBaseline,0,0,0,0,2.30259,0,2.87402,0,0,0,0,0.990837
Ch6-OV-Exact-Full,39.8004,-1,-1,ExactBaseline,0,0,0,0,2.30259,0,5.48939,0,0,0,0,0.986256
Ch6-OV-Exact-Full,39.8169,260,152,ExactBaseline,1,1,0.00326288,1.38629,2.30259,4,2.34089,0,0,0,0,0.995419
Ch6-OV-Exact-Full,39.8206,98,458,ExactBaseline,1,1,0.00437618,2.07944,2.30259,5,3.65668,0,0,0,0,0.989721
Ch6-OV-Exact-Full,39.8221,319,510,ExactBaseline,1,1,0.00354992,1.38629,2.30259,4,3.27188,0,0,0,0,0.990837
Ch6-OV-Exact-Full,39.8236,5,235,ExactBaseline,1,1,0.00463153,2.07944,2.30259,5,2.87281,0,0,0,0,0.989721
Ch6-OV-Exact-Full,39.8346,-1,-1,ExactBaseline,0,0,0,0,2.30259,0,0.79248,0,0,0,0,1
Ch6-OV-Exact-Full,39.8356,291,40,ExactBaseline,1,1,0.00204253,0.693147,2.30259,3,2.59242,0,0,0,0,0.990837
Ch6-OV-Exact-Full,39.843,-1,-1,ExactBaseline,0,0,0,0,2.30259,0,5.29563,0,0,0,0,1
Ch6-OV-Exact-Full,39.8452,391,218,ExactBaseline,1,1,0.00448666,2.07944,2.30259,5,3.1964,0,0,0,0,0.998884
Ch6-OV-Exact-Full,39.8562,-1,-1,ExactBaseline,0,0,0,0,2.30259,0,3.18096,0,0,0,0,0.982205
Ch6-OV-Exact-Full,39.8577,-1,-1,ExactBaseline,0,0,0,0,2.30259,0,0.189272,0,0,0,0,1
Ch6-OV-Exact-Full,39.8589,-1,-1,ExactBaseline,0,0,0,0,2.30259,0,5.98119,0,0,0,0,0.987371
Ch6-OV-Exact-Full,39.8632,-1,-1,ExactBaseline,0,0,0,0,2.30259,0,5.96321,0,0,0,0,0.976801
Ch6-OV-Exact-Full,39.8734,-1,-1,ExactBaseline,0,0,0,0,2.30259,0,0.056119,0,0,0,0,1
Ch6-OV-Exact-Full,39.8749,-1,-1,ExactBaseline,0,0,0,0,2.30259,0,2.66176,0,0,0,0,1
Ch6-OV-Exact-Full,39.8791,-1,-1,ExactBaseline,0,0,0,0,2.30259,0,7.69173,0,0,0,0,0.979324
Ch6-OV-Exact-Full,39.8809,-1,-1,ExactBaseline,0,0,0,0,2.30259,0,3.56876,0,0,0,0,1
Ch6-OV-Exact-Full,39.9,-1,-1,ExactBaseline,0,0,0,0,2.30259,0,4.0736,0,0,0,0,0.990837
Ch6-OV-Exact-Full,39.9183,197,444,ExactBaseline,1,1,0.00485293,2.07944,2.30259,5,2.59352,0,0,0,0,0.996653
Ch6-OV-Exact-Full,39.9258,-1,-1,ExactBaseline,0,0,0,0,2.30259,0,5.43104,0,0,0,0,0.998884
Ch6-OV-Exact-Full,39.9298,-1,-1,ExactBaseline,0,0,0,0,2.30259,0,7.28916,0,0,0,0,0.982586
Ch6-OV-Exact-Full,39.9373,-1,-1,ExactBaseline,0,0,0,0,2.30259,0,5.28631,0,0,0,0,0.990837
Ch6-OV-Exact-Full,39.943,412,474,ExactBaseline,1,1,0.00364619,1.38629,2.30259,4,5.56236,0,0,0,0,0.995419
Ch6-OV-Exact-Full,39.9444,-1,-1,ExactBaseline,0,0,0,0,2.30259,0,5.55011,0,0,0,0,0.993187
Ch6-OV-Exact-Full,39.952,149,101,ExactBaseline,1,1,0.00445306,2.07944,2.30259,5,6.07602,0,0,0,0,0.995537
Ch6-OV-Exact-Full,39.9636,-1,-1,ExactBaseline,0,0,0,0,2.30259,0,5.21716,0,0,0,0,1
Ch6-OV-Exact-Full,39.9719,41,536,ExactBaseline,1,1,0.00438429,2.07944,2.30259,5,6.88011,0,0,0,0,0.990252
Ch6-OV-Exact-Full,39.9815,69,33,ExactBaseline,1,1,0.004648,2.07944,2.30259,5,4.12139,0,0,0,0,0.99288
Ch6-OV-Exact-Full,39.9821,-1,-1,ExactBaseline,0,0,0,0,2.30259,0,2.59402,0,0,0,0,0.991953
Ch6-OV-Exact-Full,39.9861,-1,-1,ExactBaseline,0,0,0,0,2.30259,0,5.64194,0,0,0,0,0.998884
Ch6-OV-Exact-Full,40.0059,-1,-1,ExactBaseline,0,0,0,0,2.30259,0,1.95724,0,0,0,0,0.983906
Ch6-OV-Exact-Full,40.0114,-1,-1,ExactBaseline,0,0,0,0,2.30259,0,1.10874,0,0,0,0,1
Ch6-OV-Exact-Full,40.0119,-1,-1,ExactBaseline,0,0,0,0,2.30259,0,5.19726,0,0,0,0,0.974795
Ch6-OV-Exact-Full,40.0153,159,494,ExactBaseline,1,1,0.00439977,2.07944,2.30259,5,1.2662,0,0,0,0,0.996653
Ch6-OV-Exact-Full,40.0153,21,479,ExactBaseline,1,1,0.00194653,0.693147,2.30259,3,3.6394,0,0,0,0,0.97838
Ch6-OV-Exact-Full,40.0171,24,335,ExactBaseline,1,1,0.00240607,0.693147,2.30259,3,2.40842,0,0,0,0,0.976682
Ch6-OV-Exact-Full,40.0191,-1,-1,ExactBaseline,0,0,0,0,2.30259,0,1.43785,0,0,0,0,0.99741
Ch6-OV-Exact-Full,40.0273,2,91,ExactBaseline,1,1,0.00436513,2.07944,2.30259,5,4.19514,0,0,0,0,0.988606
Ch6-OV-Exact-Full,40.0336,-1,-1,ExactBaseline,0,0,0,0,2.30259,0,4.67569,0,0,0,0,0.994303
Ch6-OV-Exact-Full,40.0348,-1,-1,ExactBaseline,0,0,0,0,2.30259,0,2.85023,0,0,0,0,0.985485
Ch6-OV-Exact-Full,40.0396,-1,-1,ExactBaseline,0,0,0,0,2.30259,0,3.31385,0,0,0,0,0.998884
Ch6-OV-Exact-Full,40.0402,-1,-1,ExactBaseline,0,0,0,0,2.30259,0,2.90789,0,0,0,0,0.991953
Ch6-OV-Exact-Full,40.0481,-1,-1,ExactBaseline,0,0,0,0,2.30259,0,1.05994,0,0,0,0,1
Ch6-OV-Exact-Full,40.0519,-1,-1,ExactBaseline,0,0,0,0,2.30259,0,5.77282,0,0,0,0,0.991301
Ch6-OV-Exact-Full,40.0652,175,527,ExactBaseline,1,1,0.00196609,0.693147,2.30259,3,0.17901,0,0,0,0,0.986256
Ch6-OV-Exact-Full,40.0772,-1,-1,ExactBaseline,0,0,0,0,2.30259,0,0.203134,0,0,0,0,1
Ch6-OV-Exact-Full,40.0796,-1,-1,ExactBaseline,0,0,0,0,2.30259,0,2.44971,0,0,0,0,0.986256
Ch6-OV-Exact-Full,40.0969,-1,-1,ExactBaseline,0,0,0,0,2.30259,0,6.46109,0,0,0,0,0.997769
Ch6-OV-Exact-Full,40.0986,368,108,ExactBaseline,1,1,0.00361869,1.38629,2.30259,4,2.01349,0,0,0,0,0.995419
Ch6-OV-Exact-Full,40.0994,316,64,ExactBaseline,1,1,0.00197196,0.693147,2.30259,3,1.31294,0,0,0,0,0.987371
Ch6-OV-Exact-Full,40.1025,-1,-1,ExactBaseline,0,0,0,0,2.30259,0,2.71107,0,0,0,0,0.998884
Ch6-OV-Exact-Full,40.1094,-1,-1,ExactBaseline,0,0,0,0,2.30259,0,3.31657,0,0,0,0,1
Ch6-OV-Exact-Full,40.1103,192,206,ExactBaseline,1,1,0.00482918,2.07944,2.30259,5,0.56961,0,0,0,0,0.998884
Ch6-OV-Exact-Full,40.115,-1,-1,ExactBaseline,0,0,0,0,2.30259,0,0.373799,0,0,0,0,1
Ch6-OV-Exact-Full,40.1173,-1,-1,ExactBaseline,0,0,0,0,2.30259,0,5.91737,0,0,0,0,0.991953
Ch6-OV-Exact-Full,40.1207,-1,-1,ExactBaseline,0,0,0,0,2.30259,0,0.323244,0,0,0,0,1
Ch6-OV-Exact-Full,40.1218,-1,-1,ExactBaseline,0,0,0,0,2.30259,0,2.3004,0,0,0,0,0.994303
Ch6-OV-Exact-Full,40.1248,-1,-1,ExactBaseline,0,0,0,0,2.30259,0,1.77321,0,0,0,0,1
Ch6-OV-Exact-Full,40.1296,264,192,ExactBaseline,1,1,0.00197184,0.693147,2.30259,3,1.14278,0,0,0,0,0.990837
Ch6-OV-Exact-Full,40.1332,-1,-1,ExactBaseline,0,0,0,0,2.30259,0,0.451811,0,0,0,0,1
Ch6-OV-Exact-Full,40.1344,-1,-1,ExactBaseline,0,0,0,0,2.30259,0,1.50202,0,0,0,0,0.998884
Ch6-OV-Exact-Full,40.135,415,69,ExactBaseline,1,1,0.00439959,2.07944,2.30259,5,4.8065,0,0,0,0,0.998884
Ch6-OV-Exact-Full,40.1399,-1,-1,ExactBaseline,0,0,0,0,2.30259,0,2.90255,0,0,0,0,0.991953
Ch6-OV-Exact-Full,40.1456,254,167,ExactBaseline,1,1,0.0031472,1.38629,2.30259,4,4.97297,0,0,0,0,0.987371
Ch6-OV-Exact-Full,40.1532,334,274,ExactBaseline,1,1,0.0024288,0.693147,2.30259,3,4.44163,0,0,0,0,0.986256
Ch6-OV-Exact-Full,40.1784,176,433,ExactBaseline,1,1,0.0036087,1.38629,2.30259,4,0.82338,0,0,0,0,0.989517
Ch6-OV-Exact-Full,40.1793,-1,-1,ExactBaseline,0,0,0,0,2.30259,0,0.334843,0,0,0,0,0.994303
Ch6-OV-Exact-Full,40.1834,-1,-1,ExactBaseline,0,0,0,0,2.30259,0,3.04121,0,0,0,0,0.990133
Ch6-OV-Exact-Full,40.1904,-1,-1,ExactBaseline,0,0,0,0,2.30259,0,3.6284,0,0,0,0,1
Ch6-OV-Exact-Full,40.1926,245,220,ExactBaseline,1,1,0.00437118,2.07944,2.30259,5,3.0593,0,0,0,0,0.988606
Ch6-OV-Exact-Full,40.1953,-1,-1,ExactBaseline,0,0,0,0,2.30259,0,5.18564,0,0,0,0,0.998884
Ch6-OV-Exact-Full,40.2042,382,462,ExactBaseline,1,1,0.0031658,1.38629,2.30259,4,6.05565,0,0,0,0,0.995419
Ch6-OV-Exact-Full,40.2047,372,507,ExactBaseline,1,1,0.0031756,1.38629,2.30259,4,3.31827,0,0,0,0,0.990837
Ch6-OV-Exact-Full,40.2062,-1,-1,ExactBaseline,0,0,0,0,2.30259,0,2.99288,0,0,0,0,1
Ch6-OV-Exact-Full,40.2109,33,541,ExactBaseline,1,1,0.00317516,1.38629,2.30259,4,3.81671,0,0,0,0,0.991368
Ch6-OV-Exact-Full,40.2136,-1,-1,ExactBaseline,0,0,0,0,2.30259,0,0.939902,0,0,0,0,1
Ch6-OV-Exact-Full,40.2225,-1,-1,ExactBaseline,0,0,0,0,2.30259,0,7.5687,0,0,0,0,1
Ch6-OV-Exact-Full,40.2355,-1,-1,ExactBaseline,0,0,0,0,2.30259,0,1.0993,0,0,0,0,0.995419
Ch6-OV-Exact-Full,40.2357,-1,-1,ExactBaseline,0,0,0,0,2.30259,0,0.389077,0,0,0,0,1
Ch6-OV-Exact-Full,40.2358,255,474,ExactBaseline,1,1,0.00544829,2.07944,2.30259,5,5.44288,0,0,0,0,0.997769
Ch6-OV-Exact-Full,40.2418,-1,-1,ExactBaseline,0,0,0,0,2.30259,0,2.44456,0,0,0,0,0.990993
Ch6-OV-Exact-Full,40.2419,-1,-1,ExactBaseline,0,0,0,0,2.30259,0,4.74199,0,0,0,0,0.994303
Ch6-OV-Exact-Full,40.2515,-1,-1,ExactBaseline,0,0,0,0,2.30259,0,3.24094,0,0,0,0,1
Ch6-OV-Exact-Full,40.2527,152,171,ExactBaseline,1,1,0.00316256,1.38629,2.30259,4,1.06648,0,0,0,0,0.98279
Ch6-OV-Exact-Full,40.2538,-1,-1,ExactBaseline,0,0,0,0,2.30259,0,2.82565,0,0,0,0,0.993187
Ch6-OV-Exact-Full,40.2604,-1,-1,ExactBaseline,0,0,0,0,2.30259,0,0.208897,0,0,0,0,1
Ch6-OV-Exact-Full,40.2636,-1,-1,ExactBaseline,0,0,0,0,2.30259,0,7.51228,0,0,0,0,0.993187
Ch6-OV-Exact-Full,40.2775,-1,-1,ExactBaseline,0,0,0,0,2.30259,0,3.74634,0,0,0,0,1
Ch6-OV-Exact-Full,40.2778,-1,-1,ExactBaseline,0,0,0,0,2.30259,0,0.310403,0,0,0,0,1
Ch6-OV-Exact-Full,40.2778,-1,-1,ExactBaseline,0,0,0,0,2.30259,0,2.33286,0,0,0,0,0.998884
Ch6-OV-Exact-Full,40.2842,300,381,ExactBaseline,1,1,0.00196581,0.693147,2.30259,3,1.01924,0,0,0,0,0.987371
Ch6-OV-Exact-Full,40.2865,295,541,ExactBaseline,1,1,0.00316548,1.38629,2.30259,4,5.62551,0,0,0,0,0.978208
Ch6-OV-Exact-Full,40.2908,395,367,ExactBaseline,1,1,0.00528253,2.07944,2.30259,5,5.86179,0,0,0,0,0.998884
Ch6-OV-Exact-Full,40.2951,172,463,ExactBaseline,1,1,0.00330612,1.38629,2.30259,4,6.59444,0,0,0,0,0.957533
Ch6-OV-Exact-Full,40.2951,-1,-1,ExactBaseline,0,0,0,0,2.30259,0,1.366,0,0,0,0,1
Ch6-OV-Exact-Full,40.2955,-1,-1,ExactBaseline,0,0,0,0,2.30259,0,1.84471,0,0,0,0,1
Ch6-OV-Exact-Full,40.302,87,197,ExactBaseline,1,1,0.00482503,2.07944,2.30259,5,6.28249,0,0,0,0,0.980558
Ch6-OV-Exact-Full,40.3145,-1,-1,ExactBaseline,0,0,0,0,2.30259,0,5.10464,0,0,0,0,1
Ch6-OV-Exact-Full,40.3166,-1,-1,ExactBaseline,0,0,0,0,2.30259,0,5.87702,0,0,0,0,0.98514
Ch6-OV-Exact-Full,40.3228,268,328,ExactBaseline,1,1,0.004379,2.07944,2.30259,5,3.61572,0,0,0,0,0.994099
Ch6-OV-Exact-Full,40.323,325,328,ExactBaseline,1,1,0.00320352,1.38629,2.30259,4,6.4771,0,0,0,0,0.990837
Ch6-OV-Exact-Full,40.3245,23,161,ExactBaseline,1,1,0.00365544,1.38629,2.30259,4,6.7622,0,0,0,0,0.989018
Ch6-OV-Exact-Full,40.3289,77,10,ExactBaseline,1,1,0.00256473,0.693147,2.30259,3,1.67547,0,0,0,0,0.988606
Ch6-OV-Exact-Full,40.3403,-1,-1,ExactBaseline,0,0,0,0,2.30259,0,2.75597,0,0,0,0,0.998884
Ch6-OV-Exact-Full,40.3412,-1,-1,ExactBaseline,0,0,0,0,2.30259,0,0.280528,0,0,0,0,1
Ch6-OV-Exact-Full,40.3412,-1,-1,ExactBaseline,0,0,0,0,2.30259,0,5.30562,0,0,0,0,0.989721
Ch6-OV-Exact-Full,40.3419,32,568,ExactBaseline,1,1,0.00329288,1.38629,2.30259,4,8.44544,0,0,0,0,0.973939
Ch6-OV-Exact-Full,40.3441,-1,-1,ExactBaseline,0,0,0,0,2.30259,0,3.48245,0,0,0,0,0.997769
Ch6-OV-Exact-Full,40.3471,-1,-1,ExactBaseline,0,0,0,0,2.30259,0,1.44695,0,0,0,0,0.983906
Ch6-OV-Exact-Full,40.3497,-1,-1,ExactBaseline,0,0,0,0,2.30259,0,4.14851,0,0,0,0,0.997769
Ch6-OV-Exact-Full,40.3501,-1,-1,ExactBaseline,0,0,0,0,2.30259,0,3.14257,0,0,0,0,0.995419
Ch6-OV-Exact-Full,40.3578,-1,-1,ExactBaseline,0,0,0,0,2.30259,0,6.19066,0,0,0,0,1
Ch6-OV-Exact-Full,40.3782,-1,-1,ExactBaseline,0,0,0,0,2.30259,0,8.72208,0,0,0,0,1
Ch6-OV-Exact-Full,40.3898,384,519,ExactBaseline,1,1,0.00438524,2.07944,2.30259,5,2.95824,0,0,0,0,0.994303
Ch6-OV-Exact-Full,40.3937,-1,-1,ExactBaseline,0,0,0,0,2.30259,0,4.22739,0,0,0,0,0.998884
Ch6-OV-Exact-Full,40.408,-1,-1,ExactBaseline,0,0,0,0,2.30259,0,3.97798,0,0,0,0,0.962114
Ch6-OV-Exact-Full,40.4199,-1,-1,ExactBaseline,0,0,0,0,2.30259,0,2.3741,0,0,0,0,0.990633
Ch6-OV-Exact-Full,40.4242,-1,-1,ExactBaseline,0,0,0,0,2.30259,0,5.56084,0,0,0,0,0.99633
Ch6-OV-Exact-Full,40.4294,-1,-1,ExactBaseline,0,0,0,0,2.30259,0,3.49491,0,0,0,0,1
Ch6-OV-Exact-Full,40.4333,-1,-1,ExactBaseline,0,0,0,0,2.30259,0,2.60263,0,0,0,0,1
Ch6-OV-Exact-Full,40.4384,-1,-1,ExactBaseline,0,0,0,0,2.30259,0,3.62717,0,0,0,0,1
Ch6-OV-Exact-Full,40.4471,-1,-1,ExactBaseline,0,0,0,0,2.30259,0,7.86297,0,0,0,0,0.991953
Ch6-OV-Exact-Full,40.4483,-1,-1,ExactBaseline,0,0,0,0,2.30259,0,7.93382,0,0,0,0,1
Ch6-OV-Exact-Full,40.4532,-1,-1,ExactBaseline,0,0,0,0,2.30259,0,3.95698,0,0,0,0,0.995419
Ch6-OV-Exact-Full,40.4663,-1,-1,ExactBaseline,0,0,0,0,2.30259,0,0.20877,0,0,0,0,0.994303
Ch6-OV-Exact-Full,40.4678,-1,-1,ExactBaseline,0,0,0,0,2.30259,0,3.62622,0,0,0,0,0.998884
Ch6-OV-Exact-Full,40.472,-1,-1,ExactBaseline,0,0,0,0,2.30259,0,3.88053,0,0,0,0,0.997769
Ch6-OV-Exact-Full,40.473,-1,-1,ExactBaseline,0,0,0,0,2.30259,0,0.22484,0,0,0,0,0.99868
Ch6-OV-Exact-Full,40.4805,-1,-1,ExactBaseline,0,0,0,0,2.30259,0,2.35476,0,0,0,0,0.998884
Ch6-OV-Exact-Full,40.4806,-1,-1,ExactBaseline,0,0,0,0,2.30259,0,0.494101,0,0,0,0,0.998884
Ch6-OV-Exact-Full,40.4809,-1,-1,ExactBaseline,0,0,0,0,2.30259,0,2.90244,0,0,0,0,0.990837
Ch6-OV-Exact-Full,40.4818,-1,-1,ExactBaseline,0,0,0,0,2.30259,0,2.14676,0,0,0,0,0.998884
Ch6-OV-Exact-Full,40.5044,-1,-1,ExactBaseline,0,0,0,0,2.30259,0,4.02085,0,0,0,0,0.992776
Ch6-OV-Exact-Full,40.505,366,293,ExactBaseline,1,1,0.00361637,1.38629,2.30259,4,6.25828,0,0,0,0,0.994303
Ch6-OV-Exact-Full,40.5051,-1,-1,ExactBaseline,0,0,0,0,2.30259,0,5.83878,0,0,0,0,0.998884
Ch6-OV-Exact-Full,40.5057,-1,-1,ExactBaseline,0,0,0,0,2.30259,0,2.42166,0,0,0,0,1
Ch6-OV-Exact-Full,40.5096,131,274,ExactBaseline,1,1,0.00241732,0.693147,2.30259,3,1.93185,0,0,0,0,0.986256
Ch6-OV-Exact-Full,40.5123,212,436,ExactBaseline,1,1,0.00463746,2.07944,2.30259,5,3.26479,0,0,0,0,0.998884
Ch6-OV-Exact-Full,40.5148,-1,-1,ExactBaseline,0,0,0,0,2.30259,0,2.90466,0,0,0,0,0.995419
Ch6-OV-Exact-Full,40.5204,-1,-1,ExactBaseline,0,0,0,0,2.30259,0,0.233858,0,0,0,0,1
Ch6-OV-Exact-Full,40.5228,224,63,ExactBaseline,1,1,0.00439967,2.07944,2.30259,5,5.89888,0,0,0,0,0.98514
Ch6-OV-Exact-Full,40.5283,417,220,ExactBaseline,1,1,0.0134556,2.07944,2.30259,5,2.07991,0,0,0,0,0.998884
Ch6-OV-Exact-Full,40.5294,-1,-1,ExactBaseline,0,0,0,0,2.30259,0,6.90866,0,0,0,0,0.98279
Ch6-OV-Exact-Full,40.5382,-1,-1,ExactBaseline,0,0,0,0,2.30259,0,4.1953,0,0,0,0,0.998884
Ch6-OV-Exact-Full,40.5485,-1,-1,ExactBaseline,0,0,0,0,2.30259,0,1.48765,0,0,0,0,0.995419
Ch6-OV-Exact-Full,40.5491,207,436,ExactBaseline,1,1,0.00436619,2.07944,2.30259,5,4.10354,0,0,0,0,0.988606
Ch6-OV-Exact-Full,40.5504,-1,-1,ExactBaseline,0,0,0,0,2.30259,0,4.95657,0,0,0,0,1
Ch6-OV-Exact-Full,40.5548,137,430,ExactBaseline,1,1,0.00464353,2.07944,2.30259,5,1.77469,0,0,0,0,0.998884
Ch6-OV-Exact-Full,40.5608,-1,-1,ExactBaseline,0,0,0,0,2.30259,0,5.54849,0,0,0,0,0.998884
Ch6-OV-Exact-Full,40.5659,236,531,ExactBaseline,1,1,0.00438826,2.07944,2.30259,5,5.43441,0,0,0,0,0.996653
Ch6-OV-Exact-Full,40.5684,119,1,ExactBaseline,1,1,0.0048401,2.07944,2.30259,5,5.71784,0,0,0,0,0.979443
Ch6-OV-Exact-Full,40.5709,-1,-1,ExactBaseline,0,0,0,0,2.30259,0,5.06559,0,0,0,0,0.994303
Ch6-OV-Exact-Full,40.5712,-1,-1,ExactBaseline,0,0,0,0,2.30259,0,2.79865,0,0,0,0,1
Ch6-OV-Exact-Full,40.5861,-1,-1,ExactBaseline,0,0,0,0,2.30259,0,1.77596,0,0,0,0,1
Ch6-OV-Exact-Full,40.5938,-1,-1,ExactBaseline,0,0,0,0,2.30259,0,0.237253,0,0,0,0,1
Ch6-OV-Exact-Full,40.602,-1,-1,ExactBaseline,0,0,0,0,2.30259,0,4.40437,0,0,0,0,0.987079
Ch6-OV-Exact-Full,40.6026,13,534,ExactBaseline,1,1,0.00436664,2.07944,2.30259,5,6.05907,0,0,0,0,0.970161
Ch6-OV-Exact-Full,40.6081,-1,-1,ExactBaseline,0,0,0,0,2.30259,0,5.18944,0,0,0,0,0.995419
Ch6-OV-Exact-Full,40.6121,-1,-1,ExactBaseline,0,0,0,0,2.30259,0,0.158547,0,0,0,0,1
Ch6-OV-Exact-Full,40.6161,-1,-1,ExactBaseline,0,0,0,0,2.30259,0,6.08579,0,0,0,0,0.994303
Ch6-OV-Exact-Full,40.6168,-1,-1,ExactBaseline,0,0,0,0,2.30259,0,0.009196,0,0,0,0,1
Ch6-OV-Exact-Full,40.6187,-1,-1,ExactBaseline,0,0,0,0,2.30259,0,0.446683,0,0,0,0,1
Ch6-OV-Exact-Full,40.6248,-1,-1,ExactBaseline,0,0,0,0,2.30259,0,0.238158,0,0,0,0,0.998884
Ch6-OV-Exact-Full,40.6323,-1,-1,ExactBaseline,0,0,0,0,2.30259,0,4.02341,0,0,0,0,0.981674
Ch6-OV-Exact-Full,40.6375,402,175,ExactBaseline,1,1,0.00438476,2.07944,2.30259,5,3.85951,0,0,0,0,0.998884
Ch6-OV-Exact-Full,40.6379,-1,-1,ExactBaseline,0,0,0,0,2.30259,0,4.55856,0,0,0,0,0.973423
Ch6-OV-Exact-Full,40.6464,135,278,ExactBaseline,1,1,0.00337483,1.38629,2.30259,4,5.78747,0,0,0,0,0.987371
Ch6-OV-Exact-Full,40.6521,-1,-1,ExactBaseline,0,0,0,0,2.30259,0,3.12375,0,0,0,0,0.987371
Ch6-OV-Exact-Full,40.6532,-1,-1,ExactBaseline,0,0,0,0,2.30259,0,1.12133,0,0,0,0,0.995419
Ch6-OV-Exact-Full,40.6705,381,106,ExactBaseline,1,1,0.00439196,2.07944,2.30259,5,7.28283,0,0,0,0,0.998884
Ch6-OV-Exact-Full,40.6751,-1,-1,ExactBaseline,0,0,0,0,2.30259,0,5.85123,0,0,0,0,0.988606
Ch6-OV-Exact-Full,40.6782,327,338,ExactBaseline,1,1,0.00438791,2.07944,2.30259,5,5.93845,0,0,0,0,0.989721
Ch6-OV-Exact-Full,40.6796,160,431,ExactBaseline,1,1,0.00481954,2.07944,2.30259,5,0.199474,0,0,0,0,0.998884
Ch6-OV-Exact-Full,40.68,-1,-1,ExactBaseline,0,0,0,0,2.30259,0,3.4946,0,0,0,0,0.995419
Ch6-OV-Exact-Full,40.6815,-1,-1,ExactBaseline,0,0,0,0,2.30259,0,0.105004,0,0,0,0,1
Ch6-OV-Exact-Full,40.6837,-1,-1,ExactBaseline,0,0,0,0,2.30259,0,2.55267,0,0,0,0,1
Ch6-OV-Exact-Full,40.6845,-1,-1,ExactBaseline,0,0,0,0,2.30259,0,0.245143,0,0,0,0,0.995419
Ch6-OV-Exact-Full,40.6874,-1,-1,ExactBaseline,0,0,0,0,2.30259,0,7.23002,0,0,0,0,1
Ch6-OV-Exact-Full,40.691,-1,-1,ExactBaseline,0,0,0,0,2.30259,0,5.98248,0,0,0,0,1
Ch6-OV-Exact-Full,40.6935,-1,-1,ExactBaseline,0,0,0,0,2.30259,0,2.94082,0,0,0,0,0.987371
Ch6-OV-Exact-Full,40.7032,-1,-1,ExactBaseline,0,0,0,0,2.30259,0,3.72767,0,0,0,0,0.998884
Ch6-OV-Exact-Full,40.7041,-1,-1,ExactBaseline,0,0,0,0,2.30259,0,5.25566,0,0,0,0,0.998884
Ch6-OV-Exact-Full,40.7076,-1,-1,ExactBaseline,0,0,0,0,2.30259,0,1.74647,0,0,0,0,1
Ch6-OV-Exact-Full,40.71,-1,-1,ExactBaseline,0,0,0,0,2.30259,0,1.51628,0,0,0,0,0.995419
Ch6-OV-Exact-Full,40.7161,-1,-1,ExactBaseline,0,0,0,0,2.30259,0,4.26146,0,0,0,0,1
Ch6-OV-Exact-Full,40.7175,218,66,ExactBaseline,1,1,0.00325875,1.38629,2.30259,4,6.15525,0,0,0,0,0.977093
Ch6-OV-Exact-Full,40.7232,-1,-1,ExactBaseline,0,0,0,0,2.30259,0,3.56249,0,0,0,0,1
Ch6-OV-Exact-Full,40.7461,-1,-1,ExactBaseline,0,0,0,0,2.30259,0,3.41519,0,0,0,0,0.991953
Ch6-OV-Exact-Full,40.7635,-1,-1,ExactBaseline,0,0,0,0,2.30259,0,2.72881,0,0,0,0,1
Ch6-OV-Exact-Full,40.7673,-1,-1,ExactBaseline,0,0,0,0,2.30259,0,3.60147,0,0,0,0,0.990837
Ch6-OV-Exact-Full,40.7701,-1,-1,ExactBaseline,0,0,0,0,2.30259,0,4.52965,0,0,0,0,1
Ch6-OV-Exact-Full,40.7786,-1,-1,ExactBaseline,0,0,0,0,2.30259,0,1.89306,0,0,0,0,0.998884
Ch6-OV-Exact-Full,40.7823,88,258,ExactBaseline,1,1,0.00439186,2.07944,2.30259,5,4.96586,0,0,0,0,0.992071
Ch6-OV-Exact-Full,40.7889,-1,-1,ExactBaseline,0,0,0,0,2.30259,0,0.481457,0,0,0,0,1
Ch6-OV-Exact-Full,40.7925,-1,-1,ExactBaseline,0,0,0,0,2.30259,0,4.1691,0,0,0,0,1
Ch6-OV-Exact-Full,40.7955,-1,-1,ExactBaseline,0,0,0,0,2.30259,0,0.1865,0,0,0,0,1
Ch6-OV-Exact-Full,40.7959,-1,-1,ExactBaseline,0,0,0,0,2.30259,0,3.58464,0,0,0,0,0.98279
Ch6-OV-Exact-Full,40.8035,-1,-1,ExactBaseline,0,0,0,0,2.30259,0,2.42945,0,0,0,0,0.999796
Ch6-OV-Exact-Full,40.8078,-1,-1,ExactBaseline,0,0,0,0,2.30259,0,7.28698,0,0,0,0,0.990837
Ch6-OV-Exact-Full,40.8128,-1,-1,ExactBaseline,0,0,0,0,2.30259,0,3.09248,0,0,0,0,1
Ch6-OV-Exact-Full,40.8131,-1,-1,ExactBaseline,0,0,0,0,2.30259,0,1.33863,0,0,0,0,0.997769
Ch6-OV-Exact-Full,40.8149,-1,-1,ExactBaseline,0,0,0,0,2.30259,0,3.83401,0,0,0,0,1
Ch6-OV-Exact-Full,40.8175,392,60,ExactBaseline,1,1,0.00322168,1.38629,2.30259,4,12.3892,0,0,0,0,0.994303
Ch6-OV-Exact-Full,40.821,-1,-1,ExactBaseline,0,0,0,0,2.30259,0,8.43525,0,0,0,0,0.990837
Ch6-OV-Exact-Full,40.8237,155,282,ExactBaseline,1,1,0.00436777,2.07944,2.30259,5,3.50375,0,0,0,0,0.993187
Ch6-OV-Exact-Full,40.8251,-1,-1,ExactBaseline,0,0,0,0,2.30259,0,7.15209,0,0,0,0,1
Ch6-OV-Exact-Full,40.8279,-1,-1,ExactBaseline,0,0,0,0,2.30259,0,7.15751,0,0,0,0,0.991953
Ch6-OV-Exact-Full,40.8285,379,319,ExactBaseline,1,1,0.00239944,0.693147,2.30259,3,4.52848,0,0,0,0,0.991953
Ch6-OV-Exact-Full,40.8287,-1,-1,ExactBaseline,0,0,0,0,2.30259,0,3.64142,0,0,0,0,0.984024
Ch6-OV-Exact-Full,40.8351,378,295,ExactBaseline,1,1,0.00204042,0.693147,2.30259,3,6.88606,0,0,0,0,0.990837
Ch6-OV-Exact-Full,40.8439,26,504,ExactBaseline,1,1,0.00340321,1.38629,2.30259,4,1.07762,0,0,0,0,0.995419
Ch6-OV-Exact-Full,40.8545,-1,-1,ExactBaseline,0,0,0,0,2.30259,0,5.99228,0,0,0,0,0.998884
Ch6-OV-Exact-Full,40.862,-1,-1,ExactBaseline,0,0,0,0,2.30259,0,3.8877,0,0,0,0,1
Ch6-OV-Exact-Full,40.8622,-1,-1,ExactBaseline,0,0,0,0,2.30259,0,7.90964,0,0,0,0,1
Ch6-OV-Exact-Full,40.8758,351,84,ExactBaseline,1,1,0.00317022,1.38629,2.30259,4,3.04605,0,0,0,0,0.994303
Ch6-OV-Exact-Full,40.8776,-1,-1,ExactBaseline,0,0,0,0,2.30259,0,8.19228,0,0,0,0,0.978208
Ch6-OV-Exact-Full,40.8789,349,450,ExactBaseline,1,1,0.00462945,2.07944,2.30259,5,5.3525,0,0,0,0,0.993187
Ch6-OV-Exact-Full,40.8886,204,348,ExactBaseline,1,1,0.00484735,2.07944,2.30259,5,6.54454,0,0,0,0,0.98382
Ch6-OV-Exact-Full,40.89,173,576,ExactBaseline,1,1,0.00486534,2.07944,2.30259,5,5.21626,0,0,0,0,0.989721
Ch6-OV-Exact-Full,40.8901,278,487,ExactBaseline,1,1,0.00458705,2.07944,2.30259,5,4.15339,0,0,0,0,0.993187
Ch6-OV-Exact-Full,40.8927,-1,-1,ExactBaseline,0,0,0,0,2.30259,0,6.13443,0,0,0,0,0.997564
Ch6-OV-Exact-Full,40.8955,-1,-1,ExactBaseline,0,0,0,0,2.30259,0,3.74847,0,0,0,0,1
Ch6-OV-Exact-Full,40.904,-1,-1,ExactBaseline,0,0,0,0,2.30259,0,2.21588,0,0,0,0,0.988606
Ch6-OV-Exact-Full,40.9076,-1,-1,ExactBaseline,0,0,0,0,2.30259,0,5.35082,0,0,0,0,0.987167
Ch6-OV-Exact-Full,40.9097,-1,-1,ExactBaseline,0,0,0,0,2.30259,0,4.33271,0,0,0,0,0.990837
Ch6-OV-Exact-Full,40.9192,-1,-1,ExactBaseline,0,0,0,0,2.30259,0,3.6352,0,0,0,0,1
Ch6-OV-Exact-Full,40.9205,-1,-1,ExactBaseline,0,0,0,0,2.30259,0,7.54527,0,0,0,0,1
Ch6-OV-Exact-Full,40.9268,-1,-1,ExactBaseline,0,0,0,0,2.30259,0,5.61977,0,0,0,0,1
Ch6-OV-Exact-Full,40.9403,-1,-1,ExactBaseline,0,0,0,0,2.30259,0,2.99838,0,0,0,0,0.98279
Ch6-OV-Exact-Full,40.9447,-1,-1,ExactBaseline,0,0,0,0,2.30259,0,3.20298,0,0,0,0,1
Ch6-OV-Exact-Full,40.9471,-1,-1,ExactBaseline,0,0,0,0,2.30259,0,5.56311,0,0,0,0,0.998884
Ch6-OV-Exact-Full,40.9512,-1,-1,ExactBaseline,0,0,0,0,2.30259,0,3.21616,0,0,0,0,1
Ch6-OV-Exact-Full,40.9654,40,352,ExactBaseline,1,1,0.00199942,0.538997,2.30259,3,3.70787,0,0,0,0,0.980612
Ch6-OV-Exact-Full,40.9679,-1,-1,ExactBaseline,0,0,0,0,2.30259,0,9.14133,0,0,0,0,0.983906
Ch6-OV-Exact-Full,40.9708,403,325,ExactBaseline,1,1,0.00315522,1.38629,2.30259,4,2.90042,0,0,0,0,0.995419
Ch6-OV-Exact-Full,40.978,-1,-1,ExactBaseline,0,0,0,0,2.30259,0,2.96202,0,0,0,0,0.995419
Ch6-OV-Exact-Full,40.9966,338,22,ExactBaseline,1,1,0.00437456,2.07944,2.30259,5,5.73939,0,0,0,0,0.998884
Ch6-OV-Exact-Full,41.0045,-1,-1,ExactBaseline,0,0,0,0,2.30259,0,5.61651,0,0,0,0,0.979324
Ch6-OV-Exact-Full,41.0085,-1,-1,ExactBaseline,0,0,0,0,2.30259,0,0.335239,0,0,0,0,1
Ch6-OV-Exact-Full,41.014,-1,-1,ExactBaseline,0,0,0,0,2.30259,0,1.11489,0,0,0,0,0.997564
Ch6-OV-Exact-Full,41.0174,-1,-1,ExactBaseline,0,0,0,0,2.30259,0,5.58623,0,0,0,0,0.991749
Ch6-OV-Exact-Full,41.0189,-1,-1,ExactBaseline,0,0,0,0,2.30259,0,5.62707,0,0,0,0,0.986256
Ch6-OV-Exact-Full,41.0254,-1,-1,ExactBaseline,0,0,0,0,2.30259,0,3.14223,0,0,0,0,1
Ch6-OV-Exact-Full,41.0262,-1,-1,ExactBaseline,0,0,0,0,2.30259,0,0.229802,0,0,0,0,1
Ch6-OV-Exact-Full,41.0276,354,150,ExactBaseline,1,1,0.00560078,2.07944,2.30259,5,6.40184,0,0,0,0,0.998884
Ch6-OV-Exact-Full,41.0316,-1,-1,ExactBaseline,0,0,0,0,2.30259,0,0.367124,0,0,0,0,1
Ch6-OV-Exact-Full,41.0358,-1,-1,ExactBaseline,0,0,0,0,2.30259,0,6.19213,0,0,0,0,0.990956
Ch6-OV-Exact-Full,41.036,154,252,ExactBaseline,1,1,0.00484106,2.07944,2.30259,5,1.71871,0,0,0,0,0.997769
Ch6-OV-Exact-Full,41.0454,-1,-1,ExactBaseline,0,0,0,0,2.30259,0,5.72547,0,0,0,0,1
Ch6-OV-Exact-Full,41.0478,-1,-1,ExactBaseline,0,0,0,0,2.30259,0,1.09282,0,0,0,0,0.998884
Ch6-OV-Exact-Full,41.0551,-1,-1,ExactBaseline,0,0,0,0,2.30259,0,3.37494,0,0,0,0,0.991953
Ch6-OV-Exact-Full,41.0587,-1,-1,ExactBaseline,0,0,0,0,2.30259,0,7.55653,0,0,0,0,0.977916
Ch6-OV-Exact-Full,41.059,-1,-1,ExactBaseline,0,0,0,0,2.30259,0,3.07725,0,0,0,0,0.997769
Ch6-OV-Exact-Full,41.06,3,148,ExactBaseline,1,1,0.00483209,2.07944,2.30259,5,3.75439,0,0,0,0,0.98514
Ch6-OV-Exact-Full,41.0602,-1,-1,ExactBaseline,0,0,0,0,2.30259,0,5.92017,0,0,0,0,0.992776
Ch6-OV-Exact-Full,41.0659,240,278,ExactBaseline,1,1,0.00430852,1.38629,2.30259,4,1.47116,0,0,0,0,0.993328
Ch6-OV-Exact-Full,41.0762,165,149,ExactBaseline,1,1,0.00435828,2.07944,2.30259,5,5.2352,0,0,0,0,0.988606
Ch6-OV-Exact-Full,41.0793,-1,-1,ExactBaseline,0,0,0,0,2.30259,0,6.23265,0,0,0,0,0.998884
Ch6-OV-Exact-Full,41.0793,-1,-1,ExactBaseline,0,0,0,0,2.30259,0,1.95786,0,0,0,0,0.993187
Ch6-OV-Exact-Full,41.0895,-1,-1,ExactBaseline,0,0,0,0,2.30259,0,0.283094,0,0,0,0,1
Ch6-OV-Exact-Full,41.092,111,340,ExactBaseline,1,1,0.00439844,2.07944,2.30259,5,6.06198,0,0,0,0,0.984024
Ch6-OV-Exact-Full,41.0943,171,483,ExactBaseline,1,1,0.00436281,2.07944,2.30259,5,6.69986,0,0,0,0,0.986396
Ch6-OV-Exact-Full,41.0958,-1,-1,ExactBaseline,0,0,0,0,2.30259,0,6.80572,0,0,0,0,0.990837
Ch6-OV-Exact-Full,41.0993,-1,-1,ExactBaseline,0,0,0,0,2.30259,0,3.57914,0,0,0,0,0.994303
Ch6-OV-Exact-Full,41.1028,203,430,ExactBaseline,1,1,0.00485265,2.07944,2.30259,5,3.46196,0,0,0,0,0.989721
Ch6-OV-Exact-Full,41.1136,43,77,ExactBaseline,1,1,0.00362801,1.38629,2.30259,4,7.66061,0,0,0,0,0.987371
Ch6-OV-Exact-Full,41.1146,-1,-1,ExactBaseline,0,0,0,0,2.30259,0,3.51743,0,0,0,0,1
Ch6-OV-Exact-Full,41.1231,367,183,ExactBaseline,1,1,0.00339031,1.38629,2.30259,4,2.96253,0,0,0,0,0.995419
Ch6-OV-Exact-Full,41.1276,-1,-1,ExactBaseline,0,0,0,0,2.30259,0,6.98899,0,0,0,0,0.983906
Ch6-OV-Exact-Full,41.1336,-1,-1,ExactBaseline,0,0,0,0,2.30259,0,5.17241,0,0,0,0,0.981674
Ch6-OV-Exact-Full,41.1394,-1,-1,ExactBaseline,0,0,0,0,2.30259,0,6.2883,0,0,0,0,0.962114
Ch6-OV-Exact-Full,41.1413,-1,-1,ExactBaseline,0,0,0,0,2.30259,0,0.245617,0,0,0,0,1
Ch6-OV-Exact-Full,41.1437,421,367,ExactBaseline,1,1,0.00194269,0.693147,2.30259,3,2.5194,0,0,0,0,0.991953
Ch6-OV-Exact-Full,41.1453,183,367,ExactBaseline,1,1,0.0031438,1.38629,2.30259,4,3.38836,0,0,0,0,0.98279
Ch6-OV-Exact-Full,41.1454,-1,-1,ExactBaseline,0,0,0,0,2.30259,0,5.03474,0,0,0,0,0.989721
Ch6-OV-Exact-Full,41.1459,-1,-1,ExactBaseline,0,0,0,0,2.30259,0,4.78203,0,0,0,0,0.998884
Ch6-OV-Exact-Full,41.1508,81,472,ExactBaseline,1,1,0.00317608,1.38629,2.30259,4,2.72614,0,0,0,0,0.994303
Ch6-OV-Exact-Full,41.1512,-1,-1,ExactBaseline,0,0,0,0,2.30259,0,4.65946,0,0,0,0,1
Ch6-OV-Exact-Full,41.1626,25,89,ExactBaseline,1,1,0.00314312,1.38629,2.30259,4,6.54038,0,0,0,0,0.976682
Ch6-OV-Exact-Full,41.1714,-1,-1,ExactBaseline,0,0,0,0,2.30259,0,7.9373,0,0,0,0,0.973972
Ch6-OV-Exact-Full,41.1747,386,99,ExactBaseline,1,1,0.00219378,0.693147,2.30259,3,2.96684,0,0,0,0,0.991953
Ch6-OV-Exact-Full,41.1995,-1,-1,ExactBaseline,0,0,0,0,2.30259,0,3.23468,0,0,0,0,1
Ch6-OV-Exact-Full,41.2047,-1,-1,ExactBaseline,0,0,0,0,2.30259,0,4.26318,0,0,0,0,0.98749
Ch6-OV-Exact-Full,41.2053,76,161,ExactBaseline,1,1,0.00438062,2.07944,2.30259,5,5.44899,0,0,0,0,0.983253
Ch6-OV-Exact-Full,41.2063,-1,-1,ExactBaseline,0,0,0,0,2.30259,0,6.32864,0,0,0,0,0.982908
Ch6-OV-Exact-Full,41.2158,-1,-1,ExactBaseline,0,0,0,0,2.30259,0,0.245451,0,0,0,0,1
Ch6-OV-Exact-Full,41.2218,112,462,ExactBaseline,1,1,0.00203372,0.693147,2.30259,3,4.18945,0,0,0,0,0.956417
Ch6-OV-Exact-Full,41.2228,261,334,ExactBaseline,1,1,0.00438623,2.07944,2.30259,5,2.70265,0,0,0,0,0.988951
Ch6-OV-Exact-Full,41.2259,-1,-1,ExactBaseline,0,0,0,0,2.30259,0,0.586926,0,0,0,0,1
Ch6-OV-Exact-Full,41.2315,38,77,ExactBaseline,1,1,0.00439373,1.92529,2.30259,5,7.34477,0,0,0,0,0.996998
Ch6-OV-Exact-Full,41.2342,-1,-1,ExactBaseline,0,0,0,0,2.30259,0,2.64177,0,0,0,0,0.986256
Ch6-OV-Exact-Full,41.2348,-1,-1,ExactBaseline,0,0,0,0,2.30259,0,4.79456,0,0,0,0,0.989721
Ch6-OV-Exact-Full,41.2356,-1,-1,ExactBaseline,0,0,0,0,2.30259,0,4.65237,0,0,0,0,1
Ch6-OV-Exact-Full,41.237,-1,-1,ExactBaseline,0,0,0,0,2.30259,0,5.10275,0,0,0,0,0.995419
Ch6-OV-Exact-Full,41.2398,285,98,ExactBaseline,1,1,0.00314971,1.38629,2.30259,4,5.6727,0,0,0,0,0.994303
Ch6-OV-Exact-Full,41.242,-1,-1,ExactBaseline,0,0,0,0,2.30259,0,7.41663,0,0,0,0,0.979443
Ch6-OV-Exact-Full,41.2423,52,272,ExactBaseline,1,1,0.00416104,1.38629,2.30259,4,6.30475,0,0,0,0,0.986374
Ch6-OV-Exact-Full,41.2425,-1,-1,ExactBaseline,0,0,0,0,2.30259,0,7.69347,0,0,0,0,1
Ch6-OV-Exact-Full,41.247,-1,-1,ExactBaseline,0,0,0,0,2.30259,0,1.2469,0,0,0,0,1
Ch6-OV-Exact-Full,41.2504,-1,-1,ExactBaseline,0,0,0,0,2.30259,0,2.06126,0,0,0,0,0.998884
Ch6-OV-Exact-Full,41.259,193,473,ExactBaseline,1,1,0.00484242,2.07944,2.30259,5,3.828,0,0,0,0,0.998884
Ch6-OV-Exact-Full,41.2628,-1,-1,ExactBaseline,0,0,0,0,2.30259,0,3.50928,0,0,0,0,0.991953
Ch6-OV-Exact-Full,41.2636,-1,-1,ExactBaseline,0,0,0,0,2.30259,0,2.79581,0,0,0,0,0.986374
Ch6-OV-Exact-Full,41.2756,-1,-1,ExactBaseline,0,0,0,0,2.30259,0,0.263671,0,0,0,0,1
Ch6-OV-Exact-Full,41.277,-1,-1,ExactBaseline,0,0,0,0,2.30259,0,4.02967,0,0,0,0,1
Ch6-OV-Exact-Full,41.2773,-1,-1,ExactBaseline,0,0,0,0,2.30259,0,3.78744,0,0,0,0,0.995419
Ch6-OV-Exact-Full,41.2786,-1,-1,ExactBaseline,0,0,0,0,2.30259,0,0.198297,0,0,0,0,1
Ch6-OV-Exact-Full,41.2871,274,458,ExactBaseline,1,1,0.0019655,0.693147,2.30259,3,4.07517,0,0,0,0,0.990837
Ch6-OV-Exact-Full,41.2872,59,511,ExactBaseline,1,1,0.00440901,2.07944,2.30259,5,6.5748,0,0,0,0,0.979443
Ch6-OV-Exact-Full,41.2892,-1,-1,ExactBaseline,0,0,0,0,2.30259,0,3.93317,0,0,0,0,0.995419
Ch6-OV-Exact-Full,41.2959,-1,-1,ExactBaseline,0,0,0,0,2.30259,0,1.37134,0,0,0,0,1
Ch6-OV-Exact-Full,41.2961,201,96,ExactBaseline,1,1,0.00363361,1.38629,2.30259,4,6.98013,0,0,0,0,0.994303
Ch6-OV-Exact-Full,41.2994,-1,-1,ExactBaseline,0,0,0,0,2.30259,0,5.56987,0,0,0,0,0.998884
Ch6-OV-Exact-Full,41.3113,-1,-1,ExactBaseline,0,0,0,0,2.30259,0,0.651288,0,0,0,0,1
Ch6-OV-Exact-Full,41.3116,-1,-1,ExactBaseline,0,0,0,0,2.30259,0,0.203033,0,0,0,0,1
Ch6-OV-Exact-Full,41.3139,257,157,ExactBaseline,1,1,0.00517996,2.07944,2.30259,5,4.95327,0,0,0,0,0.98279
Ch6-OV-Exact-Full,41.3145,-1,-1,ExactBaseline,0,0,0,0,2.30259,0,6.1083,0,0,0,0,0.990837
Ch6-OV-Exact-Full,41.315,399,335,ExactBaseline,1,1,0.00353712,1.38629,2.30259,4,5.1645,0,0,0,0,0.995419
Ch6-OV-Exact-Full,41.317,-1,-1,ExactBaseline,0,0,0,0,2.30259,0,1.71335,0,0,0,0,0.979324
Ch6-OV-Exact-Full,41.3184,-1,-1,ExactBaseline,0,0,0,0,2.30259,0,1.12255,0,0,0,0,1
Ch6-OV-Exact-Full,41.3234,-1,-1,ExactBaseline,0,0,0,0,2.30259,0,2.93525,0,0,0,0,1
Ch6-OV-Exact-Full,41.3251,321,371,ExactBaseline,1,1,0.00487753,2.07944,2.30259,5,1.72393,0,0,0,0,0.996653
Ch6-OV-Exact-Full,41.3293,-1,-1,ExactBaseline,0,0,0,0,2.30259,0,5.50981,0,0,0,0,0.983906
Ch6-OV-Exact-Full,41.3376,179,79,ExactBaseline,1,1,0.00437683,2.07944,2.30259,5,6.00438,0,0,0,0,0.989721
Ch6-OV-Exact-Full,41.3471,1,94,ExactBaseline,1,1,0.00604843,2.16183,2.30259,6,3.51269,0,0,0,0,0.985964
Ch6-OV-Exact-Full,41.3479,-1,-1,ExactBaseline,0,0,0,0,2.30259,0,4.09844,0,0,0,0,0.997769
Ch6-OV-Exact-Full,41.3505,-1,-1,ExactBaseline,0,0,0,0,2.30259,0,7.33509,0,0,0,0,1
Ch6-OV-Exact-Full,41.3564,305,470,ExactBaseline,1,1,0.00435989,2.07944,2.30259,5,3.23624,0,0,0,0,0.998884
Ch6-OV-Exact-Full,41.363,-1,-1,ExactBaseline,0,0,0,0,2.30259,0,1.32046,0,0,0,0,0.994303
Ch6-OV-Exact-Full,41.3637,-1,-1,ExactBaseline,0,0,0,0,2.30259,0,5.81028,0,0,0,0,0.988606
Ch6-OV-Exact-Full,41.3654,-1,-1,ExactBaseline,0,0,0,0,2.30259,0,5.68842,0,0,0,0,0.984555
Ch6-OV-Exact-Full,41.3757,-1,-1,ExactBaseline,0,0,0,0,2.30259,0,1.21541,0,0,0,0,0.990837
Ch6-OV-Exact-Full,41.3768,-1,-1,ExactBaseline,0,0,0,0,2.30259,0,5.57886,0,0,0,0,0.991953
Ch6-OV-Exact-Full,41.3798,352,444,ExactBaseline,1,1,0.0020319,0.693147,2.30259,3,3.0676,0,0,0,0,0.991953
Ch6-OV-Exact-Full,41.3811,-1,-1,ExactBaseline,0,0,0,0,2.30259,0,0.256454,0,0,0,0,1
Ch6-OV-Exact-Full,41.3855,-1,-1,ExactBaseline,0,0,0,0,2.30259,0,2.91333,0,0,0,0,0.991953
Ch6-OV-Exact-Full,41.3911,-1,-1,ExactBaseline,0,0,0,0,2.30259,0,3.41196,0,0,0,0,1
Ch6-OV-Exact-Full,41.4018,-1,-1,ExactBaseline,0,0,0,0,2.30259,0,6.03019,0,0,0,0,0.993187
Ch6-OV-Exact-Full,41.4041,186,77,ExactBaseline,1,1,0.00341493,1.38629,2.30259,4,5.77837,0,0,0,0,0.981674
Ch6-OV-Exact-Full,41.4053,-1,-1,ExactBaseline,0,0,0,0,2.30259,0,2.38219,0,0,0,0,0.998884
Ch6-OV-Exact-Full,41.4068,333,437,ExactBaseline,1,1,0.00434925,2.07944,2.30259,5,5.71608,0,0,0,0,0.993187
Ch6-OV-Exact-Full,41.416,-1,-1,ExactBaseline,0,0,0,0,2.30259,0,3.20116,0,0,0,0,0.982379
Ch6-OV-Exact-Full,41.4255,67,372,ExactBaseline,1,1,0.00195722,0.693147,2.30259,3,3.63922,0,0,0,0,0.978004
Ch6-OV-Exact-Full,41.4256,244,458,ExactBaseline,1,1,0.00317467,1.38629,2.30259,4,3.48033,0,0,0,0,0.993187
Ch6-OV-Exact-Full,41.4263,-1,-1,ExactBaseline,0,0,0,0,2.30259,0,5.69409,0,0,0,0,0.995419
Ch6-OV-Exact-Full,41.4452,-1,-1,ExactBaseline,0,0,0,0,2.30259,0,0.083459,0,0,0,0,1
Ch6-OV-Exact-Full,41.45,394,481,ExactBaseline,1,1,0.00317969,1.38629,2.30259,4,4.01855,0,0,0,0,0.995419
Ch6-OV-Exact-Full,41.4551,328,133,ExactBaseline,1,1,0.00339686,1.38629,2.30259,4,5.00996,0,0,0,0,0.989721
Ch6-OV-Exact-Full,41.4553,94,74,ExactBaseline,1,1,0.00239078,0.693147,2.30259,3,5.13653,0,0,0,0,0.969046
Ch6-OV-Exact-Full,41.4573,74,139,ExactBaseline,1,1,0.00486078,2.07944,2.30259,5,7.49034,0,0,0,0,0.989721
Ch6-OV-Exact-Full,41.4602,-1,-1,ExactBaseline,0,0,0,0,2.30259,0,1.36403,0,0,0,0,0.994303
Ch6-OV-Exact-Full,41.4665,-1,-1,ExactBaseline,0,0,0,0,2.30259,0,4.02685,0,0,0,0,0.998884
Ch6-OV-Exact-Full,41.4684,-1,-1,ExactBaseline,0,0,0,0,2.30259,0,3.17542,0,0,0,0,1
Ch6-OV-Exact-Full,41.4702,-1,-1,ExactBaseline,0,0,0,0,2.30259,0,0.859588,0,0,0,0,1
Ch6-OV-Exact-Full,41.4708,185,535,ExactBaseline,1,1,0.00438605,2.07944,2.30259,5,5.23865,0,0,0,0,0.990837
Ch6-OV-Exact-Full,41.4713,-1,-1,ExactBaseline,0,0,0,0,2.30259,0,0.690776,0,0,0,0,0.996653
Ch6-OV-Exact-Full,41.4775,-1,-1,ExactBaseline,0,0,0,0,2.30259,0,0.009487,0,0,0,0,1
Ch6-OV-Exact-Full,41.4817,48,96,ExactBaseline,1,1,0.0036327,1.38629,2.30259,4,8.02622,0,0,0,0,0.970161
Ch6-OV-Exact-Full,41.4856,-1,-1,ExactBaseline,0,0,0,0,2.30259,0,3.02665,0,0,0,0,0.995419
Ch6-OV-Exact-Full,41.499,-1,-1,ExactBaseline,0,0,0,0,2.30259,0,4.30691,0,0,0,0,0.98382
Ch6-OV-Exact-Full,41.5034,55,273,ExactBaseline,1,1,0.00316359,1.38629,2.30259,4,2.87608,0,0,0,0,0.98749
Ch6-OV-Exact-Full,41.5143,-1,-1,ExactBaseline,0,0,0,0,2.30259,0,9.20807,0,0,0,0,0.990837
Ch6-OV-Exact-Full,41.5147,-1,-1,ExactBaseline,0,0,0,0,2.30259,0,4.31707,0,0,0,0,0.97912
Ch6-OV-Exact-Full,41.5153,-1,-1,ExactBaseline,0,0,0,0,2.30259,0,15.7225,0,0,0,0,0.997769
Ch6-OV-Exact-Full,41.5158,297,483,ExactBaseline,1,1,0.003154,1.38629,2.30259,4,4.87976,0,0,0,0,0.995419
Ch6-OV-Exact-Full,41.5177,-1,-1,ExactBaseline,0,0,0,0,2.30259,0,0.683319,0,0,0,0,1
Ch6-OV-Exact-Full,41.5178,286,233,ExactBaseline,1,1,0.00448702,2.07944,2.30259,5,5.63495,0,0,0,0,0.98514
Ch6-OV-Exact-Full,41.5189,-1,-1,ExactBaseline,0,0,0,0,2.30259,0,1.96625,0,0,0,0,1
Ch6-OV-Exact-Full,41.5196,-1,-1,ExactBaseline,0,0,0,0,2.30259,0,5.64246,0,0,0,0,0.986256
Ch6-OV-Exact-Full,41.5226,-1,-1,ExactBaseline,0,0,0,0,2.30259,0,5.42901,0,0,0,0,0.995419
Ch6-OV-Exact-Full,41.5304,-1,-1,ExactBaseline,0,0,0,0,2.30259,0,3.49356,0,0,0,0,0.983906
Ch6-OV-Exact-Full,41.5349,124,281,ExactBaseline,1,1,0.00483273,2.07944,2.30259,5,4.54167,0,0,0,0,0.978208
Ch6-OV-Exact-Full,41.547,-1,-1,ExactBaseline,0,0,0,0,2.30259,0,7.61448,0,0,0,0,0.96862
Ch6-OV-Exact-Full,41.55,-1,-1,ExactBaseline,0,0,0,0,2.30259,0,3.82405,0,0,0,0,0.997769
Ch6-OV-Exact-Full,41.5512,-1,-1,ExactBaseline,0,0,0,0,2.30259,0,8.19263,0,0,0,0,0.979788
Ch6-OV-Exact-Full,41.5519,-1,-1,ExactBaseline,0,0,0,0,2.30259,0,6.04912,0,0,0,0,0.998884
Ch6-OV-Exact-Full,41.5596,272,418,ExactBaseline,1,1,0.00436952,2.07944,2.30259,5,4.60637,0,0,0,0,0.998884
Ch6-OV-Exact-Full,41.5606,-1,-1,ExactBaseline,0,0,0,0,2.30259,0,7.25666,0,0,0,0,0.98279
Ch6-OV-Exact-Full,41.5749,-1,-1,ExactBaseline,0,0,0,0,2.30259,0,2.13081,0,0,0,0,0.998884
Ch6-OV-Exact-Full,41.5753,-1,-1,ExactBaseline,0,0,0,0,2.30259,0,8.65248,0,0,0,0,0.990837
Ch6-OV-Exact-Full,41.5775,-1,-1,ExactBaseline,0,0,0,0,2.30259,0,6.33206,0,0,0,0,0.991953
Ch6-OV-Exact-Full,41.5797,-1,-1,ExactBaseline,0,0,0,0,2.30259,0,0.239741,0,0,0,0,1
Ch6-OV-Exact-Full,41.5875,-1,-1,ExactBaseline,0,0,0,0,2.30259,0,6.58869,0,0,0,0,0.990956
Ch6-OV-Exact-Full,41.5928,-1,-1,ExactBaseline,0,0,0,0,2.30259,0,0.844971,0,0,0,0,1
Ch6-OV-Exact-Full,41.6198,177,519,ExactBaseline,1,1,0.00462418,2.07944,2.30259,5,3.93209,0,0,0,0,0.995537
Ch6-OV-Exact-Full,41.6219,157,405,ExactBaseline,1,1,0.00442273,1.77114,2.30259,5,8.79302,0,0,0,0,0.983598
Ch6-OV-Exact-Full,41.6284,-1,-1,ExactBaseline,0,0,0,0,2.30259,0,1.81755,0,0,0,0,1
Ch6-OV-Exact-Full,41.6379,139,413,ExactBaseline,1,1,0.00438811,2.07944,2.30259,5,4.88286,0,0,0,0,0.992071
Ch6-OV-Exact-Full,41.6456,247,477,ExactBaseline,1,1,0.00320665,1.38629,2.30259,4,3.5962,0,0,0,0,0.978208
Ch6-OV-Exact-Full,41.6511,-1,-1,ExactBaseline,0,0,0,0,2.30259,0,5.10161,0,0,0,0,1
Ch6-OV-Exact-Full,41.6516,-1,-1,ExactBaseline,0,0,0,0,2.30259,0,6.04736,0,0,0,0,0.995419
Ch6-OV-Exact-Full,41.6563,-1,-1,ExactBaseline,0,0,0,0,2.30259,0,3.02203,0,0,0,0,0.990837
Ch6-OV-Exact-Full,41.6568,-1,-1,ExactBaseline,0,0,0,0,2.30259,0,0.319257,0,0,0,0,0.998884
Ch6-OV-Exact-Full,41.6622,-1,-1,ExactBaseline,0,0,0,0,2.30259,0,4.98669,0,0,0,0,0.997769
Ch6-OV-Exact-Full,41.6634,312,302,ExactBaseline,1,1,0.00486541,2.07944,2.30259,5,6.76921,0,0,0,0,0.994303
Ch6-OV-Exact-Full,41.6674,267,253,ExactBaseline,1,1,0.00485239,2.07944,2.30259,5,3.88588,0,0,0,0,0.997769
Ch6-OV-Exact-Full,41.6757,-1,-1,ExactBaseline,0,0,0,0,2.30259,0,7.63756,0,0,0,0,0.997769
Ch6-OV-Exact-Full,41.6782,-1,-1,ExactBaseline,0,0,0,0,2.30259,0,0.510906,0,0,0,0,0.998884
Ch6-OV-Exact-Full,41.6803,-1,-1,ExactBaseline,0,0,0,0,2.30259,0,7.50839,0,0,0,0,0.991953
Ch6-OV-Exact-Full,41.6846,-1,-1,ExactBaseline,0,0,0,0,2.30259,0,5.17238,0,0,0,0,0.983906
Ch6-OV-Exact-Full,41.6868,-1,-1,ExactBaseline,0,0,0,0,2.30259,0,5.10679,0,0,0,0,0.990837
Ch6-OV-Exact-Full,41.6869,-1,-1,ExactBaseline,0,0,0,0,2.30259,0,8.69511,0,0,0,0,0.970161
Ch6-OV-Exact-Full,41.6944,-1,-1,ExactBaseline,0,0,0,0,2.30259,0,2.9099,0,0,0,0,0.991953
Ch6-OV-Exact-Full,41.7018,-1,-1,ExactBaseline,0,0,0,0,2.30259,0,1.83369,0,0,0,0,1
Ch6-OV-Exact-Full,41.7139,-1,-1,ExactBaseline,0,0,0,0,2.30259,0,5.05442,0,0,0,0,0.992071
Ch6-OV-Exact-Full,41.7179,126,168,ExactBaseline,1,1,0.00313967,1.38629,2.30259,4,4.5855,0,0,0,0,0.981674
Ch6-OV-Exact-Full,41.7195,-1,-1,ExactBaseline,0,0,0,0,2.30259,0,7.71177,0,0,0,0,0.990837
Ch6-OV-Exact-Full,41.729,288,107,ExactBaseline,1,1,0.00433249,2.07944,2.30259,5,7.10305,0,0,0,0,0.989721
Ch6-OV-Exact-Full,41.7331,-1,-1,ExactBaseline,0,0,0,0,2.30259,0,6.5051,0,0,0,0,0.987371
Ch6-OV-Exact-Full,41.7344,282,253,ExactBaseline,1,1,0.00194163,0.693147,2.30259,3,4.083,0,0,0,0,0.98279
Ch6-OV-Exact-Full,41.7398,-1,-1,ExactBaseline,0,0,0,0,2.30259,0,7.91258,0,0,0,0,0.953863
Ch6-OV-Exact-Full,41.7419,248,447,ExactBaseline,1,1,0.00201622,0.693147,2.30259,3,6.51861,0,0,0,0,0.979324
Ch6-OV-Exact-Full,41.7496,-1,-1,ExactBaseline,0,0,0,0,2.30259,0,1.86676,0,0,0,0,1
Ch6-OV-Exact-Full,41.7497,-1,-1,ExactBaseline,0,0,0,0,2.30259,0,8.76341,0,0,0,0,0.988606
Ch6-OV-Exact-Full,41.7501,-1,-1,ExactBaseline,0,0,0,0,2.30259,0,4.47023,0,0,0,0,0.998884
Ch6-OV-Exact-Full,41.7609,-1,-1,ExactBaseline,0,0,0,0,2.30259,0,3.30085,0,0,0,0,0.991953
Ch6-OV-Exact-Full,41.7644,302,235,ExactBaseline,1,1,0.00436539,2.07944,2.30259,5,6.05374,0,0,0,0,0.992071
Ch6-OV-Exact-Full,41.7683,-1,-1,ExactBaseline,0,0,0,0,2.30259,0,9.36425,0,0,0,0,0.975977
Ch6-OV-Exact-Full,41.7693,82,445,ExactBaseline,1,1,0.00423016,1.38629,2.30259,4,7.09604,0,0,0,0,0.986374
Ch6-OV-Exact-Full,41.7715,287,551,ExactBaseline,1,1,0.0048283,2.07944,2.30259,5,1.44436,0,0,0,0,0.996653
Ch6-OV-Exact-Full,41.7745,-1,-1,ExactBaseline,0,0,0,0,2.30259,0,5.96631,0,0,0,0,1
Ch6-OV-Exact-Full,41.7807,196,476,ExactBaseline,1,1,0.00438636,2.07944,2.30259,5,1.55422,0,0,0,0,0.998884
Ch6-OV-Exact-Full,41.7913,337,397,ExactBaseline,1,1,0.00434909,2.07944,2.30259,5,1.11247,0,0,0,0,0.994303
Ch6-OV-Exact-Full,41.7975,-1,-1,ExactBaseline,0,0,0,0,2.30259,0,7.24832,0,0,0,0,1
Ch6-OV-Exact-Full,41.7989,-1,-1,ExactBaseline,0,0,0,0,2.30259,0,4.1131,0,0,0,0,0.990837
Ch6-OV-Exact-Full,41.8004,-1,-1,ExactBaseline,0,0,0,0,2.30259,0,7.26322,0,0,0,0,0.986256
Ch6-OV-Exact-Full,41.8169,-1,-1,ExactBaseline,0,0,0,0,2.30259,0,4.34798,0,0,0,0,0.995419
Ch6-OV-Exact-Full,41.8206,-1,-1,ExactBaseline,0,0,0,0,2.30259,0,5.22045,0,0,0,0,0.989721
Ch6-OV-Exact-Full,41.8221,-1,-1,ExactBaseline,0,0,0,0,2.30259,0,5.70374,0,0,0,0,0.990837
Ch6-OV-Exact-Full,41.8236,-1,-1,ExactBaseline,0,0,0,0,2.30259,0,3.50104,0,0,0,0,0.989721
Ch6-OV-Exact-Full,41.8346,92,248,ExactBaseline,1,1,0.00485202,2.07944,2.30259,5,1.33054,0,0,0,0,0.998884
Ch6-OV-Exact-Full,41.8356,291,392,ExactBaseline,1,1,0.00195751,0.693147,2.30259,3,4.31717,0,0,0,0,0.98279
Ch6-OV-Exact-Full,41.843,365,151,ExactBaseline,1,1,0.00414346,1.38629,2.30259,4,6.19029,0,0,0,0,0.995419
Ch6-OV-Exact-Full,41.8452,391,354,ExactBaseline,1,1,0.00447738,2.07944,2.30259,5,4.40583,0,0,0,0,0.997769
Ch6-OV-Exact-Full,41.8562,22,86,ExactBaseline,1,1,0.00313096,1.38629,2.30259,4,3.10982,0,0,0,0,0.977623
Ch6-OV-Exact-Full,41.8577,-1,-1,ExactBaseline,0,0,0,0,2.30259,0,0.273838,0,0,0,0,1
Ch6-OV-Exact-Full,41.8589,-1,-1,ExactBaseline,0,0,0,0,2.30259,0,6.91123,0,0,0,0,0.987371
Ch6-OV-Exact-Full,41.8632,34,288,ExactBaseline,1,1,0.00318118,1.38629,2.30259,4,7.80852,0,0,0,0,0.972219
Ch6-OV-Exact-Full,41.8676,-1,-1,ExactBaseline,0,0,0,0,2.30259,0,3.32109,0,0,0,0,1
Ch6-OV-Exact-Full,41.8734,-1,-1,ExactBaseline,0,0,0,0,2.30259,0,0.007673,0,0,0,0,1
Ch6-OV-Exact-Full,41.8749,-1,-1,ExactBaseline,0,0,0,0,2.30259,0,4.8987,0,0,0,0,1
Ch6-OV-Exact-Full,41.8791,-1,-1,ExactBaseline,0,0,0,0,2.30259,0,7.96664,0,0,0,0,0.979324
Ch6-OV-Exact-Full,41.8809,-1,-1,ExactBaseline,0,0,0,0,2.30259,0,3.31875,0,0,0,0,1
Ch6-OV-Exact-Full,41.9,-1,-1,ExactBaseline,0,0,0,0,2.30259,0,4.07986,0,0,0,0,0.990837
Ch6-OV-Exact-Full,41.9183,-1,-1,ExactBaseline,0,0,0,0,2.30259,0,3.20345,0,0,0,0,0.996653
Ch6-OV-Exact-Full,41.9258,273,402,ExactBaseline,1,1,0.00444828,2.07944,2.30259,5,7.66566,0,0,0,0,0.997769
Ch6-OV-Exact-Full,41.9298,-1,-1,ExactBaseline,0,0,0,0,2.30259,0,8.04803,0,0,0,0,0.982586
Ch6-OV-Exact-Full,41.9373,-1,-1,ExactBaseline,0,0,0,0,2.30259,0,6.28311,0,0,0,0,0.990837
Ch6-OV-Exact-Full,41.943,-1,-1,ExactBaseline,0,0,0,0,2.30259,0,6.49546,0,0,0,0,0.995419
Ch6-OV-Exact-Full,41.9444,-1,-1,ExactBaseline,0,0,0,0,2.30259,0,7.84993,0,0,0,0,0.993187
Ch6-OV-Exact-Full,41.952,-1,-1,ExactBaseline,0,0,0,0,2.30259,0,6.66108,0,0,0,0,0.995537
Ch6-OV-Exact-Full,41.9636,-1,-1,ExactBaseline,0,0,0,0,2.30259,0,5.64496,0,0,0,0,1
Ch6-OV-Exact-Full,41.9719,41,193,ExactBaseline,1,1,0.00484621,2.07944,2.30259,5,7.15088,0,0,0,0,0.989136
Ch6-OV-Exact-Full,41.9815,-1,-1,ExactBaseline,0,0,0,0,2.30259,0,4.63663,0,0,0,0,0.99288
Ch6-OV-Exact-Full,41.9821,-1,-1,ExactBaseline,0,0,0,0,2.30259,0,2.40852,0,0,0,0,0.991953
Ch6-OV-Exact-Full,41.9851,-1,-1,ExactBaseline,0,0,0,0,2.30259,0,1.82714,0,0,0,0,1
Ch6-OV-Exact-Full,41.9861,242,304,ExactBaseline,1,1,0.00486162,2.07944,2.30259,5,5.73346,0,0,0,0,0.997769
Ch6-OV-Exact-Full,42.0059,-1,-1,ExactBaseline,0,0,0,0,2.30259,0,2.85825,0,0,0,0,0.983906
Ch6-OV-Exact-Full,42.0114,373,434,ExactBaseline,1,1,0.00484346,2.07944,2.30259,5,1.47899,0,0,0,0,0.998884
Ch6-OV-Exact-Full,42.0119,-1,-1,ExactBaseline,0,0,0,0,2.30259,0,5.87894,0,0,0,0,0.974795
Ch6-OV-Exact-Full,42.0153,159,478,ExactBaseline,1,1,0.00403293,1.38629,2.30259,4,1.47452,0,0,0,0,0.992071
Ch6-OV-Exact-Full,42.0153,21,157,ExactBaseline,1,1,0.00314674,1.23214,2.30259,4,6.34153,0,0,0,0,0.973028
Ch6-OV-Exact-Full,42.0171,-1,-1,ExactBaseline,0,0,0,0,2.30259,0,5.24924,0,0,0,0,0.976682
Ch6-OV-Exact-Full,42.0191,10,454,ExactBaseline,1,1,0.0044006,2.07944,2.30259,5,2.27252,0,0,0,0,0.996294
Ch6-OV-Exact-Full,42.0273,-1,-1,ExactBaseline,0,0,0,0,2.30259,0,5.17122,0,0,0,0,0.988606
Ch6-OV-Exact-Full,42.0336,167,467,ExactBaseline,1,1,0.00437488,2.07944,2.30259,5,5.36519,0,0,0,0,0.993187
Ch6-OV-Exact-Full,42.0348,-1,-1,ExactBaseline,0,0,0,0,2.30259,0,3.32734,0,0,0,0,0.985485
Ch6-OV-Exact-Full,42.0396,-1,-1,ExactBaseline,0,0,0,0,2.30259,0,6.60543,0,0,0,0,0.998884
Ch6-OV-Exact-Full,42.0402,-1,-1,ExactBaseline,0,0,0,0,2.30259,0,4.13332,0,0,0,0,0.991953
Ch6-OV-Exact-Full,42.0481,-1,-1,ExactBaseline,0,0,0,0,2.30259,0,1.33638,0,0,0,0,1
Ch6-OV-Exact-Full,42.0519,-1,-1,ExactBaseline,0,0,0,0,2.30259,0,8.68652,0,0,0,0,0.991301
Ch6-OV-Exact-Full,42.0652,175,123,ExactBaseline,1,1,0.00461787,2.07944,2.30259,5,1.93787,0,0,0,0,0.98514
Ch6-OV-Exact-Full,42.0772,-1,-1,ExactBaseline,0,0,0,0,2.30259,0,0.266551,0,0,0,0,1
Ch6-OV-Exact-Full,42.0796,161,110,ExactBaseline,1,1,0.00438023,2.07944,2.30259,5,2.92772,0,0,0,0,0.98514
Ch6-OV-Exact-Full,42.0969,-1,-1,ExactBaseline,0,0,0,0,2.30259,0,6.01072,0,0,0,0,0.997769
Ch6-OV-Exact-Full,42.0986,-1,-1,ExactBaseline,0,0,0,0,2.30259,0,3.28557,0,0,0,0,0.995419
Ch6-OV-Exact-Full,42.0994,-1,-1,ExactBaseline,0,0,0,0,2.30259,0,4.72268,0,0,0,0,0.987371
Ch6-OV-Exact-Full,42.1025,-1,-1,ExactBaseline,0,0,0,0,2.30259,0,3.20606,0,0,0,0,0.998884
Ch6-OV-Exact-Full,42.1094,-1,-1,ExactBaseline,0,0,0,0,2.30259,0,3.62116,0,0,0,0,1
Ch6-OV-Exact-Full,42.1103,-1,-1,ExactBaseline,0,0,0,0,2.30259,0,0.432655,0,0,0,0,0.998884
Ch6-OV-Exact-Full,42.115,-1,-1,ExactBaseline,0,0,0,0,2.30259,0,0.501257,0,0,0,0,1
Ch6-OV-Exact-Full,42.1173,284,198,ExactBaseline,1,1,0.00438358,2.07944,2.30259,5,7.80866,0,0,0,0,0.990837
Ch6-OV-Exact-Full,42.1207,-1,-1,ExactBaseline,0,0,0,0,2.30259,0,0.48265,0,0,0,0,1
Ch6-OV-Exact-Full,42.1218,250,124,ExactBaseline,1,1,0.00239989,0.693147,2.30259,3,3.06235,0,0,0,0,0.986256
Ch6-OV-Exact-Full,42.1248,-1,-1,ExactBaseline,0,0,0,0,2.30259,0,2.83585,0,0,0,0,1
Ch6-OV-Exact-Full,42.1296,-1,-1,ExactBaseline,0,0,0,0,2.30259,0,2.34105,0,0,0,0,0.990837
Ch6-OV-Exact-Full,42.1332,-1,-1,ExactBaseline,0,0,0,0,2.30259,0,2.14292,0,0,0,0,1
Ch6-OV-Exact-Full,42.1344,-1,-1,ExactBaseline,0,0,0,0,2.30259,0,2.23903,0,0,0,0,0.998884
Ch6-OV-Exact-Full,42.135,415,541,ExactBaseline,1,1,0.00315123,1.38629,2.30259,4,5.70551,0,0,0,0,0.994303
Ch6-OV-Exact-Full,42.1399,-1,-1,ExactBaseline,0,0,0,0,2.30259,0,3.18386,0,0,0,0,0.991953
Ch6-OV-Exact-Full,42.1456,-1,-1,ExactBaseline,0,0,0,0,2.30259,0,7.22978,0,0,0,0,0.987371
Ch6-OV-Exact-Full,42.1532,334,546,ExactBaseline,1,1,0.0031854,1.38629,2.30259,4,5.84674,0,0,0,0,0.981674
Ch6-OV-Exact-Full,42.1784,-1,-1,ExactBaseline,0,0,0,0,2.30259,0,1.53526,0,0,0,0,0.989517
Ch6-OV-Exact-Full,42.1793,-1,-1,ExactBaseline,0,0,0,0,2.30259,0,0.652985,0,0,0,0,0.994303
Ch6-OV-Exact-Full,42.1834,31,224,ExactBaseline,1,1,0.00449325,2.07944,2.30259,5,3.4002,0,0,0,0,0.989018
Ch6-OV-Exact-Full,42.1904,-1,-1,ExactBaseline,0,0,0,0,2.30259,0,3.32767,0,0,0,0,1
Ch6-OV-Exact-Full,42.1926,245,538,ExactBaseline,1,1,0.00314075,1.38629,2.30259,4,2.20758,0,0,0,0,0.984024
Ch6-OV-Exact-Full,42.1953,350,470,ExactBaseline,1,1,0.00296018,0.693147,2.30259,3,4.0518,0,0,0,0,0.990837
Ch6-OV-Exact-Full,42.2042,382,152,ExactBaseline,1,1,0.00435056,2.07944,2.30259,5,7.29304,0,0,0,0,0.994303
Ch6-OV-Exact-Full,42.2047,372,193,ExactBaseline,1,1,0.00483489,2.07944,2.30259,5,5.04742,0,0,0,0,0.989721
Ch6-OV-Exact-Full,42.2062,-1,-1,ExactBaseline,0,0,0,0,2.30259,0,5.86248,0,0,0,0,1
Ch6-OV-Exact-Full,42.2077,-1,-1,ExactBaseline,0,0,0,0,2.30259,0,0.256946,0,0,0,0,1
Ch6-OV-Exact-Full,42.2109,33,462,ExactBaseline,1,1,0.00364949,1.38629,2.30259,4,4.97394,0,0,0,0,0.986787
Ch6-OV-Exact-Full,42.2136,410,264,ExactBaseline,1,1,0.00360136,1.56862,2.30259,4,0.757355,0,0,0,0,0.99633
Ch6-OV-Exact-Full,42.2225,-1,-1,ExactBaseline,0,0,0,0,2.30259,0,8.07839,0,0,0,0,1
Ch6-OV-Exact-Full,42.2301,-1,-1,ExactBaseline,0,0,0,0,2.30259,0,2.99484,0,0,0,0,1
Ch6-OV-Exact-Full,42.2355,-1,-1,ExactBaseline,0,0,0,0,2.30259,0,0.51116,0,0,0,0,0.995419
Ch6-OV-Exact-Full,42.2357,-1,-1,ExactBaseline,0,0,0,0,2.30259,0,0.282953,0,0,0,0,1
Ch6-OV-Exact-Full,42.2358,-1,-1,ExactBaseline,0,0,0,0,2.30259,0,4.03592,0,0,0,0,0.997769
Ch6-OV-Exact-Full,42.2418,70,133,ExactBaseline,1,1,0.00434721,2.07944,2.30259,5,2.96235,0,0,0,0,0.989878
Ch6-OV-Exact-Full,42.2419,345,309,ExactBaseline,1,1,0.00318598,1.38629,2.30259,4,4.05694,0,0,0,0,0.989721
Ch6-OV-Exact-Full,42.2515,-1,-1,ExactBaseline,0,0,0,0,2.30259,0,3.44272,0,0,0,0,1
Ch6-OV-Exact-Full,42.2527,-1,-1,ExactBaseline,0,0,0,0,2.30259,0,3.65842,0,0,0,0,0.98279
Ch6-OV-Exact-Full,42.2538,-1,-1,ExactBaseline,0,0,0,0,2.30259,0,3.24121,0,0,0,0,0.993187
Ch6-OV-Exact-Full,42.2604,-1,-1,ExactBaseline,0,0,0,0,2.30259,0,0.215376,0,0,0,0,1
Ch6-OV-Exact-Full,42.2636,84,60,ExactBaseline,1,1,0.00317731,1.38629,2.30259,4,6.59995,0,0,0,0,0.988606
Ch6-OV-Exact-Full,42.2775,-1,-1,ExactBaseline,0,0,0,0,2.30259,0,3.20372,0,0,0,0,1
Ch6-OV-Exact-Full,42.2778,-1,-1,ExactBaseline,0,0,0,0,2.30259,0,0.259748,0,0,0,0,1
Ch6-OV-Exact-Full,42.2778,361,20,ExactBaseline,1,1,0.00436228,2.26176,2.30259,5,3.2523,0,0,0,0,0.99868
Ch6-OV-Exact-Full,42.2842,-1,-1,ExactBaseline,0,0,0,0,2.30259,0,5.72267,0,0,0,0,0.987371
Ch6-OV-Exact-Full,42.2865,295,235,ExactBaseline,1,1,0.00317274,1.38629,2.30259,4,7.39755,0,0,0,0,0.973627
Ch6-OV-Exact-Full,42.2908,395,421,ExactBaseline,1,1,0.00479436,2.07944,2.30259,5,6.461,0,0,0,0,0.997769
Ch6-OV-Exact-Full,42.2951,-1,-1,ExactBaseline,0,0,0,0,2.30259,0,6.49641,0,0,0,0,0.957533
Ch6-OV-Exact-Full,42.2951,-1,-1,ExactBaseline,0,0,0,0,2.30259,0,1.18446,0,0,0,0,1
Ch6-OV-Exact-Full,42.2955,-1,-1,ExactBaseline,0,0,0,0,2.30259,0,1.93604,0,0,0,0,1
Ch6-OV-Exact-Full,42.302,-1,-1,ExactBaseline,0,0,0,0,2.30259,0,7.31321,0,0,0,0,0.980558
Ch6-OV-Exact-Full,42.3132,430,286,ExactBaseline,1,1,0.00323348,1.38629,2.30259,4,6.78342,0,0,0,0,0.995419
Ch6-OV-Exact-Full,42.3145,-1,-1,ExactBaseline,0,0,0,0,2.30259,0,7.02701,0,0,0,0,1
Ch6-OV-Exact-Full,42.3166,104,448,ExactBaseline,1,1,0.00481762,2.07944,2.30259,5,6.27776,0,0,0,0,0.984024
Ch6-OV-Exact-Full,42.3228,-1,-1,ExactBaseline,0,0,0,0,2.30259,0,3.42993,0,0,0,0,0.994099
Ch6-OV-Exact-Full,42.323,-1,-1,ExactBaseline,0,0,0,0,2.30259,0,8.58672,0,0,0,0,0.990837
Ch6-OV-Exact-Full,42.3245,23,287,ExactBaseline,1,1,0.00437176,2.07944,2.30259,5,7.68731,0,0,0,0,0.987902
Ch6-OV-Exact-Full,42.3289,-1,-1,ExactBaseline,0,0,0,0,2.30259,0,3.79801,0,0,0,0,0.988606
Ch6-OV-Exact-Full,42.3353,-1,-1,ExactBaseline,0,0,0,0,2.30259,0,3.71221,0,0,0,0,1
Ch6-OV-Exact-Full,42.3403,-1,-1,ExactBaseline,0,0,0,0,2.30259,0,3.77972,0,0,0,0,0.998884
Ch6-OV-Exact-Full,42.3412,-1,-1,ExactBaseline,0,0,0,0,2.30259,0,0.254489,0,0,0,0,1
Ch6-OV-Exact-Full,42.3412,-1,-1,ExactBaseline,0,0,0,0,2.30259,0,4.6597,0,0,0,0,0.989721
Ch6-OV-Exact-Full,42.3419,32,126,ExactBaseline,1,1,0.00315466,1.08091,2.30259,4,5.98422,0,0,0,0,0.96783
Ch6-OV-Exact-Full,42.3441,37,82,ExactBaseline,1,1,0.00489625,2.07944,2.30259,5,2.11398,0,0,0,0,0.996653
Ch6-OV-Exact-Full,42.3471,-1,-1,ExactBaseline,0,0,0,0,2.30259,0,1.9376,0,0,0,0,0.983906
Ch6-OV-Exact-Full,42.3497,202,399,ExactBaseline,1,1,0.00444391,2.07944,2.30259,5,4.5746,0,0,0,0,0.996653
Ch6-OV-Exact-Full,42.3501,-1,-1,ExactBaseline,0,0,0,0,2.30259,0,3.07993,0,0,0,0,0.995419
Ch6-OV-Exact-Full,42.3569,-1,-1,ExactBaseline,0,0,0,0,2.30259,0,0.331354,0,0,0,0,1
Ch6-OV-Exact-Full,42.3574,-1,-1,ExactBaseline,0,0,0,0,2.30259,0,0.255004,0,0,0,0,1
Ch6-OV-Exact-Full,42.3578,393,7,ExactBaseline,1,1,0.00242127,0.693147,2.30259,3,5.82993,0,0,0,0,0.991953
Ch6-OV-Exact-Full,42.3782,-1,-1,ExactBaseline,0,0,0,0,2.30259,0,5.25894,0,0,0,0,1
Ch6-OV-Exact-Full,42.3898,384,399,ExactBaseline,1,1,0.00486359,2.07944,2.30259,5,3.37839,0,0,0,0,0.993187
Ch6-OV-Exact-Full,42.3937,-1,-1,ExactBaseline,0,0,0,0,2.30259,0,4.10448,0,0,0,0,0.998884
Ch6-OV-Exact-Full,42.408,-1,-1,ExactBaseline,0,0,0,0,2.30259,0,5.2535,0,0,0,0,0.962114
Ch6-OV-Exact-Full,42.4199,-1,-1,ExactBaseline,0,0,0,0,2.30259,0,4.51827,0,0,0,0,0.990633
Ch6-OV-Exact-Full,42.4242,-1,-1,ExactBaseline,0,0,0,0,2.30259,0,4.60133,0,0,0,0,0.99633
Ch6-OV-Exact-Full,42.4294,-1,-1,ExactBaseline,0,0,0,0,2.30259,0,4.31302,0,0,0,0,1
Ch6-OV-Exact-Full,42.4333,-1,-1,ExactBaseline,0,0,0,0,2.30259,0,3.45979,0,0,0,0,1
Ch6-OV-Exact-Full,42.4384,290,236,ExactBaseline,1,1,0.00437053,2.07944,2.30259,5,3.7178,0,0,0,0,0.998884
Ch6-OV-Exact-Full,42.4471,128,126,ExactBaseline,1,1,0.00242371,0.693147,2.30259,3,5.34981,0,0,0,0,0.983906
Ch6-OV-Exact-Full,42.4483,-1,-1,ExactBaseline,0,0,0,0,2.30259,0,7.14409,0,0,0,0,1
Ch6-OV-Exact-Full,42.4532,-1,-1,ExactBaseline,0,0,0,0,2.30259,0,4.4467,0,0,0,0,0.995419
Ch6-OV-Exact-Full,42.4552,-1,-1,ExactBaseline,0,0,0,0,2.30259,0,5.22786,0,0,0,0,1
Ch6-OV-Exact-Full,42.4663,72,301,ExactBaseline,1,1,0.00239843,0.693147,2.30259,3,0.202302,0,0,0,0,0.986256
Ch6-OV-Exact-Full,42.4678,-1,-1,ExactBaseline,0,0,0,0,2.30259,0,5.08871,0,0,0,0,0.998884
Ch6-OV-Exact-Full,42.472,205,243,ExactBaseline,1,1,0.0019461,0.693147,2.30259,3,2.7527,0,0,0,0,0.989721
Ch6-OV-Exact-Full,42.473,-1,-1,ExactBaseline,0,0,0,0,2.30259,0,0.321773,0,0,0,0,0.99868
Ch6-OV-Exact-Full,42.4805,-1,-1,ExactBaseline,0,0,0,0,2.30259,0,3.31676,0,0,0,0,0.998884
Ch6-OV-Exact-Full,42.4806,-1,-1,ExactBaseline,0,0,0,0,2.30259,0,0.621856,0,0,0,0,0.998884
Ch6-OV-Exact-Full,42.4809,-1,-1,ExactBaseline,0,0,0,0,2.30259,0,4.34766,0,0,0,0,0.990837
Ch6-OV-Exact-Full,42.4818,-1,-1,ExactBaseline,0,0,0,0,2.30259,0,2.2209,0,0,0,0,0.998884
Ch6-OV-Exact-Full,42.5044,-1,-1,ExactBaseline,0,0,0,0,2.30259,0,3.9293,0,0,0,0,0.992776
Ch6-OV-Exact-Full,42.505,366,259,ExactBaseline,1,1,0.00440512,2.07944,2.30259,5,8.351,0,0,0,0,0.993187
Ch6-OV-Exact-Full,42.5051,390,98,ExactBaseline,1,1,0.00318331,1.38629,2.30259,4,7.10945,0,0,0,0,0.994303
Ch6-OV-Exact-Full,42.5057,-1,-1,ExactBaseline,0,0,0,0,2.30259,0,3.03264,0,0,0,0,1
Ch6-OV-Exact-Full,42.5096,131,353,ExactBaseline,1,1,0.00484182,2.07944,2.30259,5,4.84695,0,0,0,0,0.98514
Ch6-OV-Exact-Full,42.5123,-1,-1,ExactBaseline,0,0,0,0,2.30259,0,4.02378,0,0,0,0,0.998884
Ch6-OV-Exact-Full,42.5148,-1,-1,ExactBaseline,0,0,0,0,2.30259,0,2.87853,0,0,0,0,0.995419
Ch6-OV-Exact-Full,42.5204,-1,-1,ExactBaseline,0,0,0,0,2.30259,0,0.318542,0,0,0,0,1
Ch6-OV-Exact-Full,42.5228,-1,-1,ExactBaseline,0,0,0,0,2.30259,0,5.64116,0,0,0,0,0.98514
Ch6-OV-Exact-Full,42.5283,417,314,ExactBaseline,1,1,0.00441309,2.07944,2.30259,5,2.21996,0,0,0,0,0.997769
Ch6-OV-Exact-Full,42.5294,-1,-1,ExactBaseline,0,0,0,0,2.30259,0,7.09038,0,0,0,0,0.98279
Ch6-OV-Exact-Full,42.5382,142,37,ExactBaseline,1,1,0.00483451,2.07944,2.30259,5,4.19185,0,0,0,0,0.997769
Ch6-OV-Exact-Full,42.5485,-1,-1,ExactBaseline,0,0,0,0,2.30259,0,2.24497,0,0,0,0,0.995419
Ch6-OV-Exact-Full,42.5491,-1,-1,ExactBaseline,0,0,0,0,2.30259,0,3.28993,0,0,0,0,0.988606
Ch6-OV-Exact-Full,42.5504,-1,-1,ExactBaseline,0,0,0,0,2.30259,0,5.965,0,0,0,0,1
Ch6-OV-Exact-Full,42.5514,-1,-1,ExactBaseline,0,0,0,0,2.30259,0,0.115119,0,0,0,0,1
Ch6-OV-Exact-Full,42.5548,137,335,ExactBaseline,1,1,0.00439228,2.07944,2.30259,5,2.50577,0,0,0,0,0.997769
Ch6-OV-Exact-Full,42.5608,356,352,ExactBaseline,1,1,0.0019668,0.693147,2.30259,3,4.56285,0,0,0,0,0.990837
Ch6-OV-Exact-Full,42.5659,-1,-1,ExactBaseline,0,0,0,0,2.30259,0,5.80525,0,0,0,0,0.996653
Ch6-OV-Exact-Full,42.5684,119,63,ExactBaseline,1,1,0.00241031,0.693147,2.30259,3,5.48599,0,0,0,0,0.971396
Ch6-OV-Exact-Full,42.5709,222,295,ExactBaseline,1,1,0.00326599,1.38629,2.30259,4,5.47593,0,0,0,0,0.989721
Ch6-OV-Exact-Full,42.5712,-1,-1,ExactBaseline,0,0,0,0,2.30259,0,3.99317,0,0,0,0,1
Ch6-OV-Exact-Full,42.5861,281,524,ExactBaseline,1,1,0.00459954,2.07944,2.30259,5,2.02886,0,0,0,0,0.998884
Ch6-OV-Exact-Full,42.5938,-1,-1,ExactBaseline,0,0,0,0,2.30259,0,0.317449,0,0,0,0,1
Ch6-OV-Exact-Full,42.602,47,127,ExactBaseline,1,1,0.0043845,2.07944,2.30259,5,3.62609,0,0,0,0,0.985963
Ch6-OV-Exact-Full,42.6026,-1,-1,ExactBaseline,0,0,0,0,2.30259,0,3.03439,0,0,0,0,0.970161
Ch6-OV-Exact-Full,42.6081,377,444,ExactBaseline,1,1,0.00241626,0.693147,2.30259,3,4.30386,0,0,0,0,0.987371
Ch6-OV-Exact-Full,42.6121,-1,-1,ExactBaseline,0,0,0,0,2.30259,0,0.249081,0,0,0,0,1
Ch6-OV-Exact-Full,42.6161,-1,-1,ExactBaseline,0,0,0,0,2.30259,0,6.85285,0,0,0,0,0.994303
Ch6-OV-Exact-Full,42.6168,-1,-1,ExactBaseline,0,0,0,0,2.30259,0,0.009837,0,0,0,0,1
Ch6-OV-Exact-Full,42.6187,346,579,ExactBaseline,1,1,0.00359219,1.38629,2.30259,4,0.436153,0,0,0,0,0.995419
Ch6-OV-Exact-Full,42.6248,256,483,ExactBaseline,1,1,0.00328441,1.38629,2.30259,4,0.25423,0,0,0,0,0.994303
Ch6-OV-Exact-Full,42.6323,-1,-1,ExactBaseline,0,0,0,0,2.30259,0,7.09862,0,0,0,0,0.981674
Ch6-OV-Exact-Full,42.6375,-1,-1,ExactBaseline,0,0,0,0,2.30259,0,5.43758,0,0,0,0,0.998884
Ch6-OV-Exact-Full,42.6379,95,165,ExactBaseline,1,1,0.0044419,2.07944,2.30259,5,6.65205,0,0,0,0,0.972307
Ch6-OV-Exact-Full,42.6464,-1,-1,ExactBaseline,0,0,0,0,2.30259,0,6.68443,0,0,0,0,0.987371
Ch6-OV-Exact-Full,42.6521,-1,-1,ExactBaseline,0,0,0,0,2.30259,0,3.50486,0,0,0,0,0.987371
Ch6-OV-Exact-Full,42.6532,-1,-1,ExactBaseline,0,0,0,0,2.30259,0,0.773609,0,0,0,0,0.995419
Ch6-OV-Exact-Full,42.6705,381,469,ExactBaseline,1,1,0.00482897,2.07944,2.30259,5,8.0257,0,0,0,0,0.997769
Ch6-OV-Exact-Full,42.6751,-1,-1,ExactBaseline,0,0,0,0,2.30259,0,6.99464,0,0,0,0,0.988606
Ch6-OV-Exact-Full,42.6782,-1,-1,ExactBaseline,0,0,0,0,2.30259,0,4.90469,0,0,0,0,0.989721
Ch6-OV-Exact-Full,42.6796,-1,-1,ExactBaseline,0,0,0,0,2.30259,0,0.228961,0,0,0,0,0.998884
Ch6-OV-Exact-Full,42.68,-1,-1,ExactBaseline,0,0,0,0,2.30259,0,3.18674,0,0,0,0,0.995419
Ch6-OV-Exact-Full,42.6815,-1,-1,ExactBaseline,0,0,0,0,2.30259,0,0.016645,0,0,0,0,1
Ch6-OV-Exact-Full,42.6816,447,10,ExactBaseline,1,1,0.00242143,0.693147,2.30259,3,2.17021,0,0,0,0,0.991953
Ch6-OV-Exact-Full,42.6837,-1,-1,ExactBaseline,0,0,0,0,2.30259,0,3.0925,0,0,0,0,1
Ch6-OV-Exact-Full,42.6845,-1,-1,ExactBaseline,0,0,0,0,2.30259,0,0.228432,0,0,0,0,0.995419
Ch6-OV-Exact-Full,42.6874,-1,-1,ExactBaseline,0,0,0,0,2.30259,0,9.87087,0,0,0,0,1
Ch6-OV-Exact-Full,42.691,-1,-1,ExactBaseline,0,0,0,0,2.30259,0,7.57482,0,0,0,0,1
Ch6-OV-Exact-Full,42.6935,-1,-1,ExactBaseline,0,0,0,0,2.30259,0,3.94462,0,0,0,0,0.987371
Ch6-OV-Exact-Full,42.7032,-1,-1,ExactBaseline,0,0,0,0,2.30259,0,4.60188,0,0,0,0,0.998884
Ch6-OV-Exact-Full,42.7036,-1,-1,ExactBaseline,0,0,0,0,2.30259,0,2.27059,0,0,0,0,1
Ch6-OV-Exact-Full,42.7041,189,125,ExactBaseline,1,1,0.0048718,2.07944,2.30259,5,5.60561,0,0,0,0,0.997769
Ch6-OV-Exact-Full,42.7076,-1,-1,ExactBaseline,0,0,0,0,2.30259,0,2.36783,0,0,0,0,1
Ch6-OV-Exact-Full,42.7087,-1,-1,ExactBaseline,0,0,0,0,2.30259,0,3.75586,0,0,0,0,1
Ch6-OV-Exact-Full,42.71,-1,-1,ExactBaseline,0,0,0,0,2.30259,0,1.48317,0,0,0,0,0.995419
Ch6-OV-Exact-Full,42.7161,-1,-1,ExactBaseline,0,0,0,0,2.30259,0,0.259198,0,0,0,0,1
Ch6-OV-Exact-Full,42.7161,-1,-1,ExactBaseline,0,0,0,0,2.30259,0,4.05605,0,0,0,0,1
Ch6-OV-Exact-Full,42.7175,218,177,ExactBaseline,1,1,0.00319991,1.38629,2.30259,4,6.49061,0,0,0,0,0.972511
Ch6-OV-Exact-Full,42.7232,-1,-1,ExactBaseline,0,0,0,0,2.30259,0,3.39436,0,0,0,0,1
Ch6-OV-Exact-Full,42.7461,-1,-1,ExactBaseline,0,0,0,0,2.30259,0,4.04818,0,0,0,0,0.991953
Ch6-OV-Exact-Full,42.7635,330,538,ExactBaseline,1,1,0.00323712,1.38629,2.30259,4,2.03511,0,0,0,0,0.995419
Ch6-OV-Exact-Full,42.7673,-1,-1,ExactBaseline,0,0,0,0,2.30259,0,4.86519,0,0,0,0,0.990837
Ch6-OV-Exact-Full,42.7701,-1,-1,ExactBaseline,0,0,0,0,2.30259,0,6.04512,0,0,0,0,1
Ch6-OV-Exact-Full,42.7786,-1,-1,ExactBaseline,0,0,0,0,2.30259,0,1.83346,0,0,0,0,0.998884
Ch6-OV-Exact-Full,42.7797,458,385,ExactBaseline,1,1,0.00480573,2.07944,2.30259,5,7.23987,0,0,0,0,0.998884
Ch6-OV-Exact-Full,42.7823,-1,-1,ExactBaseline,0,0,0,0,2.30259,0,7.85725,0,0,0,0,0.992071
Ch6-OV-Exact-Full,42.7889,-1,-1,ExactBaseline,0,0,0,0,2.30259,0,0.626155,0,0,0,0,1
Ch6-OV-Exact-Full,42.7925,-1,-1,ExactBaseline,0,0,0,0,2.30259,0,4.65014,0,0,0,0,1
Ch6-OV-Exact-Full,42.7955,-1,-1,ExactBaseline,0,0,0,0,2.30259,0,0.238238,0,0,0,0,1
Ch6-OV-Exact-Full,42.7959,-1,-1,ExactBaseline,0,0,0,0,2.30259,0,1.6845,0,0,0,0,0.98279
Ch6-OV-Exact-Full,42.8035,170,309,ExactBaseline,1,1,0.00319024,1.38629,2.30259,4,3.24298,0,0,0,0,0.995214
Ch6-OV-Exact-Full,42.8078,-1,-1,ExactBaseline,0,0,0,0,2.30259,0,7.93171,0,0,0,0,0.990837
Ch6-OV-Exact-Full,42.8095,-1,-1,ExactBaseline,0,0,0,0,2.30259,0,0.065023,0,0,0,0,1
Ch6-OV-Exact-Full,42.8128,-1,-1,ExactBaseline,0,0,0,0,2.30259,0,4.53486,0,0,0,0,1
Ch6-OV-Exact-Full,42.8131,-1,-1,ExactBaseline,0,0,0,0,2.30259,0,1.32291,0,0,0,0,0.997769
Ch6-OV-Exact-Full,42.8149,-1,-1,ExactBaseline,0,0,0,0,2.30259,0,5.79568,0,0,0,0,1
Ch6-OV-Exact-Full,42.8175,392,60,ExactBaseline,1,1,0.00317464,1.38629,2.30259,4,6.83076,0,0,0,0,0.989721
Ch6-OV-Exact-Full,42.821,-1,-1,ExactBaseline,0,0,0,0,2.30259,0,7.83957,0,0,0,0,0.990837
Ch6-OV-Exact-Full,42.8237,155,477,ExactBaseline,1,1,0.00322681,1.38629,2.30259,4,4.09006,0,0,0,0,0.988606
Ch6-OV-Exact-Full,42.8251,-1,-1,ExactBaseline,0,0,0,0,2.30259,0,6.32432,0,0,0,0,1
Ch6-OV-Exact-Full,42.8279,-1,-1,ExactBaseline,0,0,0,0,2.30259,0,10.1508,0,0,0,0,0.991953
Ch6-OV-Exact-Full,42.8285,-1,-1,ExactBaseline,0,0,0,0,2.30259,0,6.45222,0,0,0,0,0.991953
Ch6-OV-Exact-Full,42.8287,-1,-1,ExactBaseline,0,0,0,0,2.30259,0,4.60352,0,0,0,0,0.984024
Ch6-OV-Exact-Full,42.8351,-1,-1,ExactBaseline,0,0,0,0,2.30259,0,6.83962,0,0,0,0,0.990837
Ch6-OV-Exact-Full,42.8439,-1,-1,ExactBaseline,0,0,0,0,2.30259,0,1.25947,0,0,0,0,0.995419
Ch6-OV-Exact-Full,42.8545,-1,-1,ExactBaseline,0,0,0,0,2.30259,0,9.2232,0,0,0,0,0.998884
Ch6-OV-Exact-Full,42.862,-1,-1,ExactBaseline,0,0,0,0,2.30259,0,4.03464,0,0,0,0,1
Ch6-OV-Exact-Full,42.8622,-1,-1,ExactBaseline,0,0,0,0,2.30259,0,6.98292,0,0,0,0,1
Ch6-OV-Exact-Full,42.8758,351,498,ExactBaseline,1,1,0.00435921,2.07944,2.30259,5,2.49777,0,0,0,0,0.993187
Ch6-OV-Exact-Full,42.8776,62,566,ExactBaseline,1,1,0.00483242,2.07944,2.30259,5,7.51709,0,0,0,0,0.977093
Ch6-OV-Exact-Full,42.8789,349,180,ExactBaseline,1,1,0.00362488,1.38629,2.30259,4,2.89692,0,0,0,0,0.988606
Ch6-OV-Exact-Full,42.8886,-1,-1,ExactBaseline,0,0,0,0,2.30259,0,8.51819,0,0,0,0,0.98382
Ch6-OV-Exact-Full,42.89,173,511,ExactBaseline,1,1,0.0023499,0.693147,2.30259,3,4.68505,0,0,0,0,0.981674
Ch6-OV-Exact-Full,42.8901,278,355,ExactBaseline,1,1,0.0044978,2.07944,2.30259,5,3.88765,0,0,0,0,0.992071
Ch6-OV-Exact-Full,42.8927,-1,-1,ExactBaseline,0,0,0,0,2.30259,0,6.24701,0,0,0,0,0.997564
Ch6-OV-Exact-Full,42.8955,-1,-1,ExactBaseline,0,0,0,0,2.30259,0,4.07118,0,0,0,0,1
Ch6-OV-Exact-Full,42.8964,-1,-1,ExactBaseline,0,0,0,0,2.30259,0,4.21347,0,0,0,0,1
Ch6-OV-Exact-Full,42.904,-1,-1,ExactBaseline,0,0,0,0,2.30259,0,2.54277,0,0,0,0,0.988606
Ch6-OV-Exact-Full,42.9076,217,92,ExactBaseline,1,1,0.00436749,2.07944,2.30259,5,6.49268,0,0,0,0,0.986052
Ch6-OV-Exact-Full,42.9097,-1,-1,ExactBaseline,0,0,0,0,2.30259,0,3.24402,0,0,0,0,0.990837
Ch6-OV-Exact-Full,42.9132,-1,-1,ExactBaseline,0,0,0,0,2.30259,0,7.5405,0,0,0,0,1
Ch6-OV-Exact-Full,42.9185,-1,-1,ExactBaseline,0,0,0,0,2.30259,0,4.3482,0,0,0,0,1
Ch6-OV-Exact-Full,42.9192,-1,-1,ExactBaseline,0,0,0,0,2.30259,0,4.03275,0,0,0,0,1
Ch6-OV-Exact-Full,42.9205,335,333,ExactBaseline,1,1,0.0019709,0.538997,2.30259,3,5.50164,0,0,0,0,0.991182
Ch6-OV-Exact-Full,42.9268,-1,-1,ExactBaseline,0,0,0,0,2.30259,0,4.8593,0,0,0,0,1
Ch6-OV-Exact-Full,42.9403,-1,-1,ExactBaseline,0,0,0,0,2.30259,0,3.60623,0,0,0,0,0.98279
Ch6-OV-Exact-Full,42.9447,326,275,ExactBaseline,1,1,0.00484615,2.07944,2.30259,5,4.60138,0,0,0,0,0.998884
Ch6-OV-Exact-Full,42.9471,342,207,ExactBaseline,1,1,0.00321799,1.38629,2.30259,4,7.19574,0,0,0,0,0.994303
Ch6-OV-Exact-Full,42.9512,-1,-1,ExactBaseline,0,0,0,0,2.30259,0,3.83454,0,0,0,0,1
Ch6-OV-Exact-Full,42.9538,-1,-1,ExactBaseline,0,0,0,0,2.30259,0,4.34314,0,0,0,0,1
Ch6-OV-Exact-Full,42.9654,40,511,ExactBaseline,1,1,0.00442074,1.92529,2.30259,5,8.25947,0,0,0,0,0.978725
Ch6-OV-Exact-Full,42.9679,56,552,ExactBaseline,1,1,0.00435818,2.07944,2.30259,5,4.90031,0,0,0,0,0.98279
Ch6-OV-Exact-Full,42.9687,451,382,ExactBaseline,1,1,0.0056286,2.07944,2.30259,5,4.18609,0,0,0,0,0.998884
Ch6-OV-Exact-Full,42.9708,403,67,ExactBaseline,1,1,0.00437233,2.07944,2.30259,5,4.0017,0,0,0,0,0.994303
Ch6-OV-Exact-Full,42.978,-1,-1,ExactBaseline,0,0,0,0,2.30259,0,2.29881,0,0,0,0,0.995419
Ch6-OV-Exact-Full,42.9851,-1,-1,ExactBaseline,0,0,0,0,2.30259,0,0.258824,0,0,0,0,1
Ch6-OV-Exact-Full,42.9966,-1,-1,ExactBaseline,0,0,0,0,2.30259,0,7.34639,0,0,0,0,0.998884
Ch6-OV-Exact-Full,43.0026,433,271,ExactBaseline,1,1,0.00315335,1.38629,2.30259,4,4.9291,0,0,0,0,0.995419
Ch6-OV-Exact-Full,43.0045,-1,-1,ExactBaseline,0,0,0,0,2.30259,0,3.71786,0,0,0,0,0.979324
Ch6-OV-Exact-Full,43.0085,-1,-1,ExactBaseline,0,0,0,0,2.30259,0,0.408963,0,0,0,0,1
Ch6-OV-Exact-Full,43.014,-1,-1,ExactBaseline,0,0,0,0,2.30259,0,1.65839,0,0,0,0,0.997564
Ch6-OV-Exact-Full,43.0174,220,579,ExactBaseline,1,1,0.00318239,1.56862,2.30259,4,3.58295,0,0,0,0,0.988079
Ch6-OV-Exact-Full,43.0189,-1,-1,ExactBaseline,0,0,0,0,2.30259,0,6.2698,0,0,0,0,0.986256
Ch6-OV-Exact-Full,43.0254,-1,-1,ExactBaseline,0,0,0,0,2.30259,0,4.25961,0,0,0,0,1
Ch6-OV-Exact-Full,43.0262,-1,-1,ExactBaseline,0,0,0,0,2.30259,0,0.44112,0,0,0,0,1
Ch6-OV-Exact-Full,43.0276,354,109,ExactBaseline,1,1,0.00438371,2.07944,2.30259,5,7.80482,0,0,0,0,0.997769
Ch6-OV-Exact-Full,43.0316,-1,-1,ExactBaseline,0,0,0,0,2.30259,0,0.458004,0,0,0,0,1
Ch6-OV-Exact-Full,43.0358,-1,-1,ExactBaseline,0,0,0,0,2.30259,0,7.84762,0,0,0,0,0.990956
Ch6-OV-Exact-Full,43.036,154,121,ExactBaseline,1,1,0.00444167,2.26176,2.30259,5,2.32187,0,0,0,0,0.997564
Ch6-OV-Exact-Full,43.0454,-1,-1,ExactBaseline,0,0,0,0,2.30259,0,8.46752,0,0,0,0,1
Ch6-OV-Exact-Full,43.0478,-1,-1,ExactBaseline,0,0,0,0,2.30259,0,1.35288,0,0,0,0,0.998884
Ch6-OV-Exact-Full,43.0551,-1,-1,ExactBaseline,0,0,0,0,2.30259,0,3.64395,0,0,0,0,0.991953
Ch6-OV-Exact-Full,43.0587,20,3,ExactBaseline,1,1,0.00362206,1.38629,2.30259,4,7.55749,0,0,0,0,0.973334
Ch6-OV-Exact-Full,43.059,-1,-1,ExactBaseline,0,0,0,0,2.30259,0,3.61051,0,0,0,0,0.997769
Ch6-OV-Exact-Full,43.06,-1,-1,ExactBaseline,0,0,0,0,2.30259,0,4.17104,0,0,0,0,0.98514
Ch6-OV-Exact-Full,43.0602,19,466,ExactBaseline,1,1,0.00350863,1.38629,2.30259,4,5.80138,0,0,0,0,0.988194
Ch6-OV-Exact-Full,43.0659,-1,-1,ExactBaseline,0,0,0,0,2.30259,0,1.44413,0,0,0,0,0.993328
Ch6-OV-Exact-Full,43.0762,-1,-1,ExactBaseline,0,0,0,0,2.30259,0,5.62411,0,0,0,0,0.988606
Ch6-OV-Exact-Full,43.0793,-1,-1,ExactBaseline,0,0,0,0,2.30259,0,7.63886,0,0,0,0,0.998884
Ch6-OV-Exact-Full,43.0793,206,585,ExactBaseline,1,1,0.00313241,1.41447,2.30259,4,0.679588,0,0,0,0,0.988747
Ch6-OV-Exact-Full,43.0895,-1,-1,ExactBaseline,0,0,0,0,2.30259,0,0.304475,0,0,0,0,1
Ch6-OV-Exact-Full,43.092,111,478,ExactBaseline,1,1,0.00317172,1.38629,2.30259,4,5.90809,0,0,0,0,0.979443
Ch6-OV-Exact-Full,43.0943,-1,-1,ExactBaseline,0,0,0,0,2.30259,0,6.93198,0,0,0,0,0.986396
Ch6-OV-Exact-Full,43.0958,-1,-1,ExactBaseline,0,0,0,0,2.30259,0,8.5692,0,0,0,0,0.990837
Ch6-OV-Exact-Full,43.0993,-1,-1,ExactBaseline,0,0,0,0,2.30259,0,3.55737,0,0,0,0,0.994303
Ch6-OV-Exact-Full,43.1028,-1,-1,ExactBaseline,0,0,0,0,2.30259,0,4.09095,0,0,0,0,0.989721
Ch6-OV-Exact-Full,43.1115,-1,-1,ExactBaseline,0,0,0,0,2.30259,0,0.059004,0,0,0,0,1
Ch6-OV-Exact-Full,43.1136,-1,-1,ExactBaseline,0,0,0,0,2.30259,0,10.3149,0,0,0,0,0.987371
Ch6-OV-Exact-Full,43.1146,-1,-1,ExactBaseline,0,0,0,0,2.30259,0,3.99535,0,0,0,0,1
Ch6-OV-Exact-Full,43.1212,435,183,ExactBaseline,1,1,0.00480867,2.07944,2.30259,5,0.723511,0,0,0,0,0.998884
Ch6-OV-Exact-Full,43.1231,367,4,ExactBaseline,1,1,0.00321615,1.38629,2.30259,4,4.05338,0,0,0,0,0.990837
Ch6-OV-Exact-Full,43.1276,-1,-1,ExactBaseline,0,0,0,0,2.30259,0,6.85086,0,0,0,0,0.983906
Ch6-OV-Exact-Full,43.1336,-1,-1,ExactBaseline,0,0,0,0,2.30259,0,5.69001,0,0,0,0,0.981674
Ch6-OV-Exact-Full,43.1394,-1,-1,ExactBaseline,0,0,0,0,2.30259,0,7.2671,0,0,0,0,0.962114
Ch6-OV-Exact-Full,43.1413,-1,-1,ExactBaseline,0,0,0,0,2.30259,0,0.726147,0,0,0,0,1
Ch6-OV-Exact-Full,43.1437,-1,-1,ExactBaseline,0,0,0,0,2.30259,0,3.46117,0,0,0,0,0.991953
Ch6-OV-Exact-Full,43.1453,-1,-1,ExactBaseline,0,0,0,0,2.30259,0,5.37971,0,0,0,0,0.98279
Ch6-OV-Exact-Full,43.1454,-1,-1,ExactBaseline,0,0,0,0,2.30259,0,6.75051,0,0,0,0,0.989721
Ch6-OV-Exact-Full,43.1459,-1,-1,ExactBaseline,0,0,0,0,2.30259,0,4.79952,0,0,0,0,0.998884
Ch6-OV-Exact-Full,43.1508,81,434,ExactBaseline,1,1,0.0043762,2.07944,2.30259,5,2.80779,0,0,0,0,0.993187
Ch6-OV-Exact-Full,43.1512,397,546,ExactBaseline,1,1,0.00318635,1.38629,2.30259,4,6.75709,0,0,0,0,0.995419
Ch6-OV-Exact-Full,43.1626,-1,-1,ExactBaseline,0,0,0,0,2.30259,0,10.4537,0,0,0,0,0.976682
Ch6-OV-Exact-Full,43.1647,-1,-1,ExactBaseline,0,0,0,0,2.30259,0,6.68648,0,0,0,0,1
Ch6-OV-Exact-Full,43.1714,221,235,ExactBaseline,1,1,0.00205125,0.693147,2.30259,3,7.04632,0,0,0,0,0.965925
Ch6-OV-Exact-Full,43.1747,-1,-1,ExactBaseline,0,0,0,0,2.30259,0,3.65365,0,0,0,0,0.991953
Ch6-OV-Exact-Full,43.1995,-1,-1,ExactBaseline,0,0,0,0,2.30259,0,5.05227,0,0,0,0,1
Ch6-OV-Exact-Full,43.2047,105,37,ExactBaseline,1,1,0.00460459,2.07944,2.30259,5,4.65561,0,0,0,0,0.986374
Ch6-OV-Exact-Full,43.2053,76,343,ExactBaseline,1,1,0.00319463,1.38629,2.30259,4,8.06223,0,0,0,0,0.978672
Ch6-OV-Exact-Full,43.2063,107,479,ExactBaseline,1,1,0.00239452,0.693147,2.30259,3,7.54899,0,0,0,0,0.974861
Ch6-OV-Exact-Full,43.2158,-1,-1,ExactBaseline,0,0,0,0,2.30259,0,0.305468,0,0,0,0,1
Ch6-OV-Exact-Full,43.2218,112,307,ExactBaseline,1,1,0.00437575,2.07944,2.30259,5,7.81746,0,0,0,0,0.955301
Ch6-OV-Exact-Full,43.2228,-1,-1,ExactBaseline,0,0,0,0,2.30259,0,3.77678,0,0,0,0,0.988951
Ch6-OV-Exact-Full,43.2259,-1,-1,ExactBaseline,0,0,0,0,2.30259,0,1.23922,0,0,0,0,1
Ch6-OV-Exact-Full,43.2315,-1,-1,ExactBaseline,0,0,0,0,2.30259,0,9.97843,0,0,0,0,0.996998
Ch6-OV-Exact-Full,43.2342,-1,-1,ExactBaseline,0,0,0,0,2.30259,0,3.50003,0,0,0,0,0.986256
Ch6-OV-Exact-Full,43.2348,153,440,ExactBaseline,1,1,0.0043527,2.07944,2.30259,5,6.00623,0,0,0,0,0.988606
Ch6-OV-Exact-Full,43.2356,432,180,ExactBaseline,1,1,0.00351434,1.38629,2.30259,4,4.2723,0,0,0,0,0.995419
Ch6-OV-Exact-Full,43.237,-1,-1,ExactBaseline,0,0,0,0,2.30259,0,6.89145,0,0,0,0,0.995419
Ch6-OV-Exact-Full,43.2398,-1,-1,ExactBaseline,0,0,0,0,2.30259,0,7.95462,0,0,0,0,0.994303
Ch6-OV-Exact-Full,43.242,-1,-1,ExactBaseline,0,0,0,0,2.30259,0,6.67023,0,0,0,0,0.979443
Ch6-OV-Exact-Full,43.2423,52,326,ExactBaseline,1,1,0.00443857,2.07944,2.30259,5,8.06585,0,0,0,0,0.985259
Ch6-OV-Exact-Full,43.2425,-1,-1,ExactBaseline,0,0,0,0,2.30259,0,7.22584,0,0,0,0,1
Ch6-OV-Exact-Full,43.247,-1,-1,ExactBaseline,0,0,0,0,2.30259,0,2.58688,0,0,0,0,1
Ch6-OV-Exact-Full,43.2504,-1,-1,ExactBaseline,0,0,0,0,2.30259,0,2.48398,0,0,0,0,0.998884
Ch6-OV-Exact-Full,43.259,193,46,ExactBaseline,1,1,0.00198817,0.693147,2.30259,3,4.81177,0,0,0,0,0.990837
Ch6-OV-Exact-Full,43.2628,-1,-1,ExactBaseline,0,0,0,0,2.30259,0,4.43891,0,0,0,0,0.991953
Ch6-OV-Exact-Full,43.2636,39,73,ExactBaseline,1,1,0.00318403,1.38629,2.30259,4,3.35211,0,0,0,0,0.981793
Ch6-OV-Exact-Full,43.2756,-1,-1,ExactBaseline,0,0,0,0,2.30259,0,0.458055,0,0,0,0,1
Ch6-OV-Exact-Full,43.277,-1,-1,ExactBaseline,0,0,0,0,2.30259,0,5.35909,0,0,0,0,1
Ch6-OV-Exact-Full,43.2773,-1,-1,ExactBaseline,0,0,0,0,2.30259,0,5.42242,0,0,0,0,0.995419
Ch6-OV-Exact-Full,43.2786,-1,-1,ExactBaseline,0,0,0,0,2.30259,0,0.31794,0,0,0,0,1
Ch6-OV-Exact-Full,43.2871,-1,-1,ExactBaseline,0,0,0,0,2.30259,0,11.478,0,0,0,0,0.990837
Ch6-OV-Exact-Full,43.2872,59,381,ExactBaseline,1,1,0.00200399,0.693147,2.30259,3,6.6099,0,0,0,0,0.971396
Ch6-OV-Exact-Full,43.2892,-1,-1,ExactBaseline,0,0,0,0,2.30259,0,5.2109,0,0,0,0,0.995419
Ch6-OV-Exact-Full,43.2959,-1,-1,ExactBaseline,0,0,0,0,2.30259,0,1.5475,0,0,0,0,1
Ch6-OV-Exact-Full,43.2961,-1,-1,ExactBaseline,0,0,0,0,2.30259,0,8.68006,0,0,0,0,0.994303
Ch6-OV-Exact-Full,43.2994,-1,-1,ExactBaseline,0,0,0,0,2.30259,0,5.75372,0,0,0,0,0.998884
Ch6-OV-Exact-Full,43.3113,-1,-1,ExactBaseline,0,0,0,0,2.30259,0,0.706758,0,0,0,0,1
Ch6-OV-Exact-Full,43.3116,-1,-1,ExactBaseline,0,0,0,0,2.30259,0,0.352117,0,0,0,0,1
Ch6-OV-Exact-Full,43.3139,257,91,ExactBaseline,1,1,0.003151,1.38629,2.30259,4,3.85191,0,0,0,0,0.978208
Ch6-OV-Exact-Full,43.3145,-1,-1,ExactBaseline,0,0,0,0,2.30259,0,6.81605,0,0,0,0,0.990837
Ch6-OV-Exact-Full,43.315,-1,-1,ExactBaseline,0,0,0,0,2.30259,0,4.97633,0,0,0,0,0.995419
Ch6-OV-Exact-Full,43.317,-1,-1,ExactBaseline,0,0,0,0,2.30259,0,2.58374,0,0,0,0,0.979324
Ch6-OV-Exact-Full,43.3184,-1,-1,ExactBaseline,0,0,0,0,2.30259,0,1.86258,0,0,0,0,1
Ch6-OV-Exact-Full,43.3234,-1,-1,ExactBaseline,0,0,0,0,2.30259,0,3.342,0,0,0,0,1
Ch6-OV-Exact-Full,43.3251,321,108,ExactBaseline,1,1,0.00341099,1.38629,2.30259,4,2.04132,0,0,0,0,0.992071
Ch6-OV-Exact-Full,43.3293,232,485,ExactBaseline,1,1,0.00313977,1.38629,2.30259,4,6.10581,0,0,0,0,0.979324
Ch6-OV-Exact-Full,43.3376,179,91,ExactBaseline,1,1,0.00194117,0.693147,2.30259,3,4.22335,0,0,0,0,0.981674
Ch6-OV-Exact-Full,43.3389,445,204,ExactBaseline,1,1,0.00584045,2.07944,2.30259,5,3.69476,0,0,0,0,0.998884
Ch6-OV-Exact-Full,43.3471,-1,-1,ExactBaseline,0,0,0,0,2.30259,0,3.28273,0,0,0,0,0.985964
Ch6-OV-Exact-Full,43.3479,-1,-1,ExactBaseline,0,0,0,0,2.30259,0,7.4591,0,0,0,0,0.997769
Ch6-OV-Exact-Full,43.3505,427,441,ExactBaseline,1,1,0.00363034,1.38629,2.30259,4,6.5873,0,0,0,0,0.995419
Ch6-OV-Exact-Full,43.3564,-1,-1,ExactBaseline,0,0,0,0,2.30259,0,4.74945,0,0,0,0,0.998884
Ch6-OV-Exact-Full,43.363,-1,-1,ExactBaseline,0,0,0,0,2.30259,0,1.18309,0,0,0,0,0.994303
Ch6-OV-Exact-Full,43.3637,190,155,ExactBaseline,1,1,0.00360187,1.38629,2.30259,4,5.20787,0,0,0,0,0.984024
Ch6-OV-Exact-Full,43.3654,-1,-1,ExactBaseline,0,0,0,0,2.30259,0,6.2808,0,0,0,0,0.984555
Ch6-OV-Exact-Full,43.3757,-1,-1,ExactBaseline,0,0,0,0,2.30259,0,1.44901,0,0,0,0,0.990837
Ch6-OV-Exact-Full,43.3757,-1,-1,ExactBaseline,0,0,0,0,2.30259,0,1.34707,0,0,0,0,1
Ch6-OV-Exact-Full,43.3768,313,463,ExactBaseline,1,1,0.00197057,0.693147,2.30259,3,4.97966,0,0,0,0,0.983906
Ch6-OV-Exact-Full,43.3798,-1,-1,ExactBaseline,0,0,0,0,2.30259,0,6.63643,0,0,0,0,0.991953
Ch6-OV-Exact-Full,43.3811,-1,-1,ExactBaseline,0,0,0,0,2.30259,0,0.298599,0,0,0,0,1
Ch6-OV-Exact-Full,43.3855,-1,-1,ExactBaseline,0,0,0,0,2.30259,0,3.03672,0,0,0,0,0.991953
Ch6-OV-Exact-Full,43.3911,-1,-1,ExactBaseline,0,0,0,0,2.30259,0,3.6613,0,0,0,0,1
Ch6-OV-Exact-Full,43.4018,-1,-1,ExactBaseline,0,0,0,0,2.30259,0,7.60516,0,0,0,0,0.993187
Ch6-OV-Exact-Full,43.4041,186,235,ExactBaseline,1,1,0.00195656,0.693147,2.30259,3,3.77584,0,0,0,0,0.973627
Ch6-OV-Exact-Full,43.4053,219,440,ExactBaseline,1,1,0.00324389,1.38629,2.30259,4,2.68584,0,0,0,0,0.994303
Ch6-OV-Exact-Full,43.4068,333,104,ExactBaseline,1,1,0.00194022,0.693147,2.30259,3,4.80774,0,0,0,0,0.98514
Ch6-OV-Exact-Full,43.416,-1,-1,ExactBaseline,0,0,0,0,2.30259,0,4.88788,0,0,0,0,0.982379
Ch6-OV-Exact-Full,43.4255,-1,-1,ExactBaseline,0,0,0,0,2.30259,0,6.22653,0,0,0,0,0.978004
Ch6-OV-Exact-Full,43.4256,-1,-1,ExactBaseline,0,0,0,0,2.30259,0,4.24371,0,0,0,0,0.993187
Ch6-OV-Exact-Full,43.4263,195,40,ExactBaseline,1,1,0.00359984,1.38629,2.30259,4,5.91336,0,0,0,0,0.990837
Ch6-OV-Exact-Full,43.4452,-1,-1,ExactBaseline,0,0,0,0,2.30259,0,0.010939,0,0,0,0,1
Ch6-OV-Exact-Full,43.45,-1,-1,ExactBaseline,0,0,0,0,2.30259,0,4.9314,0,0,0,0,0.995419
Ch6-OV-Exact-Full,43.4551,328,7,ExactBaseline,1,1,0.00433721,2.07944,2.30259,5,4.05518,0,0,0,0,0.988606
Ch6-OV-Exact-Full,43.4553,-1,-1,ExactBaseline,0,0,0,0,2.30259,0,5.88327,0,0,0,0,0.969046
Ch6-OV-Exact-Full,43.4573,-1,-1,ExactBaseline,0,0,0,0,2.30259,0,5.55381,0,0,0,0,0.989721
Ch6-OV-Exact-Full,43.4602,-1,-1,ExactBaseline,0,0,0,0,2.30259,0,1.20619,0,0,0,0,0.994303
Ch6-OV-Exact-Full,43.4665,340,32,ExactBaseline,1,1,0.00437247,2.07944,2.30259,5,3.56461,0,0,0,0,0.997769
Ch6-OV-Exact-Full,43.4684,-1,-1,ExactBaseline,0,0,0,0,2.30259,0,3.38478,0,0,0,0,1
Ch6-OV-Exact-Full,43.4702,-1,-1,ExactBaseline,0,0,0,0,2.30259,0,0.703361,0,0,0,0,1
Ch6-OV-Exact-Full,43.4708,185,31,ExactBaseline,1,1,0.00195828,0.693147,2.30259,3,2.70688,0,0,0,0,0.98279
Ch6-OV-Exact-Full,43.4713,-1,-1,ExactBaseline,0,0,0,0,2.30259,0,0.74804,0,0,0,0,0.996653
Ch6-OV-Exact-Full,43.4775,-1,-1,ExactBaseline,0,0,0,0,2.30259,0,0.049368,0,0,0,0,1
Ch6-OV-Exact-Full,43.4817,-1,-1,ExactBaseline,0,0,0,0,2.30259,0,8.10413,0,0,0,0,0.970161
Ch6-OV-Exact-Full,43.4856,-1,-1,ExactBaseline,0,0,0,0,2.30259,0,3.84512,0,0,0,0,0.995419
Ch6-OV-Exact-Full,43.499,-1,-1,ExactBaseline,0,0,0,0,2.30259,0,4.80549,0,0,0,0,0.98382
Ch6-OV-Exact-Full,43.5034,-1,-1,ExactBaseline,0,0,0,0,2.30259,0,3.67837,0,0,0,0,0.98749
Ch6-OV-Exact-Full,43.5143,-1,-1,ExactBaseline,0,0,0,0,2.30259,0,3.5615,0,0,0,0,0.990837
Ch6-OV-Exact-Full,43.5147,-1,-1,ExactBaseline,0,0,0,0,2.30259,0,3.52497,0,0,0,0,0.97912
Ch6-OV-Exact-Full,43.5153,-1,-1,ExactBaseline,0,0,0,0,2.30259,0,5.32618,0,0,0,0,0.997769
Ch6-OV-Exact-Full,43.5158,-1,-1,ExactBaseline,0,0,0,0,2.30259,0,4.14321,0,0,0,0,0.995419
Ch6-OV-Exact-Full,43.5177,-1,-1,ExactBaseline,0,0,0,0,2.30259,0,1.34559,0,0,0,0,1
Ch6-OV-Exact-Full,43.5178,-1,-1,ExactBaseline,0,0,0,0,2.30259,0,6.95251,0,0,0,0,0.98514
Ch6-OV-Exact-Full,43.5189,364,304,ExactBaseline,1,1,0.00196547,0.875469,2.30259,3,0.265214,0,0,0,0,0.992864
Ch6-OV-Exact-Full,43.5196,113,108,ExactBaseline,1,1,0.00318004,1.38629,2.30259,4,6.39323,0,0,0,0,0.981674
Ch6-OV-Exact-Full,43.5226,44,584,ExactBaseline,1,1,0.00317909,1.38629,2.30259,4,5.48914,0,0,0,0,0.990837
Ch6-OV-Exact-Full,43.5304,-1,-1,ExactBaseline,0,0,0,0,2.30259,0,4.76446,0,0,0,0,0.983906
Ch6-OV-Exact-Full,43.5349,-1,-1,ExactBaseline,0,0,0,0,2.30259,0,4.60196,0,0,0,0,0.978208
Ch6-OV-Exact-Full,43.547,-1,-1,ExactBaseline,0,0,0,0,2.30259,0,7.84159,0,0,0,0,0.96862
Ch6-OV-Exact-Full,43.55,216,32,ExactBaseline,1,1,0.00437284,2.07944,2.30259,5,4.6239,0,0,0,0,0.996653
Ch6-OV-Exact-Full,43.5512,-1,-1,ExactBaseline,0,0,0,0,2.30259,0,8.77765,0,0,0,0,0.979788
Ch6-OV-Exact-Full,43.5519,-1,-1,ExactBaseline,0,0,0,0,2.30259,0,4.90223,0,0,0,0,0.998884
Ch6-OV-Exact-Full,43.5582,-1,-1,ExactBaseline,0,0,0,0,2.30259,0,6.08391,0,0,0,0,1
Ch6-OV-Exact-Full,43.5596,-1,-1,ExactBaseline,0,0,0,0,2.30259,0,5.21753,0,0,0,0,0.998884
Ch6-OV-Exact-Full,43.5606,115,391,ExactBaseline,1,1,0.00562183,2.07944,2.30259,5,7.03238,0,0,0,0,0.981674
Ch6-OV-Exact-Full,43.5749,-1,-1,ExactBaseline,0,0,0,0,2.30259,0,2.35298,0,0,0,0,0.998884
Ch6-OV-Exact-Full,43.5753,-1,-1,ExactBaseline,0,0,0,0,2.30259,0,6.03473,0,0,0,0,0.990837
Ch6-OV-Exact-Full,43.5775,-1,-1,ExactBaseline,0,0,0,0,2.30259,0,6.91506,0,0,0,0,0.991953
Ch6-OV-Exact-Full,43.5797,-1,-1,ExactBaseline,0,0,0,0,2.30259,0,0.261731,0,0,0,0,1
Ch6-OV-Exact-Full,43.5875,127,10,ExactBaseline,1,1,0.00361489,1.38629,2.30259,4,7.60399,0,0,0,0,0.986374
Ch6-OV-Exact-Full,43.5928,-1,-1,ExactBaseline,0,0,0,0,2.30259,0,0.762273,0,0,0,0,1
Ch6-OV-Exact-Full,43.6138,467,546,ExactBaseline,1,1,0.00237974,0.693147,2.30259,3,2.00231,0,0,0,0,0.991953
Ch6-OV-Exact-Full,43.6198,177,576,ExactBaseline,1,1,0.00195113,0.693147,2.30259,3,1.54767,0,0,0,0,0.98749
Ch6-OV-Exact-Full,43.6219,157,133,ExactBaseline,1,1,0.00317567,1.23214,2.30259,4,6.43542,0,0,0,0,0.978246
Ch6-OV-Exact-Full,43.6284,-1,-1,ExactBaseline,0,0,0,0,2.30259,0,1.73406,0,0,0,0,1
Ch6-OV-Exact-Full,43.6299,464,315,ExactBaseline,1,1,0.00365806,1.38629,2.30259,4,6.5115,0,0,0,0,0.995419
Ch6-OV-Exact-Full,43.6379,-1,-1,ExactBaseline,0,0,0,0,2.30259,0,4.16238,0,0,0,0,0.992071
Ch6-OV-Exact-Full,43.6456,247,492,ExactBaseline,1,1,0.00441384,2.07944,2.30259,5,5.71267,0,0,0,0,0.977093
Ch6-OV-Exact-Full,43.6511,323,558,ExactBaseline,1,1,0.00314519,1.38629,2.30259,4,4.82412,0,0,0,0,0.995419
Ch6-OV-Exact-Full,43.6516,89,356,ExactBaseline,1,1,0.00316483,1.38629,2.30259,4,5.5949,0,0,0,0,0.990837
Ch6-OV-Exact-Full,43.6563,-1,-1,ExactBaseline,0,0,0,0,2.30259,0,4.01192,0,0,0,0,0.990837
Ch6-OV-Exact-Full,43.6568,344,22,ExactBaseline,1,1,0.0048474,2.07944,2.30259,5,0.658736,0,0,0,0,0.997769
Ch6-OV-Exact-Full,43.6622,-1,-1,ExactBaseline,0,0,0,0,2.30259,0,5.77691,0,0,0,0,0.997769
Ch6-OV-Exact-Full,43.6634,-1,-1,ExactBaseline,0,0,0,0,2.30259,0,6.6408,0,0,0,0,0.994303
Ch6-OV-Exact-Full,43.6674,267,231,ExactBaseline,1,1,0.00438063,2.07944,2.30259,5,5.4127,0,0,0,0,0.996653
Ch6-OV-Exact-Full,43.6757,83,345,ExactBaseline,1,1,0.00315676,1.38629,2.30259,4,6.24647,0,0,0,0,0.993187
Ch6-OV-Exact-Full,43.6782,146,227,ExactBaseline,1,1,0.0048562,2.07944,2.30259,5,0.581336,0,0,0,0,0.997769
Ch6-OV-Exact-Full,43.6803,60,335,ExactBaseline,1,1,0.00198284,0.693147,2.30259,3,1.7536,0,0,0,0,0.983906
Ch6-OV-Exact-Full,43.6846,102,359,ExactBaseline,1,1,0.00315155,1.38629,2.30259,4,6.06705,0,0,0,0,0.979324
Ch6-OV-Exact-Full,43.6868,-1,-1,ExactBaseline,0,0,0,0,2.30259,0,6.00965,0,0,0,0,0.990837
Ch6-OV-Exact-Full,43.6869,35,261,ExactBaseline,1,1,0.00319588,1.38629,2.30259,4,8.5601,0,0,0,0,0.96558
Ch6-OV-Exact-Full,43.6944,-1,-1,ExactBaseline,0,0,0,0,2.30259,0,4.17633,0,0,0,0,0.991953
Ch6-OV-Exact-Full,43.7018,-1,-1,ExactBaseline,0,0,0,0,2.30259,0,1.91782,0,0,0,0,1
Ch6-OV-Exact-Full,43.7139,-1,-1,ExactBaseline,0,0,0,0,2.30259,0,5.08574,0,0,0,0,0.992071
Ch6-OV-Exact-Full,43.7179,126,275,ExactBaseline,1,1,0.00315618,1.38629,2.30259,4,4.91579,0,0,0,0,0.977093
Ch6-OV-Exact-Full,43.7195,-1,-1,ExactBaseline,0,0,0,0,2.30259,0,7.29733,0,0,0,0,0.990837
Ch6-OV-Exact-Full,43.729,-1,-1,ExactBaseline,0,0,0,0,2.30259,0,6.57888,0,0,0,0,0.989721
Ch6-OV-Exact-Full,43.7331,-1,-1,ExactBaseline,0,0,0,0,2.30259,0,3.97617,0,0,0,0,0.987371
Ch6-OV-Exact-Full,43.7333,-1,-1,ExactBaseline,0,0,0,0,2.30259,0,8.1943,0,0,0,0,1
Ch6-OV-Exact-Full,43.7344,282,155,ExactBaseline,1,1,0.00439109,2.07944,2.30259,5,8.536,0,0,0,0,0.981674
Ch6-OV-Exact-Full,43.7398,-1,-1,ExactBaseline,0,0,0,0,2.30259,0,6.70498,0,0,0,0,0.953863
Ch6-OV-Exact-Full,43.7419,-1,-1,ExactBaseline,0,0,0,0,2.30259,0,6.57015,0,0,0,0,0.979324
Ch6-OV-Exact-Full,43.7496,-1,-1,ExactBaseline,0,0,0,0,2.30259,0,1.18352,0,0,0,0,1
Ch6-OV-Exact-Full,43.7497,151,361,ExactBaseline,1,1,0.0043951,2.26176,2.30259,5,8.06921,0,0,0,0,0.988402
Ch6-OV-Exact-Full,43.7501,106,152,ExactBaseline,1,1,0.00318269,1.38629,2.30259,4,2.16186,0,0,0,0,0.994303
Ch6-OV-Exact-Full,43.7609,243,99,ExactBaseline,1,1,0.00313402,1.38629,2.30259,4,3.42222,0,0,0,0,0.987371
Ch6-OV-Exact-Full,43.7644,-1,-1,ExactBaseline,0,0,0,0,2.30259,0,4.4715,0,0,0,0,0.992071
Ch6-OV-Exact-Full,43.7683,-1,-1,ExactBaseline,0,0,0,0,2.30259,0,6.92558,0,0,0,0,0.975977
Ch6-OV-Exact-Full,43.7693,-1,-1,ExactBaseline,0,0,0,0,2.30259,0,7.23932,0,0,0,0,0.986374
Ch6-OV-Exact-Full,43.7715,-1,-1,ExactBaseline,0,0,0,0,2.30259,0,1.03518,0,0,0,0,0.996653
Ch6-OV-Exact-Full,43.7745,-1,-1,ExactBaseline,0,0,0,0,2.30259,0,3.10413,0,0,0,0,1
Ch6-OV-Exact-Full,43.7807,196,433,ExactBaseline,1,1,0.00435734,2.07944,2.30259,5,1.22249,0,0,0,0,0.997769
Ch6-OV-Exact-Full,43.7913,-1,-1,ExactBaseline,0,0,0,0,2.30259,0,0.975389,0,0,0,0,0.994303
Ch6-OV-Exact-Full,43.7975,-1,-1,ExactBaseline,0,0,0,0,2.30259,0,5.13423,0,0,0,0,1
Ch6-OV-Exact-Full,43.7989,-1,-1,ExactBaseline,0,0,0,0,2.30259,0,3.95072,0,0,0,0,0.990837
Ch6-OV-Exact-Full,43.8004,169,220,ExactBaseline,1,1,0.00197063,0.693147,2.30259,3,5.82364,0,0,0,0,0.978208
Ch6-OV-Exact-Full,43.8169,260,499,ExactBaseline,1,1,0.00317212,1.38629,2.30259,4,2.32482,0,0,0,0,0.990837
Ch6-OV-Exact-Full,43.8206,-1,-1,ExactBaseline,0,0,0,0,2.30259,0,5.65135,0,0,0,0,0.989721
Ch6-OV-Exact-Full,43.8221,-1,-1,ExactBaseline,0,0,0,0,2.30259,0,4.9947,0,0,0,0,0.990837
Ch6-OV-Exact-Full,43.8236,-1,-1,ExactBaseline,0,0,0,0,2.30259,0,3.607,0,0,0,0,0.989721
Ch6-OV-Exact-Full,43.8346,-1,-1,ExactBaseline,0,0,0,0,2.30259,0,0.958174,0,0,0,0,0.998884
Ch6-OV-Exact-Full,43.8356,291,402,ExactBaseline,1,1,0.0044652,2.07944,2.30259,5,6.64053,0,0,0,0,0.981674
Ch6-OV-Exact-Full,43.8397,-1,-1,ExactBaseline,0,0,0,0,2.30259,0,4.38641,0,0,0,0,1
Ch6-OV-Exact-Full,43.843,365,462,ExactBaseline,1,1,0.00481932,2.07944,2.30259,5,4.79727,0,0,0,0,0.994303
Ch6-OV-Exact-Full,43.8452,-1,-1,ExactBaseline,0,0,0,0,2.30259,0,3.68902,0,0,0,0,0.997769
Ch6-OV-Exact-Full,43.8562,22,471,ExactBaseline,1,1,0.00437476,1.38629,2.30259,4,3.40793,0,0,0,0,0.973042
Ch6-OV-Exact-Full,43.8577,-1,-1,ExactBaseline,0,0,0,0,2.30259,0,0.299509,0,0,0,0,1
Ch6-OV-Exact-Full,43.8589,-1,-1,ExactBaseline,0,0,0,0,2.30259,0,6.91067,0,0,0,0,0.987371
Ch6-OV-Exact-Full,43.8632,-1,-1,ExactBaseline,0,0,0,0,2.30259,0,7.74781,0,0,0,0,0.972219
Ch6-OV-Exact-Full,43.8676,-1,-1,ExactBaseline,0,0,0,0,2.30259,0,4.58771,0,0,0,0,1
Ch6-OV-Exact-Full,43.8734,-1,-1,ExactBaseline,0,0,0,0,2.30259,0,0.011556,0,0,0,0,1
Ch6-OV-Exact-Full,43.8749,-1,-1,ExactBaseline,0,0,0,0,2.30259,0,5.10234,0,0,0,0,1
Ch6-OV-Exact-Full,43.8791,-1,-1,ExactBaseline,0,0,0,0,2.30259,0,7.92227,0,0,0,0,0.979324
Ch6-OV-Exact-Full,43.8809,-1,-1,ExactBaseline,0,0,0,0,2.30259,0,3.91162,0,0,0,0,1
Ch6-OV-Exact-Full,43.9,-1,-1,ExactBaseline,0,0,0,0,2.30259,0,3.57547,0,0,0,0,0.990837
Ch6-OV-Exact-Full,43.9133,-1,-1,ExactBaseline,0,0,0,0,2.30259,0,5.34449,0,0,0,0,1
Ch6-OV-Exact-Full,43.9183,197,59,ExactBaseline,1,1,0.00556278,2.07944,2.30259,5,2.13587,0,0,0,0,0.995537
Ch6-OV-Exact-Full,43.9258,273,555,ExactBaseline,1,1,0.00439932,2.07944,2.30259,5,6.34493,0,0,0,0,0.996653
Ch6-OV-Exact-Full,43.9298,194,163,ExactBaseline,1,1,0.00438278,2.26176,2.30259,5,6.56601,0,0,0,0,0.982382
Ch6-OV-Exact-Full,43.9373,-1,-1,ExactBaseline,0,0,0,0,2.30259,0,6.83414,0,0,0,0,0.990837
Ch6-OV-Exact-Full,43.943,-1,-1,ExactBaseline,0,0,0,0,2.30259,0,7.56423,0,0,0,0,0.995419
Ch6-OV-Exact-Full,43.9444,168,326,ExactBaseline,1,1,0.00483636,2.07944,2.30259,5,11.2843,0,0,0,0,0.992071
Ch6-OV-Exact-Full,43.952,-1,-1,ExactBaseline,0,0,0,0,2.30259,0,9.91488,0,0,0,0,0.995537
Ch6-OV-Exact-Full,43.9636,-1,-1,ExactBaseline,0,0,0,0,2.30259,0,7.6837,0,0,0,0,1
Ch6-OV-Exact-Full,43.9719,41,587,ExactBaseline,1,1,0.00569016,2.16183,2.30259,6,9.30263,0,0,0,0,0.988432
Ch6-OV-Exact-Full,43.9815,-1,-1,ExactBaseline,0,0,0,0,2.30259,0,4.21481,0,0,0,0,0.99288
Ch6-OV-Exact-Full,43.9821,42,395,ExactBaseline,1,1,0.0044853,1.77406,2.30259,5,3.12118,0,0,0,0,0.98931
Ch6-OV-Exact-Full,43.9851,431,96,ExactBaseline,1,1,0.00243947,0.693147,2.30259,3,0.374695,0,0,0,0,0.991953
Ch6-OV-Exact-Full,43.9861,-1,-1,ExactBaseline,0,0,0,0,2.30259,0,6.66512,0,0,0,0,0.997769
Ch6-OV-Exact-Full,44.0059,129,335,ExactBaseline,1,1,0.00435511,2.07944,2.30259,5,1.59828,0,0,0,0,0.98279
Ch6-OV-Exact-Full,44.0114,373,400,ExactBaseline,1,1,0.00484837,2.07944,2.30259,5,1.08129,0,0,0,0,0.997769
Ch6-OV-Exact-Full,44.0119,-1,-1,ExactBaseline,0,0,0,0,2.30259,0,5.4937,0,0,0,0,0.974795
Ch6-OV-Exact-Full,44.0153,-1,-1,ExactBaseline,0,0,0,0,2.30259,0,1.97219,0,0,0,0,0.992071
Ch6-OV-Exact-Full,44.0153,21,518,ExactBaseline,1,1,0.00194563,0.693147,2.30259,3,4.48122,0,0,0,0,0.964981
Ch6-OV-Exact-Full,44.0171,-1,-1,ExactBaseline,0,0,0,0,2.30259,0,7.03948,0,0,0,0,0.976682
Ch6-OV-Exact-Full,44.0191,10,517,ExactBaseline,1,1,0.00488065,1.76099,2.30259,5,1.76816,0,0,0,0,0.993586
Ch6-OV-Exact-Full,44.0273,2,91,ExactBaseline,1,1,0.00433625,2.07944,2.30259,5,4.77618,0,0,0,0,0.98749
Ch6-OV-Exact-Full,44.0336,-1,-1,ExactBaseline,0,0,0,0,2.30259,0,5.14669,0,0,0,0,0.993187
Ch6-OV-Exact-Full,44.0348,-1,-1,ExactBaseline,0,0,0,0,2.30259,0,3.90206,0,0,0,0,0.985485
Ch6-OV-Exact-Full,44.0396,-1,-1,ExactBaseline,0,0,0,0,2.30259,0,3.98164,0,0,0,0,0.998884
Ch6-OV-Exact-Full,44.0402,-1,-1,ExactBaseline,0,0,0,0,2.30259,0,4.03059,0,0,0,0,0.991953
Ch6-OV-Exact-Full,44.047,-1,-1,ExactBaseline,0,0,0,0,2.30259,0,2.64292,0,0,0,0,1
Ch6-OV-Exact-Full,44.0481,-1,-1,ExactBaseline,0,0,0,0,2.30259,0,1.30629,0,0,0,0,1
Ch6-OV-Exact-Full,44.0519,64,89,ExactBaseline,1,1,0.00316429,1.38629,2.30259,4,5.91064,0,0,0,0,0.986719
Ch6-OV-Exact-Full,44.0652,-1,-1,ExactBaseline,0,0,0,0,2.30259,0,1.9781,0,0,0,0,0.98514
Ch6-OV-Exact-Full,44.0741,456,278,ExactBaseline,1,1,0.0057128,2.26176,2.30259,5,0.540521,0,0,0,0,0.999796
Ch6-OV-Exact-Full,44.0772,-1,-1,ExactBaseline,0,0,0,0,2.30259,0,0.372253,0,0,0,0,1
Ch6-OV-Exact-Full,44.0796,-1,-1,ExactBaseline,0,0,0,0,2.30259,0,3.28046,0,0,0,0,0.98514
Ch6-OV-Exact-Full,44.0969,235,309,ExactBaseline,1,1,0.00194236,0.693147,2.30259,3,2.47599,0,0,0,0,0.989721
Ch6-OV-Exact-Full,44.0986,368,486,ExactBaseline,1,1,0.00316366,1.38629,2.30259,4,2.49425,0,0,0,0,0.990837
Ch6-OV-Exact-Full,44.0994,-1,-1,ExactBaseline,0,0,0,0,2.30259,0,5.31575,0,0,0,0,0.987371
Ch6-OV-Exact-Full,44.1025,75,206,ExactBaseline,1,1,0.00335915,1.38629,2.30259,4,3.08338,0,0,0,0,0.994303
Ch6-OV-Exact-Full,44.1094,404,390,ExactBaseline,1,1,0.0043811,2.07944,2.30259,5,3.6243,0,0,0,0,0.998884
Ch6-OV-Exact-Full,44.1103,192,160,ExactBaseline,1,1,0.00362348,1.38629,2.30259,4,0.713216,0,0,0,0,0.994303
Ch6-OV-Exact-Full,44.115,-1,-1,ExactBaseline,0,0,0,0,2.30259,0,0.259817,0,0,0,0,1
Ch6-OV-Exact-Full,44.1173,-1,-1,ExactBaseline,0,0,0,0,2.30259,0,7.43331,0,0,0,0,0.990837
Ch6-OV-Exact-Full,44.1207,-1,-1,ExactBaseline,0,0,0,0,2.30259,0,0.383738,0,0,0,0,1
Ch6-OV-Exact-Full,44.1218,-1,-1,ExactBaseline,0,0,0,0,2.30259,0,3.38101,0,0,0,0,0.986256
Ch6-OV-Exact-Full,44.1248,-1,-1,ExactBaseline,0,0,0,0,2.30259,0,1.29059,0,0,0,0,1
Ch6-OV-Exact-Full,44.1296,-1,-1,ExactBaseline,0,0,0,0,2.30259,0,1.86319,0,0,0,0,0.990837
Ch6-OV-Exact-Full,44.1332,-1,-1,ExactBaseline,0,0,0,0,2.30259,0,2.2495,0,0,0,0,1
Ch6-OV-Exact-Full,44.1344,-1,-1,ExactBaseline,0,0,0,0,2.30259,0,1.9938,0,0,0,0,0.998884
Ch6-OV-Exact-Full,44.135,415,61,ExactBaseline,1,1,0.00500691,2.07944,2.30259,5,6.52408,0,0,0,0,0.993187
Ch6-OV-Exact-Full,44.1399,-1,-1,ExactBaseline,0,0,0,0,2.30259,0,3.43767,0,0,0,0,0.991953
Ch6-OV-Exact-Full,44.1456,-1,-1,ExactBaseline,0,0,0,0,2.30259,0,6.88871,0,0,0,0,0.987371
Ch6-OV-Exact-Full,44.1532,334,157,ExactBaseline,1,1,0.00321466,1.38629,2.30259,4,5.65114,0,0,0,0,0.977093
Ch6-OV-Exact-Full,44.1574,-1,-1,ExactBaseline,0,0,0,0,2.30259,0,5.25713,0,0,0,0,1
Ch6-OV-Exact-Full,44.1784,176,531,ExactBaseline,1,1,0.00485203,2.07944,2.30259,5,1.15732,0,0,0,0,0.988402
Ch6-OV-Exact-Full,44.1793,-1,-1,ExactBaseline,0,0,0,0,2.30259,0,0.430614,0,0,0,0,0.994303
Ch6-OV-Exact-Full,44.1834,31,46,ExactBaseline,1,1,0.00194019,0.693147,2.30259,3,2.71171,0,0,0,0,0.98097
Ch6-OV-Exact-Full,44.1904,252,189,ExactBaseline,1,1,0.00435217,2.07944,2.30259,5,3.74597,0,0,0,0,0.998884
Ch6-OV-Exact-Full,44.1926,-1,-1,ExactBaseline,0,0,0,0,2.30259,0,4.40474,0,0,0,0,0.984024
Ch6-OV-Exact-Full,44.1953,-1,-1,ExactBaseline,0,0,0,0,2.30259,0,4.26523,0,0,0,0,0.990837
Ch6-OV-Exact-Full,44.2042,382,258,ExactBaseline,1,1,0.00436894,2.07944,2.30259,5,5.72334,0,0,0,0,0.993187
Ch6-OV-Exact-Full,44.2047,372,507,ExactBaseline,1,1,0.00315584,1.38629,2.30259,4,3.83776,0,0,0,0,0.98514
Ch6-OV-Exact-Full,44.2062,-1,-1,ExactBaseline,0,0,0,0,2.30259,0,2.83001,0,0,0,0,1
Ch6-OV-Exact-Full,44.2077,-1,-1,ExactBaseline,0,0,0,0,2.30259,0,0.330749,0,0,0,0,1
Ch6-OV-Exact-Full,44.2109,-1,-1,ExactBaseline,0,0,0,0,2.30259,0,4.98761,0,0,0,0,0.986787
Ch6-OV-Exact-Full,44.2136,410,124,ExactBaseline,1,1,0.00483847,2.07944,2.30259,5,1.19692,0,0,0,0,0.995214
Ch6-OV-Exact-Full,44.2225,416,77,ExactBaseline,1,1,0.00437394,2.07944,2.30259,5,7.33079,0,0,0,0,0.998884
Ch6-OV-Exact-Full,44.2301,-1,-1,ExactBaseline,0,0,0,0,2.30259,0,3.57185,0,0,0,0,1
Ch6-OV-Exact-Full,44.2355,-1,-1,ExactBaseline,0,0,0,0,2.30259,0,0.517801,0,0,0,0,0.995419
Ch6-OV-Exact-Full,44.2357,-1,-1,ExactBaseline,0,0,0,0,2.30259,0,0.286883,0,0,0,0,1
Ch6-OV-Exact-Full,44.2358,-1,-1,ExactBaseline,0,0,0,0,2.30259,0,3.86106,0,0,0,0,0.997769
Ch6-OV-Exact-Full,44.2418,70,579,ExactBaseline,1,1,0.00314827,1.38629,2.30259,4,2.44163,0,0,0,0,0.985296
Ch6-OV-Exact-Full,44.2419,-1,-1,ExactBaseline,0,0,0,0,2.30259,0,5.44881,0,0,0,0,0.989721
Ch6-OV-Exact-Full,44.2515,-1,-1,ExactBaseline,0,0,0,0,2.30259,0,4.30438,0,0,0,0,1
Ch6-OV-Exact-Full,44.2527,-1,-1,ExactBaseline,0,0,0,0,2.30259,0,1.83272,0,0,0,0,0.98279
Ch6-OV-Exact-Full,44.2538,-1,-1,ExactBaseline,0,0,0,0,2.30259,0,3.40861,0,0,0,0,0.993187
Ch6-OV-Exact-Full,44.2604,-1,-1,ExactBaseline,0,0,0,0,2.30259,0,0.20974,0,0,0,0,1
Ch6-OV-Exact-Full,44.2636,-1,-1,ExactBaseline,0,0,0,0,2.30259,0,9.84529,0,0,0,0,0.988606
Ch6-OV-Exact-Full,44.2775,-1,-1,ExactBaseline,0,0,0,0,2.30259,0,3.64188,0,0,0,0,1
Ch6-OV-Exact-Full,44.2778,-1,-1,ExactBaseline,0,0,0,0,2.30259,0,0.279077,0,0,0,0,1
Ch6-OV-Exact-Full,44.2778,361,418,ExactBaseline,1,1,0.00437722,2.07944,2.30259,5,2.50026,0,0,0,0,0.997564
Ch6-OV-Exact-Full,44.2818,476,186,ExactBaseline,1,1,0.0036545,1.38629,2.30259,4,5.32869,0,0,0,0,0.995419
Ch6-OV-Exact-Full,44.2842,-1,-1,ExactBaseline,0,0,0,0,2.30259,0,6.20387,0,0,0,0,0.987371
Ch6-OV-Exact-Full,44.2865,-1,-1,ExactBaseline,0,0,0,0,2.30259,0,6.31845,0,0,0,0,0.973627
Ch6-OV-Exact-Full,44.2908,395,216,ExactBaseline,1,1,0.00434429,2.07944,2.30259,5,7.02307,0,0,0,0,0.996653
Ch6-OV-Exact-Full,44.2951,172,582,ExactBaseline,1,1,0.00316564,1.38629,2.30259,4,6.15779,0,0,0,0,0.952951
Ch6-OV-Exact-Full,44.2951,-1,-1,ExactBaseline,0,0,0,0,2.30259,0,1.56797,0,0,0,0,1
Ch6-OV-Exact-Full,44.2955,413,157,ExactBaseline,1,1,0.00480524,2.07944,2.30259,5,3.05714,0,0,0,0,0.998884
Ch6-OV-Exact-Full,44.302,-1,-1,ExactBaseline,0,0,0,0,2.30259,0,7.69897,0,0,0,0,0.980558
Ch6-OV-Exact-Full,44.3132,-1,-1,ExactBaseline,0,0,0,0,2.30259,0,6.39926,0,0,0,0,0.995419
Ch6-OV-Exact-Full,44.3145,-1,-1,ExactBaseline,0,0,0,0,2.30259,0,5.99576,0,0,0,0,1
Ch6-OV-Exact-Full,44.3166,-1,-1,ExactBaseline,0,0,0,0,2.30259,0,8.22304,0,0,0,0,0.984024
Ch6-OV-Exact-Full,44.3228,-1,-1,ExactBaseline,0,0,0,0,2.30259,0,3.08302,0,0,0,0,0.994099
Ch6-OV-Exact-Full,44.323,325,157,ExactBaseline,1,1,0.00204701,0.693147,2.30259,3,6.73984,0,0,0,0,0.98279
Ch6-OV-Exact-Full,44.3245,-1,-1,ExactBaseline,0,0,0,0,2.30259,0,7.01518,0,0,0,0,0.987902
Ch6-OV-Exact-Full,44.3289,77,274,ExactBaseline,1,1,0.00315386,1.23214,2.30259,4,2.48162,0,0,0,0,0.983253
Ch6-OV-Exact-Full,44.3353,-1,-1,ExactBaseline,0,0,0,0,2.30259,0,3.82297,0,0,0,0,1
Ch6-OV-Exact-Full,44.3403,293,273,ExactBaseline,1,1,0.0034042,1.38629,2.30259,4,3.82394,0,0,0,0,0.994303
Ch6-OV-Exact-Full,44.3412,-1,-1,ExactBaseline,0,0,0,0,2.30259,0,0.276566,0,0,0,0,1
Ch6-OV-Exact-Full,44.3412,-1,-1,ExactBaseline,0,0,0,0,2.30259,0,4.65675,0,0,0,0,0.989721
Ch6-OV-Exact-Full,44.3419,32,216,ExactBaseline,1,1,0.00434407,2.07944,2.30259,5,6.51908,0,0,0,0,0.966715
Ch6-OV-Exact-Full,44.3441,-1,-1,ExactBaseline,0,0,0,0,2.30259,0,1.70521,0,0,0,0,0.996653
Ch6-OV-Exact-Full,44.3471,-1,-1,ExactBaseline,0,0,0,0,2.30259,0,1.39754,0,0,0,0,0.983906
Ch6-OV-Exact-Full,44.3492,-1,-1,ExactBaseline,0,0,0,0,2.30259,0,5.36932,0,0,0,0,1
Ch6-OV-Exact-Full,44.3497,202,291,ExactBaseline,1,1,0.00433704,2.07944,2.30259,5,4.4302,0,0,0,0,0.995537
Ch6-OV-Exact-Full,44.3501,304,273,ExactBaseline,1,1,0.00482052,2.07944,2.30259,5,3.41311,0,0,0,0,0.994303
Ch6-OV-Exact-Full,44.3569,-1,-1,ExactBaseline,0,0,0,0,2.30259,0,0.434293,0,0,0,0,1
Ch6-OV-Exact-Full,44.3574,-1,-1,ExactBaseline,0,0,0,0,2.30259,0,0.342149,0,0,0,0,1
Ch6-OV-Exact-Full,44.3578,393,207,ExactBaseline,1,1,0.00317226,1.38629,2.30259,4,6.52202,0,0,0,0,0.987371
Ch6-OV-Exact-Full,44.3782,-1,-1,ExactBaseline,0,0,0,0,2.30259,0,7.39942,0,0,0,0,1
Ch6-OV-Exact-Full,44.3898,384,101,ExactBaseline,1,1,0.00316915,1.38629,2.30259,4,2.653,0,0,0,0,0.988606
Ch6-OV-Exact-Full,44.3937,269,158,ExactBaseline,1,1,0.00243277,0.693147,2.30259,3,3.18414,0,0,0,0,0.990837
Ch6-OV-Exact-Full,44.408,-1,-1,ExactBaseline,0,0,0,0,2.30259,0,4.00251,0,0,0,0,0.962114
Ch6-OV-Exact-Full,44.4199,-1,-1,ExactBaseline,0,0,0,0,2.30259,0,3.15405,0,0,0,0,0.990633
Ch6-OV-Exact-Full,44.4242,314,332,ExactBaseline,1,1,0.00316594,1.38629,2.30259,4,4.29856,0,0,0,0,0.991749
Ch6-OV-Exact-Full,44.4294,-1,-1,ExactBaseline,0,0,0,0,2.30259,0,4.12244,0,0,0,0,1
Ch6-OV-Exact-Full,44.4333,-1,-1,ExactBaseline,0,0,0,0,2.30259,0,3.09888,0,0,0,0,1
Ch6-OV-Exact-Full,44.4384,-1,-1,ExactBaseline,0,0,0,0,2.30259,0,3.06424,0,0,0,0,0.998884
Ch6-OV-Exact-Full,44.4471,128,295,ExactBaseline,1,1,0.00195478,0.693147,2.30259,3,3.75305,0,0,0,0,0.975858
Ch6-OV-Exact-Full,44.4483,-1,-1,ExactBaseline,0,0,0,0,2.30259,0,7.35423,0,0,0,0,1
Ch6-OV-Exact-Full,44.4532,-1,-1,ExactBaseline,0,0,0,0,2.30259,0,7.03759,0,0,0,0,0.995419
Ch6-OV-Exact-Full,44.4552,434,481,ExactBaseline,1,1,0.00316614,1.38629,2.30259,4,5.92615,0,0,0,0,0.995419
Ch6-OV-Exact-Full,44.4663,-1,-1,ExactBaseline,0,0,0,0,2.30259,0,0.306443,0,0,0,0,0.986256
Ch6-OV-Exact-Full,44.4678,-1,-1,ExactBaseline,0,0,0,0,2.30259,0,3.30463,0,0,0,0,0.998884
Ch6-OV-Exact-Full,44.472,205,419,ExactBaseline,1,1,0.0031399,1.38629,2.30259,4,4.33328,0,0,0,0,0.98514
Ch6-OV-Exact-Full,44.473,-1,-1,ExactBaseline,0,0,0,0,2.30259,0,0.314672,0,0,0,0,0.99868
Ch6-OV-Exact-Full,44.4805,258,180,ExactBaseline,1,1,0.00315789,1.38629,2.30259,4,2.37479,0,0,0,0,0.994303
Ch6-OV-Exact-Full,44.4806,-1,-1,ExactBaseline,0,0,0,0,2.30259,0,0.942945,0,0,0,0,0.998884
Ch6-OV-Exact-Full,44.4809,-1,-1,ExactBaseline,0,0,0,0,2.30259,0,4.6554,0,0,0,0,0.990837
Ch6-OV-Exact-Full,44.4818,-1,-1,ExactBaseline,0,0,0,0,2.30259,0,3.57166,0,0,0,0,0.998884
Ch6-OV-Exact-Full,44.5044,-1,-1,ExactBaseline,0,0,0,0,2.30259,0,3.64256,0,0,0,0,0.992776
Ch6-OV-Exact-Full,44.505,366,466,ExactBaseline,1,1,0.00439289,2.07944,2.30259,5,4.89231,0,0,0,0,0.992071
Ch6-OV-Exact-Full,44.5051,390,474,ExactBaseline,1,1,0.00482219,2.07944,2.30259,5,5.11905,0,0,0,0,0.993187
Ch6-OV-Exact-Full,44.5057,401,294,ExactBaseline,1,1,0.003654,1.38629,2.30259,4,2.89746,0,0,0,0,0.995419
Ch6-OV-Exact-Full,44.5096,-1,-1,ExactBaseline,0,0,0,0,2.30259,0,4.9335,0,0,0,0,0.98514
Ch6-OV-Exact-Full,44.5123,-1,-1,ExactBaseline,0,0,0,0,2.30259,0,7.08931,0,0,0,0,0.998884
Ch6-OV-Exact-Full,44.5148,-1,-1,ExactBaseline,0,0,0,0,2.30259,0,2.69315,0,0,0,0,0.995419
Ch6-OV-Exact-Full,44.5159,-1,-1,ExactBaseline,0,0,0,0,2.30259,0,2.18644,0,0,0,0,1
Ch6-OV-Exact-Full,44.5204,-1,-1,ExactBaseline,0,0,0,0,2.30259,0,0.383444,0,0,0,0,1
Ch6-OV-Exact-Full,44.5228,224,274,ExactBaseline,1,1,0.00196036,0.693147,2.30259,3,2.99681,0,0,0,0,0.977093
Ch6-OV-Exact-Full,44.5283,-1,-1,ExactBaseline,0,0,0,0,2.30259,0,2.17206,0,0,0,0,0.997769
Ch6-OV-Exact-Full,44.5294,294,260,ExactBaseline,1,1,0.00360526,1.38629,2.30259,4,7.6818,0,0,0,0,0.978208
Ch6-OV-Exact-Full,44.5382,142,500,ExactBaseline,1,1,0.00482756,2.07944,2.30259,5,4.59091,0,0,0,0,0.996653
Ch6-OV-Exact-Full,44.544,-1,-1,ExactBaseline,0,0,0,0,2.30259,0,4.64239,0,0,0,0,1
Ch6-OV-Exact-Full,44.5485,-1,-1,ExactBaseline,0,0,0,0,2.30259,0,1.11071,0,0,0,0,0.995419
Ch6-OV-Exact-Full,44.5491,-1,-1,ExactBaseline,0,0,0,0,2.30259,0,4.08863,0,0,0,0,0.988606
Ch6-OV-Exact-Full,44.5504,-1,-1,ExactBaseline,0,0,0,0,2.30259,0,5.94654,0,0,0,0,1
Ch6-OV-Exact-Full,44.5514,-1,-1,ExactBaseline,0,0,0,0,2.30259,0,0.135269,0,0,0,0,1
Ch6-OV-Exact-Full,44.5548,-1,-1,ExactBaseline,0,0,0,0,2.30259,0,1.50111,0,0,0,0,0.997769
Ch6-OV-Exact-Full,44.5608,-1,-1,ExactBaseline,0,0,0,0,2.30259,0,6.29484,0,0,0,0,0.990837
Ch6-OV-Exact-Full,44.5659,-1,-1,ExactBaseline,0,0,0,0,2.30259,0,5.38664,0,0,0,0,0.996653
Ch6-OV-Exact-Full,44.5684,-1,-1,ExactBaseline,0,0,0,0,2.30259,0,6.08847,0,0,0,0,0.971396
Ch6-OV-Exact-Full,44.5709,-1,-1,ExactBaseline,0,0,0,0,2.30259,0,5.71875,0,0,0,0,0.989721
Ch6-OV-Exact-Full,44.5712,292,336,ExactBaseline,1,1,0.00193865,0.693147,2.30259,3,4.28231,0,0,0,0,0.991953
Ch6-OV-Exact-Full,44.5861,281,65,ExactBaseline,1,1,0.00441443,2.26176,2.30259,5,1.99062,0,0,0,0,0.99868
Ch6-OV-Exact-Full,44.5938,-1,-1,ExactBaseline,0,0,0,0,2.30259,0,0.311403,0,0,0,0,1
Ch6-OV-Exact-Full,44.602,-1,-1,ExactBaseline,0,0,0,0,2.30259,0,4.66453,0,0,0,0,0.985963
Ch6-OV-Exact-Full,44.6026,-1,-1,ExactBaseline,0,0,0,0,2.30259,0,5.64687,0,0,0,0,0.970161
Ch6-OV-Exact-Full,44.6081,377,272,ExactBaseline,1,1,0.00434479,2.07944,2.30259,5,5.60464,0,0,0,0,0.986256
Ch6-OV-Exact-Full,44.6121,-1,-1,ExactBaseline,0,0,0,0,2.30259,0,0.2149,0,0,0,0,1
Ch6-OV-Exact-Full,44.6161,100,199,ExactBaseline,1,1,0.00438598,2.07944,2.30259,5,7.5317,0,0,0,0,0.993187
Ch6-OV-Exact-Full,44.6168,-1,-1,ExactBaseline,0,0,0,0,2.30259,0,0.008992,0,0,0,0,1
Ch6-OV-Exact-Full,44.6179,-1,-1,ExactBaseline,0,0,0,0,2.30259,0,0.052239,0,0,0,0,1
Ch6-OV-Exact-Full,44.6187,-1,-1,ExactBaseline,0,0,0,0,2.30259,0,0.480139,0,0,0,0,0.995419
Ch6-OV-Exact-Full,44.6248,-1,-1,ExactBaseline,0,0,0,0,2.30259,0,0.249191,0,0,0,0,0.994303
Ch6-OV-Exact-Full,44.6323,97,178,ExactBaseline,1,1,0.00439404,2.07944,2.30259,5,4.84172,0,0,0,0,0.980558
Ch6-OV-Exact-Full,44.6375,402,40,ExactBaseline,1,1,0.00320638,1.38629,2.30259,4,3.1513,0,0,0,0,0.994303
Ch6-OV-Exact-Full,44.6379,-1,-1,ExactBaseline,0,0,0,0,2.30259,0,6.06727,0,0,0,0,0.972307
Ch6-OV-Exact-Full,44.6464,135,309,ExactBaseline,1,1,0.00201105,0.693147,2.30259,3,5.8934,0,0,0,0,0.979324
Ch6-OV-Exact-Full,44.6521,-1,-1,ExactBaseline,0,0,0,0,2.30259,0,3.34754,0,0,0,0,0.987371
Ch6-OV-Exact-Full,44.6524,-1,-1,ExactBaseline,0,0,0,0,2.30259,0,3.64982,0,0,0,0,1
Ch6-OV-Exact-Full,44.6532,-1,-1,ExactBaseline,0,0,0,0,2.30259,0,0.834158,0,0,0,0,0.995419
Ch6-OV-Exact-Full,44.6705,381,339,ExactBaseline,1,1,0.00203094,0.693147,2.30259,3,4.99562,0,0,0,0,0.989721
Ch6-OV-Exact-Full,44.6751,-1,-1,ExactBaseline,0,0,0,0,2.30259,0,5.14781,0,0,0,0,0.988606
Ch6-OV-Exact-Full,44.6782,-1,-1,ExactBaseline,0,0,0,0,2.30259,0,5.23694,0,0,0,0,0.989721
Ch6-OV-Exact-Full,44.6796,-1,-1,ExactBaseline,0,0,0,0,2.30259,0,0.25167,0,0,0,0,0.998884
Ch6-OV-Exact-Full,44.68,-1,-1,ExactBaseline,0,0,0,0,2.30259,0,2.94095,0,0,0,0,0.995419
Ch6-OV-Exact-Full,44.6815,-1,-1,ExactBaseline,0,0,0,0,2.30259,0,0.010289,0,0,0,0,1
Ch6-OV-Exact-Full,44.6816,-1,-1,ExactBaseline,0,0,0,0,2.30259,0,3.05418,0,0,0,0,0.991953
Ch6-OV-Exact-Full,44.6837,-1,-1,ExactBaseline,0,0,0,0,2.30259,0,2.6953,0,0,0,0,1
Ch6-OV-Exact-Full,44.6845,-1,-1,ExactBaseline,0,0,0,0,2.30259,0,0.246037,0,0,0,0,0.995419
Ch6-OV-Exact-Full,44.6874,-1,-1,ExactBaseline,0,0,0,0,2.30259,0,7.43986,0,0,0,0,1
Ch6-OV-Exact-Full,44.691,418,155,ExactBaseline,1,1,0.00447173,2.07944,2.30259,5,6.28539,0,0,0,0,0.998884
Ch6-OV-Exact-Full,44.6935,-1,-1,ExactBaseline,0,0,0,0,2.30259,0,3.47067,0,0,0,0,0.987371
Ch6-OV-Exact-Full,44.7032,343,146,ExactBaseline,1,1,0.00440786,2.07944,2.30259,5,5.1105,0,0,0,0,0.997769
Ch6-OV-Exact-Full,44.7036,-1,-1,ExactBaseline,0,0,0,0,2.30259,0,2.04299,0,0,0,0,1
Ch6-OV-Exact-Full,44.7041,189,391,ExactBaseline,1,1,0.00330613,1.38629,2.30259,4,6.09518,0,0,0,0,0.993187
Ch6-OV-Exact-Full,44.7076,15,564,ExactBaseline,1,1,0.00326989,1.38629,2.30259,4,1.58727,0,0,0,0,0.995419
Ch6-OV-Exact-Full,44.7087,446,266,ExactBaseline,1,1,0.00436155,2.07944,2.30259,5,4.09327,0,0,0,0,0.998884
Ch6-OV-Exact-Full,44.71,-1,-1,ExactBaseline,0,0,0,0,2.30259,0,2.30238,0,0,0,0,0.995419
Ch6-OV-Exact-Full,44.7161,-1,-1,ExactBaseline,0,0,0,0,2.30259,0,0.267448,0,0,0,0,1
Ch6-OV-Exact-Full,44.7161,-1,-1,ExactBaseline,0,0,0,0,2.30259,0,3.59361,0,0,0,0,1
Ch6-OV-Exact-Full,44.7175,218,126,ExactBaseline,1,1,0.00360087,1.38629,2.30259,4,7.33762,0,0,0,0,0.96793
Ch6-OV-Exact-Full,44.7232,-1,-1,ExactBaseline,0,0,0,0,2.30259,0,3.54664,0,0,0,0,1
Ch6-OV-Exact-Full,44.7461,150,589,ExactBaseline,1,1,0.00473688,2.07944,2.30259,5,3.45274,0,0,0,0,0.990837
Ch6-OV-Exact-Full,44.7635,-1,-1,ExactBaseline,0,0,0,0,2.30259,0,2.11657,0,0,0,0,0.995419
Ch6-OV-Exact-Full,44.7673,-1,-1,ExactBaseline,0,0,0,0,2.30259,0,4.62875,0,0,0,0,0.990837
Ch6-OV-Exact-Full,44.7701,-1,-1,ExactBaseline,0,0,0,0,2.30259,0,5.54081,0,0,0,0,1
Ch6-OV-Exact-Full,44.7778,-1,-1,ExactBaseline,0,0,0,0,2.30259,0,2.98995,0,0,0,0,1
Ch6-OV-Exact-Full,44.7786,-1,-1,ExactBaseline,0,0,0,0,2.30259,0,2.08614,0,0,0,0,0.998884
Ch6-OV-Exact-Full,44.7797,-1,-1,ExactBaseline,0,0,0,0,2.30259,0,8.4012,0,0,0,0,0.998884
Ch6-OV-Exact-Full,44.7823,-1,-1,ExactBaseline,0,0,0,0,2.30259,0,6.24748,0,0,0,0,0.992071
Ch6-OV-Exact-Full,44.7889,-1,-1,ExactBaseline,0,0,0,0,2.30259,0,0.769889,0,0,0,0,1
Ch6-OV-Exact-Full,44.7925,-1,-1,ExactBaseline,0,0,0,0,2.30259,0,4.67689,0,0,0,0,1
Ch6-OV-Exact-Full,44.7955,-1,-1,ExactBaseline,0,0,0,0,2.30259,0,0.335824,0,0,0,0,1
Ch6-OV-Exact-Full,44.7959,-1,-1,ExactBaseline,0,0,0,0,2.30259,0,1.65301,0,0,0,0,0.98279
Ch6-OV-Exact-Full,44.8035,-1,-1,ExactBaseline,0,0,0,0,2.30259,0,2.80498,0,0,0,0,0.995214
Ch6-OV-Exact-Full,44.8078,133,288,ExactBaseline,1,1,0.00363906,1.38629,2.30259,4,8.08714,0,0,0,0,0.986256
Ch6-OV-Exact-Full,44.8095,-1,-1,ExactBaseline,0,0,0,0,2.30259,0,0.010067,0,0,0,0,1
Ch6-OV-Exact-Full,44.8128,-1,-1,ExactBaseline,0,0,0,0,2.30259,0,4.60626,0,0,0,0,1
Ch6-OV-Exact-Full,44.8131,14,542,ExactBaseline,1,1,0.00484484,1.77406,2.30259,5,1.14341,0,0,0,0,0.995126
Ch6-OV-Exact-Full,44.8149,-1,-1,ExactBaseline,0,0,0,0,2.30259,0,4.49728,0,0,0,0,1
Ch6-OV-Exact-Full,44.8175,-1,-1,ExactBaseline,0,0,0,0,2.30259,0,7.19954,0,0,0,0,0.989721
Ch6-OV-Exact-Full,44.821,339,466,ExactBaseline,1,1,0.00436614,2.07944,2.30259,5,5.74643,0,0,0,0,0.989721
Ch6-OV-Exact-Full,44.8237,-1,-1,ExactBaseline,0,0,0,0,2.30259,0,4.19029,0,0,0,0,0.988606
Ch6-OV-Exact-Full,44.8251,-1,-1,ExactBaseline,0,0,0,0,2.30259,0,5.63995,0,0,0,0,1
Ch6-OV-Exact-Full,44.8279,237,214,ExactBaseline,1,1,0.0044446,2.07944,2.30259,5,8.52669,0,0,0,0,0.990837
Ch6-OV-Exact-Full,44.8285,-1,-1,ExactBaseline,0,0,0,0,2.30259,0,5.52729,0,0,0,0,0.991953
Ch6-OV-Exact-Full,44.8287,-1,-1,ExactBaseline,0,0,0,0,2.30259,0,3.16945,0,0,0,0,0.984024
Ch6-OV-Exact-Full,44.8296,-1,-1,ExactBaseline,0,0,0,0,2.30259,0,5.0959,0,0,0,0,1
Ch6-OV-Exact-Full,44.8351,-1,-1,ExactBaseline,0,0,0,0,2.30259,0,6.87472,0,0,0,0,0.990837
Ch6-OV-Exact-Full,44.8439,-1,-1,ExactBaseline,0,0,0,0,2.30259,0,1.08123,0,0,0,0,0.995419
Ch6-OV-Exact-Full,44.8545,359,368,ExactBaseline,1,1,0.00451662,2.07944,2.30259,5,6.78555,0,0,0,0,0.997769
Ch6-OV-Exact-Full,44.862,-1,-1,ExactBaseline,0,0,0,0,2.30259,0,4.16411,0,0,0,0,1
Ch6-OV-Exact-Full,44.8622,-1,-1,ExactBaseline,0,0,0,0,2.30259,0,7.00423,0,0,0,0,1
Ch6-OV-Exact-Full,44.8758,-1,-1,ExactBaseline,0,0,0,0,2.30259,0,3.2915,0,0,0,0,0.993187
Ch6-OV-Exact-Full,44.8776,62,293,ExactBaseline,1,1,0.00219625,0.693147,2.30259,3,5.92551,0,0,0,0,0.969046
Ch6-OV-Exact-Full,44.8789,-1,-1,ExactBaseline,0,0,0,0,2.30259,0,4.47011,0,0,0,0,0.988606
Ch6-OV-Exact-Full,44.8886,204,163,ExactBaseline,1,1,0.00364869,1.38629,2.30259,4,7.64271,0,0,0,0,0.979239
Ch6-OV-Exact-Full,44.89,-1,-1,ExactBaseline,0,0,0,0,2.30259,0,6.70795,0,0,0,0,0.981674
Ch6-OV-Exact-Full,44.8901,-1,-1,ExactBaseline,0,0,0,0,2.30259,0,4.06299,0,0,0,0,0.992071
Ch6-OV-Exact-Full,44.8927,296,583,ExactBaseline,1,1,0.00202794,0.693147,2.30259,3,4.8221,0,0,0,0,0.989517
Ch6-OV-Exact-Full,44.8955,-1,-1,ExactBaseline,0,0,0,0,2.30259,0,3.90348,0,0,0,0,1
Ch6-OV-Exact-Full,44.8964,-1,-1,ExactBaseline,0,0,0,0,2.30259,0,4.52712,0,0,0,0,1
Ch6-OV-Exact-Full,44.904,241,378,ExactBaseline,1,1,0.00435677,2.07944,2.30259,5,2.50991,0,0,0,0,0.98749
Ch6-OV-Exact-Full,44.9076,217,91,ExactBaseline,1,1,0.00318112,1.38629,2.30259,4,4.24332,0,0,0,0,0.98147
Ch6-OV-Exact-Full,44.9097,-1,-1,ExactBaseline,0,0,0,0,2.30259,0,3.72468,0,0,0,0,0.990837
Ch6-OV-Exact-Full,44.9132,-1,-1,ExactBaseline,0,0,0,0,2.30259,0,7.56518,0,0,0,0,1
Ch6-OV-Exact-Full,44.9185,449,331,ExactBaseline,1,1,0.00240853,0.693147,2.30259,3,2.79586,0,0,0,0,0.991953
Ch6-OV-Exact-Full,44.9192,-1,-1,ExactBaseline,0,0,0,0,2.30259,0,3.18315,0,0,0,0,1
Ch6-OV-Exact-Full,44.9193,488,602,ExactBaseline,1,1,0.00437632,2.07944,2.30259,5,2.57737,0,0,0,0,0.998884
Ch6-OV-Exact-Full,44.9205,-1,-1,ExactBaseline,0,0,0,0,2.30259,0,9.3085,0,0,0,0,0.991182
Ch6-OV-Exact-Full,44.9268,-1,-1,ExactBaseline,0,0,0,0,2.30259,0,5.99092,0,0,0,0,1
Ch6-OV-Exact-Full,44.9403,-1,-1,ExactBaseline,0,0,0,0,2.30259,0,3.69766,0,0,0,0,0.98279
Ch6-OV-Exact-Full,44.9447,-1,-1,ExactBaseline,0,0,0,0,2.30259,0,5.18567,0,0,0,0,0.998884
Ch6-OV-Exact-Full,44.9471,-1,-1,ExactBaseline,0,0,0,0,2.30259,0,6.89444,0,0,0,0,0.994303
Ch6-OV-Exact-Full,44.9482,-1,-1,ExactBaseline,0,0,0,0,2.30259,0,3.50491,0,0,0,0,1
Ch6-OV-Exact-Full,44.9512,-1,-1,ExactBaseline,0,0,0,0,2.30259,0,3.41067,0,0,0,0,1
Ch6-OV-Exact-Full,44.9538,442,281,ExactBaseline,1,1,0.0048283,2.07944,2.30259,5,4.97322,0,0,0,0,0.998884
Ch6-OV-Exact-Full,44.9654,-1,-1,ExactBaseline,0,0,0,0,2.30259,0,9.45167,0,0,0,0,0.978725
Ch6-OV-Exact-Full,44.9679,-1,-1,ExactBaseline,0,0,0,0,2.30259,0,7.19011,0,0,0,0,0.98279
Ch6-OV-Exact-Full,44.9687,-1,-1,ExactBaseline,0,0,0,0,2.30259,0,6.82008,0,0,0,0,0.998884
Ch6-OV-Exact-Full,44.9692,-1,-1,ExactBaseline,0,0,0,0,2.30259,0,5.08707,0,0,0,0,1
Ch6-OV-Exact-Full,44.9708,403,379,ExactBaseline,1,1,0.00437347,2.07944,2.30259,5,4.32687,0,0,0,0,0.993187
Ch6-OV-Exact-Full,44.978,117,84,ExactBaseline,1,1,0.00445651,2.07944,2.30259,5,2.7056,0,0,0,0,0.994303
Ch6-OV-Exact-Full,44.9809,-1,-1,ExactBaseline,0,0,0,0,2.30259,0,7.10287,0,0,0,0,1
Ch6-OV-Exact-Full,44.9851,-1,-1,ExactBaseline,0,0,0,0,2.30259,0,0.394967,0,0,0,0,1
Ch6-OV-Exact-Full,44.9864,462,365,ExactBaseline,1,1,0.0043803,2.07944,2.30259,5,6.12612,0,0,0,0,0.998884
Ch6-OV-Exact-Full,44.9966,-1,-1,ExactBaseline,0,0,0,0,2.30259,0,6.12479,0,0,0,0,0.998884
Ch6-OV-Exact-Full,45.001,-1,-1,ExactBaseline,0,0,0,0,2.30259,0,2.2363,0,0,0,0,1
Ch6-OV-Exact-Full,45.0026,433,359,ExactBaseline,1,1,0.0043797,2.07944,2.30259,5,5.65848,0,0,0,0,0.994303
Ch6-OV-Exact-Full,45.0045,-1,-1,ExactBaseline,0,0,0,0,2.30259,0,5.06623,0,0,0,0,0.979324
Ch6-OV-Exact-Full,45.0085,-1,-1,ExactBaseline,0,0,0,0,2.30259,0,2.07043,0,0,0,0,1
Ch6-OV-Exact-Full,45.014,226,201,ExactBaseline,1,1,0.00545796,2.07944,2.30259,5,1.39876,0,0,0,0,0.996449
Ch6-OV-Exact-Full,45.0174,220,558,ExactBaseline,1,1,0.00239136,0.693147,2.30259,3,3.57674,0,0,0,0,0.980032
Ch6-OV-Exact-Full,45.0189,251,297,ExactBaseline,1,1,0.00445084,2.07944,2.30259,5,6.41616,0,0,0,0,0.98514
Ch6-OV-Exact-Full,45.0244,-1,-1,ExactBaseline,0,0,0,0,2.30259,0,2.74215,0,0,0,0,1
Ch6-OV-Exact-Full,45.0254,-1,-1,ExactBaseline,0,0,0,0,2.30259,0,3.90697,0,0,0,0,1
Ch6-OV-Exact-Full,45.0262,360,198,ExactBaseline,1,1,0.00482392,2.07944,2.30259,5,0.502295,0,0,0,0,0.998884
Ch6-OV-Exact-Full,45.0276,354,109,ExactBaseline,1,1,0.00437481,2.07944,2.30259,5,7.87423,0,0,0,0,0.996653
Ch6-OV-Exact-Full,45.0316,-1,-1,ExactBaseline,0,0,0,0,2.30259,0,0.338157,0,0,0,0,1
Ch6-OV-Exact-Full,45.0358,116,136,ExactBaseline,1,1,0.00195219,0.693147,2.30259,3,2.80203,0,0,0,0,0.982908
Ch6-OV-Exact-Full,45.036,-1,-1,ExactBaseline,0,0,0,0,2.30259,0,2.47611,0,0,0,0,0.997564
Ch6-OV-Exact-Full,45.0454,408,447,ExactBaseline,1,1,0.00435149,2.07944,2.30259,5,7.43346,0,0,0,0,0.998884
Ch6-OV-Exact-Full,45.0478,-1,-1,ExactBaseline,0,0,0,0,2.30259,0,1.18562,0,0,0,0,0.998884
Ch6-OV-Exact-Full,45.0551,233,124,ExactBaseline,1,1,0.00314964,1.38629,2.30259,4,2.78875,0,0,0,0,0.987371
Ch6-OV-Exact-Full,45.0587,20,504,ExactBaseline,1,1,0.00343115,1.08091,2.30259,4,7.86359,0,0,0,0,0.967226
Ch6-OV-Exact-Full,45.059,317,169,ExactBaseline,1,1,0.00546116,2.07944,2.30259,5,4.43761,0,0,0,0,0.996653
Ch6-OV-Exact-Full,45.06,3,333,ExactBaseline,1,1,0.00436168,1.77406,2.30259,5,4.06348,0,0,0,0,0.982497
Ch6-OV-Exact-Full,45.0602,19,148,ExactBaseline,1,1,0.00318429,1.38629,2.30259,4,3.72052,0,0,0,0,0.983613
Ch6-OV-Exact-Full,45.0659,240,339,ExactBaseline,1,1,0.00534203,2.07944,2.30259,5,1.58993,0,0,0,0,0.992212
Ch6-OV-Exact-Full,45.0762,-1,-1,ExactBaseline,0,0,0,0,2.30259,0,4.24543,0,0,0,0,0.988606
Ch6-OV-Exact-Full,45.0793,231,126,ExactBaseline,1,1,0.00314872,1.38629,2.30259,4,6.22234,0,0,0,0,0.994303
Ch6-OV-Exact-Full,45.0793,-1,-1,ExactBaseline,0,0,0,0,2.30259,0,2.48518,0,0,0,0,0.988747
Ch6-OV-Exact-Full,45.0895,-1,-1,ExactBaseline,0,0,0,0,2.30259,0,0.569109,0,0,0,0,1
Ch6-OV-Exact-Full,45.092,111,267,ExactBaseline,1,1,0.00436577,2.07944,2.30259,5,7.08947,0,0,0,0,0.978327
Ch6-OV-Exact-Full,45.0943,-1,-1,ExactBaseline,0,0,0,0,2.30259,0,6.32486,0,0,0,0,0.986396
Ch6-OV-Exact-Full,45.0958,-1,-1,ExactBaseline,0,0,0,0,2.30259,0,7.26006,0,0,0,0,0.990837
Ch6-OV-Exact-Full,45.0993,-1,-1,ExactBaseline,0,0,0,0,2.30259,0,3.72903,0,0,0,0,0.994303
Ch6-OV-Exact-Full,45.1028,-1,-1,ExactBaseline,0,0,0,0,2.30259,0,3.72273,0,0,0,0,0.989721
Ch6-OV-Exact-Full,45.1115,-1,-1,ExactBaseline,0,0,0,0,2.30259,0,0.012917,0,0,0,0,1
Ch6-OV-Exact-Full,45.1136,-1,-1,ExactBaseline,0,0,0,0,2.30259,0,7.38159,0,0,0,0,0.987371
Ch6-OV-Exact-Full,45.1146,-1,-1,ExactBaseline,0,0,0,0,2.30259,0,4.38718,0,0,0,0,1
Ch6-OV-Exact-Full,45.1212,-1,-1,ExactBaseline,0,0,0,0,2.30259,0,0.743054,0,0,0,0,0.998884
Ch6-OV-Exact-Full,45.1231,-1,-1,ExactBaseline,0,0,0,0,2.30259,0,3.37539,0,0,0,0,0.990837
Ch6-OV-Exact-Full,45.1276,276,384,ExactBaseline,1,1,0.00448375,2.07944,2.30259,5,6.07362,0,0,0,0,0.98279
Ch6-OV-Exact-Full,45.1336,187,353,ExactBaseline,1,1,0.00437841,2.07944,2.30259,5,5.1663,0,0,0,0,0.980558
Ch6-OV-Exact-Full,45.1394,-1,-1,ExactBaseline,0,0,0,0,2.30259,0,6.48565,0,0,0,0,0.962114
Ch6-OV-Exact-Full,45.1413,-1,-1,ExactBaseline,0,0,0,0,2.30259,0,0.635511,0,0,0,0,1
Ch6-OV-Exact-Full,45.1437,-1,-1,ExactBaseline,0,0,0,0,2.30259,0,4.97192,0,0,0,0,0.991953
Ch6-OV-Exact-Full,45.1453,-1,-1,ExactBaseline,0,0,0,0,2.30259,0,5.66928,0,0,0,0,0.98279
Ch6-OV-Exact-Full,45.1454,63,201,ExactBaseline,1,1,0.00201415,0.693147,2.30259,3,3.45258,0,0,0,0,0.981674
Ch6-OV-Exact-Full,45.1459,-1,-1,ExactBaseline,0,0,0,0,2.30259,0,4.464,0,0,0,0,0.998884
Ch6-OV-Exact-Full,45.1508,-1,-1,ExactBaseline,0,0,0,0,2.30259,0,3.09176,0,0,0,0,0.993187
Ch6-OV-Exact-Full,45.1512,-1,-1,ExactBaseline,0,0,0,0,2.30259,0,5.14564,0,0,0,0,0.995419
Ch6-OV-Exact-Full,45.1626,-1,-1,ExactBaseline,0,0,0,0,2.30259,0,8.21886,0,0,0,0,0.976682
Ch6-OV-Exact-Full,45.1647,436,504,ExactBaseline,1,1,0.00438336,2.07944,2.30259,5,6.36338,0,0,0,0,0.998884
Ch6-OV-Exact-Full,45.1714,-1,-1,ExactBaseline,0,0,0,0,2.30259,0,6.44455,0,0,0,0,0.965925
Ch6-OV-Exact-Full,45.1747,386,430,ExactBaseline,1,1,0.00438781,2.07944,2.30259,5,3.58641,0,0,0,0,0.990837
Ch6-OV-Exact-Full,45.1794,-1,-1,ExactBaseline,0,0,0,0,2.30259,0,1.07624,0,0,0,0,1
Ch6-OV-Exact-Full,45.1995,-1,-1,ExactBaseline,0,0,0,0,2.30259,0,3.55395,0,0,0,0,1
Ch6-OV-Exact-Full,45.2047,105,476,ExactBaseline,1,1,0.0032003,1.38629,2.30259,4,6.76917,0,0,0,0,0.981793
Ch6-OV-Exact-Full,45.2053,76,161,ExactBaseline,1,1,0.00435918,2.07944,2.30259,5,5.93591,0,0,0,0,0.977556
Ch6-OV-Exact-Full,45.2063,-1,-1,ExactBaseline,0,0,0,0,2.30259,0,7.36701,0,0,0,0,0.974861
Ch6-OV-Exact-Full,45.2158,-1,-1,ExactBaseline,0,0,0,0,2.30259,0,0.265359,0,0,0,0,1
Ch6-OV-Exact-Full,45.2218,112,462,ExactBaseline,1,1,0.00198417,0.693147,2.30259,3,5.41303,0,0,0,0,0.947254
Ch6-OV-Exact-Full,45.2228,-1,-1,ExactBaseline,0,0,0,0,2.30259,0,3.49169,0,0,0,0,0.988951
Ch6-OV-Exact-Full,45.2259,54,153,ExactBaseline,1,1,0.00451085,2.07944,2.30259,5,1.01271,0,0,0,0,0.998884
Ch6-OV-Exact-Full,45.2315,-1,-1,ExactBaseline,0,0,0,0,2.30259,0,9.27833,0,0,0,0,0.996998
Ch6-OV-Exact-Full,45.2342,-1,-1,ExactBaseline,0,0,0,0,2.30259,0,2.75027,0,0,0,0,0.986256
Ch6-OV-Exact-Full,45.2348,153,317,ExactBaseline,1,1,0.00575598,2.07944,2.30259,5,6.30663,0,0,0,0,0.98749
Ch6-OV-Exact-Full,45.2356,432,392,ExactBaseline,1,1,0.00320262,1.38629,2.30259,4,4.59233,0,0,0,0,0.990837
Ch6-OV-Exact-Full,45.237,-1,-1,ExactBaseline,0,0,0,0,2.30259,0,6.08317,0,0,0,0,0.995419
Ch6-OV-Exact-Full,45.2398,285,491,ExactBaseline,1,1,0.00439775,2.07944,2.30259,5,5.50611,0,0,0,0,0.993187
Ch6-OV-Exact-Full,45.242,-1,-1,ExactBaseline,0,0,0,0,2.30259,0,10.2003,0,0,0,0,0.979443
Ch6-OV-Exact-Full,45.2423,-1,-1,ExactBaseline,0,0,0,0,2.30259,0,7.4923,0,0,0,0,0.985259
Ch6-OV-Exact-Full,45.2425,-1,-1,ExactBaseline,0,0,0,0,2.30259,0,7.10715,0,0,0,0,1
Ch6-OV-Exact-Full,45.247,-1,-1,ExactBaseline,0,0,0,0,2.30259,0,1.49966,0,0,0,0,1
Ch6-OV-Exact-Full,45.2504,-1,-1,ExactBaseline,0,0,0,0,2.30259,0,2.0417,0,0,0,0,0.998884
Ch6-OV-Exact-Full,45.2529,-1,-1,ExactBaseline,0,0,0,0,2.30259,0,6.71054,0,0,0,0,1
Ch6-OV-Exact-Full,45.259,-1,-1,ExactBaseline,0,0,0,0,2.30259,0,4.90266,0,0,0,0,0.990837
Ch6-OV-Exact-Full,45.2628,-1,-1,ExactBaseline,0,0,0,0,2.30259,0,4.35924,0,0,0,0,0.991953
Ch6-OV-Exact-Full,45.2636,-1,-1,ExactBaseline,0,0,0,0,2.30259,0,3.66236,0,0,0,0,0.981793
Ch6-OV-Exact-Full,45.2703,-1,-1,ExactBaseline,0,0,0,0,2.30259,0,6.07177,0,0,0,0,1
Ch6-OV-Exact-Full,45.2756,-1,-1,ExactBaseline,0,0,0,0,2.30259,0,0.379135,0,0,0,0,1
Ch6-OV-Exact-Full,45.277,-1,-1,ExactBaseline,0,0,0,0,2.30259,0,3.67005,0,0,0,0,1
Ch6-OV-Exact-Full,45.2773,191,168,ExactBaseline,1,1,0.00438135,2.07944,2.30259,5,4.08221,0,0,0,0,0.994303
Ch6-OV-Exact-Full,45.2786,-1,-1,ExactBaseline,0,0,0,0,2.30259,0,0.280001,0,0,0,0,1
Ch6-OV-Exact-Full,45.2871,-1,-1,ExactBaseline,0,0,0,0,2.30259,0,8.03205,0,0,0,0,0.990837
Ch6-OV-Exact-Full,45.2872,-1,-1,ExactBaseline,0,0,0,0,2.30259,0,7.62848,0,0,0,0,0.971396
Ch6-OV-Exact-Full,45.2892,-1,-1,ExactBaseline,0,0,0,0,2.30259,0,5.22891,0,0,0,0,0.995419
Ch6-OV-Exact-Full,45.2959,-1,-1,ExactBaseline,0,0,0,0,2.30259,0,1.4184,0,0,0,0,1
Ch6-OV-Exact-Full,45.2961,-1,-1,ExactBaseline,0,0,0,0,2.30259,0,8.22335,0,0,0,0,0.994303
Ch6-OV-Exact-Full,45.2966,-1,-1,ExactBaseline,0,0,0,0,2.30259,0,1.29576,0,0,0,0,1
Ch6-OV-Exact-Full,45.2994,-1,-1,ExactBaseline,0,0,0,0,2.30259,0,7.20326,0,0,0,0,0.998884
Ch6-OV-Exact-Full,45.31,-1,-1,ExactBaseline,0,0,0,0,2.30259,0,4.81006,0,0,0,0,1
Ch6-OV-Exact-Full,45.3113,-1,-1,ExactBaseline,0,0,0,0,2.30259,0,0.708907,0,0,0,0,1
Ch6-OV-Exact-Full,45.3116,49,426,ExactBaseline,1,1,0.00358421,1.38629,2.30259,4,0.282976,0,0,0,0,0.995419
Ch6-OV-Exact-Full,45.3139,257,14,ExactBaseline,1,1,0.0043504,2.07944,2.30259,5,4.15632,0,0,0,0,0.977093
Ch6-OV-Exact-Full,45.315,-1,-1,ExactBaseline,0,0,0,0,2.30259,0,6.23415,0,0,0,0,0.995419
Ch6-OV-Exact-Full,45.317,-1,-1,ExactBaseline,0,0,0,0,2.30259,0,1.8915,0,0,0,0,0.979324
Ch6-OV-Exact-Full,45.3184,-1,-1,ExactBaseline,0,0,0,0,2.30259,0,1.79663,0,0,0,0,1
Ch6-OV-Exact-Full,45.3234,-1,-1,ExactBaseline,0,0,0,0,2.30259,0,3.38961,0,0,0,0,1
Ch6-OV-Exact-Full,45.3251,-1,-1,ExactBaseline,0,0,0,0,2.30259,0,2.39451,0,0,0,0,0.992071
Ch6-OV-Exact-Full,45.3293,-1,-1,ExactBaseline,0,0,0,0,2.30259,0,7.37699,0,0,0,0,0.979324
Ch6-OV-Exact-Full,45.3376,179,7,ExactBaseline,1,1,0.00243709,0.693147,2.30259,3,6.57136,0,0,0,0,0.973627
Ch6-OV-Exact-Full,45.3389,445,450,ExactBaseline,1,1,0.00485461,2.07944,2.30259,5,2.44338,0,0,0,0,0.997769
Ch6-OV-Exact-Full,45.3471,-1,-1,ExactBaseline,0,0,0,0,2.30259,0,3.219,0,0,0,0,0.985964
Ch6-OV-Exact-Full,45.3479,227,585,ExactBaseline,1,1,0.00193825,0.693147,2.30259,3,1.43705,0,0,0,0,0.989721
Ch6-OV-Exact-Full,45.3505,-1,-1,ExactBaseline,0,0,0,0,2.30259,0,7.12274,0,0,0,0,0.995419
Ch6-OV-Exact-Full,45.3564,-1,-1,ExactBaseline,0,0,0,0,2.30259,0,3.9165,0,0,0,0,0.998884
Ch6-OV-Exact-Full,45.363,-1,-1,ExactBaseline,0,0,0,0,2.30259,0,1.46443,0,0,0,0,0.994303
Ch6-OV-Exact-Full,45.3637,-1,-1,ExactBaseline,0,0,0,0,2.30259,0,6.60691,0,0,0,0,0.984024
Ch6-OV-Exact-Full,45.3654,7,204,ExactBaseline,1,1,0.00315414,1.38629,2.30259,4,5.65788,0,0,0,0,0.979973
Ch6-OV-Exact-Full,45.3757,-1,-1,ExactBaseline,0,0,0,0,2.30259,0,1.05488,0,0,0,0,0.990837
Ch6-OV-Exact-Full,45.3757,-1,-1,ExactBaseline,0,0,0,0,2.30259,0,1.66629,0,0,0,0,1
Ch6-OV-Exact-Full,45.3768,-1,-1,ExactBaseline,0,0,0,0,2.30259,0,5.63413,0,0,0,0,0.983906
Ch6-OV-Exact-Full,45.3798,352,476,ExactBaseline,1,1,0.00242814,0.693147,2.30259,3,4.85715,0,0,0,0,0.983906
Ch6-OV-Exact-Full,45.3811,-1,-1,ExactBaseline,0,0,0,0,2.30259,0,0.377991,0,0,0,0,1
Ch6-OV-Exact-Full,45.3855,-1,-1,ExactBaseline,0,0,0,0,2.30259,0,2.86392,0,0,0,0,0.991953
Ch6-OV-Exact-Full,45.3911,-1,-1,ExactBaseline,0,0,0,0,2.30259,0,5.05862,0,0,0,0,1
Ch6-OV-Exact-Full,45.4018,275,126,ExactBaseline,1,1,0.00314823,1.38629,2.30259,4,5.69984,0,0,0,0,0.988606
Ch6-OV-Exact-Full,45.4021,-1,-1,ExactBaseline,0,0,0,0,2.30259,0,5.7829,0,0,0,0,1
Ch6-OV-Exact-Full,45.4041,186,370,ExactBaseline,1,1,0.00437201,2.07944,2.30259,5,7.54794,0,0,0,0,0.972511
Ch6-OV-Exact-Full,45.4053,-1,-1,ExactBaseline,0,0,0,0,2.30259,0,3.61759,0,0,0,0,0.994303
Ch6-OV-Exact-Full,45.4068,-1,-1,ExactBaseline,0,0,0,0,2.30259,0,6.38942,0,0,0,0,0.98514
Ch6-OV-Exact-Full,45.416,-1,-1,ExactBaseline,0,0,0,0,2.30259,0,3.70467,0,0,0,0,0.982379
Ch6-OV-Exact-Full,45.4162,-1,-1,ExactBaseline,0,0,0,0,2.30259,0,2.24196,0,0,0,0,1
Ch6-OV-Exact-Full,45.4255,-1,-1,ExactBaseline,0,0,0,0,2.30259,0,5.58235,0,0,0,0,0.978004
Ch6-OV-Exact-Full,45.4256,-1,-1,ExactBaseline,0,0,0,0,2.30259,0,4.95466,0,0,0,0,0.993187
Ch6-OV-Exact-Full,45.4263,195,52,ExactBaseline,1,1,0.00317513,1.38629,2.30259,4,5.92495,0,0,0,0,0.986256
Ch6-OV-Exact-Full,45.4452,-1,-1,ExactBaseline,0,0,0,0,2.30259,0,0.007369,0,0,0,0,1
Ch6-OV-Exact-Full,45.45,394,472,ExactBaseline,1,1,0.00434343,2.07944,2.30259,5,3.82064,0,0,0,0,0.994303
Ch6-OV-Exact-Full,45.4551,-1,-1,ExactBaseline,0,0,0,0,2.30259,0,6.00516,0,0,0,0,0.988606
Ch6-OV-Exact-Full,45.4553,94,235,ExactBaseline,1,1,0.00195853,0.693147,2.30259,3,4.78726,0,0,0,0,0.960998
Ch6-OV-Exact-Full,45.4573,74,579,ExactBaseline,1,1,0.00483162,2.07944,2.30259,5,7.14007,0,0,0,0,0.988606
Ch6-OV-Exact-Full,45.4602,-1,-1,ExactBaseline,0,0,0,0,2.30259,0,1.11991,0,0,0,0,0.994303
Ch6-OV-Exact-Full,45.4665,-1,-1,ExactBaseline,0,0,0,0,2.30259,0,4.20376,0,0,0,0,0.997769
Ch6-OV-Exact-Full,45.4684,-1,-1,ExactBaseline,0,0,0,0,2.30259,0,4.97169,0,0,0,0,1
Ch6-OV-Exact-Full,45.4702,-1,-1,ExactBaseline,0,0,0,0,2.30259,0,0.980266,0,0,0,0,1
Ch6-OV-Exact-Full,45.4708,-1,-1,ExactBaseline,0,0,0,0,2.30259,0,4.79618,0,0,0,0,0.98279
Ch6-OV-Exact-Full,45.4713,-1,-1,ExactBaseline,0,0,0,0,2.30259,0,0.870305,0,0,0,0,0.996653
Ch6-OV-Exact-Full,45.4775,-1,-1,ExactBaseline,0,0,0,0,2.30259,0,0.010393,0,0,0,0,1
Ch6-OV-Exact-Full,45.4817,-1,-1,ExactBaseline,0,0,0,0,2.30259,0,8.88589,0,0,0,0,0.970161
Ch6-OV-Exact-Full,45.4856,405,507,ExactBaseline,1,1,0.00482623,2.07944,2.30259,5,3.3643,0,0,0,0,0.994303
Ch6-OV-Exact-Full,45.499,-1,-1,ExactBaseline,0,0,0,0,2.30259,0,5.45504,0,0,0,0,0.98382
Ch6-OV-Exact-Full,45.5034,-1,-1,ExactBaseline,0,0,0,0,2.30259,0,5.14379,0,0,0,0,0.98749
Ch6-OV-Exact-Full,45.5143,-1,-1,ExactBaseline,0,0,0,0,2.30259,0,3.10727,0,0,0,0,0.990837
Ch6-OV-Exact-Full,45.5147,-1,-1,ExactBaseline,0,0,0,0,2.30259,0,3.23852,0,0,0,0,0.97912
Ch6-OV-Exact-Full,45.5153,348,355,ExactBaseline,1,1,0.00243575,0.693147,2.30259,3,3.75833,0,0,0,0,0.989721
Ch6-OV-Exact-Full,45.5158,-1,-1,ExactBaseline,0,0,0,0,2.30259,0,3.13765,0,0,0,0,0.995419
Ch6-OV-Exact-Full,45.5177,-1,-1,ExactBaseline,0,0,0,0,2.30259,0,1.27995,0,0,0,0,1
Ch6-OV-Exact-Full,45.5178,-1,-1,ExactBaseline,0,0,0,0,2.30259,0,6.59066,0,0,0,0,0.98514
Ch6-OV-Exact-Full,45.5189,364,239,ExactBaseline,1,1,0.0043937,2.26176,2.30259,5,2.15618,0,0,0,0,0.99266
Ch6-OV-Exact-Full,45.5196,113,288,ExactBaseline,1,1,0.00201625,0.693147,2.30259,3,3.52917,0,0,0,0,0.973627
Ch6-OV-Exact-Full,45.5226,-1,-1,ExactBaseline,0,0,0,0,2.30259,0,5.73058,0,0,0,0,0.990837
Ch6-OV-Exact-Full,45.5304,-1,-1,ExactBaseline,0,0,0,0,2.30259,0,3.28909,0,0,0,0,0.983906
Ch6-OV-Exact-Full,45.5349,-1,-1,ExactBaseline,0,0,0,0,2.30259,0,4.48663,0,0,0,0,0.978208
Ch6-OV-Exact-Full,45.547,91,507,ExactBaseline,1,1,0.00319991,1.38629,2.30259,4,6.42539,0,0,0,0,0.964038
Ch6-OV-Exact-Full,45.55,-1,-1,ExactBaseline,0,0,0,0,2.30259,0,3.67664,0,0,0,0,0.996653
Ch6-OV-Exact-Full,45.5512,-1,-1,ExactBaseline,0,0,0,0,2.30259,0,7.41444,0,0,0,0,0.979788
Ch6-OV-Exact-Full,45.5519,158,261,ExactBaseline,1,1,0.00440481,2.07944,2.30259,5,4.69368,0,0,0,0,0.997769
Ch6-OV-Exact-Full,45.5582,-1,-1,ExactBaseline,0,0,0,0,2.30259,0,3.65055,0,0,0,0,1
Ch6-OV-Exact-Full,45.5596,272,10,ExactBaseline,1,1,0.00481597,2.07944,2.30259,5,5.64829,0,0,0,0,0.997769
Ch6-OV-Exact-Full,45.5606,-1,-1,ExactBaseline,0,0,0,0,2.30259,0,6.68913,0,0,0,0,0.981674
Ch6-OV-Exact-Full,45.5727,479,221,ExactBaseline,1,1,0.00199351,0.693147,2.30259,3,3.42589,0,0,0,0,0.991953
Ch6-OV-Exact-Full,45.5749,-1,-1,ExactBaseline,0,0,0,0,2.30259,0,1.84113,0,0,0,0,0.998884
Ch6-OV-Exact-Full,45.5753,-1,-1,ExactBaseline,0,0,0,0,2.30259,0,5.69879,0,0,0,0,0.990837
Ch6-OV-Exact-Full,45.5775,118,340,ExactBaseline,1,1,0.00441691,2.07944,2.30259,5,7.14499,0,0,0,0,0.990837
Ch6-OV-Exact-Full,45.5797,-1,-1,ExactBaseline,0,0,0,0,2.30259,0,0.195326,0,0,0,0,1
Ch6-OV-Exact-Full,45.5867,-1,-1,ExactBaseline,0,0,0,0,2.30259,0,4.57574,0,0,0,0,1
Ch6-OV-Exact-Full,45.5875,-1,-1,ExactBaseline,0,0,0,0,2.30259,0,6.91967,0,0,0,0,0.986374
Ch6-OV-Exact-Full,45.5928,-1,-1,ExactBaseline,0,0,0,0,2.30259,0,0.665741,0,0,0,0,1
Ch6-OV-Exact-Full,45.6138,-1,-1,ExactBaseline,0,0,0,0,2.30259,0,4.5222,0,0,0,0,0.991953
Ch6-OV-Exact-Full,45.6198,-1,-1,ExactBaseline,0,0,0,0,2.30259,0,5.00651,0,0,0,0,0.98749
Ch6-OV-Exact-Full,45.6219,157,386,ExactBaseline,1,1,0.00438595,2.07944,2.30259,5,10.6533,0,0,0,0,0.97713
Ch6-OV-Exact-Full,45.6284,306,281,ExactBaseline,1,1,0.00196187,0.875469,2.30259,3,1.24495,0,0,0,0,0.992864
Ch6-OV-Exact-Full,45.6299,464,302,ExactBaseline,1,1,0.00317371,1.38629,2.30259,4,8.12423,0,0,0,0,0.990837
Ch6-OV-Exact-Full,45.6379,-1,-1,ExactBaseline,0,0,0,0,2.30259,0,5.55884,0,0,0,0,0.992071
Ch6-OV-Exact-Full,45.6456,247,419,ExactBaseline,1,1,0.00360784,1.38629,2.30259,4,6.04052,0,0,0,0,0.972511
Ch6-OV-Exact-Full,45.6511,323,473,ExactBaseline,1,1,0.0036464,1.38629,2.30259,4,7.84998,0,0,0,0,0.990837
Ch6-OV-Exact-Full,45.6516,-1,-1,ExactBaseline,0,0,0,0,2.30259,0,6.63216,0,0,0,0,0.990837
Ch6-OV-Exact-Full,45.6563,140,550,ExactBaseline,1,1,0.00240113,0.693147,2.30259,3,2.67576,0,0,0,0,0.98279
Ch6-OV-Exact-Full,45.6568,-1,-1,ExactBaseline,0,0,0,0,2.30259,0,0.629236,0,0,0,0,0.997769
Ch6-OV-Exact-Full,45.6622,-1,-1,ExactBaseline,0,0,0,0,2.30259,0,4.84974,0,0,0,0,0.997769
Ch6-OV-Exact-Full,45.6634,-1,-1,ExactBaseline,0,0,0,0,2.30259,0,6.56055,0,0,0,0,0.994303
Ch6-OV-Exact-Full,45.6674,-1,-1,ExactBaseline,0,0,0,0,2.30259,0,4.27417,0,0,0,0,0.996653
Ch6-OV-Exact-Full,45.6757,-1,-1,ExactBaseline,0,0,0,0,2.30259,0,8.08173,0,0,0,0,0.993187
Ch6-OV-Exact-Full,45.6782,-1,-1,ExactBaseline,0,0,0,0,2.30259,0,0.952968,0,0,0,0,0.997769
Ch6-OV-Exact-Full,45.6803,-1,-1,ExactBaseline,0,0,0,0,2.30259,0,8.09169,0,0,0,0,0.983906
Ch6-OV-Exact-Full,45.6846,-1,-1,ExactBaseline,0,0,0,0,2.30259,0,7.80577,0,0,0,0,0.979324
Ch6-OV-Exact-Full,45.6868,211,251,ExactBaseline,1,1,0.00203078,0.693147,2.30259,3,4.84578,0,0,0,0,0.98279
Ch6-OV-Exact-Full,45.6869,-1,-1,ExactBaseline,0,0,0,0,2.30259,0,9.98608,0,0,0,0,0.96558
Ch6-OV-Exact-Full,45.6944,-1,-1,ExactBaseline,0,0,0,0,2.30259,0,3.90649,0,0,0,0,0.991953
Ch6-OV-Exact-Full,45.7018,-1,-1,ExactBaseline,0,0,0,0,2.30259,0,1.70375,0,0,0,0,1
Ch6-OV-Exact-Full,45.7094,487,157,ExactBaseline,1,1,0.00319687,1.38629,2.30259,4,10.442,0,0,0,0,0.995419
Ch6-OV-Exact-Full,45.7139,213,278,ExactBaseline,1,1,0.00482147,2.07944,2.30259,5,6.40801,0,0,0,0,0.990956
Ch6-OV-Exact-Full,45.7179,126,275,ExactBaseline,1,1,0.00319657,1.38629,2.30259,4,5.67088,0,0,0,0,0.972511
Ch6-OV-Exact-Full,45.7195,-1,-1,ExactBaseline,0,0,0,0,2.30259,0,7.78319,0,0,0,0,0.990837
Ch6-OV-Exact-Full,45.729,288,405,ExactBaseline,1,1,0.00437998,2.07944,2.30259,5,7.11977,0,0,0,0,0.988606
Ch6-OV-Exact-Full,45.7331,-1,-1,ExactBaseline,0,0,0,0,2.30259,0,5.27176,0,0,0,0,0.987371
Ch6-OV-Exact-Full,45.7333,-1,-1,ExactBaseline,0,0,0,0,2.30259,0,9.69053,0,0,0,0,1
Ch6-OV-Exact-Full,45.7344,-1,-1,ExactBaseline,0,0,0,0,2.30259,0,7.31944,0,0,0,0,0.981674
Ch6-OV-Exact-Full,45.7398,-1,-1,ExactBaseline,0,0,0,0,2.30259,0,5.9076,0,0,0,0,0.953863
Ch6-OV-Exact-Full,45.7419,248,453,ExactBaseline,1,1,0.00408397,1.38629,2.30259,4,7.26766,0,0,0,0,0.974743
Ch6-OV-Exact-Full,45.7496,-1,-1,ExactBaseline,0,0,0,0,2.30259,0,1.44257,0,0,0,0,1
Ch6-OV-Exact-Full,45.7497,151,23,ExactBaseline,1,1,0.00195388,0.693147,2.30259,3,3.91575,0,0,0,0,0.980354
Ch6-OV-Exact-Full,45.7501,106,481,ExactBaseline,1,1,0.00441074,2.07944,2.30259,5,2.79405,0,0,0,0,0.993187
Ch6-OV-Exact-Full,45.7609,-1,-1,ExactBaseline,0,0,0,0,2.30259,0,3.58802,0,0,0,0,0.987371
Ch6-OV-Exact-Full,45.7644,302,121,ExactBaseline,1,1,0.00438802,2.07944,2.30259,5,4.00596,0,0,0,0,0.990956
Ch6-OV-Exact-Full,45.7683,73,365,ExactBaseline,1,1,0.00318324,1.38629,2.30259,4,6.55232,0,0,0,0,0.971396
Ch6-OV-Exact-Full,45.7693,-1,-1,ExactBaseline,0,0,0,0,2.30259,0,7.78259,0,0,0,0,0.986374
Ch6-OV-Exact-Full,45.7715,-1,-1,ExactBaseline,0,0,0,0,2.30259,0,2.21516,0,0,0,0,0.996653
Ch6-OV-Exact-Full,45.7745,-1,-1,ExactBaseline,0,0,0,0,2.30259,0,2.78306,0,0,0,0,1
Ch6-OV-Exact-Full,45.7807,-1,-1,ExactBaseline,0,0,0,0,2.30259,0,1.13681,0,0,0,0,0.997769
Ch6-OV-Exact-Full,45.7913,-1,-1,ExactBaseline,0,0,0,0,2.30259,0,1.06752,0,0,0,0,0.994303
Ch6-OV-Exact-Full,45.7975,441,423,ExactBaseline,1,1,0.0031554,1.38629,2.30259,4,6.64471,0,0,0,0,0.995419
Ch6-OV-Exact-Full,45.7989,-1,-1,ExactBaseline,0,0,0,0,2.30259,0,5.54869,0,0,0,0,0.990837
Ch6-OV-Exact-Full,45.7989,499,220,ExactBaseline,1,1,0.00411551,1.38629,2.30259,4,1.67646,0,0,0,0,0.995419
Ch6-OV-Exact-Full,45.8004,-1,-1,ExactBaseline,0,0,0,0,2.30259,0,8.32612,0,0,0,0,0.978208
Ch6-OV-Exact-Full,45.8162,495,538,ExactBaseline,1,1,0.0043904,2.07944,2.30259,5,0.208058,0,0,0,0,0.998884
Ch6-OV-Exact-Full,45.8169,-1,-1,ExactBaseline,0,0,0,0,2.30259,0,2.9176,0,0,0,0,0.990837
Ch6-OV-Exact-Full,45.8206,-1,-1,ExactBaseline,0,0,0,0,2.30259,0,4.54973,0,0,0,0,0.989721
Ch6-OV-Exact-Full,45.8221,319,187,ExactBaseline,1,1,0.00196994,0.693147,2.30259,3,3.91383,0,0,0,0,0.98279
Ch6-OV-Exact-Full,45.8236,-1,-1,ExactBaseline,0,0,0,0,2.30259,0,4.92205,0,0,0,0,0.989721
Ch6-OV-Exact-Full,45.8346,-1,-1,ExactBaseline,0,0,0,0,2.30259,0,0.889064,0,0,0,0,0.998884
Ch6-OV-Exact-Full,45.8356,-1,-1,ExactBaseline,0,0,0,0,2.30259,0,6.95113,0,0,0,0,0.981674
Ch6-OV-Exact-Full,45.8397,-1,-1,ExactBaseline,0,0,0,0,2.30259,0,5.0523,0,0,0,0,1
Ch6-OV-Exact-Full,45.843,-1,-1,ExactBaseline,0,0,0,0,2.30259,0,5.55556,0,0,0,0,0.994303
Ch6-OV-Exact-Full,45.8452,-1,-1,ExactBaseline,0,0,0,0,2.30259,0,3.93225,0,0,0,0,0.997769
Ch6-OV-Exact-Full,45.8562,-1,-1,ExactBaseline,0,0,0,0,2.30259,0,3.07543,0,0,0,0,0.973042
Ch6-OV-Exact-Full,45.8577,-1,-1,ExactBaseline,0,0,0,0,2.30259,0,0.308325,0,0,0,0,1
Ch6-OV-Exact-Full,45.8589,136,445,ExactBaseline,1,1,0.00361507,1.38629,2.30259,4,7.44756,0,0,0,0,0.98279
Ch6-OV-Exact-Full,45.8632,-1,-1,ExactBaseline,0,0,0,0,2.30259,0,7.47795,0,0,0,0,0.972219
Ch6-OV-Exact-Full,45.8676,414,588,ExactBaseline,1,1,0.00221013,0.693147,2.30259,3,4.17147,0,0,0,0,0.991953
Ch6-OV-Exact-Full,45.8734,-1,-1,ExactBaseline,0,0,0,0,2.30259,0,0.010301,0,0,0,0,1
Ch6-OV-Exact-Full,45.8749,-1,-1,ExactBaseline,0,0,0,0,2.30259,0,3.93185,0,0,0,0,1
Ch6-OV-Exact-Full,45.8791,-1,-1,ExactBaseline,0,0,0,0,2.30259,0,9.57896,0,0,0,0,0.979324
Ch6-OV-Exact-Full,45.8809,-1,-1,ExactBaseline,0,0,0,0,2.30259,0,3.24094,0,0,0,0,1
Ch6-OV-Exact-Full,45.8927,496,178,ExactBaseline,1,1,0.00459805,2.07944,2.30259,5,6.34308,0,0,0,0,0.998884
Ch6-OV-Exact-Full,45.9,-1,-1,ExactBaseline,0,0,0,0,2.30259,0,4.18917,0,0,0,0,0.990837
Ch6-OV-Exact-Full,45.9133,472,510,ExactBaseline,1,1,0.00316676,1.38629,2.30259,4,4.80792,0,0,0,0,0.995419
Ch6-OV-Exact-Full,45.9183,197,87,ExactBaseline,1,1,0.0314929,2.07944,2.30259,5,2.0385,0,0,0,0,0.994421
Ch6-OV-Exact-Full,45.9258,-1,-1,ExactBaseline,0,0,0,0,2.30259,0,7.75819,0,0,0,0,0.996653
Ch6-OV-Exact-Full,45.9298,-1,-1,ExactBaseline,0,0,0,0,2.30259,0,7.33501,0,0,0,0,0.982382
Ch6-OV-Exact-Full,45.9373,156,339,ExactBaseline,1,1,0.00201531,0.693147,2.30259,3,5.85972,0,0,0,0,0.98279
Ch6-OV-Exact-Full,45.943,412,10,ExactBaseline,1,1,0.00442141,2.07944,2.30259,5,7.50732,0,0,0,0,0.994303
Ch6-OV-Exact-Full,45.9444,168,267,ExactBaseline,1,1,0.00435267,2.07944,2.30259,5,9.2974,0,0,0,0,0.990956
Ch6-OV-Exact-Full,45.952,149,546,ExactBaseline,1,1,0.00315131,1.38629,2.30259,4,5.63009,0,0,0,0,0.990956
Ch6-OV-Exact-Full,45.9636,-1,-1,ExactBaseline,0,0,0,0,2.30259,0,6.11593,0,0,0,0,1
Ch6-OV-Exact-Full,45.9719,41,447,ExactBaseline,1,1,0.0036333,1.38629,2.30259,4,6.91487,0,0,0,0,0.983851
Ch6-OV-Exact-Full,45.975,503,210,ExactBaseline,1,1,0.00360626,1.38629,2.30259,4,1.08312,0,0,0,0,0.995419
Ch6-OV-Exact-Full,45.9815,-1,-1,ExactBaseline,0,0,0,0,2.30259,0,3.03498,0,0,0,0,0.99288
Ch6-OV-Exact-Full,45.9821,42,379,ExactBaseline,1,1,0.0043887,2.07944,2.30259,5,2.76297,0,0,0,0,0.988194
Ch6-OV-Exact-Full,45.9851,-1,-1,ExactBaseline,0,0,0,0,2.30259,0,2.32587,0,0,0,0,0.991953
Ch6-OV-Exact-Full,45.9861,-1,-1,ExactBaseline,0,0,0,0,2.30259,0,6.93244,0,0,0,0,0.997769
Ch6-OV-Exact-Full,46.0059,129,518,ExactBaseline,1,1,0.00414372,1.38629,2.30259,4,1.73569,0,0,0,0,0.978208
Ch6-OV-Exact-Full,46.0114,373,387,ExactBaseline,1,1,0.0036025,1.38629,2.30259,4,1.68489,0,0,0,0,0.993187
Ch6-OV-Exact-Full,46.0119,-1,-1,ExactBaseline,0,0,0,0,2.30259,0,5.29283,0,0,0,0,0.974795
Ch6-OV-Exact-Full,46.0153,-1,-1,ExactBaseline,0,0,0,0,2.30259,0,2.61805,0,0,0,0,0.992071
Ch6-OV-Exact-Full,46.0153,21,208,ExactBaseline,1,1,0.00484498,2.07944,2.30259,5,9.93735,0,0,0,0,0.963865
Ch6-OV-Exact-Full,46.0171,24,183,ExactBaseline,1,1,0.00444075,2.07944,2.30259,5,8.05308,0,0,0,0,0.975566
Ch6-OV-Exact-Full,46.0191,10,83,ExactBaseline,1,1,0.00483699,2.07944,2.30259,5,2.26179,0,0,0,0,0.99247
Ch6-OV-Exact-Full,46.0229,486,366,ExactBaseline,1,1,0.00443149,2.07944,2.30259,5,4.68304,0,0,0,0,0.998884
Ch6-OV-Exact-Full,46.0273,2,221,ExactBaseline,1,1,0.00436421,2.07944,2.30259,5,5.78225,0,0,0,0,0.986374
Ch6-OV-Exact-Full,46.0336,-1,-1,ExactBaseline,0,0,0,0,2.30259,0,6.43171,0,0,0,0,0.993187
Ch6-OV-Exact-Full,46.0348,-1,-1,ExactBaseline,0,0,0,0,2.30259,0,2.32964,0,0,0,0,0.985485
Ch6-OV-Exact-Full,46.0396,-1,-1,ExactBaseline,0,0,0,0,2.30259,0,4.26862,0,0,0,0,0.998884
Ch6-OV-Exact-Full,46.0402,-1,-1,ExactBaseline,0,0,0,0,2.30259,0,3.75852,0,0,0,0,0.991953
Ch6-OV-Exact-Full,46.047,453,356,ExactBaseline,1,1,0.0054525,2.07944,2.30259,5,2.88194,0,0,0,0,0.998884
Ch6-OV-Exact-Full,46.0481,249,224,ExactBaseline,1,1,0.00440512,2.07944,2.30259,5,1.54269,0,0,0,0,0.998884
Ch6-OV-Exact-Full,46.0519,-1,-1,ExactBaseline,0,0,0,0,2.30259,0,7.22425,0,0,0,0,0.986719
Ch6-OV-Exact-Full,46.0652,175,214,ExactBaseline,1,1,0.00460023,2.07944,2.30259,5,2.27006,0,0,0,0,0.984024
Ch6-OV-Exact-Full,46.0741,-1,-1,ExactBaseline,0,0,0,0,2.30259,0,0.589097,0,0,0,0,0.999796
Ch6-OV-Exact-Full,46.0772,-1,-1,ExactBaseline,0,0,0,0,2.30259,0,0.276157,0,0,0,0,1
Ch6-OV-Exact-Full,46.0796,-1,-1,ExactBaseline,0,0,0,0,2.30259,0,2.90521,0,0,0,0,0.98514
Ch6-OV-Exact-Full,46.0969,235,47,ExactBaseline,1,1,0.00362704,1.38629,2.30259,4,6.09521,0,0,0,0,0.98514
Ch6-OV-Exact-Full,46.0986,-1,-1,ExactBaseline,0,0,0,0,2.30259,0,4.35997,0,0,0,0,0.990837
Ch6-OV-Exact-Full,46.0994,316,612,ExactBaseline,1,1,0.0020855,0.693147,2.30259,3,3.72214,0,0,0,0,0.979324
Ch6-OV-Exact-Full,46.1025,75,315,ExactBaseline,1,1,0.00315662,1.38629,2.30259,4,2.77663,0,0,0,0,0.989721
Ch6-OV-Exact-Full,46.1094,404,153,ExactBaseline,1,1,0.00439419,2.07944,2.30259,5,3.59964,0,0,0,0,0.997769
Ch6-OV-Exact-Full,46.1103,192,49,ExactBaseline,1,1,0.00480395,2.07944,2.30259,5,1.24223,0,0,0,0,0.993187
Ch6-OV-Exact-Full,46.115,387,429,ExactBaseline,1,1,0.00317684,1.38629,2.30259,4,0.226917,0,0,0,0,0.995419
Ch6-OV-Exact-Full,46.1173,-1,-1,ExactBaseline,0,0,0,0,2.30259,0,6.24708,0,0,0,0,0.990837
Ch6-OV-Exact-Full,46.1207,-1,-1,ExactBaseline,0,0,0,0,2.30259,0,0.219153,0,0,0,0,1
Ch6-OV-Exact-Full,46.1218,250,411,ExactBaseline,1,1,0.00316923,1.38629,2.30259,4,3.23556,0,0,0,0,0.981674
Ch6-OV-Exact-Full,46.1248,371,474,ExactBaseline,1,1,0.00328057,1.38629,2.30259,4,1.277,0,0,0,0,0.995419
Ch6-OV-Exact-Full,46.1296,264,71,ExactBaseline,1,1,0.00363791,1.38629,2.30259,4,1.87583,0,0,0,0,0.986256
Ch6-OV-Exact-Full,46.1318,501,136,ExactBaseline,1,1,0.00435932,2.07944,2.30259,5,2.42478,0,0,0,0,0.998884
Ch6-OV-Exact-Full,46.1332,-1,-1,ExactBaseline,0,0,0,0,2.30259,0,3.06254,0,0,0,0,1
Ch6-OV-Exact-Full,46.1344,362,427,ExactBaseline,1,1,0.00482728,2.07944,2.30259,5,1.87721,0,0,0,0,0.997769
Ch6-OV-Exact-Full,46.135,-1,-1,ExactBaseline,0,0,0,0,2.30259,0,5.76909,0,0,0,0,0.993187
Ch6-OV-Exact-Full,46.1399,174,359,ExactBaseline,1,1,0.00479571,2.07944,2.30259,5,3.55487,0,0,0,0,0.990837
Ch6-OV-Exact-Full,46.142,491,485,ExactBaseline,1,1,0.0031693,1.38629,2.30259,4,4.90876,0,0,0,0,0.995419
Ch6-OV-Exact-Full,46.1456,254,261,ExactBaseline,1,1,0.00438214,2.07944,2.30259,5,8.60034,0,0,0,0,0.986256
Ch6-OV-Exact-Full,46.1532,-1,-1,ExactBaseline,0,0,0,0,2.30259,0,5.95898,0,0,0,0,0.977093
Ch6-OV-Exact-Full,46.1574,-1,-1,ExactBaseline,0,0,0,0,2.30259,0,6.91433,0,0,0,0,1
Ch6-OV-Exact-Full,46.1784,-1,-1,ExactBaseline,0,0,0,0,2.30259,0,0.323369,0,0,0,0,0.988402
Ch6-OV-Exact-Full,46.1793,-1,-1,ExactBaseline,0,0,0,0,2.30259,0,0.539466,0,0,0,0,0.994303
Ch6-OV-Exact-Full,46.1834,31,588,ExactBaseline,1,1,0.0019615,0.693147,2.30259,3,4.82523,0,0,0,0,0.972923
Ch6-OV-Exact-Full,46.1904,-1,-1,ExactBaseline,0,0,0,0,2.30259,0,4.49256,0,0,0,0,0.998884
Ch6-OV-Exact-Full,46.1926,245,38,ExactBaseline,1,1,0.00549321,2.07944,2.30259,5,3.87708,0,0,0,0,0.982908
Ch6-OV-Exact-Full,46.1953,-1,-1,ExactBaseline,0,0,0,0,2.30259,0,3.74761,0,0,0,0,0.990837
Ch6-OV-Exact-Full,46.2042,382,423,ExactBaseline,1,1,0.00197077,0.693147,2.30259,3,5.09983,0,0,0,0,0.98514
Ch6-OV-Exact-Full,46.2047,372,374,ExactBaseline,1,1,0.00195366,0.538997,2.30259,3,2.59622,0,0,0,0,0.976322
Ch6-OV-Exact-Full,46.2062,-1,-1,ExactBaseline,0,0,0,0,2.30259,0,3.69112,0,0,0,0,1
Ch6-OV-Exact-Full,46.2077,-1,-1,ExactBaseline,0,0,0,0,2.30259,0,0.35064,0,0,0,0,1
Ch6-OV-Exact-Full,46.2109,-1,-1,ExactBaseline,0,0,0,0,2.30259,0,6.02356,0,0,0,0,0.986787
Ch6-OV-Exact-Full,46.2136,410,274,ExactBaseline,1,1,0.00438129,2.26176,2.30259,5,1.8095,0,0,0,0,0.99501
Ch6-OV-Exact-Full,46.2225,416,563,ExactBaseline,1,1,0.00440343,2.07944,2.30259,5,9.98837,0,0,0,0,0.997769
Ch6-OV-Exact-Full,46.2301,-1,-1,ExactBaseline,0,0,0,0,2.30259,0,3.16453,0,0,0,0,1
Ch6-OV-Exact-Full,46.2355,-1,-1,ExactBaseline,0,0,0,0,2.30259,0,0.603528,0,0,0,0,0.995419
Ch6-OV-Exact-Full,46.2357,-1,-1,ExactBaseline,0,0,0,0,2.30259,0,0.436152,0,0,0,0,1
Ch6-OV-Exact-Full,46.2358,-1,-1,ExactBaseline,0,0,0,0,2.30259,0,5.65321,0,0,0,0,0.997769
Ch6-OV-Exact-Full,46.2418,-1,-1,ExactBaseline,0,0,0,0,2.30259,0,3.39793,0,0,0,0,0.985296
Ch6-OV-Exact-Full,46.2419,-1,-1,ExactBaseline,0,0,0,0,2.30259,0,4.64848,0,0,0,0,0.989721
Ch6-OV-Exact-Full,46.2515,-1,-1,ExactBaseline,0,0,0,0,2.30259,0,4.91642,0,0,0,0,1
Ch6-OV-Exact-Full,46.2527,152,171,ExactBaseline,1,1,0.00315801,1.38629,2.30259,4,1.1738,0,0,0,0,0.978208
Ch6-OV-Exact-Full,46.2538,-1,-1,ExactBaseline,0,0,0,0,2.30259,0,3.50981,0,0,0,0,0.993187
Ch6-OV-Exact-Full,46.2604,-1,-1,ExactBaseline,0,0,0,0,2.30259,0,0.259642,0,0,0,0,1
Ch6-OV-Exact-Full,46.2636,84,420,ExactBaseline,1,1,0.00319239,1.38629,2.30259,4,9.59983,0,0,0,0,0.984024
Ch6-OV-Exact-Full,46.2775,-1,-1,ExactBaseline,0,0,0,0,2.30259,0,4.05199,0,0,0,0,1
Ch6-OV-Exact-Full,46.2778,134,579,ExactBaseline,1,1,0.00414296,1.38629,2.30259,4,0.264239,0,0,0,0,0.995419
Ch6-OV-Exact-Full,46.2778,-1,-1,ExactBaseline,0,0,0,0,2.30259,0,3.71362,0,0,0,0,0.997564
Ch6-OV-Exact-Full,46.2818,-1,-1,ExactBaseline,0,0,0,0,2.30259,0,4.41267,0,0,0,0,0.995419
Ch6-OV-Exact-Full,46.2842,300,123,ExactBaseline,1,1,0.00437596,2.07944,2.30259,5,5.65348,0,0,0,0,0.986256
Ch6-OV-Exact-Full,46.2865,295,77,ExactBaseline,1,1,0.00439139,2.07944,2.30259,5,9.47474,0,0,0,0,0.972511
Ch6-OV-Exact-Full,46.2908,395,60,ExactBaseline,1,1,0.0031579,1.38629,2.30259,4,6.07164,0,0,0,0,0.992071
Ch6-OV-Exact-Full,46.2951,172,462,ExactBaseline,1,1,0.00196202,0.693147,2.30259,3,4.67137,0,0,0,0,0.944904
Ch6-OV-Exact-Full,46.2951,-1,-1,ExactBaseline,0,0,0,0,2.30259,0,1.36888,0,0,0,0,1
Ch6-OV-Exact-Full,46.2955,-1,-1,ExactBaseline,0,0,0,0,2.30259,0,1.87692,0,0,0,0,0.998884
Ch6-OV-Exact-Full,46.302,-1,-1,ExactBaseline,0,0,0,0,2.30259,0,7.69308,0,0,0,0,0.980558
Ch6-OV-Exact-Full,46.3132,430,130,ExactBaseline,1,1,0.00435961,2.07944,2.30259,5,7.38122,0,0,0,0,0.994303
Ch6-OV-Exact-Full,46.3145,-1,-1,ExactBaseline,0,0,0,0,2.30259,0,6.60613,0,0,0,0,1
Ch6-OV-Exact-Full,46.3166,-1,-1,ExactBaseline,0,0,0,0,2.30259,0,7.56729,0,0,0,0,0.984024
Ch6-OV-Exact-Full,46.3228,-1,-1,ExactBaseline,0,0,0,0,2.30259,0,4.03599,0,0,0,0,0.994099
Ch6-OV-Exact-Full,46.323,325,193,ExactBaseline,1,1,0.00484235,2.07944,2.30259,5,7.87049,0,0,0,0,0.981674
Ch6-OV-Exact-Full,46.3245,-1,-1,ExactBaseline,0,0,0,0,2.30259,0,6.60568,0,0,0,0,0.987902
Ch6-OV-Exact-Full,46.3289,77,15,ExactBaseline,1,1,0.0019302,0.693147,2.30259,3,1.67024,0,0,0,0,0.975206
Ch6-OV-Exact-Full,46.3353,-1,-1,ExactBaseline,0,0,0,0,2.30259,0,5.9352,0,0,0,0,1
Ch6-OV-Exact-Full,46.3403,-1,-1,ExactBaseline,0,0,0,0,2.30259,0,4.01474,0,0,0,0,0.994303
Ch6-OV-Exact-Full,46.3412,-1,-1,ExactBaseline,0,0,0,0,2.30259,0,0.448798,0,0,0,0,1
Ch6-OV-Exact-Full,46.3412,79,321,ExactBaseline,1,1,0.00482977,2.07944,2.30259,5,4.83426,0,0,0,0,0.988606
Ch6-OV-Exact-Full,46.3419,32,5,ExactBaseline,1,1,0.0218656,2.16183,2.30259,6,11.1546,0,0,0,0,0.966011
Ch6-OV-Exact-Full,46.3441,37,585,ExactBaseline,1,1,0.00201,0.875469,2.30259,3,0.396981,0,0,0,0,0.989517
Ch6-OV-Exact-Full,46.3471,-1,-1,ExactBaseline,0,0,0,0,2.30259,0,1.13393,0,0,0,0,0.983906
Ch6-OV-Exact-Full,46.3492,-1,-1,ExactBaseline,0,0,0,0,2.30259,0,6.64121,0,0,0,0,1
Ch6-OV-Exact-Full,46.3497,-1,-1,ExactBaseline,0,0,0,0,2.30259,0,5.09905,0,0,0,0,0.995537
Ch6-OV-Exact-Full,46.3501,-1,-1,ExactBaseline,0,0,0,0,2.30259,0,4.36175,0,0,0,0,0.994303
Ch6-OV-Exact-Full,46.3569,-1,-1,ExactBaseline,0,0,0,0,2.30259,0,0.590278,0,0,0,0,1
Ch6-OV-Exact-Full,46.3574,-1,-1,ExactBaseline,0,0,0,0,2.30259,0,0.360682,0,0,0,0,1
Ch6-OV-Exact-Full,46.3578,-1,-1,ExactBaseline,0,0,0,0,2.30259,0,7.10146,0,0,0,0,0.987371
Ch6-OV-Exact-Full,46.3782,-1,-1,ExactBaseline,0,0,0,0,2.30259,0,6.53689,0,0,0,0,1
Ch6-OV-Exact-Full,46.3898,384,352,ExactBaseline,1,1,0.00462936,2.07944,2.30259,5,3.84531,0,0,0,0,0.98749
Ch6-OV-Exact-Full,46.3937,-1,-1,ExactBaseline,0,0,0,0,2.30259,0,4.81518,0,0,0,0,0.990837
Ch6-OV-Exact-Full,46.397,490,281,ExactBaseline,1,1,0.00318527,1.38629,2.30259,4,0.629157,0,0,0,0,0.995419
Ch6-OV-Exact-Full,46.408,-1,-1,ExactBaseline,0,0,0,0,2.30259,0,4.82252,0,0,0,0,0.962114
Ch6-OV-Exact-Full,46.4199,-1,-1,ExactBaseline,0,0,0,0,2.30259,0,2.86006,0,0,0,0,0.990633
Ch6-OV-Exact-Full,46.4242,-1,-1,ExactBaseline,0,0,0,0,2.30259,0,8.05819,0,0,0,0,0.991749
Ch6-OV-Exact-Full,46.4294,-1,-1,ExactBaseline,0,0,0,0,2.30259,0,4.78536,0,0,0,0,1
Ch6-OV-Exact-Full,46.4333,-1,-1,ExactBaseline,0,0,0,0,2.30259,0,2.76173,0,0,0,0,1
Ch6-OV-Exact-Full,46.4384,290,225,ExactBaseline,1,1,0.00221344,0.693147,2.30259,3,3.15477,0,0,0,0,0.990837
Ch6-OV-Exact-Full,46.4471,-1,-1,ExactBaseline,0,0,0,0,2.30259,0,6.71426,0,0,0,0,0.975858
Ch6-OV-Exact-Full,46.4483,311,491,ExactBaseline,1,1,0.00198627,0.693147,2.30259,3,5.24361,0,0,0,0,0.991953
Ch6-OV-Exact-Full,46.4532,-1,-1,ExactBaseline,0,0,0,0,2.30259,0,6.42985,0,0,0,0,0.995419
Ch6-OV-Exact-Full,46.4552,434,451,ExactBaseline,1,1,0.00486066,2.07944,2.30259,5,5.78801,0,0,0,0,0.994303
Ch6-OV-Exact-Full,46.4663,-1,-1,ExactBaseline,0,0,0,0,2.30259,0,0.476483,0,0,0,0,0.986256
Ch6-OV-Exact-Full,46.4678,-1,-1,ExactBaseline,0,0,0,0,2.30259,0,3.74249,0,0,0,0,0.998884
Ch6-OV-Exact-Full,46.472,-1,-1,ExactBaseline,0,0,0,0,2.30259,0,5.00123,0,0,0,0,0.98514
Ch6-OV-Exact-Full,46.473,-1,-1,ExactBaseline,0,0,0,0,2.30259,0,0.420397,0,0,0,0,0.99868
Ch6-OV-Exact-Full,46.4805,-1,-1,ExactBaseline,0,0,0,0,2.30259,0,2.84417,0,0,0,0,0.994303
Ch6-OV-Exact-Full,46.4806,-1,-1,ExactBaseline,0,0,0,0,2.30259,0,0.816618,0,0,0,0,0.998884
Ch6-OV-Exact-Full,46.4809,-1,-1,ExactBaseline,0,0,0,0,2.30259,0,3.80307,0,0,0,0,0.990837
Ch6-OV-Exact-Full,46.4818,-1,-1,ExactBaseline,0,0,0,0,2.30259,0,3.31927,0,0,0,0,0.998884
Ch6-OV-Exact-Full,46.5044,-1,-1,ExactBaseline,0,0,0,0,2.30259,0,4.14504,0,0,0,0,0.992776
Ch6-OV-Exact-Full,46.505,366,278,ExactBaseline,1,1,0.00210225,0.693147,2.30259,3,4.64956,0,0,0,0,0.984024
Ch6-OV-Exact-Full,46.5051,390,55,ExactBaseline,1,1,0.00325361,1.38629,2.30259,4,4.66122,0,0,0,0,0.988606
Ch6-OV-Exact-Full,46.5057,401,314,ExactBaseline,1,1,0.00360198,1.38629,2.30259,4,4.16135,0,0,0,0,0.990837
Ch6-OV-Exact-Full,46.5096,131,190,ExactBaseline,1,1,0.00440726,2.07944,2.30259,5,3.75714,0,0,0,0,0.984024
Ch6-OV-Exact-Full,46.5123,-1,-1,ExactBaseline,0,0,0,0,2.30259,0,3.59541,0,0,0,0,0.998884
Ch6-OV-Exact-Full,46.5148,78,608,ExactBaseline,1,1,0.0019604,0.693147,2.30259,3,2.64958,0,0,0,0,0.987371
Ch6-OV-Exact-Full,46.5159,-1,-1,ExactBaseline,0,0,0,0,2.30259,0,2.92001,0,0,0,0,1
Ch6-OV-Exact-Full,46.5204,-1,-1,ExactBaseline,0,0,0,0,2.30259,0,0.53956,0,0,0,0,1
Ch6-OV-Exact-Full,46.5228,-1,-1,ExactBaseline,0,0,0,0,2.30259,0,6.94416,0,0,0,0,0.977093
Ch6-OV-Exact-Full,46.5283,-1,-1,ExactBaseline,0,0,0,0,2.30259,0,2.41269,0,0,0,0,0.997769
Ch6-OV-Exact-Full,46.5294,-1,-1,ExactBaseline,0,0,0,0,2.30259,0,7.61073,0,0,0,0,0.978208
Ch6-OV-Exact-Full,46.5382,142,500,ExactBaseline,1,1,0.00482493,2.07944,2.30259,5,4.72072,0,0,0,0,0.995537
Ch6-OV-Exact-Full,46.544,-1,-1,ExactBaseline,0,0,0,0,2.30259,0,4.34486,0,0,0,0,1
Ch6-OV-Exact-Full,46.5485,-1,-1,ExactBaseline,0,0,0,0,2.30259,0,1.58354,0,0,0,0,0.995419
Ch6-OV-Exact-Full,46.5491,-1,-1,ExactBaseline,0,0,0,0,2.30259,0,4.91942,0,0,0,0,0.988606
Ch6-OV-Exact-Full,46.5504,398,52,ExactBaseline,1,1,0.00318088,1.38629,2.30259,4,5.28832,0,0,0,0,0.995419
Ch6-OV-Exact-Full,46.5514,438,485,ExactBaseline,1,1,0.00483747,2.07944,2.30259,5,0.209042,0,0,0,0,0.998884
Ch6-OV-Exact-Full,46.5548,-1,-1,ExactBaseline,0,0,0,0,2.30259,0,1.53367,0,0,0,0,0.997769
Ch6-OV-Exact-Full,46.5608,-1,-1,ExactBaseline,0,0,0,0,2.30259,0,6.72545,0,0,0,0,0.990837
Ch6-OV-Exact-Full,46.5659,-1,-1,ExactBaseline,0,0,0,0,2.30259,0,7.13771,0,0,0,0,0.996653
Ch6-OV-Exact-Full,46.5684,-1,-1,ExactBaseline,0,0,0,0,2.30259,0,7.32906,0,0,0,0,0.971396
Ch6-OV-Exact-Full,46.5709,222,75,ExactBaseline,1,1,0.00438597,2.07944,2.30259,5,6.21005,0,0,0,0,0.988606
Ch6-OV-Exact-Full,46.5712,-1,-1,ExactBaseline,0,0,0,0,2.30259,0,4.08977,0,0,0,0,0.991953
Ch6-OV-Exact-Full,46.5861,-1,-1,ExactBaseline,0,0,0,0,2.30259,0,2.59608,0,0,0,0,0.99868
Ch6-OV-Exact-Full,46.5938,-1,-1,ExactBaseline,0,0,0,0,2.30259,0,0.253395,0,0,0,0,1
Ch6-OV-Exact-Full,46.602,-1,-1,ExactBaseline,0,0,0,0,2.30259,0,4.12364,0,0,0,0,0.985963
Ch6-OV-Exact-Full,46.6026,-1,-1,ExactBaseline,0,0,0,0,2.30259,0,2.89102,0,0,0,0,0.970161
Ch6-OV-Exact-Full,46.6081,-1,-1,ExactBaseline,0,0,0,0,2.30259,0,12.9971,0,0,0,0,0.986256
Ch6-OV-Exact-Full,46.6121,-1,-1,ExactBaseline,0,0,0,0,2.30259,0,0.494605,0,0,0,0,1
Ch6-OV-Exact-Full,46.6161,100,476,ExactBaseline,1,1,0.00437736,2.07944,2.30259,5,8.48176,0,0,0,0,0.992071
Ch6-OV-Exact-Full,46.6168,-1,-1,ExactBaseline,0,0,0,0,2.30259,0,0.217856,0,0,0,0,1
Ch6-OV-Exact-Full,46.6179,-1,-1,ExactBaseline,0,0,0,0,2.30259,0,0.099366,0,0,0,0,1
Ch6-OV-Exact-Full,46.6187,-1,-1,ExactBaseline,0,0,0,0,2.30259,0,0.436794,0,0,0,0,0.995419
Ch6-OV-Exact-Full,46.6248,-1,-1,ExactBaseline,0,0,0,0,2.30259,0,0.359863,0,0,0,0,0.994303
Ch6-OV-Exact-Full,46.6323,-1,-1,ExactBaseline,0,0,0,0,2.30259,0,4.92925,0,0,0,0,0.980558
Ch6-OV-Exact-Full,46.6375,-1,-1,ExactBaseline,0,0,0,0,2.30259,0,4.61148,0,0,0,0,0.994303
Ch6-OV-Exact-Full,46.6379,-1,-1,ExactBaseline,0,0,0,0,2.30259,0,5.74372,0,0,0,0,0.972307
Ch6-OV-Exact-Full,46.6464,-1,-1,ExactBaseline,0,0,0,0,2.30259,0,7.85978,0,0,0,0,0.979324
Ch6-OV-Exact-Full,46.6521,-1,-1,ExactBaseline,0,0,0,0,2.30259,0,3.59177,0,0,0,0,0.987371
Ch6-OV-Exact-Full,46.6524,-1,-1,ExactBaseline,0,0,0,0,2.30259,0,3.93415,0,0,0,0,1
Ch6-OV-Exact-Full,46.6532,322,278,ExactBaseline,1,1,0.0043729,2.07944,2.30259,5,1.05908,0,0,0,0,0.994303
Ch6-OV-Exact-Full,46.6705,-1,-1,ExactBaseline,0,0,0,0,2.30259,0,7.35454,0,0,0,0,0.989721
Ch6-OV-Exact-Full,46.6751,122,182,ExactBaseline,1,1,0.0043846,2.07944,2.30259,5,7.41807,0,0,0,0,0.98749
Ch6-OV-Exact-Full,46.6782,327,600,ExactBaseline,1,1,0.0020874,0.693147,2.30259,3,4.19213,0,0,0,0,0.981674
Ch6-OV-Exact-Full,46.6796,-1,-1,ExactBaseline,0,0,0,0,2.30259,0,0.279201,0,0,0,0,0.998884
Ch6-OV-Exact-Full,46.68,-1,-1,ExactBaseline,0,0,0,0,2.30259,0,3.46325,0,0,0,0,0.995419
Ch6-OV-Exact-Full,46.6804,497,471,ExactBaseline,1,1,0.00438941,2.07944,2.30259,5,3.31093,0,0,0,0,0.998884
Ch6-OV-Exact-Full,46.6815,-1,-1,ExactBaseline,0,0,0,0,2.30259,0,0.012447,0,0,0,0,1
Ch6-OV-Exact-Full,46.6816,-1,-1,ExactBaseline,0,0,0,0,2.30259,0,3.75717,0,0,0,0,0.991953
Ch6-OV-Exact-Full,46.6837,-1,-1,ExactBaseline,0,0,0,0,2.30259,0,2.86335,0,0,0,0,1
Ch6-OV-Exact-Full,46.6845,-1,-1,ExactBaseline,0,0,0,0,2.30259,0,0.236252,0,0,0,0,0.995419
Ch6-OV-Exact-Full,46.6874,423,281,ExactBaseline,1,1,0.00461393,2.07944,2.30259,5,8.02799,0,0,0,0,0.998884
Ch6-OV-Exact-Full,46.691,-1,-1,ExactBaseline,0,0,0,0,2.30259,0,5.58746,0,0,0,0,0.998884
Ch6-OV-Exact-Full,46.6935,-1,-1,ExactBaseline,0,0,0,0,2.30259,0,4.36622,0,0,0,0,0.987371
Ch6-OV-Exact-Full,46.7032,343,185,ExactBaseline,1,1,0.00447773,2.07944,2.30259,5,5.8564,0,0,0,0,0.996653
Ch6-OV-Exact-Full,46.7036,-1,-1,ExactBaseline,0,0,0,0,2.30259,0,2.04933,0,0,0,0,1
Ch6-OV-Exact-Full,46.7041,189,276,ExactBaseline,1,1,0.00204029,0.693147,2.30259,3,2.52539,0,0,0,0,0.98514
Ch6-OV-Exact-Full,46.7076,-1,-1,ExactBaseline,0,0,0,0,2.30259,0,2.38703,0,0,0,0,0.995419
Ch6-OV-Exact-Full,46.7087,-1,-1,ExactBaseline,0,0,0,0,2.30259,0,4.50113,0,0,0,0,0.998884
Ch6-OV-Exact-Full,46.71,-1,-1,ExactBaseline,0,0,0,0,2.30259,0,1.76912,0,0,0,0,0.995419
Ch6-OV-Exact-Full,46.7161,-1,-1,ExactBaseline,0,0,0,0,2.30259,0,0.327152,0,0,0,0,1
Ch6-OV-Exact-Full,46.7161,-1,-1,ExactBaseline,0,0,0,0,2.30259,0,4.14233,0,0,0,0,1
Ch6-OV-Exact-Full,46.7175,218,66,ExactBaseline,1,1,0.00321266,1.38629,2.30259,4,6.12277,0,0,0,0,0.963348
Ch6-OV-Exact-Full,46.7232,-1,-1,ExactBaseline,0,0,0,0,2.30259,0,3.97895,0,0,0,0,1
Ch6-OV-Exact-Full,46.7324,-1,-1,ExactBaseline,0,0,0,0,2.30259,0,3.12951,0,0,0,0,1
Ch6-OV-Exact-Full,46.7461,-1,-1,ExactBaseline,0,0,0,0,2.30259,0,4.22395,0,0,0,0,0.990837
Ch6-OV-Exact-Full,46.7635,-1,-1,ExactBaseline,0,0,0,0,2.30259,0,2.09625,0,0,0,0,0.995419
Ch6-OV-Exact-Full,46.7673,-1,-1,ExactBaseline,0,0,0,0,2.30259,0,4.87114,0,0,0,0,0.990837
Ch6-OV-Exact-Full,46.7701,-1,-1,ExactBaseline,0,0,0,0,2.30259,0,6.80419,0,0,0,0,1
Ch6-OV-Exact-Full,46.7778,459,99,ExactBaseline,1,1,0.00243031,0.693147,2.30259,3,3.8184,0,0,0,0,0.991953
Ch6-OV-Exact-Full,46.7786,-1,-1,ExactBaseline,0,0,0,0,2.30259,0,1.77911,0,0,0,0,0.998884
Ch6-OV-Exact-Full,46.7797,-1,-1,ExactBaseline,0,0,0,0,2.30259,0,6.95115,0,0,0,0,0.998884
Ch6-OV-Exact-Full,46.7823,88,451,ExactBaseline,1,1,0.00440273,2.07944,2.30259,5,6.11574,0,0,0,0,0.990956
Ch6-OV-Exact-Full,46.7889,-1,-1,ExactBaseline,0,0,0,0,2.30259,0,0.766416,0,0,0,0,1
Ch6-OV-Exact-Full,46.7925,-1,-1,ExactBaseline,0,0,0,0,2.30259,0,4.46019,0,0,0,0,1
Ch6-OV-Exact-Full,46.7955,238,490,ExactBaseline,1,1,0.00242841,0.693147,2.30259,3,0.224748,0,0,0,0,0.991953
Ch6-OV-Exact-Full,46.7959,101,98,ExactBaseline,1,1,0.00203178,0.693147,2.30259,3,1.0211,0,0,0,0,0.974743
Ch6-OV-Exact-Full,46.8035,-1,-1,ExactBaseline,0,0,0,0,2.30259,0,2.64231,0,0,0,0,0.995214
Ch6-OV-Exact-Full,46.8078,-1,-1,ExactBaseline,0,0,0,0,2.30259,0,9.18278,0,0,0,0,0.986256
Ch6-OV-Exact-Full,46.8095,-1,-1,ExactBaseline,0,0,0,0,2.30259,0,0.237922,0,0,0,0,1
Ch6-OV-Exact-Full,46.8128,-1,-1,ExactBaseline,0,0,0,0,2.30259,0,4.67269,0,0,0,0,1
Ch6-OV-Exact-Full,46.8131,14,592,ExactBaseline,1,1,0.00438379,2.07944,2.30259,5,2.56315,0,0,0,0,0.99401
Ch6-OV-Exact-Full,46.8149,-1,-1,ExactBaseline,0,0,0,0,2.30259,0,2.90796,0,0,0,0,1
Ch6-OV-Exact-Full,46.8175,392,335,ExactBaseline,1,1,0.00195823,0.693147,2.30259,3,6.34737,0,0,0,0,0.981674
Ch6-OV-Exact-Full,46.821,-1,-1,ExactBaseline,0,0,0,0,2.30259,0,7.27553,0,0,0,0,0.989721
Ch6-OV-Exact-Full,46.8237,-1,-1,ExactBaseline,0,0,0,0,2.30259,0,4.31174,0,0,0,0,0.988606
Ch6-OV-Exact-Full,46.8251,266,534,ExactBaseline,1,1,0.00317579,1.38629,2.30259,4,6.18854,0,0,0,0,0.995419
Ch6-OV-Exact-Full,46.8279,237,81,ExactBaseline,1,1,0.0031597,1.38629,2.30259,4,8.84731,0,0,0,0,0.986256
Ch6-OV-Exact-Full,46.8285,379,38,ExactBaseline,1,1,0.00202504,0.693147,2.30259,3,5.02431,0,0,0,0,0.983906
Ch6-OV-Exact-Full,46.8287,-1,-1,ExactBaseline,0,0,0,0,2.30259,0,3.63037,0,0,0,0,0.984024
Ch6-OV-Exact-Full,46.8296,478,621,ExactBaseline,1,1,0.00326762,1.38629,2.30259,4,6.5064,0,0,0,0,0.995419
Ch6-OV-Exact-Full,46.8351,-1,-1,ExactBaseline,0,0,0,0,2.30259,0,8.00065,0,0,0,0,0.990837
Ch6-OV-Exact-Full,46.8439,-1,-1,ExactBaseline,0,0,0,0,2.30259,0,1.65311,0,0,0,0,0.995419
Ch6-OV-Exact-Full,46.8475,-1,-1,ExactBaseline,0,0,0,0,2.30259,0,8.84163,0,0,0,0,1
Ch6-OV-Exact-Full,46.8545,-1,-1,ExactBaseline,0,0,0,0,2.30259,0,7.69794,0,0,0,0,0.997769
Ch6-OV-Exact-Full,46.862,182,251,ExactBaseline,1,1,0.00484732,2.07944,2.30259,5,3.65373,0,0,0,0,0.998884
Ch6-OV-Exact-Full,46.8622,-1,-1,ExactBaseline,0,0,0,0,2.30259,0,6.65147,0,0,0,0,1
Ch6-OV-Exact-Full,46.8758,351,264,ExactBaseline,1,1,0.00195763,0.693147,2.30259,3,1.85174,0,0,0,0,0.98514
Ch6-OV-Exact-Full,46.8776,62,290,ExactBaseline,1,1,0.00441196,2.07944,2.30259,5,8.94412,0,0,0,0,0.96793
Ch6-OV-Exact-Full,46.8789,349,314,ExactBaseline,1,1,0.00315879,1.38629,2.30259,4,2.75217,0,0,0,0,0.984024
Ch6-OV-Exact-Full,46.8886,-1,-1,ExactBaseline,0,0,0,0,2.30259,0,8.92343,0,0,0,0,0.979239
Ch6-OV-Exact-Full,46.89,173,183,ExactBaseline,1,1,0.0043576,2.07944,2.30259,5,6.99479,0,0,0,0,0.980558
Ch6-OV-Exact-Full,46.8901,-1,-1,ExactBaseline,0,0,0,0,2.30259,0,6.61359,0,0,0,0,0.992071
Ch6-OV-Exact-Full,46.8927,-1,-1,ExactBaseline,0,0,0,0,2.30259,0,7.29416,0,0,0,0,0.989517
Ch6-OV-Exact-Full,46.8955,-1,-1,ExactBaseline,0,0,0,0,2.30259,0,4.03306,0,0,0,0,1
Ch6-OV-Exact-Full,46.8964,439,583,ExactBaseline,1,1,0.00440229,2.07944,2.30259,5,5.13208,0,0,0,0,0.998884
Ch6-OV-Exact-Full,46.904,241,27,ExactBaseline,1,1,0.00437202,2.07944,2.30259,5,2.97214,0,0,0,0,0.986374
Ch6-OV-Exact-Full,46.9076,-1,-1,ExactBaseline,0,0,0,0,2.30259,0,5.88618,0,0,0,0,0.98147
Ch6-OV-Exact-Full,46.9097,-1,-1,ExactBaseline,0,0,0,0,2.30259,0,5.57072,0,0,0,0,0.990837
Ch6-OV-Exact-Full,46.9132,-1,-1,ExactBaseline,0,0,0,0,2.30259,0,7.1296,0,0,0,0,1
Ch6-OV-Exact-Full,46.9185,449,535,ExactBaseline,1,1,0.00364522,1.38629,2.30259,4,4.30102,0,0,0,0,0.987371
Ch6-OV-Exact-Full,46.9192,-1,-1,ExactBaseline,0,0,0,0,2.30259,0,4.11707,0,0,0,0,1
Ch6-OV-Exact-Full,46.9193,-1,-1,ExactBaseline,0,0,0,0,2.30259,0,2.96707,0,0,0,0,0.998884
Ch6-OV-Exact-Full,46.9205,-1,-1,ExactBaseline,0,0,0,0,2.30259,0,11.1666,0,0,0,0,0.991182
Ch6-OV-Exact-Full,46.9268,-1,-1,ExactBaseline,0,0,0,0,2.30259,0,5.98468,0,0,0,0,1
Ch6-OV-Exact-Full,46.9403,-1,-1,ExactBaseline,0,0,0,0,2.30259,0,3.55503,0,0,0,0,0.98279
Ch6-OV-Exact-Full,46.9447,-1,-1,ExactBaseline,0,0,0,0,2.30259,0,3.78922,0,0,0,0,0.998884
Ch6-OV-Exact-Full,46.9455,-1,-1,ExactBaseline,0,0,0,0,2.30259,0,6.38645,0,0,0,0,1
Ch6-OV-Exact-Full,46.9471,342,274,ExactBaseline,1,1,0.00195904,0.693147,2.30259,3,4.52526,0,0,0,0,0.986256
Ch6-OV-Exact-Full,46.9482,-1,-1,ExactBaseline,0,0,0,0,2.30259,0,3.95526,0,0,0,0,1
Ch6-OV-Exact-Full,46.9512,-1,-1,ExactBaseline,0,0,0,0,2.30259,0,3.41865,0,0,0,0,1
Ch6-OV-Exact-Full,46.9538,442,399,ExactBaseline,1,1,0.00450679,2.07944,2.30259,5,4.70593,0,0,0,0,0.997769
Ch6-OV-Exact-Full,46.9549,505,473,ExactBaseline,1,1,0.00193671,0.693147,2.30259,3,4.10856,0,0,0,0,0.991953
Ch6-OV-Exact-Full,46.9654,-1,-1,ExactBaseline,0,0,0,0,2.30259,0,8.61477,0,0,0,0,0.978725
Ch6-OV-Exact-Full,46.9679,-1,-1,ExactBaseline,0,0,0,0,2.30259,0,6.90043,0,0,0,0,0.98279
Ch6-OV-Exact-Full,46.9687,451,434,ExactBaseline,1,1,0.00439796,2.07944,2.30259,5,6.91346,0,0,0,0,0.997769
Ch6-OV-Exact-Full,46.9692,-1,-1,ExactBaseline,0,0,0,0,2.30259,0,4.38255,0,0,0,0,1
Ch6-OV-Exact-Full,46.9708,-1,-1,ExactBaseline,0,0,0,0,2.30259,0,4.40999,0,0,0,0,0.993187
Ch6-OV-Exact-Full,46.9777,-1,-1,ExactBaseline,0,0,0,0,2.30259,0,5.79302,0,0,0,0,1
Ch6-OV-Exact-Full,46.978,-1,-1,ExactBaseline,0,0,0,0,2.30259,0,2.62797,0,0,0,0,0.994303
Ch6-OV-Exact-Full,46.9809,-1,-1,ExactBaseline,0,0,0,0,2.30259,0,7.12955,0,0,0,0,1
Ch6-OV-Exact-Full,46.9851,-1,-1,ExactBaseline,0,0,0,0,2.30259,0,0.336154,0,0,0,0,1
Ch6-OV-Exact-Full,46.9864,462,516,ExactBaseline,1,1,0.00436821,2.07944,2.30259,5,7.80758,0,0,0,0,0.997769
Ch6-OV-Exact-Full,46.9925,-1,-1,ExactBaseline,0,0,0,0,2.30259,0,6.0632,0,0,0,0,1
Ch6-OV-Exact-Full,46.9966,-1,-1,ExactBaseline,0,0,0,0,2.30259,0,5.48871,0,0,0,0,0.998884
Ch6-OV-Exact-Full,47.001,-1,-1,ExactBaseline,0,0,0,0,2.30259,0,2.30893,0,0,0,0,1
Ch6-OV-Exact-Full,47.0026,433,249,ExactBaseline,1,1,0.00457224,2.07944,2.30259,5,6.6237,0,0,0,0,0.993187
Ch6-OV-Exact-Full,47.0045,-1,-1,ExactBaseline,0,0,0,0,2.30259,0,3.89689,0,0,0,0,0.979324
Ch6-OV-Exact-Full,47.0085,-1,-1,ExactBaseline,0,0,0,0,2.30259,0,1.91133,0,0,0,0,1
Ch6-OV-Exact-Full,47.014,-1,-1,ExactBaseline,0,0,0,0,2.30259,0,0.798447,0,0,0,0,0.996449
Ch6-OV-Exact-Full,47.0174,220,531,ExactBaseline,1,1,0.00336943,1.38629,2.30259,4,5.21345,0,0,0,0,0.97545
Ch6-OV-Exact-Full,47.0189,-1,-1,ExactBaseline,0,0,0,0,2.30259,0,6.33753,0,0,0,0,0.98514
Ch6-OV-Exact-Full,47.0244,-1,-1,ExactBaseline,0,0,0,0,2.30259,0,3.60563,0,0,0,0,1
Ch6-OV-Exact-Full,47.0254,-1,-1,ExactBaseline,0,0,0,0,2.30259,0,3.64885,0,0,0,0,1
Ch6-OV-Exact-Full,47.0262,-1,-1,ExactBaseline,0,0,0,0,2.30259,0,0.407567,0,0,0,0,0.998884
Ch6-OV-Exact-Full,47.0276,-1,-1,ExactBaseline,0,0,0,0,2.30259,0,7.63924,0,0,0,0,0.996653
Ch6-OV-Exact-Full,47.0316,-1,-1,ExactBaseline,0,0,0,0,2.30259,0,0.299409,0,0,0,0,1
Ch6-OV-Exact-Full,47.0358,116,187,ExactBaseline,1,1,0.00313443,1.38629,2.30259,4,5.88619,0,0,0,0,0.978327
Ch6-OV-Exact-Full,47.036,154,302,ExactBaseline,1,1,0.00323353,1.56862,2.30259,4,0.923744,0,0,0,0,0.993895
Ch6-OV-Exact-Full,47.045,498,588,ExactBaseline,1,1,0.00437545,2.07944,2.30259,5,7.26482,0,0,0,0,0.998884
Ch6-OV-Exact-Full,47.0454,408,429,ExactBaseline,1,1,0.00326186,1.38629,2.30259,4,5.65003,0,0,0,0,0.994303
Ch6-OV-Exact-Full,47.0478,-1,-1,ExactBaseline,0,0,0,0,2.30259,0,1.50274,0,0,0,0,0.998884
Ch6-OV-Exact-Full,47.0551,-1,-1,ExactBaseline,0,0,0,0,2.30259,0,3.66641,0,0,0,0,0.987371
Ch6-OV-Exact-Full,47.0587,-1,-1,ExactBaseline,0,0,0,0,2.30259,0,8.99821,0,0,0,0,0.967226
Ch6-OV-Exact-Full,47.059,-1,-1,ExactBaseline,0,0,0,0,2.30259,0,4.86073,0,0,0,0,0.996653
Ch6-OV-Exact-Full,47.06,-1,-1,ExactBaseline,0,0,0,0,2.30259,0,5.26388,0,0,0,0,0.982497
Ch6-OV-Exact-Full,47.0602,-1,-1,ExactBaseline,0,0,0,0,2.30259,0,9.07237,0,0,0,0,0.983613
Ch6-OV-Exact-Full,47.0659,-1,-1,ExactBaseline,0,0,0,0,2.30259,0,2.09347,0,0,0,0,0.992212
Ch6-OV-Exact-Full,47.0762,165,107,ExactBaseline,1,1,0.00434876,2.07944,2.30259,5,4.46394,0,0,0,0,0.98749
Ch6-OV-Exact-Full,47.0793,-1,-1,ExactBaseline,0,0,0,0,2.30259,0,7.28378,0,0,0,0,0.994303
Ch6-OV-Exact-Full,47.0793,-1,-1,ExactBaseline,0,0,0,0,2.30259,0,2.22044,0,0,0,0,0.988747
Ch6-OV-Exact-Full,47.0895,-1,-1,ExactBaseline,0,0,0,0,2.30259,0,0.296218,0,0,0,0,1
Ch6-OV-Exact-Full,47.092,111,537,ExactBaseline,1,1,0.00440656,2.07944,2.30259,5,7.23888,0,0,0,0,0.977211
Ch6-OV-Exact-Full,47.0943,-1,-1,ExactBaseline,0,0,0,0,2.30259,0,5.8969,0,0,0,0,0.986396
Ch6-OV-Exact-Full,47.0958,262,404,ExactBaseline,1,1,0.00438455,2.07944,2.30259,5,6.80022,0,0,0,0,0.989721
Ch6-OV-Exact-Full,47.0993,-1,-1,ExactBaseline,0,0,0,0,2.30259,0,3.30902,0,0,0,0,0.994303
Ch6-OV-Exact-Full,47.1028,-1,-1,ExactBaseline,0,0,0,0,2.30259,0,4.23991,0,0,0,0,0.989721
Ch6-OV-Exact-Full,47.1115,-1,-1,ExactBaseline,0,0,0,0,2.30259,0,0.019491,0,0,0,0,1
Ch6-OV-Exact-Full,47.1136,-1,-1,ExactBaseline,0,0,0,0,2.30259,0,7.59777,0,0,0,0,0.987371
Ch6-OV-Exact-Full,47.1146,385,375,ExactBaseline,1,1,0.00197458,0.693147,2.30259,3,3.32918,0,0,0,0,0.991953
Ch6-OV-Exact-Full,47.1212,-1,-1,ExactBaseline,0,0,0,0,2.30259,0,0.796979,0,0,0,0,0.998884
Ch6-OV-Exact-Full,47.1231,-1,-1,ExactBaseline,0,0,0,0,2.30259,0,3.64551,0,0,0,0,0.990837
Ch6-OV-Exact-Full,47.1276,-1,-1,ExactBaseline,0,0,0,0,2.30259,0,7.26155,0,0,0,0,0.98279
Ch6-OV-Exact-Full,47.1336,187,152,ExactBaseline,1,1,0.00321641,1.23214,2.30259,4,4.43527,0,0,0,0,0.975206
Ch6-OV-Exact-Full,47.1394,12,115,ExactBaseline,1,1,0.00200494,0.693147,2.30259,3,5.24357,0,0,0,0,0.954067
Ch6-OV-Exact-Full,47.1413,-1,-1,ExactBaseline,0,0,0,0,2.30259,0,1.56826,0,0,0,0,1
Ch6-OV-Exact-Full,47.1437,-1,-1,ExactBaseline,0,0,0,0,2.30259,0,4.13261,0,0,0,0,0.991953
Ch6-OV-Exact-Full,47.1453,-1,-1,ExactBaseline,0,0,0,0,2.30259,0,6.85954,0,0,0,0,0.98279
Ch6-OV-Exact-Full,47.1454,-1,-1,ExactBaseline,0,0,0,0,2.30259,0,7.02878,0,0,0,0,0.981674
Ch6-OV-Exact-Full,47.1459,163,617,ExactBaseline,1,1,0.0045063,2.07944,2.30259,5,5.89939,0,0,0,0,0.997769
Ch6-OV-Exact-Full,47.1508,-1,-1,ExactBaseline,0,0,0,0,2.30259,0,2.50242,0,0,0,0,0.993187
Ch6-OV-Exact-Full,47.1512,-1,-1,ExactBaseline,0,0,0,0,2.30259,0,7.16368,0,0,0,0,0.995419
Ch6-OV-Exact-Full,47.1626,-1,-1,ExactBaseline,0,0,0,0,2.30259,0,9.25632,0,0,0,0,0.976682
Ch6-OV-Exact-Full,47.1647,-1,-1,ExactBaseline,0,0,0,0,2.30259,0,7.33467,0,0,0,0,0.998884
Ch6-OV-Exact-Full,47.1714,221,81,ExactBaseline,1,1,0.00438771,2.07944,2.30259,5,8.25249,0,0,0,0,0.964809
Ch6-OV-Exact-Full,47.1747,386,555,ExactBaseline,1,1,0.00265602,0.693147,2.30259,3,3.11116,0,0,0,0,0.98279
Ch6-OV-Exact-Full,47.1794,-1,-1,ExactBaseline,0,0,0,0,2.30259,0,1.55721,0,0,0,0,1
Ch6-OV-Exact-Full,47.1995,103,204,ExactBaseline,1,1,0.0048688,2.07944,2.30259,5,4.17006,0,0,0,0,0.998884
Ch6-OV-Exact-Full,47.2047,-1,-1,ExactBaseline,0,0,0,0,2.30259,0,4.95165,0,0,0,0,0.981793
Ch6-OV-Exact-Full,47.2053,-1,-1,ExactBaseline,0,0,0,0,2.30259,0,7.60617,0,0,0,0,0.977556
Ch6-OV-Exact-Full,47.2063,107,438,ExactBaseline,1,1,0.00486257,2.07944,2.30259,5,6.4716,0,0,0,0,0.973746
Ch6-OV-Exact-Full,47.2158,341,474,ExactBaseline,1,1,0.00538241,2.07944,2.30259,5,0.413781,0,0,0,0,0.998884
Ch6-OV-Exact-Full,47.2218,112,462,ExactBaseline,1,1,0.00310565,0.693147,2.30259,3,6.43878,0,0,0,0,0.939207
Ch6-OV-Exact-Full,47.2228,-1,-1,ExactBaseline,0,0,0,0,2.30259,0,3.91656,0,0,0,0,0.988951
Ch6-OV-Exact-Full,47.2259,-1,-1,ExactBaseline,0,0,0,0,2.30259,0,0.957498,0,0,0,0,0.998884
Ch6-OV-Exact-Full,47.2315,-1,-1,ExactBaseline,0,0,0,0,2.30259,0,8.76292,0,0,0,0,0.996998
Ch6-OV-Exact-Full,47.2342,-1,-1,ExactBaseline,0,0,0,0,2.30259,0,2.84758,0,0,0,0,0.986256
Ch6-OV-Exact-Full,47.2348,-1,-1,ExactBaseline,0,0,0,0,2.30259,0,7.34629,0,0,0,0,0.98749
Ch6-OV-Exact-Full,47.2356,432,381,ExactBaseline,1,1,0.00316489,1.38629,2.30259,4,5.76603,0,0,0,0,0.986256
Ch6-OV-Exact-Full,47.237,-1,-1,ExactBaseline,0,0,0,0,2.30259,0,8.36019,0,0,0,0,0.995419
Ch6-OV-Exact-Full,47.2398,-1,-1,ExactBaseline,0,0,0,0,2.30259,0,5.95957,0,0,0,0,0.993187
Ch6-OV-Exact-Full,47.242,-1,-1,ExactBaseline,0,0,0,0,2.30259,0,7.2297,0,0,0,0,0.979443
Ch6-OV-Exact-Full,47.2423,-1,-1,ExactBaseline,0,0,0,0,2.30259,0,6.39437,0,0,0,0,0.985259
Ch6-OV-Exact-Full,47.2425,406,447,ExactBaseline,1,1,0.00321154,1.38629,2.30259,4,6.31528,0,0,0,0,0.995419
Ch6-OV-Exact-Full,47.247,-1,-1,ExactBaseline,0,0,0,0,2.30259,0,2.09063,0,0,0,0,1
Ch6-OV-Exact-Full,47.2504,130,608,ExactBaseline,1,1,0.00362291,1.38629,2.30259,4,1.94413,0,0,0,0,0.994303
Ch6-OV-Exact-Full,47.2529,-1,-1,ExactBaseline,0,0,0,0,2.30259,0,6.56197,0,0,0,0,1
Ch6-OV-Exact-Full,47.259,-1,-1,ExactBaseline,0,0,0,0,2.30259,0,4.5781,0,0,0,0,0.990837
Ch6-OV-Exact-Full,47.2628,370,526,ExactBaseline,1,1,0.00313719,1.38629,2.30259,4,4.45891,0,0,0,0,0.987371
Ch6-OV-Exact-Full,47.2636,39,7,ExactBaseline,1,1,0.00240245,0.693147,2.30259,3,1.79085,0,0,0,0,0.973746
Ch6-OV-Exact-Full,47.2703,485,438,ExactBaseline,1,1,0.00440567,2.07944,2.30259,5,6.42584,0,0,0,0,0.998884
Ch6-OV-Exact-Full,47.2756,-1,-1,ExactBaseline,0,0,0,0,2.30259,0,0.42198,0,0,0,0,1
Ch6-OV-Exact-Full,47.277,-1,-1,ExactBaseline,0,0,0,0,2.30259,0,3.08684,0,0,0,0,1
Ch6-OV-Exact-Full,47.2773,-1,-1,ExactBaseline,0,0,0,0,2.30259,0,3.63029,0,0,0,0,0.994303
Ch6-OV-Exact-Full,47.2786,-1,-1,ExactBaseline,0,0,0,0,2.30259,0,0.494971,0,0,0,0,1
Ch6-OV-Exact-Full,47.2871,274,398,ExactBaseline,1,1,0.00314969,1.38629,2.30259,4,8.68409,0,0,0,0,0.986256
Ch6-OV-Exact-Full,47.2872,59,204,ExactBaseline,1,1,0.00242567,0.693147,2.30259,3,4.78714,0,0,0,0,0.963348
Ch6-OV-Exact-Full,47.2892,225,329,ExactBaseline,1,1,0.00339471,1.38629,2.30259,4,4.37318,0,0,0,0,0.990837
Ch6-OV-Exact-Full,47.2959,315,176,ExactBaseline,1,1,0.0035862,1.38629,2.30259,4,1.52355,0,0,0,0,0.995419
Ch6-OV-Exact-Full,47.2961,-1,-1,ExactBaseline,0,0,0,0,2.30259,0,8.96371,0,0,0,0,0.994303
Ch6-OV-Exact-Full,47.2966,-1,-1,ExactBaseline,0,0,0,0,2.30259,0,2.17114,0,0,0,0,1
Ch6-OV-Exact-Full,47.2994,147,359,ExactBaseline,1,1,0.00364817,1.38629,2.30259,4,7.90004,0,0,0,0,0.994303
Ch6-OV-Exact-Full,47.31,-1,-1,ExactBaseline,0,0,0,0,2.30259,0,3.638,0,0,0,0,1
Ch6-OV-Exact-Full,47.3113,-1,-1,ExactBaseline,0,0,0,0,2.30259,0,0.803637,0,0,0,0,1
Ch6-OV-Exact-Full,47.3116,-1,-1,ExactBaseline,0,0,0,0,2.30259,0,0.447317,0,0,0,0,0.995419
Ch6-OV-Exact-Full,47.3139,257,168,ExactBaseline,1,1,0.00329535,1.38629,2.30259,4,4.53847,0,0,0,0,0.972511
Ch6-OV-Exact-Full,47.315,399,335,ExactBaseline,1,1,0.00319873,1.38629,2.30259,4,5.98458,0,0,0,0,0.990837
Ch6-OV-Exact-Full,47.3154,-1,-1,ExactBaseline,0,0,0,0,2.30259,0,5.35161,0,0,0,0,1
Ch6-OV-Exact-Full,47.317,-1,-1,ExactBaseline,0,0,0,0,2.30259,0,2.88531,0,0,0,0,0.979324
Ch6-OV-Exact-Full,47.3184,-1,-1,ExactBaseline,0,0,0,0,2.30259,0,1.51938,0,0,0,0,1
Ch6-OV-Exact-Full,47.3234,-1,-1,ExactBaseline,0,0,0,0,2.30259,0,3.84053,0,0,0,0,1
Ch6-OV-Exact-Full,47.3251,-1,-1,ExactBaseline,0,0,0,0,2.30259,0,2.25535,0,0,0,0,0.992071
Ch6-OV-Exact-Full,47.3293,-1,-1,ExactBaseline,0,0,0,0,2.30259,0,7.70256,0,0,0,0,0.979324
Ch6-OV-Exact-Full,47.3376,-1,-1,ExactBaseline,0,0,0,0,2.30259,0,6.54496,0,0,0,0,0.973627
Ch6-OV-Exact-Full,47.3389,445,481,ExactBaseline,1,1,0.004394,2.07944,2.30259,5,4.04739,0,0,0,0,0.996653
Ch6-OV-Exact-Full,47.3401,504,62,ExactBaseline,1,1,0.00322217,1.38629,2.30259,4,3.10116,0,0,0,0,0.995419
Ch6-OV-Exact-Full,47.3471,-1,-1,ExactBaseline,0,0,0,0,2.30259,0,2.66189,0,0,0,0,0.985964
Ch6-OV-Exact-Full,47.3479,-1,-1,ExactBaseline,0,0,0,0,2.30259,0,6.99541,0,0,0,0,0.989721
Ch6-OV-Exact-Full,47.3505,-1,-1,ExactBaseline,0,0,0,0,2.30259,0,6.86431,0,0,0,0,0.995419
Ch6-OV-Exact-Full,47.3564,-1,-1,ExactBaseline,0,0,0,0,2.30259,0,5.27222,0,0,0,0,0.998884
Ch6-OV-Exact-Full,47.363,-1,-1,ExactBaseline,0,0,0,0,2.30259,0,1.52567,0,0,0,0,0.994303
Ch6-OV-Exact-Full,47.3637,-1,-1,ExactBaseline,0,0,0,0,2.30259,0,5.79422,0,0,0,0,0.984024
Ch6-OV-Exact-Full,47.3654,-1,-1,ExactBaseline,0,0,0,0,2.30259,0,6.72783,0,0,0,0,0.979973
Ch6-OV-Exact-Full,47.3757,180,294,ExactBaseline,1,1,0.00449965,2.07944,2.30259,5,1.39784,0,0,0,0,0.989721
Ch6-OV-Exact-Full,47.3757,-1,-1,ExactBaseline,0,0,0,0,2.30259,0,1.35278,0,0,0,0,1
Ch6-OV-Exact-Full,47.3768,-1,-1,ExactBaseline,0,0,0,0,2.30259,0,6.41346,0,0,0,0,0.983906
Ch6-OV-Exact-Full,47.3798,-1,-1,ExactBaseline,0,0,0,0,2.30259,0,6.74276,0,0,0,0,0.983906
Ch6-OV-Exact-Full,47.3811,-1,-1,ExactBaseline,0,0,0,0,2.30259,0,0.428468,0,0,0,0,1
Ch6-OV-Exact-Full,47.3855,-1,-1,ExactBaseline,0,0,0,0,2.30259,0,3.43525,0,0,0,0,0.991953
Ch6-OV-Exact-Full,47.3897,511,153,ExactBaseline,1,1,0.00483305,2.07944,2.30259,5,4.30162,0,0,0,0,0.998884
Ch6-OV-Exact-Full,47.3911,-1,-1,ExactBaseline,0,0,0,0,2.30259,0,4.44775,0,0,0,0,1
Ch6-OV-Exact-Full,47.3968,516,462,ExactBaseline,1,1,0.00483203,2.07944,2.30259,5,4.10468,0,0,0,0,0.998884
Ch6-OV-Exact-Full,47.4018,-1,-1,ExactBaseline,0,0,0,0,2.30259,0,8.60034,0,0,0,0,0.988606
Ch6-OV-Exact-Full,47.4021,-1,-1,ExactBaseline,0,0,0,0,2.30259,0,7.97192,0,0,0,0,1
Ch6-OV-Exact-Full,47.4041,186,286,ExactBaseline,1,1,0.00197158,0.693147,2.30259,3,4.79213,0,0,0,0,0.964464
Ch6-OV-Exact-Full,47.4053,219,54,ExactBaseline,1,1,0.00316624,1.38629,2.30259,4,2.11511,0,0,0,0,0.989721
Ch6-OV-Exact-Full,47.4068,-1,-1,ExactBaseline,0,0,0,0,2.30259,0,7.28098,0,0,0,0,0.98514
Ch6-OV-Exact-Full,47.416,-1,-1,ExactBaseline,0,0,0,0,2.30259,0,3.71575,0,0,0,0,0.982379
Ch6-OV-Exact-Full,47.4162,474,131,ExactBaseline,1,1,0.0044603,2.07944,2.30259,5,2.58492,0,0,0,0,0.998884
Ch6-OV-Exact-Full,47.4255,67,405,ExactBaseline,1,1,0.00444777,2.07944,2.30259,5,6.72216,0,0,0,0,0.976889
Ch6-OV-Exact-Full,47.4256,-1,-1,ExactBaseline,0,0,0,0,2.30259,0,5.62349,0,0,0,0,0.993187
Ch6-OV-Exact-Full,47.4263,-1,-1,ExactBaseline,0,0,0,0,2.30259,0,7.72398,0,0,0,0,0.986256
Ch6-OV-Exact-Full,47.4452,280,444,ExactBaseline,1,1,0.00478891,2.07944,2.30259,5,0.190565,0,0,0,0,0.998884
Ch6-OV-Exact-Full,47.45,-1,-1,ExactBaseline,0,0,0,0,2.30259,0,4.54419,0,0,0,0,0.994303
Ch6-OV-Exact-Full,47.4551,328,447,ExactBaseline,1,1,0.00439412,2.07944,2.30259,5,5.64014,0,0,0,0,0.98749
Ch6-OV-Exact-Full,47.4553,-1,-1,ExactBaseline,0,0,0,0,2.30259,0,6.8487,0,0,0,0,0.960998
Ch6-OV-Exact-Full,47.4573,-1,-1,ExactBaseline,0,0,0,0,2.30259,0,6.8486,0,0,0,0,0.988606
Ch6-OV-Exact-Full,47.4602,-1,-1,ExactBaseline,0,0,0,0,2.30259,0,2.22185,0,0,0,0,0.994303
Ch6-OV-Exact-Full,47.4665,-1,-1,ExactBaseline,0,0,0,0,2.30259,0,4.25345,0,0,0,0,0.997769
Ch6-OV-Exact-Full,47.4684,-1,-1,ExactBaseline,0,0,0,0,2.30259,0,4.76544,0,0,0,0,1
Ch6-OV-Exact-Full,47.4702,429,81,ExactBaseline,1,1,0.00193558,0.693147,2.30259,3,0.620475,0,0,0,0,0.991953
Ch6-OV-Exact-Full,47.4708,-1,-1,ExactBaseline,0,0,0,0,2.30259,0,4.56977,0,0,0,0,0.98279
Ch6-OV-Exact-Full,47.4713,178,237,ExactBaseline,1,1,0.00486134,2.07944,2.30259,5,0.756695,0,0,0,0,0.995537
Ch6-OV-Exact-Full,47.4775,-1,-1,ExactBaseline,0,0,0,0,2.30259,0,0.007776,0,0,0,0,1
Ch6-OV-Exact-Full,47.4817,-1,-1,ExactBaseline,0,0,0,0,2.30259,0,8.58277,0,0,0,0,0.970161
Ch6-OV-Exact-Full,47.4856,405,507,ExactBaseline,1,1,0.00420853,1.38629,2.30259,4,3.35145,0,0,0,0,0.989721
Ch6-OV-Exact-Full,47.499,99,274,ExactBaseline,1,1,0.00484721,2.07944,2.30259,5,4.84604,0,0,0,0,0.982704
Ch6-OV-Exact-Full,47.5034,-1,-1,ExactBaseline,0,0,0,0,2.30259,0,6.41236,0,0,0,0,0.98749
Ch6-OV-Exact-Full,47.5143,93,604,ExactBaseline,1,1,0.0031819,1.38629,2.30259,4,2.92554,0,0,0,0,0.986256
Ch6-OV-Exact-Full,47.5147,-1,-1,ExactBaseline,0,0,0,0,2.30259,0,3.35214,0,0,0,0,0.97912
Ch6-OV-Exact-Full,47.5153,-1,-1,ExactBaseline,0,0,0,0,2.30259,0,4.12332,0,0,0,0,0.989721
Ch6-OV-Exact-Full,47.5158,-1,-1,ExactBaseline,0,0,0,0,2.30259,0,4.45709,0,0,0,0,0.995419
Ch6-OV-Exact-Full,47.5177,143,301,ExactBaseline,1,1,0.00479485,2.07944,2.30259,5,0.917986,0,0,0,0,0.998884
Ch6-OV-Exact-Full,47.5178,286,52,ExactBaseline,1,1,0.00326747,1.56862,2.30259,4,5.1947,0,0,0,0,0.98147
Ch6-OV-Exact-Full,47.5189,-1,-1,ExactBaseline,0,0,0,0,2.30259,0,2.59494,0,0,0,0,0.99266
Ch6-OV-Exact-Full,47.5196,113,488,ExactBaseline,1,1,0.00362542,1.38629,2.30259,4,5.45061,0,0,0,0,0.969046
Ch6-OV-Exact-Full,47.5226,44,583,ExactBaseline,1,1,0.00433807,2.07944,2.30259,5,4.50257,0,0,0,0,0.989721
Ch6-OV-Exact-Full,47.5304,-1,-1,ExactBaseline,0,0,0,0,2.30259,0,3.6935,0,0,0,0,0.983906
Ch6-OV-Exact-Full,47.5349,-1,-1,ExactBaseline,0,0,0,0,2.30259,0,4.97126,0,0,0,0,0.978208
Ch6-OV-Exact-Full,47.547,91,536,ExactBaseline,1,1,0.00485462,2.07944,2.30259,5,8.42418,0,0,0,0,0.962923
Ch6-OV-Exact-Full,47.55,-1,-1,ExactBaseline,0,0,0,0,2.30259,0,4.27933,0,0,0,0,0.996653
Ch6-OV-Exact-Full,47.5512,138,534,ExactBaseline,1,1,0.00199651,0.693147,2.30259,3,4.28224,0,0,0,0,0.971741
Ch6-OV-Exact-Full,47.5519,158,552,ExactBaseline,1,1,0.00437239,2.10761,2.30259,5,3.91952,0,0,0,0,0.996794
Ch6-OV-Exact-Full,47.5582,469,311,ExactBaseline,1,1,0.00436814,2.07944,2.30259,5,4.68237,0,0,0,0,0.998884
Ch6-OV-Exact-Full,47.5596,272,386,ExactBaseline,1,1,0.00313681,1.38629,2.30259,4,3.87167,0,0,0,0,0.993187
Ch6-OV-Exact-Full,47.5606,115,391,ExactBaseline,1,1,0.0043825,2.07944,2.30259,5,7.72416,0,0,0,0,0.980558
Ch6-OV-Exact-Full,47.5727,-1,-1,ExactBaseline,0,0,0,0,2.30259,0,6.88231,0,0,0,0,0.991953
Ch6-OV-Exact-Full,47.5749,-1,-1,ExactBaseline,0,0,0,0,2.30259,0,2.27846,0,0,0,0,0.998884
Ch6-OV-Exact-Full,47.5753,-1,-1,ExactBaseline,0,0,0,0,2.30259,0,7.86635,0,0,0,0,0.990837
Ch6-OV-Exact-Full,47.5775,118,447,ExactBaseline,1,1,0.00320922,1.38629,2.30259,4,10.3407,0,0,0,0,0.986256
Ch6-OV-Exact-Full,47.5797,-1,-1,ExactBaseline,0,0,0,0,2.30259,0,0.317601,0,0,0,0,1
Ch6-OV-Exact-Full,47.5804,-1,-1,ExactBaseline,0,0,0,0,2.30259,0,1.43277,0,0,0,0,1
Ch6-OV-Exact-Full,47.5867,475,100,ExactBaseline,1,1,0.0036517,1.38629,2.30259,4,5.5743,0,0,0,0,0.995419
Ch6-OV-Exact-Full,47.5875,-1,-1,ExactBaseline,0,0,0,0,2.30259,0,8.72129,0,0,0,0,0.986374
Ch6-OV-Exact-Full,47.5928,-1,-1,ExactBaseline,0,0,0,0,2.30259,0,1.11782,0,0,0,0,1
Ch6-OV-Exact-Full,47.6108,-1,-1,ExactBaseline,0,0,0,0,2.30259,0,1.26879,0,0,0,0,1
Ch6-OV-Exact-Full,47.6138,467,122,ExactBaseline,1,1,0.00461746,2.07944,2.30259,5,4.01299,0,0,0,0,0.990837
Ch6-OV-Exact-Full,47.6198,177,56,ExactBaseline,1,1,0.00450182,2.07944,2.30259,5,5.00498,0,0,0,0,0.986374
Ch6-OV-Exact-Full,47.6219,157,447,ExactBaseline,1,1,0.00317758,1.38629,2.30259,4,6.25265,0,0,0,0,0.972549
Ch6-OV-Exact-Full,47.6284,306,343,ExactBaseline,1,1,0.00317454,1.56862,2.30259,4,2.06856,0,0,0,0,0.989195
Ch6-OV-Exact-Full,47.6299,464,510,ExactBaseline,1,1,0.00320413,1.38629,2.30259,4,5.9039,0,0,0,0,0.986256
Ch6-OV-Exact-Full,47.6322,522,101,ExactBaseline,1,1,0.00217367,0.693147,2.30259,3,3.47734,0,0,0,0,0.991953
Ch6-OV-Exact-Full,47.6379,139,102,ExactBaseline,1,1,0.00437231,2.07944,2.30259,5,4.21479,0,0,0,0,0.990956
Ch6-OV-Exact-Full,47.6456,-1,-1,ExactBaseline,0,0,0,0,2.30259,0,4.95819,0,0,0,0,0.972511
Ch6-OV-Exact-Full,47.6511,-1,-1,ExactBaseline,0,0,0,0,2.30259,0,8.30216,0,0,0,0,0.990837
Ch6-OV-Exact-Full,47.6516,89,124,ExactBaseline,1,1,0.00360789,1.38629,2.30259,4,7.23741,0,0,0,0,0.986256
Ch6-OV-Exact-Full,47.6563,-1,-1,ExactBaseline,0,0,0,0,2.30259,0,3.07602,0,0,0,0,0.98279
Ch6-OV-Exact-Full,47.6568,-1,-1,ExactBaseline,0,0,0,0,2.30259,0,0.305458,0,0,0,0,0.997769
Ch6-OV-Exact-Full,47.6622,-1,-1,ExactBaseline,0,0,0,0,2.30259,0,4.25271,0,0,0,0,0.997769
Ch6-OV-Exact-Full,47.6634,312,31,ExactBaseline,1,1,0.00197421,0.693147,2.30259,3,2.62781,0,0,0,0,0.986256
Ch6-OV-Exact-Full,47.6674,-1,-1,ExactBaseline,0,0,0,0,2.30259,0,3.63101,0,0,0,0,0.996653
Ch6-OV-Exact-Full,47.6757,83,479,ExactBaseline,1,1,0.00200487,0.693147,2.30259,3,7.6685,0,0,0,0,0.98514
Ch6-OV-Exact-Full,47.6782,-1,-1,ExactBaseline,0,0,0,0,2.30259,0,0.908004,0,0,0,0,0.997769
Ch6-OV-Exact-Full,47.6803,-1,-1,ExactBaseline,0,0,0,0,2.30259,0,8.47709,0,0,0,0,0.983906
Ch6-OV-Exact-Full,47.6846,-1,-1,ExactBaseline,0,0,0,0,2.30259,0,6.06464,0,0,0,0,0.979324
Ch6-OV-Exact-Full,47.6868,211,573,ExactBaseline,1,1,0.00445059,2.07944,2.30259,5,6.75599,0,0,0,0,0.981674
Ch6-OV-Exact-Full,47.6869,35,485,ExactBaseline,1,1,0.00316812,1.38629,2.30259,4,7.38112,0,0,0,0,0.960998
Ch6-OV-Exact-Full,47.6944,96,378,ExactBaseline,1,1,0.00437805,2.07944,2.30259,5,3.19888,0,0,0,0,0.990837
Ch6-OV-Exact-Full,47.7018,-1,-1,ExactBaseline,0,0,0,0,2.30259,0,1.2191,0,0,0,0,1
Ch6-OV-Exact-Full,47.7094,487,372,ExactBaseline,1,1,0.0020769,0.693147,2.30259,3,6.13879,0,0,0,0,0.987371
Ch6-OV-Exact-Full,47.7139,213,398,ExactBaseline,1,1,0.00434714,2.07944,2.30259,5,4.4592,0,0,0,0,0.98984
Ch6-OV-Exact-Full,47.7179,126,275,ExactBaseline,1,1,0.00320781,1.23214,2.30259,4,6.5008,0,0,0,0,0.967159
Ch6-OV-Exact-Full,47.7195,-1,-1,ExactBaseline,0,0,0,0,2.30259,0,8.21242,0,0,0,0,0.990837
Ch6-OV-Exact-Full,47.729,288,46,ExactBaseline,1,1,0.00433483,2.07944,2.30259,5,5.67825,0,0,0,0,0.98749
Ch6-OV-Exact-Full,47.7331,108,432,ExactBaseline,1,1,0.00461358,2.07944,2.30259,5,5.46424,0,0,0,0,0.986256
Ch6-OV-Exact-Full,47.7333,477,569,ExactBaseline,1,1,0.00314502,1.38629,2.30259,4,7.76732,0,0,0,0,0.995419
Ch6-OV-Exact-Full,47.7344,282,391,ExactBaseline,1,1,0.00445809,2.07944,2.30259,5,8.19419,0,0,0,0,0.980558
Ch6-OV-Exact-Full,47.7372,-1,-1,ExactBaseline,0,0,0,0,2.30259,0,2.7672,0,0,0,0,1
Ch6-OV-Exact-Full,47.7398,27,201,ExactBaseline,1,1,0.00196415,0.693147,2.30259,3,3.97255,0,0,0,0,0.945816
Ch6-OV-Exact-Full,47.7419,248,92,ExactBaseline,1,1,0.00483975,2.07944,2.30259,5,6.05525,0,0,0,0,0.973627
Ch6-OV-Exact-Full,47.7496,-1,-1,ExactBaseline,0,0,0,0,2.30259,0,1.22947,0,0,0,0,1
Ch6-OV-Exact-Full,47.7497,151,370,ExactBaseline,1,1,0.00463627,2.07944,2.30259,5,8.17225,0,0,0,0,0.979239
Ch6-OV-Exact-Full,47.7501,-1,-1,ExactBaseline,0,0,0,0,2.30259,0,2.98481,0,0,0,0,0.993187
Ch6-OV-Exact-Full,47.7515,-1,-1,ExactBaseline,0,0,0,0,2.30259,0,4.30025,0,0,0,0,1
Ch6-OV-Exact-Full,47.7609,-1,-1,ExactBaseline,0,0,0,0,2.30259,0,3.61159,0,0,0,0,0.987371
Ch6-OV-Exact-Full,47.7644,-1,-1,ExactBaseline,0,0,0,0,2.30259,0,5.42714,0,0,0,0,0.990956
Ch6-OV-Exact-Full,47.7683,73,91,ExactBaseline,1,1,0.00193676,0.693147,2.30259,3,5.08408,0,0,0,0,0.963348
Ch6-OV-Exact-Full,47.7693,82,47,ExactBaseline,1,1,0.00444485,2.07944,2.30259,5,8.56655,0,0,0,0,0.985259
Ch6-OV-Exact-Full,47.7715,-1,-1,ExactBaseline,0,0,0,0,2.30259,0,1.86407,0,0,0,0,0.996653
Ch6-OV-Exact-Full,47.7745,-1,-1,ExactBaseline,0,0,0,0,2.30259,0,2.88264,0,0,0,0,1
Ch6-OV-Exact-Full,47.7807,-1,-1,ExactBaseline,0,0,0,0,2.30259,0,1.09174,0,0,0,0,0.997769
Ch6-OV-Exact-Full,47.7913,-1,-1,ExactBaseline,0,0,0,0,2.30259,0,1.49254,0,0,0,0,0.994303
Ch6-OV-Exact-Full,47.7975,441,101,ExactBaseline,1,1,0.00442785,2.07944,2.30259,5,7.55326,0,0,0,0,0.994303
Ch6-OV-Exact-Full,47.7989,259,492,ExactBaseline,1,1,0.00467196,2.07944,2.30259,5,4.93304,0,0,0,0,0.989721
Ch6-OV-Exact-Full,47.7989,-1,-1,ExactBaseline,0,0,0,0,2.30259,0,2.45757,0,0,0,0,0.995419
Ch6-OV-Exact-Full,47.8004,-1,-1,ExactBaseline,0,0,0,0,2.30259,0,9.19196,0,0,0,0,0.978208
Ch6-OV-Exact-Full,47.8162,-1,-1,ExactBaseline,0,0,0,0,2.30259,0,0.26555,0,0,0,0,0.998884
Ch6-OV-Exact-Full,47.8169,260,388,ExactBaseline,1,1,0.00439487,2.07944,2.30259,5,3.96587,0,0,0,0,0.989721
Ch6-OV-Exact-Full,47.8178,-1,-1,ExactBaseline,0,0,0,0,2.30259,0,0.063818,0,0,0,0,1
Ch6-OV-Exact-Full,47.8206,-1,-1,ExactBaseline,0,0,0,0,2.30259,0,7.01431,0,0,0,0,0.989721
Ch6-OV-Exact-Full,47.8221,-1,-1,ExactBaseline,0,0,0,0,2.30259,0,5.39351,0,0,0,0,0.98279
Ch6-OV-Exact-Full,47.8236,-1,-1,ExactBaseline,0,0,0,0,2.30259,0,3.82319,0,0,0,0,0.989721
Ch6-OV-Exact-Full,47.8346,-1,-1,ExactBaseline,0,0,0,0,2.30259,0,1.30928,0,0,0,0,0.998884
Ch6-OV-Exact-Full,47.8356,-1,-1,ExactBaseline,0,0,0,0,2.30259,0,6.6741,0,0,0,0,0.981674
Ch6-OV-Exact-Full,47.8397,-1,-1,ExactBaseline,0,0,0,0,2.30259,0,4.5973,0,0,0,0,1
Ch6-OV-Exact-Full,47.843,-1,-1,ExactBaseline,0,0,0,0,2.30259,0,5.0633,0,0,0,0,0.994303
Ch6-OV-Exact-Full,47.8452,-1,-1,ExactBaseline,0,0,0,0,2.30259,0,3.9396,0,0,0,0,0.997769
Ch6-OV-Exact-Full,47.8562,-1,-1,ExactBaseline,0,0,0,0,2.30259,0,4.69922,0,0,0,0,0.973042
Ch6-OV-Exact-Full,47.8577,-1,-1,ExactBaseline,0,0,0,0,2.30259,0,0.408616,0,0,0,0,1
Ch6-OV-Exact-Full,47.8589,-1,-1,ExactBaseline,0,0,0,0,2.30259,0,7.7289,0,0,0,0,0.98279
Ch6-OV-Exact-Full,47.8632,-1,-1,ExactBaseline,0,0,0,0,2.30259,0,9.30262,0,0,0,0,0.972219
Ch6-OV-Exact-Full,47.8676,-1,-1,ExactBaseline,0,0,0,0,2.30259,0,3.72838,0,0,0,0,0.991953
Ch6-OV-Exact-Full,47.8734,-1,-1,ExactBaseline,0,0,0,0,2.30259,0,0.008279,0,0,0,0,1
Ch6-OV-Exact-Full,47.8749,-1,-1,ExactBaseline,0,0,0,0,2.30259,0,3.54112,0,0,0,0,1
Ch6-OV-Exact-Full,47.8791,-1,-1,ExactBaseline,0,0,0,0,2.30259,0,7.77393,0,0,0,0,0.979324
Ch6-OV-Exact-Full,47.8809,-1,-1,ExactBaseline,0,0,0,0,2.30259,0,3.30545,0,0,0,0,1
Ch6-OV-Exact-Full,47.8927,-1,-1,ExactBaseline,0,0,0,0,2.30259,0,5.41129,0,0,0,0,0.998884
Ch6-OV-Exact-Full,47.8952,531,54,ExactBaseline,1,1,0.00362548,1.38629,2.30259,4,2.65071,0,0,0,0,0.995419
Ch6-OV-Exact-Full,47.9,-1,-1,ExactBaseline,0,0,0,0,2.30259,0,4.75148,0,0,0,0,0.990837
Ch6-OV-Exact-Full,47.9075,-1,-1,ExactBaseline,0,0,0,0,2.30259,0,7.96332,0,0,0,0,1
Ch6-OV-Exact-Full,47.9133,-1,-1,ExactBaseline,0,0,0,0,2.30259,0,7.1771,0,0,0,0,0.995419
Ch6-OV-Exact-Full,47.9183,-1,-1,ExactBaseline,0,0,0,0,2.30259,0,2.95724,0,0,0,0,0.994421
Ch6-OV-Exact-Full,47.9258,273,1,ExactBaseline,1,1,0.00440174,2.07944,2.30259,5,7.07988,0,0,0,0,0.995537
Ch6-OV-Exact-Full,47.926,521,129,ExactBaseline,1,1,0.00440285,2.07944,2.30259,5,4.16037,0,0,0,0,0.998884
Ch6-OV-Exact-Full,47.9298,-1,-1,ExactBaseline,0,0,0,0,2.30259,0,10.4758,0,0,0,0,0.982382
Ch6-OV-Exact-Full,47.9373,156,267,ExactBaseline,1,1,0.00441172,2.07944,2.30259,5,7.75134,0,0,0,0,0.981674
Ch6-OV-Exact-Full,47.943,-1,-1,ExactBaseline,0,0,0,0,2.30259,0,7.73324,0,0,0,0,0.994303
Ch6-OV-Exact-Full,47.9444,-1,-1,ExactBaseline,0,0,0,0,2.30259,0,9.67281,0,0,0,0,0.990956
Ch6-OV-Exact-Full,47.952,-1,-1,ExactBaseline,0,0,0,0,2.30259,0,7.43825,0,0,0,0,0.990956
Ch6-OV-Exact-Full,47.9636,-1,-1,ExactBaseline,0,0,0,0,2.30259,0,6.77415,0,0,0,0,1
Ch6-OV-Exact-Full,47.9719,41,74,ExactBaseline,1,1,0.00202162,0.693147,2.30259,3,6.02953,0,0,0,0,0.975804
Ch6-OV-Exact-Full,47.975,503,494,ExactBaseline,1,1,0.00436116,2.07944,2.30259,5,2.02947,0,0,0,0,0.994303
Ch6-OV-Exact-Full,47.9815,-1,-1,ExactBaseline,0,0,0,0,2.30259,0,4.57736,0,0,0,0,0.99288
Ch6-OV-Exact-Full,47.9821,-1,-1,ExactBaseline,0,0,0,0,2.30259,0,3.94889,0,0,0,0,0.988194
Ch6-OV-Exact-Full,47.9851,-1,-1,ExactBaseline,0,0,0,0,2.30259,0,2.49661,0,0,0,0,0.991953
Ch6-OV-Exact-Full,47.9861,-1,-1,ExactBaseline,0,0,0,0,2.30259,0,7.63493,0,0,0,0,0.997769
Ch6-OV-Exact-Full,48.0059,-1,-1,ExactBaseline,0,0,0,0,2.30259,0,2.72551,0,0,0,0,0.978208
Ch6-OV-Exact-Full,48.008,-1,-1,ExactBaseline,0,0,0,0,2.30259,0,4.89341,0,0,0,0,1
Ch6-OV-Exact-Full,48.0114,-1,-1,ExactBaseline,0,0,0,0,2.30259,0,1.63783,0,0,0,0,0.993187
Ch6-OV-Exact-Full,48.0119,-1,-1,ExactBaseline,0,0,0,0,2.30259,0,7.25316,0,0,0,0,0.974795
Ch6-OV-Exact-Full,48.0153,-1,-1,ExactBaseline,0,0,0,0,2.30259,0,2.58263,0,0,0,0,0.992071
Ch6-OV-Exact-Full,48.0153,21,507,ExactBaseline,1,1,0.00193668,0.693147,2.30259,3,5.81161,0,0,0,0,0.955818
Ch6-OV-Exact-Full,48.0171,-1,-1,ExactBaseline,0,0,0,0,2.30259,0,9.45706,0,0,0,0,0.975566
Ch6-OV-Exact-Full,48.0191,-1,-1,ExactBaseline,0,0,0,0,2.30259,0,3.01656,0,0,0,0,0.99247
Ch6-OV-Exact-Full,48.0229,486,623,ExactBaseline,1,1,0.00439486,2.07944,2.30259,5,5.07282,0,0,0,0,0.997769
Ch6-OV-Exact-Full,48.0273,2,372,ExactBaseline,1,1,0.00316057,1.38629,2.30259,4,4.03848,0,0,0,0,0.981793
Ch6-OV-Exact-Full,48.0336,167,457,ExactBaseline,1,1,0.00322919,1.38629,2.30259,4,8.01179,0,0,0,0,0.988606
Ch6-OV-Exact-Full,48.0348,4,22,ExactBaseline,1,1,0.00551078,1.77406,2.30259,5,1.956,0,0,0,0,0.982842
Ch6-OV-Exact-Full,48.0396,-1,-1,ExactBaseline,0,0,0,0,2.30259,0,3.27158,0,0,0,0,0.998884
Ch6-OV-Exact-Full,48.0402,-1,-1,ExactBaseline,0,0,0,0,2.30259,0,3.73944,0,0,0,0,0.991953
Ch6-OV-Exact-Full,48.047,-1,-1,ExactBaseline,0,0,0,0,2.30259,0,1.90487,0,0,0,0,0.998884
Ch6-OV-Exact-Full,48.0481,-1,-1,ExactBaseline,0,0,0,0,2.30259,0,1.15375,0,0,0,0,0.998884
Ch6-OV-Exact-Full,48.0519,-1,-1,ExactBaseline,0,0,0,0,2.30259,0,9.72217,0,0,0,0,0.986719
Ch6-OV-Exact-Full,48.0652,-1,-1,ExactBaseline,0,0,0,0,2.30259,0,2.53616,0,0,0,0,0.984024
Ch6-OV-Exact-Full,48.07,515,407,ExactBaseline,1,1,0.00364357,1.38629,2.30259,4,3.44252,0,0,0,0,0.995419
Ch6-OV-Exact-Full,48.0741,-1,-1,ExactBaseline,0,0,0,0,2.30259,0,0.965315,0,0,0,0,0.999796
Ch6-OV-Exact-Full,48.0772,-1,-1,ExactBaseline,0,0,0,0,2.30259,0,0.320667,0,0,0,0,1
Ch6-OV-Exact-Full,48.0796,-1,-1,ExactBaseline,0,0,0,0,2.30259,0,3.76737,0,0,0,0,0.98514
Ch6-OV-Exact-Full,48.0969,235,161,ExactBaseline,1,1,0.00485871,2.07944,2.30259,5,8.00247,0,0,0,0,0.984024
Ch6-OV-Exact-Full,48.0986,-1,-1,ExactBaseline,0,0,0,0,2.30259,0,3.46683,0,0,0,0,0.990837
Ch6-OV-Exact-Full,48.0994,-1,-1,ExactBaseline,0,0,0,0,2.30259,0,6.10645,0,0,0,0,0.979324
Ch6-OV-Exact-Full,48.1025,-1,-1,ExactBaseline,0,0,0,0,2.30259,0,4.76859,0,0,0,0,0.989721
Ch6-OV-Exact-Full,48.1094,404,473,ExactBaseline,1,1,0.00434867,2.07944,2.30259,5,3.84168,0,0,0,0,0.996653
Ch6-OV-Exact-Full,48.1103,-1,-1,ExactBaseline,0,0,0,0,2.30259,0,1.02584,0,0,0,0,0.993187
Ch6-OV-Exact-Full,48.115,-1,-1,ExactBaseline,0,0,0,0,2.30259,0,0.427315,0,0,0,0,0.995419
Ch6-OV-Exact-Full,48.1173,284,417,ExactBaseline,1,1,0.00486234,2.07944,2.30259,5,7.0813,0,0,0,0,0.989721
Ch6-OV-Exact-Full,48.1207,-1,-1,ExactBaseline,0,0,0,0,2.30259,0,0.321356,0,0,0,0,1
Ch6-OV-Exact-Full,48.1218,-1,-1,ExactBaseline,0,0,0,0,2.30259,0,3.22534,0,0,0,0,0.981674
Ch6-OV-Exact-Full,48.1248,-1,-1,ExactBaseline,0,0,0,0,2.30259,0,2.10743,0,0,0,0,0.995419
Ch6-OV-Exact-Full,48.1284,534,374,ExactBaseline,1,1,0.00241782,0.693147,2.30259,3,6.62202,0,0,0,0,0.991953
Ch6-OV-Exact-Full,48.1296,-1,-1,ExactBaseline,0,0,0,0,2.30259,0,2.22208,0,0,0,0,0.986256
Ch6-OV-Exact-Full,48.1318,-1,-1,ExactBaseline,0,0,0,0,2.30259,0,2.57399,0,0,0,0,0.998884
Ch6-OV-Exact-Full,48.1332,-1,-1,ExactBaseline,0,0,0,0,2.30259,0,2.40308,0,0,0,0,1
Ch6-OV-Exact-Full,48.1344,-1,-1,ExactBaseline,0,0,0,0,2.30259,0,1.52714,0,0,0,0,0.997769
Ch6-OV-Exact-Full,48.135,-1,-1,ExactBaseline,0,0,0,0,2.30259,0,8.78903,0,0,0,0,0.993187
Ch6-OV-Exact-Full,48.1399,174,543,ExactBaseline,1,1,0.0024166,0.693147,2.30259,3,3.27966,0,0,0,0,0.98279
Ch6-OV-Exact-Full,48.142,-1,-1,ExactBaseline,0,0,0,0,2.30259,0,6.64097,0,0,0,0,0.995419
Ch6-OV-Exact-Full,48.1456,254,366,ExactBaseline,1,1,0.00194857,0.693147,2.30259,3,2.97703,0,0,0,0,0.978208
Ch6-OV-Exact-Full,48.1532,-1,-1,ExactBaseline,0,0,0,0,2.30259,0,6.30059,0,0,0,0,0.977093
Ch6-OV-Exact-Full,48.1574,457,177,ExactBaseline,1,1,0.00443559,2.07944,2.30259,5,6.13672,0,0,0,0,0.998884
Ch6-OV-Exact-Full,48.1784,-1,-1,ExactBaseline,0,0,0,0,2.30259,0,0.291868,0,0,0,0,0.988402
Ch6-OV-Exact-Full,48.1793,110,315,ExactBaseline,1,1,0.00314016,0.693147,2.30259,3,0.160007,0,0,0,0,0.986256
Ch6-OV-Exact-Full,48.1834,31,598,ExactBaseline,1,1,0.0048654,2.07944,2.30259,5,4.0927,0,0,0,0,0.971807
Ch6-OV-Exact-Full,48.1904,-1,-1,ExactBaseline,0,0,0,0,2.30259,0,4.23927,0,0,0,0,0.998884
Ch6-OV-Exact-Full,48.1926,245,204,ExactBaseline,1,1,0.00542363,2.07944,2.30259,5,3.38966,0,0,0,0,0.981793
Ch6-OV-Exact-Full,48.1953,-1,-1,ExactBaseline,0,0,0,0,2.30259,0,3.74967,0,0,0,0,0.990837
Ch6-OV-Exact-Full,48.2042,382,481,ExactBaseline,1,1,0.00232278,0.693147,2.30259,3,6.12558,0,0,0,0,0.977093
Ch6-OV-Exact-Full,48.2047,372,91,ExactBaseline,1,1,0.00193637,0.538997,2.30259,3,2.75951,0,0,0,0,0.967504
Ch6-OV-Exact-Full,48.2062,-1,-1,ExactBaseline,0,0,0,0,2.30259,0,3.42213,0,0,0,0,1
Ch6-OV-Exact-Full,48.2077,-1,-1,ExactBaseline,0,0,0,0,2.30259,0,0.430612,0,0,0,0,1
Ch6-OV-Exact-Full,48.2109,-1,-1,ExactBaseline,0,0,0,0,2.30259,0,6.13558,0,0,0,0,0.986787
Ch6-OV-Exact-Full,48.2136,-1,-1,ExactBaseline,0,0,0,0,2.30259,0,1.72575,0,0,0,0,0.99501
Ch6-OV-Exact-Full,48.2148,-1,-1,ExactBaseline,0,0,0,0,2.30259,0,6.0911,0,0,0,0,1
Ch6-OV-Exact-Full,48.2225,416,200,ExactBaseline,1,1,0.00450759,2.07944,2.30259,5,8.24298,0,0,0,0,0.996653
Ch6-OV-Exact-Full,48.2301,424,483,ExactBaseline,1,1,0.00436551,2.07944,2.30259,5,4.71783,0,0,0,0,0.998884
Ch6-OV-Exact-Full,48.2355,-1,-1,ExactBaseline,0,0,0,0,2.30259,0,0.876354,0,0,0,0,0.995419
Ch6-OV-Exact-Full,48.2357,-1,-1,ExactBaseline,0,0,0,0,2.30259,0,0.518868,0,0,0,0,1
Ch6-OV-Exact-Full,48.2358,255,630,ExactBaseline,1,1,0.00315249,1.38629,2.30259,4,3.80985,0,0,0,0,0.993187
Ch6-OV-Exact-Full,48.2418,70,21,ExactBaseline,1,1,0.00363488,1.38629,2.30259,4,3.11889,0,0,0,0,0.980715
Ch6-OV-Exact-Full,48.2419,-1,-1,ExactBaseline,0,0,0,0,2.30259,0,4.1552,0,0,0,0,0.989721
Ch6-OV-Exact-Full,48.2515,-1,-1,ExactBaseline,0,0,0,0,2.30259,0,4.05855,0,0,0,0,1
Ch6-OV-Exact-Full,48.2527,152,532,ExactBaseline,1,1,0.00442262,2.07944,2.30259,5,2.94637,0,0,0,0,0.977093
Ch6-OV-Exact-Full,48.2538,-1,-1,ExactBaseline,0,0,0,0,2.30259,0,3.51753,0,0,0,0,0.993187
Ch6-OV-Exact-Full,48.2604,-1,-1,ExactBaseline,0,0,0,0,2.30259,0,0.319332,0,0,0,0,1
Ch6-OV-Exact-Full,48.2636,-1,-1,ExactBaseline,0,0,0,0,2.30259,0,8.37011,0,0,0,0,0.984024
Ch6-OV-Exact-Full,48.2685,-1,-1,ExactBaseline,0,0,0,0,2.30259,0,1.85384,0,0,0,0,1
Ch6-OV-Exact-Full,48.2775,-1,-1,ExactBaseline,0,0,0,0,2.30259,0,3.93494,0,0,0,0,1
Ch6-OV-Exact-Full,48.2778,-1,-1,ExactBaseline,0,0,0,0,2.30259,0,0.257501,0,0,0,0,0.995419
Ch6-OV-Exact-Full,48.2778,361,186,ExactBaseline,1,1,0.00444105,2.07944,2.30259,5,2.8982,0,0,0,0,0.996449
Ch6-OV-Exact-Full,48.2818,476,105,ExactBaseline,1,1,0.00443209,2.07944,2.30259,5,8.55439,0,0,0,0,0.994303
Ch6-OV-Exact-Full,48.2842,300,581,ExactBaseline,1,1,0.00435565,2.07944,2.30259,5,5.92231,0,0,0,0,0.98514
Ch6-OV-Exact-Full,48.2865,-1,-1,ExactBaseline,0,0,0,0,2.30259,0,9.06885,0,0,0,0,0.972511
Ch6-OV-Exact-Full,48.2908,395,56,ExactBaseline,1,1,0.00202682,0.693147,2.30259,3,5.91939,0,0,0,0,0.984024
Ch6-OV-Exact-Full,48.2951,172,305,ExactBaseline,1,1,0.00436695,2.07944,2.30259,5,7.21307,0,0,0,0,0.943788
Ch6-OV-Exact-Full,48.2951,400,260,ExactBaseline,1,1,0.00243486,0.693147,2.30259,3,0.924661,0,0,0,0,0.991953
Ch6-OV-Exact-Full,48.2955,413,422,ExactBaseline,1,1,0.0024285,0.693147,2.30259,3,1.80181,0,0,0,0,0.990837
Ch6-OV-Exact-Full,48.302,-1,-1,ExactBaseline,0,0,0,0,2.30259,0,9.36978,0,0,0,0,0.980558
Ch6-OV-Exact-Full,48.3132,430,306,ExactBaseline,1,1,0.00472749,2.26176,2.30259,5,7.10468,0,0,0,0,0.994099
Ch6-OV-Exact-Full,48.3145,-1,-1,ExactBaseline,0,0,0,0,2.30259,0,5.78739,0,0,0,0,1
Ch6-OV-Exact-Full,48.3166,104,352,ExactBaseline,1,1,0.00200334,0.693147,2.30259,3,8.80987,0,0,0,0,0.975977
Ch6-OV-Exact-Full,48.3228,268,157,ExactBaseline,1,1,0.00326207,1.38629,2.30259,4,3.43457,0,0,0,0,0.989517
Ch6-OV-Exact-Full,48.323,325,418,ExactBaseline,1,1,0.00193532,0.693147,2.30259,3,4.31889,0,0,0,0,0.973627
Ch6-OV-Exact-Full,48.3245,-1,-1,ExactBaseline,0,0,0,0,2.30259,0,8.86993,0,0,0,0,0.987902
Ch6-OV-Exact-Full,48.3289,-1,-1,ExactBaseline,0,0,0,0,2.30259,0,5.01484,0,0,0,0,0.975206
Ch6-OV-Exact-Full,48.3353,-1,-1,ExactBaseline,0,0,0,0,2.30259,0,8.39631,0,0,0,0,1
Ch6-OV-Exact-Full,48.3403,293,466,ExactBaseline,1,1,0.00480664,2.07944,2.30259,5,4.91505,0,0,0,0,0.993187
Ch6-OV-Exact-Full,48.3412,-1,-1,ExactBaseline,0,0,0,0,2.30259,0,0.681091,0,0,0,0,1
Ch6-OV-Exact-Full,48.3412,-1,-1,ExactBaseline,0,0,0,0,2.30259,0,5.12211,0,0,0,0,0.988606
Ch6-OV-Exact-Full,48.3419,-1,-1,ExactBaseline,0,0,0,0,2.30259,0,9.95567,0,0,0,0,0.966011
Ch6-OV-Exact-Full,48.3441,-1,-1,ExactBaseline,0,0,0,0,2.30259,0,3.03008,0,0,0,0,0.989517
Ch6-OV-Exact-Full,48.3471,-1,-1,ExactBaseline,0,0,0,0,2.30259,0,1.25829,0,0,0,0,0.983906
Ch6-OV-Exact-Full,48.3492,473,103,ExactBaseline,1,1,0.00436342,2.07944,2.30259,5,7.41216,0,0,0,0,0.998884
Ch6-OV-Exact-Full,48.3497,202,291,ExactBaseline,1,1,0.00440534,2.07944,2.30259,5,4.76662,0,0,0,0,0.994421
Ch6-OV-Exact-Full,48.3501,304,546,ExactBaseline,1,1,0.00217848,0.693147,2.30259,3,2.06151,0,0,0,0,0.986256
Ch6-OV-Exact-Full,48.3561,-1,-1,ExactBaseline,0,0,0,0,2.30259,0,9.07499,0,0,0,0,1
Ch6-OV-Exact-Full,48.3569,-1,-1,ExactBaseline,0,0,0,0,2.30259,0,0.549631,0,0,0,0,1
Ch6-OV-Exact-Full,48.3574,-1,-1,ExactBaseline,0,0,0,0,2.30259,0,0.289248,0,0,0,0,1
Ch6-OV-Exact-Full,48.3578,393,157,ExactBaseline,1,1,0.00195001,0.693147,2.30259,3,4.46159,0,0,0,0,0.979324
Ch6-OV-Exact-Full,48.3782,309,345,ExactBaseline,1,1,0.00354108,1.38629,2.30259,4,7.18907,0,0,0,0,0.995419
Ch6-OV-Exact-Full,48.3898,-1,-1,ExactBaseline,0,0,0,0,2.30259,0,5.40697,0,0,0,0,0.98749
Ch6-OV-Exact-Full,48.3937,269,449,ExactBaseline,1,1,0.00316392,1.38629,2.30259,4,2.99122,0,0,0,0,0.986256
Ch6-OV-Exact-Full,48.397,-1,-1,ExactBaseline,0,0,0,0,2.30259,0,0.610485,0,0,0,0,0.995419
Ch6-OV-Exact-Full,48.408,214,546,ExactBaseline,1,1,0.00409864,1.38629,2.30259,4,4.43287,0,0,0,0,0.957533
Ch6-OV-Exact-Full,48.4199,200,62,ExactBaseline,1,1,0.00338444,1.38629,2.30259,4,2.30832,0,0,0,0,0.986052
Ch6-OV-Exact-Full,48.4242,-1,-1,ExactBaseline,0,0,0,0,2.30259,0,6.77304,0,0,0,0,0.991749
Ch6-OV-Exact-Full,48.4294,-1,-1,ExactBaseline,0,0,0,0,2.30259,0,4.98123,0,0,0,0,1
Ch6-OV-Exact-Full,48.4333,-1,-1,ExactBaseline,0,0,0,0,2.30259,0,3.95887,0,0,0,0,1
Ch6-OV-Exact-Full,48.4384,-1,-1,ExactBaseline,0,0,0,0,2.30259,0,3.18247,0,0,0,0,0.990837
Ch6-OV-Exact-Full,48.4471,128,63,ExactBaseline,1,1,0.00200177,0.693147,2.30259,3,6.82494,0,0,0,0,0.967811
Ch6-OV-Exact-Full,48.4475,-1,-1,ExactBaseline,0,0,0,0,2.30259,0,1.54236,0,0,0,0,1
Ch6-OV-Exact-Full,48.4483,-1,-1,ExactBaseline,0,0,0,0,2.30259,0,8.24868,0,0,0,0,0.991953
Ch6-OV-Exact-Full,48.4532,-1,-1,ExactBaseline,0,0,0,0,2.30259,0,7.31145,0,0,0,0,0.995419
Ch6-OV-Exact-Full,48.4552,434,373,ExactBaseline,1,1,0.00438609,2.07944,2.30259,5,7.32128,0,0,0,0,0.993187
Ch6-OV-Exact-Full,48.4663,-1,-1,ExactBaseline,0,0,0,0,2.30259,0,0.451705,0,0,0,0,0.986256
Ch6-OV-Exact-Full,48.4678,-1,-1,ExactBaseline,0,0,0,0,2.30259,0,4.78633,0,0,0,0,0.998884
Ch6-OV-Exact-Full,48.472,205,352,ExactBaseline,1,1,0.00440225,2.07944,2.30259,5,5.85087,0,0,0,0,0.984024
Ch6-OV-Exact-Full,48.473,188,192,ExactBaseline,1,1,0.00436564,2.07944,2.30259,5,0.478457,0,0,0,0,0.997564
Ch6-OV-Exact-Full,48.4805,-1,-1,ExactBaseline,0,0,0,0,2.30259,0,4.12677,0,0,0,0,0.994303
Ch6-OV-Exact-Full,48.4806,-1,-1,ExactBaseline,0,0,0,0,2.30259,0,1.0697,0,0,0,0,0.998884
Ch6-OV-Exact-Full,48.4809,-1,-1,ExactBaseline,0,0,0,0,2.30259,0,3.53595,0,0,0,0,0.990837
Ch6-OV-Exact-Full,48.4818,239,335,ExactBaseline,1,1,0.00320078,1.38629,2.30259,4,3.22479,0,0,0,0,0.994303
Ch6-OV-Exact-Full,48.4879,-1,-1,ExactBaseline,0,0,0,0,2.30259,0,7.04924,0,0,0,0,1
Ch6-OV-Exact-Full,48.5044,6,114,ExactBaseline,1,1,0.00316875,1.38629,2.30259,4,3.22435,0,0,0,0,0.988194
Ch6-OV-Exact-Full,48.505,366,442,ExactBaseline,1,1,0.00440953,2.07944,2.30259,5,7.95871,0,0,0,0,0.982908
Ch6-OV-Exact-Full,48.5051,390,205,ExactBaseline,1,1,0.0032357,1.38629,2.30259,4,7.47948,0,0,0,0,0.984024
Ch6-OV-Exact-Full,48.5057,401,499,ExactBaseline,1,1,0.00205579,0.693147,2.30259,3,2.26623,0,0,0,0,0.98279
Ch6-OV-Exact-Full,48.5096,131,293,ExactBaseline,1,1,0.00326929,1.07799,2.30259,4,4.71153,0,0,0,0,0.977901
Ch6-OV-Exact-Full,48.5123,-1,-1,ExactBaseline,0,0,0,0,2.30259,0,4.5069,0,0,0,0,0.998884
Ch6-OV-Exact-Full,48.5148,-1,-1,ExactBaseline,0,0,0,0,2.30259,0,3.22714,0,0,0,0,0.987371
Ch6-OV-Exact-Full,48.5159,-1,-1,ExactBaseline,0,0,0,0,2.30259,0,2.23975,0,0,0,0,1
Ch6-OV-Exact-Full,48.5204,-1,-1,ExactBaseline,0,0,0,0,2.30259,0,0.539353,0,0,0,0,1
Ch6-OV-Exact-Full,48.5228,224,170,ExactBaseline,1,1,0.00567132,2.07944,2.30259,5,7.90532,0,0,0,0,0.975977
Ch6-OV-Exact-Full,48.5283,-1,-1,ExactBaseline,0,0,0,0,2.30259,0,2.67868,0,0,0,0,0.997769
Ch6-OV-Exact-Full,48.5294,-1,-1,ExactBaseline,0,0,0,0,2.30259,0,8.29259,0,0,0,0,0.978208
Ch6-OV-Exact-Full,48.5298,532,486,ExactBaseline,1,1,0.00340495,1.38629,2.30259,4,6.71167,0,0,0,0,0.995419
Ch6-OV-Exact-Full,48.5382,-1,-1,ExactBaseline,0,0,0,0,2.30259,0,5.44202,0,0,0,0,0.995537
Ch6-OV-Exact-Full,48.544,-1,-1,ExactBaseline,0,0,0,0,2.30259,0,3.95687,0,0,0,0,1
Ch6-OV-Exact-Full,48.5485,-1,-1,ExactBaseline,0,0,0,0,2.30259,0,1.75552,0,0,0,0,0.995419
Ch6-OV-Exact-Full,48.5491,207,259,ExactBaseline,1,1,0.00441836,2.07944,2.30259,5,4.56311,0,0,0,0,0.98749
Ch6-OV-Exact-Full,48.5504,398,555,ExactBaseline,1,1,0.00445913,2.07944,2.30259,5,5.83734,0,0,0,0,0.994303
Ch6-OV-Exact-Full,48.5514,-1,-1,ExactBaseline,0,0,0,0,2.30259,0,0.480323,0,0,0,0,0.998884
Ch6-OV-Exact-Full,48.5548,-1,-1,ExactBaseline,0,0,0,0,2.30259,0,1.61418,0,0,0,0,0.997769
Ch6-OV-Exact-Full,48.5608,356,89,ExactBaseline,1,1,0.00318317,1.38629,2.30259,4,7.18576,0,0,0,0,0.986256
Ch6-OV-Exact-Full,48.5659,236,10,ExactBaseline,1,1,0.00440647,2.07944,2.30259,5,6.53547,0,0,0,0,0.995537
Ch6-OV-Exact-Full,48.5684,-1,-1,ExactBaseline,0,0,0,0,2.30259,0,7.01439,0,0,0,0,0.971396
Ch6-OV-Exact-Full,48.5709,222,434,ExactBaseline,1,1,0.00241424,0.693147,2.30259,3,5.59684,0,0,0,0,0.980558
Ch6-OV-Exact-Full,48.5712,292,588,ExactBaseline,1,1,0.00196873,0.693147,2.30259,3,3.78832,0,0,0,0,0.983906
Ch6-OV-Exact-Full,48.5861,-1,-1,ExactBaseline,0,0,0,0,2.30259,0,2.64839,0,0,0,0,0.99868
Ch6-OV-Exact-Full,48.5938,-1,-1,ExactBaseline,0,0,0,0,2.30259,0,0.315185,0,0,0,0,1
Ch6-OV-Exact-Full,48.602,47,4,ExactBaseline,1,1,0.00434541,2.07944,2.30259,5,4.49402,0,0,0,0,0.984847
Ch6-OV-Exact-Full,48.6026,-1,-1,ExactBaseline,0,0,0,0,2.30259,0,3.8791,0,0,0,0,0.970161
Ch6-OV-Exact-Full,48.6081,377,528,ExactBaseline,1,1,0.00565547,2.07944,2.30259,5,5.96402,0,0,0,0,0.98514
Ch6-OV-Exact-Full,48.6121,-1,-1,ExactBaseline,0,0,0,0,2.30259,0,0.317247,0,0,0,0,1
Ch6-OV-Exact-Full,48.6161,-1,-1,ExactBaseline,0,0,0,0,2.30259,0,6.96777,0,0,0,0,0.992071
Ch6-OV-Exact-Full,48.6168,-1,-1,ExactBaseline,0,0,0,0,2.30259,0,1.09369,0,0,0,0,1
Ch6-OV-Exact-Full,48.6179,-1,-1,ExactBaseline,0,0,0,0,2.30259,0,0.124119,0,0,0,0,1
Ch6-OV-Exact-Full,48.6187,-1,-1,ExactBaseline,0,0,0,0,2.30259,0,0.214514,0,0,0,0,0.995419
Ch6-OV-Exact-Full,48.6248,-1,-1,ExactBaseline,0,0,0,0,2.30259,0,0.280995,0,0,0,0,0.994303
Ch6-OV-Exact-Full,48.6323,-1,-1,ExactBaseline,0,0,0,0,2.30259,0,10.2626,0,0,0,0,0.980558
Ch6-OV-Exact-Full,48.6375,-1,-1,ExactBaseline,0,0,0,0,2.30259,0,4.49109,0,0,0,0,0.994303
Ch6-OV-Exact-Full,48.6379,95,75,ExactBaseline,1,1,0.00487547,2.07944,2.30259,5,7.17315,0,0,0,0,0.971191
Ch6-OV-Exact-Full,48.6436,-1,-1,ExactBaseline,0,0,0,0,2.30259,0,2.77219,0,0,0,0,1
Ch6-OV-Exact-Full,48.6464,-1,-1,ExactBaseline,0,0,0,0,2.30259,0,8.36906,0,0,0,0,0.979324
Ch6-OV-Exact-Full,48.6521,-1,-1,ExactBaseline,0,0,0,0,2.30259,0,3.51962,0,0,0,0,0.987371
Ch6-OV-Exact-Full,48.6524,-1,-1,ExactBaseline,0,0,0,0,2.30259,0,5.57369,0,0,0,0,1
Ch6-OV-Exact-Full,48.6532,322,534,ExactBaseline,1,1,0.00434703,2.07944,2.30259,5,1.30448,0,0,0,0,0.993187
Ch6-OV-Exact-Full,48.6705,-1,-1,ExactBaseline,0,0,0,0,2.30259,0,7.91125,0,0,0,0,0.989721
Ch6-OV-Exact-Full,48.6751,-1,-1,ExactBaseline,0,0,0,0,2.30259,0,7.62902,0,0,0,0,0.98749
Ch6-OV-Exact-Full,48.6782,327,292,ExactBaseline,1,1,0.00350691,1.38629,2.30259,4,7.10427,0,0,0,0,0.977093
Ch6-OV-Exact-Full,48.6796,-1,-1,ExactBaseline,0,0,0,0,2.30259,0,0.404248,0,0,0,0,0.998884
Ch6-OV-Exact-Full,48.68,-1,-1,ExactBaseline,0,0,0,0,2.30259,0,3.83206,0,0,0,0,0.995419
Ch6-OV-Exact-Full,48.6804,497,206,ExactBaseline,1,1,0.00434374,2.07944,2.30259,5,4.12019,0,0,0,0,0.997769
Ch6-OV-Exact-Full,48.6815,-1,-1,ExactBaseline,0,0,0,0,2.30259,0,0.020386,0,0,0,0,1
Ch6-OV-Exact-Full,48.6816,-1,-1,ExactBaseline,0,0,0,0,2.30259,0,4.82046,0,0,0,0,0.991953
Ch6-OV-Exact-Full,48.6837,-1,-1,ExactBaseline,0,0,0,0,2.30259,0,3.40158,0,0,0,0,1
Ch6-OV-Exact-Full,48.6845,-1,-1,ExactBaseline,0,0,0,0,2.30259,0,0.339175,0,0,0,0,0.995419
Ch6-OV-Exact-Full,48.6874,-1,-1,ExactBaseline,0,0,0,0,2.30259,0,9.40463,0,0,0,0,0.998884
Ch6-OV-Exact-Full,48.691,418,211,ExactBaseline,1,1,0.00199847,0.693147,2.30259,3,4.20713,0,0,0,0,0.990837
Ch6-OV-Exact-Full,48.6935,-1,-1,ExactBaseline,0,0,0,0,2.30259,0,3.69203,0,0,0,0,0.987371
Ch6-OV-Exact-Full,48.7032,-1,-1,ExactBaseline,0,0,0,0,2.30259,0,6.02169,0,0,0,0,0.996653
Ch6-OV-Exact-Full,48.7036,448,423,ExactBaseline,1,1,0.00461588,2.07944,2.30259,5,1.87113,0,0,0,0,0.998884
Ch6-OV-Exact-Full,48.7041,189,378,ExactBaseline,1,1,0.00204423,0.693147,2.30259,3,3.20839,0,0,0,0,0.977093
Ch6-OV-Exact-Full,48.7076,-1,-1,ExactBaseline,0,0,0,0,2.30259,0,2.85206,0,0,0,0,0.995419
Ch6-OV-Exact-Full,48.7087,446,94,ExactBaseline,1,1,0.00437045,2.07944,2.30259,5,5.23419,0,0,0,0,0.997769
Ch6-OV-Exact-Full,48.71,-1,-1,ExactBaseline,0,0,0,0,2.30259,0,3.18611,0,0,0,0,0.995419
Ch6-OV-Exact-Full,48.7103,-1,-1,ExactBaseline,0,0,0,0,2.30259,0,4.45941,0,0,0,0,1
Ch6-OV-Exact-Full,48.7161,-1,-1,ExactBaseline,0,0,0,0,2.30259,0,0.358368,0,0,0,0,1
Ch6-OV-Exact-Full,48.7161,-1,-1,ExactBaseline,0,0,0,0,2.30259,0,3.70366,0,0,0,0,1
Ch6-OV-Exact-Full,48.7175,218,340,ExactBaseline,1,1,0.00442147,1.92529,2.30259,5,9.14139,0,0,0,0,0.961462
Ch6-OV-Exact-Full,48.7232,-1,-1,ExactBaseline,0,0,0,0,2.30259,0,4.21888,0,0,0,0,1
Ch6-OV-Exact-Full,48.7324,-1,-1,ExactBaseline,0,0,0,0,2.30259,0,2.9871,0,0,0,0,1
Ch6-OV-Exact-Full,48.7461,-1,-1,ExactBaseline,0,0,0,0,2.30259,0,3.75616,0,0,0,0,0.990837
Ch6-OV-Exact-Full,48.7635,330,126,ExactBaseline,1,1,0.00484915,2.07944,2.30259,5,1.78927,0,0,0,0,0.994303
Ch6-OV-Exact-Full,48.7673,-1,-1,ExactBaseline,0,0,0,0,2.30259,0,3.47837,0,0,0,0,0.990837
Ch6-OV-Exact-Full,48.7701,-1,-1,ExactBaseline,0,0,0,0,2.30259,0,6.99202,0,0,0,0,1
Ch6-OV-Exact-Full,48.7778,-1,-1,ExactBaseline,0,0,0,0,2.30259,0,3.94237,0,0,0,0,0.991953
Ch6-OV-Exact-Full,48.7786,-1,-1,ExactBaseline,0,0,0,0,2.30259,0,2.38075,0,0,0,0,0.998884
Ch6-OV-Exact-Full,48.7797,-1,-1,ExactBaseline,0,0,0,0,2.30259,0,7.26786,0,0,0,0,0.998884
Ch6-OV-Exact-Full,48.7823,88,332,ExactBaseline,1,1,0.00195429,0.693147,2.30259,3,4.40651,0,0,0,0,0.982908
Ch6-OV-Exact-Full,48.7889,-1,-1,ExactBaseline,0,0,0,0,2.30259,0,0.899849,0,0,0,0,1
Ch6-OV-Exact-Full,48.7925,-1,-1,ExactBaseline,0,0,0,0,2.30259,0,4.8238,0,0,0,0,1
Ch6-OV-Exact-Full,48.7955,-1,-1,ExactBaseline,0,0,0,0,2.30259,0,0.300282,0,0,0,0,0.991953
Ch6-OV-Exact-Full,48.7959,-1,-1,ExactBaseline,0,0,0,0,2.30259,0,2.60383,0,0,0,0,0.974743
Ch6-OV-Exact-Full,48.8035,170,378,ExactBaseline,1,1,0.00441538,2.07944,2.30259,5,3.41777,0,0,0,0,0.994099
Ch6-OV-Exact-Full,48.8078,-1,-1,ExactBaseline,0,0,0,0,2.30259,0,8.75365,0,0,0,0,0.986256
Ch6-OV-Exact-Full,48.8095,-1,-1,ExactBaseline,0,0,0,0,2.30259,0,0.268076,0,0,0,0,1
Ch6-OV-Exact-Full,48.8128,-1,-1,ExactBaseline,0,0,0,0,2.30259,0,6.04623,0,0,0,0,1
Ch6-OV-Exact-Full,48.8131,-1,-1,ExactBaseline,0,0,0,0,2.30259,0,1.76695,0,0,0,0,0.99401
Ch6-OV-Exact-Full,48.8149,-1,-1,ExactBaseline,0,0,0,0,2.30259,0,3.21015,0,0,0,0,1
Ch6-OV-Exact-Full,48.8175,-1,-1,ExactBaseline,0,0,0,0,2.30259,0,9.38985,0,0,0,0,0.981674
Ch6-OV-Exact-Full,48.821,-1,-1,ExactBaseline,0,0,0,0,2.30259,0,7.49189,0,0,0,0,0.989721
Ch6-OV-Exact-Full,48.8237,-1,-1,ExactBaseline,0,0,0,0,2.30259,0,3.94726,0,0,0,0,0.988606
Ch6-OV-Exact-Full,48.8251,-1,-1,ExactBaseline,0,0,0,0,2.30259,0,7.03582,0,0,0,0,0.995419
Ch6-OV-Exact-Full,48.8285,379,615,ExactBaseline,1,1,0.00484392,2.07944,2.30259,5,8.28927,0,0,0,0,0.98279
Ch6-OV-Exact-Full,48.8287,-1,-1,ExactBaseline,0,0,0,0,2.30259,0,5.65203,0,0,0,0,0.984024
Ch6-OV-Exact-Full,48.8296,478,260,ExactBaseline,1,1,0.00300257,0.693147,2.30259,3,7.68391,0,0,0,0,0.987371
Ch6-OV-Exact-Full,48.8351,378,531,ExactBaseline,1,1,0.00436253,2.07944,2.30259,5,7.01647,0,0,0,0,0.989721
Ch6-OV-Exact-Full,48.8439,-1,-1,ExactBaseline,0,0,0,0,2.30259,0,0.795398,0,0,0,0,0.995419
Ch6-OV-Exact-Full,48.8475,494,178,ExactBaseline,1,1,0.00487947,2.07944,2.30259,5,8.82098,0,0,0,0,0.998884
Ch6-OV-Exact-Full,48.8545,359,624,ExactBaseline,1,1,0.00445746,2.07944,2.30259,5,8.2885,0,0,0,0,0.996653
Ch6-OV-Exact-Full,48.862,-1,-1,ExactBaseline,0,0,0,0,2.30259,0,4.69109,0,0,0,0,0.998884
Ch6-OV-Exact-Full,48.8622,-1,-1,ExactBaseline,0,0,0,0,2.30259,0,8.96053,0,0,0,0,1
Ch6-OV-Exact-Full,48.8758,-1,-1,ExactBaseline,0,0,0,0,2.30259,0,4.13765,0,0,0,0,0.98514
Ch6-OV-Exact-Full,48.8776,62,61,ExactBaseline,1,1,0.00556234,2.07944,2.30259,5,9.49888,0,0,0,0,0.966814
Ch6-OV-Exact-Full,48.8789,-1,-1,ExactBaseline,0,0,0,0,2.30259,0,3.78225,0,0,0,0,0.984024
Ch6-OV-Exact-Full,48.8886,-1,-1,ExactBaseline,0,0,0,0,2.30259,0,7.718,0,0,0,0,0.979239
Ch6-OV-Exact-Full,48.89,-1,-1,ExactBaseline,0,0,0,0,2.30259,0,8.2221,0,0,0,0,0.980558
Ch6-OV-Exact-Full,48.8901,-1,-1,ExactBaseline,0,0,0,0,2.30259,0,7.69771,0,0,0,0,0.992071
Ch6-OV-Exact-Full,48.8927,-1,-1,ExactBaseline,0,0,0,0,2.30259,0,6.83083,0,0,0,0,0.989517
Ch6-OV-Exact-Full,48.8955,-1,-1,ExactBaseline,0,0,0,0,2.30259,0,3.42741,0,0,0,0,1
Ch6-OV-Exact-Full,48.8964,-1,-1,ExactBaseline,0,0,0,0,2.30259,0,3.59945,0,0,0,0,0.998884
Ch6-OV-Exact-Full,48.904,241,74,ExactBaseline,1,1,0.00315137,1.38629,2.30259,4,2.41449,0,0,0,0,0.981793
Ch6-OV-Exact-Full,48.9076,217,189,ExactBaseline,1,1,0.00471215,2.07944,2.30259,5,6.29372,0,0,0,0,0.980354
Ch6-OV-Exact-Full,48.9084,-1,-1,ExactBaseline,0,0,0,0,2.30259,0,3.8027,0,0,0,0,1
Ch6-OV-Exact-Full,48.9097,-1,-1,ExactBaseline,0,0,0,0,2.30259,0,3.78053,0,0,0,0,0.990837
Ch6-OV-Exact-Full,48.9132,444,458,ExactBaseline,1,1,0.0019831,0.693147,2.30259,3,5.61846,0,0,0,0,0.991953
Ch6-OV-Exact-Full,48.9185,-1,-1,ExactBaseline,0,0,0,0,2.30259,0,4.33303,0,0,0,0,0.987371
Ch6-OV-Exact-Full,48.9192,-1,-1,ExactBaseline,0,0,0,0,2.30259,0,3.9238,0,0,0,0,1
Ch6-OV-Exact-Full,48.9193,488,564,ExactBaseline,1,1,0.00454029,2.07944,2.30259,5,1.86934,0,0,0,0,0.997769
Ch6-OV-Exact-Full,48.9205,335,359,ExactBaseline,1,1,0.00352936,1.38629,2.30259,4,8.88162,0,0,0,0,0.986601
Ch6-OV-Exact-Full,48.9268,-1,-1,ExactBaseline,0,0,0,0,2.30259,0,6.78672,0,0,0,0,1
Ch6-OV-Exact-Full,48.9379,-1,-1,ExactBaseline,0,0,0,0,2.30259,0,0.484541,0,0,0,0,1
Ch6-OV-Exact-Full,48.9383,-1,-1,ExactBaseline,0,0,0,0,2.30259,0,3.24919,0,0,0,0,1
Ch6-OV-Exact-Full,48.9403,-1,-1,ExactBaseline,0,0,0,0,2.30259,0,5.29552,0,0,0,0,0.98279
Ch6-OV-Exact-Full,48.9416,526,23,ExactBaseline,1,1,0.00440853,2.07944,2.30259,5,5.32221,0,0,0,0,0.998884
Ch6-OV-Exact-Full,48.9447,-1,-1,ExactBaseline,0,0,0,0,2.30259,0,3.5883,0,0,0,0,0.998884
Ch6-OV-Exact-Full,48.9455,509,69,ExactBaseline,1,1,0.00439402,2.07944,2.30259,5,6.14309,0,0,0,0,0.998884
Ch6-OV-Exact-Full,48.9471,342,272,ExactBaseline,1,1,0.00317278,1.38629,2.30259,4,6.70227,0,0,0,0,0.981674
Ch6-OV-Exact-Full,48.9482,482,355,ExactBaseline,1,1,0.00241491,0.693147,2.30259,3,3.9523,0,0,0,0,0.991953
Ch6-OV-Exact-Full,48.9512,-1,-1,ExactBaseline,0,0,0,0,2.30259,0,3.36957,0,0,0,0,1
Ch6-OV-Exact-Full,48.9514,-1,-1,ExactBaseline,0,0,0,0,2.30259,0,8.42558,0,0,0,0,1
Ch6-OV-Exact-Full,48.9524,-1,-1,ExactBaseline,0,0,0,0,2.30259,0,2.78842,0,0,0,0,1
Ch6-OV-Exact-Full,48.9538,-1,-1,ExactBaseline,0,0,0,0,2.30259,0,4.47077,0,0,0,0,0.997769
Ch6-OV-Exact-Full,48.9549,505,19,ExactBaseline,1,1,0.00323729,1.38629,2.30259,4,7.77465,0,0,0,0,0.987371
Ch6-OV-Exact-Full,48.9654,-1,-1,ExactBaseline,0,0,0,0,2.30259,0,10.6876,0,0,0,0,0.978725
Ch6-OV-Exact-Full,48.9679,56,84,ExactBaseline,1,1,0.00318012,1.38629,2.30259,4,5.64482,0,0,0,0,0.978208
Ch6-OV-Exact-Full,48.9687,451,212,ExactBaseline,1,1,0.00316633,1.38629,2.30259,4,4.74226,0,0,0,0,0.993187
Ch6-OV-Exact-Full,48.9692,468,278,ExactBaseline,1,1,0.00457878,2.07944,2.30259,5,4.3544,0,0,0,0,0.998884
Ch6-OV-Exact-Full,48.9708,-1,-1,ExactBaseline,0,0,0,0,2.30259,0,3.89286,0,0,0,0,0.993187
Ch6-OV-Exact-Full,48.9718,-1,-1,ExactBaseline,0,0,0,0,2.30259,0,0.601115,0,0,0,0,1
Ch6-OV-Exact-Full,48.9777,492,99,ExactBaseline,1,1,0.00327198,1.38629,2.30259,4,5.72188,0,0,0,0,0.995419
Ch6-OV-Exact-Full,48.978,117,511,ExactBaseline,1,1,0.00440363,2.07944,2.30259,5,3.25309,0,0,0,0,0.993187
Ch6-OV-Exact-Full,48.9809,-1,-1,ExactBaseline,0,0,0,0,2.30259,0,8.22074,0,0,0,0,1
Ch6-OV-Exact-Full,48.9851,-1,-1,ExactBaseline,0,0,0,0,2.30259,0,0.374859,0,0,0,0,1
Ch6-OV-Exact-Full,48.9864,-1,-1,ExactBaseline,0,0,0,0,2.30259,0,7.58127,0,0,0,0,0.997769
Ch6-OV-Exact-Full,48.9925,-1,-1,ExactBaseline,0,0,0,0,2.30259,0,7.20044,0,0,0,0,1
Ch6-OV-Exact-Full,48.9966,338,75,ExactBaseline,1,1,0.00362415,1.38629,2.30259,4,8.45807,0,0,0,0,0.994303
Ch6-OV-Exact-Full,49.001,-1,-1,ExactBaseline,0,0,0,0,2.30259,0,1.85939,0,0,0,0,1
Ch6-OV-Exact-Full,49.0026,-1,-1,ExactBaseline,0,0,0,0,2.30259,0,5.82726,0,0,0,0,0.993187
Ch6-OV-Exact-Full,49.0045,332,487,ExactBaseline,1,1,0.00232507,0.693147,2.30259,3,4.11835,0,0,0,0,0.971277
Ch6-OV-Exact-Full,49.0085,-1,-1,ExactBaseline,0,0,0,0,2.30259,0,2.04641,0,0,0,0,1
Ch6-OV-Exact-Full,49.014,-1,-1,ExactBaseline,0,0,0,0,2.30259,0,1.21058,0,0,0,0,0.996449
Ch6-OV-Exact-Full,49.0174,-1,-1,ExactBaseline,0,0,0,0,2.30259,0,5.4501,0,0,0,0,0.97545
Ch6-OV-Exact-Full,49.0189,251,60,ExactBaseline,1,1,0.00327389,1.38629,2.30259,4,6.31614,0,0,0,0,0.980558
Ch6-OV-Exact-Full,49.0244,461,275,ExactBaseline,1,1,0.0036532,1.38629,2.30259,4,3.99208,0,0,0,0,0.995419
Ch6-OV-Exact-Full,49.0254,-1,-1,ExactBaseline,0,0,0,0,2.30259,0,3.81228,0,0,0,0,1
Ch6-OV-Exact-Full,49.0262,-1,-1,ExactBaseline,0,0,0,0,2.30259,0,0.493455,0,0,0,0,0.998884
Ch6-OV-Exact-Full,49.0276,-1,-1,ExactBaseline,0,0,0,0,2.30259,0,8.21187,0,0,0,0,0.996653
Ch6-OV-Exact-Full,49.0316,-1,-1,ExactBaseline,0,0,0,0,2.30259,0,0.245531,0,0,0,0,1
Ch6-OV-Exact-Full,49.0358,-1,-1,ExactBaseline,0,0,0,0,2.30259,0,6.52705,0,0,0,0,0.978327
Ch6-OV-Exact-Full,49.036,-1,-1,ExactBaseline,0,0,0,0,2.30259,0,0.899394,0,0,0,0,0.993895
Ch6-OV-Exact-Full,49.045,-1,-1,ExactBaseline,0,0,0,0,2.30259,0,8.43585,0,0,0,0,0.998884
Ch6-OV-Exact-Full,49.0454,408,84,ExactBaseline,1,1,0.0031553,1.38629,2.30259,4,4.89264,0,0,0,0,0.989721
Ch6-OV-Exact-Full,49.0478,-1,-1,ExactBaseline,0,0,0,0,2.30259,0,2.1684,0,0,0,0,0.998884
Ch6-OV-Exact-Full,49.0551,233,421,ExactBaseline,1,1,0.00315218,1.38629,2.30259,4,2.90453,0,0,0,0,0.98279
Ch6-OV-Exact-Full,49.0587,-1,-1,ExactBaseline,0,0,0,0,2.30259,0,9.29546,0,0,0,0,0.967226
Ch6-OV-Exact-Full,49.059,-1,-1,ExactBaseline,0,0,0,0,2.30259,0,4.8288,0,0,0,0,0.996653
Ch6-OV-Exact-Full,49.06,-1,-1,ExactBaseline,0,0,0,0,2.30259,0,5.52864,0,0,0,0,0.982497
Ch6-OV-Exact-Full,49.0602,19,601,ExactBaseline,1,1,0.00217232,0.693147,2.30259,3,3.55162,0,0,0,0,0.975566
Ch6-OV-Exact-Full,49.0659,240,308,ExactBaseline,1,1,0.00449384,2.07944,2.30259,5,2.5141,0,0,0,0,0.991097
Ch6-OV-Exact-Full,49.0762,165,149,ExactBaseline,1,1,0.00553593,2.07944,2.30259,5,5.56444,0,0,0,0,0.986374
Ch6-OV-Exact-Full,49.0793,231,340,ExactBaseline,1,1,0.00440334,2.07944,2.30259,5,7.55168,0,0,0,0,0.993187
Ch6-OV-Exact-Full,49.0793,-1,-1,ExactBaseline,0,0,0,0,2.30259,0,1.24568,0,0,0,0,0.988747
Ch6-OV-Exact-Full,49.0895,-1,-1,ExactBaseline,0,0,0,0,2.30259,0,0.393083,0,0,0,0,1
Ch6-OV-Exact-Full,49.092,-1,-1,ExactBaseline,0,0,0,0,2.30259,0,7.90988,0,0,0,0,0.977211
Ch6-OV-Exact-Full,49.0943,171,589,ExactBaseline,1,1,0.00327775,1.38629,2.30259,4,6.06297,0,0,0,0,0.981815
Ch6-OV-Exact-Full,49.0958,262,401,ExactBaseline,1,1,0.00314242,0.693147,2.30259,3,6.98645,0,0,0,0,0.981674
Ch6-OV-Exact-Full,49.096,-1,-1,ExactBaseline,0,0,0,0,2.30259,0,1.97982,0,0,0,0,1
Ch6-OV-Exact-Full,49.0993,-1,-1,ExactBaseline,0,0,0,0,2.30259,0,3.63319,0,0,0,0,0.994303
Ch6-OV-Exact-Full,49.0994,-1,-1,ExactBaseline,0,0,0,0,2.30259,0,4.70519,0,0,0,0,1
Ch6-OV-Exact-Full,49.1028,-1,-1,ExactBaseline,0,0,0,0,2.30259,0,3.84257,0,0,0,0,0.989721
Ch6-OV-Exact-Full,49.1115,-1,-1,ExactBaseline,0,0,0,0,2.30259,0,0.011421,0,0,0,0,1
Ch6-OV-Exact-Full,49.1136,43,350,ExactBaseline,1,1,0.00481047,2.07944,2.30259,5,9.56992,0,0,0,0,0.986256
Ch6-OV-Exact-Full,49.1146,385,508,ExactBaseline,1,1,0.00219169,0.693147,2.30259,3,4.07483,0,0,0,0,0.983906
Ch6-OV-Exact-Full,49.1212,-1,-1,ExactBaseline,0,0,0,0,2.30259,0,0.8843,0,0,0,0,0.998884
Ch6-OV-Exact-Full,49.1231,-1,-1,ExactBaseline,0,0,0,0,2.30259,0,4.03968,0,0,0,0,0.990837
Ch6-OV-Exact-Full,49.1276,-1,-1,ExactBaseline,0,0,0,0,2.30259,0,6.52812,0,0,0,0,0.98279
Ch6-OV-Exact-Full,49.1336,187,499,ExactBaseline,1,1,0.00201332,0.693147,2.30259,3,1.92453,0,0,0,0,0.967159
Ch6-OV-Exact-Full,49.1394,-1,-1,ExactBaseline,0,0,0,0,2.30259,0,7.74969,0,0,0,0,0.954067
Ch6-OV-Exact-Full,49.1413,209,6,ExactBaseline,1,1,0.00319141,1.38629,2.30259,4,1.68549,0,0,0,0,0.995419
Ch6-OV-Exact-Full,49.1437,421,508,ExactBaseline,1,1,0.00315259,1.38629,2.30259,4,4.11153,0,0,0,0,0.987371
Ch6-OV-Exact-Full,49.1453,183,64,ExactBaseline,1,1,0.00448547,2.07944,2.30259,5,9.60544,0,0,0,0,0.981674
Ch6-OV-Exact-Full,49.1454,-1,-1,ExactBaseline,0,0,0,0,2.30259,0,9.85544,0,0,0,0,0.981674
Ch6-OV-Exact-Full,49.1459,-1,-1,ExactBaseline,0,0,0,0,2.30259,0,5.42114,0,0,0,0,0.997769
Ch6-OV-Exact-Full,49.1508,81,531,ExactBaseline,1,1,0.00239586,0.693147,2.30259,3,1.07694,0,0,0,0,0.98514
Ch6-OV-Exact-Full,49.1512,-1,-1,ExactBaseline,0,0,0,0,2.30259,0,8.10294,0,0,0,0,0.995419
Ch6-OV-Exact-Full,49.1626,25,356,ExactBaseline,1,1,0.00318909,1.38629,2.30259,4,8.87981,0,0,0,0,0.9721
Ch6-OV-Exact-Full,49.1647,436,79,ExactBaseline,1,1,0.00323577,1.38629,2.30259,4,7.58384,0,0,0,0,0.994303
Ch6-OV-Exact-Full,49.1714,221,425,ExactBaseline,1,1,0.00439704,2.07944,2.30259,5,8.85088,0,0,0,0,0.963693
Ch6-OV-Exact-Full,49.1747,386,588,ExactBaseline,1,1,0.00321938,1.38629,2.30259,4,3.17021,0,0,0,0,0.978208
Ch6-OV-Exact-Full,49.1794,-1,-1,ExactBaseline,0,0,0,0,2.30259,0,2.27623,0,0,0,0,1
Ch6-OV-Exact-Full,49.1995,-1,-1,ExactBaseline,0,0,0,0,2.30259,0,4.86989,0,0,0,0,0.998884
Ch6-OV-Exact-Full,49.2047,105,557,ExactBaseline,1,1,0.00439481,2.07944,2.30259,5,5.4107,0,0,0,0,0.980677
Ch6-OV-Exact-Full,49.2053,-1,-1,ExactBaseline,0,0,0,0,2.30259,0,8.95424,0,0,0,0,0.977556
Ch6-OV-Exact-Full,49.2063,-1,-1,ExactBaseline,0,0,0,0,2.30259,0,8.821,0,0,0,0,0.973746
Ch6-OV-Exact-Full,49.2158,-1,-1,ExactBaseline,0,0,0,0,2.30259,0,0.499495,0,0,0,0,0.998884
Ch6-OV-Exact-Full,49.2218,-1,-1,ExactBaseline,0,0,0,0,2.30259,0,7.82873,0,0,0,0,0.939207
Ch6-OV-Exact-Full,49.2228,261,281,ExactBaseline,1,1,0.00314043,1.38629,2.30259,4,2.61058,0,0,0,0,0.984369
Ch6-OV-Exact-Full,49.2259,-1,-1,ExactBaseline,0,0,0,0,2.30259,0,1.46199,0,0,0,0,0.998884
Ch6-OV-Exact-Full,49.2315,-1,-1,ExactBaseline,0,0,0,0,2.30259,0,9.8115,0,0,0,0,0.996998
Ch6-OV-Exact-Full,49.2342,-1,-1,ExactBaseline,0,0,0,0,2.30259,0,3.28416,0,0,0,0,0.986256
Ch6-OV-Exact-Full,49.2348,153,309,ExactBaseline,1,1,0.0031914,1.38629,2.30259,4,6.95787,0,0,0,0,0.982908
Ch6-OV-Exact-Full,49.2356,432,589,ExactBaseline,1,1,0.00210211,0.693147,2.30259,3,4.26782,0,0,0,0,0.978208
Ch6-OV-Exact-Full,49.237,-1,-1,ExactBaseline,0,0,0,0,2.30259,0,9.63026,0,0,0,0,0.995419
Ch6-OV-Exact-Full,49.2398,-1,-1,ExactBaseline,0,0,0,0,2.30259,0,7.42151,0,0,0,0,0.993187
Ch6-OV-Exact-Full,49.242,-1,-1,ExactBaseline,0,0,0,0,2.30259,0,8.3409,0,0,0,0,0.979443
Ch6-OV-Exact-Full,49.2423,-1,-1,ExactBaseline,0,0,0,0,2.30259,0,7.67729,0,0,0,0,0.985259
Ch6-OV-Exact-Full,49.2425,406,330,ExactBaseline,1,1,0.00452359,2.07944,2.30259,5,7.63607,0,0,0,0,0.994303
Ch6-OV-Exact-Full,49.247,-1,-1,ExactBaseline,0,0,0,0,2.30259,0,2.55957,0,0,0,0,1
Ch6-OV-Exact-Full,49.2504,130,292,ExactBaseline,1,1,0.00363045,1.38629,2.30259,4,2.09578,0,0,0,0,0.989721
Ch6-OV-Exact-Full,49.2529,481,370,ExactBaseline,1,1,0.00484806,2.07944,2.30259,5,8.37554,0,0,0,0,0.998884
Ch6-OV-Exact-Full,49.259,-1,-1,ExactBaseline,0,0,0,0,2.30259,0,4.0355,0,0,0,0,0.990837
Ch6-OV-Exact-Full,49.2617,-1,-1,ExactBaseline,0,0,0,0,2.30259,0,4.20112,0,0,0,0,1
Ch6-OV-Exact-Full,49.2628,370,151,ExactBaseline,1,1,0.00448328,2.07944,2.30259,5,3.69294,0,0,0,0,0.986256
Ch6-OV-Exact-Full,49.2636,39,572,ExactBaseline,1,1,0.00316465,1.38629,2.30259,4,2.75682,0,0,0,0,0.969164
Ch6-OV-Exact-Full,49.2669,-1,-1,ExactBaseline,0,0,0,0,2.30259,0,2.32126,0,0,0,0,1
Ch6-OV-Exact-Full,49.2703,485,478,ExactBaseline,1,1,0.00195297,0.693147,2.30259,3,4.63053,0,0,0,0,0.990837
Ch6-OV-Exact-Full,49.2756,-1,-1,ExactBaseline,0,0,0,0,2.30259,0,0.38999,0,0,0,0,1
Ch6-OV-Exact-Full,49.277,-1,-1,ExactBaseline,0,0,0,0,2.30259,0,4.21359,0,0,0,0,1
Ch6-OV-Exact-Full,49.2773,-1,-1,ExactBaseline,0,0,0,0,2.30259,0,4.60716,0,0,0,0,0.994303
Ch6-OV-Exact-Full,49.2786,-1,-1,ExactBaseline,0,0,0,0,2.30259,0,0.334602,0,0,0,0,1
Ch6-OV-Exact-Full,49.2871,274,101,ExactBaseline,1,1,0.0031812,1.38629,2.30259,4,8.23162,0,0,0,0,0.981674
Ch6-OV-Exact-Full,49.2872,-1,-1,ExactBaseline,0,0,0,0,2.30259,0,8.56691,0,0,0,0,0.963348
Ch6-OV-Exact-Full,49.2892,225,40,ExactBaseline,1,1,0.00322098,1.38629,2.30259,4,4.91079,0,0,0,0,0.986256
Ch6-OV-Exact-Full,49.2959,-1,-1,ExactBaseline,0,0,0,0,2.30259,0,1.37801,0,0,0,0,0.995419
Ch6-OV-Exact-Full,49.2961,201,170,ExactBaseline,1,1,0.00316819,1.38629,2.30259,4,8.65451,0,0,0,0,0.989721
Ch6-OV-Exact-Full,49.2966,-1,-1,ExactBaseline,0,0,0,0,2.30259,0,2.07741,0,0,0,0,1
Ch6-OV-Exact-Full,49.2994,-1,-1,ExactBaseline,0,0,0,0,2.30259,0,7.93539,0,0,0,0,0.994303
Ch6-OV-Exact-Full,49.31,-1,-1,ExactBaseline,0,0,0,0,2.30259,0,4.03882,0,0,0,0,1
Ch6-OV-Exact-Full,49.3113,132,408,ExactBaseline,1,1,0.00437608,2.07944,2.30259,5,1.11224,0,0,0,0,0.998884
Ch6-OV-Exact-Full,49.3116,-1,-1,ExactBaseline,0,0,0,0,2.30259,0,0.415719,0,0,0,0,0.995419
Ch6-OV-Exact-Full,49.3139,-1,-1,ExactBaseline,0,0,0,0,2.30259,0,6.14178,0,0,0,0,0.972511
Ch6-OV-Exact-Full,49.315,399,377,ExactBaseline,1,1,0.00194684,0.693147,2.30259,3,3.73279,0,0,0,0,0.98279
Ch6-OV-Exact-Full,49.3154,507,447,ExactBaseline,1,1,0.00347988,1.38629,2.30259,4,8.75411,0,0,0,0,0.995419
Ch6-OV-Exact-Full,49.317,68,177,ExactBaseline,1,1,0.00483745,2.07944,2.30259,5,2.26111,0,0,0,0,0.978208
Ch6-OV-Exact-Full,49.3184,-1,-1,ExactBaseline,0,0,0,0,2.30259,0,2.01937,0,0,0,0,1
Ch6-OV-Exact-Full,49.3234,-1,-1,ExactBaseline,0,0,0,0,2.30259,0,3.6931,0,0,0,0,1
Ch6-OV-Exact-Full,49.3251,-1,-1,ExactBaseline,0,0,0,0,2.30259,0,2.3474,0,0,0,0,0.992071
Ch6-OV-Exact-Full,49.3293,-1,-1,ExactBaseline,0,0,0,0,2.30259,0,8.68022,0,0,0,0,0.979324
Ch6-OV-Exact-Full,49.3376,-1,-1,ExactBaseline,0,0,0,0,2.30259,0,8.48649,0,0,0,0,0.973627
Ch6-OV-Exact-Full,49.3389,-1,-1,ExactBaseline,0,0,0,0,2.30259,0,4.81116,0,0,0,0,0.996653
Ch6-OV-Exact-Full,49.3401,504,598,ExactBaseline,1,1,0.00543467,2.07944,2.30259,5,4.32783,0,0,0,0,0.994303
Ch6-OV-Exact-Full,49.3471,-1,-1,ExactBaseline,0,0,0,0,2.30259,0,2.9055,0,0,0,0,0.985964
Ch6-OV-Exact-Full,49.3479,-1,-1,ExactBaseline,0,0,0,0,2.30259,0,8.21761,0,0,0,0,0.989721
Ch6-OV-Exact-Full,49.3505,427,333,ExactBaseline,1,1,0.00193638,0.693147,2.30259,3,3.69684,0,0,0,0,0.987371
Ch6-OV-Exact-Full,49.3564,-1,-1,ExactBaseline,0,0,0,0,2.30259,0,4.50317,0,0,0,0,0.998884
Ch6-OV-Exact-Full,49.363,-1,-1,ExactBaseline,0,0,0,0,2.30259,0,1.93548,0,0,0,0,0.994303
Ch6-OV-Exact-Full,49.3637,190,291,ExactBaseline,1,1,0.00194617,0.693147,2.30259,3,3.59934,0,0,0,0,0.975977
Ch6-OV-Exact-Full,49.3654,-1,-1,ExactBaseline,0,0,0,0,2.30259,0,6.54622,0,0,0,0,0.979973
Ch6-OV-Exact-Full,49.374,-1,-1,ExactBaseline,0,0,0,0,2.30259,0,0.230153,0,0,0,0,1
Ch6-OV-Exact-Full,49.3757,180,256,ExactBaseline,1,1,0.00318016,1.38629,2.30259,4,1.64714,0,0,0,0,0.98514
Ch6-OV-Exact-Full,49.3757,-1,-1,ExactBaseline,0,0,0,0,2.30259,0,1.33706,0,0,0,0,1
Ch6-OV-Exact-Full,49.3768,-1,-1,ExactBaseline,0,0,0,0,2.30259,0,7.43699,0,0,0,0,0.983906
Ch6-OV-Exact-Full,49.3798,-1,-1,ExactBaseline,0,0,0,0,2.30259,0,8.45599,0,0,0,0,0.983906
Ch6-OV-Exact-Full,49.3811,-1,-1,ExactBaseline,0,0,0,0,2.30259,0,0.817397,0,0,0,0,1
Ch6-OV-Exact-Full,49.3855,162,47,ExactBaseline,1,1,0.00358849,1.38629,2.30259,4,2.14076,0,0,0,0,0.987371
Ch6-OV-Exact-Full,49.3897,-1,-1,ExactBaseline,0,0,0,0,2.30259,0,4.34978,0,0,0,0,0.998884
Ch6-OV-Exact-Full,49.3911,-1,-1,ExactBaseline,0,0,0,0,2.30259,0,3.86644,0,0,0,0,1
Ch6-OV-Exact-Full,49.3968,-1,-1,ExactBaseline,0,0,0,0,2.30259,0,4.80505,0,0,0,0,0.998884
Ch6-OV-Exact-Full,49.4018,275,216,ExactBaseline,1,1,0.00440227,2.07944,2.30259,5,7.9545,0,0,0,0,0.98749
Ch6-OV-Exact-Full,49.4021,-1,-1,ExactBaseline,0,0,0,0,2.30259,0,7.61311,0,0,0,0,1
Ch6-OV-Exact-Full,49.4041,-1,-1,ExactBaseline,0,0,0,0,2.30259,0,8.02945,0,0,0,0,0.964464
Ch6-OV-Exact-Full,49.4053,-1,-1,ExactBaseline,0,0,0,0,2.30259,0,2.56195,0,0,0,0,0.989721
Ch6-OV-Exact-Full,49.4068,-1,-1,ExactBaseline,0,0,0,0,2.30259,0,7.47823,0,0,0,0,0.98514
Ch6-OV-Exact-Full,49.416,-1,-1,ExactBaseline,0,0,0,0,2.30259,0,6.13463,0,0,0,0,0.982379
Ch6-OV-Exact-Full,49.4162,-1,-1,ExactBaseline,0,0,0,0,2.30259,0,2.61989,0,0,0,0,0.998884
Ch6-OV-Exact-Full,49.4255,67,201,ExactBaseline,1,1,0.0019539,0.693147,2.30259,3,3.50153,0,0,0,0,0.968841
Ch6-OV-Exact-Full,49.4256,-1,-1,ExactBaseline,0,0,0,0,2.30259,0,3.87829,0,0,0,0,0.993187
Ch6-OV-Exact-Full,49.4263,-1,-1,ExactBaseline,0,0,0,0,2.30259,0,7.14313,0,0,0,0,0.986256
Ch6-OV-Exact-Full,49.4452,-1,-1,ExactBaseline,0,0,0,0,2.30259,0,0.44579,0,0,0,0,0.998884
Ch6-OV-Exact-Full,49.45,-1,-1,ExactBaseline,0,0,0,0,2.30259,0,4.31685,0,0,0,0,0.994303
Ch6-OV-Exact-Full,49.4551,328,405,ExactBaseline,1,1,0.00545284,2.07944,2.30259,5,4.74347,0,0,0,0,0.986374
Ch6-OV-Exact-Full,49.4553,94,345,ExactBaseline,1,1,0.00365657,1.38629,2.30259,4,6.58373,0,0,0,0,0.956417
Ch6-OV-Exact-Full,49.4573,-1,-1,ExactBaseline,0,0,0,0,2.30259,0,7.73256,0,0,0,0,0.988606
Ch6-OV-Exact-Full,49.4602,-1,-1,ExactBaseline,0,0,0,0,2.30259,0,1.5966,0,0,0,0,0.994303
Ch6-OV-Exact-Full,49.4665,340,115,ExactBaseline,1,1,0.00435494,2.07944,2.30259,5,5.3485,0,0,0,0,0.996653
Ch6-OV-Exact-Full,49.4684,61,554,ExactBaseline,1,1,0.00318079,1.38629,2.30259,4,4.53431,0,0,0,0,0.995419
Ch6-OV-Exact-Full,49.4702,-1,-1,ExactBaseline,0,0,0,0,2.30259,0,1.22872,0,0,0,0,0.991953
Ch6-OV-Exact-Full,49.4708,-1,-1,ExactBaseline,0,0,0,0,2.30259,0,4.88259,0,0,0,0,0.98279
Ch6-OV-Exact-Full,49.4713,536,254,ExactBaseline,1,1,0.00440184,2.07944,2.30259,5,4.50896,0,0,0,0,0.998884
Ch6-OV-Exact-Full,49.4713,178,401,ExactBaseline,1,1,0.00361537,1.38629,2.30259,4,1.83375,0,0,0,0,0.990956
Ch6-OV-Exact-Full,49.4775,-1,-1,ExactBaseline,0,0,0,0,2.30259,0,0.010217,0,0,0,0,1
Ch6-OV-Exact-Full,49.4817,48,615,ExactBaseline,1,1,0.00436807,2.07944,2.30259,5,9.63567,0,0,0,0,0.969046
Ch6-OV-Exact-Full,49.4856,405,572,ExactBaseline,1,1,0.00439734,2.26176,2.30259,5,5.47353,0,0,0,0,0.989517
Ch6-OV-Exact-Full,49.499,99,441,ExactBaseline,1,1,0.00503899,2.07944,2.30259,5,6.38045,0,0,0,0,0.981589
Ch6-OV-Exact-Full,49.5034,-1,-1,ExactBaseline,0,0,0,0,2.30259,0,8.13896,0,0,0,0,0.98749
Ch6-OV-Exact-Full,49.5143,-1,-1,ExactBaseline,0,0,0,0,2.30259,0,4.54735,0,0,0,0,0.986256
Ch6-OV-Exact-Full,49.5147,-1,-1,ExactBaseline,0,0,0,0,2.30259,0,3.67431,0,0,0,0,0.97912
Ch6-OV-Exact-Full,49.5153,-1,-1,ExactBaseline,0,0,0,0,2.30259,0,5.64472,0,0,0,0,0.989721
Ch6-OV-Exact-Full,49.5158,297,487,ExactBaseline,1,1,0.00434367,1.38629,2.30259,4,4.38957,0,0,0,0,0.990837
Ch6-OV-Exact-Full,49.5177,-1,-1,ExactBaseline,0,0,0,0,2.30259,0,1.91817,0,0,0,0,0.998884
Ch6-OV-Exact-Full,49.5178,-1,-1,ExactBaseline,0,0,0,0,2.30259,0,8.33862,0,0,0,0,0.98147
Ch6-OV-Exact-Full,49.5189,364,453,ExactBaseline,1,1,0.00439239,2.26176,2.30259,5,2.45307,0,0,0,0,0.992456
Ch6-OV-Exact-Full,49.5196,-1,-1,ExactBaseline,0,0,0,0,2.30259,0,7.67223,0,0,0,0,0.969046
Ch6-OV-Exact-Full,49.5226,44,575,ExactBaseline,1,1,0.00193949,0.693147,2.30259,3,1.97826,0,0,0,0,0.981674
Ch6-OV-Exact-Full,49.5304,-1,-1,ExactBaseline,0,0,0,0,2.30259,0,5.54625,0,0,0,0,0.983906
Ch6-OV-Exact-Full,49.5349,-1,-1,ExactBaseline,0,0,0,0,2.30259,0,5.48092,0,0,0,0,0.978208
Ch6-OV-Exact-Full,49.547,-1,-1,ExactBaseline,0,0,0,0,2.30259,0,9.30996,0,0,0,0,0.962923
Ch6-OV-Exact-Full,49.55,-1,-1,ExactBaseline,0,0,0,0,2.30259,0,4.39051,0,0,0,0,0.996653
Ch6-OV-Exact-Full,49.5512,138,155,ExactBaseline,1,1,0.0206878,2.26176,2.30259,5,10.819,0,0,0,0,0.971536
Ch6-OV-Exact-Full,49.5519,158,385,ExactBaseline,1,1,0.00195722,0.538997,2.30259,3,1.81053,0,0,0,0,0.987976
Ch6-OV-Exact-Full,49.5582,-1,-1,ExactBaseline,0,0,0,0,2.30259,0,4.37294,0,0,0,0,0.998884
Ch6-OV-Exact-Full,49.5596,-1,-1,ExactBaseline,0,0,0,0,2.30259,0,5.32901,0,0,0,0,0.993187
Ch6-OV-Exact-Full,49.5606,115,515,ExactBaseline,1,1,0.00436964,1.92529,2.30259,5,7.69695,0,0,0,0,0.978672
Ch6-OV-Exact-Full,49.5727,-1,-1,ExactBaseline,0,0,0,0,2.30259,0,6.96467,0,0,0,0,0.991953
Ch6-OV-Exact-Full,49.5749,-1,-1,ExactBaseline,0,0,0,0,2.30259,0,1.97129,0,0,0,0,0.998884
Ch6-OV-Exact-Full,49.5753,-1,-1,ExactBaseline,0,0,0,0,2.30259,0,7.53742,0,0,0,0,0.990837
Ch6-OV-Exact-Full,49.5775,118,642,ExactBaseline,1,1,0.00440853,2.07944,2.30259,5,8.35566,0,0,0,0,0.98514
Ch6-OV-Exact-Full,49.5797,-1,-1,ExactBaseline,0,0,0,0,2.30259,0,0.308279,0,0,0,0,1
Ch6-OV-Exact-Full,49.5804,-1,-1,ExactBaseline,0,0,0,0,2.30259,0,2.01277,0,0,0,0,1
Ch6-OV-Exact-Full,49.5867,-1,-1,ExactBaseline,0,0,0,0,2.30259,0,5.15587,0,0,0,0,0.995419
Ch6-OV-Exact-Full,49.5875,-1,-1,ExactBaseline,0,0,0,0,2.30259,0,6.98674,0,0,0,0,0.986374
Ch6-OV-Exact-Full,49.5928,-1,-1,ExactBaseline,0,0,0,0,2.30259,0,1.79243,0,0,0,0,1
Ch6-OV-Exact-Full,49.6108,-1,-1,ExactBaseline,0,0,0,0,2.30259,0,2.07121,0,0,0,0,1
Ch6-OV-Exact-Full,49.6138,467,101,ExactBaseline,1,1,0.00316791,1.38629,2.30259,4,3.3163,0,0,0,0,0.986256
Ch6-OV-Exact-Full,49.6198,177,477,ExactBaseline,1,1,0.00242691,0.538997,2.30259,3,5.0818,0,0,0,0,0.977556
Ch6-OV-Exact-Full,49.6219,157,96,ExactBaseline,1,1,0.0031709,1.38629,2.30259,4,6.33886,0,0,0,0,0.967968
Ch6-OV-Exact-Full,49.6284,-1,-1,ExactBaseline,0,0,0,0,2.30259,0,2.2453,0,0,0,0,0.989195
Ch6-OV-Exact-Full,49.6299,464,196,ExactBaseline,1,1,0.00459994,2.07944,2.30259,5,7.82057,0,0,0,0,0.98514
Ch6-OV-Exact-Full,49.6322,522,291,ExactBaseline,1,1,0.0024218,0.693147,2.30259,3,5.58868,0,0,0,0,0.983906
Ch6-OV-Exact-Full,49.6354,-1,-1,ExactBaseline,0,0,0,0,2.30259,0,1.18927,0,0,0,0,1
Ch6-OV-Exact-Full,49.6379,-1,-1,ExactBaseline,0,0,0,0,2.30259,0,4.88747,0,0,0,0,0.990956
Ch6-OV-Exact-Full,49.6456,247,550,ExactBaseline,1,1,0.00437431,2.07944,2.30259,5,4.28371,0,0,0,0,0.971396
Ch6-OV-Exact-Full,49.6511,-1,-1,ExactBaseline,0,0,0,0,2.30259,0,6.50079,0,0,0,0,0.990837
Ch6-OV-Exact-Full,49.6516,89,385,ExactBaseline,1,1,0.00316143,1.38629,2.30259,4,6.63041,0,0,0,0,0.981674
Ch6-OV-Exact-Full,49.6563,-1,-1,ExactBaseline,0,0,0,0,2.30259,0,3.79439,0,0,0,0,0.98279
Ch6-OV-Exact-Full,49.6568,-1,-1,ExactBaseline,0,0,0,0,2.30259,0,0.299785,0,0,0,0,0.997769
Ch6-OV-Exact-Full,49.6622,-1,-1,ExactBaseline,0,0,0,0,2.30259,0,4.20856,0,0,0,0,0.997769
Ch6-OV-Exact-Full,49.6634,-1,-1,ExactBaseline,0,0,0,0,2.30259,0,4.39061,0,0,0,0,0.986256
Ch6-OV-Exact-Full,49.6674,-1,-1,ExactBaseline,0,0,0,0,2.30259,0,4.0409,0,0,0,0,0.996653
Ch6-OV-Exact-Full,49.6701,-1,-1,ExactBaseline,0,0,0,0,2.30259,0,2.20759,0,0,0,0,1
Ch6-OV-Exact-Full,49.6757,-1,-1,ExactBaseline,0,0,0,0,2.30259,0,7.82955,0,0,0,0,0.98514
Ch6-OV-Exact-Full,49.6782,-1,-1,ExactBaseline,0,0,0,0,2.30259,0,0.832076,0,0,0,0,0.997769
Ch6-OV-Exact-Full,49.6803,-1,-1,ExactBaseline,0,0,0,0,2.30259,0,8.98344,0,0,0,0,0.983906
Ch6-OV-Exact-Full,49.6846,102,355,ExactBaseline,1,1,0.00362592,1.38629,2.30259,4,7.01019,0,0,0,0,0.974743
Ch6-OV-Exact-Full,49.6868,-1,-1,ExactBaseline,0,0,0,0,2.30259,0,8.73998,0,0,0,0,0.981674
Ch6-OV-Exact-Full,49.6869,-1,-1,ExactBaseline,0,0,0,0,2.30259,0,10.0481,0,0,0,0,0.960998
Ch6-OV-Exact-Full,49.6944,-1,-1,ExactBaseline,0,0,0,0,2.30259,0,4.2272,0,0,0,0,0.990837
Ch6-OV-Exact-Full,49.7018,-1,-1,ExactBaseline,0,0,0,0,2.30259,0,1.18761,0,0,0,0,1
Ch6-OV-Exact-Full,49.7094,-1,-1,ExactBaseline,0,0,0,0,2.30259,0,8.97612,0,0,0,0,0.987371
Ch6-OV-Exact-Full,49.7139,-1,-1,ExactBaseline,0,0,0,0,2.30259,0,4.81963,0,0,0,0,0.98984
Ch6-OV-Exact-Full,49.7167,550,99,ExactBaseline,1,1,0.00482245,1.92529,2.30259,5,1.27931,0,0,0,0,0.998114
Ch6-OV-Exact-Full,49.7179,126,621,ExactBaseline,1,1,0.00438462,2.07944,2.30259,5,9.08267,0,0,0,0,0.966043
Ch6-OV-Exact-Full,49.7195,184,445,ExactBaseline,1,1,0.00317122,1.38629,2.30259,4,8.75177,0,0,0,0,0.986256
Ch6-OV-Exact-Full,49.729,288,447,ExactBaseline,1,1,0.005462,2.07944,2.30259,5,4.90887,0,0,0,0,0.986374
Ch6-OV-Exact-Full,49.7331,108,546,ExactBaseline,1,1,0.00336575,1.38629,2.30259,4,3.65371,0,0,0,0,0.981674
Ch6-OV-Exact-Full,49.7333,-1,-1,ExactBaseline,0,0,0,0,2.30259,0,7.36968,0,0,0,0,0.995419
Ch6-OV-Exact-Full,49.7344,-1,-1,ExactBaseline,0,0,0,0,2.30259,0,7.94029,0,0,0,0,0.980558
Ch6-OV-Exact-Full,49.7372,-1,-1,ExactBaseline,0,0,0,0,2.30259,0,3.09521,0,0,0,0,1
Ch6-OV-Exact-Full,49.7398,-1,-1,ExactBaseline,0,0,0,0,2.30259,0,7.32029,0,0,0,0,0.945816
Ch6-OV-Exact-Full,49.7419,-1,-1,ExactBaseline,0,0,0,0,2.30259,0,6.87899,0,0,0,0,0.973627
Ch6-OV-Exact-Full,49.7496,-1,-1,ExactBaseline,0,0,0,0,2.30259,0,1.82936,0,0,0,0,1
Ch6-OV-Exact-Full,49.7497,151,534,ExactBaseline,1,1,0.00199099,0.693147,2.30259,3,4.87121,0,0,0,0,0.971191
Ch6-OV-Exact-Full,49.7501,106,303,ExactBaseline,1,1,0.00443661,2.26176,2.30259,5,2.88636,0,0,0,0,0.992983
Ch6-OV-Exact-Full,49.7515,-1,-1,ExactBaseline,0,0,0,0,2.30259,0,3.71539,0,0,0,0,1
Ch6-OV-Exact-Full,49.7609,-1,-1,ExactBaseline,0,0,0,0,2.30259,0,4.44627,0,0,0,0,0.987371
Ch6-OV-Exact-Full,49.7644,302,181,ExactBaseline,1,1,0.00562197,2.07944,2.30259,5,6.73798,0,0,0,0,0.98984
Ch6-OV-Exact-Full,49.7683,73,507,ExactBaseline,1,1,0.00207459,0.693147,2.30259,3,6.9751,0,0,0,0,0.955301
Ch6-OV-Exact-Full,49.7693,-1,-1,ExactBaseline,0,0,0,0,2.30259,0,7.93636,0,0,0,0,0.985259
Ch6-OV-Exact-Full,49.7715,-1,-1,ExactBaseline,0,0,0,0,2.30259,0,0.752136,0,0,0,0,0.996653
Ch6-OV-Exact-Full,49.7745,-1,-1,ExactBaseline,0,0,0,0,2.30259,0,2.60882,0,0,0,0,1
Ch6-OV-Exact-Full,49.7807,-1,-1,ExactBaseline,0,0,0,0,2.30259,0,1.13152,0,0,0,0,0.997769
Ch6-OV-Exact-Full,49.7913,-1,-1,ExactBaseline,0,0,0,0,2.30259,0,1.95678,0,0,0,0,0.994303
Ch6-OV-Exact-Full,49.7975,441,30,ExactBaseline,1,1,0.00242849,0.693147,2.30259,3,5.88401,0,0,0,0,0.986256
Ch6-OV-Exact-Full,49.7989,-1,-1,ExactBaseline,0,0,0,0,2.30259,0,4.46335,0,0,0,0,0.989721
Ch6-OV-Exact-Full,49.7989,-1,-1,ExactBaseline,0,0,0,0,2.30259,0,3.03218,0,0,0,0,0.995419
Ch6-OV-Exact-Full,49.8004,169,404,ExactBaseline,1,1,0.00438831,2.07944,2.30259,5,7.81379,0,0,0,0,0.977093
Ch6-OV-Exact-Full,49.8162,-1,-1,ExactBaseline,0,0,0,0,2.30259,0,0.331131,0,0,0,0,0.998884
Ch6-OV-Exact-Full,49.8169,-1,-1,ExactBaseline,0,0,0,0,2.30259,0,3.64761,0,0,0,0,0.989721
Ch6-OV-Exact-Full,49.8178,-1,-1,ExactBaseline,0,0,0,0,2.30259,0,0.007585,0,0,0,0,1
Ch6-OV-Exact-Full,49.8206,-1,-1,ExactBaseline,0,0,0,0,2.30259,0,6.27649,0,0,0,0,0.989721
Ch6-OV-Exact-Full,49.8221,319,337,ExactBaseline,1,1,0.0048704,2.07944,2.30259,5,6.31003,0,0,0,0,0.981674
Ch6-OV-Exact-Full,49.8236,-1,-1,ExactBaseline,0,0,0,0,2.30259,0,4.00377,0,0,0,0,0.989721
Ch6-OV-Exact-Full,49.8346,-1,-1,ExactBaseline,0,0,0,0,2.30259,0,1.45025,0,0,0,0,0.998884
Ch6-OV-Exact-Full,49.8356,-1,-1,ExactBaseline,0,0,0,0,2.30259,0,7.27383,0,0,0,0,0.981674
Ch6-OV-Exact-Full,49.8397,450,529,ExactBaseline,1,1,0.00556526,2.07944,2.30259,5,4.83265,0,0,0,0,0.998884
Ch6-OV-Exact-Full,49.8405,-1,-1,ExactBaseline,0,0,0,0,2.30259,0,1.30762,0,0,0,0,1
Ch6-OV-Exact-Full,49.843,-1,-1,ExactBaseline,0,0,0,0,2.30259,0,5.96724,0,0,0,0,0.994303
Ch6-OV-Exact-Full,49.8452,-1,-1,ExactBaseline,0,0,0,0,2.30259,0,4.88551,0,0,0,0,0.997769
Ch6-OV-Exact-Full,49.8482,533,40,ExactBaseline,1,1,0.00313593,1.38629,2.30259,4,6.89993,0,0,0,0,0.995419
Ch6-OV-Exact-Full,49.8562,22,38,ExactBaseline,1,1,0.00446052,2.07944,2.30259,5,4.84209,0,0,0,0,0.971926
Ch6-OV-Exact-Full,49.8577,-1,-1,ExactBaseline,0,0,0,0,2.30259,0,0.425824,0,0,0,0,1
Ch6-OV-Exact-Full,49.8589,-1,-1,ExactBaseline,0,0,0,0,2.30259,0,7.88011,0,0,0,0,0.98279
Ch6-OV-Exact-Full,49.8632,-1,-1,ExactBaseline,0,0,0,0,2.30259,0,9.50701,0,0,0,0,0.972219
Ch6-OV-Exact-Full,49.8676,414,327,ExactBaseline,1,1,0.00461278,2.07944,2.30259,5,3.93759,0,0,0,0,0.990837
Ch6-OV-Exact-Full,49.8734,-1,-1,ExactBaseline,0,0,0,0,2.30259,0,0.009,0,0,0,0,1
Ch6-OV-Exact-Full,49.8749,-1,-1,ExactBaseline,0,0,0,0,2.30259,0,3.97555,0,0,0,0,1
Ch6-OV-Exact-Full,49.8791,-1,-1,ExactBaseline,0,0,0,0,2.30259,0,9.97941,0,0,0,0,0.979324
Ch6-OV-Exact-Full,49.8809,-1,-1,ExactBaseline,0,0,0,0,2.30259,0,3.82363,0,0,0,0,1
Ch6-OV-Exact-Full,49.8927,-1,-1,ExactBaseline,0,0,0,0,2.30259,0,6.3786,0,0,0,0,0.998884
Ch6-OV-Exact-Full,49.8952,-1,-1,ExactBaseline,0,0,0,0,2.30259,0,3.52407,0,0,0,0,0.995419
Ch6-OV-Exact-Full,49.9,-1,-1,ExactBaseline,0,0,0,0,2.30259,0,4.45352,0,0,0,0,0.990837
Ch6-OV-Exact-Full,49.9075,-1,-1,ExactBaseline,0,0,0,0,2.30259,0,6.74965,0,0,0,0,1
Ch6-OV-Exact-Full,49.9133,-1,-1,ExactBaseline,0,0,0,0,2.30259,0,8.1089,0,0,0,0,0.995419
Ch6-OV-Exact-Full,49.9183,-1,-1,ExactBaseline,0,0,0,0,2.30259,0,2.79865,0,0,0,0,0.994421
Ch6-OV-Exact-Full,49.9258,-1,-1,ExactBaseline,0,0,0,0,2.30259,0,7.19581,0,0,0,0,0.995537
Ch6-OV-Exact-Full,49.926,-1,-1,ExactBaseline,0,0,0,0,2.30259,0,4.17932,0,0,0,0,0.998884
Ch6-OV-Exact-Full,49.9298,194,270,ExactBaseline,1,1,0.00313214,1.38629,2.30259,4,6.07937,0,0,0,0,0.9778
Ch6-OV-Exact-Full,49.9373,156,340,ExactBaseline,1,1,0.00440536,2.07944,2.30259,5,7.85146,0,0,0,0,0.980558
Ch6-OV-Exact-Full,49.943,412,476,ExactBaseline,1,1,0.00328998,1.38629,2.30259,4,8.71089,0,0,0,0,0.989721
Ch6-OV-Exact-Full,49.9444,168,497,ExactBaseline,1,1,0.00440815,2.07944,2.30259,5,8.81847,0,0,0,0,0.98984
Ch6-OV-Exact-Full,49.952,-1,-1,ExactBaseline,0,0,0,0,2.30259,0,6.98576,0,0,0,0,0.990956
Ch6-OV-Exact-Full,49.9636,-1,-1,ExactBaseline,0,0,0,0,2.30259,0,7.60498,0,0,0,0,1
Ch6-OV-Exact-Full,49.9719,-1,-1,ExactBaseline,0,0,0,0,2.30259,0,10.3822,0,0,0,0,0.975804
Ch6-OV-Exact-Full,49.975,-1,-1,ExactBaseline,0,0,0,0,2.30259,0,1.70212,0,0,0,0,0.994303
Ch6-OV-Exact-Full,49.9815,-1,-1,ExactBaseline,0,0,0,0,2.30259,0,3.81912,0,0,0,0,0.99288
Ch6-OV-Exact-Full,49.9821,42,122,ExactBaseline,1,1,0.00569008,2.07944,2.30259,5,3.46627,0,0,0,0,0.987079
Ch6-OV-Exact-Full,49.9851,-1,-1,ExactBaseline,0,0,0,0,2.30259,0,2.57158,0,0,0,0,0.991953
Ch6-OV-Exact-Full,49.9861,-1,-1,ExactBaseline,0,0,0,0,2.30259,0,6.24667,0,0,0,0,0.997769
