configName,simTime,src,dst,policyMode,reachable,feasible,totalDelay,totalTrustCost,budget,hops,computeTimeMs,pipMasked,pipCandidates,pipDijkstraMs,pipNodesExpanded,lambda
CMDP-PostCheck,10.5722,1,49,PostCheck,0,0,0.0248307,2.46721,2.30259,5,0.009608,0,0,0,0,1
CMDP-PostCheck,10.8935,2,59,PostCheck,0,0,0.0528152,12.6414,2.30259,21,0.058386,0,0,0,0,1
CMDP-PostCheck,11.1491,3,15,PostCheck,1,0,0.0298642,4.71142,2.30259,11,0.041252,0,0,0,0,1.01204
CMDP-PostCheck,11.3331,5,78,PostCheck,0,0,0.0521568,12.6414,2.30259,21,0.066201,0,0,0,0,1
CMDP-PostCheck,11.5406,0,68,PostCheck,0,0,0.0532686,12.6414,2.30259,21,0.073181,0,0,0,0,1
CMDP-PostCheck,12.4666,4,68,PostCheck,0,0,0.0495857,12.6414,2.30259,21,0.08671,0,0,0,0,1
CMDP-PostCheck,12.5722,1,49,PostCheck,0,0,0.0248332,2.46721,2.30259,5,0.006492,0,0,0,0,1
CMDP-PostCheck,12.8502,7,113,PostCheck,0,0,0.0513335,11.9483,2.30259,20,0.084537,0,0,0,0,1
CMDP-PostCheck,12.8935,2,124,PostCheck,0,0,0.0527942,12.6414,2.30259,21,0.06305,0,0,0,0,1
CMDP-PostCheck,13.1419,8,90,PostCheck,0,0,0.0544212,12.6414,2.30259,21,0.076936,0,0,0,0,1
CMDP-PostCheck,13.1491,3,117,PostCheck,0,0,0.0417046,12.0307,2.30259,21,0.041221,0,0,0,0,1.01204
CMDP-PostCheck,13.1675,11,54,PostCheck,0,0,0.0378223,1.38629,2.30259,3,0.018292,0,0,0,0,1
CMDP-PostCheck,13.3331,5,18,PostCheck,0,0,0.0521409,12.6414,2.30259,21,0.042798,0,0,0,0,1
CMDP-PostCheck,13.3535,6,113,PostCheck,1,1,0.0224182,1.46868,2.30259,5,0.053516,0,0,0,0,0.99583
CMDP-PostCheck,13.5229,10,49,PostCheck,0,0,0.0437889,2.46721,2.30259,5,0.029803,0,0,0,0,1
CMDP-PostCheck,13.5406,0,90,PostCheck,0,0,0.0532594,12.6414,2.30259,21,0.062335,0,0,0,0,1
CMDP-PostCheck,13.8125,12,101,PostCheck,0,0,0.0237741,12.6414,2.30259,21,0.104567,0,0,0,0,1
CMDP-PostCheck,13.8892,9,113,PostCheck,0,0,0.0503292,10.562,2.30259,18,0.102641,0,0,0,0,1
CMDP-PostCheck,13.8921,14,92,PostCheck,0,0,0.032477,1.38629,2.30259,3,0.015356,0,0,0,0,1
CMDP-PostCheck,14.1563,17,139,PostCheck,0,0,0.0472865,12.336,2.30259,21,0.101763,0,0,0,0,1
CMDP-PostCheck,14.2029,13,106,PostCheck,0,0,0.0237938,12.6414,2.30259,21,0.072783,0,0,0,0,1
CMDP-PostCheck,14.3827,18,139,PostCheck,0,0,0.0488823,12.336,2.30259,21,0.086616,0,0,0,0,1
CMDP-PostCheck,14.3899,15,77,PostCheck,0,0,0.0568605,12.6414,2.30259,21,0.075327,0,0,0,0,1
CMDP-PostCheck,14.4666,4,47,PostCheck,0,0,0.049589,12.6414,2.30259,21,0.143451,0,0,0,0,1
CMDP-PostCheck,14.5722,1,49,PostCheck,0,0,0.0236144,2.46721,2.30259,5,0.025229,0,0,0,0,1
CMDP-PostCheck,14.8502,7,113,PostCheck,0,0,0.0406468,6.01533,2.30259,11,0.033527,0,0,0,0,1
CMDP-PostCheck,14.8935,2,93,PostCheck,0,0,0.0527358,12.6414,2.30259,21,0.096987,0,0,0,0,1
CMDP-PostCheck,15.1016,16,150,PostCheck,0,0,0.0381041,10.562,2.30259,18,0.083549,0,0,0,0,1
CMDP-PostCheck,15.1419,8,79,PostCheck,0,0,0.0544257,12.6414,2.30259,21,0.053196,0,0,0,0,1
CMDP-PostCheck,15.1419,23,88,PostCheck,0,0,0.0449835,10.785,2.30259,17,0.065824,0,0,0,0,1
CMDP-PostCheck,15.1491,3,39,PostCheck,0,0,0.0515398,12.0307,2.30259,21,0.072649,0,0,0,0,1.01204
CMDP-PostCheck,15.1675,11,26,PostCheck,0,0,0.00355208,2.07944,2.30259,4,0.005473,0,0,0,0,1
CMDP-PostCheck,15.2229,22,84,PostCheck,0,0,0.0189748,11.0904,2.30259,17,0.072713,0,0,0,0,1
CMDP-PostCheck,15.2845,24,15,PostCheck,0,0,0.0580313,13.2522,2.30259,21,0.107381,0,0,0,0,1
CMDP-PostCheck,15.3331,5,18,PostCheck,0,0,0.0533118,12.9468,2.30259,21,0.10485,0,0,0,0,1
CMDP-PostCheck,15.3535,6,39,PostCheck,0,0,0.0414684,12.0307,2.30259,21,0.049268,0,0,0,0,0.99583
CMDP-PostCheck,15.5229,10,49,PostCheck,0,0,0.0437956,2.46721,2.30259,5,0.0075,0,0,0,0,1
CMDP-PostCheck,15.5406,0,59,PostCheck,0,0,0.0520319,12.6414,2.30259,21,0.098264,0,0,0,0,1
CMDP-PostCheck,15.7598,26,143,PostCheck,0,0,0.0376926,2.07944,2.30259,4,0.023513,0,0,0,0,1
CMDP-PostCheck,15.8125,12,77,PostCheck,0,0,0.0237861,12.6414,2.30259,21,0.052367,0,0,0,0,1
CMDP-PostCheck,15.8892,9,129,PostCheck,0,0,0.0538663,12.9468,2.30259,21,0.043147,0,0,0,0,1
CMDP-PostCheck,15.8921,14,92,PostCheck,0,0,0.032477,1.38629,2.30259,3,0.003983,0,0,0,0,1
CMDP-PostCheck,16.0157,20,167,PostCheck,0,0,0.0236908,12.9468,2.30259,21,0.111168,0,0,0,0,1
CMDP-PostCheck,16.0171,19,88,PostCheck,0,0,0.0474833,12.8644,2.30259,20,0.082896,0,0,0,0,1
CMDP-PostCheck,16.0675,21,82,PostCheck,0,0,0.0448349,12.9468,2.30259,21,0.107855,0,0,0,0,1
CMDP-PostCheck,16.1563,17,0,PostCheck,0,0,0.0472612,12.8237,2.30259,21,0.054246,0,0,0,0,1
CMDP-PostCheck,16.2029,13,41,PostCheck,0,0,0.0574971,12.9468,2.30259,21,0.056315,0,0,0,0,1
CMDP-PostCheck,16.2191,25,52,PostCheck,0,0,0.0533964,12.9468,2.30259,21,0.118099,0,0,0,0,1
CMDP-PostCheck,16.3341,37,49,PostCheck,0,0,0.041493,3.64806,2.30259,6,0.03332,0,0,0,0,1
CMDP-PostCheck,16.3827,18,5,PostCheck,0,0,0.0488715,12.336,2.30259,21,0.057017,0,0,0,0,1
CMDP-PostCheck,16.3899,15,22,PostCheck,0,0,0.0568074,12.9468,2.30259,21,0.051666,0,0,0,0,1
CMDP-PostCheck,16.4666,4,31,PostCheck,0,0,0.0528702,12.6414,2.30259,21,0.105446,0,0,0,0,1
CMDP-PostCheck,16.4706,27,115,PostCheck,0,0,0.0236859,12.9468,2.30259,21,0.118304,0,0,0,0,1
CMDP-PostCheck,16.5722,1,49,PostCheck,0,0,0.0248062,3.16035,2.30259,6,0.009184,0,0,0,0,1
CMDP-PostCheck,16.7052,28,5,PostCheck,0,0,0.0525373,12.336,2.30259,21,0.088926,0,0,0,0,1
CMDP-PostCheck,16.751,29,150,PostCheck,0,0,0.0426504,12.6414,2.30259,21,0.097922,0,0,0,0,1
CMDP-PostCheck,16.8502,7,129,PostCheck,0,0,0.05248,12.9468,2.30259,21,0.146303,0,0,0,0,1
CMDP-PostCheck,16.8935,2,68,PostCheck,0,0,0.052723,12.6414,2.30259,21,0.073123,0,0,0,0,1
CMDP-PostCheck,16.9325,32,82,PostCheck,0,0,0.0422829,12.6414,2.30259,21,0.113937,0,0,0,0,1
CMDP-PostCheck,16.9851,33,166,PostCheck,0,0,0.0237825,12.6414,2.30259,21,0.180358,0,0,0,0,1
CMDP-PostCheck,17.0336,40,87,PostCheck,0,0,0.051351,12.6414,2.30259,21,0.135449,0,0,0,0,1
CMDP-PostCheck,17.0339,31,154,PostCheck,0,0,0.0237174,13.8629,2.30259,21,0.149459,0,0,0,0,1
CMDP-PostCheck,17.0987,39,162,PostCheck,0,0,0.0549566,13.2522,2.30259,21,0.11141,0,0,0,0,1
CMDP-PostCheck,17.1016,16,150,PostCheck,0,0,0.0416712,12.6414,2.30259,21,0.072211,0,0,0,0,1
CMDP-PostCheck,17.1114,38,76,PostCheck,0,0,0.0237417,12.336,2.30259,21,0.154038,0,0,0,0,1
CMDP-PostCheck,17.1419,8,62,PostCheck,0,0,0.0540421,13.2522,2.30259,21,0.131234,0,0,0,0,1
CMDP-PostCheck,17.1419,23,88,PostCheck,0,0,0.0485386,12.8644,2.30259,20,0.061945,0,0,0,0,1
CMDP-PostCheck,17.1491,3,85,PostCheck,1,0,0.0444057,7.48401,2.30259,15,0.041062,0,0,0,0,1.03795
CMDP-PostCheck,17.1675,11,26,PostCheck,0,0,0.0341136,2.77259,2.30259,5,0.027858,0,0,0,0,1
CMDP-PostCheck,17.2229,22,138,PostCheck,0,0,0.0236854,13.8629,2.30259,21,0.052701,0,0,0,0,1
CMDP-PostCheck,17.2845,24,162,PostCheck,0,0,0.0580495,13.2522,2.30259,21,0.046026,0,0,0,0,1
CMDP-PostCheck,17.3009,35,18,PostCheck,1,0,0.0107477,4.62903,2.30259,10,0.088858,0,0,0,0,1.01163
CMDP-PostCheck,17.3331,5,16,PostCheck,0,0,0.0533035,12.9468,2.30259,21,0.081037,0,0,0,0,1
CMDP-PostCheck,17.3535,6,69,PostCheck,1,0,0.0212375,3.54812,2.30259,8,0.073644,0,0,0,0,1.00206
CMDP-PostCheck,17.5229,10,49,PostCheck,0,0,0.0457333,3.16035,2.30259,6,0.028267,0,0,0,0,1
CMDP-PostCheck,17.5406,0,139,PostCheck,0,0,0.0520207,12.6414,2.30259,21,0.088562,0,0,0,0,1
CMDP-PostCheck,17.7598,26,11,PostCheck,0,0,0.0047363,2.77259,2.30259,5,0.00977,0,0,0,0,1
CMDP-PostCheck,17.8125,12,136,PostCheck,0,0,0.0237194,13.2522,2.30259,21,0.107634,0,0,0,0,1
CMDP-PostCheck,17.815,30,77,PostCheck,0,0,0.0532475,13.2522,2.30259,21,0.105517,0,0,0,0,1
CMDP-PostCheck,17.8892,9,58,PostCheck,0,0,0.0538414,12.9468,2.30259,21,0.164105,0,0,0,0,1
CMDP-PostCheck,17.8921,14,92,PostCheck,0,0,0.0336435,2.07944,2.30259,4,0.021968,0,0,0,0,1
CMDP-PostCheck,17.909,45,159,PostCheck,0,0,0.0348095,1.38629,2.30259,3,0.018513,0,0,0,0,1
CMDP-PostCheck,17.989,34,25,PostCheck,0,0,0.0620361,12.6414,2.30259,21,0.140627,0,0,0,0,1
CMDP-PostCheck,17.9998,36,69,PostCheck,0,0,0.0237264,13.2522,2.30259,21,0.112886,0,0,0,0,1
CMDP-PostCheck,18.0157,20,23,PostCheck,0,0,0.023702,12.6414,2.30259,21,0.082214,0,0,0,0,1
CMDP-PostCheck,18.0171,19,66,PostCheck,0,0,0.0486623,13.5576,2.30259,21,0.050717,0,0,0,0,1
CMDP-PostCheck,18.034,47,163,PostCheck,0,0,0.0237407,12.9468,2.30259,21,0.162935,0,0,0,0,1
CMDP-PostCheck,18.0675,21,73,PostCheck,0,0,0.0448307,12.9468,2.30259,21,0.072094,0,0,0,0,1
CMDP-PostCheck,18.1274,50,21,PostCheck,0,0,0.023682,13.8629,2.30259,21,0.154132,0,0,0,0,1
CMDP-PostCheck,18.138,41,75,PostCheck,0,0,0.0551452,13.2522,2.30259,21,0.133701,0,0,0,0,1
CMDP-PostCheck,18.1563,17,33,PostCheck,0,0,0.0523608,12.336,2.30259,21,0.158284,0,0,0,0,1
CMDP-PostCheck,18.2029,13,15,PostCheck,0,0,0.0548418,12.9468,2.30259,21,0.105189,0,0,0,0,1
CMDP-PostCheck,18.2191,25,87,PostCheck,0,0,0.0533942,12.9468,2.30259,21,0.075927,0,0,0,0,1
CMDP-PostCheck,18.2377,51,63,PostCheck,0,0,0.0237035,13.8629,2.30259,21,0.125979,0,0,0,0,1
CMDP-PostCheck,18.3341,37,10,PostCheck,0,0,0.0390933,2.26176,2.30259,4,0.008346,0,0,0,0,1
CMDP-PostCheck,18.3827,18,53,PostCheck,0,0,0.0515306,12.336,2.30259,21,0.138507,0,0,0,0,1
CMDP-PostCheck,18.3899,15,84,PostCheck,0,0,0.028852,2.07944,2.30259,4,0.033638,0,0,0,0,1
CMDP-PostCheck,18.4292,57,218,PostCheck,0,0,0.023701,13.8629,2.30259,21,0.12776,0,0,0,0,1
CMDP-PostCheck,18.4666,4,142,PostCheck,0,0,0.0528711,12.6414,2.30259,21,0.078449,0,0,0,0,1
CMDP-PostCheck,18.4706,27,87,PostCheck,0,0,0.0236887,12.9468,2.30259,21,0.151514,0,0,0,0,1
CMDP-PostCheck,18.4725,42,25,PostCheck,0,0,0.0529452,12.6414,2.30259,21,0.132905,0,0,0,0,1
CMDP-PostCheck,18.5371,58,170,PostCheck,0,0,0.0649884,13.5576,2.30259,21,0.110003,0,0,0,0,1
CMDP-PostCheck,18.5722,1,49,PostCheck,0,0,0.0226203,3.16035,2.30259,6,0.029868,0,0,0,0,1
CMDP-PostCheck,18.6401,54,189,PostCheck,0,0,0.0343995,2.77259,2.30259,5,0.044552,0,0,0,0,1
CMDP-PostCheck,18.7052,28,174,PostCheck,0,0,0.0525314,12.6414,2.30259,21,0.066359,0,0,0,0,1
CMDP-PostCheck,18.7187,55,178,PostCheck,0,0,0.0166232,9.70406,2.30259,15,0.081866,0,0,0,0,1
CMDP-PostCheck,18.7319,43,122,PostCheck,0,0,0.0462013,13.2522,2.30259,21,0.14885,0,0,0,0,1
CMDP-PostCheck,18.751,29,18,PostCheck,1,1,0.0224616,0.775531,2.30259,4,0.014221,0,0,0,0,0.992365
CMDP-PostCheck,18.8502,7,101,PostCheck,0,0,0.0524769,12.9468,2.30259,21,0.058477,0,0,0,0,1
CMDP-PostCheck,18.8935,2,140,PostCheck,0,0,0.0536054,12.6414,2.30259,21,0.171179,0,0,0,0,1
CMDP-PostCheck,18.9325,32,122,PostCheck,0,0,0.0422326,13.2522,2.30259,21,0.074394,0,0,0,0,1
CMDP-PostCheck,18.9851,33,192,PostCheck,0,0,0.0237651,12.9468,2.30259,21,0.090966,0,0,0,0,1
CMDP-PostCheck,19.0336,40,151,PostCheck,0,0,0.0237155,12.9468,2.30259,21,0.072216,0,0,0,0,1
CMDP-PostCheck,19.0339,31,144,PostCheck,0,0,0.0237855,12.336,2.30259,21,0.065362,0,0,0,0,1
CMDP-PostCheck,19.0412,46,165,PostCheck,0,0,0.0237858,12.6414,2.30259,21,0.15183,0,0,0,0,1
CMDP-PostCheck,19.0987,39,84,PostCheck,0,0,0.0431147,6.32071,2.30259,11,0.035514,0,0,0,0,1
CMDP-PostCheck,19.1016,16,8,PostCheck,0,0,0.0463122,12.336,2.30259,21,0.147579,0,0,0,0,1
CMDP-PostCheck,19.1082,44,17,PostCheck,0,0,0.0237756,12.6414,2.30259,21,0.320471,0,0,0,0,1
CMDP-PostCheck,19.1114,38,112,PostCheck,0,0,0.0237469,12.336,2.30259,21,0.070062,0,0,0,0,1
CMDP-PostCheck,19.1419,8,155,PostCheck,0,0,0.0540311,13.2522,2.30259,21,0.073901,0,0,0,0,1
CMDP-PostCheck,19.1419,23,25,PostCheck,0,0,0.0497483,12.6414,2.30259,21,0.15132,0,0,0,0,1
CMDP-PostCheck,19.1491,3,70,PostCheck,0,0,0.0421869,12.336,2.30259,21,0.144116,0,0,0,0,1.03795
CMDP-PostCheck,19.1675,11,26,PostCheck,0,0,0.0341137,2.77259,2.30259,5,0.008108,0,0,0,0,1
CMDP-PostCheck,19.2007,59,62,PostCheck,0,0,0.0236845,13.8629,2.30259,21,0.134048,0,0,0,0,1
CMDP-PostCheck,19.2229,22,84,PostCheck,0,0,0.0236939,13.8629,2.30259,21,0.120889,0,0,0,0,1
CMDP-PostCheck,19.2845,24,178,PostCheck,0,0,0.0547481,10.785,2.30259,17,0.086003,0,0,0,0,1
CMDP-PostCheck,19.3009,35,192,PostCheck,0,0,0.0237492,12.9468,2.30259,21,0.10437,0,0,0,0,1.01163
CMDP-PostCheck,19.3057,60,100,PostCheck,0,0,0.0236873,13.8629,2.30259,21,0.15053,0,0,0,0,1
CMDP-PostCheck,19.3331,5,18,PostCheck,1,1,0.0316444,0.387766,2.30259,3,0.084187,0,0,0,0,0.990426
CMDP-PostCheck,19.3535,6,70,PostCheck,0,0,0.0366577,12.336,2.30259,21,0.077961,0,0,0,0,1.00206
CMDP-PostCheck,19.4078,52,86,PostCheck,0,0,0.0236808,13.8629,2.30259,21,0.205927,0,0,0,0,1
CMDP-PostCheck,19.4146,49,10,PostCheck,0,0,0.0399002,3.64806,2.30259,6,0.037927,0,0,0,0,1
CMDP-PostCheck,19.4294,61,162,PostCheck,0,0,0.0237005,13.8629,2.30259,21,0.12934,0,0,0,0,1
CMDP-PostCheck,19.4598,66,23,PostCheck,1,1,0.00241015,0.693147,2.30259,3,0.056331,0,0,0,0,0.991953
CMDP-PostCheck,19.4782,70,126,PostCheck,0,0,0.0236816,13.8629,2.30259,21,0.132713,0,0,0,0,1
CMDP-PostCheck,19.5062,48,221,PostCheck,0,0,0.0236962,13.8629,2.30259,21,0.117735,0,0,0,0,1
CMDP-PostCheck,19.5229,10,49,PostCheck,0,0,0.0457408,3.16035,2.30259,6,0.011997,0,0,0,0,1
CMDP-PostCheck,19.5406,0,142,PostCheck,0,0,0.0530169,12.6414,2.30259,21,0.148786,0,0,0,0,1
CMDP-PostCheck,19.6439,53,192,PostCheck,1,1,0.00478135,2.07944,2.30259,5,0.058427,0,0,0,0,0.998884
CMDP-PostCheck,19.7193,68,72,PostCheck,0,0,0.0047496,2.77259,2.30259,5,0.063167,0,0,0,0,1
CMDP-PostCheck,19.7598,26,189,PostCheck,0,0,0.0321992,2.77259,2.30259,5,0.041943,0,0,0,0,1
CMDP-PostCheck,19.8125,12,106,PostCheck,0,0,0.023736,12.9468,2.30259,21,0.098454,0,0,0,0,1
CMDP-PostCheck,19.815,30,178,PostCheck,0,0,0.0496591,11.4781,2.30259,18,0.032801,0,0,0,0,1
CMDP-PostCheck,19.8168,56,188,PostCheck,0,0,0.0236985,13.8629,2.30259,21,0.140827,0,0,0,0,1
CMDP-PostCheck,19.8892,9,183,PostCheck,0,0,0.053848,12.9468,2.30259,21,0.111093,0,0,0,0,1
CMDP-PostCheck,19.8921,14,39,PostCheck,0,0,0.0237476,13.2522,2.30259,21,0.052347,0,0,0,0,1
CMDP-PostCheck,19.909,45,231,PostCheck,0,0,0.00240094,1.38629,2.30259,3,0.006369,0,0,0,0,1
CMDP-PostCheck,19.9604,67,195,PostCheck,0,0,0.0237012,13.8629,2.30259,21,0.126093,0,0,0,0,1
CMDP-PostCheck,19.989,34,151,PostCheck,0,0,0.062035,12.6414,2.30259,21,0.119382,0,0,0,0,1
CMDP-PostCheck,19.9998,36,69,PostCheck,0,0,0.0558974,13.2522,2.30259,21,0.098123,0,0,0,0,1
CMDP-PostCheck,20.0157,20,42,PostCheck,0,0,0.0236912,12.9468,2.30259,21,0.36794,0,0,0,0,1
CMDP-PostCheck,20.0171,19,170,PostCheck,0,0,0.0486555,13.5576,2.30259,21,0.118277,0,0,0,0,1
CMDP-PostCheck,20.034,47,108,PostCheck,0,0,0.0237359,12.9468,2.30259,21,0.086857,0,0,0,0,1
CMDP-PostCheck,20.0675,21,115,PostCheck,0,0,0.0448304,12.9468,2.30259,21,0.190798,0,0,0,0,1
CMDP-PostCheck,20.1274,50,25,PostCheck,0,0,0.0236925,13.8629,2.30259,21,0.098152,0,0,0,0,1
CMDP-PostCheck,20.138,41,186,PostCheck,0,0,0.055137,13.2522,2.30259,21,0.076572,0,0,0,0,1
CMDP-PostCheck,20.1454,65,131,PostCheck,0,0,0.0237009,13.8629,2.30259,21,0.123069,0,0,0,0,1
CMDP-PostCheck,20.1563,17,124,PostCheck,0,0,0.0523505,12.336,2.30259,21,0.101716,0,0,0,0,1
CMDP-PostCheck,20.2029,13,129,PostCheck,0,0,0.0548125,13.2522,2.30259,21,0.081907,0,0,0,0,1
CMDP-PostCheck,20.2191,25,104,PostCheck,1,1,0.0356853,1.55106,2.30259,6,0.102716,0,0,0,0,0.996242
CMDP-PostCheck,20.2377,51,110,PostCheck,0,0,0.0237186,13.8629,2.30259,21,0.067606,0,0,0,0,1
CMDP-PostCheck,20.3208,78,93,PostCheck,0,0,0.0236844,13.8629,2.30259,21,0.181662,0,0,0,0,1
CMDP-PostCheck,20.3341,37,49,PostCheck,0,0,0.0379605,1.38629,2.30259,3,0.041253,0,0,0,0,1
CMDP-PostCheck,20.3827,18,90,PostCheck,0,0,0.0515172,12.1819,2.30259,21,0.093515,0,0,0,0,1
CMDP-PostCheck,20.3838,71,10,PostCheck,0,0,0.0421139,3.64806,2.30259,6,0.030305,0,0,0,0,1
CMDP-PostCheck,20.3899,15,84,PostCheck,0,0,0.0288521,2.07944,2.30259,4,0.015856,0,0,0,0,1
CMDP-PostCheck,20.4272,63,208,PostCheck,0,0,0.0460485,13.8629,2.30259,21,0.161052,0,0,0,0,1
CMDP-PostCheck,20.4292,57,116,PostCheck,0,0,0.0236932,13.8629,2.30259,21,0.068674,0,0,0,0,1
CMDP-PostCheck,20.4323,74,179,PostCheck,0,0,0.0236831,13.8629,2.30259,21,0.225847,0,0,0,0,1
CMDP-PostCheck,20.4666,4,108,PostCheck,0,0,0.0528749,12.6414,2.30259,21,0.150384,0,0,0,0,1
CMDP-PostCheck,20.4706,27,147,PostCheck,0,0,0.0237484,12.336,2.30259,21,0.086695,0,0,0,0,1
CMDP-PostCheck,20.4725,42,119,PostCheck,0,0,0.0529444,12.6414,2.30259,21,0.09053,0,0,0,0,1
CMDP-PostCheck,20.4853,73,128,PostCheck,0,0,0.0236797,13.8629,2.30259,21,0.180152,0,0,0,0,1
CMDP-PostCheck,20.5371,58,104,PostCheck,1,1,0.0436611,0.387766,2.30259,3,0.019857,0,0,0,0,0.990426
CMDP-PostCheck,20.5722,1,49,PostCheck,0,0,0.0226282,3.16035,2.30259,6,0.016894,0,0,0,0,1
CMDP-PostCheck,20.6401,54,189,PostCheck,0,0,0.0343995,2.77259,2.30259,5,0.009984,0,0,0,0,1
CMDP-PostCheck,20.7052,28,53,PostCheck,1,1,0.0335838,1.1633,2.30259,5,0.071518,0,0,0,0,0.994304
CMDP-PostCheck,20.7187,55,178,PostCheck,0,0,0.020164,11.7835,2.30259,18,0.037401,0,0,0,0,1
CMDP-PostCheck,20.7319,43,167,PostCheck,0,0,0.0462067,13.2522,2.30259,21,0.098697,0,0,0,0,1
CMDP-PostCheck,20.751,29,141,PostCheck,0,0,0.0453405,12.336,2.30259,21,0.174914,0,0,0,0,0.992365
CMDP-PostCheck,20.7986,62,163,PostCheck,0,0,0.0236811,13.8629,2.30259,21,0.150962,0,0,0,0,1
CMDP-PostCheck,20.8057,89,112,PostCheck,0,0,0.0232546,13.8629,2.30259,21,0.160642,0,0,0,0,1
CMDP-PostCheck,20.8365,72,161,PostCheck,0,0,0.0617963,13.8629,2.30259,21,0.141317,0,0,0,0,1
CMDP-PostCheck,20.8502,7,256,PostCheck,0,0,0.0531951,12.9468,2.30259,21,0.13385,0,0,0,0,1
CMDP-PostCheck,20.8935,2,140,PostCheck,0,0,0.0536033,12.6414,2.30259,21,0.106664,0,0,0,0,1
CMDP-PostCheck,20.901,64,6,PostCheck,0,0,0.0417364,13.8629,2.30259,21,0.095182,0,0,0,0,1
CMDP-PostCheck,20.9325,32,167,PostCheck,0,0,0.0512304,13.2522,2.30259,21,0.201376,0,0,0,0,1
CMDP-PostCheck,20.9502,84,238,PostCheck,0,0,0.0694018,13.8629,2.30259,21,0.129144,0,0,0,0,1
CMDP-PostCheck,20.9793,69,7,PostCheck,0,0,0.0236909,13.8629,2.30259,21,0.457194,0,0,0,0,1
CMDP-PostCheck,20.9805,77,226,PostCheck,0,0,0.02368,13.8629,2.30259,21,0.164892,0,0,0,0,1
CMDP-PostCheck,20.9851,33,28,PostCheck,0,0,0.0237729,12.9468,2.30259,21,0.190468,0,0,0,0,1
CMDP-PostCheck,20.9969,80,116,PostCheck,0,0,0.0236851,13.8629,2.30259,21,0.154389,0,0,0,0,1
CMDP-PostCheck,21.0336,40,122,PostCheck,0,0,0.0237125,12.9468,2.30259,21,0.168976,0,0,0,0,1
CMDP-PostCheck,21.0339,31,210,PostCheck,0,0,0.0237763,12.336,2.30259,21,0.167671,0,0,0,0,1
CMDP-PostCheck,21.0373,82,156,PostCheck,0,0,0.0236839,13.8629,2.30259,21,0.159026,0,0,0,0,1
CMDP-PostCheck,21.0412,46,59,PostCheck,0,0,0.0233614,12.6414,2.30259,21,0.091107,0,0,0,0,1
CMDP-PostCheck,21.0987,39,178,PostCheck,0,0,0.050196,10.785,2.30259,17,0.188894,0,0,0,0,1
CMDP-PostCheck,21.1016,16,216,PostCheck,0,0,0.0463137,12.336,2.30259,21,0.115746,0,0,0,0,1
CMDP-PostCheck,21.1082,44,124,PostCheck,0,0,0.0237649,12.9468,2.30259,21,0.148424,0,0,0,0,1
CMDP-PostCheck,21.1114,38,25,PostCheck,0,0,0.0237481,12.336,2.30259,21,0.232049,0,0,0,0,1
CMDP-PostCheck,21.1419,8,16,PostCheck,0,0,0.0535371,12.9468,2.30259,21,0.186902,0,0,0,0,1
CMDP-PostCheck,21.1419,23,27,PostCheck,1,0,0.0414426,7.707,2.30259,14,0.187169,0,0,0,0,1.02702
CMDP-PostCheck,21.1491,3,207,PostCheck,0,0,0.0421784,12.336,2.30259,21,0.087348,0,0,0,0,1.03795
CMDP-PostCheck,21.1675,11,26,PostCheck,0,0,0.0342864,2.77259,2.30259,5,0.029549,0,0,0,0,1
CMDP-PostCheck,21.1707,86,112,PostCheck,0,0,0.0232548,13.8629,2.30259,21,0.17507,0,0,0,0,1
CMDP-PostCheck,21.2007,59,2,PostCheck,0,0,0.023679,13.8629,2.30259,21,0.100795,0,0,0,0,1
CMDP-PostCheck,21.2229,22,226,PostCheck,0,0,0.0236806,13.8629,2.30259,21,0.089326,0,0,0,0,1
CMDP-PostCheck,21.2845,24,178,PostCheck,0,0,0.0571098,12.1713,2.30259,19,0.043047,0,0,0,0,1
CMDP-PostCheck,21.2963,79,146,PostCheck,0,0,0.0232977,13.8629,2.30259,21,0.159052,0,0,0,0,1
CMDP-PostCheck,21.3009,35,264,PostCheck,0,0,0.023744,12.9468,2.30259,21,0.177586,0,0,0,0,1.01163
CMDP-PostCheck,21.3057,60,155,PostCheck,0,0,0.0236995,13.8629,2.30259,21,0.086952,0,0,0,0,1
CMDP-PostCheck,21.3331,5,269,PostCheck,0,0,0.0529967,12.9468,2.30259,21,0.110317,0,0,0,0,0.990426
CMDP-PostCheck,21.3427,94,156,PostCheck,0,0,0.0236825,13.8629,2.30259,21,0.17501,0,0,0,0,1
CMDP-PostCheck,21.3535,6,7,PostCheck,0,0,0.037366,12.336,2.30259,21,0.151261,0,0,0,0,1.00206
CMDP-PostCheck,21.3641,87,172,PostCheck,0,0,0.0232574,13.8629,2.30259,21,0.168126,0,0,0,0,1
CMDP-PostCheck,21.4078,52,255,PostCheck,1,0,0.0221161,12.1713,2.30259,20,0.109029,0,0,0,0,1.04934
CMDP-PostCheck,21.4146,49,10,PostCheck,0,0,0.0399086,3.64806,2.30259,6,0.009029,0,0,0,0,1
CMDP-PostCheck,21.4175,88,107,PostCheck,0,0,0.049896,13.8629,2.30259,21,0.147074,0,0,0,0,1
CMDP-PostCheck,21.4294,61,7,PostCheck,0,0,0.0237224,13.8629,2.30259,21,0.073238,0,0,0,0,1
CMDP-PostCheck,21.4598,66,201,PostCheck,0,0,0.0237018,13.8629,2.30259,21,0.07139,0,0,0,0,0.991953
CMDP-PostCheck,21.4782,70,244,PostCheck,0,0,0.0236797,13.8629,2.30259,21,0.084828,0,0,0,0,1
CMDP-PostCheck,21.5062,48,125,PostCheck,0,0,0.0236902,13.8629,2.30259,21,0.070339,0,0,0,0,1
CMDP-PostCheck,21.5229,10,37,PostCheck,0,0,0.0418292,1.77406,2.30259,4,0.023906,0,0,0,0,1
CMDP-PostCheck,21.5242,76,25,PostCheck,0,0,0.023255,13.8629,2.30259,21,0.15847,0,0,0,0,1
CMDP-PostCheck,21.5406,0,182,PostCheck,0,0,0.0529761,12.9468,2.30259,21,0.109629,0,0,0,0,1
CMDP-PostCheck,21.5609,75,219,PostCheck,0,0,0.023691,13.8629,2.30259,21,0.222658,0,0,0,0,1
CMDP-PostCheck,21.5758,85,80,PostCheck,0,0,0.0237077,13.8629,2.30259,21,0.153993,0,0,0,0,1
CMDP-PostCheck,21.5985,91,50,PostCheck,0,0,0.023255,13.8629,2.30259,21,0.176236,0,0,0,0,1
CMDP-PostCheck,21.6439,53,103,PostCheck,0,0,0.0670936,13.4005,2.30259,21,0.0963,0,0,0,0,0.998884
CMDP-PostCheck,21.7044,92,41,PostCheck,0,0,0.0693163,13.8629,2.30259,21,0.12032,0,0,0,0,1
CMDP-PostCheck,21.7193,68,72,PostCheck,0,0,0.00474088,2.77259,2.30259,5,0.028934,0,0,0,0,1
CMDP-PostCheck,21.7598,26,189,PostCheck,0,0,0.0321992,2.77259,2.30259,5,0.012144,0,0,0,0,1
CMDP-PostCheck,21.8125,12,218,PostCheck,0,0,0.0237349,12.9468,2.30259,21,0.202263,0,0,0,0,1
CMDP-PostCheck,21.815,30,178,PostCheck,0,0,0.0489533,12.1713,2.30259,19,0.110693,0,0,0,0,1
CMDP-PostCheck,21.8168,56,245,PostCheck,0,0,0.0236857,13.8629,2.30259,21,0.108629,0,0,0,0,1
CMDP-PostCheck,21.8892,9,272,PostCheck,0,0,0.0496755,12.9468,2.30259,21,0.16612,0,0,0,0,1
CMDP-PostCheck,21.8921,14,178,PostCheck,0,0,0.0347312,4.85203,2.30259,8,0.058357,0,0,0,0,1
CMDP-PostCheck,21.909,45,231,PostCheck,0,0,0.0350621,1.38629,2.30259,3,0.028321,0,0,0,0,1
CMDP-PostCheck,21.9189,104,50,PostCheck,0,0,0.0237225,13.2463,2.30259,21,0.208829,0,0,0,0,1
CMDP-PostCheck,21.9332,95,273,PostCheck,0,0,0.0232548,13.8629,2.30259,21,0.205369,0,0,0,0,1
CMDP-PostCheck,21.9465,81,206,PostCheck,0,0,0.0232553,13.8629,2.30259,21,0.227404,0,0,0,0,1
CMDP-PostCheck,21.9604,67,113,PostCheck,1,0,0.0197347,11.0904,2.30259,18,0.10606,0,0,0,0,1.04394
CMDP-PostCheck,21.9627,97,258,PostCheck,1,1,0.00478158,2.07944,2.30259,5,0.082982,0,0,0,0,0.998884
CMDP-PostCheck,21.9863,101,168,PostCheck,0,0,0.0236906,13.8629,2.30259,21,0.173824,0,0,0,0,1
CMDP-PostCheck,21.989,34,43,PostCheck,1,1,0.0394734,0.387766,2.30259,3,0.062226,0,0,0,0,0.990426
CMDP-PostCheck,21.9998,36,178,PostCheck,0,0,0.0523657,11.1727,2.30259,18,0.122207,0,0,0,0,1
CMDP-PostCheck,22.0157,20,6,PostCheck,0,0,0.023753,12.336,2.30259,21,0.124111,0,0,0,0,1
CMDP-PostCheck,22.0171,19,50,PostCheck,0,0,0.04868,12.336,2.30259,21,0.115487,0,0,0,0,1
CMDP-PostCheck,22.034,47,4,PostCheck,0,0,0.0232761,13.5576,2.30259,21,0.200468,0,0,0,0,1
CMDP-PostCheck,22.0675,21,255,PostCheck,1,1,0.00240222,0.387766,2.30259,3,0.044321,0,0,0,0,0.990426
CMDP-PostCheck,22.1274,50,272,PostCheck,0,0,0.0232881,13.5576,2.30259,21,0.20016,0,0,0,0,1
CMDP-PostCheck,22.138,41,259,PostCheck,0,0,0.055144,13.2522,2.30259,21,0.217674,0,0,0,0,1
CMDP-PostCheck,22.1454,65,98,PostCheck,0,0,0.0236869,13.8629,2.30259,21,0.090467,0,0,0,0,1
CMDP-PostCheck,22.1563,17,72,PostCheck,0,0,0.0392654,5.62756,2.30259,10,0.100119,0,0,0,0,1
CMDP-PostCheck,22.1591,96,178,PostCheck,0,0,0.0154077,9.01091,2.30259,14,0.104679,0,0,0,0,1
CMDP-PostCheck,22.2029,13,117,PostCheck,0,0,0.055038,13.2522,2.30259,21,0.156061,0,0,0,0,1
CMDP-PostCheck,22.2191,25,125,PostCheck,0,0,0.0534488,12.336,2.30259,21,0.095845,0,0,0,0,0.996242
CMDP-PostCheck,22.2377,51,258,PostCheck,0,0,0.040926,13.8629,2.30259,21,0.148973,0,0,0,0,1
CMDP-PostCheck,22.317,103,206,PostCheck,0,0,0.0232565,13.8629,2.30259,21,0.201076,0,0,0,0,1
CMDP-PostCheck,22.3208,78,60,PostCheck,0,0,0.0236896,13.8629,2.30259,21,0.128841,0,0,0,0,1
CMDP-PostCheck,22.3341,37,10,PostCheck,0,0,0.00473587,2.95491,2.30259,5,0.017065,0,0,0,0,1
CMDP-PostCheck,22.3827,18,204,PostCheck,0,0,0.0536555,12.1819,2.30259,21,0.207488,0,0,0,0,1
CMDP-PostCheck,22.3838,71,49,PostCheck,0,0,0.0373454,0.693147,2.30259,2,0.00485,0,0,0,0,1
CMDP-PostCheck,22.3899,15,135,PostCheck,0,0,0.0237886,12.0307,2.30259,21,0.2078,0,0,0,0,1
CMDP-PostCheck,22.396,108,185,PostCheck,0,0,0.0236959,13.8629,2.30259,21,0.161473,0,0,0,0,1
CMDP-PostCheck,22.4272,63,84,PostCheck,0,0,0.0106661,6.23832,2.30259,10,0.039863,0,0,0,0,1
CMDP-PostCheck,22.4292,57,152,PostCheck,0,0,0.0236912,13.8629,2.30259,21,0.152289,0,0,0,0,1
CMDP-PostCheck,22.4323,74,34,PostCheck,0,0,0.0236883,13.8629,2.30259,21,0.100477,0,0,0,0,1
CMDP-PostCheck,22.4464,99,185,PostCheck,0,0,0.0236959,13.8629,2.30259,21,0.153085,0,0,0,0,1
CMDP-PostCheck,22.4666,4,182,PostCheck,0,0,0.0528407,12.9468,2.30259,21,0.117464,0,0,0,0,1
CMDP-PostCheck,22.4706,27,102,PostCheck,1,0,0.0237796,11.6429,2.30259,21,0.201662,0,0,0,0,1.0467
CMDP-PostCheck,22.4725,42,274,PostCheck,0,0,0.0529361,12.6414,2.30259,21,0.197542,0,0,0,0,1
CMDP-PostCheck,22.4805,98,220,PostCheck,0,0,0.0237025,13.8629,2.30259,21,0.163042,0,0,0,0,1
CMDP-PostCheck,22.4838,83,273,PostCheck,0,0,0.0232546,13.8629,2.30259,21,0.231527,0,0,0,0,1
CMDP-PostCheck,22.4853,73,87,PostCheck,0,0,0.0236807,13.8629,2.30259,21,0.153756,0,0,0,0,1
CMDP-PostCheck,22.5371,58,255,PostCheck,1,1,0.0379589,0.387766,2.30259,3,0.077924,0,0,0,0,0.980852
CMDP-PostCheck,22.5457,90,268,PostCheck,0,0,0.0232966,13.8629,2.30259,21,0.16922,0,0,0,0,1
CMDP-PostCheck,22.5722,1,37,PostCheck,0,0,0.0194681,2.46721,2.30259,5,0.029854,0,0,0,0,1
CMDP-PostCheck,22.6401,54,189,PostCheck,0,0,0.0346955,2.77259,2.30259,5,0.035782,0,0,0,0,1
CMDP-PostCheck,22.7052,28,72,PostCheck,0,0,0.0418613,6.40309,2.30259,12,0.053426,0,0,0,0,0.994304
CMDP-PostCheck,22.7187,55,218,PostCheck,0,0,0.0236992,13.8629,2.30259,21,0.181452,0,0,0,0,1
CMDP-PostCheck,22.7319,43,273,PostCheck,0,0,0.0462583,12.6283,2.30259,21,0.182685,0,0,0,0,1
CMDP-PostCheck,22.7373,93,130,PostCheck,0,0,0.0236833,13.8629,2.30259,21,0.29934,0,0,0,0,1
CMDP-PostCheck,22.751,29,139,PostCheck,0,0,0.0453591,12.336,2.30259,21,0.125308,0,0,0,0,0.992365
CMDP-PostCheck,22.7986,62,44,PostCheck,0,0,0.0236835,13.8629,2.30259,21,0.108927,0,0,0,0,1
CMDP-PostCheck,22.8057,89,232,PostCheck,0,0,0.0232526,13.8629,2.30259,21,0.124281,0,0,0,0,1
CMDP-PostCheck,22.8144,102,73,PostCheck,0,0,0.0237208,13.8629,2.30259,21,0.193992,0,0,0,0,1
CMDP-PostCheck,22.8365,72,46,PostCheck,0,0,0.0647125,13.8629,2.30259,21,0.082313,0,0,0,0,1
CMDP-PostCheck,22.8451,112,273,PostCheck,0,0,0.0232593,13.8629,2.30259,21,0.275014,0,0,0,0,1
CMDP-PostCheck,22.8502,7,173,PostCheck,0,0,0.0532292,12.336,2.30259,21,0.09424,0,0,0,0,1
CMDP-PostCheck,22.8935,2,206,PostCheck,0,0,0.0231193,13.2522,2.30259,21,0.205131,0,0,0,0,1
CMDP-PostCheck,22.901,64,195,PostCheck,0,0,0.0237072,13.8629,2.30259,21,0.104122,0,0,0,0,1
CMDP-PostCheck,22.9157,111,50,PostCheck,0,0,0.0232592,13.8629,2.30259,21,0.193657,0,0,0,0,1
CMDP-PostCheck,22.9325,32,12,PostCheck,1,1,0.0311164,0.775531,2.30259,4,0.038709,0,0,0,0,0.992365
CMDP-PostCheck,22.9444,109,72,PostCheck,0,0,0.00967009,5.54518,2.30259,9,0.190791,0,0,0,0,1
CMDP-PostCheck,22.9502,84,106,PostCheck,0,0,0.0694027,13.8629,2.30259,21,0.099266,0,0,0,0,1
CMDP-PostCheck,22.9793,69,226,PostCheck,0,0,0.0236798,13.8629,2.30259,21,0.100033,0,0,0,0,1
CMDP-PostCheck,22.9805,77,177,PostCheck,0,0,0.0236803,13.8629,2.30259,21,0.163074,0,0,0,0,1
CMDP-PostCheck,22.9847,113,65,PostCheck,0,0,0.0236866,13.8629,2.30259,21,0.156753,0,0,0,0,1
CMDP-PostCheck,22.9851,33,141,PostCheck,0,0,0.023779,12.9468,2.30259,21,0.125925,0,0,0,0,1
CMDP-PostCheck,22.9969,80,198,PostCheck,0,0,0.0237352,13.8629,2.30259,21,0.182454,0,0,0,0,1
CMDP-PostCheck,23.0336,40,89,PostCheck,0,0,0.0232912,12.6414,2.30259,21,0.133056,0,0,0,0,1
CMDP-PostCheck,23.0339,31,72,PostCheck,0,0,0.0142912,6.79086,2.30259,13,0.14988,0,0,0,0,1
CMDP-PostCheck,23.0373,82,128,PostCheck,0,0,0.0236848,13.8629,2.30259,21,0.12923,0,0,0,0,1
CMDP-PostCheck,23.0412,46,243,PostCheck,1,0,0.0190033,10.0918,2.30259,17,0.266077,0,0,0,0,1.03895
CMDP-PostCheck,23.0585,106,129,PostCheck,0,0,0.02368,13.8629,2.30259,21,0.171613,0,0,0,0,1
CMDP-PostCheck,23.0987,39,106,PostCheck,0,0,0.0549564,13.2522,2.30259,21,0.136608,0,0,0,0,1
CMDP-PostCheck,23.1016,16,185,PostCheck,0,0,0.0442997,12.336,2.30259,21,0.176369,0,0,0,0,1
CMDP-PostCheck,23.1082,44,60,PostCheck,0,0,0.0237783,12.9468,2.30259,21,0.225937,0,0,0,0,1
CMDP-PostCheck,23.1086,110,178,PostCheck,0,0,0.0118579,6.93147,2.30259,11,0.099078,0,0,0,0,1
CMDP-PostCheck,23.1114,38,43,PostCheck,0,0,0.0237366,12.6414,2.30259,21,0.089208,0,0,0,0,1
CMDP-PostCheck,23.1419,8,44,PostCheck,0,0,0.053511,13.2522,2.30259,21,0.139022,0,0,0,0,1
CMDP-PostCheck,23.1419,23,66,PostCheck,0,0,0.0497067,13.5576,2.30259,21,0.1752,0,0,0,0,1.02702
CMDP-PostCheck,23.1491,3,256,PostCheck,0,0,0.0390644,13.2522,2.30259,21,0.175174,0,0,0,0,1.03795
CMDP-PostCheck,23.1675,11,26,PostCheck,0,0,0.00592596,3.46574,2.30259,6,0.013483,0,0,0,0,1
CMDP-PostCheck,23.1707,86,111,PostCheck,0,0,0.0232447,13.8629,2.30259,21,0.129818,0,0,0,0,1
CMDP-PostCheck,23.1892,100,214,PostCheck,0,0,0.0236831,13.8629,2.30259,21,0.251872,0,0,0,0,1
CMDP-PostCheck,23.2007,59,142,PostCheck,0,0,0.0237047,13.8629,2.30259,21,0.152545,0,0,0,0,1
CMDP-PostCheck,23.2229,22,198,PostCheck,0,0,0.0236785,13.8629,2.30259,21,0.187215,0,0,0,0,1
CMDP-PostCheck,23.2845,24,178,PostCheck,0,0,0.0562514,12.8644,2.30259,20,0.119935,0,0,0,0,1
CMDP-PostCheck,23.2963,79,188,PostCheck,0,0,0.0236828,13.8629,2.30259,21,0.091196,0,0,0,0,1
CMDP-PostCheck,23.3009,35,279,PostCheck,1,0,0.0190417,9.48106,2.30259,17,0.093125,0,0,0,0,1.04752
CMDP-PostCheck,23.3057,60,245,PostCheck,0,0,0.0236888,13.8629,2.30259,21,0.415182,0,0,0,0,1
CMDP-PostCheck,23.3331,5,271,PostCheck,0,0,0.0562451,13.2522,2.30259,21,0.269205,0,0,0,0,0.990426
CMDP-PostCheck,23.3427,94,25,PostCheck,0,0,0.0236841,13.8629,2.30259,21,0.124687,0,0,0,0,1
CMDP-PostCheck,23.3511,107,253,PostCheck,0,0,0.0236914,13.8629,2.30259,21,0.156955,0,0,0,0,1
CMDP-PostCheck,23.3535,6,179,PostCheck,0,0,0.0373149,13.2522,2.30259,21,0.118672,0,0,0,0,1.00206
CMDP-PostCheck,23.3641,87,232,PostCheck,0,0,0.0232526,13.8629,2.30259,21,0.209129,0,0,0,0,1
CMDP-PostCheck,23.4078,52,293,PostCheck,0,0,0.0232845,13.5576,2.30259,21,0.214797,0,0,0,0,1.04934
CMDP-PostCheck,23.4146,49,71,PostCheck,0,0,0.00236783,1.38629,2.30259,3,0.021118,0,0,0,0,1
CMDP-PostCheck,23.4175,88,195,PostCheck,0,0,0.0236984,13.8629,2.30259,21,0.086824,0,0,0,0,1
CMDP-PostCheck,23.4294,61,218,PostCheck,0,0,0.0237081,13.8629,2.30259,21,0.181314,0,0,0,0,1
CMDP-PostCheck,23.4433,122,111,PostCheck,0,0,0.0232447,13.8629,2.30259,21,0.201698,0,0,0,0,1
CMDP-PostCheck,23.4598,66,290,PostCheck,0,0,0.0236965,13.8629,2.30259,21,0.177156,0,0,0,0,0.991953
CMDP-PostCheck,23.4619,128,232,PostCheck,0,0,0.0232525,13.8629,2.30259,21,0.211556,0,0,0,0,1
CMDP-PostCheck,23.4782,70,292,PostCheck,0,0,0.0236804,13.8629,2.30259,21,0.179503,0,0,0,0,1
CMDP-PostCheck,23.5062,48,138,PostCheck,0,0,0.0236821,13.8629,2.30259,21,0.168761,0,0,0,0,1
CMDP-PostCheck,23.5096,115,50,PostCheck,0,0,0.0232578,13.8629,2.30259,21,0.194108,0,0,0,0,1
CMDP-PostCheck,23.5229,10,280,PostCheck,0,0,0.0430131,2.46721,2.30259,5,0.014405,0,0,0,0,1
CMDP-PostCheck,23.5242,76,50,PostCheck,0,0,0.0232578,13.8629,2.30259,21,0.138986,0,0,0,0,1
CMDP-PostCheck,23.5406,0,182,PostCheck,0,0,0.0531447,12.9468,2.30259,21,0.188306,0,0,0,0,1
CMDP-PostCheck,23.5609,75,197,PostCheck,0,0,0.0236785,13.8629,2.30259,21,0.118928,0,0,0,0,1
CMDP-PostCheck,23.5615,123,193,PostCheck,0,0,0.0236843,13.8629,2.30259,21,0.25088,0,0,0,0,1
CMDP-PostCheck,23.5693,119,50,PostCheck,0,0,0.0232578,13.8629,2.30259,21,0.218798,0,0,0,0,1
CMDP-PostCheck,23.5758,85,9,PostCheck,0,0,0.0237127,13.8629,2.30259,21,0.115305,0,0,0,0,1
CMDP-PostCheck,23.5968,114,148,PostCheck,0,0,0.0432305,1.38629,2.30259,3,0.024423,0,0,0,0,1
CMDP-PostCheck,23.5985,91,111,PostCheck,0,0,0.0232447,13.8629,2.30259,21,0.151421,0,0,0,0,1
CMDP-PostCheck,23.6439,53,246,PostCheck,0,0,0.0670904,13.4005,2.30259,21,0.203732,0,0,0,0,0.998884
CMDP-PostCheck,23.6823,116,177,PostCheck,0,0,0.0236807,13.8629,2.30259,21,0.169238,0,0,0,0,1
CMDP-PostCheck,23.7044,92,39,PostCheck,1,0,0.0226017,12.659,2.30259,20,0.052622,0,0,0,0,1.05178
CMDP-PostCheck,23.7193,68,188,PostCheck,0,0,0.0237191,13.8629,2.30259,21,0.170538,0,0,0,0,1
CMDP-PostCheck,23.7539,105,111,PostCheck,0,0,0.0232447,13.8629,2.30259,21,0.221661,0,0,0,0,1
CMDP-PostCheck,23.7598,26,11,PostCheck,0,0,0.0331014,3.46574,2.30259,6,0.037673,0,0,0,0,1
CMDP-PostCheck,23.8125,12,27,PostCheck,0,0,0.0232504,13.5546,2.30259,21,0.147109,0,0,0,0,1
CMDP-PostCheck,23.815,30,240,PostCheck,0,0,0.0382624,5.93294,2.30259,10,0.030075,0,0,0,0,1
CMDP-PostCheck,23.8168,56,202,PostCheck,0,0,0.0236842,13.8629,2.30259,21,0.212692,0,0,0,0,1
CMDP-PostCheck,23.8892,9,173,PostCheck,0,0,0.049711,12.336,2.30259,21,0.110299,0,0,0,0,1
CMDP-PostCheck,23.8921,14,136,PostCheck,1,0,0.0155381,7.40162,2.30259,14,0.048136,0,0,0,0,1.0255
CMDP-PostCheck,23.909,45,159,PostCheck,0,0,0.00598818,3.46574,2.30259,6,0.014868,0,0,0,0,1
CMDP-PostCheck,23.9189,104,42,PostCheck,0,0,0.0237348,13.2463,2.30259,21,0.131606,0,0,0,0,1
CMDP-PostCheck,23.9332,95,42,PostCheck,0,0,0.0232446,13.8629,2.30259,21,0.178821,0,0,0,0,1
CMDP-PostCheck,23.9465,81,16,PostCheck,1,0,0.0185265,10.3972,2.30259,17,0.138579,0,0,0,0,1.04047
CMDP-PostCheck,23.9604,67,42,PostCheck,0,0,0.0232446,13.8629,2.30259,21,0.255018,0,0,0,0,1.04394
CMDP-PostCheck,23.9627,97,178,PostCheck,0,0,0.0213467,12.4766,2.30259,19,0.055493,0,0,0,0,0.998884
CMDP-PostCheck,23.9756,126,41,PostCheck,0,0,0.0236791,13.8629,2.30259,21,0.187921,0,0,0,0,1
CMDP-PostCheck,23.9863,101,226,PostCheck,0,0,0.0236825,13.8629,2.30259,21,0.104451,0,0,0,0,1
CMDP-PostCheck,23.989,34,133,PostCheck,1,0,0.0466072,3.6305,2.30259,9,0.063117,0,0,0,0,0.997065
CMDP-PostCheck,23.9998,36,116,PostCheck,0,0,0.0559102,13.2522,2.30259,21,0.122108,0,0,0,0,1
CMDP-PostCheck,24.0157,20,170,PostCheck,0,0,0.0237317,12.6414,2.30259,21,0.192245,0,0,0,0,1
CMDP-PostCheck,24.0171,19,111,PostCheck,0,0,0.0486812,12.336,2.30259,21,0.396221,0,0,0,0,1
CMDP-PostCheck,24.034,47,16,PostCheck,0,0,0.0232764,13.5576,2.30259,21,0.15166,0,0,0,0,1
CMDP-PostCheck,24.0675,21,42,PostCheck,0,0,0.023738,12.6414,2.30259,21,0.22828,0,0,0,0,0.990426
CMDP-PostCheck,24.0863,121,126,PostCheck,1,0,0.0627258,9.01091,2.30259,15,0.125793,0,0,0,0,1.03354
CMDP-PostCheck,24.1274,50,261,PostCheck,0,0,0.023289,13.5576,2.30259,21,0.153529,0,0,0,0,1
CMDP-PostCheck,24.138,41,152,PostCheck,0,0,0.0237548,13.2522,2.30259,21,0.079437,0,0,0,0,1
CMDP-PostCheck,24.1454,65,125,PostCheck,0,0,0.0236844,13.8629,2.30259,21,0.177777,0,0,0,0,1
CMDP-PostCheck,24.1563,17,72,PostCheck,0,0,0.03927,5.62756,2.30259,10,0.046817,0,0,0,0,1
CMDP-PostCheck,24.1591,96,226,PostCheck,0,0,0.0236903,13.8629,2.30259,21,0.098441,0,0,0,0,1
CMDP-PostCheck,24.2029,13,314,PostCheck,0,0,0.055041,13.2522,2.30259,21,0.102368,0,0,0,0,1
CMDP-PostCheck,24.2137,125,12,PostCheck,1,0,0.0166271,9.01091,2.30259,15,0.166403,0,0,0,0,1.03354
CMDP-PostCheck,24.2191,25,125,PostCheck,0,0,0.0534524,12.336,2.30259,21,0.211185,0,0,0,0,0.996242
CMDP-PostCheck,24.2377,51,197,PostCheck,0,0,0.0236855,13.8629,2.30259,21,0.107496,0,0,0,0,1
CMDP-PostCheck,24.2437,127,243,PostCheck,1,0,0.00595774,2.77259,2.30259,6,0.079937,0,0,0,0,1.00235
CMDP-PostCheck,24.2956,120,159,PostCheck,0,0,0.0475858,1.38629,2.30259,3,0.031023,0,0,0,0,1
CMDP-PostCheck,24.2961,117,207,PostCheck,0,0,0.0236792,13.8629,2.30259,21,0.174802,0,0,0,0,1
CMDP-PostCheck,24.317,103,17,PostCheck,0,0,0.0232506,13.8629,2.30259,21,0.134255,0,0,0,0,1
CMDP-PostCheck,24.3208,78,35,PostCheck,1,0,0.00831916,4.15888,2.30259,8,0.157507,0,0,0,0,1.00928
CMDP-PostCheck,24.3329,124,17,PostCheck,0,0,0.0232506,13.8629,2.30259,21,0.251566,0,0,0,0,1
CMDP-PostCheck,24.3341,37,84,PostCheck,0,0,0.0302431,9.0933,2.30259,15,0.127381,0,0,0,0,1
CMDP-PostCheck,24.3621,118,21,PostCheck,0,0,0.0232532,13.8629,2.30259,21,0.221635,0,0,0,0,1
CMDP-PostCheck,24.3827,18,264,PostCheck,0,0,0.0535889,13.098,2.30259,21,0.255181,0,0,0,0,1
CMDP-PostCheck,24.3838,71,303,PostCheck,0,0,0.0397131,2.07944,2.30259,4,0.030135,0,0,0,0,1
CMDP-PostCheck,24.3899,15,113,PostCheck,0,0,0.0237281,12.9468,2.30259,21,0.105145,0,0,0,0,1
CMDP-PostCheck,24.396,108,165,PostCheck,0,0,0.0236964,13.8629,2.30259,21,0.101574,0,0,0,0,1
CMDP-PostCheck,24.4272,63,304,PostCheck,1,0,0.016617,9.01091,2.30259,15,0.11597,0,0,0,0,1.03354
CMDP-PostCheck,24.4292,57,178,PostCheck,0,0,0.00710558,4.15888,2.30259,7,0.021479,0,0,0,0,1
CMDP-PostCheck,24.4323,74,131,PostCheck,0,0,0.0213236,12.4766,2.30259,19,0.140266,0,0,0,0,1
CMDP-PostCheck,24.4464,99,214,PostCheck,0,0,0.0236966,13.8629,2.30259,21,0.10853,0,0,0,0,1
CMDP-PostCheck,24.4666,4,109,PostCheck,0,0,0.0528039,13.5576,2.30259,21,0.196952,0,0,0,0,1
CMDP-PostCheck,24.4706,27,125,PostCheck,0,0,0.0237555,12.336,2.30259,21,0.149473,0,0,0,0,1.0467
CMDP-PostCheck,24.4725,42,82,PostCheck,0,0,0.0529297,12.6414,2.30259,21,0.115666,0,0,0,0,1
CMDP-PostCheck,24.4805,98,104,PostCheck,0,0,0.0236934,13.8629,2.30259,21,0.076052,0,0,0,0,1
CMDP-PostCheck,24.4838,83,42,PostCheck,0,0,0.0232445,13.8629,2.30259,21,0.148378,0,0,0,0,1
CMDP-PostCheck,24.4853,73,89,PostCheck,0,0,0.023685,13.8629,2.30259,21,0.455229,0,0,0,0,1
CMDP-PostCheck,24.5021,135,221,PostCheck,0,0,0.0236866,13.8629,2.30259,21,0.179636,0,0,0,0,1
CMDP-PostCheck,24.5371,58,230,PostCheck,0,0,0.0592599,13.5576,2.30259,21,0.132512,0,0,0,0,0.980852
CMDP-PostCheck,24.5457,90,123,PostCheck,0,0,0.023294,13.8629,2.30259,21,0.117077,0,0,0,0,1
CMDP-PostCheck,24.5722,1,321,PostCheck,0,0,0.020652,3.16035,2.30259,6,0.014291,0,0,0,0,1
CMDP-PostCheck,24.6401,54,11,PostCheck,0,0,0.00592413,3.46574,2.30259,6,0.018902,0,0,0,0,1
CMDP-PostCheck,24.7052,28,72,PostCheck,0,0,0.0418668,6.40309,2.30259,12,0.07928,0,0,0,0,0.994304
CMDP-PostCheck,24.7187,55,106,PostCheck,0,0,0.0237481,14.0453,2.30259,21,0.070685,0,0,0,0,1
CMDP-PostCheck,24.7273,136,230,PostCheck,0,0,0.0236948,13.8629,2.30259,21,0.177217,0,0,0,0,1
CMDP-PostCheck,24.7319,43,76,PostCheck,0,0,0.046254,12.6283,2.30259,21,0.095339,0,0,0,0,1
CMDP-PostCheck,24.7373,93,246,PostCheck,0,0,0.0236819,13.8629,2.30259,21,0.144729,0,0,0,0,1
CMDP-PostCheck,24.751,29,103,PostCheck,0,0,0.0445738,12.336,2.30259,21,0.279099,0,0,0,0,0.992365
CMDP-PostCheck,24.7986,62,184,PostCheck,0,0,0.0237076,13.8629,2.30259,21,0.253702,0,0,0,0,1
CMDP-PostCheck,24.8057,89,327,PostCheck,0,0,0.0232472,13.8629,2.30259,21,0.235781,0,0,0,0,1
CMDP-PostCheck,24.8144,102,195,PostCheck,0,0,0.0236934,13.8629,2.30259,21,0.080419,0,0,0,0,1
CMDP-PostCheck,24.8365,72,166,PostCheck,0,0,0.0658314,13.8629,2.30259,21,0.16738,0,0,0,0,1
CMDP-PostCheck,24.8451,112,50,PostCheck,0,0,0.0232556,13.8629,2.30259,21,0.129869,0,0,0,0,1
CMDP-PostCheck,24.8502,7,194,PostCheck,0,0,0.0549428,12.9468,2.30259,21,0.220751,0,0,0,0,1
CMDP-PostCheck,24.8556,150,298,PostCheck,0,0,0.0232503,13.8629,2.30259,21,0.214411,0,0,0,0,1
CMDP-PostCheck,24.8935,2,81,PostCheck,0,0,0.0231201,13.2522,2.30259,21,0.129801,0,0,0,0,1
CMDP-PostCheck,24.8937,149,69,PostCheck,0,0,0.0236894,13.8629,2.30259,21,0.160572,0,0,0,0,1
CMDP-PostCheck,24.901,64,217,PostCheck,1,1,0.00240467,0.693147,2.30259,3,0.082752,0,0,0,0,0.991953
CMDP-PostCheck,24.9157,111,273,PostCheck,0,0,0.0232471,13.8629,2.30259,21,0.141081,0,0,0,0,1
CMDP-PostCheck,24.9325,32,275,PostCheck,0,0,0.0492686,12.6414,2.30259,21,0.263211,0,0,0,0,0.992365
CMDP-PostCheck,24.9444,109,79,PostCheck,0,0,0.0238713,13.8629,2.30259,21,0.096582,0,0,0,0,1
CMDP-PostCheck,24.9502,84,7,PostCheck,0,0,0.0681294,13.8629,2.30259,21,0.156248,0,0,0,0,1
CMDP-PostCheck,24.9769,151,327,PostCheck,0,0,0.0232471,13.8629,2.30259,21,0.239351,0,0,0,0,1
CMDP-PostCheck,24.977,130,72,PostCheck,0,0,0.0130416,7.62462,2.30259,12,0.130743,0,0,0,0,1
CMDP-PostCheck,24.9793,69,226,PostCheck,0,0,0.0236966,13.8629,2.30259,21,0.187553,0,0,0,0,1
CMDP-PostCheck,24.9805,77,330,PostCheck,0,0,0.0236786,13.8629,2.30259,21,0.11491,0,0,0,0,1
CMDP-PostCheck,24.9847,113,226,PostCheck,0,0,0.0236901,13.8629,2.30259,21,0.135095,0,0,0,0,1
CMDP-PostCheck,24.9851,33,103,PostCheck,0,0,0.0607345,12.9468,2.30259,21,0.209139,0,0,0,0,1
CMDP-PostCheck,24.9969,80,178,PostCheck,0,0,0.0165878,9.70406,2.30259,15,0.061311,0,0,0,0,1
CMDP-PostCheck,25.0113,137,84,PostCheck,0,0,0.0130334,7.62462,2.30259,12,0.117738,0,0,0,0,1
CMDP-PostCheck,25.0336,40,265,PostCheck,0,0,0.0232942,12.6414,2.30259,21,0.252254,0,0,0,0,1
CMDP-PostCheck,25.0339,31,303,PostCheck,0,0,0.0190758,9.56345,2.30259,17,0.087047,0,0,0,0,1
CMDP-PostCheck,25.0373,82,73,PostCheck,0,0,0.0236813,13.8629,2.30259,21,0.230314,0,0,0,0,1
CMDP-PostCheck,25.0412,46,100,PostCheck,0,0,0.0237878,12.6414,2.30259,21,0.136675,0,0,0,0,1.03895
CMDP-PostCheck,25.0585,106,75,PostCheck,0,0,0.0236783,13.8629,2.30259,21,0.144327,0,0,0,0,1
CMDP-PostCheck,25.08,142,62,PostCheck,0,0,0.02368,13.8629,2.30259,21,0.218417,0,0,0,0,1
CMDP-PostCheck,25.089,129,9,PostCheck,0,0,0.0236787,13.8629,2.30259,21,0.313576,0,0,0,0,1
CMDP-PostCheck,25.0987,39,70,PostCheck,0,0,0.0237101,13.5576,2.30259,21,0.189048,0,0,0,0,1
CMDP-PostCheck,25.1016,16,328,PostCheck,0,0,0.0442873,12.336,2.30259,21,0.141595,0,0,0,0,1
CMDP-PostCheck,25.1082,44,103,PostCheck,0,0,0.0237849,12.9468,2.30259,21,0.142417,0,0,0,0,1
CMDP-PostCheck,25.1086,110,178,PostCheck,0,0,0.0071058,4.15888,2.30259,7,0.026374,0,0,0,0,1
CMDP-PostCheck,25.1114,38,234,PostCheck,1,0,0.00713482,3.16035,2.30259,7,0.103194,0,0,0,0,1.00429
CMDP-PostCheck,25.1419,8,158,PostCheck,0,0,0.0593638,13.2522,2.30259,21,0.249679,0,0,0,0,1
CMDP-PostCheck,25.1419,23,253,PostCheck,0,0,0.0497087,13.5576,2.30259,21,0.09187,0,0,0,0,1.02702
CMDP-PostCheck,25.1491,3,136,PostCheck,0,0,0.039064,13.2522,2.30259,21,0.103028,0,0,0,0,1.03795
CMDP-PostCheck,25.1563,131,147,PostCheck,0,0,0.0236913,13.8629,2.30259,21,0.171997,0,0,0,0,1
CMDP-PostCheck,25.1675,11,26,PostCheck,0,0,0.0270074,3.46574,2.30259,6,0.040871,0,0,0,0,1
CMDP-PostCheck,25.1707,86,327,PostCheck,0,0,0.0232468,13.8629,2.30259,21,0.587871,0,0,0,0,1
CMDP-PostCheck,25.1725,139,157,PostCheck,0,0,0.0236788,13.8629,2.30259,21,0.163214,0,0,0,0,1
CMDP-PostCheck,25.1892,100,214,PostCheck,0,0,0.0236852,13.8629,2.30259,21,0.143939,0,0,0,0,1
CMDP-PostCheck,25.2007,59,184,PostCheck,0,0,0.0236935,13.8629,2.30259,21,0.135278,0,0,0,0,1
CMDP-PostCheck,25.2229,22,198,PostCheck,0,0,0.0236783,13.8629,2.30259,21,0.112868,0,0,0,0,1
CMDP-PostCheck,25.2845,24,61,PostCheck,0,0,0.0455845,6.62609,2.30259,11,0.039775,0,0,0,0,1
CMDP-PostCheck,25.2963,79,68,PostCheck,0,0,0.0236891,13.8629,2.30259,21,0.183088,0,0,0,0,1
CMDP-PostCheck,25.3005,133,255,PostCheck,1,0,0.00713572,3.46574,2.30259,7,0.152681,0,0,0,0,1.00582
CMDP-PostCheck,25.3009,35,260,PostCheck,0,0,0.0237424,12.9468,2.30259,21,0.250594,0,0,0,0,1.04752
CMDP-PostCheck,25.3057,60,245,PostCheck,0,0,0.0236822,13.8629,2.30259,21,0.145976,0,0,0,0,1
CMDP-PostCheck,25.326,138,200,PostCheck,1,0,0.0237155,13.1698,2.30259,21,0.354705,0,0,0,0,1.05434
CMDP-PostCheck,25.3331,5,4,PostCheck,0,0,0.0562793,12.9468,2.30259,21,0.139325,0,0,0,0,0.990426
CMDP-PostCheck,25.3427,94,21,PostCheck,0,0,0.0236788,13.8629,2.30259,21,0.230032,0,0,0,0,1
CMDP-PostCheck,25.3511,107,66,PostCheck,0,0,0.0236865,13.8629,2.30259,21,0.104833,0,0,0,0,1
CMDP-PostCheck,25.3535,6,136,PostCheck,0,0,0.0409268,13.2522,2.30259,21,0.25347,0,0,0,0,1.00206
CMDP-PostCheck,25.3641,87,171,PostCheck,0,0,0.0232526,13.8629,2.30259,21,0.289514,0,0,0,0,1
CMDP-PostCheck,25.3826,159,288,PostCheck,0,0,0.0521282,3.46574,2.30259,6,0.035005,0,0,0,0,1
CMDP-PostCheck,25.4078,52,272,PostCheck,0,0,0.0232869,13.5576,2.30259,21,0.133962,0,0,0,0,1.04934
CMDP-PostCheck,25.4146,49,303,PostCheck,0,0,0.00355167,2.07944,2.30259,4,0.0073,0,0,0,0,1
CMDP-PostCheck,25.4175,88,338,PostCheck,1,1,0.00238539,0.693147,2.30259,3,0.108983,0,0,0,0,0.991953
CMDP-PostCheck,25.4227,140,46,PostCheck,0,0,0.0232816,13.8629,2.30259,21,0.313419,0,0,0,0,1
CMDP-PostCheck,25.4294,61,292,PostCheck,0,0,0.0237669,14.0453,2.30259,21,0.087696,0,0,0,0,1
CMDP-PostCheck,25.4433,122,327,PostCheck,0,0,0.0232464,13.8629,2.30259,21,0.117334,0,0,0,0,1
CMDP-PostCheck,25.4598,66,19,PostCheck,0,0,0.0237014,13.8629,2.30259,21,0.084688,0,0,0,0,0.991953
CMDP-PostCheck,25.4619,128,171,PostCheck,0,0,0.0232526,13.8629,2.30259,21,0.145104,0,0,0,0,1
CMDP-PostCheck,25.4782,70,258,PostCheck,0,0,0.0236784,13.8629,2.30259,21,0.100086,0,0,0,0,1
CMDP-PostCheck,25.5062,48,258,PostCheck,0,0,0.0236945,13.8629,2.30259,21,0.109469,0,0,0,0,1
CMDP-PostCheck,25.5096,115,111,PostCheck,0,0,0.0232527,13.8629,2.30259,21,0.159975,0,0,0,0,1
CMDP-PostCheck,25.5229,10,321,PostCheck,0,0,0.0437029,3.16035,2.30259,6,0.03658,0,0,0,0,1
CMDP-PostCheck,25.5242,76,42,PostCheck,0,0,0.0232526,13.8629,2.30259,21,0.204221,0,0,0,0,1
CMDP-PostCheck,25.5346,132,178,PostCheck,0,0,0.00593598,3.46574,2.30259,6,0.059457,0,0,0,0,1
CMDP-PostCheck,25.5406,0,123,PostCheck,0,0,0.0531175,13.5576,2.30259,21,0.102434,0,0,0,0,1
CMDP-PostCheck,25.5449,141,242,PostCheck,0,0,0.0232503,13.8629,2.30259,21,0.22522,0,0,0,0,1
CMDP-PostCheck,25.5609,75,277,PostCheck,0,0,0.0236784,13.8629,2.30259,21,0.180543,0,0,0,0,1
CMDP-PostCheck,25.5615,123,53,PostCheck,0,0,0.0236881,13.8629,2.30259,21,0.172074,0,0,0,0,1
CMDP-PostCheck,25.5693,119,42,PostCheck,0,0,0.0232526,13.8629,2.30259,21,0.139773,0,0,0,0,1
CMDP-PostCheck,25.5758,85,84,PostCheck,0,0,0.033829,6.93147,2.30259,11,0.098649,0,0,0,0,1
CMDP-PostCheck,25.5968,114,148,PostCheck,0,0,0.0432305,1.38629,2.30259,3,0.007944,0,0,0,0,1
CMDP-PostCheck,25.5985,91,327,PostCheck,0,0,0.0232463,13.8629,2.30259,21,0.598432,0,0,0,0,1
CMDP-PostCheck,25.6158,148,114,PostCheck,0,0,0.042936,1.38629,2.30259,3,0.030747,0,0,0,0,1
CMDP-PostCheck,25.6439,53,324,PostCheck,0,0,0.0670888,13.4005,2.30259,21,0.159018,0,0,0,0,0.998884
CMDP-PostCheck,25.6707,134,254,PostCheck,0,0,0.0352354,0.693147,2.30259,2,0.016766,0,0,0,0,1
CMDP-PostCheck,25.6823,116,198,PostCheck,0,0,0.0236785,13.8629,2.30259,21,0.113512,0,0,0,0,1
CMDP-PostCheck,25.7044,92,41,PostCheck,0,0,0.0237566,14.0453,2.30259,21,0.060376,0,0,0,0,1.05178
CMDP-PostCheck,25.7193,68,303,PostCheck,0,0,0.0493661,11.0904,2.30259,17,0.059044,0,0,0,0,1
CMDP-PostCheck,25.7539,105,172,PostCheck,0,0,0.0232444,13.8629,2.30259,21,0.166922,0,0,0,0,1
CMDP-PostCheck,25.7598,26,11,PostCheck,0,0,0.0331014,3.46574,2.30259,6,0.017318,0,0,0,0,1
CMDP-PostCheck,25.7944,171,172,PostCheck,0,0,0.0232444,13.8629,2.30259,21,0.181211,0,0,0,0,1
CMDP-PostCheck,25.8125,12,32,PostCheck,1,1,0.00193395,0.538997,2.30259,3,0.125358,0,0,0,0,0.991182
CMDP-PostCheck,25.815,30,132,PostCheck,0,0,0.0555685,13.5576,2.30259,21,0.123625,0,0,0,0,1
CMDP-PostCheck,25.8168,56,78,PostCheck,0,0,0.0236806,13.8629,2.30259,21,0.173657,0,0,0,0,1
CMDP-PostCheck,25.8188,161,182,PostCheck,0,0,0.0236824,13.8629,2.30259,21,0.218898,0,0,0,0,1
CMDP-PostCheck,25.8196,157,62,PostCheck,0,0,0.0236846,13.8629,2.30259,21,0.220477,0,0,0,0,1
CMDP-PostCheck,25.8454,173,164,PostCheck,0,0,0.0232593,13.8629,2.30259,21,0.210639,0,0,0,0,1
CMDP-PostCheck,25.8498,153,277,PostCheck,0,0,0.0236964,13.8629,2.30259,21,0.171613,0,0,0,0,1
CMDP-PostCheck,25.8686,143,11,PostCheck,0,0,0.00716068,4.15888,2.30259,7,0.0442,0,0,0,0,1
CMDP-PostCheck,25.8892,9,272,PostCheck,0,0,0.0492302,12.9468,2.30259,21,0.193453,0,0,0,0,1
CMDP-PostCheck,25.8921,14,138,PostCheck,0,0,0.0237635,12.9468,2.30259,21,0.166445,0,0,0,0,1.0255
CMDP-PostCheck,25.8958,169,241,PostCheck,0,0,0.0236791,13.8629,2.30259,21,0.176073,0,0,0,0,1
CMDP-PostCheck,25.909,45,288,PostCheck,0,0,0.0234969,2.07944,2.30259,4,0.044726,0,0,0,0,1
CMDP-PostCheck,25.9189,104,112,PostCheck,0,0,0.0237337,13.2463,2.30259,21,0.24766,0,0,0,0,1
CMDP-PostCheck,25.9237,152,106,PostCheck,0,0,0.0236784,13.8629,2.30259,21,0.189159,0,0,0,0,1
CMDP-PostCheck,25.9332,95,171,PostCheck,0,0,0.0232525,13.8629,2.30259,21,0.244725,0,0,0,0,1
CMDP-PostCheck,25.9465,81,242,PostCheck,0,0,0.0232505,13.8629,2.30259,21,0.267404,0,0,0,0,1.04047
CMDP-PostCheck,25.9604,67,195,PostCheck,0,0,0.0232542,13.8629,2.30259,21,0.191924,0,0,0,0,1.04394
CMDP-PostCheck,25.9627,97,132,PostCheck,0,0,0.0237321,13.8629,2.30259,21,0.219284,0,0,0,0,0.998884
CMDP-PostCheck,25.9648,165,56,PostCheck,1,1,0.00240273,0.693147,2.30259,3,0.083921,0,0,0,0,0.991953
CMDP-PostCheck,25.9756,126,106,PostCheck,0,0,0.0236784,13.8629,2.30259,21,0.125868,0,0,0,0,1
CMDP-PostCheck,25.9863,101,152,PostCheck,0,0,0.0236813,13.8629,2.30259,21,0.206374,0,0,0,0,1
CMDP-PostCheck,25.989,34,91,PostCheck,0,0,0.0237497,12.6414,2.30259,21,0.240627,0,0,0,0,0.997065
CMDP-PostCheck,25.995,166,289,PostCheck,0,0,0.0236888,13.8629,2.30259,21,0.22664,0,0,0,0,1
CMDP-PostCheck,25.9998,36,84,PostCheck,0,0,0.0147243,4.85203,2.30259,8,0.067543,0,0,0,0,1
CMDP-PostCheck,26.0157,20,186,PostCheck,1,1,0.00359064,0.775531,2.30259,4,0.041784,0,0,0,0,0.992365
CMDP-PostCheck,26.0171,19,234,PostCheck,1,0,0.034479,3.32512,2.30259,9,0.069313,0,0,0,0,1.00511
CMDP-PostCheck,26.0309,145,292,PostCheck,0,0,0.0780807,13.8629,2.30259,21,0.136587,0,0,0,0,1
CMDP-PostCheck,26.034,47,90,PostCheck,0,0,0.0232763,13.5576,2.30259,21,0.211327,0,0,0,0,1
CMDP-PostCheck,26.0675,21,112,PostCheck,0,0,0.0237363,12.6414,2.30259,21,0.132361,0,0,0,0,0.990426
CMDP-PostCheck,26.0721,147,323,PostCheck,0,0,0.0232534,13.8629,2.30259,21,0.227496,0,0,0,0,1
CMDP-PostCheck,26.0863,121,292,PostCheck,0,0,0.069828,13.8629,2.30259,21,0.095285,0,0,0,0,1.03354
CMDP-PostCheck,26.1274,50,305,PostCheck,0,0,0.0237092,13.5576,2.30259,21,0.197641,0,0,0,0,1
CMDP-PostCheck,26.138,41,116,PostCheck,0,0,0.0236968,13.5576,2.30259,21,0.217578,0,0,0,0,1
CMDP-PostCheck,26.1454,65,342,PostCheck,0,0,0.0232541,13.8629,2.30259,21,0.115801,0,0,0,0,1
CMDP-PostCheck,26.1563,17,28,PostCheck,0,0,0.0523604,12.6414,2.30259,21,0.226095,0,0,0,0,1
CMDP-PostCheck,26.1591,96,77,PostCheck,0,0,0.0236798,13.8629,2.30259,21,0.195802,0,0,0,0,1
CMDP-PostCheck,26.2029,13,116,PostCheck,0,0,0.0525862,13.2522,2.30259,21,0.193778,0,0,0,0,1
CMDP-PostCheck,26.2137,125,104,PostCheck,0,0,0.0236945,13.8629,2.30259,21,0.088365,0,0,0,0,1.03354
CMDP-PostCheck,26.2191,25,55,PostCheck,0,0,0.0580594,12.0307,2.30259,21,0.11557,0,0,0,0,0.996242
CMDP-PostCheck,26.2377,51,218,PostCheck,0,0,0.0343597,13.8629,2.30259,21,0.131549,0,0,0,0,1
CMDP-PostCheck,26.2437,127,224,PostCheck,0,0,0.0237311,13.8629,2.30259,21,0.104322,0,0,0,0,1.00235
CMDP-PostCheck,26.2721,164,43,PostCheck,0,0,0.0232519,13.8629,2.30259,21,0.251716,0,0,0,0,1
CMDP-PostCheck,26.2728,163,100,PostCheck,0,0,0.0236819,13.8629,2.30259,21,0.195966,0,0,0,0,1
CMDP-PostCheck,26.2857,167,171,PostCheck,0,0,0.0232526,13.8629,2.30259,21,0.234889,0,0,0,0,1
CMDP-PostCheck,26.2956,120,288,PostCheck,0,0,0.0511673,3.46574,2.30259,6,0.015903,0,0,0,0,1
CMDP-PostCheck,26.2961,117,70,PostCheck,0,0,0.0236795,13.8629,2.30259,21,0.128788,0,0,0,0,1
CMDP-PostCheck,26.317,103,339,PostCheck,0,0,0.0232497,13.8629,2.30259,21,0.248655,0,0,0,0,1
CMDP-PostCheck,26.3208,78,100,PostCheck,0,0,0.0236818,13.8629,2.30259,21,0.123913,0,0,0,0,1.00928
CMDP-PostCheck,26.3329,124,182,PostCheck,0,0,0.0232496,13.8629,2.30259,21,0.154143,0,0,0,0,1
CMDP-PostCheck,26.3341,37,96,PostCheck,1,0,0.00955306,4.54665,2.30259,9,0.031152,0,0,0,0,1.01122
CMDP-PostCheck,26.3507,175,126,PostCheck,0,0,0.0645349,13.8629,2.30259,21,0.1603,0,0,0,0,1
CMDP-PostCheck,26.3556,154,203,PostCheck,0,0,0.00356834,2.07944,2.30259,4,0.072742,0,0,0,0,1
CMDP-PostCheck,26.3621,118,195,PostCheck,0,0,0.0232539,13.8629,2.30259,21,0.132971,0,0,0,0,1
CMDP-PostCheck,26.3827,18,79,PostCheck,0,0,0.0572561,12.9468,2.30259,21,0.193577,0,0,0,0,1
CMDP-PostCheck,26.3838,71,242,PostCheck,0,0,0.0237372,13.8629,2.30259,21,0.0901,0,0,0,0,1
CMDP-PostCheck,26.3899,15,350,PostCheck,0,0,0.0237148,12.9468,2.30259,21,0.180668,0,0,0,0,1
CMDP-PostCheck,26.396,108,62,PostCheck,0,0,0.0236817,13.8629,2.30259,21,0.191151,0,0,0,0,1
CMDP-PostCheck,26.4272,63,84,PostCheck,0,0,0.00948094,5.54518,2.30259,9,0.024742,0,0,0,0,1.03354
CMDP-PostCheck,26.4292,57,277,PostCheck,0,0,0.0236999,13.8629,2.30259,21,0.186014,0,0,0,0,1
CMDP-PostCheck,26.4323,74,195,PostCheck,0,0,0.0232541,13.8629,2.30259,21,0.106755,0,0,0,0,1
CMDP-PostCheck,26.4464,99,62,PostCheck,0,0,0.0236825,13.8629,2.30259,21,0.192717,0,0,0,0,1
CMDP-PostCheck,26.4607,156,333,PostCheck,0,0,0.0232461,13.8629,2.30259,21,0.216359,0,0,0,0,1
CMDP-PostCheck,26.4666,4,44,PostCheck,0,0,0.0528616,12.6414,2.30259,21,0.165875,0,0,0,0,1
CMDP-PostCheck,26.4706,27,332,PostCheck,1,1,0.041229,1.93883,2.30259,7,0.148779,0,0,0,0,1.04488
CMDP-PostCheck,26.4725,42,341,PostCheck,0,0,0.052924,12.6414,2.30259,21,0.220544,0,0,0,0,1
CMDP-PostCheck,26.478,144,192,PostCheck,0,0,0.0236897,13.8629,2.30259,21,0.232607,0,0,0,0,1
CMDP-PostCheck,26.4805,98,65,PostCheck,0,0,0.0236838,13.8629,2.30259,21,0.171966,0,0,0,0,1
CMDP-PostCheck,26.4838,83,43,PostCheck,0,0,0.0232503,13.8629,2.30259,21,0.246623,0,0,0,0,1
CMDP-PostCheck,26.4853,73,43,PostCheck,0,0,0.0232503,13.8629,2.30259,21,0.179879,0,0,0,0,1
CMDP-PostCheck,26.5021,135,295,PostCheck,0,0,0.0232541,13.8629,2.30259,21,0.125416,0,0,0,0,1
CMDP-PostCheck,26.532,170,315,PostCheck,0,0,0.00948014,5.54518,2.30259,9,0.127605,0,0,0,0,1
CMDP-PostCheck,26.5371,58,230,PostCheck,0,0,0.0565358,13.5576,2.30259,21,0.185766,0,0,0,0,0.980852
CMDP-PostCheck,26.5457,90,166,PostCheck,0,0,0.0232839,13.8629,2.30259,21,0.287346,0,0,0,0,1
CMDP-PostCheck,26.5666,146,192,PostCheck,0,0,0.0236876,13.8629,2.30259,21,0.242318,0,0,0,0,1
CMDP-PostCheck,26.5722,1,321,PostCheck,0,0,0.0210129,3.16035,2.30259,6,0.0431,0,0,0,0,1
CMDP-PostCheck,26.6401,54,11,PostCheck,0,0,0.0279993,4.15888,2.30259,7,0.031771,0,0,0,0,1
CMDP-PostCheck,26.7052,28,246,PostCheck,0,0,0.0573809,12.336,2.30259,21,0.134416,0,0,0,0,0.994304
CMDP-PostCheck,26.7187,55,295,PostCheck,0,0,0.0237205,13.8629,2.30259,21,0.199275,0,0,0,0,1
CMDP-PostCheck,26.7273,136,104,PostCheck,0,0,0.0236863,13.8629,2.30259,21,0.154594,0,0,0,0,1
CMDP-PostCheck,26.7319,43,34,PostCheck,1,1,0.0249158,0.387766,2.30259,3,0.107915,0,0,0,0,0.990426
CMDP-PostCheck,26.7373,93,249,PostCheck,0,0,0.00356202,2.07944,2.30259,4,0.108128,0,0,0,0,1
CMDP-PostCheck,26.751,29,8,PostCheck,0,0,0.0445732,12.336,2.30259,21,0.173525,0,0,0,0,0.992365
CMDP-PostCheck,26.7532,155,62,PostCheck,0,0,0.0236822,13.8629,2.30259,21,0.18685,0,0,0,0,1
CMDP-PostCheck,26.7944,172,73,PostCheck,0,0,0.0232502,13.8629,2.30259,21,0.229824,0,0,0,0,1
CMDP-PostCheck,26.7986,62,163,PostCheck,0,0,0.0236937,13.8629,2.30259,21,0.137973,0,0,0,0,1
CMDP-PostCheck,26.8057,89,119,PostCheck,0,0,0.0232526,13.8629,2.30259,21,0.169318,0,0,0,0,1
CMDP-PostCheck,26.8144,102,217,PostCheck,0,0,0.0232538,13.8629,2.30259,21,0.119699,0,0,0,0,1
CMDP-PostCheck,26.8165,158,81,PostCheck,0,0,0.0236792,13.8629,2.30259,21,0.247913,0,0,0,0,1
CMDP-PostCheck,26.8365,72,303,PostCheck,0,0,0.00713003,4.15888,2.30259,7,0.020262,0,0,0,0,1
CMDP-PostCheck,26.8451,112,341,PostCheck,0,0,0.0232462,13.8629,2.30259,21,0.366426,0,0,0,0,1
CMDP-PostCheck,26.8502,7,293,PostCheck,0,0,0.0549351,12.9468,2.30259,21,0.152356,0,0,0,0,1
CMDP-PostCheck,26.8556,150,17,PostCheck,0,0,0.0232468,13.8629,2.30259,21,0.16305,0,0,0,0,1
CMDP-PostCheck,26.8746,176,295,PostCheck,0,0,0.0237133,13.8629,2.30259,21,0.170213,0,0,0,0,1
CMDP-PostCheck,26.8935,2,317,PostCheck,0,0,0.0237121,13.2522,2.30259,21,0.249514,0,0,0,0,1
CMDP-PostCheck,26.8937,149,195,PostCheck,0,0,0.0236874,13.8629,2.30259,21,0.152611,0,0,0,0,1
CMDP-PostCheck,26.901,64,217,PostCheck,1,1,0.00197292,0.693147,2.30259,3,0.030851,0,0,0,0,0.983906
CMDP-PostCheck,26.9066,178,97,PostCheck,0,0,0.0237216,13.8629,2.30259,21,0.113013,0,0,0,0,1
CMDP-PostCheck,26.9149,184,185,PostCheck,0,0,0.0236813,13.8629,2.30259,21,0.194658,0,0,0,0,1
CMDP-PostCheck,26.9157,111,73,PostCheck,0,0,0.0232504,13.8629,2.30259,21,0.284297,0,0,0,0,1
CMDP-PostCheck,26.9325,32,12,PostCheck,1,1,0.00482294,1.1633,2.30259,5,0.064983,0,0,0,0,0.986668
CMDP-PostCheck,26.9339,168,201,PostCheck,0,0,0.0236855,13.8629,2.30259,21,0.1534,0,0,0,0,1
CMDP-PostCheck,26.9444,109,303,PostCheck,0,0,0.0213866,12.4766,2.30259,19,0.148721,0,0,0,0,1
CMDP-PostCheck,26.9502,84,177,PostCheck,0,0,0.068126,13.8629,2.30259,21,0.07862,0,0,0,0,1
CMDP-PostCheck,26.9684,185,297,PostCheck,0,0,0.0236789,13.8629,2.30259,21,0.201886,0,0,0,0,1
CMDP-PostCheck,26.9769,151,43,PostCheck,0,0,0.0232503,13.8629,2.30259,21,0.146737,0,0,0,0,1
CMDP-PostCheck,26.977,130,303,PostCheck,0,0,0.0213708,12.4766,2.30259,19,0.064928,0,0,0,0,1
CMDP-PostCheck,26.9793,69,39,PostCheck,0,0,0.02368,13.8629,2.30259,21,0.11841,0,0,0,0,1
CMDP-PostCheck,26.9805,77,126,PostCheck,0,0,0.0236784,13.8629,2.30259,21,0.17953,0,0,0,0,1
CMDP-PostCheck,26.9847,113,7,PostCheck,0,0,0.0236822,13.8629,2.30259,21,0.262789,0,0,0,0,1
CMDP-PostCheck,26.9851,33,250,PostCheck,0,0,0.0607407,12.9468,2.30259,21,0.169124,0,0,0,0,1
CMDP-PostCheck,26.9969,80,55,PostCheck,0,0,0.0237336,13.8629,2.30259,21,0.13076,0,0,0,0,1
CMDP-PostCheck,27.0113,137,84,PostCheck,0,0,0.0130331,7.62462,2.30259,12,0.034865,0,0,0,0,1
CMDP-PostCheck,27.0336,40,232,PostCheck,1,1,0.00196111,0.387766,2.30259,3,0.034526,0,0,0,0,0.990426
CMDP-PostCheck,27.0339,31,329,PostCheck,0,0,0.0237714,12.6414,2.30259,21,0.247086,0,0,0,0,1
CMDP-PostCheck,27.0373,82,73,PostCheck,0,0,0.0232526,13.8629,2.30259,21,0.173652,0,0,0,0,1
CMDP-PostCheck,27.0412,46,297,PostCheck,0,0,0.0237833,12.6414,2.30259,21,0.241631,0,0,0,0,1.03895
CMDP-PostCheck,27.0585,106,126,PostCheck,0,0,0.0236786,13.8629,2.30259,21,0.203535,0,0,0,0,1
CMDP-PostCheck,27.08,142,62,PostCheck,0,0,0.0236829,13.8629,2.30259,21,0.112782,0,0,0,0,1
CMDP-PostCheck,27.089,129,9,PostCheck,0,0,0.023679,13.8629,2.30259,21,0.117828,0,0,0,0,1
CMDP-PostCheck,27.0987,39,116,PostCheck,0,0,0.0236782,13.8629,2.30259,21,0.123853,0,0,0,0,1
CMDP-PostCheck,27.1016,16,317,PostCheck,0,0,0.0420746,12.336,2.30259,21,0.265934,0,0,0,0,1
CMDP-PostCheck,27.1078,160,178,PostCheck,0,0,0.00948044,5.54518,2.30259,9,0.084305,0,0,0,0,1
CMDP-PostCheck,27.1082,44,206,PostCheck,0,0,0.0539523,13.2522,2.30259,21,0.231925,0,0,0,0,1
CMDP-PostCheck,27.1086,110,177,PostCheck,0,0,0.0237026,13.8629,2.30259,21,0.192414,0,0,0,0,1
CMDP-PostCheck,27.1114,38,283,PostCheck,0,0,0.023298,12.336,2.30259,21,0.132391,0,0,0,0,1.00429
CMDP-PostCheck,27.1313,191,111,PostCheck,0,0,0.0233257,13.8629,2.30259,21,0.243236,0,0,0,0,1
CMDP-PostCheck,27.1364,181,97,PostCheck,0,0,0.0237195,13.8629,2.30259,21,0.1395,0,0,0,0,1
CMDP-PostCheck,27.1419,8,242,PostCheck,0,0,0.0594155,12.9468,2.30259,21,0.136354,0,0,0,0,1
CMDP-PostCheck,27.1419,23,112,PostCheck,0,0,0.023281,12.6414,2.30259,21,0.299299,0,0,0,0,1.02702
CMDP-PostCheck,27.1491,3,261,PostCheck,0,0,0.039626,13.2522,2.30259,21,0.264362,0,0,0,0,1.03795
CMDP-PostCheck,27.1563,131,38,PostCheck,0,0,0.0237021,13.8629,2.30259,21,0.087481,0,0,0,0,1
CMDP-PostCheck,27.1675,11,26,PostCheck,0,0,0.00711661,4.15888,2.30259,7,0.013543,0,0,0,0,1
CMDP-PostCheck,27.1707,86,43,PostCheck,0,0,0.0232505,13.8629,2.30259,21,0.22342,0,0,0,0,1
CMDP-PostCheck,27.1725,139,157,PostCheck,0,0,0.0236788,13.8629,2.30259,21,0.140062,0,0,0,0,1
CMDP-PostCheck,27.1892,100,165,PostCheck,0,0,0.0236903,13.8629,2.30259,21,0.397132,0,0,0,0,1
CMDP-PostCheck,27.2007,59,2,PostCheck,0,0,0.0236927,13.8629,2.30259,21,0.199029,0,0,0,0,1
CMDP-PostCheck,27.2229,22,296,PostCheck,0,0,0.0236784,13.8629,2.30259,21,0.176613,0,0,0,0,1
CMDP-PostCheck,27.2519,180,241,PostCheck,1,0,0.0202032,11.0904,2.30259,18,0.12962,0,0,0,0,1.04394
CMDP-PostCheck,27.2572,193,46,PostCheck,1,0,0.00670128,3.46574,2.30259,7,0.141886,0,0,0,0,1.00582
CMDP-PostCheck,27.2613,195,284,PostCheck,0,0,0.0236795,13.8629,2.30259,21,0.265918,0,0,0,0,1
CMDP-PostCheck,27.2705,162,96,PostCheck,0,0,0.0236826,13.8629,2.30259,21,0.198542,0,0,0,0,1
CMDP-PostCheck,27.2845,24,132,PostCheck,0,0,0.057416,13.5576,2.30259,21,0.15631,0,0,0,0,1
CMDP-PostCheck,27.2963,79,289,PostCheck,0,0,0.0236877,13.8629,2.30259,21,0.179244,0,0,0,0,1
CMDP-PostCheck,27.3005,133,113,PostCheck,0,0,0.0236882,13.8629,2.30259,21,0.11147,0,0,0,0,1.00582
CMDP-PostCheck,27.3009,35,31,PostCheck,0,0,0.0237384,12.9468,2.30259,21,0.229243,0,0,0,0,1.04752
CMDP-PostCheck,27.3057,60,141,PostCheck,0,0,0.0236815,13.8629,2.30259,21,0.29315,0,0,0,0,1
CMDP-PostCheck,27.326,138,251,PostCheck,0,0,0.0232462,13.8629,2.30259,21,0.390108,0,0,0,0,1.05434
CMDP-PostCheck,27.3331,5,279,PostCheck,0,0,0.0603276,12.9468,2.30259,21,0.230588,0,0,0,0,0.990426
CMDP-PostCheck,27.3427,94,43,PostCheck,0,0,0.0232439,13.8629,2.30259,21,0.154041,0,0,0,0,1
CMDP-PostCheck,27.3511,107,195,PostCheck,0,0,0.0232534,13.8629,2.30259,21,0.247236,0,0,0,0,1
CMDP-PostCheck,27.3535,6,179,PostCheck,0,0,0.0409296,13.2522,2.30259,21,0.153497,0,0,0,0,1.00206
CMDP-PostCheck,27.3641,87,119,PostCheck,0,0,0.0233256,13.8629,2.30259,21,0.153232,0,0,0,0,1
CMDP-PostCheck,27.3826,159,120,PostCheck,0,0,0.00833218,4.85203,2.30259,8,0.020003,0,0,0,0,1
CMDP-PostCheck,27.4078,52,133,PostCheck,0,0,0.0233618,13.5576,2.30259,21,0.290947,0,0,0,0,1.04934
CMDP-PostCheck,27.4146,49,246,PostCheck,0,0,0.0237347,13.8629,2.30259,21,0.20583,0,0,0,0,1
CMDP-PostCheck,27.4175,88,66,PostCheck,1,0,0.00552635,2.77259,2.30259,6,0.047764,0,0,0,0,0.994303
CMDP-PostCheck,27.4227,140,166,PostCheck,0,0,0.0232832,13.8629,2.30259,21,0.111972,0,0,0,0,1
CMDP-PostCheck,27.4294,61,294,PostCheck,0,0,0.0237395,13.8629,2.30259,21,0.141647,0,0,0,0,1
CMDP-PostCheck,27.4433,122,119,PostCheck,0,0,0.0233256,13.8629,2.30259,21,0.263206,0,0,0,0,1
CMDP-PostCheck,27.4598,66,241,PostCheck,0,0,0.0236831,13.8629,2.30259,21,0.501726,0,0,0,0,0.991953
CMDP-PostCheck,27.4619,128,119,PostCheck,0,0,0.0233256,13.8629,2.30259,21,0.259363,0,0,0,0,1
CMDP-PostCheck,27.4782,70,258,PostCheck,0,0,0.0236786,13.8629,2.30259,21,0.185593,0,0,0,0,1
CMDP-PostCheck,27.5062,48,128,PostCheck,0,0,0.023419,13.8629,2.30259,21,0.296244,0,0,0,0,1
CMDP-PostCheck,27.5096,115,43,PostCheck,0,0,0.0232438,13.8629,2.30259,21,0.267707,0,0,0,0,1
CMDP-PostCheck,27.5183,200,226,PostCheck,0,0,0.0236814,13.8629,2.30259,21,0.189496,0,0,0,0,1
CMDP-PostCheck,27.5229,10,367,PostCheck,0,0,0.0448869,3.8535,2.30259,7,0.01728,0,0,0,0,1
CMDP-PostCheck,27.5242,76,334,PostCheck,0,0,0.0232461,13.8629,2.30259,21,0.156164,0,0,0,0,1
CMDP-PostCheck,27.5346,132,41,PostCheck,1,0,0.0213778,11.7835,2.30259,19,0.042073,0,0,0,0,1.0474
CMDP-PostCheck,27.5406,0,79,PostCheck,0,0,0.0546491,13.5576,2.30259,21,0.202292,0,0,0,0,1
CMDP-PostCheck,27.5449,141,17,PostCheck,0,0,0.0232468,13.8629,2.30259,21,0.159222,0,0,0,0,1
CMDP-PostCheck,27.5609,75,296,PostCheck,0,0,0.0236783,13.8629,2.30259,21,0.123985,0,0,0,0,1
CMDP-PostCheck,27.5615,123,130,PostCheck,0,0,0.0236897,13.8629,2.30259,21,0.207938,0,0,0,0,1
CMDP-PostCheck,27.5643,182,17,PostCheck,0,0,0.0232468,13.8629,2.30259,21,0.244168,0,0,0,0,1
CMDP-PostCheck,27.5693,119,334,PostCheck,0,0,0.0232461,13.8629,2.30259,21,0.2661,0,0,0,0,1
CMDP-PostCheck,27.5758,85,177,PostCheck,1,1,0.0243812,0.693147,2.30259,3,0.033095,0,0,0,0,0.991953
CMDP-PostCheck,27.5968,114,148,PostCheck,0,0,0.00356435,2.07944,2.30259,4,0.032018,0,0,0,0,1
CMDP-PostCheck,27.5985,91,173,PostCheck,0,0,0.0232532,13.8629,2.30259,21,0.166981,0,0,0,0,1
CMDP-PostCheck,27.6158,148,114,PostCheck,0,0,0.00355881,2.07944,2.30259,4,0.009945,0,0,0,0,1
CMDP-PostCheck,27.6439,53,210,PostCheck,1,1,0.00301017,0.538997,2.30259,3,0.107619,0,0,0,0,0.990066
CMDP-PostCheck,27.6707,134,254,PostCheck,0,0,0.0352354,0.693147,2.30259,2,0.006533,0,0,0,0,1
CMDP-PostCheck,27.6819,189,11,PostCheck,0,0,0.0521071,4.15888,2.30259,7,0.067513,0,0,0,0,1
CMDP-PostCheck,27.6823,116,168,PostCheck,0,0,0.0236954,13.8629,2.30259,21,0.208292,0,0,0,0,1
CMDP-PostCheck,27.7044,92,24,PostCheck,0,0,0.0237124,13.8629,2.30259,21,0.078194,0,0,0,0,1.05178
CMDP-PostCheck,27.7193,68,303,PostCheck,0,0,0.021399,12.4766,2.30259,19,0.173312,0,0,0,0,1
CMDP-PostCheck,27.7246,188,381,PostCheck,0,0,0.0232835,13.8629,2.30259,21,0.18363,0,0,0,0,1
CMDP-PostCheck,27.7539,105,333,PostCheck,0,0,0.023246,13.8629,2.30259,21,0.285287,0,0,0,0,1
CMDP-PostCheck,27.7598,26,11,PostCheck,0,0,0.00711592,4.15888,2.30259,7,0.050403,0,0,0,0,1
CMDP-PostCheck,27.7944,171,333,PostCheck,0,0,0.023246,13.8629,2.30259,21,0.194441,0,0,0,0,1
CMDP-PostCheck,27.8125,12,32,PostCheck,1,1,0.00210798,0.538997,2.30259,3,0.081898,0,0,0,0,0.982364
CMDP-PostCheck,27.815,30,211,PostCheck,0,0,0.05557,13.5576,2.30259,21,0.068442,0,0,0,0,1
CMDP-PostCheck,27.8168,56,264,PostCheck,0,0,0.0236829,13.8629,2.30259,21,0.319265,0,0,0,0,1
CMDP-PostCheck,27.8188,161,199,PostCheck,0,0,0.0236892,13.8629,2.30259,21,0.120985,0,0,0,0,1
CMDP-PostCheck,27.8196,157,155,PostCheck,0,0,0.0236904,13.8629,2.30259,21,0.146268,0,0,0,0,1
CMDP-PostCheck,27.8454,173,217,PostCheck,0,0,0.023253,13.8629,2.30259,21,0.12473,0,0,0,0,1
CMDP-PostCheck,27.8498,153,259,PostCheck,1,0,0.0142485,7.62462,2.30259,13,0.04135,0,0,0,0,1.02661
CMDP-PostCheck,27.8686,143,11,PostCheck,0,0,0.00710919,4.15888,2.30259,7,0.018616,0,0,0,0,1
CMDP-PostCheck,27.8722,174,242,PostCheck,0,0,0.02368,13.8629,2.30259,21,0.264031,0,0,0,0,1
CMDP-PostCheck,27.8892,9,149,PostCheck,0,0,0.0492264,12.9468,2.30259,21,0.15695,0,0,0,0,1
CMDP-PostCheck,27.8921,14,3,PostCheck,0,0,0.0237438,13.5576,2.30259,21,0.057634,0,0,0,0,1.0255
CMDP-PostCheck,27.8956,198,101,PostCheck,0,0,0.023679,13.8629,2.30259,21,0.200677,0,0,0,0,1
CMDP-PostCheck,27.8958,169,65,PostCheck,0,0,0.0236806,13.8629,2.30259,21,0.147184,0,0,0,0,1
CMDP-PostCheck,27.909,45,159,PostCheck,0,0,0.00831838,4.85203,2.30259,8,0.017592,0,0,0,0,1
CMDP-PostCheck,27.9189,104,274,PostCheck,1,1,0.00239923,0.538997,2.30259,3,0.046164,0,0,0,0,0.991182
CMDP-PostCheck,27.9237,152,186,PostCheck,0,0,0.0236801,13.8629,2.30259,21,0.114797,0,0,0,0,1
CMDP-PostCheck,27.9332,95,82,PostCheck,0,0,0.0232527,13.8629,2.30259,21,0.218728,0,0,0,0,1
CMDP-PostCheck,27.9465,81,279,PostCheck,0,0,0.0232466,13.8629,2.30259,21,0.176697,0,0,0,0,1.04047
CMDP-PostCheck,27.9604,67,173,PostCheck,0,0,0.023253,13.8629,2.30259,21,0.210924,0,0,0,0,1.04394
CMDP-PostCheck,27.9627,97,384,PostCheck,0,0,0.0237256,13.8629,2.30259,21,0.097747,0,0,0,0,0.998884
CMDP-PostCheck,27.9648,165,2,PostCheck,0,0,0.0236798,13.8629,2.30259,21,0.119645,0,0,0,0,0.991953
CMDP-PostCheck,27.9756,126,75,PostCheck,0,0,0.0236802,13.8629,2.30259,21,0.195768,0,0,0,0,1
CMDP-PostCheck,27.9791,206,5,PostCheck,0,0,0.0236823,13.8629,2.30259,21,0.256126,0,0,0,0,1
CMDP-PostCheck,27.9863,101,287,PostCheck,0,0,0.0236953,13.8629,2.30259,21,0.18375,0,0,0,0,1
CMDP-PostCheck,27.989,34,133,PostCheck,1,1,0.00441217,1.15022,2.30259,5,0.059975,0,0,0,0,0.991304
CMDP-PostCheck,27.995,166,199,PostCheck,0,0,0.0236784,13.8629,2.30259,21,0.135303,0,0,0,0,1
CMDP-PostCheck,27.9998,36,84,PostCheck,0,0,0.0106654,6.23832,2.30259,10,0.027309,0,0,0,0,1
CMDP-PostCheck,28.0157,20,176,PostCheck,0,0,0.0233296,12.0307,2.30259,21,0.21415,0,0,0,0,0.992365
CMDP-PostCheck,28.0171,19,378,PostCheck,0,0,0.0486891,12.336,2.30259,21,0.367176,0,0,0,0,1.00511
CMDP-PostCheck,28.0175,203,154,PostCheck,0,0,0.00357124,2.07944,2.30259,4,0.048957,0,0,0,0,1
CMDP-PostCheck,28.0263,183,187,PostCheck,0,0,0.0232585,13.8629,2.30259,21,0.321536,0,0,0,0,1
CMDP-PostCheck,28.0309,145,177,PostCheck,0,0,0.0780797,13.8629,2.30259,21,0.083874,0,0,0,0,1
CMDP-PostCheck,28.034,47,161,PostCheck,0,0,0.023276,13.5576,2.30259,21,0.131462,0,0,0,0,1
CMDP-PostCheck,28.0675,21,104,PostCheck,1,1,0.00195065,0.387766,2.30259,3,0.107764,0,0,0,0,0.980852
CMDP-PostCheck,28.07,190,374,PostCheck,0,0,0.023419,13.8629,2.30259,21,0.263015,0,0,0,0,1
CMDP-PostCheck,28.0721,147,3,PostCheck,0,0,0.0232519,13.8629,2.30259,21,0.112759,0,0,0,0,1
CMDP-PostCheck,28.0863,121,177,PostCheck,0,0,0.0747492,13.8629,2.30259,21,0.177102,0,0,0,0,1.03354
CMDP-PostCheck,28.094,202,154,PostCheck,0,0,0.017794,10.3972,2.30259,16,0.159019,0,0,0,0,1
CMDP-PostCheck,28.099,197,350,PostCheck,0,0,0.0236803,13.8629,2.30259,21,0.223368,0,0,0,0,1
CMDP-PostCheck,28.1044,179,187,PostCheck,0,0,0.0232585,13.8629,2.30259,21,0.172931,0,0,0,0,1
CMDP-PostCheck,28.1274,50,359,PostCheck,0,0,0.0620115,13.5576,2.30259,21,0.132142,0,0,0,0,1
CMDP-PostCheck,28.138,41,277,PostCheck,0,0,0.0237053,13.5576,2.30259,21,0.205838,0,0,0,0,1
CMDP-PostCheck,28.1454,65,295,PostCheck,0,0,0.0232528,13.8629,2.30259,21,0.207024,0,0,0,0,1
CMDP-PostCheck,28.1492,204,279,PostCheck,0,0,0.0232466,13.8629,2.30259,21,0.257605,0,0,0,0,1
CMDP-PostCheck,28.1561,210,242,PostCheck,0,0,0.0232508,13.8629,2.30259,21,0.233203,0,0,0,0,1
CMDP-PostCheck,28.1563,17,5,PostCheck,0,0,0.0523513,12.336,2.30259,21,0.128316,0,0,0,0,1
CMDP-PostCheck,28.1591,96,301,PostCheck,0,0,0.0236795,13.8629,2.30259,21,0.113588,0,0,0,0,1
CMDP-PostCheck,28.1989,177,129,PostCheck,0,0,0.0236803,13.8629,2.30259,21,0.229727,0,0,0,0,1
CMDP-PostCheck,28.2023,187,23,PostCheck,0,0,0.0236844,13.8629,2.30259,21,0.202364,0,0,0,0,1
CMDP-PostCheck,28.2029,13,152,PostCheck,0,0,0.0525874,13.2522,2.30259,21,0.130415,0,0,0,0,1
CMDP-PostCheck,28.2137,125,104,PostCheck,0,0,0.0236853,13.8629,2.30259,21,0.239909,0,0,0,0,1.03354
CMDP-PostCheck,28.2191,25,332,PostCheck,0,0,0.0587281,12.6414,2.30259,21,0.413087,0,0,0,0,0.996242
CMDP-PostCheck,28.2377,51,84,PostCheck,0,0,0.010669,6.23832,2.30259,10,0.027183,0,0,0,0,1
CMDP-PostCheck,28.2437,127,142,PostCheck,0,0,0.0237376,13.8629,2.30259,21,0.184894,0,0,0,0,1.00235
CMDP-PostCheck,28.2721,164,43,PostCheck,0,0,0.0232447,13.8629,2.30259,21,0.189626,0,0,0,0,1
CMDP-PostCheck,28.2728,163,100,PostCheck,0,0,0.0236821,13.8629,2.30259,21,0.132739,0,0,0,0,1
CMDP-PostCheck,28.2857,167,111,PostCheck,0,0,0.0232525,13.8629,2.30259,21,0.181295,0,0,0,0,1
CMDP-PostCheck,28.2956,120,159,PostCheck,0,0,0.0434134,4.85203,2.30259,8,0.055619,0,0,0,0,1
CMDP-PostCheck,28.2961,117,239,PostCheck,0,0,0.0236897,13.8629,2.30259,21,0.171119,0,0,0,0,1
CMDP-PostCheck,28.317,103,279,PostCheck,0,0,0.0232466,13.8629,2.30259,21,0.191561,0,0,0,0,1
CMDP-PostCheck,28.3208,78,154,PostCheck,0,0,0.0177941,10.3972,2.30259,16,0.161396,0,0,0,0,1.00928
CMDP-PostCheck,28.3329,124,206,PostCheck,0,0,0.0236791,13.8629,2.30259,21,0.309943,0,0,0,0,1
CMDP-PostCheck,28.3341,37,7,PostCheck,0,0,0.0237358,13.5576,2.30259,21,0.209464,0,0,0,0,1.01122
CMDP-PostCheck,28.3507,175,296,PostCheck,0,0,0.0237285,13.8629,2.30259,21,0.110014,0,0,0,0,1
CMDP-PostCheck,28.3556,154,203,PostCheck,0,0,0.00357171,2.07944,2.30259,4,0.029113,0,0,0,0,1
CMDP-PostCheck,28.3621,118,217,PostCheck,0,0,0.0232528,13.8629,2.30259,21,0.216389,0,0,0,0,1
CMDP-PostCheck,28.3815,192,140,PostCheck,1,0,0.0185409,10.3972,2.30259,17,0.240736,0,0,0,0,1.04047
CMDP-PostCheck,28.3827,18,78,PostCheck,0,0,0.0567044,13.098,2.30259,21,0.176145,0,0,0,0,1
CMDP-PostCheck,28.3838,71,246,PostCheck,0,0,0.0237309,13.8629,2.30259,21,0.170601,0,0,0,0,1
CMDP-PostCheck,28.3883,213,100,PostCheck,0,0,0.023683,13.8629,2.30259,21,0.204373,0,0,0,0,1
CMDP-PostCheck,28.3899,15,257,PostCheck,0,0,0.0237036,12.9468,2.30259,21,0.104343,0,0,0,0,1
CMDP-PostCheck,28.396,108,100,PostCheck,0,0,0.0236818,13.8629,2.30259,21,0.125828,0,0,0,0,1
CMDP-PostCheck,28.397,194,372,PostCheck,1,1,0.00196805,0.693147,2.30259,3,0.190479,0,0,0,0,0.991953
CMDP-PostCheck,28.4272,63,96,PostCheck,0,0,0.0237095,13.8629,2.30259,21,0.125026,0,0,0,0,1.03354
CMDP-PostCheck,28.4292,57,315,PostCheck,0,0,0.023716,13.8629,2.30259,21,0.062499,0,0,0,0,1
CMDP-PostCheck,28.4323,74,295,PostCheck,0,0,0.0232527,13.8629,2.30259,21,0.230377,0,0,0,0,1
CMDP-PostCheck,28.4464,99,154,PostCheck,0,0,0.0225294,13.1698,2.30259,20,0.11529,0,0,0,0,1
CMDP-PostCheck,28.4607,156,112,PostCheck,0,0,0.0232493,13.8629,2.30259,21,0.157239,0,0,0,0,1
CMDP-PostCheck,28.4666,4,2,PostCheck,0,0,0.0237654,12.6414,2.30259,21,0.277817,0,0,0,0,1
CMDP-PostCheck,28.4706,27,173,PostCheck,0,0,0.0579859,12.336,2.30259,21,0.209469,0,0,0,0,1.04488
CMDP-PostCheck,28.4725,42,341,PostCheck,0,0,0.0529169,12.6414,2.30259,21,0.14973,0,0,0,0,1
CMDP-PostCheck,28.478,144,123,PostCheck,0,0,0.0236827,13.8629,2.30259,21,0.158948,0,0,0,0,1
CMDP-PostCheck,28.4805,98,312,PostCheck,0,0,0.0236815,13.8629,2.30259,21,0.104713,0,0,0,0,1
CMDP-PostCheck,28.4838,83,94,PostCheck,0,0,0.023246,13.8629,2.30259,21,0.183306,0,0,0,0,1
CMDP-PostCheck,28.4853,73,383,PostCheck,0,0,0.0232437,13.8629,2.30259,21,0.255417,0,0,0,0,1
CMDP-PostCheck,28.5021,135,195,PostCheck,0,0,0.023255,13.8629,2.30259,21,0.226886,0,0,0,0,1
CMDP-PostCheck,28.532,170,241,PostCheck,0,0,0.023686,13.8629,2.30259,21,0.118946,0,0,0,0,1
CMDP-PostCheck,28.5327,186,378,PostCheck,0,0,0.0232469,13.5546,2.30259,21,0.219289,0,0,0,0,1
CMDP-PostCheck,28.5371,58,187,PostCheck,0,0,0.0565362,13.5576,2.30259,21,0.143775,0,0,0,0,0.980852
CMDP-PostCheck,28.5457,90,229,PostCheck,0,0,0.0232854,13.8629,2.30259,21,0.135341,0,0,0,0,1
CMDP-PostCheck,28.5485,221,65,PostCheck,0,0,0.0236897,13.8629,2.30259,21,0.245781,0,0,0,0,1
CMDP-PostCheck,28.5666,146,123,PostCheck,0,0,0.0236828,13.8629,2.30259,21,0.20447,0,0,0,0,1
CMDP-PostCheck,28.5722,1,367,PostCheck,0,0,0.0221969,3.8535,2.30259,7,0.018388,0,0,0,0,1
CMDP-PostCheck,28.6088,212,217,PostCheck,0,0,0.0232529,13.8629,2.30259,21,0.13203,0,0,0,0,1
CMDP-PostCheck,28.6401,54,11,PostCheck,0,0,0.00711664,4.15888,2.30259,7,0.016875,0,0,0,0,1
CMDP-PostCheck,28.7052,28,289,PostCheck,0,0,0.0529539,12.336,2.30259,21,0.282708,0,0,0,0,0.994304
CMDP-PostCheck,28.7187,55,399,PostCheck,0,0,0.0237196,13.8629,2.30259,21,0.084727,0,0,0,0,1
CMDP-PostCheck,28.7273,136,359,PostCheck,0,0,0.0232518,13.8629,2.30259,21,0.216327,0,0,0,0,1
CMDP-PostCheck,28.7286,218,370,PostCheck,0,0,0.0236847,13.8629,2.30259,21,0.223501,0,0,0,0,1
CMDP-PostCheck,28.7319,43,247,PostCheck,0,0,0.0232791,12.6283,2.30259,21,0.186802,0,0,0,0,0.990426
CMDP-PostCheck,28.7373,93,161,PostCheck,0,0,0.023683,13.8629,2.30259,21,0.178717,0,0,0,0,1
CMDP-PostCheck,28.7428,223,142,PostCheck,0,0,0.0237396,13.8629,2.30259,21,0.21716,0,0,0,0,1
CMDP-PostCheck,28.751,29,47,PostCheck,1,1,0.0249564,1.1633,2.30259,5,0.115893,0,0,0,0,0.986668
CMDP-PostCheck,28.7532,155,62,PostCheck,0,0,0.023682,13.8629,2.30259,21,0.137807,0,0,0,0,1
CMDP-PostCheck,28.7716,207,129,PostCheck,0,0,0.0236806,13.8629,2.30259,21,0.211532,0,0,0,0,1
CMDP-PostCheck,28.7944,172,333,PostCheck,0,0,0.023246,13.8629,2.30259,21,0.181364,0,0,0,0,1
CMDP-PostCheck,28.7986,62,78,PostCheck,0,0,0.0236967,13.8629,2.30259,21,0.212381,0,0,0,0,1
CMDP-PostCheck,28.8057,89,21,PostCheck,0,0,0.0233255,13.8629,2.30259,21,0.24529,0,0,0,0,1
CMDP-PostCheck,28.8144,102,295,PostCheck,0,0,0.0232529,13.8629,2.30259,21,0.125034,0,0,0,0,1
CMDP-PostCheck,28.8165,158,100,PostCheck,0,0,0.0236821,13.8629,2.30259,21,0.119058,0,0,0,0,1
CMDP-PostCheck,28.8204,214,154,PostCheck,0,0,0.0201617,11.7835,2.30259,18,0.198449,0,0,0,0,1
CMDP-PostCheck,28.8365,72,49,PostCheck,0,0,0.00831223,4.85203,2.30259,8,0.051593,0,0,0,0,1
CMDP-PostCheck,28.8451,112,251,PostCheck,0,0,0.023246,13.8629,2.30259,21,0.209411,0,0,0,0,1
CMDP-PostCheck,28.8502,7,218,PostCheck,0,0,0.0560924,13.2522,2.30259,21,0.210246,0,0,0,0,1
CMDP-PostCheck,28.8556,150,279,PostCheck,0,0,0.0232467,13.8629,2.30259,21,0.26765,0,0,0,0,1
CMDP-PostCheck,28.8746,176,399,PostCheck,0,0,0.0237052,13.8629,2.30259,21,0.150211,0,0,0,0,1
CMDP-PostCheck,28.8935,2,242,PostCheck,0,0,0.0237466,12.9468,2.30259,21,0.145519,0,0,0,0,1
CMDP-PostCheck,28.8937,149,397,PostCheck,1,1,0.0043319,2.07944,2.30259,5,0.131381,0,0,0,0,0.998884
CMDP-PostCheck,28.901,64,294,PostCheck,0,0,0.023252,13.8629,2.30259,21,0.222398,0,0,0,0,0.983906
CMDP-PostCheck,28.9066,178,24,PostCheck,0,0,0.023699,13.8629,2.30259,21,0.055038,0,0,0,0,1
CMDP-PostCheck,28.9149,184,2,PostCheck,0,0,0.0236797,13.8629,2.30259,21,0.130522,0,0,0,0,1
CMDP-PostCheck,28.9157,111,333,PostCheck,0,0,0.023246,13.8629,2.30259,21,0.163077,0,0,0,0,1
CMDP-PostCheck,28.9325,32,247,PostCheck,0,0,0.0232768,12.6414,2.30259,21,0.322725,0,0,0,0,0.986668
CMDP-PostCheck,28.9339,168,187,PostCheck,0,0,0.0232588,13.8629,2.30259,21,0.142712,0,0,0,0,1
CMDP-PostCheck,28.9444,109,303,PostCheck,0,0,0.0201798,11.7835,2.30259,18,0.06104,0,0,0,0,1
CMDP-PostCheck,28.9502,84,106,PostCheck,0,0,0.0681388,13.8629,2.30259,21,0.162809,0,0,0,0,1
CMDP-PostCheck,28.9684,185,243,PostCheck,0,0,0.0236788,13.8629,2.30259,21,0.152149,0,0,0,0,1
CMDP-PostCheck,28.9769,151,23,PostCheck,1,1,0.00213793,0.693147,2.30259,3,0.11284,0,0,0,0,0.991953
CMDP-PostCheck,28.977,130,298,PostCheck,1,1,0.00238528,0.693147,2.30259,3,0.066812,0,0,0,0,0.991953
CMDP-PostCheck,28.9793,69,197,PostCheck,0,0,0.0236792,13.8629,2.30259,21,0.239218,0,0,0,0,1
CMDP-PostCheck,28.9805,77,22,PostCheck,0,0,0.0236799,13.8629,2.30259,21,0.143437,0,0,0,0,1
CMDP-PostCheck,28.9847,113,117,PostCheck,0,0,0.0236795,13.8629,2.30259,21,0.142813,0,0,0,0,1
CMDP-PostCheck,28.9851,33,103,PostCheck,0,0,0.0597618,12.9468,2.30259,21,0.266379,0,0,0,0,1
CMDP-PostCheck,28.9969,80,24,PostCheck,0,0,0.0236906,13.8629,2.30259,21,0.096166,0,0,0,0,1
CMDP-PostCheck,29.0113,137,84,PostCheck,0,0,0.0130342,7.62462,2.30259,12,0.058963,0,0,0,0,1
CMDP-PostCheck,29.0336,40,402,PostCheck,1,1,0.00451891,1.1633,2.30259,5,0.151954,0,0,0,0,0.984729
CMDP-PostCheck,29.0339,31,166,PostCheck,0,0,0.0237524,12.6414,2.30259,21,0.144569,0,0,0,0,1
CMDP-PostCheck,29.0373,82,333,PostCheck,0,0,0.023246,13.8629,2.30259,21,0.419661,0,0,0,0,1
CMDP-PostCheck,29.0412,46,141,PostCheck,0,0,0.0237089,13.5576,2.30259,21,0.144443,0,0,0,0,1.03895
CMDP-PostCheck,29.0585,106,126,PostCheck,0,0,0.0236782,13.8629,2.30259,21,0.144137,0,0,0,0,1
CMDP-PostCheck,29.08,142,154,PostCheck,0,0,0.0213456,12.4766,2.30259,19,0.195669,0,0,0,0,1
CMDP-PostCheck,29.089,129,240,PostCheck,0,0,0.0236928,13.8629,2.30259,21,0.217368,0,0,0,0,1
CMDP-PostCheck,29.0987,39,401,PostCheck,0,0,0.02368,13.8629,2.30259,21,0.216513,0,0,0,0,1
CMDP-PostCheck,29.1016,16,376,PostCheck,0,0,0.0420656,12.336,2.30259,21,0.228799,0,0,0,0,1
CMDP-PostCheck,29.1078,160,24,PostCheck,0,0,0.0236904,13.8629,2.30259,21,0.05908,0,0,0,0,1
CMDP-PostCheck,29.1082,44,31,PostCheck,0,0,0.0539517,13.2522,2.30259,21,0.182671,0,0,0,0,1
CMDP-PostCheck,29.1086,110,315,PostCheck,0,0,0.0237113,13.8629,2.30259,21,0.077575,0,0,0,0,1
CMDP-PostCheck,29.1114,38,73,PostCheck,0,0,0.0232971,12.336,2.30259,21,0.420753,0,0,0,0,1.00429
CMDP-PostCheck,29.1153,196,116,PostCheck,0,0,0.023695,13.8629,2.30259,21,0.222301,0,0,0,0,1
CMDP-PostCheck,29.1313,191,52,PostCheck,0,0,0.0233985,13.8629,2.30259,21,0.194642,0,0,0,0,1
CMDP-PostCheck,29.1364,181,254,PostCheck,0,0,0.0118771,6.93147,2.30259,11,0.032169,0,0,0,0,1
CMDP-PostCheck,29.1419,8,182,PostCheck,0,0,0.0575994,13.2522,2.30259,21,0.280349,0,0,0,0,1
CMDP-PostCheck,29.1419,23,379,PostCheck,0,0,0.0496943,13.5576,2.30259,21,0.143007,0,0,0,0,1.02702
CMDP-PostCheck,29.1491,3,168,PostCheck,0,0,0.0396281,13.2522,2.30259,21,0.142436,0,0,0,0,1.03795
CMDP-PostCheck,29.1563,131,312,PostCheck,0,0,0.0236898,13.8629,2.30259,21,0.203558,0,0,0,0,1
CMDP-PostCheck,29.1675,11,26,PostCheck,0,0,0.00712393,4.15888,2.30259,7,0.082039,0,0,0,0,1
CMDP-PostCheck,29.1707,86,333,PostCheck,0,0,0.023246,13.8629,2.30259,21,0.194657,0,0,0,0,1
CMDP-PostCheck,29.1725,139,100,PostCheck,0,0,0.0236834,13.8629,2.30259,21,0.207799,0,0,0,0,1
CMDP-PostCheck,29.1863,216,268,PostCheck,0,0,0.0232519,13.8629,2.30259,21,0.269161,0,0,0,0,1
CMDP-PostCheck,29.1892,100,99,PostCheck,0,0,0.023689,13.8629,2.30259,21,0.156077,0,0,0,0,1
CMDP-PostCheck,29.2007,59,2,PostCheck,0,0,0.0236806,13.8629,2.30259,21,0.144843,0,0,0,0,1
CMDP-PostCheck,29.2229,22,61,PostCheck,0,0,0.0237105,13.2522,2.30259,21,0.114456,0,0,0,0,1
CMDP-PostCheck,29.2519,180,254,PostCheck,0,0,0.017803,10.3972,2.30259,16,0.04742,0,0,0,0,1.04394
CMDP-PostCheck,29.2531,227,278,PostCheck,0,0,0.0640908,0.693147,2.30259,2,0.008429,0,0,0,0,1
CMDP-PostCheck,29.2572,193,150,PostCheck,0,0,0.0232519,13.8629,2.30259,21,0.202534,0,0,0,0,1.00582
CMDP-PostCheck,29.2613,195,359,PostCheck,0,0,0.0232518,13.8629,2.30259,21,0.190973,0,0,0,0,1
CMDP-PostCheck,29.2705,162,41,PostCheck,0,0,0.0236804,13.8629,2.30259,21,0.138984,0,0,0,0,1
CMDP-PostCheck,29.2839,199,5,PostCheck,0,0,0.0236785,13.8629,2.30259,21,0.299671,0,0,0,0,1
CMDP-PostCheck,29.2845,24,314,PostCheck,0,0,0.0571583,13.5576,2.30259,21,0.160846,0,0,0,0,1
CMDP-PostCheck,29.2963,79,199,PostCheck,0,0,0.0236802,13.8629,2.30259,21,0.277229,0,0,0,0,1
CMDP-PostCheck,29.3005,133,171,PostCheck,0,0,0.0811789,13.4005,2.30259,21,0.327646,0,0,0,0,1.00582
CMDP-PostCheck,29.3009,35,264,PostCheck,0,0,0.0237389,12.9468,2.30259,21,0.176737,0,0,0,0,1.04752
CMDP-PostCheck,29.3057,60,216,PostCheck,0,0,0.0236796,13.8629,2.30259,21,0.212557,0,0,0,0,1
CMDP-PostCheck,29.3093,215,84,PostCheck,0,0,0.013039,7.62462,2.30259,12,0.046046,0,0,0,0,1
CMDP-PostCheck,29.326,138,32,PostCheck,0,0,0.023246,13.8629,2.30259,21,0.347852,0,0,0,0,1.05434
CMDP-PostCheck,29.3331,5,281,PostCheck,0,0,0.0602885,13.2522,2.30259,21,0.195587,0,0,0,0,0.990426
CMDP-PostCheck,29.3422,217,65,PostCheck,0,0,0.0236818,13.8629,2.30259,21,0.199986,0,0,0,0,1
CMDP-PostCheck,29.3427,94,42,PostCheck,0,0,0.0236783,13.8629,2.30259,21,0.281502,0,0,0,0,1
CMDP-PostCheck,29.3511,107,6,PostCheck,0,0,0.0232521,13.8629,2.30259,21,0.150158,0,0,0,0,1
CMDP-PostCheck,29.3535,6,168,PostCheck,0,0,0.0381789,13.2522,2.30259,21,0.2864,0,0,0,0,1.00206
CMDP-PostCheck,29.3641,87,283,PostCheck,0,0,0.0236807,13.8629,2.30259,21,0.301432,0,0,0,0,1
CMDP-PostCheck,29.3826,159,120,PostCheck,0,0,0.0516977,4.85203,2.30259,8,0.054363,0,0,0,0,1
CMDP-PostCheck,29.3959,225,217,PostCheck,0,0,0.0237072,13.8629,2.30259,21,0.165991,0,0,0,0,1
CMDP-PostCheck,29.4078,52,183,PostCheck,0,0,0.0237142,13.5576,2.30259,21,0.249702,0,0,0,0,1.04934
CMDP-PostCheck,29.4146,49,123,PostCheck,0,0,0.0237345,13.8629,2.30259,21,0.076126,0,0,0,0,1
CMDP-PostCheck,29.4175,88,6,PostCheck,0,0,0.0232521,13.8629,2.30259,21,0.134613,0,0,0,0,0.994303
CMDP-PostCheck,29.4227,140,329,PostCheck,0,0,0.0232852,13.8629,2.30259,21,0.212777,0,0,0,0,1
CMDP-PostCheck,29.4294,61,149,PostCheck,0,0,0.0237471,13.5576,2.30259,21,0.159842,0,0,0,0,1
CMDP-PostCheck,29.4433,122,52,PostCheck,0,0,0.0233984,13.8629,2.30259,21,0.201442,0,0,0,0,1
CMDP-PostCheck,29.4579,201,261,PostCheck,0,0,0.0232518,13.8629,2.30259,21,0.291025,0,0,0,0,1
CMDP-PostCheck,29.4598,66,332,PostCheck,0,0,0.0236807,13.8629,2.30259,21,0.12474,0,0,0,0,0.991953
CMDP-PostCheck,29.4619,128,283,PostCheck,0,0,0.02368,13.8629,2.30259,21,0.193945,0,0,0,0,1
CMDP-PostCheck,29.4654,222,310,PostCheck,0,0,0.0236807,13.8629,2.30259,21,0.368822,0,0,0,0,1
CMDP-PostCheck,29.4782,70,267,PostCheck,0,0,0.0236786,13.8629,2.30259,21,0.257004,0,0,0,0,1
CMDP-PostCheck,29.5062,48,32,PostCheck,0,0,0.0232461,13.8629,2.30259,21,0.159587,0,0,0,0,1
CMDP-PostCheck,29.5096,115,32,PostCheck,0,0,0.0232461,13.8629,2.30259,21,0.222309,0,0,0,0,1
CMDP-PostCheck,29.5183,200,302,PostCheck,0,0,0.0236846,13.8629,2.30259,21,0.141814,0,0,0,0,1
CMDP-PostCheck,29.5229,10,264,PostCheck,0,0,0.0593493,12.336,2.30259,21,0.201799,0,0,0,0,1
CMDP-PostCheck,29.5242,76,32,PostCheck,0,0,0.0232461,13.8629,2.30259,21,0.299274,0,0,0,0,1
CMDP-PostCheck,29.5346,132,24,PostCheck,0,0,0.023698,13.8629,2.30259,21,0.173498,0,0,0,0,1.0474
CMDP-PostCheck,29.5406,0,33,PostCheck,0,0,0.0544201,12.9468,2.30259,21,0.169649,0,0,0,0,1
CMDP-PostCheck,29.5427,208,408,PostCheck,0,0,0.0130681,7.62462,2.30259,12,0.113377,0,0,0,0,1
CMDP-PostCheck,29.5449,141,103,PostCheck,0,0,0.0232465,13.8629,2.30259,21,0.264941,0,0,0,0,1
CMDP-PostCheck,29.5609,75,69,PostCheck,0,0,0.0236789,13.8629,2.30259,21,0.20325,0,0,0,0,1
CMDP-PostCheck,29.5615,123,199,PostCheck,0,0,0.0236867,13.8629,2.30259,21,0.188508,0,0,0,0,1
CMDP-PostCheck,29.5643,182,141,PostCheck,0,0,0.0232464,13.8629,2.30259,21,0.18328,0,0,0,0,1
CMDP-PostCheck,29.5693,119,32,PostCheck,0,0,0.0232461,13.8629,2.30259,21,0.19066,0,0,0,0,1
CMDP-PostCheck,29.5758,85,84,PostCheck,0,0,0.0118513,6.93147,2.30259,11,0.093559,0,0,0,0,0.991953
CMDP-PostCheck,29.5945,209,114,PostCheck,0,0,0.00356258,2.07944,2.30259,4,0.033005,0,0,0,0,1
CMDP-PostCheck,29.5968,114,148,PostCheck,0,0,0.00357178,2.07944,2.30259,4,0.014704,0,0,0,0,1
CMDP-PostCheck,29.5985,91,6,PostCheck,0,0,0.0232521,13.8629,2.30259,21,0.226745,0,0,0,0,1
CMDP-PostCheck,29.6158,148,114,PostCheck,0,0,0.00356416,2.07944,2.30259,4,0.022321,0,0,0,0,1
CMDP-PostCheck,29.6249,205,236,PostCheck,1,1,0.00315542,1.38629,2.30259,4,0.140311,0,0,0,0,0.995419
CMDP-PostCheck,29.6339,230,32,PostCheck,0,0,0.0232461,13.8629,2.30259,21,0.271492,0,0,0,0,1
CMDP-PostCheck,29.6439,53,199,PostCheck,0,0,0.024344,13.4005,2.30259,21,0.151038,0,0,0,0,0.990066
CMDP-PostCheck,29.656,220,295,PostCheck,0,0,0.0236789,13.8629,2.30259,21,0.231723,0,0,0,0,1
CMDP-PostCheck,29.6707,134,254,PostCheck,0,0,0.00238292,1.38629,2.30259,3,0.034423,0,0,0,0,1
CMDP-PostCheck,29.6798,231,355,PostCheck,0,0,0.00830836,4.85203,2.30259,8,0.059452,0,0,0,0,1
CMDP-PostCheck,29.6819,189,11,PostCheck,0,0,0.0521124,4.15888,2.30259,7,0.017306,0,0,0,0,1
CMDP-PostCheck,29.6823,116,128,PostCheck,0,0,0.0236816,13.8629,2.30259,21,0.137914,0,0,0,0,1
CMDP-PostCheck,29.7044,92,408,PostCheck,0,0,0.0118744,6.93147,2.30259,11,0.041735,0,0,0,0,1.05178
CMDP-PostCheck,29.7193,68,303,PostCheck,0,0,0.0118643,6.93147,2.30259,11,0.031646,0,0,0,0,1
CMDP-PostCheck,29.7246,188,381,PostCheck,0,0,0.0232839,13.8629,2.30259,21,0.135189,0,0,0,0,1
CMDP-PostCheck,29.7376,228,5,PostCheck,0,0,0.0236784,13.8629,2.30259,21,0.223861,0,0,0,0,1
CMDP-PostCheck,29.7517,211,200,PostCheck,0,0,0.0728384,13.8629,2.30259,21,0.142833,0,0,0,0,1
CMDP-PostCheck,29.7539,105,32,PostCheck,0,0,0.0232475,13.8629,2.30259,21,0.202679,0,0,0,0,1
CMDP-PostCheck,29.7598,26,11,PostCheck,0,0,0.00712399,4.15888,2.30259,7,0.021835,0,0,0,0,1
CMDP-PostCheck,29.7944,171,32,PostCheck,0,0,0.0232475,13.8629,2.30259,21,0.3081,0,0,0,0,1
CMDP-PostCheck,29.8125,12,52,PostCheck,0,0,0.0547526,13.5546,2.30259,21,0.407021,0,0,0,0,0.982364
CMDP-PostCheck,29.815,30,370,PostCheck,0,0,0.0555754,13.5576,2.30259,21,0.128626,0,0,0,0,1
CMDP-PostCheck,29.8168,56,93,PostCheck,0,0,0.0236844,13.8629,2.30259,21,0.210199,0,0,0,0,1
CMDP-PostCheck,29.8188,161,16,PostCheck,0,0,0.0236868,13.8629,2.30259,21,0.243935,0,0,0,0,1
CMDP-PostCheck,29.8196,157,321,PostCheck,0,0,0.0237614,13.8629,2.30259,21,0.21205,0,0,0,0,1
CMDP-PostCheck,29.8454,173,359,PostCheck,0,0,0.0232518,13.8629,2.30259,21,0.373673,0,0,0,0,1
CMDP-PostCheck,29.8498,153,401,PostCheck,0,0,0.0236889,13.8629,2.30259,21,0.17558,0,0,0,0,1.02661
CMDP-PostCheck,29.8686,143,11,PostCheck,0,0,0.0409758,4.15888,2.30259,7,0.05276,0,0,0,0,1
CMDP-PostCheck,29.8722,174,103,PostCheck,0,0,0.0236782,13.8629,2.30259,21,0.206891,0,0,0,0,1
CMDP-PostCheck,29.8819,219,261,PostCheck,0,0,0.0232518,13.8629,2.30259,21,0.283389,0,0,0,0,1
CMDP-PostCheck,29.8892,9,41,PostCheck,0,0,0.0442828,13.2522,2.30259,21,0.207811,0,0,0,0,1
CMDP-PostCheck,29.8921,14,257,PostCheck,0,0,0.0237413,12.9468,2.30259,21,0.205702,0,0,0,0,1.0255
CMDP-PostCheck,29.8956,198,162,PostCheck,0,0,0.0236782,13.8629,2.30259,21,0.151037,0,0,0,0,1
CMDP-PostCheck,29.8958,169,315,PostCheck,0,0,0.0189586,11.0904,2.30259,17,0.183353,0,0,0,0,1
CMDP-PostCheck,29.909,45,159,PostCheck,0,0,0.00832864,4.85203,2.30259,8,0.072623,0,0,0,0,1
CMDP-PostCheck,29.9189,104,407,PostCheck,0,0,0.0232967,13.2463,2.30259,21,0.331299,0,0,0,0,0.991182
CMDP-PostCheck,29.9237,152,168,PostCheck,1,0,0.0106821,5.54518,2.30259,10,0.151899,0,0,0,0,1.01621
CMDP-PostCheck,29.9332,95,52,PostCheck,0,0,0.0233984,13.8629,2.30259,21,0.308119,0,0,0,0,1
CMDP-PostCheck,29.9465,81,141,PostCheck,0,0,0.0232464,13.8629,2.30259,21,0.391808,0,0,0,0,1.04047
CMDP-PostCheck,29.9604,67,294,PostCheck,0,0,0.023252,13.8629,2.30259,21,0.148424,0,0,0,0,1.04394
CMDP-PostCheck,29.9627,97,7,PostCheck,0,0,0.0237096,13.8629,2.30259,21,0.219015,0,0,0,0,0.998884
CMDP-PostCheck,29.9648,165,100,PostCheck,0,0,0.023682,13.8629,2.30259,21,0.219192,0,0,0,0,0.991953
CMDP-PostCheck,29.9756,126,152,PostCheck,0,0,0.0236782,13.8629,2.30259,21,0.167966,0,0,0,0,1
CMDP-PostCheck,29.9791,206,144,PostCheck,0,0,0.0236794,13.8629,2.30259,21,0.178051,0,0,0,0,1
CMDP-PostCheck,29.9863,101,257,PostCheck,0,0,0.0236848,13.8629,2.30259,21,0.209085,0,0,0,0,1
CMDP-PostCheck,29.989,34,309,PostCheck,0,0,0.0243714,12.6283,2.30259,21,0.275484,0,0,0,0,0.991304
CMDP-PostCheck,29.995,166,199,PostCheck,0,0,0.0236833,13.8629,2.30259,21,0.257882,0,0,0,0,1
CMDP-PostCheck,29.9998,36,84,PostCheck,0,0,0.0208189,6.93147,2.30259,11,0.106369,0,0,0,0,1
CMDP-PostCheck,30.0157,20,360,PostCheck,1,0,0.0174191,7.87177,2.30259,16,0.148146,0,0,0,0,1.02021
CMDP-PostCheck,30.0171,19,341,PostCheck,0,0,0.0486811,12.336,2.30259,21,0.165865,0,0,0,0,1.00511
CMDP-PostCheck,30.0175,203,29,PostCheck,0,0,0.0237938,13.8629,2.30259,21,0.053002,0,0,0,0,1
CMDP-PostCheck,30.0263,183,261,PostCheck,0,0,0.0232518,13.8629,2.30259,21,0.124939,0,0,0,0,1
CMDP-PostCheck,30.0309,145,106,PostCheck,0,0,0.077979,13.8629,2.30259,21,0.090614,0,0,0,0,1
CMDP-PostCheck,30.034,47,161,PostCheck,0,0,0.0232759,13.5576,2.30259,21,0.248211,0,0,0,0,1
CMDP-PostCheck,30.052,232,25,PostCheck,0,0,0.0233977,13.7088,2.30259,21,0.29993,0,0,0,0,1
CMDP-PostCheck,30.0675,21,255,PostCheck,1,1,0.00197519,0.387766,2.30259,3,0.056815,0,0,0,0,0.971278
CMDP-PostCheck,30.07,190,52,PostCheck,0,0,0.0233984,13.8629,2.30259,21,0.180423,0,0,0,0,1
CMDP-PostCheck,30.0721,147,6,PostCheck,0,0,0.0232521,13.8629,2.30259,21,0.263929,0,0,0,0,1
CMDP-PostCheck,30.0863,121,106,PostCheck,0,0,0.0747665,13.8629,2.30259,21,0.096214,0,0,0,0,1.03354
CMDP-PostCheck,30.094,202,100,PostCheck,0,0,0.023682,13.8629,2.30259,21,0.141504,0,0,0,0,1
CMDP-PostCheck,30.099,197,75,PostCheck,0,0,0.0236788,13.8629,2.30259,21,0.122798,0,0,0,0,1
CMDP-PostCheck,30.1044,179,416,PostCheck,0,0,0.0232518,13.8629,2.30259,21,0.149458,0,0,0,0,1
CMDP-PostCheck,30.121,239,401,PostCheck,0,0,0.0236941,13.8629,2.30259,21,0.179989,0,0,0,0,1
CMDP-PostCheck,30.1274,50,305,PostCheck,0,0,0.0622736,13.5576,2.30259,21,0.278862,0,0,0,0,1
CMDP-PostCheck,30.138,41,371,PostCheck,0,0,0.023719,13.8629,2.30259,21,0.160389,0,0,0,0,1
CMDP-PostCheck,30.1389,224,280,PostCheck,0,0,0.0237499,13.8629,2.30259,21,0.184113,0,0,0,0,1
CMDP-PostCheck,30.1431,237,355,PostCheck,0,0,0.0083064,4.85203,2.30259,8,0.059514,0,0,0,0,1
CMDP-PostCheck,30.1454,65,294,PostCheck,0,0,0.023252,13.8629,2.30259,21,0.203163,0,0,0,0,1
CMDP-PostCheck,30.1492,204,141,PostCheck,0,0,0.0232464,13.8629,2.30259,21,0.133174,0,0,0,0,1
CMDP-PostCheck,30.1561,210,103,PostCheck,0,0,0.0232465,13.8629,2.30259,21,0.153531,0,0,0,0,1
CMDP-PostCheck,30.1563,17,266,PostCheck,0,0,0.052398,12.336,2.30259,21,0.265225,0,0,0,0,1
CMDP-PostCheck,30.1591,96,162,PostCheck,0,0,0.0236787,13.8629,2.30259,21,0.201499,0,0,0,0,1
CMDP-PostCheck,30.197,226,350,PostCheck,0,0,0.0236792,13.8629,2.30259,21,0.235189,0,0,0,0,1
CMDP-PostCheck,30.1989,177,267,PostCheck,0,0,0.0236785,13.8629,2.30259,21,0.157377,0,0,0,0,1
CMDP-PostCheck,30.2023,187,58,PostCheck,0,0,0.023684,13.8629,2.30259,21,0.132415,0,0,0,0,1
CMDP-PostCheck,30.2029,13,350,PostCheck,0,0,0.0531879,13.2522,2.30259,21,0.223043,0,0,0,0,1
CMDP-PostCheck,30.2137,125,74,PostCheck,0,0,0.0236881,13.8629,2.30259,21,0.105609,0,0,0,0,1.03354
CMDP-PostCheck,30.2191,25,373,PostCheck,1,1,0.0409851,1.55106,2.30259,6,0.102056,0,0,0,0,0.992485
CMDP-PostCheck,30.2377,51,84,PostCheck,0,0,0.0118577,6.93147,2.30259,11,0.073081,0,0,0,0,1
CMDP-PostCheck,30.2437,127,202,PostCheck,0,0,0.0237445,13.8629,2.30259,21,0.165109,0,0,0,0,1.00235
CMDP-PostCheck,30.2721,164,52,PostCheck,0,0,0.0233984,13.8629,2.30259,21,0.280414,0,0,0,0,1
CMDP-PostCheck,30.2728,163,62,PostCheck,0,0,0.0236826,13.8629,2.30259,21,0.246546,0,0,0,0,1
CMDP-PostCheck,30.2857,167,52,PostCheck,0,0,0.0233984,13.8629,2.30259,21,0.266494,0,0,0,0,1
CMDP-PostCheck,30.2956,120,159,PostCheck,0,0,0.00832588,4.85203,2.30259,8,0.021831,0,0,0,0,1
CMDP-PostCheck,30.2961,117,239,PostCheck,0,0,0.023692,13.8629,2.30259,21,0.099012,0,0,0,0,1
CMDP-PostCheck,30.3125,234,52,PostCheck,0,0,0.0233984,13.8629,2.30259,21,0.282821,0,0,0,0,1
CMDP-PostCheck,30.317,103,141,PostCheck,0,0,0.0232464,13.8629,2.30259,21,0.260031,0,0,0,0,1
CMDP-PostCheck,30.3208,78,157,PostCheck,0,0,0.0236788,13.8629,2.30259,21,0.124025,0,0,0,0,1.00928
CMDP-PostCheck,30.3329,124,289,PostCheck,0,0,0.0236788,13.8629,2.30259,21,0.159687,0,0,0,0,1
CMDP-PostCheck,30.3341,37,77,PostCheck,0,0,0.0237298,13.5576,2.30259,21,0.146572,0,0,0,0,1.01122
CMDP-PostCheck,30.3507,175,226,PostCheck,0,0,0.0237218,13.8629,2.30259,21,0.16504,0,0,0,0,1
CMDP-PostCheck,30.3556,154,203,PostCheck,0,0,0.00357731,2.07944,2.30259,4,0.052689,0,0,0,0,1
CMDP-PostCheck,30.3565,242,141,PostCheck,0,0,0.0232464,13.8629,2.30259,21,0.254799,0,0,0,0,1
CMDP-PostCheck,30.3621,118,327,PostCheck,1,0,0.0197325,11.0904,2.30259,18,0.169247,0,0,0,0,1.04394
CMDP-PostCheck,30.3643,244,128,PostCheck,0,0,0.0236801,13.8629,2.30259,21,0.237665,0,0,0,0,1
CMDP-PostCheck,30.3815,192,141,PostCheck,0,0,0.0232464,13.8629,2.30259,21,0.165372,0,0,0,0,1.04047
CMDP-PostCheck,30.3827,18,358,PostCheck,0,0,0.0559811,12.1819,2.30259,21,0.213062,0,0,0,0,1
CMDP-PostCheck,30.3838,71,53,PostCheck,1,0,0.0071489,3.46574,2.30259,7,0.025509,0,0,0,0,1.00582
CMDP-PostCheck,30.3883,213,59,PostCheck,0,0,0.0236792,13.8629,2.30259,21,0.128488,0,0,0,0,1
CMDP-PostCheck,30.3899,15,267,PostCheck,0,0,0.0237296,12.9468,2.30259,21,0.230067,0,0,0,0,1
CMDP-PostCheck,30.396,108,389,PostCheck,0,0,0.0237046,13.8629,2.30259,21,0.356408,0,0,0,0,1
CMDP-PostCheck,30.397,194,42,PostCheck,0,0,0.023246,13.8629,2.30259,21,0.212354,0,0,0,0,0.991953
CMDP-PostCheck,30.4272,63,84,PostCheck,0,0,0.0118542,6.93147,2.30259,11,0.040383,0,0,0,0,1.03354
CMDP-PostCheck,30.4292,57,401,PostCheck,0,0,0.0237075,13.8629,2.30259,21,0.107446,0,0,0,0,1
CMDP-PostCheck,30.4323,74,102,PostCheck,1,1,0.00194968,0.693147,2.30259,3,0.044097,0,0,0,0,0.991953
CMDP-PostCheck,30.4464,99,59,PostCheck,0,0,0.0236791,13.8629,2.30259,21,0.213518,0,0,0,0,1
CMDP-PostCheck,30.4607,156,42,PostCheck,0,0,0.0232475,13.8629,2.30259,21,0.30993,0,0,0,0,1
CMDP-PostCheck,30.4666,4,405,PostCheck,0,0,0.0237493,12.9468,2.30259,21,0.194002,0,0,0,0,1
CMDP-PostCheck,30.4677,249,141,PostCheck,0,0,0.0232464,13.8629,2.30259,21,0.280474,0,0,0,0,1
CMDP-PostCheck,30.4706,27,20,PostCheck,0,0,0.0237562,12.6414,2.30259,21,0.258352,0,0,0,0,1.04488
CMDP-PostCheck,30.4725,42,173,PostCheck,0,0,0.0529519,12.336,2.30259,21,0.341751,0,0,0,0,1
CMDP-PostCheck,30.478,144,8,PostCheck,0,0,0.0236783,13.8629,2.30259,21,0.334107,0,0,0,0,1
CMDP-PostCheck,30.4805,98,417,PostCheck,0,0,0.0236813,13.8629,2.30259,21,0.210384,0,0,0,0,1
CMDP-PostCheck,30.4838,83,21,PostCheck,0,0,0.0232475,13.8629,2.30259,21,0.303371,0,0,0,0,1
CMDP-PostCheck,30.4853,73,21,PostCheck,0,0,0.0232475,13.8629,2.30259,21,0.174244,0,0,0,0,1
CMDP-PostCheck,30.5021,135,299,PostCheck,1,0,0.0185838,10.3972,2.30259,17,0.113084,0,0,0,0,1.04047
CMDP-PostCheck,30.532,170,65,PostCheck,0,0,0.0236869,13.8629,2.30259,21,0.163483,0,0,0,0,1
CMDP-PostCheck,30.5327,186,43,PostCheck,1,1,0.00194855,0.538997,2.30259,3,0.034377,0,0,0,0,0.991182
CMDP-PostCheck,30.5371,58,195,PostCheck,0,0,0.0601586,13.5576,2.30259,21,0.376091,0,0,0,0,0.980852
CMDP-PostCheck,30.5457,90,229,PostCheck,0,0,0.023284,13.8629,2.30259,21,0.226579,0,0,0,0,1
CMDP-PostCheck,30.5485,221,38,PostCheck,0,0,0.0236888,13.8629,2.30259,21,0.110173,0,0,0,0,1
CMDP-PostCheck,30.5666,146,8,PostCheck,0,0,0.0236783,13.8629,2.30259,21,0.276682,0,0,0,0,1
CMDP-PostCheck,30.5722,1,376,PostCheck,1,0,0.0365001,8.78792,2.30259,16,0.152276,0,0,0,0,1.03243
CMDP-PostCheck,30.6046,229,141,PostCheck,0,0,0.0232464,13.8629,2.30259,21,0.174341,0,0,0,0,1
CMDP-PostCheck,30.6088,212,32,PostCheck,0,0,0.023292,13.8629,2.30259,21,0.200375,0,0,0,0,1
CMDP-PostCheck,30.6263,233,32,PostCheck,0,0,0.023292,13.8629,2.30259,21,0.353159,0,0,0,0,1
CMDP-PostCheck,30.6401,54,11,PostCheck,0,0,0.00712628,4.15888,2.30259,7,0.08035,0,0,0,0,1
CMDP-PostCheck,30.6767,245,35,PostCheck,0,0,0.0236821,13.8629,2.30259,21,0.196172,0,0,0,0,1
CMDP-PostCheck,30.7052,28,303,PostCheck,0,0,0.0529714,12.336,2.30259,21,0.092449,0,0,0,0,0.994304
CMDP-PostCheck,30.7187,55,277,PostCheck,0,0,0.0236964,13.8629,2.30259,21,0.195587,0,0,0,0,1
CMDP-PostCheck,30.7273,136,359,PostCheck,0,0,0.0232519,13.8629,2.30259,21,0.154526,0,0,0,0,1
CMDP-PostCheck,30.7286,218,152,PostCheck,0,0,0.0236781,13.8629,2.30259,21,0.123191,0,0,0,0,1
CMDP-PostCheck,30.7319,43,202,PostCheck,0,0,0.0240358,11.558,2.30259,21,0.273236,0,0,0,0,0.990426
CMDP-PostCheck,30.7373,93,123,PostCheck,0,0,0.0236785,13.8629,2.30259,21,0.492054,0,0,0,0,1
CMDP-PostCheck,30.7428,223,76,PostCheck,1,0,0.00955287,4.85203,2.30259,9,0.052833,0,0,0,0,1.01275
CMDP-PostCheck,30.751,29,47,PostCheck,0,0,0.0439097,12.336,2.30259,21,0.152548,0,0,0,0,0.986668
CMDP-PostCheck,30.7532,155,35,PostCheck,0,0,0.0236822,13.8629,2.30259,21,0.298591,0,0,0,0,1
CMDP-PostCheck,30.7716,207,152,PostCheck,0,0,0.0236781,13.8629,2.30259,21,0.145083,0,0,0,0,1
CMDP-PostCheck,30.7944,172,42,PostCheck,0,0,0.0232413,13.8629,2.30259,21,0.317346,0,0,0,0,1
CMDP-PostCheck,30.7986,62,409,PostCheck,0,0,0.0232751,13.5576,2.30259,21,0.186532,0,0,0,0,1
CMDP-PostCheck,30.8057,89,191,PostCheck,0,0,0.0233978,13.8629,2.30259,21,0.191435,0,0,0,0,1
CMDP-PostCheck,30.8144,102,32,PostCheck,0,0,0.023292,13.7088,2.30259,21,0.267497,0,0,0,0,1
CMDP-PostCheck,30.8165,158,157,PostCheck,0,0,0.0236817,13.8629,2.30259,21,0.310172,0,0,0,0,1
CMDP-PostCheck,30.8204,214,184,PostCheck,0,0,0.0236791,13.8629,2.30259,21,0.162775,0,0,0,0,1
CMDP-PostCheck,30.8258,252,32,PostCheck,0,0,0.023292,13.8629,2.30259,21,0.2534,0,0,0,0,1
CMDP-PostCheck,30.8365,72,423,PostCheck,0,0,0.0106831,6.23832,2.30259,10,0.022211,0,0,0,0,1
CMDP-PostCheck,30.8451,112,21,PostCheck,0,0,0.0232413,13.8629,2.30259,21,0.429968,0,0,0,0,1
CMDP-PostCheck,30.8502,7,401,PostCheck,0,0,0.0560897,13.2522,2.30259,21,0.132264,0,0,0,0,1
CMDP-PostCheck,30.8556,150,141,PostCheck,0,0,0.0232466,13.8629,2.30259,21,0.174543,0,0,0,0,1
CMDP-PostCheck,30.8746,176,41,PostCheck,0,0,0.0649526,13.8629,2.30259,21,0.171257,0,0,0,0,1
CMDP-PostCheck,30.8746,258,226,PostCheck,0,0,0.0236786,13.8629,2.30259,21,0.231353,0,0,0,0,1
CMDP-PostCheck,30.8935,2,324,PostCheck,0,0,0.023743,12.9468,2.30259,21,0.261849,0,0,0,0,1
CMDP-PostCheck,30.8937,149,21,PostCheck,0,0,0.0232413,13.8629,2.30259,21,0.195713,0,0,0,0,0.998884
CMDP-PostCheck,30.901,64,32,PostCheck,0,0,0.023292,13.8629,2.30259,21,0.13523,0,0,0,0,0.983906
CMDP-PostCheck,30.9066,178,408,PostCheck,1,0,0.0118984,6.23832,2.30259,11,0.055103,0,0,0,0,1.01968
CMDP-PostCheck,30.9149,184,157,PostCheck,0,0,0.0236884,13.8629,2.30259,21,0.218088,0,0,0,0,1
CMDP-PostCheck,30.9157,111,42,PostCheck,0,0,0.0232414,13.8629,2.30259,21,0.27126,0,0,0,0,1
CMDP-PostCheck,30.9325,32,112,PostCheck,0,0,0.0239743,12.6414,2.30259,21,0.216612,0,0,0,0,0.986668
CMDP-PostCheck,30.9339,168,58,PostCheck,0,0,0.0236799,13.8629,2.30259,21,0.237361,0,0,0,0,1
CMDP-PostCheck,30.9444,109,79,PostCheck,0,0,0.0236841,13.8629,2.30259,21,0.211711,0,0,0,0,1
CMDP-PostCheck,30.9502,84,70,PostCheck,0,0,0.0681609,13.8629,2.30259,21,0.070116,0,0,0,0,1
CMDP-PostCheck,30.9684,185,62,PostCheck,0,0,0.0236829,13.8629,2.30259,21,0.219202,0,0,0,0,1
CMDP-PostCheck,30.9769,151,52,PostCheck,0,0,0.0233978,13.8629,2.30259,21,0.264321,0,0,0,0,0.991953
CMDP-PostCheck,30.977,130,166,PostCheck,0,0,0.0236889,13.8629,2.30259,21,0.118579,0,0,0,0,0.991953
CMDP-PostCheck,30.9793,69,87,PostCheck,0,0,0.0236793,13.8629,2.30259,21,0.17648,0,0,0,0,1
CMDP-PostCheck,30.9805,77,22,PostCheck,0,0,0.0236797,13.8629,2.30259,21,0.268589,0,0,0,0,1
CMDP-PostCheck,30.9847,113,21,PostCheck,0,0,0.0232414,13.8629,2.30259,21,0.300438,0,0,0,0,1
CMDP-PostCheck,30.9851,33,264,PostCheck,0,0,0.059763,12.9468,2.30259,21,0.181013,0,0,0,0,1
CMDP-PostCheck,30.9969,80,343,PostCheck,0,0,0.0237029,13.8629,2.30259,21,0.202335,0,0,0,0,1
CMDP-PostCheck,31.0113,137,84,PostCheck,0,0,0.0130432,7.62462,2.30259,12,0.044556,0,0,0,0,1
CMDP-PostCheck,31.0336,40,82,PostCheck,0,0,0.0234492,12.6414,2.30259,21,0.180222,0,0,0,0,0.984729
CMDP-PostCheck,31.0339,31,229,PostCheck,0,0,0.023749,12.6414,2.30259,21,0.16326,0,0,0,0,1
CMDP-PostCheck,31.0373,82,274,PostCheck,0,0,0.0232414,13.8629,2.30259,21,0.168133,0,0,0,0,1
CMDP-PostCheck,31.0412,46,403,PostCheck,0,0,0.0237883,12.6414,2.30259,21,0.254631,0,0,0,0,1.03895
CMDP-PostCheck,31.0585,106,75,PostCheck,0,0,0.0236789,13.8629,2.30259,21,0.241347,0,0,0,0,1
CMDP-PostCheck,31.0599,262,8,PostCheck,0,0,0.0236784,13.8629,2.30259,21,0.272443,0,0,0,0,1
CMDP-PostCheck,31.08,142,100,PostCheck,0,0,0.0236821,13.8629,2.30259,21,0.143971,0,0,0,0,1
CMDP-PostCheck,31.089,129,126,PostCheck,0,0,0.0236786,13.8629,2.30259,21,0.141046,0,0,0,0,1
CMDP-PostCheck,31.0987,39,152,PostCheck,0,0,0.0236782,13.8629,2.30259,21,0.164219,0,0,0,0,1
CMDP-PostCheck,31.1016,16,317,PostCheck,0,0,0.0464383,12.336,2.30259,21,0.306088,0,0,0,0,1
CMDP-PostCheck,31.1078,160,314,PostCheck,0,0,0.0237198,13.8629,2.30259,21,0.134815,0,0,0,0,1
CMDP-PostCheck,31.1082,44,158,PostCheck,0,0,0.0539524,13.2522,2.30259,21,0.448402,0,0,0,0,1
CMDP-PostCheck,31.1086,110,401,PostCheck,0,0,0.0237034,13.8629,2.30259,21,0.201401,0,0,0,0,1
CMDP-PostCheck,31.1114,38,234,PostCheck,1,1,0.00435907,1.46868,2.30259,5,0.109072,0,0,0,0,1.00012
CMDP-PostCheck,31.1153,196,330,PostCheck,0,0,0.0236943,13.8629,2.30259,21,0.078693,0,0,0,0,1
CMDP-PostCheck,31.1313,191,374,PostCheck,0,0,0.0233985,13.8629,2.30259,21,0.451834,0,0,0,0,1
CMDP-PostCheck,31.1364,181,408,PostCheck,0,0,0.0130566,7.62462,2.30259,12,0.114687,0,0,0,0,1
CMDP-PostCheck,31.1419,8,328,PostCheck,0,0,0.0576331,12.9468,2.30259,21,0.160466,0,0,0,0,1
CMDP-PostCheck,31.1419,23,234,PostCheck,1,0,0.049726,12.559,2.30259,21,0.294036,0,0,0,0,1.0783
CMDP-PostCheck,31.1491,3,168,PostCheck,0,0,0.0448411,13.2522,2.30259,21,0.280233,0,0,0,0,1.03795
CMDP-PostCheck,31.153,240,41,PostCheck,0,0,0.0237008,13.8629,2.30259,21,0.140062,0,0,0,0,1
CMDP-PostCheck,31.1563,131,241,PostCheck,0,0,0.0236806,13.8629,2.30259,21,0.157518,0,0,0,0,1
CMDP-PostCheck,31.1671,247,232,PostCheck,0,0,0.023678,13.8629,2.30259,21,0.285344,0,0,0,0,1
CMDP-PostCheck,31.1675,11,26,PostCheck,0,0,0.00831761,4.85203,2.30259,8,0.026195,0,0,0,0,1
CMDP-PostCheck,31.1707,86,333,PostCheck,0,0,0.0232415,13.8629,2.30259,21,0.28856,0,0,0,0,1
CMDP-PostCheck,31.1725,139,157,PostCheck,0,0,0.0236806,13.8629,2.30259,21,0.162068,0,0,0,0,1
CMDP-PostCheck,31.1863,216,17,PostCheck,1,1,0.00240294,0.693147,2.30259,3,0.060006,0,0,0,0,0.991953
CMDP-PostCheck,31.1892,100,186,PostCheck,1,1,0.00239104,0.693147,2.30259,3,0.07807,0,0,0,0,0.991953
CMDP-PostCheck,31.2007,59,139,PostCheck,0,0,0.0236877,13.8629,2.30259,21,0.215428,0,0,0,0,1
CMDP-PostCheck,31.2085,267,43,PostCheck,1,0,0.0213397,11.7835,2.30259,19,0.234365,0,0,0,0,1.0474
CMDP-PostCheck,31.2229,22,301,PostCheck,0,0,0.0236792,13.8629,2.30259,21,0.233147,0,0,0,0,1
CMDP-PostCheck,31.2519,180,295,PostCheck,0,0,0.0237278,13.8629,2.30259,21,0.171446,0,0,0,0,1.04394
CMDP-PostCheck,31.2531,227,278,PostCheck,0,0,0.0640908,0.693147,2.30259,2,0.005277,0,0,0,0,1
CMDP-PostCheck,31.2572,193,103,PostCheck,0,0,0.0232465,13.8629,2.30259,21,0.37237,0,0,0,0,1.00582
CMDP-PostCheck,31.2613,195,305,PostCheck,0,0,0.0232458,13.8629,2.30259,21,0.278483,0,0,0,0,1
CMDP-PostCheck,31.2705,162,96,PostCheck,0,0,0.0236802,13.8629,2.30259,21,0.216917,0,0,0,0,1
CMDP-PostCheck,31.274,263,207,PostCheck,0,0,0.0237225,13.8629,2.30259,21,0.172091,0,0,0,0,1
CMDP-PostCheck,31.2839,199,5,PostCheck,0,0,0.0236784,13.8629,2.30259,21,0.890985,0,0,0,0,1
CMDP-PostCheck,31.2845,24,34,PostCheck,0,0,0.0572555,11.7253,2.30259,21,0.254547,0,0,0,0,1
CMDP-PostCheck,31.2963,79,410,PostCheck,0,0,0.0236834,13.8629,2.30259,21,0.101361,0,0,0,0,1
CMDP-PostCheck,31.3005,133,156,PostCheck,0,0,0.0811804,13.4005,2.30259,21,0.256289,0,0,0,0,1.00582
CMDP-PostCheck,31.3009,35,397,PostCheck,0,0,0.0232678,12.336,2.30259,21,0.297829,0,0,0,0,1.04752
CMDP-PostCheck,31.3057,60,260,PostCheck,0,0,0.0236804,13.8629,2.30259,21,0.291104,0,0,0,0,1
CMDP-PostCheck,31.3093,215,207,PostCheck,0,0,0.0237203,13.8629,2.30259,21,0.085126,0,0,0,0,1
CMDP-PostCheck,31.326,138,115,PostCheck,0,0,0.0232416,13.8629,2.30259,21,0.190177,0,0,0,0,1.05434
CMDP-PostCheck,31.3331,5,365,PostCheck,0,0,0.0580053,13.2522,2.30259,21,0.264485,0,0,0,0,0.990426
CMDP-PostCheck,31.3422,217,241,PostCheck,0,0,0.0236805,13.8629,2.30259,21,0.137582,0,0,0,0,1
CMDP-PostCheck,31.3427,94,34,PostCheck,0,0,0.0236795,13.8629,2.30259,21,0.208202,0,0,0,0,1
CMDP-PostCheck,31.3511,107,294,PostCheck,0,0,0.0232465,13.8629,2.30259,21,0.27357,0,0,0,0,1
CMDP-PostCheck,31.3524,250,103,PostCheck,0,0,0.0232465,13.8629,2.30259,21,0.444372,0,0,0,0,1
CMDP-PostCheck,31.3535,6,97,PostCheck,1,1,0.0168565,0.387766,2.30259,3,0.028697,0,0,0,0,0.992484
CMDP-PostCheck,31.3641,87,152,PostCheck,0,0,0.0236804,13.8629,2.30259,21,0.257396,0,0,0,0,1
CMDP-PostCheck,31.3826,159,11,PostCheck,0,0,0.0190307,11.0904,2.30259,17,0.034979,0,0,0,0,1
CMDP-PostCheck,31.3897,255,261,PostCheck,0,0,0.0232458,13.7088,2.30259,21,0.327959,0,0,0,0,1
CMDP-PostCheck,31.3959,225,295,PostCheck,0,0,0.0236925,13.8629,2.30259,21,0.12231,0,0,0,0,1
CMDP-PostCheck,31.4078,52,359,PostCheck,0,0,0.0622777,13.5576,2.30259,21,0.339886,0,0,0,0,1.04934
CMDP-PostCheck,31.4146,49,124,PostCheck,1,0,0.0189954,10.3972,2.30259,17,0.137689,0,0,0,0,1.04047
CMDP-PostCheck,31.4175,88,433,PostCheck,0,0,0.0232921,13.8629,2.30259,21,0.133868,0,0,0,0,0.994303
CMDP-PostCheck,31.4227,140,166,PostCheck,0,0,0.0232861,13.8629,2.30259,21,0.144562,0,0,0,0,1
CMDP-PostCheck,31.4294,61,293,PostCheck,0,0,0.0237257,13.5576,2.30259,21,0.246808,0,0,0,0,1
CMDP-PostCheck,31.4433,122,87,PostCheck,0,0,0.0233979,13.8629,2.30259,21,0.386295,0,0,0,0,1
CMDP-PostCheck,31.4579,201,305,PostCheck,0,0,0.0232458,13.8629,2.30259,21,0.183206,0,0,0,0,1
CMDP-PostCheck,31.4598,66,417,PostCheck,0,0,0.0236811,13.8629,2.30259,21,0.237686,0,0,0,0,0.991953
CMDP-PostCheck,31.4619,128,115,PostCheck,0,0,0.023679,13.8629,2.30259,21,0.387277,0,0,0,0,1
CMDP-PostCheck,31.4654,222,393,PostCheck,0,0,0.0236805,13.8629,2.30259,21,0.238823,0,0,0,0,1
CMDP-PostCheck,31.4743,251,87,PostCheck,0,0,0.0233979,13.8629,2.30259,21,0.322268,0,0,0,0,1
CMDP-PostCheck,31.4782,70,162,PostCheck,0,0,0.0236789,13.8629,2.30259,21,0.359094,0,0,0,0,1
CMDP-PostCheck,31.5062,48,43,PostCheck,0,0,0.0232418,13.8629,2.30259,21,0.361297,0,0,0,0,1
CMDP-PostCheck,31.5096,115,234,PostCheck,0,0,0.023679,13.8629,2.30259,21,0.415796,0,0,0,0,1
CMDP-PostCheck,31.5183,200,277,PostCheck,0,0,0.0236804,13.8629,2.30259,21,0.30826,0,0,0,0,1
CMDP-PostCheck,31.5229,10,193,PostCheck,0,0,0.0593139,12.336,2.30259,21,0.091753,0,0,0,0,1
CMDP-PostCheck,31.5242,76,73,PostCheck,0,0,0.0232419,13.8629,2.30259,21,0.194215,0,0,0,0,1
CMDP-PostCheck,31.5251,268,16,PostCheck,0,0,0.0236949,13.8629,2.30259,21,0.213817,0,0,0,0,1
CMDP-PostCheck,31.5346,132,287,PostCheck,0,0,0.0237145,13.8629,2.30259,21,0.052645,0,0,0,0,1.0474
CMDP-PostCheck,31.5406,0,243,PostCheck,0,0,0.0529563,12.9468,2.30259,21,0.280122,0,0,0,0,1
CMDP-PostCheck,31.5427,208,330,PostCheck,1,0,0.0189808,10.3972,2.30259,17,0.073803,0,0,0,0,1.04047
CMDP-PostCheck,31.5449,141,99,PostCheck,1,0,0.0220929,12.4766,2.30259,20,0.183057,0,0,0,0,1.05087
CMDP-PostCheck,31.5609,75,301,PostCheck,0,0,0.0236789,13.8629,2.30259,21,0.209581,0,0,0,0,1
CMDP-PostCheck,31.5615,123,144,PostCheck,0,0,0.0236892,13.8629,2.30259,21,0.240657,0,0,0,0,1
CMDP-PostCheck,31.5643,182,192,PostCheck,0,0,0.023247,13.8629,2.30259,21,0.321866,0,0,0,0,1
CMDP-PostCheck,31.5693,119,73,PostCheck,0,0,0.0232418,13.8629,2.30259,21,0.375326,0,0,0,0,1
CMDP-PostCheck,31.5758,85,207,PostCheck,0,0,0.0237188,13.8629,2.30259,21,0.119647,0,0,0,0,0.991953
CMDP-PostCheck,31.5817,236,43,PostCheck,0,0,0.0232418,13.8629,2.30259,21,0.32119,0,0,0,0,1
CMDP-PostCheck,31.5945,209,114,PostCheck,0,0,0.00475751,2.77259,2.30259,5,0.015635,0,0,0,0,1
CMDP-PostCheck,31.5968,114,148,PostCheck,0,0,0.00476617,2.77259,2.30259,5,0.041474,0,0,0,0,1
CMDP-PostCheck,31.5985,91,397,PostCheck,0,0,0.023292,13.8629,2.30259,21,0.165684,0,0,0,0,1
CMDP-PostCheck,31.6158,148,114,PostCheck,0,0,0.00475696,2.77259,2.30259,5,0.011352,0,0,0,0,1
CMDP-PostCheck,31.6249,205,138,PostCheck,0,0,0.0233979,13.8629,2.30259,21,0.178307,0,0,0,0,0.995419
CMDP-PostCheck,31.6283,243,286,PostCheck,0,0,0.0236807,13.8629,2.30259,21,0.222564,0,0,0,0,1
CMDP-PostCheck,31.6339,230,273,PostCheck,0,0,0.0232418,13.8629,2.30259,21,0.282808,0,0,0,0,1
CMDP-PostCheck,31.6439,53,5,PostCheck,0,0,0.0243548,13.4005,2.30259,21,0.275694,0,0,0,0,0.990066
CMDP-PostCheck,31.656,220,295,PostCheck,0,0,0.0236799,13.8629,2.30259,21,0.15535,0,0,0,0,1
CMDP-PostCheck,31.6707,134,254,PostCheck,0,0,0.00239365,1.38629,2.30259,3,0.013223,0,0,0,0,1
CMDP-PostCheck,31.6798,231,355,PostCheck,0,0,0.00830034,4.85203,2.30259,8,0.019273,0,0,0,0,1
CMDP-PostCheck,31.6819,189,11,PostCheck,0,0,0.00831074,4.85203,2.30259,8,0.060814,0,0,0,0,1
CMDP-PostCheck,31.6823,116,441,PostCheck,0,0,0.0236784,13.8629,2.30259,21,0.274516,0,0,0,0,1
CMDP-PostCheck,31.6879,235,138,PostCheck,0,0,0.0233979,13.8629,2.30259,21,0.29287,0,0,0,0,1
CMDP-PostCheck,31.7044,92,55,PostCheck,0,0,0.0237119,13.8629,2.30259,21,0.055994,0,0,0,0,1.05178
CMDP-PostCheck,31.7104,238,180,PostCheck,0,0,0.0236868,13.8629,2.30259,21,0.265587,0,0,0,0,1
CMDP-PostCheck,31.7193,68,246,PostCheck,0,0,0.0236896,13.8629,2.30259,21,0.383087,0,0,0,0,1
CMDP-PostCheck,31.7246,188,166,PostCheck,0,0,0.0232829,13.8629,2.30259,21,0.222032,0,0,0,0,1
CMDP-PostCheck,31.7376,228,17,PostCheck,0,0,0.0236786,13.8629,2.30259,21,0.24213,0,0,0,0,1
CMDP-PostCheck,31.74,261,409,PostCheck,1,1,0.00195642,0.693147,2.30259,3,0.170963,0,0,0,0,0.991953
CMDP-PostCheck,31.7517,211,408,PostCheck,0,0,0.062201,7.62462,2.30259,12,0.03354,0,0,0,0,1
CMDP-PostCheck,31.7539,105,273,PostCheck,0,0,0.0232419,13.8629,2.30259,21,0.344195,0,0,0,0,1
CMDP-PostCheck,31.7598,26,11,PostCheck,0,0,0.00831852,4.85203,2.30259,8,0.063311,0,0,0,0,1
CMDP-PostCheck,31.7944,171,327,PostCheck,0,0,0.0232419,13.8629,2.30259,21,0.267848,0,0,0,0,1
CMDP-PostCheck,31.8125,12,273,PostCheck,1,1,0.0334396,0.538997,2.30259,3,0.062942,0,0,0,0,0.973546
CMDP-PostCheck,31.815,30,314,PostCheck,0,0,0.0555751,13.5576,2.30259,21,0.097088,0,0,0,0,1
CMDP-PostCheck,31.8168,56,243,PostCheck,0,0,0.023684,13.8629,2.30259,21,0.209881,0,0,0,0,1
CMDP-PostCheck,31.8188,161,317,PostCheck,0,0,0.0236898,13.8629,2.30259,21,0.17772,0,0,0,0,1
CMDP-PostCheck,31.8196,157,163,PostCheck,0,0,0.0236791,13.8629,2.30259,21,0.13717,0,0,0,0,1
CMDP-PostCheck,31.8454,173,284,PostCheck,0,0,0.0232466,13.8629,2.30259,21,0.157247,0,0,0,0,1
CMDP-PostCheck,31.8498,153,217,PostCheck,0,0,0.0236946,13.8629,2.30259,21,0.114141,0,0,0,0,1.02661
CMDP-PostCheck,31.8686,143,11,PostCheck,0,0,0.00831015,4.85203,2.30259,8,0.025725,0,0,0,0,1
CMDP-PostCheck,31.8722,174,17,PostCheck,0,0,0.0236786,13.8629,2.30259,21,0.297397,0,0,0,0,1
CMDP-PostCheck,31.8726,246,250,PostCheck,0,0,0.0232469,13.8629,2.30259,21,0.255079,0,0,0,0,1
CMDP-PostCheck,31.8819,219,385,PostCheck,0,0,0.0232419,13.8629,2.30259,21,0.155717,0,0,0,0,1
CMDP-PostCheck,31.8892,9,25,PostCheck,0,0,0.0442773,13.2522,2.30259,21,0.172674,0,0,0,0,1
CMDP-PostCheck,31.8921,14,346,PostCheck,0,0,0.0237194,12.9468,2.30259,21,0.102788,0,0,0,0,1.0255
CMDP-PostCheck,31.8951,241,397,PostCheck,0,0,0.0232918,13.8629,2.30259,21,0.237556,0,0,0,0,1
CMDP-PostCheck,31.8956,198,152,PostCheck,0,0,0.0236793,13.8629,2.30259,21,0.239636,0,0,0,0,1
CMDP-PostCheck,31.8958,169,417,PostCheck,0,0,0.0236823,13.8629,2.30259,21,0.148214,0,0,0,0,1
CMDP-PostCheck,31.9044,254,360,PostCheck,0,0,0.0838376,13.8629,2.30259,21,0.060876,0,0,0,0,1
CMDP-PostCheck,31.909,45,355,PostCheck,0,0,0.027536,4.85203,2.30259,8,0.016804,0,0,0,0,1
CMDP-PostCheck,31.9189,104,283,PostCheck,0,0,0.0232924,13.2463,2.30259,21,0.197333,0,0,0,0,0.991182
CMDP-PostCheck,31.9237,152,25,PostCheck,0,0,0.0236791,13.8629,2.30259,21,0.135391,0,0,0,0,1.01621
CMDP-PostCheck,31.9267,265,102,PostCheck,1,1,0.00198493,0.693147,2.30259,3,0.095586,0,0,0,0,0.991953
CMDP-PostCheck,31.9332,95,186,PostCheck,0,0,0.0233979,13.8629,2.30259,21,0.191959,0,0,0,0,1
CMDP-PostCheck,31.9465,81,250,PostCheck,0,0,0.0232469,13.8629,2.30259,21,0.174974,0,0,0,0,1.04047
CMDP-PostCheck,31.9604,67,334,PostCheck,0,0,0.0232919,13.8629,2.30259,21,0.248128,0,0,0,0,1.04394
CMDP-PostCheck,31.9627,97,338,PostCheck,0,0,0.0237039,13.8629,2.30259,21,0.198166,0,0,0,0,0.998884
CMDP-PostCheck,31.9648,165,108,PostCheck,0,0,0.0236804,13.8629,2.30259,21,0.234933,0,0,0,0,0.991953
CMDP-PostCheck,31.9756,126,7,PostCheck,0,0,0.023678,13.8629,2.30259,21,0.215692,0,0,0,0,1
CMDP-PostCheck,31.9791,206,193,PostCheck,0,0,0.0236813,13.8629,2.30259,21,0.32476,0,0,0,0,1
CMDP-PostCheck,31.9791,280,177,PostCheck,0,0,0.088655,13.8629,2.30259,21,0.190005,0,0,0,0,1
CMDP-PostCheck,31.9863,101,292,PostCheck,0,0,0.0236841,13.8629,2.30259,21,0.138482,0,0,0,0,1
CMDP-PostCheck,31.989,34,379,PostCheck,0,0,0.0243697,12.6283,2.30259,21,0.179585,0,0,0,0,0.991304
CMDP-PostCheck,31.9912,269,310,PostCheck,1,1,0.00240304,0.693147,2.30259,3,0.106562,0,0,0,0,0.991953
CMDP-PostCheck,31.995,166,317,PostCheck,0,0,0.0236874,13.8629,2.30259,21,0.180283,0,0,0,0,1
CMDP-PostCheck,31.9998,36,277,PostCheck,0,0,0.0326936,13.5576,2.30259,21,0.100581,0,0,0,0,1
CMDP-PostCheck,32.0157,20,294,PostCheck,0,0,0.0233371,12.0307,2.30259,21,0.211406,0,0,0,0,1.02021
CMDP-PostCheck,32.0171,19,226,PostCheck,0,0,0.0486878,12.336,2.30259,21,0.289792,0,0,0,0,1.00511
CMDP-PostCheck,32.0175,203,171,PostCheck,0,0,0.0237077,13.8629,2.30259,21,0.277647,0,0,0,0,1
CMDP-PostCheck,32.0263,183,284,PostCheck,0,0,0.0232466,13.8629,2.30259,21,0.275858,0,0,0,0,1
CMDP-PostCheck,32.0309,145,84,PostCheck,0,0,0.0566162,1.38629,2.30259,3,0.0166,0,0,0,0,1
CMDP-PostCheck,32.034,47,2,PostCheck,0,0,0.0232834,13.2522,2.30259,21,0.148538,0,0,0,0,1
CMDP-PostCheck,32.0505,274,284,PostCheck,0,0,0.0232466,13.7088,2.30259,21,0.269394,0,0,0,0,1
CMDP-PostCheck,32.052,232,25,PostCheck,0,0,0.0233988,13.7088,2.30259,21,0.212134,0,0,0,0,1
CMDP-PostCheck,32.0549,273,385,PostCheck,0,0,0.0232418,13.8629,2.30259,21,0.295058,0,0,0,0,1
CMDP-PostCheck,32.0675,21,7,PostCheck,1,0,0.0150002,7.40162,2.30259,14,0.233898,0,0,0,0,0.996773
CMDP-PostCheck,32.07,190,128,PostCheck,0,0,0.0233978,13.8629,2.30259,21,0.294494,0,0,0,0,1
CMDP-PostCheck,32.0721,147,442,PostCheck,0,0,0.0232466,13.8629,2.30259,21,0.198683,0,0,0,0,1
CMDP-PostCheck,32.0863,121,70,PostCheck,0,0,0.068978,13.8629,2.30259,21,0.217241,0,0,0,0,1.03354
CMDP-PostCheck,32.094,202,158,PostCheck,0,0,0.0236807,13.8629,2.30259,21,0.259886,0,0,0,0,1
CMDP-PostCheck,32.099,197,126,PostCheck,0,0,0.0236786,13.8629,2.30259,21,0.233613,0,0,0,0,1
CMDP-PostCheck,32.1044,179,385,PostCheck,0,0,0.0232418,13.8629,2.30259,21,0.201955,0,0,0,0,1
CMDP-PostCheck,32.121,239,238,PostCheck,0,0,0.0236855,13.8629,2.30259,21,0.080207,0,0,0,0,1
CMDP-PostCheck,32.127,279,358,PostCheck,0,0,0.0237158,13.8629,2.30259,21,0.159687,0,0,0,0,1
CMDP-PostCheck,32.1274,50,337,PostCheck,0,0,0.062274,13.5576,2.30259,21,0.159712,0,0,0,0,1
CMDP-PostCheck,32.138,41,302,PostCheck,0,0,0.023702,13.5576,2.30259,21,0.139237,0,0,0,0,1
CMDP-PostCheck,32.1389,224,128,PostCheck,0,0,0.0236963,13.8629,2.30259,21,0.173623,0,0,0,0,1
CMDP-PostCheck,32.1431,237,355,PostCheck,0,0,0.00830132,4.85203,2.30259,8,0.022562,0,0,0,0,1
CMDP-PostCheck,32.1454,65,397,PostCheck,0,0,0.0232918,13.8629,2.30259,21,0.242802,0,0,0,0,1
CMDP-PostCheck,32.1492,204,243,PostCheck,1,0,0.019731,11.0904,2.30259,18,0.206572,0,0,0,0,1.04394
CMDP-PostCheck,32.1561,210,436,PostCheck,0,0,0.023247,13.8629,2.30259,21,0.251514,0,0,0,0,1
CMDP-PostCheck,32.1563,17,422,PostCheck,0,0,0.0524128,12.336,2.30259,21,0.187141,0,0,0,0,1
CMDP-PostCheck,32.1591,96,162,PostCheck,0,0,0.0236782,13.8629,2.30259,21,0.155864,0,0,0,0,1
CMDP-PostCheck,32.1901,253,287,PostCheck,0,0,0.0236988,13.8629,2.30259,21,0.312814,0,0,0,0,1
CMDP-PostCheck,32.197,226,127,PostCheck,1,0,0.021347,11.7835,2.30259,19,0.151745,0,0,0,0,1.0474
CMDP-PostCheck,32.1989,177,404,PostCheck,0,0,0.0236785,13.8629,2.30259,21,0.213017,0,0,0,0,1
CMDP-PostCheck,32.2023,187,149,PostCheck,0,0,0.0236861,13.8629,2.30259,21,0.224343,0,0,0,0,1
CMDP-PostCheck,32.2029,13,441,PostCheck,0,0,0.0531867,13.2522,2.30259,21,0.153587,0,0,0,0,1
CMDP-PostCheck,32.2137,125,409,PostCheck,0,0,0.0236901,13.8629,2.30259,21,0.319767,0,0,0,0,1.03354
CMDP-PostCheck,32.2191,25,294,PostCheck,0,0,0.0579739,12.0307,2.30259,21,0.271727,0,0,0,0,0.992485
CMDP-PostCheck,32.2377,51,207,PostCheck,0,0,0.0237195,13.8629,2.30259,21,0.108815,0,0,0,0,1
CMDP-PostCheck,32.2437,127,171,PostCheck,0,0,0.0236954,13.8629,2.30259,21,0.289748,0,0,0,0,1.00235
CMDP-PostCheck,32.2539,248,445,PostCheck,0,0,0.0236816,13.8629,2.30259,21,0.188524,0,0,0,0,1
CMDP-PostCheck,32.2671,256,442,PostCheck,0,0,0.0232465,13.8629,2.30259,21,0.296143,0,0,0,0,1
CMDP-PostCheck,32.2717,277,7,PostCheck,0,0,0.0236781,13.8629,2.30259,21,0.223007,0,0,0,0,1
CMDP-PostCheck,32.2721,164,25,PostCheck,0,0,0.0233988,13.8629,2.30259,21,0.332737,0,0,0,0,1
CMDP-PostCheck,32.2728,163,158,PostCheck,0,0,0.0236837,13.8629,2.30259,21,0.131934,0,0,0,0,1
CMDP-PostCheck,32.2857,167,25,PostCheck,0,0,0.0233988,13.8629,2.30259,21,0.211353,0,0,0,0,1
CMDP-PostCheck,32.2956,120,11,PostCheck,0,0,0.0214112,12.4766,2.30259,19,0.165316,0,0,0,0,1
CMDP-PostCheck,32.2961,117,239,PostCheck,0,0,0.0236899,13.8629,2.30259,21,0.249597,0,0,0,0,1
CMDP-PostCheck,32.3125,234,373,PostCheck,0,0,0.0234223,13.4005,2.30259,21,0.186992,0,0,0,0,1
CMDP-PostCheck,32.3136,260,310,PostCheck,0,0,0.0236803,13.8629,2.30259,21,0.279757,0,0,0,0,1
CMDP-PostCheck,32.317,103,81,PostCheck,0,0,0.0232469,13.8629,2.30259,21,0.169082,0,0,0,0,1
CMDP-PostCheck,32.3208,78,50,PostCheck,0,0,0.0236958,13.8629,2.30259,21,0.286075,0,0,0,0,1.00928
CMDP-PostCheck,32.3329,124,206,PostCheck,0,0,0.0236797,13.8629,2.30259,21,0.300137,0,0,0,0,1
CMDP-PostCheck,32.3341,37,277,PostCheck,0,0,0.0237225,13.5576,2.30259,21,0.354956,0,0,0,0,1.01122
CMDP-PostCheck,32.3507,175,22,PostCheck,0,0,0.0237283,13.8629,2.30259,21,0.102376,0,0,0,0,1
CMDP-PostCheck,32.3556,154,232,PostCheck,0,0,0.0237098,13.8629,2.30259,21,0.165284,0,0,0,0,1
CMDP-PostCheck,32.3565,242,436,PostCheck,0,0,0.0232471,13.8629,2.30259,21,0.17459,0,0,0,0,1
CMDP-PostCheck,32.3614,264,31,PostCheck,0,0,0.0236794,13.8629,2.30259,21,0.317045,0,0,0,0,1
CMDP-PostCheck,32.3621,118,442,PostCheck,0,0,0.0232465,13.8629,2.30259,21,0.286702,0,0,0,0,1.04394
CMDP-PostCheck,32.3643,244,50,PostCheck,0,0,0.0236793,13.8629,2.30259,21,0.182998,0,0,0,0,1
CMDP-PostCheck,32.3815,192,436,PostCheck,0,0,0.0232471,13.8629,2.30259,21,0.309254,0,0,0,0,1.04047
CMDP-PostCheck,32.3827,18,35,PostCheck,1,0,0.0535465,11.1727,2.30259,19,0.141177,0,0,0,0,1.04435
CMDP-PostCheck,32.3838,71,324,PostCheck,0,0,0.0237028,13.8629,2.30259,21,0.191222,0,0,0,0,1.00582
CMDP-PostCheck,32.3872,272,385,PostCheck,0,0,0.0232418,13.8629,2.30259,21,0.243961,0,0,0,0,1
CMDP-PostCheck,32.3883,213,438,PostCheck,0,0,0.0236806,13.8629,2.30259,21,0.247714,0,0,0,0,1
CMDP-PostCheck,32.3899,15,84,PostCheck,0,0,0.0166232,9.70406,2.30259,15,0.051011,0,0,0,0,1
CMDP-PostCheck,32.396,108,21,PostCheck,0,0,0.0236958,13.8629,2.30259,21,0.17907,0,0,0,0,1
CMDP-PostCheck,32.397,194,385,PostCheck,0,0,0.0232418,13.8629,2.30259,21,0.284101,0,0,0,0,0.991953
CMDP-PostCheck,32.4272,63,84,PostCheck,0,0,0.0318343,9.70406,2.30259,15,0.107993,0,0,0,0,1.03354
CMDP-PostCheck,32.4292,57,55,PostCheck,0,0,0.0237302,13.8629,2.30259,21,0.100988,0,0,0,0,1
CMDP-PostCheck,32.4323,74,284,PostCheck,0,0,0.0232466,13.8629,2.30259,21,0.29891,0,0,0,0,0.991953
CMDP-PostCheck,32.4464,99,297,PostCheck,0,0,0.0236807,13.8629,2.30259,21,0.136081,0,0,0,0,1
CMDP-PostCheck,32.4607,156,385,PostCheck,0,0,0.0232418,13.8629,2.30259,21,0.139906,0,0,0,0,1
CMDP-PostCheck,32.4666,4,324,PostCheck,1,0,0.00713438,3.46574,2.30259,7,0.091455,0,0,0,0,1.00582
CMDP-PostCheck,32.4677,249,436,PostCheck,0,0,0.0232471,13.8629,2.30259,21,0.198298,0,0,0,0,1
CMDP-PostCheck,32.4706,27,345,PostCheck,0,0,0.0236793,13.8629,2.30259,21,0.124497,0,0,0,0,1.04488
CMDP-PostCheck,32.4725,42,362,PostCheck,0,0,0.0529605,12.336,2.30259,21,0.183249,0,0,0,0,1
CMDP-PostCheck,32.478,144,123,PostCheck,0,0,0.0236786,13.8629,2.30259,21,0.369316,0,0,0,0,1
CMDP-PostCheck,32.4805,98,135,PostCheck,0,0,0.0236791,13.8629,2.30259,21,0.160705,0,0,0,0,1
CMDP-PostCheck,32.4838,83,385,PostCheck,0,0,0.0232418,13.8629,2.30259,21,0.16093,0,0,0,0,1
CMDP-PostCheck,32.4853,73,385,PostCheck,0,0,0.0232418,13.8629,2.30259,21,0.390409,0,0,0,0,1
CMDP-PostCheck,32.5021,135,442,PostCheck,0,0,0.0232466,13.8629,2.30259,21,0.409008,0,0,0,0,1.04047
CMDP-PostCheck,32.532,170,440,PostCheck,0,0,0.0236805,13.8629,2.30259,21,0.147948,0,0,0,0,1
CMDP-PostCheck,32.5327,186,112,PostCheck,0,0,0.0232425,13.5546,2.30259,21,0.364379,0,0,0,0,0.991182
CMDP-PostCheck,32.5371,58,416,PostCheck,0,0,0.0601577,13.5576,2.30259,21,0.151101,0,0,0,0,0.980852
CMDP-PostCheck,32.5457,90,79,PostCheck,0,0,0.0232829,13.8629,2.30259,21,0.137162,0,0,0,0,1
CMDP-PostCheck,32.5485,221,336,PostCheck,0,0,0.0237038,13.8629,2.30259,21,0.193278,0,0,0,0,1
CMDP-PostCheck,32.5666,146,123,PostCheck,0,0,0.0236786,13.8629,2.30259,21,0.196233,0,0,0,0,1
CMDP-PostCheck,32.5677,259,257,PostCheck,0,0,0.0236783,13.8629,2.30259,21,0.236351,0,0,0,0,1
CMDP-PostCheck,32.5722,1,5,PostCheck,0,0,0.0424445,12.336,2.30259,21,0.07934,0,0,0,0,1.03243
CMDP-PostCheck,32.6046,229,380,PostCheck,0,0,0.0232466,13.8629,2.30259,21,0.20313,0,0,0,0,1
CMDP-PostCheck,32.6088,212,32,PostCheck,0,0,0.0232908,13.8629,2.30259,21,0.276341,0,0,0,0,1
CMDP-PostCheck,32.6263,233,32,PostCheck,0,0,0.0232908,13.8629,2.30259,21,0.134023,0,0,0,0,1
CMDP-PostCheck,32.6359,257,296,PostCheck,0,0,0.0236782,13.8629,2.30259,21,0.337322,0,0,0,0,1
CMDP-PostCheck,32.6401,54,11,PostCheck,0,0,0.00832273,4.85203,2.30259,8,0.025139,0,0,0,0,1
CMDP-PostCheck,32.661,278,227,PostCheck,0,0,0.0747286,0.693147,2.30259,2,0.020275,0,0,0,0,1
CMDP-PostCheck,32.6767,245,59,PostCheck,0,0,0.0236795,13.8629,2.30259,21,0.155218,0,0,0,0,1
CMDP-PostCheck,32.7052,28,79,PostCheck,0,0,0.0582122,12.336,2.30259,21,0.267435,0,0,0,0,0.994304
CMDP-PostCheck,32.7187,55,70,PostCheck,0,0,0.0236912,13.8629,2.30259,21,0.128033,0,0,0,0,1
CMDP-PostCheck,32.719,292,301,PostCheck,0,0,0.0236784,13.8629,2.30259,21,0.247804,0,0,0,0,1
CMDP-PostCheck,32.7273,136,327,PostCheck,0,0,0.0232414,13.8629,2.30259,21,0.475639,0,0,0,0,1
CMDP-PostCheck,32.7286,218,117,PostCheck,0,0,0.023681,13.8629,2.30259,21,0.257291,0,0,0,0,1
CMDP-PostCheck,32.7319,43,271,PostCheck,0,0,0.0240383,11.558,2.30259,21,0.187793,0,0,0,0,0.990426
CMDP-PostCheck,32.7373,93,123,PostCheck,0,0,0.0236786,13.8629,2.30259,21,0.186166,0,0,0,0,1
CMDP-PostCheck,32.7428,223,82,PostCheck,0,0,0.0237294,13.8629,2.30259,21,0.295878,0,0,0,0,1.01275
CMDP-PostCheck,32.751,29,213,PostCheck,0,0,0.0425748,12.336,2.30259,21,0.278917,0,0,0,0,0.986668
CMDP-PostCheck,32.7532,155,157,PostCheck,0,0,0.0236787,13.8629,2.30259,21,0.189594,0,0,0,0,1
CMDP-PostCheck,32.7716,207,22,PostCheck,0,0,0.0236781,13.8629,2.30259,21,0.219144,0,0,0,0,1
CMDP-PostCheck,32.7944,172,305,PostCheck,1,0,0.009069,4.85203,2.30259,9,0.131314,0,0,0,0,1.01275
CMDP-PostCheck,32.7954,283,327,PostCheck,0,0,0.0232414,13.8629,2.30259,21,0.334309,0,0,0,0,1
CMDP-PostCheck,32.7986,62,417,PostCheck,1,0,0.0126504,6.62609,2.30259,12,0.28953,0,0,0,0,1.02162
CMDP-PostCheck,32.8057,89,333,PostCheck,0,0,0.0233975,13.8629,2.30259,21,0.455001,0,0,0,0,1
CMDP-PostCheck,32.8144,102,74,PostCheck,0,0,0.0233185,13.7088,2.30259,21,0.105153,0,0,0,0,1
CMDP-PostCheck,32.8165,158,157,PostCheck,0,0,0.0236789,13.8629,2.30259,21,0.148018,0,0,0,0,1
CMDP-PostCheck,32.8204,214,438,PostCheck,0,0,0.0236788,13.8629,2.30259,21,0.362739,0,0,0,0,1
CMDP-PostCheck,32.8258,252,442,PostCheck,0,0,0.0232467,13.8629,2.30259,21,0.177756,0,0,0,0,1
CMDP-PostCheck,32.8365,72,423,PostCheck,0,0,0.0118644,6.93147,2.30259,11,0.08921,0,0,0,0,1
CMDP-PostCheck,32.8451,112,327,PostCheck,0,0,0.0232414,13.8629,2.30259,21,0.196204,0,0,0,0,1
CMDP-PostCheck,32.8495,294,48,PostCheck,0,0,0.0236793,13.8629,2.30259,21,0.432659,0,0,0,0,1
CMDP-PostCheck,32.8502,7,441,PostCheck,0,0,0.0467828,13.2522,2.30259,21,0.221573,0,0,0,0,1
CMDP-PostCheck,32.8556,150,380,PostCheck,0,0,0.0232466,13.8629,2.30259,21,0.26041,0,0,0,0,1
CMDP-PostCheck,32.8746,176,173,PostCheck,0,0,0.0649401,13.8629,2.30259,21,0.117206,0,0,0,0,1
CMDP-PostCheck,32.8746,258,239,PostCheck,0,0,0.0236905,13.8629,2.30259,21,0.090367,0,0,0,0,1
CMDP-PostCheck,32.8935,2,157,PostCheck,0,0,0.0236786,13.8629,2.30259,21,0.206701,0,0,0,0,1
CMDP-PostCheck,32.8937,149,327,PostCheck,0,0,0.0232414,13.8629,2.30259,21,0.32463,0,0,0,0,0.998884
CMDP-PostCheck,32.901,64,107,PostCheck,0,0,0.0232909,13.8629,2.30259,21,0.268681,0,0,0,0,0.983906
CMDP-PostCheck,32.9066,178,371,PostCheck,0,0,0.0236891,13.8629,2.30259,21,0.072637,0,0,0,0,1.01968
CMDP-PostCheck,32.9149,184,44,PostCheck,0,0,0.0236785,13.8629,2.30259,21,0.145979,0,0,0,0,1
CMDP-PostCheck,32.9157,111,327,PostCheck,0,0,0.0232414,13.8629,2.30259,21,0.220341,0,0,0,0,1
CMDP-PostCheck,32.9301,275,38,PostCheck,0,0,0.0233184,13.8629,2.30259,21,0.156748,0,0,0,0,1
CMDP-PostCheck,32.9325,32,12,PostCheck,1,1,0.00264873,0.387766,2.30259,3,0.136091,0,0,0,0,0.977094
CMDP-PostCheck,32.9339,168,327,PostCheck,0,0,0.0232414,13.8629,2.30259,21,0.203091,0,0,0,0,1
CMDP-PostCheck,32.9365,266,260,PostCheck,0,0,0.0236795,13.8629,2.30259,21,0.323847,0,0,0,0,1
CMDP-PostCheck,32.9444,109,428,PostCheck,0,0,0.0237085,13.8629,2.30259,21,0.064377,0,0,0,0,1
CMDP-PostCheck,32.9493,298,103,PostCheck,0,0,0.0236839,13.8629,2.30259,21,0.320296,0,0,0,0,1
CMDP-PostCheck,32.9502,84,39,PostCheck,0,0,0.0605785,13.8629,2.30259,21,0.1715,0,0,0,0,1
CMDP-PostCheck,32.9684,185,157,PostCheck,0,0,0.0236798,13.8629,2.30259,21,0.151256,0,0,0,0,1
CMDP-PostCheck,32.9769,151,333,PostCheck,0,0,0.0233975,13.8629,2.30259,21,0.29145,0,0,0,0,0.991953
CMDP-PostCheck,32.977,130,166,PostCheck,0,0,0.0236866,13.8629,2.30259,21,0.251896,0,0,0,0,0.991953
CMDP-PostCheck,32.9793,69,277,PostCheck,0,0,0.0236788,13.8629,2.30259,21,0.283248,0,0,0,0,1
CMDP-PostCheck,32.9805,77,7,PostCheck,0,0,0.023678,13.8629,2.30259,21,0.195625,0,0,0,0,1
CMDP-PostCheck,32.9844,297,158,PostCheck,0,0,0.0236813,13.8629,2.30259,21,0.235296,0,0,0,0,1
CMDP-PostCheck,32.9847,113,327,PostCheck,0,0,0.0232414,13.8629,2.30259,21,0.273348,0,0,0,0,1
CMDP-PostCheck,32.9851,33,216,PostCheck,0,0,0.0622112,13.2522,2.30259,21,0.330796,0,0,0,0,1
CMDP-PostCheck,32.9969,80,97,PostCheck,0,0,0.023708,13.8629,2.30259,21,0.091419,0,0,0,0,1
CMDP-PostCheck,33.0113,137,292,PostCheck,1,0,0.0118884,6.23832,2.30259,11,0.092775,0,0,0,0,1.01968
CMDP-PostCheck,33.0336,40,402,PostCheck,1,1,0.0044986,1.1633,2.30259,5,0.192289,0,0,0,0,0.979033
CMDP-PostCheck,33.0339,31,146,PostCheck,0,0,0.0237428,12.6414,2.30259,21,0.209774,0,0,0,0,1
CMDP-PostCheck,33.0373,82,374,PostCheck,0,0,0.0232414,13.8629,2.30259,21,0.304501,0,0,0,0,1
CMDP-PostCheck,33.0412,46,213,PostCheck,1,0,0.015456,7.707,2.30259,14,0.13343,0,0,0,0,1.06597
CMDP-PostCheck,33.0585,106,7,PostCheck,0,0,0.0236781,13.8629,2.30259,21,0.137648,0,0,0,0,1
CMDP-PostCheck,33.0599,262,347,PostCheck,0,0,0.0236788,13.8629,2.30259,21,0.184738,0,0,0,0,1
CMDP-PostCheck,33.0661,276,319,PostCheck,0,0,0.0793965,0.693147,2.30259,2,0.020882,0,0,0,0,1
CMDP-PostCheck,33.08,142,25,PostCheck,0,0,0.0236929,13.8629,2.30259,21,0.278384,0,0,0,0,1
CMDP-PostCheck,33.0814,270,38,PostCheck,0,0,0.0233184,13.8629,2.30259,21,0.225156,0,0,0,0,1
CMDP-PostCheck,33.089,129,292,PostCheck,0,0,0.0236861,13.8629,2.30259,21,0.235694,0,0,0,0,1
CMDP-PostCheck,33.0987,39,7,PostCheck,0,0,0.023678,13.8629,2.30259,21,0.32161,0,0,0,0,1
CMDP-PostCheck,33.1016,16,184,PostCheck,0,0,0.0464502,12.336,2.30259,21,0.18559,0,0,0,0,1
CMDP-PostCheck,33.1078,160,55,PostCheck,0,0,0.023709,13.8629,2.30259,21,0.062309,0,0,0,0,1
CMDP-PostCheck,33.1082,44,306,PostCheck,0,0,0.0539484,13.2522,2.30259,21,0.201862,0,0,0,0,1
CMDP-PostCheck,33.1086,110,55,PostCheck,0,0,0.0237262,13.8629,2.30259,21,0.063035,0,0,0,0,1
CMDP-PostCheck,33.1114,38,99,PostCheck,0,0,0.0240575,11.4199,2.30259,21,0.200572,0,0,0,0,1.00012
CMDP-PostCheck,33.1153,196,207,PostCheck,0,0,0.0236945,13.8629,2.30259,21,0.245332,0,0,0,0,1
CMDP-PostCheck,33.1313,191,383,PostCheck,0,0,0.0233972,13.8629,2.30259,21,0.210804,0,0,0,0,1
CMDP-PostCheck,33.1364,181,448,PostCheck,0,0,0.0236904,13.8629,2.30259,21,0.064389,0,0,0,0,1
CMDP-PostCheck,33.1398,271,230,PostCheck,0,0,0.0236926,13.8629,2.30259,21,0.284645,0,0,0,0,1
CMDP-PostCheck,33.1419,8,365,PostCheck,0,0,0.057592,13.2522,2.30259,21,0.297452,0,0,0,0,1
CMDP-PostCheck,33.1419,23,52,PostCheck,0,0,0.0497259,12.6414,2.30259,21,0.223347,0,0,0,0,1.0783
CMDP-PostCheck,33.1491,3,38,PostCheck,0,0,0.0448395,13.2522,2.30259,21,0.137016,0,0,0,0,1.03795
CMDP-PostCheck,33.153,240,371,PostCheck,0,0,0.0236959,13.8629,2.30259,21,0.071696,0,0,0,0,1
CMDP-PostCheck,33.1563,131,354,PostCheck,0,0,0.0236822,13.8629,2.30259,21,0.245613,0,0,0,0,1
CMDP-PostCheck,33.1671,247,43,PostCheck,0,0,0.0236781,13.8629,2.30259,21,0.197968,0,0,0,0,1
CMDP-PostCheck,33.1675,11,29,PostCheck,1,0,0.0214656,11.1727,2.30259,19,0.138269,0,0,0,0,1.04435
CMDP-PostCheck,33.1707,86,327,PostCheck,0,0,0.0232414,13.8629,2.30259,21,0.278231,0,0,0,0,1
CMDP-PostCheck,33.1725,139,158,PostCheck,0,0,0.0236889,13.8629,2.30259,21,0.49333,0,0,0,0,1
CMDP-PostCheck,33.1814,289,141,PostCheck,0,0,0.0236783,13.8629,2.30259,21,0.277212,0,0,0,0,1
CMDP-PostCheck,33.1863,216,245,PostCheck,0,0,0.0236797,13.8629,2.30259,21,0.356292,0,0,0,0,0.991953
CMDP-PostCheck,33.1892,100,33,PostCheck,0,0,0.0236899,13.8629,2.30259,21,0.155869,0,0,0,0,0.991953
CMDP-PostCheck,33.2007,59,44,PostCheck,0,0,0.0236844,13.8629,2.30259,21,0.133615,0,0,0,0,1
CMDP-PostCheck,33.2085,267,77,PostCheck,0,0,0.0236783,13.8629,2.30259,21,0.169987,0,0,0,0,1.0474
CMDP-PostCheck,33.2229,22,117,PostCheck,0,0,0.0236784,13.8629,2.30259,21,0.15041,0,0,0,0,1
CMDP-PostCheck,33.2519,180,19,PostCheck,0,0,0.0237227,13.8629,2.30259,21,0.09842,0,0,0,0,1.04394
CMDP-PostCheck,33.2531,227,278,PostCheck,0,0,0.0550611,0.693147,2.30259,2,0.018147,0,0,0,0,1
CMDP-PostCheck,33.2572,193,466,PostCheck,0,0,0.023247,13.8629,2.30259,21,0.222937,0,0,0,0,1.00582
CMDP-PostCheck,33.2613,195,332,PostCheck,0,0,0.0232465,13.8629,2.30259,21,0.159919,0,0,0,0,1
CMDP-PostCheck,33.2705,162,238,PostCheck,0,0,0.0236783,13.8629,2.30259,21,0.153805,0,0,0,0,1
CMDP-PostCheck,33.274,263,218,PostCheck,0,0,0.023719,13.8629,2.30259,21,0.096154,0,0,0,0,1
CMDP-PostCheck,33.2839,199,123,PostCheck,0,0,0.0236785,13.8629,2.30259,21,0.583418,0,0,0,0,1
CMDP-PostCheck,33.2845,24,27,PostCheck,0,0,0.0569119,11.7253,2.30259,21,0.283386,0,0,0,0,1
CMDP-PostCheck,33.2963,79,199,PostCheck,0,0,0.0236793,13.8629,2.30259,21,0.279591,0,0,0,0,1
CMDP-PostCheck,33.3005,133,334,PostCheck,1,1,0.0609586,1.07799,2.30259,4,0.191873,0,0,0,0,0.999693
CMDP-PostCheck,33.3009,35,169,PostCheck,1,0,0.00912775,3.01974,2.30259,9,0.210718,0,0,0,0,1.05111
CMDP-PostCheck,33.3031,286,438,PostCheck,0,0,0.0236813,13.8629,2.30259,21,0.253015,0,0,0,0,1
CMDP-PostCheck,33.3057,60,174,PostCheck,0,0,0.0236784,13.8629,2.30259,21,0.194058,0,0,0,0,1
CMDP-PostCheck,33.3093,215,121,PostCheck,0,0,0.0142452,8.31777,2.30259,13,0.069722,0,0,0,0,1
CMDP-PostCheck,33.326,138,128,PostCheck,0,0,0.0233979,13.8629,2.30259,21,0.424863,0,0,0,0,1.05434
CMDP-PostCheck,33.3331,5,150,PostCheck,0,0,0.057998,13.2522,2.30259,21,0.156714,0,0,0,0,0.990426
CMDP-PostCheck,33.3422,217,336,PostCheck,0,0,0.0237203,13.8629,2.30259,21,0.221898,0,0,0,0,1
CMDP-PostCheck,33.3427,94,119,PostCheck,0,0,0.023678,13.8629,2.30259,21,0.356392,0,0,0,0,1
CMDP-PostCheck,33.3511,107,255,PostCheck,0,0,0.0232465,13.8629,2.30259,21,0.156977,0,0,0,0,1
CMDP-PostCheck,33.3524,250,335,PostCheck,0,0,0.023247,13.8629,2.30259,21,0.22202,0,0,0,0,1
CMDP-PostCheck,33.3535,6,132,PostCheck,0,0,0.0416659,13.2522,2.30259,21,0.203352,0,0,0,0,0.992484
CMDP-PostCheck,33.3641,87,327,PostCheck,0,0,0.0236789,13.8629,2.30259,21,0.355812,0,0,0,0,1
CMDP-PostCheck,33.3826,159,1,PostCheck,0,0,0.0238135,13.8629,2.30259,21,0.135778,0,0,0,0,1
CMDP-PostCheck,33.3897,255,252,PostCheck,0,0,0.0237106,13.7088,2.30259,21,0.249971,0,0,0,0,1
CMDP-PostCheck,33.3959,225,173,PostCheck,0,0,0.0740813,13.8629,2.30259,21,0.218498,0,0,0,0,1
CMDP-PostCheck,33.3965,285,297,PostCheck,0,0,0.0236801,13.8629,2.30259,21,0.254333,0,0,0,0,1
CMDP-PostCheck,33.4078,52,295,PostCheck,0,0,0.0622783,13.5576,2.30259,21,0.262656,0,0,0,0,1.04934
CMDP-PostCheck,33.4146,49,423,PostCheck,0,0,0.0118474,6.93147,2.30259,11,0.023609,0,0,0,0,1.04047
CMDP-PostCheck,33.4175,88,205,PostCheck,0,0,0.0236791,13.8629,2.30259,21,0.285504,0,0,0,0,0.994303
CMDP-PostCheck,33.4227,140,210,PostCheck,0,0,0.0232893,13.8629,2.30259,21,0.264968,0,0,0,0,1
CMDP-PostCheck,33.4247,281,242,PostCheck,0,0,0.0236783,13.8629,2.30259,21,0.443132,0,0,0,0,1
CMDP-PostCheck,33.4294,61,176,PostCheck,0,0,0.0236966,13.8629,2.30259,21,0.128261,0,0,0,0,1
CMDP-PostCheck,33.4433,122,128,PostCheck,0,0,0.0233972,13.8629,2.30259,21,0.386169,0,0,0,0,1
CMDP-PostCheck,33.4579,201,173,PostCheck,0,0,0.0236789,13.8629,2.30259,21,0.323311,0,0,0,0,1
CMDP-PostCheck,33.4598,66,180,PostCheck,0,0,0.0237225,13.8629,2.30259,21,0.115845,0,0,0,0,0.991953
CMDP-PostCheck,33.4619,128,465,PostCheck,0,0,0.0236793,13.8629,2.30259,21,0.269784,0,0,0,0,1
CMDP-PostCheck,33.4654,222,281,PostCheck,1,0,0.00594882,2.77259,2.30259,6,0.261925,0,0,0,0,1.00235
CMDP-PostCheck,33.4743,251,128,PostCheck,0,0,0.0233972,13.8629,2.30259,21,0.210776,0,0,0,0,1
CMDP-PostCheck,33.4782,70,225,PostCheck,0,0,0.0236902,13.8629,2.30259,21,0.18508,0,0,0,0,1
CMDP-PostCheck,33.4843,284,362,PostCheck,0,0,0.0236818,13.8629,2.30259,21,0.302303,0,0,0,0,1
CMDP-PostCheck,33.5062,48,425,PostCheck,0,0,0.0232418,13.8629,2.30259,21,0.154372,0,0,0,0,1
CMDP-PostCheck,33.5096,115,191,PostCheck,0,0,0.023679,13.8629,2.30259,21,0.185409,0,0,0,0,1
CMDP-PostCheck,33.5183,200,75,PostCheck,0,0,0.0236784,13.8629,2.30259,21,0.127308,0,0,0,0,1
CMDP-PostCheck,33.5229,10,423,PostCheck,0,0,0.0553839,12.8644,2.30259,20,0.159485,0,0,0,0,1
CMDP-PostCheck,33.5242,76,425,PostCheck,0,0,0.0232418,13.8629,2.30259,21,0.37588,0,0,0,0,1
CMDP-PostCheck,33.5251,268,351,PostCheck,0,0,0.0236879,13.8629,2.30259,21,0.137013,0,0,0,0,1
CMDP-PostCheck,33.5346,132,97,PostCheck,0,0,0.0588963,13.8629,2.30259,21,0.158833,0,0,0,0,1.0474
CMDP-PostCheck,33.5406,0,414,PostCheck,0,0,0.0529249,13.2522,2.30259,21,0.158772,0,0,0,0,1
CMDP-PostCheck,33.5427,208,162,PostCheck,0,0,0.0236988,13.8629,2.30259,21,0.257119,0,0,0,0,1.04047
CMDP-PostCheck,33.5449,141,335,PostCheck,0,0,0.0232469,13.8629,2.30259,21,0.302198,0,0,0,0,1.05087
CMDP-PostCheck,33.5609,75,117,PostCheck,0,0,0.0236784,13.8629,2.30259,21,0.282915,0,0,0,0,1
CMDP-PostCheck,33.5615,123,243,PostCheck,0,0,0.0236818,13.8629,2.30259,21,0.206239,0,0,0,0,1
CMDP-PostCheck,33.5643,182,422,PostCheck,0,0,0.0232471,13.8629,2.30259,21,0.194356,0,0,0,0,1
CMDP-PostCheck,33.5693,119,425,PostCheck,0,0,0.0232418,13.8629,2.30259,21,0.156806,0,0,0,0,1
CMDP-PostCheck,33.5758,85,121,PostCheck,0,0,0.0329875,7.62462,2.30259,12,0.101252,0,0,0,0,0.991953
CMDP-PostCheck,33.5817,236,425,PostCheck,0,0,0.0232418,13.8629,2.30259,21,0.215134,0,0,0,0,1
CMDP-PostCheck,33.5945,209,114,PostCheck,0,0,0.00476736,2.77259,2.30259,5,0.039335,0,0,0,0,1
CMDP-PostCheck,33.5968,114,148,PostCheck,0,0,0.00477526,2.77259,2.30259,5,0.014886,0,0,0,0,1
CMDP-PostCheck,33.5985,91,135,PostCheck,0,0,0.0232908,13.8629,2.30259,21,0.260613,0,0,0,0,1
CMDP-PostCheck,33.604,288,355,PostCheck,0,0,0.00831347,4.85203,2.30259,8,0.059226,0,0,0,0,1
CMDP-PostCheck,33.6158,148,114,PostCheck,0,0,0.00476492,2.77259,2.30259,5,0.03282,0,0,0,0,1
CMDP-PostCheck,33.6249,205,128,PostCheck,0,0,0.0233971,13.8629,2.30259,21,0.377671,0,0,0,0,0.995419
CMDP-PostCheck,33.6283,243,108,PostCheck,0,0,0.0236823,13.8629,2.30259,21,0.137148,0,0,0,0,1
CMDP-PostCheck,33.6339,230,394,PostCheck,1,1,0.0043331,2.07944,2.30259,5,0.141022,0,0,0,0,0.998884
CMDP-PostCheck,33.6439,53,466,PostCheck,0,0,0.0243276,13.5546,2.30259,21,0.152187,0,0,0,0,0.990066
CMDP-PostCheck,33.6551,282,273,PostCheck,0,0,0.023471,13.8629,2.30259,21,0.3292,0,0,0,0,1
CMDP-PostCheck,33.656,220,337,PostCheck,0,0,0.0236806,13.8629,2.30259,21,0.238234,0,0,0,0,1
CMDP-PostCheck,33.6707,134,254,PostCheck,0,0,0.00359198,2.07944,2.30259,4,0.049941,0,0,0,0,1
CMDP-PostCheck,33.6798,231,71,PostCheck,0,0,0.0238451,13.8629,2.30259,21,0.162597,0,0,0,0,1
CMDP-PostCheck,33.6819,189,358,PostCheck,0,0,0.0237898,13.8629,2.30259,21,0.060409,0,0,0,0,1
CMDP-PostCheck,33.6823,116,128,PostCheck,0,0,0.0236791,13.8629,2.30259,21,0.178863,0,0,0,0,1
CMDP-PostCheck,33.6879,235,327,PostCheck,0,0,0.0232632,13.8629,2.30259,21,0.166623,0,0,0,0,1
CMDP-PostCheck,33.7044,92,153,PostCheck,0,0,0.0237269,13.8629,2.30259,21,0.090214,0,0,0,0,1.05178
CMDP-PostCheck,33.7104,238,452,PostCheck,0,0,0.0237078,13.8629,2.30259,21,0.112047,0,0,0,0,1
CMDP-PostCheck,33.712,300,11,PostCheck,0,0,0.011915,6.93147,2.30259,11,0.057152,0,0,0,0,1
CMDP-PostCheck,33.7193,68,166,PostCheck,0,0,0.023681,13.8629,2.30259,21,0.259982,0,0,0,0,1
CMDP-PostCheck,33.7246,188,386,PostCheck,1,0,0.0173966,9.70406,2.30259,16,0.066398,0,0,0,0,1.03701
CMDP-PostCheck,33.7307,293,294,PostCheck,0,0,0.0232465,13.8629,2.30259,21,0.401856,0,0,0,0,1
CMDP-PostCheck,33.7376,228,204,PostCheck,0,0,0.0236784,13.8629,2.30259,21,0.296297,0,0,0,0,1
CMDP-PostCheck,33.74,261,294,PostCheck,0,0,0.0232465,13.8629,2.30259,21,0.209458,0,0,0,0,0.991953
CMDP-PostCheck,33.7517,211,467,PostCheck,0,0,0.0728335,13.8629,2.30259,21,0.15188,0,0,0,0,1
CMDP-PostCheck,33.7539,105,128,PostCheck,0,0,0.0233971,13.8629,2.30259,21,0.257393,0,0,0,0,1
CMDP-PostCheck,33.7598,26,358,PostCheck,0,0,0.0238029,13.8629,2.30259,21,0.056747,0,0,0,0,1
CMDP-PostCheck,33.7944,171,12,PostCheck,1,1,0.00193542,0.693147,2.30259,3,0.20687,0,0,0,0,0.991953
CMDP-PostCheck,33.8125,12,52,PostCheck,0,0,0.0395978,13.4005,2.30259,21,0.642534,0,0,0,0,0.973546
CMDP-PostCheck,33.815,30,359,PostCheck,1,1,0.037875,1.85644,2.30259,6,0.208431,0,0,0,0,0.997769
CMDP-PostCheck,33.8168,56,138,PostCheck,0,0,0.0236923,13.8629,2.30259,21,0.155807,0,0,0,0,1
CMDP-PostCheck,33.8188,161,90,PostCheck,0,0,0.023687,13.8629,2.30259,21,0.252275,0,0,0,0,1
CMDP-PostCheck,33.8196,157,2,PostCheck,0,0,0.0236797,13.8629,2.30259,21,0.27277,0,0,0,0,1
CMDP-PostCheck,33.8454,173,463,PostCheck,0,0,0.0232465,13.8629,2.30259,21,0.432043,0,0,0,0,1
CMDP-PostCheck,33.8498,153,259,PostCheck,0,0,0.023686,13.8629,2.30259,21,0.212019,0,0,0,0,1.02661
CMDP-PostCheck,33.8686,143,358,PostCheck,0,0,0.0237927,13.8629,2.30259,21,0.137642,0,0,0,0,1
CMDP-PostCheck,33.8722,174,210,PostCheck,0,0,0.0236784,13.8629,2.30259,21,0.241473,0,0,0,0,1
CMDP-PostCheck,33.8726,246,386,PostCheck,1,1,0.00195102,0.693147,2.30259,3,0.039695,0,0,0,0,0.991953
CMDP-PostCheck,33.8819,219,327,PostCheck,0,0,0.0232413,13.8629,2.30259,21,0.560208,0,0,0,0,1
CMDP-PostCheck,33.8892,9,350,PostCheck,0,0,0.0460813,13.2522,2.30259,21,0.244433,0,0,0,0,1
CMDP-PostCheck,33.8921,14,55,PostCheck,0,0,0.0237108,13.8629,2.30259,21,0.152756,0,0,0,0,1.0255
CMDP-PostCheck,33.8951,241,107,PostCheck,0,0,0.0232909,13.8629,2.30259,21,0.154685,0,0,0,0,1
CMDP-PostCheck,33.8956,198,22,PostCheck,0,0,0.0236784,13.8629,2.30259,21,0.163013,0,0,0,0,1
CMDP-PostCheck,33.8958,169,440,PostCheck,0,0,0.0236905,13.8629,2.30259,21,0.275352,0,0,0,0,1
CMDP-PostCheck,33.8972,310,222,PostCheck,0,0,0.0236833,13.8629,2.30259,21,0.337138,0,0,0,0,1
CMDP-PostCheck,33.9044,254,322,PostCheck,0,0,0.0237777,13.8629,2.30259,21,0.052546,0,0,0,0,1
CMDP-PostCheck,33.909,45,106,PostCheck,0,0,0.0238547,13.2522,2.30259,21,0.136668,0,0,0,0,1
CMDP-PostCheck,33.9135,296,388,PostCheck,0,0,0.0236809,13.8629,2.30259,21,0.211745,0,0,0,0,1
CMDP-PostCheck,33.9189,104,234,PostCheck,1,0,0.0507047,5.62172,2.30259,11,0.291021,0,0,0,0,1.00778
CMDP-PostCheck,33.9237,152,87,PostCheck,0,0,0.0236791,13.8629,2.30259,21,0.295445,0,0,0,0,1.01621
CMDP-PostCheck,33.9267,265,135,PostCheck,0,0,0.0232908,13.8629,2.30259,21,0.203689,0,0,0,0,0.991953
CMDP-PostCheck,33.9316,287,19,PostCheck,0,0,0.0236937,13.8629,2.30259,21,0.206182,0,0,0,0,1
CMDP-PostCheck,33.9332,95,128,PostCheck,0,0,0.0233972,13.8629,2.30259,21,0.331687,0,0,0,0,1
CMDP-PostCheck,33.9465,81,210,PostCheck,0,0,0.0232465,13.8629,2.30259,21,0.310189,0,0,0,0,1.04047
CMDP-PostCheck,33.9604,67,135,PostCheck,0,0,0.0232908,13.8629,2.30259,21,0.142328,0,0,0,0,1.04394
CMDP-PostCheck,33.9627,97,402,PostCheck,1,0,0.0201657,11.0904,2.30259,18,0.249568,0,0,0,0,1.04282
CMDP-PostCheck,33.9648,165,138,PostCheck,0,0,0.0236903,13.8629,2.30259,21,0.445049,0,0,0,0,0.991953
CMDP-PostCheck,33.9756,126,197,PostCheck,0,0,0.0236785,13.8629,2.30259,21,0.139063,0,0,0,0,1
CMDP-PostCheck,33.9791,206,335,PostCheck,0,0,0.0236788,13.8629,2.30259,21,0.239474,0,0,0,0,1
CMDP-PostCheck,33.9791,280,42,PostCheck,0,0,0.0237377,13.8629,2.30259,21,0.132928,0,0,0,0,1
CMDP-PostCheck,33.9863,101,126,PostCheck,0,0,0.023684,13.8629,2.30259,21,0.505796,0,0,0,0,1
CMDP-PostCheck,33.989,34,163,PostCheck,0,0,0.0244229,11.7122,2.30259,21,0.318437,0,0,0,0,0.991304
CMDP-PostCheck,33.9912,269,339,PostCheck,0,0,0.0236808,13.8629,2.30259,21,0.262494,0,0,0,0,0.991953
CMDP-PostCheck,33.995,166,188,PostCheck,0,0,0.023706,13.8629,2.30259,21,0.2672,0,0,0,0,1
CMDP-PostCheck,33.9998,36,121,PostCheck,0,0,0.0206998,7.62462,2.30259,12,0.295636,0,0,0,0,1
CMDP-PostCheck,34.0157,20,415,PostCheck,0,0,0.0233063,12.6414,2.30259,21,0.236948,0,0,0,0,1.02021
CMDP-PostCheck,34.0171,19,95,PostCheck,0,0,0.0487012,12.336,2.30259,21,0.183557,0,0,0,0,1.00511
CMDP-PostCheck,34.0175,203,82,PostCheck,0,0,0.0237035,13.8629,2.30259,21,0.171142,0,0,0,0,1
CMDP-PostCheck,34.0263,183,273,PostCheck,0,0,0.0232414,13.8629,2.30259,21,0.25974,0,0,0,0,1
CMDP-PostCheck,34.0309,145,121,PostCheck,0,0,0.0496111,1.38629,2.30259,3,0.010812,0,0,0,0,1
CMDP-PostCheck,34.034,47,279,PostCheck,0,0,0.0232817,13.5576,2.30259,21,0.325073,0,0,0,0,1
CMDP-PostCheck,34.0505,274,463,PostCheck,0,0,0.0232465,13.7088,2.30259,21,0.207367,0,0,0,0,1
CMDP-PostCheck,34.052,232,186,PostCheck,0,0,0.0233971,13.7088,2.30259,21,0.347913,0,0,0,0,1
CMDP-PostCheck,34.0549,273,43,PostCheck,0,0,0.0234709,13.8629,2.30259,21,0.238463,0,0,0,0,1
CMDP-PostCheck,34.0651,295,274,PostCheck,1,1,0.00195851,0.693147,2.30259,3,0.132856,0,0,0,0,0.991953
CMDP-PostCheck,34.0675,21,91,PostCheck,1,0,0.0173871,8.48253,2.30259,16,0.31462,0,0,0,0,1.02767
CMDP-PostCheck,34.068,312,255,PostCheck,0,0,0.0232466,13.8629,2.30259,21,0.239329,0,0,0,0,1
CMDP-PostCheck,34.0691,301,292,PostCheck,0,0,0.0236783,13.8629,2.30259,21,0.298276,0,0,0,0,1
CMDP-PostCheck,34.07,190,25,PostCheck,0,0,0.0233971,13.8629,2.30259,21,0.264994,0,0,0,0,1
CMDP-PostCheck,34.0721,147,255,PostCheck,0,0,0.0232466,13.8629,2.30259,21,0.255009,0,0,0,0,1
CMDP-PostCheck,34.0863,121,39,PostCheck,0,0,0.0689801,13.8629,2.30259,21,0.09968,0,0,0,0,1.03354
CMDP-PostCheck,34.0938,299,25,PostCheck,0,0,0.0233978,13.8629,2.30259,21,0.369371,0,0,0,0,1
CMDP-PostCheck,34.094,202,375,PostCheck,0,0,0.0236922,13.8629,2.30259,21,0.173754,0,0,0,0,1
CMDP-PostCheck,34.099,197,22,PostCheck,0,0,0.0236804,13.8629,2.30259,21,0.142702,0,0,0,0,1
CMDP-PostCheck,34.1044,179,43,PostCheck,1,1,0.00195461,0.693147,2.30259,3,0.049723,0,0,0,0,0.991953
CMDP-PostCheck,34.121,239,406,PostCheck,0,0,0.0236851,13.8629,2.30259,21,0.330368,0,0,0,0,1
CMDP-PostCheck,34.127,279,90,PostCheck,0,0,0.0236895,13.8629,2.30259,21,0.145633,0,0,0,0,1
CMDP-PostCheck,34.1274,50,256,PostCheck,0,0,0.0631191,13.5576,2.30259,21,0.292132,0,0,0,0,1
CMDP-PostCheck,34.138,41,305,PostCheck,1,0,0.0238179,11.3375,2.30259,21,0.272377,0,0,0,0,1.04517
CMDP-PostCheck,34.1389,224,274,PostCheck,0,0,0.0236901,13.8629,2.30259,21,0.304258,0,0,0,0,1
CMDP-PostCheck,34.1431,237,71,PostCheck,0,0,0.0238441,13.8629,2.30259,21,0.197235,0,0,0,0,1
CMDP-PostCheck,34.1454,65,434,PostCheck,0,0,0.0232963,13.8629,2.30259,21,0.12651,0,0,0,0,1
CMDP-PostCheck,34.1492,204,210,PostCheck,0,0,0.0232465,13.8629,2.30259,21,0.291753,0,0,0,0,1.04394
CMDP-PostCheck,34.1519,309,434,PostCheck,0,0,0.0232963,13.8629,2.30259,21,0.220421,0,0,0,0,1
CMDP-PostCheck,34.1561,210,150,PostCheck,0,0,0.0232465,13.8629,2.30259,21,0.245924,0,0,0,0,1
CMDP-PostCheck,34.1563,17,108,PostCheck,0,0,0.0524184,12.336,2.30259,21,0.273311,0,0,0,0,1
CMDP-PostCheck,34.1591,96,13,PostCheck,0,0,0.0236782,13.8629,2.30259,21,0.261482,0,0,0,0,1
CMDP-PostCheck,34.1901,253,147,PostCheck,0,0,0.023246,13.8629,2.30259,21,0.154975,0,0,0,0,1
CMDP-PostCheck,34.197,226,350,PostCheck,0,0,0.023679,13.8629,2.30259,21,0.242353,0,0,0,0,1.0474
CMDP-PostCheck,34.1989,177,117,PostCheck,0,0,0.0236782,13.8629,2.30259,21,0.158064,0,0,0,0,1
CMDP-PostCheck,34.2023,187,252,PostCheck,0,0,0.0236806,13.8629,2.30259,21,0.152246,0,0,0,0,1
CMDP-PostCheck,34.2029,13,401,PostCheck,0,0,0.0523018,13.2522,2.30259,21,0.249093,0,0,0,0,1
CMDP-PostCheck,34.2137,125,104,PostCheck,0,0,0.0236817,13.8629,2.30259,21,0.146251,0,0,0,0,1.03354
CMDP-PostCheck,34.2191,25,463,PostCheck,0,0,0.0579725,12.0307,2.30259,21,0.137946,0,0,0,0,0.992485
CMDP-PostCheck,34.2377,51,218,PostCheck,0,0,0.0237297,13.8629,2.30259,21,0.197688,0,0,0,0,1
CMDP-PostCheck,34.2437,127,156,PostCheck,0,0,0.0232415,13.8629,2.30259,21,0.215896,0,0,0,0,1.00235
CMDP-PostCheck,34.2452,317,192,PostCheck,0,0,0.0236794,13.8629,2.30259,21,0.381931,0,0,0,0,1
CMDP-PostCheck,34.2539,248,445,PostCheck,0,0,0.0236804,13.8629,2.30259,21,0.130379,0,0,0,0,1
CMDP-PostCheck,34.2671,256,411,PostCheck,0,0,0.023246,13.8629,2.30259,21,0.196276,0,0,0,0,1
CMDP-PostCheck,34.2717,277,257,PostCheck,0,0,0.0236787,13.8629,2.30259,21,0.145377,0,0,0,0,1
CMDP-PostCheck,34.2721,164,350,PostCheck,0,0,0.0233973,13.8629,2.30259,21,0.355329,0,0,0,0,1
CMDP-PostCheck,34.2728,163,271,PostCheck,0,0,0.0236913,13.8629,2.30259,21,0.272349,0,0,0,0,1
CMDP-PostCheck,34.2857,167,350,PostCheck,0,0,0.023398,13.8629,2.30259,21,0.355486,0,0,0,0,1
CMDP-PostCheck,34.2956,120,175,PostCheck,0,0,0.0238133,13.8629,2.30259,21,0.05035,0,0,0,0,1
CMDP-PostCheck,34.2961,117,226,PostCheck,0,0,0.0236784,13.8629,2.30259,21,0.153751,0,0,0,0,1
CMDP-PostCheck,34.3125,234,136,PostCheck,0,0,0.0234182,13.4005,2.30259,21,0.314481,0,0,0,0,1
CMDP-PostCheck,34.3136,260,193,PostCheck,0,0,0.0236788,13.8629,2.30259,21,0.190048,0,0,0,0,1
CMDP-PostCheck,34.3147,291,310,PostCheck,1,1,0.00476229,2.07944,2.30259,5,0.123077,0,0,0,0,0.998884
CMDP-PostCheck,34.317,103,210,PostCheck,0,0,0.0232465,13.8629,2.30259,21,0.366091,0,0,0,0,1
CMDP-PostCheck,34.3208,78,286,PostCheck,0,0,0.023681,13.8629,2.30259,21,0.141952,0,0,0,0,1.00928
CMDP-PostCheck,34.3329,124,193,PostCheck,0,0,0.0236788,13.8629,2.30259,21,0.19177,0,0,0,0,1
CMDP-PostCheck,34.3341,37,177,PostCheck,0,0,0.0237176,13.5576,2.30259,21,0.102394,0,0,0,0,1.01122
CMDP-PostCheck,34.3507,175,96,PostCheck,0,0,0.0237151,13.8629,2.30259,21,0.229841,0,0,0,0,1
CMDP-PostCheck,34.3556,154,82,PostCheck,0,0,0.0237082,13.8629,2.30259,21,0.321243,0,0,0,0,1
CMDP-PostCheck,34.3565,242,210,PostCheck,0,0,0.0232465,13.8629,2.30259,21,0.342064,0,0,0,0,1
CMDP-PostCheck,34.3614,264,141,PostCheck,0,0,0.0236788,13.8629,2.30259,21,0.212326,0,0,0,0,1
CMDP-PostCheck,34.3621,118,113,PostCheck,1,0,0.0220962,12.4766,2.30259,20,0.172764,0,0,0,0,1.09481
CMDP-PostCheck,34.3643,244,445,PostCheck,0,0,0.0236792,13.8629,2.30259,21,0.272569,0,0,0,0,1
CMDP-PostCheck,34.3815,192,141,PostCheck,0,0,0.0236787,13.8629,2.30259,21,0.27852,0,0,0,0,1.04047
CMDP-PostCheck,34.3827,18,229,PostCheck,0,0,0.0548352,12.4873,2.30259,21,0.266379,0,0,0,0,1.04435
CMDP-PostCheck,34.3838,71,423,PostCheck,0,0,0.0118444,6.93147,2.30259,11,0.042089,0,0,0,0,1.00582
CMDP-PostCheck,34.3872,272,282,PostCheck,0,0,0.0232664,13.8629,2.30259,21,0.202683,0,0,0,0,1
CMDP-PostCheck,34.3883,213,271,PostCheck,0,0,0.023691,13.8629,2.30259,21,0.129347,0,0,0,0,1
CMDP-PostCheck,34.3899,15,121,PostCheck,0,0,0.0130541,7.62462,2.30259,12,0.09745,0,0,0,0,1
CMDP-PostCheck,34.396,108,286,PostCheck,0,0,0.0236788,13.8629,2.30259,21,0.258533,0,0,0,0,1
CMDP-PostCheck,34.397,194,183,PostCheck,0,0,0.0232461,13.8629,2.30259,21,0.190378,0,0,0,0,0.991953
CMDP-PostCheck,34.4272,63,121,PostCheck,0,0,0.03184,9.70406,2.30259,15,0.04955,0,0,0,0,1.03354
CMDP-PostCheck,34.4292,57,240,PostCheck,0,0,0.0237193,13.8629,2.30259,21,0.179706,0,0,0,0,1
CMDP-PostCheck,34.4323,74,411,PostCheck,0,0,0.023246,13.8629,2.30259,21,0.197719,0,0,0,0,0.991953
CMDP-PostCheck,34.4464,99,52,PostCheck,0,0,0.0236889,13.8629,2.30259,21,0.313184,0,0,0,0,1
CMDP-PostCheck,34.4526,290,434,PostCheck,0,0,0.0232962,13.8629,2.30259,21,0.219859,0,0,0,0,1
CMDP-PostCheck,34.4561,315,360,PostCheck,0,0,0.0236945,13.8629,2.30259,21,0.211367,0,0,0,0,1
CMDP-PostCheck,34.4607,156,327,PostCheck,0,0,0.0234708,13.8629,2.30259,21,0.332157,0,0,0,0,1
CMDP-PostCheck,34.4666,4,174,PostCheck,0,0,0.0237276,12.9468,2.30259,21,0.249678,0,0,0,0,1.00582
CMDP-PostCheck,34.4677,249,210,PostCheck,0,0,0.0232465,13.8629,2.30259,21,0.319495,0,0,0,0,1
CMDP-PostCheck,34.4706,27,17,PostCheck,0,0,0.0237599,12.6414,2.30259,21,0.388746,0,0,0,0,1.04488
CMDP-PostCheck,34.4725,42,214,PostCheck,0,0,0.0240527,11.7253,2.30259,21,0.308932,0,0,0,0,1
CMDP-PostCheck,34.478,144,380,PostCheck,0,0,0.0236783,13.8629,2.30259,21,0.304818,0,0,0,0,1
CMDP-PostCheck,34.4805,98,338,PostCheck,0,0,0.0232458,13.8629,2.30259,21,0.262223,0,0,0,0,1
CMDP-PostCheck,34.4838,83,433,PostCheck,0,0,0.0233965,13.8629,2.30259,21,0.383,0,0,0,0,1
CMDP-PostCheck,34.4853,73,113,PostCheck,1,1,0.00217135,0.693147,2.30259,3,0.132463,0,0,0,0,0.991953
CMDP-PostCheck,34.4935,320,423,PostCheck,0,0,0.0118439,6.93147,2.30259,11,0.07465,0,0,0,0,1
CMDP-PostCheck,34.5021,135,183,PostCheck,0,0,0.0232459,13.8629,2.30259,21,0.195095,0,0,0,0,1.04047
CMDP-PostCheck,34.532,170,195,PostCheck,0,0,0.0232461,13.8629,2.30259,21,0.215226,0,0,0,0,1
CMDP-PostCheck,34.5327,186,327,PostCheck,0,0,0.0234742,13.5546,2.30259,21,0.226202,0,0,0,0,0.991182
CMDP-PostCheck,34.5371,58,256,PostCheck,0,0,0.055271,13.5576,2.30259,21,0.28845,0,0,0,0,0.980852
CMDP-PostCheck,34.5457,90,279,PostCheck,0,0,0.0232874,13.8629,2.30259,21,0.194507,0,0,0,0,1
CMDP-PostCheck,34.5485,221,195,PostCheck,0,0,0.0232461,13.8629,2.30259,21,0.129629,0,0,0,0,1
CMDP-PostCheck,34.5666,146,380,PostCheck,0,0,0.0236783,13.8629,2.30259,21,0.385465,0,0,0,0,1
CMDP-PostCheck,34.5677,259,7,PostCheck,0,0,0.0236784,13.8629,2.30259,21,0.255609,0,0,0,0,1
CMDP-PostCheck,34.5722,1,423,PostCheck,0,0,0.0346302,12.8644,2.30259,20,0.128331,0,0,0,0,1.03243
CMDP-PostCheck,34.6046,229,242,PostCheck,0,0,0.0232467,13.8629,2.30259,21,0.216331,0,0,0,0,1
CMDP-PostCheck,34.6088,212,315,PostCheck,0,0,0.0232973,13.8629,2.30259,21,0.113467,0,0,0,0,1
CMDP-PostCheck,34.6263,233,315,PostCheck,0,0,0.0232967,13.8629,2.30259,21,0.481626,0,0,0,0,1
CMDP-PostCheck,34.6359,257,259,PostCheck,0,0,0.0236817,13.8629,2.30259,21,0.127239,0,0,0,0,1
CMDP-PostCheck,34.6401,54,453,PostCheck,0,0,0.00595848,3.46574,2.30259,6,0.082411,0,0,0,0,1
CMDP-PostCheck,34.6503,307,121,PostCheck,0,0,0.0166334,9.70406,2.30259,15,0.1336,0,0,0,0,1
CMDP-PostCheck,34.661,278,463,PostCheck,0,0,0.0237287,13.8629,2.30259,21,0.117317,0,0,0,0,1
CMDP-PostCheck,34.6767,245,182,PostCheck,1,1,0.00240056,0.693147,2.30259,3,0.125628,0,0,0,0,0.991953
CMDP-PostCheck,34.7052,28,242,PostCheck,1,1,0.00361196,1.08091,2.30259,4,0.054242,0,0,0,0,0.988195
CMDP-PostCheck,34.7187,55,287,PostCheck,0,0,0.0236977,13.8629,2.30259,21,0.153648,0,0,0,0,1
CMDP-PostCheck,34.719,292,267,PostCheck,0,0,0.0236782,13.8629,2.30259,21,0.163358,0,0,0,0,1
CMDP-PostCheck,34.7205,322,19,PostCheck,0,0,0.0236973,13.8629,2.30259,21,0.211415,0,0,0,0,1
CMDP-PostCheck,34.7273,136,273,PostCheck,0,0,0.0232412,13.8629,2.30259,21,0.227576,0,0,0,0,1
CMDP-PostCheck,34.7286,218,13,PostCheck,0,0,0.0236782,13.8629,2.30259,21,0.161011,0,0,0,0,1
CMDP-PostCheck,34.7319,43,376,PostCheck,0,0,0.0240917,11.2527,2.30259,21,0.356295,0,0,0,0,0.990426
CMDP-PostCheck,34.7373,93,8,PostCheck,0,0,0.0236785,13.8629,2.30259,21,0.540097,0,0,0,0,1
CMDP-PostCheck,34.7428,223,207,PostCheck,0,0,0.0237734,14.0453,2.30259,21,0.151115,0,0,0,0,1.01275
CMDP-PostCheck,34.751,29,108,PostCheck,0,0,0.0425829,12.336,2.30259,21,0.23353,0,0,0,0,0.986668
CMDP-PostCheck,34.7532,155,184,PostCheck,0,0,0.0236787,13.8629,2.30259,21,0.256765,0,0,0,0,1
CMDP-PostCheck,34.7716,207,418,PostCheck,0,0,0.0236783,13.8629,2.30259,21,0.151942,0,0,0,0,1
CMDP-PostCheck,34.7944,172,305,PostCheck,0,0,0.0232458,13.8629,2.30259,21,0.311438,0,0,0,0,1.01275
CMDP-PostCheck,34.7954,283,334,PostCheck,0,0,0.0233965,13.8629,2.30259,21,0.241671,0,0,0,0,1
CMDP-PostCheck,34.7954,319,276,PostCheck,0,0,0.0845503,0.693147,2.30259,2,0.027653,0,0,0,0,1
CMDP-PostCheck,34.7986,62,471,PostCheck,1,1,0.003413,1.08091,2.30259,4,0.094178,0,0,0,0,1.01551
CMDP-PostCheck,34.8057,89,433,PostCheck,0,0,0.0233965,13.8629,2.30259,21,0.309149,0,0,0,0,1
CMDP-PostCheck,34.8144,102,409,PostCheck,0,0,0.0232905,13.7088,2.30259,21,0.285059,0,0,0,0,1
CMDP-PostCheck,34.8165,158,444,PostCheck,0,0,0.0236785,13.8629,2.30259,21,0.392345,0,0,0,0,1
CMDP-PostCheck,34.8203,306,213,PostCheck,1,0,0.0177916,9.70406,2.30259,16,0.304639,0,0,0,0,1.03701
CMDP-PostCheck,34.8204,214,481,PostCheck,0,0,0.0236786,13.8629,2.30259,21,0.193369,0,0,0,0,1
CMDP-PostCheck,34.8258,252,305,PostCheck,0,0,0.0232458,13.8629,2.30259,21,0.769451,0,0,0,0,1
CMDP-PostCheck,34.8365,72,109,PostCheck,0,0,0.0237487,13.8629,2.30259,21,0.064203,0,0,0,0,1
CMDP-PostCheck,34.8451,112,21,PostCheck,0,0,0.0236783,13.8629,2.30259,21,0.367404,0,0,0,0,1
CMDP-PostCheck,34.8495,294,305,PostCheck,0,0,0.0232458,13.8629,2.30259,21,0.209327,0,0,0,0,1
CMDP-PostCheck,34.8502,7,443,PostCheck,0,0,0.0467824,13.2522,2.30259,21,0.143481,0,0,0,0,1
CMDP-PostCheck,34.8556,150,174,PostCheck,0,0,0.0232465,13.8629,2.30259,21,0.220252,0,0,0,0,1
CMDP-PostCheck,34.8669,316,55,PostCheck,0,0,0.098291,13.8629,2.30259,21,0.142062,0,0,0,0,1
CMDP-PostCheck,34.8746,176,294,PostCheck,0,0,0.0649639,13.8629,2.30259,21,0.209695,0,0,0,0,1
CMDP-PostCheck,34.8746,258,424,PostCheck,0,0,0.0236815,13.8629,2.30259,21,0.276885,0,0,0,0,1
CMDP-PostCheck,34.8865,324,90,PostCheck,0,0,0.0236872,13.8629,2.30259,21,0.271429,0,0,0,0,1
CMDP-PostCheck,34.8935,2,52,PostCheck,0,0,0.0236887,13.8629,2.30259,21,0.330662,0,0,0,0,1
CMDP-PostCheck,34.8937,149,397,PostCheck,1,1,0.00209223,0.693147,2.30259,3,0.076057,0,0,0,0,0.990837
CMDP-PostCheck,34.901,64,409,PostCheck,0,0,0.0232905,13.8629,2.30259,21,0.164328,0,0,0,0,0.983906
CMDP-PostCheck,34.9066,178,97,PostCheck,0,0,0.075311,13.8629,2.30259,21,0.135673,0,0,0,0,1.01968
CMDP-PostCheck,34.9149,184,2,PostCheck,0,0,0.0236786,13.8629,2.30259,21,0.244632,0,0,0,0,1
CMDP-PostCheck,34.9157,111,156,PostCheck,0,0,0.0234707,13.8629,2.30259,21,0.492309,0,0,0,0,1
CMDP-PostCheck,34.9193,304,7,PostCheck,0,0,0.0236857,13.8629,2.30259,21,0.233253,0,0,0,0,1
CMDP-PostCheck,34.9301,275,409,PostCheck,0,0,0.0232905,13.8629,2.30259,21,0.153303,0,0,0,0,1
CMDP-PostCheck,34.9325,32,414,PostCheck,1,0,0.0217238,9.64583,2.30259,19,0.169096,0,0,0,0,1.01381
CMDP-PostCheck,34.9339,168,156,PostCheck,0,0,0.0232413,13.8629,2.30259,21,0.374705,0,0,0,0,1
CMDP-PostCheck,34.9365,266,306,PostCheck,0,0,0.0236786,13.8629,2.30259,21,0.189149,0,0,0,0,1
CMDP-PostCheck,34.942,303,423,PostCheck,0,0,0.0118599,6.93147,2.30259,11,0.071845,0,0,0,0,1
CMDP-PostCheck,34.9444,109,264,PostCheck,0,0,0.0236857,13.8629,2.30259,21,0.297605,0,0,0,0,1
CMDP-PostCheck,34.9493,298,90,PostCheck,0,0,0.0236879,13.8629,2.30259,21,0.140145,0,0,0,0,1
CMDP-PostCheck,34.9502,84,39,PostCheck,0,0,0.0605832,13.8629,2.30259,21,0.072715,0,0,0,0,1
CMDP-PostCheck,34.9684,185,403,PostCheck,0,0,0.0236858,13.8629,2.30259,21,0.253797,0,0,0,0,1
CMDP-PostCheck,34.9769,151,333,PostCheck,0,0,0.0233966,13.8629,2.30259,21,0.31812,0,0,0,0,0.991953
CMDP-PostCheck,34.977,130,279,PostCheck,0,0,0.0236863,13.8629,2.30259,21,0.131434,0,0,0,0,0.991953
CMDP-PostCheck,34.9793,69,292,PostCheck,0,0,0.0236783,13.8629,2.30259,21,0.144934,0,0,0,0,1
CMDP-PostCheck,34.9805,77,302,PostCheck,0,0,0.0236784,13.8629,2.30259,21,0.243777,0,0,0,0,1
CMDP-PostCheck,34.9816,329,414,PostCheck,0,0,0.0233511,13.8629,2.30259,21,0.326543,0,0,0,0,1
CMDP-PostCheck,34.9817,308,121,PostCheck,0,0,0.0142406,8.31777,2.30259,13,0.106128,0,0,0,0,1
CMDP-PostCheck,34.9844,297,438,PostCheck,0,0,0.0236805,13.8629,2.30259,21,0.169692,0,0,0,0,1
CMDP-PostCheck,34.9847,113,156,PostCheck,0,0,0.0232413,13.8629,2.30259,21,0.543932,0,0,0,0,1
CMDP-PostCheck,34.9851,33,193,PostCheck,0,0,0.062215,13.2522,2.30259,21,0.232384,0,0,0,0,1
CMDP-PostCheck,34.9969,80,330,PostCheck,1,0,0.00713359,3.46574,2.30259,7,0.166214,0,0,0,0,1.00582
CMDP-PostCheck,35.0113,137,218,PostCheck,0,0,0.0237062,13.8629,2.30259,21,0.098874,0,0,0,0,1.01968
CMDP-PostCheck,35.0213,321,439,PostCheck,0,0,0.0119213,6.93147,2.30259,11,0.101259,0,0,0,0,1
CMDP-PostCheck,35.0336,40,67,PostCheck,0,0,0.0234408,12.6414,2.30259,21,0.274777,0,0,0,0,0.979033
CMDP-PostCheck,35.0339,31,329,PostCheck,0,0,0.0237419,12.6414,2.30259,21,0.23498,0,0,0,0,1
CMDP-PostCheck,35.0373,82,305,PostCheck,0,0,0.0232458,13.8629,2.30259,21,0.182845,0,0,0,0,1
CMDP-PostCheck,35.0412,46,2,PostCheck,0,0,0.0237429,12.9468,2.30259,21,0.271232,0,0,0,0,1.06597
CMDP-PostCheck,35.0585,106,13,PostCheck,0,0,0.0236782,13.8629,2.30259,21,0.243483,0,0,0,0,1
CMDP-PostCheck,35.0599,262,393,PostCheck,0,0,0.0233513,13.8629,2.30259,21,0.275313,0,0,0,0,1
CMDP-PostCheck,35.0661,276,319,PostCheck,0,0,0.0793965,0.693147,2.30259,2,0.006581,0,0,0,0,1
CMDP-PostCheck,35.08,142,172,PostCheck,1,0,0.0225312,12.4766,2.30259,20,0.159583,0,0,0,0,1.05087
CMDP-PostCheck,35.0814,270,475,PostCheck,0,0,0.0232953,13.8629,2.30259,21,0.101725,0,0,0,0,1
CMDP-PostCheck,35.089,129,97,PostCheck,0,0,0.0237112,13.8629,2.30259,21,0.072771,0,0,0,0,1
CMDP-PostCheck,35.0987,39,13,PostCheck,0,0,0.0236782,13.8629,2.30259,21,0.140759,0,0,0,0,1
CMDP-PostCheck,35.1016,16,108,PostCheck,0,0,0.0421666,12.336,2.30259,21,0.330705,0,0,0,0,1
CMDP-PostCheck,35.1078,160,257,PostCheck,0,0,0.0236934,13.8629,2.30259,21,0.228444,0,0,0,0,1
CMDP-PostCheck,35.1082,44,260,PostCheck,0,0,0.0520711,13.2522,2.30259,21,0.363548,0,0,0,0,1
CMDP-PostCheck,35.1086,110,240,PostCheck,0,0,0.023719,13.8629,2.30259,21,0.157428,0,0,0,0,1
CMDP-PostCheck,35.1114,38,289,PostCheck,1,0,0.0240963,10.4214,2.30259,21,0.193779,0,0,0,0,1.04071
CMDP-PostCheck,35.1153,196,55,PostCheck,0,0,0.0237062,13.8629,2.30259,21,0.072015,0,0,0,0,1
CMDP-PostCheck,35.1313,191,455,PostCheck,0,0,0.0233973,13.8629,2.30259,21,0.378834,0,0,0,0,1
CMDP-PostCheck,35.1344,302,445,PostCheck,0,0,0.0236821,13.8629,2.30259,21,0.250846,0,0,0,0,1
CMDP-PostCheck,35.1364,181,450,PostCheck,0,0,0.013048,7.62462,2.30259,12,0.117999,0,0,0,0,1
CMDP-PostCheck,35.1398,271,184,PostCheck,0,0,0.0236805,13.8629,2.30259,21,0.216279,0,0,0,0,1
CMDP-PostCheck,35.1419,8,414,PostCheck,0,0,0.0575839,13.2522,2.30259,21,0.228176,0,0,0,0,1
CMDP-PostCheck,35.1419,23,173,PostCheck,0,0,0.0497286,12.9468,2.30259,21,0.271453,0,0,0,0,1.0783
CMDP-PostCheck,35.1491,3,322,PostCheck,1,0,0.0256647,3.8535,2.30259,8,0.135862,0,0,0,0,1.04571
CMDP-PostCheck,35.153,240,294,PostCheck,0,0,0.0237006,13.8629,2.30259,21,0.211635,0,0,0,0,1
CMDP-PostCheck,35.1563,131,388,PostCheck,0,0,0.0236967,13.8629,2.30259,21,0.104389,0,0,0,0,1
CMDP-PostCheck,35.1671,247,251,PostCheck,0,0,0.0236782,13.8629,2.30259,21,0.329354,0,0,0,0,1
CMDP-PostCheck,35.1675,11,10,PostCheck,1,0,0.00956088,4.85203,2.30259,9,0.043619,0,0,0,0,1.0571
CMDP-PostCheck,35.1707,86,455,PostCheck,0,0,0.0233966,13.8629,2.30259,21,0.351461,0,0,0,0,1
CMDP-PostCheck,35.1725,139,438,PostCheck,0,0,0.0236859,13.8629,2.30259,21,0.160403,0,0,0,0,1
CMDP-PostCheck,35.1814,289,393,PostCheck,0,0,0.0236782,13.8629,2.30259,21,0.212011,0,0,0,0,1
CMDP-PostCheck,35.1863,216,141,PostCheck,0,0,0.0236786,13.8629,2.30259,21,0.234346,0,0,0,0,0.991953
CMDP-PostCheck,35.1892,100,171,PostCheck,0,0,0.0234707,13.8629,2.30259,21,0.388546,0,0,0,0,0.991953
CMDP-PostCheck,35.2007,59,2,PostCheck,0,0,0.0236865,13.8629,2.30259,21,0.293372,0,0,0,0,1
CMDP-PostCheck,35.2085,267,445,PostCheck,0,0,0.0236798,13.8629,2.30259,21,0.228908,0,0,0,0,1.0474
CMDP-PostCheck,35.2229,22,456,PostCheck,0,0,0.0236783,13.8629,2.30259,21,0.264368,0,0,0,0,1
CMDP-PostCheck,35.2249,318,27,PostCheck,0,0,0.023702,13.8629,2.30259,21,0.240167,0,0,0,0,1
CMDP-PostCheck,35.2519,180,98,PostCheck,0,0,0.0237196,13.8629,2.30259,21,0.194867,0,0,0,0,1.04394
CMDP-PostCheck,35.2531,227,484,PostCheck,0,0,0.0776051,13.8629,2.30259,21,0.104368,0,0,0,0,1
CMDP-PostCheck,35.2572,193,5,PostCheck,0,0,0.0232465,13.8629,2.30259,21,0.295677,0,0,0,0,1.00582
CMDP-PostCheck,35.2613,195,411,PostCheck,0,0,0.0232459,13.8629,2.30259,21,0.584883,0,0,0,0,1
CMDP-PostCheck,35.2705,162,385,PostCheck,0,0,0.0236782,13.8629,2.30259,21,0.281647,0,0,0,0,1
CMDP-PostCheck,35.274,263,121,PostCheck,0,0,0.0142429,8.31777,2.30259,13,0.108761,0,0,0,0,1
CMDP-PostCheck,35.2839,199,393,PostCheck,0,0,0.0236782,13.8629,2.30259,21,0.1731,0,0,0,0,1
CMDP-PostCheck,35.2845,24,473,PostCheck,0,0,0.0237866,12.0307,2.30259,21,0.18528,0,0,0,0,1
CMDP-PostCheck,35.2963,79,414,PostCheck,0,0,0.0233511,13.8629,2.30259,21,0.167488,0,0,0,0,1
CMDP-PostCheck,35.3005,133,341,PostCheck,0,0,0.0233039,13.4005,2.30259,21,0.293109,0,0,0,0,0.999693
CMDP-PostCheck,35.3009,35,135,PostCheck,0,0,0.0235481,12.0307,2.30259,21,0.36385,0,0,0,0,1.05111
CMDP-PostCheck,35.3031,286,163,PostCheck,0,0,0.0236783,13.8629,2.30259,21,0.240161,0,0,0,0,1
CMDP-PostCheck,35.3057,60,174,PostCheck,0,0,0.0236784,13.8629,2.30259,21,0.200775,0,0,0,0,1
CMDP-PostCheck,35.3093,215,121,PostCheck,0,0,0.0142476,8.31777,2.30259,13,0.053519,0,0,0,0,1
CMDP-PostCheck,35.3193,311,403,PostCheck,0,0,0.0236887,13.8629,2.30259,21,0.276066,0,0,0,0,1
CMDP-PostCheck,35.326,138,333,PostCheck,0,0,0.0233973,13.8629,2.30259,21,0.38923,0,0,0,0,1.05434
CMDP-PostCheck,35.3331,5,393,PostCheck,0,0,0.0579911,13.2522,2.30259,21,0.272852,0,0,0,0,0.990426
CMDP-PostCheck,35.3422,217,395,PostCheck,1,0,0.0154248,8.31777,2.30259,14,0.098746,0,0,0,0,1.03008
CMDP-PostCheck,35.3427,94,333,PostCheck,0,0,0.0236784,13.8629,2.30259,21,0.201459,0,0,0,0,1
CMDP-PostCheck,35.344,305,411,PostCheck,0,0,0.0232459,13.8629,2.30259,21,0.579166,0,0,0,0,1
CMDP-PostCheck,35.3511,107,487,PostCheck,0,0,0.0236782,13.8629,2.30259,21,0.294546,0,0,0,0,1
CMDP-PostCheck,35.3524,250,325,PostCheck,0,0,0.0232466,13.8629,2.30259,21,0.288927,0,0,0,0,1
CMDP-PostCheck,35.3535,6,211,PostCheck,0,0,0.0416599,13.2522,2.30259,21,0.102023,0,0,0,0,0.992484
CMDP-PostCheck,35.3641,87,416,PostCheck,0,0,0.0236813,13.8629,2.30259,21,0.226573,0,0,0,0,1
CMDP-PostCheck,35.3826,159,37,PostCheck,0,0,0.0238013,13.8629,2.30259,21,0.050667,0,0,0,0,1
CMDP-PostCheck,35.3897,255,293,PostCheck,0,0,0.0237102,13.7088,2.30259,21,0.344939,0,0,0,0,1
CMDP-PostCheck,35.3959,225,437,PostCheck,0,0,0.074087,13.8629,2.30259,21,0.134596,0,0,0,0,1
CMDP-PostCheck,35.3965,285,438,PostCheck,0,0,0.0236796,13.8629,2.30259,21,0.139304,0,0,0,0,1
CMDP-PostCheck,35.4078,52,487,PostCheck,0,0,0.0626661,13.5576,2.30259,21,0.339768,0,0,0,0,1.04934
CMDP-PostCheck,35.4146,49,423,PostCheck,0,0,0.0118418,6.93147,2.30259,11,0.073779,0,0,0,0,1.04047
CMDP-PostCheck,35.4175,88,221,PostCheck,0,0,0.0236846,13.8629,2.30259,21,0.126606,0,0,0,0,0.994303
CMDP-PostCheck,35.4227,140,279,PostCheck,0,0,0.0232986,13.8629,2.30259,21,0.110829,0,0,0,0,1
CMDP-PostCheck,35.4247,281,174,PostCheck,0,0,0.0233512,13.8629,2.30259,21,0.191045,0,0,0,0,1
CMDP-PostCheck,35.4294,61,332,PostCheck,0,0,0.0236861,13.8629,2.30259,21,0.222776,0,0,0,0,1
CMDP-PostCheck,35.4433,122,333,PostCheck,0,0,0.0233966,13.8629,2.30259,21,0.383608,0,0,0,0,1
CMDP-PostCheck,35.4499,325,5,PostCheck,0,0,0.0236786,13.8629,2.30259,21,0.284093,0,0,0,0,1
CMDP-PostCheck,35.4579,201,333,PostCheck,0,0,0.0232653,13.8629,2.30259,21,0.273459,0,0,0,0,1
CMDP-PostCheck,35.4598,66,454,PostCheck,0,0,0.0236846,13.8629,2.30259,21,0.245066,0,0,0,0,0.991953
CMDP-PostCheck,35.4619,128,396,PostCheck,0,0,0.0236824,13.8629,2.30259,21,0.348288,0,0,0,0,1
CMDP-PostCheck,35.4654,222,266,PostCheck,0,0,0.0236806,13.8629,2.30259,21,0.253241,0,0,0,0,1.00235
CMDP-PostCheck,35.4743,251,333,PostCheck,0,0,0.0233966,13.8629,2.30259,21,0.354976,0,0,0,0,1
CMDP-PostCheck,35.4754,314,343,PostCheck,0,0,0.0236858,13.8629,2.30259,21,0.259946,0,0,0,0,1
CMDP-PostCheck,35.4782,70,7,PostCheck,0,0,0.0236782,13.8629,2.30259,21,0.248508,0,0,0,0,1
CMDP-PostCheck,35.4843,284,201,PostCheck,0,0,0.0236821,13.8629,2.30259,21,0.252171,0,0,0,0,1
CMDP-PostCheck,35.5062,48,333,PostCheck,0,0,0.0233966,13.8629,2.30259,21,0.422152,0,0,0,0,1
CMDP-PostCheck,35.5096,115,251,PostCheck,0,0,0.0236782,13.8629,2.30259,21,0.350068,0,0,0,0,1
CMDP-PostCheck,35.5183,200,346,PostCheck,1,1,0.0023913,0.693147,2.30259,3,0.115841,0,0,0,0,0.991953
CMDP-PostCheck,35.5229,10,412,PostCheck,0,0,0.0423233,5.2398,2.30259,9,0.033478,0,0,0,0,1
CMDP-PostCheck,35.5242,76,73,PostCheck,0,0,0.0234707,13.8629,2.30259,21,0.211449,0,0,0,0,1
CMDP-PostCheck,35.5251,268,347,PostCheck,0,0,0.0236891,13.8629,2.30259,21,0.266409,0,0,0,0,1
CMDP-PostCheck,35.5316,332,485,PostCheck,0,0,0.0236787,13.8629,2.30259,21,0.254938,0,0,0,0,1
CMDP-PostCheck,35.5346,132,97,PostCheck,0,0,0.0588982,13.8629,2.30259,21,0.056893,0,0,0,0,1.0474
CMDP-PostCheck,35.5406,0,165,PostCheck,0,0,0.0520945,12.9468,2.30259,21,0.284612,0,0,0,0,1
CMDP-PostCheck,35.5427,208,55,PostCheck,0,0,0.0237021,13.8629,2.30259,21,0.086731,0,0,0,0,1.04047
CMDP-PostCheck,35.5449,141,347,PostCheck,1,0,0.0161784,9.01091,2.30259,15,0.178586,0,0,0,0,1.08441
CMDP-PostCheck,35.5609,75,330,PostCheck,0,0,0.0236782,13.8629,2.30259,21,0.145844,0,0,0,0,1
CMDP-PostCheck,35.5615,123,325,PostCheck,0,0,0.0236816,13.8629,2.30259,21,0.300503,0,0,0,0,1
CMDP-PostCheck,35.5643,182,5,PostCheck,0,0,0.0232465,13.8629,2.30259,21,0.29734,0,0,0,0,1
CMDP-PostCheck,35.5693,119,127,PostCheck,1,1,0.0021834,0.693147,2.30259,3,0.149018,0,0,0,0,0.991953
CMDP-PostCheck,35.5758,85,121,PostCheck,0,0,0.00358358,2.07944,2.30259,4,0.020784,0,0,0,0,0.991953
CMDP-PostCheck,35.5817,236,171,PostCheck,0,0,0.0232413,13.8629,2.30259,21,0.424831,0,0,0,0,1
CMDP-PostCheck,35.5945,209,114,PostCheck,0,0,0.00477591,2.77259,2.30259,5,0.015717,0,0,0,0,1
CMDP-PostCheck,35.5968,114,148,PostCheck,0,0,0.00478218,2.77259,2.30259,5,0.046841,0,0,0,0,1
CMDP-PostCheck,35.5985,91,354,PostCheck,0,0,0.0232904,13.8629,2.30259,21,0.200383,0,0,0,0,1
CMDP-PostCheck,35.6002,333,282,PostCheck,0,0,0.0233986,13.8629,2.30259,21,0.523024,0,0,0,0,1
CMDP-PostCheck,35.604,288,368,PostCheck,1,0,0.0107409,5.54518,2.30259,10,0.037716,0,0,0,0,1.01621
CMDP-PostCheck,35.6158,148,114,PostCheck,0,0,0.00477145,2.77259,2.30259,5,0.013227,0,0,0,0,1
CMDP-PostCheck,35.6249,205,282,PostCheck,0,0,0.0233986,13.8629,2.30259,21,0.26099,0,0,0,0,0.995419
CMDP-PostCheck,35.6283,243,438,PostCheck,0,0,0.0236793,13.8629,2.30259,21,0.292769,0,0,0,0,1
CMDP-PostCheck,35.6325,323,102,PostCheck,0,0,0.0232523,13.8629,2.30259,21,0.223956,0,0,0,0,1
CMDP-PostCheck,35.6339,230,350,PostCheck,0,0,0.023246,13.8629,2.30259,21,0.311698,0,0,0,0,0.998884
CMDP-PostCheck,35.6439,53,393,PostCheck,0,0,0.0243268,13.5546,2.30259,21,0.32445,0,0,0,0,0.990066
CMDP-PostCheck,35.6551,282,171,PostCheck,0,0,0.0234707,13.8629,2.30259,21,0.456603,0,0,0,0,1
CMDP-PostCheck,35.656,220,273,PostCheck,0,0,0.0233253,13.8629,2.30259,21,0.225019,0,0,0,0,1
CMDP-PostCheck,35.6693,335,271,PostCheck,0,0,0.0236795,13.8629,2.30259,21,0.504293,0,0,0,0,1
CMDP-PostCheck,35.6707,134,176,PostCheck,0,0,0.0237264,13.8629,2.30259,21,0.070219,0,0,0,0,1
CMDP-PostCheck,35.6798,231,355,PostCheck,0,0,0.0107131,6.23832,2.30259,10,0.028686,0,0,0,0,1
CMDP-PostCheck,35.6819,189,70,PostCheck,0,0,0.0237684,13.8629,2.30259,21,0.190137,0,0,0,0,1
CMDP-PostCheck,35.6823,116,416,PostCheck,1,1,0.00239435,0.693147,2.30259,3,0.135267,0,0,0,0,0.991953
CMDP-PostCheck,35.6879,235,64,PostCheck,0,0,0.023253,13.8629,2.30259,21,0.305431,0,0,0,0,1
CMDP-PostCheck,35.7044,92,240,PostCheck,0,0,0.023716,13.8629,2.30259,21,0.08712,0,0,0,0,1.05178
CMDP-PostCheck,35.7104,238,22,PostCheck,0,0,0.0236828,13.8629,2.30259,21,0.248759,0,0,0,0,1
CMDP-PostCheck,35.712,300,355,PostCheck,0,0,0.0118868,6.93147,2.30259,11,0.027061,0,0,0,0,1
CMDP-PostCheck,35.7193,68,150,PostCheck,1,0,0.0201571,11.0904,2.30259,18,0.186931,0,0,0,0,1.04394
CMDP-PostCheck,35.7246,188,298,PostCheck,0,0,0.0232975,13.8629,2.30259,21,0.210499,0,0,0,0,1.03701
CMDP-PostCheck,35.7307,293,411,PostCheck,0,0,0.0232461,13.8629,2.30259,21,0.206838,0,0,0,0,1
CMDP-PostCheck,35.7376,228,5,PostCheck,0,0,0.023678,13.8629,2.30259,21,0.402703,0,0,0,0,1
CMDP-PostCheck,35.74,261,171,PostCheck,0,0,0.0232413,13.8629,2.30259,21,0.384929,0,0,0,0,0.991953
CMDP-PostCheck,35.7517,211,492,PostCheck,0,0,0.00477598,2.77259,2.30259,5,0.018634,0,0,0,0,1
CMDP-PostCheck,35.7539,105,282,PostCheck,0,0,0.0233986,13.8629,2.30259,21,0.371381,0,0,0,0,1
CMDP-PostCheck,35.7598,26,277,PostCheck,0,0,0.0238032,13.5576,2.30259,21,0.182065,0,0,0,0,1
CMDP-PostCheck,35.7944,171,273,PostCheck,0,0,0.0234707,13.8629,2.30259,21,0.241848,0,0,0,0,0.991953
CMDP-PostCheck,35.8125,12,25,PostCheck,0,0,0.0395957,13.4005,2.30259,21,0.278094,0,0,0,0,0.973546
CMDP-PostCheck,35.815,30,395,PostCheck,0,0,0.055634,12.0307,2.30259,21,0.244386,0,0,0,0,0.997769
CMDP-PostCheck,35.8168,56,158,PostCheck,0,0,0.0236804,13.8629,2.30259,21,0.261107,0,0,0,0,1
CMDP-PostCheck,35.8188,161,71,PostCheck,0,0,0.0237165,13.8629,2.30259,21,0.094747,0,0,0,0,1
CMDP-PostCheck,35.8196,157,163,PostCheck,0,0,0.0236808,13.8629,2.30259,21,0.289393,0,0,0,0,1
CMDP-PostCheck,35.8454,173,372,PostCheck,1,0,0.00670216,3.46574,2.30259,7,0.125611,0,0,0,0,1.00582
CMDP-PostCheck,35.8498,153,6,PostCheck,0,0,0.0237048,13.8629,2.30259,21,0.107534,0,0,0,0,1.02661
CMDP-PostCheck,35.8531,338,475,PostCheck,0,0,0.0232947,13.7088,2.30259,21,0.227894,0,0,0,0,1
CMDP-PostCheck,35.8686,143,207,PostCheck,0,0,0.0237728,13.8629,2.30259,21,0.082423,0,0,0,0,1
CMDP-PostCheck,35.8722,174,262,PostCheck,0,0,0.0233512,13.8629,2.30259,21,0.333584,0,0,0,0,1
CMDP-PostCheck,35.8726,246,393,PostCheck,0,0,0.0232463,13.8629,2.30259,21,0.356218,0,0,0,0,0.991953
CMDP-PostCheck,35.8734,313,395,PostCheck,0,0,0.0236844,13.8629,2.30259,21,0.365225,0,0,0,0,1
CMDP-PostCheck,35.8819,219,171,PostCheck,0,0,0.0232413,13.8629,2.30259,21,0.255461,0,0,0,0,1
CMDP-PostCheck,35.8892,9,350,PostCheck,0,0,0.0460822,13.2522,2.30259,21,0.204615,0,0,0,0,1
CMDP-PostCheck,35.8921,14,55,PostCheck,0,0,0.0237289,13.2522,2.30259,21,0.098244,0,0,0,0,1.0255
CMDP-PostCheck,35.8951,241,261,PostCheck,1,1,0.00196038,0.693147,2.30259,3,0.138434,0,0,0,0,0.991953
CMDP-PostCheck,35.8956,198,9,PostCheck,0,0,0.0236786,13.8629,2.30259,21,0.291902,0,0,0,0,1
CMDP-PostCheck,35.8958,169,290,PostCheck,0,0,0.0236831,13.8629,2.30259,21,0.194245,0,0,0,0,1
CMDP-PostCheck,35.8972,310,386,PostCheck,0,0,0.0236829,13.8629,2.30259,21,0.304251,0,0,0,0,1
CMDP-PostCheck,35.9007,327,273,PostCheck,0,0,0.0234707,13.8629,2.30259,21,0.418713,0,0,0,0,1
CMDP-PostCheck,35.9044,254,450,PostCheck,0,0,0.0624641,1.38629,2.30259,3,0.016402,0,0,0,0,1
CMDP-PostCheck,35.909,45,355,PostCheck,0,0,0.0107023,6.23832,2.30259,10,0.023393,0,0,0,0,1
CMDP-PostCheck,35.9135,296,75,PostCheck,0,0,0.0236784,13.8629,2.30259,21,0.16513,0,0,0,0,1
CMDP-PostCheck,35.9189,104,379,PostCheck,0,0,0.0625442,13.2463,2.30259,21,0.259759,0,0,0,0,1.00778
CMDP-PostCheck,35.9237,152,162,PostCheck,0,0,0.0236785,13.8629,2.30259,21,0.20732,0,0,0,0,1.01621
CMDP-PostCheck,35.9267,265,354,PostCheck,0,0,0.0232904,13.8629,2.30259,21,0.230442,0,0,0,0,0.991953
CMDP-PostCheck,35.9316,287,364,PostCheck,0,0,0.023701,13.8629,2.30259,21,0.110423,0,0,0,0,1
CMDP-PostCheck,35.9332,95,282,PostCheck,0,0,0.0233986,13.8629,2.30259,21,0.227013,0,0,0,0,1
CMDP-PostCheck,35.9465,81,5,PostCheck,0,0,0.0232464,13.8629,2.30259,21,0.172304,0,0,0,0,1.04047
CMDP-PostCheck,35.959,328,481,PostCheck,0,0,0.023681,13.8629,2.30259,21,0.262098,0,0,0,0,1
CMDP-PostCheck,35.9604,67,354,PostCheck,0,0,0.0232904,13.8629,2.30259,21,0.273385,0,0,0,0,1.04394
CMDP-PostCheck,35.9627,97,102,PostCheck,0,0,0.0236875,13.8629,2.30259,21,0.217232,0,0,0,0,1.04282
CMDP-PostCheck,35.9648,165,286,PostCheck,0,0,0.0236786,13.8629,2.30259,21,0.176047,0,0,0,0,0.991953
CMDP-PostCheck,35.9756,126,302,PostCheck,0,0,0.0236783,13.8629,2.30259,21,0.278019,0,0,0,0,1
CMDP-PostCheck,35.9791,206,422,PostCheck,0,0,0.0236787,13.8629,2.30259,21,0.334605,0,0,0,0,1
CMDP-PostCheck,35.9791,280,244,PostCheck,0,0,0.0237303,13.8629,2.30259,21,0.230091,0,0,0,0,1
CMDP-PostCheck,35.9863,101,343,PostCheck,0,0,0.0236809,13.8629,2.30259,21,0.153028,0,0,0,0,1
CMDP-PostCheck,35.989,34,328,PostCheck,1,0,0.0125585,4.69834,2.30259,11,0.128066,0,0,0,0,1.00328
CMDP-PostCheck,35.9912,269,339,PostCheck,0,0,0.0236801,13.8629,2.30259,21,0.38867,0,0,0,0,0.991953
CMDP-PostCheck,35.995,166,356,PostCheck,0,0,0.0233509,13.8629,2.30259,21,0.306073,0,0,0,0,1
CMDP-PostCheck,35.9998,36,145,PostCheck,0,0,0.00358734,2.07944,2.30259,4,0.031664,0,0,0,0,1
CMDP-PostCheck,36.0157,20,420,PostCheck,0,0,0.0233034,12.6414,2.30259,21,0.284791,0,0,0,0,1.02021
CMDP-PostCheck,36.0171,19,318,PostCheck,0,0,0.0237103,13.2522,2.30259,21,0.209099,0,0,0,0,1.00511
CMDP-PostCheck,36.0175,203,226,PostCheck,0,0,0.023705,13.8629,2.30259,21,0.275133,0,0,0,0,1
CMDP-PostCheck,36.0263,183,273,PostCheck,0,0,0.0232413,13.8629,2.30259,21,0.535394,0,0,0,0,1
CMDP-PostCheck,36.0309,145,121,PostCheck,0,0,0.0496111,1.38629,2.30259,3,0.009373,0,0,0,0,1
CMDP-PostCheck,36.034,47,457,PostCheck,0,0,0.0232827,13.5576,2.30259,21,0.162971,0,0,0,0,1
CMDP-PostCheck,36.0505,274,236,PostCheck,0,0,0.0232459,13.7088,2.30259,21,0.401373,0,0,0,0,1
CMDP-PostCheck,36.052,232,350,PostCheck,0,0,0.0233988,13.7088,2.30259,21,0.262122,0,0,0,0,1
CMDP-PostCheck,36.0549,273,73,PostCheck,0,0,0.0234708,13.8629,2.30259,21,0.386345,0,0,0,0,1
CMDP-PostCheck,36.0651,295,354,PostCheck,0,0,0.0232904,13.8629,2.30259,21,0.247585,0,0,0,0,0.991953
CMDP-PostCheck,36.0675,21,420,PostCheck,0,0,0.0233034,12.6414,2.30259,21,0.469803,0,0,0,0,1.02767
CMDP-PostCheck,36.0678,344,288,PostCheck,1,0,0.00596545,2.77259,2.30259,6,0.202272,0,0,0,0,1.00235
CMDP-PostCheck,36.068,312,491,PostCheck,0,0,0.0232904,13.8629,2.30259,21,0.261549,0,0,0,0,1
CMDP-PostCheck,36.0691,301,350,PostCheck,0,0,0.0236797,13.8629,2.30259,21,0.184047,0,0,0,0,1
CMDP-PostCheck,36.07,190,282,PostCheck,0,0,0.0233986,13.8629,2.30259,21,0.36765,0,0,0,0,1
CMDP-PostCheck,36.0721,147,295,PostCheck,0,0,0.0232906,13.8629,2.30259,21,0.271741,0,0,0,0,1
CMDP-PostCheck,36.0863,121,226,PostCheck,1,0,0.0623177,11.7835,2.30259,19,0.290265,0,0,0,0,1.08095
CMDP-PostCheck,36.0938,299,328,PostCheck,0,0,0.0236907,13.8629,2.30259,21,0.206647,0,0,0,0,1
CMDP-PostCheck,36.094,202,158,PostCheck,0,0,0.0236796,13.8629,2.30259,21,0.323215,0,0,0,0,1
CMDP-PostCheck,36.099,197,22,PostCheck,0,0,0.0236819,13.8629,2.30259,21,0.281279,0,0,0,0,1
CMDP-PostCheck,36.1044,179,7,PostCheck,1,0,0.0055167,2.77259,2.30259,6,0.112761,0,0,0,0,0.994303
CMDP-PostCheck,36.121,239,160,PostCheck,0,0,0.0236922,13.8629,2.30259,21,0.146628,0,0,0,0,1
CMDP-PostCheck,36.127,279,320,PostCheck,0,0,0.0237217,13.8629,2.30259,21,0.290996,0,0,0,0,1
CMDP-PostCheck,36.1274,50,256,PostCheck,0,0,0.0631191,13.5576,2.30259,21,0.192786,0,0,0,0,1
CMDP-PostCheck,36.1333,336,197,PostCheck,0,0,0.0236825,13.8629,2.30259,21,0.178011,0,0,0,0,1
CMDP-PostCheck,36.138,41,238,PostCheck,0,0,0.0236844,13.8629,2.30259,21,0.087872,0,0,0,0,1.04517
CMDP-PostCheck,36.1389,224,2,PostCheck,0,0,0.0236798,13.8629,2.30259,21,0.157749,0,0,0,0,1
CMDP-PostCheck,36.1431,237,355,PostCheck,0,0,0.010711,6.23832,2.30259,10,0.023417,0,0,0,0,1
CMDP-PostCheck,36.1454,65,295,PostCheck,0,0,0.0232906,13.8629,2.30259,21,0.338753,0,0,0,0,1
CMDP-PostCheck,36.1492,204,5,PostCheck,0,0,0.0232464,13.8629,2.30259,21,0.222224,0,0,0,0,1.04394
CMDP-PostCheck,36.1519,309,354,PostCheck,0,0,0.0232904,13.8629,2.30259,21,0.188768,0,0,0,0,1
CMDP-PostCheck,36.1561,210,393,PostCheck,0,0,0.0232464,13.8629,2.30259,21,0.295944,0,0,0,0,1
CMDP-PostCheck,36.1563,17,174,PostCheck,0,0,0.0565953,13.2522,2.30259,21,0.193691,0,0,0,0,1
CMDP-PostCheck,36.1591,96,244,PostCheck,0,0,0.0236781,13.8629,2.30259,21,0.182362,0,0,0,0,1
CMDP-PostCheck,36.1901,253,370,PostCheck,0,0,0.0232594,13.8629,2.30259,21,0.235903,0,0,0,0,1
CMDP-PostCheck,36.197,226,218,PostCheck,0,0,0.0236783,13.8629,2.30259,21,0.342787,0,0,0,0,1.0474
CMDP-PostCheck,36.1989,177,385,PostCheck,0,0,0.0236797,13.8629,2.30259,21,0.286047,0,0,0,0,1
CMDP-PostCheck,36.2023,187,147,PostCheck,0,0,0.023684,13.8629,2.30259,21,0.294894,0,0,0,0,1
CMDP-PostCheck,36.2029,13,401,PostCheck,0,0,0.0523035,13.2522,2.30259,21,0.207302,0,0,0,0,1
CMDP-PostCheck,36.2137,125,417,PostCheck,0,0,0.0236798,13.8629,2.30259,21,0.441862,0,0,0,0,1.03354
CMDP-PostCheck,36.2191,25,474,PostCheck,0,0,0.0573721,12.0307,2.30259,21,0.564838,0,0,0,0,0.992485
CMDP-PostCheck,36.2377,51,145,PostCheck,0,0,0.0130538,7.62462,2.30259,12,0.03821,0,0,0,0,1
CMDP-PostCheck,36.2437,127,244,PostCheck,0,0,0.0232426,13.8629,2.30259,21,0.562746,0,0,0,0,1.00235
CMDP-PostCheck,36.2452,317,202,PostCheck,0,0,0.0236787,13.8629,2.30259,21,0.215937,0,0,0,0,1
CMDP-PostCheck,36.2539,248,445,PostCheck,0,0,0.0236827,13.8629,2.30259,21,0.255723,0,0,0,0,1
CMDP-PostCheck,36.2671,256,201,PostCheck,0,0,0.0236781,13.8629,2.30259,21,0.33248,0,0,0,0,1
CMDP-PostCheck,36.2717,277,350,PostCheck,1,0,0.0154263,8.31777,2.30259,14,0.211618,0,0,0,0,1.03008
CMDP-PostCheck,36.2721,164,354,PostCheck,0,0,0.0232904,13.8629,2.30259,21,0.217049,0,0,0,0,1
CMDP-PostCheck,36.2728,163,157,PostCheck,0,0,0.0236786,13.8629,2.30259,21,0.145985,0,0,0,0,1
CMDP-PostCheck,36.2857,167,48,PostCheck,0,0,0.0233988,13.8629,2.30259,21,0.257501,0,0,0,0,1
CMDP-PostCheck,36.2956,120,367,PostCheck,0,0,0.0238152,13.8629,2.30259,21,0.197059,0,0,0,0,1
CMDP-PostCheck,36.2961,117,22,PostCheck,0,0,0.0236811,13.8629,2.30259,21,0.316367,0,0,0,0,1
CMDP-PostCheck,36.3125,234,183,PostCheck,0,0,0.0234171,13.4005,2.30259,21,0.21911,0,0,0,0,1
CMDP-PostCheck,36.3136,260,403,PostCheck,0,0,0.0236801,13.8629,2.30259,21,0.277863,0,0,0,0,1
CMDP-PostCheck,36.3147,291,398,PostCheck,0,0,0.023351,13.8629,2.30259,21,0.215606,0,0,0,0,0.998884
CMDP-PostCheck,36.317,103,5,PostCheck,0,0,0.0232463,13.8629,2.30259,21,0.192192,0,0,0,0,1
CMDP-PostCheck,36.3208,78,286,PostCheck,0,0,0.0236786,13.8629,2.30259,21,0.306408,0,0,0,0,1.00928
CMDP-PostCheck,36.3329,124,422,PostCheck,0,0,0.0236787,13.8629,2.30259,21,0.356632,0,0,0,0,1
CMDP-PostCheck,36.3341,37,343,PostCheck,0,0,0.0237125,13.5576,2.30259,21,0.240333,0,0,0,0,1.01122
CMDP-PostCheck,36.3507,175,22,PostCheck,0,0,0.0237129,13.8629,2.30259,21,0.154441,0,0,0,0,1
CMDP-PostCheck,36.3556,154,489,PostCheck,0,0,0.0237121,13.8629,2.30259,21,0.30306,0,0,0,0,1
CMDP-PostCheck,36.3565,242,5,PostCheck,0,0,0.0232463,13.8629,2.30259,21,0.207721,0,0,0,0,1
CMDP-PostCheck,36.3614,264,124,PostCheck,0,0,0.0236789,13.8629,2.30259,21,0.39639,0,0,0,0,1
CMDP-PostCheck,36.3621,118,458,PostCheck,0,0,0.0232459,13.8629,2.30259,21,0.400527,0,0,0,0,1.09481
CMDP-PostCheck,36.3643,244,430,PostCheck,0,0,0.02368,13.8629,2.30259,21,0.218525,0,0,0,0,1
CMDP-PostCheck,36.3815,192,124,PostCheck,0,0,0.0236788,13.8629,2.30259,21,0.578876,0,0,0,0,1.04047
CMDP-PostCheck,36.3822,341,48,PostCheck,0,0,0.0233979,13.8629,2.30259,21,0.36494,0,0,0,0,1
CMDP-PostCheck,36.3827,18,414,PostCheck,0,0,0.054831,13.098,2.30259,21,0.31591,0,0,0,0,1.04435
CMDP-PostCheck,36.3838,71,16,PostCheck,0,0,0.0411382,13.8629,2.30259,21,0.124346,0,0,0,0,1.00582
CMDP-PostCheck,36.3872,272,48,PostCheck,0,0,0.0232666,13.8629,2.30259,21,0.444632,0,0,0,0,1
CMDP-PostCheck,36.3883,213,157,PostCheck,0,0,0.0236786,13.8629,2.30259,21,0.287986,0,0,0,0,1
CMDP-PostCheck,36.3899,15,145,PostCheck,0,0,0.0130495,7.62462,2.30259,12,0.041862,0,0,0,0,1
CMDP-PostCheck,36.396,108,139,PostCheck,0,0,0.0236785,13.8629,2.30259,21,0.180639,0,0,0,0,1
CMDP-PostCheck,36.397,194,138,PostCheck,0,0,0.0232671,13.8629,2.30259,21,0.458124,0,0,0,0,0.991953
CMDP-PostCheck,36.4272,63,145,PostCheck,0,0,0.0318422,9.70406,2.30259,15,0.135935,0,0,0,0,1.03354
CMDP-PostCheck,36.4292,57,208,PostCheck,0,0,0.0401913,13.8629,2.30259,21,0.084203,0,0,0,0,1
CMDP-PostCheck,36.4323,74,295,PostCheck,0,0,0.0232905,13.8629,2.30259,21,0.375556,0,0,0,0,0.991953
CMDP-PostCheck,36.4464,99,286,PostCheck,0,0,0.0236785,13.8629,2.30259,21,0.166977,0,0,0,0,1
CMDP-PostCheck,36.4526,290,354,PostCheck,0,0,0.0232904,13.8629,2.30259,21,0.257671,0,0,0,0,1
CMDP-PostCheck,36.4561,315,295,PostCheck,0,0,0.0236799,13.8629,2.30259,21,0.168293,0,0,0,0,1
CMDP-PostCheck,36.4607,156,465,PostCheck,0,0,0.0234722,13.8629,2.30259,21,0.500625,0,0,0,0,1
CMDP-PostCheck,36.4666,4,103,PostCheck,0,0,0.0232072,12.9468,2.30259,21,0.255556,0,0,0,0,1.00582
CMDP-PostCheck,36.4677,249,393,PostCheck,0,0,0.0232463,13.8629,2.30259,21,0.225066,0,0,0,0,1
CMDP-PostCheck,36.4706,27,253,PostCheck,0,0,0.0233705,12.6414,2.30259,21,0.330571,0,0,0,0,1.04488
CMDP-PostCheck,36.4725,42,317,PostCheck,0,0,0.0240812,11.4199,2.30259,21,0.260509,0,0,0,0,1
CMDP-PostCheck,36.478,144,18,PostCheck,0,0,0.0233501,13.8629,2.30259,21,0.213828,0,0,0,0,1
CMDP-PostCheck,36.4805,98,102,PostCheck,0,0,0.0232529,13.8629,2.30259,21,0.113765,0,0,0,0,1
CMDP-PostCheck,36.4838,83,48,PostCheck,0,0,0.0233977,13.8629,2.30259,21,0.434834,0,0,0,0,1
CMDP-PostCheck,36.4853,73,465,PostCheck,0,0,0.0234722,13.8629,2.30259,21,0.387461,0,0,0,0,0.991953
CMDP-PostCheck,36.4935,320,423,PostCheck,0,0,0.0118404,6.93147,2.30259,11,0.039788,0,0,0,0,1
CMDP-PostCheck,36.5021,135,19,PostCheck,0,0,0.0236787,13.8629,2.30259,21,0.347786,0,0,0,0,1.04047
CMDP-PostCheck,36.518,347,320,PostCheck,0,0,0.0237246,13.8629,2.30259,21,0.107126,0,0,0,0,1
CMDP-PostCheck,36.5292,342,417,PostCheck,0,0,0.0236802,13.8629,2.30259,21,0.374382,0,0,0,0,1
CMDP-PostCheck,36.532,170,233,PostCheck,0,0,0.0232529,13.8629,2.30259,21,0.133159,0,0,0,0,1
CMDP-PostCheck,36.5327,186,312,PostCheck,0,0,0.0799809,13.5546,2.30259,21,0.482533,0,0,0,0,0.991182
CMDP-PostCheck,36.5371,58,171,PostCheck,1,1,0.0339894,0.387766,2.30259,3,0.054016,0,0,0,0,0.971278
CMDP-PostCheck,36.5457,90,501,PostCheck,0,0,0.0232962,13.8629,2.30259,21,0.123902,0,0,0,0,1
CMDP-PostCheck,36.5485,221,233,PostCheck,0,0,0.0232529,13.8629,2.30259,21,0.25898,0,0,0,0,1
CMDP-PostCheck,36.5666,146,281,PostCheck,0,0,0.0233499,13.8629,2.30259,21,0.198299,0,0,0,0,1
CMDP-PostCheck,36.5677,259,267,PostCheck,0,0,0.0236783,13.8629,2.30259,21,0.323163,0,0,0,0,1
CMDP-PostCheck,36.5722,1,412,PostCheck,0,0,0.0215688,5.2398,2.30259,9,0.043128,0,0,0,0,1.03243
CMDP-PostCheck,36.6046,229,393,PostCheck,0,0,0.0232463,13.8629,2.30259,21,0.172282,0,0,0,0,1
CMDP-PostCheck,36.6088,212,354,PostCheck,0,0,0.0232904,13.8629,2.30259,21,0.366045,0,0,0,0,1
CMDP-PostCheck,36.6263,233,354,PostCheck,0,0,0.0232904,13.8629,2.30259,21,0.195581,0,0,0,0,1
CMDP-PostCheck,36.6359,257,302,PostCheck,0,0,0.0236782,13.8629,2.30259,21,0.388575,0,0,0,0,1
CMDP-PostCheck,36.6401,54,218,PostCheck,0,0,0.0237811,13.8629,2.30259,21,0.082097,0,0,0,0,1
CMDP-PostCheck,36.6503,307,145,PostCheck,0,0,0.0166443,9.70406,2.30259,15,0.047708,0,0,0,0,1
CMDP-PostCheck,36.661,278,19,PostCheck,0,0,0.0237277,13.8629,2.30259,21,0.242165,0,0,0,0,1
CMDP-PostCheck,36.6758,326,377,PostCheck,0,0,0.023681,13.8629,2.30259,21,0.287743,0,0,0,0,1
CMDP-PostCheck,36.6767,245,224,PostCheck,0,0,0.0236793,13.8629,2.30259,21,0.210258,0,0,0,0,0.991953
CMDP-PostCheck,36.7052,28,311,PostCheck,0,0,0.0236922,13.8629,2.30259,21,0.243487,0,0,0,0,0.988195
CMDP-PostCheck,36.7062,348,401,PostCheck,0,0,0.0236967,13.8629,2.30259,21,0.255819,0,0,0,0,1
CMDP-PostCheck,36.7146,343,177,PostCheck,0,0,0.0236786,13.8629,2.30259,21,0.251268,0,0,0,0,1
CMDP-PostCheck,36.7187,55,388,PostCheck,0,0,0.0236927,13.8629,2.30259,21,0.098693,0,0,0,0,1
CMDP-PostCheck,36.719,292,361,PostCheck,0,0,0.0236782,13.8629,2.30259,21,0.284846,0,0,0,0,1
CMDP-PostCheck,36.7205,322,399,PostCheck,0,0,0.0237062,13.8629,2.30259,21,0.108281,0,0,0,0,1
CMDP-PostCheck,36.7273,136,425,PostCheck,0,0,0.0232427,13.8629,2.30259,21,0.345155,0,0,0,0,1
CMDP-PostCheck,36.7286,218,343,PostCheck,0,0,0.023687,13.8629,2.30259,21,0.28102,0,0,0,0,1
CMDP-PostCheck,36.7319,43,309,PostCheck,0,0,0.0237615,12.1688,2.30259,21,0.222159,0,0,0,0,0.990426
CMDP-PostCheck,36.7373,93,356,PostCheck,0,0,0.0233496,13.8629,2.30259,21,0.21254,0,0,0,0,1
CMDP-PostCheck,36.7428,223,395,PostCheck,0,0,0.0237029,13.8629,2.30259,21,0.426691,0,0,0,0,1.01275
CMDP-PostCheck,36.751,29,28,PostCheck,0,0,0.0446338,12.336,2.30259,21,0.317021,0,0,0,0,0.986668
CMDP-PostCheck,36.7532,155,311,PostCheck,0,0,0.0236904,13.8629,2.30259,21,0.164857,0,0,0,0,1
CMDP-PostCheck,36.7716,207,361,PostCheck,0,0,0.0236782,13.8629,2.30259,21,0.287061,0,0,0,0,1
CMDP-PostCheck,36.7944,172,425,PostCheck,0,0,0.0234722,13.8629,2.30259,21,0.185446,0,0,0,0,1.01275
CMDP-PostCheck,36.7954,283,48,PostCheck,0,0,0.0233973,13.8629,2.30259,21,0.397118,0,0,0,0,1
CMDP-PostCheck,36.7954,319,276,PostCheck,0,0,0.0845503,0.693147,2.30259,2,0.011387,0,0,0,0,1
CMDP-PostCheck,36.7986,62,425,PostCheck,0,0,0.0234722,13.8629,2.30259,21,0.307335,0,0,0,0,1.01551
CMDP-PostCheck,36.8057,89,168,PostCheck,0,0,0.0233972,13.8629,2.30259,21,0.405566,0,0,0,0,1
CMDP-PostCheck,36.8144,102,354,PostCheck,0,0,0.0232904,13.7088,2.30259,21,0.173748,0,0,0,0,1
CMDP-PostCheck,36.8165,158,42,PostCheck,0,0,0.0236851,13.8629,2.30259,21,0.226079,0,0,0,0,1
CMDP-PostCheck,36.8203,306,387,PostCheck,1,1,0.00238813,0.693147,2.30259,3,0.077846,0,0,0,0,1.02896
CMDP-PostCheck,36.8204,214,271,PostCheck,0,0,0.02368,13.8629,2.30259,21,0.41757,0,0,0,0,1
CMDP-PostCheck,36.8258,252,354,PostCheck,0,0,0.0232905,13.8629,2.30259,21,0.174012,0,0,0,0,1
CMDP-PostCheck,36.8365,72,68,PostCheck,0,0,0.0237398,13.8629,2.30259,21,0.128768,0,0,0,0,1
CMDP-PostCheck,36.8451,112,251,PostCheck,0,0,0.0236781,13.8629,2.30259,21,0.273806,0,0,0,0,1
CMDP-PostCheck,36.8495,294,485,PostCheck,0,0,0.0236806,13.8629,2.30259,21,0.315235,0,0,0,0,1
CMDP-PostCheck,36.8502,7,113,PostCheck,0,0,0.0454229,13.2522,2.30259,21,0.311639,0,0,0,0,1
CMDP-PostCheck,36.8556,150,480,PostCheck,0,0,0.0232435,13.8629,2.30259,21,0.344284,0,0,0,0,1
CMDP-PostCheck,36.8669,316,360,PostCheck,0,0,0.0982854,13.8629,2.30259,21,0.081068,0,0,0,0,1
CMDP-PostCheck,36.8746,176,424,PostCheck,0,0,0.0237191,13.8629,2.30259,21,0.088586,0,0,0,0,1
CMDP-PostCheck,36.8746,258,257,PostCheck,0,0,0.0236784,13.8629,2.30259,21,0.178309,0,0,0,0,1
CMDP-PostCheck,36.8865,324,262,PostCheck,0,0,0.0236785,13.8629,2.30259,21,0.190967,0,0,0,0,1
CMDP-PostCheck,36.8878,334,168,PostCheck,0,0,0.0233972,13.8629,2.30259,21,0.557469,0,0,0,0,1
CMDP-PostCheck,36.8935,2,480,PostCheck,1,1,0.00239265,0.693147,2.30259,3,0.055001,0,0,0,0,0.991953
CMDP-PostCheck,36.8937,149,168,PostCheck,0,0,0.0233972,13.8629,2.30259,21,0.454359,0,0,0,0,0.990837
CMDP-PostCheck,36.8938,331,480,PostCheck,0,0,0.0232435,13.8629,2.30259,21,0.322855,0,0,0,0,1
CMDP-PostCheck,36.8947,330,277,PostCheck,0,0,0.023678,13.8629,2.30259,21,0.24735,0,0,0,0,1
CMDP-PostCheck,36.901,64,295,PostCheck,0,0,0.0232905,13.8629,2.30259,21,0.317122,0,0,0,0,0.983906
CMDP-PostCheck,36.9066,178,437,PostCheck,0,0,0.0752933,13.8629,2.30259,21,0.072611,0,0,0,0,1.01968
CMDP-PostCheck,36.9149,184,2,PostCheck,0,0,0.0236794,13.8629,2.30259,21,0.235215,0,0,0,0,1
CMDP-PostCheck,36.9157,111,138,PostCheck,0,0,0.0236782,13.8629,2.30259,21,0.261063,0,0,0,0,1
CMDP-PostCheck,36.9193,304,401,PostCheck,0,0,0.0236914,13.8629,2.30259,21,0.144708,0,0,0,0,1
CMDP-PostCheck,36.9288,350,136,PostCheck,0,0,0.0234712,13.8629,2.30259,21,0.367388,0,0,0,0,1
CMDP-PostCheck,36.9301,275,354,PostCheck,0,0,0.0232904,13.8629,2.30259,21,0.296849,0,0,0,0,1
CMDP-PostCheck,36.9325,32,339,PostCheck,1,0,0.0122294,4.71142,2.30259,11,0.269764,0,0,0,0,1.02585
CMDP-PostCheck,36.9339,168,425,PostCheck,0,0,0.0232429,13.8629,2.30259,21,0.169902,0,0,0,0,1
CMDP-PostCheck,36.9365,266,480,PostCheck,0,0,0.0232435,13.8629,2.30259,21,0.350796,0,0,0,0,1
CMDP-PostCheck,36.9414,340,109,PostCheck,0,0,0.0963765,13.8629,2.30259,21,0.137273,0,0,0,0,1
CMDP-PostCheck,36.942,303,423,PostCheck,0,0,0.0118579,6.93147,2.30259,11,0.029048,0,0,0,0,1
CMDP-PostCheck,36.9444,109,222,PostCheck,0,0,0.023687,13.8629,2.30259,21,0.180938,0,0,0,0,1
CMDP-PostCheck,36.9488,339,510,PostCheck,0,0,0.0236792,13.8629,2.30259,21,0.331107,0,0,0,0,1
CMDP-PostCheck,36.9493,298,68,PostCheck,0,0,0.0201323,11.7835,2.30259,18,0.18462,0,0,0,0,1
CMDP-PostCheck,36.9502,84,145,PostCheck,0,0,0.0130925,7.62462,2.30259,12,0.101219,0,0,0,0,1
CMDP-PostCheck,36.9684,185,286,PostCheck,0,0,0.0236785,13.8629,2.30259,21,0.192387,0,0,0,0,1
CMDP-PostCheck,36.9769,151,52,PostCheck,0,0,0.023397,13.8629,2.30259,21,0.384394,0,0,0,0,0.991953
CMDP-PostCheck,36.977,130,298,PostCheck,0,0,0.0236869,13.8629,2.30259,21,0.244322,0,0,0,0,0.991953
CMDP-PostCheck,36.9793,69,126,PostCheck,0,0,0.0236784,13.8629,2.30259,21,0.311513,0,0,0,0,1
CMDP-PostCheck,36.9805,77,406,PostCheck,0,0,0.0236873,13.8629,2.30259,21,0.170288,0,0,0,0,1
CMDP-PostCheck,36.9816,329,356,PostCheck,0,0,0.0233493,13.8629,2.30259,21,0.241501,0,0,0,0,1
CMDP-PostCheck,36.9817,308,145,PostCheck,0,0,0.0142384,8.31777,2.30259,13,0.050579,0,0,0,0,1
CMDP-PostCheck,36.9844,297,224,PostCheck,0,0,0.0236797,13.8629,2.30259,21,0.314582,0,0,0,0,1
CMDP-PostCheck,36.9847,113,244,PostCheck,0,0,0.0232429,13.8629,2.30259,21,0.201283,0,0,0,0,1
CMDP-PostCheck,36.9851,33,260,PostCheck,0,0,0.0651095,13.2522,2.30259,21,0.355161,0,0,0,0,1
CMDP-PostCheck,36.9969,80,498,PostCheck,1,1,0.00238998,0.693147,2.30259,3,0.033704,0,0,0,0,0.997769
CMDP-PostCheck,37.0113,137,304,PostCheck,1,1,0.00240617,0.693147,2.30259,3,0.162629,0,0,0,0,1.01163
CMDP-PostCheck,37.0213,321,456,PostCheck,0,0,0.0236985,13.8629,2.30259,21,0.146514,0,0,0,0,1
CMDP-PostCheck,37.0336,40,264,PostCheck,1,0,0.0128601,5.09918,2.30259,12,0.282451,0,0,0,0,0.993016
CMDP-PostCheck,37.0339,31,517,PostCheck,0,0,0.0237354,12.6414,2.30259,21,0.179002,0,0,0,0,1
CMDP-PostCheck,37.0373,82,305,PostCheck,0,0,0.0232458,13.8629,2.30259,21,0.312002,0,0,0,0,1
CMDP-PostCheck,37.0412,46,99,PostCheck,0,0,0.0234017,12.9468,2.30259,21,0.258746,0,0,0,0,1.06597
CMDP-PostCheck,37.0585,106,302,PostCheck,0,0,0.0232465,13.8629,2.30259,21,0.192172,0,0,0,0,1
CMDP-PostCheck,37.0599,262,480,PostCheck,0,0,0.0232435,13.8629,2.30259,21,0.271003,0,0,0,0,1
CMDP-PostCheck,37.0661,276,319,PostCheck,0,0,0.0787617,0.693147,2.30259,2,0.018583,0,0,0,0,1
CMDP-PostCheck,37.08,142,481,PostCheck,0,0,0.0236785,13.8629,2.30259,21,0.268686,0,0,0,0,1.05087
CMDP-PostCheck,37.0814,270,354,PostCheck,0,0,0.0232904,13.8629,2.30259,21,0.672499,0,0,0,0,1
CMDP-PostCheck,37.089,129,287,PostCheck,0,0,0.0236958,13.8629,2.30259,21,0.197165,0,0,0,0,1
CMDP-PostCheck,37.0987,39,244,PostCheck,0,0,0.0236782,13.8629,2.30259,21,0.26711,0,0,0,0,1
CMDP-PostCheck,37.1016,16,422,PostCheck,0,0,0.0421283,12.6414,2.30259,21,0.211095,0,0,0,0,1
CMDP-PostCheck,37.1078,160,197,PostCheck,0,0,0.0236999,13.8629,2.30259,21,0.096915,0,0,0,0,1
CMDP-PostCheck,37.1082,44,260,PostCheck,0,0,0.0520675,13.2522,2.30259,21,0.22815,0,0,0,0,1
CMDP-PostCheck,37.1086,110,437,PostCheck,0,0,0.0524642,13.8629,2.30259,21,0.103416,0,0,0,0,1
CMDP-PostCheck,37.1114,38,47,PostCheck,0,0,0.0240911,11.1145,2.30259,21,0.346485,0,0,0,0,1.04071
CMDP-PostCheck,37.1153,196,259,PostCheck,0,0,0.0236904,13.8629,2.30259,21,0.476329,0,0,0,0,1
CMDP-PostCheck,37.1313,191,230,PostCheck,0,0,0.0233977,13.8629,2.30259,21,0.24378,0,0,0,0,1
CMDP-PostCheck,37.1344,302,257,PostCheck,0,0,0.0232464,13.8629,2.30259,21,0.161065,0,0,0,0,1
CMDP-PostCheck,37.1364,181,437,PostCheck,0,0,0.0236866,13.8629,2.30259,21,0.074058,0,0,0,0,1
CMDP-PostCheck,37.137,337,508,PostCheck,0,0,0.0232931,13.8629,2.30259,21,0.230539,0,0,0,0,1
CMDP-PostCheck,37.1398,271,512,PostCheck,0,0,0.0236785,13.8629,2.30259,21,0.270063,0,0,0,0,1
CMDP-PostCheck,37.1419,8,500,PostCheck,0,0,0.0575793,13.2522,2.30259,21,0.363676,0,0,0,0,1
CMDP-PostCheck,37.1419,23,294,PostCheck,0,0,0.0497159,12.9468,2.30259,21,0.13651,0,0,0,0,1.0783
CMDP-PostCheck,37.1491,3,168,PostCheck,0,0,0.0410687,13.2522,2.30259,21,0.194215,0,0,0,0,1.04571
CMDP-PostCheck,37.153,240,19,PostCheck,0,0,0.0237091,13.8629,2.30259,21,0.128376,0,0,0,0,1
CMDP-PostCheck,37.1563,131,485,PostCheck,0,0,0.0236789,13.8629,2.30259,21,0.256516,0,0,0,0,1
CMDP-PostCheck,37.1671,247,327,PostCheck,0,0,0.023678,13.8629,2.30259,21,0.222963,0,0,0,0,1
CMDP-PostCheck,37.1675,11,493,PostCheck,1,1,0.027126,0.693147,2.30259,3,0.089655,0,0,0,0,1.04905
CMDP-PostCheck,37.1707,86,230,PostCheck,0,0,0.0233969,13.8629,2.30259,21,0.29515,0,0,0,0,1
CMDP-PostCheck,37.1725,139,224,PostCheck,0,0,0.0236822,13.8629,2.30259,21,0.284237,0,0,0,0,1
CMDP-PostCheck,37.1814,289,480,PostCheck,0,0,0.0232435,13.8629,2.30259,21,0.349466,0,0,0,0,1
CMDP-PostCheck,37.1863,216,510,PostCheck,0,0,0.0236794,13.8629,2.30259,21,0.376532,0,0,0,0,0.991953
CMDP-PostCheck,37.1892,100,194,PostCheck,1,1,0.00218928,0.693147,2.30259,3,0.056312,0,0,0,0,0.983906
CMDP-PostCheck,37.2007,59,2,PostCheck,0,0,0.0236906,13.8629,2.30259,21,0.168679,0,0,0,0,1
CMDP-PostCheck,37.2085,267,70,PostCheck,0,0,0.0236782,13.8629,2.30259,21,0.209948,0,0,0,0,1.0474
CMDP-PostCheck,37.2229,22,257,PostCheck,0,0,0.0232465,13.8629,2.30259,21,0.16888,0,0,0,0,1
CMDP-PostCheck,37.2249,318,6,PostCheck,0,0,0.0236844,13.8629,2.30259,21,0.099171,0,0,0,0,1
CMDP-PostCheck,37.2373,346,162,PostCheck,0,0,0.0236978,13.7088,2.30259,21,0.338124,0,0,0,0,1
CMDP-PostCheck,37.2519,180,314,PostCheck,0,0,0.0236881,13.8629,2.30259,21,0.078913,0,0,0,0,1.04394
CMDP-PostCheck,37.2531,227,255,PostCheck,0,0,0.0756612,13.8629,2.30259,21,0.234066,0,0,0,0,1
CMDP-PostCheck,37.2572,193,5,PostCheck,0,0,0.0232463,13.8629,2.30259,21,0.204264,0,0,0,0,1.00582
CMDP-PostCheck,37.2613,195,312,PostCheck,0,0,0.0232903,13.8629,2.30259,21,0.166513,0,0,0,0,1
CMDP-PostCheck,37.2705,162,302,PostCheck,0,0,0.0232465,13.8629,2.30259,21,0.154095,0,0,0,0,1
CMDP-PostCheck,37.274,263,257,PostCheck,0,0,0.0232465,13.8629,2.30259,21,0.159586,0,0,0,0,1
CMDP-PostCheck,37.2839,199,480,PostCheck,0,0,0.0232435,13.8629,2.30259,21,0.405419,0,0,0,0,1
CMDP-PostCheck,37.2845,24,43,PostCheck,1,1,0.00480586,1.1633,2.30259,5,0.294385,0,0,0,0,0.994304
CMDP-PostCheck,37.2963,79,356,PostCheck,0,0,0.0233488,13.8629,2.30259,21,0.317926,0,0,0,0,1
CMDP-PostCheck,37.3005,133,460,PostCheck,0,0,0.0233059,13.4005,2.30259,21,0.381831,0,0,0,0,0.999693
CMDP-PostCheck,37.3009,35,245,PostCheck,0,0,0.0232861,12.336,2.30259,21,0.198736,0,0,0,0,1.05111
CMDP-PostCheck,37.3031,286,444,PostCheck,0,0,0.0236813,13.8629,2.30259,21,0.272026,0,0,0,0,1
CMDP-PostCheck,37.3057,60,480,PostCheck,0,0,0.0232435,13.8629,2.30259,21,0.399832,0,0,0,0,1
CMDP-PostCheck,37.3093,215,257,PostCheck,0,0,0.0232465,13.8629,2.30259,21,0.344277,0,0,0,0,1
CMDP-PostCheck,37.3136,358,423,PostCheck,0,0,0.011853,6.93147,2.30259,11,0.084572,0,0,0,0,1
CMDP-PostCheck,37.3193,311,139,PostCheck,0,0,0.0236819,13.8629,2.30259,21,0.141463,0,0,0,0,1
CMDP-PostCheck,37.326,138,32,PostCheck,0,0,0.0233974,13.8629,2.30259,21,0.594815,0,0,0,0,1.05434
CMDP-PostCheck,37.3331,5,262,PostCheck,0,0,0.0579864,13.2522,2.30259,21,0.23799,0,0,0,0,0.990426
CMDP-PostCheck,37.3422,217,98,PostCheck,0,0,0.0236828,13.8629,2.30259,21,0.28051,0,0,0,0,1.03008
CMDP-PostCheck,37.3427,94,364,PostCheck,1,0,0.0067482,3.46574,2.30259,7,0.669168,0,0,0,0,1.00582
CMDP-PostCheck,37.344,305,156,PostCheck,0,0,0.0232413,13.8629,2.30259,21,0.210096,0,0,0,0,1
CMDP-PostCheck,37.3511,107,32,PostCheck,0,0,0.0232654,13.8629,2.30259,21,0.303871,0,0,0,0,1
CMDP-PostCheck,37.3524,250,480,PostCheck,0,0,0.0232435,13.8629,2.30259,21,0.258873,0,0,0,0,1
CMDP-PostCheck,37.3535,6,48,PostCheck,0,0,0.0420309,13.2522,2.30259,21,0.306737,0,0,0,0,0.992484
CMDP-PostCheck,37.3641,87,236,PostCheck,0,0,0.0236788,13.8629,2.30259,21,0.331865,0,0,0,0,1
CMDP-PostCheck,37.3826,159,37,PostCheck,0,0,0.0237462,13.8629,2.30259,21,0.136424,0,0,0,0,1
CMDP-PostCheck,37.3897,255,327,PostCheck,1,0,0.0213728,11.6294,2.30259,19,0.162457,0,0,0,0,1.04663
CMDP-PostCheck,37.3959,225,41,PostCheck,0,0,0.0237024,13.8629,2.30259,21,0.223686,0,0,0,0,1
CMDP-PostCheck,37.3965,285,32,PostCheck,0,0,0.0236821,13.8629,2.30259,21,0.377336,0,0,0,0,1
CMDP-PostCheck,37.4078,52,256,PostCheck,0,0,0.0626663,13.5576,2.30259,21,0.195158,0,0,0,0,1.04934
CMDP-PostCheck,37.4098,354,454,PostCheck,0,0,0.0232907,13.8629,2.30259,21,0.255039,0,0,0,0,1
CMDP-PostCheck,37.4146,49,392,PostCheck,0,0,0.0237224,13.8629,2.30259,21,0.04667,0,0,0,0,1.04047
CMDP-PostCheck,37.4175,88,484,PostCheck,0,0,0.0236786,13.8629,2.30259,21,0.334359,0,0,0,0,0.994303
CMDP-PostCheck,37.4181,352,283,PostCheck,0,0,0.0236802,13.8629,2.30259,21,0.303929,0,0,0,0,1
CMDP-PostCheck,37.4227,140,246,PostCheck,0,0,0.0232951,13.8629,2.30259,21,0.243324,0,0,0,0,1
CMDP-PostCheck,37.4247,281,480,PostCheck,0,0,0.0232435,13.8629,2.30259,21,0.498791,0,0,0,0,1
CMDP-PostCheck,37.4294,61,48,PostCheck,0,0,0.0237104,13.5576,2.30259,21,0.194007,0,0,0,0,1
CMDP-PostCheck,37.4433,122,476,PostCheck,0,0,0.0233965,13.8629,2.30259,21,0.244732,0,0,0,0,1
CMDP-PostCheck,37.4482,360,482,PostCheck,0,0,0.0236957,13.8629,2.30259,21,0.33917,0,0,0,0,1
CMDP-PostCheck,37.4499,325,480,PostCheck,0,0,0.0232435,13.8629,2.30259,21,0.257236,0,0,0,0,1
CMDP-PostCheck,37.4579,201,476,PostCheck,0,0,0.0232652,13.8629,2.30259,21,0.460684,0,0,0,0,1
CMDP-PostCheck,37.4598,66,58,PostCheck,1,1,0.00240411,0.693147,2.30259,3,0.058283,0,0,0,0,0.983906
CMDP-PostCheck,37.4619,128,152,PostCheck,0,0,0.023681,13.8629,2.30259,21,0.210142,0,0,0,0,1
CMDP-PostCheck,37.4654,222,517,PostCheck,0,0,0.0236865,13.8629,2.30259,21,0.336434,0,0,0,0,1.00235
CMDP-PostCheck,37.4743,251,476,PostCheck,0,0,0.0233965,13.8629,2.30259,21,0.373769,0,0,0,0,1
CMDP-PostCheck,37.4754,314,424,PostCheck,0,0,0.0236888,13.8629,2.30259,21,0.098638,0,0,0,0,1
CMDP-PostCheck,37.4782,70,302,PostCheck,0,0,0.0232466,13.8629,2.30259,21,0.141453,0,0,0,0,1
CMDP-PostCheck,37.4843,284,513,PostCheck,0,0,0.0236872,13.8629,2.30259,21,0.270852,0,0,0,0,1
CMDP-PostCheck,37.5062,48,394,PostCheck,0,0,0.0233967,13.8629,2.30259,21,0.250436,0,0,0,0,1
CMDP-PostCheck,37.5096,115,389,PostCheck,0,0,0.0236781,13.8629,2.30259,21,0.243148,0,0,0,0,1
CMDP-PostCheck,37.5183,200,257,PostCheck,0,0,0.0232466,13.8629,2.30259,21,0.157056,0,0,0,0,0.991953
CMDP-PostCheck,37.5229,10,412,PostCheck,0,0,0.0403856,5.93294,2.30259,10,0.082174,0,0,0,0,1
CMDP-PostCheck,37.5242,76,305,PostCheck,1,1,0.00219074,0.693147,2.30259,3,0.187132,0,0,0,0,0.991953
CMDP-PostCheck,37.5251,268,480,PostCheck,0,0,0.0232435,13.8629,2.30259,21,0.226287,0,0,0,0,1
CMDP-PostCheck,37.5316,332,508,PostCheck,0,0,0.0236789,13.8629,2.30259,21,0.118177,0,0,0,0,1
CMDP-PostCheck,37.5346,132,208,PostCheck,0,0,0.0237153,13.8629,2.30259,21,0.201154,0,0,0,0,1.0474
CMDP-PostCheck,37.5406,0,351,PostCheck,0,0,0.0520609,13.2522,2.30259,21,0.213185,0,0,0,0,1
CMDP-PostCheck,37.5427,208,197,PostCheck,0,0,0.0237011,13.8629,2.30259,21,0.198247,0,0,0,0,1.04047
CMDP-PostCheck,37.5449,141,480,PostCheck,0,0,0.0232435,13.8629,2.30259,21,0.645609,0,0,0,0,1.08441
CMDP-PostCheck,37.5609,75,96,PostCheck,0,0,0.023678,13.8629,2.30259,21,0.278624,0,0,0,0,1
CMDP-PostCheck,37.5615,123,68,PostCheck,0,0,0.0165804,9.70406,2.30259,15,0.098109,0,0,0,0,1
CMDP-PostCheck,37.5643,182,5,PostCheck,0,0,0.0232462,13.8629,2.30259,21,0.242016,0,0,0,0,1
CMDP-PostCheck,37.5693,119,273,PostCheck,0,0,0.0234785,13.8629,2.30259,21,0.255438,0,0,0,0,0.991953
CMDP-PostCheck,37.5694,349,114,PostCheck,0,0,0.0852354,2.07944,2.30259,4,0.040223,0,0,0,0,1
CMDP-PostCheck,37.5758,85,145,PostCheck,0,0,0.00356995,2.07944,2.30259,4,0.063,0,0,0,0,0.991953
CMDP-PostCheck,37.5817,236,156,PostCheck,0,0,0.0234785,13.8629,2.30259,21,0.304523,0,0,0,0,1
CMDP-PostCheck,37.5856,376,365,PostCheck,0,0,0.0236783,13.8629,2.30259,21,0.337116,0,0,0,0,1
CMDP-PostCheck,37.5945,209,435,PostCheck,0,0,0.00237489,1.38629,2.30259,3,0.033273,0,0,0,0,1
CMDP-PostCheck,37.5968,114,148,PostCheck,0,0,0.00478621,2.77259,2.30259,5,0.020684,0,0,0,0,1
CMDP-PostCheck,37.5985,91,454,PostCheck,0,0,0.0232907,13.8629,2.30259,21,0.317794,0,0,0,0,1
CMDP-PostCheck,37.6002,333,460,PostCheck,0,0,0.0233976,13.8629,2.30259,21,0.333892,0,0,0,0,1
CMDP-PostCheck,37.6021,378,460,PostCheck,0,0,0.0233976,13.8629,2.30259,21,0.625976,0,0,0,0,1
CMDP-PostCheck,37.604,288,280,PostCheck,0,0,0.0237596,13.8629,2.30259,21,0.125828,0,0,0,0,1.01621
CMDP-PostCheck,37.6158,148,114,PostCheck,0,0,0.00477577,2.77259,2.30259,5,0.026863,0,0,0,0,1
CMDP-PostCheck,37.6249,205,168,PostCheck,1,1,0.00210804,0.693147,2.30259,3,0.178391,0,0,0,0,0.987371
CMDP-PostCheck,37.6283,243,224,PostCheck,0,0,0.0236788,13.8629,2.30259,21,0.162035,0,0,0,0,1
CMDP-PostCheck,37.6325,323,217,PostCheck,0,0,0.0232495,13.8629,2.30259,21,0.130967,0,0,0,0,1
CMDP-PostCheck,37.6339,230,116,PostCheck,0,0,0.0232465,13.8629,2.30259,21,0.431347,0,0,0,0,0.998884
CMDP-PostCheck,37.6439,53,174,PostCheck,0,0,0.0243264,13.5546,2.30259,21,0.218145,0,0,0,0,0.990066
CMDP-PostCheck,37.6457,361,343,PostCheck,0,0,0.0236791,13.8629,2.30259,21,0.224154,0,0,0,0,1
CMDP-PostCheck,37.6551,282,116,PostCheck,0,0,0.0232465,13.8629,2.30259,21,0.721743,0,0,0,0,1
CMDP-PostCheck,37.656,220,353,PostCheck,0,0,0.0233262,13.8629,2.30259,21,0.319905,0,0,0,0,1
CMDP-PostCheck,37.6693,335,214,PostCheck,0,0,0.0236796,13.8629,2.30259,21,0.22843,0,0,0,0,1
CMDP-PostCheck,37.6707,134,448,PostCheck,1,0,0.01544,8.31777,2.30259,14,0.118589,0,0,0,0,1.03008
CMDP-PostCheck,37.6798,231,37,PostCheck,0,0,0.0237579,13.8629,2.30259,21,0.138751,0,0,0,0,1
CMDP-PostCheck,37.6819,189,439,PostCheck,0,0,0.0178278,10.3972,2.30259,16,0.040885,0,0,0,0,1
CMDP-PostCheck,37.6823,116,156,PostCheck,0,0,0.0234785,13.8629,2.30259,21,0.300089,0,0,0,0,0.991953
CMDP-PostCheck,37.6879,235,442,PostCheck,0,0,0.0232526,13.8629,2.30259,21,0.162958,0,0,0,0,1
CMDP-PostCheck,37.7044,92,314,PostCheck,0,0,0.023699,13.8629,2.30259,21,0.114615,0,0,0,0,1.05178
CMDP-PostCheck,37.7104,238,292,PostCheck,0,0,0.0236808,13.8629,2.30259,21,0.25688,0,0,0,0,1
CMDP-PostCheck,37.712,300,367,PostCheck,0,0,0.0237956,13.8629,2.30259,21,0.12868,0,0,0,0,1
CMDP-PostCheck,37.7193,68,246,PostCheck,0,0,0.0236851,13.8629,2.30259,21,0.115892,0,0,0,0,1.04394
CMDP-PostCheck,37.7238,377,334,PostCheck,0,0,0.0232909,13.8629,2.30259,21,0.333725,0,0,0,0,1
CMDP-PostCheck,37.7246,188,355,PostCheck,0,0,0.0237074,13.8629,2.30259,21,0.06426,0,0,0,0,1.03701
CMDP-PostCheck,37.7307,293,460,PostCheck,0,0,0.0233984,13.8629,2.30259,21,0.388038,0,0,0,0,1
CMDP-PostCheck,37.7376,228,213,PostCheck,1,0,0.00788685,4.15888,2.30259,8,0.229068,0,0,0,0,1.00928
CMDP-PostCheck,37.74,261,73,PostCheck,0,0,0.0234786,13.8629,2.30259,21,0.239509,0,0,0,0,0.991953
CMDP-PostCheck,37.7406,366,365,PostCheck,0,0,0.0236833,13.8629,2.30259,21,0.569827,0,0,0,0,1
CMDP-PostCheck,37.7517,211,492,PostCheck,0,0,0.00475956,2.77259,2.30259,5,0.065092,0,0,0,0,1
CMDP-PostCheck,37.7539,105,460,PostCheck,0,0,0.0232737,13.8629,2.30259,21,0.282789,0,0,0,0,1
CMDP-PostCheck,37.7598,26,13,PostCheck,0,0,0.0391064,13.5576,2.30259,21,0.100825,0,0,0,0,1
CMDP-PostCheck,37.7777,345,502,PostCheck,0,0,0.0232907,13.8629,2.30259,21,0.462938,0,0,0,0,1
CMDP-PostCheck,37.7942,356,480,PostCheck,0,0,0.0232442,13.8629,2.30259,21,0.328634,0,0,0,0,1
CMDP-PostCheck,37.7944,171,334,PostCheck,0,0,0.0236782,13.8629,2.30259,21,0.429657,0,0,0,0,0.991953
CMDP-PostCheck,37.8125,12,7,PostCheck,0,0,0.036441,13.0951,2.30259,21,0.527382,0,0,0,0,0.973546
CMDP-PostCheck,37.815,30,43,PostCheck,0,0,0.0556339,12.0307,2.30259,21,0.408199,0,0,0,0,0.997769
CMDP-PostCheck,37.8168,56,285,PostCheck,0,0,0.0236813,13.8629,2.30259,21,0.180706,0,0,0,0,1
CMDP-PostCheck,37.8188,161,480,PostCheck,0,0,0.0232443,13.8629,2.30259,21,0.537364,0,0,0,0,1
CMDP-PostCheck,37.8196,157,139,PostCheck,0,0,0.0236832,13.8629,2.30259,21,0.203575,0,0,0,0,1
CMDP-PostCheck,37.8454,173,131,PostCheck,0,0,0.0236787,13.8629,2.30259,21,0.382597,0,0,0,0,1.00582
CMDP-PostCheck,37.8498,153,39,PostCheck,0,0,0.0236825,13.8629,2.30259,21,1.52146,0,0,0,0,1.02661
CMDP-PostCheck,37.8531,338,502,PostCheck,0,0,0.0232907,13.7088,2.30259,21,0.204085,0,0,0,0,1
CMDP-PostCheck,37.8686,143,439,PostCheck,0,0,0.0178326,10.3972,2.30259,16,0.114817,0,0,0,0,1
CMDP-PostCheck,37.8722,174,480,PostCheck,0,0,0.0232443,13.8629,2.30259,21,0.254337,0,0,0,0,1
CMDP-PostCheck,37.8726,246,480,PostCheck,0,0,0.0232443,13.8629,2.30259,21,0.218843,0,0,0,0,0.991953
CMDP-PostCheck,37.8734,313,173,PostCheck,0,0,0.0236807,13.8629,2.30259,21,0.240779,0,0,0,0,1
CMDP-PostCheck,37.8819,219,460,PostCheck,0,0,0.0232449,13.8629,2.30259,21,0.463391,0,0,0,0,1
CMDP-PostCheck,37.8892,9,257,PostCheck,0,0,0.0451259,13.2522,2.30259,21,0.281569,0,0,0,0,1
CMDP-PostCheck,37.8902,355,358,PostCheck,0,0,0.0237906,13.8629,2.30259,21,0.113017,0,0,0,0,1
CMDP-PostCheck,37.8921,14,489,PostCheck,0,0,0.0236996,12.9468,2.30259,21,0.257394,0,0,0,0,1.0255
CMDP-PostCheck,37.8938,381,356,PostCheck,0,0,0.0233482,13.8629,2.30259,21,0.279088,0,0,0,0,1
CMDP-PostCheck,37.8951,241,305,PostCheck,0,0,0.023246,13.8629,2.30259,21,0.228804,0,0,0,0,0.991953
CMDP-PostCheck,37.8956,198,343,PostCheck,0,0,0.0236805,13.8629,2.30259,21,0.165446,0,0,0,0,1
CMDP-PostCheck,37.8958,169,64,PostCheck,0,0,0.0236792,13.8629,2.30259,21,0.221117,0,0,0,0,1
CMDP-PostCheck,37.8972,310,480,PostCheck,0,0,0.0232443,13.8629,2.30259,21,0.770495,0,0,0,0,1
CMDP-PostCheck,37.9007,327,52,PostCheck,0,0,0.0236785,13.8629,2.30259,21,0.308861,0,0,0,0,1
CMDP-PostCheck,37.904,351,510,PostCheck,0,0,0.0236796,13.8629,2.30259,21,0.354337,0,0,0,0,1
CMDP-PostCheck,37.9044,254,498,PostCheck,0,0,0.0237162,13.8629,2.30259,21,0.053891,0,0,0,0,1
CMDP-PostCheck,37.909,45,106,PostCheck,0,0,0.0238176,13.2522,2.30259,21,0.166895,0,0,0,0,1
CMDP-PostCheck,37.9135,296,162,PostCheck,0,0,0.0232468,13.8629,2.30259,21,0.418726,0,0,0,0,1
CMDP-PostCheck,37.9189,104,443,PostCheck,0,0,0.0578883,13.4005,2.30259,21,0.409597,0,0,0,0,1.00778
CMDP-PostCheck,37.9237,152,73,PostCheck,0,0,0.0234786,13.8629,2.30259,21,0.405836,0,0,0,0,1.01621
CMDP-PostCheck,37.9267,265,147,PostCheck,1,1,0.0020074,0.693147,2.30259,3,0.078529,0,0,0,0,0.983906
CMDP-PostCheck,37.9316,287,19,PostCheck,0,0,0.023699,13.8629,2.30259,21,0.252026,0,0,0,0,1
CMDP-PostCheck,37.9332,95,460,PostCheck,0,0,0.0233977,13.8629,2.30259,21,0.386335,0,0,0,0,1
CMDP-PostCheck,37.9435,372,156,PostCheck,0,0,0.0234787,13.8629,2.30259,21,0.41655,0,0,0,0,1
CMDP-PostCheck,37.9465,81,5,PostCheck,0,0,0.0232462,13.8629,2.30259,21,0.330523,0,0,0,0,1.04047
CMDP-PostCheck,37.9541,363,358,PostCheck,0,0,0.0237853,13.8629,2.30259,21,0.132366,0,0,0,0,1
CMDP-PostCheck,37.959,328,185,PostCheck,0,0,0.0236783,13.8629,2.30259,21,0.189512,0,0,0,0,1
CMDP-PostCheck,37.9604,67,334,PostCheck,0,0,0.023291,13.8629,2.30259,21,0.182053,0,0,0,0,1.04394
CMDP-PostCheck,37.9627,97,409,PostCheck,0,0,0.0236788,13.8629,2.30259,21,0.265574,0,0,0,0,1.04282
CMDP-PostCheck,37.9648,165,78,PostCheck,0,0,0.0236793,13.8629,2.30259,21,0.278545,0,0,0,0,0.991953
CMDP-PostCheck,37.9756,126,292,PostCheck,0,0,0.0232468,13.8629,2.30259,21,0.164052,0,0,0,0,1
CMDP-PostCheck,37.9791,206,224,PostCheck,0,0,0.0236794,13.8629,2.30259,21,0.214921,0,0,0,0,1
CMDP-PostCheck,37.9791,280,39,PostCheck,0,0,0.0236978,13.8629,2.30259,21,0.143801,0,0,0,0,1
CMDP-PostCheck,37.9863,101,528,PostCheck,0,0,0.0236907,13.8629,2.30259,21,0.264581,0,0,0,0,1
CMDP-PostCheck,37.989,34,224,PostCheck,0,0,0.024431,11.7122,2.30259,21,0.38973,0,0,0,0,1.00328
CMDP-PostCheck,37.9912,269,480,PostCheck,0,0,0.0232443,13.8629,2.30259,21,0.275554,0,0,0,0,0.991953
CMDP-PostCheck,37.995,166,356,PostCheck,0,0,0.0233481,13.8629,2.30259,21,0.312122,0,0,0,0,1
CMDP-PostCheck,37.9998,36,126,PostCheck,0,0,0.023757,13.5576,2.30259,21,0.215491,0,0,0,0,1
CMDP-PostCheck,38.0157,20,482,PostCheck,0,0,0.0232928,12.6414,2.30259,21,0.198709,0,0,0,0,1.02021
CMDP-PostCheck,38.0171,19,350,PostCheck,0,0,0.0237697,12.0307,2.30259,21,0.186161,0,0,0,0,1.00511
CMDP-PostCheck,38.0175,203,13,PostCheck,1,0,0.0155049,8.31777,2.30259,14,0.064185,0,0,0,0,1.03008
CMDP-PostCheck,38.0263,183,73,PostCheck,0,0,0.0234787,13.8629,2.30259,21,0.266692,0,0,0,0,1
CMDP-PostCheck,38.0309,145,330,PostCheck,0,0,0.0702802,13.8629,2.30259,21,0.193713,0,0,0,0,1
CMDP-PostCheck,38.034,47,17,PostCheck,0,0,0.0232814,13.5576,2.30259,21,0.298609,0,0,0,0,1
CMDP-PostCheck,38.0505,274,305,PostCheck,0,0,0.023246,13.7088,2.30259,21,0.24822,0,0,0,0,1
CMDP-PostCheck,38.052,232,113,PostCheck,0,0,0.0838891,13.7088,2.30259,21,0.585725,0,0,0,0,1
CMDP-PostCheck,38.0549,273,421,PostCheck,0,0,0.023678,13.8629,2.30259,21,0.261745,0,0,0,0,1
CMDP-PostCheck,38.0651,295,502,PostCheck,0,0,0.0232908,13.8629,2.30259,21,0.392645,0,0,0,0,0.991953
CMDP-PostCheck,38.0675,21,482,PostCheck,0,0,0.0232928,12.6414,2.30259,21,0.21809,0,0,0,0,1.02767
CMDP-PostCheck,38.0678,344,439,PostCheck,0,0,0.0178059,10.3972,2.30259,16,0.049071,0,0,0,0,1.00235
CMDP-PostCheck,38.068,312,334,PostCheck,1,1,0.00437809,2.07944,2.30259,5,0.179503,0,0,0,0,0.998884
CMDP-PostCheck,38.0691,301,257,PostCheck,0,0,0.0236784,13.8629,2.30259,21,0.264956,0,0,0,0,1
CMDP-PostCheck,38.07,190,113,PostCheck,0,0,0.0233976,13.8629,2.30259,21,0.221607,0,0,0,0,1
CMDP-PostCheck,38.0721,147,502,PostCheck,0,0,0.0232908,13.8629,2.30259,21,0.411475,0,0,0,0,1
CMDP-PostCheck,38.0863,121,330,PostCheck,0,0,0.0646251,13.8629,2.30259,21,0.123021,0,0,0,0,1.08095
CMDP-PostCheck,38.0938,299,139,PostCheck,0,0,0.0236827,13.8629,2.30259,21,0.281243,0,0,0,0,1
CMDP-PostCheck,38.094,202,78,PostCheck,0,0,0.0236792,13.8629,2.30259,21,0.272818,0,0,0,0,1
CMDP-PostCheck,38.099,197,129,PostCheck,0,0,0.0236824,13.8629,2.30259,21,0.097549,0,0,0,0,1
CMDP-PostCheck,38.1044,179,113,PostCheck,0,0,0.0232663,13.8629,2.30259,21,0.210021,0,0,0,0,0.994303
CMDP-PostCheck,38.121,239,41,PostCheck,0,0,0.0236873,13.8629,2.30259,21,0.113515,0,0,0,0,1
CMDP-PostCheck,38.1274,50,256,PostCheck,0,0,0.0568067,13.5576,2.30259,21,0.359351,0,0,0,0,1
CMDP-PostCheck,38.1303,353,478,PostCheck,0,0,0.0236791,13.8629,2.30259,21,0.214538,0,0,0,0,1
CMDP-PostCheck,38.1333,336,504,PostCheck,0,0,0.0236812,13.8629,2.30259,21,0.142602,0,0,0,0,1
CMDP-PostCheck,38.138,41,197,PostCheck,0,0,0.0236839,13.8629,2.30259,21,0.169676,0,0,0,0,1.04517
CMDP-PostCheck,38.1389,224,214,PostCheck,0,0,0.0236791,13.8629,2.30259,21,0.321832,0,0,0,0,1
CMDP-PostCheck,38.1431,237,321,PostCheck,0,0,0.0237634,13.8629,2.30259,21,0.263332,0,0,0,0,1
CMDP-PostCheck,38.1454,65,190,PostCheck,0,0,0.0232679,13.8629,2.30259,21,0.211304,0,0,0,0,1
CMDP-PostCheck,38.1492,204,481,PostCheck,0,0,0.0232431,13.8629,2.30259,21,0.16756,0,0,0,0,1.04394
CMDP-PostCheck,38.1519,309,122,PostCheck,0,0,0.0232909,13.8629,2.30259,21,0.301889,0,0,0,0,1
CMDP-PostCheck,38.1547,357,113,PostCheck,0,0,0.0233983,13.8629,2.30259,21,0.334832,0,0,0,0,1
CMDP-PostCheck,38.1561,210,481,PostCheck,0,0,0.0232431,13.8629,2.30259,21,0.238222,0,0,0,0,1
CMDP-PostCheck,38.1563,17,461,PostCheck,0,0,0.0556534,13.2522,2.30259,21,0.330165,0,0,0,0,1
CMDP-PostCheck,38.1591,96,162,PostCheck,0,0,0.0232468,13.8629,2.30259,21,0.325712,0,0,0,0,1
CMDP-PostCheck,38.1712,367,172,PostCheck,0,0,0.0237557,13.8629,2.30259,21,0.265918,0,0,0,0,1
CMDP-PostCheck,38.1715,368,321,PostCheck,0,0,0.023775,13.8629,2.30259,21,0.145658,0,0,0,0,1
CMDP-PostCheck,38.1901,253,384,PostCheck,0,0,0.0232455,13.8629,2.30259,21,0.174312,0,0,0,0,1
CMDP-PostCheck,38.1908,359,419,PostCheck,1,0,0.0116713,6.23832,2.30259,11,0.308134,0,0,0,0,1.01968
CMDP-PostCheck,38.197,226,162,PostCheck,0,0,0.0236782,13.8629,2.30259,21,0.275459,0,0,0,0,1.0474
CMDP-PostCheck,38.1989,177,282,PostCheck,0,0,0.02368,13.8629,2.30259,21,0.15821,0,0,0,0,1
CMDP-PostCheck,38.2023,187,173,PostCheck,0,0,0.0236797,13.8629,2.30259,21,0.185654,0,0,0,0,1
CMDP-PostCheck,38.2029,13,460,PostCheck,1,1,0.0243624,0.387766,2.30259,3,0.10734,0,0,0,0,0.990426
CMDP-PostCheck,38.2137,125,459,PostCheck,0,0,0.0236812,13.8629,2.30259,21,0.15535,0,0,0,0,1.03354
CMDP-PostCheck,38.2191,25,515,PostCheck,0,0,0.0573686,12.0307,2.30259,21,0.176948,0,0,0,0,0.992485
CMDP-PostCheck,38.227,365,202,PostCheck,0,0,0.023243,13.8629,2.30259,21,0.354104,0,0,0,0,1
CMDP-PostCheck,38.2377,51,96,PostCheck,0,0,0.0236935,13.8629,2.30259,21,0.265984,0,0,0,0,1
CMDP-PostCheck,38.2437,127,73,PostCheck,0,0,0.0234787,13.8629,2.30259,21,0.253277,0,0,0,0,1.00235
CMDP-PostCheck,38.2452,317,245,PostCheck,0,0,0.0236791,13.8629,2.30259,21,0.333745,0,0,0,0,1
CMDP-PostCheck,38.2477,370,153,PostCheck,0,0,0.0236883,13.8629,2.30259,21,0.216176,0,0,0,0,1
CMDP-PostCheck,38.2539,248,196,PostCheck,0,0,0.0236866,13.8629,2.30259,21,0.07877,0,0,0,0,1
CMDP-PostCheck,38.2671,256,76,PostCheck,1,1,0.00338855,1.38629,2.30259,4,0.176257,0,0,0,0,0.995419
CMDP-PostCheck,38.2717,277,52,PostCheck,0,0,0.0236797,13.8629,2.30259,21,0.19805,0,0,0,0,1.03008
CMDP-PostCheck,38.2728,163,87,PostCheck,0,0,0.0236839,13.8629,2.30259,21,0.344941,0,0,0,0,1
CMDP-PostCheck,38.2857,167,113,PostCheck,0,0,0.0233983,13.8629,2.30259,21,0.737345,0,0,0,0,1
CMDP-PostCheck,38.2931,364,225,PostCheck,0,0,0.0237041,13.8629,2.30259,21,0.243829,0,0,0,0,1
CMDP-PostCheck,38.2956,120,280,PostCheck,0,0,0.0237563,13.8629,2.30259,21,0.063262,0,0,0,0,1
CMDP-PostCheck,38.2961,117,126,PostCheck,0,0,0.0232469,13.8629,2.30259,21,0.145622,0,0,0,0,1
CMDP-PostCheck,38.3125,234,515,PostCheck,1,1,0.00449652,1.61699,2.30259,5,0.180907,0,0,0,0,0.996572
CMDP-PostCheck,38.3136,260,142,PostCheck,0,0,0.023243,13.8629,2.30259,21,0.215805,0,0,0,0,1
CMDP-PostCheck,38.3147,291,461,PostCheck,0,0,0.023348,13.8629,2.30259,21,0.261461,0,0,0,0,0.998884
CMDP-PostCheck,38.317,103,380,PostCheck,0,0,0.0232463,13.8629,2.30259,21,0.337171,0,0,0,0,1
CMDP-PostCheck,38.3208,78,213,PostCheck,0,0,0.0236793,13.8629,2.30259,21,0.15155,0,0,0,0,1.00928
CMDP-PostCheck,38.3329,124,214,PostCheck,0,0,0.0236798,13.8629,2.30259,21,0.212213,0,0,0,0,1
CMDP-PostCheck,38.3341,37,257,PostCheck,0,0,0.0237038,13.5576,2.30259,21,0.160561,0,0,0,0,1.01122
CMDP-PostCheck,38.3507,175,39,PostCheck,0,0,0.0237102,13.8629,2.30259,21,0.243835,0,0,0,0,1
CMDP-PostCheck,38.3556,154,218,PostCheck,0,0,0.0237826,13.8629,2.30259,21,0.140363,0,0,0,0,1
CMDP-PostCheck,38.3565,242,155,PostCheck,1,1,0.00195992,0.693147,2.30259,3,0.12351,0,0,0,0,0.991953
CMDP-PostCheck,38.3614,264,185,PostCheck,0,0,0.0236787,13.8629,2.30259,21,0.173264,0,0,0,0,1
CMDP-PostCheck,38.3621,118,305,PostCheck,0,0,0.0232461,13.8629,2.30259,21,0.299929,0,0,0,0,1.09481
CMDP-PostCheck,38.3643,244,494,PostCheck,0,0,0.0236779,13.8629,2.30259,21,0.289312,0,0,0,0,1
CMDP-PostCheck,38.3815,192,510,PostCheck,0,0,0.0236794,13.8629,2.30259,21,0.281797,0,0,0,0,1.04047
CMDP-PostCheck,38.3822,341,462,PostCheck,0,0,0.0232724,13.8629,2.30259,21,0.327985,0,0,0,0,1
CMDP-PostCheck,38.3827,18,266,PostCheck,0,0,0.054378,13.098,2.30259,21,0.386337,0,0,0,0,1.04435
CMDP-PostCheck,38.3838,71,536,PostCheck,0,0,0.0237358,13.8629,2.30259,21,0.071176,0,0,0,0,1.00582
CMDP-PostCheck,38.3862,386,139,PostCheck,0,0,0.0236787,13.8629,2.30259,21,0.338887,0,0,0,0,1
CMDP-PostCheck,38.3872,272,462,PostCheck,0,0,0.0232723,13.8629,2.30259,21,0.286284,0,0,0,0,1
CMDP-PostCheck,38.3883,213,78,PostCheck,0,0,0.0236791,13.8629,2.30259,21,0.369884,0,0,0,0,1
CMDP-PostCheck,38.3899,15,302,PostCheck,0,0,0.023265,12.9468,2.30259,21,0.295433,0,0,0,0,1
CMDP-PostCheck,38.396,108,286,PostCheck,0,0,0.0236802,13.8629,2.30259,21,0.252799,0,0,0,0,1
CMDP-PostCheck,38.397,194,462,PostCheck,0,0,0.0232723,13.8629,2.30259,21,0.285771,0,0,0,0,0.991953
CMDP-PostCheck,38.399,379,122,PostCheck,0,0,0.0232909,13.8629,2.30259,21,0.284341,0,0,0,0,1
CMDP-PostCheck,38.4272,63,126,PostCheck,0,0,0.023247,13.8629,2.30259,21,0.314764,0,0,0,0,1.03354
CMDP-PostCheck,38.4292,57,498,PostCheck,0,0,0.0237444,13.8629,2.30259,21,0.103111,0,0,0,0,1
CMDP-PostCheck,38.4323,74,234,PostCheck,0,0,0.0232679,13.8629,2.30259,21,0.172213,0,0,0,0,0.991953
CMDP-PostCheck,38.4461,388,200,PostCheck,0,0,0.0236877,13.8629,2.30259,21,0.228561,0,0,0,0,1
CMDP-PostCheck,38.4464,99,286,PostCheck,0,0,0.0236786,13.8629,2.30259,21,0.252756,0,0,0,0,1
CMDP-PostCheck,38.4526,290,234,PostCheck,0,0,0.0232679,13.8629,2.30259,21,0.287375,0,0,0,0,1
CMDP-PostCheck,38.4561,315,294,PostCheck,0,0,0.0236824,13.8629,2.30259,21,0.275251,0,0,0,0,1
CMDP-PostCheck,38.4607,156,247,PostCheck,0,0,0.0236782,13.8629,2.30259,21,0.383118,0,0,0,0,1
CMDP-PostCheck,38.4666,4,31,PostCheck,0,0,0.0232006,12.9468,2.30259,21,0.106994,0,0,0,0,1.00582
CMDP-PostCheck,38.4677,249,380,PostCheck,0,0,0.0232463,13.8629,2.30259,21,0.33321,0,0,0,0,1
CMDP-PostCheck,38.4706,27,122,PostCheck,0,0,0.0232909,13.8629,2.30259,21,0.353166,0,0,0,0,1.04488
CMDP-PostCheck,38.4725,42,202,PostCheck,0,0,0.0237727,12.0307,2.30259,21,0.387918,0,0,0,0,1
CMDP-PostCheck,38.478,144,142,PostCheck,0,0,0.0232429,13.8629,2.30259,21,0.411726,0,0,0,0,1
CMDP-PostCheck,38.4805,98,384,PostCheck,0,0,0.0232455,13.8629,2.30259,21,0.302743,0,0,0,0,1
CMDP-PostCheck,38.4838,83,462,PostCheck,0,0,0.0232723,13.8629,2.30259,21,0.580549,0,0,0,0,1
CMDP-PostCheck,38.4853,73,421,PostCheck,0,0,0.0236779,13.8629,2.30259,21,0.282719,0,0,0,0,0.991953
CMDP-PostCheck,38.4935,320,90,PostCheck,0,0,0.0918667,13.8629,2.30259,21,0.151066,0,0,0,0,1
CMDP-PostCheck,38.5021,135,462,PostCheck,0,0,0.0232723,13.8629,2.30259,21,0.275047,0,0,0,0,1.04047
CMDP-PostCheck,38.518,347,142,PostCheck,0,0,0.0232429,13.8629,2.30259,21,0.188495,0,0,0,0,1
CMDP-PostCheck,38.5193,387,142,PostCheck,0,0,0.0232429,13.7088,2.30259,21,0.324363,0,0,0,0,1
CMDP-PostCheck,38.5292,342,515,PostCheck,0,0,0.0236819,13.8629,2.30259,21,0.136301,0,0,0,0,1
CMDP-PostCheck,38.532,170,384,PostCheck,0,0,0.0232454,13.8629,2.30259,21,0.41248,0,0,0,0,1
CMDP-PostCheck,38.5327,186,407,PostCheck,0,0,0.0799832,13.5546,2.30259,21,0.289686,0,0,0,0,0.991182
CMDP-PostCheck,38.5371,58,313,PostCheck,0,0,0.0666016,13.5576,2.30259,21,0.41352,0,0,0,0,0.971278
CMDP-PostCheck,38.5452,362,462,PostCheck,0,0,0.0232723,13.8629,2.30259,21,0.411142,0,0,0,0,1
CMDP-PostCheck,38.5457,90,268,PostCheck,0,0,0.0232949,13.8629,2.30259,21,0.192926,0,0,0,0,1
CMDP-PostCheck,38.5485,221,294,PostCheck,0,0,0.0232454,13.8629,2.30259,21,0.199731,0,0,0,0,1
CMDP-PostCheck,38.5666,146,142,PostCheck,0,0,0.0232429,13.8629,2.30259,21,0.470166,0,0,0,0,1
CMDP-PostCheck,38.5677,259,126,PostCheck,0,0,0.023247,13.8629,2.30259,21,0.178832,0,0,0,0,1
CMDP-PostCheck,38.5722,1,486,PostCheck,1,0,0.0362371,3.16035,2.30259,7,0.079884,0,0,0,0,1.03672
CMDP-PostCheck,38.6046,229,380,PostCheck,0,0,0.0232463,13.8629,2.30259,21,0.21629,0,0,0,0,1
CMDP-PostCheck,38.6088,212,234,PostCheck,0,0,0.0232678,13.8629,2.30259,21,0.202724,0,0,0,0,1
CMDP-PostCheck,38.6263,233,234,PostCheck,0,0,0.0232678,13.8629,2.30259,21,0.313503,0,0,0,0,1
CMDP-PostCheck,38.6359,257,126,PostCheck,0,0,0.023247,13.8629,2.30259,21,0.182263,0,0,0,0,1
CMDP-PostCheck,38.6401,54,343,PostCheck,0,0,0.0450715,13.8629,2.30259,21,0.195691,0,0,0,0,1
CMDP-PostCheck,38.6503,307,330,PostCheck,0,0,0.0237429,13.8629,2.30259,21,0.247546,0,0,0,0,1
CMDP-PostCheck,38.661,278,431,PostCheck,0,0,0.0237329,13.8629,2.30259,21,0.117456,0,0,0,0,1
CMDP-PostCheck,38.6758,326,512,PostCheck,0,0,0.0236813,13.8629,2.30259,21,0.237129,0,0,0,0,1
CMDP-PostCheck,38.6767,245,286,PostCheck,0,0,0.0236787,13.8629,2.30259,21,0.282432,0,0,0,0,0.991953
CMDP-PostCheck,38.6904,383,462,PostCheck,0,0,0.0232723,13.8629,2.30259,21,0.372041,0,0,0,0,1
CMDP-PostCheck,38.7052,28,67,PostCheck,0,0,0.0237138,13.5576,2.30259,21,0.138482,0,0,0,0,0.988195
CMDP-PostCheck,38.7062,348,126,PostCheck,0,0,0.0232471,13.8629,2.30259,21,0.163576,0,0,0,0,1
CMDP-PostCheck,38.7087,369,142,PostCheck,0,0,0.0232429,13.8629,2.30259,21,0.733867,0,0,0,0,1
CMDP-PostCheck,38.7146,343,15,PostCheck,0,0,0.0236883,13.8629,2.30259,21,0.18659,0,0,0,0,1
CMDP-PostCheck,38.7187,55,484,PostCheck,0,0,0.0236852,13.8629,2.30259,21,0.349516,0,0,0,0,1
CMDP-PostCheck,38.719,292,126,PostCheck,0,0,0.0232471,13.8629,2.30259,21,0.179095,0,0,0,0,1
CMDP-PostCheck,38.7205,322,401,PostCheck,0,0,0.0236962,13.8629,2.30259,21,0.279642,0,0,0,0,1
CMDP-PostCheck,38.7273,136,471,PostCheck,0,0,0.0232724,13.8629,2.30259,21,0.291082,0,0,0,0,1
CMDP-PostCheck,38.7286,218,162,PostCheck,0,0,0.0232471,13.8629,2.30259,21,0.175144,0,0,0,0,1
CMDP-PostCheck,38.7319,43,142,PostCheck,0,0,0.0237888,11.7122,2.30259,21,0.324022,0,0,0,0,0.990426
CMDP-PostCheck,38.7373,93,142,PostCheck,0,0,0.0232429,13.8629,2.30259,21,0.379633,0,0,0,0,1
CMDP-PostCheck,38.7428,223,156,PostCheck,0,0,0.0234788,13.8629,2.30259,21,0.232606,0,0,0,0,1.01275
CMDP-PostCheck,38.751,29,8,PostCheck,0,0,0.0445956,12.6414,2.30259,21,0.261135,0,0,0,0,0.986668
CMDP-PostCheck,38.7532,155,297,PostCheck,0,0,0.023679,13.8629,2.30259,21,0.292903,0,0,0,0,1
CMDP-PostCheck,38.7716,207,494,PostCheck,0,0,0.0236778,13.8629,2.30259,21,0.170247,0,0,0,0,1
CMDP-PostCheck,38.7944,172,460,PostCheck,1,1,0.00216982,0.693147,2.30259,3,0.160009,0,0,0,0,1.0047
CMDP-PostCheck,38.7954,283,471,PostCheck,0,0,0.0232724,13.8629,2.30259,21,0.265526,0,0,0,0,1
CMDP-PostCheck,38.7954,319,276,PostCheck,0,0,0.0843517,0.693147,2.30259,2,0.023363,0,0,0,0,1
CMDP-PostCheck,38.7986,62,234,PostCheck,1,1,0.00198862,0.693147,2.30259,3,0.133815,0,0,0,0,1.00746
CMDP-PostCheck,38.8008,380,228,PostCheck,0,0,0.0232426,13.8629,2.30259,21,0.318668,0,0,0,0,1
CMDP-PostCheck,38.8057,89,496,PostCheck,1,1,0.00197479,0.693147,2.30259,3,0.078641,0,0,0,0,0.991953
CMDP-PostCheck,38.806,393,228,PostCheck,0,0,0.0232426,13.8629,2.30259,21,0.244983,0,0,0,0,1
CMDP-PostCheck,38.8144,102,519,PostCheck,0,0,0.0232682,13.7088,2.30259,21,0.223254,0,0,0,0,1
CMDP-PostCheck,38.8165,158,286,PostCheck,0,0,0.0236825,13.8629,2.30259,21,0.269296,0,0,0,0,1
CMDP-PostCheck,38.8203,306,228,PostCheck,0,0,0.0232426,13.8629,2.30259,21,0.456376,0,0,0,0,1.02896
CMDP-PostCheck,38.8204,214,271,PostCheck,0,0,0.023679,13.8629,2.30259,21,0.27656,0,0,0,0,1
CMDP-PostCheck,38.8258,252,454,PostCheck,0,0,0.0232909,13.8629,2.30259,21,0.264876,0,0,0,0,1
CMDP-PostCheck,38.8365,72,368,PostCheck,0,0,0.0237662,13.8629,2.30259,21,0.046378,0,0,0,0,1
CMDP-PostCheck,38.8451,112,247,PostCheck,0,0,0.0236782,13.8629,2.30259,21,0.386207,0,0,0,0,1
CMDP-PostCheck,38.8495,294,417,PostCheck,0,0,0.0236788,13.8629,2.30259,21,0.306737,0,0,0,0,1
CMDP-PostCheck,38.8502,7,443,PostCheck,0,0,0.0454215,13.2522,2.30259,21,0.175263,0,0,0,0,1
CMDP-PostCheck,38.8556,150,199,PostCheck,0,0,0.0232425,13.8629,2.30259,21,0.224613,0,0,0,0,1
CMDP-PostCheck,38.8669,316,437,PostCheck,0,0,0.023731,13.8629,2.30259,21,0.161486,0,0,0,0,1
CMDP-PostCheck,38.8746,176,19,PostCheck,0,0,0.0650095,13.8629,2.30259,21,0.231258,0,0,0,0,1
CMDP-PostCheck,38.8746,258,13,PostCheck,0,0,0.0236782,13.8629,2.30259,21,0.272095,0,0,0,0,1
CMDP-PostCheck,38.8865,324,457,PostCheck,0,0,0.0233474,13.8629,2.30259,21,0.314036,0,0,0,0,1
CMDP-PostCheck,38.8878,334,471,PostCheck,0,0,0.0232724,13.8629,2.30259,21,0.415999,0,0,0,0,1
CMDP-PostCheck,38.892,373,519,PostCheck,0,0,0.0232683,13.8629,2.30259,21,0.276396,0,0,0,0,1
CMDP-PostCheck,38.8935,2,157,PostCheck,0,0,0.0236808,13.8629,2.30259,21,0.265183,0,0,0,0,0.991953
CMDP-PostCheck,38.8937,149,471,PostCheck,0,0,0.0232724,13.8629,2.30259,21,0.361933,0,0,0,0,0.990837
CMDP-PostCheck,38.8938,331,228,PostCheck,0,0,0.0232426,13.8629,2.30259,21,0.262731,0,0,0,0,1
CMDP-PostCheck,38.8947,330,162,PostCheck,0,0,0.0232472,13.8629,2.30259,21,0.171808,0,0,0,0,1
CMDP-PostCheck,38.897,401,126,PostCheck,0,0,0.0232471,13.8629,2.30259,21,0.287762,0,0,0,0,1
CMDP-PostCheck,38.901,64,519,PostCheck,0,0,0.0232683,13.8629,2.30259,21,0.118689,0,0,0,0,0.983906
CMDP-PostCheck,38.9023,382,126,PostCheck,0,0,0.0232472,13.8629,2.30259,21,0.267701,0,0,0,0,1
CMDP-PostCheck,38.9066,178,200,PostCheck,0,0,0.0237152,13.8629,2.30259,21,0.177058,0,0,0,0,1.01968
CMDP-PostCheck,38.9149,184,389,PostCheck,0,0,0.023691,13.8629,2.30259,21,0.415852,0,0,0,0,1
CMDP-PostCheck,38.9157,111,274,PostCheck,0,0,0.0236781,13.8629,2.30259,21,0.415654,0,0,0,0,1
CMDP-PostCheck,38.9193,304,126,PostCheck,0,0,0.0232472,13.7088,2.30259,21,0.255369,0,0,0,0,1
CMDP-PostCheck,38.9205,374,251,PostCheck,0,0,0.0236781,13.8629,2.30259,21,1.01058,0,0,0,0,1
CMDP-PostCheck,38.9288,350,471,PostCheck,0,0,0.0232723,13.8629,2.30259,21,0.313033,0,0,0,0,1
CMDP-PostCheck,38.9301,275,454,PostCheck,0,0,0.0232909,13.8629,2.30259,21,0.122457,0,0,0,0,1
CMDP-PostCheck,38.9325,32,0,PostCheck,1,0,0.0205192,8.95268,2.30259,18,0.303357,0,0,0,0,1.05911
CMDP-PostCheck,38.9339,168,471,PostCheck,0,0,0.0232723,13.8629,2.30259,21,0.369408,0,0,0,0,1
CMDP-PostCheck,38.9365,266,199,PostCheck,0,0,0.0232425,13.8629,2.30259,21,0.206298,0,0,0,0,1
CMDP-PostCheck,38.9414,340,469,PostCheck,0,0,0.0237453,13.8629,2.30259,21,0.074505,0,0,0,0,1
CMDP-PostCheck,38.942,303,428,PostCheck,0,0,0.0130392,7.62462,2.30259,12,0.107857,0,0,0,0,1
CMDP-PostCheck,38.9444,109,281,PostCheck,0,0,0.0236806,13.8629,2.30259,21,0.427471,0,0,0,0,1
CMDP-PostCheck,38.9488,339,28,PostCheck,0,0,0.0236787,13.8629,2.30259,21,0.449587,0,0,0,0,1
CMDP-PostCheck,38.9493,298,228,PostCheck,0,0,0.0232426,13.8629,2.30259,21,0.212127,0,0,0,0,1
CMDP-PostCheck,38.9502,84,145,PostCheck,0,0,0.0130715,7.62462,2.30259,12,0.03921,0,0,0,0,1
CMDP-PostCheck,38.9522,398,228,PostCheck,0,0,0.0232426,13.8629,2.30259,21,0.315602,0,0,0,0,1
CMDP-PostCheck,38.9673,391,368,PostCheck,0,0,0.0237639,13.8629,2.30259,21,0.140533,0,0,0,0,1
CMDP-PostCheck,38.9684,185,184,PostCheck,0,0,0.0236787,13.8629,2.30259,21,0.318892,0,0,0,0,1
CMDP-PostCheck,38.9769,151,471,PostCheck,0,0,0.0232723,13.8629,2.30259,21,0.286579,0,0,0,0,0.991953
CMDP-PostCheck,38.977,130,53,PostCheck,0,0,0.0236862,13.8629,2.30259,21,0.087736,0,0,0,0,0.991953
CMDP-PostCheck,38.9793,69,138,PostCheck,1,0,0.0154226,8.31777,2.30259,14,0.198161,0,0,0,0,1.03008
CMDP-PostCheck,38.9805,77,162,PostCheck,0,0,0.0232472,13.8629,2.30259,21,0.24544,0,0,0,0,1
CMDP-PostCheck,38.9816,329,266,PostCheck,0,0,0.0233472,13.8629,2.30259,21,0.328437,0,0,0,0,1
CMDP-PostCheck,38.9817,308,126,PostCheck,0,0,0.0232472,13.8629,2.30259,21,0.328692,0,0,0,0,1
CMDP-PostCheck,38.9844,297,35,PostCheck,0,0,0.0236831,13.8629,2.30259,21,0.163066,0,0,0,0,1
CMDP-PostCheck,38.9847,113,465,PostCheck,0,0,0.0234788,13.8629,2.30259,21,0.395668,0,0,0,0,1
CMDP-PostCheck,38.9851,33,335,PostCheck,0,0,0.0651137,13.2522,2.30259,21,0.243596,0,0,0,0,1
CMDP-PostCheck,38.9969,80,129,PostCheck,0,0,0.0236833,13.8629,2.30259,21,0.19621,0,0,0,0,0.997769
CMDP-PostCheck,39.0113,137,126,PostCheck,0,0,0.0232472,13.8629,2.30259,21,0.175116,0,0,0,0,1.01163
CMDP-PostCheck,39.0213,321,142,PostCheck,0,0,0.023742,13.8629,2.30259,21,0.288197,0,0,0,0,1
CMDP-PostCheck,39.0336,40,317,PostCheck,0,0,0.0234094,11.4199,2.30259,21,0.209622,0,0,0,0,0.993016
CMDP-PostCheck,39.0339,31,331,PostCheck,0,0,0.0237083,13.2522,2.30259,21,0.264794,0,0,0,0,1
CMDP-PostCheck,39.0373,82,277,PostCheck,0,0,0.0234788,13.8629,2.30259,21,0.203703,0,0,0,0,1
CMDP-PostCheck,39.0412,46,214,PostCheck,0,0,0.0233932,12.9468,2.30259,21,0.446085,0,0,0,0,1.06597
CMDP-PostCheck,39.0427,384,342,PostCheck,0,0,0.0236787,13.8629,2.30259,21,0.346372,0,0,0,0,1
CMDP-PostCheck,39.0585,106,162,PostCheck,0,0,0.0232473,13.8629,2.30259,21,0.38203,0,0,0,0,1
CMDP-PostCheck,39.0599,262,289,PostCheck,0,0,0.0232427,13.8629,2.30259,21,0.356907,0,0,0,0,1
CMDP-PostCheck,39.0661,276,319,PostCheck,0,0,0.0787617,0.693147,2.30259,2,0.006174,0,0,0,0,1
CMDP-PostCheck,39.0732,392,280,PostCheck,0,0,0.0237342,13.8629,2.30259,21,0.186748,0,0,0,0,1
CMDP-PostCheck,39.08,142,158,PostCheck,0,0,0.0236782,13.8629,2.30259,21,0.170814,0,0,0,0,1.05087
CMDP-PostCheck,39.0814,270,454,PostCheck,0,0,0.023268,13.8629,2.30259,21,0.205911,0,0,0,0,1
CMDP-PostCheck,39.089,129,101,PostCheck,0,0,0.0236858,13.8629,2.30259,21,0.109324,0,0,0,0,1
CMDP-PostCheck,39.0932,402,379,PostCheck,0,0,0.0239619,13.4005,2.30259,21,0.323155,0,0,0,0,1
CMDP-PostCheck,39.0987,39,85,PostCheck,0,0,0.0236904,13.5576,2.30259,21,0.248459,0,0,0,0,1
CMDP-PostCheck,39.1016,16,210,PostCheck,0,0,0.0417315,12.6414,2.30259,21,0.342449,0,0,0,0,1
CMDP-PostCheck,39.1078,160,129,PostCheck,0,0,0.0236904,13.8629,2.30259,21,0.193601,0,0,0,0,1
CMDP-PostCheck,39.1082,44,335,PostCheck,0,0,0.0464009,13.2522,2.30259,21,0.463013,0,0,0,0,1
CMDP-PostCheck,39.1086,110,437,PostCheck,0,0,0.02374,13.8629,2.30259,21,0.140603,0,0,0,0,1
CMDP-PostCheck,39.1114,38,490,PostCheck,0,0,0.0239684,12.336,2.30259,21,0.231481,0,0,0,0,1.04071
CMDP-PostCheck,39.1153,196,504,PostCheck,0,0,0.02369,13.8629,2.30259,21,0.089675,0,0,0,0,1
CMDP-PostCheck,39.1313,191,471,PostCheck,0,0,0.0232723,13.8629,2.30259,21,0.452943,0,0,0,0,1
CMDP-PostCheck,39.1344,302,126,PostCheck,0,0,0.0232473,13.8629,2.30259,21,0.264457,0,0,0,0,1
CMDP-PostCheck,39.1364,181,101,PostCheck,0,0,0.0236826,13.8629,2.30259,21,0.161061,0,0,0,0,1
CMDP-PostCheck,39.137,337,233,PostCheck,0,0,0.0236824,13.8629,2.30259,21,0.208113,0,0,0,0,1
CMDP-PostCheck,39.1398,271,185,PostCheck,0,0,0.023679,13.8629,2.30259,21,0.169406,0,0,0,0,1
CMDP-PostCheck,39.1417,405,99,PostCheck,0,0,0.0236807,13.8629,2.30259,21,0.333162,0,0,0,0,1
CMDP-PostCheck,39.1419,8,351,PostCheck,0,0,0.0575758,13.2522,2.30259,21,0.299681,0,0,0,0,1
CMDP-PostCheck,39.1419,23,522,PostCheck,0,0,0.0497058,12.9468,2.30259,21,0.305814,0,0,0,0,1.0783
CMDP-PostCheck,39.1449,371,197,PostCheck,0,0,0.0236849,13.8629,2.30259,21,0.202678,0,0,0,0,1
CMDP-PostCheck,39.1491,3,395,PostCheck,0,0,0.0367121,13.2522,2.30259,21,0.435469,0,0,0,0,1.04571
CMDP-PostCheck,39.153,240,482,PostCheck,0,0,0.0236929,13.8629,2.30259,21,0.271266,0,0,0,0,1
CMDP-PostCheck,39.1563,131,314,PostCheck,0,0,0.0237306,13.8629,2.30259,21,0.108004,0,0,0,0,1
CMDP-PostCheck,39.1671,247,73,PostCheck,0,0,0.0236787,13.8629,2.30259,21,0.43145,0,0,0,0,1
CMDP-PostCheck,39.1675,11,145,PostCheck,0,0,0.0154589,8.70553,2.30259,14,0.06597,0,0,0,0,1.04905
CMDP-PostCheck,39.1707,86,471,PostCheck,0,0,0.0232723,13.8629,2.30259,21,0.40576,0,0,0,0,1
CMDP-PostCheck,39.1725,139,158,PostCheck,0,0,0.0236788,13.8629,2.30259,21,0.23696,0,0,0,0,1
CMDP-PostCheck,39.1814,289,393,PostCheck,0,0,0.0232427,13.8629,2.30259,21,0.195484,0,0,0,0,1
CMDP-PostCheck,39.1863,216,28,PostCheck,0,0,0.0236788,13.8629,2.30259,21,0.180147,0,0,0,0,0.991953
CMDP-PostCheck,39.1892,100,69,PostCheck,0,0,0.0234788,13.8629,2.30259,21,0.27516,0,0,0,0,0.983906
CMDP-PostCheck,39.2007,59,359,PostCheck,0,0,0.0237395,13.5576,2.30259,21,0.338865,0,0,0,0,1
CMDP-PostCheck,39.2085,267,106,PostCheck,0,0,0.0236782,13.8629,2.30259,21,0.347849,0,0,0,0,1.0474
CMDP-PostCheck,39.2229,22,456,PostCheck,0,0,0.0236779,13.8629,2.30259,21,0.372083,0,0,0,0,1
CMDP-PostCheck,39.2249,318,173,PostCheck,0,0,0.0236877,13.8629,2.30259,21,0.252864,0,0,0,0,1
CMDP-PostCheck,39.2373,346,75,PostCheck,0,0,0.0236956,13.7088,2.30259,21,0.179913,0,0,0,0,1
CMDP-PostCheck,39.2519,180,259,PostCheck,0,0,0.0236818,13.8629,2.30259,21,0.252296,0,0,0,0,1.04394
CMDP-PostCheck,39.2531,227,278,PostCheck,0,0,0.053115,0.693147,2.30259,2,0.007804,0,0,0,0,1
CMDP-PostCheck,39.2572,193,380,PostCheck,0,0,0.0232463,13.8629,2.30259,21,0.356364,0,0,0,0,1.00582
CMDP-PostCheck,39.2613,195,502,PostCheck,0,0,0.0232905,13.8629,2.30259,21,0.328037,0,0,0,0,1
CMDP-PostCheck,39.2705,162,126,PostCheck,0,0,0.0232473,13.8629,2.30259,21,0.300018,0,0,0,0,1
CMDP-PostCheck,39.274,263,126,PostCheck,0,0,0.0232473,13.8629,2.30259,21,0.304422,0,0,0,0,1
CMDP-PostCheck,39.2839,199,289,PostCheck,0,0,0.0232427,13.8629,2.30259,21,0.233569,0,0,0,0,1
CMDP-PostCheck,39.2845,24,21,PostCheck,0,0,0.023773,12.6414,2.30259,21,0.241355,0,0,0,0,0.994304
CMDP-PostCheck,39.2851,396,465,PostCheck,0,0,0.0234788,13.8629,2.30259,21,0.367393,0,0,0,0,1
CMDP-PostCheck,39.2963,79,331,PostCheck,0,0,0.0233599,13.8629,2.30259,21,0.302196,0,0,0,0,1
CMDP-PostCheck,39.3005,133,290,PostCheck,0,0,0.0232801,13.5546,2.30259,21,0.338201,0,0,0,0,0.999693
CMDP-PostCheck,39.3009,35,444,PostCheck,0,0,0.0233105,12.336,2.30259,21,0.605047,0,0,0,0,1.05111
CMDP-PostCheck,39.3031,286,139,PostCheck,0,0,0.0236786,13.8629,2.30259,21,0.254258,0,0,0,0,1
CMDP-PostCheck,39.3057,60,289,PostCheck,0,0,0.0232427,13.8629,2.30259,21,0.639416,0,0,0,0,1
CMDP-PostCheck,39.3077,375,502,PostCheck,0,0,0.0236813,13.8629,2.30259,21,0.305135,0,0,0,0,1
CMDP-PostCheck,39.3093,215,126,PostCheck,0,0,0.0232474,13.8629,2.30259,21,0.159821,0,0,0,0,1
CMDP-PostCheck,39.3136,358,499,PostCheck,0,0,0.0237206,13.8629,2.30259,21,0.05902,0,0,0,0,1
CMDP-PostCheck,39.3193,311,94,PostCheck,0,0,0.0236803,13.8629,2.30259,21,0.365719,0,0,0,0,1
CMDP-PostCheck,39.326,138,283,PostCheck,0,0,0.0232723,13.8629,2.30259,21,0.291462,0,0,0,0,1.05434
CMDP-PostCheck,39.3331,5,250,PostCheck,0,0,0.0525151,13.2522,2.30259,21,0.282089,0,0,0,0,0.990426
CMDP-PostCheck,39.3422,217,491,PostCheck,0,0,0.0236784,13.8629,2.30259,21,0.199755,0,0,0,0,1.03008
CMDP-PostCheck,39.3427,94,234,PostCheck,0,0,0.0232905,13.8629,2.30259,21,0.231084,0,0,0,0,1.00582
CMDP-PostCheck,39.344,305,261,PostCheck,0,0,0.023246,13.8629,2.30259,21,0.443371,0,0,0,0,1
CMDP-PostCheck,39.346,385,207,PostCheck,0,0,0.0236791,13.8629,2.30259,21,0.263162,0,0,0,0,1
CMDP-PostCheck,39.3511,107,283,PostCheck,0,0,0.0232723,13.8629,2.30259,21,0.447277,0,0,0,0,1
CMDP-PostCheck,39.3524,250,289,PostCheck,0,0,0.0232428,13.8629,2.30259,21,0.368021,0,0,0,0,1
CMDP-PostCheck,39.3535,6,48,PostCheck,0,0,0.0420257,13.2522,2.30259,21,0.212341,0,0,0,0,0.992484
CMDP-PostCheck,39.3641,87,305,PostCheck,0,0,0.023246,13.8629,2.30259,21,0.26158,0,0,0,0,1
CMDP-PostCheck,39.3826,159,37,PostCheck,0,0,0.0237364,13.8629,2.30259,21,0.065334,0,0,0,0,1
CMDP-PostCheck,39.3897,255,43,PostCheck,1,0,0.0213608,11.6294,2.30259,19,0.347975,0,0,0,0,1.09327
CMDP-PostCheck,39.3959,225,129,PostCheck,0,0,0.0237109,13.8629,2.30259,21,0.103443,0,0,0,0,1
CMDP-PostCheck,39.3965,285,481,PostCheck,0,0,0.0236809,13.8629,2.30259,21,0.162393,0,0,0,0,1
CMDP-PostCheck,39.4078,52,214,PostCheck,0,0,0.0236854,13.8629,2.30259,21,0.530907,0,0,0,0,1.04934
CMDP-PostCheck,39.4098,354,234,PostCheck,0,0,0.0232905,13.8629,2.30259,21,0.257667,0,0,0,0,1
CMDP-PostCheck,39.4146,49,439,PostCheck,0,0,0.0333434,12.4766,2.30259,19,0.127802,0,0,0,0,1.04047
CMDP-PostCheck,39.4175,88,305,PostCheck,0,0,0.023246,13.8629,2.30259,21,0.248499,0,0,0,0,0.994303
CMDP-PostCheck,39.4181,352,438,PostCheck,0,0,0.0236819,13.8629,2.30259,21,0.178505,0,0,0,0,1
CMDP-PostCheck,39.4227,140,268,PostCheck,0,0,0.0232945,13.8629,2.30259,21,0.079169,0,0,0,0,1
CMDP-PostCheck,39.4247,281,393,PostCheck,0,0,0.0232426,13.8629,2.30259,21,0.237883,0,0,0,0,1
CMDP-PostCheck,39.4294,61,362,PostCheck,0,0,0.0237109,13.5576,2.30259,21,0.412361,0,0,0,0,1
CMDP-PostCheck,39.4433,122,283,PostCheck,0,0,0.0232723,13.8629,2.30259,21,0.382043,0,0,0,0,1
CMDP-PostCheck,39.4482,360,487,PostCheck,0,0,0.0237036,13.8629,2.30259,21,0.150733,0,0,0,0,1
CMDP-PostCheck,39.4499,325,289,PostCheck,0,0,0.0232428,13.8629,2.30259,21,0.536791,0,0,0,0,1
CMDP-PostCheck,39.4579,201,283,PostCheck,0,0,0.0232723,13.8629,2.30259,21,0.313082,0,0,0,0,1
CMDP-PostCheck,39.4598,66,452,PostCheck,0,0,0.0236788,13.8629,2.30259,21,0.302708,0,0,0,0,0.983906
CMDP-PostCheck,39.4619,128,440,PostCheck,0,0,0.0236786,13.8629,2.30259,21,0.465106,0,0,0,0,1
CMDP-PostCheck,39.4654,222,123,PostCheck,0,0,0.0236912,13.8629,2.30259,21,0.239096,0,0,0,0,1.00235
CMDP-PostCheck,39.4743,251,283,PostCheck,0,0,0.0232723,13.8629,2.30259,21,0.479992,0,0,0,0,1
CMDP-PostCheck,39.4754,314,467,PostCheck,0,0,0.0236993,13.8629,2.30259,21,0.202286,0,0,0,0,1
CMDP-PostCheck,39.4782,70,162,PostCheck,0,0,0.0232475,13.8629,2.30259,21,0.296125,0,0,0,0,1
CMDP-PostCheck,39.4843,284,507,PostCheck,0,0,0.0236803,13.8629,2.30259,21,0.194262,0,0,0,0,1
CMDP-PostCheck,39.5062,48,283,PostCheck,0,0,0.0232723,13.8629,2.30259,21,0.456914,0,0,0,0,1
CMDP-PostCheck,39.5096,115,73,PostCheck,0,0,0.0236782,13.8629,2.30259,21,0.474846,0,0,0,0,1
CMDP-PostCheck,39.5183,200,126,PostCheck,0,0,0.0232475,13.8629,2.30259,21,0.293445,0,0,0,0,0.991953
CMDP-PostCheck,39.5229,10,444,PostCheck,0,0,0.0535067,13.2522,2.30259,21,0.166532,0,0,0,0,1
CMDP-PostCheck,39.5242,76,547,PostCheck,0,0,0.0236782,13.8629,2.30259,21,0.247524,0,0,0,0,0.991953
CMDP-PostCheck,39.5251,268,393,PostCheck,0,0,0.0232426,13.8629,2.30259,21,0.324778,0,0,0,0,1
CMDP-PostCheck,39.5316,332,538,PostCheck,0,0,0.0236808,13.8629,2.30259,21,0.305664,0,0,0,0,1
CMDP-PostCheck,39.5346,132,41,PostCheck,0,0,0.0237104,13.8629,2.30259,21,0.095322,0,0,0,0,1.0474
CMDP-PostCheck,39.5406,0,250,PostCheck,0,0,0.0516127,13.2522,2.30259,21,0.46702,0,0,0,0,1
CMDP-PostCheck,39.5427,208,101,PostCheck,0,0,0.0236884,13.8629,2.30259,21,0.109708,0,0,0,0,1.04047
CMDP-PostCheck,39.5449,141,224,PostCheck,1,1,0.00196509,0.693147,2.30259,3,0.053271,0,0,0,0,1.07636
CMDP-PostCheck,39.5587,390,437,PostCheck,0,0,0.0236971,13.8629,2.30259,21,0.189962,0,0,0,0,1
CMDP-PostCheck,39.5609,75,207,PostCheck,0,0,0.023679,13.8629,2.30259,21,0.229856,0,0,0,0,1
CMDP-PostCheck,39.5615,123,109,PostCheck,0,0,0.0236915,13.8629,2.30259,21,0.270998,0,0,0,0,1
CMDP-PostCheck,39.5643,182,380,PostCheck,0,0,0.0232464,13.8629,2.30259,21,0.677251,0,0,0,0,1
CMDP-PostCheck,39.5693,119,547,PostCheck,0,0,0.0236782,13.8629,2.30259,21,0.558488,0,0,0,0,0.991953
CMDP-PostCheck,39.5694,349,114,PostCheck,0,0,0.0852354,2.07944,2.30259,4,0.012323,0,0,0,0,1
CMDP-PostCheck,39.5758,85,330,PostCheck,0,0,0.0237298,13.8629,2.30259,21,0.152749,0,0,0,0,0.991953
CMDP-PostCheck,39.5817,236,177,PostCheck,0,0,0.0234789,13.8629,2.30259,21,0.323081,0,0,0,0,1
CMDP-PostCheck,39.5856,376,146,PostCheck,0,0,0.0236785,13.8629,2.30259,21,0.283301,0,0,0,0,1
CMDP-PostCheck,39.5912,408,208,PostCheck,0,0,0.0237269,13.8629,2.30259,21,0.177135,0,0,0,0,1
CMDP-PostCheck,39.5945,209,435,PostCheck,0,0,0.00237532,1.38629,2.30259,3,0.013079,0,0,0,0,1
CMDP-PostCheck,39.5968,114,148,PostCheck,0,0,0.00478879,2.77259,2.30259,5,0.044298,0,0,0,0,1
CMDP-PostCheck,39.5985,91,122,PostCheck,0,0,0.0232905,13.8629,2.30259,21,0.190585,0,0,0,0,1
CMDP-PostCheck,39.6002,333,462,PostCheck,0,0,0.0232723,13.8629,2.30259,21,0.540378,0,0,0,0,1
CMDP-PostCheck,39.6021,378,462,PostCheck,0,0,0.0232723,13.8629,2.30259,21,0.388465,0,0,0,0,1
CMDP-PostCheck,39.604,288,429,PostCheck,0,0,0.0237494,13.8629,2.30259,21,0.050494,0,0,0,0,1.01621
CMDP-PostCheck,39.6059,395,283,PostCheck,0,0,0.0232723,13.8629,2.30259,21,0.556464,0,0,0,0,1
CMDP-PostCheck,39.6158,148,114,PostCheck,0,0,0.00477842,2.77259,2.30259,5,0.01625,0,0,0,0,1
CMDP-PostCheck,39.6249,205,283,PostCheck,0,0,0.0232723,13.8629,2.30259,21,0.292664,0,0,0,0,0.987371
CMDP-PostCheck,39.6283,243,502,PostCheck,0,0,0.0236825,13.8629,2.30259,21,0.323654,0,0,0,0,1
CMDP-PostCheck,39.6299,389,283,PostCheck,0,0,0.0232723,13.8629,2.30259,21,0.50368,0,0,0,0,1
CMDP-PostCheck,39.6325,323,183,PostCheck,0,0,0.0232544,13.8629,2.30259,21,0.363588,0,0,0,0,1
CMDP-PostCheck,39.6339,230,283,PostCheck,0,0,0.0232723,13.8629,2.30259,21,0.328104,0,0,0,0,0.998884
CMDP-PostCheck,39.6439,53,109,PostCheck,0,0,0.0237348,13.5546,2.30259,21,0.308104,0,0,0,0,0.990066
CMDP-PostCheck,39.6457,361,177,PostCheck,1,1,0.00240121,0.693147,2.30259,3,0.049541,0,0,0,0,0.991953
CMDP-PostCheck,39.6551,282,283,PostCheck,0,0,0.0232723,13.8629,2.30259,21,0.347577,0,0,0,0,1
CMDP-PostCheck,39.656,220,353,PostCheck,0,0,0.023326,13.8629,2.30259,21,0.275353,0,0,0,0,1
CMDP-PostCheck,39.6693,335,56,PostCheck,0,0,0.0236787,13.8629,2.30259,21,0.27927,0,0,0,0,1
CMDP-PostCheck,39.6707,134,437,PostCheck,0,0,0.0236909,13.8629,2.30259,21,0.102481,0,0,0,0,1.03008
CMDP-PostCheck,39.6798,231,429,PostCheck,0,0,0.0237496,13.8629,2.30259,21,0.062931,0,0,0,0,1
CMDP-PostCheck,39.6819,189,528,PostCheck,0,0,0.0710725,13.8629,2.30259,21,0.238562,0,0,0,0,1
CMDP-PostCheck,39.6823,116,374,PostCheck,0,0,0.0235034,13.8629,2.30259,21,0.519972,0,0,0,0,0.991953
CMDP-PostCheck,39.6879,235,102,PostCheck,0,0,0.0232526,13.8629,2.30259,21,0.302858,0,0,0,0,1
CMDP-PostCheck,39.7044,92,41,PostCheck,0,0,0.0236961,13.8629,2.30259,21,0.073349,0,0,0,0,1.05178
CMDP-PostCheck,39.7104,238,239,PostCheck,0,0,0.0236909,13.8629,2.30259,21,0.220439,0,0,0,0,1
CMDP-PostCheck,39.712,300,439,PostCheck,0,0,0.0142439,8.31777,2.30259,13,0.043043,0,0,0,0,1
CMDP-PostCheck,39.7126,407,462,PostCheck,0,0,0.0232723,13.8629,2.30259,21,0.611602,0,0,0,0,1
CMDP-PostCheck,39.7193,68,268,PostCheck,0,0,0.0236854,13.8629,2.30259,21,0.161292,0,0,0,0,1.04394
CMDP-PostCheck,39.7238,377,234,PostCheck,0,0,0.0232906,13.8629,2.30259,21,0.164669,0,0,0,0,1
CMDP-PostCheck,39.7246,188,45,PostCheck,0,0,0.0237366,13.8629,2.30259,21,0.114702,0,0,0,0,1.03701
CMDP-PostCheck,39.7307,293,283,PostCheck,0,0,0.0232723,13.8629,2.30259,21,0.28601,0,0,0,0,1
CMDP-PostCheck,39.7376,228,393,PostCheck,0,0,0.0232426,13.8629,2.30259,21,0.222757,0,0,0,0,1.00928
CMDP-PostCheck,39.74,261,69,PostCheck,0,0,0.0234789,13.8629,2.30259,21,0.370937,0,0,0,0,0.991953
CMDP-PostCheck,39.7406,366,5,PostCheck,0,0,0.0236959,13.8629,2.30259,21,0.216385,0,0,0,0,1
CMDP-PostCheck,39.7517,211,492,PostCheck,0,0,0.00474876,2.77259,2.30259,5,0.020095,0,0,0,0,1
CMDP-PostCheck,39.7539,105,283,PostCheck,0,0,0.0232723,13.8629,2.30259,21,0.404215,0,0,0,0,1
CMDP-PostCheck,39.7598,26,302,PostCheck,1,0,0.00719433,3.46574,2.30259,7,0.120481,0,0,0,0,1.00582
CMDP-PostCheck,39.7777,345,122,PostCheck,0,0,0.0232905,13.8629,2.30259,21,0.178676,0,0,0,0,1
CMDP-PostCheck,39.7942,356,393,PostCheck,0,0,0.0232426,13.8629,2.30259,21,0.252936,0,0,0,0,1
CMDP-PostCheck,39.7944,171,547,PostCheck,0,0,0.023678,13.8629,2.30259,21,0.34605,0,0,0,0,0.991953
CMDP-PostCheck,39.8115,406,126,PostCheck,0,0,0.0232476,13.8629,2.30259,21,0.548317,0,0,0,0,1
CMDP-PostCheck,39.8125,12,273,PostCheck,1,1,0.0162901,1.07799,2.30259,4,0.095036,0,0,0,0,0.967423
CMDP-PostCheck,39.815,30,128,PostCheck,0,0,0.0237549,12.336,2.30259,21,0.228466,0,0,0,0,0.997769
CMDP-PostCheck,39.8168,56,184,PostCheck,0,0,0.0236795,13.8629,2.30259,21,0.274457,0,0,0,0,1
CMDP-PostCheck,39.8188,161,79,PostCheck,0,0,0.0236818,13.8629,2.30259,21,0.212121,0,0,0,0,1
CMDP-PostCheck,39.8196,157,99,PostCheck,0,0,0.023689,13.8629,2.30259,21,0.31568,0,0,0,0,1
CMDP-PostCheck,39.8454,173,305,PostCheck,0,0,0.0232608,13.8629,2.30259,21,0.209057,0,0,0,0,1.00582
CMDP-PostCheck,39.8498,153,495,PostCheck,0,0,0.0236815,13.8629,2.30259,21,0.130073,0,0,0,0,1.02661
CMDP-PostCheck,39.8531,338,122,PostCheck,0,0,0.0232905,13.7088,2.30259,21,0.510077,0,0,0,0,1
CMDP-PostCheck,39.8686,143,449,PostCheck,0,0,0.0619417,13.8629,2.30259,21,0.082379,0,0,0,0,1
CMDP-PostCheck,39.8722,174,228,PostCheck,0,0,0.0232425,13.8629,2.30259,21,0.352726,0,0,0,0,1
CMDP-PostCheck,39.8726,246,228,PostCheck,0,0,0.0232425,13.8629,2.30259,21,0.363146,0,0,0,0,0.991953
CMDP-PostCheck,39.8734,313,384,PostCheck,0,0,0.0236844,13.8629,2.30259,21,0.378363,0,0,0,0,1
CMDP-PostCheck,39.8819,219,261,PostCheck,0,0,0.0232608,13.8629,2.30259,21,0.243944,0,0,0,0,1
CMDP-PostCheck,39.8892,9,292,PostCheck,0,0,0.0451312,13.2522,2.30259,21,0.17098,0,0,0,0,1
CMDP-PostCheck,39.8902,355,423,PostCheck,0,0,0.0237477,13.8629,2.30259,21,0.051,0,0,0,0,1
CMDP-PostCheck,39.8921,14,197,PostCheck,0,0,0.0236869,13.8629,2.30259,21,0.107026,0,0,0,0,1.0255
CMDP-PostCheck,39.8938,381,242,PostCheck,0,0,0.0233622,13.8629,2.30259,21,0.233097,0,0,0,0,1
CMDP-PostCheck,39.8951,241,305,PostCheck,0,0,0.0232608,13.8629,2.30259,21,0.378562,0,0,0,0,0.991953
CMDP-PostCheck,39.8956,198,121,PostCheck,0,0,0.0237025,13.8629,2.30259,21,0.241512,0,0,0,0,1
CMDP-PostCheck,39.8958,169,373,PostCheck,0,0,0.0236792,13.8629,2.30259,21,0.125854,0,0,0,0,1
CMDP-PostCheck,39.8972,310,228,PostCheck,0,0,0.0232425,13.8629,2.30259,21,0.197634,0,0,0,0,1
CMDP-PostCheck,39.9007,327,462,PostCheck,0,0,0.0236781,13.8629,2.30259,21,0.529141,0,0,0,0,1
CMDP-PostCheck,39.904,351,228,PostCheck,0,0,0.0236784,13.8629,2.30259,21,0.20631,0,0,0,0,1
CMDP-PostCheck,39.9044,254,557,PostCheck,0,0,0.0236979,13.8629,2.30259,21,0.153842,0,0,0,0,1
CMDP-PostCheck,39.909,45,413,PostCheck,0,0,0.0237378,13.8629,2.30259,21,0.065331,0,0,0,0,1
CMDP-PostCheck,39.9135,296,75,PostCheck,0,0,0.0236781,13.8629,2.30259,21,0.193415,0,0,0,0,1
CMDP-PostCheck,39.9189,104,540,PostCheck,0,0,0.0578895,13.4005,2.30259,21,0.208292,0,0,0,0,1.00778
CMDP-PostCheck,39.9237,152,69,PostCheck,0,0,0.0234799,13.8629,2.30259,21,0.167841,0,0,0,0,1.01621
CMDP-PostCheck,39.9267,265,234,PostCheck,0,0,0.0232906,13.8629,2.30259,21,0.602056,0,0,0,0,0.983906
CMDP-PostCheck,39.9316,287,452,PostCheck,0,0,0.023703,13.8629,2.30259,21,0.144773,0,0,0,0,1
CMDP-PostCheck,39.9332,95,122,PostCheck,0,0,0.023291,13.8629,2.30259,21,0.226252,0,0,0,0,1
CMDP-PostCheck,39.9435,372,346,PostCheck,0,0,0.0234799,13.8629,2.30259,21,0.221293,0,0,0,0,1
CMDP-PostCheck,39.9465,81,5,PostCheck,0,0,0.0232464,13.8629,2.30259,21,0.193793,0,0,0,0,1.04047
CMDP-PostCheck,39.9541,363,439,PostCheck,0,0,0.0118785,6.93147,2.30259,11,0.03064,0,0,0,0,1
CMDP-PostCheck,39.959,328,151,PostCheck,0,0,0.023686,13.8629,2.30259,21,0.545134,0,0,0,0,1
CMDP-PostCheck,39.9604,67,234,PostCheck,0,0,0.0232906,13.8629,2.30259,21,0.751206,0,0,0,0,1.04394
CMDP-PostCheck,39.9627,97,416,PostCheck,0,0,0.0236883,13.8629,2.30259,21,0.225165,0,0,0,0,1.04282
CMDP-PostCheck,39.9648,165,326,PostCheck,0,0,0.02368,13.8629,2.30259,21,0.167866,0,0,0,0,0.991953
CMDP-PostCheck,39.9756,126,162,PostCheck,0,0,0.0232477,13.8629,2.30259,21,0.340265,0,0,0,0,1
CMDP-PostCheck,39.9791,206,53,PostCheck,1,0,0.0118664,6.23832,2.30259,11,0.307502,0,0,0,0,1.01968
CMDP-PostCheck,39.9791,280,245,PostCheck,0,0,0.0237355,13.8629,2.30259,21,0.258787,0,0,0,0,1
CMDP-PostCheck,39.9863,101,551,PostCheck,0,0,0.023693,13.8629,2.30259,21,0.107974,0,0,0,0,1
CMDP-PostCheck,39.989,34,378,PostCheck,0,0,0.0244007,12.323,2.30259,21,0.260928,0,0,0,0,1.00328
CMDP-PostCheck,39.9912,269,228,PostCheck,0,0,0.0232425,13.8629,2.30259,21,0.345815,0,0,0,0,0.991953
CMDP-PostCheck,39.995,166,242,PostCheck,0,0,0.0233627,13.8629,2.30259,21,0.306273,0,0,0,0,1
CMDP-PostCheck,39.9998,36,126,PostCheck,0,0,0.023749,13.5576,2.30259,21,0.203996,0,0,0,0,1
CMDP-PostCheck,40.0157,20,127,PostCheck,1,1,0.00217127,0.387766,2.30259,3,0.35999,0,0,0,0,1.01064
CMDP-PostCheck,40.0171,19,58,PostCheck,0,0,0.0237196,12.9468,2.30259,21,0.345621,0,0,0,0,1.00511
CMDP-PostCheck,40.0175,203,126,PostCheck,0,0,0.0237242,13.8629,2.30259,21,0.313124,0,0,0,0,1.03008
CMDP-PostCheck,40.0263,183,87,PostCheck,0,0,0.0232609,13.8629,2.30259,21,0.413679,0,0,0,0,1
CMDP-PostCheck,40.0309,145,497,PostCheck,0,0,0.0237191,13.8629,2.30259,21,0.128851,0,0,0,0,1
CMDP-PostCheck,40.034,47,53,PostCheck,0,0,0.0232816,13.5576,2.30259,21,0.185509,0,0,0,0,1
CMDP-PostCheck,40.0505,274,346,PostCheck,0,0,0.0232781,13.8629,2.30259,21,0.378214,0,0,0,0,1
CMDP-PostCheck,40.052,232,462,PostCheck,0,0,0.0838881,13.7088,2.30259,21,0.361776,0,0,0,0,1
CMDP-PostCheck,40.0549,273,128,PostCheck,0,0,0.0236781,13.8629,2.30259,21,0.564804,0,0,0,0,1
CMDP-PostCheck,40.0651,295,305,PostCheck,0,0,0.0232608,13.8629,2.30259,21,0.255805,0,0,0,0,0.991953
CMDP-PostCheck,40.0675,21,275,PostCheck,0,0,0.0533875,12.9468,2.30259,21,0.429965,0,0,0,0,1.02767
CMDP-PostCheck,40.0678,344,439,PostCheck,0,0,0.0177986,10.3972,2.30259,16,0.125523,0,0,0,0,1.00235
CMDP-PostCheck,40.068,312,305,PostCheck,0,0,0.0232608,13.8629,2.30259,21,0.325886,0,0,0,0,0.998884
CMDP-PostCheck,40.0691,301,126,PostCheck,0,0,0.0236782,13.8629,2.30259,21,0.179711,0,0,0,0,1
CMDP-PostCheck,40.07,190,76,PostCheck,0,0,0.0236821,13.8629,2.30259,21,0.419626,0,0,0,0,1
CMDP-PostCheck,40.0721,147,305,PostCheck,0,0,0.0232608,13.8629,2.30259,21,0.424707,0,0,0,0,1
CMDP-PostCheck,40.0863,121,497,PostCheck,0,0,0.0237086,13.8629,2.30259,21,0.258271,0,0,0,0,1.08095
CMDP-PostCheck,40.0866,412,162,PostCheck,0,0,0.0236981,13.8629,2.30259,21,0.259952,0,0,0,0,1
CMDP-PostCheck,40.0938,299,271,PostCheck,0,0,0.0236798,13.8629,2.30259,21,0.280189,0,0,0,0,1
CMDP-PostCheck,40.094,202,108,PostCheck,0,0,0.0236784,13.8629,2.30259,21,0.457719,0,0,0,0,1
CMDP-PostCheck,40.099,197,239,PostCheck,0,0,0.0236881,13.8629,2.30259,21,0.234474,0,0,0,0,1
CMDP-PostCheck,40.1044,179,261,PostCheck,0,0,0.0232608,13.8629,2.30259,21,0.332421,0,0,0,0,0.994303
CMDP-PostCheck,40.121,239,129,PostCheck,0,0,0.0236924,13.8629,2.30259,21,0.121252,0,0,0,0,1
CMDP-PostCheck,40.1274,50,487,PostCheck,0,0,0.0568066,13.5576,2.30259,21,0.22791,0,0,0,0,1
CMDP-PostCheck,40.1303,353,519,PostCheck,0,0,0.0236792,13.8629,2.30259,21,0.115852,0,0,0,0,1
CMDP-PostCheck,40.1333,336,238,PostCheck,0,0,0.0236979,13.8629,2.30259,21,0.174343,0,0,0,0,1
CMDP-PostCheck,40.138,41,370,PostCheck,0,0,0.0236912,13.8629,2.30259,21,0.122235,0,0,0,0,1.04517
CMDP-PostCheck,40.1389,224,228,PostCheck,0,0,0.0237128,13.7088,2.30259,21,0.214636,0,0,0,0,1
CMDP-PostCheck,40.1431,237,561,PostCheck,0,0,0.0237469,13.8629,2.30259,21,0.057309,0,0,0,0,1
CMDP-PostCheck,40.1454,65,247,PostCheck,1,1,0.00199108,0.693147,2.30259,3,0.211924,0,0,0,0,0.991953
CMDP-PostCheck,40.1492,204,228,PostCheck,0,0,0.0232425,13.8629,2.30259,21,0.370236,0,0,0,0,1.04394
CMDP-PostCheck,40.1519,309,353,PostCheck,0,0,0.0233261,13.8629,2.30259,21,0.451474,0,0,0,0,1
CMDP-PostCheck,40.1547,357,171,PostCheck,0,0,0.0236834,13.8629,2.30259,21,0.210692,0,0,0,0,1
CMDP-PostCheck,40.1561,210,228,PostCheck,0,0,0.0232425,13.8629,2.30259,21,0.429894,0,0,0,0,1
CMDP-PostCheck,40.1563,17,144,PostCheck,0,0,0.0556521,13.2522,2.30259,21,0.291963,0,0,0,0,1
CMDP-PostCheck,40.1591,96,162,PostCheck,0,0,0.0232478,13.8629,2.30259,21,0.303905,0,0,0,0,1
CMDP-PostCheck,40.1712,367,245,PostCheck,0,0,0.023742,13.8629,2.30259,21,0.164968,0,0,0,0,1
CMDP-PostCheck,40.1715,368,561,PostCheck,0,0,0.0237678,13.8629,2.30259,21,0.051779,0,0,0,0,1
CMDP-PostCheck,40.1747,394,277,PostCheck,0,0,0.0237057,13.4005,2.30259,21,0.29247,0,0,0,0,1
CMDP-PostCheck,40.1901,253,411,PostCheck,0,0,0.0232556,13.8629,2.30259,21,0.301437,0,0,0,0,1
CMDP-PostCheck,40.1908,359,305,PostCheck,0,0,0.0232608,13.8629,2.30259,21,0.273728,0,0,0,0,1.01968
CMDP-PostCheck,40.197,226,69,PostCheck,0,0,0.023278,13.8629,2.30259,21,0.181328,0,0,0,0,1.0474
CMDP-PostCheck,40.1989,177,25,PostCheck,0,0,0.0236795,13.8629,2.30259,21,0.281597,0,0,0,0,1
CMDP-PostCheck,40.2023,187,294,PostCheck,0,0,0.0236783,13.8629,2.30259,21,0.43208,0,0,0,0,1
CMDP-PostCheck,40.2029,13,443,PostCheck,0,0,0.0456692,13.2522,2.30259,21,0.169681,0,0,0,0,0.990426
CMDP-PostCheck,40.2137,125,305,PostCheck,0,0,0.0232608,13.8629,2.30259,21,0.525279,0,0,0,0,1.03354
CMDP-PostCheck,40.2191,25,275,PostCheck,0,0,0.0577546,12.9468,2.30259,21,0.596619,0,0,0,0,0.992485
CMDP-PostCheck,40.227,365,228,PostCheck,0,0,0.0232425,13.8629,2.30259,21,0.188474,0,0,0,0,1
CMDP-PostCheck,40.2377,51,126,PostCheck,0,0,0.0232478,13.8629,2.30259,21,0.160609,0,0,0,0,1
CMDP-PostCheck,40.2437,127,378,PostCheck,0,0,0.0232773,13.7088,2.30259,21,0.622558,0,0,0,0,1.00235
CMDP-PostCheck,40.2452,317,480,PostCheck,0,0,0.0236796,13.8629,2.30259,21,0.268008,0,0,0,0,1
CMDP-PostCheck,40.2469,409,236,PostCheck,1,1,0.0019846,0.693147,2.30259,3,0.211568,0,0,0,0,0.991953
CMDP-PostCheck,40.2477,370,101,PostCheck,0,0,0.0236865,13.8629,2.30259,21,0.104952,0,0,0,0,1
CMDP-PostCheck,40.2539,248,196,PostCheck,0,0,0.0236898,13.8629,2.30259,21,0.379239,0,0,0,0,1
CMDP-PostCheck,40.2671,256,378,PostCheck,0,0,0.0232773,13.8629,2.30259,21,0.29033,0,0,0,0,0.995419
CMDP-PostCheck,40.2676,404,378,PostCheck,0,0,0.0232773,13.8629,2.30259,21,0.400543,0,0,0,0,1
CMDP-PostCheck,40.2717,277,86,PostCheck,0,0,0.0236799,13.8629,2.30259,21,0.355812,0,0,0,0,1.03008
CMDP-PostCheck,40.2728,163,328,PostCheck,0,0,0.0236782,13.8629,2.30259,21,0.211293,0,0,0,0,1
CMDP-PostCheck,40.2857,167,477,PostCheck,0,0,0.0236788,13.8629,2.30259,21,0.304561,0,0,0,0,1
CMDP-PostCheck,40.2931,364,24,PostCheck,0,0,0.0236846,13.8629,2.30259,21,0.133956,0,0,0,0,1
CMDP-PostCheck,40.2956,120,358,PostCheck,0,0,0.0237571,13.8629,2.30259,21,0.137626,0,0,0,0,1
CMDP-PostCheck,40.2961,117,385,PostCheck,0,0,0.023681,13.8629,2.30259,21,0.325968,0,0,0,0,1
CMDP-PostCheck,40.3111,397,283,PostCheck,0,0,0.0232723,13.8629,2.30259,21,0.387568,0,0,0,0,1
CMDP-PostCheck,40.3125,234,458,PostCheck,0,0,0.0232898,13.4005,2.30259,21,0.383911,0,0,0,0,0.996572
CMDP-PostCheck,40.3136,260,228,PostCheck,0,0,0.0232425,13.8629,2.30259,21,0.397784,0,0,0,0,1
CMDP-PostCheck,40.3147,291,242,PostCheck,0,0,0.0233646,13.8629,2.30259,21,0.196594,0,0,0,0,0.998884
CMDP-PostCheck,40.317,103,174,PostCheck,0,0,0.0232462,13.8629,2.30259,21,0.202998,0,0,0,0,1
CMDP-PostCheck,40.3208,78,286,PostCheck,0,0,0.0236785,13.8629,2.30259,21,0.313791,0,0,0,0,1.00928
CMDP-PostCheck,40.3329,124,266,PostCheck,0,0,0.0236789,13.8629,2.30259,21,0.419246,0,0,0,0,1
CMDP-PostCheck,40.3341,37,292,PostCheck,0,0,0.0237007,13.5576,2.30259,21,0.266132,0,0,0,0,1.01122
CMDP-PostCheck,40.3507,175,162,PostCheck,0,0,0.0237091,13.8629,2.30259,21,0.135353,0,0,0,0,1
CMDP-PostCheck,40.3556,154,126,PostCheck,0,0,0.0237169,13.8629,2.30259,21,0.273202,0,0,0,0,1
CMDP-PostCheck,40.3565,242,228,PostCheck,0,0,0.0232425,13.8629,2.30259,21,0.290676,0,0,0,0,0.991953
CMDP-PostCheck,40.3614,264,2,PostCheck,0,0,0.0236785,13.8629,2.30259,21,0.324511,0,0,0,0,1
CMDP-PostCheck,40.3621,118,305,PostCheck,0,0,0.0232586,13.8629,2.30259,21,0.478705,0,0,0,0,1.09481
CMDP-PostCheck,40.3639,411,261,PostCheck,0,0,0.0232586,13.8629,2.30259,21,0.454473,0,0,0,0,1
CMDP-PostCheck,40.3643,244,456,PostCheck,0,0,0.023678,13.8629,2.30259,21,0.205837,0,0,0,0,1
CMDP-PostCheck,40.3815,192,2,PostCheck,0,0,0.0236786,13.8629,2.30259,21,0.339421,0,0,0,0,1.04047
CMDP-PostCheck,40.3822,341,462,PostCheck,0,0,0.0232724,13.8629,2.30259,21,0.517564,0,0,0,0,1
CMDP-PostCheck,40.3827,18,250,PostCheck,0,0,0.0543743,13.098,2.30259,21,0.228777,0,0,0,0,1.04435
CMDP-PostCheck,40.3838,71,413,PostCheck,0,0,0.0237431,13.8629,2.30259,21,0.149561,0,0,0,0,1.00582
CMDP-PostCheck,40.3862,386,567,PostCheck,0,0,0.0236785,13.8629,2.30259,21,0.244747,0,0,0,0,1
CMDP-PostCheck,40.3872,272,305,PostCheck,0,0,0.0232586,13.8629,2.30259,21,0.455543,0,0,0,0,1
CMDP-PostCheck,40.3883,213,108,PostCheck,0,0,0.0236781,13.8629,2.30259,21,0.351819,0,0,0,0,1
CMDP-PostCheck,40.3899,15,207,PostCheck,0,0,0.023278,12.9468,2.30259,21,0.220446,0,0,0,0,1
CMDP-PostCheck,40.396,108,567,PostCheck,0,0,0.0236781,13.8629,2.30259,21,0.191793,0,0,0,0,1
CMDP-PostCheck,40.397,194,305,PostCheck,0,0,0.0232586,13.8629,2.30259,21,0.534403,0,0,0,0,0.991953
CMDP-PostCheck,40.399,379,334,PostCheck,0,0,0.0233662,13.8629,2.30259,21,0.210652,0,0,0,0,1
CMDP-PostCheck,40.4272,63,529,PostCheck,1,1,0.00194051,0.693147,2.30259,3,0.092431,0,0,0,0,1.02549
CMDP-PostCheck,40.4292,57,160,PostCheck,0,0,0.0237211,13.8629,2.30259,21,0.066962,0,0,0,0,1
CMDP-PostCheck,40.4323,74,261,PostCheck,1,1,0.00197867,0.693147,2.30259,3,0.182634,0,0,0,0,0.983906
CMDP-PostCheck,40.4461,388,238,PostCheck,0,0,0.0236951,13.8629,2.30259,21,0.095928,0,0,0,0,1
CMDP-PostCheck,40.4464,99,352,PostCheck,0,0,0.0236805,13.8629,2.30259,21,0.154641,0,0,0,0,1
CMDP-PostCheck,40.4526,290,353,PostCheck,0,0,0.023326,13.8629,2.30259,21,0.223004,0,0,0,0,1
CMDP-PostCheck,40.4561,315,212,PostCheck,0,0,0.0236824,13.8629,2.30259,21,0.148244,0,0,0,0,1
CMDP-PostCheck,40.4607,156,82,PostCheck,0,0,0.0236782,13.8629,2.30259,21,0.342462,0,0,0,0,1
CMDP-PostCheck,40.4615,400,495,PostCheck,0,0,0.0232478,13.8629,2.30259,21,0.264042,0,0,0,0,1
CMDP-PostCheck,40.4666,4,250,PostCheck,0,0,0.023721,12.9468,2.30259,21,0.248559,0,0,0,0,1.00582
CMDP-PostCheck,40.4677,249,174,PostCheck,0,0,0.0232462,13.8629,2.30259,21,0.354817,0,0,0,0,1
CMDP-PostCheck,40.4706,27,38,PostCheck,1,1,0.00206901,0.693147,2.30259,3,0.136822,0,0,0,0,1.03684
CMDP-PostCheck,40.4725,42,223,PostCheck,1,1,0.0024354,0.387766,2.30259,3,0.064122,0,0,0,0,0.990426
CMDP-PostCheck,40.478,144,228,PostCheck,0,0,0.0232425,13.8629,2.30259,21,0.320166,0,0,0,0,1
CMDP-PostCheck,40.4805,98,384,PostCheck,0,0,0.0232453,13.8629,2.30259,21,0.197141,0,0,0,0,1
CMDP-PostCheck,40.4838,83,397,PostCheck,0,0,0.0232724,13.8629,2.30259,21,0.306737,0,0,0,0,1
CMDP-PostCheck,40.4853,73,265,PostCheck,0,0,0.0236787,13.8629,2.30259,21,0.528996,0,0,0,0,0.991953
CMDP-PostCheck,40.4935,320,368,PostCheck,0,0,0.0237271,13.8629,2.30259,21,0.070758,0,0,0,0,1
CMDP-PostCheck,40.5021,135,407,PostCheck,0,0,0.0232731,13.8629,2.30259,21,0.882656,0,0,0,0,1.04047
CMDP-PostCheck,40.5125,399,485,PostCheck,0,0,0.0232452,13.8629,2.30259,21,0.403042,0,0,0,0,1
CMDP-PostCheck,40.518,347,228,PostCheck,0,0,0.0232425,13.8629,2.30259,21,0.615372,0,0,0,0,1
CMDP-PostCheck,40.5193,387,228,PostCheck,0,0,0.0232425,13.7088,2.30259,21,0.188834,0,0,0,0,1
CMDP-PostCheck,40.5292,342,345,PostCheck,0,0,0.0236839,13.8629,2.30259,21,0.247601,0,0,0,0,1
CMDP-PostCheck,40.532,170,135,PostCheck,1,0,0.013806,7.62462,2.30259,13,0.16942,0,0,0,0,1.02661
CMDP-PostCheck,40.5327,186,378,PostCheck,0,0,0.0799885,13.5546,2.30259,21,0.621682,0,0,0,0,0.991182
CMDP-PostCheck,40.5371,58,236,PostCheck,0,0,0.0665959,13.5576,2.30259,21,0.266851,0,0,0,0,0.971278
CMDP-PostCheck,40.5452,362,261,PostCheck,0,0,0.0232587,13.8629,2.30259,21,0.230651,0,0,0,0,1
CMDP-PostCheck,40.5457,90,109,PostCheck,0,0,0.0232958,13.8629,2.30259,21,0.115629,0,0,0,0,1
CMDP-PostCheck,40.5485,221,337,PostCheck,0,0,0.0236781,13.8629,2.30259,21,0.471947,0,0,0,0,1
CMDP-PostCheck,40.5666,146,228,PostCheck,0,0,0.0232425,13.8629,2.30259,21,0.232178,0,0,0,0,1
CMDP-PostCheck,40.5677,259,495,PostCheck,0,0,0.0232482,13.8629,2.30259,21,0.335286,0,0,0,0,1
CMDP-PostCheck,40.5722,1,163,PostCheck,0,0,0.0528836,13.2522,2.30259,21,0.118694,0,0,0,0,1.03672
CMDP-PostCheck,40.6046,229,174,PostCheck,0,0,0.0232463,13.8629,2.30259,21,0.166557,0,0,0,0,1
CMDP-PostCheck,40.6088,212,247,PostCheck,0,0,0.0233661,13.8629,2.30259,21,0.360055,0,0,0,0,1
CMDP-PostCheck,40.612,403,311,PostCheck,0,0,0.0236805,13.8629,2.30259,21,0.332306,0,0,0,0,1
CMDP-PostCheck,40.6254,417,327,PostCheck,1,0,0.00790171,4.15888,2.30259,8,0.204585,0,0,0,0,1.00928
CMDP-PostCheck,40.6263,233,247,PostCheck,0,0,0.0233661,13.8629,2.30259,21,0.184932,0,0,0,0,1
CMDP-PostCheck,40.6359,257,495,PostCheck,0,0,0.0232482,13.8629,2.30259,21,0.252894,0,0,0,0,1
CMDP-PostCheck,40.6401,54,218,PostCheck,0,0,0.0237408,13.8629,2.30259,21,0.146589,0,0,0,0,1
CMDP-PostCheck,40.6503,307,495,PostCheck,0,0,0.0232482,13.8629,2.30259,21,0.188863,0,0,0,0,1
CMDP-PostCheck,40.661,278,227,PostCheck,0,0,0.0747283,0.693147,2.30259,2,0.017457,0,0,0,0,1
CMDP-PostCheck,40.6758,326,213,PostCheck,0,0,0.0236802,13.8629,2.30259,21,0.317573,0,0,0,0,1
CMDP-PostCheck,40.6767,245,352,PostCheck,0,0,0.0236806,13.8629,2.30259,21,0.159186,0,0,0,0,0.991953
CMDP-PostCheck,40.6904,383,135,PostCheck,0,0,0.0232727,13.8629,2.30259,21,0.340487,0,0,0,0,1
CMDP-PostCheck,40.6942,414,228,PostCheck,0,0,0.0232426,13.8629,2.30259,21,0.363978,0,0,0,0,1
CMDP-PostCheck,40.7052,28,251,PostCheck,0,0,0.023716,13.5576,2.30259,21,0.322065,0,0,0,0,0.988195
CMDP-PostCheck,40.7062,348,177,PostCheck,0,0,0.0236818,13.8629,2.30259,21,0.347087,0,0,0,0,1
CMDP-PostCheck,40.7087,369,199,PostCheck,0,0,0.0232425,13.8629,2.30259,21,0.269597,0,0,0,0,1
CMDP-PostCheck,40.7146,343,77,PostCheck,0,0,0.023678,13.8629,2.30259,21,0.309999,0,0,0,0,1
CMDP-PostCheck,40.7187,55,399,PostCheck,0,0,0.0236817,13.8629,2.30259,21,0.170938,0,0,0,0,1
CMDP-PostCheck,40.719,292,7,PostCheck,0,0,0.0236783,13.8629,2.30259,21,0.386893,0,0,0,0,1
CMDP-PostCheck,40.7205,322,200,PostCheck,1,0,0.0213532,11.7835,2.30259,19,0.089816,0,0,0,0,1.0474
CMDP-PostCheck,40.7273,136,359,PostCheck,0,0,0.0232587,13.8629,2.30259,21,0.556839,0,0,0,0,1
CMDP-PostCheck,40.7286,218,495,PostCheck,0,0,0.0232483,13.8629,2.30259,21,0.340452,0,0,0,0,1
CMDP-PostCheck,40.7319,43,265,PostCheck,0,0,0.0237511,12.323,2.30259,21,0.259499,0,0,0,0,0.990426
CMDP-PostCheck,40.7373,93,228,PostCheck,0,0,0.0232426,13.8629,2.30259,21,0.273405,0,0,0,0,1
CMDP-PostCheck,40.7428,223,171,PostCheck,0,0,0.0232772,13.8629,2.30259,21,0.479724,0,0,0,0,1.01275
CMDP-PostCheck,40.751,29,210,PostCheck,0,0,0.0432155,12.6414,2.30259,21,0.353944,0,0,0,0,0.986668
CMDP-PostCheck,40.7532,155,122,PostCheck,0,0,0.0236843,13.8629,2.30259,21,0.288334,0,0,0,0,1
CMDP-PostCheck,40.7716,207,127,PostCheck,0,0,0.0236788,13.8629,2.30259,21,0.350744,0,0,0,0,1
CMDP-PostCheck,40.7944,172,462,PostCheck,0,0,0.0236779,13.8629,2.30259,21,0.530538,0,0,0,0,1.0047
CMDP-PostCheck,40.7954,283,58,PostCheck,1,1,0.00318028,1.38629,2.30259,4,0.283593,0,0,0,0,0.995419
CMDP-PostCheck,40.7954,319,276,PostCheck,0,0,0.0843517,0.693147,2.30259,2,0.008298,0,0,0,0,1
CMDP-PostCheck,40.7986,62,471,PostCheck,1,1,0.001964,0.693147,2.30259,3,0.253096,0,0,0,0,0.999415
CMDP-PostCheck,40.8008,380,228,PostCheck,0,0,0.0232426,13.8629,2.30259,21,0.203899,0,0,0,0,1
CMDP-PostCheck,40.8057,89,191,PostCheck,0,0,0.0236795,13.8629,2.30259,21,0.561595,0,0,0,0,0.991953
CMDP-PostCheck,40.806,393,228,PostCheck,0,0,0.0232426,13.8629,2.30259,21,0.238183,0,0,0,0,1
CMDP-PostCheck,40.8144,102,502,PostCheck,0,0,0.023366,13.7088,2.30259,21,0.206435,0,0,0,0,1
CMDP-PostCheck,40.8165,158,185,PostCheck,0,0,0.0236782,13.8629,2.30259,21,0.185568,0,0,0,0,1
CMDP-PostCheck,40.8203,306,228,PostCheck,0,0,0.0232426,13.8629,2.30259,21,0.199795,0,0,0,0,1.02896
CMDP-PostCheck,40.8204,214,311,PostCheck,0,0,0.0236807,13.8629,2.30259,21,0.308215,0,0,0,0,1
CMDP-PostCheck,40.8258,252,274,PostCheck,1,1,0.00434686,2.07944,2.30259,5,0.084109,0,0,0,0,0.998884
CMDP-PostCheck,40.8365,72,509,PostCheck,0,0,0.0237259,13.8629,2.30259,21,0.280811,0,0,0,0,1
CMDP-PostCheck,40.8451,112,389,PostCheck,0,0,0.0236781,13.8629,2.30259,21,0.281944,0,0,0,0,1
CMDP-PostCheck,40.8495,294,261,PostCheck,0,0,0.0232443,13.8629,2.30259,21,0.40905,0,0,0,0,1
CMDP-PostCheck,40.8502,7,445,PostCheck,0,0,0.045877,13.2522,2.30259,21,0.50184,0,0,0,0,1
CMDP-PostCheck,40.8556,150,228,PostCheck,0,0,0.0232426,13.8629,2.30259,21,0.426995,0,0,0,0,1
CMDP-PostCheck,40.8669,316,208,PostCheck,0,0,0.0237113,13.8629,2.30259,21,0.098336,0,0,0,0,1
CMDP-PostCheck,40.8746,176,472,PostCheck,0,0,0.0650156,13.8629,2.30259,21,0.157008,0,0,0,0,1
CMDP-PostCheck,40.8746,258,9,PostCheck,0,0,0.0236781,13.8629,2.30259,21,0.208957,0,0,0,0,1
CMDP-PostCheck,40.8878,334,219,PostCheck,0,0,0.0232728,13.8629,2.30259,21,0.441825,0,0,0,0,1
CMDP-PostCheck,40.892,373,502,PostCheck,0,0,0.023366,13.8629,2.30259,21,0.268903,0,0,0,0,1
CMDP-PostCheck,40.8935,2,352,PostCheck,0,0,0.0236808,13.8629,2.30259,21,0.180795,0,0,0,0,0.991953
CMDP-PostCheck,40.8937,149,219,PostCheck,0,0,0.0232728,13.8629,2.30259,21,0.555024,0,0,0,0,0.990837
CMDP-PostCheck,40.8938,331,228,PostCheck,0,0,0.0232426,13.8629,2.30259,21,0.386062,0,0,0,0,1
CMDP-PostCheck,40.8947,330,495,PostCheck,0,0,0.0232485,13.8629,2.30259,21,0.36373,0,0,0,0,1
CMDP-PostCheck,40.897,401,528,PostCheck,0,0,0.0232483,13.8629,2.30259,21,0.272328,0,0,0,0,1
CMDP-PostCheck,40.901,64,234,PostCheck,1,0,0.00682586,3.46574,2.30259,7,0.259734,0,0,0,0,0.989721
CMDP-PostCheck,40.9023,382,145,PostCheck,0,0,0.0149681,9.01091,2.30259,14,0.074761,0,0,0,0,1
CMDP-PostCheck,40.9066,178,576,PostCheck,0,0,0.0237124,13.8629,2.30259,21,0.10587,0,0,0,0,1.01968
CMDP-PostCheck,40.9149,184,185,PostCheck,0,0,0.023684,13.8629,2.30259,21,0.211048,0,0,0,0,1
CMDP-PostCheck,40.9157,111,82,PostCheck,0,0,0.023678,13.8629,2.30259,21,0.603861,0,0,0,0,1
CMDP-PostCheck,40.9193,304,145,PostCheck,0,0,0.016152,9.54991,2.30259,15,0.081676,0,0,0,0,1
CMDP-PostCheck,40.9205,374,112,PostCheck,0,0,0.0236779,13.8629,2.30259,21,0.330365,0,0,0,0,1
CMDP-PostCheck,40.9288,350,219,PostCheck,0,0,0.0232728,13.8629,2.30259,21,0.598107,0,0,0,0,1
CMDP-PostCheck,40.9301,275,247,PostCheck,0,0,0.0233661,13.8629,2.30259,21,0.451029,0,0,0,0,1
CMDP-PostCheck,40.9325,32,577,PostCheck,0,0,0.02399,12.336,2.30259,21,0.398685,0,0,0,0,1.05911
CMDP-PostCheck,40.9339,168,305,PostCheck,0,0,0.0232443,13.8629,2.30259,21,0.256314,0,0,0,0,1
CMDP-PostCheck,40.9365,266,228,PostCheck,0,0,0.0232425,13.8629,2.30259,21,0.409779,0,0,0,0,1
CMDP-PostCheck,40.9414,340,509,PostCheck,0,0,0.0237255,13.8629,2.30259,21,0.145564,0,0,0,0,1
CMDP-PostCheck,40.942,303,509,PostCheck,0,0,0.0237212,13.8629,2.30259,21,0.087205,0,0,0,0,1
CMDP-PostCheck,40.9444,109,228,PostCheck,0,0,0.0232426,13.8629,2.30259,21,0.300022,0,0,0,0,1
CMDP-PostCheck,40.9488,339,286,PostCheck,0,0,0.0236787,13.8629,2.30259,21,0.541574,0,0,0,0,1
CMDP-PostCheck,40.9493,298,182,PostCheck,1,1,0.00193259,0.693147,2.30259,3,0.166608,0,0,0,0,0.991953
CMDP-PostCheck,40.9502,84,497,PostCheck,0,0,0.0236901,13.8629,2.30259,21,0.229691,0,0,0,0,1
CMDP-PostCheck,40.9522,398,228,PostCheck,0,0,0.0232426,13.8629,2.30259,21,0.202191,0,0,0,0,1
CMDP-PostCheck,40.9629,420,522,PostCheck,0,0,0.0236856,13.8629,2.30259,21,0.301297,0,0,0,0,1
CMDP-PostCheck,40.9673,391,509,PostCheck,0,0,0.0237252,13.8629,2.30259,21,0.072565,0,0,0,0,1
CMDP-PostCheck,40.9684,185,553,PostCheck,0,0,0.0236784,13.8629,2.30259,21,0.175057,0,0,0,0,1
CMDP-PostCheck,40.9769,151,219,PostCheck,0,0,0.0232728,13.8629,2.30259,21,0.434944,0,0,0,0,0.991953
CMDP-PostCheck,40.977,130,17,PostCheck,0,0,0.0236852,13.8629,2.30259,21,0.256985,0,0,0,0,0.991953
CMDP-PostCheck,40.9793,69,259,PostCheck,0,0,0.023678,13.8629,2.30259,21,0.457437,0,0,0,0,1.03008
CMDP-PostCheck,40.9805,77,145,PostCheck,0,0,0.016152,9.70406,2.30259,15,0.434553,0,0,0,0,1
CMDP-PostCheck,40.9816,329,500,PostCheck,0,0,0.0233671,13.8629,2.30259,21,0.211793,0,0,0,0,1
CMDP-PostCheck,40.9817,308,145,PostCheck,0,0,0.016152,9.70406,2.30259,15,0.075478,0,0,0,0,1
CMDP-PostCheck,40.9844,297,157,PostCheck,0,0,0.0236801,13.8629,2.30259,21,0.345741,0,0,0,0,1
CMDP-PostCheck,40.9847,113,171,PostCheck,0,0,0.0232772,13.8629,2.30259,21,0.385942,0,0,0,0,1
CMDP-PostCheck,40.9851,33,31,PostCheck,0,0,0.0627522,13.2522,2.30259,21,0.446997,0,0,0,0,1
CMDP-PostCheck,40.9969,80,153,PostCheck,0,0,0.0236866,13.8629,2.30259,21,0.12425,0,0,0,0,0.997769
CMDP-PostCheck,41.0113,137,145,PostCheck,0,0,0.0149678,9.01091,2.30259,14,0.142648,0,0,0,0,1.01163
CMDP-PostCheck,41.0213,321,163,PostCheck,0,0,0.023737,13.8629,2.30259,21,0.249278,0,0,0,0,1
CMDP-PostCheck,41.0336,40,167,PostCheck,0,0,0.0233055,12.6414,2.30259,21,0.403018,0,0,0,0,0.993016
CMDP-PostCheck,41.0339,31,109,PostCheck,0,0,0.0237074,13.2522,2.30259,21,0.228115,0,0,0,0,1
CMDP-PostCheck,41.0373,82,171,PostCheck,0,0,0.0232772,13.8629,2.30259,21,0.442588,0,0,0,0,1
CMDP-PostCheck,41.0412,46,99,PostCheck,0,0,0.0234348,12.9468,2.30259,21,0.205949,0,0,0,0,1.06597
CMDP-PostCheck,41.0427,384,261,PostCheck,0,0,0.0232443,13.8629,2.30259,21,0.334527,0,0,0,0,1
CMDP-PostCheck,41.0585,106,145,PostCheck,0,0,0.0161515,9.70406,2.30259,15,0.108798,0,0,0,0,1
CMDP-PostCheck,41.0599,262,289,PostCheck,0,0,0.0232427,13.8629,2.30259,21,0.222934,0,0,0,0,1
CMDP-PostCheck,41.0661,276,319,PostCheck,0,0,0.0780435,0.693147,2.30259,2,0.018742,0,0,0,0,1
CMDP-PostCheck,41.0732,392,367,PostCheck,0,0,0.023733,13.8629,2.30259,21,0.0793,0,0,0,0,1
CMDP-PostCheck,41.08,142,224,PostCheck,0,0,0.0236785,13.8629,2.30259,21,0.297792,0,0,0,0,1.05087
CMDP-PostCheck,41.0814,270,507,PostCheck,0,0,0.0233265,13.8629,2.30259,21,0.545141,0,0,0,0,1
CMDP-PostCheck,41.089,129,468,PostCheck,0,0,0.0236832,13.8629,2.30259,21,0.253459,0,0,0,0,1
CMDP-PostCheck,41.0932,402,167,PostCheck,0,0,0.0234194,13.4005,2.30259,21,0.252961,0,0,0,0,1
CMDP-PostCheck,41.0987,39,576,PostCheck,0,0,0.0237087,13.5576,2.30259,21,0.302716,0,0,0,0,1
CMDP-PostCheck,41.1016,16,242,PostCheck,0,0,0.0417396,12.6414,2.30259,21,0.210151,0,0,0,0,1
CMDP-PostCheck,41.1078,160,153,PostCheck,0,0,0.0236869,13.8629,2.30259,21,0.118135,0,0,0,0,1
CMDP-PostCheck,41.108,418,145,PostCheck,0,0,0.0161522,9.70406,2.30259,15,0.110966,0,0,0,0,1
CMDP-PostCheck,41.1082,44,393,PostCheck,0,0,0.0464017,13.2522,2.30259,21,0.223269,0,0,0,0,1
CMDP-PostCheck,41.1086,110,208,PostCheck,0,0,0.0237188,13.8629,2.30259,21,0.112981,0,0,0,0,1
CMDP-PostCheck,41.1114,38,577,PostCheck,0,0,0.0233097,12.0307,2.30259,21,0.386669,0,0,0,0,1.04071
CMDP-PostCheck,41.1153,196,450,PostCheck,0,0,0.0237281,13.8629,2.30259,21,0.178915,0,0,0,0,1
CMDP-PostCheck,41.1313,191,219,PostCheck,0,0,0.0232728,13.8629,2.30259,21,0.2905,0,0,0,0,1
CMDP-PostCheck,41.1344,302,498,PostCheck,0,0,0.0236804,13.8629,2.30259,21,0.197377,0,0,0,0,1
CMDP-PostCheck,41.1364,181,557,PostCheck,0,0,0.023682,13.8629,2.30259,21,0.09566,0,0,0,0,1
CMDP-PostCheck,41.137,337,261,PostCheck,0,0,0.0232444,13.8629,2.30259,21,0.414231,0,0,0,0,1
CMDP-PostCheck,41.1398,271,335,PostCheck,0,0,0.0236785,13.8629,2.30259,21,0.322575,0,0,0,0,1
CMDP-PostCheck,41.1417,405,297,PostCheck,0,0,0.0236797,13.8629,2.30259,21,0.198012,0,0,0,0,1
CMDP-PostCheck,41.1419,8,578,PostCheck,0,0,0.0517915,13.2522,2.30259,21,0.389596,0,0,0,0,1
CMDP-PostCheck,41.1419,23,187,PostCheck,0,0,0.0497027,12.9468,2.30259,21,0.209523,0,0,0,0,1.0783
CMDP-PostCheck,41.1449,371,126,PostCheck,0,0,0.023682,13.8629,2.30259,21,0.192987,0,0,0,0,1
CMDP-PostCheck,41.1491,3,48,PostCheck,0,0,0.0367166,13.2522,2.30259,21,0.21424,0,0,0,0,1.04571
CMDP-PostCheck,41.153,240,399,PostCheck,0,0,0.0236925,13.8629,2.30259,21,0.178407,0,0,0,0,1
CMDP-PostCheck,41.1563,131,195,PostCheck,1,0,0.0154255,8.31777,2.30259,14,0.298426,0,0,0,0,1.03008
CMDP-PostCheck,41.1671,247,502,PostCheck,0,0,0.023366,13.7088,2.30259,21,0.202888,0,0,0,0,1
CMDP-PostCheck,41.1675,11,145,PostCheck,0,0,0.0154489,8.70553,2.30259,14,0.127273,0,0,0,0,1.04905
CMDP-PostCheck,41.1707,86,219,PostCheck,0,0,0.0232728,13.8629,2.30259,21,0.344567,0,0,0,0,1
CMDP-PostCheck,41.1725,139,553,PostCheck,0,0,0.0236791,13.8629,2.30259,21,0.390105,0,0,0,0,1
CMDP-PostCheck,41.1814,289,242,PostCheck,0,0,0.0233462,13.8629,2.30259,21,0.397235,0,0,0,0,1
CMDP-PostCheck,41.1863,216,139,PostCheck,0,0,0.0236784,13.8629,2.30259,21,0.316722,0,0,0,0,0.991953
CMDP-PostCheck,41.1892,100,219,PostCheck,0,0,0.0232728,13.8629,2.30259,21,0.332645,0,0,0,0,0.983906
CMDP-PostCheck,41.1975,428,509,PostCheck,0,0,0.0237182,13.8629,2.30259,21,0.164968,0,0,0,0,1
CMDP-PostCheck,41.2007,59,359,PostCheck,0,0,0.0237307,13.5576,2.30259,21,0.261299,0,0,0,0,1
CMDP-PostCheck,41.2085,267,105,PostCheck,1,0,0.0213343,11.7835,2.30259,19,0.195988,0,0,0,0,1.09481
CMDP-PostCheck,41.2229,22,389,PostCheck,0,0,0.0237295,12.9468,2.30259,21,0.237592,0,0,0,0,1
CMDP-PostCheck,41.2249,318,522,PostCheck,0,0,0.0236893,13.8629,2.30259,21,0.142424,0,0,0,0,1
CMDP-PostCheck,41.2373,346,22,PostCheck,0,0,0.0236941,13.7088,2.30259,21,0.34966,0,0,0,0,1
CMDP-PostCheck,41.2519,180,406,PostCheck,0,0,0.0236828,13.8629,2.30259,21,0.404155,0,0,0,0,1.04394
CMDP-PostCheck,41.2531,227,278,PostCheck,0,0,0.0550773,0.693147,2.30259,2,0.014816,0,0,0,0,1
CMDP-PostCheck,41.2572,193,461,PostCheck,0,0,0.0232461,13.8629,2.30259,21,0.217061,0,0,0,0,1.00582
CMDP-PostCheck,41.2607,425,127,PostCheck,0,0,0.0236787,13.8629,2.30259,21,0.321178,0,0,0,0,1
CMDP-PostCheck,41.2613,195,261,PostCheck,0,0,0.0232444,13.8629,2.30259,21,0.286737,0,0,0,0,1
CMDP-PostCheck,41.2705,162,145,PostCheck,0,0,0.0161518,9.70406,2.30259,15,0.07654,0,0,0,0,1
CMDP-PostCheck,41.274,263,145,PostCheck,0,0,0.0161518,9.70406,2.30259,15,0.069372,0,0,0,0,1
CMDP-PostCheck,41.2839,199,242,PostCheck,0,0,0.0233462,13.8629,2.30259,21,0.370382,0,0,0,0,1
CMDP-PostCheck,41.2845,24,21,PostCheck,0,0,0.0237623,12.6414,2.30259,21,0.371324,0,0,0,0,0.994304
CMDP-PostCheck,41.2851,396,171,PostCheck,0,0,0.0232773,13.8629,2.30259,21,0.415844,0,0,0,0,1
CMDP-PostCheck,41.2963,79,398,PostCheck,0,0,0.0233462,13.8629,2.30259,21,0.199293,0,0,0,0,1
CMDP-PostCheck,41.3005,133,236,PostCheck,0,0,0.0232809,13.5546,2.30259,21,0.438263,0,0,0,0,0.999693
CMDP-PostCheck,41.3009,35,27,PostCheck,0,0,0.0233124,12.336,2.30259,21,0.301178,0,0,0,0,1.05111
CMDP-PostCheck,41.3031,286,142,PostCheck,0,0,0.0236849,13.8629,2.30259,21,0.360245,0,0,0,0,1
CMDP-PostCheck,41.3057,60,5,PostCheck,0,0,0.0232426,13.8629,2.30259,21,0.291888,0,0,0,0,1
CMDP-PostCheck,41.3077,375,436,PostCheck,0,0,0.023682,13.8629,2.30259,21,0.273485,0,0,0,0,1
CMDP-PostCheck,41.3093,215,145,PostCheck,0,0,0.0161515,9.70406,2.30259,15,0.304628,0,0,0,0,1
CMDP-PostCheck,41.3136,358,509,PostCheck,0,0,0.0237193,13.8629,2.30259,21,0.160709,0,0,0,0,1
CMDP-PostCheck,41.3193,311,283,PostCheck,0,0,0.0236813,13.8629,2.30259,21,0.212027,0,0,0,0,1
CMDP-PostCheck,41.326,138,219,PostCheck,0,0,0.0232728,13.8629,2.30259,21,0.516149,0,0,0,0,1.05434
CMDP-PostCheck,41.3288,413,331,PostCheck,0,0,0.0236888,13.8629,2.30259,21,0.280307,0,0,0,0,1
CMDP-PostCheck,41.3331,5,500,PostCheck,0,0,0.0525138,13.2522,2.30259,21,0.218689,0,0,0,0,0.990426
CMDP-PostCheck,41.3422,217,541,PostCheck,0,0,0.0236785,13.8629,2.30259,21,0.36877,0,0,0,0,1.03008
CMDP-PostCheck,41.3427,94,502,PostCheck,0,0,0.023366,13.8629,2.30259,21,0.35872,0,0,0,0,1.00582
CMDP-PostCheck,41.344,305,261,PostCheck,0,0,0.0232444,13.8629,2.30259,21,0.266238,0,0,0,0,1
CMDP-PostCheck,41.346,385,152,PostCheck,0,0,0.0236783,13.8629,2.30259,21,0.165688,0,0,0,0,1
CMDP-PostCheck,41.3511,107,219,PostCheck,0,0,0.0232728,13.8629,2.30259,21,0.279491,0,0,0,0,1
CMDP-PostCheck,41.3524,250,5,PostCheck,0,0,0.0232428,13.8629,2.30259,21,0.227374,0,0,0,0,1
CMDP-PostCheck,41.3535,6,362,PostCheck,0,0,0.0404287,13.2522,2.30259,21,0.53068,0,0,0,0,0.992484
CMDP-PostCheck,41.3641,87,261,PostCheck,0,0,0.0232444,13.8629,2.30259,21,0.508903,0,0,0,0,1
CMDP-PostCheck,41.3826,159,412,PostCheck,0,0,0.0237444,13.8629,2.30259,21,0.182038,0,0,0,0,1
CMDP-PostCheck,41.3897,255,173,PostCheck,0,0,0.0236782,13.8629,2.30259,21,0.209432,0,0,0,0,1.09327
CMDP-PostCheck,41.3959,225,19,PostCheck,0,0,0.0777176,13.8629,2.30259,21,0.243743,0,0,0,0,1
CMDP-PostCheck,41.3965,285,214,PostCheck,0,0,0.0236842,13.8629,2.30259,21,0.299906,0,0,0,0,1
CMDP-PostCheck,41.4078,52,385,PostCheck,0,0,0.0236802,13.8629,2.30259,21,0.242521,0,0,0,0,1.04934
CMDP-PostCheck,41.4098,354,261,PostCheck,0,0,0.0232444,13.8629,2.30259,21,0.437517,0,0,0,0,1
CMDP-PostCheck,41.4146,49,509,PostCheck,0,0,0.0237254,13.8629,2.30259,21,0.068656,0,0,0,0,1.04047
CMDP-PostCheck,41.4175,88,261,PostCheck,0,0,0.0232444,13.8629,2.30259,21,0.446418,0,0,0,0,0.994303
CMDP-PostCheck,41.4181,352,260,PostCheck,1,0,0.00831412,4.15888,2.30259,8,0.21326,0,0,0,0,1.00928
CMDP-PostCheck,41.4227,140,109,PostCheck,0,0,0.0232891,13.8629,2.30259,21,0.222415,0,0,0,0,1
CMDP-PostCheck,41.4247,281,250,PostCheck,0,0,0.0233462,13.8629,2.30259,21,0.351374,0,0,0,0,1
CMDP-PostCheck,41.4294,61,362,PostCheck,0,0,0.0237099,13.5576,2.30259,21,0.203128,0,0,0,0,1
CMDP-PostCheck,41.4433,122,407,PostCheck,0,0,0.0236783,13.8629,2.30259,21,0.255177,0,0,0,0,1
CMDP-PostCheck,41.4482,360,482,PostCheck,0,0,0.0236956,13.8629,2.30259,21,0.268984,0,0,0,0,1
CMDP-PostCheck,41.4499,325,228,PostCheck,0,0,0.0232424,13.8629,2.30259,21,0.242618,0,0,0,0,1
CMDP-PostCheck,41.4579,201,136,PostCheck,0,0,0.0232728,13.8629,2.30259,21,0.428613,0,0,0,0,1
CMDP-PostCheck,41.4598,66,261,PostCheck,0,0,0.0232444,13.8629,2.30259,21,0.332266,0,0,0,0,0.983906
CMDP-PostCheck,41.4619,128,171,PostCheck,0,0,0.0236783,13.8629,2.30259,21,0.401134,0,0,0,0,1
CMDP-PostCheck,41.4654,222,480,PostCheck,0,0,0.0236797,13.8629,2.30259,21,0.415469,0,0,0,0,1.00235
CMDP-PostCheck,41.4743,251,219,PostCheck,0,0,0.0232727,13.8629,2.30259,21,0.48088,0,0,0,0,1
CMDP-PostCheck,41.4754,314,504,PostCheck,1,1,0.00241144,0.693147,2.30259,3,0.040078,0,0,0,0,0.991953
CMDP-PostCheck,41.4782,70,145,PostCheck,0,0,0.0161511,9.70406,2.30259,15,0.096856,0,0,0,0,1
CMDP-PostCheck,41.4843,284,327,PostCheck,0,0,0.0233253,13.8629,2.30259,21,0.413393,0,0,0,0,1
CMDP-PostCheck,41.4843,410,109,PostCheck,0,0,0.0236877,13.8629,2.30259,21,0.240179,0,0,0,0,1
CMDP-PostCheck,41.5062,48,350,PostCheck,1,1,0.00197606,0.693147,2.30259,3,0.111478,0,0,0,0,0.991953
CMDP-PostCheck,41.5096,115,502,PostCheck,0,0,0.0233659,13.8629,2.30259,21,0.227795,0,0,0,0,1
CMDP-PostCheck,41.5183,200,145,PostCheck,0,0,0.0161505,9.70406,2.30259,15,0.074338,0,0,0,0,0.991953
CMDP-PostCheck,41.5229,10,163,PostCheck,0,0,0.0534447,13.2522,2.30259,21,0.209514,0,0,0,0,1
CMDP-PostCheck,41.5242,76,265,PostCheck,0,0,0.0236787,13.8629,2.30259,21,0.507512,0,0,0,0,0.991953
CMDP-PostCheck,41.5251,268,141,PostCheck,0,0,0.0232427,13.8629,2.30259,21,0.213876,0,0,0,0,1
CMDP-PostCheck,41.5316,332,333,PostCheck,0,0,0.0236821,13.8629,2.30259,21,0.221375,0,0,0,0,1
CMDP-PostCheck,41.5346,132,129,PostCheck,0,0,0.0236995,13.8629,2.30259,21,0.224612,0,0,0,0,1.0474
CMDP-PostCheck,41.5406,0,500,PostCheck,0,0,0.0516131,13.2522,2.30259,21,0.225765,0,0,0,0,1
CMDP-PostCheck,41.5427,208,129,PostCheck,0,0,0.023682,13.8629,2.30259,21,0.234986,0,0,0,0,1.04047
CMDP-PostCheck,41.5449,141,150,PostCheck,0,0,0.0232462,13.8629,2.30259,21,0.351861,0,0,0,0,1.07636
CMDP-PostCheck,41.5587,390,437,PostCheck,0,0,0.0236899,13.8629,2.30259,21,0.09774,0,0,0,0,1
CMDP-PostCheck,41.5609,75,259,PostCheck,0,0,0.023678,13.8629,2.30259,21,0.480624,0,0,0,0,1
CMDP-PostCheck,41.5615,123,109,PostCheck,0,0,0.0232868,13.8629,2.30259,21,0.09371,0,0,0,0,1
CMDP-PostCheck,41.5643,182,60,PostCheck,0,0,0.0232461,13.8629,2.30259,21,0.309546,0,0,0,0,1
CMDP-PostCheck,41.5693,119,265,PostCheck,0,0,0.0236787,13.8629,2.30259,21,0.348433,0,0,0,0,0.991953
CMDP-PostCheck,41.5694,349,88,PostCheck,1,0,0.091221,4.85203,2.30259,9,0.09854,0,0,0,0,1.01275
CMDP-PostCheck,41.5729,421,107,PostCheck,0,0,0.0232727,13.8629,2.30259,21,0.452347,0,0,0,0,1
CMDP-PostCheck,41.5758,85,145,PostCheck,0,0,0.0149666,9.01091,2.30259,14,0.13888,0,0,0,0,0.991953
CMDP-PostCheck,41.5817,236,82,PostCheck,0,0,0.0232442,13.8629,2.30259,21,0.293098,0,0,0,0,1
CMDP-PostCheck,41.5856,376,245,PostCheck,0,0,0.023679,13.8629,2.30259,21,0.581846,0,0,0,0,1
CMDP-PostCheck,41.5912,408,479,PostCheck,0,0,0.0237281,13.8629,2.30259,21,0.10295,0,0,0,0,1
CMDP-PostCheck,41.5917,433,107,PostCheck,0,0,0.0232727,13.8629,2.30259,21,0.461294,0,0,0,0,1
CMDP-PostCheck,41.5945,209,435,PostCheck,0,0,0.00237533,1.38629,2.30259,3,0.047598,0,0,0,0,1
CMDP-PostCheck,41.5968,114,148,PostCheck,0,0,0.00478916,2.77259,2.30259,5,0.03348,0,0,0,0,1
CMDP-PostCheck,41.5985,91,247,PostCheck,0,0,0.0233661,13.8629,2.30259,21,0.31415,0,0,0,0,1
CMDP-PostCheck,41.6002,333,107,PostCheck,0,0,0.0232727,13.8629,2.30259,21,0.303395,0,0,0,0,1
CMDP-PostCheck,41.6021,378,107,PostCheck,0,0,0.0232727,13.8629,2.30259,21,0.485609,0,0,0,0,1
CMDP-PostCheck,41.604,288,412,PostCheck,0,0,0.0237385,13.8629,2.30259,21,0.155094,0,0,0,0,1.01621
CMDP-PostCheck,41.6059,395,359,PostCheck,0,0,0.0232444,13.8629,2.30259,21,0.475642,0,0,0,0,1
CMDP-PostCheck,41.6158,148,513,PostCheck,0,0,0.0237547,13.8629,2.30259,21,0.189751,0,0,0,0,1
CMDP-PostCheck,41.6249,205,107,PostCheck,0,0,0.0232727,13.8629,2.30259,21,0.450047,0,0,0,0,0.987371
CMDP-PostCheck,41.6283,243,297,PostCheck,0,0,0.0236806,13.8629,2.30259,21,0.258637,0,0,0,0,1
CMDP-PostCheck,41.6299,389,261,PostCheck,1,1,0.0043644,2.07944,2.30259,5,0.12276,0,0,0,0,0.998884
CMDP-PostCheck,41.6325,323,491,PostCheck,0,0,0.0232451,13.8629,2.30259,21,0.2762,0,0,0,0,1
CMDP-PostCheck,41.6339,230,107,PostCheck,0,0,0.0232638,13.8629,2.30259,21,0.484566,0,0,0,0,0.998884
CMDP-PostCheck,41.6439,53,380,PostCheck,0,0,0.023718,13.5546,2.30259,21,0.165315,0,0,0,0,0.990066
CMDP-PostCheck,41.6457,361,36,PostCheck,0,0,0.0236834,13.8629,2.30259,21,0.558407,0,0,0,0,0.991953
CMDP-PostCheck,41.6551,282,107,PostCheck,0,0,0.0232638,13.8629,2.30259,21,0.727871,0,0,0,0,1
CMDP-PostCheck,41.656,220,327,PostCheck,0,0,0.0233253,13.8629,2.30259,21,0.385605,0,0,0,0,1
CMDP-PostCheck,41.6581,441,145,PostCheck,0,0,0.016149,9.70406,2.30259,15,0.212208,0,0,0,0,1
CMDP-PostCheck,41.6693,335,124,PostCheck,0,0,0.0236797,13.8629,2.30259,21,0.225512,0,0,0,0,1
CMDP-PostCheck,41.6707,134,80,PostCheck,1,0,0.0106856,5.54518,2.30259,10,0.124756,0,0,0,0,1.04629
CMDP-PostCheck,41.6798,231,412,PostCheck,0,0,0.0237387,13.8629,2.30259,21,0.312148,0,0,0,0,1
CMDP-PostCheck,41.6819,189,106,PostCheck,0,0,0.0710662,13.8629,2.30259,21,0.115899,0,0,0,0,1
CMDP-PostCheck,41.6823,116,171,PostCheck,0,0,0.023278,13.8629,2.30259,21,0.286211,0,0,0,0,0.991953
CMDP-PostCheck,41.6879,235,341,PostCheck,0,0,0.0232526,13.8629,2.30259,21,0.301105,0,0,0,0,1
CMDP-PostCheck,41.7044,92,258,PostCheck,0,0,0.023689,13.8629,2.30259,21,0.167536,0,0,0,0,1.05178
CMDP-PostCheck,41.7104,238,110,PostCheck,0,0,0.0236851,13.8629,2.30259,21,0.136138,0,0,0,0,1
CMDP-PostCheck,41.712,300,412,PostCheck,0,0,0.0237477,13.8629,2.30259,21,0.153209,0,0,0,0,1
CMDP-PostCheck,41.7126,407,107,PostCheck,0,0,0.0232638,13.8629,2.30259,21,0.314332,0,0,0,0,1
CMDP-PostCheck,41.7193,68,242,PostCheck,1,0,0.0237244,13.1698,2.30259,21,0.093223,0,0,0,0,1.09827
CMDP-PostCheck,41.7238,377,32,PostCheck,0,0,0.0233661,13.8629,2.30259,21,0.39055,0,0,0,0,1
CMDP-PostCheck,41.7246,188,453,PostCheck,0,0,0.0237107,13.8629,2.30259,21,0.05645,0,0,0,0,1.03701
CMDP-PostCheck,41.7307,293,82,PostCheck,0,0,0.0232442,13.8629,2.30259,21,0.481141,0,0,0,0,1
CMDP-PostCheck,41.7376,228,250,PostCheck,0,0,0.023346,13.8629,2.30259,21,0.58733,0,0,0,0,1.00928
CMDP-PostCheck,41.74,261,82,PostCheck,0,0,0.0232442,13.8629,2.30259,21,0.337736,0,0,0,0,0.991953
CMDP-PostCheck,41.7406,366,250,PostCheck,0,0,0.023681,13.8629,2.30259,21,0.321224,0,0,0,0,1
CMDP-PostCheck,41.7517,211,208,PostCheck,0,0,0.0237124,13.8629,2.30259,21,0.222591,0,0,0,0,1
CMDP-PostCheck,41.7539,105,107,PostCheck,0,0,0.0232638,13.8629,2.30259,21,0.292649,0,0,0,0,1
CMDP-PostCheck,41.7598,26,280,PostCheck,0,0,0.0237958,13.8629,2.30259,21,0.058541,0,0,0,0,1.00582
CMDP-PostCheck,41.7777,345,247,PostCheck,0,0,0.023366,13.8629,2.30259,21,0.386583,0,0,0,0,1
CMDP-PostCheck,41.7942,356,250,PostCheck,0,0,0.023346,13.8629,2.30259,21,0.338325,0,0,0,0,1
CMDP-PostCheck,41.7944,171,372,PostCheck,0,0,0.023678,13.8629,2.30259,21,0.488934,0,0,0,0,0.991953
CMDP-PostCheck,41.7963,416,465,PostCheck,0,0,0.023277,13.8629,2.30259,21,0.434279,0,0,0,0,1
CMDP-PostCheck,41.8115,406,22,PostCheck,0,0,0.0236782,13.8629,2.30259,21,0.193715,0,0,0,0,1
CMDP-PostCheck,41.8125,12,168,PostCheck,0,0,0.036905,13.4005,2.30259,21,0.738269,0,0,0,0,0.967423
CMDP-PostCheck,41.815,30,116,PostCheck,0,0,0.0237755,12.0307,2.30259,21,0.390237,0,0,0,0,0.997769
CMDP-PostCheck,41.8168,56,247,PostCheck,0,0,0.0236837,13.8629,2.30259,21,0.160183,0,0,0,0,1
CMDP-PostCheck,41.8188,161,320,PostCheck,0,0,0.0237297,13.8629,2.30259,21,0.199226,0,0,0,0,1
CMDP-PostCheck,41.8196,157,33,PostCheck,0,0,0.0236886,13.8629,2.30259,21,0.258131,0,0,0,0,1
CMDP-PostCheck,41.8454,173,82,PostCheck,0,0,0.0232442,13.8629,2.30259,21,0.410152,0,0,0,0,1.00582
CMDP-PostCheck,41.8498,153,534,PostCheck,0,0,0.0236805,13.8629,2.30259,21,0.335943,0,0,0,0,1.02661
CMDP-PostCheck,41.8531,338,82,PostCheck,0,0,0.0232442,13.8629,2.30259,21,0.295397,0,0,0,0,1
CMDP-PostCheck,41.8686,143,280,PostCheck,0,0,0.0238008,13.8629,2.30259,21,0.180691,0,0,0,0,1
CMDP-PostCheck,41.8722,174,250,PostCheck,0,0,0.023244,13.8629,2.30259,21,0.462814,0,0,0,0,1
CMDP-PostCheck,41.8726,246,250,PostCheck,0,0,0.023244,13.8629,2.30259,21,0.256051,0,0,0,0,0.991953
CMDP-PostCheck,41.8734,313,399,PostCheck,0,0,0.0236786,13.8629,2.30259,21,0.209692,0,0,0,0,1
CMDP-PostCheck,41.8746,427,107,PostCheck,0,0,0.0232638,13.8629,2.30259,21,0.459433,0,0,0,0,1
CMDP-PostCheck,41.8819,219,82,PostCheck,0,0,0.0232442,13.8629,2.30259,21,0.458061,0,0,0,0,1
CMDP-PostCheck,41.8826,431,82,PostCheck,0,0,0.0232442,13.8629,2.30259,21,0.422451,0,0,0,0,1
CMDP-PostCheck,41.8892,9,573,PostCheck,0,0,0.0346771,13.2522,2.30259,21,0.267001,0,0,0,0,1
CMDP-PostCheck,41.8902,355,412,PostCheck,0,0,0.0237343,13.8629,2.30259,21,0.158264,0,0,0,0,1
CMDP-PostCheck,41.8921,14,450,PostCheck,0,0,0.0237289,13.8629,2.30259,21,0.187034,0,0,0,0,1.0255
CMDP-PostCheck,41.8938,381,5,PostCheck,0,0,0.023346,13.8629,2.30259,21,0.330574,0,0,0,0,1
CMDP-PostCheck,41.8951,241,82,PostCheck,0,0,0.0232442,13.8629,2.30259,21,0.292127,0,0,0,0,0.991953
CMDP-PostCheck,41.8956,198,145,PostCheck,0,0,0.0142131,8.31777,2.30259,13,0.053778,0,0,0,0,1
CMDP-PostCheck,41.8958,169,64,PostCheck,0,0,0.0236793,13.8629,2.30259,21,0.259985,0,0,0,0,1
CMDP-PostCheck,41.8972,310,5,PostCheck,0,0,0.023346,13.8629,2.30259,21,0.313341,0,0,0,0,1
CMDP-PostCheck,41.8997,435,349,PostCheck,0,0,0.00478827,2.77259,2.30259,5,0.081511,0,0,0,0,1
CMDP-PostCheck,41.9007,327,128,PostCheck,0,0,0.0236781,13.8629,2.30259,21,0.337071,0,0,0,0,1
CMDP-PostCheck,41.904,351,250,PostCheck,0,0,0.02368,13.8629,2.30259,21,0.346098,0,0,0,0,1
CMDP-PostCheck,41.9044,254,557,PostCheck,0,0,0.02369,13.8629,2.30259,21,0.090039,0,0,0,0,1
CMDP-PostCheck,41.909,45,554,PostCheck,0,0,0.0237212,13.8629,2.30259,21,0.151599,0,0,0,0,1
CMDP-PostCheck,41.9135,296,9,PostCheck,0,0,0.0236787,13.8629,2.30259,21,0.329495,0,0,0,0,1
CMDP-PostCheck,41.9189,104,577,PostCheck,0,0,0.0579239,13.2463,2.30259,21,0.607404,0,0,0,0,1.00778
CMDP-PostCheck,41.9237,152,105,PostCheck,0,0,0.0232864,13.8629,2.30259,21,0.374046,0,0,0,0,1.01621
CMDP-PostCheck,41.9259,415,407,PostCheck,0,0,0.0236784,13.8629,2.30259,21,0.38191,0,0,0,0,1
CMDP-PostCheck,41.9267,265,32,PostCheck,0,0,0.0233661,13.8629,2.30259,21,0.188096,0,0,0,0,0.983906
CMDP-PostCheck,41.9316,287,556,PostCheck,0,0,0.0237062,13.8629,2.30259,21,0.286539,0,0,0,0,1
CMDP-PostCheck,41.9332,95,32,PostCheck,0,0,0.023366,13.8629,2.30259,21,0.536458,0,0,0,0,1
CMDP-PostCheck,41.9435,372,425,PostCheck,0,0,0.023277,13.8629,2.30259,21,0.410646,0,0,0,0,1
CMDP-PostCheck,41.9465,81,31,PostCheck,0,0,0.0232461,13.8629,2.30259,21,0.338596,0,0,0,0,1.04047
CMDP-PostCheck,41.9541,363,412,PostCheck,0,0,0.0237387,13.8629,2.30259,21,0.16496,0,0,0,0,1
CMDP-PostCheck,41.959,328,73,PostCheck,1,0,0.013057,6.93147,2.30259,12,0.112899,0,0,0,0,1.02314
CMDP-PostCheck,41.9604,67,32,PostCheck,0,0,0.0233661,13.8629,2.30259,21,0.203341,0,0,0,0,1.04394
CMDP-PostCheck,41.9627,97,323,PostCheck,0,0,0.0236793,13.8629,2.30259,21,0.249567,0,0,0,0,1.04282
CMDP-PostCheck,41.9648,165,470,PostCheck,0,0,0.0236786,13.8629,2.30259,21,0.316304,0,0,0,0,0.991953
CMDP-PostCheck,41.9756,126,145,PostCheck,0,0,0.0161484,9.70406,2.30259,15,0.104675,0,0,0,0,1
CMDP-PostCheck,41.9791,206,567,PostCheck,0,0,0.0236785,13.8629,2.30259,21,0.173509,0,0,0,0,1.01968
CMDP-PostCheck,41.9791,280,528,PostCheck,0,0,0.0237264,13.8629,2.30259,21,0.134884,0,0,0,0,1
CMDP-PostCheck,41.9819,423,90,PostCheck,0,0,0.0237155,13.8629,2.30259,21,0.153383,0,0,0,0,1
CMDP-PostCheck,41.9863,101,208,PostCheck,0,0,0.0236799,13.8629,2.30259,21,0.191891,0,0,0,0,1
CMDP-PostCheck,41.989,34,135,PostCheck,0,0,0.0243988,12.323,2.30259,21,0.407612,0,0,0,0,1.00328
CMDP-PostCheck,41.9912,269,17,PostCheck,1,1,0.00195642,0.693147,2.30259,3,0.061861,0,0,0,0,0.983906
CMDP-PostCheck,41.995,166,5,PostCheck,0,0,0.023346,13.8629,2.30259,21,0.338721,0,0,0,0,1
CMDP-PostCheck,41.9998,36,425,PostCheck,0,0,0.0232697,13.5576,2.30259,21,0.322929,0,0,0,0,1
CMDP-PostCheck,42.0157,20,502,PostCheck,0,0,0.0233307,12.9468,2.30259,21,0.240381,0,0,0,0,1.01064
CMDP-PostCheck,42.0171,19,545,PostCheck,0,0,0.0237707,12.0307,2.30259,21,0.210017,0,0,0,0,1.00511
CMDP-PostCheck,42.0175,203,77,PostCheck,0,0,0.0237114,13.8629,2.30259,21,0.131868,0,0,0,0,1.03008
CMDP-PostCheck,42.0227,440,82,PostCheck,0,0,0.0232442,13.8629,2.30259,21,0.671405,0,0,0,0,1
CMDP-PostCheck,42.0263,183,82,PostCheck,0,0,0.0232442,13.8629,2.30259,21,0.321223,0,0,0,0,1
CMDP-PostCheck,42.0309,145,575,PostCheck,0,0,0.0237012,13.8629,2.30259,21,0.214708,0,0,0,0,1
CMDP-PostCheck,42.034,47,204,PostCheck,0,0,0.0232757,13.5576,2.30259,21,0.263143,0,0,0,0,1
CMDP-PostCheck,42.0505,274,402,PostCheck,1,1,0.00598589,2.24114,2.30259,6,0.145138,0,0,0,0,0.999693
CMDP-PostCheck,42.052,232,168,PostCheck,0,0,0.0843147,13.7088,2.30259,21,0.451517,0,0,0,0,1
CMDP-PostCheck,42.0549,273,389,PostCheck,0,0,0.0236781,13.8629,2.30259,21,0.324269,0,0,0,0,1
CMDP-PostCheck,42.0651,295,82,PostCheck,0,0,0.0232442,13.8629,2.30259,21,0.394561,0,0,0,0,0.991953
CMDP-PostCheck,42.0675,21,502,PostCheck,0,0,0.0533935,12.9468,2.30259,21,0.376019,0,0,0,0,1.02767
CMDP-PostCheck,42.0678,344,449,PostCheck,0,0,0.0154034,9.01091,2.30259,14,0.044207,0,0,0,0,1.00235
CMDP-PostCheck,42.068,312,82,PostCheck,0,0,0.0232442,13.8629,2.30259,21,0.44314,0,0,0,0,0.998884
CMDP-PostCheck,42.0691,301,528,PostCheck,0,0,0.023678,13.8629,2.30259,21,0.378222,0,0,0,0,1
CMDP-PostCheck,42.07,190,273,PostCheck,0,0,0.0236846,13.8629,2.30259,21,0.360944,0,0,0,0,1
CMDP-PostCheck,42.0721,147,82,PostCheck,0,0,0.0232442,13.8629,2.30259,21,0.274282,0,0,0,0,1
CMDP-PostCheck,42.0816,422,139,PostCheck,0,0,0.0236782,13.8629,2.30259,21,0.316052,0,0,0,0,1
CMDP-PostCheck,42.0863,121,575,PostCheck,0,0,0.023692,13.8629,2.30259,21,0.114167,0,0,0,0,1.08095
CMDP-PostCheck,42.0866,412,126,PostCheck,0,0,0.0236918,13.8629,2.30259,21,0.15664,0,0,0,0,1
CMDP-PostCheck,42.0938,299,538,PostCheck,1,0,0.0177937,9.70406,2.30259,16,0.239618,0,0,0,0,1.03701
CMDP-PostCheck,42.094,202,481,PostCheck,0,0,0.0236784,13.8629,2.30259,21,0.194982,0,0,0,0,1
CMDP-PostCheck,42.099,197,110,PostCheck,0,0,0.0236863,13.8629,2.30259,21,0.308704,0,0,0,0,1
CMDP-PostCheck,42.1044,179,411,PostCheck,0,0,0.0232445,13.8629,2.30259,21,0.215676,0,0,0,0,0.994303
CMDP-PostCheck,42.121,239,534,PostCheck,0,0,0.0236835,13.8629,2.30259,21,0.258361,0,0,0,0,1
CMDP-PostCheck,42.1274,50,305,PostCheck,0,0,0.0507606,13.5576,2.30259,21,0.472584,0,0,0,0,1
CMDP-PostCheck,42.1303,353,76,PostCheck,0,0,0.0233254,13.8629,2.30259,21,0.472305,0,0,0,0,1
CMDP-PostCheck,42.1333,336,258,PostCheck,0,0,0.0236924,13.8629,2.30259,21,0.121196,0,0,0,0,1
CMDP-PostCheck,42.138,41,96,PostCheck,0,0,0.023721,13.5576,2.30259,21,0.328692,0,0,0,0,1.04517
CMDP-PostCheck,42.1389,224,60,PostCheck,0,0,0.0237133,13.7088,2.30259,21,0.42799,0,0,0,0,1
CMDP-PostCheck,42.1397,450,408,PostCheck,0,0,0.11977,0.693147,2.30259,2,0.016982,0,0,0,0,1
CMDP-PostCheck,42.1431,237,412,PostCheck,0,0,0.0237434,13.8629,2.30259,21,0.078713,0,0,0,0,1
CMDP-PostCheck,42.1454,65,502,PostCheck,0,0,0.023366,13.8629,2.30259,21,0.186608,0,0,0,0,0.991953
CMDP-PostCheck,42.1492,204,5,PostCheck,0,0,0.0232426,13.8629,2.30259,21,0.27468,0,0,0,0,1.04394
CMDP-PostCheck,42.1519,309,76,PostCheck,0,0,0.0233254,13.8629,2.30259,21,0.424523,0,0,0,0,1
CMDP-PostCheck,42.1525,432,331,PostCheck,0,0,0.0236856,13.8629,2.30259,21,0.222516,0,0,0,0,1
CMDP-PostCheck,42.1547,357,111,PostCheck,0,0,0.0236805,13.8629,2.30259,21,0.365893,0,0,0,0,1
CMDP-PostCheck,42.1561,210,5,PostCheck,0,0,0.0232426,13.8629,2.30259,21,0.386551,0,0,0,0,1
CMDP-PostCheck,42.1563,17,250,PostCheck,0,0,0.0552677,13.2522,2.30259,21,0.400617,0,0,0,0,1
CMDP-PostCheck,42.1591,96,145,PostCheck,0,0,0.016148,9.70406,2.30259,15,0.113134,0,0,0,0,1
CMDP-PostCheck,42.1642,426,321,PostCheck,1,0,0.0237689,13.1698,2.30259,21,0.162695,0,0,0,0,1.05434
CMDP-PostCheck,42.1705,419,411,PostCheck,0,0,0.0232444,13.8629,2.30259,21,0.524047,0,0,0,0,1
CMDP-PostCheck,42.1712,367,126,PostCheck,0,0,0.0237225,13.8629,2.30259,21,0.278932,0,0,0,0,1
CMDP-PostCheck,42.1715,368,412,PostCheck,0,0,0.0237605,13.8629,2.30259,21,0.167155,0,0,0,0,1
CMDP-PostCheck,42.1747,394,267,PostCheck,0,0,0.0237101,13.4005,2.30259,21,0.222824,0,0,0,0,1
CMDP-PostCheck,42.1901,253,305,PostCheck,0,0,0.023253,13.8629,2.30259,21,0.1711,0,0,0,0,1
CMDP-PostCheck,42.1908,359,372,PostCheck,1,0,0.00550576,2.77259,2.30259,6,0.285554,0,0,0,0,1.02203
CMDP-PostCheck,42.197,226,346,PostCheck,0,0,0.0232773,13.8629,2.30259,21,0.352389,0,0,0,0,1.0474
CMDP-PostCheck,42.1989,177,346,PostCheck,0,0,0.0232773,13.8629,2.30259,21,0.267897,0,0,0,0,1
CMDP-PostCheck,42.2023,187,411,PostCheck,0,0,0.0232444,13.8629,2.30259,21,0.266696,0,0,0,0,1
CMDP-PostCheck,42.2029,13,292,PostCheck,0,0,0.0445446,13.2522,2.30259,21,0.286654,0,0,0,0,0.990426
CMDP-PostCheck,42.2137,125,411,PostCheck,0,0,0.0232444,13.8629,2.30259,21,0.212073,0,0,0,0,1.03354
CMDP-PostCheck,42.2191,25,476,PostCheck,1,1,0.0364201,0.387766,2.30259,3,0.060354,0,0,0,0,0.982911
CMDP-PostCheck,42.227,365,174,PostCheck,0,0,0.0233458,13.8629,2.30259,21,0.344264,0,0,0,0,1
CMDP-PostCheck,42.2377,51,145,PostCheck,0,0,0.0149646,9.01091,2.30259,14,0.152984,0,0,0,0,1
CMDP-PostCheck,42.2437,127,346,PostCheck,0,0,0.0232769,13.7088,2.30259,21,0.162133,0,0,0,0,1.00235
CMDP-PostCheck,42.2452,317,289,PostCheck,0,0,0.0236787,13.8629,2.30259,21,0.348805,0,0,0,0,1
CMDP-PostCheck,42.2469,409,241,PostCheck,1,1,0.00195378,0.693147,2.30259,3,0.073082,0,0,0,0,0.983906
CMDP-PostCheck,42.2477,370,57,PostCheck,0,0,0.02369,13.8629,2.30259,21,0.146627,0,0,0,0,1
CMDP-PostCheck,42.2539,248,197,PostCheck,0,0,0.0236951,13.8629,2.30259,21,0.09933,0,0,0,0,1
CMDP-PostCheck,42.2671,256,267,PostCheck,0,0,0.0232841,13.8629,2.30259,21,0.402296,0,0,0,0,0.995419
CMDP-PostCheck,42.2676,404,343,PostCheck,0,0,0.0232842,13.8629,2.30259,21,0.171591,0,0,0,0,1
CMDP-PostCheck,42.2717,277,343,PostCheck,0,0,0.0232842,13.8629,2.30259,21,0.157386,0,0,0,0,1.03008
CMDP-PostCheck,42.2728,163,260,PostCheck,0,0,0.0236784,13.8629,2.30259,21,0.316757,0,0,0,0,1
CMDP-PostCheck,42.2857,167,327,PostCheck,0,0,0.0236784,13.8629,2.30259,21,0.40121,0,0,0,0,1
CMDP-PostCheck,42.2931,364,402,PostCheck,0,0,0.0236829,13.8629,2.30259,21,0.242188,0,0,0,0,1
CMDP-PostCheck,42.2956,120,583,PostCheck,0,0,0.0237415,13.8629,2.30259,21,0.095343,0,0,0,0,1
CMDP-PostCheck,42.2961,117,9,PostCheck,0,0,0.023682,13.8629,2.30259,21,0.174931,0,0,0,0,1
CMDP-PostCheck,42.3111,397,168,PostCheck,0,0,0.0232639,13.8629,2.30259,21,0.412996,0,0,0,0,1
CMDP-PostCheck,42.3125,234,458,PostCheck,0,0,0.0237332,13.4005,2.30259,21,0.528851,0,0,0,0,0.996572
CMDP-PostCheck,42.3136,260,250,PostCheck,0,0,0.0232427,13.8629,2.30259,21,0.257307,0,0,0,0,1
CMDP-PostCheck,42.3147,291,5,PostCheck,0,0,0.0233459,13.8629,2.30259,21,0.317324,0,0,0,0,0.998884
CMDP-PostCheck,42.317,103,5,PostCheck,0,0,0.0232473,13.8629,2.30259,21,0.585332,0,0,0,0,1
CMDP-PostCheck,42.3208,78,553,PostCheck,0,0,0.0236785,13.8629,2.30259,21,0.203464,0,0,0,0,1.00928
CMDP-PostCheck,42.3329,124,480,PostCheck,0,0,0.0236794,13.8629,2.30259,21,0.26752,0,0,0,0,1
CMDP-PostCheck,42.3341,37,13,PostCheck,0,0,0.0237173,13.5576,2.30259,21,0.129793,0,0,0,0,1.01122
CMDP-PostCheck,42.3424,445,425,PostCheck,0,0,0.0236787,13.8629,2.30259,21,0.430136,0,0,0,0,1
CMDP-PostCheck,42.3507,175,302,PostCheck,0,0,0.0237004,13.8629,2.30259,21,0.262108,0,0,0,0,1
CMDP-PostCheck,42.3556,154,126,PostCheck,0,0,0.0237049,13.8629,2.30259,21,0.163622,0,0,0,0,1
CMDP-PostCheck,42.3565,242,559,PostCheck,0,0,0.0232464,13.8629,2.30259,21,0.374335,0,0,0,0,0.991953
CMDP-PostCheck,42.3614,264,185,PostCheck,0,0,0.0236782,13.8629,2.30259,21,0.245839,0,0,0,0,1
CMDP-PostCheck,42.3621,118,168,PostCheck,0,0,0.0232639,13.8629,2.30259,21,0.327953,0,0,0,0,1.09481
CMDP-PostCheck,42.3639,411,261,PostCheck,0,0,0.0232672,13.8629,2.30259,21,0.256039,0,0,0,0,1
CMDP-PostCheck,42.3643,244,75,PostCheck,0,0,0.023681,13.8629,2.30259,21,0.374526,0,0,0,0,1
CMDP-PostCheck,42.3815,192,185,PostCheck,0,0,0.0236781,13.8629,2.30259,21,0.262525,0,0,0,0,1.04047
CMDP-PostCheck,42.3822,341,168,PostCheck,0,0,0.0232639,13.8629,2.30259,21,0.48038,0,0,0,0,1
CMDP-PostCheck,42.3827,18,182,PostCheck,0,0,0.0572429,13.098,2.30259,21,0.351451,0,0,0,0,1.04435
CMDP-PostCheck,42.3838,71,410,PostCheck,0,0,0.0237208,13.8629,2.30259,21,0.089826,0,0,0,0,1.00582
CMDP-PostCheck,42.3862,386,139,PostCheck,0,0,0.0236782,13.8629,2.30259,21,0.348195,0,0,0,0,1
CMDP-PostCheck,42.3872,272,168,PostCheck,0,0,0.0232639,13.8629,2.30259,21,0.291322,0,0,0,0,1
CMDP-PostCheck,42.3883,213,422,PostCheck,0,0,0.0236783,13.8629,2.30259,21,0.279629,0,0,0,0,1
CMDP-PostCheck,42.3899,15,385,PostCheck,0,0,0.0232869,12.9468,2.30259,21,0.350296,0,0,0,0,1
CMDP-PostCheck,42.396,108,44,PostCheck,0,0,0.0236781,13.8629,2.30259,21,0.325005,0,0,0,0,1
CMDP-PostCheck,42.397,194,107,PostCheck,0,0,0.023264,13.8629,2.30259,21,0.34261,0,0,0,0,0.991953
CMDP-PostCheck,42.399,379,502,PostCheck,0,0,0.0233662,13.8629,2.30259,21,0.33264,0,0,0,0,1
CMDP-PostCheck,42.4272,63,145,PostCheck,0,0,0.0149636,9.01091,2.30259,14,0.108837,0,0,0,0,1.02549
CMDP-PostCheck,42.4292,57,437,PostCheck,0,0,0.0237167,13.8629,2.30259,21,0.175447,0,0,0,0,1
CMDP-PostCheck,42.4323,74,411,PostCheck,0,0,0.0232671,13.8629,2.30259,21,0.263857,0,0,0,0,0.983906
CMDP-PostCheck,42.4428,437,528,PostCheck,0,0,0.0236836,13.8629,2.30259,21,0.262387,0,0,0,0,1
CMDP-PostCheck,42.4461,388,258,PostCheck,0,0,0.023692,13.8629,2.30259,21,0.245722,0,0,0,0,1
CMDP-PostCheck,42.4464,99,466,PostCheck,0,0,0.0236783,13.8629,2.30259,21,0.329085,0,0,0,0,1
CMDP-PostCheck,42.4526,290,76,PostCheck,0,0,0.0233254,13.8629,2.30259,21,0.406395,0,0,0,0,1
CMDP-PostCheck,42.4561,315,294,PostCheck,0,0,0.0236782,13.8629,2.30259,21,0.303945,0,0,0,0,1
CMDP-PostCheck,42.4607,156,389,PostCheck,0,0,0.023678,13.8629,2.30259,21,0.654675,0,0,0,0,1
CMDP-PostCheck,42.4615,400,145,PostCheck,0,0,0.0149636,9.01091,2.30259,14,0.099849,0,0,0,0,1
CMDP-PostCheck,42.4666,4,141,PostCheck,0,0,0.023712,12.9468,2.30259,21,0.130016,0,0,0,0,1.00582
CMDP-PostCheck,42.4674,436,141,PostCheck,0,0,0.0236787,13.8629,2.30259,21,0.362767,0,0,0,0,1
CMDP-PostCheck,42.4677,249,141,PostCheck,0,0,0.0232464,13.8629,2.30259,21,0.365906,0,0,0,0,1
CMDP-PostCheck,42.4706,27,502,PostCheck,0,0,0.0233662,13.8629,2.30259,21,0.26244,0,0,0,0,1.03684
CMDP-PostCheck,42.4725,42,47,PostCheck,0,0,0.0238281,11.4199,2.30259,21,0.429898,0,0,0,0,0.990426
CMDP-PostCheck,42.478,144,250,PostCheck,0,0,0.0232427,13.8629,2.30259,21,0.365706,0,0,0,0,1
CMDP-PostCheck,42.4805,98,568,PostCheck,0,0,0.0236798,13.8629,2.30259,21,0.255823,0,0,0,0,1
CMDP-PostCheck,42.4838,83,168,PostCheck,0,0,0.0232639,13.8629,2.30259,21,0.718332,0,0,0,0,1
CMDP-PostCheck,42.4853,73,67,PostCheck,1,1,0.00240294,0.693147,2.30259,3,0.235458,0,0,0,0,0.983906
CMDP-PostCheck,42.4935,320,410,PostCheck,0,0,0.023721,13.8629,2.30259,21,0.151412,0,0,0,0,1
CMDP-PostCheck,42.5021,135,168,PostCheck,0,0,0.0232639,13.8629,2.30259,21,0.335499,0,0,0,0,1.04047
CMDP-PostCheck,42.5125,399,261,PostCheck,0,0,0.0232534,13.8629,2.30259,21,0.180352,0,0,0,0,1
CMDP-PostCheck,42.5152,438,335,PostCheck,0,0,0.0236783,13.8629,2.30259,21,0.44068,0,0,0,0,1
CMDP-PostCheck,42.518,347,250,PostCheck,0,0,0.0232427,13.8629,2.30259,21,0.212884,0,0,0,0,1
CMDP-PostCheck,42.5193,387,250,PostCheck,0,0,0.112874,13.7088,2.30259,21,0.358748,0,0,0,0,1
CMDP-PostCheck,42.5242,430,168,PostCheck,0,0,0.0232639,13.8629,2.30259,21,0.437661,0,0,0,0,1
CMDP-PostCheck,42.5268,434,482,PostCheck,0,0,0.0236801,13.8629,2.30259,21,0.295315,0,0,0,0,1
CMDP-PostCheck,42.5292,342,102,PostCheck,0,0,0.0236828,13.8629,2.30259,21,0.117868,0,0,0,0,1
CMDP-PostCheck,42.532,170,484,PostCheck,0,0,0.0236781,13.8629,2.30259,21,0.317095,0,0,0,0,1.02661
CMDP-PostCheck,42.5327,186,171,PostCheck,0,0,0.0799958,13.5546,2.30259,21,0.311776,0,0,0,0,0.991182
CMDP-PostCheck,42.5371,58,256,PostCheck,0,0,0.0573597,13.5576,2.30259,21,0.356786,0,0,0,0,0.971278
CMDP-PostCheck,42.5451,442,577,PostCheck,0,0,0.0233661,13.8629,2.30259,21,0.479106,0,0,0,0,1
CMDP-PostCheck,42.5452,362,107,PostCheck,0,0,0.0232639,13.8629,2.30259,21,0.513464,0,0,0,0,1
CMDP-PostCheck,42.5457,90,451,PostCheck,1,0,0.0209771,11.7835,2.30259,19,0.128271,0,0,0,0,1.0474
CMDP-PostCheck,42.5485,221,294,PostCheck,0,0,0.023678,13.8629,2.30259,21,0.23045,0,0,0,0,1
CMDP-PostCheck,42.5666,146,5,PostCheck,0,0,0.023347,13.8629,2.30259,21,0.349999,0,0,0,0,1
CMDP-PostCheck,42.5677,259,145,PostCheck,0,0,0.0161473,9.70406,2.30259,15,0.092182,0,0,0,0,1
CMDP-PostCheck,42.5681,424,296,PostCheck,0,0,0.0237021,13.8629,2.30259,21,0.243417,0,0,0,0,1
CMDP-PostCheck,42.5722,1,22,PostCheck,0,0,0.0237319,12.9468,2.30259,21,0.278357,0,0,0,0,1.03672
CMDP-PostCheck,42.6046,229,5,PostCheck,0,0,0.0232462,13.8629,2.30259,21,0.293502,0,0,0,0,1
CMDP-PostCheck,42.6088,212,476,PostCheck,1,0,0.0151132,8.31777,2.30259,14,0.164581,0,0,0,0,1.03008
CMDP-PostCheck,42.612,403,297,PostCheck,0,0,0.0236786,13.8629,2.30259,21,0.177084,0,0,0,0,1
CMDP-PostCheck,42.6254,417,372,PostCheck,1,0,0.00552765,2.77259,2.30259,6,0.110241,0,0,0,0,1.01163
CMDP-PostCheck,42.6263,233,167,PostCheck,0,0,0.023366,13.8629,2.30259,21,0.312362,0,0,0,0,1
CMDP-PostCheck,42.6359,257,267,PostCheck,0,0,0.0236781,13.8629,2.30259,21,0.186391,0,0,0,0,1
CMDP-PostCheck,42.6401,54,280,PostCheck,0,0,0.0237985,13.8629,2.30259,21,0.177755,0,0,0,0,1
CMDP-PostCheck,42.6503,307,145,PostCheck,0,0,0.0149649,9.01091,2.30259,14,0.145942,0,0,0,0,1
CMDP-PostCheck,42.661,278,227,PostCheck,0,0,0.0747283,0.693147,2.30259,2,0.00992,0,0,0,0,1
CMDP-PostCheck,42.6758,326,76,PostCheck,1,0,0.0142472,7.62462,2.30259,13,0.162245,0,0,0,0,1.02661
CMDP-PostCheck,42.6767,245,216,PostCheck,0,0,0.0236783,13.8629,2.30259,21,0.322978,0,0,0,0,0.991953
CMDP-PostCheck,42.6904,383,168,PostCheck,0,0,0.0232639,13.8629,2.30259,21,0.448425,0,0,0,0,1
CMDP-PostCheck,42.6942,414,250,PostCheck,0,0,0.0232427,13.8629,2.30259,21,0.263406,0,0,0,0,1
CMDP-PostCheck,42.7052,28,415,PostCheck,0,0,0.0237046,13.5576,2.30259,21,0.243694,0,0,0,0,0.988195
CMDP-PostCheck,42.7062,348,441,PostCheck,0,0,0.0236792,13.8629,2.30259,21,0.234275,0,0,0,0,1
CMDP-PostCheck,42.7087,369,461,PostCheck,0,0,0.0233469,13.8629,2.30259,21,0.385912,0,0,0,0,1
CMDP-PostCheck,42.7146,343,218,PostCheck,0,0,0.023678,13.8629,2.30259,21,0.200667,0,0,0,0,1
CMDP-PostCheck,42.7187,55,431,PostCheck,0,0,0.0236819,13.8629,2.30259,21,0.322322,0,0,0,0,1
CMDP-PostCheck,42.719,292,39,PostCheck,0,0,0.0236779,13.8629,2.30259,21,0.206632,0,0,0,0,1
CMDP-PostCheck,42.7205,322,445,PostCheck,0,0,0.0236891,13.8629,2.30259,21,0.246509,0,0,0,0,1.0474
CMDP-PostCheck,42.7273,136,552,PostCheck,0,0,0.0232639,13.8629,2.30259,21,0.345635,0,0,0,0,1
CMDP-PostCheck,42.7286,218,145,PostCheck,0,0,0.0161469,9.70406,2.30259,15,0.07778,0,0,0,0,1
CMDP-PostCheck,42.7319,43,379,PostCheck,0,0,0.0237554,12.323,2.30259,21,0.415256,0,0,0,0,0.990426
CMDP-PostCheck,42.7373,93,53,PostCheck,0,0,0.0233471,13.8629,2.30259,21,0.308547,0,0,0,0,1
CMDP-PostCheck,42.7428,223,267,PostCheck,0,0,0.0232786,13.8629,2.30259,21,0.157769,0,0,0,0,1.01275
CMDP-PostCheck,42.751,29,93,PostCheck,0,0,0.0432162,12.6414,2.30259,21,0.141763,0,0,0,0,0.986668
CMDP-PostCheck,42.7532,155,139,PostCheck,0,0,0.0236815,13.8629,2.30259,21,0.3453,0,0,0,0,1
CMDP-PostCheck,42.7716,207,25,PostCheck,0,0,0.0236786,13.8629,2.30259,21,0.342706,0,0,0,0,1
CMDP-PostCheck,42.7944,172,460,PostCheck,1,0,0.0189759,10.3972,2.30259,17,0.42915,0,0,0,0,1.04517
CMDP-PostCheck,42.7954,283,552,PostCheck,0,0,0.0232639,13.8629,2.30259,21,0.438738,0,0,0,0,0.995419
CMDP-PostCheck,42.7954,319,276,PostCheck,0,0,0.083531,0.693147,2.30259,2,0.018341,0,0,0,0,1
CMDP-PostCheck,42.7986,62,236,PostCheck,0,0,0.0232773,13.5576,2.30259,21,0.285693,0,0,0,0,0.999415
CMDP-PostCheck,42.8008,380,461,PostCheck,0,0,0.0233468,13.8629,2.30259,21,0.328849,0,0,0,0,1
CMDP-PostCheck,42.8057,89,155,PostCheck,1,0,0.0118663,6.23832,2.30259,11,0.12584,0,0,0,0,1.01163
CMDP-PostCheck,42.806,393,461,PostCheck,0,0,0.0233468,13.8629,2.30259,21,0.419286,0,0,0,0,1
CMDP-PostCheck,42.8144,102,167,PostCheck,0,0,0.023366,13.7088,2.30259,21,0.309974,0,0,0,0,1
CMDP-PostCheck,42.8165,158,44,PostCheck,0,0,0.0236782,13.8629,2.30259,21,0.333869,0,0,0,0,1
CMDP-PostCheck,42.8203,306,142,PostCheck,0,0,0.0236791,13.8629,2.30259,21,0.366104,0,0,0,0,1.02896
CMDP-PostCheck,42.8204,214,466,PostCheck,0,0,0.0236784,13.8629,2.30259,21,0.236924,0,0,0,0,1
CMDP-PostCheck,42.8258,252,520,PostCheck,0,0,0.0232674,13.8629,2.30259,21,0.529143,0,0,0,0,0.998884
CMDP-PostCheck,42.8365,72,410,PostCheck,0,0,0.023718,13.8629,2.30259,21,0.131525,0,0,0,0,1
CMDP-PostCheck,42.8451,112,167,PostCheck,0,0,0.023366,13.8629,2.30259,21,0.369641,0,0,0,0,1
CMDP-PostCheck,42.8476,429,162,PostCheck,0,0,0.023689,13.8629,2.30259,21,0.27175,0,0,0,0,1
CMDP-PostCheck,42.8495,294,442,PostCheck,0,0,0.0232673,13.8629,2.30259,21,0.219646,0,0,0,0,1
CMDP-PostCheck,42.8502,7,277,PostCheck,0,0,0.0458772,13.2522,2.30259,21,0.171186,0,0,0,0,1
CMDP-PostCheck,42.8556,150,141,PostCheck,0,0,0.0232427,13.8629,2.30259,21,0.213487,0,0,0,0,1
CMDP-PostCheck,42.8669,316,208,PostCheck,0,0,0.0237199,13.8629,2.30259,21,0.175422,0,0,0,0,1
CMDP-PostCheck,42.8746,176,522,PostCheck,0,0,0.0646747,13.8629,2.30259,21,0.27658,0,0,0,0,1
CMDP-PostCheck,42.8746,258,153,PostCheck,0,0,0.0236847,13.8629,2.30259,21,0.313761,0,0,0,0,1
CMDP-PostCheck,42.8878,334,168,PostCheck,0,0,0.0232639,13.8629,2.30259,21,0.302214,0,0,0,0,1
CMDP-PostCheck,42.892,373,167,PostCheck,0,0,0.023366,13.8629,2.30259,21,0.31981,0,0,0,0,1
CMDP-PostCheck,42.8935,2,473,PostCheck,0,0,0.022739,13.8629,2.30259,21,0.299146,0,0,0,0,0.991953
CMDP-PostCheck,42.8937,149,168,PostCheck,0,0,0.0232639,13.8629,2.30259,21,0.31532,0,0,0,0,0.990837
CMDP-PostCheck,42.8938,331,250,PostCheck,0,0,0.0232427,13.8629,2.30259,21,0.273325,0,0,0,0,1
CMDP-PostCheck,42.8947,330,145,PostCheck,0,0,0.0161467,9.70406,2.30259,15,0.07126,0,0,0,0,1
CMDP-PostCheck,42.897,401,153,PostCheck,0,0,0.0236848,13.8629,2.30259,21,0.314881,0,0,0,0,1
CMDP-PostCheck,42.901,64,167,PostCheck,0,0,0.023366,13.8629,2.30259,21,0.215405,0,0,0,0,0.989721
CMDP-PostCheck,42.9023,382,145,PostCheck,0,0,0.0149627,9.01091,2.30259,14,0.126874,0,0,0,0,1
CMDP-PostCheck,42.9066,178,445,PostCheck,0,0,0.0237036,13.8629,2.30259,21,0.315854,0,0,0,0,1.01968
CMDP-PostCheck,42.9149,184,44,PostCheck,0,0,0.0236881,13.8629,2.30259,21,0.335982,0,0,0,0,1
CMDP-PostCheck,42.9157,111,274,PostCheck,0,0,0.0236781,13.8629,2.30259,21,0.580137,0,0,0,0,1
CMDP-PostCheck,42.9193,304,145,PostCheck,0,0,0.0177934,10.2431,2.30259,16,0.182255,0,0,0,0,1
CMDP-PostCheck,42.9205,374,232,PostCheck,0,0,0.0236784,13.8629,2.30259,21,0.46841,0,0,0,0,1
CMDP-PostCheck,42.9288,350,107,PostCheck,0,0,0.0232639,13.8629,2.30259,21,0.29902,0,0,0,0,1
CMDP-PostCheck,42.9301,275,415,PostCheck,0,0,0.0233661,13.8629,2.30259,21,0.237803,0,0,0,0,1
CMDP-PostCheck,42.9325,32,95,PostCheck,0,0,0.0239888,12.336,2.30259,21,0.24688,0,0,0,0,1.05911
CMDP-PostCheck,42.9339,168,135,PostCheck,0,0,0.0232639,13.8629,2.30259,21,0.405519,0,0,0,0,1
CMDP-PostCheck,42.9365,266,141,PostCheck,0,0,0.0232425,13.8629,2.30259,21,0.254591,0,0,0,0,1
CMDP-PostCheck,42.9414,340,237,PostCheck,0,0,0.0237101,13.8629,2.30259,21,0.061835,0,0,0,0,1
CMDP-PostCheck,42.942,303,237,PostCheck,0,0,0.0237046,13.8629,2.30259,21,0.135688,0,0,0,0,1
CMDP-PostCheck,42.9444,109,331,PostCheck,0,0,0.023685,13.8629,2.30259,21,0.286494,0,0,0,0,1
CMDP-PostCheck,42.9488,339,139,PostCheck,0,0,0.0236782,13.8629,2.30259,21,0.178135,0,0,0,0,1
CMDP-PostCheck,42.9493,298,250,PostCheck,0,0,0.0232427,13.8629,2.30259,21,0.248947,0,0,0,0,0.991953
CMDP-PostCheck,42.9502,84,575,PostCheck,0,0,0.0236829,13.8629,2.30259,21,0.129125,0,0,0,0,1
CMDP-PostCheck,42.9522,398,53,PostCheck,0,0,0.0233469,13.8629,2.30259,21,0.379134,0,0,0,0,1
CMDP-PostCheck,42.9629,420,332,PostCheck,0,0,0.0236838,13.8629,2.30259,21,0.130076,0,0,0,0,1
CMDP-PostCheck,42.9673,391,237,PostCheck,0,0,0.0237095,13.8629,2.30259,21,0.145331,0,0,0,0,1
CMDP-PostCheck,42.9684,185,158,PostCheck,0,0,0.0236783,13.8629,2.30259,21,0.301486,0,0,0,0,1
CMDP-PostCheck,42.9769,151,107,PostCheck,0,0,0.0232639,13.8629,2.30259,21,0.370392,0,0,0,0,0.991953
CMDP-PostCheck,42.977,130,109,PostCheck,0,0,0.0236844,13.8629,2.30259,21,0.120181,0,0,0,0,0.991953
CMDP-PostCheck,42.9793,69,77,PostCheck,0,0,0.023678,13.8629,2.30259,21,0.239251,0,0,0,0,1.03008
CMDP-PostCheck,42.9805,77,200,PostCheck,0,0,0.0236791,13.8629,2.30259,21,0.283162,0,0,0,0,1
CMDP-PostCheck,42.9816,329,461,PostCheck,0,0,0.0233467,13.8629,2.30259,21,0.348791,0,0,0,0,1
CMDP-PostCheck,42.9817,308,145,PostCheck,0,0,0.0161466,9.70406,2.30259,15,0.257831,0,0,0,0,1
CMDP-PostCheck,42.9844,297,286,PostCheck,0,0,0.0236795,13.8629,2.30259,21,0.232156,0,0,0,0,1
CMDP-PostCheck,42.9847,113,86,PostCheck,0,0,0.0232777,13.8629,2.30259,21,0.53664,0,0,0,0,1
CMDP-PostCheck,42.9851,33,266,PostCheck,0,0,0.0627481,13.2522,2.30259,21,0.249578,0,0,0,0,1
CMDP-PostCheck,42.9969,80,370,PostCheck,0,0,0.0236889,13.8629,2.30259,21,0.221731,0,0,0,0,0.997769
CMDP-PostCheck,43.0113,137,145,PostCheck,0,0,0.0149626,9.01091,2.30259,14,0.05575,0,0,0,0,1.01163
CMDP-PostCheck,43.0213,321,77,PostCheck,0,0,0.0237452,13.8629,2.30259,21,0.330795,0,0,0,0,1
CMDP-PostCheck,43.0336,40,312,PostCheck,0,0,0.0244142,12.0307,2.30259,21,0.336149,0,0,0,0,0.993016
CMDP-PostCheck,43.0339,31,457,PostCheck,0,0,0.0237062,13.2522,2.30259,21,0.301617,0,0,0,0,1
CMDP-PostCheck,43.0373,82,86,PostCheck,0,0,0.0232776,13.8629,2.30259,21,0.259329,0,0,0,0,1
CMDP-PostCheck,43.0412,46,60,PostCheck,0,0,0.0233714,13.5576,2.30259,21,0.365175,0,0,0,0,1.06597
CMDP-PostCheck,43.0427,384,442,PostCheck,0,0,0.0232673,13.8629,2.30259,21,0.397878,0,0,0,0,1
CMDP-PostCheck,43.0518,447,27,PostCheck,0,0,0.0236797,13.8629,2.30259,21,0.367236,0,0,0,0,1
CMDP-PostCheck,43.0535,443,86,PostCheck,0,0,0.0232776,13.8629,2.30259,21,0.414886,0,0,0,0,1
CMDP-PostCheck,43.0585,106,145,PostCheck,0,0,0.0161464,9.70406,2.30259,15,0.235822,0,0,0,0,1
CMDP-PostCheck,43.0599,262,461,PostCheck,0,0,0.0233465,13.8629,2.30259,21,0.349376,0,0,0,0,1
CMDP-PostCheck,43.0661,276,319,PostCheck,0,0,0.0780435,0.693147,2.30259,2,0.010536,0,0,0,0,1
CMDP-PostCheck,43.0732,392,391,PostCheck,0,0,0.0237023,13.8629,2.30259,21,0.15245,0,0,0,0,1
CMDP-PostCheck,43.08,142,512,PostCheck,0,0,0.0236782,13.8629,2.30259,21,0.190174,0,0,0,0,1.05087
CMDP-PostCheck,43.0814,270,273,PostCheck,0,0,0.0233253,13.8629,2.30259,21,0.278727,0,0,0,0,1
CMDP-PostCheck,43.089,129,208,PostCheck,0,0,0.0236809,13.8629,2.30259,21,0.13551,0,0,0,0,1
CMDP-PostCheck,43.0932,402,473,PostCheck,0,0,0.0234185,13.4005,2.30259,21,0.428668,0,0,0,0,1
CMDP-PostCheck,43.0987,39,575,PostCheck,0,0,0.0236782,13.8629,2.30259,21,0.310103,0,0,0,0,1
CMDP-PostCheck,43.1016,16,210,PostCheck,0,0,0.0489023,12.6414,2.30259,21,0.419555,0,0,0,0,1
CMDP-PostCheck,43.1078,160,495,PostCheck,0,0,0.0236865,13.8629,2.30259,21,0.277404,0,0,0,0,1
CMDP-PostCheck,43.108,418,145,PostCheck,0,0,0.0161463,9.70406,2.30259,15,0.079758,0,0,0,0,1
CMDP-PostCheck,43.1082,44,266,PostCheck,0,0,0.0499294,13.2522,2.30259,21,0.374927,0,0,0,0,1
CMDP-PostCheck,43.1086,110,479,PostCheck,0,0,0.0237125,13.8629,2.30259,21,0.167974,0,0,0,0,1
CMDP-PostCheck,43.1114,38,473,PostCheck,0,0,0.0233299,12.0307,2.30259,21,0.225695,0,0,0,0,1.04071
CMDP-PostCheck,43.1153,196,259,PostCheck,0,0,0.023685,13.8629,2.30259,21,0.165738,0,0,0,0,1
CMDP-PostCheck,43.1313,191,107,PostCheck,0,0,0.0232638,13.8629,2.30259,21,0.563927,0,0,0,0,1
CMDP-PostCheck,43.1344,302,401,PostCheck,0,0,0.0236783,13.8629,2.30259,21,0.359074,0,0,0,0,1
CMDP-PostCheck,43.1364,181,479,PostCheck,0,0,0.0237183,13.8629,2.30259,21,0.172622,0,0,0,0,1
CMDP-PostCheck,43.137,337,442,PostCheck,0,0,0.0232673,13.8629,2.30259,21,0.234408,0,0,0,0,1
CMDP-PostCheck,43.1398,271,139,PostCheck,0,0,0.0236782,13.8629,2.30259,21,0.187683,0,0,0,0,1
CMDP-PostCheck,43.1417,405,157,PostCheck,0,0,0.0236794,13.8629,2.30259,21,0.297275,0,0,0,0,1
CMDP-PostCheck,43.1419,8,317,PostCheck,0,0,0.0517895,13.2522,2.30259,21,0.295123,0,0,0,0,1
CMDP-PostCheck,43.1419,23,478,PostCheck,0,0,0.0237224,12.9468,2.30259,21,0.444083,0,0,0,0,1.0783
CMDP-PostCheck,43.1449,371,528,PostCheck,0,0,0.0236838,13.8629,2.30259,21,0.274052,0,0,0,0,1
CMDP-PostCheck,43.1491,3,195,PostCheck,0,0,0.0339578,13.2522,2.30259,21,0.415565,0,0,0,0,1.04571
CMDP-PostCheck,43.153,240,66,PostCheck,0,0,0.0236906,13.8629,2.30259,21,0.269175,0,0,0,0,1
CMDP-PostCheck,43.1563,131,364,PostCheck,0,0,0.0236846,13.8629,2.30259,21,0.167323,0,0,0,0,1.03008
CMDP-PostCheck,43.1593,439,483,PostCheck,0,0,0.119482,0.693147,2.30259,2,0.01817,0,0,0,0,1
CMDP-PostCheck,43.1671,247,112,PostCheck,0,0,0.0233662,13.7088,2.30259,21,0.841472,0,0,0,0,1
CMDP-PostCheck,43.1675,11,346,PostCheck,0,0,0.0237733,12.6414,2.30259,21,0.212843,0,0,0,0,1.04905
CMDP-PostCheck,43.1707,86,107,PostCheck,0,0,0.0232638,13.8629,2.30259,21,0.442862,0,0,0,0,1
CMDP-PostCheck,43.1725,139,553,PostCheck,0,0,0.0236784,13.8629,2.30259,21,0.186127,0,0,0,0,1
CMDP-PostCheck,43.1814,289,53,PostCheck,0,0,0.0233466,13.8629,2.30259,21,0.267094,0,0,0,0,1
CMDP-PostCheck,43.1863,216,286,PostCheck,0,0,0.0236787,13.8629,2.30259,21,0.204893,0,0,0,0,0.991953
CMDP-PostCheck,43.1892,100,107,PostCheck,0,0,0.0232638,13.8629,2.30259,21,0.491268,0,0,0,0,0.983906
CMDP-PostCheck,43.1975,428,344,PostCheck,0,0,0.0237108,13.8629,2.30259,21,0.09298,0,0,0,0,1
CMDP-PostCheck,43.2007,59,305,PostCheck,0,0,0.0237256,13.5576,2.30259,21,0.473119,0,0,0,0,1
CMDP-PostCheck,43.2085,267,25,PostCheck,0,0,0.0236786,13.8629,2.30259,21,0.35444,0,0,0,0,1.09481
CMDP-PostCheck,43.2229,22,39,PostCheck,0,0,0.023678,13.8629,2.30259,21,0.319389,0,0,0,0,1
CMDP-PostCheck,43.2249,318,491,PostCheck,0,0,0.0236857,13.8629,2.30259,21,0.347829,0,0,0,0,1
CMDP-PostCheck,43.2373,346,385,PostCheck,0,0,0.0236927,13.7088,2.30259,21,0.200496,0,0,0,0,1
CMDP-PostCheck,43.2519,180,259,PostCheck,0,0,0.0236846,13.8629,2.30259,21,0.279902,0,0,0,0,1.04394
CMDP-PostCheck,43.2531,227,278,PostCheck,0,0,0.0550773,0.693147,2.30259,2,0.01013,0,0,0,0,1
CMDP-PostCheck,43.2572,193,53,PostCheck,0,0,0.0232464,13.8629,2.30259,21,0.391996,0,0,0,0,1.00582
CMDP-PostCheck,43.2607,425,530,PostCheck,0,0,0.0236785,13.8629,2.30259,21,0.246461,0,0,0,0,1
CMDP-PostCheck,43.2613,195,520,PostCheck,0,0,0.0232674,13.8629,2.30259,21,0.353031,0,0,0,0,1
CMDP-PostCheck,43.2705,162,425,PostCheck,0,0,0.0236781,13.8629,2.30259,21,0.457631,0,0,0,0,1
CMDP-PostCheck,43.274,263,145,PostCheck,0,0,0.0161461,9.70406,2.30259,15,0.169546,0,0,0,0,1
CMDP-PostCheck,43.2839,199,500,PostCheck,0,0,0.0233463,13.8629,2.30259,21,0.212917,0,0,0,0,1
CMDP-PostCheck,43.2845,24,478,PostCheck,0,0,0.0233102,12.9468,2.30259,21,0.190072,0,0,0,0,0.994304
CMDP-PostCheck,43.2851,396,86,PostCheck,0,0,0.0232775,13.8629,2.30259,21,0.331233,0,0,0,0,1
CMDP-PostCheck,43.291,453,288,PostCheck,0,0,0.0236993,13.8629,2.30259,21,0.18656,0,0,0,0,1
CMDP-PostCheck,43.2963,79,414,PostCheck,0,0,0.0233462,13.8629,2.30259,21,0.405338,0,0,0,0,1
CMDP-PostCheck,43.3005,133,261,PostCheck,0,0,0.0232732,13.5546,2.30259,21,0.245547,0,0,0,0,0.999693
CMDP-PostCheck,43.3009,35,94,PostCheck,1,1,0.00436258,1.1633,2.30259,5,0.215778,0,0,0,0,1.04541
CMDP-PostCheck,43.3031,286,510,PostCheck,1,0,0.0130602,6.93147,2.30259,12,0.208199,0,0,0,0,1.02314
CMDP-PostCheck,43.3057,60,414,PostCheck,0,0,0.0233461,13.8629,2.30259,21,0.561319,0,0,0,0,1
CMDP-PostCheck,43.3077,375,328,PostCheck,0,0,0.0236801,13.8629,2.30259,21,0.510764,0,0,0,0,1
CMDP-PostCheck,43.3093,215,449,PostCheck,0,0,0.0213649,12.4766,2.30259,19,0.060992,0,0,0,0,1
CMDP-PostCheck,43.3136,358,426,PostCheck,0,0,0.0237046,13.8629,2.30259,21,0.074241,0,0,0,0,1
CMDP-PostCheck,43.3193,311,403,PostCheck,0,0,0.0236811,13.8629,2.30259,21,0.508083,0,0,0,0,1
CMDP-PostCheck,43.326,138,107,PostCheck,0,0,0.0232637,13.8629,2.30259,21,0.258011,0,0,0,0,1.05434
CMDP-PostCheck,43.3288,413,17,PostCheck,0,0,0.0236815,13.8629,2.30259,21,0.14335,0,0,0,0,1
CMDP-PostCheck,43.3331,5,325,PostCheck,0,0,0.0525119,13.2522,2.30259,21,0.574787,0,0,0,0,0.990426
CMDP-PostCheck,43.3422,217,7,PostCheck,1,0,0.0106823,5.54518,2.30259,10,0.089786,0,0,0,0,1.04629
CMDP-PostCheck,43.3427,94,115,PostCheck,0,0,0.0233662,13.8629,2.30259,21,0.221227,0,0,0,0,1.00582
CMDP-PostCheck,43.344,305,442,PostCheck,0,0,0.0232673,13.8629,2.30259,21,0.462898,0,0,0,0,1
CMDP-PostCheck,43.346,385,25,PostCheck,0,0,0.0236786,13.8629,2.30259,21,0.327275,0,0,0,0,1
CMDP-PostCheck,43.347,468,445,PostCheck,0,0,0.0236936,13.8629,2.30259,21,0.227433,0,0,0,0,1
CMDP-PostCheck,43.3511,107,168,PostCheck,0,0,0.0232637,13.8629,2.30259,21,0.492037,0,0,0,0,1
CMDP-PostCheck,43.3524,250,53,PostCheck,0,0,0.0232464,13.8629,2.30259,21,0.364428,0,0,0,0,1
CMDP-PostCheck,43.3535,6,195,PostCheck,0,0,0.0404291,13.2522,2.30259,21,0.39566,0,0,0,0,0.992484
CMDP-PostCheck,43.3641,87,38,PostCheck,1,1,0.00197509,0.693147,2.30259,3,0.244034,0,0,0,0,0.991953
CMDP-PostCheck,43.3826,159,72,PostCheck,0,0,0.0237072,13.8629,2.30259,21,0.09513,0,0,0,0,1
CMDP-PostCheck,43.3897,255,496,PostCheck,0,0,0.0232729,13.7088,2.30259,21,0.483192,0,0,0,0,1.09327
CMDP-PostCheck,43.3959,225,557,PostCheck,0,0,0.0777136,13.8629,2.30259,21,0.097043,0,0,0,0,1
CMDP-PostCheck,43.3965,285,290,PostCheck,0,0,0.0236869,13.8629,2.30259,21,0.203796,0,0,0,0,1
CMDP-PostCheck,43.3999,451,511,PostCheck,0,0,0.0237468,13.8629,2.30259,21,0.147234,0,0,0,0,1
CMDP-PostCheck,43.4078,52,207,PostCheck,0,0,0.0236788,13.8629,2.30259,21,0.294449,0,0,0,0,1.04934
CMDP-PostCheck,43.4098,354,520,PostCheck,0,0,0.0232674,13.8629,2.30259,21,0.253663,0,0,0,0,1
CMDP-PostCheck,43.4146,49,571,PostCheck,0,0,0.0237014,13.8629,2.30259,21,0.188441,0,0,0,0,1.04047
CMDP-PostCheck,43.4159,448,126,PostCheck,0,0,0.0236843,13.8629,2.30259,21,0.375452,0,0,0,0,1
CMDP-PostCheck,43.4175,88,520,PostCheck,0,0,0.0232674,13.8629,2.30259,21,0.190122,0,0,0,0,0.994303
CMDP-PostCheck,43.4181,352,379,PostCheck,0,0,0.0236792,13.8629,2.30259,21,0.188291,0,0,0,0,1.00928
CMDP-PostCheck,43.4227,140,320,PostCheck,0,0,0.0233156,13.8629,2.30259,21,0.080597,0,0,0,0,1
CMDP-PostCheck,43.4247,281,500,PostCheck,0,0,0.0233461,13.8629,2.30259,21,0.226325,0,0,0,0,1
CMDP-PostCheck,43.4294,61,395,PostCheck,0,0,0.0237079,13.5576,2.30259,21,0.438521,0,0,0,0,1
CMDP-PostCheck,43.4433,122,247,PostCheck,0,0,0.023366,13.8629,2.30259,21,0.564172,0,0,0,0,1
CMDP-PostCheck,43.4482,360,420,PostCheck,0,0,0.0237014,13.8629,2.30259,21,0.145092,0,0,0,0,1
CMDP-PostCheck,43.4499,325,144,PostCheck,0,0,0.0236781,13.8629,2.30259,21,0.390583,0,0,0,0,1
CMDP-PostCheck,43.4579,201,107,PostCheck,0,0,0.0232637,13.8629,2.30259,21,0.344892,0,0,0,0,1
CMDP-PostCheck,43.4598,66,442,PostCheck,0,0,0.0232673,13.8629,2.30259,21,0.393053,0,0,0,0,0.983906
CMDP-PostCheck,43.4619,128,442,PostCheck,0,0,0.0232673,13.8629,2.30259,21,0.425262,0,0,0,0,1
CMDP-PostCheck,43.4654,222,480,PostCheck,0,0,0.0236794,13.8629,2.30259,21,0.259952,0,0,0,0,1.00235
CMDP-PostCheck,43.4743,251,168,PostCheck,0,0,0.0232637,13.8629,2.30259,21,0.397792,0,0,0,0,1
CMDP-PostCheck,43.4754,314,238,PostCheck,0,0,0.0236935,13.8629,2.30259,21,0.204167,0,0,0,0,0.991953
CMDP-PostCheck,43.4782,70,145,PostCheck,0,0,0.0161465,9.70406,2.30259,15,0.175707,0,0,0,0,1
CMDP-PostCheck,43.4843,284,265,PostCheck,0,0,0.0233261,13.8629,2.30259,21,0.215601,0,0,0,0,1
CMDP-PostCheck,43.4843,410,17,PostCheck,0,0,0.0236817,13.8629,2.30259,21,0.10911,0,0,0,0,1
CMDP-PostCheck,43.5062,48,168,PostCheck,0,0,0.0232637,13.8629,2.30259,21,0.73063,0,0,0,0,0.991953
CMDP-PostCheck,43.5096,115,415,PostCheck,0,0,0.0233658,13.8629,2.30259,21,0.402103,0,0,0,0,1
CMDP-PostCheck,43.5162,444,192,PostCheck,0,0,0.0236784,13.8629,2.30259,21,0.447184,0,0,0,0,1
CMDP-PostCheck,43.5183,200,145,PostCheck,0,0,0.0161465,9.70406,2.30259,15,0.183478,0,0,0,0,0.991953
CMDP-PostCheck,43.5229,10,22,PostCheck,0,0,0.0237315,12.9468,2.30259,21,0.181354,0,0,0,0,1
CMDP-PostCheck,43.5242,76,372,PostCheck,0,0,0.0236782,13.8629,2.30259,21,0.380004,0,0,0,0,0.991953
CMDP-PostCheck,43.5251,268,369,PostCheck,1,1,0.00239236,0.693147,2.30259,3,0.153453,0,0,0,0,0.991953
CMDP-PostCheck,43.526,457,5,PostCheck,0,0,0.0236783,13.8629,2.30259,21,0.546564,0,0,0,0,1
CMDP-PostCheck,43.5316,332,507,PostCheck,0,0,0.023679,13.8629,2.30259,21,0.289356,0,0,0,0,1
CMDP-PostCheck,43.5346,132,445,PostCheck,0,0,0.023693,13.8629,2.30259,21,0.148101,0,0,0,0,1.0474
CMDP-PostCheck,43.5406,0,317,PostCheck,0,0,0.0511283,13.2522,2.30259,21,0.38088,0,0,0,0,1
CMDP-PostCheck,43.5427,208,57,PostCheck,0,0,0.0236823,13.8629,2.30259,21,0.106446,0,0,0,0,1.04047
CMDP-PostCheck,43.5449,141,53,PostCheck,0,0,0.0232464,13.8629,2.30259,21,0.260541,0,0,0,0,1.07636
CMDP-PostCheck,43.5483,458,104,PostCheck,0,0,0.0232636,13.8629,2.30259,21,0.463646,0,0,0,0,1
CMDP-PostCheck,43.5497,464,284,PostCheck,0,0,0.0236847,13.8629,2.30259,21,0.233291,0,0,0,0,1
CMDP-PostCheck,43.5587,390,479,PostCheck,0,0,0.0236972,13.8629,2.30259,21,0.168683,0,0,0,0,1
CMDP-PostCheck,43.5609,75,540,PostCheck,0,0,0.0236784,13.8629,2.30259,21,0.215449,0,0,0,0,1
CMDP-PostCheck,43.5615,123,268,PostCheck,0,0,0.0232853,13.8629,2.30259,21,0.195439,0,0,0,0,1
CMDP-PostCheck,43.5643,182,53,PostCheck,0,0,0.0232464,13.8629,2.30259,21,0.369823,0,0,0,0,1
CMDP-PostCheck,43.5693,119,372,PostCheck,0,0,0.0236781,13.8629,2.30259,21,0.479881,0,0,0,0,0.991953
CMDP-PostCheck,43.5694,349,384,PostCheck,1,0,0.103038,11.7835,2.30259,19,0.235269,0,0,0,0,1.06015
CMDP-PostCheck,43.5729,421,104,PostCheck,0,0,0.0232636,13.8629,2.30259,21,0.318355,0,0,0,0,1
CMDP-PostCheck,43.5758,85,145,PostCheck,0,0,0.0149626,9.01091,2.30259,14,0.054352,0,0,0,0,0.991953
CMDP-PostCheck,43.5817,236,151,PostCheck,0,0,0.0232773,13.8629,2.30259,21,0.477412,0,0,0,0,1
CMDP-PostCheck,43.5856,376,141,PostCheck,0,0,0.0236786,13.8629,2.30259,21,0.217451,0,0,0,0,1
CMDP-PostCheck,43.5912,408,585,PostCheck,0,0,0.119887,1.38629,2.30259,3,0.025171,0,0,0,0,1
CMDP-PostCheck,43.5917,433,104,PostCheck,0,0,0.0232636,13.8629,2.30259,21,0.319214,0,0,0,0,1
CMDP-PostCheck,43.5945,209,435,PostCheck,0,0,0.00237522,1.38629,2.30259,3,0.012202,0,0,0,0,1
CMDP-PostCheck,43.5968,114,67,PostCheck,0,0,0.0237024,13.8629,2.30259,21,0.462657,0,0,0,0,1
CMDP-PostCheck,43.5985,91,89,PostCheck,0,0,0.023366,13.8629,2.30259,21,0.192054,0,0,0,0,1
CMDP-PostCheck,43.5989,452,541,PostCheck,0,0,0.0236795,13.8629,2.30259,21,0.392121,0,0,0,0,1
CMDP-PostCheck,43.6002,333,104,PostCheck,0,0,0.0232636,13.8629,2.30259,21,0.498472,0,0,0,0,1
CMDP-PostCheck,43.6021,378,104,PostCheck,0,0,0.0232636,13.8629,2.30259,21,0.35309,0,0,0,0,1
CMDP-PostCheck,43.604,288,72,PostCheck,0,0,0.0236984,13.8629,2.30259,21,0.061981,0,0,0,0,1.01621
CMDP-PostCheck,43.6059,395,107,PostCheck,0,0,0.0232637,13.8629,2.30259,21,0.522887,0,0,0,0,1
CMDP-PostCheck,43.6123,474,270,PostCheck,0,0,0.0236824,13.8629,2.30259,21,0.2551,0,0,0,0,1
CMDP-PostCheck,43.6139,449,72,PostCheck,0,0,0.0236935,13.8629,2.30259,21,0.133691,0,0,0,0,1
CMDP-PostCheck,43.615,446,145,PostCheck,0,0,0.0161463,9.70406,2.30259,15,0.146532,0,0,0,0,1
CMDP-PostCheck,43.6158,148,568,PostCheck,0,0,0.023745,13.8629,2.30259,21,0.089933,0,0,0,0,1
CMDP-PostCheck,43.6209,459,513,PostCheck,0,0,0.0232474,13.8629,2.30259,21,0.259657,0,0,0,0,1
CMDP-PostCheck,43.6249,205,104,PostCheck,0,0,0.0232636,13.8629,2.30259,21,0.293199,0,0,0,0,0.987371
CMDP-PostCheck,43.6283,243,351,PostCheck,0,0,0.0236817,13.8629,2.30259,21,0.416287,0,0,0,0,1
CMDP-PostCheck,43.6299,389,83,PostCheck,0,0,0.0232774,13.8629,2.30259,21,0.370803,0,0,0,0,0.998884
CMDP-PostCheck,43.6325,323,459,PostCheck,0,0,0.0232464,13.8629,2.30259,21,0.257334,0,0,0,0,1
CMDP-PostCheck,43.6339,230,104,PostCheck,0,0,0.0232636,13.8629,2.30259,21,0.316609,0,0,0,0,0.998884
CMDP-PostCheck,43.6439,53,174,PostCheck,0,0,0.0237118,13.5546,2.30259,21,0.356445,0,0,0,0,0.990066
CMDP-PostCheck,43.6457,361,257,PostCheck,0,0,0.0236805,13.8629,2.30259,21,0.170257,0,0,0,0,0.991953
CMDP-PostCheck,43.6551,282,104,PostCheck,0,0,0.0232636,13.8629,2.30259,21,0.336015,0,0,0,0,1
CMDP-PostCheck,43.656,220,138,PostCheck,1,1,0.00205032,0.693147,2.30259,3,0.158923,0,0,0,0,0.991953
CMDP-PostCheck,43.656,463,442,PostCheck,0,0,0.0232673,13.8629,2.30259,21,0.436597,0,0,0,0,1
CMDP-PostCheck,43.6581,441,75,PostCheck,0,0,0.023681,13.8629,2.30259,21,0.327429,0,0,0,0,1
CMDP-PostCheck,43.6613,466,224,PostCheck,0,0,0.0236787,13.8629,2.30259,21,0.339134,0,0,0,0,1
CMDP-PostCheck,43.6693,335,438,PostCheck,0,0,0.0236798,13.8629,2.30259,21,0.35173,0,0,0,0,1
CMDP-PostCheck,43.6707,134,557,PostCheck,0,0,0.0236842,13.8629,2.30259,21,0.288405,0,0,0,0,1.04629
CMDP-PostCheck,43.6798,231,72,PostCheck,0,0,0.0236986,13.8629,2.30259,21,0.072901,0,0,0,0,1
CMDP-PostCheck,43.6819,189,280,PostCheck,0,0,0.023811,13.8629,2.30259,21,0.227807,0,0,0,0,1
CMDP-PostCheck,43.6823,116,596,PostCheck,0,0,0.0232776,13.8629,2.30259,21,0.342804,0,0,0,0,0.991953
CMDP-PostCheck,43.6879,235,104,PostCheck,0,0,0.0232636,13.8629,2.30259,21,0.427104,0,0,0,0,1
CMDP-PostCheck,43.7044,92,555,PostCheck,0,0,0.0236837,13.8629,2.30259,21,0.089823,0,0,0,0,1.05178
CMDP-PostCheck,43.7104,238,57,PostCheck,0,0,0.0236838,13.8629,2.30259,21,0.144202,0,0,0,0,1
CMDP-PostCheck,43.712,300,367,PostCheck,0,0,0.0237487,13.8629,2.30259,21,0.048804,0,0,0,0,1
CMDP-PostCheck,43.7126,407,104,PostCheck,0,0,0.0232636,13.8629,2.30259,21,0.59693,0,0,0,0,1
CMDP-PostCheck,43.7193,68,542,PostCheck,0,0,0.02369,13.8629,2.30259,21,0.262253,0,0,0,0,1.09827
CMDP-PostCheck,43.7238,377,89,PostCheck,0,0,0.023366,13.8629,2.30259,21,0.192006,0,0,0,0,1
CMDP-PostCheck,43.7246,188,527,PostCheck,0,0,0.0236994,13.8629,2.30259,21,0.141009,0,0,0,0,1.03701
CMDP-PostCheck,43.7307,293,104,PostCheck,0,0,0.0232636,13.8629,2.30259,21,0.301338,0,0,0,0,1
CMDP-PostCheck,43.7376,228,500,PostCheck,0,0,0.0233457,13.8629,2.30259,21,0.320086,0,0,0,0,1.00928
CMDP-PostCheck,43.74,261,442,PostCheck,0,0,0.0232673,13.8629,2.30259,21,0.389964,0,0,0,0,0.991953
CMDP-PostCheck,43.7406,366,109,PostCheck,0,0,0.0236812,13.8629,2.30259,21,0.243057,0,0,0,0,1
CMDP-PostCheck,43.7517,211,479,PostCheck,0,0,0.023696,13.8629,2.30259,21,0.095099,0,0,0,0,1
CMDP-PostCheck,43.7539,105,496,PostCheck,1,1,0.00197313,0.693147,2.30259,3,0.150753,0,0,0,0,0.991953
CMDP-PostCheck,43.7598,26,412,PostCheck,1,0,0.0178817,9.70406,2.30259,16,0.160442,0,0,0,0,1.04282
CMDP-PostCheck,43.7698,462,104,PostCheck,0,0,0.0232636,13.8629,2.30259,21,0.441213,0,0,0,0,1
CMDP-PostCheck,43.7777,345,577,PostCheck,0,0,0.0233658,13.8629,2.30259,21,0.314112,0,0,0,0,1
CMDP-PostCheck,43.7942,356,500,PostCheck,0,0,0.0233457,13.8629,2.30259,21,0.352077,0,0,0,0,1
CMDP-PostCheck,43.7944,171,372,PostCheck,0,0,0.023678,13.8629,2.30259,21,0.315841,0,0,0,0,0.991953
CMDP-PostCheck,43.7963,416,83,PostCheck,0,0,0.0232774,13.8629,2.30259,21,0.205477,0,0,0,0,1
CMDP-PostCheck,43.8115,406,180,PostCheck,0,0,0.0236812,13.8629,2.30259,21,0.268785,0,0,0,0,1
CMDP-PostCheck,43.8125,12,201,PostCheck,0,0,0.0369061,13.4005,2.30259,21,0.329699,0,0,0,0,0.967423
CMDP-PostCheck,43.815,30,233,PostCheck,0,0,0.0237106,12.9468,2.30259,21,0.269487,0,0,0,0,0.997769
CMDP-PostCheck,43.8168,56,95,PostCheck,0,0,0.0236795,13.8629,2.30259,21,0.356303,0,0,0,0,1
CMDP-PostCheck,43.8188,161,158,PostCheck,0,0,0.0237241,13.8629,2.30259,21,0.079233,0,0,0,0,1
CMDP-PostCheck,43.8196,157,52,PostCheck,0,0,0.0237047,13.8629,2.30259,21,0.454792,0,0,0,0,1
CMDP-PostCheck,43.8454,173,442,PostCheck,0,0,0.0232673,13.8629,2.30259,21,0.212104,0,0,0,0,1.00582
CMDP-PostCheck,43.8498,153,259,PostCheck,0,0,0.0236818,13.8629,2.30259,21,0.139208,0,0,0,0,1.02661
CMDP-PostCheck,43.8531,338,477,PostCheck,0,0,0.0232974,13.7088,2.30259,21,0.42847,0,0,0,0,1
CMDP-PostCheck,43.8686,143,280,PostCheck,0,0,0.0238047,13.8629,2.30259,21,0.081366,0,0,0,0,1
CMDP-PostCheck,43.8722,174,500,PostCheck,0,0,0.0233457,13.8629,2.30259,21,0.326996,0,0,0,0,1
CMDP-PostCheck,43.8726,246,141,PostCheck,0,0,0.0232461,13.8629,2.30259,21,0.346514,0,0,0,0,0.991953
CMDP-PostCheck,43.8734,313,541,PostCheck,0,0,0.0236806,13.8629,2.30259,21,0.407768,0,0,0,0,1
CMDP-PostCheck,43.8746,427,104,PostCheck,0,0,0.0232636,13.8629,2.30259,21,0.362427,0,0,0,0,1
CMDP-PostCheck,43.8812,475,379,PostCheck,0,0,0.0236852,13.8629,2.30259,21,0.287056,0,0,0,0,1
CMDP-PostCheck,43.8819,219,107,PostCheck,0,0,0.0232637,13.8629,2.30259,21,0.349525,0,0,0,0,1
CMDP-PostCheck,43.8826,431,442,PostCheck,0,0,0.0232673,13.8629,2.30259,21,0.234352,0,0,0,0,1
CMDP-PostCheck,43.8892,9,16,PostCheck,0,0,0.0347667,12.6414,2.30259,21,0.10092,0,0,0,0,1
CMDP-PostCheck,43.8902,355,72,PostCheck,0,0,0.023692,13.8629,2.30259,21,0.063376,0,0,0,0,1
CMDP-PostCheck,43.8921,14,153,PostCheck,0,0,0.023682,13.8629,2.30259,21,0.085903,0,0,0,0,1.0255
CMDP-PostCheck,43.8938,381,414,PostCheck,0,0,0.0233456,13.8629,2.30259,21,0.208128,0,0,0,0,1
CMDP-PostCheck,43.8951,241,520,PostCheck,0,0,0.0232674,13.7088,2.30259,21,0.368359,0,0,0,0,0.991953
CMDP-PostCheck,43.8956,198,257,PostCheck,0,0,0.0236821,13.8629,2.30259,21,0.332585,0,0,0,0,1
CMDP-PostCheck,43.8958,169,64,PostCheck,0,0,0.0236797,13.8629,2.30259,21,0.160385,0,0,0,0,1
CMDP-PostCheck,43.8972,310,414,PostCheck,0,0,0.0233456,13.8629,2.30259,21,0.235834,0,0,0,0,1
CMDP-PostCheck,43.8997,435,588,PostCheck,1,0,0.0213823,11.7835,2.30259,19,0.088164,0,0,0,0,1.0474
CMDP-PostCheck,43.9007,327,372,PostCheck,0,0,0.0236781,13.8629,2.30259,21,0.409398,0,0,0,0,1
CMDP-PostCheck,43.904,351,250,PostCheck,0,0,0.0236794,13.8629,2.30259,21,0.275695,0,0,0,0,1
CMDP-PostCheck,43.9044,254,557,PostCheck,0,0,0.0236853,13.8629,2.30259,21,0.100122,0,0,0,0,1
CMDP-PostCheck,43.909,45,546,PostCheck,0,0,0.0237157,13.8629,2.30259,21,0.08392,0,0,0,0,1
CMDP-PostCheck,43.9135,296,9,PostCheck,0,0,0.0236787,13.8629,2.30259,21,0.193265,0,0,0,0,1
CMDP-PostCheck,43.9189,104,334,PostCheck,0,0,0.0579272,13.2463,2.30259,21,0.328392,0,0,0,0,1.00778
CMDP-PostCheck,43.9237,152,151,PostCheck,0,0,0.0232775,13.8629,2.30259,21,0.275214,0,0,0,0,1.01621
CMDP-PostCheck,43.9259,415,597,PostCheck,0,0,0.0232903,13.8629,2.30259,21,0.184221,0,0,0,0,1
CMDP-PostCheck,43.9267,265,32,PostCheck,0,0,0.023366,13.8629,2.30259,21,0.373229,0,0,0,0,0.983906
CMDP-PostCheck,43.9316,287,448,PostCheck,0,0,0.0237046,13.8629,2.30259,21,0.099312,0,0,0,0,1
CMDP-PostCheck,43.9332,95,89,PostCheck,0,0,0.0233659,13.8629,2.30259,21,0.260129,0,0,0,0,1
CMDP-PostCheck,43.9435,372,168,PostCheck,0,0,0.0236781,13.8629,2.30259,21,0.334008,0,0,0,0,1
CMDP-PostCheck,43.9465,81,141,PostCheck,0,0,0.0232461,13.8629,2.30259,21,0.242804,0,0,0,0,1.04047
CMDP-PostCheck,43.9541,363,72,PostCheck,0,0,0.0236981,13.8629,2.30259,21,0.082553,0,0,0,0,1
CMDP-PostCheck,43.959,328,466,PostCheck,0,0,0.0236797,13.8629,2.30259,21,0.699142,0,0,0,0,1.02314
CMDP-PostCheck,43.9591,467,441,PostCheck,0,0,0.0236818,13.8629,2.30259,21,0.256154,0,0,0,0,1
CMDP-PostCheck,43.9604,67,89,PostCheck,0,0,0.023366,13.8629,2.30259,21,0.31196,0,0,0,0,1.04394
CMDP-PostCheck,43.9627,97,515,PostCheck,0,0,0.0236784,13.8629,2.30259,21,0.175935,0,0,0,0,1.04282
CMDP-PostCheck,43.9648,165,351,PostCheck,0,0,0.0236793,13.8629,2.30259,21,0.23906,0,0,0,0,0.991953
CMDP-PostCheck,43.9756,126,346,PostCheck,0,0,0.0236781,13.8629,2.30259,21,0.319201,0,0,0,0,1
CMDP-PostCheck,43.9791,206,600,PostCheck,0,0,0.0236783,13.8629,2.30259,21,0.368244,0,0,0,0,1.01968
CMDP-PostCheck,43.9791,280,570,PostCheck,0,0,0.0237243,13.8629,2.30259,21,0.25178,0,0,0,0,1
CMDP-PostCheck,43.9819,423,368,PostCheck,0,0,0.023701,13.8629,2.30259,21,0.100539,0,0,0,0,1
CMDP-PostCheck,43.9863,101,160,PostCheck,0,0,0.0236796,13.8629,2.30259,21,0.153435,0,0,0,0,1
CMDP-PostCheck,43.989,34,67,PostCheck,1,1,0.00302896,0.374693,2.30259,3,0.182164,0,0,0,0,0.993643
CMDP-PostCheck,43.9912,269,266,PostCheck,0,0,0.0236802,13.8629,2.30259,21,0.429697,0,0,0,0,0.983906
CMDP-PostCheck,43.995,166,414,PostCheck,0,0,0.0233454,13.8629,2.30259,21,0.285584,0,0,0,0,1
CMDP-PostCheck,43.9998,36,465,PostCheck,0,0,0.0232804,13.5576,2.30259,21,0.29284,0,0,0,0,1
CMDP-PostCheck,44.0157,20,247,PostCheck,0,0,0.0233401,12.9468,2.30259,21,0.759568,0,0,0,0,1.01064
CMDP-PostCheck,44.0171,19,478,PostCheck,0,0,0.0410808,13.2522,2.30259,21,0.375105,0,0,0,0,1.00511
CMDP-PostCheck,44.0175,203,77,PostCheck,0,0,0.0237085,13.8629,2.30259,21,0.282242,0,0,0,0,1.03008
CMDP-PostCheck,44.0227,440,458,PostCheck,0,0,0.0232673,13.8629,2.30259,21,0.550289,0,0,0,0,1
CMDP-PostCheck,44.0263,183,104,PostCheck,0,0,0.0232637,13.8629,2.30259,21,0.480712,0,0,0,0,1
CMDP-PostCheck,44.0309,145,575,PostCheck,0,0,0.0236966,13.8629,2.30259,21,0.108809,0,0,0,0,1
CMDP-PostCheck,44.034,47,298,PostCheck,0,0,0.0232811,13.5576,2.30259,21,0.21371,0,0,0,0,1
CMDP-PostCheck,44.0505,274,151,PostCheck,0,0,0.0232775,13.8629,2.30259,21,0.470946,0,0,0,0,0.999693
CMDP-PostCheck,44.052,232,12,PostCheck,1,0,0.0748719,7.47047,2.30259,13,0.465093,0,0,0,0,1.02584
CMDP-PostCheck,44.0549,273,372,PostCheck,0,0,0.0236781,13.8629,2.30259,21,0.552387,0,0,0,0,1
CMDP-PostCheck,44.0651,295,458,PostCheck,0,0,0.0232673,13.8629,2.30259,21,0.296317,0,0,0,0,0.991953
CMDP-PostCheck,44.0675,21,247,PostCheck,0,0,0.0534034,12.9468,2.30259,21,0.503231,0,0,0,0,1.02767
CMDP-PostCheck,44.0678,344,449,PostCheck,0,0,0.0142181,8.31777,2.30259,13,0.119514,0,0,0,0,1.00235
CMDP-PostCheck,44.068,312,458,PostCheck,0,0,0.0232673,13.8629,2.30259,21,0.330678,0,0,0,0,0.998884
CMDP-PostCheck,44.0691,301,151,PostCheck,0,0,0.0232775,13.8629,2.30259,21,0.218724,0,0,0,0,1
CMDP-PostCheck,44.07,190,33,PostCheck,0,0,0.0236834,13.8629,2.30259,21,0.440714,0,0,0,0,1
CMDP-PostCheck,44.0721,147,458,PostCheck,0,0,0.0232673,13.8629,2.30259,21,0.430337,0,0,0,0,1
CMDP-PostCheck,44.0816,422,548,PostCheck,0,0,0.0236782,13.8629,2.30259,21,0.233578,0,0,0,0,1
CMDP-PostCheck,44.0863,121,575,PostCheck,0,0,0.0236882,13.8629,2.30259,21,0.216112,0,0,0,0,1.08095
CMDP-PostCheck,44.0866,412,509,PostCheck,0,0,0.0237415,13.8629,2.30259,21,0.170173,0,0,0,0,1
CMDP-PostCheck,44.0938,299,600,PostCheck,0,0,0.0236818,13.8629,2.30259,21,0.172852,0,0,0,0,1.03701
CMDP-PostCheck,44.094,202,260,PostCheck,0,0,0.0236783,13.8629,2.30259,21,0.371969,0,0,0,0,1
CMDP-PostCheck,44.099,197,57,PostCheck,0,0,0.0236841,13.8629,2.30259,21,0.122235,0,0,0,0,1
CMDP-PostCheck,44.1044,179,104,PostCheck,0,0,0.0232637,13.8629,2.30259,21,0.722926,0,0,0,0,0.994303
CMDP-PostCheck,44.121,239,208,PostCheck,0,0,0.0236811,13.8629,2.30259,21,0.120619,0,0,0,0,1
CMDP-PostCheck,44.1274,50,532,PostCheck,1,1,0.0294857,0.387766,2.30259,3,0.083249,0,0,0,0,0.990426
CMDP-PostCheck,44.1303,353,473,PostCheck,0,0,0.0233261,13.8629,2.30259,21,0.240574,0,0,0,0,1
CMDP-PostCheck,44.1333,336,555,PostCheck,0,0,0.023691,13.8629,2.30259,21,0.262327,0,0,0,0,1
CMDP-PostCheck,44.138,41,218,PostCheck,0,0,0.0237122,13.5576,2.30259,21,0.142227,0,0,0,0,1.04517
CMDP-PostCheck,44.1389,224,393,PostCheck,0,0,0.0237087,13.7088,2.30259,21,0.252052,0,0,0,0,1
CMDP-PostCheck,44.1397,450,408,PostCheck,0,0,0.00237556,1.38629,2.30259,3,0.013693,0,0,0,0,1
CMDP-PostCheck,44.1431,237,449,PostCheck,0,0,0.0130422,7.62462,2.30259,12,0.046069,0,0,0,0,1
CMDP-PostCheck,44.1454,65,490,PostCheck,1,1,0.00205537,0.693147,2.30259,3,0.169567,0,0,0,0,0.983906
CMDP-PostCheck,44.1492,204,141,PostCheck,0,0,0.0232461,13.8629,2.30259,21,0.385866,0,0,0,0,1.04394
CMDP-PostCheck,44.1519,309,597,PostCheck,0,0,0.0232535,13.8629,2.30259,21,0.202834,0,0,0,0,1
CMDP-PostCheck,44.1525,432,580,PostCheck,0,0,0.0236854,13.8629,2.30259,21,0.159057,0,0,0,0,1
CMDP-PostCheck,44.1547,357,99,PostCheck,0,0,0.0236823,13.8629,2.30259,21,0.193936,0,0,0,0,1
CMDP-PostCheck,44.1561,210,250,PostCheck,0,0,0.0232462,13.8629,2.30259,21,0.338532,0,0,0,0,1
CMDP-PostCheck,44.1563,17,5,PostCheck,0,0,0.0552673,13.2522,2.30259,21,0.269796,0,0,0,0,1
CMDP-PostCheck,44.1591,96,346,PostCheck,0,0,0.023678,13.8629,2.30259,21,0.29702,0,0,0,0,1
CMDP-PostCheck,44.1642,426,71,PostCheck,0,0,0.0237172,13.8629,2.30259,21,0.073305,0,0,0,0,1.05434
CMDP-PostCheck,44.1705,419,415,PostCheck,0,0,0.0232532,13.8629,2.30259,21,0.283923,0,0,0,0,1
CMDP-PostCheck,44.1712,367,126,PostCheck,0,0,0.0237165,13.8629,2.30259,21,0.153509,0,0,0,0,1
CMDP-PostCheck,44.1715,368,320,PostCheck,0,0,0.023697,13.8629,2.30259,21,0.094473,0,0,0,0,1
CMDP-PostCheck,44.1747,394,105,PostCheck,0,0,0.0237215,13.4005,2.30259,21,0.835114,0,0,0,0,1
CMDP-PostCheck,44.1901,253,513,PostCheck,0,0,0.0232471,13.8629,2.30259,21,0.613095,0,0,0,0,1
CMDP-PostCheck,44.1908,359,458,PostCheck,0,0,0.0232674,13.8629,2.30259,21,0.413888,0,0,0,0,1.02203
CMDP-PostCheck,44.197,226,151,PostCheck,0,0,0.0232774,13.8629,2.30259,21,0.486264,0,0,0,0,1.0474
CMDP-PostCheck,44.1989,177,151,PostCheck,0,0,0.0232774,13.8629,2.30259,21,0.488141,0,0,0,0,1
CMDP-PostCheck,44.2023,187,416,PostCheck,1,0,0.0055435,2.77259,2.30259,6,0.211816,0,0,0,0,1.00235
CMDP-PostCheck,44.2029,13,37,PostCheck,0,0,0.0445914,12.6414,2.30259,21,0.239648,0,0,0,0,0.990426
CMDP-PostCheck,44.2044,465,52,PostCheck,0,0,0.0236786,13.8629,2.30259,21,0.484449,0,0,0,0,1
CMDP-PostCheck,44.2137,125,458,PostCheck,0,0,0.0232674,13.8629,2.30259,21,0.421679,0,0,0,0,1.03354
CMDP-PostCheck,44.2191,25,476,PostCheck,1,1,0.0361226,0.387766,2.30259,3,0.24186,0,0,0,0,0.973337
CMDP-PostCheck,44.227,365,414,PostCheck,0,0,0.0233451,13.8629,2.30259,21,0.222169,0,0,0,0,1
CMDP-PostCheck,44.2364,455,104,PostCheck,0,0,0.0232636,13.8629,2.30259,21,0.601911,0,0,0,0,1
CMDP-PostCheck,44.2377,51,96,PostCheck,0,0,0.0232476,13.8629,2.30259,21,0.156123,0,0,0,0,1
CMDP-PostCheck,44.2437,127,230,PostCheck,0,0,0.0679382,13.7088,2.30259,21,0.406299,0,0,0,0,1.00235
CMDP-PostCheck,44.2452,317,250,PostCheck,0,0,0.0236795,13.8629,2.30259,21,0.24016,0,0,0,0,1
CMDP-PostCheck,44.2469,409,458,PostCheck,0,0,0.0232674,13.8629,2.30259,21,0.486637,0,0,0,0,0.983906
CMDP-PostCheck,44.2477,370,316,PostCheck,0,0,0.0236862,13.8629,2.30259,21,0.133994,0,0,0,0,1
CMDP-PostCheck,44.2539,248,238,PostCheck,0,0,0.0236883,13.8629,2.30259,21,0.281447,0,0,0,0,1
CMDP-PostCheck,44.2671,256,151,PostCheck,0,0,0.0232774,13.8629,2.30259,21,0.217609,0,0,0,0,0.995419
CMDP-PostCheck,44.2676,404,151,PostCheck,0,0,0.0232774,13.8629,2.30259,21,0.502118,0,0,0,0,1
CMDP-PostCheck,44.2717,277,151,PostCheck,0,0,0.0232774,13.8629,2.30259,21,0.435518,0,0,0,0,1.03008
CMDP-PostCheck,44.2728,163,264,PostCheck,0,0,0.0236784,13.8629,2.30259,21,0.206048,0,0,0,0,1
CMDP-PostCheck,44.2814,454,98,PostCheck,0,0,0.0236845,13.8629,2.30259,21,0.339857,0,0,0,0,1
CMDP-PostCheck,44.2857,167,577,PostCheck,0,0,0.0232532,13.8629,2.30259,21,0.209688,0,0,0,0,1
CMDP-PostCheck,44.2931,364,402,PostCheck,0,0,0.0236846,13.8629,2.30259,21,0.152408,0,0,0,0,1
CMDP-PostCheck,44.2956,120,449,PostCheck,0,0,0.0130414,7.62462,2.30259,12,0.124458,0,0,0,0,1
CMDP-PostCheck,44.2961,117,57,PostCheck,0,0,0.0236887,13.8629,2.30259,21,0.210438,0,0,0,0,1
CMDP-PostCheck,44.2992,477,597,PostCheck,0,0,0.0232535,13.8629,2.30259,21,0.320118,0,0,0,0,1
CMDP-PostCheck,44.3111,397,415,PostCheck,0,0,0.0232533,13.8629,2.30259,21,0.501758,0,0,0,0,1
CMDP-PostCheck,44.3125,234,33,PostCheck,0,0,0.023686,13.8629,2.30259,21,0.198754,0,0,0,0,0.996572
CMDP-PostCheck,44.3136,260,600,PostCheck,0,0,0.0236783,13.8629,2.30259,21,0.328222,0,0,0,0,1
CMDP-PostCheck,44.3147,291,500,PostCheck,0,0,0.023345,13.8629,2.30259,21,0.258253,0,0,0,0,0.998884
CMDP-PostCheck,44.317,103,141,PostCheck,0,0,0.0232463,13.8629,2.30259,21,0.221921,0,0,0,0,1
CMDP-PostCheck,44.3208,78,222,PostCheck,0,0,0.0236785,13.8629,2.30259,21,0.372819,0,0,0,0,1.00928
CMDP-PostCheck,44.3329,124,157,PostCheck,0,0,0.0236793,13.8629,2.30259,21,0.290032,0,0,0,0,1
CMDP-PostCheck,44.3341,37,385,PostCheck,0,0,0.023717,13.5576,2.30259,21,0.286159,0,0,0,0,1.01122
CMDP-PostCheck,44.3424,445,425,PostCheck,0,0,0.0236782,13.8629,2.30259,21,0.268555,0,0,0,0,1
CMDP-PostCheck,44.3507,175,9,PostCheck,0,0,0.0237017,13.8629,2.30259,21,0.150488,0,0,0,0,1
CMDP-PostCheck,44.3556,154,22,PostCheck,0,0,0.0236992,13.8629,2.30259,21,0.274937,0,0,0,0,1
CMDP-PostCheck,44.3565,242,250,PostCheck,0,0,0.0232463,13.8629,2.30259,21,0.261775,0,0,0,0,0.991953
CMDP-PostCheck,44.3614,264,266,PostCheck,0,0,0.0236788,13.8629,2.30259,21,0.434331,0,0,0,0,1
CMDP-PostCheck,44.3621,118,104,PostCheck,0,0,0.0232636,13.8629,2.30259,21,0.435354,0,0,0,0,1.09481
CMDP-PostCheck,44.3639,411,104,PostCheck,0,0,0.0232636,13.8629,2.30259,21,0.488443,0,0,0,0,1
CMDP-PostCheck,44.3643,244,153,PostCheck,0,0,0.0236803,13.8629,2.30259,21,0.226197,0,0,0,0,1
CMDP-PostCheck,44.3815,192,158,PostCheck,0,0,0.0236788,13.8629,2.30259,21,0.344123,0,0,0,0,1.04047
CMDP-PostCheck,44.3822,341,104,PostCheck,0,0,0.0232636,13.8629,2.30259,21,0.80194,0,0,0,0,1
CMDP-PostCheck,44.3827,18,150,PostCheck,0,0,0.0572399,13.098,2.30259,21,0.352991,0,0,0,0,1.04435
CMDP-PostCheck,44.3838,71,571,PostCheck,0,0,0.0237027,13.8629,2.30259,21,0.13231,0,0,0,0,1.00582
CMDP-PostCheck,44.3862,386,584,PostCheck,0,0,0.0236786,13.8629,2.30259,21,0.24192,0,0,0,0,1
CMDP-PostCheck,44.3872,272,415,PostCheck,0,0,0.0232533,13.8629,2.30259,21,0.380149,0,0,0,0,1
CMDP-PostCheck,44.3883,213,216,PostCheck,0,0,0.0236783,13.8629,2.30259,21,0.370774,0,0,0,0,1
CMDP-PostCheck,44.3899,15,343,PostCheck,0,0,0.0233931,12.0307,2.30259,21,0.203994,0,0,0,0,1
CMDP-PostCheck,44.396,108,422,PostCheck,0,0,0.0236789,13.8629,2.30259,21,0.207928,0,0,0,0,1
CMDP-PostCheck,44.397,194,107,PostCheck,0,0,0.0232637,13.8629,2.30259,21,0.577438,0,0,0,0,0.991953
CMDP-PostCheck,44.399,379,597,PostCheck,0,0,0.0232535,13.8629,2.30259,21,0.192766,0,0,0,0,1
CMDP-PostCheck,44.4145,456,145,PostCheck,0,0,0.0161446,9.70406,2.30259,15,0.156637,0,0,0,0,1
CMDP-PostCheck,44.4272,63,145,PostCheck,0,0,0.0149618,9.01091,2.30259,14,0.159595,0,0,0,0,1.02549
CMDP-PostCheck,44.4292,57,153,PostCheck,0,0,0.0237011,13.8629,2.30259,21,0.107787,0,0,0,0,1
CMDP-PostCheck,44.4323,74,112,PostCheck,0,0,0.0232532,13.8629,2.30259,21,0.411521,0,0,0,0,0.983906
CMDP-PostCheck,44.4428,437,239,PostCheck,0,0,0.0236809,13.8629,2.30259,21,0.103609,0,0,0,0,1
CMDP-PostCheck,44.4461,388,80,PostCheck,1,0,0.00594966,2.77259,2.30259,6,0.05109,0,0,0,0,1.00235
CMDP-PostCheck,44.4464,99,271,PostCheck,0,0,0.0236783,13.8629,2.30259,21,0.254292,0,0,0,0,1
CMDP-PostCheck,44.4526,290,112,PostCheck,0,0,0.0232532,13.8629,2.30259,21,0.220959,0,0,0,0,1
CMDP-PostCheck,44.4561,315,482,PostCheck,0,0,0.023678,13.8629,2.30259,21,0.227556,0,0,0,0,1
CMDP-PostCheck,44.4607,156,421,PostCheck,0,0,0.0236778,13.8629,2.30259,21,0.35469,0,0,0,0,1
CMDP-PostCheck,44.4615,400,145,PostCheck,0,0,0.0149607,9.01091,2.30259,14,0.142077,0,0,0,0,1
CMDP-PostCheck,44.4666,4,8,PostCheck,0,0,0.0237102,13.2522,2.30259,21,0.430575,0,0,0,0,1.00582
CMDP-PostCheck,44.4674,436,250,PostCheck,0,0,0.02368,13.8629,2.30259,21,0.222675,0,0,0,0,1
CMDP-PostCheck,44.4677,249,398,PostCheck,0,0,0.0232462,13.8629,2.30259,21,0.192741,0,0,0,0,1
CMDP-PostCheck,44.4706,27,21,PostCheck,0,0,0.023285,13.2522,2.30259,21,0.367701,0,0,0,0,1.03684
CMDP-PostCheck,44.4725,42,383,PostCheck,0,0,0.0239966,12.336,2.30259,21,0.359892,0,0,0,0,0.990426
CMDP-PostCheck,44.478,144,500,PostCheck,0,0,0.0233449,13.8629,2.30259,21,0.378936,0,0,0,0,1
CMDP-PostCheck,44.4805,98,136,PostCheck,1,1,0.00196553,0.693147,2.30259,3,0.095632,0,0,0,0,0.991953
CMDP-PostCheck,44.4838,83,104,PostCheck,0,0,0.0232636,13.8629,2.30259,21,0.362872,0,0,0,0,1
CMDP-PostCheck,44.4845,469,17,PostCheck,0,0,0.0236818,13.8629,2.30259,21,0.304626,0,0,0,0,1
CMDP-PostCheck,44.4853,73,171,PostCheck,0,0,0.0236783,13.8629,2.30259,21,0.580912,0,0,0,0,0.983906
CMDP-PostCheck,44.4935,320,571,PostCheck,0,0,0.0237029,13.8629,2.30259,21,0.120518,0,0,0,0,1
CMDP-PostCheck,44.5021,135,104,PostCheck,0,0,0.0232636,13.8629,2.30259,21,0.501399,0,0,0,0,1.04047
CMDP-PostCheck,44.5075,461,414,PostCheck,0,0,0.0233447,13.8629,2.30259,21,0.33421,0,0,0,0,1
CMDP-PostCheck,44.5125,399,458,PostCheck,0,0,0.0232675,13.8629,2.30259,21,0.577842,0,0,0,0,1
CMDP-PostCheck,44.5152,438,539,PostCheck,0,0,0.0236797,13.8629,2.30259,21,0.209459,0,0,0,0,1
CMDP-PostCheck,44.518,347,17,PostCheck,1,1,0.00476201,2.07944,2.30259,5,0.187006,0,0,0,0,0.998884
CMDP-PostCheck,44.5193,387,192,PostCheck,0,0,0.112874,13.7088,2.30259,21,0.198305,0,0,0,0,1
CMDP-PostCheck,44.5242,430,104,PostCheck,0,0,0.0232636,13.8629,2.30259,21,0.277084,0,0,0,0,1
CMDP-PostCheck,44.5268,434,147,PostCheck,1,0,0.0130577,6.93147,2.30259,12,0.135958,0,0,0,0,1.02314
CMDP-PostCheck,44.5292,342,490,PostCheck,1,0,0.0189793,10.3972,2.30259,17,0.218578,0,0,0,0,1.04047
CMDP-PostCheck,44.532,170,458,PostCheck,0,0,0.0232675,13.8629,2.30259,21,0.302777,0,0,0,0,1.02661
CMDP-PostCheck,44.5327,186,104,PostCheck,1,1,0.0598945,1.07799,2.30259,4,0.205585,0,0,0,0,0.985059
CMDP-PostCheck,44.5371,58,172,PostCheck,1,1,0.0360728,0.387766,2.30259,3,0.070321,0,0,0,0,0.961704
CMDP-PostCheck,44.5451,442,112,PostCheck,0,0,0.0232532,13.8629,2.30259,21,0.185334,0,0,0,0,1
CMDP-PostCheck,44.5452,362,107,PostCheck,0,0,0.0232637,13.8629,2.30259,21,0.329474,0,0,0,0,1
CMDP-PostCheck,44.5457,90,71,PostCheck,0,0,0.0233156,13.8629,2.30259,21,0.0733,0,0,0,0,1.0474
CMDP-PostCheck,44.5485,221,416,PostCheck,1,0,0.00554405,2.77259,2.30259,6,0.203097,0,0,0,0,1.00235
CMDP-PostCheck,44.561,471,104,PostCheck,0,0,0.0232636,13.8629,2.30259,21,0.511814,0,0,0,0,1
CMDP-PostCheck,44.5666,146,500,PostCheck,0,0,0.0233448,13.8629,2.30259,21,0.225702,0,0,0,0,1
CMDP-PostCheck,44.5677,259,207,PostCheck,0,0,0.0236781,13.8629,2.30259,21,0.422685,0,0,0,0,1
CMDP-PostCheck,44.5681,424,238,PostCheck,0,0,0.0236932,13.8629,2.30259,21,0.122139,0,0,0,0,1
CMDP-PostCheck,44.5722,1,429,PostCheck,0,0,0.0237715,12.6414,2.30259,21,0.172733,0,0,0,0,1.03672
CMDP-PostCheck,44.5755,484,458,PostCheck,0,0,0.0232675,13.8629,2.30259,21,0.444292,0,0,0,0,1
CMDP-PostCheck,44.5939,480,436,PostCheck,0,0,0.0347877,13.7088,2.30259,21,0.381413,0,0,0,0,1
CMDP-PostCheck,44.6046,229,141,PostCheck,0,0,0.0232463,13.8629,2.30259,21,0.186302,0,0,0,0,1
CMDP-PostCheck,44.6088,212,112,PostCheck,0,0,0.0232532,13.8629,2.30259,21,0.421257,0,0,0,0,1.03008
CMDP-PostCheck,44.612,403,266,PostCheck,0,0,0.0232543,13.8629,2.30259,21,0.517306,0,0,0,0,1
CMDP-PostCheck,44.6254,417,458,PostCheck,0,0,0.0232674,13.8629,2.30259,21,0.463684,0,0,0,0,1.01163
CMDP-PostCheck,44.6263,233,112,PostCheck,0,0,0.0232532,13.8629,2.30259,21,0.227038,0,0,0,0,1
CMDP-PostCheck,44.6359,257,465,PostCheck,0,0,0.023678,13.8629,2.30259,21,0.264873,0,0,0,0,1
CMDP-PostCheck,44.6401,54,280,PostCheck,0,0,0.0238073,13.8629,2.30259,21,0.069125,0,0,0,0,1
CMDP-PostCheck,44.6503,307,583,PostCheck,0,0,0.0232467,13.8629,2.30259,21,0.172863,0,0,0,0,1
CMDP-PostCheck,44.661,278,227,PostCheck,0,0,0.0747275,0.693147,2.30259,2,0.024925,0,0,0,0,1
CMDP-PostCheck,44.6758,326,265,PostCheck,0,0,0.0236868,13.8629,2.30259,21,0.326927,0,0,0,0,1.02661
CMDP-PostCheck,44.6767,245,266,PostCheck,0,0,0.0232543,13.8629,2.30259,21,0.254263,0,0,0,0,0.991953
CMDP-PostCheck,44.6904,383,112,PostCheck,0,0,0.0232532,13.8629,2.30259,21,0.312677,0,0,0,0,1
CMDP-PostCheck,44.6942,414,5,PostCheck,0,0,0.0233447,13.8629,2.30259,21,0.352471,0,0,0,0,1
CMDP-PostCheck,44.7052,28,116,PostCheck,0,0,0.0237784,12.6414,2.30259,21,0.838419,0,0,0,0,0.988195
CMDP-PostCheck,44.7062,348,465,PostCheck,0,0,0.023678,13.8629,2.30259,21,0.647844,0,0,0,0,1
CMDP-PostCheck,44.7087,369,414,PostCheck,0,0,0.0233446,13.8629,2.30259,21,0.217597,0,0,0,0,1
CMDP-PostCheck,44.7146,343,396,PostCheck,0,0,0.0232534,13.8629,2.30259,21,0.323373,0,0,0,0,1
CMDP-PostCheck,44.7187,55,431,PostCheck,0,0,0.0236819,13.8629,2.30259,21,0.191071,0,0,0,0,1
CMDP-PostCheck,44.719,292,396,PostCheck,0,0,0.0232533,13.8629,2.30259,21,0.330654,0,0,0,0,1
CMDP-PostCheck,44.7205,322,238,PostCheck,0,0,0.0236928,13.8629,2.30259,21,0.127315,0,0,0,0,1.0474
CMDP-PostCheck,44.7273,136,104,PostCheck,0,0,0.0232636,13.8629,2.30259,21,0.547505,0,0,0,0,1
CMDP-PostCheck,44.7286,218,465,PostCheck,0,0,0.0236779,13.8629,2.30259,21,0.467701,0,0,0,0,1
CMDP-PostCheck,44.7305,479,503,PostCheck,0,0,0.0236807,13.8629,2.30259,21,0.215887,0,0,0,0,1
CMDP-PostCheck,44.7319,43,583,PostCheck,0,0,0.0237432,13.098,2.30259,21,0.200084,0,0,0,0,0.990426
CMDP-PostCheck,44.7373,93,500,PostCheck,0,0,0.0233446,13.8629,2.30259,21,0.19117,0,0,0,0,1
CMDP-PostCheck,44.7428,223,126,PostCheck,1,0,0.0161832,9.01091,2.30259,15,0.42046,0,0,0,0,1.04629
CMDP-PostCheck,44.751,29,281,PostCheck,0,0,0.0451316,12.6414,2.30259,21,0.474418,0,0,0,0,0.986668
CMDP-PostCheck,44.7532,155,142,PostCheck,0,0,0.0236806,13.8629,2.30259,21,0.229683,0,0,0,0,1
CMDP-PostCheck,44.7701,476,201,PostCheck,0,0,0.0232636,13.8629,2.30259,21,0.501327,0,0,0,0,1
CMDP-PostCheck,44.7716,207,267,PostCheck,0,0,0.0232533,13.8629,2.30259,21,0.387648,0,0,0,0,1
CMDP-PostCheck,44.7752,472,194,PostCheck,0,0,0.0232675,13.8629,2.30259,21,0.482318,0,0,0,0,1
CMDP-PostCheck,44.7944,172,82,PostCheck,0,0,0.0884628,13.7088,2.30259,21,0.641917,0,0,0,0,1.04517
CMDP-PostCheck,44.7954,283,167,PostCheck,0,0,0.0232533,13.8629,2.30259,21,0.489333,0,0,0,0,0.995419
CMDP-PostCheck,44.7954,319,276,PostCheck,0,0,0.083531,0.693147,2.30259,2,0.010576,0,0,0,0,1
CMDP-PostCheck,44.7986,62,396,PostCheck,0,0,0.0232533,13.8629,2.30259,21,0.302957,0,0,0,0,0.999415
CMDP-PostCheck,44.8008,380,414,PostCheck,0,0,0.0233445,13.8629,2.30259,21,0.22549,0,0,0,0,1
CMDP-PostCheck,44.8057,89,538,PostCheck,0,0,0.0236816,13.8629,2.30259,21,0.36112,0,0,0,0,1.01163
CMDP-PostCheck,44.806,393,414,PostCheck,0,0,0.0233445,13.8629,2.30259,21,0.244115,0,0,0,0,1
CMDP-PostCheck,44.8144,102,38,PostCheck,0,0,0.0232549,13.7088,2.30259,21,0.177832,0,0,0,0,1
CMDP-PostCheck,44.8165,158,266,PostCheck,0,0,0.0232544,13.8629,2.30259,21,0.218096,0,0,0,0,1
CMDP-PostCheck,44.8203,306,206,PostCheck,0,0,0.023679,13.8629,2.30259,21,0.211871,0,0,0,0,1.02896
CMDP-PostCheck,44.8204,214,414,PostCheck,1,1,0.00433948,2.07944,2.30259,5,0.221508,0,0,0,0,0.998884
CMDP-PostCheck,44.8258,252,194,PostCheck,0,0,0.0232675,13.8629,2.30259,21,0.310329,0,0,0,0,0.998884
CMDP-PostCheck,44.8365,72,159,PostCheck,0,0,0.0237004,13.8629,2.30259,21,0.244965,0,0,0,0,1
CMDP-PostCheck,44.8451,112,233,PostCheck,0,0,0.0232536,13.8629,2.30259,21,0.165999,0,0,0,0,1
CMDP-PostCheck,44.8476,429,162,PostCheck,0,0,0.0236879,13.8629,2.30259,21,0.148362,0,0,0,0,1
CMDP-PostCheck,44.8495,294,102,PostCheck,1,1,0.00435643,2.07944,2.30259,5,0.17603,0,0,0,0,0.998884
CMDP-PostCheck,44.8502,7,29,PostCheck,0,0,0.0546314,12.336,2.30259,21,0.359211,0,0,0,0,1
CMDP-PostCheck,44.8556,150,414,PostCheck,0,0,0.0233445,13.8629,2.30259,21,0.402985,0,0,0,0,1
CMDP-PostCheck,44.8669,316,153,PostCheck,0,0,0.0237055,13.8629,2.30259,21,0.12848,0,0,0,0,1
CMDP-PostCheck,44.8746,176,555,PostCheck,0,0,0.0646673,13.8629,2.30259,21,0.111166,0,0,0,0,1
CMDP-PostCheck,44.8746,258,75,PostCheck,0,0,0.0236801,13.8629,2.30259,21,0.255432,0,0,0,0,1
CMDP-PostCheck,44.8878,334,233,PostCheck,0,0,0.0232536,13.8629,2.30259,21,0.358245,0,0,0,0,1
CMDP-PostCheck,44.892,373,38,PostCheck,0,0,0.0232536,13.8629,2.30259,21,0.184224,0,0,0,0,1
CMDP-PostCheck,44.8935,2,265,PostCheck,0,0,0.0227374,13.8629,2.30259,21,0.21696,0,0,0,0,0.991953
CMDP-PostCheck,44.8937,149,233,PostCheck,0,0,0.0232536,13.8629,2.30259,21,0.546489,0,0,0,0,0.990837
CMDP-PostCheck,44.8938,331,174,PostCheck,0,0,0.0236785,13.8629,2.30259,21,0.415279,0,0,0,0,1
CMDP-PostCheck,44.8947,330,296,PostCheck,1,0,0.0114349,6.23832,2.30259,11,0.220834,0,0,0,0,1.01968
CMDP-PostCheck,44.897,401,75,PostCheck,0,0,0.0236798,13.8629,2.30259,21,0.257828,0,0,0,0,1
CMDP-PostCheck,44.901,64,38,PostCheck,0,0,0.0232536,13.8629,2.30259,21,0.32018,0,0,0,0,0.989721
CMDP-PostCheck,44.9023,382,583,PostCheck,0,0,0.0232464,13.8629,2.30259,21,0.191745,0,0,0,0,1
CMDP-PostCheck,44.9066,178,80,PostCheck,0,0,0.0236979,13.8629,2.30259,21,0.112305,0,0,0,0,1.01968
CMDP-PostCheck,44.9149,184,192,PostCheck,0,0,0.0236918,13.8629,2.30259,21,0.282846,0,0,0,0,1
CMDP-PostCheck,44.9157,111,172,PostCheck,0,0,0.0236781,13.8629,2.30259,21,0.2939,0,0,0,0,1
CMDP-PostCheck,44.9193,304,69,PostCheck,0,0,0.0236779,13.8629,2.30259,21,0.177302,0,0,0,0,1
CMDP-PostCheck,44.9205,374,421,PostCheck,0,0,0.0236779,13.8629,2.30259,21,0.317517,0,0,0,0,1
CMDP-PostCheck,44.9288,350,292,PostCheck,0,0,0.023253,13.8629,2.30259,21,0.453675,0,0,0,0,1
CMDP-PostCheck,44.9301,275,38,PostCheck,0,0,0.0232536,13.8629,2.30259,21,0.357848,0,0,0,0,1
CMDP-PostCheck,44.9325,32,458,PostCheck,0,0,0.0492648,12.6414,2.30259,21,0.690115,0,0,0,0,1.05911
CMDP-PostCheck,44.9339,168,104,PostCheck,0,0,0.0232636,13.8629,2.30259,21,0.336483,0,0,0,0,1
CMDP-PostCheck,44.9365,266,216,PostCheck,0,0,0.0236789,13.8629,2.30259,21,0.361623,0,0,0,0,1
CMDP-PostCheck,44.9414,340,571,PostCheck,0,0,0.0237055,13.8629,2.30259,21,0.20703,0,0,0,0,1
CMDP-PostCheck,44.942,303,571,PostCheck,0,0,0.0237005,13.8629,2.30259,21,0.091864,0,0,0,0,1
CMDP-PostCheck,44.9444,109,5,PostCheck,0,0,0.0233444,13.8629,2.30259,21,0.271968,0,0,0,0,1
CMDP-PostCheck,44.9488,339,548,PostCheck,0,0,0.0236782,13.8629,2.30259,21,0.394704,0,0,0,0,1
CMDP-PostCheck,44.9493,298,5,PostCheck,0,0,0.0233444,13.8629,2.30259,21,0.408579,0,0,0,0,0.991953
CMDP-PostCheck,44.9502,84,497,PostCheck,0,0,0.023681,13.8629,2.30259,21,0.219721,0,0,0,0,1
CMDP-PostCheck,44.9522,398,5,PostCheck,0,0,0.0233444,13.8629,2.30259,21,0.504161,0,0,0,0,1
CMDP-PostCheck,44.9629,420,402,PostCheck,0,0,0.0236848,13.8629,2.30259,21,0.293472,0,0,0,0,1
CMDP-PostCheck,44.9673,391,571,PostCheck,0,0,0.0237049,13.8629,2.30259,21,0.068638,0,0,0,0,1
CMDP-PostCheck,44.9684,185,266,PostCheck,0,0,0.0232544,13.8629,2.30259,21,0.243162,0,0,0,0,1
CMDP-PostCheck,44.9769,151,104,PostCheck,0,0,0.0232636,13.8629,2.30259,21,0.508576,0,0,0,0,0.991953
CMDP-PostCheck,44.977,130,500,PostCheck,1,0,0.0225326,12.4766,2.30259,20,0.185004,0,0,0,0,1.04282
CMDP-PostCheck,44.9793,69,441,PostCheck,0,0,0.0236787,13.8629,2.30259,21,0.381667,0,0,0,0,1.03008
CMDP-PostCheck,44.9805,77,69,PostCheck,0,0,0.023678,13.8629,2.30259,21,0.18722,0,0,0,0,1
CMDP-PostCheck,44.9816,329,5,PostCheck,0,0,0.0233444,13.8629,2.30259,21,0.195158,0,0,0,0,1
CMDP-PostCheck,44.9817,308,583,PostCheck,0,0,0.0232464,13.8629,2.30259,21,0.144038,0,0,0,0,1
CMDP-PostCheck,44.9844,297,243,PostCheck,0,0,0.0236806,13.8629,2.30259,21,0.395736,0,0,0,0,1
CMDP-PostCheck,44.9847,113,43,PostCheck,1,0,0.0114462,6.23832,2.30259,11,0.213095,0,0,0,0,1.01968
CMDP-PostCheck,44.9851,33,601,PostCheck,0,0,0.0622515,13.2522,2.30259,21,0.409419,0,0,0,0,1
CMDP-PostCheck,44.9969,80,13,PostCheck,0,0,0.0236851,13.8629,2.30259,21,0.228276,0,0,0,0,0.997769
CMDP-PostCheck,45.0113,137,583,PostCheck,0,0,0.0232464,13.8629,2.30259,21,0.334892,0,0,0,0,1.01163
CMDP-PostCheck,45.0213,321,162,PostCheck,0,0,0.0237148,13.8629,2.30259,21,0.202336,0,0,0,0,1
CMDP-PostCheck,45.0336,40,205,PostCheck,0,0,0.0233376,12.336,2.30259,21,0.513539,0,0,0,0,0.993016
CMDP-PostCheck,45.0339,31,174,PostCheck,0,0,0.0237005,13.2522,2.30259,21,0.295404,0,0,0,0,1
CMDP-PostCheck,45.0339,460,267,PostCheck,0,0,0.0236817,13.8629,2.30259,21,0.500263,0,0,0,0,1
CMDP-PostCheck,45.0373,82,383,PostCheck,0,0,0.0236784,13.8629,2.30259,21,0.737855,0,0,0,0,1
CMDP-PostCheck,45.0412,46,369,PostCheck,0,0,0.0233679,13.5576,2.30259,21,0.272363,0,0,0,0,1.06597
CMDP-PostCheck,45.0427,384,194,PostCheck,0,0,0.0232675,13.8629,2.30259,21,0.297742,0,0,0,0,1
CMDP-PostCheck,45.0518,447,122,PostCheck,0,0,0.0236821,13.8629,2.30259,21,0.190864,0,0,0,0,1
CMDP-PostCheck,45.0535,443,10,PostCheck,1,0,0.0232888,13.1698,2.30259,21,0.209045,0,0,0,0,1.05434
CMDP-PostCheck,45.0585,106,69,PostCheck,0,0,0.0236778,13.8629,2.30259,21,0.182975,0,0,0,0,1
CMDP-PostCheck,45.0599,262,141,PostCheck,0,0,0.0233443,13.8629,2.30259,21,0.263155,0,0,0,0,1
CMDP-PostCheck,45.0655,473,233,PostCheck,0,0,0.0232535,13.8629,2.30259,21,0.395026,0,0,0,0,1
CMDP-PostCheck,45.0661,276,319,PostCheck,0,0,0.0771658,0.693147,2.30259,2,0.017322,0,0,0,0,1
CMDP-PostCheck,45.0732,392,308,PostCheck,0,0,0.0237366,13.8629,2.30259,21,0.07251,0,0,0,0,1
CMDP-PostCheck,45.08,142,266,PostCheck,0,0,0.0232544,13.8629,2.30259,21,0.390208,0,0,0,0,1.05087
CMDP-PostCheck,45.0814,270,233,PostCheck,0,0,0.0232535,13.8629,2.30259,21,0.313005,0,0,0,0,1
CMDP-PostCheck,45.089,129,181,PostCheck,0,0,0.0236839,13.8629,2.30259,21,0.221037,0,0,0,0,1
CMDP-PostCheck,45.0894,482,194,PostCheck,0,0,0.0232675,13.8629,2.30259,21,0.459648,0,0,0,0,1
CMDP-PostCheck,45.0932,402,395,PostCheck,0,0,0.0237376,13.4005,2.30259,21,0.362542,0,0,0,0,1
CMDP-PostCheck,45.0987,39,69,PostCheck,0,0,0.0236778,13.8629,2.30259,21,0.313524,0,0,0,0,1
CMDP-PostCheck,45.1016,16,356,PostCheck,0,0,0.048911,12.6414,2.30259,21,0.174335,0,0,0,0,1
CMDP-PostCheck,45.1078,160,254,PostCheck,0,0,0.0213258,12.4766,2.30259,19,0.090903,0,0,0,0,1
CMDP-PostCheck,45.108,418,304,PostCheck,0,0,0.0232465,13.8629,2.30259,21,0.214264,0,0,0,0,1
CMDP-PostCheck,45.1082,44,480,PostCheck,0,0,0.049932,13.2522,2.30259,21,0.21122,0,0,0,0,1
CMDP-PostCheck,45.1086,110,153,PostCheck,0,0,0.023703,13.8629,2.30259,21,0.095437,0,0,0,0,1
CMDP-PostCheck,45.1114,38,136,PostCheck,0,0,0.0233455,12.0307,2.30259,21,0.460093,0,0,0,0,1.04071
CMDP-PostCheck,45.1153,196,254,PostCheck,0,0,0.0201378,11.7835,2.30259,18,0.185741,0,0,0,0,1
CMDP-PostCheck,45.1313,191,104,PostCheck,0,0,0.0232636,13.8629,2.30259,21,0.286466,0,0,0,0,1
CMDP-PostCheck,45.1344,302,69,PostCheck,0,0,0.0236779,13.8629,2.30259,21,0.159794,0,0,0,0,1
CMDP-PostCheck,45.1364,181,153,PostCheck,0,0,0.023709,13.8629,2.30259,21,0.087277,0,0,0,0,1
CMDP-PostCheck,45.137,337,194,PostCheck,0,0,0.0232675,13.8629,2.30259,21,0.446186,0,0,0,0,1
CMDP-PostCheck,45.1398,271,266,PostCheck,0,0,0.0232406,13.8629,2.30259,21,0.538072,0,0,0,0,1
CMDP-PostCheck,45.1417,405,548,PostCheck,0,0,0.0236783,13.8629,2.30259,21,0.252021,0,0,0,0,1
CMDP-PostCheck,45.1419,8,581,PostCheck,0,0,0.0471505,13.2522,2.30259,21,0.372847,0,0,0,0,1
CMDP-PostCheck,45.1419,23,566,PostCheck,0,0,0.0237036,12.9468,2.30259,21,0.164539,0,0,0,0,1.0783
CMDP-PostCheck,45.1449,371,492,PostCheck,0,0,0.0236871,13.8629,2.30259,21,0.111518,0,0,0,0,1
CMDP-PostCheck,45.1454,491,194,PostCheck,0,0,0.0232675,13.8629,2.30259,21,0.52885,0,0,0,0,1
CMDP-PostCheck,45.1491,3,65,PostCheck,0,0,0.0339539,13.2522,2.30259,21,0.248911,0,0,0,0,1.04571
CMDP-PostCheck,45.153,240,125,PostCheck,0,0,0.0236893,13.8629,2.30259,21,0.199099,0,0,0,0,1
CMDP-PostCheck,45.1563,131,485,PostCheck,0,0,0.0236875,13.8629,2.30259,21,0.390293,0,0,0,0,1.03008
CMDP-PostCheck,45.1593,439,483,PostCheck,0,0,0.119482,0.693147,2.30259,2,0.006803,0,0,0,0,1
CMDP-PostCheck,45.1671,247,233,PostCheck,0,0,0.0232535,13.7088,2.30259,21,0.178419,0,0,0,0,1
CMDP-PostCheck,45.1675,11,145,PostCheck,0,0,0.0166178,9.39868,2.30259,15,0.144394,0,0,0,0,1.04905
CMDP-PostCheck,45.1707,86,301,PostCheck,0,0,0.0232528,13.8629,2.30259,21,0.437118,0,0,0,0,1
CMDP-PostCheck,45.1725,139,266,PostCheck,0,0,0.0232545,13.8629,2.30259,21,0.391328,0,0,0,0,1
CMDP-PostCheck,45.1814,289,398,PostCheck,0,0,0.0233442,13.8629,2.30259,21,0.420568,0,0,0,0,1
CMDP-PostCheck,45.1863,216,266,PostCheck,0,0,0.0232406,13.8629,2.30259,21,0.377365,0,0,0,0,0.991953
CMDP-PostCheck,45.1892,100,104,PostCheck,0,0,0.0232636,13.8629,2.30259,21,0.437659,0,0,0,0,0.983906
CMDP-PostCheck,45.1975,428,449,PostCheck,0,0,0.021336,12.4766,2.30259,19,0.166965,0,0,0,0,1
CMDP-PostCheck,45.2007,59,252,PostCheck,1,0,0.00599673,2.46721,2.30259,6,0.15621,0,0,0,0,1.00082
CMDP-PostCheck,45.2085,267,43,PostCheck,1,0,0.0114473,6.23832,2.30259,11,0.153886,0,0,0,0,1.11449
CMDP-PostCheck,45.2122,489,301,PostCheck,0,0,0.0232527,13.8629,2.30259,21,0.449076,0,0,0,0,1
CMDP-PostCheck,45.2229,22,407,PostCheck,0,0,0.023747,12.9468,2.30259,21,0.239035,0,0,0,0,1
CMDP-PostCheck,45.2249,318,173,PostCheck,0,0,0.0236828,13.8629,2.30259,21,0.19737,0,0,0,0,1
CMDP-PostCheck,45.2373,346,573,PostCheck,0,0,0.0236933,13.7088,2.30259,21,0.319776,0,0,0,0,1
CMDP-PostCheck,45.2519,180,254,PostCheck,0,0,0.0201369,11.7835,2.30259,18,0.074247,0,0,0,0,1.04394
CMDP-PostCheck,45.2531,227,278,PostCheck,0,0,0.0571343,0.693147,2.30259,2,0.023555,0,0,0,0,1
CMDP-PostCheck,45.2572,193,414,PostCheck,0,0,0.0232461,13.8629,2.30259,21,0.335299,0,0,0,0,1.00582
CMDP-PostCheck,45.2607,425,106,PostCheck,0,0,0.0236779,13.8629,2.30259,21,0.358164,0,0,0,0,1
CMDP-PostCheck,45.2613,195,233,PostCheck,0,0,0.0232535,13.8629,2.30259,21,0.198919,0,0,0,0,1
CMDP-PostCheck,45.2613,470,567,PostCheck,0,0,0.02324,13.8629,2.30259,21,0.359166,0,0,0,0,1
CMDP-PostCheck,45.2705,162,346,PostCheck,0,0,0.0236779,13.8629,2.30259,21,0.17623,0,0,0,0,1
CMDP-PostCheck,45.274,263,583,PostCheck,0,0,0.0232465,13.8629,2.30259,21,0.166526,0,0,0,0,1
CMDP-PostCheck,45.2839,199,414,PostCheck,0,0,0.0233447,13.8629,2.30259,21,0.332453,0,0,0,0,1
CMDP-PostCheck,45.2845,24,566,PostCheck,0,0,0.0233015,12.9468,2.30259,21,0.381102,0,0,0,0,0.994304
CMDP-PostCheck,45.2851,396,301,PostCheck,0,0,0.0232527,13.8629,2.30259,21,0.252778,0,0,0,0,1
CMDP-PostCheck,45.291,453,368,PostCheck,0,0,0.0236926,13.8629,2.30259,21,0.105171,0,0,0,0,1
CMDP-PostCheck,45.2963,79,564,PostCheck,0,0,0.0233446,13.8629,2.30259,21,0.253589,0,0,0,0,1
CMDP-PostCheck,45.3005,133,283,PostCheck,0,0,0.0233057,13.4005,2.30259,21,0.598028,0,0,0,0,0.999693
CMDP-PostCheck,45.3009,35,341,PostCheck,0,0,0.0233118,12.336,2.30259,21,0.796769,0,0,0,0,1.04541
CMDP-PostCheck,45.3031,286,422,PostCheck,0,0,0.0236819,13.8629,2.30259,21,0.382218,0,0,0,0,1.02314
CMDP-PostCheck,45.3057,60,564,PostCheck,0,0,0.0233445,13.8629,2.30259,21,0.23783,0,0,0,0,1
CMDP-PostCheck,45.3077,375,142,PostCheck,0,0,0.023679,13.8629,2.30259,21,0.193833,0,0,0,0,1
CMDP-PostCheck,45.3093,215,368,PostCheck,0,0,0.0237103,13.8629,2.30259,21,0.191582,0,0,0,0,1
CMDP-PostCheck,45.3136,358,300,PostCheck,0,0,0.0236949,13.8629,2.30259,21,0.18167,0,0,0,0,1
CMDP-PostCheck,45.3193,311,94,PostCheck,1,0,0.0166094,9.01091,2.30259,15,0.123134,0,0,0,0,1.03354
CMDP-PostCheck,45.326,138,282,PostCheck,0,0,0.0232663,13.8629,2.30259,21,0.498435,0,0,0,0,1.05434
CMDP-PostCheck,45.3288,413,108,PostCheck,1,0,0.0225359,12.4766,2.30259,20,0.16199,0,0,0,0,1.05087
CMDP-PostCheck,45.3331,5,580,PostCheck,0,0,0.0525112,13.2522,2.30259,21,0.258012,0,0,0,0,0.990426
CMDP-PostCheck,45.3422,217,21,PostCheck,0,0,0.0232674,13.8629,2.30259,21,0.520725,0,0,0,0,1.04629
CMDP-PostCheck,45.3427,94,233,PostCheck,0,0,0.0232535,13.8629,2.30259,21,0.409864,0,0,0,0,1.00582
CMDP-PostCheck,45.344,305,301,PostCheck,0,0,0.0232547,13.8629,2.30259,21,0.186976,0,0,0,0,1
CMDP-PostCheck,45.346,385,441,PostCheck,0,0,0.023678,13.8629,2.30259,21,0.20746,0,0,0,0,1
CMDP-PostCheck,45.347,468,514,PostCheck,0,0,0.0236854,13.8629,2.30259,21,0.098072,0,0,0,0,1
CMDP-PostCheck,45.3511,107,104,PostCheck,0,0,0.0232636,13.8629,2.30259,21,0.322037,0,0,0,0,1
CMDP-PostCheck,45.3524,250,414,PostCheck,0,0,0.0232461,13.8629,2.30259,21,0.204096,0,0,0,0,1
CMDP-PostCheck,45.3535,6,65,PostCheck,0,0,0.0370211,13.2522,2.30259,21,0.700416,0,0,0,0,0.992484
CMDP-PostCheck,45.3641,87,315,PostCheck,1,1,0.00317365,1.38629,2.30259,4,0.200622,0,0,0,0,0.987371
CMDP-PostCheck,45.3826,159,449,PostCheck,0,0,0.0130376,7.62462,2.30259,12,0.108239,0,0,0,0,1
CMDP-PostCheck,45.3897,255,552,PostCheck,1,1,0.00196589,0.693147,2.30259,3,0.070916,0,0,0,0,1.08522
CMDP-PostCheck,45.3959,225,176,PostCheck,0,0,0.0548813,1.38629,2.30259,3,0.052952,0,0,0,0,1
CMDP-PostCheck,45.3965,285,102,PostCheck,1,0,0.014234,7.62462,2.30259,13,0.28903,0,0,0,0,1.02661
CMDP-PostCheck,45.3999,451,569,PostCheck,1,0,0.0213908,11.7835,2.30259,19,0.083725,0,0,0,0,1.0474
CMDP-PostCheck,45.4078,52,396,PostCheck,0,0,0.0236786,13.8629,2.30259,21,0.261945,0,0,0,0,1.04934
CMDP-PostCheck,45.4098,354,21,PostCheck,0,0,0.0232674,13.8629,2.30259,21,0.437796,0,0,0,0,1
CMDP-PostCheck,45.4146,49,428,PostCheck,0,0,0.0237084,13.8629,2.30259,21,0.281823,0,0,0,0,1.04047
CMDP-PostCheck,45.4159,448,537,PostCheck,0,0,0.0236794,13.8629,2.30259,21,0.297805,0,0,0,0,1
CMDP-PostCheck,45.4175,88,21,PostCheck,0,0,0.0232674,13.8629,2.30259,21,0.571743,0,0,0,0,0.994303
CMDP-PostCheck,45.4181,352,265,PostCheck,0,0,0.0236884,13.8629,2.30259,21,0.325802,0,0,0,0,1.00928
CMDP-PostCheck,45.4227,140,161,PostCheck,0,0,0.0232929,13.8629,2.30259,21,0.219725,0,0,0,0,1
CMDP-PostCheck,45.4247,281,414,PostCheck,0,0,0.0233445,13.8629,2.30259,21,0.463708,0,0,0,0,1
CMDP-PostCheck,45.4294,61,138,PostCheck,0,0,0.0232759,13.5576,2.30259,21,0.331573,0,0,0,0,1
CMDP-PostCheck,45.4433,122,454,PostCheck,1,0,0.0209214,11.7835,2.30259,19,0.194366,0,0,0,0,1.0474
CMDP-PostCheck,45.4482,360,66,PostCheck,0,0,0.0236923,13.8629,2.30259,21,0.573866,0,0,0,0,1
CMDP-PostCheck,45.4499,325,250,PostCheck,0,0,0.0236814,13.8629,2.30259,21,0.311807,0,0,0,0,1
CMDP-PostCheck,45.4579,201,282,PostCheck,0,0,0.0232663,13.8629,2.30259,21,0.48305,0,0,0,0,1
CMDP-PostCheck,45.4598,66,111,PostCheck,1,0,0.0102807,5.54518,2.30259,10,0.255824,0,0,0,0,1.00012
CMDP-PostCheck,45.4619,128,458,PostCheck,0,0,0.0232674,13.8629,2.30259,21,0.324751,0,0,0,0,1
CMDP-PostCheck,45.4654,222,99,PostCheck,0,0,0.0236784,13.8629,2.30259,21,0.403053,0,0,0,0,1.00235
CMDP-PostCheck,45.4754,314,316,PostCheck,0,0,0.0236947,13.8629,2.30259,21,0.111292,0,0,0,0,0.991953
CMDP-PostCheck,45.4782,70,69,PostCheck,0,0,0.0236778,13.8629,2.30259,21,0.208128,0,0,0,0,1
CMDP-PostCheck,45.4843,284,122,PostCheck,0,0,0.0233261,13.8629,2.30259,21,0.389701,0,0,0,0,1
CMDP-PostCheck,45.4843,410,457,PostCheck,0,0,0.023685,13.8629,2.30259,21,0.214989,0,0,0,0,1
CMDP-PostCheck,45.5062,48,282,PostCheck,0,0,0.0232663,13.8629,2.30259,21,0.446595,0,0,0,0,0.991953
CMDP-PostCheck,45.5096,115,212,PostCheck,0,0,0.0232534,13.8629,2.30259,21,0.260181,0,0,0,0,1
CMDP-PostCheck,45.5162,444,266,PostCheck,0,0,0.0232546,13.8629,2.30259,21,0.249021,0,0,0,0,1
CMDP-PostCheck,45.5183,200,69,PostCheck,0,0,0.0236777,13.8629,2.30259,21,0.230441,0,0,0,0,0.991953
CMDP-PostCheck,45.5229,10,108,PostCheck,0,0,0.0238176,12.6414,2.30259,21,0.312672,0,0,0,0,1
CMDP-PostCheck,45.5242,76,112,PostCheck,0,0,0.023678,13.8629,2.30259,21,0.632866,0,0,0,0,0.991953
CMDP-PostCheck,45.5251,268,228,PostCheck,0,0,0.0236816,13.8629,2.30259,21,0.306693,0,0,0,0,0.991953
CMDP-PostCheck,45.526,457,228,PostCheck,0,0,0.0236786,13.8629,2.30259,21,0.235009,0,0,0,0,1
CMDP-PostCheck,45.5316,332,122,PostCheck,0,0,0.0233261,13.8629,2.30259,21,0.284809,0,0,0,0,1
CMDP-PostCheck,45.5346,132,254,PostCheck,0,0,0.0154098,9.01091,2.30259,14,0.198693,0,0,0,0,1.0474
CMDP-PostCheck,45.5406,0,581,PostCheck,0,0,0.0511284,13.2522,2.30259,21,0.263958,0,0,0,0,1
CMDP-PostCheck,45.5427,208,80,PostCheck,0,0,0.0236903,13.8629,2.30259,21,0.220984,0,0,0,0,1.04047
CMDP-PostCheck,45.5449,141,564,PostCheck,0,0,0.023246,13.8629,2.30259,21,0.404369,0,0,0,0,1.07636
CMDP-PostCheck,45.5483,458,282,PostCheck,0,0,0.0232663,13.8629,2.30259,21,0.37458,0,0,0,0,1
CMDP-PostCheck,45.5497,464,221,PostCheck,0,0,0.0236906,13.8629,2.30259,21,0.193066,0,0,0,0,1
CMDP-PostCheck,45.5587,390,576,PostCheck,0,0,0.0236876,13.8629,2.30259,21,0.0921,0,0,0,0,1
CMDP-PostCheck,45.5609,75,52,PostCheck,0,0,0.0236786,13.8629,2.30259,21,0.346708,0,0,0,0,1
CMDP-PostCheck,45.5615,123,161,PostCheck,0,0,0.0232877,13.8629,2.30259,21,0.245641,0,0,0,0,1
CMDP-PostCheck,45.5643,182,581,PostCheck,0,0,0.023241,13.8629,2.30259,21,0.26376,0,0,0,0,1
CMDP-PostCheck,45.565,483,439,PostCheck,0,0,0.128212,0.693147,2.30259,2,0.022297,0,0,0,0,1
CMDP-PostCheck,45.5693,119,502,PostCheck,0,0,0.023678,13.8629,2.30259,21,0.421082,0,0,0,0,0.991953
CMDP-PostCheck,45.5694,349,435,PostCheck,0,0,0.0876262,3.46574,2.30259,6,0.07786,0,0,0,0,1.06015
CMDP-PostCheck,45.5699,485,395,PostCheck,0,0,0.0232674,13.8629,2.30259,21,0.567707,0,0,0,0,1
CMDP-PostCheck,45.5729,421,212,PostCheck,0,0,0.0232534,13.8629,2.30259,21,0.380254,0,0,0,0,1
CMDP-PostCheck,45.5758,85,583,PostCheck,0,0,0.0232466,13.8629,2.30259,21,0.535659,0,0,0,0,0.991953
CMDP-PostCheck,45.5817,236,404,PostCheck,0,0,0.023259,13.8629,2.30259,21,0.260934,0,0,0,0,1
CMDP-PostCheck,45.5856,376,581,PostCheck,0,0,0.023241,13.8629,2.30259,21,0.393096,0,0,0,0,1
CMDP-PostCheck,45.5912,408,585,PostCheck,0,0,0.119889,1.38629,2.30259,3,0.014083,0,0,0,0,1
CMDP-PostCheck,45.5917,433,212,PostCheck,0,0,0.0232534,13.8629,2.30259,21,0.443977,0,0,0,0,1
CMDP-PostCheck,45.5945,209,434,PostCheck,0,0,0.0237217,13.8629,2.30259,21,0.223938,0,0,0,0,1
CMDP-PostCheck,45.5968,114,435,PostCheck,0,0,0.00594268,3.46574,2.30259,6,0.032424,0,0,0,0,1
CMDP-PostCheck,45.5985,91,252,PostCheck,0,0,0.0236789,13.8629,2.30259,21,0.392458,0,0,0,0,1
CMDP-PostCheck,45.5989,452,431,PostCheck,0,0,0.0236805,13.8629,2.30259,21,0.358581,0,0,0,0,1
CMDP-PostCheck,45.6002,333,212,PostCheck,0,0,0.0232534,13.8629,2.30259,21,0.249214,0,0,0,0,1
CMDP-PostCheck,45.6021,378,282,PostCheck,0,0,0.0232663,13.8629,2.30259,21,0.521782,0,0,0,0,1
CMDP-PostCheck,45.604,288,449,PostCheck,0,0,0.0130607,7.62462,2.30259,12,0.09493,0,0,0,0,1.01621
CMDP-PostCheck,45.6059,395,282,PostCheck,0,0,0.0232663,13.8629,2.30259,21,0.276507,0,0,0,0,1
CMDP-PostCheck,45.6123,474,419,PostCheck,0,0,0.0236821,13.8629,2.30259,21,0.212779,0,0,0,0,1
CMDP-PostCheck,45.6139,449,574,PostCheck,0,0,0.0237045,13.8629,2.30259,21,0.109439,0,0,0,0,1
CMDP-PostCheck,45.615,446,304,PostCheck,0,0,0.0232466,13.8629,2.30259,21,0.159365,0,0,0,0,1
CMDP-PostCheck,45.6158,148,3,PostCheck,1,0,0.0237525,13.1698,2.30259,21,0.215968,0,0,0,0,1.05434
CMDP-PostCheck,45.6209,459,610,PostCheck,1,0,0.0197299,11.0904,2.30259,18,0.155205,0,0,0,0,1.04394
CMDP-PostCheck,45.6249,205,212,PostCheck,0,0,0.0232534,13.8629,2.30259,21,0.715714,0,0,0,0,0.987371
CMDP-PostCheck,45.6283,243,222,PostCheck,0,0,0.0236818,13.8629,2.30259,21,0.379162,0,0,0,0,1
CMDP-PostCheck,45.6299,389,394,PostCheck,0,0,0.0236779,13.8629,2.30259,21,0.411452,0,0,0,0,0.998884
CMDP-PostCheck,45.6325,323,125,PostCheck,0,0,0.0236838,13.8629,2.30259,21,0.203881,0,0,0,0,1
CMDP-PostCheck,45.6339,230,282,PostCheck,0,0,0.0232663,13.8629,2.30259,21,0.482086,0,0,0,0,0.998884
CMDP-PostCheck,45.6439,53,289,PostCheck,0,0,0.0237064,13.5546,2.30259,21,0.244624,0,0,0,0,0.990066
CMDP-PostCheck,45.6457,361,162,PostCheck,0,0,0.0236802,13.8629,2.30259,21,0.309561,0,0,0,0,0.991953
CMDP-PostCheck,45.6551,282,230,PostCheck,0,0,0.0232664,13.8629,2.30259,21,0.504589,0,0,0,0,1
CMDP-PostCheck,45.656,220,471,PostCheck,0,0,0.0236783,13.8629,2.30259,21,0.363722,0,0,0,0,0.991953
CMDP-PostCheck,45.656,463,395,PostCheck,0,0,0.0232674,13.8629,2.30259,21,0.309803,0,0,0,0,1
CMDP-PostCheck,45.6581,441,346,PostCheck,0,0,0.0236798,13.8629,2.30259,21,0.298344,0,0,0,0,1
CMDP-PostCheck,45.6613,466,53,PostCheck,1,1,0.00432621,2.07944,2.30259,5,0.086035,0,0,0,0,0.998884
CMDP-PostCheck,45.6693,335,457,PostCheck,1,1,0.0043214,2.07944,2.30259,5,0.09877,0,0,0,0,0.998884
CMDP-PostCheck,45.6707,134,254,PostCheck,0,0,0.00948341,5.54518,2.30259,9,0.075066,0,0,0,0,1.04629
CMDP-PostCheck,45.6798,231,449,PostCheck,0,0,0.0130612,7.62462,2.30259,12,0.102224,0,0,0,0,1
CMDP-PostCheck,45.6819,189,159,PostCheck,0,0,0.023737,13.8629,2.30259,21,0.10125,0,0,0,0,1
CMDP-PostCheck,45.6823,116,292,PostCheck,0,0,0.0232591,13.8629,2.30259,21,0.256733,0,0,0,0,0.991953
CMDP-PostCheck,45.6879,235,282,PostCheck,0,0,0.0232663,13.8629,2.30259,21,0.309134,0,0,0,0,1
CMDP-PostCheck,45.7044,92,80,PostCheck,0,0,0.0236879,13.8629,2.30259,21,0.173696,0,0,0,0,1.05178
CMDP-PostCheck,45.7062,478,253,PostCheck,0,0,0.0236851,13.8629,2.30259,21,0.154282,0,0,0,0,1
CMDP-PostCheck,45.7104,238,153,PostCheck,0,0,0.0236797,13.8629,2.30259,21,0.125255,0,0,0,0,1
CMDP-PostCheck,45.712,300,303,PostCheck,0,0,0.0237275,13.8629,2.30259,21,0.144505,0,0,0,0,1
CMDP-PostCheck,45.7126,407,282,PostCheck,0,0,0.0232663,13.8629,2.30259,21,0.255929,0,0,0,0,1
CMDP-PostCheck,45.7193,68,381,PostCheck,1,0,0.0142583,7.62462,2.30259,13,0.071329,0,0,0,0,1.12489
CMDP-PostCheck,45.7238,377,212,PostCheck,0,0,0.0232535,13.8629,2.30259,21,0.516031,0,0,0,0,1
CMDP-PostCheck,45.7246,188,486,PostCheck,0,0,0.0237052,13.8629,2.30259,21,0.076029,0,0,0,0,1.03701
CMDP-PostCheck,45.7307,293,282,PostCheck,0,0,0.0232663,13.8629,2.30259,21,0.541417,0,0,0,0,1
CMDP-PostCheck,45.7376,228,564,PostCheck,0,0,0.0233442,13.8629,2.30259,21,0.73676,0,0,0,0,1.00928
CMDP-PostCheck,45.74,261,404,PostCheck,0,0,0.0232592,13.8629,2.30259,21,0.19004,0,0,0,0,0.991953
CMDP-PostCheck,45.7406,366,564,PostCheck,0,0,0.0236783,13.8629,2.30259,21,0.427922,0,0,0,0,1
CMDP-PostCheck,45.7517,211,371,PostCheck,0,0,0.0236913,13.8629,2.30259,21,0.189127,0,0,0,0,1
CMDP-PostCheck,45.7539,105,404,PostCheck,0,0,0.0232592,13.8629,2.30259,21,0.261694,0,0,0,0,0.991953
CMDP-PostCheck,45.7598,26,159,PostCheck,0,0,0.0237346,13.8629,2.30259,21,0.079137,0,0,0,0,1.04282
CMDP-PostCheck,45.7698,462,212,PostCheck,0,0,0.0232535,13.8629,2.30259,21,0.207501,0,0,0,0,1
CMDP-PostCheck,45.7777,345,38,PostCheck,0,0,0.0232536,13.8629,2.30259,21,0.195128,0,0,0,0,1
CMDP-PostCheck,45.7942,356,564,PostCheck,0,0,0.0233442,13.8629,2.30259,21,0.390246,0,0,0,0,1
CMDP-PostCheck,45.7944,171,212,PostCheck,0,0,0.0232535,13.8629,2.30259,21,0.539729,0,0,0,0,0.991953
CMDP-PostCheck,45.7963,416,404,PostCheck,0,0,0.0232592,13.8629,2.30259,21,0.361539,0,0,0,0,1
CMDP-PostCheck,45.8115,406,314,PostCheck,0,0,0.0236809,13.8629,2.30259,21,0.184668,0,0,0,0,1
CMDP-PostCheck,45.8125,12,9,PostCheck,0,0,0.0333178,12.7897,2.30259,21,0.472846,0,0,0,0,0.967423
CMDP-PostCheck,45.8133,486,533,PostCheck,0,0,0.0237235,13.8629,2.30259,21,0.197001,0,0,0,0,1
CMDP-PostCheck,45.815,30,119,PostCheck,0,0,0.0237175,12.336,2.30259,21,0.728667,0,0,0,0,0.997769
CMDP-PostCheck,45.8168,56,265,PostCheck,0,0,0.02368,13.8629,2.30259,21,0.193694,0,0,0,0,1
CMDP-PostCheck,45.8188,161,199,PostCheck,0,0,0.0236816,13.8629,2.30259,21,0.342523,0,0,0,0,1
CMDP-PostCheck,45.8196,157,488,PostCheck,0,0,0.0237028,13.8629,2.30259,21,0.398813,0,0,0,0,1
CMDP-PostCheck,45.8196,481,266,PostCheck,0,0,0.0232408,13.8629,2.30259,21,0.404744,0,0,0,0,1
CMDP-PostCheck,45.8454,173,261,PostCheck,0,0,0.0232674,13.8629,2.30259,21,0.424863,0,0,0,0,1.00582
CMDP-PostCheck,45.8498,153,479,PostCheck,0,0,0.0236799,13.8629,2.30259,21,0.200798,0,0,0,0,1.02661
CMDP-PostCheck,45.8531,338,261,PostCheck,0,0,0.0232674,13.8629,2.30259,21,0.284294,0,0,0,0,1
CMDP-PostCheck,45.8545,498,101,PostCheck,0,0,0.0311232,13.7088,2.30259,21,0.233329,0,0,0,0,1
CMDP-PostCheck,45.8686,143,71,PostCheck,0,0,0.0237341,13.8629,2.30259,21,0.235927,0,0,0,0,1
CMDP-PostCheck,45.8722,174,8,PostCheck,0,0,0.023344,13.8629,2.30259,21,0.305824,0,0,0,0,1
CMDP-PostCheck,45.8726,246,8,PostCheck,0,0,0.023246,13.8629,2.30259,21,0.259063,0,0,0,0,0.991953
CMDP-PostCheck,45.8734,313,261,PostCheck,0,0,0.0232674,13.8629,2.30259,21,0.394976,0,0,0,0,1
CMDP-PostCheck,45.8746,427,404,PostCheck,0,0,0.0232594,13.8629,2.30259,21,0.364544,0,0,0,0,1
CMDP-PostCheck,45.8812,475,253,PostCheck,0,0,0.0236878,13.8629,2.30259,21,0.179396,0,0,0,0,1
CMDP-PostCheck,45.8819,219,52,PostCheck,0,0,0.0232662,13.8629,2.30259,21,0.836934,0,0,0,0,1
CMDP-PostCheck,45.8826,431,261,PostCheck,0,0,0.0232674,13.8629,2.30259,21,0.461799,0,0,0,0,1
CMDP-PostCheck,45.8892,9,108,PostCheck,0,0,0.0443051,12.6414,2.30259,21,0.295549,0,0,0,0,1
CMDP-PostCheck,45.8902,355,562,PostCheck,0,0,0.0237285,13.8629,2.30259,21,0.146421,0,0,0,0,1
CMDP-PostCheck,45.8921,14,579,PostCheck,0,0,0.023681,13.8629,2.30259,21,0.216675,0,0,0,0,1.0255
CMDP-PostCheck,45.8938,381,210,PostCheck,0,0,0.023344,13.8629,2.30259,21,0.386678,0,0,0,0,1
CMDP-PostCheck,45.8951,241,236,PostCheck,1,0,0.00553758,2.61844,2.30259,6,0.15057,0,0,0,0,0.993532
CMDP-PostCheck,45.8956,198,162,PostCheck,0,0,0.0236827,13.8629,2.30259,21,0.198744,0,0,0,0,1
CMDP-PostCheck,45.8958,169,61,PostCheck,0,0,0.0236879,13.8629,2.30259,21,0.280366,0,0,0,0,1
CMDP-PostCheck,45.8961,494,145,PostCheck,0,0,0.0149594,9.01091,2.30259,14,0.186449,0,0,0,0,1
CMDP-PostCheck,45.8972,310,523,PostCheck,1,1,0.0020583,0.693147,2.30259,3,0.14509,0,0,0,0,0.991953
CMDP-PostCheck,45.8997,435,349,PostCheck,0,0,0.00595385,3.46574,2.30259,6,0.075104,0,0,0,0,1.0474
CMDP-PostCheck,45.9007,327,83,PostCheck,0,0,0.023678,13.8629,2.30259,21,0.33853,0,0,0,0,1
CMDP-PostCheck,45.904,351,422,PostCheck,0,0,0.0236796,13.8629,2.30259,21,0.400613,0,0,0,0,1
CMDP-PostCheck,45.9044,254,208,PostCheck,0,0,0.0236894,13.8629,2.30259,21,0.085898,0,0,0,0,1
CMDP-PostCheck,45.909,45,159,PostCheck,0,0,0.0237053,13.8629,2.30259,21,0.089146,0,0,0,0,1
CMDP-PostCheck,45.9135,296,9,PostCheck,0,0,0.0236783,13.8629,2.30259,21,0.358546,0,0,0,0,1
CMDP-PostCheck,45.9189,104,506,PostCheck,0,0,0.0756979,13.3315,2.30259,21,0.49546,0,0,0,0,1.00778
CMDP-PostCheck,45.9237,152,465,PostCheck,0,0,0.0236791,13.8629,2.30259,21,0.306968,0,0,0,0,1.01621
CMDP-PostCheck,45.9259,415,318,PostCheck,0,0,0.0232535,13.8629,2.30259,21,0.862449,0,0,0,0,1
CMDP-PostCheck,45.9267,265,318,PostCheck,0,0,0.0232535,13.8629,2.30259,21,0.281566,0,0,0,0,0.983906
CMDP-PostCheck,45.9316,287,492,PostCheck,0,0,0.0237104,13.8629,2.30259,21,0.208852,0,0,0,0,1
CMDP-PostCheck,45.9332,95,318,PostCheck,0,0,0.0232535,13.8629,2.30259,21,0.296706,0,0,0,0,1
CMDP-PostCheck,45.9435,372,112,PostCheck,0,0,0.023681,13.8629,2.30259,21,0.523235,0,0,0,0,1
CMDP-PostCheck,45.9465,81,564,PostCheck,0,0,0.023246,13.8629,2.30259,21,0.39123,0,0,0,0,1.04047
CMDP-PostCheck,45.9541,363,524,PostCheck,0,0,0.0237123,13.8629,2.30259,21,0.15055,0,0,0,0,1
CMDP-PostCheck,45.959,328,266,PostCheck,0,0,0.0232548,13.8629,2.30259,21,0.265207,0,0,0,0,1.02314
CMDP-PostCheck,45.9591,467,134,PostCheck,0,0,0.0213268,12.4766,2.30259,19,0.313069,0,0,0,0,1
CMDP-PostCheck,45.9604,67,596,PostCheck,1,1,0.00304429,0.538997,2.30259,3,0.115635,0,0,0,0,1.03512
CMDP-PostCheck,45.9627,97,173,PostCheck,0,0,0.0236779,13.8629,2.30259,21,0.384491,0,0,0,0,1.04282
CMDP-PostCheck,45.9648,165,266,PostCheck,0,0,0.0232409,13.8629,2.30259,21,0.414895,0,0,0,0,0.991953
CMDP-PostCheck,45.9756,126,267,PostCheck,0,0,0.0236778,13.8629,2.30259,21,0.253861,0,0,0,0,1
CMDP-PostCheck,45.9791,206,266,PostCheck,0,0,0.0232409,13.8629,2.30259,21,0.248145,0,0,0,0,1.01968
CMDP-PostCheck,45.9791,280,257,PostCheck,0,0,0.0237194,13.8629,2.30259,21,0.140295,0,0,0,0,1
CMDP-PostCheck,45.9802,492,479,PostCheck,1,0,0.0118642,6.23832,2.30259,11,0.105913,0,0,0,0,1.01968
CMDP-PostCheck,45.9819,423,159,PostCheck,0,0,0.0237097,13.8629,2.30259,21,0.210861,0,0,0,0,1
CMDP-PostCheck,45.9863,101,514,PostCheck,0,0,0.0236821,13.8629,2.30259,21,0.24263,0,0,0,0,1
CMDP-PostCheck,45.989,34,136,PostCheck,0,0,0.0233522,12.323,2.30259,21,0.462188,0,0,0,0,0.993643
CMDP-PostCheck,45.9912,269,266,PostCheck,0,0,0.0232409,13.8629,2.30259,21,0.309143,0,0,0,0,0.983906
CMDP-PostCheck,45.995,166,289,PostCheck,0,0,0.0236795,13.8629,2.30259,21,0.332908,0,0,0,0,1
CMDP-PostCheck,45.9998,36,145,PostCheck,0,0,0.0137755,8.31777,2.30259,13,0.138522,0,0,0,0,1
CMDP-PostCheck,46.0033,487,292,PostCheck,0,0,0.0232598,13.8629,2.30259,21,0.336816,0,0,0,0,1
CMDP-PostCheck,46.0157,20,377,PostCheck,0,0,0.0548828,13.2522,2.30259,21,0.362119,0,0,0,0,1.01064
CMDP-PostCheck,46.0171,19,482,PostCheck,0,0,0.0411125,12.9468,2.30259,21,0.383296,0,0,0,0,1.00511
CMDP-PostCheck,46.0175,203,302,PostCheck,0,0,0.0237018,13.8629,2.30259,21,0.164376,0,0,0,0,1.03008
CMDP-PostCheck,46.0227,440,409,PostCheck,0,0,0.0232666,13.8629,2.30259,21,0.514661,0,0,0,0,1
CMDP-PostCheck,46.0263,183,587,PostCheck,0,0,0.0232658,13.8629,2.30259,21,0.364273,0,0,0,0,1
CMDP-PostCheck,46.0309,145,535,PostCheck,0,0,0.0236881,13.8629,2.30259,21,0.231939,0,0,0,0,1
CMDP-PostCheck,46.034,47,222,PostCheck,0,0,0.0232507,13.2522,2.30259,21,0.323665,0,0,0,0,1
CMDP-PostCheck,46.0505,274,587,PostCheck,0,0,0.0236804,13.8629,2.30259,21,0.25842,0,0,0,0,0.999693
CMDP-PostCheck,46.052,232,587,PostCheck,0,0,0.0843166,13.7088,2.30259,21,0.51571,0,0,0,0,1.02584
CMDP-PostCheck,46.0549,273,421,PostCheck,0,0,0.023678,13.8629,2.30259,21,0.326494,0,0,0,0,1
CMDP-PostCheck,46.0651,295,318,PostCheck,0,0,0.0232535,13.8629,2.30259,21,0.327032,0,0,0,0,0.991953
CMDP-PostCheck,46.0675,21,377,PostCheck,0,0,0.0549682,13.2522,2.30259,21,0.427352,0,0,0,0,1.02767
CMDP-PostCheck,46.0678,344,449,PostCheck,0,0,0.0142208,8.31777,2.30259,13,0.039684,0,0,0,0,1.00235
CMDP-PostCheck,46.068,312,409,PostCheck,0,0,0.0232666,13.8629,2.30259,21,0.383851,0,0,0,0,0.998884
CMDP-PostCheck,46.0691,301,292,PostCheck,0,0,0.0232598,13.8629,2.30259,21,0.414654,0,0,0,0,1
CMDP-PostCheck,46.07,190,213,PostCheck,0,0,0.0236838,13.8629,2.30259,21,0.218227,0,0,0,0,1
CMDP-PostCheck,46.0721,147,409,PostCheck,0,0,0.0232666,13.8629,2.30259,21,0.210998,0,0,0,0,1
CMDP-PostCheck,46.0757,503,208,PostCheck,0,0,0.0236814,13.8629,2.30259,21,0.27254,0,0,0,0,1
CMDP-PostCheck,46.0816,422,266,PostCheck,0,0,0.0232409,13.8629,2.30259,21,0.400347,0,0,0,0,1
CMDP-PostCheck,46.0863,121,535,PostCheck,0,0,0.0236825,13.8629,2.30259,21,0.195785,0,0,0,0,1.08095
CMDP-PostCheck,46.0866,412,410,PostCheck,0,0,0.0237305,13.8629,2.30259,21,0.084534,0,0,0,0,1
CMDP-PostCheck,46.0938,299,264,PostCheck,0,0,0.0236892,13.8629,2.30259,21,0.349352,0,0,0,0,1.03701
CMDP-PostCheck,46.094,202,266,PostCheck,0,0,0.0232548,13.8629,2.30259,21,0.467364,0,0,0,0,1
CMDP-PostCheck,46.099,197,557,PostCheck,0,0,0.0236791,13.8629,2.30259,21,0.227455,0,0,0,0,1
CMDP-PostCheck,46.1031,495,75,PostCheck,0,0,0.0236797,13.8629,2.30259,21,0.332888,0,0,0,0,1
CMDP-PostCheck,46.1044,179,318,PostCheck,0,0,0.0232535,13.8629,2.30259,21,0.19136,0,0,0,0,0.994303
CMDP-PostCheck,46.121,239,208,PostCheck,0,0,0.0236798,13.8629,2.30259,21,0.219219,0,0,0,0,1
CMDP-PostCheck,46.1274,50,305,PostCheck,0,0,0.0667239,13.5576,2.30259,21,1.02446,0,0,0,0,0.990426
CMDP-PostCheck,46.1303,353,476,PostCheck,0,0,0.0233253,13.8629,2.30259,21,0.423674,0,0,0,0,1
CMDP-PostCheck,46.1333,336,612,PostCheck,0,0,0.0236942,13.8629,2.30259,21,0.116107,0,0,0,0,1
CMDP-PostCheck,46.138,41,514,PostCheck,0,0,0.0236921,13.8629,2.30259,21,0.35943,0,0,0,0,1.04517
CMDP-PostCheck,46.1389,224,470,PostCheck,0,0,0.0232505,13.7088,2.30259,21,0.544287,0,0,0,0,1
CMDP-PostCheck,46.1397,450,616,PostCheck,0,0,0.124837,2.07944,2.30259,4,0.036578,0,0,0,0,1
CMDP-PostCheck,46.1431,237,449,PostCheck,0,0,0.0130348,7.62462,2.30259,12,0.100343,0,0,0,0,1
CMDP-PostCheck,46.1454,65,318,PostCheck,0,0,0.0232535,13.8629,2.30259,21,0.220995,0,0,0,0,0.983906
CMDP-PostCheck,46.1492,204,564,PostCheck,0,0,0.023246,13.8629,2.30259,21,0.203683,0,0,0,0,1.04394
CMDP-PostCheck,46.1519,309,474,PostCheck,0,0,0.0232537,13.8629,2.30259,21,0.376266,0,0,0,0,1
CMDP-PostCheck,46.1525,432,582,PostCheck,1,0,0.0213591,11.7835,2.30259,19,0.170231,0,0,0,0,1.0474
CMDP-PostCheck,46.1547,357,598,PostCheck,0,0,0.0236849,13.8629,2.30259,21,0.306445,0,0,0,0,1
CMDP-PostCheck,46.1561,210,414,PostCheck,0,0,0.0232461,13.8629,2.30259,21,0.224304,0,0,0,0,1
CMDP-PostCheck,46.1563,17,210,PostCheck,0,0,0.0551879,13.2522,2.30259,21,0.327968,0,0,0,0,1
CMDP-PostCheck,46.1591,96,401,PostCheck,0,0,0.023678,13.8629,2.30259,21,0.196203,0,0,0,0,1
CMDP-PostCheck,46.1642,426,619,PostCheck,0,0,0.0237025,13.8629,2.30259,21,0.165202,0,0,0,0,1.05434
CMDP-PostCheck,46.1705,419,474,PostCheck,0,0,0.0236789,13.8629,2.30259,21,0.365415,0,0,0,0,1
CMDP-PostCheck,46.1712,367,126,PostCheck,0,0,0.0237128,13.8629,2.30259,21,0.261215,0,0,0,0,1
CMDP-PostCheck,46.1715,368,571,PostCheck,0,0,0.0236899,13.8629,2.30259,21,0.176579,0,0,0,0,1
CMDP-PostCheck,46.1747,394,207,PostCheck,0,0,0.0237472,13.4005,2.30259,21,0.539745,0,0,0,0,1
CMDP-PostCheck,46.1901,253,463,PostCheck,0,0,0.0232489,13.8629,2.30259,21,0.209927,0,0,0,0,1
CMDP-PostCheck,46.1908,359,292,PostCheck,0,0,0.0232599,13.8629,2.30259,21,0.405247,0,0,0,0,1.02203
CMDP-PostCheck,46.197,226,404,PostCheck,0,0,0.02326,13.8629,2.30259,21,0.21698,0,0,0,0,1.0474
CMDP-PostCheck,46.1989,177,404,PostCheck,0,0,0.02326,13.8629,2.30259,21,0.193217,0,0,0,0,1
CMDP-PostCheck,46.2023,187,409,PostCheck,0,0,0.0232666,13.8629,2.30259,21,0.374707,0,0,0,0,1.00235
CMDP-PostCheck,46.2029,13,529,PostCheck,0,0,0.0549959,12.6414,2.30259,21,0.338779,0,0,0,0,0.990426
CMDP-PostCheck,46.2044,465,292,PostCheck,0,0,0.0232601,13.8629,2.30259,21,0.154137,0,0,0,0,1
CMDP-PostCheck,46.2137,125,61,PostCheck,0,0,0.0232666,13.8629,2.30259,21,0.21499,0,0,0,0,1.03354
CMDP-PostCheck,46.2191,25,200,PostCheck,0,0,0.023697,13.5576,2.30259,21,0.205304,0,0,0,0,0.973337
CMDP-PostCheck,46.227,365,5,PostCheck,0,0,0.0236785,13.8629,2.30259,21,0.36558,0,0,0,0,1
CMDP-PostCheck,46.2364,455,104,PostCheck,0,0,0.0232533,13.8629,2.30259,21,0.363993,0,0,0,0,1
CMDP-PostCheck,46.2377,51,257,PostCheck,0,0,0.0236844,13.8629,2.30259,21,0.330644,0,0,0,0,1
CMDP-PostCheck,46.2437,127,404,PostCheck,0,0,0.0679454,13.7088,2.30259,21,0.183595,0,0,0,0,1.00235
CMDP-PostCheck,46.2452,317,306,PostCheck,0,0,0.0236813,13.8629,2.30259,21,0.393923,0,0,0,0,1
CMDP-PostCheck,46.2469,409,61,PostCheck,0,0,0.0232667,13.8629,2.30259,21,0.319501,0,0,0,0,0.983906
CMDP-PostCheck,46.2477,370,537,PostCheck,0,0,0.0236807,13.8629,2.30259,21,0.222725,0,0,0,0,1
CMDP-PostCheck,46.2539,248,537,PostCheck,0,0,0.0236803,13.8629,2.30259,21,0.155983,0,0,0,0,1
CMDP-PostCheck,46.2671,256,292,PostCheck,0,0,0.0232601,13.8629,2.30259,21,0.34105,0,0,0,0,0.995419
CMDP-PostCheck,46.2676,404,292,PostCheck,0,0,0.0232601,13.8629,2.30259,21,0.199151,0,0,0,0,1
CMDP-PostCheck,46.2717,277,404,PostCheck,0,0,0.0232603,13.8629,2.30259,21,0.173569,0,0,0,0,1.03008
CMDP-PostCheck,46.2728,163,266,PostCheck,0,0,0.0232549,13.8629,2.30259,21,0.422345,0,0,0,0,1
CMDP-PostCheck,46.2814,454,353,PostCheck,0,0,0.0236819,13.8629,2.30259,21,0.165005,0,0,0,0,1
CMDP-PostCheck,46.2857,167,104,PostCheck,0,0,0.0232533,13.8629,2.30259,21,0.52886,0,0,0,0,1
CMDP-PostCheck,46.2931,364,353,PostCheck,0,0,0.0236842,13.8629,2.30259,21,0.317206,0,0,0,0,1
CMDP-PostCheck,46.2956,120,449,PostCheck,0,0,0.0130346,7.62462,2.30259,12,0.050255,0,0,0,0,1
CMDP-PostCheck,46.2961,117,437,PostCheck,0,0,0.0236813,13.8629,2.30259,21,0.145499,0,0,0,0,1
CMDP-PostCheck,46.2992,477,104,PostCheck,0,0,0.0232533,13.8629,2.30259,21,0.277349,0,0,0,0,1
CMDP-PostCheck,46.3111,397,104,PostCheck,0,0,0.0232533,13.8629,2.30259,21,0.403702,0,0,0,0,1
CMDP-PostCheck,46.3125,234,477,PostCheck,0,0,0.0236821,13.8629,2.30259,21,0.438598,0,0,0,0,0.996572
CMDP-PostCheck,46.3136,260,266,PostCheck,0,0,0.0232411,13.8629,2.30259,21,0.260047,0,0,0,0,1
CMDP-PostCheck,46.3147,291,266,PostCheck,0,0,0.0236785,13.8629,2.30259,21,0.760958,0,0,0,0,0.998884
CMDP-PostCheck,46.317,103,582,PostCheck,1,1,0.00197067,0.693147,2.30259,3,0.152456,0,0,0,0,0.991953
CMDP-PostCheck,46.3208,78,266,PostCheck,0,0,0.0232411,13.8629,2.30259,21,0.264632,0,0,0,0,1.00928
CMDP-PostCheck,46.3227,504,92,PostCheck,0,0,0.0236807,13.8629,2.30259,21,0.320618,0,0,0,0,1
CMDP-PostCheck,46.3329,124,266,PostCheck,0,0,0.0232411,13.8629,2.30259,21,0.243112,0,0,0,0,1
CMDP-PostCheck,46.3341,37,13,PostCheck,0,0,0.0237082,13.5576,2.30259,21,0.129659,0,0,0,0,1.01122
CMDP-PostCheck,46.3424,445,503,PostCheck,0,0,0.0236809,13.8629,2.30259,21,0.514143,0,0,0,0,1
CMDP-PostCheck,46.3507,175,96,PostCheck,0,0,0.023699,13.8629,2.30259,21,0.283248,0,0,0,0,1
CMDP-PostCheck,46.3556,154,302,PostCheck,0,0,0.0236967,13.8629,2.30259,21,0.139373,0,0,0,0,1
CMDP-PostCheck,46.3565,242,414,PostCheck,0,0,0.0232461,13.8629,2.30259,21,0.347208,0,0,0,0,0.991953
CMDP-PostCheck,46.3614,264,266,PostCheck,0,0,0.0232411,13.8629,2.30259,21,0.331169,0,0,0,0,1
CMDP-PostCheck,46.3621,118,282,PostCheck,0,0,0.0232663,13.8629,2.30259,21,0.312724,0,0,0,0,1.09481
CMDP-PostCheck,46.3639,411,346,PostCheck,0,0,0.0232522,13.8629,2.30259,21,0.264819,0,0,0,0,1
CMDP-PostCheck,46.3643,244,304,PostCheck,0,0,0.0236794,13.8629,2.30259,21,0.366163,0,0,0,0,1
CMDP-PostCheck,46.3814,500,405,PostCheck,0,0,0.023244,13.8629,2.30259,21,0.409636,0,0,0,0,1
CMDP-PostCheck,46.3815,192,271,PostCheck,0,0,0.0236785,13.8629,2.30259,21,0.226765,0,0,0,0,1.04047
CMDP-PostCheck,46.3822,341,147,PostCheck,1,1,0.00434568,2.07944,2.30259,5,0.325582,0,0,0,0,0.998884
CMDP-PostCheck,46.3827,18,81,PostCheck,0,0,0.0496016,13.098,2.30259,21,0.410877,0,0,0,0,1.04435
CMDP-PostCheck,46.3838,71,619,PostCheck,0,0,0.0236993,13.8629,2.30259,21,0.082729,0,0,0,0,1.00582
CMDP-PostCheck,46.3862,386,266,PostCheck,0,0,0.0232411,13.8629,2.30259,21,0.408785,0,0,0,0,1
CMDP-PostCheck,46.3872,272,107,PostCheck,0,0,0.0232533,13.8629,2.30259,21,0.392195,0,0,0,0,1
CMDP-PostCheck,46.3883,213,266,PostCheck,0,0,0.023255,13.8629,2.30259,21,0.439082,0,0,0,0,1
CMDP-PostCheck,46.3899,15,525,PostCheck,0,0,0.0237971,12.336,2.30259,21,0.260126,0,0,0,0,1
CMDP-PostCheck,46.396,108,266,PostCheck,0,0,0.0232411,13.8629,2.30259,21,0.474731,0,0,0,0,1
CMDP-PostCheck,46.397,194,230,PostCheck,0,0,0.0232664,13.8629,2.30259,21,0.386838,0,0,0,0,0.991953
CMDP-PostCheck,46.399,379,111,PostCheck,1,1,0.00197586,0.693147,2.30259,3,0.136046,0,0,0,0,0.991953
CMDP-PostCheck,46.4145,456,145,PostCheck,0,0,0.0149592,9.01091,2.30259,14,0.070738,0,0,0,0,1
CMDP-PostCheck,46.4272,63,145,PostCheck,0,0,0.0137753,8.31777,2.30259,13,0.069854,0,0,0,0,1.02549
CMDP-PostCheck,46.4292,57,371,PostCheck,0,0,0.0236999,13.8629,2.30259,21,0.137647,0,0,0,0,1
CMDP-PostCheck,46.4323,74,104,PostCheck,0,0,0.0232533,13.8629,2.30259,21,0.341553,0,0,0,0,0.983906
CMDP-PostCheck,46.4428,437,129,PostCheck,0,0,0.0236817,13.8629,2.30259,21,0.214071,0,0,0,0,1
CMDP-PostCheck,46.4461,388,537,PostCheck,0,0,0.0236934,13.8629,2.30259,21,0.227058,0,0,0,0,1.00235
CMDP-PostCheck,46.4464,99,250,PostCheck,0,0,0.0232549,13.8629,2.30259,21,0.702139,0,0,0,0,1
CMDP-PostCheck,46.4526,290,112,PostCheck,0,0,0.0232532,13.8629,2.30259,21,0.451453,0,0,0,0,1
CMDP-PostCheck,46.4561,315,409,PostCheck,0,0,0.0232666,13.8629,2.30259,21,0.473338,0,0,0,0,1
CMDP-PostCheck,46.4607,156,43,PostCheck,0,0,0.0236781,13.8629,2.30259,21,0.763676,0,0,0,0,1
CMDP-PostCheck,46.4615,400,145,PostCheck,0,0,0.0137753,8.31777,2.30259,13,0.060244,0,0,0,0,1
CMDP-PostCheck,46.4666,4,268,PostCheck,0,0,0.0236943,13.8629,2.30259,21,0.093762,0,0,0,0,1.00582
CMDP-PostCheck,46.4674,436,141,PostCheck,0,0,0.023241,13.8629,2.30259,21,0.387135,0,0,0,0,1
CMDP-PostCheck,46.4677,249,414,PostCheck,0,0,0.0236779,13.8629,2.30259,21,0.367061,0,0,0,0,1
CMDP-PostCheck,46.4706,27,66,PostCheck,0,0,0.0232971,12.6414,2.30259,21,0.273764,0,0,0,0,1.03684
CMDP-PostCheck,46.4725,42,394,PostCheck,0,0,0.0420625,12.336,2.30259,21,0.557198,0,0,0,0,0.990426
CMDP-PostCheck,46.478,144,17,PostCheck,0,0,0.0236783,13.8629,2.30259,21,0.246832,0,0,0,0,1
CMDP-PostCheck,46.4805,98,409,PostCheck,0,0,0.0232666,13.8629,2.30259,21,0.439038,0,0,0,0,0.991953
CMDP-PostCheck,46.4838,83,292,PostCheck,1,0,0.0221163,12.4766,2.30259,20,0.524795,0,0,0,0,1.05087
CMDP-PostCheck,46.4845,469,331,PostCheck,0,0,0.0236889,13.8629,2.30259,21,0.109372,0,0,0,0,1
CMDP-PostCheck,46.4853,73,394,PostCheck,0,0,0.023678,13.8629,2.30259,21,0.630565,0,0,0,0,0.983906
CMDP-PostCheck,46.4935,320,619,PostCheck,0,0,0.0236993,13.8629,2.30259,21,0.180538,0,0,0,0,1
CMDP-PostCheck,46.5004,501,289,PostCheck,0,0,0.0236784,13.8629,2.30259,21,0.38467,0,0,0,0,1
CMDP-PostCheck,46.5021,135,247,PostCheck,1,1,0.00198514,0.693147,2.30259,3,0.17179,0,0,0,0,1.03243
CMDP-PostCheck,46.5075,461,182,PostCheck,0,0,0.0236782,13.8629,2.30259,21,0.22072,0,0,0,0,1
CMDP-PostCheck,46.5091,505,572,PostCheck,0,0,0.142404,0.693147,2.30259,2,0.02347,0,0,0,0,1
CMDP-PostCheck,46.5125,399,61,PostCheck,0,0,0.0232666,13.8629,2.30259,21,0.400768,0,0,0,0,1
CMDP-PostCheck,46.5152,438,250,PostCheck,0,0,0.0232411,13.8629,2.30259,21,0.695868,0,0,0,0,1
CMDP-PostCheck,46.518,347,250,PostCheck,0,0,0.0232411,13.8629,2.30259,21,0.229495,0,0,0,0,0.998884
CMDP-PostCheck,46.5193,387,289,PostCheck,0,0,0.112873,13.7088,2.30259,21,0.54907,0,0,0,0,1
CMDP-PostCheck,46.5242,430,346,PostCheck,0,0,0.0232522,13.8629,2.30259,21,0.335976,0,0,0,0,1
CMDP-PostCheck,46.5268,434,541,PostCheck,0,0,0.0236786,13.8629,2.30259,21,0.59701,0,0,0,0,1.02314
CMDP-PostCheck,46.5292,342,373,PostCheck,0,0,0.0236829,13.8629,2.30259,21,0.20319,0,0,0,0,1.04047
CMDP-PostCheck,46.532,170,409,PostCheck,0,0,0.0232666,13.8629,2.30259,21,0.370945,0,0,0,0,1.02661
CMDP-PostCheck,46.5327,186,232,PostCheck,0,0,0.0884529,13.7088,2.30259,21,0.38443,0,0,0,0,0.985059
CMDP-PostCheck,46.5371,58,115,PostCheck,1,0,0.0612652,10.785,2.30259,18,0.462521,0,0,0,0,1.00412
CMDP-PostCheck,46.5451,442,112,PostCheck,0,0,0.0232532,13.8629,2.30259,21,0.444097,0,0,0,0,1
CMDP-PostCheck,46.5452,362,282,PostCheck,0,0,0.0232668,13.8629,2.30259,21,0.481625,0,0,0,0,1
CMDP-PostCheck,46.5457,90,340,PostCheck,0,0,0.0233188,13.8629,2.30259,21,0.177459,0,0,0,0,1.0474
CMDP-PostCheck,46.5485,221,409,PostCheck,0,0,0.0232666,13.8629,2.30259,21,0.205532,0,0,0,0,1.00235
CMDP-PostCheck,46.561,471,112,PostCheck,0,0,0.0232532,13.8629,2.30259,21,0.317495,0,0,0,0,1
CMDP-PostCheck,46.5666,146,414,PostCheck,0,0,0.0236779,13.8629,2.30259,21,0.573676,0,0,0,0,1
CMDP-PostCheck,46.5677,259,404,PostCheck,0,0,0.023678,13.8629,2.30259,21,0.204451,0,0,0,0,1
CMDP-PostCheck,46.5681,424,197,PostCheck,0,0,0.0237073,13.8629,2.30259,21,0.244887,0,0,0,0,1
CMDP-PostCheck,46.5722,1,108,PostCheck,0,0,0.0237973,12.6414,2.30259,21,0.263056,0,0,0,0,1.03672
CMDP-PostCheck,46.5755,484,61,PostCheck,0,0,0.0232666,13.8629,2.30259,21,0.297908,0,0,0,0,1
CMDP-PostCheck,46.5939,480,481,PostCheck,0,0,0.0347866,13.7088,2.30259,21,0.190951,0,0,0,0,1
CMDP-PostCheck,46.6046,229,289,PostCheck,0,0,0.0236796,13.8629,2.30259,21,0.263122,0,0,0,0,1
CMDP-PostCheck,46.6088,212,112,PostCheck,0,0,0.0232532,13.8629,2.30259,21,0.323891,0,0,0,0,1.03008
CMDP-PostCheck,46.612,403,158,PostCheck,1,1,0.00197694,0.693147,2.30259,3,0.066123,0,0,0,0,0.991953
CMDP-PostCheck,46.6254,417,61,PostCheck,0,0,0.0232666,13.8629,2.30259,21,0.25369,0,0,0,0,1.01163
CMDP-PostCheck,46.6263,233,409,PostCheck,0,0,0.0232666,13.8629,2.30259,21,0.383657,0,0,0,0,1
CMDP-PostCheck,46.6359,257,267,PostCheck,0,0,0.0236778,13.8629,2.30259,21,0.190435,0,0,0,0,1
CMDP-PostCheck,46.6401,54,358,PostCheck,0,0,0.0237471,13.5576,2.30259,21,0.19153,0,0,0,0,1
CMDP-PostCheck,46.6503,307,257,PostCheck,0,0,0.0237095,13.8629,2.30259,21,0.391184,0,0,0,0,1
CMDP-PostCheck,46.661,278,227,PostCheck,0,0,0.002371,1.38629,2.30259,3,0.016144,0,0,0,0,1
CMDP-PostCheck,46.6758,326,91,PostCheck,0,0,0.0236803,13.8629,2.30259,21,0.206868,0,0,0,0,1.02661
CMDP-PostCheck,46.6767,245,250,PostCheck,0,0,0.0232462,13.8629,2.30259,21,0.479976,0,0,0,0,0.991953
CMDP-PostCheck,46.6894,507,232,PostCheck,0,0,0.0236791,13.8629,2.30259,21,0.397901,0,0,0,0,1
CMDP-PostCheck,46.6904,383,112,PostCheck,0,0,0.0232532,13.8629,2.30259,21,0.439642,0,0,0,0,1
CMDP-PostCheck,46.691,497,263,PostCheck,0,0,0.0233102,13.8629,2.30259,21,0.2402,0,0,0,0,1
CMDP-PostCheck,46.6925,496,112,PostCheck,0,0,0.0232532,13.8629,2.30259,21,0.394089,0,0,0,0,1
CMDP-PostCheck,46.6942,414,99,PostCheck,0,0,0.0459194,13.4005,2.30259,21,0.211323,0,0,0,0,1
CMDP-PostCheck,46.7052,28,82,PostCheck,0,0,0.0237447,12.9468,2.30259,21,0.247324,0,0,0,0,0.988195
CMDP-PostCheck,46.7062,348,9,PostCheck,0,0,0.0236778,13.8629,2.30259,21,0.255587,0,0,0,0,1
CMDP-PostCheck,46.7087,369,586,PostCheck,0,0,0.0236779,13.8629,2.30259,21,0.608376,0,0,0,0,1
CMDP-PostCheck,46.7146,343,573,PostCheck,0,0,0.0232523,13.8629,2.30259,21,0.240964,0,0,0,0,1
CMDP-PostCheck,46.7187,55,66,PostCheck,0,0,0.0236801,13.8629,2.30259,21,0.285028,0,0,0,0,1
CMDP-PostCheck,46.719,292,573,PostCheck,0,0,0.0232523,13.8629,2.30259,21,0.269536,0,0,0,0,1
CMDP-PostCheck,46.7205,322,153,PostCheck,0,0,0.02369,13.8629,2.30259,21,0.22515,0,0,0,0,1.0474
CMDP-PostCheck,46.7273,136,282,PostCheck,0,0,0.0232674,13.8629,2.30259,21,0.280709,0,0,0,0,1
CMDP-PostCheck,46.7286,218,267,PostCheck,0,0,0.0236777,13.8629,2.30259,21,0.182557,0,0,0,0,1
CMDP-PostCheck,46.7305,479,579,PostCheck,0,0,0.0236794,13.8629,2.30259,21,0.098453,0,0,0,0,1
CMDP-PostCheck,46.7319,43,402,PostCheck,1,0,0.0216759,10.2435,2.30259,19,0.424351,0,0,0,0,1.03013
CMDP-PostCheck,46.7373,93,266,PostCheck,0,0,0.0236787,13.8629,2.30259,21,0.422524,0,0,0,0,1
CMDP-PostCheck,46.7428,223,346,PostCheck,0,0,0.0232522,13.8629,2.30259,21,0.303513,0,0,0,0,1.04629
CMDP-PostCheck,46.7442,493,263,PostCheck,0,0,0.0233096,13.8629,2.30259,21,0.197857,0,0,0,0,1
CMDP-PostCheck,46.751,29,71,PostCheck,0,0,0.0451167,13.5576,2.30259,21,0.086147,0,0,0,0,0.986668
CMDP-PostCheck,46.7532,155,250,PostCheck,0,0,0.0232462,13.8629,2.30259,21,0.500197,0,0,0,0,1
CMDP-PostCheck,46.7701,476,105,PostCheck,0,0,0.0232641,13.8629,2.30259,21,0.33864,0,0,0,0,1
CMDP-PostCheck,46.7716,207,346,PostCheck,0,0,0.0232524,13.8629,2.30259,21,0.201544,0,0,0,0,1
CMDP-PostCheck,46.7752,472,61,PostCheck,0,0,0.0232666,13.8629,2.30259,21,0.286666,0,0,0,0,1
CMDP-PostCheck,46.7944,172,82,PostCheck,0,0,0.0880496,13.7088,2.30259,21,0.514421,0,0,0,0,1.04517
CMDP-PostCheck,46.7954,283,112,PostCheck,0,0,0.0232532,13.8629,2.30259,21,0.26193,0,0,0,0,0.995419
CMDP-PostCheck,46.7954,319,276,PostCheck,0,0,0.0827271,0.693147,2.30259,2,0.021723,0,0,0,0,1
CMDP-PostCheck,46.7986,62,596,PostCheck,0,0,0.023275,13.5576,2.30259,21,0.368464,0,0,0,0,0.999415
CMDP-PostCheck,46.8008,380,369,PostCheck,0,0,0.0236784,13.8629,2.30259,21,0.344012,0,0,0,0,1
CMDP-PostCheck,46.8057,89,202,PostCheck,0,0,0.0236828,13.8629,2.30259,21,0.180869,0,0,0,0,1.01163
CMDP-PostCheck,46.806,393,291,PostCheck,0,0,0.0236788,13.8629,2.30259,21,0.439881,0,0,0,0,1
CMDP-PostCheck,46.8144,102,112,PostCheck,0,0,0.0232532,13.7088,2.30259,21,0.317369,0,0,0,0,1
CMDP-PostCheck,46.8165,158,380,PostCheck,1,1,0.0043278,2.07944,2.30259,5,0.298639,0,0,0,0,0.998884
CMDP-PostCheck,46.8203,306,44,PostCheck,0,0,0.0236781,13.8629,2.30259,21,0.41796,0,0,0,0,1.02896
CMDP-PostCheck,46.8204,214,500,PostCheck,1,1,0.00433287,2.07944,2.30259,5,0.085719,0,0,0,0,0.997769
CMDP-PostCheck,46.8258,252,409,PostCheck,0,0,0.0232666,13.8629,2.30259,21,0.352969,0,0,0,0,0.998884
CMDP-PostCheck,46.828,502,32,PostCheck,0,0,0.0232532,13.8629,2.30259,21,0.370808,0,0,0,0,1
CMDP-PostCheck,46.8365,72,237,PostCheck,0,0,0.0237064,13.8629,2.30259,21,0.088775,0,0,0,0,1
CMDP-PostCheck,46.8451,112,32,PostCheck,0,0,0.0232532,13.8629,2.30259,21,0.47199,0,0,0,0,1
CMDP-PostCheck,46.8476,429,257,PostCheck,0,0,0.0237135,13.8629,2.30259,21,0.240364,0,0,0,0,1
CMDP-PostCheck,46.8495,294,345,PostCheck,0,0,0.0232671,13.8629,2.30259,21,0.248222,0,0,0,0,0.998884
CMDP-PostCheck,46.8502,7,525,PostCheck,0,0,0.0225935,12.336,2.30259,21,0.133385,0,0,0,0,1
CMDP-PostCheck,46.8556,150,365,PostCheck,0,0,0.0233443,13.8629,2.30259,21,0.340913,0,0,0,0,1
CMDP-PostCheck,46.8669,316,371,PostCheck,0,0,0.0237031,13.8629,2.30259,21,0.187984,0,0,0,0,1
CMDP-PostCheck,46.8746,176,208,PostCheck,0,0,0.0649295,13.8629,2.30259,21,0.470698,0,0,0,0,1
CMDP-PostCheck,46.8746,258,177,PostCheck,0,0,0.0236793,13.8629,2.30259,21,0.320055,0,0,0,0,1
CMDP-PostCheck,46.8878,334,32,PostCheck,0,0,0.0232532,13.8629,2.30259,21,0.278382,0,0,0,0,1
CMDP-PostCheck,46.892,373,112,PostCheck,0,0,0.0232532,13.8629,2.30259,21,0.34218,0,0,0,0,1
CMDP-PostCheck,46.8935,2,167,PostCheck,0,0,0.0227379,13.8629,2.30259,21,0.480208,0,0,0,0,0.991953
CMDP-PostCheck,46.8937,149,112,PostCheck,0,0,0.0232532,13.8629,2.30259,21,0.305575,0,0,0,0,0.990837
CMDP-PostCheck,46.8938,331,546,PostCheck,0,0,0.0236838,13.8629,2.30259,21,0.199,0,0,0,0,1
CMDP-PostCheck,46.8947,330,263,PostCheck,0,0,0.023309,13.8629,2.30259,21,0.092577,0,0,0,0,1.01968
CMDP-PostCheck,46.897,401,573,PostCheck,0,0,0.0236781,13.8629,2.30259,21,0.364689,0,0,0,0,1
CMDP-PostCheck,46.901,64,415,PostCheck,0,0,0.0232531,13.8629,2.30259,21,0.1915,0,0,0,0,0.989721
CMDP-PostCheck,46.9023,382,575,PostCheck,0,0,0.109516,13.8629,2.30259,21,0.228523,0,0,0,0,1
CMDP-PostCheck,46.9066,178,197,PostCheck,0,0,0.0236891,13.8629,2.30259,21,0.233297,0,0,0,0,1.01968
CMDP-PostCheck,46.9149,184,335,PostCheck,0,0,0.0236981,13.8629,2.30259,21,0.348025,0,0,0,0,1
CMDP-PostCheck,46.9157,111,415,PostCheck,0,0,0.0232531,13.8629,2.30259,21,0.358923,0,0,0,0,1
CMDP-PostCheck,46.9193,304,69,PostCheck,0,0,0.0236777,13.8629,2.30259,21,0.301919,0,0,0,0,1
CMDP-PostCheck,46.9205,374,32,PostCheck,0,0,0.0236779,13.8629,2.30259,21,0.991729,0,0,0,0,1
CMDP-PostCheck,46.9288,350,587,PostCheck,0,0,0.0232645,13.8629,2.30259,21,0.279752,0,0,0,0,1
CMDP-PostCheck,46.9301,275,377,PostCheck,0,0,0.0232532,13.8629,2.30259,21,0.225624,0,0,0,0,1
CMDP-PostCheck,46.9325,32,21,PostCheck,0,0,0.0492918,12.336,2.30259,21,0.324655,0,0,0,0,1.05911
CMDP-PostCheck,46.9339,168,530,PostCheck,0,0,0.0232643,13.8629,2.30259,21,0.4791,0,0,0,0,1
CMDP-PostCheck,46.9365,266,291,PostCheck,0,0,0.0236785,13.8629,2.30259,21,0.239185,0,0,0,0,1
CMDP-PostCheck,46.9414,340,565,PostCheck,0,0,0.0237148,13.8629,2.30259,21,0.073324,0,0,0,0,1
CMDP-PostCheck,46.942,303,72,PostCheck,0,0,0.0237101,13.8629,2.30259,21,0.151198,0,0,0,0,1
CMDP-PostCheck,46.9444,109,46,PostCheck,0,0,0.0236779,13.8629,2.30259,21,0.350235,0,0,0,0,1
CMDP-PostCheck,46.9481,488,530,PostCheck,0,0,0.0232643,13.8629,2.30259,21,0.434445,0,0,0,0,1
CMDP-PostCheck,46.9488,339,157,PostCheck,0,0,0.0236792,13.8629,2.30259,21,0.197998,0,0,0,0,1
CMDP-PostCheck,46.9493,298,365,PostCheck,0,0,0.0233443,13.8629,2.30259,21,0.213184,0,0,0,0,0.991953
CMDP-PostCheck,46.9502,84,308,PostCheck,0,0,0.0233098,13.8629,2.30259,21,0.079369,0,0,0,0,1
CMDP-PostCheck,46.9522,398,5,PostCheck,0,0,0.0236785,13.8629,2.30259,21,0.447244,0,0,0,0,1
CMDP-PostCheck,46.9629,420,353,PostCheck,0,0,0.0236811,13.8629,2.30259,21,0.196633,0,0,0,0,1
CMDP-PostCheck,46.9673,391,565,PostCheck,0,0,0.0237145,13.8629,2.30259,21,0.171569,0,0,0,0,1
CMDP-PostCheck,46.9684,185,386,PostCheck,0,0,0.0236781,13.8629,2.30259,21,0.35579,0,0,0,0,1
CMDP-PostCheck,46.9689,490,377,PostCheck,0,0,0.0232532,13.7088,2.30259,21,0.345518,0,0,0,0,1
CMDP-PostCheck,46.9769,151,460,PostCheck,0,0,0.0232643,13.8629,2.30259,21,0.345138,0,0,0,0,0.991953
CMDP-PostCheck,46.977,130,560,PostCheck,0,0,0.0236944,13.8629,2.30259,21,0.092403,0,0,0,0,1.04282
CMDP-PostCheck,46.9793,69,151,PostCheck,0,0,0.0232527,13.8629,2.30259,21,0.207202,0,0,0,0,1.03008
CMDP-PostCheck,46.9805,77,75,PostCheck,0,0,0.0236782,13.8629,2.30259,21,0.318166,0,0,0,0,1
CMDP-PostCheck,46.9816,329,289,PostCheck,0,0,0.0236796,13.8629,2.30259,21,0.350515,0,0,0,0,1
CMDP-PostCheck,46.9817,308,263,PostCheck,0,0,0.0233084,13.8629,2.30259,21,0.170917,0,0,0,0,1
CMDP-PostCheck,46.9844,297,584,PostCheck,0,0,0.023682,13.8629,2.30259,21,0.216679,0,0,0,0,1
CMDP-PostCheck,46.9847,113,151,PostCheck,0,0,0.0232527,13.8629,2.30259,21,0.396625,0,0,0,0,1.01968
CMDP-PostCheck,46.9851,33,193,PostCheck,0,0,0.0622546,13.2522,2.30259,21,0.312136,0,0,0,0,1
CMDP-PostCheck,46.9969,80,292,PostCheck,0,0,0.0236806,13.8629,2.30259,21,0.287807,0,0,0,0,0.997769
CMDP-PostCheck,46.9987,512,78,PostCheck,0,0,0.0236783,13.8629,2.30259,21,0.380747,0,0,0,0,1
CMDP-PostCheck,47.0113,137,308,PostCheck,0,0,0.0233079,13.8629,2.30259,21,0.091797,0,0,0,0,1.01163
CMDP-PostCheck,47.0213,321,96,PostCheck,0,0,0.0237136,13.8629,2.30259,21,0.237872,0,0,0,0,1
CMDP-PostCheck,47.0336,40,395,PostCheck,0,0,0.0232972,12.6414,2.30259,21,0.270316,0,0,0,0,0.993016
CMDP-PostCheck,47.0339,31,228,PostCheck,0,0,0.0236995,13.2522,2.30259,21,0.37069,0,0,0,0,1
CMDP-PostCheck,47.0339,460,534,PostCheck,1,0,0.0166103,9.01091,2.30259,15,0.179164,0,0,0,0,1.03354
CMDP-PostCheck,47.0373,82,86,PostCheck,0,0,0.0236787,13.8629,2.30259,21,0.284506,0,0,0,0,1
CMDP-PostCheck,47.0412,46,163,PostCheck,0,0,0.0237472,12.9468,2.30259,21,0.390573,0,0,0,0,1.06597
CMDP-PostCheck,47.0427,384,241,PostCheck,0,0,0.0232668,13.8629,2.30259,21,0.423932,0,0,0,0,1
CMDP-PostCheck,47.0518,447,334,PostCheck,0,0,0.023686,13.8629,2.30259,21,0.329785,0,0,0,0,1
CMDP-PostCheck,47.0535,443,151,PostCheck,0,0,0.0232527,13.8629,2.30259,21,0.488637,0,0,0,0,1.05434
CMDP-PostCheck,47.0585,106,75,PostCheck,0,0,0.0236783,13.8629,2.30259,21,0.37225,0,0,0,0,1
CMDP-PostCheck,47.0599,262,398,PostCheck,0,0,0.0236781,13.8629,2.30259,21,0.39334,0,0,0,0,1
CMDP-PostCheck,47.0655,473,377,PostCheck,0,0,0.0232532,13.8629,2.30259,21,0.183824,0,0,0,0,1
CMDP-PostCheck,47.0661,276,319,PostCheck,0,0,0.0771658,0.693147,2.30259,2,0.006529,0,0,0,0,1
CMDP-PostCheck,47.0732,392,619,PostCheck,0,0,0.0236951,13.8629,2.30259,21,0.171112,0,0,0,0,1
CMDP-PostCheck,47.08,142,264,PostCheck,0,0,0.023678,13.8629,2.30259,21,0.236007,0,0,0,0,1.05087
CMDP-PostCheck,47.0814,270,377,PostCheck,0,0,0.0232532,13.8629,2.30259,21,0.199319,0,0,0,0,1
CMDP-PostCheck,47.089,129,314,PostCheck,0,0,0.0236794,13.8629,2.30259,21,0.117694,0,0,0,0,1
CMDP-PostCheck,47.0894,482,61,PostCheck,0,0,0.0232667,13.8629,2.30259,21,0.268486,0,0,0,0,1
CMDP-PostCheck,47.0932,402,82,PostCheck,0,0,0.0237356,13.4005,2.30259,21,0.49902,0,0,0,0,1
CMDP-PostCheck,47.0987,39,267,PostCheck,0,0,0.0236777,13.8629,2.30259,21,0.167227,0,0,0,0,1
CMDP-PostCheck,47.1016,16,71,PostCheck,0,0,0.0380616,13.5576,2.30259,21,0.173708,0,0,0,0,1
CMDP-PostCheck,47.1078,160,624,PostCheck,0,0,0.0236954,13.8629,2.30259,21,0.302496,0,0,0,0,1
CMDP-PostCheck,47.108,418,263,PostCheck,0,0,0.0233073,13.8629,2.30259,21,0.117139,0,0,0,0,1
CMDP-PostCheck,47.1082,44,193,PostCheck,0,0,0.0478457,13.2522,2.30259,21,0.616884,0,0,0,0,1
CMDP-PostCheck,47.1086,110,371,PostCheck,0,0,0.0237047,13.8629,2.30259,21,0.211604,0,0,0,0,1
CMDP-PostCheck,47.1114,38,50,PostCheck,0,0,0.0233264,12.0307,2.30259,21,0.327529,0,0,0,0,1.04071
CMDP-PostCheck,47.1153,196,498,PostCheck,0,0,0.0236897,13.8629,2.30259,21,0.108633,0,0,0,0,1
CMDP-PostCheck,47.1313,191,530,PostCheck,0,0,0.0232642,13.8629,2.30259,21,0.560708,0,0,0,0,1
CMDP-PostCheck,47.1344,302,267,PostCheck,0,0,0.0236779,13.8629,2.30259,21,0.354045,0,0,0,0,1
CMDP-PostCheck,47.1364,181,371,PostCheck,0,0,0.0237112,13.8629,2.30259,21,0.189978,0,0,0,0,1
CMDP-PostCheck,47.137,337,61,PostCheck,0,0,0.0232667,13.8629,2.30259,21,0.280881,0,0,0,0,1
CMDP-PostCheck,47.1398,271,335,PostCheck,0,0,0.0236822,13.8629,2.30259,21,0.217465,0,0,0,0,1
CMDP-PostCheck,47.1404,511,410,PostCheck,0,0,0.0237222,13.8629,2.30259,21,0.228312,0,0,0,0,1
CMDP-PostCheck,47.1417,405,157,PostCheck,0,0,0.0236793,13.8629,2.30259,21,0.655128,0,0,0,0,1
CMDP-PostCheck,47.1419,8,581,PostCheck,0,0,0.0471492,13.2522,2.30259,21,0.384867,0,0,0,0,1
CMDP-PostCheck,47.1419,23,187,PostCheck,0,0,0.0236952,12.9468,2.30259,21,0.469059,0,0,0,0,1.0783
CMDP-PostCheck,47.1449,371,576,PostCheck,0,0,0.0236884,13.8629,2.30259,21,0.42637,0,0,0,0,1
CMDP-PostCheck,47.1454,491,61,PostCheck,0,0,0.0232667,13.8629,2.30259,21,0.434828,0,0,0,0,1
CMDP-PostCheck,47.1491,3,195,PostCheck,0,0,0.0358244,13.2522,2.30259,21,0.473564,0,0,0,0,1.04571
CMDP-PostCheck,47.153,240,23,PostCheck,1,0,0.00714094,3.46574,2.30259,7,0.157288,0,0,0,0,1.00582
CMDP-PostCheck,47.1563,131,440,PostCheck,1,1,0.00359763,1.38629,2.30259,4,0.136923,0,0,0,0,1.02549
CMDP-PostCheck,47.1593,439,483,PostCheck,0,0,0.119277,0.693147,2.30259,2,0.017407,0,0,0,0,1
CMDP-PostCheck,47.1671,247,473,PostCheck,0,0,0.0232531,13.7088,2.30259,21,0.440201,0,0,0,0,1
CMDP-PostCheck,47.1675,11,203,PostCheck,0,0,0.0237997,12.336,2.30259,21,0.125556,0,0,0,0,1.04905
CMDP-PostCheck,47.1707,86,151,PostCheck,0,0,0.0232544,13.8629,2.30259,21,0.427402,0,0,0,0,1
CMDP-PostCheck,47.1725,139,192,PostCheck,0,0,0.0236781,13.8629,2.30259,21,0.309413,0,0,0,0,1
CMDP-PostCheck,47.1814,289,17,PostCheck,0,0,0.0236784,13.8629,2.30259,21,0.249233,0,0,0,0,1
CMDP-PostCheck,47.1863,216,271,PostCheck,0,0,0.0236785,13.8629,2.30259,21,0.205747,0,0,0,0,0.991953
CMDP-PostCheck,47.1892,100,587,PostCheck,0,0,0.0232644,13.8629,2.30259,21,0.514639,0,0,0,0,0.983906
CMDP-PostCheck,47.1975,428,72,PostCheck,0,0,0.0237093,13.8629,2.30259,21,0.08376,0,0,0,0,1
CMDP-PostCheck,47.2007,59,620,PostCheck,0,0,0.023275,13.5576,2.30259,21,0.837702,0,0,0,0,1.00082
CMDP-PostCheck,47.2085,267,13,PostCheck,0,0,0.0232523,13.8629,2.30259,21,0.571164,0,0,0,0,1.11449
CMDP-PostCheck,47.2122,489,385,PostCheck,0,0,0.0232523,13.8629,2.30259,21,0.192096,0,0,0,0,1
CMDP-PostCheck,47.2229,22,13,PostCheck,0,0,0.0232524,13.5576,2.30259,21,0.397134,0,0,0,0,1
CMDP-PostCheck,47.2249,318,482,PostCheck,0,0,0.0236798,13.8629,2.30259,21,0.444564,0,0,0,0,1
CMDP-PostCheck,47.2373,346,343,PostCheck,0,0,0.0236934,13.7088,2.30259,21,0.203635,0,0,0,0,1
CMDP-PostCheck,47.2519,180,579,PostCheck,0,0,0.0236838,13.8629,2.30259,21,0.222653,0,0,0,0,1.04394
CMDP-PostCheck,47.2531,227,278,PostCheck,0,0,0.00237003,1.38629,2.30259,3,0.019361,0,0,0,0,1
CMDP-PostCheck,47.2572,193,564,PostCheck,0,0,0.0232461,13.8629,2.30259,21,0.832755,0,0,0,0,1.00582
CMDP-PostCheck,47.2607,425,13,PostCheck,0,0,0.0232523,13.8629,2.30259,21,0.258345,0,0,0,0,1
CMDP-PostCheck,47.2613,195,473,PostCheck,0,0,0.0232532,13.8629,2.30259,21,0.429121,0,0,0,0,1
CMDP-PostCheck,47.2613,470,289,PostCheck,0,0,0.0236803,13.8629,2.30259,21,0.373347,0,0,0,0,1
CMDP-PostCheck,47.2705,162,267,PostCheck,0,0,0.0236778,13.8629,2.30259,21,0.329657,0,0,0,0,1
CMDP-PostCheck,47.274,263,237,PostCheck,0,0,0.0237037,13.8629,2.30259,21,0.390732,0,0,0,0,1
CMDP-PostCheck,47.2839,199,17,PostCheck,0,0,0.0236784,13.8629,2.30259,21,0.287508,0,0,0,0,1
CMDP-PostCheck,47.2845,24,337,PostCheck,0,0,0.0232938,12.9468,2.30259,21,0.277862,0,0,0,0,0.994304
CMDP-PostCheck,47.2851,396,13,PostCheck,0,0,0.0232523,13.8629,2.30259,21,0.455123,0,0,0,0,1
CMDP-PostCheck,47.291,453,237,PostCheck,0,0,0.0236952,13.8629,2.30259,21,0.168203,0,0,0,0,1
CMDP-PostCheck,47.2963,79,5,PostCheck,0,0,0.0236797,13.8629,2.30259,21,0.376371,0,0,0,0,1
CMDP-PostCheck,47.3005,133,112,PostCheck,0,0,0.0233088,13.4005,2.30259,21,0.474608,0,0,0,0,0.999693
CMDP-PostCheck,47.3009,35,620,PostCheck,0,0,0.0232725,12.9468,2.30259,21,0.604484,0,0,0,0,1.04541
CMDP-PostCheck,47.3031,286,2,PostCheck,1,1,0.00477927,2.07944,2.30259,5,0.07169,0,0,0,0,1.02203
CMDP-PostCheck,47.3057,60,266,PostCheck,0,0,0.0236786,13.8629,2.30259,21,0.390308,0,0,0,0,1
CMDP-PostCheck,47.3077,375,245,PostCheck,0,0,0.0236786,13.8629,2.30259,21,0.36366,0,0,0,0,1
CMDP-PostCheck,47.3093,215,320,PostCheck,0,0,0.0236957,13.8629,2.30259,21,0.114023,0,0,0,0,1
CMDP-PostCheck,47.3136,358,300,PostCheck,0,0,0.0237113,13.8629,2.30259,21,0.100373,0,0,0,0,1
CMDP-PostCheck,47.3193,311,192,PostCheck,0,0,0.0236824,13.8629,2.30259,21,0.356637,0,0,0,0,1.03354
CMDP-PostCheck,47.326,138,530,PostCheck,0,0,0.0232642,13.8629,2.30259,21,0.303973,0,0,0,0,1.05434
CMDP-PostCheck,47.3288,413,500,PostCheck,0,0,0.0236817,13.8629,2.30259,21,0.160455,0,0,0,0,1.05087
CMDP-PostCheck,47.3331,5,291,PostCheck,0,0,0.0525102,13.2522,2.30259,21,0.336581,0,0,0,0,0.990426
CMDP-PostCheck,47.3422,217,61,PostCheck,0,0,0.0232666,13.8629,2.30259,21,0.375706,0,0,0,0,1.04629
CMDP-PostCheck,47.3427,94,115,PostCheck,0,0,0.0232532,13.8629,2.30259,21,0.245109,0,0,0,0,1.00582
CMDP-PostCheck,47.344,305,385,PostCheck,0,0,0.0232523,13.8629,2.30259,21,0.682329,0,0,0,0,1
CMDP-PostCheck,47.346,385,244,PostCheck,0,0,0.023679,13.8629,2.30259,21,0.50977,0,0,0,0,1
CMDP-PostCheck,47.347,468,176,PostCheck,0,0,0.00356734,2.07944,2.30259,4,0.101459,0,0,0,0,1
CMDP-PostCheck,47.3481,499,320,PostCheck,0,0,0.0237151,13.8629,2.30259,21,0.191777,0,0,0,0,1
CMDP-PostCheck,47.3511,107,530,PostCheck,1,1,0.00197862,0.693147,2.30259,3,0.287959,0,0,0,0,0.991953
CMDP-PostCheck,47.3524,250,564,PostCheck,0,0,0.0232461,13.8629,2.30259,21,0.422991,0,0,0,0,1
CMDP-PostCheck,47.3535,6,195,PostCheck,0,0,0.0370173,13.2522,2.30259,21,0.43438,0,0,0,0,0.992484
CMDP-PostCheck,47.3641,87,61,PostCheck,0,0,0.0232666,13.8629,2.30259,21,0.317397,0,0,0,0,0.987371
CMDP-PostCheck,47.3826,159,565,PostCheck,0,0,0.0236827,13.8629,2.30259,21,0.094812,0,0,0,0,1
CMDP-PostCheck,47.3897,255,620,PostCheck,0,0,0.023279,13.7088,2.30259,21,0.550105,0,0,0,0,1.08522
CMDP-PostCheck,47.3959,225,176,PostCheck,0,0,0.0548817,1.38629,2.30259,3,0.033219,0,0,0,0,1
CMDP-PostCheck,47.3965,285,397,PostCheck,0,0,0.0236854,13.8629,2.30259,21,0.395284,0,0,0,0,1.02661
CMDP-PostCheck,47.3999,451,527,PostCheck,0,0,0.0236929,13.8629,2.30259,21,0.167259,0,0,0,0,1.0474
CMDP-PostCheck,47.4078,52,301,PostCheck,0,0,0.0236787,13.8629,2.30259,21,0.294173,0,0,0,0,1.04934
CMDP-PostCheck,47.4098,354,566,PostCheck,0,0,0.0232666,13.8629,2.30259,21,0.249455,0,0,0,0,1
CMDP-PostCheck,47.4146,49,54,PostCheck,0,0,0.0237304,13.8629,2.30259,21,0.255403,0,0,0,0,1.04047
CMDP-PostCheck,47.4159,448,153,PostCheck,0,0,0.0236876,13.8629,2.30259,21,0.34277,0,0,0,0,1
CMDP-PostCheck,47.4175,88,566,PostCheck,0,0,0.0232666,13.8629,2.30259,21,0.239251,0,0,0,0,0.994303
CMDP-PostCheck,47.4181,352,206,PostCheck,0,0,0.023681,13.8629,2.30259,21,0.211884,0,0,0,0,1.00928
CMDP-PostCheck,47.4227,140,188,PostCheck,0,0,0.0233154,13.8629,2.30259,21,0.075304,0,0,0,0,1
CMDP-PostCheck,47.4247,281,461,PostCheck,0,0,0.0236781,13.8629,2.30259,21,0.229799,0,0,0,0,1
CMDP-PostCheck,47.4294,61,147,PostCheck,1,1,0.00196161,0.693147,2.30259,3,0.198983,0,0,0,0,0.991953
CMDP-PostCheck,47.4433,122,32,PostCheck,0,0,0.0232532,13.8629,2.30259,21,0.3624,0,0,0,0,1.0474
CMDP-PostCheck,47.4482,360,125,PostCheck,0,0,0.0236871,13.8629,2.30259,21,0.192924,0,0,0,0,1
CMDP-PostCheck,47.4499,325,365,PostCheck,0,0,0.0233443,13.8629,2.30259,21,0.382556,0,0,0,0,1
CMDP-PostCheck,47.4579,201,530,PostCheck,0,0,0.0232642,13.8629,2.30259,21,0.33852,0,0,0,0,1
CMDP-PostCheck,47.4598,66,566,PostCheck,0,0,0.0232418,13.8629,2.30259,21,0.358786,0,0,0,0,1.00012
CMDP-PostCheck,47.4619,128,566,PostCheck,0,0,0.0232418,13.8629,2.30259,21,0.499486,0,0,0,0,1
CMDP-PostCheck,47.4654,222,182,PostCheck,0,0,0.0236801,13.8629,2.30259,21,0.220474,0,0,0,0,1.00235
CMDP-PostCheck,47.4754,314,448,PostCheck,0,0,0.0236796,13.8629,2.30259,21,0.235868,0,0,0,0,0.991953
CMDP-PostCheck,47.4782,70,425,PostCheck,0,0,0.0236779,13.8629,2.30259,21,0.334809,0,0,0,0,1
CMDP-PostCheck,47.4843,284,172,PostCheck,0,0,0.0233253,13.8629,2.30259,21,0.294998,0,0,0,0,1
CMDP-PostCheck,47.4843,410,380,PostCheck,0,0,0.0236831,13.8629,2.30259,21,0.146328,0,0,0,0,1
CMDP-PostCheck,47.5062,48,530,PostCheck,0,0,0.0232642,13.8629,2.30259,21,0.517955,0,0,0,0,0.991953
CMDP-PostCheck,47.5096,115,32,PostCheck,0,0,0.0232532,13.8629,2.30259,21,0.917157,0,0,0,0,1
CMDP-PostCheck,47.5162,444,139,PostCheck,0,0,0.023678,13.8629,2.30259,21,0.362694,0,0,0,0,1
CMDP-PostCheck,47.5183,200,267,PostCheck,0,0,0.0236778,13.8629,2.30259,21,0.331245,0,0,0,0,0.991953
CMDP-PostCheck,47.5229,10,108,PostCheck,0,0,0.0237829,12.6414,2.30259,21,0.119404,0,0,0,0,1
CMDP-PostCheck,47.5242,76,421,PostCheck,0,0,0.0236779,13.8629,2.30259,21,0.379085,0,0,0,0,0.991953
CMDP-PostCheck,47.5251,268,546,PostCheck,0,0,0.0236891,13.8629,2.30259,21,0.235618,0,0,0,0,0.991953
CMDP-PostCheck,47.526,457,60,PostCheck,0,0,0.02368,13.8629,2.30259,21,0.364439,0,0,0,0,1
CMDP-PostCheck,47.5316,332,89,PostCheck,0,0,0.0233263,13.8629,2.30259,21,0.423123,0,0,0,0,1
CMDP-PostCheck,47.5346,132,238,PostCheck,0,0,0.0236855,13.8629,2.30259,21,0.150426,0,0,0,0,1.0474
CMDP-PostCheck,47.5406,0,141,PostCheck,0,0,0.0537084,13.2522,2.30259,21,0.329065,0,0,0,0,1
CMDP-PostCheck,47.5427,208,503,PostCheck,0,0,0.0236871,13.8629,2.30259,21,0.133421,0,0,0,0,1.04047
CMDP-PostCheck,47.5449,141,564,PostCheck,0,0,0.0232461,13.8629,2.30259,21,0.397586,0,0,0,0,1.07636
CMDP-PostCheck,47.5483,458,566,PostCheck,0,0,0.0232417,13.8629,2.30259,21,0.507794,0,0,0,0,1
CMDP-PostCheck,47.5497,464,383,PostCheck,1,0,0.0213494,11.7835,2.30259,19,0.198863,0,0,0,0,1.0474
CMDP-PostCheck,47.5587,390,134,PostCheck,0,0,0.00947916,5.54518,2.30259,9,0.084344,0,0,0,0,1
CMDP-PostCheck,47.5609,75,13,PostCheck,0,0,0.0232524,13.8629,2.30259,21,0.213362,0,0,0,0,1
CMDP-PostCheck,47.5615,123,141,PostCheck,0,0,0.0236824,13.8629,2.30259,21,0.408737,0,0,0,0,1
CMDP-PostCheck,47.5643,182,564,PostCheck,0,0,0.0232461,13.8629,2.30259,21,0.449175,0,0,0,0,1
CMDP-PostCheck,47.565,483,439,PostCheck,0,0,0.128212,0.693147,2.30259,2,0.010716,0,0,0,0,1
CMDP-PostCheck,47.5693,119,333,PostCheck,0,0,0.0236781,13.8629,2.30259,21,0.544532,0,0,0,0,0.991953
CMDP-PostCheck,47.5694,349,459,PostCheck,0,0,0.105382,13.8629,2.30259,21,0.161161,0,0,0,0,1.06015
CMDP-PostCheck,47.5699,485,409,PostCheck,0,0,0.0232417,13.8629,2.30259,21,0.305217,0,0,0,0,1
CMDP-PostCheck,47.5729,421,32,PostCheck,0,0,0.0232532,13.8629,2.30259,21,0.347951,0,0,0,0,1
CMDP-PostCheck,47.5758,85,308,PostCheck,0,0,0.0233054,13.8629,2.30259,21,0.0808,0,0,0,0,0.991953
CMDP-PostCheck,47.5817,236,385,PostCheck,0,0,0.0232523,13.8629,2.30259,21,0.440987,0,0,0,0,1
CMDP-PostCheck,47.5856,376,262,PostCheck,0,0,0.0236782,13.8629,2.30259,21,0.233343,0,0,0,0,1
CMDP-PostCheck,47.5912,408,450,PostCheck,0,0,0.11674,2.07944,2.30259,4,0.043259,0,0,0,0,1
CMDP-PostCheck,47.5917,433,32,PostCheck,0,0,0.0232532,13.8629,2.30259,21,0.376321,0,0,0,0,1
CMDP-PostCheck,47.5945,209,513,PostCheck,0,0,0.0237104,13.8629,2.30259,21,0.098454,0,0,0,0,1
CMDP-PostCheck,47.5968,114,353,PostCheck,0,0,0.02369,13.8629,2.30259,21,0.355787,0,0,0,0,1
CMDP-PostCheck,47.5985,91,628,PostCheck,0,0,0.0236786,13.8629,2.30259,21,0.346101,0,0,0,0,1
CMDP-PostCheck,47.5989,452,66,PostCheck,0,0,0.0236818,13.8629,2.30259,21,0.47165,0,0,0,0,1
CMDP-PostCheck,47.6002,333,32,PostCheck,0,0,0.0232533,13.8629,2.30259,21,0.574659,0,0,0,0,1
CMDP-PostCheck,47.6021,378,530,PostCheck,0,0,0.0232641,13.8629,2.30259,21,0.378683,0,0,0,0,1
CMDP-PostCheck,47.604,288,527,PostCheck,0,0,0.0236994,13.8629,2.30259,21,0.098243,0,0,0,0,1.01621
CMDP-PostCheck,47.6059,395,622,PostCheck,0,0,0.0232417,13.8629,2.30259,21,0.496852,0,0,0,0,1
CMDP-PostCheck,47.6123,474,88,PostCheck,0,0,0.0236842,13.8629,2.30259,21,0.339141,0,0,0,0,1
CMDP-PostCheck,47.6139,449,486,PostCheck,0,0,0.0237053,13.8629,2.30259,21,0.165654,0,0,0,0,1
CMDP-PostCheck,47.615,446,308,PostCheck,0,0,0.0233046,13.8629,2.30259,21,0.203201,0,0,0,0,1
CMDP-PostCheck,47.6158,148,6,PostCheck,1,0,0.018999,10.3972,2.30259,17,0.084206,0,0,0,0,1.09481
CMDP-PostCheck,47.6209,459,354,PostCheck,0,0,0.0232451,13.8629,2.30259,21,0.368082,0,0,0,0,1.04394
CMDP-PostCheck,47.6249,205,333,PostCheck,0,0,0.0232533,13.8629,2.30259,21,0.285562,0,0,0,0,0.987371
CMDP-PostCheck,47.6283,243,245,PostCheck,0,0,0.0236799,13.8629,2.30259,21,0.432977,0,0,0,0,1
CMDP-PostCheck,47.6299,389,116,PostCheck,1,0,0.00950757,4.85203,2.30259,9,0.407559,0,0,0,0,1.01163
CMDP-PostCheck,47.6325,323,491,PostCheck,0,0,0.0236843,13.8629,2.30259,21,0.397974,0,0,0,0,1
CMDP-PostCheck,47.6339,230,530,PostCheck,0,0,0.0232641,13.8629,2.30259,21,0.296161,0,0,0,0,0.998884
CMDP-PostCheck,47.638,517,525,PostCheck,0,0,0.0236877,13.8629,2.30259,21,0.174941,0,0,0,0,1
CMDP-PostCheck,47.6439,53,142,PostCheck,0,0,0.0237352,13.0922,2.30259,21,0.378198,0,0,0,0,0.990066
CMDP-PostCheck,47.6457,361,162,PostCheck,0,0,0.0236802,13.8629,2.30259,21,0.154794,0,0,0,0,0.991953
CMDP-PostCheck,47.6551,282,530,PostCheck,0,0,0.0232641,13.8629,2.30259,21,0.358224,0,0,0,0,1
CMDP-PostCheck,47.656,220,357,PostCheck,0,0,0.0236798,13.8629,2.30259,21,0.386667,0,0,0,0,0.991953
CMDP-PostCheck,47.656,463,622,PostCheck,0,0,0.0232417,13.8629,2.30259,21,0.498267,0,0,0,0,1
CMDP-PostCheck,47.6581,441,323,PostCheck,1,0,0.00831811,4.15888,2.30259,8,0.132506,0,0,0,0,1.00928
CMDP-PostCheck,47.6613,466,139,PostCheck,0,0,0.0236781,13.8629,2.30259,21,0.373641,0,0,0,0,0.998884
CMDP-PostCheck,47.6693,335,289,PostCheck,0,0,0.023679,13.8629,2.30259,21,0.374021,0,0,0,0,0.998884
CMDP-PostCheck,47.6707,134,579,PostCheck,0,0,0.0237042,13.8629,2.30259,21,0.123835,0,0,0,0,1.04629
CMDP-PostCheck,47.6798,231,527,PostCheck,0,0,0.0236997,13.8629,2.30259,21,0.104633,0,0,0,0,1
CMDP-PostCheck,47.6819,189,423,PostCheck,0,0,0.0237221,13.8629,2.30259,21,0.207953,0,0,0,0,1
CMDP-PostCheck,47.6823,116,301,PostCheck,0,0,0.0236786,13.8629,2.30259,21,0.443795,0,0,0,0,0.991953
CMDP-PostCheck,47.6879,235,530,PostCheck,0,0,0.0232641,13.8629,2.30259,21,0.483182,0,0,0,0,1
CMDP-PostCheck,47.7044,92,197,PostCheck,0,0,0.0236879,13.8629,2.30259,21,0.121703,0,0,0,0,1.05178
CMDP-PostCheck,47.7062,478,253,PostCheck,0,0,0.0236927,13.8629,2.30259,21,0.135782,0,0,0,0,1
CMDP-PostCheck,47.7104,238,315,PostCheck,0,0,0.0236892,13.8629,2.30259,21,0.3649,0,0,0,0,1
CMDP-PostCheck,47.712,300,358,PostCheck,0,0,0.0237009,13.8629,2.30259,21,0.067294,0,0,0,0,1
CMDP-PostCheck,47.7126,407,530,PostCheck,0,0,0.0232642,13.8629,2.30259,21,0.499731,0,0,0,0,1
CMDP-PostCheck,47.7193,68,545,PostCheck,0,0,0.0237078,13.8629,2.30259,21,0.377121,0,0,0,0,1.12489
CMDP-PostCheck,47.7224,509,320,PostCheck,0,0,0.023713,13.8629,2.30259,21,0.207256,0,0,0,0,1
CMDP-PostCheck,47.7238,377,442,PostCheck,0,0,0.0232536,13.8629,2.30259,21,0.2633,0,0,0,0,1
CMDP-PostCheck,47.7246,188,54,PostCheck,0,0,0.0237245,13.8629,2.30259,21,0.213475,0,0,0,0,1.03701
CMDP-PostCheck,47.7307,293,622,PostCheck,0,0,0.0232417,13.8629,2.30259,21,0.325595,0,0,0,0,1
CMDP-PostCheck,47.7376,228,414,PostCheck,0,0,0.0236779,13.8629,2.30259,21,0.204757,0,0,0,0,1.00928
CMDP-PostCheck,47.74,261,622,PostCheck,0,0,0.0232417,13.8629,2.30259,21,0.405193,0,0,0,0,0.991953
CMDP-PostCheck,47.7406,366,398,PostCheck,0,0,0.0236782,13.8629,2.30259,21,0.33415,0,0,0,0,1
CMDP-PostCheck,47.7517,211,134,PostCheck,0,0,0.00948725,5.54518,2.30259,9,0.028245,0,0,0,0,1
CMDP-PostCheck,47.7539,105,302,PostCheck,0,0,0.0232523,13.8629,2.30259,21,0.4515,0,0,0,0,0.991953
CMDP-PostCheck,47.7598,26,25,PostCheck,0,0,0.0237632,13.2522,2.30259,21,0.314521,0,0,0,0,1.04282
CMDP-PostCheck,47.7698,462,442,PostCheck,0,0,0.0232536,13.8629,2.30259,21,0.472516,0,0,0,0,1
CMDP-PostCheck,47.7777,345,610,PostCheck,0,0,0.0232541,13.8629,2.30259,21,0.612758,0,0,0,0,1
CMDP-PostCheck,47.7942,356,461,PostCheck,0,0,0.0236781,13.8629,2.30259,21,0.243875,0,0,0,0,1
CMDP-PostCheck,47.7944,171,442,PostCheck,0,0,0.0232536,13.8629,2.30259,21,0.447662,0,0,0,0,0.991953
CMDP-PostCheck,47.7963,416,302,PostCheck,0,0,0.0232523,13.8629,2.30259,21,0.189969,0,0,0,0,1
CMDP-PostCheck,47.8115,406,162,PostCheck,0,0,0.0236785,13.8629,2.30259,21,0.477431,0,0,0,0,1
CMDP-PostCheck,47.8125,12,280,PostCheck,0,0,0.0333367,11.8736,2.30259,21,0.510818,0,0,0,0,0.967423
CMDP-PostCheck,47.8133,486,546,PostCheck,0,0,0.0237117,13.8629,2.30259,21,0.095911,0,0,0,0,1
CMDP-PostCheck,47.815,30,491,PostCheck,0,0,0.0236882,12.9468,2.30259,21,0.3622,0,0,0,0,0.997769
CMDP-PostCheck,47.8168,56,403,PostCheck,0,0,0.0236887,13.8629,2.30259,21,0.349727,0,0,0,0,1
CMDP-PostCheck,47.8188,161,141,PostCheck,0,0,0.0236805,13.8629,2.30259,21,0.210058,0,0,0,0,1
CMDP-PostCheck,47.8196,157,488,PostCheck,0,0,0.0236929,13.8629,2.30259,21,0.513319,0,0,0,0,1
CMDP-PostCheck,47.8196,481,398,PostCheck,1,0,0.0130476,6.93147,2.30259,12,0.163643,0,0,0,0,1.02314
CMDP-PostCheck,47.8283,513,12,PostCheck,1,0,0.00713949,3.46574,2.30259,7,0.160793,0,0,0,0,1.00582
CMDP-PostCheck,47.8342,516,275,PostCheck,0,0,0.0236806,13.8629,2.30259,21,0.326496,0,0,0,0,1
CMDP-PostCheck,47.8454,173,61,PostCheck,0,0,0.0232418,13.8629,2.30259,21,0.270391,0,0,0,0,1.00582
CMDP-PostCheck,47.8498,153,221,PostCheck,0,0,0.0236904,13.8629,2.30259,21,0.164409,0,0,0,0,1.02661
CMDP-PostCheck,47.8531,338,442,PostCheck,0,0,0.0232535,13.7088,2.30259,21,0.420787,0,0,0,0,1
CMDP-PostCheck,47.8545,498,153,PostCheck,0,0,0.0311305,13.7088,2.30259,21,0.138339,0,0,0,0,1
CMDP-PostCheck,47.8686,143,423,PostCheck,0,0,0.0237217,13.8629,2.30259,21,0.077103,0,0,0,0,1
CMDP-PostCheck,47.8722,174,398,PostCheck,0,0,0.0236781,13.8629,2.30259,21,0.346557,0,0,0,0,1
CMDP-PostCheck,47.8726,246,564,PostCheck,0,0,0.0232461,13.8629,2.30259,21,0.368701,0,0,0,0,0.991953
CMDP-PostCheck,47.8734,313,622,PostCheck,0,0,0.0232417,13.8629,2.30259,21,0.501986,0,0,0,0,1
CMDP-PostCheck,47.8746,427,25,PostCheck,1,0,0.0209316,11.7835,2.30259,19,0.277675,0,0,0,0,1.0474
CMDP-PostCheck,47.8812,475,253,PostCheck,0,0,0.0236933,13.8629,2.30259,21,0.287088,0,0,0,0,1
CMDP-PostCheck,47.8819,219,622,PostCheck,0,0,0.0232417,13.8629,2.30259,21,0.323871,0,0,0,0,1
CMDP-PostCheck,47.8826,431,61,PostCheck,0,0,0.0232419,13.8629,2.30259,21,0.371543,0,0,0,0,1
CMDP-PostCheck,47.888,514,301,PostCheck,0,0,0.02368,13.8629,2.30259,21,0.292801,0,0,0,0,1
CMDP-PostCheck,47.8892,9,108,PostCheck,0,0,0.0442812,12.6414,2.30259,21,0.188336,0,0,0,0,1
CMDP-PostCheck,47.8902,355,527,PostCheck,0,0,0.0237051,13.8629,2.30259,21,0.081297,0,0,0,0,1
CMDP-PostCheck,47.8921,14,101,PostCheck,0,0,0.0236794,13.8629,2.30259,21,0.111178,0,0,0,0,1.0255
CMDP-PostCheck,47.8938,381,289,PostCheck,0,0,0.0236798,13.8629,2.30259,21,0.246881,0,0,0,0,1
CMDP-PostCheck,47.8951,241,622,PostCheck,0,0,0.0232417,13.7088,2.30259,21,0.443391,0,0,0,0,0.993532
CMDP-PostCheck,47.8956,198,257,PostCheck,0,0,0.0236818,13.8629,2.30259,21,0.31299,0,0,0,0,1
CMDP-PostCheck,47.8958,169,373,PostCheck,0,0,0.0236811,13.8629,2.30259,21,0.186391,0,0,0,0,1
CMDP-PostCheck,47.8961,494,308,PostCheck,0,0,0.0233034,13.8629,2.30259,21,0.076675,0,0,0,0,1
CMDP-PostCheck,47.8972,310,564,PostCheck,0,0,0.0236798,13.8629,2.30259,21,0.270723,0,0,0,0,0.991953
CMDP-PostCheck,47.8997,435,3,PostCheck,0,0,0.0237231,13.8629,2.30259,21,0.109727,0,0,0,0,1.0474
CMDP-PostCheck,47.9007,327,383,PostCheck,0,0,0.023678,13.8629,2.30259,21,0.556701,0,0,0,0,1
CMDP-PostCheck,47.904,351,289,PostCheck,0,0,0.0236794,13.8629,2.30259,21,0.308513,0,0,0,0,1
CMDP-PostCheck,47.9044,254,134,PostCheck,0,0,0.00948041,5.54518,2.30259,9,0.06795,0,0,0,0,1
CMDP-PostCheck,47.909,45,429,PostCheck,0,0,0.0237275,13.5576,2.30259,21,0.081721,0,0,0,0,1
CMDP-PostCheck,47.9135,296,236,PostCheck,0,0,0.023258,13.8629,2.30259,21,0.195435,0,0,0,0,1
CMDP-PostCheck,47.9189,104,24,PostCheck,0,0,0.0757014,13.3315,2.30259,21,0.432469,0,0,0,0,1.00778
CMDP-PostCheck,47.9237,152,301,PostCheck,0,0,0.0236786,13.8629,2.30259,21,0.206267,0,0,0,0,1.01621
CMDP-PostCheck,47.9259,415,247,PostCheck,0,0,0.0232531,13.8629,2.30259,21,0.239396,0,0,0,0,1
CMDP-PostCheck,47.9267,265,247,PostCheck,0,0,0.0232531,13.8629,2.30259,21,0.428221,0,0,0,0,0.983906
CMDP-PostCheck,47.9316,287,605,PostCheck,0,0,0.0237174,13.8629,2.30259,21,0.102662,0,0,0,0,1
CMDP-PostCheck,47.9332,95,577,PostCheck,0,0,0.0232535,13.8629,2.30259,21,0.195096,0,0,0,0,1
CMDP-PostCheck,47.9435,372,626,PostCheck,0,0,0.0236796,13.8629,2.30259,21,0.330592,0,0,0,0,1
CMDP-PostCheck,47.9465,81,564,PostCheck,0,0,0.0232461,13.8629,2.30259,21,0.215365,0,0,0,0,1.04047
CMDP-PostCheck,47.9541,363,527,PostCheck,0,0,0.0236865,13.8629,2.30259,21,0.072607,0,0,0,0,1
CMDP-PostCheck,47.959,328,386,PostCheck,0,0,0.0236807,13.8629,2.30259,21,0.342283,0,0,0,0,1.02314
CMDP-PostCheck,47.9591,467,576,PostCheck,0,0,0.0236793,13.8629,2.30259,21,0.11706,0,0,0,0,1
CMDP-PostCheck,47.9604,67,234,PostCheck,0,0,0.0243248,13.7088,2.30259,21,0.441086,0,0,0,0,1.03512
CMDP-PostCheck,47.9627,97,491,PostCheck,0,0,0.0232417,13.8629,2.30259,21,0.306534,0,0,0,0,1.04282
CMDP-PostCheck,47.9648,165,405,PostCheck,0,0,0.0236789,13.8629,2.30259,21,0.264905,0,0,0,0,0.991953
CMDP-PostCheck,47.9694,506,125,PostCheck,0,0,0.0232417,13.8629,2.30259,21,0.528937,0,0,0,0,1
CMDP-PostCheck,47.9756,126,570,PostCheck,0,0,0.0236781,13.8629,2.30259,21,0.296721,0,0,0,0,1
CMDP-PostCheck,47.9791,206,185,PostCheck,0,0,0.023678,13.8629,2.30259,21,0.319375,0,0,0,0,1.01968
CMDP-PostCheck,47.9791,280,96,PostCheck,0,0,0.0237185,13.8629,2.30259,21,0.235217,0,0,0,0,1
CMDP-PostCheck,47.9802,492,579,PostCheck,0,0,0.0237085,13.8629,2.30259,21,0.102432,0,0,0,0,1.01968
CMDP-PostCheck,47.9819,423,11,PostCheck,0,0,0.0237242,13.8629,2.30259,21,0.104769,0,0,0,0,1
CMDP-PostCheck,47.9863,101,302,PostCheck,1,0,0.0189666,10.3972,2.30259,17,0.1427,0,0,0,0,1.04047
CMDP-PostCheck,47.989,34,118,PostCheck,0,0,0.0233516,12.323,2.30259,21,0.388925,0,0,0,0,0.993643
CMDP-PostCheck,47.9912,269,335,PostCheck,0,0,0.0236786,13.8629,2.30259,21,0.321996,0,0,0,0,0.983906
CMDP-PostCheck,47.995,166,289,PostCheck,0,0,0.0236798,13.8629,2.30259,21,0.225558,0,0,0,0,1
CMDP-PostCheck,47.9954,521,253,PostCheck,0,0,0.023695,13.8629,2.30259,21,0.252069,0,0,0,0,1
CMDP-PostCheck,47.9998,36,321,PostCheck,0,0,0.0233391,13.5576,2.30259,21,0.081178,0,0,0,0,1
CMDP-PostCheck,48.0033,487,425,PostCheck,0,0,0.0232546,13.8629,2.30259,21,0.196111,0,0,0,0,1
CMDP-PostCheck,48.0157,20,334,PostCheck,0,0,0.0535635,13.2522,2.30259,21,0.623847,0,0,0,0,1.01064
CMDP-PostCheck,48.0171,19,66,PostCheck,0,0,0.0471871,12.9468,2.30259,21,0.411594,0,0,0,0,1.00511
CMDP-PostCheck,48.0175,203,267,PostCheck,0,0,0.0237005,13.8629,2.30259,21,0.387697,0,0,0,0,1.03008
CMDP-PostCheck,48.0227,440,61,PostCheck,0,0,0.0232417,13.8629,2.30259,21,0.265221,0,0,0,0,1
CMDP-PostCheck,48.0263,183,61,PostCheck,0,0,0.0232417,13.8629,2.30259,21,0.560547,0,0,0,0,1
CMDP-PostCheck,48.0297,532,61,PostCheck,0,0,0.0232417,13.8629,2.30259,21,0.503218,0,0,0,0,1
CMDP-PostCheck,48.0309,145,529,PostCheck,0,0,0.0236825,13.8629,2.30259,21,0.163525,0,0,0,0,1
CMDP-PostCheck,48.034,47,543,PostCheck,0,0,0.0232769,13.5576,2.30259,21,0.171979,0,0,0,0,1
CMDP-PostCheck,48.0378,510,228,PostCheck,0,0,0.0232424,13.8629,2.30259,21,0.377656,0,0,0,0,1
CMDP-PostCheck,48.0505,274,171,PostCheck,0,0,0.0236779,13.8629,2.30259,21,0.681447,0,0,0,0,0.999693
CMDP-PostCheck,48.052,232,86,PostCheck,0,0,0.0843148,13.7088,2.30259,21,0.346008,0,0,0,0,1.02584
CMDP-PostCheck,48.0549,273,464,PostCheck,0,0,0.0232548,13.8629,2.30259,21,0.459932,0,0,0,0,1
CMDP-PostCheck,48.0604,526,481,PostCheck,0,0,0.0236938,13.8629,2.30259,21,0.353765,0,0,0,0,1
CMDP-PostCheck,48.0651,295,61,PostCheck,0,0,0.0232417,13.8629,2.30259,21,0.246842,0,0,0,0,0.991953
CMDP-PostCheck,48.0675,21,334,PostCheck,0,0,0.0549709,13.2522,2.30259,21,0.549349,0,0,0,0,1.02767
CMDP-PostCheck,48.0678,344,486,PostCheck,0,0,0.0236972,13.8629,2.30259,21,0.166043,0,0,0,0,1.00235
CMDP-PostCheck,48.068,312,61,PostCheck,0,0,0.0232417,13.8629,2.30259,21,0.32595,0,0,0,0,0.998884
CMDP-PostCheck,48.0691,301,236,PostCheck,0,0,0.0232581,13.8629,2.30259,21,0.164212,0,0,0,0,1
CMDP-PostCheck,48.07,190,481,PostCheck,0,0,0.0236816,13.8629,2.30259,21,0.36078,0,0,0,0,1
CMDP-PostCheck,48.0705,508,253,PostCheck,0,0,0.0236929,13.8629,2.30259,21,0.24586,0,0,0,0,1
CMDP-PostCheck,48.0721,147,61,PostCheck,0,0,0.0232417,13.8629,2.30259,21,0.38241,0,0,0,0,1
CMDP-PostCheck,48.0757,503,576,PostCheck,0,0,0.0236796,13.8629,2.30259,21,0.115895,0,0,0,0,1
CMDP-PostCheck,48.0816,422,139,PostCheck,0,0,0.0236779,13.8629,2.30259,21,0.219662,0,0,0,0,1
CMDP-PostCheck,48.0863,121,529,PostCheck,0,0,0.0236799,13.8629,2.30259,21,0.421208,0,0,0,0,1.08095
CMDP-PostCheck,48.0866,412,617,PostCheck,0,0,0.0237268,13.8629,2.30259,21,0.180199,0,0,0,0,1
CMDP-PostCheck,48.0938,299,422,PostCheck,0,0,0.0236848,13.8629,2.30259,21,0.205121,0,0,0,0,1.03701
CMDP-PostCheck,48.094,202,206,PostCheck,0,0,0.0236781,13.8629,2.30259,21,0.388906,0,0,0,0,1
CMDP-PostCheck,48.099,197,292,PostCheck,1,0,0.0106815,5.54518,2.30259,10,0.097567,0,0,0,0,1.01621
CMDP-PostCheck,48.1031,495,277,PostCheck,0,0,0.0236789,13.8629,2.30259,21,0.185724,0,0,0,0,1
CMDP-PostCheck,48.1043,535,302,PostCheck,0,0,0.0236803,13.8629,2.30259,21,0.197923,0,0,0,0,1
CMDP-PostCheck,48.1044,179,61,PostCheck,0,0,0.0232417,13.8629,2.30259,21,0.308176,0,0,0,0,0.994303
CMDP-PostCheck,48.121,239,301,PostCheck,0,0,0.0236803,13.8629,2.30259,21,0.176777,0,0,0,0,1
CMDP-PostCheck,48.1274,50,236,PostCheck,0,0,0.0667236,13.5576,2.30259,21,0.301879,0,0,0,0,0.990426
CMDP-PostCheck,48.1303,353,285,PostCheck,0,0,0.0233266,13.8629,2.30259,21,0.249025,0,0,0,0,1
CMDP-PostCheck,48.1333,336,396,PostCheck,0,0,0.0236948,13.8629,2.30259,21,0.28801,0,0,0,0,1
CMDP-PostCheck,48.138,41,566,PostCheck,0,0,0.0236864,13.8629,2.30259,21,0.161037,0,0,0,0,1.04517
CMDP-PostCheck,48.1389,224,261,PostCheck,1,0,0.0166077,9.01091,2.30259,15,0.172755,0,0,0,0,1.03354
CMDP-PostCheck,48.1397,450,616,PostCheck,0,0,0.124841,2.07944,2.30259,4,0.017952,0,0,0,0,1
CMDP-PostCheck,48.1431,237,565,PostCheck,0,0,0.0236805,13.8629,2.30259,21,0.093658,0,0,0,0,1
CMDP-PostCheck,48.1454,65,464,PostCheck,0,0,0.0232548,13.8629,2.30259,21,0.610833,0,0,0,0,0.983906
CMDP-PostCheck,48.1492,204,250,PostCheck,0,0,0.023246,13.8629,2.30259,21,0.28788,0,0,0,0,1.04394
CMDP-PostCheck,48.1519,309,464,PostCheck,0,0,0.0232548,13.8629,2.30259,21,0.226459,0,0,0,0,1
CMDP-PostCheck,48.1525,432,268,PostCheck,0,0,0.0236935,13.8629,2.30259,21,0.074516,0,0,0,0,1.0474
CMDP-PostCheck,48.1547,357,481,PostCheck,0,0,0.0236805,13.8629,2.30259,21,0.410169,0,0,0,0,1
CMDP-PostCheck,48.1561,210,250,PostCheck,0,0,0.023246,13.8629,2.30259,21,0.318472,0,0,0,0,1
CMDP-PostCheck,48.1563,17,141,PostCheck,0,0,0.0551879,13.2522,2.30259,21,0.237378,0,0,0,0,1
CMDP-PostCheck,48.1573,525,339,PostCheck,0,0,0.0236924,13.8629,2.30259,21,0.403715,0,0,0,0,1
CMDP-PostCheck,48.1591,96,75,PostCheck,0,0,0.023678,13.8629,2.30259,21,0.307515,0,0,0,0,1
CMDP-PostCheck,48.1642,426,527,PostCheck,0,0,0.0236877,13.8629,2.30259,21,0.076235,0,0,0,0,1.05434
CMDP-PostCheck,48.1705,419,478,PostCheck,0,0,0.0236799,13.8629,2.30259,21,0.161449,0,0,0,0,1
CMDP-PostCheck,48.1712,367,96,PostCheck,0,0,0.02371,13.8629,2.30259,21,0.140725,0,0,0,0,1
CMDP-PostCheck,48.1715,368,565,PostCheck,0,0,0.0236804,13.8629,2.30259,21,0.101248,0,0,0,0,1
CMDP-PostCheck,48.1747,394,127,PostCheck,0,0,0.0237456,13.4005,2.30259,21,0.456161,0,0,0,0,1
CMDP-PostCheck,48.1901,253,518,PostCheck,0,0,0.0232451,13.8629,2.30259,21,0.381849,0,0,0,0,1
CMDP-PostCheck,48.1908,359,62,PostCheck,0,0,0.0232527,13.8629,2.30259,21,0.294047,0,0,0,0,1.02203
CMDP-PostCheck,48.197,226,186,PostCheck,0,0,0.0236789,13.8629,2.30259,21,0.353538,0,0,0,0,1.0474
CMDP-PostCheck,48.1989,177,22,PostCheck,0,0,0.023681,13.8629,2.30259,21,0.412459,0,0,0,0,1
CMDP-PostCheck,48.2023,187,61,PostCheck,0,0,0.0232417,13.8629,2.30259,21,0.484736,0,0,0,0,1.00235
CMDP-PostCheck,48.2029,13,86,PostCheck,0,0,0.0549891,12.6414,2.30259,21,0.24859,0,0,0,0,0.990426
CMDP-PostCheck,48.2044,465,62,PostCheck,0,0,0.0232527,13.8629,2.30259,21,0.429144,0,0,0,0,1
CMDP-PostCheck,48.2137,125,61,PostCheck,0,0,0.0232417,13.8629,2.30259,21,0.396316,0,0,0,0,1.03354
CMDP-PostCheck,48.2191,25,397,PostCheck,1,0,0.0562379,11.8659,2.30259,20,0.33927,0,0,0,0,1.02115
CMDP-PostCheck,48.227,365,141,PostCheck,0,0,0.0236784,13.8629,2.30259,21,0.250018,0,0,0,0,1
CMDP-PostCheck,48.2364,455,128,PostCheck,0,0,0.0232532,13.8629,2.30259,21,0.682594,0,0,0,0,1
CMDP-PostCheck,48.2377,51,162,PostCheck,0,0,0.0236803,13.8629,2.30259,21,0.156603,0,0,0,0,1
CMDP-PostCheck,48.2437,127,100,PostCheck,0,0,0.0696657,13.7088,2.30259,21,0.644758,0,0,0,0,1.00235
CMDP-PostCheck,48.2452,317,182,PostCheck,0,0,0.0233439,13.8629,2.30259,21,0.231597,0,0,0,0,1
CMDP-PostCheck,48.2469,409,61,PostCheck,0,0,0.0232417,13.8629,2.30259,21,0.362849,0,0,0,0,0.983906
CMDP-PostCheck,48.2477,370,178,PostCheck,0,0,0.0236802,13.8629,2.30259,21,0.118055,0,0,0,0,1
CMDP-PostCheck,48.2519,528,277,PostCheck,0,0,0.023679,13.8629,2.30259,21,0.355179,0,0,0,0,1
CMDP-PostCheck,48.2539,248,396,PostCheck,0,0,0.0236824,13.8629,2.30259,21,0.282507,0,0,0,0,1
CMDP-PostCheck,48.2568,537,296,PostCheck,1,1,0.00476353,2.07944,2.30259,5,0.153568,0,0,0,0,0.998884
CMDP-PostCheck,48.2671,256,62,PostCheck,0,0,0.0232527,13.8629,2.30259,21,0.183132,0,0,0,0,0.995419
CMDP-PostCheck,48.2676,404,62,PostCheck,0,0,0.0232527,13.8629,2.30259,21,0.375281,0,0,0,0,1
CMDP-PostCheck,48.2717,277,350,PostCheck,0,0,0.0236791,13.8629,2.30259,21,0.34738,0,0,0,0,1.03008
CMDP-PostCheck,48.2728,163,601,PostCheck,0,0,0.0236802,13.8629,2.30259,21,0.332065,0,0,0,0,1
CMDP-PostCheck,48.2814,454,253,PostCheck,0,0,0.0236963,13.8629,2.30259,21,0.399938,0,0,0,0,1
CMDP-PostCheck,48.2857,167,128,PostCheck,0,0,0.0232532,13.8629,2.30259,21,0.462633,0,0,0,0,1
CMDP-PostCheck,48.2931,364,67,PostCheck,0,0,0.0236815,13.8629,2.30259,21,0.174345,0,0,0,0,1
CMDP-PostCheck,48.2956,120,565,PostCheck,0,0,0.0236816,13.8629,2.30259,21,0.20169,0,0,0,0,1
CMDP-PostCheck,48.2961,117,568,PostCheck,0,0,0.0236859,13.8629,2.30259,21,0.341936,0,0,0,0,1
CMDP-PostCheck,48.2992,477,128,PostCheck,0,0,0.0232532,13.8629,2.30259,21,0.492411,0,0,0,0,1
CMDP-PostCheck,48.3111,397,128,PostCheck,0,0,0.0232532,13.8629,2.30259,21,0.742486,0,0,0,0,1
CMDP-PostCheck,48.3125,234,213,PostCheck,0,0,0.0236805,13.8629,2.30259,21,0.382375,0,0,0,0,0.996572
CMDP-PostCheck,48.3136,260,438,PostCheck,0,0,0.0236783,13.8629,2.30259,21,0.390254,0,0,0,0,1
CMDP-PostCheck,48.3147,291,586,PostCheck,0,0,0.0236777,13.8629,2.30259,21,0.241038,0,0,0,0,0.998884
CMDP-PostCheck,48.317,103,250,PostCheck,0,0,0.023246,13.8629,2.30259,21,0.205793,0,0,0,0,0.991953
CMDP-PostCheck,48.3208,78,444,PostCheck,0,0,0.0236782,13.8629,2.30259,21,0.307376,0,0,0,0,1.00928
CMDP-PostCheck,48.3227,504,513,PostCheck,0,0,0.0236858,13.8629,2.30259,21,0.16118,0,0,0,0,1
CMDP-PostCheck,48.3329,124,629,PostCheck,0,0,0.023678,13.8629,2.30259,21,0.308181,0,0,0,0,1
CMDP-PostCheck,48.3341,37,96,PostCheck,0,0,0.0236992,13.5576,2.30259,21,0.462211,0,0,0,0,1.01122
CMDP-PostCheck,48.3424,445,25,PostCheck,0,0,0.0236791,13.8629,2.30259,21,0.202747,0,0,0,0,1
CMDP-PostCheck,48.3507,175,410,PostCheck,0,0,0.0237361,13.8629,2.30259,21,0.090737,0,0,0,0,1
CMDP-PostCheck,48.3556,154,69,PostCheck,0,0,0.0236958,13.8629,2.30259,21,0.335252,0,0,0,0,1
CMDP-PostCheck,48.3565,242,31,PostCheck,0,0,0.0232459,13.8629,2.30259,21,0.240678,0,0,0,0,0.991953
CMDP-PostCheck,48.3614,264,601,PostCheck,0,0,0.0236803,13.8629,2.30259,21,0.379597,0,0,0,0,1
CMDP-PostCheck,48.3621,118,61,PostCheck,0,0,0.0232416,13.8629,2.30259,21,0.494043,0,0,0,0,1.09481
CMDP-PostCheck,48.3639,411,61,PostCheck,0,0,0.0232416,13.8629,2.30259,21,0.48517,0,0,0,0,1
CMDP-PostCheck,48.3643,244,177,PostCheck,0,0,0.0236789,13.8629,2.30259,21,0.269169,0,0,0,0,1
CMDP-PostCheck,48.3814,500,33,PostCheck,0,0,0.0243425,13.4005,2.30259,21,0.234042,0,0,0,0,1
CMDP-PostCheck,48.3815,531,420,PostCheck,0,0,0.0236798,13.8629,2.30259,21,0.382028,0,0,0,0,1
CMDP-PostCheck,48.3815,192,199,PostCheck,0,0,0.0236797,13.8629,2.30259,21,0.369367,0,0,0,0,1.04047
CMDP-PostCheck,48.3822,341,128,PostCheck,0,0,0.0232532,13.8629,2.30259,21,0.636624,0,0,0,0,0.998884
CMDP-PostCheck,48.3827,18,47,PostCheck,0,0,0.0495981,13.098,2.30259,21,0.212942,0,0,0,0,1.04435
CMDP-PostCheck,48.3838,71,392,PostCheck,0,0,0.0237006,13.8629,2.30259,21,0.163276,0,0,0,0,1.00582
CMDP-PostCheck,48.3862,386,202,PostCheck,0,0,0.023678,13.8629,2.30259,21,0.202451,0,0,0,0,1
CMDP-PostCheck,48.3872,272,61,PostCheck,0,0,0.0232416,13.8629,2.30259,21,0.744277,0,0,0,0,1
CMDP-PostCheck,48.3883,213,222,PostCheck,0,0,0.023678,13.8629,2.30259,21,0.200952,0,0,0,0,1
CMDP-PostCheck,48.3899,15,158,PostCheck,0,0,0.0606736,12.336,2.30259,21,0.177721,0,0,0,0,1
CMDP-PostCheck,48.3955,519,315,PostCheck,0,0,0.0236914,13.8629,2.30259,21,0.318381,0,0,0,0,1
CMDP-PostCheck,48.396,108,598,PostCheck,0,0,0.0232496,13.8629,2.30259,21,0.261863,0,0,0,0,1
CMDP-PostCheck,48.397,194,232,PostCheck,0,0,0.0232636,13.8629,2.30259,21,0.524532,0,0,0,0,0.991953
CMDP-PostCheck,48.399,379,35,PostCheck,1,0,0.0221052,12.4766,2.30259,20,0.331589,0,0,0,0,1.04282
CMDP-PostCheck,48.4145,456,126,PostCheck,0,0,0.023248,13.8629,2.30259,21,0.386605,0,0,0,0,1
CMDP-PostCheck,48.4272,63,189,PostCheck,0,0,0.0237285,13.8629,2.30259,21,0.184938,0,0,0,0,1.02549
CMDP-PostCheck,48.4292,57,479,PostCheck,0,0,0.023719,13.8629,2.30259,21,0.085373,0,0,0,0,1
CMDP-PostCheck,48.4323,74,491,PostCheck,0,0,0.0232417,13.8629,2.30259,21,0.448236,0,0,0,0,0.983906
CMDP-PostCheck,48.4428,437,258,PostCheck,0,0,0.0236808,13.8629,2.30259,21,0.166494,0,0,0,0,1
CMDP-PostCheck,48.4433,518,491,PostCheck,0,0,0.0232417,13.8629,2.30259,21,0.722743,0,0,0,0,1
CMDP-PostCheck,48.4461,388,568,PostCheck,0,0,0.0236942,13.8629,2.30259,21,0.129293,0,0,0,0,1.00235
CMDP-PostCheck,48.4464,99,216,PostCheck,0,0,0.023678,13.8629,2.30259,21,0.215174,0,0,0,0,1
CMDP-PostCheck,48.4526,290,491,PostCheck,0,0,0.0232417,13.8629,2.30259,21,0.25874,0,0,0,0,1
CMDP-PostCheck,48.4561,315,531,PostCheck,1,1,0.00193154,0.693147,2.30259,3,0.094299,0,0,0,0,0.991953
CMDP-PostCheck,48.4607,156,87,PostCheck,0,0,0.0232531,13.8629,2.30259,21,0.367494,0,0,0,0,1
CMDP-PostCheck,48.4615,400,189,PostCheck,0,0,0.0237356,13.8629,2.30259,21,0.201234,0,0,0,0,1
CMDP-PostCheck,48.4666,4,432,PostCheck,0,0,0.0225062,13.8629,2.30259,21,0.199514,0,0,0,0,1.00582
CMDP-PostCheck,48.4674,436,182,PostCheck,0,0,0.0233439,13.8629,2.30259,21,0.24589,0,0,0,0,1
CMDP-PostCheck,48.4677,249,31,PostCheck,0,0,0.0236777,13.8629,2.30259,21,0.221549,0,0,0,0,1
CMDP-PostCheck,48.4706,27,66,PostCheck,0,0,0.0232966,12.6414,2.30259,21,0.386529,0,0,0,0,1.03684
CMDP-PostCheck,48.4725,42,111,PostCheck,0,0,0.0420612,12.336,2.30259,21,0.372667,0,0,0,0,0.990426
CMDP-PostCheck,48.478,144,103,PostCheck,0,0,0.0236778,13.8629,2.30259,21,0.348217,0,0,0,0,1
CMDP-PostCheck,48.4805,98,491,PostCheck,0,0,0.0232417,13.8629,2.30259,21,0.240241,0,0,0,0,0.991953
CMDP-PostCheck,48.4838,83,171,PostCheck,0,0,0.0232636,13.8629,2.30259,21,0.317179,0,0,0,0,1.05087
CMDP-PostCheck,48.4845,469,331,PostCheck,0,0,0.0236884,13.8629,2.30259,21,0.276591,0,0,0,0,1
CMDP-PostCheck,48.4853,73,171,PostCheck,0,0,0.0236781,13.8629,2.30259,21,0.378326,0,0,0,0,0.983906
CMDP-PostCheck,48.4909,539,289,PostCheck,0,0,0.0236789,13.8629,2.30259,21,0.380286,0,0,0,0,1
CMDP-PostCheck,48.4935,320,544,PostCheck,0,0,0.0237257,13.8629,2.30259,21,0.071837,0,0,0,0,1
CMDP-PostCheck,48.5004,501,289,PostCheck,0,0,0.0236786,13.8629,2.30259,21,0.247854,0,0,0,0,1
CMDP-PostCheck,48.5021,135,232,PostCheck,0,0,0.0232636,13.8629,2.30259,21,0.420066,0,0,0,0,1.03243
CMDP-PostCheck,48.5075,461,381,PostCheck,0,0,0.0236782,13.8629,2.30259,21,0.364902,0,0,0,0,1
CMDP-PostCheck,48.5091,505,572,PostCheck,0,0,0.142404,0.693147,2.30259,2,0.012426,0,0,0,0,1
CMDP-PostCheck,48.5125,399,61,PostCheck,0,0,0.0232417,13.8629,2.30259,21,0.424757,0,0,0,0,1
CMDP-PostCheck,48.5152,438,206,PostCheck,0,0,0.0236782,13.8629,2.30259,21,0.196426,0,0,0,0,1
CMDP-PostCheck,48.518,347,386,PostCheck,0,0,0.0236818,13.8629,2.30259,21,0.345606,0,0,0,0,0.998884
CMDP-PostCheck,48.5193,387,289,PostCheck,0,0,0.112873,13.7088,2.30259,21,0.282635,0,0,0,0,1
CMDP-PostCheck,48.5242,430,232,PostCheck,0,0,0.0232636,13.8629,2.30259,21,0.415507,0,0,0,0,1
CMDP-PostCheck,48.5268,434,491,PostCheck,0,0,0.0232417,13.8629,2.30259,21,0.25383,0,0,0,0,1.02314
CMDP-PostCheck,48.5292,342,133,PostCheck,1,0,0.0213458,11.7835,2.30259,19,0.28169,0,0,0,0,1.08788
CMDP-PostCheck,48.532,170,491,PostCheck,0,0,0.0232417,13.8629,2.30259,21,0.216159,0,0,0,0,1.02661
CMDP-PostCheck,48.5327,186,547,PostCheck,0,0,0.0888608,13.7088,2.30259,21,0.586804,0,0,0,0,0.985059
CMDP-PostCheck,48.5371,58,631,PostCheck,0,0,0.0647823,13.5576,2.30259,21,0.451537,0,0,0,0,1.00412
CMDP-PostCheck,48.5451,442,482,PostCheck,1,0,0.0102646,5.54518,2.30259,10,0.179994,0,0,0,0,1.01621
CMDP-PostCheck,48.5452,362,491,PostCheck,0,0,0.0232417,13.8629,2.30259,21,0.225431,0,0,0,0,1
CMDP-PostCheck,48.5457,90,546,PostCheck,0,0,0.0232914,13.8629,2.30259,21,0.085273,0,0,0,0,1.0474
CMDP-PostCheck,48.5485,221,491,PostCheck,0,0,0.0232417,13.8629,2.30259,21,0.533097,0,0,0,0,1.00235
CMDP-PostCheck,48.561,471,87,PostCheck,0,0,0.0232531,13.8629,2.30259,21,0.592275,0,0,0,0,1
CMDP-PostCheck,48.5666,146,193,PostCheck,0,0,0.0236778,13.8629,2.30259,21,0.245455,0,0,0,0,1
CMDP-PostCheck,48.5677,259,573,PostCheck,0,0,0.0236781,13.8629,2.30259,21,0.46663,0,0,0,0,1
CMDP-PostCheck,48.5681,424,568,PostCheck,0,0,0.0236928,13.8629,2.30259,21,0.147607,0,0,0,0,1
CMDP-PostCheck,48.5722,1,215,PostCheck,0,0,0.0238069,12.336,2.30259,21,0.14438,0,0,0,0,1.03672
CMDP-PostCheck,48.5755,484,61,PostCheck,0,0,0.0232417,13.8629,2.30259,21,0.486845,0,0,0,0,1
CMDP-PostCheck,48.5939,480,289,PostCheck,0,0,0.0347875,13.7088,2.30259,21,0.41378,0,0,0,0,1
CMDP-PostCheck,48.6046,229,289,PostCheck,0,0,0.0236799,13.8629,2.30259,21,0.180673,0,0,0,0,1
CMDP-PostCheck,48.6088,212,491,PostCheck,0,0,0.0232416,13.8629,2.30259,21,0.363105,0,0,0,0,1.03008
CMDP-PostCheck,48.612,403,192,PostCheck,0,0,0.023678,13.8629,2.30259,21,0.327423,0,0,0,0,0.991953
CMDP-PostCheck,48.6254,417,61,PostCheck,0,0,0.0232417,13.8629,2.30259,21,0.406986,0,0,0,0,1.01163
CMDP-PostCheck,48.6263,233,491,PostCheck,0,0,0.0232416,13.8629,2.30259,21,0.267712,0,0,0,0,1
CMDP-PostCheck,48.6359,257,627,PostCheck,0,0,0.023678,13.8629,2.30259,21,0.534673,0,0,0,0,1
CMDP-PostCheck,48.6401,54,529,PostCheck,0,0,0.0237052,13.8629,2.30259,21,0.13338,0,0,0,0,1
CMDP-PostCheck,48.6503,307,189,PostCheck,0,0,0.0237188,13.8629,2.30259,21,0.133612,0,0,0,0,1
CMDP-PostCheck,48.661,278,522,PostCheck,0,0,0.0237149,13.8629,2.30259,21,0.295785,0,0,0,0,1
CMDP-PostCheck,48.6758,326,455,PostCheck,0,0,0.0236831,13.8629,2.30259,21,0.51944,0,0,0,0,1.02661
CMDP-PostCheck,48.6767,245,264,PostCheck,0,0,0.023678,13.8629,2.30259,21,0.239267,0,0,0,0,0.991953
CMDP-PostCheck,48.6878,545,100,PostCheck,0,0,0.0236789,13.8629,2.30259,21,0.405813,0,0,0,0,1
CMDP-PostCheck,48.6894,507,87,PostCheck,0,0,0.0232531,13.8629,2.30259,21,0.452606,0,0,0,0,1
CMDP-PostCheck,48.6904,383,482,PostCheck,1,0,0.0102646,5.54518,2.30259,10,0.223912,0,0,0,0,1.01621
CMDP-PostCheck,48.691,497,77,PostCheck,0,0,0.0232483,13.8629,2.30259,21,0.173544,0,0,0,0,1
CMDP-PostCheck,48.6925,496,128,PostCheck,0,0,0.0232532,13.8629,2.30259,21,0.394311,0,0,0,0,1
CMDP-PostCheck,48.6942,414,598,PostCheck,0,0,0.0243425,13.4005,2.30259,21,0.441679,0,0,0,0,1
CMDP-PostCheck,48.7052,28,213,PostCheck,0,0,0.0236829,13.8629,2.30259,21,0.376702,0,0,0,0,0.988195
CMDP-PostCheck,48.7062,348,627,PostCheck,0,0,0.0236779,13.8629,2.30259,21,0.321096,0,0,0,0,1
CMDP-PostCheck,48.7087,369,356,PostCheck,0,0,0.0236777,13.8629,2.30259,21,0.22733,0,0,0,0,1
CMDP-PostCheck,48.7146,343,350,PostCheck,0,0,0.0232527,13.8629,2.30259,21,0.617985,0,0,0,0,1
CMDP-PostCheck,48.7187,55,472,PostCheck,0,0,0.0236782,13.8629,2.30259,21,0.23716,0,0,0,0,1
CMDP-PostCheck,48.719,292,350,PostCheck,0,0,0.0232527,13.8629,2.30259,21,0.400967,0,0,0,0,1
CMDP-PostCheck,48.7205,322,504,PostCheck,0,0,0.0236892,13.8629,2.30259,21,0.129713,0,0,0,0,1.0474
CMDP-PostCheck,48.7273,136,622,PostCheck,0,0,0.0232416,13.8629,2.30259,21,0.492581,0,0,0,0,1
CMDP-PostCheck,48.7286,218,404,PostCheck,0,0,0.0236788,13.8629,2.30259,21,0.509374,0,0,0,0,1
CMDP-PostCheck,48.7305,479,570,PostCheck,0,0,0.0236802,13.8629,2.30259,21,0.304599,0,0,0,0,1
CMDP-PostCheck,48.7319,43,341,PostCheck,0,0,0.0240092,12.323,2.30259,21,0.33805,0,0,0,0,1.03013
CMDP-PostCheck,48.7373,93,581,PostCheck,0,0,0.0236789,13.8629,2.30259,21,0.297748,0,0,0,0,1
CMDP-PostCheck,48.7417,515,48,PostCheck,0,0,0.0232679,13.4005,2.30259,21,0.497212,0,0,0,0,1
CMDP-PostCheck,48.7428,223,35,PostCheck,0,0,0.0232527,13.8629,2.30259,21,0.32735,0,0,0,0,1.04629
CMDP-PostCheck,48.7442,493,400,PostCheck,0,0,0.0232527,13.8629,2.30259,21,0.147509,0,0,0,0,1
CMDP-PostCheck,48.751,29,49,PostCheck,0,0,0.0458435,13.5576,2.30259,21,0.280927,0,0,0,0,0.986668
CMDP-PostCheck,48.7532,155,165,PostCheck,0,0,0.023679,13.8629,2.30259,21,0.247658,0,0,0,0,1
CMDP-PostCheck,48.7701,476,87,PostCheck,0,0,0.0232531,13.8629,2.30259,21,0.563389,0,0,0,0,1
CMDP-PostCheck,48.7716,207,350,PostCheck,0,0,0.0232527,13.8629,2.30259,21,0.590787,0,0,0,0,1
CMDP-PostCheck,48.7752,472,61,PostCheck,0,0,0.0232418,13.8629,2.30259,21,0.451524,0,0,0,0,1
CMDP-PostCheck,48.7843,527,307,PostCheck,0,0,0.0237353,13.8629,2.30259,21,0.195085,0,0,0,0,1
CMDP-PostCheck,48.7944,172,631,PostCheck,0,0,0.0880497,13.7088,2.30259,21,0.394732,0,0,0,0,1.04517
CMDP-PostCheck,48.7954,283,87,PostCheck,0,0,0.0232531,13.8629,2.30259,21,0.559069,0,0,0,0,0.995419
CMDP-PostCheck,48.7954,319,276,PostCheck,0,0,0.0827271,0.693147,2.30259,2,0.010677,0,0,0,0,1
CMDP-PostCheck,48.7986,62,21,PostCheck,0,0,0.0232747,13.5576,2.30259,21,0.503855,0,0,0,0,0.999415
CMDP-PostCheck,48.8008,380,329,PostCheck,0,0,0.0236791,13.8629,2.30259,21,0.270079,0,0,0,0,1
CMDP-PostCheck,48.8057,89,362,PostCheck,0,0,0.0232635,13.8629,2.30259,21,0.496409,0,0,0,0,1.01163
CMDP-PostCheck,48.806,393,242,PostCheck,0,0,0.023678,13.8629,2.30259,21,0.34115,0,0,0,0,1
CMDP-PostCheck,48.8144,102,87,PostCheck,0,0,0.0232531,13.7088,2.30259,21,0.312072,0,0,0,0,1
CMDP-PostCheck,48.8165,158,546,PostCheck,0,0,0.0232903,13.8629,2.30259,21,0.091181,0,0,0,0,0.998884
CMDP-PostCheck,48.8203,306,184,PostCheck,0,0,0.0236793,13.8629,2.30259,21,0.196017,0,0,0,0,1.02896
CMDP-PostCheck,48.8204,214,222,PostCheck,0,0,0.0236793,13.8629,2.30259,21,0.4015,0,0,0,0,0.997769
CMDP-PostCheck,48.8249,522,622,PostCheck,0,0,0.0232416,13.8629,2.30259,21,0.827331,0,0,0,0,1
CMDP-PostCheck,48.8258,252,622,PostCheck,0,0,0.0232416,13.8629,2.30259,21,0.304088,0,0,0,0,0.998884
CMDP-PostCheck,48.828,502,484,PostCheck,1,0,0.00908206,4.85203,2.30259,9,0.176506,0,0,0,0,1.01275
CMDP-PostCheck,48.8365,72,599,PostCheck,0,0,0.0237137,13.8629,2.30259,21,0.188847,0,0,0,0,1
CMDP-PostCheck,48.8451,112,87,PostCheck,0,0,0.0232531,13.8629,2.30259,21,0.348677,0,0,0,0,1
CMDP-PostCheck,48.8476,429,162,PostCheck,0,0,0.0237121,13.8629,2.30259,21,0.145247,0,0,0,0,1
CMDP-PostCheck,48.8495,294,622,PostCheck,0,0,0.0236782,13.8629,2.30259,21,0.477963,0,0,0,0,0.998884
CMDP-PostCheck,48.8502,7,263,PostCheck,0,0,0.022637,12.0307,2.30259,21,0.357104,0,0,0,0,1
CMDP-PostCheck,48.8556,150,436,PostCheck,0,0,0.0233438,13.8629,2.30259,21,0.381966,0,0,0,0,1
CMDP-PostCheck,48.8631,533,320,PostCheck,0,0,0.0237134,13.8629,2.30259,21,0.284639,0,0,0,0,1
CMDP-PostCheck,48.8669,316,479,PostCheck,0,0,0.0237146,13.8629,2.30259,21,0.094954,0,0,0,0,1
CMDP-PostCheck,48.8746,176,612,PostCheck,0,0,0.0649243,13.8629,2.30259,21,0.111333,0,0,0,0,1
CMDP-PostCheck,48.8746,258,277,PostCheck,0,0,0.0236795,13.8629,2.30259,21,0.167157,0,0,0,0,1
CMDP-PostCheck,48.8878,334,372,PostCheck,1,0,0.00671185,3.46574,2.30259,7,0.356328,0,0,0,0,1.00582
CMDP-PostCheck,48.892,373,87,PostCheck,0,0,0.0232531,13.8629,2.30259,21,0.374784,0,0,0,0,1
CMDP-PostCheck,48.8935,2,609,PostCheck,0,0,0.0225149,12.9468,2.30259,21,0.41584,0,0,0,0,0.991953
CMDP-PostCheck,48.8937,149,128,PostCheck,0,0,0.0232532,13.8629,2.30259,21,0.667849,0,0,0,0,0.990837
CMDP-PostCheck,48.8938,331,329,PostCheck,0,0,0.0236828,13.8629,2.30259,21,0.343301,0,0,0,0,1
CMDP-PostCheck,48.8947,330,400,PostCheck,0,0,0.0232527,13.8629,2.30259,21,0.306081,0,0,0,0,1.01968
CMDP-PostCheck,48.897,401,343,PostCheck,0,0,0.0236791,13.8629,2.30259,21,0.272323,0,0,0,0,1
CMDP-PostCheck,48.901,64,87,PostCheck,0,0,0.0232531,13.8629,2.30259,21,0.53364,0,0,0,0,0.989721
CMDP-PostCheck,48.9023,382,189,PostCheck,0,0,0.0237336,13.8629,2.30259,21,0.113945,0,0,0,0,1
CMDP-PostCheck,48.9066,178,504,PostCheck,0,0,0.0236798,13.8629,2.30259,21,0.124429,0,0,0,0,1.01968
CMDP-PostCheck,48.9149,184,407,PostCheck,0,0,0.0236991,13.8629,2.30259,21,0.324604,0,0,0,0,1
CMDP-PostCheck,48.9157,111,87,PostCheck,0,0,0.0232531,13.8629,2.30259,21,0.358382,0,0,0,0,1
CMDP-PostCheck,48.9193,304,404,PostCheck,0,0,0.0236787,13.8629,2.30259,21,0.176967,0,0,0,0,1
CMDP-PostCheck,48.9205,374,87,PostCheck,0,0,0.0232531,13.8629,2.30259,21,0.357191,0,0,0,0,1
CMDP-PostCheck,48.9288,350,362,PostCheck,0,0,0.0232635,13.8629,2.30259,21,1.19212,0,0,0,0,1
CMDP-PostCheck,48.9301,275,531,PostCheck,1,0,0.0130522,6.93147,2.30259,12,0.297251,0,0,0,0,1.02314
CMDP-PostCheck,48.9325,32,50,PostCheck,0,0,0.0492804,12.336,2.30259,21,0.519846,0,0,0,0,1.05911
CMDP-PostCheck,48.9339,168,622,PostCheck,0,0,0.0232416,13.8629,2.30259,21,0.34995,0,0,0,0,1
CMDP-PostCheck,48.9365,266,216,PostCheck,0,0,0.0236808,13.8629,2.30259,21,0.576455,0,0,0,0,1
CMDP-PostCheck,48.9414,340,392,PostCheck,0,0,0.023698,13.8629,2.30259,21,0.203233,0,0,0,0,1
CMDP-PostCheck,48.942,303,36,PostCheck,0,0,0.0237325,13.8629,2.30259,21,0.114446,0,0,0,0,1
CMDP-PostCheck,48.9444,109,46,PostCheck,0,0,0.0236782,13.8629,2.30259,21,0.223048,0,0,0,0,1
CMDP-PostCheck,48.9481,488,362,PostCheck,0,0,0.0232635,13.8629,2.30259,21,0.338149,0,0,0,0,1
CMDP-PostCheck,48.9488,339,157,PostCheck,0,0,0.0236795,13.8629,2.30259,21,0.369756,0,0,0,0,1
CMDP-PostCheck,48.9493,298,150,PostCheck,1,1,0.00206835,0.693147,2.30259,3,0.169322,0,0,0,0,0.983906
CMDP-PostCheck,48.9502,84,137,PostCheck,0,0,0.0232526,13.8629,2.30259,21,0.304714,0,0,0,0,1
CMDP-PostCheck,48.9522,398,5,PostCheck,0,0,0.0236786,13.8629,2.30259,21,0.231578,0,0,0,0,1
CMDP-PostCheck,48.9629,420,67,PostCheck,0,0,0.023681,13.8629,2.30259,21,0.412059,0,0,0,0,1
CMDP-PostCheck,48.9673,391,544,PostCheck,0,0,0.0237199,13.8629,2.30259,21,0.109881,0,0,0,0,1
CMDP-PostCheck,48.9684,185,192,PostCheck,0,0,0.023678,13.8629,2.30259,21,0.209311,0,0,0,0,1
CMDP-PostCheck,48.9689,490,87,PostCheck,0,0,0.0232531,13.7088,2.30259,21,0.359424,0,0,0,0,1
CMDP-PostCheck,48.9769,151,362,PostCheck,0,0,0.0232635,13.8629,2.30259,21,0.50797,0,0,0,0,0.991953
CMDP-PostCheck,48.977,130,49,PostCheck,0,0,0.0237172,13.8629,2.30259,21,0.226195,0,0,0,0,1.04282
CMDP-PostCheck,48.9793,69,35,PostCheck,0,0,0.0232527,13.8629,2.30259,21,0.376888,0,0,0,0,1.03008
CMDP-PostCheck,48.9805,77,22,PostCheck,0,0,0.0236779,13.8629,2.30259,21,0.218306,0,0,0,0,1
CMDP-PostCheck,48.9816,329,289,PostCheck,0,0,0.02368,13.8629,2.30259,21,0.310656,0,0,0,0,1
CMDP-PostCheck,48.9817,308,237,PostCheck,0,0,0.0236973,13.8629,2.30259,21,0.111935,0,0,0,0,1
CMDP-PostCheck,48.9844,297,165,PostCheck,0,0,0.0236808,13.8629,2.30259,21,0.388362,0,0,0,0,1
CMDP-PostCheck,48.9846,520,87,PostCheck,0,0,0.0232531,13.8629,2.30259,21,0.506094,0,0,0,0,1
CMDP-PostCheck,48.9847,113,35,PostCheck,0,0,0.0232527,13.8629,2.30259,21,0.246077,0,0,0,0,1.01968
CMDP-PostCheck,48.9851,33,250,PostCheck,0,0,0.0622471,13.2522,2.30259,21,0.463828,0,0,0,0,1
CMDP-PostCheck,48.9969,80,126,PostCheck,0,0,0.023679,13.8629,2.30259,21,0.199047,0,0,0,0,0.997769
CMDP-PostCheck,48.9987,512,601,PostCheck,0,0,0.0236803,13.8629,2.30259,21,0.228469,0,0,0,0,1
CMDP-PostCheck,49.0113,137,189,PostCheck,0,0,0.0237263,13.8629,2.30259,21,0.208047,0,0,0,0,1.01163
CMDP-PostCheck,49.0213,321,162,PostCheck,0,0,0.0237143,13.8629,2.30259,21,0.265989,0,0,0,0,1
CMDP-PostCheck,49.0336,40,24,PostCheck,1,0,0.011491,5.0168,2.30259,11,0.351555,0,0,0,0,1.00659
CMDP-PostCheck,49.0339,31,228,PostCheck,0,0,0.0236979,13.2522,2.30259,21,0.234099,0,0,0,0,1
CMDP-PostCheck,49.0339,460,301,PostCheck,0,0,0.0236786,13.8629,2.30259,21,0.697168,0,0,0,0,1.03354
CMDP-PostCheck,49.0373,82,374,PostCheck,0,0,0.0236778,13.8629,2.30259,21,0.747049,0,0,0,0,1
CMDP-PostCheck,49.0412,46,146,PostCheck,0,0,0.0237141,13.5576,2.30259,21,0.229806,0,0,0,0,1.06597
CMDP-PostCheck,49.0427,384,61,PostCheck,0,0,0.0232418,13.8629,2.30259,21,0.250626,0,0,0,0,1
CMDP-PostCheck,49.0518,447,481,PostCheck,0,0,0.0236819,13.8629,2.30259,21,0.159423,0,0,0,0,1
CMDP-PostCheck,49.0535,443,35,PostCheck,0,0,0.0232527,13.8629,2.30259,21,0.538436,0,0,0,0,1.05434
CMDP-PostCheck,49.0585,106,22,PostCheck,0,0,0.0236779,13.8629,2.30259,21,0.249075,0,0,0,0,1
CMDP-PostCheck,49.0599,262,564,PostCheck,0,0,0.0236778,13.8629,2.30259,21,0.261011,0,0,0,0,1
CMDP-PostCheck,49.0655,473,42,PostCheck,0,0,0.0232532,13.8629,2.30259,21,0.538714,0,0,0,0,1
CMDP-PostCheck,49.0661,276,319,PostCheck,0,0,0.0761071,0.693147,2.30259,2,0.023868,0,0,0,0,1
CMDP-PostCheck,49.0732,392,527,PostCheck,0,0,0.0237002,13.8629,2.30259,21,0.076979,0,0,0,0,1
CMDP-PostCheck,49.0742,523,182,PostCheck,0,0,0.0237012,13.7088,2.30259,21,0.37012,0,0,0,0,1
CMDP-PostCheck,49.08,142,124,PostCheck,0,0,0.0236781,13.8629,2.30259,21,0.319559,0,0,0,0,1.05087
CMDP-PostCheck,49.0814,270,201,PostCheck,1,1,0.00197922,0.693147,2.30259,3,0.197381,0,0,0,0,0.991953
CMDP-PostCheck,49.089,129,259,PostCheck,0,0,0.0236844,13.8629,2.30259,21,0.275198,0,0,0,0,1
CMDP-PostCheck,49.0894,482,61,PostCheck,0,0,0.0232418,13.8629,2.30259,21,0.739563,0,0,0,0,1
CMDP-PostCheck,49.0932,402,83,PostCheck,0,0,0.0237418,13.4005,2.30259,21,0.316883,0,0,0,0,1
CMDP-PostCheck,49.0987,39,13,PostCheck,0,0,0.0236788,13.8629,2.30259,21,0.29567,0,0,0,0,1
CMDP-PostCheck,49.1016,16,320,PostCheck,0,0,0.0380544,13.5576,2.30259,21,0.09994,0,0,0,0,1
CMDP-PostCheck,49.1078,160,12,PostCheck,1,0,0.0189724,10.3972,2.30259,17,0.134024,0,0,0,0,1.04047
CMDP-PostCheck,49.108,418,535,PostCheck,0,0,0.0237055,13.8629,2.30259,21,0.209966,0,0,0,0,1
CMDP-PostCheck,49.1082,44,250,PostCheck,0,0,0.0478474,13.2522,2.30259,21,0.278575,0,0,0,0,1
CMDP-PostCheck,49.1086,110,479,PostCheck,0,0,0.0237205,13.8629,2.30259,21,0.118378,0,0,0,0,1
CMDP-PostCheck,49.1114,38,171,PostCheck,0,0,0.0232905,12.0307,2.30259,21,0.560803,0,0,0,0,1.04071
CMDP-PostCheck,49.1153,196,627,PostCheck,0,0,0.0236847,13.8629,2.30259,21,0.277407,0,0,0,0,1
CMDP-PostCheck,49.1313,191,362,PostCheck,0,0,0.0232635,13.8629,2.30259,21,0.398348,0,0,0,0,1
CMDP-PostCheck,49.1344,302,177,PostCheck,0,0,0.0236783,13.8629,2.30259,21,0.174231,0,0,0,0,1
CMDP-PostCheck,49.1364,181,479,PostCheck,0,0,0.023728,13.8629,2.30259,21,0.081676,0,0,0,0,1
CMDP-PostCheck,49.137,337,138,PostCheck,0,0,0.0232418,13.8629,2.30259,21,0.480647,0,0,0,0,1
CMDP-PostCheck,49.1398,271,466,PostCheck,0,0,0.0236801,13.8629,2.30259,21,0.543351,0,0,0,0,1
CMDP-PostCheck,49.1404,511,203,PostCheck,0,0,0.00948077,5.54518,2.30259,9,0.087196,0,0,0,0,1
CMDP-PostCheck,49.1417,405,184,PostCheck,0,0,0.0236796,13.8629,2.30259,21,0.228125,0,0,0,0,1
CMDP-PostCheck,49.1419,8,630,PostCheck,0,0,0.0382269,13.2522,2.30259,21,0.422624,0,0,0,0,1
CMDP-PostCheck,49.1419,23,506,PostCheck,0,0,0.0236848,12.9468,2.30259,21,0.188199,0,0,0,0,1.0783
CMDP-PostCheck,49.1449,371,304,PostCheck,0,0,0.0236798,13.8629,2.30259,21,0.156324,0,0,0,0,1
CMDP-PostCheck,49.1454,491,138,PostCheck,0,0,0.0232418,13.8629,2.30259,21,0.50645,0,0,0,0,1
CMDP-PostCheck,49.1457,524,189,PostCheck,0,0,0.0237202,13.8629,2.30259,21,0.137638,0,0,0,0,1
CMDP-PostCheck,49.1485,548,192,PostCheck,0,0,0.0236781,13.8629,2.30259,21,0.337033,0,0,0,0,1
CMDP-PostCheck,49.1491,3,136,PostCheck,0,0,0.035825,13.2522,2.30259,21,0.274277,0,0,0,0,1.04571
CMDP-PostCheck,49.153,240,66,PostCheck,0,0,0.0236818,13.8629,2.30259,21,0.160972,0,0,0,0,1.00582
CMDP-PostCheck,49.1563,131,570,PostCheck,0,0,0.0236827,13.8629,2.30259,21,0.362602,0,0,0,0,1.02549
CMDP-PostCheck,49.1593,439,456,PostCheck,0,0,0.125784,13.8629,2.30259,21,0.107568,0,0,0,0,1
CMDP-PostCheck,49.1671,247,42,PostCheck,0,0,0.0232532,13.7088,2.30259,21,0.447232,0,0,0,0,1
CMDP-PostCheck,49.1675,11,203,PostCheck,0,0,0.0237817,12.336,2.30259,21,0.296655,0,0,0,0,1.04905
CMDP-PostCheck,49.1707,86,62,PostCheck,0,0,0.0232526,13.8629,2.30259,21,0.210589,0,0,0,0,1
CMDP-PostCheck,49.1725,139,216,PostCheck,0,0,0.0236781,13.8629,2.30259,21,0.370946,0,0,0,0,1
CMDP-PostCheck,49.1814,289,250,PostCheck,0,0,0.0236778,13.8629,2.30259,21,0.367751,0,0,0,0,1
CMDP-PostCheck,49.1863,216,422,PostCheck,0,0,0.0236819,13.8629,2.30259,21,0.435589,0,0,0,0,0.991953
CMDP-PostCheck,49.1892,100,23,PostCheck,1,0,0.0150053,8.31777,2.30259,14,0.256391,0,0,0,0,1.01398
CMDP-PostCheck,49.1975,428,426,PostCheck,0,0,0.0236823,13.8629,2.30259,21,0.19776,0,0,0,0,1
CMDP-PostCheck,49.2007,59,21,PostCheck,0,0,0.0232747,13.5576,2.30259,21,0.348153,0,0,0,0,1.00082
CMDP-PostCheck,49.2085,267,113,PostCheck,1,1,0.00196498,0.693147,2.30259,3,0.064501,0,0,0,0,1.10644
CMDP-PostCheck,49.2122,489,427,PostCheck,0,0,0.0234788,13.8629,2.30259,21,0.80157,0,0,0,0,1
CMDP-PostCheck,49.213,541,138,PostCheck,0,0,0.0232418,13.8629,2.30259,21,0.873386,0,0,0,0,1
CMDP-PostCheck,49.2229,22,378,PostCheck,0,0,0.0235114,12.9468,2.30259,21,0.231272,0,0,0,0,1
CMDP-PostCheck,49.2249,318,42,PostCheck,0,0,0.0232532,13.8629,2.30259,21,0.415946,0,0,0,0,1
CMDP-PostCheck,49.2373,346,257,PostCheck,0,0,0.0236939,13.7088,2.30259,21,0.993551,0,0,0,0,1
CMDP-PostCheck,49.2519,180,627,PostCheck,0,0,0.0236845,13.8629,2.30259,21,0.220441,0,0,0,0,1.04394
CMDP-PostCheck,49.2531,227,399,PostCheck,0,0,0.0781597,13.8629,2.30259,21,0.324774,0,0,0,0,1
CMDP-PostCheck,49.2572,193,141,PostCheck,0,0,0.023246,13.8629,2.30259,21,0.227328,0,0,0,0,1.00582
CMDP-PostCheck,49.2607,425,427,PostCheck,0,0,0.0234788,13.8629,2.30259,21,0.363153,0,0,0,0,1
CMDP-PostCheck,49.2613,195,138,PostCheck,0,0,0.0232418,13.8629,2.30259,21,0.287021,0,0,0,0,1
CMDP-PostCheck,49.2613,470,438,PostCheck,0,0,0.02368,13.8629,2.30259,21,0.399466,0,0,0,0,1
CMDP-PostCheck,49.2705,162,22,PostCheck,0,0,0.0236778,13.8629,2.30259,21,0.346619,0,0,0,0,1
CMDP-PostCheck,49.274,263,120,PostCheck,1,0,0.0106979,5.54518,2.30259,10,0.051473,0,0,0,0,1.01621
CMDP-PostCheck,49.2839,199,210,PostCheck,0,0,0.023678,13.8629,2.30259,21,0.325506,0,0,0,0,1
CMDP-PostCheck,49.2845,24,506,PostCheck,0,0,0.0232657,12.9468,2.30259,21,0.303408,0,0,0,0,0.994304
CMDP-PostCheck,49.2851,396,427,PostCheck,0,0,0.0234788,13.8629,2.30259,21,0.348901,0,0,0,0,1
CMDP-PostCheck,49.2898,549,138,PostCheck,0,0,0.0232418,13.8629,2.30259,21,0.433867,0,0,0,0,1
CMDP-PostCheck,49.2901,540,69,PostCheck,1,0,0.0142431,7.62462,2.30259,13,0.286229,0,0,0,0,1.02661
CMDP-PostCheck,49.291,453,237,PostCheck,0,0,0.023705,13.8629,2.30259,21,0.12908,0,0,0,0,1
CMDP-PostCheck,49.2963,79,262,PostCheck,0,0,0.0236801,13.8629,2.30259,21,0.349948,0,0,0,0,1
CMDP-PostCheck,49.3005,133,394,PostCheck,0,0,0.0233087,13.4005,2.30259,21,0.451214,0,0,0,0,0.999693
CMDP-PostCheck,49.3009,35,40,PostCheck,0,0,0.0233017,12.6414,2.30259,21,0.369424,0,0,0,0,1.04541
CMDP-PostCheck,49.3031,286,222,PostCheck,0,0,0.0236866,13.8629,2.30259,21,0.320522,0,0,0,0,1.02203
CMDP-PostCheck,49.3057,60,609,PostCheck,0,0,0.0236778,13.8629,2.30259,21,0.335105,0,0,0,0,1
CMDP-PostCheck,49.3077,375,548,PostCheck,0,0,0.0236786,13.8629,2.30259,21,0.249638,0,0,0,0,1
CMDP-PostCheck,49.3093,215,237,PostCheck,0,0,0.023688,13.8629,2.30259,21,0.172664,0,0,0,0,1
CMDP-PostCheck,49.3136,358,426,PostCheck,0,0,0.023684,13.8629,2.30259,21,0.190763,0,0,0,0,1
CMDP-PostCheck,49.3193,311,376,PostCheck,0,0,0.0232504,13.8629,2.30259,21,0.268389,0,0,0,0,1.03354
CMDP-PostCheck,49.3257,550,436,PostCheck,0,0,0.0236895,13.8629,2.30259,21,0.439019,0,0,0,0,1
CMDP-PostCheck,49.326,138,201,PostCheck,0,0,0.0232635,13.8629,2.30259,21,0.529546,0,0,0,0,1.05434
CMDP-PostCheck,49.3288,413,525,PostCheck,0,0,0.0237182,13.8629,2.30259,21,0.258963,0,0,0,0,1.05087
CMDP-PostCheck,49.3331,5,542,PostCheck,0,0,0.0525108,13.2522,2.30259,21,0.256007,0,0,0,0,0.990426
CMDP-PostCheck,49.3422,217,138,PostCheck,0,0,0.0232418,13.8629,2.30259,21,0.399463,0,0,0,0,1.04629
CMDP-PostCheck,49.3427,94,42,PostCheck,0,0,0.0232532,13.8629,2.30259,21,0.453601,0,0,0,0,1.00582
CMDP-PostCheck,49.344,305,315,PostCheck,0,0,0.0236833,13.8629,2.30259,21,0.225536,0,0,0,0,1
CMDP-PostCheck,49.346,385,427,PostCheck,0,0,0.0232527,13.8629,2.30259,21,0.177268,0,0,0,0,1
CMDP-PostCheck,49.347,468,627,PostCheck,0,0,0.0236887,13.8629,2.30259,21,0.18769,0,0,0,0,1
CMDP-PostCheck,49.3481,499,224,PostCheck,0,0,0.0236939,13.8629,2.30259,21,0.085473,0,0,0,0,1
CMDP-PostCheck,49.3511,107,50,PostCheck,0,0,0.0232532,13.8629,2.30259,21,0.464573,0,0,0,0,0.991953
CMDP-PostCheck,49.3524,250,141,PostCheck,0,0,0.023246,13.8629,2.30259,21,0.199593,0,0,0,0,1
CMDP-PostCheck,49.3535,6,42,PostCheck,0,0,0.0365692,13.2522,2.30259,21,0.406227,0,0,0,0,0.992484
CMDP-PostCheck,49.3641,87,626,PostCheck,0,0,0.0232418,13.8629,2.30259,21,0.606983,0,0,0,0,0.987371
CMDP-PostCheck,49.3826,159,527,PostCheck,0,0,0.0236849,13.8629,2.30259,21,0.18658,0,0,0,0,1
CMDP-PostCheck,49.3897,255,21,PostCheck,0,0,0.0232581,13.7088,2.30259,21,0.384778,0,0,0,0,1.08522
CMDP-PostCheck,49.3959,225,612,PostCheck,0,0,0.0769935,13.8629,2.30259,21,0.222845,0,0,0,0,1
CMDP-PostCheck,49.3965,285,67,PostCheck,0,0,0.0236828,13.8629,2.30259,21,0.366089,0,0,0,0,1.02661
CMDP-PostCheck,49.3999,451,527,PostCheck,0,0,0.0236867,13.8629,2.30259,21,0.151075,0,0,0,0,1.0474
CMDP-PostCheck,49.4078,52,135,PostCheck,0,0,0.0237138,13.5576,2.30259,21,0.254226,0,0,0,0,1.04934
CMDP-PostCheck,49.4098,354,138,PostCheck,0,0,0.0232417,13.8629,2.30259,21,0.502082,0,0,0,0,1
CMDP-PostCheck,49.4146,49,544,PostCheck,0,0,0.0237158,13.8629,2.30259,21,0.113334,0,0,0,0,1.04047
CMDP-PostCheck,49.4159,448,239,PostCheck,0,0,0.0236913,13.8629,2.30259,21,0.124625,0,0,0,0,1
CMDP-PostCheck,49.4175,88,138,PostCheck,0,0,0.0232417,13.8629,2.30259,21,0.515459,0,0,0,0,0.994303
CMDP-PostCheck,49.4181,352,192,PostCheck,0,0,0.0236882,13.8629,2.30259,21,0.381538,0,0,0,0,1.00928
CMDP-PostCheck,49.421,542,413,PostCheck,0,0,0.0236827,13.8629,2.30259,21,0.358039,0,0,0,0,1
CMDP-PostCheck,49.4227,140,546,PostCheck,0,0,0.0232888,13.8629,2.30259,21,0.152388,0,0,0,0,1
CMDP-PostCheck,49.4247,281,213,PostCheck,1,0,0.0177949,9.70406,2.30259,16,0.312111,0,0,0,0,1.03701
CMDP-PostCheck,49.4294,61,359,PostCheck,1,1,0.00314765,1.08091,2.30259,4,0.175517,0,0,0,0,0.985844
CMDP-PostCheck,49.4433,122,42,PostCheck,0,0,0.0232532,13.8629,2.30259,21,0.345968,0,0,0,0,1.0474
CMDP-PostCheck,49.4482,360,66,PostCheck,0,0,0.0236844,13.8629,2.30259,21,0.264488,0,0,0,0,1
CMDP-PostCheck,49.4499,325,182,PostCheck,0,0,0.0233436,13.8629,2.30259,21,0.24696,0,0,0,0,1
CMDP-PostCheck,49.4549,553,325,PostCheck,0,0,0.0236785,13.8629,2.30259,21,0.474178,0,0,0,0,1
CMDP-PostCheck,49.4579,201,50,PostCheck,0,0,0.0232532,13.8629,2.30259,21,0.619669,0,0,0,0,1
CMDP-PostCheck,49.4598,66,138,PostCheck,0,0,0.02324,13.8629,2.30259,21,0.359901,0,0,0,0,1.00012
CMDP-PostCheck,49.4619,128,458,PostCheck,0,0,0.02324,13.8629,2.30259,21,0.491828,0,0,0,0,1
CMDP-PostCheck,49.4654,222,139,PostCheck,0,0,0.023678,13.8629,2.30259,21,0.360991,0,0,0,0,1.00235
CMDP-PostCheck,49.4754,314,555,PostCheck,0,0,0.0236795,13.8629,2.30259,21,0.114312,0,0,0,0,0.991953
CMDP-PostCheck,49.4782,70,22,PostCheck,0,0,0.0236777,13.8629,2.30259,21,0.195931,0,0,0,0,1
CMDP-PostCheck,49.4843,284,327,PostCheck,0,0,0.0233252,13.8629,2.30259,21,0.619943,0,0,0,0,1
CMDP-PostCheck,49.4843,410,584,PostCheck,0,0,0.0236923,13.8629,2.30259,21,0.260489,0,0,0,0,1
CMDP-PostCheck,49.4988,534,77,PostCheck,0,0,0.0236787,13.8629,2.30259,21,0.329366,0,0,0,0,1
CMDP-PostCheck,49.5062,48,82,PostCheck,0,0,0.0232537,13.8629,2.30259,21,0.477088,0,0,0,0,0.991953
CMDP-PostCheck,49.5096,115,12,PostCheck,1,0,0.00907354,4.85203,2.30259,9,0.249759,0,0,0,0,1.01275
CMDP-PostCheck,49.5162,444,151,PostCheck,0,0,0.0236812,13.8629,2.30259,21,0.362507,0,0,0,0,1
CMDP-PostCheck,49.5183,200,9,PostCheck,0,0,0.0236776,13.8629,2.30259,21,0.173789,0,0,0,0,0.991953
CMDP-PostCheck,49.5229,10,54,PostCheck,0,0,0.0237667,12.336,2.30259,21,0.358767,0,0,0,0,1
CMDP-PostCheck,49.5242,76,82,PostCheck,0,0,0.0232537,13.8629,2.30259,21,0.703017,0,0,0,0,0.991953
CMDP-PostCheck,49.5251,268,432,PostCheck,0,0,0.0236945,13.8629,2.30259,21,0.087032,0,0,0,0,0.991953
CMDP-PostCheck,49.526,457,249,PostCheck,1,1,0.00240266,0.693147,2.30259,3,0.050092,0,0,0,0,0.991953
CMDP-PostCheck,49.5316,332,327,PostCheck,0,0,0.0233252,13.8629,2.30259,21,0.264045,0,0,0,0,1
CMDP-PostCheck,49.5346,132,555,PostCheck,0,0,0.0236819,13.8629,2.30259,21,0.229292,0,0,0,0,1.0474
CMDP-PostCheck,49.5349,529,11,PostCheck,0,0,0.0237011,13.8629,2.30259,21,0.213998,0,0,0,0,1
CMDP-PostCheck,49.5406,0,542,PostCheck,0,0,0.0537093,13.2522,2.30259,21,0.202913,0,0,0,0,1
CMDP-PostCheck,49.5427,208,255,PostCheck,0,0,0.0236853,13.8629,2.30259,21,0.282685,0,0,0,0,1.04047
CMDP-PostCheck,49.5449,141,250,PostCheck,0,0,0.023246,13.8629,2.30259,21,0.353757,0,0,0,0,1.07636
CMDP-PostCheck,49.5483,458,138,PostCheck,0,0,0.02324,13.8629,2.30259,21,0.35338,0,0,0,0,1
CMDP-PostCheck,49.5497,464,91,PostCheck,0,0,0.023681,13.8629,2.30259,21,0.270142,0,0,0,0,1.0474
CMDP-PostCheck,49.5587,390,134,PostCheck,0,0,0.00948138,5.54518,2.30259,9,0.027782,0,0,0,0,1
CMDP-PostCheck,49.5609,75,162,PostCheck,0,0,0.0234795,13.8629,2.30259,21,0.350523,0,0,0,0,1
CMDP-PostCheck,49.5615,123,79,PostCheck,0,0,0.0232681,13.8629,2.30259,21,0.200276,0,0,0,0,1
CMDP-PostCheck,49.5643,182,141,PostCheck,0,0,0.023246,13.8629,2.30259,21,0.246873,0,0,0,0,1
CMDP-PostCheck,49.565,483,330,PostCheck,0,0,0.150757,13.8629,2.30259,21,0.206334,0,0,0,0,1
CMDP-PostCheck,49.5693,119,82,PostCheck,0,0,0.0232537,13.8629,2.30259,21,0.533344,0,0,0,0,0.991953
CMDP-PostCheck,49.5694,349,513,PostCheck,0,0,0.105378,13.8629,2.30259,21,0.21919,0,0,0,0,1.06015
CMDP-PostCheck,49.5699,485,138,PostCheck,0,0,0.02324,13.8629,2.30259,21,0.480998,0,0,0,0,1
CMDP-PostCheck,49.5729,421,82,PostCheck,0,0,0.0232537,13.8629,2.30259,21,0.5858,0,0,0,0,1
CMDP-PostCheck,49.5758,85,189,PostCheck,0,0,0.0237015,13.8629,2.30259,21,0.238168,0,0,0,0,0.991953
CMDP-PostCheck,49.5856,376,79,PostCheck,0,0,0.0232681,13.8629,2.30259,21,0.392674,0,0,0,0,1
CMDP-PostCheck,49.5912,408,450,PostCheck,0,0,0.00476147,2.77259,2.30259,5,0.019622,0,0,0,0,1
CMDP-PostCheck,49.5917,433,82,PostCheck,0,0,0.0232537,13.8629,2.30259,21,0.604597,0,0,0,0,1
CMDP-PostCheck,49.5945,209,435,PostCheck,0,0,0.0047478,2.77259,2.30259,5,0.068761,0,0,0,0,1
CMDP-PostCheck,49.5968,114,275,PostCheck,0,0,0.0236848,13.8629,2.30259,21,0.251126,0,0,0,0,1
CMDP-PostCheck,49.5985,91,478,PostCheck,0,0,0.0236807,13.8629,2.30259,21,0.624565,0,0,0,0,1
CMDP-PostCheck,49.5989,452,24,PostCheck,0,0,0.023682,13.8629,2.30259,21,0.270759,0,0,0,0,1
CMDP-PostCheck,49.6002,333,82,PostCheck,0,0,0.0232537,13.8629,2.30259,21,0.463209,0,0,0,0,1
CMDP-PostCheck,49.6021,378,82,PostCheck,0,0,0.0232537,13.8629,2.30259,21,0.608497,0,0,0,0,1
CMDP-PostCheck,49.6024,530,362,PostCheck,0,0,0.0232635,13.8629,2.30259,21,0.578465,0,0,0,0,1
CMDP-PostCheck,49.604,288,527,PostCheck,0,0,0.0236942,13.8629,2.30259,21,0.16557,0,0,0,0,1.01621
CMDP-PostCheck,49.6059,395,201,PostCheck,0,0,0.0232635,13.8629,2.30259,21,0.29684,0,0,0,0,1
CMDP-PostCheck,49.6077,554,423,PostCheck,0,0,0.0237063,13.8629,2.30259,21,0.383564,0,0,0,0,1
CMDP-PostCheck,49.6123,474,477,PostCheck,0,0,0.0236786,13.8629,2.30259,21,0.210414,0,0,0,0,1
CMDP-PostCheck,49.6139,449,527,PostCheck,0,0,0.0236988,13.8629,2.30259,21,0.085747,0,0,0,0,1
CMDP-PostCheck,49.615,446,639,PostCheck,0,0,0.0232491,13.8629,2.30259,21,0.152621,0,0,0,0,1
CMDP-PostCheck,49.6158,148,275,PostCheck,0,0,0.0236904,13.8629,2.30259,21,0.297821,0,0,0,0,1.09481
CMDP-PostCheck,49.6209,459,588,PostCheck,0,0,0.023245,13.8629,2.30259,21,0.178222,0,0,0,0,1.04394
CMDP-PostCheck,49.6249,205,43,PostCheck,1,0,0.00553025,2.77259,2.30259,6,0.336727,0,0,0,0,0.989721
CMDP-PostCheck,49.6283,243,584,PostCheck,0,0,0.0236793,13.8629,2.30259,21,0.241433,0,0,0,0,1
CMDP-PostCheck,49.6299,389,111,PostCheck,0,0,0.0236778,13.8629,2.30259,21,0.329851,0,0,0,0,1.01163
CMDP-PostCheck,49.6325,323,257,PostCheck,0,0,0.0234796,13.8629,2.30259,21,0.199604,0,0,0,0,1
CMDP-PostCheck,49.6339,230,362,PostCheck,0,0,0.0232635,13.8629,2.30259,21,0.764378,0,0,0,0,0.998884
CMDP-PostCheck,49.638,517,166,PostCheck,0,0,0.0232682,13.8629,2.30259,21,0.223021,0,0,0,0,1
CMDP-PostCheck,49.6439,53,405,PostCheck,0,0,0.0237369,13.2463,2.30259,21,0.384047,0,0,0,0,0.990066
CMDP-PostCheck,49.6457,361,26,PostCheck,0,0,0.0237007,13.8629,2.30259,21,0.259384,0,0,0,0,0.991953
CMDP-PostCheck,49.6551,282,362,PostCheck,0,0,0.0232635,13.8629,2.30259,21,0.53823,0,0,0,0,1
CMDP-PostCheck,49.656,220,56,PostCheck,0,0,0.0236794,13.8629,2.30259,21,0.31041,0,0,0,0,0.991953
CMDP-PostCheck,49.656,463,471,PostCheck,1,0,0.00670214,3.46574,2.30259,7,0.216625,0,0,0,0,1.00582
CMDP-PostCheck,49.6581,441,208,PostCheck,1,0,0.00595402,2.77259,2.30259,6,0.15773,0,0,0,0,1.01163
CMDP-PostCheck,49.6613,466,286,PostCheck,0,0,0.0236854,13.8629,2.30259,21,0.186065,0,0,0,0,0.998884
CMDP-PostCheck,49.6693,335,369,PostCheck,0,0,0.0236802,13.8629,2.30259,21,0.291875,0,0,0,0,0.998884
CMDP-PostCheck,49.6707,134,14,PostCheck,0,0,0.0237033,13.8629,2.30259,21,0.196637,0,0,0,0,1.04629
CMDP-PostCheck,49.6798,231,527,PostCheck,0,0,0.0236942,13.8629,2.30259,21,0.366019,0,0,0,0,1
CMDP-PostCheck,49.6819,189,451,PostCheck,0,0,0.0237149,13.8629,2.30259,21,0.095177,0,0,0,0,1
CMDP-PostCheck,49.6823,116,404,PostCheck,0,0,0.0236799,13.8629,2.30259,21,0.286413,0,0,0,0,0.991953
CMDP-PostCheck,49.6879,235,362,PostCheck,0,0,0.0232635,13.8629,2.30259,21,0.34308,0,0,0,0,1
CMDP-PostCheck,49.7044,92,492,PostCheck,0,0,0.023695,13.8629,2.30259,21,0.19528,0,0,0,0,1.05178
CMDP-PostCheck,49.7062,478,55,PostCheck,0,0,0.0236924,13.8629,2.30259,21,0.410426,0,0,0,0,1
CMDP-PostCheck,49.7104,238,221,PostCheck,0,0,0.0236849,13.8629,2.30259,21,0.142008,0,0,0,0,1
CMDP-PostCheck,49.712,300,574,PostCheck,0,0,0.0236956,13.8629,2.30259,21,0.17412,0,0,0,0,1
CMDP-PostCheck,49.7126,407,362,PostCheck,0,0,0.0232635,13.8629,2.30259,21,0.449859,0,0,0,0,1
CMDP-PostCheck,49.7161,557,211,PostCheck,0,0,0.0236931,13.8629,2.30259,21,0.219183,0,0,0,0,1
CMDP-PostCheck,49.7193,68,192,PostCheck,0,0,0.0236922,13.8629,2.30259,21,0.29333,0,0,0,0,1.12489
CMDP-PostCheck,49.7224,509,224,PostCheck,0,0,0.0236923,13.8629,2.30259,21,0.101131,0,0,0,0,1
CMDP-PostCheck,49.7238,377,192,PostCheck,1,0,0.0166122,9.01091,2.30259,15,0.24416,0,0,0,0,1.03354
CMDP-PostCheck,49.7246,188,544,PostCheck,0,0,0.0237134,13.8629,2.30259,21,0.106826,0,0,0,0,1.03701
CMDP-PostCheck,49.7307,293,491,PostCheck,0,0,0.0232398,13.8629,2.30259,21,0.557189,0,0,0,0,1
CMDP-PostCheck,49.7376,228,166,PostCheck,0,0,0.0232682,13.8629,2.30259,21,0.69199,0,0,0,0,1.00928
CMDP-PostCheck,49.74,261,491,PostCheck,0,0,0.0232398,13.8629,2.30259,21,0.304729,0,0,0,0,0.991953
CMDP-PostCheck,49.7406,366,331,PostCheck,1,1,0.00196102,0.693147,2.30259,3,0.239383,0,0,0,0,0.991953
CMDP-PostCheck,49.7517,211,134,PostCheck,0,0,0.0106823,6.23832,2.30259,10,0.114959,0,0,0,0,1
CMDP-PostCheck,49.7539,105,362,PostCheck,0,0,0.0232635,13.8629,2.30259,21,0.490424,0,0,0,0,0.991953
CMDP-PostCheck,49.7598,26,535,PostCheck,0,0,0.0236984,13.8629,2.30259,21,0.111165,0,0,0,0,1.04282
CMDP-PostCheck,49.7698,462,389,PostCheck,0,0,0.0232536,13.8629,2.30259,21,0.417728,0,0,0,0,1
CMDP-PostCheck,49.7777,345,389,PostCheck,0,0,0.0232536,13.8629,2.30259,21,0.287997,0,0,0,0,1
CMDP-PostCheck,49.7942,356,166,PostCheck,0,0,0.0232478,13.8629,2.30259,21,0.376449,0,0,0,0,1
CMDP-PostCheck,49.7944,171,389,PostCheck,0,0,0.0232536,13.8629,2.30259,21,0.700604,0,0,0,0,0.991953
CMDP-PostCheck,49.7963,416,441,PostCheck,1,1,0.00457226,2.07944,2.30259,5,0.187445,0,0,0,0,0.998884
CMDP-PostCheck,49.8115,406,530,PostCheck,1,1,0.00196962,0.693147,2.30259,3,0.094427,0,0,0,0,0.991953
CMDP-PostCheck,49.8125,12,177,PostCheck,0,0,0.0405714,13.0951,2.30259,21,0.563777,0,0,0,0,0.967423
CMDP-PostCheck,49.8133,486,449,PostCheck,0,0,0.0236918,13.8629,2.30259,21,0.135544,0,0,0,0,1
CMDP-PostCheck,49.815,30,506,PostCheck,0,0,0.0232457,12.9468,2.30259,21,0.337357,0,0,0,0,0.997769
CMDP-PostCheck,49.8168,56,402,PostCheck,1,0,0.00832544,4.15888,2.30259,8,0.118873,0,0,0,0,1.00928
CMDP-PostCheck,49.8188,161,166,PostCheck,0,0,0.0232478,13.8629,2.30259,21,0.323578,0,0,0,0,1
CMDP-PostCheck,49.8196,157,460,PostCheck,0,0,0.023687,13.8629,2.30259,21,0.208155,0,0,0,0,1
CMDP-PostCheck,49.8196,481,184,PostCheck,0,0,0.0236863,13.8629,2.30259,21,0.301085,0,0,0,0,1.02314
CMDP-PostCheck,49.8283,513,24,PostCheck,0,0,0.0236785,13.8629,2.30259,21,0.197067,0,0,0,0,1.00582
CMDP-PostCheck,49.8342,516,112,PostCheck,1,0,0.0177922,9.70406,2.30259,16,0.188912,0,0,0,0,1.03701
CMDP-PostCheck,49.8454,173,491,PostCheck,0,0,0.0232398,13.8629,2.30259,21,0.504037,0,0,0,0,1.00582
CMDP-PostCheck,49.8498,153,221,PostCheck,0,0,0.0236901,13.8629,2.30259,21,0.30628,0,0,0,0,1.02661
CMDP-PostCheck,49.8531,338,389,PostCheck,0,0,0.0232536,13.7088,2.30259,21,0.340575,0,0,0,0,1
CMDP-PostCheck,49.8545,498,129,PostCheck,0,0,0.0311331,13.7088,2.30259,21,0.228373,0,0,0,0,1
CMDP-PostCheck,49.8686,143,497,PostCheck,0,0,0.0237129,13.8629,2.30259,21,0.239001,0,0,0,0,1
CMDP-PostCheck,49.8722,174,166,PostCheck,0,0,0.0232478,13.8629,2.30259,21,0.216077,0,0,0,0,1
CMDP-PostCheck,49.8726,246,141,PostCheck,0,0,0.023246,13.8629,2.30259,21,0.250797,0,0,0,0,0.991953
CMDP-PostCheck,49.8734,313,566,PostCheck,0,0,0.0232398,13.8629,2.30259,21,0.330243,0,0,0,0,1
CMDP-PostCheck,49.8746,427,362,PostCheck,0,0,0.0232635,13.8629,2.30259,21,0.538843,0,0,0,0,1.0474
CMDP-PostCheck,49.8812,475,353,PostCheck,0,0,0.0236816,13.8629,2.30259,21,0.159424,0,0,0,0,1
CMDP-PostCheck,49.8819,219,566,PostCheck,0,0,0.0232398,13.8629,2.30259,21,0.685992,0,0,0,0,1
CMDP-PostCheck,49.8826,431,491,PostCheck,0,0,0.0232398,13.8629,2.30259,21,0.463353,0,0,0,0,1
CMDP-PostCheck,49.888,514,434,PostCheck,0,0,0.0236852,13.8629,2.30259,21,0.191424,0,0,0,0,1
CMDP-PostCheck,49.8892,9,54,PostCheck,0,0,0.0464783,12.336,2.30259,21,0.354243,0,0,0,0,1
CMDP-PostCheck,49.8902,355,527,PostCheck,0,0,0.0236966,13.8629,2.30259,21,0.197461,0,0,0,0,1
CMDP-PostCheck,49.8921,14,3,PostCheck,0,0,0.0237098,13.5576,2.30259,21,0.268593,0,0,0,0,1.0255
CMDP-PostCheck,49.8938,381,79,PostCheck,0,0,0.0232478,13.8629,2.30259,21,0.334451,0,0,0,0,1
CMDP-PostCheck,49.8951,241,566,PostCheck,0,0,0.0232398,13.7088,2.30259,21,0.29216,0,0,0,0,0.993532
CMDP-PostCheck,49.8956,198,15,PostCheck,0,0,0.0236989,13.8629,2.30259,21,0.116267,0,0,0,0,1
CMDP-PostCheck,49.8958,169,345,PostCheck,0,0,0.0236868,13.8629,2.30259,21,0.344958,0,0,0,0,1
CMDP-PostCheck,49.8961,494,639,PostCheck,0,0,0.02325,13.8629,2.30259,21,0.324821,0,0,0,0,1
CMDP-PostCheck,49.8972,310,298,PostCheck,1,1,0.00239439,0.693147,2.30259,3,0.183496,0,0,0,0,0.983906
CMDP-PostCheck,49.8997,435,313,PostCheck,1,0,0.0201863,11.0904,2.30259,18,0.209273,0,0,0,0,1.09134
CMDP-PostCheck,49.9007,327,389,PostCheck,0,0,0.0232536,13.8629,2.30259,21,0.602713,0,0,0,0,1
CMDP-PostCheck,49.904,351,166,PostCheck,0,0,0.0232478,13.8629,2.30259,21,0.366356,0,0,0,0,1
CMDP-PostCheck,49.9044,254,14,PostCheck,0,0,0.0237223,13.8629,2.30259,21,0.103054,0,0,0,0,1
CMDP-PostCheck,49.909,45,106,PostCheck,0,0,0.0237594,13.2522,2.30259,21,0.244669,0,0,0,0,1
CMDP-PostCheck,49.9135,296,255,PostCheck,0,0,0.0234861,13.8629,2.30259,21,0.380632,0,0,0,0,1
CMDP-PostCheck,49.9189,104,397,PostCheck,1,1,0.0544005,0.470004,2.30259,3,0.187251,0,0,0,0,0.998615
CMDP-PostCheck,49.9237,152,347,PostCheck,1,0,0.0201558,11.0904,2.30259,18,0.4051,0,0,0,0,1.06015
CMDP-PostCheck,49.9259,415,389,PostCheck,0,0,0.0232536,13.8629,2.30259,21,0.519362,0,0,0,0,1
CMDP-PostCheck,49.9267,265,389,PostCheck,0,0,0.0232536,13.8629,2.30259,21,0.374896,0,0,0,0,0.983906
CMDP-PostCheck,49.9316,287,612,PostCheck,0,0,0.0237161,13.8629,2.30259,21,0.215302,0,0,0,0,1
CMDP-PostCheck,49.9332,95,389,PostCheck,0,0,0.0232536,13.8629,2.30259,21,0.520241,0,0,0,0,1
CMDP-PostCheck,49.9435,372,232,PostCheck,0,0,0.0236782,13.8629,2.30259,21,0.721452,0,0,0,0,1
CMDP-PostCheck,49.9465,81,141,PostCheck,0,0,0.023246,13.8629,2.30259,21,0.360761,0,0,0,0,1.04047
CMDP-PostCheck,49.9541,363,527,PostCheck,0,0,0.0236827,13.8629,2.30259,21,0.179042,0,0,0,0,1
CMDP-PostCheck,49.959,328,216,PostCheck,0,0,0.0236847,13.8629,2.30259,21,0.25225,0,0,0,0,1.02314
CMDP-PostCheck,49.9591,467,80,PostCheck,0,0,0.0236802,13.8629,2.30259,21,0.220775,0,0,0,0,1
CMDP-PostCheck,49.9604,67,596,PostCheck,1,1,0.0030374,0.538997,2.30259,3,0.214624,0,0,0,0,1.0263
CMDP-PostCheck,49.9627,97,125,PostCheck,0,0,0.0232398,13.8629,2.30259,21,0.753957,0,0,0,0,1.04282
CMDP-PostCheck,49.9648,165,339,PostCheck,0,0,0.0236788,13.8629,2.30259,21,0.343262,0,0,0,0,0.991953
CMDP-PostCheck,49.9694,506,566,PostCheck,0,0,0.0232399,13.8629,2.30259,21,0.353598,0,0,0,0,1
CMDP-PostCheck,49.9751,536,444,PostCheck,0,0,0.0236902,13.8629,2.30259,21,0.44641,0,0,0,0,1
CMDP-PostCheck,49.9756,126,75,PostCheck,0,0,0.0236777,13.8629,2.30259,21,0.206648,0,0,0,0,1
CMDP-PostCheck,49.9791,206,157,PostCheck,0,0,0.0236867,13.8629,2.30259,21,0.23732,0,0,0,0,1.01968
CMDP-PostCheck,49.9791,280,106,PostCheck,0,0,0.0237135,13.8629,2.30259,21,0.151139,0,0,0,0,1
CMDP-PostCheck,49.9802,492,14,PostCheck,0,0,0.0237234,13.8629,2.30259,21,0.183284,0,0,0,0,1.01968
CMDP-PostCheck,49.9819,423,544,PostCheck,0,0,0.023712,13.8629,2.30259,21,0.218605,0,0,0,0,1
CMDP-PostCheck,49.9863,101,371,PostCheck,0,0,0.023696,13.8629,2.30259,21,0.229583,0,0,0,0,1.04047
CMDP-PostCheck,49.989,34,372,PostCheck,0,0,0.0233491,12.323,2.30259,21,0.568957,0,0,0,0,0.993643
CMDP-PostCheck,49.9912,269,192,PostCheck,0,0,0.0236808,13.8629,2.30259,21,0.228376,0,0,0,0,0.983906
CMDP-PostCheck,49.995,166,79,PostCheck,0,0,0.0232478,13.8629,2.30259,21,0.375833,0,0,0,0,1
CMDP-PostCheck,49.9954,521,353,PostCheck,0,0,0.0236812,13.8629,2.30259,21,0.247646,0,0,0,0,1
CMDP-PostCheck,49.9998,36,203,PostCheck,0,0,0.0131016,7.01386,2.30259,12,0.20846,0,0,0,0,1
