configName,simTime,src,dst,policyMode,reachable,feasible,totalDelay,totalTrustCost,budget,hops,computeTimeMs,pipMasked,pipCandidates,pipDijkstraMs,pipNodesExpanded,lambda
E3-Strict-p005,11.06,3,86,RLPolicy,1,1,0.0234925,2.54959,2.99573,7,0.300919,22,38,0.188851,45,0.997769
E3-Strict-p005,11.3471,1,1,RLPolicy,0,0,0,0,2.99573,1,0.233265,4,4,0.22515,54,1
E3-Strict-p005,11.5304,0,0,RLPolicy,0,0,0,0,2.99573,1,0.24874,13,13,0.240205,56,1
E3-Strict-p005,11.8236,5,5,RLPolicy,0,0,0,0,2.99573,1,0.25846,10,10,0.248096,5,1
E3-Strict-p005,12.0273,2,2,RLPolicy,0,0,0,0,2.99573,1,0.319074,11,11,0.308034,60,1
E3-Strict-p005,12.0348,4,4,RLPolicy,0,0,0,0,2.99573,1,0.257004,14,14,0.246919,5,1
E3-Strict-p005,12.5044,6,111,RLPolicy,1,1,0.042536,1.08091,2.99573,4,0.400713,0,24,0.308024,67,0.990426
E3-Strict-p005,12.8287,9,83,RLPolicy,1,1,0.00599792,2.77259,2.99573,6,0.583619,51,69,0.463925,71,0.998884
E3-Strict-p005,13.06,3,15,RLPolicy,1,1,0.0425729,2.85497,2.99573,7,0.433652,50,59,0.24642,71,0.997065
E3-Strict-p005,13.1394,12,12,RLPolicy,0,0,0,0,2.99573,1,0.569877,7,7,0.557275,33,1
E3-Strict-p005,13.3471,1,1,RLPolicy,0,0,0,0,2.99573,1,0.18779,4,4,0.180129,2,1
E3-Strict-p005,13.3654,7,7,RLPolicy,0,0,0,0,2.99573,1,0.312888,18,18,0.301777,33,1
E3-Strict-p005,13.3911,8,8,RLPolicy,0,0,0,0,2.99573,1,0.32142,20,20,0.309017,5,1
E3-Strict-p005,13.5304,0,0,RLPolicy,0,0,0,0,2.99573,1,0.221916,12,12,0.2132,80,1
E3-Strict-p005,13.7018,11,11,RLPolicy,0,0,0,0,2.99573,1,0.350976,2,2,0.33808,34,1
E3-Strict-p005,13.8236,5,5,RLPolicy,0,0,0,0,2.99573,1,0.322741,12,12,0.313905,83,1
E3-Strict-p005,14.0191,10,10,RLPolicy,0,0,0,0,2.99573,1,0.372133,4,4,0.361687,85,1
E3-Strict-p005,14.0273,2,2,RLPolicy,0,0,0,0,2.99573,1,0.260808,12,12,0.252096,85,1
E3-Strict-p005,14.0348,4,4,RLPolicy,0,0,0,0,2.99573,1,0.263621,14,14,0.254561,85,1
E3-Strict-p005,14.4809,18,18,RLPolicy,0,0,0,0,2.99573,1,0.457657,17,17,0.442748,87,1
E3-Strict-p005,14.5044,6,6,RLPolicy,0,0,0,0,2.99573,1,0.293306,10,10,0.283385,39,0.990426
E3-Strict-p005,14.6026,13,13,RLPolicy,0,0,0,0,2.99573,1,0.386773,9,9,0.375548,87,1
E3-Strict-p005,14.7076,15,6,RLPolicy,1,1,0.0411651,2.92136,2.99573,8,0.587196,63,78,0.409226,88,0.999628
E3-Strict-p005,14.8131,14,14,RLPolicy,0,0,0,0,2.99573,1,0.373236,2,2,0.363216,90,1
E3-Strict-p005,14.8149,16,16,RLPolicy,0,0,0,0,2.99573,1,0.387937,19,19,0.374588,90,1
E3-Strict-p005,14.8287,9,9,RLPolicy,0,0,0,0,2.99573,1,0.26794,17,17,0.259135,2,0.998884
E3-Strict-p005,15.0587,20,75,RLPolicy,1,1,0.0470181,2.85497,2.99573,7,0.686987,93,115,0.451855,93,0.999296
E3-Strict-p005,15.06,3,3,RLPolicy,0,0,0,0,2.99573,1,0.404112,11,11,0.390633,93,0.997065
E3-Strict-p005,15.0602,19,19,RLPolicy,0,0,0,0,2.99573,1,0.852008,11,11,0.822683,2,1
E3-Strict-p005,15.1394,12,66,RLPolicy,1,1,0.0339955,1.38629,2.99573,4,0.378043,0,36,0.28243,94,0.991953
E3-Strict-p005,15.3471,1,1,RLPolicy,0,0,0,0,2.99573,1,0.405947,2,2,0.39406,97,1
E3-Strict-p005,15.3654,7,118,RLPolicy,1,1,0.00721654,2.85497,2.99573,7,0.502509,64,78,0.306077,97,0.999296
E3-Strict-p005,15.3911,8,8,RLPolicy,0,0,0,0,2.99573,1,0.534048,26,26,0.518236,97,1
E3-Strict-p005,15.416,17,17,RLPolicy,0,0,0,0,2.99573,1,0.658119,16,16,0.638298,97,1
E3-Strict-p005,15.5304,0,0,RLPolicy,0,0,0,0,2.99573,1,0.541487,16,16,0.520902,97,1
E3-Strict-p005,15.7018,11,11,RLPolicy,0,0,0,0,2.99573,1,0.319754,3,3,0.310179,103,1
E3-Strict-p005,15.7398,27,27,RLPolicy,0,0,0,0,2.99573,1,0.515989,32,32,0.498725,5,1
E3-Strict-p005,15.8236,5,5,RLPolicy,0,0,0,0,2.99573,1,0.505692,21,21,0.49027,104,1
E3-Strict-p005,15.8562,22,121,RLPolicy,1,1,0.0363585,1.38629,2.99573,4,0.612617,0,48,0.487137,104,0.991953
E3-Strict-p005,16.0119,30,30,RLPolicy,0,0,0,0,2.99573,1,0.52621,7,7,0.504277,104,1
E3-Strict-p005,16.0153,21,7,RLPolicy,1,1,0.0459795,2.46721,2.99573,6,0.723393,80,110,0.539355,104,0.997357
E3-Strict-p005,16.0171,24,24,RLPolicy,0,0,0,0,2.99573,1,0.474383,5,5,0.460393,3,1
E3-Strict-p005,16.0191,10,10,RLPolicy,0,0,0,0,2.99573,1,0.291666,5,5,0.280386,3,1
E3-Strict-p005,16.0273,2,2,RLPolicy,0,0,0,0,2.99573,1,1.04828,17,17,1.02512,104,1
E3-Strict-p005,16.0348,4,4,RLPolicy,0,0,0,0,2.99573,1,0.703013,12,12,0.686589,104,1
E3-Strict-p005,16.0396,29,29,RLPolicy,0,0,0,0,2.99573,1,0.611944,23,23,0.576923,104,1
E3-Strict-p005,16.1834,31,31,RLPolicy,0,0,0,0,2.99573,1,0.594224,22,22,0.579082,105,1
E3-Strict-p005,16.2109,33,123,RLPolicy,1,1,0.0378752,0.693147,2.99573,3,1.82312,0,50,1.68499,50,0.988487
E3-Strict-p005,16.3245,23,112,RLPolicy,1,1,0.0370735,1.38629,2.99573,4,0.909862,0,55,0.764111,107,0.991953
E3-Strict-p005,16.3419,32,32,RLPolicy,0,0,0,0,2.99573,1,0.691953,31,31,0.672976,50,1
E3-Strict-p005,16.3441,37,37,RLPolicy,0,0,0,0,2.99573,1,0.79007,5,5,0.768742,107,1
E3-Strict-p005,16.4532,28,28,RLPolicy,0,0,0,0,2.99573,1,0.484392,19,19,0.467666,4,1
E3-Strict-p005,16.4809,18,4,RLPolicy,1,1,0.0363766,0.387766,2.99573,3,0.493639,0,38,0.402451,51,0.98696
E3-Strict-p005,16.5044,6,6,RLPolicy,0,0,0,0,2.99573,1,0.354701,14,14,0.341126,2,0.990426
E3-Strict-p005,16.6026,13,112,RLPolicy,1,1,0.036285,2.77259,2.99573,6,0.573205,27,109,0.399379,111,0.998884
E3-Strict-p005,16.7076,15,15,RLPolicy,0,0,0,0,2.99573,1,0.368561,9,9,0.356212,2,0.999628
E3-Strict-p005,16.71,36,36,RLPolicy,0,0,0,0,2.99573,1,0.486009,16,16,0.471627,112,1
E3-Strict-p005,16.8131,14,14,RLPolicy,0,0,0,0,2.99573,1,0.325338,3,3,0.314777,57,1
E3-Strict-p005,16.8149,16,16,RLPolicy,0,0,0,0,2.99573,1,0.399734,16,16,0.3882,112,1
E3-Strict-p005,16.8287,9,9,RLPolicy,0,0,0,0,2.99573,1,0.811425,20,20,0.783253,4,0.998884
E3-Strict-p005,16.8439,26,26,RLPolicy,0,0,0,0,2.99573,1,0.540352,3,3,0.526606,112,1
E3-Strict-p005,17.0587,20,20,RLPolicy,0,0,0,0,2.99573,1,0.429258,33,33,0.413572,59,0.999296
E3-Strict-p005,17.06,3,15,RLPolicy,1,1,0.0405446,2.85497,2.99573,7,0.623522,92,101,0.433506,115,0.996362
E3-Strict-p005,17.0602,19,51,RLPolicy,1,1,0.0354817,2.85497,2.99573,7,0.826465,90,112,0.596101,115,0.999296
E3-Strict-p005,17.1394,12,12,RLPolicy,0,0,0,0,2.99573,1,0.611245,19,19,0.593511,59,0.991953
E3-Strict-p005,17.1626,25,25,RLPolicy,0,0,0,0,2.99573,1,0.64275,30,30,0.62348,59,1
E3-Strict-p005,17.2315,38,38,RLPolicy,0,0,0,0,2.99573,1,0.55796,17,17,0.542072,59,1
E3-Strict-p005,17.2636,39,39,RLPolicy,0,0,0,0,2.99573,1,0.553054,22,22,0.533254,59,1
E3-Strict-p005,17.3471,1,1,RLPolicy,0,0,0,0,2.99573,1,0.437056,3,3,0.42441,60,1
E3-Strict-p005,17.3654,7,7,RLPolicy,0,0,0,0,2.99573,1,0.567018,23,23,0.549799,60,0.999296
E3-Strict-p005,17.3911,8,8,RLPolicy,0,0,0,0,2.99573,1,0.614929,29,29,0.597162,119,1
E3-Strict-p005,17.416,17,17,RLPolicy,0,0,0,0,2.99573,1,0.466959,19,19,0.453873,119,1
E3-Strict-p005,17.5226,44,44,RLPolicy,0,0,0,0,2.99573,1,2.68021,20,20,2.6566,120,1
E3-Strict-p005,17.5304,0,0,RLPolicy,0,0,0,0,2.99573,1,0.453784,20,20,0.441432,120,1
E3-Strict-p005,17.6869,35,35,RLPolicy,0,0,0,0,2.99573,1,0.640181,17,17,0.619376,121,1
E3-Strict-p005,17.7018,11,11,RLPolicy,0,0,0,0,2.99573,1,0.643129,4,4,0.627892,123,1
E3-Strict-p005,17.7398,27,27,RLPolicy,0,0,0,0,2.99573,1,0.532416,35,35,0.516872,64,1
E3-Strict-p005,17.8236,5,5,RLPolicy,0,0,0,0,2.99573,1,0.480605,30,30,0.467169,124,1
E3-Strict-p005,17.8562,22,22,RLPolicy,0,0,0,0,2.99573,1,0.556606,23,23,0.536316,64,0.991953
E3-Strict-p005,17.8632,34,39,RLPolicy,1,1,0.0384099,2.77259,2.99573,6,0.952334,75,82,0.81314,124,0.998884
E3-Strict-p005,17.9719,41,41,RLPolicy,0,0,0,0,2.99573,1,0.626848,32,32,0.589679,66,1
E3-Strict-p005,17.9821,42,42,RLPolicy,0,0,0,0,2.99573,1,0.622295,26,26,0.597035,66,1
E3-Strict-p005,18.0119,30,30,RLPolicy,0,0,0,0,2.99573,1,0.492094,13,13,0.479059,130,1
E3-Strict-p005,18.0153,21,21,RLPolicy,0,0,0,0,2.99573,1,0.56749,32,32,0.552595,67,0.997357
E3-Strict-p005,18.0171,24,24,RLPolicy,0,0,0,0,2.99573,1,0.596062,8,8,0.582502,67,1
E3-Strict-p005,18.0191,10,10,RLPolicy,0,0,0,0,2.99573,1,0.547021,3,3,0.530094,5,1
E3-Strict-p005,18.0273,2,2,RLPolicy,0,0,0,0,2.99573,1,0.496913,20,20,0.483948,130,1
E3-Strict-p005,18.0348,4,4,RLPolicy,0,0,0,0,2.99573,1,0.462637,14,14,0.450015,130,1
E3-Strict-p005,18.0396,29,29,RLPolicy,0,0,0,0,2.99573,1,0.654788,22,22,0.640056,130,1
E3-Strict-p005,18.1834,31,31,RLPolicy,0,0,0,0,2.99573,1,0.55703,31,31,0.542401,133,1
E3-Strict-p005,18.2109,33,33,RLPolicy,0,0,0,0,2.99573,1,0.557807,27,27,0.541881,136,0.988487
E3-Strict-p005,18.3245,23,23,RLPolicy,0,0,0,0,2.99573,1,0.521271,26,26,0.504348,6,0.991953
E3-Strict-p005,18.3419,32,32,RLPolicy,0,0,0,0,2.99573,1,0.576012,34,34,0.558574,68,1
E3-Strict-p005,18.3441,37,37,RLPolicy,0,0,0,0,2.99573,1,0.558332,5,5,0.535364,68,1
E3-Strict-p005,18.4532,28,28,RLPolicy,0,0,0,0,2.99573,1,0.648276,26,26,0.62507,137,1
E3-Strict-p005,18.4809,18,100,RLPolicy,1,1,0.0356166,1.38629,2.99573,4,0.860957,0,95,0.689253,68,0.978913
E3-Strict-p005,18.5044,6,6,RLPolicy,0,0,0,0,2.99573,1,0.495795,18,18,0.480779,3,0.990426
E3-Strict-p005,18.602,47,47,RLPolicy,0,0,0,0,2.99573,1,0.696079,37,37,0.672595,137,1
E3-Strict-p005,18.6026,13,172,RLPolicy,1,1,0.0307151,1.08091,2.99573,4,0.9165,0,58,0.760665,137,0.98931
E3-Strict-p005,18.7076,15,13,RLPolicy,1,1,0.0351085,1.38629,2.99573,4,1.02707,0,50,0.810214,137,0.991581
E3-Strict-p005,18.71,36,36,RLPolicy,0,0,0,0,2.99573,1,0.507767,18,18,0.493917,137,1
E3-Strict-p005,18.7786,51,51,RLPolicy,0,0,0,0,2.99573,1,0.769821,15,15,0.748049,71,1
E3-Strict-p005,18.8131,14,14,RLPolicy,0,0,0,0,2.99573,1,0.757458,5,5,0.731981,138,1
E3-Strict-p005,18.8149,16,183,RLPolicy,1,1,0.0305346,0.693147,2.99573,3,1.00719,0,55,0.874926,71,0.988487
E3-Strict-p005,18.8287,9,170,RLPolicy,1,1,0.0430214,2.46721,2.99573,6,0.66431,68,104,0.530733,138,0.996242
E3-Strict-p005,18.8439,26,26,RLPolicy,0,0,0,0,2.99573,1,0.515921,4,4,0.503238,138,1
E3-Strict-p005,18.8776,62,62,RLPolicy,0,0,0,0,2.99573,1,0.883738,20,20,0.817549,138,1
E3-Strict-p005,18.9654,40,40,RLPolicy,0,0,0,0,2.99573,1,0.847817,17,17,0.823601,5,1
E3-Strict-p005,18.9679,56,56,RLPolicy,0,0,0,0,2.99573,1,0.71963,26,26,0.693669,139,1
E3-Strict-p005,19.0587,20,20,RLPolicy,0,0,0,0,2.99573,1,0.972822,35,35,0.944529,6,0.999296
E3-Strict-p005,19.06,3,3,RLPolicy,0,0,0,0,2.99573,1,1.11522,19,19,1.01753,3,0.996362
E3-Strict-p005,19.0602,19,86,RLPolicy,1,1,0.0375995,2.46721,2.99573,6,0.994623,88,103,0.802857,139,0.996654
E3-Strict-p005,19.0895,45,45,RLPolicy,0,0,0,0,2.99573,1,0.897255,2,2,0.868716,139,1
E3-Strict-p005,19.0993,46,46,RLPolicy,0,0,0,0,2.99573,1,0.643967,21,21,0.620949,1,1
E3-Strict-p005,19.1136,43,125,RLPolicy,1,1,0.0406873,1.38629,2.99573,4,0.894584,0,60,0.735938,139,0.991953
E3-Strict-p005,19.1394,12,66,RLPolicy,1,1,0.0346697,1.08091,2.99573,4,0.759556,0,67,0.624523,139,0.982379
E3-Strict-p005,19.1454,63,63,RLPolicy,0,0,0,0,2.99573,1,0.564985,6,6,0.548486,72,1
E3-Strict-p005,19.1626,25,195,RLPolicy,1,1,0.0386812,1.77406,2.99573,5,0.9203,5,109,0.67374,139,0.993892
E3-Strict-p005,19.2259,54,54,RLPolicy,0,0,0,0,2.99573,1,0.934068,4,4,0.87985,72,1
E3-Strict-p005,19.2315,38,38,RLPolicy,0,0,0,0,2.99573,1,0.51856,19,19,0.505317,72,1
E3-Strict-p005,19.237,66,66,RLPolicy,0,0,0,0,2.99573,1,0.831986,21,21,0.798141,140,1
E3-Strict-p005,19.242,50,50,RLPolicy,0,0,0,0,2.99573,1,1.51243,33,33,1.47422,5,1
E3-Strict-p005,19.2423,52,173,RLPolicy,1,1,0.0434425,1.38629,2.99573,4,0.99039,0,90,0.744075,140,0.991953
E3-Strict-p005,19.2636,39,39,RLPolicy,0,0,0,0,2.99573,1,0.579531,27,27,0.563996,72,1
E3-Strict-p005,19.2872,59,59,RLPolicy,0,0,0,0,2.99573,1,0.823538,33,33,0.799055,140,1
E3-Strict-p005,19.3116,49,49,RLPolicy,0,0,0,0,2.99573,1,0.695835,2,2,0.671668,72,1
E3-Strict-p005,19.317,68,68,RLPolicy,0,0,0,0,2.99573,1,0.796069,15,15,0.745908,5,1
E3-Strict-p005,19.3471,1,1,RLPolicy,0,0,0,0,2.99573,1,1.2296,3,3,1.20536,141,1
E3-Strict-p005,19.3654,7,118,RLPolicy,1,1,0.0060434,2.46721,2.99573,6,0.643559,99,117,0.539925,141,0.996654
E3-Strict-p005,19.3911,8,8,RLPolicy,0,0,0,0,2.99573,1,0.664014,34,34,0.648475,141,1
E3-Strict-p005,19.416,17,17,RLPolicy,0,0,0,0,2.99573,1,0.864177,24,24,0.832448,141,1
E3-Strict-p005,19.4255,67,67,RLPolicy,0,0,0,0,2.99573,1,0.864191,18,18,0.830082,141,1
E3-Strict-p005,19.4602,65,65,RLPolicy,0,0,0,0,2.99573,1,0.725197,21,21,0.704348,141,1
E3-Strict-p005,19.4684,61,61,RLPolicy,0,0,0,0,2.99573,1,0.757507,33,33,0.73689,141,1
E3-Strict-p005,19.4817,48,227,RLPolicy,1,1,0.0439098,2.07944,2.99573,5,1.12117,30,94,0.88241,141,0.995419
E3-Strict-p005,19.5034,55,55,RLPolicy,0,0,0,0,2.99573,1,0.798585,13,13,0.774594,3,1
E3-Strict-p005,19.5147,53,183,RLPolicy,1,1,0.0403825,1.38629,2.99573,4,1.08962,0,62,0.789512,73,0.991953
E3-Strict-p005,19.5226,44,46,RLPolicy,1,1,0.042915,1.77406,2.99573,5,0.750236,12,112,0.536907,73,0.993892
E3-Strict-p005,19.5304,0,0,RLPolicy,0,0,0,0,2.99573,1,0.800085,24,24,0.776592,143,1
E3-Strict-p005,19.6803,60,60,RLPolicy,0,0,0,0,2.99573,1,0.670046,10,10,0.645501,5,1
E3-Strict-p005,19.6869,35,35,RLPolicy,0,0,0,0,2.99573,1,0.90512,20,20,0.881247,6,1
E3-Strict-p005,19.7018,11,11,RLPolicy,0,0,0,0,2.99573,1,0.570142,4,4,0.55583,144,1
E3-Strict-p005,19.7398,27,129,RLPolicy,1,1,0.0409862,2.46721,2.99573,6,1.02678,106,150,0.80706,144,0.997357
E3-Strict-p005,19.8236,5,154,RLPolicy,1,1,0.034124,2.07944,2.99573,5,1.50694,27,83,1.28231,73,0.995419
E3-Strict-p005,19.8562,22,22,RLPolicy,0,0,0,0,2.99573,1,0.812366,26,26,0.787257,73,0.991953
E3-Strict-p005,19.8632,34,34,RLPolicy,0,0,0,0,2.99573,1,0.624847,10,10,0.61118,73,0.998884
E3-Strict-p005,19.8791,58,66,RLPolicy,1,1,0.0451634,1.08091,2.99573,4,1.01951,0,65,0.84334,147,0.990426
E3-Strict-p005,19.9719,41,208,RLPolicy,1,1,0.0462474,2.85497,2.99573,7,0.855114,136,144,0.592897,147,0.999296
E3-Strict-p005,19.9815,69,172,RLPolicy,1,1,0.0449131,1.38629,2.99573,4,2.24085,0,66,2.03912,147,0.991953
E3-Strict-p005,19.9821,42,42,RLPolicy,0,0,0,0,2.99573,1,0.707544,26,26,0.68757,73,1
E3-Strict-p005,20.0119,30,30,RLPolicy,0,0,0,0,2.99573,1,0.776684,14,14,0.751578,5,1
E3-Strict-p005,20.0153,21,21,RLPolicy,0,0,0,0,2.99573,1,0.940456,36,36,0.918275,149,0.997357
E3-Strict-p005,20.0171,24,24,RLPolicy,0,0,0,0,2.99573,1,1.02403,9,9,0.999224,5,1
E3-Strict-p005,20.0191,10,10,RLPolicy,0,0,0,0,2.99573,1,0.59526,3,3,0.582232,149,1
E3-Strict-p005,20.0273,2,2,RLPolicy,0,0,0,0,2.99573,1,0.845151,21,21,0.825509,149,1
E3-Strict-p005,20.0348,4,4,RLPolicy,0,0,0,0,2.99573,1,0.730026,16,16,0.709706,5,1
E3-Strict-p005,20.0396,29,29,RLPolicy,0,0,0,0,2.99573,1,0.80488,21,21,0.784599,149,1
E3-Strict-p005,20.0519,64,64,RLPolicy,0,0,0,0,2.99573,1,0.733381,23,23,0.706188,73,1
E3-Strict-p005,20.1025,75,75,RLPolicy,0,0,0,0,2.99573,1,0.683491,26,26,0.662241,75,1
E3-Strict-p005,20.1207,57,57,RLPolicy,0,0,0,0,2.99573,1,0.831961,10,10,0.812634,149,1
E3-Strict-p005,20.1834,31,31,RLPolicy,0,0,0,0,2.99573,1,0.989881,35,35,0.952607,149,1
E3-Strict-p005,20.2109,33,33,RLPolicy,0,0,0,0,2.99573,1,0.844645,27,27,0.822497,150,0.988487
E3-Strict-p005,20.2357,71,71,RLPolicy,0,0,0,0,2.99573,1,0.689037,2,2,0.668692,150,1
E3-Strict-p005,20.2418,70,70,RLPolicy,0,0,0,0,2.99573,1,0.785012,26,26,0.76025,76,1
E3-Strict-p005,20.3245,23,23,RLPolicy,0,0,0,0,2.99573,1,0.838156,35,35,0.812594,77,0.991953
E3-Strict-p005,20.3289,77,77,RLPolicy,0,0,0,0,2.99573,1,1.2449,27,27,1.21318,77,1
E3-Strict-p005,20.3412,79,53,RLPolicy,1,1,0.0483679,1.38629,2.99573,4,0.956742,0,95,0.773719,77,0.991953
E3-Strict-p005,20.3419,32,66,RLPolicy,1,1,0.0402486,1.46868,2.99573,5,0.967554,0,120,0.754534,152,0.992365
E3-Strict-p005,20.3441,37,37,RLPolicy,0,0,0,0,2.99573,1,0.678003,5,5,0.658571,77,1
E3-Strict-p005,20.4532,28,28,RLPolicy,0,0,0,0,2.99573,1,1.53872,27,27,1.50447,153,1
E3-Strict-p005,20.4663,72,72,RLPolicy,0,0,0,0,2.99573,1,3.98909,3,3,3.96002,153,1
E3-Strict-p005,20.4809,18,18,RLPolicy,0,0,0,0,2.99573,1,0.743157,33,33,0.723855,153,0.978913
E3-Strict-p005,20.5044,6,51,RLPolicy,1,1,0.0368163,2.35622,2.99573,7,1.25613,90,140,0.992047,154,0.987228
E3-Strict-p005,20.5148,78,78,RLPolicy,0,0,0,0,2.99573,1,0.935063,25,25,0.888198,154,1
E3-Strict-p005,20.602,47,100,RLPolicy,1,1,0.0377127,0.693147,2.99573,3,0.783195,0,74,0.658925,79,0.988487
E3-Strict-p005,20.6026,13,112,RLPolicy,1,1,0.0317419,2.46721,2.99573,6,1.14584,36,147,0.884426,156,0.986668
E3-Strict-p005,20.7076,15,15,RLPolicy,0,0,0,0,2.99573,1,1.05676,9,9,1.02741,3,0.991581
E3-Strict-p005,20.71,36,36,RLPolicy,0,0,0,0,2.99573,1,1.18906,19,19,1.04592,79,1
E3-Strict-p005,20.7786,51,51,RLPolicy,0,0,0,0,2.99573,1,0.63323,10,10,0.611908,3,1
E3-Strict-p005,20.7823,88,88,RLPolicy,0,0,0,0,2.99573,1,1.43387,6,6,1.41322,79,1
E3-Strict-p005,20.8131,14,113,RLPolicy,1,1,0.00604739,2.77259,2.99573,6,1.0784,68,75,0.87165,157,0.998884
E3-Strict-p005,20.8149,16,224,RLPolicy,1,1,0.0452341,2.46721,2.99573,6,0.757732,92,123,0.602721,79,0.985844
E3-Strict-p005,20.8287,9,9,RLPolicy,0,0,0,0,2.99573,1,1.48196,27,27,1.41494,79,0.996242
E3-Strict-p005,20.8439,26,26,RLPolicy,0,0,0,0,2.99573,1,1.10389,4,4,1.04248,79,1
E3-Strict-p005,20.8776,62,62,RLPolicy,0,0,0,0,2.99573,1,0.748164,22,22,0.730655,157,1
E3-Strict-p005,20.9097,80,139,RLPolicy,1,1,0.0373575,1.38629,2.99573,4,1.18768,0,97,0.976981,81,0.991953
E3-Strict-p005,20.9654,40,40,RLPolicy,0,0,0,0,2.99573,1,0.768338,20,20,0.748018,162,1
E3-Strict-p005,20.9679,56,244,RLPolicy,1,1,0.0390951,2.07944,2.99573,5,0.931623,4,118,0.6872,81,0.995419
E3-Strict-p005,21.0587,20,106,RLPolicy,1,1,0.0383376,2.07944,2.99573,5,1.01822,36,116,0.849041,162,0.994715
E3-Strict-p005,21.06,3,3,RLPolicy,0,0,0,0,2.99573,1,0.96174,24,24,0.909218,81,0.996362
E3-Strict-p005,21.0602,19,19,RLPolicy,0,0,0,0,2.99573,1,0.704621,23,23,0.685689,81,0.996654
E3-Strict-p005,21.0895,45,45,RLPolicy,0,0,0,0,2.99573,1,0.813951,3,3,0.796718,162,1
E3-Strict-p005,21.0993,46,46,RLPolicy,0,0,0,0,2.99573,1,0.948086,25,25,0.926625,162,1
E3-Strict-p005,21.1136,43,227,RLPolicy,1,1,0.042623,2.07944,2.99573,5,0.873421,42,123,0.723794,164,0.987371
E3-Strict-p005,21.1394,12,66,RLPolicy,1,1,0.0348547,0.693147,2.99573,3,1.19545,0,58,1.05095,164,0.970866
E3-Strict-p005,21.1454,63,63,RLPolicy,0,0,0,0,2.99573,1,0.609707,7,7,0.593393,84,1
E3-Strict-p005,21.1508,81,81,RLPolicy,0,0,0,0,2.99573,1,0.899005,14,14,0.873784,84,1
E3-Strict-p005,21.1626,25,25,RLPolicy,0,0,0,0,2.99573,1,1.07501,36,36,1.04052,164,0.993892
E3-Strict-p005,21.2053,76,102,RLPolicy,1,1,0.0506421,2.07944,2.99573,5,1.3799,40,117,1.12829,165,0.995419
E3-Strict-p005,21.2259,54,54,RLPolicy,0,0,0,0,2.99573,1,0.79554,4,4,0.777256,165,1
E3-Strict-p005,21.2315,38,7,RLPolicy,1,1,0.0414783,2.07944,2.99573,5,1.25172,51,119,1.02678,165,0.995419
E3-Strict-p005,21.237,66,227,RLPolicy,1,1,0.048333,2.77259,2.99573,6,0.84981,117,136,0.702411,165,0.998884
E3-Strict-p005,21.242,50,50,RLPolicy,0,0,0,0,2.99573,1,0.84182,36,36,0.819978,86,1
E3-Strict-p005,21.2423,52,52,RLPolicy,0,0,0,0,2.99573,1,0.74073,36,36,0.720105,5,0.991953
E3-Strict-p005,21.2636,39,39,RLPolicy,0,0,0,0,2.99573,1,1.07596,31,31,1.04465,86,1
E3-Strict-p005,21.2725,95,95,RLPolicy,0,0,0,0,2.99573,1,0.930544,32,32,0.905674,86,1
E3-Strict-p005,21.2872,59,188,RLPolicy,1,1,0.0522855,2.77259,2.99573,6,0.994415,132,159,0.802403,86,0.998884
E3-Strict-p005,21.3116,49,49,RLPolicy,0,0,0,0,2.99573,1,0.654133,1,1,0.635512,86,1
E3-Strict-p005,21.317,68,68,RLPolicy,0,0,0,0,2.99573,1,0.749805,19,19,0.733626,166,1
E3-Strict-p005,21.3184,86,3,RLPolicy,1,1,0.0539199,2.77259,2.99573,6,1.14342,130,144,0.966071,166,0.998884
E3-Strict-p005,21.3471,1,1,RLPolicy,0,0,0,0,2.99573,1,0.703399,3,3,0.681152,5,1
E3-Strict-p005,21.3654,7,21,RLPolicy,1,1,0.0412039,2.15891,2.99573,6,1.26201,58,154,1.05245,166,0.992469
E3-Strict-p005,21.3911,8,8,RLPolicy,0,0,0,0,2.99573,1,1.01701,37,37,0.994502,166,1
E3-Strict-p005,21.4143,97,184,RLPolicy,1,1,0.0440503,2.07944,2.99573,5,1.29976,20,115,1.029,168,0.995419
E3-Strict-p005,21.416,17,17,RLPolicy,0,0,0,0,2.99573,1,0.702668,29,29,0.678991,6,1
E3-Strict-p005,21.4255,67,7,RLPolicy,1,1,0.0492519,2.77259,2.99573,6,0.93053,146,164,0.747293,168,0.998884
E3-Strict-p005,21.4573,74,74,RLPolicy,0,0,0,0,2.99573,1,1.02072,24,24,0.98261,86,1
E3-Strict-p005,21.4602,65,65,RLPolicy,0,0,0,0,2.99573,1,0.85634,21,21,0.837299,86,1
E3-Strict-p005,21.4684,61,61,RLPolicy,0,0,0,0,2.99573,1,0.970503,39,39,0.946158,168,1
E3-Strict-p005,21.4817,48,48,RLPolicy,0,0,0,0,2.99573,1,0.755428,37,37,0.730725,5,0.995419
E3-Strict-p005,21.5034,55,55,RLPolicy,0,0,0,0,2.99573,1,0.75166,16,16,0.715157,86,1
E3-Strict-p005,21.5143,93,93,RLPolicy,0,0,0,0,2.99573,1,1.88271,37,37,1.83679,170,1
E3-Strict-p005,21.5147,53,53,RLPolicy,0,0,0,0,2.99573,1,0.733127,9,9,0.71689,170,0.991953
E3-Strict-p005,21.5226,44,44,RLPolicy,0,0,0,0,2.99573,1,1.17703,26,26,1.14624,170,0.993892
E3-Strict-p005,21.5304,0,0,RLPolicy,0,0,0,0,2.99573,1,0.796888,31,31,0.776457,5,1
E3-Strict-p005,21.547,91,91,RLPolicy,0,0,0,0,2.99573,1,1.02689,23,23,0.993493,86,1
E3-Strict-p005,21.6516,89,253,RLPolicy,1,1,0.0373812,0.693147,2.99573,3,1.09321,0,42,0.985653,170,0.988487
E3-Strict-p005,21.6757,83,116,RLPolicy,1,1,0.0479719,2.07944,2.99573,5,1.28055,57,130,0.974353,170,0.995419
E3-Strict-p005,21.6803,60,60,RLPolicy,0,0,0,0,2.99573,1,0.872891,9,9,0.842339,170,1
E3-Strict-p005,21.6869,35,35,RLPolicy,0,0,0,0,2.99573,1,1.57798,20,20,1.52202,170,1
E3-Strict-p005,21.7018,11,11,RLPolicy,0,0,0,0,2.99573,1,0.785555,4,4,0.765548,87,1
E3-Strict-p005,21.7398,27,27,RLPolicy,0,0,0,0,2.99573,1,0.856122,45,45,0.82824,170,0.997357
E3-Strict-p005,21.7683,73,73,RLPolicy,0,0,0,0,2.99573,1,1.00156,42,42,0.976884,87,1
E3-Strict-p005,21.7693,82,82,RLPolicy,0,0,0,0,2.99573,1,0.952224,46,46,0.924547,87,1
E3-Strict-p005,21.8227,94,227,RLPolicy,1,1,0.0559195,2.77259,2.99573,6,1.32752,153,188,1.09565,171,0.998884
E3-Strict-p005,21.8236,5,5,RLPolicy,0,0,0,0,2.99573,1,0.945259,40,40,0.926783,171,0.995419
E3-Strict-p005,21.8346,92,92,RLPolicy,0,0,0,0,2.99573,1,1.3538,5,5,1.31699,171,1
E3-Strict-p005,21.8562,22,22,RLPolicy,0,0,0,0,2.99573,1,0.853739,33,33,0.834818,88,0.991953
E3-Strict-p005,21.8632,34,34,RLPolicy,0,0,0,0,2.99573,1,1.3201,15,15,1.27574,171,0.998884
E3-Strict-p005,21.8791,58,58,RLPolicy,0,0,0,0,2.99573,1,1.23568,29,29,1.16554,88,0.990426
E3-Strict-p005,21.9265,104,104,RLPolicy,0,0,0,0,2.99573,1,1.07239,23,23,1.03401,88,1
E3-Strict-p005,21.9719,41,41,RLPolicy,0,0,0,0,2.99573,1,1.30342,42,42,1.26511,171,0.999296
E3-Strict-p005,21.9815,69,172,RLPolicy,1,1,0.0460077,2.07944,2.99573,5,1.26031,27,130,1.0155,171,0.987371
E3-Strict-p005,21.9821,42,42,RLPolicy,0,0,0,0,2.99573,1,1.12443,28,28,1.09422,88,1
E3-Strict-p005,22.0119,30,30,RLPolicy,0,0,0,0,2.99573,1,0.79366,15,15,0.776332,88,1
E3-Strict-p005,22.0153,21,21,RLPolicy,0,0,0,0,2.99573,1,1.07198,39,39,1.05016,88,0.997357
E3-Strict-p005,22.0171,24,24,RLPolicy,0,0,0,0,2.99573,1,0.79018,9,9,0.771933,88,1
E3-Strict-p005,22.0191,10,10,RLPolicy,0,0,0,0,2.99573,1,1.05439,4,4,1.02882,172,1
E3-Strict-p005,22.0235,98,194,RLPolicy,1,1,0.053748,2.77259,2.99573,6,1.11866,91,111,0.931211,172,0.998884
E3-Strict-p005,22.0273,2,2,RLPolicy,0,0,0,0,2.99573,1,0.89898,23,23,0.880208,172,1
E3-Strict-p005,22.0348,4,158,RLPolicy,1,1,0.034212,2.46721,2.99573,6,1.59428,36,177,1.23,88,0.997357
E3-Strict-p005,22.0396,29,29,RLPolicy,0,0,0,0,2.99573,1,1.0798,22,22,1.04696,172,1
E3-Strict-p005,22.0519,64,64,RLPolicy,0,0,0,0,2.99573,1,0.883214,27,27,0.859623,88,1
E3-Strict-p005,22.1025,75,75,RLPolicy,0,0,0,0,2.99573,1,0.913266,32,32,0.890407,89,1
E3-Strict-p005,22.1153,107,107,RLPolicy,0,0,0,0,2.99573,1,1.17453,25,25,1.14028,89,1
E3-Strict-p005,22.1207,57,57,RLPolicy,0,0,0,0,2.99573,1,0.84577,10,10,0.827591,89,1
E3-Strict-p005,22.1834,31,31,RLPolicy,0,0,0,0,2.99573,1,1.00248,40,40,0.976917,174,1
E3-Strict-p005,22.2109,33,33,RLPolicy,0,0,0,0,2.99573,1,0.901898,32,32,0.881812,174,0.988487
E3-Strict-p005,22.2357,71,71,RLPolicy,0,0,0,0,2.99573,1,0.753391,1,1,0.738025,90,1
E3-Strict-p005,22.2418,70,70,RLPolicy,0,0,0,0,2.99573,1,0.830277,32,32,0.808825,90,1
E3-Strict-p005,22.2636,84,84,RLPolicy,0,0,0,0,2.99573,1,1.03994,34,34,0.999477,90,1
E3-Strict-p005,22.302,87,87,RLPolicy,0,0,0,0,2.99573,1,1.0576,34,34,1.02542,90,1
E3-Strict-p005,22.3133,100,250,RLPolicy,1,1,0.0524174,2.61844,2.99573,6,1.45637,126,173,1.14039,90,0.998114
E3-Strict-p005,22.3245,23,23,RLPolicy,0,0,0,0,2.99573,1,0.83307,44,44,0.812308,90,0.991953
E3-Strict-p005,22.3289,77,170,RLPolicy,1,1,0.0510492,2.77259,2.99573,6,1.09737,114,147,0.876166,174,0.998884
E3-Strict-p005,22.3412,79,79,RLPolicy,0,0,0,0,2.99573,1,0.971647,39,39,0.938721,174,0.991953
E3-Strict-p005,22.3419,32,32,RLPolicy,0,0,0,0,2.99573,1,0.837288,45,45,0.818355,90,0.992365
E3-Strict-p005,22.3441,37,37,RLPolicy,0,0,0,0,2.99573,1,0.872904,4,4,0.855137,90,1
E3-Strict-p005,22.4188,112,13,RLPolicy,1,1,0.0555802,1.23214,2.99573,4,1.3278,0,97,1.0871,174,0.991182
E3-Strict-p005,22.4309,108,108,RLPolicy,0,0,0,0,2.99573,1,1.49769,33,33,1.45187,174,1
E3-Strict-p005,22.4532,28,233,RLPolicy,1,1,0.0371479,0.387766,2.99573,3,1.08504,0,79,0.923119,91,0.98696
E3-Strict-p005,22.4663,72,72,RLPolicy,0,0,0,0,2.99573,1,0.943544,2,2,0.92279,174,1
E3-Strict-p005,22.4806,85,85,RLPolicy,0,0,0,0,2.99573,1,1.29267,3,3,1.26298,91,1
E3-Strict-p005,22.4809,18,18,RLPolicy,0,0,0,0,2.99573,1,1.49475,41,41,1.4726,174,0.978913
E3-Strict-p005,22.5044,6,86,RLPolicy,1,1,0.0356457,1.98153,2.99573,6,1.06396,65,145,0.882453,176,0.982157
E3-Strict-p005,22.5096,106,147,RLPolicy,1,1,0.0568509,2.77259,2.99573,6,1.93618,112,144,1.55706,176,0.998884
E3-Strict-p005,22.5148,78,78,RLPolicy,0,0,0,0,2.99573,1,0.849254,29,29,0.828719,176,1
E3-Strict-p005,22.6005,119,119,RLPolicy,0,0,0,0,2.99573,1,1.09656,43,43,1.06537,177,1
E3-Strict-p005,22.602,47,47,RLPolicy,0,0,0,0,2.99573,1,1.10011,47,47,1.07369,177,0.988487
E3-Strict-p005,22.6026,13,13,RLPolicy,0,0,0,0,2.99573,1,1.07147,28,28,1.04634,92,0.986668
E3-Strict-p005,22.6521,90,90,RLPolicy,0,0,0,0,2.99573,1,4.67353,35,35,4.62468,177,1
E3-Strict-p005,22.7076,15,15,RLPolicy,0,0,0,0,2.99573,1,1.06415,9,9,1.0284,92,0.991581
E3-Strict-p005,22.71,36,36,RLPolicy,0,0,0,0,2.99573,1,0.885338,17,17,0.858978,92,1
E3-Strict-p005,22.7786,51,51,RLPolicy,0,0,0,0,2.99573,1,1.14861,8,8,1.12102,179,1
E3-Strict-p005,22.7823,88,88,RLPolicy,0,0,0,0,2.99573,1,0.89368,9,9,0.876508,92,1
E3-Strict-p005,22.7907,99,99,RLPolicy,0,0,0,0,2.99573,1,1.10286,32,32,1.07918,179,1
E3-Strict-p005,22.8131,14,7,RLPolicy,1,1,0.00483511,2.07944,2.99573,5,1.58542,19,61,1.41097,180,0.994303
E3-Strict-p005,22.8149,16,16,RLPolicy,0,0,0,0,2.99573,1,1.02001,20,20,0.995414,180,0.985844
E3-Strict-p005,22.8287,9,9,RLPolicy,0,0,0,0,2.99573,1,0.94242,34,34,0.912818,5,0.996242
E3-Strict-p005,22.8439,26,26,RLPolicy,0,0,0,0,2.99573,1,0.960435,4,4,0.940671,180,1
E3-Strict-p005,22.8776,62,62,RLPolicy,0,0,0,0,2.99573,1,1.48662,24,24,1.43741,180,1
E3-Strict-p005,22.8936,126,275,RLPolicy,1,1,0.0603747,2.77259,2.99573,6,1.41675,63,167,1.13032,180,0.998884
E3-Strict-p005,22.9097,80,80,RLPolicy,0,0,0,0,2.99573,1,0.899839,46,46,0.876313,180,0.991953
E3-Strict-p005,22.9654,40,40,RLPolicy,0,0,0,0,2.99573,1,1.17971,24,24,1.14386,94,1
E3-Strict-p005,22.9679,56,56,RLPolicy,0,0,0,0,2.99573,1,1.1829,35,35,1.14943,180,0.995419
E3-Strict-p005,22.9684,96,96,RLPolicy,0,0,0,0,2.99573,1,1.04659,14,14,0.926277,5,1
E3-Strict-p005,23.0274,110,146,RLPolicy,1,1,0.00664199,2.77259,2.99573,6,1.33773,88,93,1.16424,180,0.998884
E3-Strict-p005,23.0541,123,123,RLPolicy,0,0,0,0,2.99573,1,1.10163,46,46,1.03619,180,1
E3-Strict-p005,23.0587,20,75,RLPolicy,1,1,0.038243,1.77406,2.99573,5,1.97644,20,137,1.65348,180,0.988606
E3-Strict-p005,23.06,3,3,RLPolicy,0,0,0,0,2.99573,1,1.09656,26,26,1.06752,3,0.996362
E3-Strict-p005,23.0602,19,19,RLPolicy,0,0,0,0,2.99573,1,1.33804,28,28,1.29855,180,0.996654
E3-Strict-p005,23.0895,45,45,RLPolicy,0,0,0,0,2.99573,1,1.13682,4,4,1.04951,94,1
E3-Strict-p005,23.0993,46,46,RLPolicy,0,0,0,0,2.99573,1,1.16299,30,30,1.13543,180,1
E3-Strict-p005,23.1136,43,43,RLPolicy,0,0,0,0,2.99573,1,1.19674,38,38,1.16415,94,0.987371
E3-Strict-p005,23.1238,102,105,RLPolicy,1,1,0.0501033,2.31014,2.99573,6,1.28902,38,134,1.02693,181,0.996572
E3-Strict-p005,23.1394,12,66,RLPolicy,1,1,0.0348506,0.693147,2.99573,3,1.14994,0,74,1.0363,181,0.959353
E3-Strict-p005,23.1454,63,63,RLPolicy,0,0,0,0,2.99573,1,3.09804,9,9,3.06977,181,1
E3-Strict-p005,23.1508,81,81,RLPolicy,0,0,0,0,2.99573,1,0.862216,12,12,0.841204,94,1
E3-Strict-p005,23.1626,25,25,RLPolicy,0,0,0,0,2.99573,1,1.07544,39,39,1.05099,181,0.993892
E3-Strict-p005,23.1722,105,105,RLPolicy,0,0,0,0,2.99573,1,1.25953,34,34,1.22998,181,1
E3-Strict-p005,23.1961,109,109,RLPolicy,0,0,0,0,2.99573,1,1.01795,8,8,0.996154,181,1
E3-Strict-p005,23.2053,76,76,RLPolicy,0,0,0,0,2.99573,1,0.917483,44,44,0.892147,94,0.995419
E3-Strict-p005,23.2107,115,115,RLPolicy,0,0,0,0,2.99573,1,1.06447,46,46,1.02069,94,1
E3-Strict-p005,23.2259,54,54,RLPolicy,0,0,0,0,2.99573,1,1.0695,5,5,1.0408,94,1
E3-Strict-p005,23.2315,38,38,RLPolicy,0,0,0,0,2.99573,1,0.888121,27,27,0.869122,94,0.995419
E3-Strict-p005,23.237,66,218,RLPolicy,1,1,0.0459197,1.23214,2.99573,4,1.53179,0,97,1.30955,182,0.990066
E3-Strict-p005,23.242,50,50,RLPolicy,0,0,0,0,2.99573,1,1.51808,39,39,1.47792,94,1
E3-Strict-p005,23.2423,52,52,RLPolicy,0,0,0,0,2.99573,1,1.45949,39,39,1.40133,94,0.991953
E3-Strict-p005,23.2636,39,217,RLPolicy,1,1,0.0493892,2.77259,2.99573,6,1.14877,142,168,0.912575,182,0.998884
E3-Strict-p005,23.2725,95,66,RLPolicy,1,1,0.0546285,2.07944,2.99573,5,1.41309,42,124,1.05778,182,0.995419
E3-Strict-p005,23.2872,59,59,RLPolicy,0,0,0,0,2.99573,1,1.3454,25,25,1.29863,182,0.998884
E3-Strict-p005,23.3079,114,114,RLPolicy,0,0,0,0,2.99573,1,1.03171,2,2,1.00436,182,1
E3-Strict-p005,23.3116,49,49,RLPolicy,0,0,0,0,2.99573,1,1.29624,1,1,1.24228,94,1
E3-Strict-p005,23.317,68,68,RLPolicy,0,0,0,0,2.99573,1,1.21511,15,15,1.18316,182,1
E3-Strict-p005,23.3184,86,86,RLPolicy,0,0,0,0,2.99573,1,0.858133,12,12,0.840932,182,0.998884
E3-Strict-p005,23.3471,1,1,RLPolicy,0,0,0,0,2.99573,1,1.36596,4,4,1.29758,182,1
E3-Strict-p005,23.3654,7,7,RLPolicy,0,0,0,0,2.99573,1,0.914067,30,30,0.891428,94,0.992469
E3-Strict-p005,23.3911,8,8,RLPolicy,0,0,0,0,2.99573,1,1.10152,37,37,1.07173,182,1
E3-Strict-p005,23.4143,97,97,RLPolicy,0,0,0,0,2.99573,1,0.821965,20,20,0.802142,6,0.995419
E3-Strict-p005,23.416,17,17,RLPolicy,0,0,0,0,2.99573,1,1.67828,34,34,1.63903,188,1
E3-Strict-p005,23.4189,103,103,RLPolicy,0,0,0,0,2.99573,1,1.2325,44,44,1.18891,188,1
E3-Strict-p005,23.4255,67,67,RLPolicy,0,0,0,0,2.99573,1,1.24923,24,24,1.19178,95,0.998884
E3-Strict-p005,23.4573,74,74,RLPolicy,0,0,0,0,2.99573,1,1.15195,26,26,1.11845,95,1
E3-Strict-p005,23.4602,65,65,RLPolicy,0,0,0,0,2.99573,1,1.28993,21,21,1.25056,95,1
E3-Strict-p005,23.4684,61,290,RLPolicy,1,1,0.0470158,2.07944,2.99573,5,2.42156,7,163,1.98218,95,0.995419
E3-Strict-p005,23.4817,48,196,RLPolicy,1,1,0.0420361,2.77259,2.99573,6,2.5076,120,145,2.31727,188,0.994303
E3-Strict-p005,23.4918,101,101,RLPolicy,0,0,0,0,2.99573,1,0.967314,32,32,0.943406,95,1
E3-Strict-p005,23.5034,55,55,RLPolicy,0,0,0,0,2.99573,1,1.16221,17,17,1.13604,189,1
E3-Strict-p005,23.5136,125,125,RLPolicy,0,0,0,0,2.99573,1,1.13184,32,32,1.09439,95,1
E3-Strict-p005,23.5143,93,93,RLPolicy,0,0,0,0,2.99573,1,0.982621,44,44,0.95984,189,1
E3-Strict-p005,23.5147,53,272,RLPolicy,1,1,0.0392534,2.07944,2.99573,5,1.48535,40,151,1.18627,95,0.987371
E3-Strict-p005,23.5226,44,44,RLPolicy,0,0,0,0,2.99573,1,0.978237,29,29,0.956445,189,0.993892
E3-Strict-p005,23.5304,0,0,RLPolicy,0,0,0,0,2.99573,1,1.22906,37,37,1.19796,189,1
E3-Strict-p005,23.5422,118,118,RLPolicy,0,0,0,0,2.99573,1,1.12751,17,17,1.09917,95,1
E3-Strict-p005,23.547,91,91,RLPolicy,0,0,0,0,2.99573,1,1.0373,24,24,1.01041,95,1
E3-Strict-p005,23.6356,117,178,RLPolicy,1,1,0.059731,2.77259,2.99573,6,1.32647,93,103,1.14032,192,0.998884
E3-Strict-p005,23.6516,89,195,RLPolicy,1,1,0.0521668,1.38629,2.99573,4,1.09339,0,75,1.00284,192,0.98044
E3-Strict-p005,23.6757,83,83,RLPolicy,0,0,0,0,2.99573,1,1.09129,39,39,1.06534,192,0.995419
E3-Strict-p005,23.6803,60,60,RLPolicy,0,0,0,0,2.99573,1,1.30543,10,10,1.27658,192,1
E3-Strict-p005,23.6869,35,35,RLPolicy,0,0,0,0,2.99573,1,1.1459,19,19,1.12406,192,1
E3-Strict-p005,23.7018,11,11,RLPolicy,0,0,0,0,2.99573,1,0.990918,5,5,0.971516,193,1
E3-Strict-p005,23.733,116,184,RLPolicy,1,1,0.0544067,1.38629,2.99573,4,1.62923,0,90,1.41054,193,0.991953
E3-Strict-p005,23.7398,27,27,RLPolicy,0,0,0,0,2.99573,1,1.23573,49,49,1.19971,96,0.997357
E3-Strict-p005,23.7683,73,268,RLPolicy,1,1,0.0475703,1.38629,2.99573,4,1.25119,0,125,1.0291,193,0.991953
E3-Strict-p005,23.7693,82,42,RLPolicy,1,1,0.0520644,2.77259,2.99573,6,2.26398,160,194,1.92711,193,0.998884
E3-Strict-p005,23.8227,94,94,RLPolicy,0,0,0,0,2.99573,1,1.69823,49,49,1.65826,96,0.998884
E3-Strict-p005,23.8236,5,5,RLPolicy,0,0,0,0,2.99573,1,1.35335,47,47,1.31647,195,0.995419
E3-Strict-p005,23.8249,113,7,RLPolicy,1,1,0.0478394,2.07944,2.99573,5,2.19551,7,116,1.95841,195,0.995419
E3-Strict-p005,23.8346,92,92,RLPolicy,0,0,0,0,2.99573,1,1.16768,6,6,1.13838,195,1
E3-Strict-p005,23.8457,129,129,RLPolicy,0,0,0,0,2.99573,1,1.09573,32,32,1.06886,96,1
E3-Strict-p005,23.8562,22,266,RLPolicy,1,1,0.00653345,2.16183,2.99573,6,1.5186,96,174,1.23751,195,0.987783
E3-Strict-p005,23.8632,34,257,RLPolicy,1,1,0.0352607,2.46721,2.99573,6,1.19783,23,124,0.952894,195,0.996242
E3-Strict-p005,23.8791,58,58,RLPolicy,0,0,0,0,2.99573,1,1.33174,39,39,1.29575,6,0.990426
E3-Strict-p005,23.9059,136,136,RLPolicy,0,0,0,0,2.99573,1,1.20098,29,29,1.1709,96,1
E3-Strict-p005,23.9265,104,104,RLPolicy,0,0,0,0,2.99573,1,1.01528,31,31,0.993064,96,1
E3-Strict-p005,23.9719,41,194,RLPolicy,1,1,0.0395928,0.387766,2.99573,3,1.36414,0,86,1.13473,197,0.986256
E3-Strict-p005,23.9815,69,172,RLPolicy,1,1,0.0447044,2.77259,2.99573,6,2.21322,46,192,1.66674,197,0.986256
E3-Strict-p005,23.9821,42,42,RLPolicy,0,0,0,0,2.99573,1,1.08582,15,15,1.05177,96,1
E3-Strict-p005,24.0027,111,66,RLPolicy,1,1,0.0532565,1.38629,2.99573,4,1.39936,0,114,1.14441,198,0.991953
E3-Strict-p005,24.0119,30,30,RLPolicy,0,0,0,0,2.99573,1,1.15735,13,13,1.1273,6,1
E3-Strict-p005,24.0153,21,21,RLPolicy,0,0,0,0,2.99573,1,1.40064,39,39,1.35341,96,0.997357
E3-Strict-p005,24.0171,24,24,RLPolicy,0,0,0,0,2.99573,1,1.07634,8,8,1.04691,6,1
E3-Strict-p005,24.0191,10,161,RLPolicy,1,1,0.0402573,1.46868,2.99573,5,1.87273,0,45,1.67745,198,0.992365
E3-Strict-p005,24.0235,98,98,RLPolicy,0,0,0,0,2.99573,1,1.06658,10,10,1.04373,96,0.998884
E3-Strict-p005,24.0273,2,2,RLPolicy,0,0,0,0,2.99573,1,1.40567,26,26,1.3668,198,1
E3-Strict-p005,24.0348,4,4,RLPolicy,0,0,0,0,2.99573,1,1.41833,20,20,1.38508,198,0.997357
E3-Strict-p005,24.0396,29,29,RLPolicy,0,0,0,0,2.99573,1,1.47099,22,22,1.4308,198,1
E3-Strict-p005,24.0519,64,164,RLPolicy,1,1,0.0481207,2.77259,2.99573,6,2.02958,48,208,1.45491,198,0.998884
E3-Strict-p005,24.1025,75,75,RLPolicy,0,0,0,0,2.99573,1,1.37572,37,37,1.27261,97,1
E3-Strict-p005,24.1153,107,194,RLPolicy,1,1,0.0534138,0.693147,2.99573,3,1.37242,0,80,1.1066,198,0.988487
E3-Strict-p005,24.1207,57,57,RLPolicy,0,0,0,0,2.99573,1,1.2777,11,11,1.24891,198,1
E3-Strict-p005,24.1459,122,122,RLPolicy,0,0,0,0,2.99573,1,1.40601,35,35,1.37208,198,1
E3-Strict-p005,24.1819,131,131,RLPolicy,0,0,0,0,2.99573,1,1.66885,12,12,1.64352,97,1
E3-Strict-p005,24.1834,31,31,RLPolicy,0,0,0,0,2.99573,1,1.85406,44,44,1.55482,198,1
E3-Strict-p005,24.2109,33,33,RLPolicy,0,0,0,0,2.99573,1,4.55473,32,32,4.47422,199,0.988487
E3-Strict-p005,24.2357,71,71,RLPolicy,0,0,0,0,2.99573,1,1.78326,2,2,1.75654,97,1
E3-Strict-p005,24.2418,70,257,RLPolicy,1,1,0.0566814,2.77259,2.99573,6,2.37199,149,180,2.03841,199,0.998884
E3-Strict-p005,24.2586,137,137,RLPolicy,0,0,0,0,2.99573,1,1.10859,29,29,1.07701,97,1
E3-Strict-p005,24.2636,84,84,RLPolicy,0,0,0,0,2.99573,1,1.09752,37,37,1.07276,97,1
E3-Strict-p005,24.2918,142,142,RLPolicy,0,0,0,0,2.99573,1,1.36424,44,44,1.29854,199,1
E3-Strict-p005,24.2992,120,120,RLPolicy,0,0,0,0,2.99573,1,0.913374,3,3,0.889766,97,1
E3-Strict-p005,24.302,87,39,RLPolicy,1,1,0.054249,2.77259,2.99573,6,1.2274,144,177,1.01113,200,0.998884
E3-Strict-p005,24.3133,100,100,RLPolicy,0,0,0,0,2.99573,1,1.24749,26,26,1.20557,200,0.998114
E3-Strict-p005,24.3245,23,181,RLPolicy,1,1,0.00632545,2.77259,2.99573,6,1.55801,138,156,1.30372,200,0.990837
E3-Strict-p005,24.3289,77,77,RLPolicy,0,0,0,0,2.99573,1,1.44433,34,34,1.39613,97,0.998884
E3-Strict-p005,24.3412,79,68,RLPolicy,1,1,0.0492765,1.38629,2.99573,4,1.45161,0,125,1.21644,97,0.983906
E3-Strict-p005,24.3419,32,66,RLPolicy,1,1,0.0434824,1.46868,2.99573,5,1.51163,1,172,1.19297,200,0.984729
E3-Strict-p005,24.3441,37,37,RLPolicy,0,0,0,0,2.99573,1,1.27757,5,5,1.24311,97,1
E3-Strict-p005,24.3696,140,140,RLPolicy,0,0,0,0,2.99573,1,1.22392,44,44,1.18652,200,1
E3-Strict-p005,24.4188,112,112,RLPolicy,0,0,0,0,2.99573,1,1.20074,46,46,1.17365,97,0.991182
E3-Strict-p005,24.42,121,121,RLPolicy,0,0,0,0,2.99573,1,1.13863,3,3,1.11686,97,1
E3-Strict-p005,24.4309,108,17,RLPolicy,1,1,0.0553586,1.38629,2.99573,4,1.2724,0,130,1.03688,97,0.991953
E3-Strict-p005,24.4532,28,299,RLPolicy,1,1,0.0367043,0.387766,2.99573,3,1.52595,0,88,1.3433,97,0.97392
E3-Strict-p005,24.4663,72,28,RLPolicy,1,1,0.0320008,2.77259,2.99573,6,1.37332,69,81,1.11971,97,0.998884
E3-Strict-p005,24.4732,133,92,RLPolicy,1,1,0.0423607,2.77259,2.99573,6,1.50917,115,120,1.32642,201,0.998884
E3-Strict-p005,24.4806,85,77,RLPolicy,1,1,0.0048062,2.07944,2.99573,5,1.13811,11,62,0.957755,201,0.995419
E3-Strict-p005,24.4809,18,18,RLPolicy,0,0,0,0,2.99573,1,1.06369,44,44,1.037,201,0.978913
E3-Strict-p005,24.5044,6,6,RLPolicy,0,0,0,0,2.99573,1,1.20099,27,27,1.17756,98,0.982157
E3-Strict-p005,24.5096,106,106,RLPolicy,0,0,0,0,2.99573,1,1.09275,35,35,1.05233,98,0.998884
E3-Strict-p005,24.5148,78,78,RLPolicy,0,0,0,0,2.99573,1,1.33753,31,31,1.30436,202,1
E3-Strict-p005,24.5169,127,127,RLPolicy,0,0,0,0,2.99573,1,1.48878,6,6,1.46629,202,1
E3-Strict-p005,24.5313,124,124,RLPolicy,0,0,0,0,2.99573,1,1.71478,56,56,1.65207,4,1
E3-Strict-p005,24.6005,119,119,RLPolicy,0,0,0,0,2.99573,1,1.11063,47,47,1.07999,98,1
E3-Strict-p005,24.602,47,47,RLPolicy,0,0,0,0,2.99573,1,1.42962,53,53,1.38931,202,0.988487
E3-Strict-p005,24.6026,13,13,RLPolicy,0,0,0,0,2.99573,1,1.21419,37,37,1.18425,98,0.986668
E3-Strict-p005,24.6093,145,145,RLPolicy,0,0,0,0,2.99573,1,1.324,49,49,1.25545,202,1
E3-Strict-p005,24.6521,90,90,RLPolicy,0,0,0,0,2.99573,1,1.00195,31,31,0.979727,202,1
E3-Strict-p005,24.6945,141,141,RLPolicy,0,0,0,0,2.99573,1,1.23422,43,43,1.20437,202,1
E3-Strict-p005,24.7076,15,15,RLPolicy,0,0,0,0,2.99573,1,0.924102,12,12,0.903867,3,0.991581
E3-Strict-p005,24.71,36,36,RLPolicy,0,0,0,0,2.99573,1,1.11989,12,12,1.08905,100,1
E3-Strict-p005,24.7314,135,113,RLPolicy,1,1,0.0611542,2.07944,2.99573,5,2.27391,5,146,1.93832,203,0.995419
E3-Strict-p005,24.7751,138,138,RLPolicy,0,0,0,0,2.99573,1,1.37615,27,27,1.33924,100,1
E3-Strict-p005,24.7786,51,51,RLPolicy,0,0,0,0,2.99573,1,1.14291,10,10,1.1164,3,1
E3-Strict-p005,24.7823,88,88,RLPolicy,0,0,0,0,2.99573,1,1.34813,9,9,1.31606,203,1
E3-Strict-p005,24.7907,99,99,RLPolicy,0,0,0,0,2.99573,1,1.17789,36,36,1.15432,203,1
E3-Strict-p005,24.8131,14,14,RLPolicy,0,0,0,0,2.99573,1,0.9545,9,9,0.933205,203,0.994303
E3-Strict-p005,24.8149,16,16,RLPolicy,0,0,0,0,2.99573,1,1.091,22,22,1.06954,203,0.985844
E3-Strict-p005,24.8287,9,187,RLPolicy,1,1,0.0326974,0.693147,2.99573,3,2.03211,0,64,1.91859,203,0.984729
E3-Strict-p005,24.8317,132,132,RLPolicy,0,0,0,0,2.99573,1,1.14643,5,5,1.11556,101,1
E3-Strict-p005,24.8381,130,244,RLPolicy,1,1,0.0489028,2.07944,2.99573,5,1.53085,19,146,1.16848,101,0.995419
E3-Strict-p005,24.8439,26,26,RLPolicy,0,0,0,0,2.99573,1,1.24471,5,5,1.2128,101,1
E3-Strict-p005,24.8776,62,62,RLPolicy,0,0,0,0,2.99573,1,1.23203,23,23,1.2045,203,1
E3-Strict-p005,24.8808,144,144,RLPolicy,0,0,0,0,2.99573,1,1.21647,50,50,1.18891,203,1
E3-Strict-p005,24.8936,126,125,RLPolicy,1,1,0.0604092,2.77259,2.99573,6,1.36816,125,171,1.10399,203,0.997769
E3-Strict-p005,24.9097,80,80,RLPolicy,0,0,0,0,2.99573,1,1.29504,54,54,1.26105,205,0.991953
E3-Strict-p005,24.9114,143,143,RLPolicy,0,0,0,0,2.99573,1,1.62768,5,5,1.60572,103,1
E3-Strict-p005,24.9654,40,40,RLPolicy,0,0,0,0,2.99573,1,0.991141,24,24,0.965163,6,1
E3-Strict-p005,24.9679,56,56,RLPolicy,0,0,0,0,2.99573,1,0.972648,45,45,0.950809,6,0.995419
E3-Strict-p005,24.9684,96,37,RLPolicy,1,1,0.0534886,2.07944,2.99573,5,1.67763,40,81,1.38908,205,0.995419
E3-Strict-p005,24.9825,151,184,RLPolicy,1,1,0.0525041,2.07944,2.99573,5,1.56735,29,182,1.25026,205,0.995419
E3-Strict-p005,25.0274,110,110,RLPolicy,0,0,0,0,2.99573,1,1.12506,12,12,1.10367,205,0.998884
E3-Strict-p005,25.0541,123,123,RLPolicy,0,0,0,0,2.99573,1,1.0883,53,53,1.05676,107,1
E3-Strict-p005,25.0587,20,20,RLPolicy,0,0,0,0,2.99573,1,1.10471,45,45,1.07845,107,0.988606
E3-Strict-p005,25.06,3,3,RLPolicy,0,0,0,0,2.99573,1,1.02787,28,28,1.00425,3,0.996362
E3-Strict-p005,25.0602,19,19,RLPolicy,0,0,0,0,2.99573,1,1.06674,31,31,1.04393,107,0.996654
E3-Strict-p005,25.083,128,38,RLPolicy,1,1,0.0514603,1.38629,2.99573,4,1.55123,0,139,1.27381,205,0.991953
E3-Strict-p005,25.0895,45,45,RLPolicy,0,0,0,0,2.99573,1,1.04491,5,5,1.0166,205,1
E3-Strict-p005,25.0993,46,46,RLPolicy,0,0,0,0,2.99573,1,1.08036,32,32,1.05686,205,1
E3-Strict-p005,25.1136,43,43,RLPolicy,0,0,0,0,2.99573,1,1.08394,45,45,1.06027,107,0.987371
E3-Strict-p005,25.1238,102,138,RLPolicy,1,1,0.0489351,1.92529,2.99573,5,1.25684,39,101,1.06094,205,0.99122
E3-Strict-p005,25.1394,12,12,RLPolicy,0,0,0,0,2.99573,1,1.61755,51,51,1.56969,107,0.959353
E3-Strict-p005,25.1404,158,158,RLPolicy,0,0,0,0,2.99573,1,1.45841,46,46,1.42079,205,1
E3-Strict-p005,25.1454,63,63,RLPolicy,0,0,0,0,2.99573,1,0.995546,10,10,0.976938,107,1
E3-Strict-p005,25.1508,81,81,RLPolicy,0,0,0,0,2.99573,1,1.3577,12,12,1.32386,205,1
E3-Strict-p005,25.1626,25,101,RLPolicy,1,1,0.0411097,2.16183,2.99573,6,1.755,64,185,1.4362,205,0.989722
E3-Strict-p005,25.1722,105,207,RLPolicy,1,1,0.0543113,2.77259,2.99573,6,1.49613,95,169,1.22382,205,0.998884
E3-Strict-p005,25.1961,109,109,RLPolicy,0,0,0,0,2.99573,1,1.10224,9,9,1.07926,205,1
E3-Strict-p005,25.2053,76,76,RLPolicy,0,0,0,0,2.99573,1,1.53628,50,50,1.48663,107,0.995419
E3-Strict-p005,25.2107,115,115,RLPolicy,0,0,0,0,2.99573,1,1.17346,50,50,1.14691,107,1
E3-Strict-p005,25.2259,54,54,RLPolicy,0,0,0,0,2.99573,1,1.09613,5,5,1.05991,208,1
E3-Strict-p005,25.2315,38,38,RLPolicy,0,0,0,0,2.99573,1,1.69404,30,30,1.6376,208,0.995419
E3-Strict-p005,25.237,66,66,RLPolicy,0,0,0,0,2.99573,1,1.47601,26,26,1.44728,208,0.990066
E3-Strict-p005,25.242,50,50,RLPolicy,0,0,0,0,2.99573,1,1.28738,39,39,1.25874,208,1
E3-Strict-p005,25.2423,52,52,RLPolicy,0,0,0,0,2.99573,1,1.22734,43,43,1.20086,208,0.991953
E3-Strict-p005,25.2636,39,179,RLPolicy,1,1,0.0408319,2.07944,2.99573,5,2.1141,29,137,1.74042,208,0.994303
E3-Strict-p005,25.2725,95,13,RLPolicy,1,1,0.0530966,2.07944,2.99573,5,2.50486,47,149,2.1302,208,0.990837
E3-Strict-p005,25.2872,59,59,RLPolicy,0,0,0,0,2.99573,1,1.65222,27,27,1.61451,208,0.998884
E3-Strict-p005,25.3079,114,114,RLPolicy,0,0,0,0,2.99573,1,1.47507,2,2,1.45123,208,1
E3-Strict-p005,25.3116,49,49,RLPolicy,0,0,0,0,2.99573,1,1.01875,4,4,1.00059,208,1
E3-Strict-p005,25.317,68,68,RLPolicy,0,0,0,0,2.99573,1,1.12977,11,11,1.10718,208,1
E3-Strict-p005,25.3184,86,86,RLPolicy,0,0,0,0,2.99573,1,1.42045,9,9,1.38884,208,0.998884
E3-Strict-p005,25.3471,1,135,RLPolicy,1,1,0.00774889,2.54959,2.99573,7,1.38434,145,166,1.06541,208,0.997769
E3-Strict-p005,25.3654,7,7,RLPolicy,0,0,0,0,2.99573,1,2.56673,34,34,2.39396,108,0.992469
E3-Strict-p005,25.3911,8,8,RLPolicy,0,0,0,0,2.99573,1,1.51154,41,41,1.4765,208,1
E3-Strict-p005,25.4143,97,249,RLPolicy,1,1,0.0537031,2.07944,2.99573,5,1.71288,31,62,1.53078,211,0.990837
E3-Strict-p005,25.416,17,17,RLPolicy,0,0,0,0,2.99573,1,1.25854,38,38,1.2306,211,1
E3-Strict-p005,25.4189,103,103,RLPolicy,0,0,0,0,2.99573,1,1.22317,49,49,1.1997,211,1
E3-Strict-p005,25.4255,67,67,RLPolicy,0,0,0,0,2.99573,1,1.23779,28,28,1.20706,108,0.998884
E3-Strict-p005,25.4445,154,154,RLPolicy,0,0,0,0,2.99573,1,1.62196,3,3,1.56571,6,1
E3-Strict-p005,25.4573,74,74,RLPolicy,0,0,0,0,2.99573,1,1.65867,32,32,1.61115,2,1
E3-Strict-p005,25.4602,65,65,RLPolicy,0,0,0,0,2.99573,1,1.35237,17,17,1.31612,108,1
E3-Strict-p005,25.4684,61,61,RLPolicy,0,0,0,0,2.99573,1,1.29361,48,48,1.26787,211,0.995419
E3-Strict-p005,25.4817,48,48,RLPolicy,0,0,0,0,2.99573,1,1.53509,48,48,1.48487,6,0.994303
E3-Strict-p005,25.4918,101,101,RLPolicy,0,0,0,0,2.99573,1,1.51701,35,35,1.47319,108,1
E3-Strict-p005,25.5034,55,177,RLPolicy,1,1,0.0409127,1.38629,2.99573,4,1.5713,0,63,1.322,211,0.991953
E3-Strict-p005,25.5136,125,51,RLPolicy,1,1,0.0512556,1.38629,2.99573,4,1.37276,0,88,1.16765,211,0.991953
E3-Strict-p005,25.5143,93,93,RLPolicy,0,0,0,0,2.99573,1,1.61177,49,49,1.56611,211,1
E3-Strict-p005,25.5147,53,53,RLPolicy,0,0,0,0,2.99573,1,1.50745,14,14,1.45511,211,0.987371
E3-Strict-p005,25.5226,44,44,RLPolicy,0,0,0,0,2.99573,1,1.74504,31,31,1.70609,211,0.993892
E3-Strict-p005,25.5304,0,0,RLPolicy,0,0,0,0,2.99573,1,1.41307,42,42,1.37942,211,1
E3-Strict-p005,25.5422,118,325,RLPolicy,1,1,0.0562192,0.693147,2.99573,3,1.32494,0,74,1.16937,211,0.988487
E3-Strict-p005,25.547,91,7,RLPolicy,1,1,0.0541686,2.77259,2.99573,6,2.03374,165,188,1.71834,211,0.998884
E3-Strict-p005,25.5525,148,148,RLPolicy,0,0,0,0,2.99573,1,1.68628,2,2,1.65136,211,1
E3-Strict-p005,25.6356,117,117,RLPolicy,0,0,0,0,2.99573,1,1.14797,38,38,1.12164,110,0.998884
E3-Strict-p005,25.6516,89,89,RLPolicy,0,0,0,0,2.99573,1,5.00939,28,28,4.90764,212,0.98044
E3-Strict-p005,25.6635,170,170,RLPolicy,0,0,0,0,2.99573,1,1.5228,31,31,1.48399,110,1
E3-Strict-p005,25.6757,83,315,RLPolicy,1,1,0.0524314,2.77259,2.99573,6,1.81393,173,187,1.48192,212,0.994303
E3-Strict-p005,25.6803,60,60,RLPolicy,0,0,0,0,2.99573,1,1.31977,10,10,1.28542,110,1
E3-Strict-p005,25.6869,35,279,RLPolicy,1,1,0.0267864,1.08091,2.99573,4,1.81325,0,116,1.50432,110,0.990426
E3-Strict-p005,25.6973,134,134,RLPolicy,0,0,0,0,2.99573,1,1.87878,1,1,1.84653,212,1
E3-Strict-p005,25.7002,139,139,RLPolicy,0,0,0,0,2.99573,1,1.3173,31,31,1.29162,213,1
E3-Strict-p005,25.7018,11,11,RLPolicy,0,0,0,0,2.99573,1,1.23016,5,5,1.20452,213,1
E3-Strict-p005,25.723,150,150,RLPolicy,0,0,0,0,2.99573,1,1.29066,31,31,1.26245,213,1
E3-Strict-p005,25.7244,169,169,RLPolicy,0,0,0,0,2.99573,1,3.48701,29,29,3.30365,2,1
E3-Strict-p005,25.733,116,116,RLPolicy,0,0,0,0,2.99573,1,1.44148,36,36,1.41448,2,0.991953
E3-Strict-p005,25.7398,27,161,RLPolicy,1,1,0.0306883,1.77406,2.99573,5,1.45212,26,161,1.24852,213,0.991249
E3-Strict-p005,25.7683,73,248,RLPolicy,1,1,0.0485518,2.07944,2.99573,5,3.9978,29,204,3.57733,213,0.987371
E3-Strict-p005,25.7693,82,82,RLPolicy,0,0,0,0,2.99573,1,3.48988,49,49,3.4204,110,0.998884
E3-Strict-p005,25.774,152,152,RLPolicy,0,0,0,0,2.99573,1,1.74966,19,19,1.70833,213,1
E3-Strict-p005,25.8227,94,258,RLPolicy,1,1,0.0536801,2.07944,2.99573,5,2.29129,65,157,1.97233,221,0.994303
E3-Strict-p005,25.8236,5,5,RLPolicy,0,0,0,0,2.99573,1,1.21508,49,49,1.18836,221,0.995419
E3-Strict-p005,25.8249,113,76,RLPolicy,1,1,0.055025,0.538997,2.99573,3,1.54238,0,74,1.3805,221,0.983135
E3-Strict-p005,25.8346,92,92,RLPolicy,0,0,0,0,2.99573,1,1.5039,7,7,1.4595,221,1
E3-Strict-p005,25.8457,129,175,RLPolicy,1,1,0.0555157,2.07944,2.99573,5,1.53231,36,85,1.3119,221,0.995419
E3-Strict-p005,25.8562,22,204,RLPolicy,1,1,0.0379478,1.77406,2.99573,5,1.62419,20,140,1.42075,221,0.981675
E3-Strict-p005,25.8632,34,34,RLPolicy,0,0,0,0,2.99573,1,1.63798,27,27,1.59973,110,0.996242
E3-Strict-p005,25.8759,157,157,RLPolicy,0,0,0,0,2.99573,1,1.43691,37,37,1.40646,221,1
E3-Strict-p005,25.8791,58,58,RLPolicy,0,0,0,0,2.99573,1,1.26053,45,45,1.23478,110,0.990426
E3-Strict-p005,25.9059,136,309,RLPolicy,1,1,0.0564318,2.07944,2.99573,5,1.67255,23,135,1.31685,222,0.995419
E3-Strict-p005,25.9265,104,104,RLPolicy,0,0,0,0,2.99573,1,1.55527,36,36,1.5227,222,1
E3-Strict-p005,25.9609,159,159,RLPolicy,0,0,0,0,2.99573,1,1.28353,16,16,1.24631,110,1
E3-Strict-p005,25.9719,41,41,RLPolicy,0,0,0,0,2.99573,1,1.4895,53,53,1.45131,110,0.986256
E3-Strict-p005,25.9815,69,69,RLPolicy,0,0,0,0,2.99573,1,1.33673,29,29,1.30764,110,0.986256
E3-Strict-p005,25.9821,42,42,RLPolicy,0,0,0,0,2.99573,1,1.36729,13,13,1.33716,110,1
E3-Strict-p005,26.0027,111,111,RLPolicy,0,0,0,0,2.99573,1,1.1674,45,45,1.14099,112,0.991953
E3-Strict-p005,26.0119,30,32,RLPolicy,1,1,0.0420442,2.24421,2.99573,7,1.5938,57,176,1.16613,225,0.996242
E3-Strict-p005,26.0153,21,21,RLPolicy,0,0,0,0,2.99573,1,1.28201,46,46,1.25539,112,0.997357
E3-Strict-p005,26.0171,24,24,RLPolicy,0,0,0,0,2.99573,1,1.22563,11,11,1.20347,112,1
E3-Strict-p005,26.0191,10,335,RLPolicy,1,1,0.0409566,2.16183,2.99573,6,2.55286,37,88,2.26946,225,0.988195
E3-Strict-p005,26.0235,98,98,RLPolicy,0,0,0,0,2.99573,1,1.52646,10,10,1.4918,112,0.998884
E3-Strict-p005,26.0273,2,2,RLPolicy,0,0,0,0,2.99573,1,1.26681,31,31,1.24192,225,1
E3-Strict-p005,26.0348,4,4,RLPolicy,0,0,0,0,2.99573,1,1.23448,16,16,1.20833,225,0.997357
E3-Strict-p005,26.0396,29,29,RLPolicy,0,0,0,0,2.99573,1,1.42317,26,26,1.39781,225,1
E3-Strict-p005,26.0519,64,64,RLPolicy,0,0,0,0,2.99573,1,1.2649,35,35,1.23596,6,0.998884
E3-Strict-p005,26.1025,75,75,RLPolicy,0,0,0,0,2.99573,1,1.24743,39,39,1.22,112,1
E3-Strict-p005,26.1153,107,107,RLPolicy,0,0,0,0,2.99573,1,1.60876,36,36,1.57236,112,0.988487
E3-Strict-p005,26.1207,57,304,RLPolicy,1,1,0.0061364,2.77259,2.99573,6,1.42804,85,108,1.17547,228,0.998884
E3-Strict-p005,26.1459,122,101,RLPolicy,1,1,0.0616701,2.77259,2.99573,6,1.73329,161,197,1.42371,228,0.998884
E3-Strict-p005,26.1819,131,131,RLPolicy,0,0,0,0,2.99573,1,1.52049,16,16,1.48862,112,1
E3-Strict-p005,26.1834,31,31,RLPolicy,0,0,0,0,2.99573,1,1.31907,43,43,1.29181,228,1
E3-Strict-p005,26.2109,33,33,RLPolicy,0,0,0,0,2.99573,1,1.81793,36,36,1.75218,228,0.988487
E3-Strict-p005,26.2357,71,71,RLPolicy,0,0,0,0,2.99573,1,1.12685,5,5,1.09852,228,1
E3-Strict-p005,26.2397,174,174,RLPolicy,0,0,0,0,2.99573,1,1.35572,53,53,1.31736,112,1
E3-Strict-p005,26.2418,70,217,RLPolicy,1,1,0.0566868,2.77259,2.99573,6,1.59618,158,193,1.32407,228,0.997769
E3-Strict-p005,26.2586,137,137,RLPolicy,0,0,0,0,2.99573,1,1.23314,27,27,1.20106,6,1
E3-Strict-p005,26.2636,84,84,RLPolicy,0,0,0,0,2.99573,1,1.9538,43,43,1.90836,112,1
E3-Strict-p005,26.2918,142,142,RLPolicy,0,0,0,0,2.99573,1,1.39967,40,40,1.36057,228,1
E3-Strict-p005,26.2992,120,120,RLPolicy,0,0,0,0,2.99573,1,1.13595,4,4,1.1117,228,1
E3-Strict-p005,26.302,87,131,RLPolicy,1,1,0.0538092,2.77259,2.99573,6,2.58525,141,198,2.19792,228,0.997769
E3-Strict-p005,26.3133,100,100,RLPolicy,0,0,0,0,2.99573,1,1.90373,25,25,1.85934,228,0.998114
E3-Strict-p005,26.3137,165,165,RLPolicy,0,0,0,0,2.99573,1,2.12818,37,37,2.09333,228,1
E3-Strict-p005,26.3206,178,178,RLPolicy,0,0,0,0,2.99573,1,1.29307,6,6,1.26718,228,1
E3-Strict-p005,26.3245,23,23,RLPolicy,0,0,0,0,2.99573,1,1.22191,55,55,1.19518,112,0.990837
E3-Strict-p005,26.3289,77,312,RLPolicy,1,1,0.0500764,2.07944,2.99573,5,1.65836,46,145,1.34005,228,0.994303
E3-Strict-p005,26.3412,79,79,RLPolicy,0,0,0,0,2.99573,1,1.41679,50,50,1.38044,228,0.983906
E3-Strict-p005,26.3419,32,32,RLPolicy,0,0,0,0,2.99573,1,1.47343,54,54,1.43952,112,0.984729
E3-Strict-p005,26.3441,37,37,RLPolicy,0,0,0,0,2.99573,1,1.61918,5,5,1.59188,228,1
E3-Strict-p005,26.3696,140,140,RLPolicy,0,0,0,0,2.99573,1,1.23659,39,39,1.21108,228,1
E3-Strict-p005,26.4023,146,146,RLPolicy,0,0,0,0,2.99573,1,1.19677,4,4,1.17499,230,1
E3-Strict-p005,26.4188,112,13,RLPolicy,1,1,0.0568694,1.92529,2.99573,5,3.21139,51,185,2.81036,230,0.98583
E3-Strict-p005,26.42,121,121,RLPolicy,0,0,0,0,2.99573,1,1.08326,3,3,1.06214,230,1
E3-Strict-p005,26.4223,171,171,RLPolicy,0,0,0,0,2.99573,1,1.44522,20,20,1.40207,4,1
E3-Strict-p005,26.4309,108,108,RLPolicy,0,0,0,0,2.99573,1,1.77469,47,47,1.72912,230,0.991953
E3-Strict-p005,26.4532,28,28,RLPolicy,0,0,0,0,2.99573,1,1.52115,46,46,1.49411,230,0.97392
E3-Strict-p005,26.4663,72,340,RLPolicy,1,1,0.0308192,2.07944,2.99573,5,1.62237,22,56,1.42213,113,0.994303
E3-Strict-p005,26.4732,133,133,RLPolicy,0,0,0,0,2.99573,1,1.37993,32,32,1.34949,113,0.998884
E3-Strict-p005,26.4806,85,85,RLPolicy,0,0,0,0,2.99573,1,1.76345,3,3,1.72378,113,0.995419
E3-Strict-p005,26.4809,18,18,RLPolicy,0,0,0,0,2.99573,1,1.71509,51,51,1.66848,230,0.978913
E3-Strict-p005,26.5044,6,6,RLPolicy,0,0,0,0,2.99573,1,1.53756,31,31,1.48395,4,0.982157
E3-Strict-p005,26.5096,149,84,RLPolicy,1,1,0.0551016,0.693147,2.99573,3,5.65278,0,96,5.37505,230,0.988487
E3-Strict-p005,26.5096,106,106,RLPolicy,0,0,0,0,2.99573,1,1.34726,37,37,1.31691,114,0.998884
E3-Strict-p005,26.5148,78,78,RLPolicy,0,0,0,0,2.99573,1,1.263,34,34,1.23865,230,1
E3-Strict-p005,26.5169,127,127,RLPolicy,0,0,0,0,2.99573,1,1.28946,6,6,1.27015,230,1
E3-Strict-p005,26.5313,124,124,RLPolicy,0,0,0,0,2.99573,1,1.30105,62,62,1.27607,230,1
E3-Strict-p005,26.5773,176,222,RLPolicy,1,1,0.0721742,2.77259,2.99573,6,2.6469,83,100,2.43598,230,0.998884
E3-Strict-p005,26.6005,119,119,RLPolicy,0,0,0,0,2.99573,1,1.5329,52,52,1.49354,114,1
E3-Strict-p005,26.602,47,47,RLPolicy,0,0,0,0,2.99573,1,1.70912,58,58,1.66929,231,0.988487
E3-Strict-p005,26.6026,13,172,RLPolicy,1,1,0.0404569,2.14583,2.99573,6,2.72134,29,204,2.17789,231,0.982418
E3-Strict-p005,26.6093,145,145,RLPolicy,0,0,0,0,2.99573,1,1.40022,55,55,1.3618,231,1
E3-Strict-p005,26.635,147,55,RLPolicy,1,1,0.0488142,1.38629,2.99573,4,1.78974,0,78,1.53752,231,0.991953
E3-Strict-p005,26.6362,163,163,RLPolicy,0,0,0,0,2.99573,1,1.53942,31,31,1.48593,231,1
E3-Strict-p005,26.6521,90,90,RLPolicy,0,0,0,0,2.99573,1,3.18737,28,28,3.14585,231,1
E3-Strict-p005,26.6945,141,141,RLPolicy,0,0,0,0,2.99573,1,1.29185,47,47,1.26673,231,1
E3-Strict-p005,26.7076,15,15,RLPolicy,0,0,0,0,2.99573,1,1.50541,12,12,1.46546,114,0.991581
E3-Strict-p005,26.71,36,36,RLPolicy,0,0,0,0,2.99573,1,1.21749,10,10,1.19426,114,1
E3-Strict-p005,26.7314,135,169,RLPolicy,1,1,0.0557202,2.07944,2.99573,5,1.84322,34,183,1.48542,232,0.990837
E3-Strict-p005,26.7426,156,156,RLPolicy,0,0,0,0,2.99573,1,1.77298,51,51,1.70833,114,1
E3-Strict-p005,26.7751,138,138,RLPolicy,0,0,0,0,2.99573,1,2.22187,36,36,2.18843,114,1
E3-Strict-p005,26.7786,51,51,RLPolicy,0,0,0,0,2.99573,1,1.57084,10,10,1.53262,232,1
E3-Strict-p005,26.7823,88,297,RLPolicy,1,1,0.00625127,2.77259,2.99573,6,1.79265,168,177,1.52264,232,0.998884
E3-Strict-p005,26.7841,153,153,RLPolicy,0,0,0,0,2.99573,1,1.44037,37,37,1.40852,114,1
E3-Strict-p005,26.7907,99,269,RLPolicy,1,1,0.0466593,0.693147,2.99573,3,1.93058,0,90,1.69389,114,0.988487
E3-Strict-p005,26.8035,168,168,RLPolicy,0,0,0,0,2.99573,1,1.53409,48,48,1.50354,232,1
E3-Strict-p005,26.8131,14,14,RLPolicy,0,0,0,0,2.99573,1,1.44376,13,13,1.40917,114,0.994303
E3-Strict-p005,26.8149,16,16,RLPolicy,0,0,0,0,2.99573,1,1.66073,25,25,1.62512,232,0.985844
E3-Strict-p005,26.8287,9,151,RLPolicy,1,1,0.036284,2.77259,2.99573,6,1.69216,97,197,1.38574,232,0.983613
E3-Strict-p005,26.8317,132,132,RLPolicy,0,0,0,0,2.99573,1,1.18773,7,7,1.16802,232,1
E3-Strict-p005,26.8325,160,160,RLPolicy,0,0,0,0,2.99573,1,1.04813,4,4,1.02493,114,1
E3-Strict-p005,26.8381,130,130,RLPolicy,0,0,0,0,2.99573,1,1.47585,23,23,1.44833,232,0.995419
E3-Strict-p005,26.8439,26,26,RLPolicy,0,0,0,0,2.99573,1,1.18485,5,5,1.16122,114,1
E3-Strict-p005,26.8608,173,173,RLPolicy,0,0,0,0,2.99573,1,1.46384,37,37,1.4297,114,1
E3-Strict-p005,26.8776,62,4,RLPolicy,1,1,0.0455139,2.77259,2.99573,6,5.47236,141,187,4.28796,114,0.998884
E3-Strict-p005,26.8808,144,144,RLPolicy,0,0,0,0,2.99573,1,1.31708,54,54,1.28424,232,1
E3-Strict-p005,26.8936,126,126,RLPolicy,0,0,0,0,2.99573,1,1.71208,26,26,1.64539,114,0.997769
E3-Strict-p005,26.9038,155,155,RLPolicy,0,0,0,0,2.99573,1,1.63598,47,47,1.60023,8,1
E3-Strict-p005,26.9097,80,80,RLPolicy,0,0,0,0,2.99573,1,1.30909,58,58,1.2801,233,0.991953
E3-Strict-p005,26.9114,143,143,RLPolicy,0,0,0,0,2.99573,1,1.37028,6,6,1.34111,233,1
E3-Strict-p005,26.9478,161,23,RLPolicy,1,1,0.0530572,1.38629,2.99573,4,1.95166,0,103,1.64359,233,0.991953
E3-Strict-p005,26.9654,40,40,RLPolicy,0,0,0,0,2.99573,1,2.30962,27,27,2.25744,114,1
E3-Strict-p005,26.9679,56,56,RLPolicy,0,0,0,0,2.99573,1,1.78949,52,52,1.73083,233,0.995419
E3-Strict-p005,26.9684,96,96,RLPolicy,0,0,0,0,2.99573,1,1.34508,36,36,1.31357,114,0.995419
E3-Strict-p005,26.9825,151,22,RLPolicy,1,1,0.0663594,2.31014,2.99573,6,1.52851,101,192,1.31895,233,0.991991
E3-Strict-p005,27.0274,110,110,RLPolicy,0,0,0,0,2.99573,1,2.62528,16,16,2.5896,235,0.998884
E3-Strict-p005,27.0541,123,123,RLPolicy,0,0,0,0,2.99573,1,2.01529,59,59,1.88246,235,1
E3-Strict-p005,27.0587,20,184,RLPolicy,1,1,0.0388106,2.46721,2.99573,6,2.29819,47,253,1.91863,235,0.985964
E3-Strict-p005,27.06,3,3,RLPolicy,0,0,0,0,2.99573,1,1.63166,28,28,1.58852,4,0.996362
E3-Strict-p005,27.0602,19,19,RLPolicy,0,0,0,0,2.99573,1,1.72205,38,38,1.67884,115,0.996654
E3-Strict-p005,27.083,128,128,RLPolicy,0,0,0,0,2.99573,1,1.40103,46,46,1.36668,115,0.991953
E3-Strict-p005,27.0867,177,177,RLPolicy,0,0,0,0,2.99573,1,1.48153,38,38,1.44962,115,1
E3-Strict-p005,27.0895,45,45,RLPolicy,0,0,0,0,2.99573,1,1.94823,7,7,1.88704,115,1
E3-Strict-p005,27.0993,46,46,RLPolicy,0,0,0,0,2.99573,1,2.09619,34,34,2.05311,235,1
E3-Strict-p005,27.1136,43,347,RLPolicy,1,1,0.0438367,1.46868,2.99573,5,4.8544,0,174,4.39997,236,0.979736
E3-Strict-p005,27.1238,102,94,RLPolicy,1,1,0.047827,1.07799,2.99573,4,3.98829,0,72,3.75098,236,0.981631
E3-Strict-p005,27.1394,12,12,RLPolicy,0,0,0,0,2.99573,1,1.48379,56,56,1.44981,116,0.959353
E3-Strict-p005,27.1404,158,158,RLPolicy,0,0,0,0,2.99573,1,1.42134,49,49,1.39377,236,1
E3-Strict-p005,27.1454,63,63,RLPolicy,0,0,0,0,2.99573,1,3.66627,15,15,3.5948,116,1
E3-Strict-p005,27.1497,164,255,RLPolicy,1,1,0.0526301,2.07944,2.99573,5,4.05259,85,194,3.63749,236,0.995419
E3-Strict-p005,27.1508,81,81,RLPolicy,0,0,0,0,2.99573,1,1.26116,14,14,1.23668,116,1
E3-Strict-p005,27.1626,25,236,RLPolicy,1,1,0.0422523,2.85497,2.99573,7,2.01908,54,280,1.6478,236,0.989018
E3-Strict-p005,27.1722,105,105,RLPolicy,0,0,0,0,2.99573,1,4.59708,44,44,4.46703,116,0.998884
E3-Strict-p005,27.1961,109,109,RLPolicy,0,0,0,0,2.99573,1,2.46484,11,11,2.41544,8,1
E3-Strict-p005,27.1986,167,167,RLPolicy,0,0,0,0,2.99573,1,1.44371,41,41,1.41136,116,1
E3-Strict-p005,27.2053,76,76,RLPolicy,0,0,0,0,2.99573,1,1.91167,53,53,1.85853,117,0.995419
E3-Strict-p005,27.2107,115,115,RLPolicy,0,0,0,0,2.99573,1,1.6954,54,54,1.64125,117,1
E3-Strict-p005,27.2259,54,54,RLPolicy,0,0,0,0,2.99573,1,1.43773,7,7,1.40399,117,1
E3-Strict-p005,27.2315,38,113,RLPolicy,1,1,0.041429,1.77406,2.99573,5,1.59963,4,180,1.40584,236,0.98931
E3-Strict-p005,27.237,66,66,RLPolicy,0,0,0,0,2.99573,1,1.8664,29,29,1.82682,117,0.990066
E3-Strict-p005,27.242,50,50,RLPolicy,0,0,0,0,2.99573,1,1.89542,42,42,1.85261,236,1
E3-Strict-p005,27.2423,52,52,RLPolicy,0,0,0,0,2.99573,1,1.91006,47,47,1.86316,117,0.991953
E3-Strict-p005,27.2603,180,180,RLPolicy,0,0,0,0,2.99573,1,1.40398,12,12,1.3726,117,1
E3-Strict-p005,27.2636,39,217,RLPolicy,1,1,0.054492,2.77259,2.99573,6,1.70895,163,198,1.41771,236,0.993187
E3-Strict-p005,27.2725,95,95,RLPolicy,0,0,0,0,2.99573,1,1.4354,37,37,1.40887,236,0.990837
E3-Strict-p005,27.2872,59,59,RLPolicy,0,0,0,0,2.99573,1,1.76161,24,24,1.7268,236,0.998884
E3-Strict-p005,27.2882,162,162,RLPolicy,0,0,0,0,2.99573,1,1.59587,58,58,1.56359,236,1
E3-Strict-p005,27.3079,114,114,RLPolicy,0,0,0,0,2.99573,1,1.37352,3,3,1.34477,240,1
E3-Strict-p005,27.3116,49,49,RLPolicy,0,0,0,0,2.99573,1,2.28812,6,6,2.25284,240,1
E3-Strict-p005,27.317,68,28,RLPolicy,1,1,0.0472996,1.23214,2.99573,4,1.97312,0,97,1.64866,117,0.991182
E3-Strict-p005,27.3184,86,86,RLPolicy,0,0,0,0,2.99573,1,1.23235,9,9,1.21106,240,0.998884
E3-Strict-p005,27.3214,172,172,RLPolicy,0,0,0,0,2.99573,1,5.44142,51,51,5.38755,117,1
E3-Strict-p005,27.3299,195,102,RLPolicy,1,1,0.0623712,2.07944,2.99573,5,1.97286,1,121,1.64175,240,0.995419
E3-Strict-p005,27.3471,1,1,RLPolicy,0,0,0,0,2.99573,1,1.94571,8,8,1.89355,117,0.997769
E3-Strict-p005,27.3654,7,118,RLPolicy,1,1,0.0504412,2.99313,2.99573,7,1.99286,190,246,1.67485,240,0.992456
E3-Strict-p005,27.3911,8,8,RLPolicy,0,0,0,0,2.99573,1,1.7387,46,46,1.69926,240,1
E3-Strict-p005,27.3993,186,121,RLPolicy,1,1,0.0733312,2.77259,2.99573,6,2.11096,125,137,1.83459,240,0.998884
E3-Strict-p005,27.4143,97,97,RLPolicy,0,0,0,0,2.99573,1,1.28178,23,23,1.2573,117,0.990837
E3-Strict-p005,27.416,17,17,RLPolicy,0,0,0,0,2.99573,1,3.85765,41,41,3.78969,242,1
E3-Strict-p005,27.4189,103,206,RLPolicy,1,1,0.0537392,2.07944,2.99573,5,2.45088,73,130,2.21934,117,0.995419
E3-Strict-p005,27.4255,67,248,RLPolicy,1,1,0.0472143,2.07944,2.99573,5,5.66819,35,193,4.77843,242,0.994303
E3-Strict-p005,27.4445,154,154,RLPolicy,0,0,0,0,2.99573,1,1.45962,3,3,1.43582,242,1
E3-Strict-p005,27.4481,166,166,RLPolicy,0,0,0,0,2.99573,1,3.93384,35,35,3.69754,242,1
E3-Strict-p005,27.4573,74,347,RLPolicy,1,1,0.0492928,1.38629,2.99573,4,1.79458,0,111,1.53234,242,0.991953
E3-Strict-p005,27.4602,65,65,RLPolicy,0,0,0,0,2.99573,1,3.77328,11,11,3.68562,117,1
E3-Strict-p005,27.4684,61,61,RLPolicy,0,0,0,0,2.99573,1,4.66581,48,48,4.58501,242,0.995419
E3-Strict-p005,27.4817,48,63,RLPolicy,1,1,0.0470721,1.38629,2.99573,4,1.88624,0,144,1.61384,242,0.986256
E3-Strict-p005,27.4918,101,190,RLPolicy,1,1,0.0557729,2.77259,2.99573,6,2.20008,155,168,1.87925,242,0.998884
E3-Strict-p005,27.5034,55,167,RLPolicy,1,1,0.0455282,2.85205,2.99573,7,1.93876,171,200,1.57063,242,0.991234
E3-Strict-p005,27.5042,182,182,RLPolicy,0,0,0,0,2.99573,1,1.54616,58,58,1.50763,242,1
E3-Strict-p005,27.5136,125,125,RLPolicy,0,0,0,0,2.99573,1,1.76864,37,37,1.73558,119,0.991953
E3-Strict-p005,27.5143,93,93,RLPolicy,0,0,0,0,2.99573,1,1.39785,54,54,1.36667,242,1
E3-Strict-p005,27.5147,53,320,RLPolicy,1,1,0.0443777,2.07944,2.99573,5,1.86052,22,41,1.65862,119,0.98279
E3-Strict-p005,27.5226,44,44,RLPolicy,0,0,0,0,2.99573,1,1.72113,30,30,1.69125,242,0.993892
E3-Strict-p005,27.5304,0,0,RLPolicy,0,0,0,0,2.99573,1,2.10419,50,50,2.01429,242,1
E3-Strict-p005,27.5422,118,118,RLPolicy,0,0,0,0,2.99573,1,2.10757,31,31,2.04279,119,0.988487
E3-Strict-p005,27.547,91,179,RLPolicy,1,1,0.0529392,2.07944,2.99573,5,1.7235,31,186,1.43174,242,0.994303
E3-Strict-p005,27.5525,148,148,RLPolicy,0,0,0,0,2.99573,1,1.33724,3,3,1.31511,242,1
E3-Strict-p005,27.5799,175,175,RLPolicy,0,0,0,0,2.99573,1,1.59079,6,6,1.55066,242,1
E3-Strict-p005,27.5885,183,203,RLPolicy,1,1,0.0667118,2.77259,2.99573,6,2.16453,25,220,1.64277,119,0.998884
E3-Strict-p005,27.6356,117,117,RLPolicy,0,0,0,0,2.99573,1,2.43033,38,38,2.36764,119,0.998884
E3-Strict-p005,27.6357,200,200,RLPolicy,0,0,0,0,2.99573,1,4.85721,15,15,4.6084,119,1
E3-Strict-p005,27.6516,89,89,RLPolicy,0,0,0,0,2.99573,1,1.55819,31,31,1.53367,245,0.98044
E3-Strict-p005,27.6535,181,181,RLPolicy,0,0,0,0,2.99573,1,4.7949,17,17,4.7449,245,1
E3-Strict-p005,27.6635,170,378,RLPolicy,1,1,0.0452932,1.38629,2.99573,4,1.72338,0,119,1.40972,245,0.991953
E3-Strict-p005,27.6645,190,190,RLPolicy,0,0,0,0,2.99573,1,4.26555,40,40,4.19647,8,1
E3-Strict-p005,27.6757,83,39,RLPolicy,1,1,0.0526544,2.07944,2.99573,5,1.73446,62,157,1.46547,245,0.989721
E3-Strict-p005,27.6794,203,203,RLPolicy,0,0,0,0,2.99573,1,4.85289,40,40,4.78555,245,1
E3-Strict-p005,27.6803,60,255,RLPolicy,1,1,0.0401488,0.693147,2.99573,3,1.73922,0,28,1.61031,245,0.988487
E3-Strict-p005,27.6869,35,35,RLPolicy,0,0,0,0,2.99573,1,1.93427,14,14,1.91022,245,0.990426
E3-Strict-p005,27.6973,134,134,RLPolicy,0,0,0,0,2.99573,1,1.3209,2,2,1.2981,245,1
E3-Strict-p005,27.7002,139,206,RLPolicy,1,1,0.0616954,1.38629,2.99573,4,1.55115,0,46,1.3893,119,0.991953
E3-Strict-p005,27.7018,11,11,RLPolicy,0,0,0,0,2.99573,1,1.49714,6,6,1.46832,119,1
E3-Strict-p005,27.723,150,79,RLPolicy,1,1,0.0484138,1.38629,2.99573,4,1.81069,0,147,1.48208,119,0.991953
E3-Strict-p005,27.7244,169,169,RLPolicy,0,0,0,0,2.99573,1,1.45545,32,32,1.42326,119,1
E3-Strict-p005,27.733,116,116,RLPolicy,0,0,0,0,2.99573,1,3.02329,38,38,2.97067,119,0.991953
E3-Strict-p005,27.7398,27,27,RLPolicy,0,0,0,0,2.99573,1,2.38827,55,55,2.30331,238,0.991249
E3-Strict-p005,27.7683,73,73,RLPolicy,0,0,0,0,2.99573,1,1.72147,58,58,1.67631,119,0.987371
E3-Strict-p005,27.7693,82,82,RLPolicy,0,0,0,0,2.99573,1,1.61368,57,57,1.5781,238,0.998884
E3-Strict-p005,27.774,152,135,RLPolicy,1,1,0.0622981,2.07944,2.99573,5,1.57965,29,75,1.34048,238,0.995419
E3-Strict-p005,27.8227,94,96,RLPolicy,1,1,0.0548763,2.77259,2.99573,6,2.41292,170,211,2.07161,240,0.993187
E3-Strict-p005,27.8236,5,5,RLPolicy,0,0,0,0,2.99573,1,2.1514,51,51,2.10673,240,0.995419
E3-Strict-p005,27.8249,113,92,RLPolicy,1,1,0.0487046,2.77259,2.99573,6,5.5251,117,122,5.2047,240,0.982019
E3-Strict-p005,27.8317,198,355,RLPolicy,1,1,0.0756013,2.77259,2.99573,6,2.13823,161,193,1.82594,240,0.998884
E3-Strict-p005,27.8346,92,92,RLPolicy,0,0,0,0,2.99573,1,1.33778,8,8,1.3145,240,1
E3-Strict-p005,27.8457,129,129,RLPolicy,0,0,0,0,2.99573,1,1.84456,37,37,1.80885,120,0.995419
E3-Strict-p005,27.8562,22,338,RLPolicy,1,1,0.0394283,2.16183,2.99573,6,2.26377,76,199,1.85661,240,0.977505
E3-Strict-p005,27.8632,34,179,RLPolicy,1,1,0.0412969,2.16183,2.99573,6,1.97789,34,254,1.59783,240,0.992072
E3-Strict-p005,27.8759,157,157,RLPolicy,0,0,0,0,2.99573,1,1.65274,33,33,1.6225,240,1
E3-Strict-p005,27.8791,58,58,RLPolicy,0,0,0,0,2.99573,1,1.93133,53,53,1.87378,120,0.990426
E3-Strict-p005,27.9059,136,136,RLPolicy,0,0,0,0,2.99573,1,1.88267,34,34,1.83129,120,0.995419
E3-Strict-p005,27.9265,104,104,RLPolicy,0,0,0,0,2.99573,1,1.85449,44,44,1.82123,120,1
E3-Strict-p005,27.9609,159,97,RLPolicy,1,1,0.0608375,2.77259,2.99573,6,1.67955,55,74,1.46112,241,0.998884
E3-Strict-p005,27.9719,41,197,RLPolicy,1,1,0.0448071,2.85497,2.99573,7,2.2483,70,258,1.72158,241,0.985553
E3-Strict-p005,27.9815,69,19,RLPolicy,1,1,0.0529055,2.07944,2.99573,5,2.24298,40,150,1.87612,241,0.981674
E3-Strict-p005,27.9821,42,42,RLPolicy,0,0,0,0,2.99573,1,1.68791,17,17,1.65521,120,1
E3-Strict-p005,27.9924,199,199,RLPolicy,0,0,0,0,2.99573,1,1.86444,58,58,1.82324,241,1
E3-Strict-p005,28.0027,111,111,RLPolicy,0,0,0,0,2.99573,1,1.72139,57,57,1.68433,122,0.991953
E3-Strict-p005,28.0112,194,194,RLPolicy,0,0,0,0,2.99573,1,1.73433,36,36,1.69748,122,1
E3-Strict-p005,28.0119,30,104,RLPolicy,1,1,0.0386925,1.08091,2.99573,4,2.15185,0,54,1.92393,241,0.986668
E3-Strict-p005,28.0153,21,234,RLPolicy,1,1,0.037468,1.46868,2.99573,5,5.93372,0,187,5.58017,241,0.989722
E3-Strict-p005,28.0171,24,52,RLPolicy,1,1,0.0309863,2.24421,2.99573,7,2.64745,17,237,2.02292,241,0.996242
E3-Strict-p005,28.0191,10,200,RLPolicy,1,1,0.0409126,2.16183,2.99573,6,1.66932,27,101,1.35782,241,0.984026
E3-Strict-p005,28.0235,98,98,RLPolicy,0,0,0,0,2.99573,1,1.21708,12,12,1.1953,122,0.998884
E3-Strict-p005,28.0273,2,2,RLPolicy,0,0,0,0,2.99573,1,2.00397,35,35,1.88057,241,1
E3-Strict-p005,28.0348,4,4,RLPolicy,0,0,0,0,2.99573,1,1.82442,12,12,1.78775,241,0.997357
E3-Strict-p005,28.0396,29,29,RLPolicy,0,0,0,0,2.99573,1,1.97994,26,26,1.93763,241,1
E3-Strict-p005,28.0439,179,179,RLPolicy,0,0,0,0,2.99573,1,2.35603,33,33,2.32199,122,1
E3-Strict-p005,28.0519,64,64,RLPolicy,0,0,0,0,2.99573,1,3.42053,42,42,3.3471,122,0.998884
E3-Strict-p005,28.0839,191,191,RLPolicy,0,0,0,0,2.99573,1,2.09126,68,68,2.00152,8,1
E3-Strict-p005,28.0892,188,188,RLPolicy,0,0,0,0,2.99573,1,2.07667,2,2,2.03028,241,1
E3-Strict-p005,28.1025,75,75,RLPolicy,0,0,0,0,2.99573,1,1.6724,40,40,1.63514,122,1
E3-Strict-p005,28.1107,216,216,RLPolicy,0,0,0,0,2.99573,1,1.65345,69,69,1.61943,243,1
E3-Strict-p005,28.1153,107,258,RLPolicy,1,1,0.0565809,2.07944,2.99573,5,2.0604,55,162,1.72652,243,0.983906
E3-Strict-p005,28.1207,57,57,RLPolicy,0,0,0,0,2.99573,1,2.69582,15,15,2.66073,122,0.998884
E3-Strict-p005,28.1459,122,117,RLPolicy,1,1,0.0572715,2.77259,2.99573,6,2.63546,101,202,2.19614,243,0.997769
E3-Strict-p005,28.1819,131,131,RLPolicy,0,0,0,0,2.99573,1,1.97717,19,19,1.93171,2,1
E3-Strict-p005,28.1834,31,31,RLPolicy,0,0,0,0,2.99573,1,3.33044,63,63,3.28463,243,1
E3-Strict-p005,28.2109,33,112,RLPolicy,1,1,0.0421027,2.54959,2.99573,7,2.63776,77,231,2.15913,365,0.986256
E3-Strict-p005,28.2357,71,71,RLPolicy,0,0,0,0,2.99573,1,3.12648,7,7,3.0646,365,1
E3-Strict-p005,28.2397,174,174,RLPolicy,0,0,0,0,2.99573,1,1.71735,57,57,1.68069,365,1
E3-Strict-p005,28.2418,70,217,RLPolicy,1,1,0.0565575,2.77259,2.99573,6,3.23615,163,202,2.87241,365,0.996653
E3-Strict-p005,28.2586,137,137,RLPolicy,0,0,0,0,2.99573,1,1.97072,25,25,1.93804,365,1
E3-Strict-p005,28.2636,84,293,RLPolicy,1,1,0.0528342,2.77259,2.99573,6,2.49426,110,201,2.12263,365,0.998884
E3-Strict-p005,28.2748,185,185,RLPolicy,0,0,0,0,2.99573,1,1.94256,30,30,1.90691,365,1
E3-Strict-p005,28.2918,142,142,RLPolicy,0,0,0,0,2.99573,1,2.29463,38,38,2.26101,365,1
E3-Strict-p005,28.2992,120,120,RLPolicy,0,0,0,0,2.99573,1,1.73203,6,6,1.69231,365,1
E3-Strict-p005,28.302,87,87,RLPolicy,0,0,0,0,2.99573,1,1.58888,52,52,1.56038,368,0.997769
E3-Strict-p005,28.3133,100,100,RLPolicy,0,0,0,0,2.99573,1,1.44581,21,21,1.4186,17,0.998114
E3-Strict-p005,28.3137,165,165,RLPolicy,0,0,0,0,2.99573,1,1.41719,38,38,1.39152,17,1
E3-Strict-p005,28.3206,178,178,RLPolicy,0,0,0,0,2.99573,1,1.75095,9,9,1.71974,368,1
E3-Strict-p005,28.3245,23,77,RLPolicy,1,1,0.0396244,2.16183,2.99573,6,2.78782,33,235,2.31435,368,0.986668
E3-Strict-p005,28.3289,77,151,RLPolicy,1,1,0.0506466,2.77259,2.99573,6,2.71872,104,204,2.34623,368,0.993187
E3-Strict-p005,28.3412,79,79,RLPolicy,0,0,0,0,2.99573,1,2.42686,54,54,2.38027,368,0.983906
E3-Strict-p005,28.3419,32,66,RLPolicy,1,1,0.0401973,1.46868,2.99573,5,2.8594,0,172,2.43043,368,0.977094
E3-Strict-p005,28.3441,37,315,RLPolicy,1,1,0.0419718,2.46721,2.99573,6,2.44363,73,100,2.17313,368,0.997357
E3-Strict-p005,28.3551,189,365,RLPolicy,1,1,0.0486826,1.38629,2.99573,4,2.47851,0,119,2.20731,368,0.991953
E3-Strict-p005,28.3644,187,187,RLPolicy,0,0,0,0,2.99573,1,1.91215,16,16,1.88429,368,1
E3-Strict-p005,28.3696,140,392,RLPolicy,1,1,0.0608441,2.77259,2.99573,6,2.50484,173,183,2.08905,368,0.998884
E3-Strict-p005,28.4023,146,146,RLPolicy,0,0,0,0,2.99573,1,2.3736,4,4,2.3478,368,1
E3-Strict-p005,28.4188,112,13,RLPolicy,1,1,0.0445963,1.38629,2.99573,4,1.99071,0,143,1.76552,368,0.977783
E3-Strict-p005,28.42,121,121,RLPolicy,0,0,0,0,2.99573,1,2.13326,3,3,2.09429,368,1
E3-Strict-p005,28.4223,171,359,RLPolicy,1,1,0.0660551,2.77259,2.99573,6,1.96882,114,228,1.60831,368,0.998884
E3-Strict-p005,28.4309,108,108,RLPolicy,0,0,0,0,2.99573,1,1.94393,50,50,1.91275,368,0.991953
E3-Strict-p005,28.4329,214,104,RLPolicy,1,1,0.0785499,2.77259,2.99573,6,2.18443,155,174,1.95065,368,0.998884
E3-Strict-p005,28.4532,28,28,RLPolicy,0,0,0,0,2.99573,1,1.89403,48,48,1.84089,17,0.97392
E3-Strict-p005,28.4579,184,322,RLPolicy,1,1,0.0744837,2.61844,2.99573,6,2.11821,140,150,1.89091,368,0.998114
E3-Strict-p005,28.4663,72,72,RLPolicy,0,0,0,0,2.99573,1,2.01822,8,8,1.98742,368,0.994303
E3-Strict-p005,28.4732,133,91,RLPolicy,1,1,0.058301,2.07944,2.99573,5,2.58917,28,213,2.18068,368,0.994303
E3-Strict-p005,28.4806,85,138,RLPolicy,1,1,0.0060789,2.77259,2.99573,6,1.77873,103,109,1.63285,368,0.994303
E3-Strict-p005,28.4809,18,76,RLPolicy,1,1,0.00728964,2.85497,2.99573,7,3.06002,201,238,2.75614,368,0.978209
E3-Strict-p005,28.5032,212,212,RLPolicy,0,0,0,0,2.99573,1,1.79233,64,64,1.76043,368,1
E3-Strict-p005,28.5044,6,6,RLPolicy,0,0,0,0,2.99573,1,2.28577,31,31,2.21833,368,0.982157
E3-Strict-p005,28.5096,149,149,RLPolicy,0,0,0,0,2.99573,1,1.88758,53,53,1.84869,368,0.988487
E3-Strict-p005,28.5096,106,106,RLPolicy,0,0,0,0,2.99573,1,1.77564,38,38,1.74462,368,0.998884
E3-Strict-p005,28.5148,78,78,RLPolicy,0,0,0,0,2.99573,1,2.1105,35,35,2.07795,368,1
E3-Strict-p005,28.5169,127,107,RLPolicy,1,1,0.0605549,2.07944,2.99573,5,2.34742,56,120,1.99683,368,0.995419
E3-Strict-p005,28.5313,124,124,RLPolicy,0,0,0,0,2.99573,1,1.96142,63,63,1.90782,17,1
E3-Strict-p005,28.5773,176,249,RLPolicy,1,1,0.062709,1.38629,2.99573,4,1.77041,0,43,1.62232,368,0.990837
E3-Strict-p005,28.6005,119,119,RLPolicy,0,0,0,0,2.99573,1,1.6805,61,61,1.64837,372,1
E3-Strict-p005,28.602,47,94,RLPolicy,1,1,0.0493058,2.85497,2.99573,7,1.82839,259,279,1.60088,372,0.987783
E3-Strict-p005,28.6026,13,142,RLPolicy,1,1,0.00616983,2.61844,2.99573,6,1.96513,137,155,1.78082,372,0.980532
E3-Strict-p005,28.6093,145,145,RLPolicy,0,0,0,0,2.99573,1,2.68717,63,63,2.62658,372,1
E3-Strict-p005,28.635,147,190,RLPolicy,1,1,0.0669695,2.77259,2.99573,6,2.28818,75,277,1.90854,372,0.990837
E3-Strict-p005,28.6362,163,348,RLPolicy,1,1,0.0500093,2.77259,2.99573,6,2.03004,56,219,1.62798,372,0.998884
E3-Strict-p005,28.6521,90,90,RLPolicy,0,0,0,0,2.99573,1,2.1081,28,28,2.06502,372,1
E3-Strict-p005,28.6945,141,246,RLPolicy,1,1,0.0629822,2.07944,2.99573,5,2.88233,4,176,2.51375,372,0.995419
E3-Strict-p005,28.6959,192,192,RLPolicy,0,0,0,0,2.99573,1,1.75592,7,7,1.7279,372,1
E3-Strict-p005,28.7006,202,202,RLPolicy,0,0,0,0,2.99573,1,1.78857,42,42,1.75626,376,1
E3-Strict-p005,28.7033,193,193,RLPolicy,0,0,0,0,2.99573,1,2.08061,60,60,2.02543,376,1
E3-Strict-p005,28.7076,15,15,RLPolicy,0,0,0,0,2.99573,1,1.70762,14,14,1.68217,376,0.991581
E3-Strict-p005,28.71,36,237,RLPolicy,1,1,0.052447,2.77259,2.99573,6,2.17548,117,128,1.95244,376,0.998884
E3-Strict-p005,28.7314,135,181,RLPolicy,1,1,0.0509929,2.77259,2.99573,6,2.76761,102,119,2.49017,376,0.989721
E3-Strict-p005,28.7426,156,297,RLPolicy,1,1,0.0637607,2.07944,2.99573,5,2.12479,66,174,1.81092,376,0.995419
E3-Strict-p005,28.7751,138,144,RLPolicy,1,1,0.0634733,2.77259,2.99573,6,3.04904,149,178,2.64652,376,0.998884
E3-Strict-p005,28.7786,51,51,RLPolicy,0,0,0,0,2.99573,1,1.89205,12,12,1.86083,376,1
E3-Strict-p005,28.7823,88,88,RLPolicy,0,0,0,0,2.99573,1,2.93104,24,24,2.86984,376,0.998884
E3-Strict-p005,28.7841,153,105,RLPolicy,1,1,0.0546433,2.77259,2.99573,6,2.37145,94,209,1.90415,376,0.998884
E3-Strict-p005,28.7907,99,99,RLPolicy,0,0,0,0,2.99573,1,2.26239,36,36,2.21196,376,0.988487
E3-Strict-p005,28.8035,168,340,RLPolicy,1,1,0.0684465,2.77259,2.99573,6,2.05351,166,188,1.80094,377,0.998884
E3-Strict-p005,28.8131,14,14,RLPolicy,0,0,0,0,2.99573,1,1.91895,16,16,1.8855,377,0.994303
E3-Strict-p005,28.8149,16,16,RLPolicy,0,0,0,0,2.99573,1,1.82604,25,25,1.79563,377,0.985844
E3-Strict-p005,28.8287,9,285,RLPolicy,1,1,0.0362661,2.46721,2.99573,6,2.31385,117,207,2.08716,377,0.98097
E3-Strict-p005,28.8317,132,132,RLPolicy,0,0,0,0,2.99573,1,1.63042,9,9,1.60435,377,1
E3-Strict-p005,28.8325,160,160,RLPolicy,0,0,0,0,2.99573,1,1.57366,6,6,1.54875,377,1
E3-Strict-p005,28.8381,130,203,RLPolicy,1,1,0.0368846,2.77259,2.99573,6,2.43813,59,180,2.10645,377,0.994303
E3-Strict-p005,28.8439,26,26,RLPolicy,0,0,0,0,2.99573,1,2.08565,6,6,2.0491,377,1
E3-Strict-p005,28.8567,197,197,RLPolicy,0,0,0,0,2.99573,1,2.01521,38,38,1.98106,377,1
E3-Strict-p005,28.8608,173,99,RLPolicy,1,1,0.070519,2.77259,2.99573,6,2.1452,165,180,1.87924,377,0.998884
E3-Strict-p005,28.8776,62,111,RLPolicy,1,1,0.0506075,2.46721,2.99573,6,2.88404,55,186,2.26823,377,0.996242
E3-Strict-p005,28.8808,144,144,RLPolicy,0,0,0,0,2.99573,1,3.77779,59,59,3.71225,377,1
E3-Strict-p005,28.8852,217,217,RLPolicy,0,0,0,0,2.99573,1,3.03929,36,36,3.00508,377,1
E3-Strict-p005,28.8936,126,126,RLPolicy,0,0,0,0,2.99573,1,1.73923,30,30,1.7133,377,0.997769
E3-Strict-p005,28.8989,209,209,RLPolicy,0,0,0,0,2.99573,1,2.48516,3,3,2.45248,377,1
E3-Strict-p005,28.9038,155,221,RLPolicy,1,1,0.067633,2.77259,2.99573,6,2.28082,157,194,1.91651,379,0.998884
E3-Strict-p005,28.9097,80,80,RLPolicy,0,0,0,0,2.99573,1,2.14401,65,65,2.10877,379,0.991953
E3-Strict-p005,28.9114,143,143,RLPolicy,0,0,0,0,2.99573,1,1.92833,7,7,1.88756,379,1
E3-Strict-p005,28.9478,161,161,RLPolicy,0,0,0,0,2.99573,1,1.76268,42,42,1.73495,379,0.991953
E3-Strict-p005,28.9648,205,384,RLPolicy,1,1,0.077509,2.77259,2.99573,6,2.77991,123,139,2.52642,379,0.998884
E3-Strict-p005,28.9654,40,40,RLPolicy,0,0,0,0,2.99573,1,1.8426,48,48,1.80854,379,1
E3-Strict-p005,28.9679,56,56,RLPolicy,0,0,0,0,2.99573,1,1.45208,52,52,1.41869,17,0.995419
E3-Strict-p005,28.9684,96,146,RLPolicy,1,1,0.0548843,2.07944,2.99573,5,2.36294,44,111,2.08474,379,0.990837
E3-Strict-p005,28.9825,151,102,RLPolicy,1,1,0.0604122,2.07944,2.99573,5,2.77928,76,207,2.36127,379,0.987409
E3-Strict-p005,28.985,206,206,RLPolicy,0,0,0,0,2.99573,1,1.90312,3,3,1.87642,379,1
E3-Strict-p005,29.0274,110,110,RLPolicy,0,0,0,0,2.99573,1,1.69861,18,18,1.67241,380,0.998884
E3-Strict-p005,29.0461,201,206,RLPolicy,1,1,0.0641463,2.07944,2.99573,5,2.69654,70,113,2.41168,380,0.995419
E3-Strict-p005,29.0541,123,105,RLPolicy,1,1,0.059525,2.77259,2.99573,6,2.29321,205,216,2.00651,380,0.998884
E3-Strict-p005,29.0587,20,295,RLPolicy,1,1,0.0364682,0.775531,2.99573,4,2.77151,0,157,2.53114,380,0.974863
E3-Strict-p005,29.06,3,3,RLPolicy,0,0,0,0,2.99573,1,2.4044,26,26,2.37304,380,0.996362
E3-Strict-p005,29.0602,19,158,RLPolicy,1,1,0.00615872,2.46721,2.99573,6,2.11829,158,180,1.87102,380,0.994011
E3-Strict-p005,29.0827,210,210,RLPolicy,0,0,0,0,2.99573,1,1.44515,8,8,1.40841,4,1
E3-Strict-p005,29.083,128,128,RLPolicy,0,0,0,0,2.99573,1,2.22396,52,52,2.18823,380,0.991953
E3-Strict-p005,29.0867,177,282,RLPolicy,1,1,0.0646204,2.07944,2.99573,5,2.28464,58,155,1.94587,380,0.995419
E3-Strict-p005,29.0895,45,143,RLPolicy,1,1,0.0434754,2.77259,2.99573,6,1.42552,14,26,1.27063,17,0.998884
E3-Strict-p005,29.0993,46,157,RLPolicy,1,1,0.0442699,2.46721,2.99573,6,2.20558,62,214,1.73695,380,0.997357
E3-Strict-p005,29.0997,228,228,RLPolicy,0,0,0,0,2.99573,1,1.68221,1,1,1.65813,380,1
E3-Strict-p005,29.1136,43,63,RLPolicy,1,1,0.0416579,1.08091,2.99573,4,2.26601,0,161,1.94157,381,0.970162
E3-Strict-p005,29.1171,196,196,RLPolicy,0,0,0,0,2.99573,1,4.01384,17,17,3.96823,381,1
E3-Strict-p005,29.1238,102,176,RLPolicy,1,1,0.0485733,2.61844,2.99573,6,2.11472,116,130,1.7865,381,0.979745
E3-Strict-p005,29.1394,12,12,RLPolicy,0,0,0,0,2.99573,1,2.53359,57,57,2.48325,381,0.959353
E3-Strict-p005,29.1404,158,158,RLPolicy,0,0,0,0,2.99573,1,2.2723,50,50,2.22422,381,1
E3-Strict-p005,29.1454,63,63,RLPolicy,0,0,0,0,2.99573,1,1.70054,22,22,1.66942,381,1
E3-Strict-p005,29.1497,164,316,RLPolicy,1,1,0.0686192,2.07944,2.99573,5,2.34655,89,183,2.13483,381,0.990837
E3-Strict-p005,29.1508,81,81,RLPolicy,0,0,0,0,2.99573,1,2.26227,16,16,2.22694,381,1
E3-Strict-p005,29.1626,25,220,RLPolicy,1,1,0.0408164,1.85644,2.99573,6,3.67444,2,228,3.08726,381,0.983322
E3-Strict-p005,29.1672,225,225,RLPolicy,0,0,0,0,2.99573,1,2.45983,49,49,2.38466,381,1
E3-Strict-p005,29.1722,105,96,RLPolicy,1,1,0.0559015,2.07944,2.99573,5,2.08929,75,177,1.87944,381,0.994303
E3-Strict-p005,29.1961,109,205,RLPolicy,1,1,0.0563104,2.07944,2.99573,5,2.01678,35,139,1.71617,381,0.995419
E3-Strict-p005,29.1986,167,167,RLPolicy,0,0,0,0,2.99573,1,1.6454,47,47,1.60507,17,1
E3-Strict-p005,29.2053,76,379,RLPolicy,1,1,0.0453045,2.07944,2.99573,5,5.77786,21,217,5.30136,383,0.990837
E3-Strict-p005,29.2107,115,0,RLPolicy,1,1,0.0603674,2.77259,2.99573,6,2.28073,208,217,1.99179,383,0.998884
E3-Strict-p005,29.2259,54,54,RLPolicy,0,0,0,0,2.99573,1,1.84389,7,7,1.81307,383,1
E3-Strict-p005,29.2315,38,38,RLPolicy,0,0,0,0,2.99573,1,2.40063,44,44,2.35338,383,0.98931
E3-Strict-p005,29.237,66,66,RLPolicy,0,0,0,0,2.99573,1,1.76396,33,33,1.73761,383,0.990066
E3-Strict-p005,29.242,50,144,RLPolicy,1,1,0.0447058,2.77259,2.99573,6,3.40659,142,224,2.73073,383,0.998884
E3-Strict-p005,29.2423,52,336,RLPolicy,1,1,0.0449727,2.77259,2.99573,6,2.19084,85,204,1.98553,383,0.990837
E3-Strict-p005,29.2603,180,88,RLPolicy,1,1,0.0704562,2.77259,2.99573,6,2.31642,98,112,2.02299,383,0.998884
E3-Strict-p005,29.2636,39,74,RLPolicy,1,1,0.0531468,2.77259,2.99573,6,2.90636,173,219,2.61372,383,0.992071
E3-Strict-p005,29.2725,95,187,RLPolicy,1,1,0.0534168,2.07944,2.99573,5,2.72808,78,202,2.38299,383,0.986256
E3-Strict-p005,29.28,226,181,RLPolicy,1,1,0.0656737,0.693147,2.99573,3,2.20197,0,34,2.02877,383,0.988487
E3-Strict-p005,29.2872,59,149,RLPolicy,1,1,0.0472155,2.46721,2.99573,6,2.46178,84,210,2.08183,383,0.996242
E3-Strict-p005,29.2882,162,162,RLPolicy,0,0,0,0,2.99573,1,1.7934,67,67,1.76269,383,1
E3-Strict-p005,29.3079,114,114,RLPolicy,0,0,0,0,2.99573,1,1.59901,3,3,1.56964,384,1
E3-Strict-p005,29.3116,49,49,RLPolicy,0,0,0,0,2.99573,1,1.67035,7,7,1.64247,384,1
E3-Strict-p005,29.317,68,68,RLPolicy,0,0,0,0,2.99573,1,1.80877,10,10,1.78223,384,0.991182
E3-Strict-p005,29.3184,86,86,RLPolicy,0,0,0,0,2.99573,1,2.51363,11,11,2.43601,384,0.998884
E3-Strict-p005,29.3214,172,172,RLPolicy,0,0,0,0,2.99573,1,2.08254,61,61,2.01485,17,1
E3-Strict-p005,29.3299,195,195,RLPolicy,0,0,0,0,2.99573,1,1.72094,39,39,1.67789,17,0.995419
E3-Strict-p005,29.3471,1,48,RLPolicy,1,1,0.0068822,2.16183,2.99573,6,2.40815,49,155,1.93407,384,0.9936
E3-Strict-p005,29.3654,7,14,RLPolicy,1,1,0.0321694,2.07944,2.99573,5,2.63364,45,117,2.31088,384,0.987875
E3-Strict-p005,29.387,204,97,RLPolicy,1,1,0.0608923,2.07944,2.99573,5,2.90418,76,228,2.45849,384,0.995419
E3-Strict-p005,29.3911,8,8,RLPolicy,0,0,0,0,2.99573,1,1.88786,57,57,1.83184,4,1
E3-Strict-p005,29.3993,186,80,RLPolicy,1,1,0.0715234,2.07944,2.99573,5,2.56724,26,128,2.29933,384,0.994303
E3-Strict-p005,29.4143,97,129,RLPolicy,1,1,0.0534801,2.07944,2.99573,5,2.46143,35,72,2.22674,385,0.986256
E3-Strict-p005,29.416,17,17,RLPolicy,0,0,0,0,2.99573,1,2.17348,45,45,2.13802,385,1
E3-Strict-p005,29.4189,103,103,RLPolicy,0,0,0,0,2.99573,1,1.84971,57,57,1.81535,385,0.995419
E3-Strict-p005,29.4203,207,207,RLPolicy,0,0,0,0,2.99573,1,2.06182,40,40,2.02653,385,1
E3-Strict-p005,29.4255,67,393,RLPolicy,1,1,0.0322066,0.693147,2.99573,3,2.29583,0,101,2.17256,385,0.98279
E3-Strict-p005,29.4445,154,154,RLPolicy,0,0,0,0,2.99573,1,1.98955,4,4,1.94194,17,1
E3-Strict-p005,29.4481,166,328,RLPolicy,1,1,0.0615613,2.77259,2.99573,6,2.4183,68,233,1.90765,385,0.998884
E3-Strict-p005,29.4573,74,74,RLPolicy,0,0,0,0,2.99573,1,2.46818,45,45,2.42527,385,0.991953
E3-Strict-p005,29.4602,65,146,RLPolicy,1,1,0.0365029,0.693147,2.99573,3,2.06145,0,23,1.93864,385,0.988487
E3-Strict-p005,29.4684,61,61,RLPolicy,0,0,0,0,2.99573,1,2.45137,58,58,2.41175,385,0.995419
E3-Strict-p005,29.4817,48,151,RLPolicy,1,1,0.0368118,2.77259,2.99573,6,2.92842,72,301,2.47149,385,0.98514
E3-Strict-p005,29.4918,101,65,RLPolicy,1,1,0.0452531,1.38629,2.99573,4,2.45238,0,78,2.23974,385,0.990837
E3-Strict-p005,29.5034,55,355,RLPolicy,1,1,0.0455154,2.85205,2.99573,7,2.58099,193,230,2.0461,385,0.990516
E3-Strict-p005,29.5042,182,232,RLPolicy,1,1,0.0723308,2.77259,2.99573,6,2.4567,187,211,2.17341,385,0.998884
E3-Strict-p005,29.5136,125,400,RLPolicy,1,1,0.054432,2.07944,2.99573,5,2.43942,0,132,2.06989,385,0.987371
E3-Strict-p005,29.5143,93,93,RLPolicy,0,0,0,0,2.99573,1,3.42003,58,58,3.37511,385,1
E3-Strict-p005,29.5147,53,53,RLPolicy,0,0,0,0,2.99573,1,1.97031,25,25,1.91227,17,0.98279
E3-Strict-p005,29.5226,44,46,RLPolicy,1,1,0.0430817,1.77406,2.99573,5,3.12783,32,200,2.73226,385,0.987783
E3-Strict-p005,29.5304,0,115,RLPolicy,1,1,0.0282012,2.77259,2.99573,6,2.26478,199,207,1.81272,385,0.998884
E3-Strict-p005,29.5403,208,330,RLPolicy,1,1,0.0521831,1.38629,2.99573,4,2.24632,0,47,2.04273,385,0.991953
E3-Strict-p005,29.5422,118,268,RLPolicy,1,1,0.0570187,2.07944,2.99573,5,2.19029,56,205,1.83541,385,0.983906
E3-Strict-p005,29.547,91,328,RLPolicy,1,1,0.0523812,2.77259,2.99573,6,2.84111,159,187,2.49184,385,0.993187
E3-Strict-p005,29.5525,148,148,RLPolicy,0,0,0,0,2.99573,1,2.50352,3,3,2.45214,385,1
E3-Strict-p005,29.5799,175,158,RLPolicy,1,1,0.0647908,2.61844,2.99573,6,2.14346,44,49,1.88056,385,0.998114
E3-Strict-p005,29.5885,183,304,RLPolicy,1,1,0.0728563,2.77259,2.99573,6,2.26127,59,67,2.10058,385,0.997769
E3-Strict-p005,29.6356,117,354,RLPolicy,1,1,0.0430498,0.693147,2.99573,3,2.03153,0,78,1.88835,386,0.987371
E3-Strict-p005,29.6357,200,359,RLPolicy,1,1,0.0748228,2.77259,2.99573,6,2.0464,169,185,1.74612,386,0.998884
E3-Strict-p005,29.6516,89,60,RLPolicy,1,1,0.049372,2.07944,2.99573,5,3.5321,74,145,3.17287,386,0.975858
E3-Strict-p005,29.6517,215,25,RLPolicy,1,1,0.0723561,2.07944,2.99573,5,2.40375,62,128,2.09851,386,0.995419
E3-Strict-p005,29.6535,181,181,RLPolicy,0,0,0,0,2.99573,1,1.91831,20,20,1.8851,386,1
E3-Strict-p005,29.6635,170,236,RLPolicy,1,1,0.0608863,2.77259,2.99573,6,2.81718,127,261,2.34423,386,0.990837
E3-Strict-p005,29.6645,190,42,RLPolicy,1,1,0.0732626,2.77259,2.99573,6,2.3264,213,219,2.03771,386,0.998884
E3-Strict-p005,29.6715,227,227,RLPolicy,0,0,0,0,2.99573,1,2.16806,41,41,2.13559,386,1
E3-Strict-p005,29.6757,83,410,RLPolicy,1,1,0.0519567,2.77259,2.99573,6,2.51814,78,84,2.32649,386,0.988606
E3-Strict-p005,29.6794,203,203,RLPolicy,0,0,0,0,2.99573,1,2.02421,44,44,1.99228,386,1
E3-Strict-p005,29.6803,60,60,RLPolicy,0,0,0,0,2.99573,1,1.95543,13,13,1.92516,386,0.988487
E3-Strict-p005,29.6869,35,35,RLPolicy,0,0,0,0,2.99573,1,1.94167,16,16,1.90114,17,0.990426
E3-Strict-p005,29.6973,134,180,RLPolicy,1,1,0.0526176,1.38629,2.99573,4,2.40058,0,32,2.20452,386,0.991953
E3-Strict-p005,29.7002,139,161,RLPolicy,1,1,0.0632505,2.77259,2.99573,6,2.78853,122,137,2.57665,387,0.990837
E3-Strict-p005,29.7018,11,11,RLPolicy,0,0,0,0,2.99573,1,3.04974,5,5,3.01121,387,1
E3-Strict-p005,29.7059,213,213,RLPolicy,0,0,0,0,2.99573,1,2.63515,32,32,2.59592,387,1
E3-Strict-p005,29.723,150,150,RLPolicy,0,0,0,0,2.99573,1,2.2074,41,41,2.16249,387,0.991953
E3-Strict-p005,29.7244,169,169,RLPolicy,0,0,0,0,2.99573,1,2.7168,37,37,2.65505,387,1
E3-Strict-p005,29.7316,218,0,RLPolicy,1,1,0.0806071,2.77259,2.99573,6,2.69259,209,218,2.36298,387,0.998884
E3-Strict-p005,29.733,116,393,RLPolicy,1,1,0.0583033,2.07944,2.99573,5,2.96947,44,163,2.58008,387,0.987371
E3-Strict-p005,29.7398,27,23,RLPolicy,1,1,0.0364601,0.387766,2.99573,3,2.27955,0,117,2.12905,387,0.978209
E3-Strict-p005,29.7462,219,135,RLPolicy,1,1,0.065293,2.07944,2.99573,5,2.56997,48,145,2.22975,387,0.995419
E3-Strict-p005,29.7615,220,220,RLPolicy,0,0,0,0,2.99573,1,3.18164,22,22,3.11788,387,1
E3-Strict-p005,29.767,224,224,RLPolicy,0,0,0,0,2.99573,1,2.0396,7,7,2.01227,387,1
E3-Strict-p005,29.7683,73,73,RLPolicy,0,0,0,0,2.99573,1,2.22663,66,66,2.18992,387,0.987371
E3-Strict-p005,29.7693,82,176,RLPolicy,1,1,0.0520565,2.77259,2.99573,6,2.79306,174,201,2.40701,387,0.997769
E3-Strict-p005,29.774,152,152,RLPolicy,0,0,0,0,2.99573,1,2.09216,20,20,2.05991,387,0.995419
E3-Strict-p005,29.7905,223,354,RLPolicy,1,1,0.0655366,2.07944,2.99573,5,2.66948,34,114,2.36654,387,0.995419
E3-Strict-p005,29.8064,211,211,RLPolicy,0,0,0,0,2.99573,1,2.04148,16,16,2.01302,388,1
E3-Strict-p005,29.8227,94,200,RLPolicy,1,1,0.0549189,2.77259,2.99573,6,3.61815,194,248,3.15022,388,0.992071
E3-Strict-p005,29.8236,5,5,RLPolicy,0,0,0,0,2.99573,1,2.02833,55,55,1.97799,388,0.995419
E3-Strict-p005,29.8249,113,113,RLPolicy,0,0,0,0,2.99573,1,2.41574,36,36,2.37966,388,0.982019
E3-Strict-p005,29.8317,198,198,RLPolicy,0,0,0,0,2.99573,1,2.21149,41,41,2.16744,388,0.998884
E3-Strict-p005,29.8346,92,92,RLPolicy,0,0,0,0,2.99573,1,2.08203,8,8,2.04819,388,1
E3-Strict-p005,29.8457,129,129,RLPolicy,0,0,0,0,2.99573,1,2.28934,33,33,2.24092,388,0.995419
E3-Strict-p005,29.8562,22,22,RLPolicy,0,0,0,0,2.99573,1,2.57384,42,42,2.52909,388,0.977505
E3-Strict-p005,29.8632,34,157,RLPolicy,1,1,0.0401271,1.46868,2.99573,5,3.07631,1,178,2.53406,388,0.984437
E3-Strict-p005,29.8742,230,230,RLPolicy,0,0,0,0,2.99573,1,2.70229,8,8,2.64281,388,1
E3-Strict-p005,29.8759,157,46,RLPolicy,1,1,0.0609328,1.38629,2.99573,4,3.70553,0,148,2.949,388,0.991953
E3-Strict-p005,29.8791,58,60,RLPolicy,1,1,0.0472649,2.07944,2.99573,5,2.89558,34,187,2.3074,388,0.985844
E3-Strict-p005,29.9059,136,136,RLPolicy,0,0,0,0,2.99573,1,3.08287,38,38,3.03799,388,0.995419
E3-Strict-p005,29.9171,236,206,RLPolicy,1,1,0.0769096,2.77259,2.99573,6,2.61812,164,217,2.3055,388,0.998884
E3-Strict-p005,29.9265,104,348,RLPolicy,1,1,0.0583698,2.84913,2.99573,7,3.03025,239,249,2.65805,388,0.999267
E3-Strict-p005,29.9609,159,159,RLPolicy,0,0,0,0,2.99573,1,2.80113,16,16,2.74343,388,0.998884
E3-Strict-p005,29.9719,41,41,RLPolicy,0,0,0,0,2.99573,1,3.18607,66,66,3.13875,388,0.985553
E3-Strict-p005,29.9815,69,406,RLPolicy,1,1,0.0529131,2.07944,2.99573,5,2.21316,37,164,1.96245,388,0.977093
E3-Strict-p005,29.9821,42,42,RLPolicy,0,0,0,0,2.99573,1,2.68621,16,16,2.57954,388,1
E3-Strict-p005,29.9881,239,239,RLPolicy,0,0,0,0,2.99573,1,2.23156,38,38,2.19229,388,1
E3-Strict-p005,29.9924,199,199,RLPolicy,0,0,0,0,2.99573,1,2.18268,63,63,2.15145,388,1
E3-Strict-p005,30.0027,111,111,RLPolicy,0,0,0,0,2.99573,1,2.31944,67,67,2.24261,390,0.991953
E3-Strict-p005,30.0112,194,194,RLPolicy,0,0,0,0,2.99573,1,2.29426,43,43,2.17782,390,1
E3-Strict-p005,30.0119,30,333,RLPolicy,1,1,0.0422866,2.24421,2.99573,7,2.73189,68,213,2.26797,390,0.982911
E3-Strict-p005,30.0147,240,245,RLPolicy,1,1,0.0719423,2.07944,2.99573,5,2.72519,30,92,2.39649,390,0.995419
E3-Strict-p005,30.0153,21,329,RLPolicy,1,1,0.0427926,2.93736,2.99573,8,2.37795,324,332,2.05223,390,0.98943
E3-Strict-p005,30.0171,24,342,RLPolicy,1,1,0.0318884,1.85644,2.99573,6,2.08625,2,202,1.74692,390,0.990546
E3-Strict-p005,30.0191,10,10,RLPolicy,0,0,0,0,2.99573,1,2.36376,9,9,2.32088,390,0.984026
E3-Strict-p005,30.0209,222,378,RLPolicy,1,1,0.0618834,0.693147,2.99573,3,2.45937,0,69,2.20594,390,0.988487
E3-Strict-p005,30.0235,98,98,RLPolicy,0,0,0,0,2.99573,1,2.55993,13,13,2.51701,390,0.998884
E3-Strict-p005,30.0273,2,2,RLPolicy,0,0,0,0,2.99573,1,2.61045,35,35,2.5766,390,1
E3-Strict-p005,30.0348,4,4,RLPolicy,0,0,0,0,2.99573,1,2.11242,12,12,2.08236,390,0.997357
E3-Strict-p005,30.0396,29,47,RLPolicy,1,1,0.0332365,1.08091,2.99573,4,2.38297,0,146,2.00084,390,0.990426
E3-Strict-p005,30.0439,179,91,RLPolicy,1,1,0.0564117,2.07944,2.99573,5,2.86526,27,226,2.10676,390,0.995419
E3-Strict-p005,30.0519,64,64,RLPolicy,0,0,0,0,2.99573,1,2.41828,48,48,2.36616,390,0.998884
E3-Strict-p005,30.0839,191,191,RLPolicy,0,0,0,0,2.99573,1,2.27688,71,71,2.21843,390,1
E3-Strict-p005,30.0892,188,188,RLPolicy,0,0,0,0,2.99573,1,1.97391,4,4,1.94294,390,1
E3-Strict-p005,30.1025,75,75,RLPolicy,0,0,0,0,2.99573,1,2.80849,44,44,2.7526,392,1
E3-Strict-p005,30.1107,216,17,RLPolicy,1,1,0.0671176,0.693147,2.99573,3,2.76033,0,125,2.47645,392,0.988487
E3-Strict-p005,30.1153,107,211,RLPolicy,1,1,0.0448273,1.38629,2.99573,4,3.6004,0,118,3.14317,392,0.975858
E3-Strict-p005,30.1207,57,57,RLPolicy,0,0,0,0,2.99573,1,2.63481,13,13,2.57064,392,0.998884
E3-Strict-p005,30.124,221,404,RLPolicy,1,1,0.0749652,2.77259,2.99573,6,5.85013,143,162,5.55166,392,0.998884
E3-Strict-p005,30.1459,122,122,RLPolicy,0,0,0,0,2.99573,1,1.9719,46,46,1.93901,392,0.997769
E3-Strict-p005,30.1563,231,216,RLPolicy,1,1,0.0805029,2.77259,2.99573,6,2.89284,152,184,2.43202,392,0.998884
E3-Strict-p005,30.1819,131,253,RLPolicy,1,1,0.0513692,2.07944,2.99573,5,2.49249,47,137,2.13597,392,0.995419
E3-Strict-p005,30.1834,31,50,RLPolicy,1,1,0.0389237,2.46721,2.99573,6,2.46731,73,192,2.03357,392,0.997357
E3-Strict-p005,30.1971,233,233,RLPolicy,0,0,0,0,2.99573,1,3.05684,38,38,3.00439,392,1
E3-Strict-p005,30.2109,33,33,RLPolicy,0,0,0,0,2.99573,1,3.55056,36,36,3.49846,392,0.986256
E3-Strict-p005,30.2357,71,71,RLPolicy,0,0,0,0,2.99573,1,1.86249,7,7,1.83519,392,1
E3-Strict-p005,30.2397,174,174,RLPolicy,0,0,0,0,2.99573,1,3.01634,62,62,2.95348,392,1
E3-Strict-p005,30.2418,70,70,RLPolicy,0,0,0,0,2.99573,1,1.90806,43,43,1.87486,392,0.996653
E3-Strict-p005,30.2586,137,137,RLPolicy,0,0,0,0,2.99573,1,1.99727,21,21,1.93126,392,1
E3-Strict-p005,30.2636,84,84,RLPolicy,0,0,0,0,2.99573,1,2.50546,57,57,2.4609,392,0.998884
E3-Strict-p005,30.2748,185,185,RLPolicy,0,0,0,0,2.99573,1,2.02527,31,31,1.99517,392,1
E3-Strict-p005,30.2918,142,142,RLPolicy,0,0,0,0,2.99573,1,2.01372,40,40,1.98005,392,1
E3-Strict-p005,30.2992,120,120,RLPolicy,0,0,0,0,2.99573,1,1.92527,7,7,1.88992,392,1
E3-Strict-p005,30.302,87,206,RLPolicy,1,1,0.0530038,2.07944,2.99573,5,2.47138,83,167,2.1809,395,0.993187
E3-Strict-p005,30.3023,242,242,RLPolicy,0,0,0,0,2.99573,1,1.8193,46,46,1.775,4,1
E3-Strict-p005,30.3053,235,235,RLPolicy,0,0,0,0,2.99573,1,2.69293,50,50,2.63402,395,1
E3-Strict-p005,30.3133,100,100,RLPolicy,0,0,0,0,2.99573,1,5.59221,18,18,5.55426,395,0.998114
E3-Strict-p005,30.3137,165,395,RLPolicy,1,1,0.0690224,2.77259,2.99573,6,3.42452,103,191,3.07106,395,0.998884
E3-Strict-p005,30.3206,178,400,RLPolicy,1,1,0.0709797,2.61844,2.99573,6,2.35408,101,109,2.12671,395,0.998114
E3-Strict-p005,30.3245,23,31,RLPolicy,1,1,0.0408302,2.53652,2.99573,7,2.42984,215,274,2.0499,395,0.984371
E3-Strict-p005,30.3289,77,110,RLPolicy,1,1,0.0521522,2.07944,2.99573,5,2.18837,46,123,1.97007,395,0.988606
E3-Strict-p005,30.3412,79,79,RLPolicy,0,0,0,0,2.99573,1,2.1892,56,56,2.14918,395,0.983906
E3-Strict-p005,30.3419,32,40,RLPolicy,0,0,0.00118811,0.387766,2.99573,2,2.23197,113,120,2.16121,395,0.977094
E3-Strict-p005,30.3441,37,37,RLPolicy,0,0,0,0,2.99573,1,2.15287,7,7,2.12195,395,0.997357
E3-Strict-p005,30.3551,189,189,RLPolicy,0,0,0,0,2.99573,1,3.14971,56,56,3.09826,395,0.991953
E3-Strict-p005,30.3644,187,327,RLPolicy,1,1,0.0719644,2.77259,2.99573,6,2.51935,123,144,2.23616,395,0.998884
E3-Strict-p005,30.3696,140,56,RLPolicy,1,1,0.0572042,0.693147,2.99573,3,2.24722,0,86,2.13458,395,0.987371
E3-Strict-p005,30.4023,146,146,RLPolicy,0,0,0,0,2.99573,1,2.15043,4,4,2.11535,396,1
E3-Strict-p005,30.4122,241,241,RLPolicy,0,0,0,0,2.99573,1,2.83915,10,10,2.77634,396,1
E3-Strict-p005,30.4188,112,365,RLPolicy,1,1,0.0560843,2.07944,2.99573,5,3.335,48,213,2.88755,396,0.973201
E3-Strict-p005,30.42,121,22,RLPolicy,1,1,0.0581073,2.77259,2.99573,6,1.84316,56,68,1.6674,396,0.998884
E3-Strict-p005,30.4223,171,171,RLPolicy,0,0,0,0,2.99573,1,2.05043,24,24,2.02181,396,0.998884
E3-Strict-p005,30.4309,108,108,RLPolicy,0,0,0,0,2.99573,1,4.10389,52,52,4.06106,396,0.991953
E3-Strict-p005,30.4329,214,214,RLPolicy,0,0,0,0,2.99573,1,2.10397,38,38,2.07026,396,0.998884
E3-Strict-p005,30.4532,28,53,RLPolicy,1,1,0.032935,1.23214,2.99573,4,2.94241,0,174,2.77582,396,0.965102
E3-Strict-p005,30.4579,184,184,RLPolicy,0,0,0,0,2.99573,1,2.34917,36,36,2.30675,396,0.998114
E3-Strict-p005,30.4663,72,72,RLPolicy,0,0,0,0,2.99573,1,1.91575,10,10,1.88744,396,0.994303
E3-Strict-p005,30.4732,133,91,RLPolicy,1,1,0.0466348,2.77259,2.99573,6,2.75335,87,280,2.35978,396,0.993187
E3-Strict-p005,30.4806,85,85,RLPolicy,0,0,0,0,2.99573,1,2.52885,3,3,2.47183,396,0.994303
E3-Strict-p005,30.4809,18,328,RLPolicy,1,1,0.0379624,2.16183,2.99573,6,2.57038,37,301,2.07818,396,0.97404
E3-Strict-p005,30.5032,212,212,RLPolicy,0,0,0,0,2.99573,1,2.05616,68,68,2.0179,396,1
E3-Strict-p005,30.5044,6,293,RLPolicy,1,1,0.0363843,2.45413,2.99573,6,2.62245,85,134,2.37835,396,0.979449
E3-Strict-p005,30.5096,149,214,RLPolicy,1,1,0.0628545,2.07944,2.99573,5,6.62952,68,153,6.24326,396,0.983906
E3-Strict-p005,30.5096,106,106,RLPolicy,0,0,0,0,2.99573,1,2.61052,43,43,2.55796,396,0.998884
E3-Strict-p005,30.5148,78,78,RLPolicy,0,0,0,0,2.99573,1,1.93025,37,37,1.90179,396,1
E3-Strict-p005,30.5169,127,31,RLPolicy,1,1,0.0585207,1.38629,2.99573,4,2.44662,0,72,2.00502,396,0.987371
E3-Strict-p005,30.5313,124,124,RLPolicy,0,0,0,0,2.99573,1,2.74575,55,55,2.67112,396,1
E3-Strict-p005,30.5552,237,237,RLPolicy,0,0,0,0,2.99573,1,2.61158,44,44,2.5729,396,1
E3-Strict-p005,30.5773,176,176,RLPolicy,0,0,0,0,2.99573,1,3.26529,10,10,3.20936,396,0.990837
E3-Strict-p005,30.5813,245,400,RLPolicy,1,1,0.0660591,2.07944,2.99573,5,3.76107,9,149,3.27131,396,0.995419
E3-Strict-p005,30.6005,119,119,RLPolicy,0,0,0,0,2.99573,1,1.94547,70,70,1.89835,17,1
E3-Strict-p005,30.602,47,424,RLPolicy,1,1,0.00606809,2.77259,2.99573,6,2.93659,168,177,2.63626,400,0.986668
E3-Strict-p005,30.6026,13,415,RLPolicy,1,1,0.0317963,2.07944,2.99573,5,3.19681,66,186,2.7267,400,0.97595
E3-Strict-p005,30.6093,145,145,RLPolicy,0,0,0,0,2.99573,1,2.31196,65,65,2.26393,400,1
E3-Strict-p005,30.635,147,384,RLPolicy,1,1,0.0505805,2.07944,2.99573,5,3.33553,56,212,2.87539,400,0.986256
E3-Strict-p005,30.6362,163,163,RLPolicy,0,0,0,0,2.99573,1,2.27451,34,34,2.22323,2,0.998884
E3-Strict-p005,30.6521,90,90,RLPolicy,0,0,0,0,2.99573,1,5.93477,27,27,5.72806,400,1
E3-Strict-p005,30.6945,141,141,RLPolicy,0,0,0,0,2.99573,1,2.10529,57,57,2.07076,400,0.995419
E3-Strict-p005,30.6959,192,192,RLPolicy,0,0,0,0,2.99573,1,2.37445,7,7,2.33602,400,1
E3-Strict-p005,30.7006,202,351,RLPolicy,1,1,0.0757175,2.77259,2.99573,6,2.85833,79,85,2.62669,402,0.998884
E3-Strict-p005,30.7033,193,288,RLPolicy,1,1,0.0516717,2.77259,2.99573,6,2.57478,37,255,2.09716,402,0.998884
E3-Strict-p005,30.7076,15,15,RLPolicy,0,0,0,0,2.99573,1,6.66411,13,13,6.49981,402,0.991581
E3-Strict-p005,30.71,36,104,RLPolicy,1,1,0.0170127,2.77259,2.99573,6,2.31184,142,147,2.08467,402,0.997769
E3-Strict-p005,30.7134,247,175,RLPolicy,1,1,0.0835523,2.07944,2.99573,5,5.78388,54,84,5.53653,402,0.995419
E3-Strict-p005,30.7314,135,135,RLPolicy,0,0,0,0,2.99573,1,1.97562,51,51,1.93068,18,0.989721
E3-Strict-p005,30.737,253,297,RLPolicy,1,1,0.0855036,2.07944,2.99573,5,2.70126,90,193,2.32637,402,0.995419
E3-Strict-p005,30.7389,229,229,RLPolicy,0,0,0,0,2.99573,1,2.2858,65,65,2.25058,402,1
E3-Strict-p005,30.7418,251,330,RLPolicy,1,1,0.0859642,2.77259,2.99573,6,3.41807,138,265,2.70734,402,0.998884
E3-Strict-p005,30.7426,156,391,RLPolicy,1,1,0.0682911,2.77259,2.99573,6,3.18487,216,226,2.63435,402,0.994303
E3-Strict-p005,30.7677,248,288,RLPolicy,1,1,0.076528,2.07944,2.99573,5,3.12887,35,120,2.80147,402,0.995419
E3-Strict-p005,30.7751,138,38,RLPolicy,1,1,0.0570052,1.38629,2.99573,4,2.52619,0,164,2.25921,402,0.990837
E3-Strict-p005,30.7786,51,51,RLPolicy,0,0,0,0,2.99573,1,2.45774,12,12,2.41873,402,1
E3-Strict-p005,30.7823,88,88,RLPolicy,0,0,0,0,2.99573,1,2.11819,29,29,2.08283,402,0.998884
E3-Strict-p005,30.7841,153,339,RLPolicy,1,1,0.0552237,2.77259,2.99573,6,2.97025,99,218,2.65933,402,0.997769
E3-Strict-p005,30.7907,99,99,RLPolicy,0,0,0,0,2.99573,1,3.61696,38,38,3.56076,402,0.988487
E3-Strict-p005,30.7911,232,232,RLPolicy,0,0,0,0,2.99573,1,3.7488,40,40,3.69442,402,1
E3-Strict-p005,30.8035,168,326,RLPolicy,1,1,0.06987,2.77259,2.99573,6,2.69767,205,217,2.47402,404,0.997769
E3-Strict-p005,30.8131,14,14,RLPolicy,0,0,0,0,2.99573,1,2.52313,20,20,2.47193,404,0.994303
E3-Strict-p005,30.8149,16,16,RLPolicy,0,0,0,0,2.99573,1,3.08772,27,27,3.04093,404,0.985844
E3-Strict-p005,30.8287,9,9,RLPolicy,0,0,0,0,2.99573,1,2.3312,45,45,2.29437,404,0.98097
E3-Strict-p005,30.8317,132,132,RLPolicy,0,0,0,0,2.99573,1,1.98212,9,9,1.94859,404,1
E3-Strict-p005,30.8325,160,160,RLPolicy,0,0,0,0,2.99573,1,1.97335,7,7,1.92589,2,1
E3-Strict-p005,30.8381,130,130,RLPolicy,0,0,0,0,2.99573,1,2.33894,12,12,2.30909,404,0.994303
E3-Strict-p005,30.8439,26,26,RLPolicy,0,0,0,0,2.99573,1,1.84147,7,7,1.8155,404,1
E3-Strict-p005,30.8567,197,197,RLPolicy,0,0,0,0,2.99573,1,2.57998,38,38,2.53361,404,1
E3-Strict-p005,30.8608,173,328,RLPolicy,1,1,0.070446,2.77259,2.99573,6,3.06632,178,193,2.65843,404,0.997769
E3-Strict-p005,30.8702,252,252,RLPolicy,0,0,0,0,2.99573,1,2.43514,59,59,2.39201,404,1
E3-Strict-p005,30.8776,62,63,RLPolicy,1,1,0.0506296,2.46721,2.99573,6,2.48385,167,186,2.2173,404,0.993599
E3-Strict-p005,30.8808,144,144,RLPolicy,0,0,0,0,2.99573,1,2.13356,65,65,2.09951,404,1
E3-Strict-p005,30.8852,217,14,RLPolicy,1,1,0.0779619,2.77259,2.99573,6,2.45952,77,91,2.25511,404,0.998884
E3-Strict-p005,30.8936,126,126,RLPolicy,0,0,0,0,2.99573,1,2.8515,32,32,2.80541,404,0.997769
E3-Strict-p005,30.8989,209,209,RLPolicy,0,0,0,0,2.99573,1,2.67501,3,3,2.64274,404,1
E3-Strict-p005,30.9038,155,53,RLPolicy,1,1,0.0499195,1.38629,2.99573,4,2.98403,0,189,2.55237,405,0.990837
E3-Strict-p005,30.9097,80,80,RLPolicy,0,0,0,0,2.99573,1,2.68815,72,72,2.63701,405,0.991953
E3-Strict-p005,30.9114,143,143,RLPolicy,0,0,0,0,2.99573,1,2.3624,8,8,2.33165,405,1
E3-Strict-p005,30.9478,161,185,RLPolicy,1,1,0.0683343,2.77259,2.99573,6,3.57138,141,166,3.16397,405,0.990837
E3-Strict-p005,30.9648,205,430,RLPolicy,1,1,0.0624346,2.07944,2.99573,5,2.60342,45,114,2.31388,405,0.994303
E3-Strict-p005,30.9654,40,40,RLPolicy,0,0,0,0,2.99573,1,3.45259,56,56,3.36596,18,1
E3-Strict-p005,30.9679,56,56,RLPolicy,0,0,0,0,2.99573,1,2.91671,55,55,2.75925,18,0.995419
E3-Strict-p005,30.9684,96,96,RLPolicy,0,0,0,0,2.99573,1,2.25615,41,41,2.20281,405,0.990837
E3-Strict-p005,30.9825,151,125,RLPolicy,1,1,0.0574264,1.8563,2.99573,5,2.92493,64,199,2.52968,405,0.981712
E3-Strict-p005,30.985,206,206,RLPolicy,0,0,0,0,2.99573,1,2.47343,4,4,2.43592,405,1
E3-Strict-p005,31.0274,110,110,RLPolicy,0,0,0,0,2.99573,1,6.23341,19,19,6.15477,405,0.998884
E3-Strict-p005,31.0461,201,245,RLPolicy,1,1,0.060877,2.07944,2.99573,5,3.70805,58,222,3.29359,405,0.990837
E3-Strict-p005,31.0541,123,123,RLPolicy,0,0,0,0,2.99573,1,2.67267,63,63,2.62748,405,0.998884
E3-Strict-p005,31.0587,20,338,RLPolicy,1,1,0.0364642,1.08091,2.99573,4,3.50251,0,183,3.11262,405,0.965289
E3-Strict-p005,31.06,3,3,RLPolicy,0,0,0,0,2.99573,1,2.76842,25,25,2.72239,405,0.996362
E3-Strict-p005,31.0602,19,75,RLPolicy,1,1,0.0375247,1.77406,2.99573,5,6.39416,28,177,5.84758,405,0.987903
E3-Strict-p005,31.0827,210,210,RLPolicy,0,0,0,0,2.99573,1,2.10098,9,9,2.07002,405,1
E3-Strict-p005,31.083,128,354,RLPolicy,1,1,0.0537057,0.693147,2.99573,3,2.78453,0,114,2.5313,405,0.98044
E3-Strict-p005,31.0867,177,321,RLPolicy,1,1,0.057191,2.07944,2.99573,5,3.15486,41,121,2.74284,405,0.990837
E3-Strict-p005,31.0895,45,45,RLPolicy,0,0,0,0,2.99573,1,2.64613,7,7,2.59551,405,0.998884
E3-Strict-p005,31.0993,46,46,RLPolicy,0,0,0,0,2.99573,1,3.46364,37,37,3.37445,405,0.997357
E3-Strict-p005,31.0997,228,228,RLPolicy,0,0,0,0,2.99573,1,2.20255,1,1,2.17296,405,1
E3-Strict-p005,31.1136,43,176,RLPolicy,1,1,0.0439561,2.77259,2.99573,6,3.15535,175,209,2.85105,409,0.969046
E3-Strict-p005,31.1171,196,196,RLPolicy,0,0,0,0,2.99573,1,2.39637,17,17,2.36544,409,1
E3-Strict-p005,31.1238,102,433,RLPolicy,1,1,0.0498008,2.46429,2.99573,6,3.82152,46,172,3.36959,409,0.977087
E3-Strict-p005,31.1243,254,254,RLPolicy,0,0,0,0,2.99573,1,7.42929,51,51,7.33549,409,1
E3-Strict-p005,31.1394,12,5,RLPolicy,1,1,0.00607634,2.77259,2.99573,6,3.95132,236,246,3.46261,409,0.958237
E3-Strict-p005,31.1404,158,19,RLPolicy,1,1,0.0679264,2.77259,2.99573,6,4.80671,186,207,4.19605,409,0.998884
E3-Strict-p005,31.1454,63,63,RLPolicy,0,0,0,0,2.99573,1,4.84112,26,26,4.6827,409,1
E3-Strict-p005,31.1482,234,382,RLPolicy,1,1,0.067043,0.693147,2.99573,3,3.07624,0,68,2.8474,409,0.988487
E3-Strict-p005,31.1497,164,164,RLPolicy,0,0,0,0,2.99573,1,6.54664,63,63,6.36212,409,0.990837
E3-Strict-p005,31.1508,81,147,RLPolicy,1,1,0.0449061,2.77259,2.99573,6,2.73068,83,97,2.38525,409,0.998884
E3-Strict-p005,31.1582,250,250,RLPolicy,0,0,0,0,2.99573,1,2.33912,31,31,2.30093,409,1
E3-Strict-p005,31.1626,25,89,RLPolicy,1,1,0.0292165,2.46721,2.99573,6,2.81618,71,299,2.31861,409,0.980679
E3-Strict-p005,31.1672,225,225,RLPolicy,0,0,0,0,2.99573,1,2.52977,54,54,2.4203,409,1
E3-Strict-p005,31.1722,105,199,RLPolicy,1,1,0.0569566,2.77259,2.99573,6,3.47537,218,226,3.03171,409,0.993187
E3-Strict-p005,31.1961,109,109,RLPolicy,0,0,0,0,2.99573,1,3.49871,28,28,3.34646,409,0.995419
E3-Strict-p005,31.1986,167,167,RLPolicy,0,0,0,0,2.99573,1,3.16797,45,45,3.05945,409,1
E3-Strict-p005,31.2013,238,238,RLPolicy,0,0,0,0,2.99573,1,2.13029,8,8,2.09554,411,1
E3-Strict-p005,31.2053,76,76,RLPolicy,0,0,0,0,2.99573,1,2.83418,72,72,2.77281,411,0.990837
E3-Strict-p005,31.2107,115,340,RLPolicy,1,1,0.0598449,2.77259,2.99573,6,6.42619,169,246,5.94227,411,0.997769
E3-Strict-p005,31.2259,54,54,RLPolicy,0,0,0,0,2.99573,1,2.64524,8,8,2.60741,411,1
E3-Strict-p005,31.2315,38,286,RLPolicy,1,1,0.0408165,1.77406,2.99573,5,2.74729,40,213,2.26089,411,0.983202
E3-Strict-p005,31.237,66,66,RLPolicy,0,0,0,0,2.99573,1,6.42021,38,38,6.18795,411,0.990066
E3-Strict-p005,31.242,50,226,RLPolicy,1,1,0.0449475,2.46721,2.99573,6,4.92647,172,211,4.50755,411,0.996242
E3-Strict-p005,31.2423,52,60,RLPolicy,1,1,0.0435271,2.07944,2.99573,5,3.25766,56,192,2.83627,411,0.986256
E3-Strict-p005,31.2603,180,180,RLPolicy,0,0,0,0,2.99573,1,2.99776,13,13,2.94298,411,0.998884
E3-Strict-p005,31.2636,39,257,RLPolicy,1,1,0.0416468,2.46721,2.99573,6,3.10933,187,249,2.68686,411,0.989429
E3-Strict-p005,31.2725,95,103,RLPolicy,1,1,0.0328546,2.07944,2.99573,5,2.69279,71,169,2.33987,411,0.981674
E3-Strict-p005,31.28,226,226,RLPolicy,0,0,0,0,2.99573,1,2.40816,15,15,2.37376,411,0.988487
E3-Strict-p005,31.2872,59,59,RLPolicy,0,0,0,0,2.99573,1,3.72448,25,25,3.67204,18,0.996242
E3-Strict-p005,31.2882,162,162,RLPolicy,0,0,0,0,2.99573,1,2.92383,67,67,2.88067,411,1
E3-Strict-p005,31.3079,114,114,RLPolicy,0,0,0,0,2.99573,1,2.64346,4,4,2.58877,412,1
E3-Strict-p005,31.3116,49,49,RLPolicy,0,0,0,0,2.99573,1,2.42395,9,9,2.38388,412,1
E3-Strict-p005,31.317,68,68,RLPolicy,0,0,0,0,2.99573,1,4.49143,12,12,3.99846,412,0.991182
E3-Strict-p005,31.3184,86,86,RLPolicy,0,0,0,0,2.99573,1,2.30765,11,11,2.27471,412,0.998884
E3-Strict-p005,31.3214,172,13,RLPolicy,1,1,0.0647137,1.38629,2.99573,4,3.58825,0,163,3.13755,412,0.991953
E3-Strict-p005,31.3274,269,269,RLPolicy,0,0,0,0,2.99573,1,3.06524,70,70,3.02612,412,1
E3-Strict-p005,31.3299,195,195,RLPolicy,0,0,0,0,2.99573,1,2.52858,48,48,2.47242,412,0.995419
E3-Strict-p005,31.3471,1,338,RLPolicy,1,1,0.00810273,2.85497,2.99573,7,2.97481,200,212,2.68817,412,0.992896
E3-Strict-p005,31.3536,266,266,RLPolicy,0,0,0,0,2.99573,1,2.50738,42,42,2.45585,412,1
E3-Strict-p005,31.3654,7,185,RLPolicy,1,1,0.0455376,2.83898,2.99573,7,2.48492,140,194,2.19729,412,0.987091
E3-Strict-p005,31.379,262,262,RLPolicy,0,0,0,0,2.99573,1,2.59969,37,37,2.56443,412,1
E3-Strict-p005,31.387,204,198,RLPolicy,1,1,0.0749521,2.07944,2.99573,5,2.66187,112,214,2.23503,412,0.990837
E3-Strict-p005,31.3911,8,8,RLPolicy,0,0,0,0,2.99573,1,2.22702,60,60,2.18926,412,1
E3-Strict-p005,31.3993,186,401,RLPolicy,1,1,0.0515477,2.77259,2.99573,6,4.23528,46,209,3.64872,412,0.993187
E3-Strict-p005,31.4143,97,352,RLPolicy,1,1,0.0523546,1.38629,2.99573,4,2.48697,0,125,2.24813,415,0.978208
E3-Strict-p005,31.416,17,168,RLPolicy,1,1,0.00605086,2.46721,2.99573,6,6.74458,204,222,6.38258,415,0.997357
E3-Strict-p005,31.4189,103,103,RLPolicy,0,0,0,0,2.99573,1,5.95879,60,60,5.89313,415,0.995419
E3-Strict-p005,31.4203,207,60,RLPolicy,1,1,0.0676924,2.07944,2.99573,5,2.40858,50,110,2.16031,415,0.995419
E3-Strict-p005,31.4255,67,288,RLPolicy,1,1,0.0484061,2.77259,2.99573,6,7.00534,169,198,6.70709,415,0.981674
E3-Strict-p005,31.4445,154,18,RLPolicy,1,1,0.0622026,2.77259,2.99573,6,2.58011,116,142,2.27218,415,0.998884
E3-Strict-p005,31.4481,166,288,RLPolicy,1,1,0.0619888,2.77259,2.99573,6,3.50788,54,254,3.00213,415,0.997769
E3-Strict-p005,31.4573,74,74,RLPolicy,0,0,0,0,2.99573,1,2.38849,51,51,2.35029,415,0.991953
E3-Strict-p005,31.4602,65,65,RLPolicy,0,0,0,0,2.99573,1,2.85251,12,12,2.79927,415,0.988487
E3-Strict-p005,31.4684,61,302,RLPolicy,1,1,0.0474646,2.77259,2.99573,6,3.2105,176,201,2.8426,415,0.994303
E3-Strict-p005,31.4797,243,243,RLPolicy,0,0,0,0,2.99573,1,2.00503,66,66,1.94939,18,1
E3-Strict-p005,31.4817,48,309,RLPolicy,1,1,0.0521371,2.77259,2.99573,6,2.72055,94,319,2.43321,415,0.984024
E3-Strict-p005,31.4918,101,122,RLPolicy,1,1,0.0408896,2.77259,2.99573,6,3.64219,200,212,3.23916,415,0.989721
E3-Strict-p005,31.5034,55,291,RLPolicy,1,1,0.0452975,1.77114,2.99573,5,2.76684,32,118,2.42817,419,0.984393
E3-Strict-p005,31.5042,182,182,RLPolicy,0,0,0,0,2.99573,1,2.84907,67,67,2.80552,419,0.998884
E3-Strict-p005,31.5064,271,271,RLPolicy,0,0,0,0,2.99573,1,2.45666,37,37,2.36903,419,1
E3-Strict-p005,31.5071,274,244,RLPolicy,1,1,0.0817289,2.07944,2.99573,5,3.02422,48,122,2.69078,419,0.995419
E3-Strict-p005,31.5136,125,27,RLPolicy,1,1,0.0511474,2.07944,2.99573,5,7.29302,72,198,6.7924,419,0.98279
E3-Strict-p005,31.5143,93,93,RLPolicy,0,0,0,0,2.99573,1,2.27296,62,62,2.22752,419,1
E3-Strict-p005,31.5147,53,188,RLPolicy,1,1,0.0376951,0.693147,2.99573,3,3.30274,0,39,3.04787,419,0.971277
E3-Strict-p005,31.5226,44,21,RLPolicy,1,1,0.0360547,1.77406,2.99573,5,3.22449,19,163,2.75089,419,0.981675
E3-Strict-p005,31.5304,0,378,RLPolicy,1,1,0.037783,2.85497,2.99573,7,6.65413,239,277,6.28878,419,0.99818
E3-Strict-p005,31.5403,208,208,RLPolicy,0,0,0,0,2.99573,1,1.76618,19,19,1.73233,5,0.991953
E3-Strict-p005,31.5422,118,328,RLPolicy,1,1,0.0594486,2.77259,2.99573,6,7.48545,176,220,7.14813,419,0.98279
E3-Strict-p005,31.547,91,248,RLPolicy,1,1,0.0534854,1.92529,2.99573,5,2.55523,38,245,2.28236,419,0.987835
E3-Strict-p005,31.5525,148,148,RLPolicy,0,0,0,0,2.99573,1,1.97697,4,4,1.94713,419,1
E3-Strict-p005,31.5799,175,278,RLPolicy,1,1,0.0538048,0.693147,2.99573,3,2.87111,0,32,2.70806,419,0.986601
E3-Strict-p005,31.5806,257,157,RLPolicy,1,1,0.0703076,2.77259,2.99573,6,3.05598,198,226,2.71976,419,0.998884
E3-Strict-p005,31.5885,183,87,RLPolicy,1,1,0.0712145,2.07944,2.99573,5,3.29393,30,168,2.88036,419,0.993187
E3-Strict-p005,31.6356,117,117,RLPolicy,0,0,0,0,2.99573,1,5.81823,44,44,5.75212,19,0.987371
E3-Strict-p005,31.6357,200,38,RLPolicy,1,1,0.0775858,2.77259,2.99573,6,6.22509,188,213,5.88558,419,0.997769
E3-Strict-p005,31.6516,89,261,RLPolicy,1,1,0.0529628,2.77259,2.99573,6,2.79336,153,261,2.39692,419,0.974743
E3-Strict-p005,31.6517,215,215,RLPolicy,0,0,0,0,2.99573,1,2.37826,13,13,2.34655,419,0.995419
E3-Strict-p005,31.6535,181,181,RLPolicy,0,0,0,0,2.99573,1,3.40932,21,21,3.35191,419,1
E3-Strict-p005,31.6635,170,22,RLPolicy,1,1,0.0639132,2.77259,2.99573,6,2.77494,95,134,2.49417,419,0.989721
E3-Strict-p005,31.6645,190,53,RLPolicy,1,1,0.0537664,2.77259,2.99573,6,3.5862,231,243,3.19276,419,0.997769
E3-Strict-p005,31.6715,227,370,RLPolicy,1,1,0.0675442,2.77259,2.99573,6,2.73422,155,163,2.41714,419,0.998884
E3-Strict-p005,31.6757,83,83,RLPolicy,0,0,0,0,2.99573,1,2.64187,53,53,2.60687,419,0.988606
E3-Strict-p005,31.6794,203,203,RLPolicy,0,0,0,0,2.99573,1,3.252,48,48,3.19413,419,1
E3-Strict-p005,31.6803,60,137,RLPolicy,1,1,0.0468778,2.77259,2.99573,6,3.1138,117,131,2.79766,419,0.987371
E3-Strict-p005,31.6869,35,293,RLPolicy,1,1,0.035346,2.46721,2.99573,6,2.98954,43,190,2.53464,419,0.987783
E3-Strict-p005,31.6932,249,249,RLPolicy,0,0,0,0,2.99573,1,2.38761,18,18,2.34888,419,1
E3-Strict-p005,31.6973,134,134,RLPolicy,0,0,0,0,2.99573,1,2.49077,6,6,2.46517,419,0.991953
E3-Strict-p005,31.7002,139,10,RLPolicy,1,1,0.061484,2.77259,2.99573,6,2.5536,81,106,2.33017,419,0.989721
E3-Strict-p005,31.7018,11,11,RLPolicy,0,0,0,0,2.99573,1,2.16892,5,5,2.1383,419,1
E3-Strict-p005,31.7059,244,299,RLPolicy,1,1,0.0677821,1.38629,2.99573,4,3.13078,0,187,2.65657,419,0.991953
E3-Strict-p005,31.7059,213,220,RLPolicy,1,1,0.0787924,2.77259,2.99573,6,2.74087,191,214,2.42484,419,0.998884
E3-Strict-p005,31.723,150,25,RLPolicy,1,1,0.0650692,2.77259,2.99573,6,2.63518,197,239,2.29428,419,0.990837
E3-Strict-p005,31.7244,169,283,RLPolicy,1,1,0.0675676,2.77259,2.99573,6,2.68901,210,217,2.34936,419,0.998884
E3-Strict-p005,31.7316,218,326,RLPolicy,1,1,0.0806064,2.77259,2.99573,6,3.18629,217,228,2.79892,419,0.997769
E3-Strict-p005,31.733,116,317,RLPolicy,1,1,0.0483882,2.77259,2.99573,6,4.01777,148,162,3.65989,419,0.986256
E3-Strict-p005,31.7398,27,338,RLPolicy,1,1,0.0326606,0.693147,2.99573,3,3.35425,0,95,3.07858,419,0.966696
E3-Strict-p005,31.7462,219,204,RLPolicy,1,1,0.0457624,2.07944,2.99573,5,2.96781,81,194,2.58125,419,0.990837
E3-Strict-p005,31.7615,220,213,RLPolicy,1,1,0.0660643,2.77259,2.99573,6,2.68381,195,211,2.29048,419,0.998884
E3-Strict-p005,31.767,224,161,RLPolicy,1,1,0.0713926,1.38629,2.99573,4,3.70354,0,61,3.39817,419,0.991953
E3-Strict-p005,31.7683,73,91,RLPolicy,1,1,0.0484317,2.07944,2.99573,5,2.84766,36,256,2.46793,419,0.98279
E3-Strict-p005,31.7693,82,439,RLPolicy,1,1,0.0529528,2.77259,2.99573,6,2.81014,158,216,2.54721,419,0.996653
E3-Strict-p005,31.774,152,152,RLPolicy,0,0,0,0,2.99573,1,2.33858,21,21,2.30164,419,0.995419
E3-Strict-p005,31.7905,223,223,RLPolicy,0,0,0,0,2.99573,1,2.61182,63,63,2.56422,419,0.995419
E3-Strict-p005,31.8064,211,97,RLPolicy,1,1,0.0736979,1.77114,2.99573,5,2.59703,23,148,2.19057,420,0.993877
E3-Strict-p005,31.8227,94,102,RLPolicy,1,1,0.0532175,1.23214,2.99573,4,2.89619,0,172,2.56713,420,0.983253
E3-Strict-p005,31.8236,5,5,RLPolicy,0,0,0,0,2.99573,1,6.39874,59,59,6.34885,420,0.995419
E3-Strict-p005,31.8249,113,157,RLPolicy,1,1,0.0516184,2.07944,2.99573,5,3.68862,52,158,3.34648,420,0.977438
E3-Strict-p005,31.8317,198,382,RLPolicy,1,1,0.0552093,2.77259,2.99573,6,7.83014,152,206,7.36867,420,0.997769
E3-Strict-p005,31.8346,92,92,RLPolicy,0,0,0,0,2.99573,1,3.50752,14,14,3.44451,420,1
E3-Strict-p005,31.8409,279,279,RLPolicy,0,0,0,0,2.99573,1,5.52115,43,43,5.4459,420,1
E3-Strict-p005,31.8457,129,129,RLPolicy,0,0,0,0,2.99573,1,2.89214,16,16,2.85424,420,0.995419
E3-Strict-p005,31.8562,22,63,RLPolicy,1,1,0.0403331,2.85497,2.99573,7,3.53239,280,307,3.10822,420,0.976802
E3-Strict-p005,31.8632,34,257,RLPolicy,1,1,0.041846,2.46721,2.99573,6,3.03767,42,278,2.54451,420,0.981794
E3-Strict-p005,31.8742,230,230,RLPolicy,0,0,0,0,2.99573,1,2.21099,8,8,2.1181,420,1
E3-Strict-p005,31.8759,157,157,RLPolicy,0,0,0,0,2.99573,1,2.44549,27,27,2.41256,420,0.991953
E3-Strict-p005,31.8791,58,362,RLPolicy,1,1,0.0453217,2.07944,2.99573,5,3.50541,73,207,3.01349,420,0.981263
E3-Strict-p005,31.9059,136,406,RLPolicy,1,1,0.0400304,0.693147,2.99573,3,3.0149,0,92,2.77606,422,0.983906
E3-Strict-p005,31.9171,236,324,RLPolicy,1,1,0.0632373,2.77259,2.99573,6,3.05831,217,242,2.6015,422,0.997769
E3-Strict-p005,31.9265,104,104,RLPolicy,0,0,0,0,2.99573,1,2.44008,53,53,2.40277,422,0.999267
E3-Strict-p005,31.9609,159,159,RLPolicy,0,0,0,0,2.99573,1,2.55768,18,18,2.51863,422,0.998884
E3-Strict-p005,31.9629,246,183,RLPolicy,1,1,0.0740315,2.07944,2.99573,5,2.84471,10,209,2.46416,422,0.995419
E3-Strict-p005,31.9719,41,154,RLPolicy,1,1,0.0424021,1.77406,2.99573,5,3.07498,28,152,2.72067,422,0.979444
E3-Strict-p005,31.9815,69,172,RLPolicy,1,1,0.0543312,1.38629,2.99573,4,3.67674,0,121,3.25299,422,0.969046
E3-Strict-p005,31.9821,42,352,RLPolicy,1,1,0.0416786,2.46721,2.99573,6,3.02214,112,137,2.66866,422,0.997357
E3-Strict-p005,31.9881,239,244,RLPolicy,1,1,0.00562927,2.77259,2.99573,6,2.57415,159,166,2.3064,422,0.998884
E3-Strict-p005,31.9924,199,138,RLPolicy,1,1,0.0578698,2.07944,2.99573,5,4.2719,99,197,3.43137,422,0.995419
E3-Strict-p005,32.0027,111,206,RLPolicy,1,1,0.0579212,2.07944,2.99573,5,3.64786,19,156,3.28298,425,0.987371
E3-Strict-p005,32.0112,194,174,RLPolicy,1,1,0.0754528,2.77259,2.99573,6,3.88358,229,241,3.45567,425,0.998884
E3-Strict-p005,32.0119,30,437,RLPolicy,1,1,0.0361374,2.07944,2.99573,5,2.81263,23,108,2.4803,425,0.978329
E3-Strict-p005,32.0147,240,240,RLPolicy,0,0,0,0,2.99573,1,2.11251,20,20,2.0848,425,0.995419
E3-Strict-p005,32.0153,21,439,RLPolicy,1,1,0.0475933,2.39252,2.99573,7,3.77311,201,322,3.32655,425,0.986414
E3-Strict-p005,32.0171,24,359,RLPolicy,1,1,0.0382309,2.85497,2.99573,7,3.70921,141,290,3.22614,425,0.989842
E3-Strict-p005,32.0191,10,10,RLPolicy,0,0,0,0,2.99573,1,2.16463,11,11,2.13347,425,0.984026
E3-Strict-p005,32.0209,222,22,RLPolicy,1,1,0.0811589,2.77259,2.99573,6,2.78595,211,252,2.40327,425,0.987371
E3-Strict-p005,32.0235,98,98,RLPolicy,0,0,0,0,2.99573,1,2.24753,16,16,2.20542,425,0.998884
E3-Strict-p005,32.0273,2,424,RLPolicy,1,1,0.0412326,2.77259,2.99573,6,3.65952,140,187,3.25267,425,0.998884
E3-Strict-p005,32.0348,4,4,RLPolicy,0,0,0,0,2.99573,1,4.04855,12,12,4.00666,425,0.997357
E3-Strict-p005,32.0396,29,94,RLPolicy,1,1,0.0348148,2.85497,2.99573,7,4.29457,258,277,3.68456,425,0.989722
E3-Strict-p005,32.0439,179,179,RLPolicy,0,0,0,0,2.99573,1,2.943,46,46,2.89815,425,0.995419
E3-Strict-p005,32.0519,64,351,RLPolicy,1,1,0.0477581,2.77259,2.99573,6,3.72708,221,249,3.35819,425,0.997769
E3-Strict-p005,32.0839,191,191,RLPolicy,0,0,0,0,2.99573,1,3.91662,80,80,3.80735,425,1
E3-Strict-p005,32.086,270,270,RLPolicy,0,0,0,0,2.99573,1,3.48653,41,41,3.3893,425,1
E3-Strict-p005,32.0892,188,188,RLPolicy,0,0,0,0,2.99573,1,2.23584,5,5,2.17918,19,1
E3-Strict-p005,32.1025,75,75,RLPolicy,0,0,0,0,2.99573,1,3.11892,49,49,3.07324,426,1
E3-Strict-p005,32.1025,264,264,RLPolicy,0,0,0,0,2.99573,1,2.35934,17,17,2.32565,426,1
E3-Strict-p005,32.1107,216,216,RLPolicy,0,0,0,0,2.99573,1,3.19978,71,71,3.10561,426,0.988487
E3-Strict-p005,32.1153,107,158,RLPolicy,1,1,0.0581157,2.31014,2.99573,6,2.84393,179,217,2.59452,426,0.97243
E3-Strict-p005,32.1207,57,57,RLPolicy,0,0,0,0,2.99573,1,2.57625,9,9,2.53591,426,0.998884
E3-Strict-p005,32.124,221,319,RLPolicy,1,1,0.0732372,2.07944,2.99573,5,2.75281,10,171,2.29888,426,0.994303
E3-Strict-p005,32.1459,122,93,RLPolicy,1,1,0.0416064,2.77259,2.99573,6,3.65153,186,223,3.24566,426,0.996653
E3-Strict-p005,32.1563,231,66,RLPolicy,1,1,0.0649618,1.38629,2.99573,4,3.17192,0,181,2.79132,426,0.990837
E3-Strict-p005,32.1819,131,131,RLPolicy,0,0,0,0,2.99573,1,3.66475,26,26,3.62405,426,0.995419
E3-Strict-p005,32.1834,31,31,RLPolicy,0,0,0,0,2.99573,1,4.00744,61,61,3.78502,426,0.997357
E3-Strict-p005,32.1971,233,233,RLPolicy,0,0,0,0,2.99573,1,2.55802,39,39,2.50013,20,1
E3-Strict-p005,32.2109,33,33,RLPolicy,0,0,0,0,2.99573,1,3.16799,43,43,3.09743,427,0.986256
E3-Strict-p005,32.2356,286,47,RLPolicy,1,1,0.0740017,1.38629,2.99573,4,2.9972,0,140,2.66846,427,0.991953
E3-Strict-p005,32.2357,71,71,RLPolicy,0,0,0,0,2.99573,1,2.25039,10,10,2.21939,427,1
E3-Strict-p005,32.2397,174,282,RLPolicy,1,1,0.0542491,2.77259,2.99573,6,2.63507,241,254,2.27745,427,0.998884
E3-Strict-p005,32.241,259,259,RLPolicy,0,0,0,0,2.99573,1,2.87575,60,60,2.81388,427,1
E3-Strict-p005,32.2418,70,118,RLPolicy,1,1,0.0440109,2.07944,2.99573,5,3.41479,98,205,2.98021,427,0.992071
E3-Strict-p005,32.2496,285,106,RLPolicy,1,1,0.0946502,2.77259,2.99573,6,3.51143,248,273,3.17414,427,0.998884
E3-Strict-p005,32.2586,137,72,RLPolicy,1,1,0.0619657,2.61844,2.99573,6,3.09447,97,108,2.81204,427,0.998114
E3-Strict-p005,32.2636,84,205,RLPolicy,1,1,0.0516529,2.07944,2.99573,5,3.58533,53,168,3.22791,427,0.994303
E3-Strict-p005,32.2748,185,32,RLPolicy,1,1,0.062607,1.38629,2.99573,4,3.43779,0,102,3.11447,427,0.991953
E3-Strict-p005,32.2918,142,142,RLPolicy,0,0,0,0,2.99573,1,3.1861,44,44,3.12801,427,1
E3-Strict-p005,32.2992,120,120,RLPolicy,0,0,0,0,2.99573,1,2.45023,9,9,2.40859,427,1
E3-Strict-p005,32.302,87,244,RLPolicy,1,1,0.0498696,1.38629,2.99573,4,2.97102,0,102,2.72609,427,0.98514
E3-Strict-p005,32.3023,242,242,RLPolicy,0,0,0,0,2.99573,1,2.62884,48,48,2.56749,427,1
E3-Strict-p005,32.3024,255,255,RLPolicy,0,0,0,0,2.99573,1,2.53418,24,24,2.49238,427,1
E3-Strict-p005,32.3053,235,235,RLPolicy,0,0,0,0,2.99573,1,3.62502,56,56,3.56017,427,1
E3-Strict-p005,32.3133,100,100,RLPolicy,0,0,0,0,2.99573,1,2.22737,12,12,2.18429,20,0.998114
E3-Strict-p005,32.3137,165,154,RLPolicy,1,1,0.0666066,1.38629,2.99573,4,2.71832,0,76,2.50401,427,0.990837
E3-Strict-p005,32.3206,178,178,RLPolicy,0,0,0,0,2.99573,1,2.47516,9,9,2.43547,427,0.998114
E3-Strict-p005,32.3214,261,261,RLPolicy,0,0,0,0,2.99573,1,3.35384,51,51,3.27415,427,1
E3-Strict-p005,32.3245,23,31,RLPolicy,1,1,0.0406503,2.53652,2.99573,7,3.67829,218,298,3.21705,427,0.982075
E3-Strict-p005,32.3289,77,151,RLPolicy,1,1,0.046582,2.07944,2.99573,5,7.21013,78,191,6.86705,427,0.984024
E3-Strict-p005,32.3391,272,50,RLPolicy,1,1,0.0877351,1.38629,2.99573,4,7.89989,0,99,7.4593,427,0.991953
E3-Strict-p005,32.3412,79,117,RLPolicy,1,1,0.0350506,2.77259,2.99573,6,6.51089,191,200,6.24032,427,0.98279
E3-Strict-p005,32.3419,32,40,RLPolicy,0,0,0.0380439,0.775531,2.99573,3,7.27081,86,198,6.81388,427,0.977094
E3-Strict-p005,32.3441,37,76,RLPolicy,1,1,0.0388526,2.77259,2.99573,6,2.86799,82,90,2.66249,427,0.996242
E3-Strict-p005,32.3551,189,189,RLPolicy,0,0,0,0,2.99573,1,7.22197,58,58,7.13619,427,0.991953
E3-Strict-p005,32.3644,187,242,RLPolicy,1,1,0.0556209,1.38629,2.99573,4,6.59032,0,126,6.24503,427,0.990837
E3-Strict-p005,32.3696,140,320,RLPolicy,1,1,0.0569738,1.38629,2.99573,4,7.12651,0,46,6.84336,427,0.979324
E3-Strict-p005,32.4018,288,401,RLPolicy,1,1,0.0959353,2.77259,2.99573,6,3.36052,170,181,3.01222,448,0.998884
E3-Strict-p005,32.4023,146,146,RLPolicy,0,0,0,0,2.99573,1,2.472,4,4,2.43403,448,1
E3-Strict-p005,32.4122,241,241,RLPolicy,0,0,0,0,2.99573,1,2.43429,11,11,2.39667,448,1
E3-Strict-p005,32.4188,112,263,RLPolicy,1,1,0.0597339,2.77259,2.99573,6,2.78564,231,242,2.46242,448,0.972085
E3-Strict-p005,32.42,121,121,RLPolicy,0,0,0,0,2.99573,1,3.02525,3,3,2.98801,448,0.998884
E3-Strict-p005,32.4223,171,171,RLPolicy,0,0,0,0,2.99573,1,2.45982,29,29,2.42352,448,0.998884
E3-Strict-p005,32.4309,108,108,RLPolicy,0,0,0,0,2.99573,1,2.70282,54,54,2.66592,448,0.991953
E3-Strict-p005,32.4329,214,424,RLPolicy,1,1,0.077289,2.07944,2.99573,5,6.38759,67,119,6.16551,448,0.994303
E3-Strict-p005,32.4532,28,341,RLPolicy,1,1,0.00785866,2.85497,2.99573,7,3.57251,209,226,3.23867,448,0.964399
E3-Strict-p005,32.4551,256,256,RLPolicy,0,0,0,0,2.99573,1,2.21407,3,3,2.18268,448,1
E3-Strict-p005,32.4579,184,184,RLPolicy,0,0,0,0,2.99573,1,3.07739,42,42,3.03593,448,0.998114
E3-Strict-p005,32.4663,72,261,RLPolicy,1,1,0.035154,2.77259,2.99573,6,2.89875,72,109,2.67839,448,0.993187
E3-Strict-p005,32.4724,258,258,RLPolicy,0,0,0,0,2.99573,1,2.62907,46,46,2.57848,448,1
E3-Strict-p005,32.4732,133,92,RLPolicy,1,1,0.00654867,2.77259,2.99573,6,6.54305,122,130,6.19371,448,0.992071
E3-Strict-p005,32.4806,85,85,RLPolicy,0,0,0,0,2.99573,1,1.99473,2,2,1.96747,448,0.994303
E3-Strict-p005,32.4809,18,20,RLPolicy,1,1,0.0412284,2.85497,2.99573,7,3.58572,258,287,3.28643,448,0.973336
E3-Strict-p005,32.5032,212,212,RLPolicy,0,0,0,0,2.99573,1,3.21564,67,67,3.10963,450,1
E3-Strict-p005,32.5044,6,6,RLPolicy,0,0,0,0,2.99573,1,3.79669,29,29,3.74678,450,0.979449
E3-Strict-p005,32.5096,149,255,RLPolicy,1,1,0.056964,2.07944,2.99573,5,2.77402,5,201,2.4601,450,0.979324
E3-Strict-p005,32.5096,106,344,RLPolicy,1,1,0.0453501,2.77259,2.99573,6,2.55703,84,93,2.40545,450,0.997769
E3-Strict-p005,32.5148,78,78,RLPolicy,0,0,0,0,2.99573,1,4.16931,36,36,4.12188,450,1
E3-Strict-p005,32.5169,127,127,RLPolicy,0,0,0,0,2.99573,1,3.08172,17,17,3.0352,450,0.987371
E3-Strict-p005,32.5273,290,290,RLPolicy,0,0,0,0,2.99573,1,2.77411,66,66,2.73126,450,1
E3-Strict-p005,32.5313,124,124,RLPolicy,0,0,0,0,2.99573,1,3.12129,60,60,3.009,450,1
E3-Strict-p005,32.5552,237,237,RLPolicy,0,0,0,0,2.99573,1,2.45126,44,44,2.41446,450,1
E3-Strict-p005,32.5773,176,176,RLPolicy,0,0,0,0,2.99573,1,2.35008,8,8,2.3143,450,0.990837
E3-Strict-p005,32.5813,245,245,RLPolicy,0,0,0,0,2.99573,1,3.30959,49,49,3.21955,450,0.995419
E3-Strict-p005,32.6005,119,295,RLPolicy,1,1,0.0549708,1.38629,2.99573,4,3.82573,0,199,3.36585,450,0.991953
E3-Strict-p005,32.602,47,47,RLPolicy,0,0,0,0,2.99573,1,3.701,72,72,3.65086,450,0.986668
E3-Strict-p005,32.6026,13,327,RLPolicy,1,1,0.00681822,2.61844,2.99573,6,3.1005,225,259,2.70439,450,0.974064
E3-Strict-p005,32.6093,145,145,RLPolicy,0,0,0,0,2.99573,1,3.45554,66,66,3.37721,450,1
E3-Strict-p005,32.635,147,207,RLPolicy,1,1,0.0517802,2.61844,2.99573,6,3.10894,121,258,2.59544,450,0.984369
E3-Strict-p005,32.6362,163,163,RLPolicy,0,0,0,0,2.99573,1,2.55675,41,41,2.51192,450,0.998884
E3-Strict-p005,32.6521,90,90,RLPolicy,0,0,0,0,2.99573,1,3.29792,28,28,3.19871,450,1
E3-Strict-p005,32.6636,287,104,RLPolicy,1,1,0.0874062,2.07944,2.99573,5,3.38478,35,89,2.99833,450,0.995419
E3-Strict-p005,32.6672,273,151,RLPolicy,1,1,0.0781809,2.77259,2.99573,6,4.73881,79,322,4.08893,450,0.998884
E3-Strict-p005,32.6945,141,141,RLPolicy,0,0,0,0,2.99573,1,3.2593,57,57,3.21103,450,0.995419
E3-Strict-p005,32.6959,192,192,RLPolicy,0,0,0,0,2.99573,1,2.78966,9,9,2.72787,450,1
E3-Strict-p005,32.6982,268,14,RLPolicy,1,1,0.0668858,2.07944,2.99573,5,3.16528,60,152,2.81071,450,0.995419
E3-Strict-p005,32.7006,202,445,RLPolicy,1,1,0.0757143,2.77259,2.99573,6,3.11391,156,169,2.85448,450,0.997769
E3-Strict-p005,32.7033,193,34,RLPolicy,1,1,0.0749141,2.77259,2.99573,6,3.60449,217,251,3.16234,450,0.997769
E3-Strict-p005,32.7076,15,15,RLPolicy,0,0,0,0,2.99573,1,1.93204,11,11,1.89727,5,0.991581
E3-Strict-p005,32.71,36,36,RLPolicy,0,0,0,0,2.99573,1,3.05291,11,11,2.99477,450,0.997769
E3-Strict-p005,32.7134,247,395,RLPolicy,1,1,0.0745412,2.77259,2.99573,6,4.25181,59,231,3.82459,450,0.994303
E3-Strict-p005,32.7237,260,260,RLPolicy,0,0,0,0,2.99573,1,5.02628,50,50,4.94231,450,1
E3-Strict-p005,32.7314,135,213,RLPolicy,1,1,0.0498448,2.07944,2.99573,5,4.22238,93,191,3.93598,450,0.98514
E3-Strict-p005,32.737,253,371,RLPolicy,1,1,0.0878991,2.95491,2.99573,6,2.85475,268,274,2.52757,450,0.995214
E3-Strict-p005,32.7389,229,184,RLPolicy,1,1,0.0682014,2.77259,2.99573,6,2.55099,226,232,2.23843,450,0.998884
E3-Strict-p005,32.7418,251,278,RLPolicy,1,1,0.0686236,2.07944,2.99573,5,3.07356,59,216,2.75331,450,0.994303
E3-Strict-p005,32.7426,156,340,RLPolicy,1,1,0.0658367,2.77259,2.99573,6,3.18654,183,246,2.89281,450,0.993187
E3-Strict-p005,32.7626,277,277,RLPolicy,0,0,0,0,2.99573,1,2.26915,1,1,2.23967,450,1
E3-Strict-p005,32.7677,248,248,RLPolicy,0,0,0,0,2.99573,1,2.67288,47,47,2.63192,450,0.995419
E3-Strict-p005,32.7751,138,138,RLPolicy,0,0,0,0,2.99573,1,5.17765,50,50,5.0933,450,0.990837
E3-Strict-p005,32.7786,51,51,RLPolicy,0,0,0,0,2.99573,1,2.07452,11,11,2.04629,450,1
E3-Strict-p005,32.7823,88,88,RLPolicy,0,0,0,0,2.99573,1,5.46743,32,32,2.31691,5,0.998884
E3-Strict-p005,32.7841,153,184,RLPolicy,1,1,0.0410956,1.38629,2.99573,4,2.75389,0,128,2.53457,450,0.989721
E3-Strict-p005,32.7907,99,273,RLPolicy,1,1,0.0515253,2.77259,2.99573,6,3.11958,100,209,2.85617,450,0.987371
E3-Strict-p005,32.7911,232,400,RLPolicy,1,1,0.0696705,2.07944,2.99573,5,2.99446,47,171,2.63661,450,0.995419
E3-Strict-p005,32.8035,168,0,RLPolicy,1,1,0.0698659,2.77259,2.99573,6,3.09075,228,239,2.82658,450,0.996653
E3-Strict-p005,32.8131,14,403,RLPolicy,1,1,0.0326491,2.07944,2.99573,5,2.50819,47,104,2.29566,450,0.989721
E3-Strict-p005,32.8149,16,16,RLPolicy,0,0,0,0,2.99573,1,2.03868,29,29,2.01006,450,0.985844
E3-Strict-p005,32.8287,9,9,RLPolicy,0,0,0,0,2.99573,1,3.60504,50,50,3.537,450,0.98097
E3-Strict-p005,32.8317,132,60,RLPolicy,1,1,0.0576384,2.07944,2.99573,5,3.5456,23,65,3.27103,450,0.995419
E3-Strict-p005,32.8325,160,160,RLPolicy,0,0,0,0,2.99573,1,1.93654,7,7,1.90913,450,1
E3-Strict-p005,32.8381,130,130,RLPolicy,0,0,0,0,2.99573,1,3.82313,12,12,3.77236,450,0.994303
E3-Strict-p005,32.8439,26,26,RLPolicy,0,0,0,0,2.99573,1,3.06875,6,6,2.99517,450,1
E3-Strict-p005,32.8567,197,402,RLPolicy,1,1,0.0772114,2.77259,2.99573,6,4.05809,135,151,3.70991,450,0.998884
E3-Strict-p005,32.8608,173,447,RLPolicy,1,1,0.0722116,2.61844,2.99573,6,3.20956,160,260,2.83224,450,0.995882
E3-Strict-p005,32.861,297,297,RLPolicy,0,0,0,0,2.99573,1,2.4226,45,45,2.37655,5,1
E3-Strict-p005,32.8702,252,252,RLPolicy,0,0,0,0,2.99573,1,2.36646,59,59,2.32411,450,1
E3-Strict-p005,32.8771,263,263,RLPolicy,0,0,0,0,2.99573,1,2.59352,65,65,2.53511,450,1
E3-Strict-p005,32.8776,62,62,RLPolicy,0,0,0,0,2.99573,1,2.81957,16,16,2.74183,5,0.993599
E3-Strict-p005,32.8808,144,144,RLPolicy,0,0,0,0,2.99573,1,2.86991,64,64,2.82183,450,1
E3-Strict-p005,32.8852,217,268,RLPolicy,1,1,0.055216,1.92529,2.99573,5,3.18794,93,205,2.85693,450,0.993532
E3-Strict-p005,32.8936,126,32,RLPolicy,1,1,0.0452209,2.07944,2.99573,5,2.74291,1,224,2.39394,450,0.993187
E3-Strict-p005,32.8989,209,209,RLPolicy,0,0,0,0,2.99573,1,4.05263,4,4,3.98249,450,1
E3-Strict-p005,32.9008,265,72,RLPolicy,1,1,0.0845294,2.77259,2.99573,6,2.95183,175,192,2.71381,450,0.998884
E3-Strict-p005,32.9038,155,155,RLPolicy,0,0,0,0,2.99573,1,2.69453,59,59,2.65293,450,0.990837
E3-Strict-p005,32.9097,80,94,RLPolicy,1,1,0.0488985,2.07944,2.99573,5,3.87388,54,198,3.36345,450,0.987371
E3-Strict-p005,32.9114,143,143,RLPolicy,0,0,0,0,2.99573,1,3.11416,8,8,3.06233,450,1
E3-Strict-p005,32.9283,276,79,RLPolicy,1,1,0.0712934,2.07944,2.99573,5,4.20213,74,174,3.65839,450,0.995419
E3-Strict-p005,32.9478,161,266,RLPolicy,1,1,0.0564064,2.46429,2.99573,6,2.75754,234,270,2.4169,450,0.98818
E3-Strict-p005,32.9648,205,205,RLPolicy,0,0,0,0,2.99573,1,3.23105,61,61,3.14081,450,0.994303
E3-Strict-p005,32.9654,40,6,RLPolicy,1,1,0.0422772,1.77406,2.99573,5,3.90963,28,238,3.44571,450,0.993892
E3-Strict-p005,32.9679,56,50,RLPolicy,1,1,0.0453762,2.07944,2.99573,5,3.65949,40,187,3.05159,450,0.990837
E3-Strict-p005,32.9684,96,96,RLPolicy,0,0,0,0,2.99573,1,3.00441,42,42,2.9521,450,0.990837
E3-Strict-p005,32.9825,151,227,RLPolicy,1,1,0.0511463,2.07944,2.99573,5,3.82337,52,209,3.38669,450,0.97713
E3-Strict-p005,32.985,206,345,RLPolicy,1,1,0.0687971,2.61844,2.99573,6,4.81359,157,185,3.63774,450,0.998114
E3-Strict-p005,33.0274,110,110,RLPolicy,0,0,0,0,2.99573,1,2.20945,19,19,2.17774,452,0.998884
E3-Strict-p005,33.0461,201,154,RLPolicy,1,1,0.0666805,2.07944,2.99573,5,7.30042,60,150,6.85421,452,0.986256
E3-Strict-p005,33.0479,283,283,RLPolicy,0,0,0,0,2.99573,1,2.20908,59,59,2.15718,452,1
E3-Strict-p005,33.0514,280,280,RLPolicy,0,0,0,0,2.99573,1,2.53819,1,1,2.50267,452,1
E3-Strict-p005,33.0541,123,123,RLPolicy,0,0,0,0,2.99573,1,2.67382,51,51,2.61152,452,0.998884
E3-Strict-p005,33.0587,20,170,RLPolicy,1,1,0.0400523,2.85497,2.99573,7,3.4774,63,302,2.8337,452,0.964585
E3-Strict-p005,33.06,3,3,RLPolicy,0,0,0,0,2.99573,1,2.90617,26,26,2.86388,452,0.996362
E3-Strict-p005,33.0602,19,77,RLPolicy,1,1,0.0387342,2.16183,2.99573,6,4.66616,76,260,4.19865,452,0.983733
E3-Strict-p005,33.0827,210,210,RLPolicy,0,0,0,0,2.99573,1,2.79241,9,9,2.74937,452,1
E3-Strict-p005,33.083,128,338,RLPolicy,1,1,0.054906,1.38629,2.99573,4,3.6702,0,185,3.2613,452,0.972393
E3-Strict-p005,33.0867,177,177,RLPolicy,0,0,0,0,2.99573,1,2.69874,48,48,2.64656,452,0.990837
E3-Strict-p005,33.0895,45,45,RLPolicy,0,0,0,0,2.99573,1,2.02524,8,8,1.99636,452,0.998884
E3-Strict-p005,33.093,267,267,RLPolicy,0,0,0,0,2.99573,1,2.98685,56,56,2.94675,452,1
E3-Strict-p005,33.0993,46,46,RLPolicy,0,0,0,0,2.99573,1,2.48531,37,37,2.44798,452,0.997357
E3-Strict-p005,33.0997,228,228,RLPolicy,0,0,0,0,2.99573,1,2.50816,1,1,2.47592,452,1
E3-Strict-p005,33.1092,300,8,RLPolicy,1,1,0.0748399,2.77259,2.99573,6,3.07053,141,214,2.67161,454,0.998884
E3-Strict-p005,33.1136,43,319,RLPolicy,1,1,0.0427211,2.07944,2.99573,5,3.11857,12,204,2.58339,454,0.964465
E3-Strict-p005,33.1171,196,48,RLPolicy,1,1,0.074301,2.77259,2.99573,6,3.11491,112,125,2.85906,454,0.998884
E3-Strict-p005,33.1238,102,227,RLPolicy,1,1,0.0447136,2.77259,2.99573,6,2.77949,182,214,2.36796,454,0.975972
E3-Strict-p005,33.1243,254,254,RLPolicy,0,0,0,0,2.99573,1,2.19823,56,56,2.16688,454,1
E3-Strict-p005,33.1394,12,336,RLPolicy,1,1,0.00606446,2.77259,2.99573,6,3.66458,245,259,3.20079,454,0.957121
E3-Strict-p005,33.1404,158,158,RLPolicy,0,0,0,0,2.99573,1,3.5913,50,50,3.48494,454,0.998884
E3-Strict-p005,33.1454,63,224,RLPolicy,1,1,0.0390737,2.46721,2.99573,6,3.31815,188,225,2.92643,454,0.997357
E3-Strict-p005,33.1482,234,234,RLPolicy,0,0,0,0,2.99573,1,2.64461,25,25,2.60897,454,0.988487
E3-Strict-p005,33.1497,164,164,RLPolicy,0,0,0,0,2.99573,1,2.58353,63,63,2.53697,454,0.990837
E3-Strict-p005,33.1508,81,81,RLPolicy,0,0,0,0,2.99573,1,3.08797,18,18,3.02,454,0.998884
E3-Strict-p005,33.1582,250,250,RLPolicy,0,0,0,0,2.99573,1,2.84351,36,36,2.79875,454,1
E3-Strict-p005,33.1626,25,431,RLPolicy,1,1,0.00649626,2.77259,2.99573,6,3.647,168,188,3.26519,454,0.979564
E3-Strict-p005,33.1632,282,431,RLPolicy,1,1,0.0834899,2.77259,2.99573,6,3.49477,137,147,3.24325,454,0.998884
E3-Strict-p005,33.1672,225,354,RLPolicy,1,1,0.0779305,1.38629,2.99573,4,4.52521,0,101,4.21783,454,0.991953
E3-Strict-p005,33.1722,105,100,RLPolicy,1,1,0.0539424,2.77259,2.99573,6,3.48515,85,265,2.90638,454,0.992071
E3-Strict-p005,33.1961,109,109,RLPolicy,0,0,0,0,2.99573,1,2.48286,30,30,2.44391,454,0.995419
E3-Strict-p005,33.1986,167,167,RLPolicy,0,0,0,0,2.99573,1,2.70336,48,48,2.6522,454,1
E3-Strict-p005,33.2013,238,238,RLPolicy,0,0,0,0,2.99573,1,2.34843,9,9,2.31795,455,1
E3-Strict-p005,33.2053,76,76,RLPolicy,0,0,0,0,2.99573,1,3.44185,76,76,3.37574,455,0.990837
E3-Strict-p005,33.2107,115,106,RLPolicy,1,1,0.0552286,2.07944,2.99573,5,3.39456,75,234,2.96993,455,0.993187
E3-Strict-p005,33.2259,54,54,RLPolicy,0,0,0,0,2.99573,1,2.12161,7,7,2.0911,455,1
E3-Strict-p005,33.231,275,298,RLPolicy,1,1,0.0671704,2.07944,2.99573,5,3.53476,63,202,3.06475,455,0.995419
E3-Strict-p005,33.2315,38,429,RLPolicy,1,1,0.0422553,2.77259,2.99573,6,3.04328,150,175,2.81786,455,0.982086
E3-Strict-p005,33.237,66,66,RLPolicy,0,0,0,0,2.99573,1,2.89385,40,40,2.83605,455,0.990066
E3-Strict-p005,33.242,50,324,RLPolicy,1,1,0.0451662,2.46429,2.99573,6,2.95138,217,235,2.62511,455,0.993584
E3-Strict-p005,33.2423,52,246,RLPolicy,1,1,0.0444408,2.77259,2.99573,6,3.00996,187,196,2.65446,455,0.98514
E3-Strict-p005,33.2543,293,321,RLPolicy,1,1,0.069912,2.07944,2.99573,5,3.12349,48,140,2.8155,455,0.995419
E3-Strict-p005,33.2603,180,180,RLPolicy,0,0,0,0,2.99573,1,1.86913,13,13,1.82147,2,0.998884
E3-Strict-p005,33.2636,39,39,RLPolicy,0,0,0,0,2.99573,1,2.88936,47,47,2.84119,455,0.989429
E3-Strict-p005,33.2725,95,323,RLPolicy,1,1,0.0541006,2.07944,2.99573,5,3.69025,92,249,3.30098,455,0.977093
E3-Strict-p005,33.2763,281,401,RLPolicy,1,1,0.0731172,2.77259,2.99573,6,2.85454,56,153,2.52739,455,0.998884
E3-Strict-p005,33.28,226,226,RLPolicy,0,0,0,0,2.99573,1,2.93183,11,11,2.89604,455,0.988487
E3-Strict-p005,33.2872,59,59,RLPolicy,0,0,0,0,2.99573,1,3.08908,26,26,3.04379,455,0.996242
E3-Strict-p005,33.2882,162,300,RLPolicy,1,1,0.0493287,2.07944,2.99573,5,3.88051,78,211,3.47449,455,0.995419
E3-Strict-p005,33.3079,114,114,RLPolicy,0,0,0,0,2.99573,1,2.32167,3,3,2.29198,462,1
E3-Strict-p005,33.3116,49,49,RLPolicy,0,0,0,0,2.99573,1,2.32931,11,11,2.29442,462,1
E3-Strict-p005,33.3155,278,359,RLPolicy,1,1,0.0777314,2.46429,2.99573,6,3.08,178,253,2.65438,462,0.997343
E3-Strict-p005,33.317,68,68,RLPolicy,0,0,0,0,2.99573,1,2.19449,12,12,2.16348,462,0.991182
E3-Strict-p005,33.3184,86,86,RLPolicy,0,0,0,0,2.99573,1,4.10405,11,11,4.05225,462,0.998884
E3-Strict-p005,33.3214,172,365,RLPolicy,1,1,0.0700767,2.07944,2.99573,5,2.94555,41,217,2.54157,462,0.987371
E3-Strict-p005,33.3274,269,269,RLPolicy,0,0,0,0,2.99573,1,2.52001,76,76,2.47584,462,1
E3-Strict-p005,33.3299,195,195,RLPolicy,0,0,0,0,2.99573,1,2.49166,53,53,2.44075,462,0.995419
E3-Strict-p005,33.3471,1,100,RLPolicy,1,1,0.0217103,1.38629,2.99573,4,2.97769,0,35,2.81727,462,0.984849
E3-Strict-p005,33.3536,266,266,RLPolicy,0,0,0,0,2.99573,1,2.7163,44,44,2.67847,462,1
E3-Strict-p005,33.3617,299,299,RLPolicy,0,0,0,0,2.99573,1,2.73226,42,42,2.69367,462,1
E3-Strict-p005,33.3654,7,347,RLPolicy,1,1,0.0405015,2.85497,2.99573,7,3.55583,259,286,3.11355,462,0.986387
E3-Strict-p005,33.379,262,242,RLPolicy,1,1,0.0864491,0.693147,2.99573,3,2.83057,0,99,2.60887,462,0.988487
E3-Strict-p005,33.387,204,204,RLPolicy,0,0,0,0,2.99573,1,3.34465,64,64,3.2854,462,0.990837
E3-Strict-p005,33.3911,8,8,RLPolicy,0,0,0,0,2.99573,1,3.02458,65,65,2.96767,462,1
E3-Strict-p005,33.3993,186,75,RLPolicy,1,1,0.0491753,1.38629,2.99573,4,3.16824,0,136,2.77957,462,0.98514
E3-Strict-p005,33.4143,97,97,RLPolicy,0,0,0,0,2.99573,1,6.88254,34,34,6.81864,462,0.978208
E3-Strict-p005,33.416,17,275,RLPolicy,1,1,0.0391543,2.53652,2.99573,7,2.7659,236,308,2.45436,462,0.995061
E3-Strict-p005,33.4189,103,103,RLPolicy,0,0,0,0,2.99573,1,2.87691,63,63,2.83056,462,0.995419
E3-Strict-p005,33.4203,207,91,RLPolicy,1,1,0.0783726,2.77259,2.99573,6,6.98759,238,275,6.62479,462,0.994303
E3-Strict-p005,33.4255,67,393,RLPolicy,1,1,0.0475055,1.38629,2.99573,4,3.29167,0,184,2.93128,462,0.973627
E3-Strict-p005,33.4445,154,143,RLPolicy,1,1,0.0680666,2.77259,2.99573,6,3.55995,25,39,3.35703,462,0.997769
E3-Strict-p005,33.4481,166,166,RLPolicy,0,0,0,0,2.99573,1,2.99583,38,38,2.94643,462,0.997769
E3-Strict-p005,33.4573,74,74,RLPolicy,0,0,0,0,2.99573,1,6.55955,52,52,6.45595,462,0.991953
E3-Strict-p005,33.4602,65,65,RLPolicy,0,0,0,0,2.99573,1,2.67969,12,12,2.60354,462,0.988487
E3-Strict-p005,33.4684,61,61,RLPolicy,0,0,0,0,2.99573,1,3.03534,66,66,2.99383,462,0.994303
E3-Strict-p005,33.4797,243,413,RLPolicy,1,1,0.0588526,2.07944,2.99573,5,3.10803,37,154,2.63195,462,0.995419
E3-Strict-p005,33.4817,48,48,RLPolicy,0,0,0,0,2.99573,1,3.4957,69,69,3.42759,462,0.984024
E3-Strict-p005,33.485,284,358,RLPolicy,1,1,0.0954949,2.77259,2.99573,6,3.97257,169,199,3.34365,462,0.998884
E3-Strict-p005,33.4918,101,218,RLPolicy,1,1,0.0558129,2.77259,2.99573,6,3.42011,203,224,2.90131,462,0.988606
E3-Strict-p005,33.5034,55,55,RLPolicy,0,0,0,0,2.99573,1,2.5126,17,17,2.47957,464,0.984393
E3-Strict-p005,33.5042,182,182,RLPolicy,0,0,0,0,2.99573,1,2.66952,68,68,2.63195,464,0.998884
E3-Strict-p005,33.5064,271,271,RLPolicy,0,0,0,0,2.99573,1,2.5209,37,37,2.4776,464,1
E3-Strict-p005,33.5071,274,261,RLPolicy,1,1,0.0692057,2.77259,2.99573,6,3.00086,54,239,2.58534,464,0.994303
E3-Strict-p005,33.5086,294,159,RLPolicy,1,1,0.0805547,2.77259,2.99573,6,2.94163,202,208,2.68477,464,0.998884
E3-Strict-p005,33.5136,125,374,RLPolicy,1,1,0.0591724,2.77259,2.99573,6,3.07718,196,237,2.71277,464,0.981674
E3-Strict-p005,33.5143,93,93,RLPolicy,0,0,0,0,2.99573,1,3.26386,63,63,3.20485,464,1
E3-Strict-p005,33.5147,53,53,RLPolicy,0,0,0,0,2.99573,1,3.19989,30,30,3.1605,464,0.971277
E3-Strict-p005,33.5167,298,203,RLPolicy,1,1,0.0786185,2.77259,2.99573,6,6.77151,80,306,6.1404,464,0.998884
E3-Strict-p005,33.5226,44,248,RLPolicy,1,1,0.0439568,2.16183,2.99573,6,3.60385,63,175,3.12019,464,0.977505
E3-Strict-p005,33.5304,0,0,RLPolicy,0,0,0,0,2.99573,1,3.15555,66,66,3.11032,464,0.99818
E3-Strict-p005,33.5403,208,256,RLPolicy,1,1,0.0706054,2.77259,2.99573,6,3.8156,47,72,3.5806,464,0.990837
E3-Strict-p005,33.5422,118,113,RLPolicy,1,1,0.0465275,2.07944,2.99573,5,2.94901,36,279,2.54792,464,0.978208
E3-Strict-p005,33.547,91,355,RLPolicy,1,1,0.0511049,2.46429,2.99573,6,7.94656,71,302,7.2886,464,0.985178
E3-Strict-p005,33.5525,148,148,RLPolicy,0,0,0,0,2.99573,1,3.14274,4,4,3.09329,464,1
E3-Strict-p005,33.5799,175,175,RLPolicy,0,0,0,0,2.99573,1,2.6298,12,12,2.56469,464,0.986601
E3-Strict-p005,33.5806,257,257,RLPolicy,0,0,0,0,2.99573,1,2.95327,46,46,2.91217,464,0.998884
E3-Strict-p005,33.5885,183,460,RLPolicy,1,1,0.072438,2.77259,2.99573,6,3.06086,119,188,2.6855,464,0.992071
E3-Strict-p005,33.6356,117,117,RLPolicy,0,0,0,0,2.99573,1,3.21546,48,48,3.14304,467,0.987371
E3-Strict-p005,33.6357,200,110,RLPolicy,1,1,0.0586306,1.38629,2.99573,4,2.76224,0,79,2.52562,467,0.989721
E3-Strict-p005,33.6516,89,89,RLPolicy,0,0,0,0,2.99573,1,6.73787,59,59,6.60275,467,0.974743
E3-Strict-p005,33.6517,215,129,RLPolicy,1,1,0.072306,2.07944,2.99573,5,4.96447,38,151,4.44454,467,0.990837
E3-Strict-p005,33.6535,181,181,RLPolicy,0,0,0,0,2.99573,1,2.83077,22,22,2.7909,467,1
E3-Strict-p005,33.6635,170,151,RLPolicy,1,1,0.0476634,2.77259,2.99573,6,4.00732,133,285,3.54521,467,0.988606
E3-Strict-p005,33.6645,190,397,RLPolicy,1,1,0.0590622,2.07944,2.99573,5,3.30817,89,259,2.92745,467,0.993187
E3-Strict-p005,33.6715,227,14,RLPolicy,1,1,0.0598109,2.07944,2.99573,5,3.79632,54,134,3.4189,467,0.994303
E3-Strict-p005,33.6757,83,23,RLPolicy,1,1,0.036826,0.693147,2.99573,3,3.90789,0,131,3.47696,467,0.977093
E3-Strict-p005,33.6794,203,390,RLPolicy,1,1,0.0758995,2.77259,2.99573,6,3.23987,234,255,2.85982,467,0.998884
E3-Strict-p005,33.6803,60,406,RLPolicy,1,1,0.0470621,1.77406,2.99573,5,3.39827,20,172,2.89939,467,0.981263
E3-Strict-p005,33.6869,35,312,RLPolicy,1,1,0.0393899,0.693147,2.99573,3,4.20056,0,83,3.95014,467,0.97627
E3-Strict-p005,33.6932,249,1,RLPolicy,1,1,0.0864083,2.77259,2.99573,6,2.98126,123,139,2.68082,467,0.998884
E3-Strict-p005,33.6973,134,134,RLPolicy,0,0,0,0,2.99573,1,2.80167,8,8,2.75566,467,0.991953
E3-Strict-p005,33.7002,139,227,RLPolicy,1,1,0.0626493,2.77259,2.99573,6,4.09601,172,185,3.66059,469,0.988606
E3-Strict-p005,33.7018,11,11,RLPolicy,0,0,0,0,2.99573,1,2.99626,6,6,2.9282,469,1
E3-Strict-p005,33.7059,244,276,RLPolicy,1,1,0.0756764,2.07944,2.99573,5,3.88167,72,202,3.40885,469,0.987371
E3-Strict-p005,33.7059,213,103,RLPolicy,1,1,0.064367,2.77259,2.99573,6,8.36425,63,269,7.8169,469,0.997769
E3-Strict-p005,33.723,150,21,RLPolicy,1,1,0.0515427,2.77259,2.99573,6,3.78032,240,250,3.46615,469,0.989721
E3-Strict-p005,33.7244,169,65,RLPolicy,1,1,0.0581273,2.07944,2.99573,5,3.49134,88,154,3.13193,469,0.994303
E3-Strict-p005,33.7316,218,326,RLPolicy,1,1,0.0664513,2.77259,2.99573,6,3.67766,236,269,3.33521,469,0.996653
E3-Strict-p005,33.733,116,263,RLPolicy,1,1,0.0508419,2.77259,2.99573,6,3.32638,191,199,3.12693,469,0.98514
E3-Strict-p005,33.7398,27,338,RLPolicy,1,1,0.0326731,0.693147,2.99573,3,3.17679,0,95,2.9516,469,0.955183
E3-Strict-p005,33.7462,219,219,RLPolicy,0,0,0,0,2.99573,1,3.51538,49,49,3.43169,469,0.990837
E3-Strict-p005,33.7595,295,295,RLPolicy,0,0,0,0,2.99573,1,3.35808,46,46,3.31569,469,1
E3-Strict-p005,33.7615,220,220,RLPolicy,0,0,0,0,2.99573,1,3.64728,32,32,3.57927,469,0.998884
E3-Strict-p005,33.767,224,266,RLPolicy,1,1,0.0809951,2.77259,2.99573,6,4.61259,144,224,4.09546,469,0.990837
E3-Strict-p005,33.7683,73,179,RLPolicy,1,1,0.0425453,2.77259,2.99573,6,5.05168,92,336,4.31723,469,0.981674
E3-Strict-p005,33.7693,82,80,RLPolicy,1,1,0.0595256,2.77259,2.99573,6,4.0246,183,240,3.64575,469,0.995537
E3-Strict-p005,33.774,152,245,RLPolicy,1,1,0.0638132,2.07944,2.99573,5,3.68585,19,103,3.12807,469,0.990837
E3-Strict-p005,33.7834,296,65,RLPolicy,1,1,0.0803331,2.77259,2.99573,6,3.54185,190,195,3.22273,469,0.998884
E3-Strict-p005,33.7905,223,223,RLPolicy,0,0,0,0,2.99573,1,3.13257,64,64,3.0749,469,0.995419
E3-Strict-p005,33.8064,211,211,RLPolicy,0,0,0,0,2.99573,1,6.25108,26,26,6.20202,470,0.993877
E3-Strict-p005,33.8082,313,313,RLPolicy,0,0,0,0,2.99573,1,3.06199,57,57,3.01363,470,1
E3-Strict-p005,33.8227,94,94,RLPolicy,0,0,0,0,2.99573,1,3.57587,66,66,3.50117,470,0.983253
E3-Strict-p005,33.8236,5,5,RLPolicy,0,0,0,0,2.99573,1,2.5536,62,62,2.51795,470,0.995419
E3-Strict-p005,33.8249,113,193,RLPolicy,1,1,0.064287,2.77259,2.99573,6,2.82376,166,182,2.62132,470,0.976322
E3-Strict-p005,33.8317,198,198,RLPolicy,0,0,0,0,2.99573,1,2.75547,44,44,2.69414,2,0.997769
E3-Strict-p005,33.8346,92,92,RLPolicy,0,0,0,0,2.99573,1,2.89912,18,18,2.85138,470,1
E3-Strict-p005,33.8409,279,35,RLPolicy,1,1,0.0800311,2.77259,2.99573,6,3.19061,194,251,2.74361,470,0.998884
E3-Strict-p005,33.8457,129,392,RLPolicy,1,1,0.0617504,2.61844,2.99573,6,4.08259,197,225,3.49454,470,0.993532
E3-Strict-p005,33.8562,22,22,RLPolicy,0,0,0,0,2.99573,1,3.24281,53,53,3.18548,470,0.976802
E3-Strict-p005,33.8632,34,179,RLPolicy,1,1,0.0426214,2.46721,2.99573,6,4.13255,93,349,3.47076,470,0.979152
E3-Strict-p005,33.874,292,292,RLPolicy,0,0,0,0,2.99573,1,2.91397,40,40,2.86922,470,1
E3-Strict-p005,33.8742,230,230,RLPolicy,0,0,0,0,2.99573,1,3.15694,9,9,3.11249,470,1
E3-Strict-p005,33.8759,157,257,RLPolicy,1,1,0.067431,2.46429,2.99573,6,3.6948,181,227,3.22155,470,0.989296
E3-Strict-p005,33.8791,58,340,RLPolicy,1,1,0.0446744,2.46721,2.99573,6,3.12194,200,253,2.72726,470,0.97862
E3-Strict-p005,33.9059,136,473,RLPolicy,1,1,0.0597718,2.07944,2.99573,5,3.3895,7,248,2.81407,473,0.979324
E3-Strict-p005,33.9171,236,236,RLPolicy,0,0,0,0,2.99573,1,6.87959,53,53,6.79853,473,0.997769
E3-Strict-p005,33.9265,104,104,RLPolicy,0,0,0,0,2.99573,1,4.20797,57,57,4.15894,473,0.999267
E3-Strict-p005,33.9609,159,159,RLPolicy,0,0,0,0,2.99573,1,7.29678,19,19,7.18175,473,0.998884
E3-Strict-p005,33.9629,246,246,RLPolicy,0,0,0,0,2.99573,1,3.06393,45,45,3.0173,473,0.995419
E3-Strict-p005,33.9719,41,268,RLPolicy,1,1,0.0407179,1.38629,2.99573,4,4.79061,0,167,4.41515,473,0.971397
E3-Strict-p005,33.9815,69,463,RLPolicy,1,1,0.0399259,2.77259,2.99573,6,3.36206,209,231,2.97221,473,0.96793
E3-Strict-p005,33.9821,42,184,RLPolicy,1,1,0.0346345,1.38629,2.99573,4,3.55597,0,73,3.2761,473,0.98931
E3-Strict-p005,33.9881,239,239,RLPolicy,0,0,0,0,2.99573,1,3.33179,45,45,3.27632,473,0.998884
E3-Strict-p005,33.9924,199,199,RLPolicy,0,0,0,0,2.99573,1,3.408,68,68,3.35788,473,0.995419
E3-Strict-p005,34.0027,111,391,RLPolicy,1,1,0.0591715,2.77259,2.99573,6,3.45834,249,265,3.1977,475,0.986256
E3-Strict-p005,34.0045,304,402,RLPolicy,1,1,0.0834273,2.77259,2.99573,6,3.64689,134,174,3.31509,475,0.998884
E3-Strict-p005,34.0099,289,289,RLPolicy,0,0,0,0,2.99573,1,2.32635,9,9,2.29236,475,1
E3-Strict-p005,34.0112,194,194,RLPolicy,0,0,0,0,2.99573,1,2.93087,66,66,2.89393,475,0.998884
E3-Strict-p005,34.0119,30,30,RLPolicy,0,0,0,0,2.99573,1,2.79273,16,16,2.75264,475,0.978329
E3-Strict-p005,34.0147,240,271,RLPolicy,1,1,0.0761912,2.77259,2.99573,6,3.13526,141,155,2.90563,475,0.994303
E3-Strict-p005,34.0153,21,91,RLPolicy,1,1,0.047542,2.70082,2.99573,7,3.18314,116,433,2.83301,475,0.98494
E3-Strict-p005,34.0171,24,104,RLPolicy,1,1,0.0382242,2.24421,2.99573,7,3.29518,44,316,2.88902,475,0.986085
E3-Strict-p005,34.0191,10,338,RLPolicy,1,1,0.00682621,2.85497,2.99573,7,4.12198,246,272,3.76104,475,0.983322
E3-Strict-p005,34.0209,222,471,RLPolicy,1,1,0.0665941,2.77259,2.99573,6,3.77304,75,286,3.28932,475,0.986256
E3-Strict-p005,34.0235,98,342,RLPolicy,1,1,0.050138,2.07944,2.99573,5,4.61639,60,205,4.21281,475,0.994303
E3-Strict-p005,34.0273,2,2,RLPolicy,0,0,0,0,2.99573,1,3.42177,42,42,3.35569,475,0.998884
E3-Strict-p005,34.0348,4,4,RLPolicy,0,0,0,0,2.99573,1,3.87396,12,12,3.79733,475,0.997357
E3-Strict-p005,34.0396,29,378,RLPolicy,1,1,0.00725775,2.85497,2.99573,7,3.12559,279,290,2.85207,475,0.989018
E3-Strict-p005,34.0439,179,7,RLPolicy,1,1,0.0471343,1.38629,2.99573,4,3.45773,0,132,3.19176,475,0.987371
E3-Strict-p005,34.0519,64,261,RLPolicy,1,1,0.0453092,2.07944,2.99573,5,3.18349,49,170,2.87823,475,0.993187
E3-Strict-p005,34.0839,191,368,RLPolicy,1,1,0.0631563,2.07944,2.99573,5,3.6138,45,236,3.10037,475,0.995419
E3-Strict-p005,34.086,270,254,RLPolicy,1,1,0.0741459,2.77259,2.99573,6,3.52899,215,233,3.21161,475,0.998884
E3-Strict-p005,34.0892,188,188,RLPolicy,0,0,0,0,2.99573,1,3.09941,11,11,3.04358,475,1
E3-Strict-p005,34.1025,75,75,RLPolicy,0,0,0,0,2.99573,1,4.71113,53,53,4.61468,476,1
E3-Strict-p005,34.1025,264,264,RLPolicy,0,0,0,0,2.99573,1,2.76703,16,16,2.69,476,1
E3-Strict-p005,34.1073,315,315,RLPolicy,0,0,0,0,2.99573,1,3.31331,20,20,3.25703,476,1
E3-Strict-p005,34.1107,216,168,RLPolicy,1,1,0.052183,2.77259,2.99573,6,3.53762,135,273,3.00322,476,0.987371
E3-Strict-p005,34.1153,107,107,RLPolicy,0,0,0,0,2.99573,1,4.02419,54,54,3.86309,5,0.97243
E3-Strict-p005,34.1207,57,57,RLPolicy,0,0,0,0,2.99573,1,2.62361,9,9,2.5913,476,0.998884
E3-Strict-p005,34.124,221,221,RLPolicy,0,0,0,0,2.99573,1,4.04606,43,43,3.99468,476,0.994303
E3-Strict-p005,34.1459,122,90,RLPolicy,1,1,0.0415941,2.77259,2.99573,6,3.5502,210,224,3.27859,476,0.995537
E3-Strict-p005,34.1563,231,391,RLPolicy,1,1,0.0830169,2.77259,2.99573,6,4.47346,244,258,4.09598,476,0.989721
E3-Strict-p005,34.1819,131,152,RLPolicy,1,1,0.0561091,1.38629,2.99573,4,2.96193,0,70,2.79685,476,0.987371
E3-Strict-p005,34.1834,31,266,RLPolicy,1,1,0.0389398,2.46721,2.99573,6,3.43454,197,231,3.21209,476,0.994715
E3-Strict-p005,34.1971,233,233,RLPolicy,0,0,0,0,2.99573,1,3.48307,40,40,3.40219,476,1
E3-Strict-p005,34.2109,33,13,RLPolicy,1,1,0.0397193,1.77406,2.99573,5,3.84895,37,126,3.45522,478,0.980148
E3-Strict-p005,34.2356,286,457,RLPolicy,1,1,0.0818418,2.77259,2.99573,6,4.03793,227,289,3.49502,478,0.990837
E3-Strict-p005,34.2357,71,71,RLPolicy,0,0,0,0,2.99573,1,2.61719,11,11,2.56189,478,1
E3-Strict-p005,34.2393,301,301,RLPolicy,0,0,0,0,2.99573,1,3.80395,8,8,3.7083,478,1
E3-Strict-p005,34.2397,174,169,RLPolicy,1,1,0.057956,2.77259,2.99573,6,6.12755,254,265,5.6611,478,0.997769
E3-Strict-p005,34.241,259,259,RLPolicy,0,0,0,0,2.99573,1,2.99511,67,67,2.94752,478,1
E3-Strict-p005,34.2418,70,257,RLPolicy,1,1,0.0585215,2.77259,2.99573,6,3.18131,146,197,2.84175,478,0.990956
E3-Strict-p005,34.2496,285,285,RLPolicy,0,0,0,0,2.99573,1,3.07983,44,44,3.03146,478,0.998884
E3-Strict-p005,34.2502,314,401,RLPolicy,1,1,0.0812353,2.77259,2.99573,6,6.84246,96,180,6.39901,478,0.998884
E3-Strict-p005,34.2586,137,173,RLPolicy,1,1,0.0488061,2.77259,2.99573,6,3.24592,215,229,2.8073,478,0.996998
E3-Strict-p005,34.2636,84,457,RLPolicy,1,1,0.0434915,1.92529,2.99573,5,7.03523,73,249,6.5301,478,0.988951
E3-Strict-p005,34.2748,185,464,RLPolicy,1,1,0.0607677,2.77259,2.99573,6,3.7806,238,254,3.32589,478,0.990837
E3-Strict-p005,34.2918,142,172,RLPolicy,1,1,0.0517353,2.07944,2.99573,5,3.66133,43,135,3.27151,478,0.995419
E3-Strict-p005,34.2992,120,120,RLPolicy,0,0,0,0,2.99573,1,2.13822,9,9,2.08335,2,1
E3-Strict-p005,34.302,87,87,RLPolicy,0,0,0,0,2.99573,1,4.27123,64,64,3.97627,478,0.98514
E3-Strict-p005,34.3023,242,187,RLPolicy,1,1,0.0706843,1.38629,2.99573,4,7.07592,0,152,6.56174,478,0.991953
E3-Strict-p005,34.3024,255,255,RLPolicy,0,0,0,0,2.99573,1,2.85692,32,32,2.81133,478,1
E3-Strict-p005,34.3053,235,235,RLPolicy,0,0,0,0,2.99573,1,4.42806,62,62,4.31585,478,1
E3-Strict-p005,34.3133,100,149,RLPolicy,1,1,0.0524537,2.77259,2.99573,6,4.34203,69,266,3.69194,478,0.996998
E3-Strict-p005,34.3137,165,147,RLPolicy,1,1,0.0686762,2.77259,2.99573,6,4.35542,183,228,3.93142,478,0.989721
E3-Strict-p005,34.3206,178,178,RLPolicy,0,0,0,0,2.99573,1,3.80053,9,9,3.74142,478,0.998114
E3-Strict-p005,34.3214,261,261,RLPolicy,0,0,0,0,2.99573,1,3.63598,52,52,3.56262,478,1
E3-Strict-p005,34.3245,23,37,RLPolicy,1,1,0.0394788,2.14875,2.99573,6,3.261,86,219,2.94845,478,0.977841
E3-Strict-p005,34.3289,77,105,RLPolicy,1,1,0.0494048,2.07944,2.99573,5,3.65306,78,193,3.29843,478,0.979443
E3-Strict-p005,34.3391,272,88,RLPolicy,1,1,0.0889832,2.77259,2.99573,6,3.53415,212,238,3.09501,478,0.990837
E3-Strict-p005,34.3412,79,79,RLPolicy,0,0,0,0,2.99573,1,3.79912,62,62,3.73259,478,0.98279
E3-Strict-p005,34.3419,32,17,RLPolicy,1,1,0.0497344,2.85497,2.99573,7,3.91704,286,338,3.39467,478,0.97639
E3-Strict-p005,34.3422,291,225,RLPolicy,1,1,0.0911225,2.77259,2.99573,6,3.28778,189,238,2.94359,478,0.998884
E3-Strict-p005,34.3441,37,37,RLPolicy,0,0,0,0,2.99573,1,2.54688,9,9,2.49673,478,0.996242
E3-Strict-p005,34.3551,189,279,RLPolicy,1,1,0.00654413,2.77259,2.99573,6,3.54045,253,260,3.23112,478,0.990837
E3-Strict-p005,34.3644,187,152,RLPolicy,1,1,0.0654009,1.38629,2.99573,4,3.68768,0,75,3.38553,478,0.98279
E3-Strict-p005,34.3696,140,140,RLPolicy,0,0,0,0,2.99573,1,3.02581,30,30,2.98052,478,0.979324
E3-Strict-p005,34.4018,288,118,RLPolicy,1,1,0.0927844,2.77259,2.99573,6,4.19021,112,219,3.78727,479,0.997769
E3-Strict-p005,34.4023,146,146,RLPolicy,0,0,0,0,2.99573,1,3.60887,3,3,3.55727,479,1
E3-Strict-p005,34.4122,241,241,RLPolicy,0,0,0,0,2.99573,1,3.68716,12,12,3.63216,479,1
E3-Strict-p005,34.4188,112,485,RLPolicy,1,1,0.0561655,2.77259,2.99573,6,4.45686,86,322,3.97871,479,0.97097
E3-Strict-p005,34.42,121,121,RLPolicy,0,0,0,0,2.99573,1,2.60533,2,2,2.56968,479,0.998884
E3-Strict-p005,34.4223,171,171,RLPolicy,0,0,0,0,2.99573,1,3.57112,40,40,3.51207,479,0.998884
E3-Strict-p005,34.4309,108,460,RLPolicy,1,1,0.0575074,2.77259,2.99573,6,4.04684,168,185,3.69435,479,0.990837
E3-Strict-p005,34.4329,214,399,RLPolicy,1,1,0.0785006,2.77259,2.99573,6,3.49818,243,258,2.99265,479,0.993187
E3-Strict-p005,34.4532,28,197,RLPolicy,1,1,0.0392424,2.85497,2.99573,7,3.64884,239,246,3.12987,479,0.963695
E3-Strict-p005,34.4551,256,256,RLPolicy,0,0,0,0,2.99573,1,2.63061,3,3,2.59243,479,1
E3-Strict-p005,34.4579,184,184,RLPolicy,0,0,0,0,2.99573,1,3.11856,43,43,3.0743,479,0.998114
E3-Strict-p005,34.4648,303,293,RLPolicy,1,1,0.0969129,2.77259,2.99573,6,3.31221,64,71,3.02121,479,0.998884
E3-Strict-p005,34.4663,72,72,RLPolicy,0,0,0,0,2.99573,1,2.76009,11,11,2.7199,479,0.993187
E3-Strict-p005,34.4724,258,234,RLPolicy,1,1,0.0882154,2.77259,2.99573,6,3.46462,257,278,3.05082,479,0.998884
E3-Strict-p005,34.4732,133,216,RLPolicy,1,1,0.0585484,2.07944,2.99573,5,5.28523,88,181,4.79493,479,0.98749
E3-Strict-p005,34.4806,85,85,RLPolicy,0,0,0,0,2.99573,1,4.03962,3,3,3.9901,479,0.994303
E3-Strict-p005,34.4809,18,18,RLPolicy,0,0,0,0,2.99573,1,2.97267,62,62,2.91184,479,0.973336
E3-Strict-p005,34.5032,212,212,RLPolicy,0,0,0,0,2.99573,1,2.79113,71,71,2.74643,480,1
E3-Strict-p005,34.5044,6,6,RLPolicy,0,0,0,0,2.99573,1,3.47131,34,34,3.40034,480,0.979449
E3-Strict-p005,34.5096,149,177,RLPolicy,1,1,0.0596578,2.07944,2.99573,5,9.19204,66,208,8.66144,480,0.974743
E3-Strict-p005,34.5096,106,180,RLPolicy,1,1,0.0463534,2.07944,2.99573,5,4.05373,52,139,3.59478,480,0.993187
E3-Strict-p005,34.5148,78,78,RLPolicy,0,0,0,0,2.99573,1,2.7269,37,37,2.6894,480,1
E3-Strict-p005,34.5169,127,8,RLPolicy,1,1,0.0608983,2.77259,2.99573,6,3.36573,113,209,2.93817,480,0.986256
E3-Strict-p005,34.5273,290,290,RLPolicy,0,0,0,0,2.99573,1,3.07909,68,68,3.02052,480,1
E3-Strict-p005,34.5313,124,276,RLPolicy,1,1,0.0621519,2.77259,2.99573,6,3.46265,149,232,2.97329,480,0.998884
E3-Strict-p005,34.5552,237,195,RLPolicy,1,1,0.0607375,0.693147,2.99573,3,7.47002,0,112,7.03843,480,0.988487
E3-Strict-p005,34.5773,176,227,RLPolicy,1,1,0.064591,2.07944,2.99573,5,6.78652,25,90,6.50354,480,0.986256
E3-Strict-p005,34.5813,245,300,RLPolicy,1,1,0.0692495,2.07944,2.99573,5,5.57379,70,222,5.06609,480,0.990837
E3-Strict-p005,34.6005,119,224,RLPolicy,1,1,0.0549683,1.38629,2.99573,4,4.87029,0,190,4.47681,480,0.983906
E3-Strict-p005,34.602,47,63,RLPolicy,1,1,0.0452129,2.85497,2.99573,7,3.82777,308,331,3.39918,480,0.985964
E3-Strict-p005,34.6026,13,415,RLPolicy,1,1,0.0488267,2.85205,2.99573,7,4.91567,257,348,4.41164,480,0.973345
E3-Strict-p005,34.6047,316,316,RLPolicy,0,0,0,0,2.99573,1,3.81803,31,31,3.62495,480,1
E3-Strict-p005,34.6093,145,112,RLPolicy,1,1,0.0626872,2.77259,2.99573,6,3.57927,234,270,3.14248,480,0.998884
E3-Strict-p005,34.6113,321,321,RLPolicy,0,0,0,0,2.99573,1,3.86155,8,8,3.7843,480,1
E3-Strict-p005,34.6184,306,306,RLPolicy,0,0,0,0,2.99573,1,3.07677,18,18,3.04155,480,1
E3-Strict-p005,34.635,147,157,RLPolicy,1,1,0.0505608,2.07944,2.99573,5,5.34965,73,204,4.78942,480,0.979788
E3-Strict-p005,34.6362,163,274,RLPolicy,1,1,0.066165,1.38629,2.99573,4,4.24669,0,100,3.93938,480,0.990837
E3-Strict-p005,34.6521,90,90,RLPolicy,0,0,0,0,2.99573,1,5.0591,29,29,4.89856,480,1
E3-Strict-p005,34.6636,287,287,RLPolicy,0,0,0,0,2.99573,1,3.14287,17,17,3.10052,480,0.995419
E3-Strict-p005,34.6672,273,398,RLPolicy,1,1,0.073645,2.77259,2.99573,6,4.18247,51,282,3.61266,480,0.997769
E3-Strict-p005,34.6945,141,141,RLPolicy,0,0,0,0,2.99573,1,3.05657,61,61,3.00855,480,0.995419
E3-Strict-p005,34.6959,192,460,RLPolicy,1,1,0.0733283,2.07944,2.99573,5,3.135,14,42,2.87899,480,0.995419
E3-Strict-p005,34.6982,268,268,RLPolicy,0,0,0,0,2.99573,1,3.55669,49,49,3.4891,480,0.995419
E3-Strict-p005,34.7006,202,261,RLPolicy,1,1,0.0707884,2.77259,2.99573,6,3.73404,154,169,3.39895,481,0.996653
E3-Strict-p005,34.7033,193,67,RLPolicy,1,1,0.0732297,2.77259,2.99573,6,3.53222,241,274,3.25087,481,0.996653
E3-Strict-p005,34.7076,15,372,RLPolicy,1,1,0.0165665,2.99313,2.99573,7,4.8582,229,240,4.42049,481,0.991568
E3-Strict-p005,34.71,36,55,RLPolicy,1,1,0.0365876,2.46721,2.99573,6,2.5349,108,125,2.28542,481,0.995126
E3-Strict-p005,34.7134,247,247,RLPolicy,0,0,0,0,2.99573,1,4.76602,48,48,4.69711,481,0.994303
E3-Strict-p005,34.7237,260,425,RLPolicy,1,1,0.0842825,2.77259,2.99573,6,3.32976,162,174,2.89807,481,0.998884
E3-Strict-p005,34.7314,135,346,RLPolicy,1,1,0.0606227,2.77259,2.99573,6,3.63441,155,164,3.05555,481,0.984024
E3-Strict-p005,34.7325,318,318,RLPolicy,0,0,0,0,2.99573,1,2.9411,1,1,2.87163,481,1
E3-Strict-p005,34.7367,327,199,RLPolicy,1,1,0.0805815,2.77259,2.99573,6,4.16677,60,281,3.48301,481,0.998884
E3-Strict-p005,34.737,253,253,RLPolicy,0,0,0,0,2.99573,1,3.13379,67,67,3.0852,481,0.995214
E3-Strict-p005,34.7389,229,229,RLPolicy,0,0,0,0,2.99573,1,3.18867,67,67,3.13972,481,0.998884
E3-Strict-p005,34.7418,251,278,RLPolicy,1,1,0.0650713,2.07944,2.99573,5,4.08638,104,232,3.64629,481,0.989721
E3-Strict-p005,34.7426,156,216,RLPolicy,1,1,0.0661856,2.07944,2.99573,5,4.22138,69,192,3.73463,481,0.988606
E3-Strict-p005,34.7626,277,277,RLPolicy,0,0,0,0,2.99573,1,2.47502,1,1,2.44305,481,1
E3-Strict-p005,34.7677,248,91,RLPolicy,1,1,0.0726435,2.77259,2.99573,6,5.87506,85,331,5.0631,481,0.994303
E3-Strict-p005,34.7705,310,311,RLPolicy,1,1,0.0879381,2.77259,2.99573,6,3.34907,216,231,2.99421,481,0.998884
E3-Strict-p005,34.7751,138,18,RLPolicy,1,1,0.0649037,2.77259,2.99573,6,3.51307,211,230,3.075,481,0.989721
E3-Strict-p005,34.7786,51,51,RLPolicy,0,0,0,0,2.99573,1,3.74419,12,12,3.6853,481,1
E3-Strict-p005,34.7823,88,337,RLPolicy,1,1,0.0493685,2.77259,2.99573,6,3.77853,162,183,3.46961,481,0.997769
E3-Strict-p005,34.7841,153,308,RLPolicy,1,1,0.0455901,2.07944,2.99573,5,4.21916,28,150,3.7359,481,0.98514
E3-Strict-p005,34.7907,99,99,RLPolicy,0,0,0,0,2.99573,1,3.33432,44,44,3.28788,481,0.987371
E3-Strict-p005,34.7911,232,232,RLPolicy,0,0,0,0,2.99573,1,4.38343,53,53,4.31356,481,0.995419
E3-Strict-p005,34.8035,168,17,RLPolicy,1,1,0.0698333,2.77259,2.99573,6,4.39614,234,247,3.97684,484,0.995537
E3-Strict-p005,34.8131,14,14,RLPolicy,0,0,0,0,2.99573,1,7.00652,23,23,6.94043,484,0.989721
E3-Strict-p005,34.8149,16,206,RLPolicy,1,1,0.00614545,2.77259,2.99573,6,4.19311,150,162,3.82427,484,0.984729
E3-Strict-p005,34.8287,9,57,RLPolicy,1,1,0.0068257,2.85497,2.99573,7,3.20472,185,206,2.85787,484,0.980267
E3-Strict-p005,34.8317,132,132,RLPolicy,0,0,0,0,2.99573,1,2.21242,9,9,2.18194,484,0.995419
E3-Strict-p005,34.8325,160,160,RLPolicy,0,0,0,0,2.99573,1,5.96724,9,9,5.79393,484,1
E3-Strict-p005,34.8381,130,130,RLPolicy,0,0,0,0,2.99573,1,3.18059,12,12,3.11912,484,0.994303
E3-Strict-p005,34.8439,26,26,RLPolicy,0,0,0,0,2.99573,1,3.02136,5,5,2.96991,484,1
E3-Strict-p005,34.8567,197,322,RLPolicy,1,1,0.0556196,1.38629,2.99573,4,3.94766,0,63,3.64936,484,0.990837
E3-Strict-p005,34.8608,173,173,RLPolicy,0,0,0,0,2.99573,1,4.14123,57,57,4.06843,484,0.995882
E3-Strict-p005,34.861,297,88,RLPolicy,1,1,0.0959419,2.54945,2.99573,6,3.87111,281,310,3.3498,484,0.997769
E3-Strict-p005,34.8702,252,252,RLPolicy,0,0,0,0,2.99573,1,3.4752,62,62,3.41149,484,1
E3-Strict-p005,34.8771,263,263,RLPolicy,0,0,0,0,2.99573,1,2.80454,66,66,2.74951,484,1
E3-Strict-p005,34.8776,62,31,RLPolicy,1,1,0.0470124,2.07944,2.99573,5,3.95242,26,138,3.47882,484,0.989018
E3-Strict-p005,34.8782,312,171,RLPolicy,1,1,0.0762521,2.07944,2.99573,5,3.82459,103,247,3.32704,484,0.995419
E3-Strict-p005,34.8808,144,185,RLPolicy,1,1,0.0457366,2.07944,2.99573,5,3.18009,7,224,2.68384,484,0.995419
E3-Strict-p005,34.8852,217,248,RLPolicy,1,1,0.0551958,2.07944,2.99573,5,3.49231,45,255,2.92103,484,0.988951
E3-Strict-p005,34.8936,126,168,RLPolicy,1,1,0.0462991,2.77259,2.99573,6,4.00681,75,312,3.39752,484,0.992071
E3-Strict-p005,34.8989,209,209,RLPolicy,0,0,0,0,2.99573,1,2.53328,4,4,2.48113,484,1
E3-Strict-p005,34.9008,265,291,RLPolicy,1,1,0.0909211,2.77259,2.99573,6,3.17909,233,256,2.90977,484,0.997769
E3-Strict-p005,34.9038,155,190,RLPolicy,1,1,0.0475137,1.38629,2.99573,4,3.91351,0,121,3.61663,484,0.98279
E3-Strict-p005,34.9097,80,80,RLPolicy,0,0,0,0,2.99573,1,2.99303,76,76,2.94133,484,0.987371
E3-Strict-p005,34.9114,143,306,RLPolicy,1,1,0.0616425,1.38629,2.99573,4,2.92864,0,25,2.74351,484,0.991953
E3-Strict-p005,34.9283,276,340,RLPolicy,1,1,0.0879805,2.31014,2.99573,6,3.32111,165,229,2.94011,484,0.991991
E3-Strict-p005,34.9478,161,418,RLPolicy,1,1,0.0562908,1.92529,2.99573,5,4.92597,67,227,4.35852,484,0.982828
E3-Strict-p005,34.9648,205,205,RLPolicy,0,0,0,0,2.99573,1,3.63098,63,63,3.56467,484,0.994303
E3-Strict-p005,34.9654,40,329,RLPolicy,1,1,0.0350666,2.85497,2.99573,7,4.64947,287,321,4.11321,484,0.993188
E3-Strict-p005,34.9679,56,56,RLPolicy,0,0,0,0,2.99573,1,3.05716,57,57,3.00193,484,0.990837
E3-Strict-p005,34.9684,96,96,RLPolicy,0,0,0,0,2.99573,1,2.86382,48,48,2.81911,484,0.990837
E3-Strict-p005,34.9707,302,302,RLPolicy,0,0,0,0,2.99573,1,3.28045,46,46,3.23703,484,1
E3-Strict-p005,34.9825,151,379,RLPolicy,1,1,0.0519429,2.54945,2.99573,6,3.60414,119,351,3.04058,484,0.974899
E3-Strict-p005,34.985,206,206,RLPolicy,0,0,0,0,2.99573,1,3.16815,7,7,3.12452,484,0.998114
E3-Strict-p005,35.0111,322,322,RLPolicy,0,0,0,0,2.99573,1,6.09044,14,14,5.9853,486,1
E3-Strict-p005,35.0274,110,110,RLPolicy,0,0,0,0,2.99573,1,3.59417,16,16,3.54449,486,0.998884
E3-Strict-p005,35.0415,323,76,RLPolicy,1,1,0.0818562,2.77259,2.99573,6,5.74937,75,283,4.89911,486,0.998884
E3-Strict-p005,35.0461,201,266,RLPolicy,1,1,0.0538563,1.38629,2.99573,4,3.99605,0,218,3.5628,486,0.978208
E3-Strict-p005,35.0479,283,283,RLPolicy,0,0,0,0,2.99573,1,2.53868,62,62,2.47555,486,1
E3-Strict-p005,35.0514,280,280,RLPolicy,0,0,0,0,2.99573,1,2.66714,2,2,2.62994,486,1
E3-Strict-p005,35.0541,123,237,RLPolicy,1,1,0.00565739,2.77259,2.99573,6,4.27983,175,184,3.63302,486,0.997769
E3-Strict-p005,35.0587,20,279,RLPolicy,1,1,0.0402093,2.85497,2.99573,7,4.78072,247,256,4.31133,486,0.963881
E3-Strict-p005,35.06,3,3,RLPolicy,0,0,0,0,2.99573,1,5.74789,33,33,5.6426,486,0.996362
E3-Strict-p005,35.0602,19,19,RLPolicy,0,0,0,0,2.99573,1,2.92245,53,53,2.82091,5,0.983733
E3-Strict-p005,35.0788,307,436,RLPolicy,1,1,0.0820709,2.77259,2.99573,6,4.19895,164,281,3.62662,486,0.998884
E3-Strict-p005,35.0827,210,97,RLPolicy,1,1,0.0760321,2.77259,2.99573,6,2.96048,74,93,2.64209,486,0.998884
E3-Strict-p005,35.083,128,199,RLPolicy,1,1,0.0629189,2.77259,2.99573,6,3.93085,209,231,3.458,486,0.971277
E3-Strict-p005,35.0867,177,308,RLPolicy,1,1,0.0464985,1.38629,2.99573,4,4.27541,0,110,3.8453,486,0.98279
E3-Strict-p005,35.0895,45,215,RLPolicy,1,1,0.00607926,2.77259,2.99573,6,3.03815,31,44,2.82995,486,0.997769
E3-Strict-p005,35.093,267,267,RLPolicy,0,0,0,0,2.99573,1,2.70981,59,59,2.67113,486,1
E3-Strict-p005,35.0993,46,46,RLPolicy,0,0,0,0,2.99573,1,3.71635,37,37,3.65443,486,0.997357
E3-Strict-p005,35.0997,228,228,RLPolicy,0,0,0,0,2.99573,1,3.01162,1,1,2.95092,486,1
E3-Strict-p005,35.1092,300,300,RLPolicy,0,0,0,0,2.99573,1,3.82369,37,37,3.75663,489,0.998884
E3-Strict-p005,35.1136,43,11,RLPolicy,1,1,0.00666617,2.77259,2.99573,6,7.78524,225,235,7.34597,489,0.963349
E3-Strict-p005,35.1171,196,66,RLPolicy,1,1,0.0488403,2.07944,2.99573,5,3.14278,30,91,2.8948,489,0.994303
E3-Strict-p005,35.1238,102,312,RLPolicy,1,1,0.0504521,1.92529,2.99573,5,7.28402,68,185,6.85886,489,0.970619
E3-Strict-p005,35.1243,254,264,RLPolicy,1,1,0.0863858,2.77259,2.99573,6,3.58671,265,283,3.19214,489,0.998884
E3-Strict-p005,35.1394,12,12,RLPolicy,0,0,0,0,2.99573,1,3.46827,60,60,3.37963,489,0.957121
E3-Strict-p005,35.1401,308,308,RLPolicy,0,0,0,0,2.99573,1,6.33191,12,12,6.26488,489,1
E3-Strict-p005,35.1404,158,158,RLPolicy,0,0,0,0,2.99573,1,4.35991,52,52,4.26175,489,0.998884
E3-Strict-p005,35.1406,328,201,RLPolicy,1,1,0.10171,2.77259,2.99573,6,7.23465,115,239,6.67517,489,0.998884
E3-Strict-p005,35.1454,63,13,RLPolicy,1,1,0.0438113,2.46721,2.99573,6,7.47261,230,293,6.87078,489,0.994715
E3-Strict-p005,35.1482,234,406,RLPolicy,1,1,0.0613277,2.07944,2.99573,5,8.18493,19,248,7.56867,489,0.983906
E3-Strict-p005,35.1497,164,355,RLPolicy,1,1,0.0444556,2.77259,2.99573,6,7.60839,87,343,7.24111,489,0.989721
E3-Strict-p005,35.1508,81,258,RLPolicy,1,1,0.0425985,0.693147,2.99573,3,2.83092,0,37,2.74127,489,0.987371
E3-Strict-p005,35.1582,250,250,RLPolicy,0,0,0,0,2.99573,1,6.90372,41,41,6.84244,489,1
E3-Strict-p005,35.1626,25,150,RLPolicy,1,1,0.0394731,2.46721,2.99573,6,4.27316,172,226,3.76369,489,0.976921
E3-Strict-p005,35.1632,282,282,RLPolicy,0,0,0,0,2.99573,1,4.19282,78,78,4.11528,489,0.998884
E3-Strict-p005,35.1672,225,332,RLPolicy,1,1,0.0807566,2.77259,2.99573,6,3.73534,208,230,3.31665,489,0.990837
E3-Strict-p005,35.1722,105,1,RLPolicy,1,1,0.0532919,2.07944,2.99573,5,7.67623,70,126,7.23691,489,0.98749
E3-Strict-p005,35.1961,109,169,RLPolicy,1,1,0.00565199,2.77259,2.99573,6,4.10826,170,179,3.8697,489,0.994303
E3-Strict-p005,35.1986,167,167,RLPolicy,0,0,0,0,2.99573,1,3.65165,51,51,3.58789,489,1
E3-Strict-p005,35.2013,238,238,RLPolicy,0,0,0,0,2.99573,1,3.88013,9,9,3.83577,490,1
E3-Strict-p005,35.2053,76,93,RLPolicy,1,1,0.0490603,2.77259,2.99573,6,6.08866,238,260,5.63932,490,0.989721
E3-Strict-p005,35.207,305,305,RLPolicy,0,0,0,0,2.99573,1,6.58379,69,69,6.48049,490,1
E3-Strict-p005,35.2107,115,340,RLPolicy,1,1,0.050574,2.77259,2.99573,6,4.73992,80,233,4.12736,490,0.992071
E3-Strict-p005,35.2259,54,54,RLPolicy,0,0,0,0,2.99573,1,3.35018,7,7,3.30855,490,1
E3-Strict-p005,35.231,275,391,RLPolicy,1,1,0.0926409,2.77259,2.99573,6,4.23975,213,252,3.91937,490,0.994303
E3-Strict-p005,35.2315,38,38,RLPolicy,0,0,0,0,2.99573,1,2.98312,53,53,2.94208,490,0.982086
E3-Strict-p005,35.237,66,66,RLPolicy,0,0,0,0,2.99573,1,6.98876,50,50,6.93026,490,0.990066
E3-Strict-p005,35.242,50,266,RLPolicy,1,1,0.0318295,0.693147,2.99573,3,4.37164,0,155,4.0041,490,0.982072
E3-Strict-p005,35.2423,52,264,RLPolicy,1,1,0.0292124,2.07944,2.99573,5,4.03599,65,196,3.52409,490,0.980558
E3-Strict-p005,35.2543,293,296,RLPolicy,1,1,0.0820908,2.77259,2.99573,6,3.70059,151,279,3.30349,490,0.994303
E3-Strict-p005,35.2603,180,180,RLPolicy,0,0,0,0,2.99573,1,3.74659,17,17,3.68116,490,0.998884
E3-Strict-p005,35.2636,39,44,RLPolicy,1,1,0.0435068,2.85497,2.99573,7,3.87145,219,239,3.5259,490,0.988725
E3-Strict-p005,35.2725,95,95,RLPolicy,0,0,0,0,2.99573,1,3.61403,63,63,3.55025,490,0.977093
E3-Strict-p005,35.2763,281,281,RLPolicy,0,0,0,0,2.99573,1,2.89437,10,10,2.85267,490,0.998884
E3-Strict-p005,35.28,226,77,RLPolicy,1,1,0.0752802,2.07944,2.99573,5,3.90982,25,86,3.57207,490,0.983906
E3-Strict-p005,35.2872,59,59,RLPolicy,0,0,0,0,2.99573,1,3.81269,21,21,3.75411,490,0.996242
E3-Strict-p005,35.2882,162,394,RLPolicy,1,1,0.00564399,2.77259,2.99573,6,4.25235,163,171,3.98232,490,0.994303
E3-Strict-p005,35.3079,114,114,RLPolicy,0,0,0,0,2.99573,1,6.03572,3,3,5.99491,492,1
E3-Strict-p005,35.3116,49,49,RLPolicy,0,0,0,0,2.99573,1,6.96366,11,11,6.90642,492,1
E3-Strict-p005,35.3155,278,436,RLPolicy,1,1,0.0777332,2.46429,2.99573,6,3.4428,158,303,3.03008,492,0.994686
E3-Strict-p005,35.317,68,68,RLPolicy,0,0,0,0,2.99573,1,2.80149,11,11,2.76804,492,0.991182
E3-Strict-p005,35.3184,86,86,RLPolicy,0,0,0,0,2.99573,1,2.71955,12,12,2.68241,492,0.998884
E3-Strict-p005,35.3214,172,278,RLPolicy,1,1,0.0652233,2.07944,2.99573,5,4.77684,56,218,4.3639,492,0.98279
E3-Strict-p005,35.3274,269,269,RLPolicy,0,0,0,0,2.99573,1,6.23462,75,75,6.15501,5,1
E3-Strict-p005,35.3299,195,56,RLPolicy,1,1,0.0760135,2.77259,2.99573,6,5.93501,239,297,4.95316,492,0.994303
E3-Strict-p005,35.3387,324,324,RLPolicy,0,0,0,0,2.99573,1,3.85088,45,45,3.70736,492,1
E3-Strict-p005,35.3471,1,160,RLPolicy,1,1,0.00606034,2.77259,2.99573,6,3.83059,39,48,3.64244,492,0.983733
E3-Strict-p005,35.3536,266,266,RLPolicy,0,0,0,0,2.99573,1,3.11999,51,51,3.05471,5,1
E3-Strict-p005,35.3617,299,333,RLPolicy,1,1,0.105896,2.77259,2.99573,6,3.26731,224,231,2.98768,492,0.998884
E3-Strict-p005,35.3654,7,362,RLPolicy,1,1,0.0359171,0.538997,2.99573,3,3.25407,0,105,3.10056,492,0.974104
E3-Strict-p005,35.379,262,322,RLPolicy,1,1,0.0715012,2.07944,2.99573,5,4.01934,70,117,3.71207,492,0.983906
E3-Strict-p005,35.387,204,305,RLPolicy,1,1,0.0657969,2.77259,2.99573,6,3.44287,113,264,3.0395,492,0.989721
E3-Strict-p005,35.3911,8,8,RLPolicy,0,0,0,0,2.99573,1,3.1372,69,69,3.07922,492,1
E3-Strict-p005,35.3993,186,26,RLPolicy,1,1,0.059041,2.77259,2.99573,6,4.28572,187,202,3.93241,492,0.984024
E3-Strict-p005,35.4143,97,97,RLPolicy,0,0,0,0,2.99573,1,3.29592,41,41,3.24036,492,0.978208
E3-Strict-p005,35.416,17,231,RLPolicy,1,1,0.039209,2.8419,2.99573,7,3.86077,293,322,3.47728,492,0.994292
E3-Strict-p005,35.4189,103,103,RLPolicy,0,0,0,0,2.99573,1,3.62136,64,64,3.56536,492,0.995419
E3-Strict-p005,35.4203,207,272,RLPolicy,1,1,0.078376,2.77259,2.99573,6,3.12502,174,189,2.95784,492,0.993187
E3-Strict-p005,35.4255,67,157,RLPolicy,1,1,0.0472149,2.07944,2.99573,5,4.44137,89,210,4.03377,492,0.969046
E3-Strict-p005,35.4363,336,336,RLPolicy,0,0,0,0,2.99573,1,3.28958,85,85,3.23636,492,1
E3-Strict-p005,35.441,311,311,RLPolicy,0,0,0,0,2.99573,1,3.62485,52,52,3.56129,492,1
E3-Strict-p005,35.4445,154,345,RLPolicy,1,1,0.0511079,2.61844,2.99573,6,3.10501,128,144,2.93016,492,0.995882
E3-Strict-p005,35.4481,166,166,RLPolicy,0,0,0,0,2.99573,1,3.3957,42,42,3.3471,492,0.997769
E3-Strict-p005,35.4504,334,109,RLPolicy,1,1,0.0875749,2.77259,2.99573,6,3.80256,233,252,3.49512,492,0.998884
E3-Strict-p005,35.4573,74,227,RLPolicy,1,1,0.0490123,2.07944,2.99573,5,3.33902,108,239,3.04297,492,0.987371
E3-Strict-p005,35.4602,65,65,RLPolicy,0,0,0,0,2.99573,1,3.86639,13,13,3.82342,492,0.988487
E3-Strict-p005,35.4684,61,27,RLPolicy,1,1,0.0450716,2.07944,2.99573,5,4.13754,77,182,3.75176,492,0.989721
E3-Strict-p005,35.4797,243,243,RLPolicy,0,0,0,0,2.99573,1,3.78062,73,73,3.71026,492,0.995419
E3-Strict-p005,35.4817,48,61,RLPolicy,1,1,0.0444851,2.77259,2.99573,6,3.53743,207,238,3.19651,492,0.982908
E3-Strict-p005,35.485,284,472,RLPolicy,1,1,0.0763432,2.77259,2.99573,6,3.627,33,196,3.16284,492,0.997769
E3-Strict-p005,35.4918,101,101,RLPolicy,0,0,0,0,2.99573,1,3.76381,19,19,3.70411,492,0.988606
E3-Strict-p005,35.5034,55,164,RLPolicy,1,1,0.046427,2.31306,2.99573,6,4.04596,174,274,3.6096,492,0.98098
E3-Strict-p005,35.5042,182,182,RLPolicy,0,0,0,0,2.99573,1,3.5404,68,68,3.47685,492,0.998884
E3-Strict-p005,35.5064,271,271,RLPolicy,0,0,0,0,2.99573,1,4.02535,44,44,3.95601,492,1
E3-Strict-p005,35.5071,274,190,RLPolicy,1,1,0.0433173,2.77259,2.99573,6,4.785,89,331,4.16535,492,0.993187
E3-Strict-p005,35.5086,294,294,RLPolicy,0,0,0,0,2.99573,1,3.59164,55,55,3.53666,492,0.998884
E3-Strict-p005,35.5136,125,74,RLPolicy,1,1,0.061516,2.77259,2.99573,6,4.2213,220,284,3.86457,492,0.980558
E3-Strict-p005,35.5143,93,93,RLPolicy,0,0,0,0,2.99573,1,3.05043,65,65,3.00782,492,1
E3-Strict-p005,35.5147,53,436,RLPolicy,1,1,0.00563123,2.77259,2.99573,6,3.79068,189,213,3.54075,492,0.970161
E3-Strict-p005,35.5167,298,298,RLPolicy,0,0,0,0,2.99573,1,3.56547,58,58,3.5209,492,0.998884
E3-Strict-p005,35.5226,44,179,RLPolicy,1,1,0.0402113,2.46721,2.99573,6,3.90129,92,275,3.27788,492,0.974863
E3-Strict-p005,35.5304,0,168,RLPolicy,1,1,0.0377067,2.77259,2.99573,6,4.67749,236,264,4.30235,492,0.997065
E3-Strict-p005,35.5403,208,208,RLPolicy,0,0,0,0,2.99573,1,3.10971,20,20,3.06469,492,0.990837
E3-Strict-p005,35.5422,118,249,RLPolicy,1,1,0.0604505,2.77259,2.99573,6,4.64216,231,246,4.19091,492,0.977093
E3-Strict-p005,35.547,91,405,RLPolicy,1,1,0.0536693,2.77259,2.99573,6,4.02154,251,303,3.66985,492,0.984062
E3-Strict-p005,35.5525,148,148,RLPolicy,0,0,0,0,2.99573,1,2.74842,4,4,2.70923,492,1
E3-Strict-p005,35.5799,175,129,RLPolicy,1,1,0.0612359,1.77114,2.99573,5,4.70981,49,119,4.17019,492,0.980478
E3-Strict-p005,35.5806,257,268,RLPolicy,1,1,0.0674037,2.07944,2.99573,5,4.91121,106,225,4.45799,492,0.994303
E3-Strict-p005,35.5885,183,274,RLPolicy,1,1,0.0696537,1.38629,2.99573,4,4.69719,0,103,4.32109,492,0.984024
E3-Strict-p005,35.5967,309,405,RLPolicy,1,1,0.0912786,2.77259,2.99573,6,4.71644,254,303,4.15273,492,0.998884
E3-Strict-p005,35.6241,320,413,RLPolicy,1,1,0.0402094,1.009,2.99573,4,3.0504,0,32,2.86589,494,0.990066
E3-Strict-p005,35.6286,325,447,RLPolicy,1,1,0.0848452,2.77259,2.99573,6,4.60875,185,302,4.06276,494,0.998884
E3-Strict-p005,35.6356,117,117,RLPolicy,0,0,0,0,2.99573,1,3.71672,51,51,3.65508,494,0.987371
E3-Strict-p005,35.6357,200,100,RLPolicy,1,1,0.055403,2.07944,2.99573,5,4.05964,58,167,3.59795,494,0.98514
E3-Strict-p005,35.6516,89,89,RLPolicy,0,0,0,0,2.99573,1,3.07598,63,63,3.03623,494,0.974743
E3-Strict-p005,35.6517,215,481,RLPolicy,1,1,0.0664704,2.77259,2.99573,6,3.96146,212,225,3.62703,494,0.989721
E3-Strict-p005,35.6535,181,181,RLPolicy,0,0,0,0,2.99573,1,3.27623,20,20,3.22243,494,1
E3-Strict-p005,35.6635,170,170,RLPolicy,0,0,0,0,2.99573,1,3.36886,36,36,3.30299,494,0.988606
E3-Strict-p005,35.6645,190,190,RLPolicy,0,0,0,0,2.99573,1,4.25091,55,55,4.10005,494,0.993187
E3-Strict-p005,35.6715,227,227,RLPolicy,0,0,0,0,2.99573,1,3.28464,55,55,3.24041,494,0.994303
E3-Strict-p005,35.6757,83,206,RLPolicy,1,1,0.0516775,2.07944,2.99573,5,3.65666,24,135,3.40723,494,0.972511
E3-Strict-p005,35.6794,203,203,RLPolicy,0,0,0,0,2.99573,1,3.96647,61,61,3.87698,494,0.998884
E3-Strict-p005,35.6803,60,95,RLPolicy,1,1,0.0439379,2.77259,2.99573,6,4.63999,194,288,4.32834,494,0.980147
E3-Strict-p005,35.6869,35,63,RLPolicy,1,1,0.0389831,2.07944,2.99573,5,3.46216,46,237,3.151,494,0.971689
E3-Strict-p005,35.6932,249,249,RLPolicy,0,0,0,0,2.99573,1,4.01715,25,25,3.95081,494,0.998884
E3-Strict-p005,35.6973,134,134,RLPolicy,0,0,0,0,2.99573,1,2.80256,8,8,2.76364,494,0.991953
E3-Strict-p005,35.7002,139,9,RLPolicy,1,1,0.0556556,2.77259,2.99573,6,3.94871,220,231,3.568,495,0.98749
E3-Strict-p005,35.7018,11,302,RLPolicy,1,1,0.0287575,1.46576,2.99573,5,3.87622,0,125,3.29919,495,0.99235
E3-Strict-p005,35.7058,317,317,RLPolicy,0,0,0,0,2.99573,1,6.08666,79,79,6.04041,495,1
E3-Strict-p005,35.7059,244,244,RLPolicy,0,0,0,0,2.99573,1,3.48019,62,62,3.42566,495,0.987371
E3-Strict-p005,35.7059,213,283,RLPolicy,1,1,0.0613567,1.38629,2.99573,4,3.14923,0,170,2.7887,495,0.989721
E3-Strict-p005,35.723,150,150,RLPolicy,0,0,0,0,2.99573,1,3.15513,67,67,3.09185,495,0.989721
E3-Strict-p005,35.7244,169,491,RLPolicy,1,1,0.0467525,2.07944,2.99573,5,3.70067,74,250,3.41113,495,0.989721
E3-Strict-p005,35.7316,218,177,RLPolicy,1,1,0.0606767,2.07944,2.99573,5,3.69091,106,248,3.28713,495,0.992071
E3-Strict-p005,35.733,116,223,RLPolicy,1,1,0.0488837,2.07944,2.99573,5,3.28186,48,107,3.04552,495,0.980558
E3-Strict-p005,35.7398,27,93,RLPolicy,1,1,0.0060575,2.46721,2.99573,6,4.07892,221,263,3.68086,495,0.952541
E3-Strict-p005,35.7462,219,184,RLPolicy,1,1,0.0672379,2.77259,2.99573,6,3.67298,101,293,3.10471,495,0.989721
E3-Strict-p005,35.7536,333,17,RLPolicy,1,1,0.0948578,2.77259,2.99573,6,6.79554,215,228,6.40334,495,0.998884
E3-Strict-p005,35.7555,330,330,RLPolicy,0,0,0,0,2.99573,1,6.51202,50,50,6.45551,495,1
E3-Strict-p005,35.7559,319,319,RLPolicy,0,0,0,0,2.99573,1,2.69172,24,24,2.62642,5,1
E3-Strict-p005,35.7595,295,75,RLPolicy,1,1,0.0774634,2.07944,2.99573,5,3.84876,71,175,3.43302,495,0.995419
E3-Strict-p005,35.7615,220,74,RLPolicy,1,1,0.0634735,2.07944,2.99573,5,3.2602,29,214,2.86826,495,0.994303
E3-Strict-p005,35.767,224,250,RLPolicy,1,1,0.0803108,2.77259,2.99573,6,3.34853,148,219,3.01487,495,0.989721
E3-Strict-p005,35.7683,73,288,RLPolicy,1,1,0.059586,2.77259,2.99573,6,4.07449,103,271,3.58859,495,0.980558
E3-Strict-p005,35.7693,82,304,RLPolicy,1,1,0.0520219,2.07944,2.99573,5,4.05327,65,236,3.67371,495,0.990956
E3-Strict-p005,35.774,152,211,RLPolicy,1,1,0.0650722,2.77259,2.99573,6,2.95491,153,174,2.73305,495,0.989721
E3-Strict-p005,35.7834,296,466,RLPolicy,1,1,0.0716295,2.07944,2.99573,5,3.60419,74,149,3.3566,495,0.994303
E3-Strict-p005,35.7851,340,340,RLPolicy,0,0,0,0,2.99573,1,3.1759,89,89,3.12765,495,1
E3-Strict-p005,35.7905,223,223,RLPolicy,0,0,0,0,2.99573,1,2.58101,62,62,2.52352,2,0.995419
E3-Strict-p005,35.8064,211,163,RLPolicy,1,1,0.0708536,2.77259,2.99573,6,3.65601,199,212,3.38633,495,0.992761
E3-Strict-p005,35.8082,313,313,RLPolicy,0,0,0,0,2.99573,1,2.76536,66,66,2.73274,495,1
E3-Strict-p005,35.8227,94,254,RLPolicy,1,1,0.0517738,0.538997,2.99573,3,3.46174,0,170,3.17903,495,0.97097
E3-Strict-p005,35.8236,5,183,RLPolicy,1,1,0.0276985,1.08091,2.99573,4,7.23302,0,172,6.77504,495,0.985844
E3-Strict-p005,35.8249,113,179,RLPolicy,1,1,0.0429947,2.31014,2.99573,6,7.73502,80,289,7.33245,495,0.972894
E3-Strict-p005,35.8317,198,176,RLPolicy,1,1,0.0574566,2.07944,2.99573,5,7.52826,64,137,7.10834,495,0.993187
E3-Strict-p005,35.8346,92,92,RLPolicy,0,0,0,0,2.99573,1,2.70231,21,21,2.66063,495,1
E3-Strict-p005,35.8409,279,279,RLPolicy,0,0,0,0,2.99573,1,7.11845,45,45,7.0637,495,0.998884
E3-Strict-p005,35.8457,129,129,RLPolicy,0,0,0,0,2.99573,1,7.29864,17,17,7.20001,495,0.993532
E3-Strict-p005,35.8562,22,22,RLPolicy,0,0,0,0,2.99573,1,7.63376,56,56,7.55941,495,0.976802
E3-Strict-p005,35.8632,34,113,RLPolicy,1,1,0.0425596,1.95638,2.99573,5,3.51091,20,275,3.1306,495,0.973955
E3-Strict-p005,35.874,292,292,RLPolicy,0,0,0,0,2.99573,1,3.02801,44,44,2.98246,495,1
E3-Strict-p005,35.8742,230,230,RLPolicy,0,0,0,0,2.99573,1,2.55636,9,9,2.51881,495,1
E3-Strict-p005,35.8759,157,257,RLPolicy,1,1,0.0674335,2.46429,2.99573,6,3.42098,202,247,3.10769,495,0.986638
E3-Strict-p005,35.8791,58,58,RLPolicy,0,0,0,0,2.99573,1,7.45784,72,72,7.39374,495,0.97862
E3-Strict-p005,35.9059,136,141,RLPolicy,1,1,0.0635323,2.77259,2.99573,6,4.28856,200,211,4.01181,497,0.978208
E3-Strict-p005,35.9171,236,338,RLPolicy,1,1,0.0572025,1.38629,2.99573,4,3.38724,0,227,3.08477,497,0.989721
E3-Strict-p005,35.9265,104,104,RLPolicy,0,0,0,0,2.99573,1,3.26679,68,68,3.22223,497,0.999267
E3-Strict-p005,35.9609,159,284,RLPolicy,1,1,0.0662739,2.77259,2.99573,6,3.57645,135,147,3.29421,497,0.997769
E3-Strict-p005,35.9629,246,274,RLPolicy,1,1,0.00565745,2.77259,2.99573,6,4.22042,203,209,3.92499,497,0.994303
E3-Strict-p005,35.9719,41,70,RLPolicy,1,1,0.0419332,2.07944,2.99573,5,3.6638,46,222,3.31594,497,0.966816
E3-Strict-p005,35.9815,69,33,RLPolicy,1,1,0.0329787,2.07944,2.99573,5,4.35497,43,137,3.96932,497,0.963348
E3-Strict-p005,35.9821,42,84,RLPolicy,1,1,0.00602494,2.64953,2.99573,6,3.34376,181,211,3.05287,497,0.987579
E3-Strict-p005,35.9881,239,175,RLPolicy,1,1,0.0572683,2.07944,2.99573,5,3.535,0,143,3.26046,497,0.994303
E3-Strict-p005,35.9924,199,436,RLPolicy,1,1,0.0681675,2.77259,2.99573,6,4.24486,208,249,3.8722,497,0.994303
E3-Strict-p005,36.0027,111,66,RLPolicy,1,1,0.0534579,2.07944,2.99573,5,4.49831,29,277,3.98069,498,0.981674
E3-Strict-p005,36.0045,304,321,RLPolicy,1,1,0.0954639,0.693147,2.99573,3,2.64101,0,58,2.51889,498,0.987371
E3-Strict-p005,36.0099,289,289,RLPolicy,0,0,0,0,2.99573,1,3.00024,9,9,2.9423,498,1
E3-Strict-p005,36.0112,194,491,RLPolicy,1,1,0.0492116,1.38629,2.99573,4,8.22488,0,167,7.82448,498,0.990837
E3-Strict-p005,36.0119,30,30,RLPolicy,0,0,0,0,2.99573,1,3.56414,25,25,3.50794,498,0.978329
E3-Strict-p005,36.0147,240,240,RLPolicy,0,0,0,0,2.99573,1,3.17006,26,26,3.13063,498,0.994303
E3-Strict-p005,36.0153,21,504,RLPolicy,1,1,0.0375116,1.77406,2.99573,5,5.65524,16,229,5.0045,498,0.978831
E3-Strict-p005,36.0171,24,293,RLPolicy,1,1,0.0458636,2.54959,2.99573,7,4.51768,169,321,4.10223,498,0.983854
E3-Strict-p005,36.0191,10,10,RLPolicy,0,0,0,0,2.99573,1,3.07431,12,12,3.03624,498,0.983322
E3-Strict-p005,36.0209,222,260,RLPolicy,1,1,0.0808887,2.77259,2.99573,6,3.57935,249,284,3.38586,498,0.98514
E3-Strict-p005,36.0235,98,137,RLPolicy,1,1,0.0539387,2.07944,2.99573,5,3.57257,57,133,3.22986,498,0.989721
E3-Strict-p005,36.0273,2,248,RLPolicy,1,1,0.0243859,2.07944,2.99573,5,5.17403,47,148,4.69439,498,0.994303
E3-Strict-p005,36.0348,4,4,RLPolicy,0,0,0,0,2.99573,1,4.29476,12,12,4.0994,498,0.997357
E3-Strict-p005,36.0396,29,29,RLPolicy,0,0,0,0,2.99573,1,4.27685,31,31,4.22606,498,0.989018
E3-Strict-p005,36.0439,179,212,RLPolicy,1,1,0.0721492,2.77259,2.99573,6,5.17629,242,253,4.81754,498,0.986256
E3-Strict-p005,36.0519,64,477,RLPolicy,1,1,0.0366467,2.77259,2.99573,6,4.91159,61,354,4.21899,498,0.992071
E3-Strict-p005,36.0839,191,292,RLPolicy,1,1,0.0660076,2.77259,2.99573,6,5.10257,83,318,4.60033,498,0.994303
E3-Strict-p005,36.0842,345,13,RLPolicy,1,1,0.0876083,2.07944,2.99573,5,4.27322,88,182,3.64168,498,0.995419
E3-Strict-p005,36.086,270,270,RLPolicy,0,0,0,0,2.99573,1,3.93023,53,53,3.85498,498,0.998884
E3-Strict-p005,36.0892,188,188,RLPolicy,0,0,0,0,2.99573,1,3.47501,10,10,3.4166,498,1
E3-Strict-p005,36.1025,75,327,RLPolicy,1,1,0.050388,2.77259,2.99573,6,4.27196,180,193,3.88944,501,0.998884
E3-Strict-p005,36.1025,264,264,RLPolicy,0,0,0,0,2.99573,1,3.06161,22,22,3.01697,501,1
E3-Strict-p005,36.1073,315,315,RLPolicy,0,0,0,0,2.99573,1,3.15737,24,24,3.11193,501,1
E3-Strict-p005,36.1107,216,111,RLPolicy,1,1,0.063302,2.77259,2.99573,6,5.12612,159,249,4.67036,501,0.986256
E3-Strict-p005,36.1153,107,107,RLPolicy,0,0,0,0,2.99573,1,3.90594,63,63,3.83713,501,0.97243
E3-Strict-p005,36.1207,57,57,RLPolicy,0,0,0,0,2.99573,1,4.22601,11,11,4.18438,501,0.998884
E3-Strict-p005,36.124,221,204,RLPolicy,1,1,0.0635632,1.38629,2.99573,4,3.34118,0,188,3.11925,501,0.986256
E3-Strict-p005,36.1459,122,272,RLPolicy,1,1,0.0415425,2.77259,2.99573,6,4.86635,38,193,4.42859,501,0.994421
E3-Strict-p005,36.1563,231,340,RLPolicy,1,1,0.0822926,2.77259,2.99573,6,3.8906,106,237,3.56947,501,0.988606
E3-Strict-p005,36.1819,131,333,RLPolicy,1,1,0.0497434,2.07944,2.99573,5,4.59693,53,201,4.20891,501,0.98279
E3-Strict-p005,36.1834,31,477,RLPolicy,1,1,0.05179,2.77259,2.99573,6,4.7444,218,258,4.2352,501,0.993599
E3-Strict-p005,36.1971,233,233,RLPolicy,0,0,0,0,2.99573,1,3.14526,45,45,3.09445,501,1
E3-Strict-p005,36.2109,33,463,RLPolicy,1,1,0.0447558,2.24421,2.99573,7,7.83389,161,330,7.17311,501,0.97639
E3-Strict-p005,36.2227,335,335,RLPolicy,0,0,0,0,2.99573,1,4.03942,44,44,3.97716,501,1
E3-Strict-p005,36.2356,286,295,RLPolicy,1,1,0.0876051,2.07944,2.99573,5,4.80605,91,237,4.23198,501,0.986256
E3-Strict-p005,36.2357,71,367,RLPolicy,1,1,0.00559728,2.77259,2.99573,6,3.22426,101,126,2.91967,501,0.998884
E3-Strict-p005,36.2393,301,301,RLPolicy,0,0,0,0,2.99573,1,3.21315,6,6,3.14322,2,1
E3-Strict-p005,36.2397,174,174,RLPolicy,0,0,0,0,2.99573,1,4.50779,68,68,4.3693,501,0.997769
E3-Strict-p005,36.241,259,203,RLPolicy,1,1,0.0714942,2.77259,2.99573,6,5.88699,80,333,5.09019,501,0.998884
E3-Strict-p005,36.2418,70,70,RLPolicy,0,0,0,0,2.99573,1,4.43742,53,53,4.23854,501,0.990956
E3-Strict-p005,36.2496,285,394,RLPolicy,1,1,0.0691865,2.07944,2.99573,5,5.07475,83,201,4.5985,501,0.994303
E3-Strict-p005,36.2502,314,450,RLPolicy,1,1,0.0949631,2.77259,2.99573,6,4.02314,174,203,3.69988,501,0.997769
E3-Strict-p005,36.2562,338,200,RLPolicy,1,1,0.10718,2.61844,2.99573,6,3.78248,288,343,3.35562,501,0.998114
E3-Strict-p005,36.2586,137,137,RLPolicy,0,0,0,0,2.99573,1,3.747,16,16,3.6754,501,0.996998
E3-Strict-p005,36.2636,84,84,RLPolicy,0,0,0,0,2.99573,1,3.30336,67,67,3.25609,501,0.988951
E3-Strict-p005,36.2692,326,218,RLPolicy,1,1,0.0857827,2.07944,2.99573,5,3.89385,94,191,3.44494,501,0.995419
E3-Strict-p005,36.2748,185,222,RLPolicy,1,1,0.0612796,1.38629,2.99573,4,4.13856,0,131,3.78131,501,0.98279
E3-Strict-p005,36.2918,142,69,RLPolicy,1,1,0.054857,2.07944,2.99573,5,4.17563,39,117,3.77652,501,0.990837
E3-Strict-p005,36.2992,120,120,RLPolicy,0,0,0,0,2.99573,1,3.69849,9,9,3.63849,501,1
E3-Strict-p005,36.302,87,87,RLPolicy,0,0,0,0,2.99573,1,3.30296,63,63,3.25534,501,0.98514
E3-Strict-p005,36.3023,242,242,RLPolicy,0,0,0,0,2.99573,1,4.15628,51,51,3.93603,501,0.991953
E3-Strict-p005,36.3024,255,255,RLPolicy,0,0,0,0,2.99573,1,3.70277,35,35,3.59975,501,1
E3-Strict-p005,36.3053,235,279,RLPolicy,1,1,0.0729706,2.77259,2.99573,6,3.55172,239,244,3.22291,501,0.998884
E3-Strict-p005,36.3133,100,361,RLPolicy,1,1,0.0556227,2.77259,2.99573,6,3.76512,170,193,3.51745,501,0.995882
E3-Strict-p005,36.3137,165,76,RLPolicy,1,1,0.0608645,2.77259,2.99573,6,3.61722,87,273,3.14362,501,0.988606
E3-Strict-p005,36.3206,178,178,RLPolicy,0,0,0,0,2.99573,1,2.76983,9,9,2.73031,501,0.998114
E3-Strict-p005,36.3214,261,261,RLPolicy,0,0,0,0,2.99573,1,3.9906,54,54,3.913,5,1
E3-Strict-p005,36.3245,23,23,RLPolicy,0,0,0,0,2.99573,1,5.49869,63,63,5.31682,501,0.977841
E3-Strict-p005,36.3289,77,198,RLPolicy,0,0,0.0453085,0.693147,2.99573,2,4.65801,42,95,4.42746,501,0.979443
E3-Strict-p005,36.3391,272,294,RLPolicy,1,1,0.0798444,2.77259,2.99573,6,8.89164,143,241,8.42052,501,0.989721
E3-Strict-p005,36.3412,79,79,RLPolicy,0,0,0,0,2.99573,1,7.21395,60,60,7.14685,501,0.98279
E3-Strict-p005,36.3419,32,340,RLPolicy,1,1,0.0480589,2.85497,2.99573,7,5.2414,126,308,4.60044,501,0.975687
E3-Strict-p005,36.3422,291,202,RLPolicy,1,1,0.0824739,2.77259,2.99573,6,3.75959,171,257,3.38211,501,0.997769
E3-Strict-p005,36.3441,37,502,RLPolicy,1,1,0.00605721,2.16183,2.99573,6,3.76836,46,150,3.4484,501,0.992072
E3-Strict-p005,36.3551,189,170,RLPolicy,1,1,0.049881,2.07944,2.99573,5,8.06564,30,184,7.46388,501,0.986256
E3-Strict-p005,36.3644,187,346,RLPolicy,1,1,0.0709216,2.77259,2.99573,6,4.56969,118,133,4.12226,501,0.981674
E3-Strict-p005,36.3696,140,140,RLPolicy,0,0,0,0,2.99573,1,4.31287,30,30,4.23493,501,0.979324
E3-Strict-p005,36.4018,288,179,RLPolicy,1,1,0.0730016,2.77259,2.99573,6,4.54248,127,223,3.98399,502,0.996653
E3-Strict-p005,36.4023,146,146,RLPolicy,0,0,0,0,2.99573,1,3.03279,2,2,2.96893,502,1
E3-Strict-p005,36.4122,241,19,RLPolicy,1,1,0.0252196,0.693147,2.99573,3,3.11593,0,48,2.88726,502,0.988487
E3-Strict-p005,36.4188,112,365,RLPolicy,1,1,0.0428008,1.38629,2.99573,4,3.79596,0,185,3.47985,502,0.962923
E3-Strict-p005,36.4192,337,491,RLPolicy,1,1,0.0819307,2.07944,2.99573,5,6.56441,33,116,6.24169,502,0.995419
E3-Strict-p005,36.42,121,121,RLPolicy,0,0,0,0,2.99573,1,2.49867,3,3,2.46686,502,0.998884
E3-Strict-p005,36.4223,171,81,RLPolicy,1,1,0.0592251,2.07944,2.99573,5,4.1557,48,132,3.77182,502,0.994303
E3-Strict-p005,36.4275,353,353,RLPolicy,0,0,0,0,2.99573,1,3.88481,4,4,3.83722,502,1
E3-Strict-p005,36.4309,108,413,RLPolicy,1,1,0.0512453,2.07944,2.99573,5,4.06215,75,235,3.70107,502,0.986256
E3-Strict-p005,36.4329,214,214,RLPolicy,0,0,0,0,2.99573,1,3.65448,55,55,3.57814,502,0.993187
E3-Strict-p005,36.4532,28,281,RLPolicy,1,1,0.0398878,2.77259,2.99573,6,5.49019,106,119,5.20289,502,0.962579
E3-Strict-p005,36.4551,256,256,RLPolicy,0,0,0,0,2.99573,1,4.06118,6,6,3.98444,502,1
E3-Strict-p005,36.4579,184,240,RLPolicy,1,1,0.0575528,1.92529,2.99573,5,4.90186,47,134,4.40808,502,0.992761
E3-Strict-p005,36.4648,303,303,RLPolicy,0,0,0,0,2.99573,1,3.2491,10,10,3.18372,502,0.998884
E3-Strict-p005,36.4663,72,442,RLPolicy,1,1,0.04451,2.77259,2.99573,6,4.56221,105,112,4.2723,502,0.992071
E3-Strict-p005,36.4724,258,258,RLPolicy,0,0,0,0,2.99573,1,4.47296,54,54,4.28094,502,0.998884
E3-Strict-p005,36.4732,133,133,RLPolicy,0,0,0,0,2.99573,1,3.46789,75,75,3.39066,5,0.98749
E3-Strict-p005,36.4806,85,85,RLPolicy,0,0,0,0,2.99573,1,3.1753,5,5,3.12703,502,0.994303
E3-Strict-p005,36.4809,18,309,RLPolicy,1,1,0.0280173,2.85497,2.99573,7,4.14466,302,313,3.76271,502,0.972632
E3-Strict-p005,36.5032,212,481,RLPolicy,1,1,0.0692865,2.77259,2.99573,6,6.8046,232,266,6.40233,503,0.998884
E3-Strict-p005,36.5044,6,6,RLPolicy,0,0,0,0,2.99573,1,3.00963,37,37,2.9288,5,0.979449
E3-Strict-p005,36.5086,341,246,RLPolicy,1,1,0.108227,2.77259,2.99573,6,4.4111,57,69,4.12245,503,0.998884
E3-Strict-p005,36.5096,149,149,RLPolicy,0,0,0,0,2.99573,1,3.13213,88,88,3.07658,503,0.974743
E3-Strict-p005,36.5096,106,139,RLPolicy,1,1,0.056902,2.77259,2.99573,6,3.42223,179,192,3.13991,503,0.992071
E3-Strict-p005,36.5148,78,78,RLPolicy,0,0,0,0,2.99573,1,4.04012,40,40,3.9203,503,1
E3-Strict-p005,36.5169,127,6,RLPolicy,1,1,0.0577436,2.07944,2.99573,5,5.05284,27,166,4.52467,503,0.981674
E3-Strict-p005,36.5273,290,378,RLPolicy,1,1,0.0847886,2.77259,2.99573,6,5.41089,229,263,4.90029,503,0.998884
E3-Strict-p005,36.5313,124,310,RLPolicy,1,1,0.0440238,0.693147,2.99573,3,7.98954,0,133,7.61256,503,0.987371
E3-Strict-p005,36.5552,237,213,RLPolicy,1,1,0.0830962,2.07944,2.99573,5,4.74652,25,155,4.26498,503,0.983906
E3-Strict-p005,36.5773,176,82,RLPolicy,1,1,0.0638058,2.77259,2.99573,6,4.22718,138,168,3.74586,503,0.98514
E3-Strict-p005,36.5787,331,331,RLPolicy,0,0,0,0,2.99573,1,3.94239,76,76,3.85857,503,1
E3-Strict-p005,36.5813,245,270,RLPolicy,1,1,0.0791787,2.77259,2.99573,6,3.59983,174,196,3.30557,503,0.989721
E3-Strict-p005,36.6005,119,416,RLPolicy,1,1,0.0455629,2.77259,2.99573,6,3.67628,80,359,3.11198,505,0.98279
E3-Strict-p005,36.6015,358,358,RLPolicy,0,0,0,0,2.99573,1,3.59073,62,62,3.53564,505,1
E3-Strict-p005,36.602,47,47,RLPolicy,0,0,0,0,2.99573,1,3.33617,77,77,3.29294,505,0.985964
E3-Strict-p005,36.6026,13,142,RLPolicy,1,1,0.0476662,2.77259,2.99573,6,3.56581,177,196,3.33225,505,0.97223
E3-Strict-p005,36.6047,316,316,RLPolicy,0,0,0,0,2.99573,1,2.49881,37,37,2.45702,505,1
E3-Strict-p005,36.6093,145,145,RLPolicy,0,0,0,0,2.99573,1,3.65106,69,69,3.5871,505,0.998884
E3-Strict-p005,36.6113,321,321,RLPolicy,0,0,0,0,2.99573,1,2.81936,11,11,2.77836,505,1
E3-Strict-p005,36.6178,344,344,RLPolicy,0,0,0,0,2.99573,1,4.07672,8,8,4.02789,505,1
E3-Strict-p005,36.6184,306,306,RLPolicy,0,0,0,0,2.99573,1,2.993,23,23,2.9519,505,1
E3-Strict-p005,36.635,147,458,RLPolicy,1,1,0.0507164,2.77259,2.99573,6,3.92194,105,403,3.38124,505,0.978672
E3-Strict-p005,36.6362,163,163,RLPolicy,0,0,0,0,2.99573,1,4.39106,47,47,4.33268,505,0.990837
E3-Strict-p005,36.6521,90,90,RLPolicy,0,0,0,0,2.99573,1,3.02646,31,31,2.97718,505,1
E3-Strict-p005,36.6569,350,350,RLPolicy,0,0,0,0,2.99573,1,3.61678,49,49,3.56607,505,1
E3-Strict-p005,36.6636,287,127,RLPolicy,1,1,0.0948077,2.77259,2.99573,6,4.51469,144,162,4.08355,505,0.994303
E3-Strict-p005,36.6672,273,273,RLPolicy,0,0,0,0,2.99573,1,5.33105,81,81,5.20034,505,0.997769
E3-Strict-p005,36.6945,141,141,RLPolicy,0,0,0,0,2.99573,1,5.71974,63,63,5.58845,505,0.995419
E3-Strict-p005,36.6959,192,192,RLPolicy,0,0,0,0,2.99573,1,4.6494,7,7,4.52976,505,0.995419
E3-Strict-p005,36.6982,268,381,RLPolicy,1,1,0.0715654,1.38629,2.99573,4,4.74067,0,177,4.29836,505,0.987371
E3-Strict-p005,36.7006,202,203,RLPolicy,1,1,0.0598131,2.77259,2.99573,6,4.86319,82,305,4.27631,507,0.995537
E3-Strict-p005,36.7033,193,113,RLPolicy,1,1,0.0670048,2.46429,2.99573,6,5.45957,217,252,5.01126,507,0.993996
E3-Strict-p005,36.7076,15,15,RLPolicy,0,0,0,0,2.99573,1,3.31663,12,12,3.22317,507,0.991568
E3-Strict-p005,36.71,36,36,RLPolicy,0,0,0,0,2.99573,1,3.7796,12,12,3.73707,507,0.995126
E3-Strict-p005,36.712,332,332,RLPolicy,0,0,0,0,2.99573,1,3.10758,45,45,3.05792,507,1
E3-Strict-p005,36.7134,247,247,RLPolicy,0,0,0,0,2.99573,1,3.2003,48,48,3.14695,507,0.994303
E3-Strict-p005,36.7237,260,163,RLPolicy,1,1,0.08844,2.77259,2.99573,6,4.07599,184,204,3.72525,507,0.997769
E3-Strict-p005,36.7314,135,135,RLPolicy,0,0,0,0,2.99573,1,4.37278,63,63,4.29203,507,0.984024
E3-Strict-p005,36.7325,318,318,RLPolicy,0,0,0,0,2.99573,1,2.97476,1,1,2.92351,507,1
E3-Strict-p005,36.7367,327,327,RLPolicy,0,0,0,0,2.99573,1,3.42482,27,27,3.35822,507,0.998884
E3-Strict-p005,36.737,253,396,RLPolicy,1,1,0.0804671,2.77259,2.99573,6,4.44823,256,287,3.95557,507,0.994099
E3-Strict-p005,36.7389,229,229,RLPolicy,0,0,0,0,2.99573,1,3.04003,70,70,2.98949,507,0.998884
E3-Strict-p005,36.7418,251,431,RLPolicy,1,1,0.0786281,2.77259,2.99573,6,4.0241,195,219,3.56469,507,0.988606
E3-Strict-p005,36.7426,156,267,RLPolicy,1,1,0.0647905,2.77259,2.99573,6,3.7897,221,256,3.39419,507,0.98749
E3-Strict-p005,36.7626,277,277,RLPolicy,0,0,0,0,2.99573,1,4.98625,1,1,4.90442,507,1
E3-Strict-p005,36.7677,248,216,RLPolicy,1,1,0.0874466,2.31014,2.99573,6,4.47901,143,196,4.09642,507,0.990875
E3-Strict-p005,36.7705,310,253,RLPolicy,1,1,0.0855769,2.61844,2.99573,6,3.87608,223,258,3.44021,507,0.996998
E3-Strict-p005,36.7751,138,138,RLPolicy,0,0,0,0,2.99573,1,4.79859,62,62,4.73642,507,0.989721
E3-Strict-p005,36.7786,51,113,RLPolicy,1,1,0.0307007,2.07944,2.99573,5,4.20308,51,127,3.7624,507,0.995419
E3-Strict-p005,36.7823,88,204,RLPolicy,1,1,0.0441853,0.693147,2.99573,3,3.97402,0,91,3.75451,507,0.986256
E3-Strict-p005,36.7841,153,459,RLPolicy,1,1,0.0639808,2.77259,2.99573,6,4.04014,162,168,3.66608,507,0.984024
E3-Strict-p005,36.7907,99,351,RLPolicy,1,1,0.0519182,2.77259,2.99573,6,3.63126,163,172,3.30427,507,0.986256
E3-Strict-p005,36.7911,232,358,RLPolicy,1,1,0.0823271,2.77259,2.99573,6,4.29018,212,238,3.9461,507,0.994303
E3-Strict-p005,36.8035,168,168,RLPolicy,0,0,0,0,2.99573,1,3.4116,84,84,3.33624,1,0.995537
E3-Strict-p005,36.8131,14,14,RLPolicy,0,0,0,0,2.99573,1,3.77269,24,24,3.72062,508,0.989721
E3-Strict-p005,36.8147,355,184,RLPolicy,1,1,0.0876314,2.07944,2.99573,5,6.99585,30,280,6.3857,508,0.995419
E3-Strict-p005,36.8149,16,378,RLPolicy,1,1,0.00564669,2.77259,2.99573,6,3.20499,175,190,2.88613,508,0.983613
E3-Strict-p005,36.8287,9,509,RLPolicy,1,1,0.0307244,2.46721,2.99573,6,4.84897,208,291,4.37151,508,0.977624
E3-Strict-p005,36.8317,132,132,RLPolicy,0,0,0,0,2.99573,1,3.94834,9,9,3.83495,508,0.995419
E3-Strict-p005,36.8325,160,160,RLPolicy,0,0,0,0,2.99573,1,3.25624,9,9,3.19909,508,1
E3-Strict-p005,36.8381,130,202,RLPolicy,1,1,0.0607607,2.77259,2.99573,6,4.31927,144,244,3.76054,508,0.993187
E3-Strict-p005,36.8439,26,161,RLPolicy,1,1,0.0236954,2.77259,2.99573,6,4.37389,53,161,3.88357,508,0.998884
E3-Strict-p005,36.8567,197,515,RLPolicy,1,1,0.0756651,2.77259,2.99573,6,4.24087,66,123,3.9007,508,0.989721
E3-Strict-p005,36.8608,173,173,RLPolicy,0,0,0,0,2.99573,1,3.72331,59,59,3.66098,508,0.995882
E3-Strict-p005,36.861,297,492,RLPolicy,1,1,0.0958502,2.39529,2.99573,6,4.36823,268,297,3.95085,508,0.994766
E3-Strict-p005,36.8702,252,252,RLPolicy,0,0,0,0,2.99573,1,3.75251,65,65,3.66093,508,1
E3-Strict-p005,36.8771,263,263,RLPolicy,0,0,0,0,2.99573,1,4.71164,69,69,4.6131,508,1
E3-Strict-p005,36.8775,352,352,RLPolicy,0,0,0,0,2.99573,1,4.93779,44,44,4.81883,508,1
E3-Strict-p005,36.8776,62,433,RLPolicy,1,1,0.048529,2.77259,2.99573,6,4.76312,128,274,4.28996,508,0.987902
E3-Strict-p005,36.8782,312,77,RLPolicy,1,1,0.0905954,2.77259,2.99573,6,3.73707,235,260,3.37765,508,0.994303
E3-Strict-p005,36.8788,329,329,RLPolicy,0,0,0,0,2.99573,1,4.2357,43,43,4.09095,508,1
E3-Strict-p005,36.8808,144,94,RLPolicy,1,1,0.0651006,2.77259,2.99573,6,4.05932,257,290,3.45392,508,0.994303
E3-Strict-p005,36.8852,217,395,RLPolicy,1,1,0.0673379,2.77259,2.99573,6,5.14566,70,324,4.36155,508,0.987835
E3-Strict-p005,36.8936,126,126,RLPolicy,0,0,0,0,2.99573,1,3.51089,53,53,3.45642,508,0.992071
E3-Strict-p005,36.8989,209,209,RLPolicy,0,0,0,0,2.99573,1,3.34505,4,4,3.27577,508,1
E3-Strict-p005,36.9008,265,265,RLPolicy,0,0,0,0,2.99573,1,3.61148,75,75,3.56369,511,0.997769
E3-Strict-p005,36.9038,155,431,RLPolicy,1,1,0.0665034,2.77259,2.99573,6,3.78174,134,147,3.51926,511,0.981674
E3-Strict-p005,36.9097,80,80,RLPolicy,0,0,0,0,2.99573,1,4.25116,78,78,4.09121,511,0.987371
E3-Strict-p005,36.9114,143,143,RLPolicy,0,0,0,0,2.99573,1,6.65143,6,6,6.58387,511,0.991953
E3-Strict-p005,36.9283,276,276,RLPolicy,0,0,0,0,2.99573,1,7.04148,55,55,6.98443,511,0.991991
E3-Strict-p005,36.9478,161,161,RLPolicy,0,0,0,0,2.99573,1,3.59771,56,56,3.54743,511,0.982828
E3-Strict-p005,36.9601,363,363,RLPolicy,0,0,0,0,2.99573,1,2.87671,9,9,2.83647,511,1
E3-Strict-p005,36.9648,205,431,RLPolicy,1,1,0.0753114,2.77259,2.99573,6,4.04113,137,153,3.76722,511,0.993187
E3-Strict-p005,36.9654,40,5,RLPolicy,1,1,0.0326681,1.77406,2.99573,5,3.6869,37,201,3.30579,511,0.987079
E3-Strict-p005,36.9679,56,355,RLPolicy,1,1,0.0382456,2.46429,2.99573,6,4.13774,115,295,3.74008,511,0.98818
E3-Strict-p005,36.9684,96,96,RLPolicy,0,0,0,0,2.99573,1,4.65499,52,52,4.45542,511,0.990837
E3-Strict-p005,36.9707,302,469,RLPolicy,1,1,0.0943739,2.77259,2.99573,6,3.62471,167,183,3.28158,511,0.998884
E3-Strict-p005,36.9825,151,151,RLPolicy,0,0,0,0,2.99573,1,4.73796,70,70,4.62775,511,0.974899
E3-Strict-p005,36.985,206,100,RLPolicy,1,1,0.0573621,0.693147,2.99573,3,5.48733,0,20,5.23487,511,0.986601
E3-Strict-p005,37.0111,322,322,RLPolicy,0,0,0,0,2.99573,1,3.6056,18,18,3.54905,511,1
E3-Strict-p005,37.0274,110,433,RLPolicy,1,1,0.0499634,2.80076,2.99573,6,4.32621,81,106,3.99712,511,0.997909
E3-Strict-p005,37.0415,323,65,RLPolicy,1,1,0.0886663,2.77259,2.99573,6,4.46126,205,221,4.18022,511,0.997769
E3-Strict-p005,37.0461,201,201,RLPolicy,0,0,0,0,2.99573,1,4.4263,77,77,4.34425,511,0.978208
E3-Strict-p005,37.0479,283,283,RLPolicy,0,0,0,0,2.99573,1,4.2081,62,62,4.11704,511,1
E3-Strict-p005,37.0514,280,280,RLPolicy,0,0,0,0,2.99573,1,4.552,2,2,4.43392,511,1
E3-Strict-p005,37.0541,123,213,RLPolicy,1,1,0.0461948,2.77259,2.99573,6,3.48891,37,258,3.01702,511,0.996653
E3-Strict-p005,37.0587,20,475,RLPolicy,1,1,0.0384915,1.77406,2.99573,5,4.49474,37,250,3.99618,511,0.957773
E3-Strict-p005,37.06,3,3,RLPolicy,0,0,0,0,2.99573,1,3.9559,35,35,3.89079,511,0.996362
E3-Strict-p005,37.0602,19,15,RLPolicy,1,1,0.0396301,2.85497,2.99573,7,5.54863,222,230,5.12102,511,0.983029
E3-Strict-p005,37.0676,367,367,RLPolicy,0,0,0,0,2.99573,1,4.27259,69,69,4.17053,511,1
E3-Strict-p005,37.0788,307,406,RLPolicy,1,1,0.0753043,2.77259,2.99573,6,3.88036,140,246,3.49515,511,0.997769
E3-Strict-p005,37.0827,210,210,RLPolicy,0,0,0,0,2.99573,1,3.31218,11,11,3.26149,511,0.998884
E3-Strict-p005,37.083,128,18,RLPolicy,1,1,0.0618622,2.77259,2.99573,6,4.63871,233,257,4.23838,511,0.970161
E3-Strict-p005,37.0867,177,177,RLPolicy,0,0,0,0,2.99573,1,3.23539,56,56,3.18451,511,0.98279
E3-Strict-p005,37.0895,45,45,RLPolicy,0,0,0,0,2.99573,1,2.88943,9,9,2.85113,511,0.997769
E3-Strict-p005,37.093,267,267,RLPolicy,0,0,0,0,2.99573,1,4.04405,61,61,3.95504,511,1
E3-Strict-p005,37.0993,46,46,RLPolicy,0,0,0,0,2.99573,1,3.17168,39,39,3.12886,511,0.997357
E3-Strict-p005,37.0997,228,228,RLPolicy,0,0,0,0,2.99573,1,5.11342,1,1,5.05227,511,1
E3-Strict-p005,37.1092,300,300,RLPolicy,0,0,0,0,2.99573,1,9.9836,28,28,9.8888,510,0.998884
E3-Strict-p005,37.1136,43,287,RLPolicy,1,1,0.0291338,2.07944,2.99573,5,4.5401,74,187,4.09838,510,0.958768
E3-Strict-p005,37.1171,196,75,RLPolicy,1,1,0.0606273,2.77259,2.99573,6,5.32349,49,204,4.54482,510,0.993187
E3-Strict-p005,37.1238,102,504,RLPolicy,1,1,0.0519828,2.77259,2.99573,6,3.89428,264,281,3.39706,510,0.969504
E3-Strict-p005,37.1243,254,253,RLPolicy,1,1,0.0714698,2.77259,2.99573,6,3.86384,78,347,3.44306,510,0.997769
E3-Strict-p005,37.1245,346,346,RLPolicy,0,0,0,0,2.99573,1,2.72863,9,9,2.69815,510,1
E3-Strict-p005,37.1347,343,347,RLPolicy,1,1,0.0970343,2.77259,2.99573,6,4.6425,226,250,4.20467,510,0.998884
E3-Strict-p005,37.1394,12,12,RLPolicy,0,0,0,0,2.99573,1,5.24701,62,62,5.16642,510,0.957121
E3-Strict-p005,37.1401,308,308,RLPolicy,0,0,0,0,2.99573,1,3.9232,12,12,3.8547,510,1
E3-Strict-p005,37.1404,158,158,RLPolicy,0,0,0,0,2.99573,1,4.50254,47,47,4.43607,510,0.998884
E3-Strict-p005,37.1406,328,91,RLPolicy,1,1,0.104083,2.77259,2.99573,6,3.53821,129,238,3.16308,510,0.997769
E3-Strict-p005,37.1454,63,63,RLPolicy,0,0,0,0,2.99573,1,3.2024,44,44,3.15888,510,0.994715
E3-Strict-p005,37.1482,234,382,RLPolicy,1,1,0.067036,0.693147,2.99573,3,3.288,0,88,3.13328,510,0.972393
E3-Strict-p005,37.1508,81,81,RLPolicy,0,0,0,0,2.99573,1,4.30236,20,20,4.18558,510,0.987371
E3-Strict-p005,37.1582,250,250,RLPolicy,0,0,0,0,2.99573,1,3.77486,45,45,3.70604,510,1
E3-Strict-p005,37.1626,25,104,RLPolicy,1,1,0.0410293,2.54959,2.99573,7,6.8288,96,438,6.10446,510,0.97469
E3-Strict-p005,37.1632,282,453,RLPolicy,1,1,0.0823683,2.77259,2.99573,6,5.01332,224,320,4.47304,510,0.997769
E3-Strict-p005,37.1672,225,399,RLPolicy,1,1,0.0815403,2.77259,2.99573,6,5.42868,208,235,5.04702,510,0.989721
E3-Strict-p005,37.1722,105,312,RLPolicy,1,1,0.0387148,0.693147,2.99573,3,4.66078,0,133,4.32316,510,0.975977
E3-Strict-p005,37.1961,109,109,RLPolicy,0,0,0,0,2.99573,1,3.51705,29,29,3.46424,510,0.994303
E3-Strict-p005,37.1986,167,272,RLPolicy,1,1,0.0505727,2.77259,2.99573,6,4.76286,46,200,4.14117,510,0.998884
E3-Strict-p005,37.2013,238,238,RLPolicy,0,0,0,0,2.99573,1,2.96051,9,9,2.91258,512,1
E3-Strict-p005,37.2053,76,76,RLPolicy,0,0,0,0,2.99573,1,8.77182,85,85,8.66225,512,0.989721
E3-Strict-p005,37.207,305,213,RLPolicy,1,1,0.0751104,2.77259,2.99573,6,4.29835,44,261,3.61584,512,0.998884
E3-Strict-p005,37.2107,115,514,RLPolicy,1,1,0.0564595,2.77259,2.99573,6,4.14888,191,274,3.66044,512,0.990956
E3-Strict-p005,37.2259,54,125,RLPolicy,1,1,0.0444157,2.07944,2.99573,5,3.80667,15,71,3.45517,512,0.995419
E3-Strict-p005,37.231,275,229,RLPolicy,1,1,0.0749028,2.77259,2.99573,6,4.53775,266,291,4.0583,512,0.993187
E3-Strict-p005,37.2311,342,342,RLPolicy,0,0,0,0,2.99573,1,4.18265,82,82,4.10109,512,1
E3-Strict-p005,37.2315,38,458,RLPolicy,1,1,0.0425276,2.54959,2.99573,7,5.91356,82,471,4.57347,512,0.979855
E3-Strict-p005,37.237,66,66,RLPolicy,0,0,0,0,2.99573,1,3.74424,55,55,3.69525,512,0.990066
E3-Strict-p005,37.242,50,50,RLPolicy,0,0,0,0,2.99573,1,4.63767,85,85,4.55619,512,0.982072
E3-Strict-p005,37.2423,52,468,RLPolicy,1,1,0.0458205,2.77259,2.99573,6,5.76566,103,221,5.19839,512,0.979443
E3-Strict-p005,37.2543,293,122,RLPolicy,1,1,0.0775598,2.77259,2.99573,6,9.67524,246,286,9.05649,512,0.993187
E3-Strict-p005,37.2603,180,285,RLPolicy,1,1,0.00605669,2.95491,2.99573,6,3.85826,164,184,3.54207,512,0.99868
E3-Strict-p005,37.2636,39,248,RLPolicy,1,1,0.0376752,2.07944,2.99573,5,5.23001,36,210,4.8617,512,0.984144
E3-Strict-p005,37.2664,347,75,RLPolicy,1,1,0.0932972,2.77259,2.99573,6,4.23546,206,234,3.76872,512,0.998884
E3-Strict-p005,37.2725,95,488,RLPolicy,1,1,0.0545907,2.77259,2.99573,6,4.63323,280,337,4.13267,512,0.975977
E3-Strict-p005,37.2759,348,348,RLPolicy,0,0,0,0,2.99573,1,3.31331,85,85,3.25581,512,1
E3-Strict-p005,37.2763,281,372,RLPolicy,1,1,0.0835804,2.77259,2.99573,6,5.29008,102,156,4.90609,512,0.997769
E3-Strict-p005,37.28,226,226,RLPolicy,0,0,0,0,2.99573,1,3.60325,10,10,3.5547,512,0.983906
E3-Strict-p005,37.2872,59,272,RLPolicy,1,1,0.0463876,2.77259,2.99573,6,3.90777,45,193,3.63765,512,0.995126
E3-Strict-p005,37.2882,162,162,RLPolicy,0,0,0,0,2.99573,1,3.62956,37,37,3.5845,512,0.994303
E3-Strict-p005,37.3034,339,132,RLPolicy,1,1,0.0938332,2.95491,2.99573,6,4.70174,171,186,4.43482,514,0.999796
E3-Strict-p005,37.3079,114,114,RLPolicy,0,0,0,0,2.99573,1,3.04675,3,3,3.0128,514,1
E3-Strict-p005,37.3116,49,49,RLPolicy,0,0,0,0,2.99573,1,2.93942,11,11,2.87631,514,1
E3-Strict-p005,37.3155,278,494,RLPolicy,1,1,0.0804522,1.77114,2.99573,5,4.58178,21,199,4.04139,514,0.988563
E3-Strict-p005,37.317,68,68,RLPolicy,0,0,0,0,2.99573,1,2.56616,12,12,2.53757,514,0.991182
E3-Strict-p005,37.3184,86,86,RLPolicy,0,0,0,0,2.99573,1,3.02439,11,11,2.95824,5,0.998884
E3-Strict-p005,37.3214,172,172,RLPolicy,0,0,0,0,2.99573,1,3.75298,85,85,3.69677,514,0.98279
E3-Strict-p005,37.3274,269,505,RLPolicy,1,1,0.071251,2.77259,2.99573,6,3.7273,247,291,3.33053,514,0.998884
E3-Strict-p005,37.3299,195,55,RLPolicy,1,1,0.0564387,2.07944,2.99573,5,4.15192,22,193,3.89681,514,0.989721
E3-Strict-p005,37.3387,324,324,RLPolicy,0,0,0,0,2.99573,1,3.63347,47,47,3.57085,514,1
E3-Strict-p005,37.3471,1,26,RLPolicy,1,1,0.0234686,2.07944,2.99573,5,3.4961,47,107,3.05109,514,0.979152
E3-Strict-p005,37.3536,266,125,RLPolicy,1,1,0.0735013,2.46429,2.99573,6,3.8426,220,297,3.33724,514,0.997343
E3-Strict-p005,37.3617,299,299,RLPolicy,0,0,0,0,2.99573,1,5.57479,49,49,5.49657,514,0.998884
E3-Strict-p005,37.3654,7,7,RLPolicy,0,0,0,0,2.99573,1,4.34892,49,49,4.27233,514,0.974104
E3-Strict-p005,37.379,262,132,RLPolicy,1,1,0.0757036,2.77259,2.99573,6,3.90465,141,153,3.52349,514,0.98279
E3-Strict-p005,37.387,204,219,RLPolicy,1,1,0.0690049,2.77259,2.99573,6,6.1634,175,307,5.69433,514,0.988606
E3-Strict-p005,37.3911,8,8,RLPolicy,0,0,0,0,2.99573,1,4.27013,70,70,4.17858,514,1
E3-Strict-p005,37.3993,186,170,RLPolicy,1,1,0.0542781,2.07944,2.99573,5,4.26993,125,272,3.91635,514,0.979443
E3-Strict-p005,37.4143,97,381,RLPolicy,1,1,0.0416153,1.38629,2.99573,4,4.89584,0,212,4.39684,515,0.970161
E3-Strict-p005,37.4152,357,357,RLPolicy,0,0,0,0,2.99573,1,2.91556,8,8,2.8801,515,1
E3-Strict-p005,37.416,17,12,RLPolicy,1,1,0.0068358,2.85497,2.99573,7,3.07716,301,307,2.67669,515,0.993588
E3-Strict-p005,37.4189,103,103,RLPolicy,0,0,0,0,2.99573,1,3.36263,66,66,3.2893,1,0.995419
E3-Strict-p005,37.4203,207,298,RLPolicy,1,1,0.0788073,2.77259,2.99573,6,4.46368,160,179,4.15112,515,0.992071
E3-Strict-p005,37.4255,67,113,RLPolicy,1,1,0.047241,2.77259,2.99573,6,4.31707,148,350,3.99528,515,0.96793
E3-Strict-p005,37.4363,336,510,RLPolicy,1,1,0.0854686,1.77114,2.99573,5,5.04921,38,199,4.53772,515,0.993877
E3-Strict-p005,37.441,311,311,RLPolicy,0,0,0,0,2.99573,1,3.79615,65,65,3.65955,515,1
E3-Strict-p005,37.4445,154,379,RLPolicy,1,1,0.0510887,2.61844,2.99573,6,4.14387,182,238,3.81191,515,0.993996
E3-Strict-p005,37.4481,166,166,RLPolicy,0,0,0,0,2.99573,1,3.56378,41,41,3.50291,515,0.997769
E3-Strict-p005,37.4504,334,467,RLPolicy,1,1,0.0882143,2.77259,2.99573,6,4.40755,55,305,3.87515,515,0.997769
E3-Strict-p005,37.4573,74,74,RLPolicy,0,0,0,0,2.99573,1,4.63166,59,59,4.56574,515,0.987371
E3-Strict-p005,37.4602,65,65,RLPolicy,0,0,0,0,2.99573,1,3.52686,12,12,3.47915,515,0.988487
E3-Strict-p005,37.4684,61,48,RLPolicy,1,1,0.0481461,2.77259,2.99573,6,4.06545,274,288,3.75768,515,0.988606
E3-Strict-p005,37.471,354,459,RLPolicy,1,1,0.0862631,2.77259,2.99573,6,4.45578,150,187,4.04026,515,0.998884
E3-Strict-p005,37.4797,243,167,RLPolicy,1,1,0.0683465,2.07944,2.99573,5,4.10692,92,235,3.65952,515,0.990837
E3-Strict-p005,37.4817,48,47,RLPolicy,1,1,0.04515,2.77259,2.99573,6,5.24521,238,274,4.81667,515,0.981793
E3-Strict-p005,37.4829,374,491,RLPolicy,1,1,0.0907019,2.07944,2.99573,5,3.99614,122,234,3.55507,515,0.995419
E3-Strict-p005,37.485,284,388,RLPolicy,1,1,0.0909526,2.77259,2.99573,6,4.40821,169,183,4.05752,515,0.996653
E3-Strict-p005,37.4918,101,101,RLPolicy,0,0,0,0,2.99573,1,3.66548,21,21,3.6197,515,0.988606
E3-Strict-p005,37.5034,55,390,RLPolicy,1,1,0.0464079,2.31306,2.99573,6,3.98369,131,266,3.52397,518,0.977566
E3-Strict-p005,37.5042,182,116,RLPolicy,1,1,0.064654,2.77259,2.99573,6,3.43842,197,229,3.23241,518,0.997769
E3-Strict-p005,37.5064,271,271,RLPolicy,0,0,0,0,2.99573,1,3.21517,41,41,3.1705,518,1
E3-Strict-p005,37.5071,274,274,RLPolicy,0,0,0,0,2.99573,1,3.84462,41,41,3.79511,518,0.993187
E3-Strict-p005,37.5086,294,491,RLPolicy,1,1,0.0731154,2.07944,2.99573,5,4.61644,79,257,4.01761,518,0.994303
E3-Strict-p005,37.5136,125,222,RLPolicy,1,1,0.0615209,2.77259,2.99573,6,3.9995,268,293,3.62531,518,0.979443
E3-Strict-p005,37.5143,93,93,RLPolicy,0,0,0,0,2.99573,1,3.43144,63,63,3.38054,518,1
E3-Strict-p005,37.5147,53,53,RLPolicy,0,0,0,0,2.99573,1,3.16231,49,49,3.11941,518,0.970161
E3-Strict-p005,37.5167,298,384,RLPolicy,1,1,0.0905619,2.77259,2.99573,6,4.61305,164,181,4.35311,518,0.997769
E3-Strict-p005,37.5226,44,44,RLPolicy,0,0,0,0,2.99573,1,4.11931,43,43,4.0619,518,0.974863
E3-Strict-p005,37.5304,0,510,RLPolicy,1,1,0.0345664,2.46721,2.99573,6,3.70097,223,271,3.49011,518,0.994422
E3-Strict-p005,37.5403,208,208,RLPolicy,0,0,0,0,2.99573,1,3.76105,18,18,3.5859,2,0.990837
E3-Strict-p005,37.5422,118,118,RLPolicy,0,0,0,0,2.99573,1,4.12649,102,102,4.00829,518,0.977093
E3-Strict-p005,37.547,91,39,RLPolicy,1,1,0.0548988,2.77259,2.99573,6,7.66972,284,332,7.14419,518,0.982946
E3-Strict-p005,37.5525,148,148,RLPolicy,0,0,0,0,2.99573,1,3.81267,3,3,3.7187,518,1
E3-Strict-p005,37.5611,373,349,RLPolicy,1,1,0.0928121,2.77259,2.99573,6,4.07688,86,168,3.68959,518,0.998884
E3-Strict-p005,37.5799,175,175,RLPolicy,0,0,0,0,2.99573,1,3.04051,13,13,2.98358,518,0.980478
E3-Strict-p005,37.5806,257,257,RLPolicy,0,0,0,0,2.99573,1,3.4398,48,48,3.38693,518,0.994303
E3-Strict-p005,37.5885,183,87,RLPolicy,1,1,0.0684257,0.693147,2.99573,3,3.44855,0,51,3.24497,518,0.972511
E3-Strict-p005,37.5967,309,69,RLPolicy,1,1,0.076093,2.07944,2.99573,5,3.95425,108,261,3.61057,518,0.994303
E3-Strict-p005,37.6017,351,215,RLPolicy,1,1,0.0911089,0.693147,2.99573,3,3.39996,0,89,3.14914,518,0.988487
E3-Strict-p005,37.6241,320,320,RLPolicy,0,0,0,0,2.99573,1,3.41969,12,12,3.37096,518,0.990066
E3-Strict-p005,37.6286,325,7,RLPolicy,1,1,0.0866002,2.77259,2.99573,6,4.20453,59,311,3.56572,518,0.997769
E3-Strict-p005,37.6356,117,257,RLPolicy,1,1,0.0451974,2.26176,2.99573,5,3.98105,25,122,3.65451,518,0.983702
E3-Strict-p005,37.6357,200,100,RLPolicy,1,1,0.0678275,1.38629,2.99573,4,3.36235,0,143,3.02285,518,0.977093
E3-Strict-p005,37.6516,89,183,RLPolicy,1,1,0.053091,2.77259,2.99573,6,11.4318,173,322,10.9768,518,0.973627
E3-Strict-p005,37.6517,215,12,RLPolicy,1,1,0.0737219,2.77259,2.99573,6,3.44499,172,192,3.25297,518,0.988606
E3-Strict-p005,37.6535,181,181,RLPolicy,0,0,0,0,2.99573,1,4.34568,17,17,4.27199,518,1
E3-Strict-p005,37.6635,170,170,RLPolicy,0,0,0,0,2.99573,1,7.76928,25,25,7.67345,518,0.988606
E3-Strict-p005,37.6645,190,352,RLPolicy,1,1,0.0572236,0.693147,2.99573,3,4.05724,0,115,3.84344,518,0.981674
E3-Strict-p005,37.6715,227,47,RLPolicy,1,1,0.078091,2.77259,2.99573,6,7.91402,167,179,7.54524,518,0.993187
E3-Strict-p005,37.6757,83,83,RLPolicy,0,0,0,0,2.99573,1,7.94482,85,85,7.83573,518,0.972511
E3-Strict-p005,37.6794,203,100,RLPolicy,1,1,0.0606543,1.77114,2.99573,5,5.05472,61,213,4.74653,518,0.992761
E3-Strict-p005,37.6803,60,60,RLPolicy,0,0,0,0,2.99573,1,3.88304,36,36,3.82342,518,0.980147
E3-Strict-p005,37.6869,35,379,RLPolicy,1,1,0.0429008,2.54959,2.99573,7,6.47515,42,411,5.81239,518,0.969458
E3-Strict-p005,37.6932,249,110,RLPolicy,1,1,0.0638221,1.38629,2.99573,4,3.61703,0,63,3.44905,518,0.990837
E3-Strict-p005,37.6973,134,460,RLPolicy,1,1,0.0537508,2.77259,2.99573,6,4.83958,110,119,4.58455,518,0.990837
E3-Strict-p005,37.7002,139,139,RLPolicy,0,0,0,0,2.99573,1,4.04728,42,42,3.99417,522,0.98749
E3-Strict-p005,37.7018,11,120,RLPolicy,1,1,0.0335705,2.07944,2.99573,5,3.34496,9,37,3.15666,522,0.987769
E3-Strict-p005,37.7058,317,317,RLPolicy,0,0,0,0,2.99573,1,4.24143,80,80,4.17468,522,1
E3-Strict-p005,37.7059,244,89,RLPolicy,1,1,0.0637641,2.07944,2.99573,5,3.87143,38,163,3.4234,522,0.98279
E3-Strict-p005,37.7059,213,213,RLPolicy,0,0,0,0,2.99573,1,4.43625,45,45,4.33122,522,0.989721
E3-Strict-p005,37.7128,349,349,RLPolicy,0,0,0,0,2.99573,1,4.12758,53,53,4.07206,522,1
E3-Strict-p005,37.723,150,150,RLPolicy,0,0,0,0,2.99573,1,4.61135,63,63,4.55402,522,0.989721
E3-Strict-p005,37.7244,169,169,RLPolicy,0,0,0,0,2.99573,1,4.36437,57,57,4.28347,522,0.989721
E3-Strict-p005,37.7316,218,439,RLPolicy,1,1,0.0630594,2.07944,2.99573,5,5.02484,55,206,4.46546,522,0.98749
E3-Strict-p005,37.733,116,116,RLPolicy,0,0,0,0,2.99573,1,3.29546,38,38,3.22249,2,0.980558
E3-Strict-p005,37.7398,27,27,RLPolicy,0,0,0,0,2.99573,1,3.44019,63,63,3.39105,522,0.952541
E3-Strict-p005,37.7462,219,219,RLPolicy,0,0,0,0,2.99573,1,3.96734,53,53,3.85555,5,0.989721
E3-Strict-p005,37.7536,333,304,RLPolicy,1,1,0.0867482,2.07944,2.99573,5,4.10738,95,258,3.72369,522,0.994303
E3-Strict-p005,37.7555,330,100,RLPolicy,1,1,0.0875854,1.38629,2.99573,4,4.93508,0,145,4.44135,522,0.991953
E3-Strict-p005,37.7559,319,319,RLPolicy,0,0,0,0,2.99573,1,4.06516,29,29,4.00395,522,1
E3-Strict-p005,37.7595,295,295,RLPolicy,0,0,0,0,2.99573,1,4.60162,58,58,4.5095,522,0.995419
E3-Strict-p005,37.7615,220,322,RLPolicy,1,1,0.064262,2.07944,2.99573,5,4.70869,42,133,4.36704,522,0.989721
E3-Strict-p005,37.767,224,19,RLPolicy,1,1,0.066692,2.07944,2.99573,5,5.60771,78,215,5.10481,522,0.98514
E3-Strict-p005,37.7683,73,187,RLPolicy,1,1,0.045406,2.07944,2.99573,5,5.69655,63,262,5.11827,522,0.975977
E3-Strict-p005,37.7693,82,144,RLPolicy,1,1,0.0525153,2.77259,2.99573,6,5.22032,253,275,4.63382,522,0.98984
E3-Strict-p005,37.774,152,242,RLPolicy,1,1,0.0671895,2.77259,2.99573,6,5.18,138,164,4.94015,522,0.988606
E3-Strict-p005,37.7834,296,296,RLPolicy,0,0,0,0,2.99573,1,5.36835,64,64,5.27627,522,0.994303
E3-Strict-p005,37.7851,340,185,RLPolicy,1,1,0.0848934,2.07944,2.99573,5,5.00359,4,223,4.30967,522,0.995419
E3-Strict-p005,37.7905,223,223,RLPolicy,0,0,0,0,2.99573,1,5.6395,60,60,5.54886,522,0.995419
E3-Strict-p005,37.8064,211,494,RLPolicy,1,1,0.0774136,2.61844,2.99573,6,6.79867,111,313,5.94668,522,0.990875
E3-Strict-p005,37.8082,313,351,RLPolicy,1,1,0.0814686,2.77259,2.99573,6,5.3869,266,308,4.99427,522,0.998884
E3-Strict-p005,37.8227,94,125,RLPolicy,1,1,0.0474013,2.07944,2.99573,5,5.02117,95,246,4.48672,522,0.966388
E3-Strict-p005,37.8236,5,5,RLPolicy,0,0,0,0,2.99573,1,3.62201,65,65,3.56951,522,0.985844
E3-Strict-p005,37.8249,113,113,RLPolicy,0,0,0,0,2.99573,1,5.13737,35,35,5.06401,522,0.972894
E3-Strict-p005,37.8317,198,382,RLPolicy,1,1,0.0635477,2.77259,2.99573,6,3.77676,219,267,3.52142,522,0.992071
E3-Strict-p005,37.8346,92,92,RLPolicy,0,0,0,0,2.99573,1,3.8794,22,22,3.83969,522,1
E3-Strict-p005,37.8457,129,129,RLPolicy,0,0,0,0,2.99573,1,3.33509,21,21,3.28492,522,0.993532
E3-Strict-p005,37.8562,22,379,RLPolicy,1,1,0.0388826,2.46721,2.99573,6,4.7676,198,320,4.02895,522,0.974159
E3-Strict-p005,37.8591,381,184,RLPolicy,1,1,0.0940489,2.07944,2.99573,5,5.5438,32,305,4.91357,522,0.995419
E3-Strict-p005,37.8632,34,70,RLPolicy,1,1,0.0404199,2.26176,2.99573,5,6.17101,79,272,5.41921,522,0.970285
E3-Strict-p005,37.874,292,292,RLPolicy,0,0,0,0,2.99573,1,4.62807,48,48,4.58014,522,1
E3-Strict-p005,37.8742,230,230,RLPolicy,0,0,0,0,2.99573,1,4.13349,9,9,4.02128,522,1
E3-Strict-p005,37.8745,365,69,RLPolicy,1,1,0.0945647,2.54945,2.99573,6,4.1031,261,298,3.62358,522,0.997769
E3-Strict-p005,37.8759,157,113,RLPolicy,1,1,0.0662636,1.77114,2.99573,5,5.08139,26,144,4.61068,522,0.980515
E3-Strict-p005,37.8791,58,216,RLPolicy,1,1,0.0508319,2.46721,2.99573,6,5.40418,270,306,4.9875,522,0.975978
E3-Strict-p005,37.9059,136,451,RLPolicy,1,1,0.0610408,2.07944,2.99573,5,5.27842,93,261,4.93487,522,0.973627
E3-Strict-p005,37.9116,371,371,RLPolicy,0,0,0,0,2.99573,1,4.15819,24,24,4.10884,522,1
E3-Strict-p005,37.9171,236,200,RLPolicy,1,1,0.0688676,2.77259,2.99573,6,4.94171,243,312,4.39948,522,0.988606
E3-Strict-p005,37.9239,372,372,RLPolicy,0,0,0,0,2.99573,1,3.99228,82,82,3.9251,522,1
E3-Strict-p005,37.9265,104,198,RLPolicy,1,1,0.0564748,2.61844,2.99573,6,5.41,238,302,4.83086,522,0.997381
E3-Strict-p005,37.9609,159,159,RLPolicy,0,0,0,0,2.99573,1,4.51165,16,16,4.3338,522,0.997769
E3-Strict-p005,37.9629,246,341,RLPolicy,1,1,0.086546,2.77259,2.99573,6,3.4518,102,116,3.23919,522,0.993187
E3-Strict-p005,37.9697,380,380,RLPolicy,0,0,0,0,2.99573,1,3.21138,13,13,3.17056,522,1
E3-Strict-p005,37.9719,41,248,RLPolicy,1,1,0.0389374,2.46721,2.99573,6,5.54776,48,348,4.82263,522,0.964173
E3-Strict-p005,37.9815,69,365,RLPolicy,1,1,0.0452387,2.77259,2.99573,6,4.58394,228,252,4.14756,522,0.962233
E3-Strict-p005,37.9821,42,304,RLPolicy,1,1,0.038714,1.38629,2.99573,4,4.55446,0,91,4.19377,522,0.979532
E3-Strict-p005,37.9881,239,157,RLPolicy,1,1,0.0793016,2.77259,2.99573,6,4.54956,153,181,4.11728,522,0.993187
E3-Strict-p005,37.9924,199,199,RLPolicy,0,0,0,0,2.99573,1,3.11138,70,70,3.06784,522,0.994303
E3-Strict-p005,38.0027,111,111,RLPolicy,0,0,0,0,2.99573,1,2.9833,84,84,2.92962,1,0.981674
E3-Strict-p005,38.0045,304,87,RLPolicy,1,1,0.0817699,2.07944,2.99573,5,7.61512,58,197,7.18188,525,0.98279
E3-Strict-p005,38.0099,289,289,RLPolicy,0,0,0,0,2.99573,1,7.03562,9,9,6.98587,525,1
E3-Strict-p005,38.0112,194,394,RLPolicy,1,1,0.0750561,2.77259,2.99573,6,4.75407,58,267,4.29557,525,0.989721
E3-Strict-p005,38.0119,30,407,RLPolicy,1,1,0.0398178,1.55106,2.99573,6,3.80562,0,278,3.43166,525,0.971106
E3-Strict-p005,38.0147,240,240,RLPolicy,0,0,0,0,2.99573,1,6.48572,26,26,6.44782,525,0.994303
E3-Strict-p005,38.0153,21,14,RLPolicy,1,1,0.0414616,2.93736,2.99573,8,3.94148,302,321,3.47806,525,0.978539
E3-Strict-p005,38.0171,24,24,RLPolicy,0,0,0,0,2.99573,1,3.35734,41,41,3.30909,525,0.983854
E3-Strict-p005,38.0191,10,128,RLPolicy,1,1,0.0263639,2.77259,2.99573,6,6.92577,106,177,6.56575,525,0.982206
E3-Strict-p005,38.0209,222,386,RLPolicy,1,1,0.0733996,2.77259,2.99573,6,8.63872,240,263,8.26631,525,0.984024
E3-Strict-p005,38.0235,98,98,RLPolicy,0,0,0,0,2.99573,1,5.32991,34,34,5.17497,525,0.989721
E3-Strict-p005,38.0273,2,268,RLPolicy,1,1,0.0404534,2.77259,2.99573,6,4.2224,131,187,3.8633,525,0.993187
E3-Strict-p005,38.0304,362,532,RLPolicy,1,1,0.0887275,1.38629,2.99573,4,6.87457,0,153,6.56572,525,0.991953
E3-Strict-p005,38.0348,4,4,RLPolicy,0,0,0,0,2.99573,1,3.21939,12,12,3.18289,525,0.997357
E3-Strict-p005,38.0396,29,29,RLPolicy,0,0,0,0,2.99573,1,3.82456,32,32,3.77139,525,0.989018
E3-Strict-p005,38.0439,179,439,RLPolicy,1,1,0.0701714,2.77259,2.99573,6,5.00613,212,248,4.53597,525,0.98514
E3-Strict-p005,38.0519,64,64,RLPolicy,0,0,0,0,2.99573,1,4.19493,69,69,4.11175,525,0.992071
E3-Strict-p005,38.0615,366,312,RLPolicy,1,1,0.0919505,1.38629,2.99573,4,7.46568,0,220,6.97102,525,0.991953
E3-Strict-p005,38.0839,191,203,RLPolicy,1,1,0.053735,2.77259,2.99573,6,4.19431,81,333,3.66759,525,0.993187
E3-Strict-p005,38.0842,345,345,RLPolicy,0,0,0,0,2.99573,1,3.94735,56,56,3.89093,525,0.995419
E3-Strict-p005,38.086,270,34,RLPolicy,1,1,0.0719156,2.77259,2.99573,6,4.23887,227,261,3.83887,525,0.997769
E3-Strict-p005,38.0892,188,188,RLPolicy,0,0,0,0,2.99573,1,3.31992,7,7,3.27508,525,1
E3-Strict-p005,38.1025,75,139,RLPolicy,1,1,0.00603717,2.77259,2.99573,6,4.46948,164,180,4.20656,528,0.997769
E3-Strict-p005,38.1025,264,264,RLPolicy,0,0,0,0,2.99573,1,3.2632,22,22,3.21378,528,1
E3-Strict-p005,38.1073,315,315,RLPolicy,0,0,0,0,2.99573,1,7.4156,26,26,7.34506,528,1
E3-Strict-p005,38.1107,216,0,RLPolicy,1,1,0.0531567,0.693147,2.99573,3,3.67095,0,138,3.46817,528,0.974743
E3-Strict-p005,38.1153,107,107,RLPolicy,0,0,0,0,2.99573,1,7.31854,71,71,7.26339,528,0.97243
E3-Strict-p005,38.1207,57,57,RLPolicy,0,0,0,0,2.99573,1,3.23303,11,11,3.1901,528,0.998884
E3-Strict-p005,38.124,221,221,RLPolicy,0,0,0,0,2.99573,1,7.69148,51,51,7.63787,528,0.986256
E3-Strict-p005,38.1459,122,122,RLPolicy,0,0,0,0,2.99573,1,4.5677,62,62,4.45952,528,0.994421
E3-Strict-p005,38.1563,231,144,RLPolicy,1,1,0.0825499,2.77259,2.99573,6,7.01837,244,279,6.59268,528,0.98749
E3-Strict-p005,38.1819,131,131,RLPolicy,0,0,0,0,2.99573,1,4.0525,40,40,3.9768,528,0.98279
E3-Strict-p005,38.1834,31,43,RLPolicy,1,1,0.00681558,2.85497,2.99573,7,4.12919,274,288,3.65108,528,0.992895
E3-Strict-p005,38.1971,233,68,RLPolicy,1,1,0.069428,0.693147,2.99573,3,4.98133,0,75,4.69792,528,0.988487
E3-Strict-p005,38.2105,360,360,RLPolicy,0,0,0,0,2.99573,1,6.76875,11,11,6.71972,529,1
E3-Strict-p005,38.2109,33,33,RLPolicy,0,0,0,0,2.99573,1,3.78458,51,51,3.72963,529,0.97639
E3-Strict-p005,38.2227,335,335,RLPolicy,0,0,0,0,2.99573,1,4.1832,42,42,4.12643,529,1
E3-Strict-p005,38.2356,286,266,RLPolicy,1,1,0.0851832,0.693147,2.99573,3,4.33209,0,80,4.08403,529,0.974743
E3-Strict-p005,38.2357,71,71,RLPolicy,0,0,0,0,2.99573,1,2.78168,12,12,2.74833,529,0.998884
E3-Strict-p005,38.2393,301,301,RLPolicy,0,0,0,0,2.99573,1,8.44434,10,10,8.39056,529,1
E3-Strict-p005,38.2397,174,174,RLPolicy,0,0,0,0,2.99573,1,3.68422,68,68,3.63274,529,0.997769
E3-Strict-p005,38.241,259,259,RLPolicy,0,0,0,0,2.99573,1,3.76671,65,65,3.69313,529,0.998884
E3-Strict-p005,38.2418,70,27,RLPolicy,1,1,0.0493804,2.77259,2.99573,6,3.95983,233,277,3.5296,529,0.98984
E3-Strict-p005,38.2496,285,285,RLPolicy,0,0,0,0,2.99573,1,3.86025,44,44,3.81126,529,0.994303
E3-Strict-p005,38.2502,314,314,RLPolicy,0,0,0,0,2.99573,1,4.83042,35,35,4.65219,529,0.997769
E3-Strict-p005,38.2562,338,475,RLPolicy,1,1,0.0848659,2.07944,2.99573,5,4.5435,36,221,3.68555,529,0.993532
E3-Strict-p005,38.2586,137,392,RLPolicy,1,1,0.0487902,2.77259,2.99573,6,4.05732,218,227,3.48401,529,0.995882
E3-Strict-p005,38.2636,84,479,RLPolicy,1,1,0.0335114,1.38629,2.99573,4,5.2291,0,197,4.75297,529,0.980903
E3-Strict-p005,38.2692,326,326,RLPolicy,0,0,0,0,2.99573,1,3.46273,63,63,3.38424,529,0.995419
E3-Strict-p005,38.2748,185,236,RLPolicy,1,1,0.0515069,0.693147,2.99573,3,3.90541,0,64,3.71059,529,0.971277
E3-Strict-p005,38.2918,142,69,RLPolicy,1,1,0.0548547,2.07944,2.99573,5,4.2402,41,124,3.94705,529,0.986256
E3-Strict-p005,38.2956,359,290,RLPolicy,1,1,0.087059,2.77259,2.99573,6,4.46876,153,259,3.82883,529,0.998884
E3-Strict-p005,38.2992,120,120,RLPolicy,0,0,0,0,2.99573,1,2.63947,10,10,2.57263,5,1
E3-Strict-p005,38.302,87,190,RLPolicy,1,1,0.0405183,2.77259,2.99573,6,5.67452,104,372,4.92517,531,0.984024
E3-Strict-p005,38.3023,242,465,RLPolicy,1,1,0.0639496,2.07944,2.99573,5,3.65939,89,206,3.25053,531,0.987371
E3-Strict-p005,38.3024,255,255,RLPolicy,0,0,0,0,2.99573,1,3.48958,38,38,3.4127,531,1
E3-Strict-p005,38.3053,235,324,RLPolicy,1,1,0.0741232,2.77259,2.99573,6,8.07385,251,274,7.66477,531,0.997769
E3-Strict-p005,38.3133,100,100,RLPolicy,0,0,0,0,2.99573,1,4.98095,22,22,4.8513,531,0.995882
E3-Strict-p005,38.3137,165,467,RLPolicy,1,1,0.0602129,2.07944,2.99573,5,5.30214,84,145,4.84498,531,0.984024
E3-Strict-p005,38.3206,178,532,RLPolicy,1,1,0.0709726,2.77259,2.99573,6,4.32276,160,167,3.96641,531,0.996998
E3-Strict-p005,38.3214,261,261,RLPolicy,0,0,0,0,2.99573,1,3.55716,57,57,3.40514,2,1
E3-Strict-p005,38.3245,23,23,RLPolicy,0,0,0,0,2.99573,1,4.41579,68,68,4.33812,531,0.977841
E3-Strict-p005,38.3289,77,77,RLPolicy,0,0,0,0,2.99573,1,5.25196,58,58,5.1723,531,0.979443
E3-Strict-p005,38.3391,272,500,RLPolicy,1,1,0.0740373,2.61844,2.99573,6,4.23654,145,211,3.84278,531,0.987835
E3-Strict-p005,38.3412,79,384,RLPolicy,1,1,0.0502191,2.77259,2.99573,6,4.03756,161,178,3.70274,531,0.981674
E3-Strict-p005,38.3419,32,340,RLPolicy,1,1,0.0368522,2.46721,2.99573,6,3.61173,99,263,3.11466,531,0.973044
E3-Strict-p005,38.3422,291,291,RLPolicy,0,0,0,0,2.99573,1,4.95469,51,51,4.8588,531,0.997769
E3-Strict-p005,38.3441,37,394,RLPolicy,1,1,0.0396509,2.77259,2.99573,6,3.95909,81,189,3.58386,531,0.990956
E3-Strict-p005,38.3551,189,531,RLPolicy,1,1,0.0572394,2.77259,2.99573,6,4.6528,227,328,4.23955,531,0.98514
E3-Strict-p005,38.3565,390,30,RLPolicy,1,1,0.0961141,2.77259,2.99573,6,4.9733,181,354,4.3704,531,0.998884
E3-Strict-p005,38.3644,187,180,RLPolicy,1,1,0.0541189,2.26176,2.99573,5,4.11269,32,144,3.78103,531,0.978004
E3-Strict-p005,38.3696,140,205,RLPolicy,1,1,0.0377882,2.07944,2.99573,5,4.0618,34,229,3.7723,531,0.974743
E3-Strict-p005,38.3839,356,356,RLPolicy,0,0,0,0,2.99573,1,3.93301,70,70,3.86328,531,1
E3-Strict-p005,38.4018,288,34,RLPolicy,1,1,0.0718422,2.26176,2.99573,5,3.95173,58,175,3.63079,533,0.992983
E3-Strict-p005,38.4023,146,146,RLPolicy,0,0,0,0,2.99573,1,4.61227,3,3,4.36099,533,1
E3-Strict-p005,38.4122,241,241,RLPolicy,0,0,0,0,2.99573,1,6.91743,12,12,6.84474,533,0.988487
E3-Strict-p005,38.4188,112,13,RLPolicy,1,1,0.0549844,2.07944,2.99573,5,6.99948,65,266,6.57782,533,0.958341
E3-Strict-p005,38.4192,337,179,RLPolicy,1,1,0.0881289,2.77259,2.99573,6,3.36438,158,178,3.1813,533,0.994303
E3-Strict-p005,38.42,121,121,RLPolicy,0,0,0,0,2.99573,1,3.00725,5,5,2.97387,533,0.998884
E3-Strict-p005,38.4223,171,491,RLPolicy,1,1,0.056769,2.07944,2.99573,5,5.02659,80,186,4.55402,533,0.989721
E3-Strict-p005,38.4275,353,353,RLPolicy,0,0,0,0,2.99573,1,3.36475,4,4,3.31923,533,1
E3-Strict-p005,38.4309,108,108,RLPolicy,0,0,0,0,2.99573,1,6.78058,48,48,6.7028,533,0.986256
E3-Strict-p005,38.4329,214,533,RLPolicy,1,1,0.0672695,2.77259,2.99573,6,3.83159,224,259,3.45637,533,0.992071
E3-Strict-p005,38.4532,28,28,RLPolicy,0,0,0,0,2.99573,1,3.4611,37,37,3.4159,533,0.962579
E3-Strict-p005,38.4551,256,256,RLPolicy,0,0,0,0,2.99573,1,3.00892,8,8,2.97226,533,1
E3-Strict-p005,38.4579,184,503,RLPolicy,1,1,0.0604585,1.92529,2.99573,5,4.1246,50,169,3.82606,533,0.987409
E3-Strict-p005,38.4648,303,303,RLPolicy,0,0,0,0,2.99573,1,3.75025,11,11,3.69651,533,0.998884
E3-Strict-p005,38.4663,72,72,RLPolicy,0,0,0,0,2.99573,1,3.4464,12,12,3.39729,533,0.992071
E3-Strict-p005,38.4724,258,494,RLPolicy,1,1,0.0636565,2.77259,2.99573,6,4.76444,85,253,4.1181,533,0.997769
E3-Strict-p005,38.4732,133,216,RLPolicy,1,1,0.0504425,2.77259,2.99573,6,5.1716,236,316,4.7609,533,0.986374
E3-Strict-p005,38.4806,85,85,RLPolicy,0,0,0,0,2.99573,1,3.74492,7,7,3.69192,533,0.994303
E3-Strict-p005,38.4809,18,18,RLPolicy,0,0,0,0,2.99573,1,3.5435,65,65,3.49415,533,0.972632
E3-Strict-p005,38.5032,212,154,RLPolicy,1,1,0.051443,2.07944,2.99573,5,3.91987,109,192,3.61032,532,0.994303
E3-Strict-p005,38.5044,6,6,RLPolicy,0,0,0,0,2.99573,1,3.58446,40,40,3.51683,532,0.979449
E3-Strict-p005,38.5086,341,490,RLPolicy,1,1,0.108209,2.77259,2.99573,6,4.29156,35,51,4.00521,532,0.997769
E3-Strict-p005,38.5096,149,149,RLPolicy,0,0,0,0,2.99573,1,4.77786,92,92,4.72479,532,0.974743
E3-Strict-p005,38.5096,106,376,RLPolicy,1,1,0.0550114,2.77259,2.99573,6,4.20378,191,196,3.84662,532,0.990956
E3-Strict-p005,38.5148,78,78,RLPolicy,0,0,0,0,2.99573,1,4.36504,42,42,4.26807,532,1
E3-Strict-p005,38.5169,127,309,RLPolicy,1,1,0.0487129,2.77259,2.99573,6,5.61803,92,315,4.54419,532,0.980558
E3-Strict-p005,38.5273,290,290,RLPolicy,0,0,0,0,2.99573,1,4.25626,70,70,4.18951,532,0.998884
E3-Strict-p005,38.5296,369,501,RLPolicy,1,1,0.10467,2.77259,2.99573,6,4.79497,51,60,4.53186,532,0.998884
E3-Strict-p005,38.5313,124,124,RLPolicy,0,0,0,0,2.99573,1,3.39739,66,66,3.35451,532,0.987371
E3-Strict-p005,38.5552,237,237,RLPolicy,0,0,0,0,2.99573,1,12.8471,40,40,12.7209,532,0.983906
E3-Strict-p005,38.5773,176,176,RLPolicy,0,0,0,0,2.99573,1,8.41871,6,6,8.29463,532,0.98514
E3-Strict-p005,38.5774,361,227,RLPolicy,1,1,0.104228,2.07944,2.99573,5,6.41736,45,117,5.87637,532,0.995419
E3-Strict-p005,38.5787,331,331,RLPolicy,0,0,0,0,2.99573,1,4.62752,76,76,4.50053,532,1
E3-Strict-p005,38.5813,245,300,RLPolicy,1,1,0.0693885,2.77259,2.99573,6,6.00051,219,284,5.24453,532,0.988606
E3-Strict-p005,38.6005,119,18,RLPolicy,1,1,0.0602174,2.77259,2.99573,6,7.97792,261,281,7.22295,534,0.981674
E3-Strict-p005,38.6015,358,358,RLPolicy,0,0,0,0,2.99573,1,4.91184,65,65,4.75383,534,1
E3-Strict-p005,38.6018,383,383,RLPolicy,0,0,0,0,2.99573,1,5.26254,12,12,5.19337,534,1
E3-Strict-p005,38.602,47,47,RLPolicy,0,0,0,0,2.99573,1,6.36276,78,78,6.24185,534,0.985964
E3-Strict-p005,38.6026,13,13,RLPolicy,0,0,0,0,2.99573,1,4.86453,58,58,4.78761,534,0.97223
E3-Strict-p005,38.6047,316,316,RLPolicy,0,0,0,0,2.99573,1,7.39244,47,47,7.324,534,1
E3-Strict-p005,38.6093,145,145,RLPolicy,0,0,0,0,2.99573,1,3.53268,71,71,3.46136,534,0.998884
E3-Strict-p005,38.6113,321,362,RLPolicy,1,1,0.081963,1.38629,2.99573,4,6.23412,0,77,5.92172,534,0.991953
E3-Strict-p005,38.6178,344,344,RLPolicy,0,0,0,0,2.99573,1,3.84483,9,9,3.75674,534,1
E3-Strict-p005,38.6184,306,131,RLPolicy,1,1,0.0886128,2.77259,2.99573,6,8.10892,153,168,7.68545,534,0.998884
E3-Strict-p005,38.6252,364,384,RLPolicy,1,1,0.0926942,1.38629,2.99573,4,4.62287,0,77,4.38249,534,0.991953
E3-Strict-p005,38.635,147,147,RLPolicy,0,0,0,0,2.99573,1,5.21732,71,71,5.12119,534,0.978672
E3-Strict-p005,38.6362,163,163,RLPolicy,0,0,0,0,2.99573,1,6.58808,51,51,6.52878,534,0.990837
E3-Strict-p005,38.6396,379,379,RLPolicy,0,0,0,0,2.99573,1,4.7706,57,57,4.68126,534,1
E3-Strict-p005,38.6521,90,377,RLPolicy,1,1,0.0276919,2.77259,2.99573,6,5.63429,217,224,5.28666,534,0.998884
E3-Strict-p005,38.6569,350,350,RLPolicy,0,0,0,0,2.99573,1,4.05398,54,54,3.95397,534,1
E3-Strict-p005,38.6636,287,287,RLPolicy,0,0,0,0,2.99573,1,4.2369,15,15,4.17847,534,0.994303
E3-Strict-p005,38.6672,273,273,RLPolicy,0,0,0,0,2.99573,1,5.20075,89,89,5.13319,534,0.997769
E3-Strict-p005,38.6834,388,319,RLPolicy,1,1,0.101805,2.77259,2.99573,6,4.07168,134,144,3.81522,534,0.998884
E3-Strict-p005,38.6945,141,141,RLPolicy,0,0,0,0,2.99573,1,3.90706,67,67,3.85025,534,0.995419
E3-Strict-p005,38.6959,192,261,RLPolicy,1,1,0.0746769,2.77259,2.99573,6,3.37157,76,141,2.98896,534,0.994303
E3-Strict-p005,38.6982,268,281,RLPolicy,1,1,0.0665597,2.07944,2.99573,5,4.81596,51,184,4.46427,534,0.98279
E3-Strict-p005,38.7006,202,202,RLPolicy,0,0,0,0,2.99573,1,3.81229,52,52,3.7586,537,0.995537
E3-Strict-p005,38.7033,193,67,RLPolicy,1,1,0.0732786,2.77259,2.99573,6,4.48492,235,258,4.0605,537,0.99288
E3-Strict-p005,38.7076,15,15,RLPolicy,0,0,0,0,2.99573,1,4.64298,13,13,4.53054,5,0.991568
E3-Strict-p005,38.71,36,36,RLPolicy,0,0,0,0,2.99573,1,3.65447,12,12,3.61367,537,0.995126
E3-Strict-p005,38.712,332,394,RLPolicy,1,1,0.0854407,2.77259,2.99573,6,4.80374,181,318,4.01877,537,0.998884
E3-Strict-p005,38.7134,247,293,RLPolicy,1,1,0.0830433,2.77259,2.99573,6,7.02229,168,185,6.5231,537,0.993187
E3-Strict-p005,38.7237,260,241,RLPolicy,1,1,0.0732604,2.07944,2.99573,5,4.54343,82,164,4.13927,537,0.993187
E3-Strict-p005,38.7314,135,172,RLPolicy,1,1,0.0493359,2.77259,2.99573,6,5.13501,115,434,4.47994,537,0.982908
E3-Strict-p005,38.7325,318,318,RLPolicy,0,0,0,0,2.99573,1,3.14197,1,1,3.10412,537,1
E3-Strict-p005,38.7367,327,327,RLPolicy,0,0,0,0,2.99573,1,5.38751,29,29,5.28758,537,0.998884
E3-Strict-p005,38.737,253,472,RLPolicy,1,1,0.0714379,2.77259,2.99573,6,7.55148,91,373,6.90517,537,0.992983
E3-Strict-p005,38.7389,229,229,RLPolicy,0,0,0,0,2.99573,1,5.70429,72,72,5.58994,537,0.998884
E3-Strict-p005,38.7418,251,393,RLPolicy,1,1,0.0600713,0.693147,2.99573,3,5.77138,0,157,5.48682,537,0.977093
E3-Strict-p005,38.7426,156,474,RLPolicy,1,1,0.0646485,2.07944,2.99573,5,5.28572,126,282,4.84804,537,0.982908
E3-Strict-p005,38.7626,277,277,RLPolicy,0,0,0,0,2.99573,1,3.33212,1,1,3.29256,537,1
E3-Strict-p005,38.7677,248,179,RLPolicy,1,1,0.0692728,2.77259,2.99573,6,5.65735,81,305,5.00812,537,0.989759
E3-Strict-p005,38.7705,310,84,RLPolicy,1,1,0.0844795,2.61844,2.99573,6,4.73165,212,241,4.38828,537,0.995111
E3-Strict-p005,38.7751,138,343,RLPolicy,1,1,0.0608761,2.07944,2.99573,5,5.01136,63,223,4.52191,537,0.98514
E3-Strict-p005,38.7786,51,6,RLPolicy,1,1,0.0411449,2.77259,2.99573,6,5.8284,153,158,5.41161,537,0.994303
E3-Strict-p005,38.7823,88,417,RLPolicy,1,1,0.0541733,2.77259,2.99573,6,4.52117,292,310,4.02142,537,0.98514
E3-Strict-p005,38.7841,153,167,RLPolicy,1,1,0.0671174,2.77259,2.99573,6,6.18827,101,321,5.41948,537,0.982908
E3-Strict-p005,38.7907,99,88,RLPolicy,1,1,0.0542043,2.77259,2.99573,6,5.25528,213,233,4.75449,537,0.98514
E3-Strict-p005,38.7911,232,232,RLPolicy,0,0,0,0,2.99573,1,4.87025,60,60,4.80827,537,0.994303
E3-Strict-p005,38.7922,375,375,RLPolicy,0,0,0,0,2.99573,1,4.47837,79,79,4.42898,537,1
E3-Strict-p005,38.7932,394,242,RLPolicy,1,1,0.098561,2.07944,2.99573,5,4.73138,60,245,4.25365,537,0.995419
E3-Strict-p005,38.7963,396,84,RLPolicy,1,1,0.0993483,2.77259,2.99573,6,5.09992,232,265,4.67683,537,0.998884
E3-Strict-p005,38.8035,168,340,RLPolicy,1,1,0.0550984,2.77259,2.99573,6,5.89607,115,267,5.39058,537,0.994421
E3-Strict-p005,38.8131,14,14,RLPolicy,0,0,0,0,2.99573,1,4.56132,25,25,4.46644,537,0.989721
E3-Strict-p005,38.8147,355,489,RLPolicy,1,1,0.0852376,2.07944,2.99573,5,5.59357,21,264,4.70364,537,0.990837
E3-Strict-p005,38.8149,16,16,RLPolicy,0,0,0,0,2.99573,1,4.91798,35,35,4.82735,537,0.983613
E3-Strict-p005,38.8287,9,236,RLPolicy,1,1,0.0343625,2.07944,2.99573,5,4.51868,86,218,4.202,537,0.973043
E3-Strict-p005,38.8317,132,132,RLPolicy,0,0,0,0,2.99573,1,3.79471,16,16,3.74573,537,0.995419
E3-Strict-p005,38.8325,160,160,RLPolicy,0,0,0,0,2.99573,1,7.37588,10,10,7.17146,537,1
E3-Strict-p005,38.8381,130,130,RLPolicy,0,0,0,0,2.99573,1,4.19889,14,14,4.14581,537,0.993187
E3-Strict-p005,38.8432,386,386,RLPolicy,0,0,0,0,2.99573,1,5.38865,53,53,5.32881,537,1
E3-Strict-p005,38.8439,26,26,RLPolicy,0,0,0,0,2.99573,1,4.42796,7,7,4.30782,537,0.998884
E3-Strict-p005,38.8567,197,197,RLPolicy,0,0,0,0,2.99573,1,3.96591,21,21,3.91603,537,0.989721
E3-Strict-p005,38.8608,173,87,RLPolicy,1,1,0.055079,2.07944,2.99573,5,5.23154,26,280,4.60975,537,0.991301
E3-Strict-p005,38.861,297,297,RLPolicy,0,0,0,0,2.99573,1,3.81037,57,57,3.75262,537,0.994766
E3-Strict-p005,38.8702,252,252,RLPolicy,0,0,0,0,2.99573,1,5.08552,66,66,4.9634,537,1
E3-Strict-p005,38.8771,263,263,RLPolicy,0,0,0,0,2.99573,1,4.0226,70,70,3.91719,537,1
E3-Strict-p005,38.8775,352,352,RLPolicy,0,0,0,0,2.99573,1,4.15628,45,45,4.08343,537,1
E3-Strict-p005,38.8776,62,10,RLPolicy,1,1,0.0480661,2.77259,2.99573,6,4.35522,139,246,3.84745,537,0.986786
E3-Strict-p005,38.8782,312,96,RLPolicy,1,1,0.0771057,2.77259,2.99573,6,4.90495,236,242,4.59005,537,0.993187
E3-Strict-p005,38.8788,329,72,RLPolicy,1,1,0.105392,2.77259,2.99573,6,3.82662,98,112,3.56358,537,0.998884
E3-Strict-p005,38.8805,368,368,RLPolicy,0,0,0,0,2.99573,1,3.07626,36,36,3.00952,5,1
E3-Strict-p005,38.8808,144,82,RLPolicy,1,1,0.0621537,2.77259,2.99573,6,4.04787,232,270,3.68275,537,0.993187
E3-Strict-p005,38.8852,217,179,RLPolicy,1,1,0.0586755,2.61844,2.99573,6,4.03268,82,330,3.62596,537,0.985948
E3-Strict-p005,38.8936,126,126,RLPolicy,0,0,0,0,2.99573,1,4.73144,60,60,4.6257,537,0.992071
E3-Strict-p005,38.8989,209,209,RLPolicy,0,0,0,0,2.99573,1,3.72758,4,4,3.64417,537,1
E3-Strict-p005,38.9008,265,533,RLPolicy,1,1,0.0695833,2.77259,2.99573,6,3.6515,264,296,3.3428,538,0.996653
E3-Strict-p005,38.9038,155,155,RLPolicy,0,0,0,0,2.99573,1,6.18996,60,60,6.13546,538,0.981674
E3-Strict-p005,38.9097,80,80,RLPolicy,0,0,0,0,2.99573,1,3.6524,79,79,3.59992,538,0.987371
E3-Strict-p005,38.9114,143,153,RLPolicy,1,1,0.050117,1.92529,2.99573,5,3.86583,44,92,3.55636,538,0.986601
E3-Strict-p005,38.9283,276,276,RLPolicy,0,0,0,0,2.99573,1,3.58176,56,56,3.52905,538,0.991991
E3-Strict-p005,38.9478,161,161,RLPolicy,0,0,0,0,2.99573,1,7.87063,59,59,7.80195,538,0.982828
E3-Strict-p005,38.9601,363,363,RLPolicy,0,0,0,0,2.99573,1,3.33079,9,9,3.28375,538,1
E3-Strict-p005,38.9648,205,535,RLPolicy,1,1,0.0525148,2.07944,2.99573,5,4.02073,82,222,3.65832,538,0.988606
E3-Strict-p005,38.9654,40,419,RLPolicy,1,1,0.0338132,2.46721,2.99573,6,5.36771,234,283,4.91695,538,0.984437
E3-Strict-p005,38.9679,56,56,RLPolicy,0,0,0,0,2.99573,1,3.98938,44,44,3.93272,538,0.98818
E3-Strict-p005,38.9684,96,345,RLPolicy,1,1,0.0545445,2.77259,2.99573,6,4.33953,204,241,4.02016,538,0.989721
E3-Strict-p005,38.9707,302,502,RLPolicy,1,1,0.0782905,2.07944,2.99573,5,5.14089,63,229,4.57311,538,0.994303
E3-Strict-p005,38.9821,370,186,RLPolicy,1,1,0.0941774,2.07944,2.99573,5,4.60443,95,184,4.23533,538,0.995419
E3-Strict-p005,38.9825,151,266,RLPolicy,1,1,0.039922,0.693147,2.99573,3,3.96845,0,127,3.79357,538,0.963386
E3-Strict-p005,38.985,206,85,RLPolicy,1,1,0.0793836,2.77259,2.99573,6,3.65966,118,140,3.42074,538,0.985485
E3-Strict-p005,39.0111,322,322,RLPolicy,0,0,0,0,2.99573,1,4.28442,20,20,4.19463,538,1
E3-Strict-p005,39.0274,110,110,RLPolicy,0,0,0,0,2.99573,1,5.90271,11,11,5.84306,538,0.997909
E3-Strict-p005,39.0317,404,204,RLPolicy,1,1,0.0995446,2.07944,2.99573,5,4.09301,64,230,3.70359,538,0.995419
E3-Strict-p005,39.0415,323,473,RLPolicy,1,1,0.0822531,2.07944,2.99573,5,5.92306,92,263,5.37377,538,0.993187
E3-Strict-p005,39.0461,201,525,RLPolicy,1,1,0.0492522,2.07944,2.99573,5,4.48538,124,218,4.23534,538,0.973627
E3-Strict-p005,39.0479,283,283,RLPolicy,0,0,0,0,2.99573,1,3.15081,65,65,3.11038,538,1
E3-Strict-p005,39.0514,280,280,RLPolicy,0,0,0,0,2.99573,1,3.37642,1,1,3.33774,538,1
E3-Strict-p005,39.0541,123,40,RLPolicy,1,1,0.0492422,2.77259,2.99573,6,5.08719,245,256,4.56859,538,0.995537
E3-Strict-p005,39.0587,20,518,RLPolicy,1,1,0.0400115,2.54959,2.99573,7,5.82503,62,422,5.13895,538,0.955542
E3-Strict-p005,39.06,3,3,RLPolicy,0,0,0,0,2.99573,1,4.19288,41,41,4.09741,5,0.996362
E3-Strict-p005,39.0602,19,505,RLPolicy,1,1,0.0359502,0.775531,2.99573,4,4.27316,0,210,3.81035,538,0.971928
E3-Strict-p005,39.0676,367,367,RLPolicy,0,0,0,0,2.99573,1,3.65758,73,73,3.6045,538,1
E3-Strict-p005,39.0788,307,298,RLPolicy,1,1,0.105459,2.77259,2.99573,6,4.98887,124,133,4.61335,538,0.996653
E3-Strict-p005,39.0827,210,210,RLPolicy,0,0,0,0,2.99573,1,3.62925,11,11,3.57488,538,0.998884
E3-Strict-p005,39.083,128,420,RLPolicy,1,1,0.0594078,2.07944,2.99573,5,4.99295,18,275,4.29491,538,0.96558
E3-Strict-p005,39.0867,177,519,RLPolicy,1,1,0.0568252,2.77259,2.99573,6,5.7589,132,198,5.24864,538,0.981674
E3-Strict-p005,39.0895,45,45,RLPolicy,0,0,0,0,2.99573,1,4.3991,12,12,4.28849,538,0.997769
E3-Strict-p005,39.093,267,115,RLPolicy,1,1,0.0696207,2.77259,2.99573,6,4.24186,174,257,3.72233,538,0.998884
E3-Strict-p005,39.0993,46,372,RLPolicy,1,1,0.0466813,2.85497,2.99573,7,5.10548,279,312,4.57298,538,0.996654
E3-Strict-p005,39.0997,228,228,RLPolicy,0,0,0,0,2.99573,1,3.92924,1,1,3.8696,538,1
E3-Strict-p005,39.1092,300,131,RLPolicy,1,1,0.0904089,2.77259,2.99573,6,4.43161,270,325,3.99244,540,0.997769
E3-Strict-p005,39.1136,43,43,RLPolicy,0,0,0,0,2.99573,1,4.86139,78,78,4.80295,540,0.958768
E3-Strict-p005,39.1171,196,480,RLPolicy,1,1,0.0742788,2.26176,2.99573,5,3.99515,70,129,3.70858,540,0.989517
E3-Strict-p005,39.1238,102,102,RLPolicy,0,0,0,0,2.99573,1,4.52296,46,46,4.39189,540,0.969504
E3-Strict-p005,39.1243,254,270,RLPolicy,1,1,0.0794419,2.77259,2.99573,6,4.68448,244,277,4.32013,540,0.996653
E3-Strict-p005,39.1245,346,245,RLPolicy,1,1,0.098026,2.07944,2.99573,5,3.59577,38,108,3.27606,540,0.995419
E3-Strict-p005,39.1347,343,121,RLPolicy,1,1,0.0870269,2.07944,2.99573,5,4.05887,67,167,3.78441,540,0.994303
E3-Strict-p005,39.1394,12,275,RLPolicy,1,1,0.0370141,2.77259,2.99573,6,4.8361,68,385,4.32639,540,0.956006
E3-Strict-p005,39.1401,308,465,RLPolicy,1,1,0.0847413,2.07944,2.99573,5,6.61611,69,129,6.22795,540,0.995419
E3-Strict-p005,39.1404,158,269,RLPolicy,1,1,0.0494457,0.693147,2.99573,3,4.4908,0,129,4.24746,540,0.987371
E3-Strict-p005,39.1406,328,328,RLPolicy,0,0,0,0,2.99573,1,3.76598,41,41,3.71881,540,0.997769
E3-Strict-p005,39.1454,63,361,RLPolicy,1,1,0.0464037,2.07944,2.99573,5,5.28873,69,206,4.74515,540,0.990133
E3-Strict-p005,39.1482,234,234,RLPolicy,0,0,0,0,2.99573,1,5.45343,38,38,5.32338,540,0.972393
E3-Strict-p005,39.1508,81,88,RLPolicy,1,1,0.0515099,2.77259,2.99573,6,4.03956,148,177,3.73359,540,0.986256
E3-Strict-p005,39.1582,250,87,RLPolicy,1,1,0.0850838,2.77259,2.99573,6,5.02916,230,246,4.68503,540,0.998884
E3-Strict-p005,39.1626,25,177,RLPolicy,1,1,0.0398323,2.16183,2.99573,6,4.5646,36,301,4.13879,540,0.970521
E3-Strict-p005,39.1632,282,414,RLPolicy,1,1,0.0938294,2.77259,2.99573,6,4.60002,268,285,4.09972,540,0.996653
E3-Strict-p005,39.1672,225,276,RLPolicy,1,1,0.0793127,2.07944,2.99573,5,4.53721,80,184,4.27048,540,0.98514
E3-Strict-p005,39.1722,105,63,RLPolicy,1,1,0.0524047,2.07944,2.99573,5,5.99239,37,284,5.40975,540,0.971396
E3-Strict-p005,39.1961,109,87,RLPolicy,1,1,0.0567145,2.77259,2.99573,6,5.14836,160,179,4.88081,540,0.993187
E3-Strict-p005,39.1986,167,272,RLPolicy,1,1,0.0505766,2.77259,2.99573,6,6.04432,54,220,5.39797,540,0.997769
E3-Strict-p005,39.2013,238,238,RLPolicy,0,0,0,0,2.99573,1,4.79605,10,10,4.71563,540,1
E3-Strict-p005,39.2053,76,76,RLPolicy,0,0,0,0,2.99573,1,3.63762,90,90,3.55531,540,0.989721
E3-Strict-p005,39.207,305,305,RLPolicy,0,0,0,0,2.99573,1,5.27406,66,66,5.17826,540,0.998884
E3-Strict-p005,39.2107,115,476,RLPolicy,1,1,0.0588408,2.07944,2.99573,5,5.49436,73,222,4.93949,540,0.986374
E3-Strict-p005,39.2259,54,54,RLPolicy,0,0,0,0,2.99573,1,7.52233,6,6,7.43533,540,0.995419
E3-Strict-p005,39.231,275,515,RLPolicy,1,1,0.0765493,2.77259,2.99573,6,4.9208,45,314,4.27415,540,0.992071
E3-Strict-p005,39.2311,342,342,RLPolicy,0,0,0,0,2.99573,1,4.08122,85,85,4.03125,540,1
E3-Strict-p005,39.2315,38,38,RLPolicy,0,0,0,0,2.99573,1,4.12631,59,59,4.04736,540,0.979855
E3-Strict-p005,39.237,66,218,RLPolicy,1,1,0.0475701,2.07944,2.99573,5,5.64,36,301,5.08137,540,0.985485
E3-Strict-p005,39.242,50,47,RLPolicy,1,1,0.0407426,1.92529,2.99573,5,6.81515,83,219,6.40954,540,0.976719
E3-Strict-p005,39.2423,52,547,RLPolicy,1,1,0.040958,2.77259,2.99573,6,5.07277,190,205,4.72954,540,0.978327
E3-Strict-p005,39.2543,293,293,RLPolicy,0,0,0,0,2.99573,1,3.89638,59,59,3.83282,540,0.993187
E3-Strict-p005,39.2603,180,284,RLPolicy,1,1,0.0714789,2.77259,2.99573,6,4.74554,155,169,4.42292,540,0.997564
E3-Strict-p005,39.2636,39,39,RLPolicy,0,0,0,0,2.99573,1,4.32383,57,57,4.23353,540,0.984144
E3-Strict-p005,39.2664,347,347,RLPolicy,0,0,0,0,2.99573,1,4.66325,33,33,4.54341,540,0.998884
E3-Strict-p005,39.2725,95,183,RLPolicy,1,1,0.042652,2.07944,2.99573,5,6.79331,37,215,6.32909,540,0.971396
E3-Strict-p005,39.2745,395,395,RLPolicy,0,0,0,0,2.99573,1,4.33478,82,82,4.24029,2,1
E3-Strict-p005,39.2759,348,348,RLPolicy,0,0,0,0,2.99573,1,3.9103,88,88,3.8449,540,1
E3-Strict-p005,39.2763,281,281,RLPolicy,0,0,0,0,2.99573,1,3.69005,11,11,3.63878,540,0.997769
E3-Strict-p005,39.28,226,22,RLPolicy,1,1,0.0562502,2.07944,2.99573,5,4.34348,26,106,3.98248,540,0.979324
E3-Strict-p005,39.2872,59,419,RLPolicy,1,1,0.0449031,2.07944,2.99573,5,5.31594,36,155,4.79401,540,0.990544
E3-Strict-p005,39.2882,162,162,RLPolicy,0,0,0,0,2.99573,1,5.34066,34,34,5.25528,540,0.994303
E3-Strict-p005,39.3034,339,339,RLPolicy,0,0,0,0,2.99573,1,4.03418,74,74,3.96616,540,0.999796
E3-Strict-p005,39.3079,114,114,RLPolicy,0,0,0,0,2.99573,1,4.16078,3,3,4.09388,540,1
E3-Strict-p005,39.3116,49,49,RLPolicy,0,0,0,0,2.99573,1,4.90423,12,12,4.80666,540,1
E3-Strict-p005,39.3155,278,538,RLPolicy,1,1,0.0733954,2.07944,2.99573,5,4.4966,55,189,4.2155,540,0.983981
E3-Strict-p005,39.317,68,68,RLPolicy,0,0,0,0,2.99573,1,4.69762,15,15,4.64981,540,0.991182
E3-Strict-p005,39.3184,86,86,RLPolicy,0,0,0,0,2.99573,1,3.60466,13,13,3.55804,540,0.998884
E3-Strict-p005,39.3214,172,172,RLPolicy,0,0,0,0,2.99573,1,5.23518,91,91,5.11491,540,0.98279
E3-Strict-p005,39.3274,269,269,RLPolicy,0,0,0,0,2.99573,1,5.66995,66,66,5.60902,540,0.998884
E3-Strict-p005,39.3299,195,195,RLPolicy,0,0,0,0,2.99573,1,5.81378,66,66,5.75176,540,0.989721
E3-Strict-p005,39.3387,324,324,RLPolicy,0,0,0,0,2.99573,1,4.1825,49,49,4.07658,5,1
E3-Strict-p005,39.3471,1,361,RLPolicy,1,1,0.00556556,2.77259,2.99573,6,4.68899,132,172,4.32459,540,0.978036
E3-Strict-p005,39.3536,266,23,RLPolicy,1,1,0.0698494,0.538997,2.99573,3,5.76012,0,167,5.28784,540,0.985059
E3-Strict-p005,39.3617,299,299,RLPolicy,0,0,0,0,2.99573,1,4.1573,61,61,4.0826,540,0.998884
E3-Strict-p005,39.3654,7,21,RLPolicy,1,1,0.0336526,0.693147,2.99573,3,5.42407,0,97,5.08572,540,0.962591
E3-Strict-p005,39.3721,378,170,RLPolicy,1,1,0.0920044,1.92529,2.99573,5,5.15481,80,231,4.55225,540,0.994648
E3-Strict-p005,39.379,262,404,RLPolicy,1,1,0.0671183,2.77259,2.99573,6,4.78096,203,239,4.39986,540,0.981674
E3-Strict-p005,39.3797,382,382,RLPolicy,0,0,0,0,2.99573,1,5.76777,65,65,5.64438,540,1
E3-Strict-p005,39.387,204,204,RLPolicy,0,0,0,0,2.99573,1,4.44769,76,76,4.39199,540,0.988606
E3-Strict-p005,39.3907,407,90,RLPolicy,1,1,0.11587,2.77259,2.99573,6,4.46705,225,256,4.07549,540,0.998884
E3-Strict-p005,39.3911,8,8,RLPolicy,0,0,0,0,2.99573,1,3.49767,73,73,3.42715,540,1
E3-Strict-p005,39.3993,186,16,RLPolicy,1,1,0.0654474,2.77259,2.99573,6,5.30295,156,237,4.84,540,0.978327
E3-Strict-p005,39.4081,376,339,RLPolicy,1,1,0.0938235,2.77259,2.99573,6,4.21386,284,292,3.77973,541,0.998884
E3-Strict-p005,39.4103,392,392,RLPolicy,0,0,0,0,2.99573,1,5.03294,85,85,4.91963,541,1
E3-Strict-p005,39.4143,97,251,RLPolicy,1,1,0.0439915,2.77259,2.99573,6,4.89791,73,344,4.14,541,0.969046
E3-Strict-p005,39.4152,357,357,RLPolicy,0,0,0,0,2.99573,1,3.28971,8,8,3.25057,541,1
E3-Strict-p005,39.416,17,58,RLPolicy,1,1,0.039416,2.85497,2.99573,7,4.84328,294,301,4.36336,541,0.992885
E3-Strict-p005,39.4189,103,481,RLPolicy,1,1,0.0534943,2.77259,2.99573,6,3.89082,148,248,3.54819,541,0.994303
E3-Strict-p005,39.4203,207,492,RLPolicy,1,1,0.0787995,2.77259,2.99573,6,5.73591,255,320,5.41827,541,0.990956
E3-Strict-p005,39.4255,67,67,RLPolicy,0,0,0,0,2.99573,1,4.87292,59,59,4.7996,541,0.96793
E3-Strict-p005,39.4285,387,387,RLPolicy,0,0,0,0,2.99573,1,5.00595,7,7,4.94444,541,1
E3-Strict-p005,39.4363,336,336,RLPolicy,0,0,0,0,2.99573,1,4.54402,83,83,4.4345,541,0.993877
E3-Strict-p005,39.441,311,491,RLPolicy,1,1,0.0782732,1.38629,2.99573,4,5.94877,0,164,5.41319,541,0.991953
E3-Strict-p005,39.4445,154,488,RLPolicy,1,1,0.0680553,2.77259,2.99573,6,4.15127,67,205,3.77236,541,0.99288
E3-Strict-p005,39.4481,166,166,RLPolicy,0,0,0,0,2.99573,1,4.98207,46,46,4.88208,541,0.997769
E3-Strict-p005,39.4504,334,292,RLPolicy,1,1,0.0825935,2.77259,2.99573,6,5.14602,263,284,4.7831,541,0.996653
E3-Strict-p005,39.4573,74,226,RLPolicy,1,1,0.0360184,2.07944,2.99573,5,4.40183,81,177,4.07825,541,0.98279
E3-Strict-p005,39.4602,65,65,RLPolicy,0,0,0,0,2.99573,1,4.61365,15,15,4.5534,541,0.988487
E3-Strict-p005,39.4684,61,10,RLPolicy,1,1,0.0462588,2.77259,2.99573,6,4.92175,174,186,4.56226,541,0.98749
E3-Strict-p005,39.471,354,79,RLPolicy,1,1,0.105806,1.38629,2.99573,4,5.01139,0,110,4.68667,541,0.990837
E3-Strict-p005,39.4797,243,243,RLPolicy,0,0,0,0,2.99573,1,4.67044,73,73,4.53152,541,0.990837
E3-Strict-p005,39.4817,48,497,RLPolicy,1,1,0.0430308,2.07944,2.99573,5,4.84566,97,262,4.28273,541,0.977211
E3-Strict-p005,39.4827,393,224,RLPolicy,1,1,0.0951427,2.07944,2.99573,5,5.53443,34,224,4.93284,541,0.995419
E3-Strict-p005,39.4829,374,69,RLPolicy,1,1,0.0918869,2.77259,2.99573,6,4.28479,234,325,3.82717,541,0.994303
E3-Strict-p005,39.485,284,284,RLPolicy,0,0,0,0,2.99573,1,5.35403,56,56,5.26735,541,0.996653
E3-Strict-p005,39.4889,403,193,RLPolicy,1,1,0.115965,2.77259,2.99573,6,4.37638,211,226,4.07135,541,0.998884
E3-Strict-p005,39.4918,101,101,RLPolicy,0,0,0,0,2.99573,1,5.36078,21,21,5.29987,541,0.988606
E3-Strict-p005,39.4926,408,169,RLPolicy,1,1,0.100135,2.77259,2.99573,6,4.73011,87,359,4.05605,541,0.998884
E3-Strict-p005,39.5034,55,55,RLPolicy,0,0,0,0,2.99573,1,6.95637,29,29,6.86433,541,0.977566
E3-Strict-p005,39.5042,182,182,RLPolicy,0,0,0,0,2.99573,1,3.88998,71,71,3.80214,2,0.997769
E3-Strict-p005,39.5064,271,446,RLPolicy,1,1,0.0699021,2.07944,2.99573,5,5.72512,92,265,5.08861,541,0.995419
E3-Strict-p005,39.5071,274,348,RLPolicy,1,1,0.0692911,2.77259,2.99573,6,5.40146,171,207,5.03556,541,0.992071
E3-Strict-p005,39.5086,294,450,RLPolicy,1,1,0.0802006,2.07944,2.99573,5,4.42892,91,206,4.12635,541,0.989721
E3-Strict-p005,39.5136,125,125,RLPolicy,0,0,0,0,2.99573,1,4.49364,58,58,4.41568,541,0.979443
E3-Strict-p005,39.5143,93,138,RLPolicy,1,1,0.0540268,2.77259,2.99573,6,4.83818,230,263,4.36463,541,0.998884
E3-Strict-p005,39.5147,53,53,RLPolicy,0,0,0,0,2.99573,1,3.65154,65,65,3.56793,541,0.970161
E3-Strict-p005,39.5167,298,298,RLPolicy,0,0,0,0,2.99573,1,4.84516,64,64,4.74503,541,0.997769
E3-Strict-p005,39.5226,44,7,RLPolicy,1,1,0.037701,2.46721,2.99573,6,4.57686,124,186,4.27469,541,0.97222
E3-Strict-p005,39.5304,0,0,RLPolicy,0,0,0,0,2.99573,1,4.82398,74,74,4.73866,541,0.994422
E3-Strict-p005,39.5403,208,208,RLPolicy,0,0,0,0,2.99573,1,3.80736,18,18,3.74566,541,0.990837
E3-Strict-p005,39.5422,118,118,RLPolicy,0,0,0,0,2.99573,1,5.20842,110,110,5.10723,541,0.977093
E3-Strict-p005,39.547,91,393,RLPolicy,1,1,0.0389392,0.693147,2.99573,3,3.98715,0,144,3.74428,541,0.971433
E3-Strict-p005,39.5486,398,197,RLPolicy,1,1,0.113084,2.95491,2.99573,6,4.73041,206,226,4.43797,541,0.999796
E3-Strict-p005,39.5525,148,148,RLPolicy,0,0,0,0,2.99573,1,3.25583,3,3,3.21699,541,1
E3-Strict-p005,39.5611,373,373,RLPolicy,0,0,0,0,2.99573,1,3.56772,23,23,3.52044,541,0.998884
E3-Strict-p005,39.5799,175,386,RLPolicy,1,1,0.0617394,2.61844,2.99573,6,4.75426,129,135,4.50095,541,0.978591
E3-Strict-p005,39.5806,257,234,RLPolicy,1,1,0.0699248,0.693147,2.99573,3,5.45137,0,126,5.18189,541,0.98279
E3-Strict-p005,39.5885,183,2,RLPolicy,0,0,0.06902,0.693147,2.99573,2,5.48418,51,81,5.30738,541,0.972511
E3-Strict-p005,39.591,377,377,RLPolicy,0,0,0,0,2.99573,1,4.97886,66,66,4.90738,541,1
E3-Strict-p005,39.5967,309,359,RLPolicy,1,1,0.0774586,2.77259,2.99573,6,5.673,93,361,5.00225,541,0.993187
E3-Strict-p005,39.6017,351,296,RLPolicy,1,1,0.0849865,2.77259,2.99573,6,3.58665,210,262,3.18517,544,0.987371
E3-Strict-p005,39.6193,384,384,RLPolicy,0,0,0,0,2.99573,1,5.01258,58,58,4.94803,544,1
E3-Strict-p005,39.6241,320,320,RLPolicy,0,0,0,0,2.99573,1,4.39034,12,12,4.29186,544,0.990066
E3-Strict-p005,39.6286,325,39,RLPolicy,1,1,0.0848131,2.77259,2.99573,6,5.24082,222,352,4.74323,544,0.996653
E3-Strict-p005,39.6356,117,442,RLPolicy,1,1,0.0598092,2.77259,2.99573,6,8.89379,150,192,8.47936,544,0.982586
E3-Strict-p005,39.6357,200,200,RLPolicy,0,0,0,0,2.99573,1,3.93899,55,55,3.87391,544,0.977093
E3-Strict-p005,39.6516,89,329,RLPolicy,1,1,0.00607706,2.61844,2.99573,6,4.52301,267,282,3.95047,544,0.971741
E3-Strict-p005,39.6517,215,215,RLPolicy,0,0,0,0,2.99573,1,8.54147,9,9,8.46264,544,0.988606
E3-Strict-p005,39.6535,181,412,RLPolicy,1,1,0.0684146,2.77259,2.99573,6,4.61982,129,140,4.27675,544,0.998884
E3-Strict-p005,39.6635,170,170,RLPolicy,0,0,0,0,2.99573,1,4.38479,21,21,4.27497,544,0.988606
E3-Strict-p005,39.6645,190,190,RLPolicy,0,0,0,0,2.99573,1,5.15392,60,60,5.07486,544,0.981674
E3-Strict-p005,39.6715,227,179,RLPolicy,1,1,0.0674471,2.61844,2.99573,6,4.97545,104,333,4.28084,544,0.991301
E3-Strict-p005,39.6757,83,26,RLPolicy,1,1,0.00669826,2.77259,2.99573,6,4.92896,249,267,4.60222,544,0.971396
E3-Strict-p005,39.6794,203,253,RLPolicy,1,1,0.0761952,2.77259,2.99573,6,5.64887,274,297,5.20692,544,0.991646
E3-Strict-p005,39.68,397,397,RLPolicy,0,0,0,0,2.99573,1,4.61137,59,59,4.52858,544,1
E3-Strict-p005,39.6803,60,322,RLPolicy,1,1,0.0400248,1.23214,2.99573,4,5.3312,0,70,4.90739,544,0.971329
E3-Strict-p005,39.6869,35,497,RLPolicy,1,1,0.0410572,2.07944,2.99573,5,4.91566,32,181,4.52188,544,0.964877
E3-Strict-p005,39.6932,249,446,RLPolicy,1,1,0.0698216,2.77259,2.99573,6,4.73431,98,212,4.09857,544,0.989721
E3-Strict-p005,39.6973,134,106,RLPolicy,1,1,0.0606731,2.77259,2.99573,6,3.59328,113,122,3.36281,544,0.989721
E3-Strict-p005,39.7002,139,139,RLPolicy,0,0,0,0,2.99573,1,3.97629,47,47,3.90989,544,0.98749
E3-Strict-p005,39.7018,11,62,RLPolicy,1,1,0.00723294,2.53652,2.99573,7,3.79901,172,226,3.42851,544,0.985473
E3-Strict-p005,39.7058,317,260,RLPolicy,1,1,0.0819823,2.77259,2.99573,6,5.40109,212,221,5.03848,544,0.998884
E3-Strict-p005,39.7059,244,244,RLPolicy,0,0,0,0,2.99573,1,4.23814,62,62,4.18192,544,0.98279
E3-Strict-p005,39.7059,213,423,RLPolicy,1,1,0.0768323,1.77114,2.99573,5,5.08457,31,159,4.54789,544,0.983598
E3-Strict-p005,39.7128,349,182,RLPolicy,1,1,0.0972137,2.77259,2.99573,6,4.3695,198,206,4.00444,544,0.998884
E3-Strict-p005,39.723,150,150,RLPolicy,0,0,0,0,2.99573,1,4.0666,65,65,4.00218,544,0.989721
E3-Strict-p005,39.7244,169,169,RLPolicy,0,0,0,0,2.99573,1,5.08801,77,77,5.01451,544,0.989721
E3-Strict-p005,39.7316,218,267,RLPolicy,1,1,0.0630625,2.77259,2.99573,6,5.08541,210,283,4.79258,544,0.986374
E3-Strict-p005,39.733,116,557,RLPolicy,1,1,0.0577535,2.07944,2.99573,5,5.20821,58,180,4.83649,544,0.975977
E3-Strict-p005,39.7398,27,196,RLPolicy,1,1,0.0407814,2.54959,2.99573,7,5.78489,298,352,5.19641,544,0.95031
E3-Strict-p005,39.7462,219,219,RLPolicy,0,0,0,0,2.99573,1,4.06878,57,57,4.00433,544,0.989721
E3-Strict-p005,39.7536,333,205,RLPolicy,1,1,0.0913378,2.07944,2.99573,5,5.64983,12,216,5.17334,544,0.989721
E3-Strict-p005,39.7555,330,88,RLPolicy,1,1,0.0799226,2.77259,2.99573,6,5.62018,235,277,5.14591,544,0.990837
E3-Strict-p005,39.7559,319,319,RLPolicy,0,0,0,0,2.99573,1,5.08627,29,29,4.99737,544,1
E3-Strict-p005,39.7595,295,295,RLPolicy,0,0,0,0,2.99573,1,4.46723,66,66,4.39283,544,0.995419
E3-Strict-p005,39.7615,220,211,RLPolicy,1,1,0.0663391,2.07944,2.99573,5,5.09883,1,224,4.6713,544,0.98514
E3-Strict-p005,39.767,224,416,RLPolicy,1,1,0.0698634,2.77259,2.99573,6,4.90602,164,282,4.29959,544,0.984024
E3-Strict-p005,39.7683,73,257,RLPolicy,1,1,0.0385477,2.77259,2.99573,6,4.98418,39,331,4.51745,544,0.974861
E3-Strict-p005,39.7693,82,82,RLPolicy,0,0,0,0,2.99573,1,4.68299,84,84,4.60447,544,0.98984
E3-Strict-p005,39.774,152,135,RLPolicy,1,1,0.0671851,2.77259,2.99573,6,4.15095,144,189,3.94612,544,0.98749
E3-Strict-p005,39.7834,296,296,RLPolicy,0,0,0,0,2.99573,1,4.68226,67,67,4.61966,544,0.994303
E3-Strict-p005,39.7851,340,340,RLPolicy,0,0,0,0,2.99573,1,4.83199,82,82,4.72994,544,0.995419
E3-Strict-p005,39.7905,223,223,RLPolicy,0,0,0,0,2.99573,1,3.87946,64,64,3.81033,544,0.995419
E3-Strict-p005,39.793,401,271,RLPolicy,1,1,0.108206,2.77259,2.99573,6,4.71223,280,304,4.29046,544,0.998884
E3-Strict-p005,39.7957,405,405,RLPolicy,0,0,0,0,2.99573,1,4.1335,56,56,4.04117,544,1
E3-Strict-p005,39.8064,211,211,RLPolicy,0,0,0,0,2.99573,1,3.35064,40,40,3.28561,5,0.990875
E3-Strict-p005,39.8082,313,385,RLPolicy,1,1,0.101946,2.77259,2.99573,6,4.06182,268,288,3.6635,545,0.997769
E3-Strict-p005,39.8227,94,347,RLPolicy,1,1,0.0511895,1.38629,2.99573,4,4.04851,0,189,3.67564,545,0.958341
E3-Strict-p005,39.8236,5,128,RLPolicy,1,1,0.0355472,2.77259,2.99573,6,5.14702,228,269,4.53952,545,0.984729
E3-Strict-p005,39.8249,113,166,RLPolicy,1,1,0.0548369,2.77259,2.99573,6,5.41968,168,181,5.04602,545,0.971778
E3-Strict-p005,39.8317,198,198,RLPolicy,0,0,0,0,2.99573,1,4.38846,39,39,4.32934,545,0.992071
E3-Strict-p005,39.8346,92,92,RLPolicy,0,0,0,0,2.99573,1,3.58942,25,25,3.54432,545,1
E3-Strict-p005,39.8457,129,129,RLPolicy,0,0,0,0,2.99573,1,6.39536,23,23,6.33623,545,0.993532
E3-Strict-p005,39.8562,22,476,RLPolicy,1,1,0.0380519,2.54959,2.99573,7,6.11066,322,365,5.60515,545,0.971928
E3-Strict-p005,39.8591,381,556,RLPolicy,1,1,0.112586,2.77259,2.99573,6,4.34056,317,326,3.93274,545,0.994303
E3-Strict-p005,39.8632,34,34,RLPolicy,0,0,0,0,2.99573,1,4.22048,106,106,4.16285,545,0.970285
E3-Strict-p005,39.874,292,292,RLPolicy,0,0,0,0,2.99573,1,3.53101,59,59,3.48549,545,1
E3-Strict-p005,39.8742,230,230,RLPolicy,0,0,0,0,2.99573,1,3.41117,10,10,3.36633,545,1
E3-Strict-p005,39.8745,365,365,RLPolicy,0,0,0,0,2.99573,1,4.86893,28,28,4.76856,545,0.997769
E3-Strict-p005,39.8759,157,91,RLPolicy,1,1,0.0674527,2.61844,2.99573,6,4.99796,126,264,4.42806,545,0.978629
E3-Strict-p005,39.8791,58,86,RLPolicy,1,1,0.00623671,2.77259,2.99573,6,5.336,244,251,5.00877,545,0.974862
E3-Strict-p005,39.9059,136,225,RLPolicy,1,1,0.0619229,2.07944,2.99573,5,6.49576,73,181,6.0986,548,0.969046
E3-Strict-p005,39.9116,371,371,RLPolicy,0,0,0,0,2.99573,1,4.05096,28,28,3.99522,548,1
E3-Strict-p005,39.9171,236,432,RLPolicy,1,1,0.0584895,2.07944,2.99573,5,4.95504,112,317,4.50248,548,0.984024
E3-Strict-p005,39.9239,372,328,RLPolicy,1,1,0.0928614,1.38629,2.99573,4,4.93694,0,169,4.56378,548,0.991953
E3-Strict-p005,39.9265,104,104,RLPolicy,0,0,0,0,2.99573,1,4.51088,79,79,4.44567,548,0.997381
E3-Strict-p005,39.9609,159,159,RLPolicy,0,0,0,0,2.99573,1,4.13139,20,20,4.06984,548,0.997769
E3-Strict-p005,39.9629,246,246,RLPolicy,0,0,0,0,2.99573,1,4.64856,64,64,4.58398,548,0.993187
E3-Strict-p005,39.963,385,333,RLPolicy,1,1,0.0973371,2.07944,2.99573,5,4.74654,93,237,4.2049,548,0.995419
E3-Strict-p005,39.9697,380,380,RLPolicy,0,0,0,0,2.99573,1,3.8905,14,14,3.84369,548,1
E3-Strict-p005,39.9719,41,401,RLPolicy,1,1,0.0396298,2.46721,2.99573,6,4.67952,138,336,4.16746,548,0.96153
E3-Strict-p005,39.9815,69,69,RLPolicy,0,0,0,0,2.99573,1,4.43556,60,60,4.34248,2,0.962233
E3-Strict-p005,39.9821,42,42,RLPolicy,0,0,0,0,2.99573,1,3.71071,27,27,3.66379,548,0.979532
E3-Strict-p005,39.9881,239,239,RLPolicy,0,0,0,0,2.99573,1,3.47645,21,21,3.43877,548,0.993187
E3-Strict-p005,39.9924,199,199,RLPolicy,0,0,0,0,2.99573,1,4.48636,71,71,4.41328,548,0.994303
E3-Strict-p005,40.0027,111,111,RLPolicy,0,0,0,0,2.99573,1,5.27556,85,85,5.17191,549,0.981674
E3-Strict-p005,40.0045,304,364,RLPolicy,1,1,0.0954425,0.693147,2.99573,3,4.84064,0,83,4.66077,549,0.971277
E3-Strict-p005,40.0099,289,289,RLPolicy,0,0,0,0,2.99573,1,3.19678,9,9,3.15576,549,1
E3-Strict-p005,40.0112,194,258,RLPolicy,1,1,0.0732902,1.38629,2.99573,4,5.91006,0,184,5.43541,549,0.981674
E3-Strict-p005,40.0119,30,218,RLPolicy,1,1,0.0445657,2.93736,2.99573,8,5.63798,115,507,4.76093,549,0.970814
E3-Strict-p005,40.0147,240,284,RLPolicy,1,1,0.0847106,2.77259,2.99573,6,3.96935,160,178,3.75001,549,0.993187
E3-Strict-p005,40.0153,21,246,RLPolicy,1,1,0.00634287,2.77259,2.99573,6,5.413,258,281,5.05631,549,0.977424
E3-Strict-p005,40.0171,24,24,RLPolicy,0,0,0,0,2.99573,1,4.61962,46,46,4.56607,549,0.983854
E3-Strict-p005,40.0191,10,199,RLPolicy,1,1,0.00607219,2.77259,2.99573,6,4.35771,146,153,4.10553,549,0.98109
E3-Strict-p005,40.0209,222,312,RLPolicy,1,1,0.0541776,1.38629,2.99573,4,3.68522,0,182,3.3622,549,0.975977
E3-Strict-p005,40.0235,98,98,RLPolicy,0,0,0,0,2.99573,1,3.75857,40,40,3.70267,549,0.989721
E3-Strict-p005,40.0273,2,2,RLPolicy,0,0,0,0,2.99573,1,5.61104,53,53,5.52207,549,0.993187
E3-Strict-p005,40.0304,362,195,RLPolicy,1,1,0.091874,2.77259,2.99573,6,3.98676,239,267,3.69125,549,0.990837
E3-Strict-p005,40.0348,4,4,RLPolicy,0,0,0,0,2.99573,1,4.44108,17,17,4.3431,549,0.997357
E3-Strict-p005,40.0396,29,10,RLPolicy,1,1,0.0138173,2.77259,2.99573,6,5.40085,128,138,5.03982,549,0.987903
E3-Strict-p005,40.0439,179,461,RLPolicy,1,1,0.0551343,1.38629,2.99573,4,6.22528,0,209,5.78903,549,0.977093
E3-Strict-p005,40.0519,64,64,RLPolicy,0,0,0,0,2.99573,1,5.5823,70,70,5.48741,549,0.992071
E3-Strict-p005,40.0615,366,366,RLPolicy,0,0,0,0,2.99573,1,4.19031,79,79,4.13147,549,0.991953
E3-Strict-p005,40.0839,191,191,RLPolicy,0,0,0,0,2.99573,1,6.016,70,70,5.94184,549,0.993187
E3-Strict-p005,40.0842,345,9,RLPolicy,1,1,0.0861189,2.77259,2.99573,6,7.75136,133,231,7.19353,549,0.994303
E3-Strict-p005,40.086,270,103,RLPolicy,1,1,0.0710035,2.07944,2.99573,5,5.31079,12,249,4.72818,549,0.993187
E3-Strict-p005,40.0887,391,391,RLPolicy,0,0,0,0,2.99573,1,4.45626,63,63,4.40282,549,1
E3-Strict-p005,40.0892,188,188,RLPolicy,0,0,0,0,2.99573,1,4.2602,7,7,4.209,549,1
E3-Strict-p005,40.1025,75,27,RLPolicy,1,1,0.0406531,2.07944,2.99573,5,4.74918,116,255,4.28472,551,0.993187
E3-Strict-p005,40.1025,264,149,RLPolicy,1,1,0.0682957,2.77259,2.99573,6,4.89153,197,222,4.25492,551,0.998884
E3-Strict-p005,40.1073,315,37,RLPolicy,1,1,0.0976818,2.77259,2.99573,6,4.27982,162,187,3.90303,551,0.998884
E3-Strict-p005,40.1107,216,216,RLPolicy,0,0,0,0,2.99573,1,10.9714,69,69,10.8846,1,0.974743
E3-Strict-p005,40.1131,399,190,RLPolicy,1,1,0.098075,2.77259,2.99573,6,5.46608,115,347,4.71618,551,0.998884
E3-Strict-p005,40.1153,107,380,RLPolicy,1,1,0.00622369,2.77259,2.99573,6,5.08195,249,256,4.72482,551,0.971315
E3-Strict-p005,40.1207,57,57,RLPolicy,0,0,0,0,2.99573,1,5.96961,11,11,5.8141,551,0.998884
E3-Strict-p005,40.124,221,269,RLPolicy,1,1,0.0812013,2.77259,2.99573,6,4.50583,202,218,4.20891,551,0.98514
E3-Strict-p005,40.1459,122,122,RLPolicy,0,0,0,0,2.99573,1,5.92289,64,64,5.86226,551,0.994421
E3-Strict-p005,40.1563,231,0,RLPolicy,1,1,0.0825481,2.77259,2.99573,6,5.56484,267,296,5.00766,551,0.986374
E3-Strict-p005,40.1683,389,389,RLPolicy,0,0,0,0,2.99573,1,3.96618,11,11,3.91497,551,1
E3-Strict-p005,40.1819,131,131,RLPolicy,0,0,0,0,2.99573,1,5.69394,40,40,5.62484,551,0.98279
E3-Strict-p005,40.1834,31,312,RLPolicy,1,1,0.0338499,1.08091,2.99573,4,5.41408,0,175,4.86808,551,0.983321
E3-Strict-p005,40.1971,233,205,RLPolicy,1,1,0.0589045,2.07944,2.99573,5,4.26275,38,261,3.70995,551,0.983906
E3-Strict-p005,40.2054,412,312,RLPolicy,1,1,0.0994864,2.07944,2.99573,5,5.32186,80,275,4.83428,554,0.995419
E3-Strict-p005,40.2105,360,360,RLPolicy,0,0,0,0,2.99573,1,3.58776,13,13,3.54378,554,1
E3-Strict-p005,40.2109,33,463,RLPolicy,1,1,0.0472213,2.93736,2.99573,8,11.3889,407,428,11.0369,554,0.976099
E3-Strict-p005,40.2227,335,191,RLPolicy,1,1,0.0869941,2.77259,2.99573,6,7.66025,226,266,7.20334,554,0.998884
E3-Strict-p005,40.2356,286,286,RLPolicy,0,0,0,0,2.99573,1,4.79721,21,21,4.74204,554,0.974743
E3-Strict-p005,40.2357,71,71,RLPolicy,0,0,0,0,2.99573,1,5.15473,14,14,5.0846,554,0.998884
E3-Strict-p005,40.2393,301,301,RLPolicy,0,0,0,0,2.99573,1,3.33527,13,13,3.28976,554,1
E3-Strict-p005,40.2397,174,153,RLPolicy,1,1,0.0572166,2.77259,2.99573,6,6.16035,234,245,5.63786,554,0.996653
E3-Strict-p005,40.241,259,259,RLPolicy,0,0,0,0,2.99573,1,4.12269,66,66,4.06049,554,0.998884
E3-Strict-p005,40.2418,70,118,RLPolicy,1,1,0.04485,2.77259,2.99573,6,5.74879,131,313,5.33928,554,0.988724
E3-Strict-p005,40.2496,285,538,RLPolicy,1,1,0.0730194,2.07944,2.99573,5,5.34482,95,206,4.92679,554,0.989721
E3-Strict-p005,40.2502,314,253,RLPolicy,1,1,0.0793612,2.77259,2.99573,6,5.15072,108,333,4.53822,554,0.996653
E3-Strict-p005,40.2562,338,96,RLPolicy,1,1,0.0867838,2.77259,2.99573,6,5.89384,228,335,4.94206,554,0.992416
E3-Strict-p005,40.2586,137,137,RLPolicy,0,0,0,0,2.99573,1,4.42535,14,14,4.3672,554,0.995882
E3-Strict-p005,40.2636,84,90,RLPolicy,1,1,0.0467443,2.07944,2.99573,5,5.14012,126,184,4.78581,554,0.976322
E3-Strict-p005,40.2692,326,275,RLPolicy,1,1,0.084671,2.77259,2.99573,6,5.30348,250,286,4.66112,554,0.994303
E3-Strict-p005,40.2748,185,185,RLPolicy,0,0,0,0,2.99573,1,5.09632,47,47,5.01968,554,0.971277
E3-Strict-p005,40.2918,142,540,RLPolicy,1,1,0.0543952,2.77259,2.99573,6,8.50298,144,251,8.00235,554,0.98514
E3-Strict-p005,40.2956,359,561,RLPolicy,1,1,0.0858904,2.07944,2.99573,5,4.77332,54,158,4.5405,554,0.994303
E3-Strict-p005,40.2992,120,120,RLPolicy,0,0,0,0,2.99573,1,4.22544,12,12,4.15406,554,1
E3-Strict-p005,40.302,87,207,RLPolicy,1,1,0.0536215,2.77259,2.99573,6,4.60821,27,262,4.0972,555,0.982908
E3-Strict-p005,40.3023,242,557,RLPolicy,1,1,0.061242,2.07944,2.99573,5,5.43655,95,223,4.9565,555,0.98279
E3-Strict-p005,40.3024,255,347,RLPolicy,1,1,0.0671024,1.38629,2.99573,4,5.24587,0,108,4.79743,555,0.991953
E3-Strict-p005,40.3053,235,518,RLPolicy,1,1,0.0619437,2.77259,2.99573,6,5.52581,135,352,5.07156,555,0.996653
E3-Strict-p005,40.3133,100,100,RLPolicy,0,0,0,0,2.99573,1,5.23515,36,36,5.15769,555,0.995882
E3-Strict-p005,40.3137,165,242,RLPolicy,1,1,0.0694764,2.77259,2.99573,6,4.98185,227,243,4.70688,555,0.982908
E3-Strict-p005,40.3206,178,260,RLPolicy,1,1,0.0661731,2.61844,2.99573,6,4.64771,87,179,4.25365,555,0.995111
E3-Strict-p005,40.3214,261,471,RLPolicy,1,1,0.075831,2.77259,2.99573,6,7.44517,151,300,6.87639,555,0.998884
E3-Strict-p005,40.3245,23,60,RLPolicy,1,1,0.0386362,2.16183,2.99573,6,5.04193,4,315,4.31692,555,0.973671
E3-Strict-p005,40.3289,77,480,RLPolicy,1,1,0.00608035,2.77259,2.99573,6,8.49691,245,272,8.07231,555,0.978327
E3-Strict-p005,40.3391,272,441,RLPolicy,1,1,0.0903997,2.77259,2.99573,6,13.065,216,232,12.2484,555,0.986719
E3-Strict-p005,40.3412,79,513,RLPolicy,1,1,0.0609814,2.77259,2.99573,6,8.94576,88,159,8.56091,555,0.980558
E3-Strict-p005,40.3419,32,0,RLPolicy,1,1,0.0420693,2.93736,2.99573,8,7.95579,398,486,7.55506,555,0.972752
E3-Strict-p005,40.3422,291,460,RLPolicy,1,1,0.0900775,2.77259,2.99573,6,4.35982,322,356,4.00236,555,0.996653
E3-Strict-p005,40.3441,37,37,RLPolicy,0,0,0,0,2.99573,1,5.66837,11,11,5.53658,555,0.990956
E3-Strict-p005,40.3465,418,418,RLPolicy,0,0,0,0,2.99573,1,5.23482,109,109,5.08961,555,1
E3-Strict-p005,40.3551,189,4,RLPolicy,1,1,0.0626245,2.77259,2.99573,6,9.03893,212,224,8.71802,555,0.984024
E3-Strict-p005,40.3565,390,195,RLPolicy,1,1,0.107453,0.693147,2.99573,3,4.93464,0,190,4.56944,555,0.987371
E3-Strict-p005,40.3644,187,187,RLPolicy,0,0,0,0,2.99573,1,10.0183,49,49,9.89936,555,0.978004
E3-Strict-p005,40.3696,140,468,RLPolicy,1,1,0.0389977,2.77259,2.99573,6,7.551,84,294,7.07698,555,0.973627
E3-Strict-p005,40.3702,400,400,RLPolicy,0,0,0,0,2.99573,1,6.86338,14,14,6.81483,555,1
E3-Strict-p005,40.3816,409,409,RLPolicy,0,0,0,0,2.99573,1,7.34629,2,2,7.30272,555,1
E3-Strict-p005,40.3839,356,253,RLPolicy,1,1,0.108613,2.77259,2.99573,6,5.17897,79,377,4.42948,555,0.998884
E3-Strict-p005,40.3871,413,413,RLPolicy,0,0,0,0,2.99573,1,7.27423,15,15,7.21691,555,1
E3-Strict-p005,40.4018,288,288,RLPolicy,0,0,0,0,2.99573,1,7.73653,40,40,7.6879,558,0.992983
E3-Strict-p005,40.4023,146,146,RLPolicy,0,0,0,0,2.99573,1,3.42056,5,5,3.38456,558,1
E3-Strict-p005,40.4122,241,105,RLPolicy,1,1,0.0824554,2.77259,2.99573,6,4.27226,165,298,3.65502,558,0.987371
E3-Strict-p005,40.4188,112,463,RLPolicy,1,1,0.0533874,2.07944,2.99573,5,4.67772,106,316,4.1141,558,0.95376
E3-Strict-p005,40.4192,337,337,RLPolicy,0,0,0,0,2.99573,1,3.89354,21,21,3.84956,558,0.994303
E3-Strict-p005,40.42,121,121,RLPolicy,0,0,0,0,2.99573,1,8.56591,7,7,8.49375,558,0.998884
E3-Strict-p005,40.4223,171,451,RLPolicy,1,1,0.0583037,2.77259,2.99573,6,5.3837,314,336,4.94293,558,0.988606
E3-Strict-p005,40.4275,353,353,RLPolicy,0,0,0,0,2.99573,1,4.13484,4,4,4.081,558,1
E3-Strict-p005,40.4292,416,566,RLPolicy,1,1,0.105111,2.07944,2.99573,5,5.31785,39,209,4.6778,558,0.995419
E3-Strict-p005,40.4309,108,281,RLPolicy,1,1,0.0413006,2.07944,2.99573,5,5.08324,29,98,4.70323,558,0.981674
E3-Strict-p005,40.4329,214,237,RLPolicy,1,1,0.0698843,2.07944,2.99573,5,5.96064,84,174,5.51253,558,0.98749
E3-Strict-p005,40.4532,28,33,RLPolicy,0,0,0.0398795,2.07944,2.99573,4,5.85845,67,195,5.38288,558,0.962579
E3-Strict-p005,40.4551,256,256,RLPolicy,0,0,0,0,2.99573,1,4.80367,9,9,4.69134,558,1
E3-Strict-p005,40.4579,184,258,RLPolicy,1,1,0.0708085,1.38629,2.99573,4,5.29033,0,156,4.90118,558,0.979362
E3-Strict-p005,40.4648,303,303,RLPolicy,0,0,0,0,2.99573,1,3.8681,13,13,3.79015,558,0.998884
E3-Strict-p005,40.4663,72,72,RLPolicy,0,0,0,0,2.99573,1,6.23258,14,14,6.17459,558,0.992071
E3-Strict-p005,40.4724,258,319,RLPolicy,1,1,0.00679551,2.77259,2.99573,6,5.70361,297,311,5.27132,558,0.996653
E3-Strict-p005,40.4732,133,14,RLPolicy,1,1,0.0624173,2.77259,2.99573,6,5.19778,252,284,4.86979,558,0.985259
E3-Strict-p005,40.4806,85,85,RLPolicy,0,0,0,0,2.99573,1,3.7859,11,11,3.72866,558,0.994303
E3-Strict-p005,40.4809,18,18,RLPolicy,0,0,0,0,2.99573,1,5.8398,65,65,5.57893,558,0.972632
E3-Strict-p005,40.5032,212,406,RLPolicy,1,1,0.0648808,2.77259,2.99573,6,5.74369,245,276,5.18358,558,0.993187
E3-Strict-p005,40.5044,6,6,RLPolicy,0,0,0,0,2.99573,1,3.64854,45,45,3.49494,5,0.979449
E3-Strict-p005,40.5086,341,304,RLPolicy,1,1,0.0863828,2.77259,2.99573,6,4.39534,51,59,4.16834,558,0.996653
E3-Strict-p005,40.5096,149,38,RLPolicy,1,1,0.0517404,2.07944,2.99573,5,5.49144,40,315,4.88007,558,0.970161
E3-Strict-p005,40.5096,106,106,RLPolicy,0,0,0,0,2.99573,1,4.91659,59,59,4.82367,558,0.990956
E3-Strict-p005,40.5148,78,157,RLPolicy,1,1,0.0499945,2.07944,2.99573,5,5.39278,70,189,4.921,558,0.995419
E3-Strict-p005,40.5169,127,127,RLPolicy,0,0,0,0,2.99573,1,5.85606,31,31,5.73058,558,0.980558
E3-Strict-p005,40.5273,290,290,RLPolicy,0,0,0,0,2.99573,1,5.98182,73,73,5.88493,558,0.998884
E3-Strict-p005,40.5296,369,369,RLPolicy,0,0,0,0,2.99573,1,4.0616,10,10,3.97892,558,0.998884
E3-Strict-p005,40.5313,124,124,RLPolicy,0,0,0,0,2.99573,1,5.08487,68,68,4.99691,558,0.987371
E3-Strict-p005,40.5552,237,548,RLPolicy,1,1,0.0643367,2.77259,2.99573,6,4.70356,198,245,4.2449,558,0.98279
E3-Strict-p005,40.5773,176,176,RLPolicy,0,0,0,0,2.99573,1,4.99558,5,5,4.49708,558,0.98514
E3-Strict-p005,40.5774,361,361,RLPolicy,0,0,0,0,2.99573,1,3.7408,17,17,3.69157,558,0.995419
E3-Strict-p005,40.5787,331,331,RLPolicy,0,0,0,0,2.99573,1,4.78556,75,75,4.71184,558,1
E3-Strict-p005,40.5813,245,388,RLPolicy,1,1,0.0608297,2.07944,2.99573,5,5.18472,68,169,4.74073,558,0.984024
E3-Strict-p005,40.6005,119,119,RLPolicy,0,0,0,0,2.99573,1,4.21518,92,92,4.16016,560,0.981674
E3-Strict-p005,40.6015,358,358,RLPolicy,0,0,0,0,2.99573,1,4.23407,63,63,4.17522,560,1
E3-Strict-p005,40.6018,383,383,RLPolicy,0,0,0,0,2.99573,1,3.28997,14,14,3.24649,560,1
E3-Strict-p005,40.602,47,349,RLPolicy,1,1,0.00606758,2.77259,2.99573,6,4.14718,223,243,3.86303,560,0.984848
E3-Strict-p005,40.6026,13,112,RLPolicy,1,1,0.0405597,2.39544,2.99573,7,4.7923,186,320,4.08267,560,0.969228
E3-Strict-p005,40.6047,316,445,RLPolicy,1,1,0.0785158,2.77259,2.99573,6,4.7527,154,267,4.2074,560,0.998884
E3-Strict-p005,40.6093,145,145,RLPolicy,0,0,0,0,2.99573,1,8.58879,71,71,8.50286,560,0.998884
E3-Strict-p005,40.6113,321,321,RLPolicy,0,0,0,0,2.99573,1,3.84601,11,11,3.7976,560,0.991953
E3-Strict-p005,40.6178,344,344,RLPolicy,0,0,0,0,2.99573,1,7.79256,11,11,7.72132,560,1
E3-Strict-p005,40.6184,306,306,RLPolicy,0,0,0,0,2.99573,1,4.34778,21,21,4.28791,560,0.998884
E3-Strict-p005,40.6252,364,364,RLPolicy,0,0,0,0,2.99573,1,3.57297,11,11,3.53007,560,0.991953
E3-Strict-p005,40.635,147,207,RLPolicy,1,1,0.060229,2.07944,2.99573,5,5.1332,90,226,4.77651,560,0.974091
E3-Strict-p005,40.6362,163,163,RLPolicy,0,0,0,0,2.99573,1,4.43768,55,55,4.36123,560,0.990837
E3-Strict-p005,40.6396,379,531,RLPolicy,1,1,0.103338,2.77259,2.99573,6,5.00074,286,351,4.45899,560,0.998884
E3-Strict-p005,40.6521,90,90,RLPolicy,0,0,0,0,2.99573,1,4.22773,35,35,4.12537,560,0.998884
E3-Strict-p005,40.6569,350,135,RLPolicy,1,1,0.102237,2.77259,2.99573,6,6.7083,214,260,6.27058,560,0.998884
E3-Strict-p005,40.6636,287,416,RLPolicy,1,1,0.0726122,2.77259,2.99573,6,6.3243,100,203,5.57414,560,0.993187
E3-Strict-p005,40.6672,273,124,RLPolicy,1,1,0.0738023,2.77259,2.99573,6,6.00652,259,343,5.5665,560,0.996653
E3-Strict-p005,40.6834,388,388,RLPolicy,0,0,0,0,2.99573,1,4.19177,22,22,4.13782,560,0.998884
E3-Strict-p005,40.6945,141,141,RLPolicy,0,0,0,0,2.99573,1,8.57563,69,69,8.47628,560,0.995419
E3-Strict-p005,40.6959,192,192,RLPolicy,0,0,0,0,2.99573,1,5.00108,7,7,4.91983,560,0.994303
E3-Strict-p005,40.6982,268,21,RLPolicy,1,1,0.0779116,1.38629,2.99573,4,5.91651,0,162,5.46224,560,0.974743
E3-Strict-p005,40.7006,202,202,RLPolicy,0,0,0,0,2.99573,1,6.08624,55,55,5.99963,567,0.995537
E3-Strict-p005,40.7033,193,133,RLPolicy,1,1,0.0618712,2.61844,2.99573,6,5.49999,243,279,5.11378,567,0.990993
E3-Strict-p005,40.7076,15,15,RLPolicy,0,0,0,0,2.99573,1,4.90883,19,19,4.79472,567,0.991568
E3-Strict-p005,40.71,36,497,RLPolicy,1,1,0.0338644,0.693147,2.99573,3,10.0523,0,52,9.80697,567,0.983613
E3-Strict-p005,40.712,332,184,RLPolicy,1,1,0.0852206,2.77259,2.99573,6,9.51127,98,338,8.86084,567,0.997769
E3-Strict-p005,40.7134,247,390,RLPolicy,1,1,0.0666661,2.77259,2.99573,6,4.79013,98,223,4.25151,567,0.992071
E3-Strict-p005,40.7237,260,260,RLPolicy,0,0,0,0,2.99573,1,9.20273,62,62,9.11372,567,0.993187
E3-Strict-p005,40.7314,135,394,RLPolicy,1,1,0.0470799,2.77259,2.99573,6,6.2062,64,279,5.60271,567,0.981793
E3-Strict-p005,40.7325,318,318,RLPolicy,0,0,0,0,2.99573,1,3.15169,1,1,3.11949,567,1
E3-Strict-p005,40.7367,327,476,RLPolicy,1,1,0.0941155,2.77259,2.99573,6,5.2436,197,224,5.01554,567,0.997769
E3-Strict-p005,40.737,253,253,RLPolicy,0,0,0,0,2.99573,1,4.59941,78,78,4.52993,567,0.992983
E3-Strict-p005,40.7389,229,229,RLPolicy,0,0,0,0,2.99573,1,4.55028,73,73,4.4398,567,0.998884
E3-Strict-p005,40.7414,406,417,RLPolicy,1,1,0.099302,2.07944,2.99573,5,5.17003,69,235,4.7318,567,0.995419
E3-Strict-p005,40.7418,251,278,RLPolicy,1,1,0.0675492,2.07944,2.99573,5,5.04536,115,290,4.64588,567,0.972511
E3-Strict-p005,40.7426,156,385,RLPolicy,1,1,0.0638384,2.77259,2.99573,6,4.55971,123,279,4.08545,567,0.981793
E3-Strict-p005,40.7626,277,277,RLPolicy,0,0,0,0,2.99573,1,5.14339,1,1,4.98485,567,1
E3-Strict-p005,40.7677,248,393,RLPolicy,1,1,0.0656737,0.693147,2.99573,3,5.60482,0,90,5.40053,567,0.978246
E3-Strict-p005,40.7705,310,40,RLPolicy,1,1,0.0832925,1.92529,2.99573,5,4.52637,102,216,4.0456,567,0.989759
E3-Strict-p005,40.7751,138,176,RLPolicy,1,1,0.0625197,2.77259,2.99573,6,6.0893,256,281,5.64112,567,0.984024
E3-Strict-p005,40.7786,51,51,RLPolicy,0,0,0,0,2.99573,1,3.8865,15,15,3.77652,567,0.994303
E3-Strict-p005,40.7823,88,401,RLPolicy,1,1,0.0541463,2.77259,2.99573,6,5.45097,241,313,5.00583,567,0.984024
E3-Strict-p005,40.7841,153,499,RLPolicy,1,1,0.0567835,2.07944,2.99573,5,5.38806,59,186,5.02972,567,0.978327
E3-Strict-p005,40.7907,99,64,RLPolicy,1,1,0.055829,2.77259,2.99573,6,4.83593,240,271,4.45596,567,0.984024
E3-Strict-p005,40.7911,232,512,RLPolicy,1,1,0.0810914,2.77259,2.99573,6,5.12151,217,230,4.59067,567,0.993187
E3-Strict-p005,40.7922,375,375,RLPolicy,0,0,0,0,2.99573,1,4.54036,79,79,4.40545,567,1
E3-Strict-p005,40.7932,394,440,RLPolicy,1,1,0.0963925,2.07944,2.99573,5,4.88369,56,195,4.58709,567,0.990837
E3-Strict-p005,40.7953,402,299,RLPolicy,1,1,0.0971315,0.693147,2.99573,3,5.44623,0,144,5.08967,567,0.988487
E3-Strict-p005,40.7963,396,328,RLPolicy,1,1,0.0966193,2.07944,2.99573,5,4.85639,21,279,4.49132,567,0.994303
E3-Strict-p005,40.8035,168,326,RLPolicy,1,1,0.0638012,2.77259,2.99573,6,4.64104,253,295,4.24303,569,0.993306
E3-Strict-p005,40.8131,14,14,RLPolicy,0,0,0,0,2.99573,1,3.9624,30,30,3.90285,569,0.989721
E3-Strict-p005,40.8147,355,317,RLPolicy,1,1,0.0924776,2.77259,2.99573,6,4.62437,65,268,4.0927,569,0.989721
E3-Strict-p005,40.8149,16,50,RLPolicy,1,1,0.0163186,2.77259,2.99573,6,5.13814,199,217,4.65018,569,0.982497
E3-Strict-p005,40.8159,420,337,RLPolicy,1,1,0.110991,2.77259,2.99573,6,4.10901,142,157,3.81768,569,0.998884
E3-Strict-p005,40.8287,9,525,RLPolicy,1,1,0.0366513,1.46868,2.99573,5,7.13841,0,121,6.73987,569,0.965407
E3-Strict-p005,40.8317,132,132,RLPolicy,0,0,0,0,2.99573,1,4.42825,18,18,4.35522,569,0.995419
E3-Strict-p005,40.8325,160,160,RLPolicy,0,0,0,0,2.99573,1,3.76547,11,11,3.69676,569,1
E3-Strict-p005,40.8381,130,130,RLPolicy,0,0,0,0,2.99573,1,5.37807,17,17,5.29709,569,0.993187
E3-Strict-p005,40.8432,386,386,RLPolicy,0,0,0,0,2.99573,1,4.57356,51,51,4.49881,569,1
E3-Strict-p005,40.8439,26,26,RLPolicy,0,0,0,0,2.99573,1,5.06483,14,14,4.91096,569,0.998884
E3-Strict-p005,40.8567,197,542,RLPolicy,1,1,0.0586615,2.77259,2.99573,6,5.74212,73,175,5.11486,569,0.988606
E3-Strict-p005,40.8608,173,173,RLPolicy,0,0,0,0,2.99573,1,4.7604,69,69,4.69168,569,0.991301
E3-Strict-p005,40.861,297,223,RLPolicy,1,1,0.0857699,2.77259,2.99573,6,5.52509,191,204,5.11317,569,0.993651
E3-Strict-p005,40.8702,252,94,RLPolicy,1,1,0.0724795,2.77259,2.99573,6,5.28701,258,292,4.80331,569,0.998884
E3-Strict-p005,40.8728,425,319,RLPolicy,1,1,0.103439,2.77259,2.99573,6,6.53448,243,258,5.93633,569,0.998884
E3-Strict-p005,40.8771,263,263,RLPolicy,0,0,0,0,2.99573,1,5.24098,71,71,5.14097,569,1
E3-Strict-p005,40.8775,352,352,RLPolicy,0,0,0,0,2.99573,1,5.29305,47,47,5.18243,569,1
E3-Strict-p005,40.8776,62,207,RLPolicy,1,1,0.0481064,2.77259,2.99573,6,6.06415,35,245,5.38711,569,0.98567
E3-Strict-p005,40.8782,312,312,RLPolicy,0,0,0,0,2.99573,1,4.90032,31,31,4.80387,569,0.993187
E3-Strict-p005,40.8788,329,329,RLPolicy,0,0,0,0,2.99573,1,5.02051,51,51,4.94027,569,0.998884
E3-Strict-p005,40.8805,368,368,RLPolicy,0,0,0,0,2.99573,1,3.74034,44,44,3.69378,569,1
E3-Strict-p005,40.8808,144,144,RLPolicy,0,0,0,0,2.99573,1,4.98317,71,71,4.86945,569,0.993187
E3-Strict-p005,40.8852,217,217,RLPolicy,0,0,0,0,2.99573,1,5.01511,50,50,4.92967,2,0.985948
E3-Strict-p005,40.8936,126,126,RLPolicy,0,0,0,0,2.99573,1,4.41318,68,68,4.35361,569,0.992071
E3-Strict-p005,40.8989,209,209,RLPolicy,0,0,0,0,2.99573,1,4.55637,4,4,4.42042,569,1
E3-Strict-p005,40.9008,265,498,RLPolicy,1,1,0.0756529,2.77259,2.99573,6,4.9492,204,284,4.60361,571,0.995537
E3-Strict-p005,40.9038,155,155,RLPolicy,0,0,0,0,2.99573,1,4.75729,64,64,4.69338,571,0.981674
E3-Strict-p005,40.9097,80,48,RLPolicy,1,1,0.0495535,2.77259,2.99573,6,10.5287,243,285,10.0255,571,0.986256
E3-Strict-p005,40.9114,143,143,RLPolicy,0,0,0,0,2.99573,1,4.34345,6,6,4.25388,571,0.986601
E3-Strict-p005,40.9283,276,98,RLPolicy,1,1,0.0718602,2.07944,2.99573,5,9.25674,74,243,8.85145,571,0.987409
E3-Strict-p005,40.9358,426,426,RLPolicy,0,0,0,0,2.99573,1,4.02869,7,7,3.97601,571,1
E3-Strict-p005,40.9478,161,161,RLPolicy,0,0,0,0,2.99573,1,6.06793,61,61,5.88214,571,0.982828
E3-Strict-p005,40.9601,363,363,RLPolicy,0,0,0,0,2.99573,1,4.43422,9,9,4.35474,571,1
E3-Strict-p005,40.9648,205,205,RLPolicy,0,0,0,0,2.99573,1,5.32653,65,65,5.23616,571,0.988606
E3-Strict-p005,40.9654,40,418,RLPolicy,1,1,0.0389605,0.387766,2.99573,3,4.45493,0,141,4.13748,571,0.971397
E3-Strict-p005,40.9679,56,56,RLPolicy,0,0,0,0,2.99573,1,5.36555,45,45,5.29654,571,0.98818
E3-Strict-p005,40.9684,96,27,RLPolicy,1,1,0.0542183,2.77259,2.99573,6,6.49902,284,315,5.96237,571,0.988606
E3-Strict-p005,40.9707,302,302,RLPolicy,0,0,0,0,2.99573,1,4.40857,61,61,4.33204,571,0.994303
E3-Strict-p005,40.9821,370,370,RLPolicy,0,0,0,0,2.99573,1,4.79216,70,70,4.70348,571,0.995419
E3-Strict-p005,40.9825,151,151,RLPolicy,0,0,0,0,2.99573,1,5.39334,69,69,5.30305,1,0.963386
E3-Strict-p005,40.985,206,189,RLPolicy,1,1,0.0682933,2.77259,2.99573,6,5.48172,109,128,5.1391,571,0.984369
E3-Strict-p005,40.9976,417,34,RLPolicy,1,1,0.106218,2.77259,2.99573,6,4.76186,195,259,4.30849,571,0.998884
E3-Strict-p005,41.0111,322,322,RLPolicy,0,0,0,0,2.99573,1,3.73453,23,23,3.68285,571,1
E3-Strict-p005,41.0274,110,531,RLPolicy,1,1,0.0499568,2.46429,2.99573,6,4.19762,96,182,3.84635,571,0.995252
E3-Strict-p005,41.0317,404,404,RLPolicy,0,0,0,0,2.99573,1,3.94098,83,83,3.89199,571,0.995419
E3-Strict-p005,41.0415,323,440,RLPolicy,1,1,0.0822394,2.07944,2.99573,5,4.71494,55,148,4.16681,571,0.988606
E3-Strict-p005,41.0461,201,201,RLPolicy,0,0,0,0,2.99573,1,10.0935,79,79,9.99905,571,0.973627
E3-Strict-p005,41.0479,283,184,RLPolicy,1,1,0.00608789,2.77259,2.99573,6,5.66003,285,293,5.321,571,0.998884
E3-Strict-p005,41.0514,280,280,RLPolicy,0,0,0,0,2.99573,1,4.95566,1,1,4.87822,571,1
E3-Strict-p005,41.0541,123,123,RLPolicy,0,0,0,0,2.99573,1,4.279,37,37,4.18559,571,0.995537
E3-Strict-p005,41.0587,20,61,RLPolicy,1,1,0.0353326,2.46721,2.99573,6,5.40611,268,299,4.99372,571,0.952899
E3-Strict-p005,41.06,3,557,RLPolicy,1,1,0.0317311,2.46721,2.99573,6,5.42006,35,166,4.87234,571,0.993719
E3-Strict-p005,41.0602,19,462,RLPolicy,1,1,0.0359857,1.08091,2.99573,4,6.24897,0,170,5.68558,571,0.962354
E3-Strict-p005,41.0676,367,367,RLPolicy,0,0,0,0,2.99573,1,5.15394,74,74,5.00485,571,1
E3-Strict-p005,41.0788,307,449,RLPolicy,1,1,0.0997951,2.77259,2.99573,6,5.25867,192,219,5.00798,571,0.995537
E3-Strict-p005,41.0827,210,210,RLPolicy,0,0,0,0,2.99573,1,4.93105,10,10,4.84735,571,0.998884
E3-Strict-p005,41.083,128,154,RLPolicy,1,1,0.0561866,2.07944,2.99573,5,6.22383,115,163,5.87323,571,0.960998
E3-Strict-p005,41.0867,177,177,RLPolicy,0,0,0,0,2.99573,1,4.66939,63,63,4.59068,571,0.981674
E3-Strict-p005,41.0895,45,539,RLPolicy,1,1,0.00483675,2.07944,2.99573,5,3.75903,23,53,3.54958,571,0.993187
E3-Strict-p005,41.093,267,267,RLPolicy,0,0,0,0,2.99573,1,4.81552,68,68,4.74425,571,0.998884
E3-Strict-p005,41.0993,46,46,RLPolicy,0,0,0,0,2.99573,1,4.12373,52,52,4.06602,571,0.996654
E3-Strict-p005,41.0997,228,228,RLPolicy,0,0,0,0,2.99573,1,5.66127,1,1,5.22473,571,1
E3-Strict-p005,41.1092,300,250,RLPolicy,1,1,0.0783986,2.07944,2.99573,5,11.0469,60,200,10.3192,571,0.993187
E3-Strict-p005,41.1136,43,416,RLPolicy,1,1,0.0476781,2.46721,2.99573,6,5.45828,66,392,4.94008,571,0.956125
E3-Strict-p005,41.1171,196,20,RLPolicy,1,1,0.075034,2.77259,2.99573,6,4.66587,173,196,4.39074,571,0.988402
E3-Strict-p005,41.1238,102,102,RLPolicy,0,0,0,0,2.99573,1,5.12505,45,45,4.98196,571,0.969504
E3-Strict-p005,41.1243,254,183,RLPolicy,1,1,0.0711169,2.07944,2.99573,5,5.01426,106,278,4.51103,571,0.992071
E3-Strict-p005,41.1245,346,346,RLPolicy,0,0,0,0,2.99573,1,5.73434,10,10,5.48572,571,0.995419
E3-Strict-p005,41.1347,343,354,RLPolicy,1,1,0.0820572,1.38629,2.99573,4,6.76878,0,160,6.19608,571,0.986256
E3-Strict-p005,41.1394,12,12,RLPolicy,0,0,0,0,2.99573,1,7.5165,74,74,7.45083,571,0.956006
E3-Strict-p005,41.1401,308,308,RLPolicy,0,0,0,0,2.99573,1,4.61968,15,15,4.55262,571,0.995419
E3-Strict-p005,41.1404,158,158,RLPolicy,0,0,0,0,2.99573,1,5.48025,42,42,5.39648,571,0.987371
E3-Strict-p005,41.1406,328,328,RLPolicy,0,0,0,0,2.99573,1,4.15093,40,40,4.09176,571,0.997769
E3-Strict-p005,41.1454,63,63,RLPolicy,0,0,0,0,2.99573,1,4.75769,46,46,4.6948,571,0.990133
E3-Strict-p005,41.1482,234,234,RLPolicy,0,0,0,0,2.99573,1,4.25206,50,50,4.17874,571,0.972393
E3-Strict-p005,41.1508,81,77,RLPolicy,1,1,0.0472476,0.693147,2.99573,3,5.06639,0,79,4.83003,571,0.974743
E3-Strict-p005,41.1582,250,430,RLPolicy,1,1,0.079414,2.77259,2.99573,6,4.50901,225,281,4.27837,571,0.997769
E3-Strict-p005,41.1626,25,25,RLPolicy,0,0,0,0,2.99573,1,5.53282,49,49,5.43075,571,0.970521
E3-Strict-p005,41.1632,282,53,RLPolicy,1,1,0.091955,2.77259,2.99573,6,6.95334,261,285,6.51583,571,0.995537
E3-Strict-p005,41.1672,225,225,RLPolicy,0,0,0,0,2.99573,1,5.86874,59,59,5.75472,571,0.98514
E3-Strict-p005,41.1722,105,249,RLPolicy,1,1,0.0569753,2.77259,2.99573,6,5.43372,247,254,4.99644,571,0.97028
E3-Strict-p005,41.1961,109,109,RLPolicy,0,0,0,0,2.99573,1,4.57059,53,53,4.44998,571,0.993187
E3-Strict-p005,41.1986,167,414,RLPolicy,1,1,0.061882,2.77259,2.99573,6,5.29171,147,268,4.65228,571,0.996653
E3-Strict-p005,41.2013,238,238,RLPolicy,0,0,0,0,2.99573,1,4.00706,11,11,3.93174,571,1
E3-Strict-p005,41.2053,76,200,RLPolicy,1,1,0.0480341,2.77259,2.99573,6,5.30123,155,334,4.81082,571,0.988606
E3-Strict-p005,41.207,305,305,RLPolicy,0,0,0,0,2.99573,1,4.84042,64,64,4.73248,571,0.998884
E3-Strict-p005,41.2107,115,551,RLPolicy,1,1,0.0429801,2.07944,2.99573,5,5.46826,52,339,4.68992,571,0.981793
E3-Strict-p005,41.2259,54,54,RLPolicy,0,0,0,0,2.99573,1,4.44186,6,6,4.3837,571,0.995419
E3-Strict-p005,41.231,275,267,RLPolicy,1,1,0.0812018,2.07944,2.99573,5,6.40334,110,241,5.75795,571,0.98749
E3-Strict-p005,41.2311,342,351,RLPolicy,1,1,0.0892506,2.77259,2.99573,6,6.55713,158,342,6.03905,571,0.998884
E3-Strict-p005,41.2315,38,219,RLPolicy,1,1,0.0422355,2.46721,2.99573,6,6.6291,146,286,6.17061,571,0.977213
E3-Strict-p005,41.237,66,66,RLPolicy,0,0,0,0,2.99573,1,3.9728,63,63,3.89313,2,0.985485
E3-Strict-p005,41.242,50,328,RLPolicy,1,1,0.0395083,1.23214,2.99573,4,5.40116,0,170,4.98519,571,0.967901
E3-Strict-p005,41.2423,52,54,RLPolicy,1,1,0.00680278,2.77259,2.99573,6,4.5276,190,209,4.18411,571,0.977211
E3-Strict-p005,41.2543,293,276,RLPolicy,1,1,0.0852231,2.77259,2.99573,6,6.65629,268,306,6.02851,571,0.992071
E3-Strict-p005,41.2603,180,180,RLPolicy,0,0,0,0,2.99573,1,5.22066,34,34,5.12736,571,0.997564
E3-Strict-p005,41.2636,39,2,RLPolicy,1,1,0.0288658,2.77259,2.99573,6,5.42271,196,206,5.03886,571,0.983028
E3-Strict-p005,41.2664,347,76,RLPolicy,1,1,0.0861317,2.77259,2.99573,6,5.8269,107,374,5.14137,571,0.997769
E3-Strict-p005,41.2711,419,419,RLPolicy,0,0,0,0,2.99573,1,4.61622,51,51,4.5437,571,1
E3-Strict-p005,41.2725,95,95,RLPolicy,0,0,0,0,2.99573,1,5.83711,65,65,5.7446,571,0.971396
E3-Strict-p005,41.2745,395,395,RLPolicy,0,0,0,0,2.99573,1,5.58776,88,88,5.51493,571,1
E3-Strict-p005,41.2759,348,348,RLPolicy,0,0,0,0,2.99573,1,5.15905,87,87,5.04369,571,1
E3-Strict-p005,41.2763,281,213,RLPolicy,1,1,0.0823675,2.07944,2.99573,5,5.60997,13,55,5.34593,571,0.993187
E3-Strict-p005,41.28,226,226,RLPolicy,0,0,0,0,2.99573,1,7.74925,6,6,7.60322,571,0.979324
E3-Strict-p005,41.2872,59,477,RLPolicy,1,1,0.0472698,2.77259,2.99573,6,5.2541,115,329,4.543,571,0.989429
E3-Strict-p005,41.2882,162,162,RLPolicy,0,0,0,0,2.99573,1,3.58568,32,32,3.5139,2,0.994303
E3-Strict-p005,41.2887,411,456,RLPolicy,1,1,0.103696,2.77259,2.99573,6,5.13656,55,61,4.77673,571,0.998884
E3-Strict-p005,41.3034,339,492,RLPolicy,1,1,0.0856627,2.77259,2.99573,6,5.15167,98,382,4.64831,572,0.99868
E3-Strict-p005,41.3079,114,114,RLPolicy,0,0,0,0,2.99573,1,3.77732,8,8,3.71747,572,1
E3-Strict-p005,41.3116,49,49,RLPolicy,0,0,0,0,2.99573,1,4.85095,15,15,4.76228,572,1
E3-Strict-p005,41.3155,278,305,RLPolicy,1,1,0.0792649,2.77259,2.99573,6,6.1751,124,199,5.71148,572,0.982865
E3-Strict-p005,41.317,68,68,RLPolicy,0,0,0,0,2.99573,1,4.54479,17,17,4.48532,572,0.991182
E3-Strict-p005,41.3184,86,86,RLPolicy,0,0,0,0,2.99573,1,4.87026,16,16,4.77989,572,0.998884
E3-Strict-p005,41.3214,172,13,RLPolicy,1,1,0.0576833,2.07944,2.99573,5,5.50641,65,270,4.86515,572,0.978208
E3-Strict-p005,41.3274,269,552,RLPolicy,1,1,0.069688,0.693147,2.99573,3,4.56598,0,102,4.32729,572,0.987371
E3-Strict-p005,41.3299,195,195,RLPolicy,0,0,0,0,2.99573,1,4.30805,64,64,4.23987,572,0.989721
E3-Strict-p005,41.3471,1,469,RLPolicy,1,1,0.00739886,2.85497,2.99573,7,4.65738,247,265,4.45522,572,0.977332
E3-Strict-p005,41.3536,266,241,RLPolicy,1,1,0.0734577,2.46429,2.99573,6,5.28739,219,346,4.80201,572,0.982402
E3-Strict-p005,41.3617,299,299,RLPolicy,0,0,0,0,2.99573,1,5.25056,65,65,5.16916,572,0.998884
E3-Strict-p005,41.3654,7,9,RLPolicy,0,0,0.0458871,1.45561,2.99573,4,6.3743,130,208,6.09203,572,0.962591
E3-Strict-p005,41.3721,378,347,RLPolicy,1,1,0.090769,1.23214,2.99573,4,5.30811,0,207,5.073,572,0.98583
E3-Strict-p005,41.3763,430,65,RLPolicy,1,1,0.102644,2.07944,2.99573,5,6.26471,75,191,4.60699,572,0.995419
E3-Strict-p005,41.379,262,381,RLPolicy,1,1,0.0760153,0.693147,2.99573,3,5.28118,0,133,4.96284,572,0.970161
E3-Strict-p005,41.3797,382,382,RLPolicy,0,0,0,0,2.99573,1,4.77837,72,72,4.7054,572,1
E3-Strict-p005,41.387,204,204,RLPolicy,0,0,0,0,2.99573,1,4.95954,79,79,4.89099,572,0.988606
E3-Strict-p005,41.3907,407,407,RLPolicy,0,0,0,0,2.99573,1,4.96068,92,92,4.85711,572,0.998884
E3-Strict-p005,41.3911,8,8,RLPolicy,0,0,0,0,2.99573,1,5.22361,74,74,5.11193,572,1
E3-Strict-p005,41.3993,186,186,RLPolicy,0,0,0,0,2.99573,1,5.63131,70,70,5.54636,572,0.978327
E3-Strict-p005,41.4081,376,376,RLPolicy,0,0,0,0,2.99573,1,4.24128,87,87,4.15583,573,0.998884
E3-Strict-p005,41.4103,392,117,RLPolicy,1,1,0.0984555,2.77259,2.99573,6,4.98433,276,338,4.52042,573,0.998884
E3-Strict-p005,41.4119,427,13,RLPolicy,1,1,0.0995854,0.693147,2.99573,3,5.08161,0,88,4.7965,573,0.988487
E3-Strict-p005,41.4143,97,284,RLPolicy,1,1,0.0449023,2.77259,2.99573,6,6.51867,83,264,5.76258,573,0.96793
E3-Strict-p005,41.4152,357,357,RLPolicy,0,0,0,0,2.99573,1,5.12876,8,8,5.08005,573,1
E3-Strict-p005,41.416,17,509,RLPolicy,1,1,0.038209,2.45413,2.99573,6,4.64275,191,308,4.1667,573,0.990177
E3-Strict-p005,41.4189,103,103,RLPolicy,0,0,0,0,2.99573,1,5.19079,72,72,5.10192,573,0.994303
E3-Strict-p005,41.4203,207,352,RLPolicy,1,1,0.0788079,2.77259,2.99573,6,5.66311,259,312,5.25582,573,0.98984
E3-Strict-p005,41.4255,67,467,RLPolicy,1,1,0.0472468,2.07944,2.99573,5,4.63532,123,272,4.22786,573,0.963348
E3-Strict-p005,41.4285,387,387,RLPolicy,0,0,0,0,2.99573,1,3.3476,8,8,3.30819,573,1
E3-Strict-p005,41.4363,336,274,RLPolicy,1,1,0.0871177,2.77259,2.99573,6,4.83341,219,267,4.52267,573,0.992761
E3-Strict-p005,41.4377,439,439,RLPolicy,0,0,0,0,2.99573,1,7.02092,76,76,6.97094,573,1
E3-Strict-p005,41.441,311,242,RLPolicy,1,1,0.0940755,0.693147,2.99573,3,5.87565,0,153,5.56255,573,0.98044
E3-Strict-p005,41.4445,154,446,RLPolicy,1,1,0.0655239,2.77259,2.99573,6,5.69886,75,163,5.34915,573,0.991764
E3-Strict-p005,41.4481,166,166,RLPolicy,0,0,0,0,2.99573,1,4.23765,48,48,4.17494,573,0.997769
E3-Strict-p005,41.4504,334,334,RLPolicy,0,0,0,0,2.99573,1,4.60392,78,78,4.53284,573,0.996653
E3-Strict-p005,41.4567,441,441,RLPolicy,0,0,0,0,2.99573,1,4.85783,46,46,4.76831,573,1
E3-Strict-p005,41.4573,74,74,RLPolicy,0,0,0,0,2.99573,1,5.20232,61,61,5.13553,573,0.98279
E3-Strict-p005,41.4602,65,65,RLPolicy,0,0,0,0,2.99573,1,3.98181,15,15,3.9379,573,0.988487
E3-Strict-p005,41.4684,61,61,RLPolicy,0,0,0,0,2.99573,1,4.43763,70,70,4.37337,573,0.98749
E3-Strict-p005,41.471,354,306,RLPolicy,1,1,0.10077,2.61844,2.99573,6,5.42032,125,257,4.9863,573,0.988951
E3-Strict-p005,41.4797,243,243,RLPolicy,0,0,0,0,2.99573,1,4.29185,70,70,4.22712,573,0.990837
E3-Strict-p005,41.4817,48,10,RLPolicy,1,1,0.0280101,2.07944,2.99573,5,6.40169,101,242,5.91201,573,0.97263
E3-Strict-p005,41.4827,393,257,RLPolicy,1,1,0.109566,2.61844,2.99573,6,4.95286,43,290,4.46677,573,0.993532
E3-Strict-p005,41.4829,374,429,RLPolicy,1,1,0.107869,2.77259,2.99573,6,5.3885,218,236,4.817,573,0.993187
E3-Strict-p005,41.485,284,211,RLPolicy,1,1,0.0926833,2.07944,2.99573,5,6.29066,28,282,5.59552,573,0.992071
E3-Strict-p005,41.4889,403,27,RLPolicy,1,1,0.0958702,2.07944,2.99573,5,5.03442,114,249,4.54617,573,0.994303
E3-Strict-p005,41.4918,101,101,RLPolicy,0,0,0,0,2.99573,1,4.74438,27,27,4.69129,573,0.988606
E3-Strict-p005,41.4926,408,251,RLPolicy,1,1,0.100158,2.77259,2.99573,6,5.14886,75,358,4.4547,573,0.997769
E3-Strict-p005,41.5034,55,467,RLPolicy,1,1,0.0453823,2.77259,2.99573,6,5.48211,93,209,4.9163,573,0.976451
E3-Strict-p005,41.5042,182,136,RLPolicy,1,1,0.0712074,2.77259,2.99573,6,4.32978,234,264,4.01225,573,0.996653
E3-Strict-p005,41.5064,271,161,RLPolicy,1,1,0.076464,2.77259,2.99573,6,4.94354,252,286,4.56149,573,0.994303
E3-Strict-p005,41.5071,274,264,RLPolicy,1,1,0.0778512,2.77259,2.99573,6,4.2048,174,240,3.68877,573,0.990956
E3-Strict-p005,41.5086,294,294,RLPolicy,0,0,0,0,2.99573,1,6.14688,60,60,5.87538,573,0.989721
E3-Strict-p005,41.5136,125,437,RLPolicy,1,1,0.0519558,2.77259,2.99573,6,4.4626,178,206,4.14842,573,0.978327
E3-Strict-p005,41.5143,93,93,RLPolicy,0,0,0,0,2.99573,1,4.94432,65,65,4.8631,573,0.998884
E3-Strict-p005,41.5147,53,341,RLPolicy,1,1,0.0447682,2.61844,2.99573,6,4.73777,135,150,4.44083,573,0.968275
E3-Strict-p005,41.5167,298,298,RLPolicy,0,0,0,0,2.99573,1,5.78628,65,65,5.67903,573,0.997769
E3-Strict-p005,41.5226,44,44,RLPolicy,0,0,0,0,2.99573,1,4.84731,53,53,4.7634,2,0.97222
E3-Strict-p005,41.5304,0,115,RLPolicy,1,1,0.0345976,2.77259,2.99573,6,4.89991,269,305,4.41696,573,0.993306
E3-Strict-p005,41.5403,208,208,RLPolicy,0,0,0,0,2.99573,1,5.12364,20,20,5.05259,573,0.990837
E3-Strict-p005,41.5422,118,439,RLPolicy,1,1,0.0604543,2.77259,2.99573,6,5.50801,269,327,5.03207,573,0.975977
E3-Strict-p005,41.543,429,319,RLPolicy,1,1,0.00606858,2.77259,2.99573,6,4.18946,197,217,3.8518,573,0.998884
E3-Strict-p005,41.547,91,21,RLPolicy,1,1,0.0389294,0.693147,2.99573,3,9.10507,0,150,8.71759,573,0.95992
E3-Strict-p005,41.5486,398,117,RLPolicy,1,1,0.113109,2.77259,2.99573,6,5.04354,224,241,4.63628,573,0.99868
E3-Strict-p005,41.5525,148,148,RLPolicy,0,0,0,0,2.99573,1,5.42595,3,3,5.28525,573,1
E3-Strict-p005,41.5611,373,532,RLPolicy,1,1,0.0939653,2.07944,2.99573,5,5.58735,86,177,5.06425,573,0.994303
E3-Strict-p005,41.574,433,361,RLPolicy,1,1,0.106431,2.07944,2.99573,5,5.49538,35,191,5.00905,573,0.995419
E3-Strict-p005,41.5799,175,175,RLPolicy,0,0,0,0,2.99573,1,3.69677,13,13,3.65598,573,0.978591
E3-Strict-p005,41.5806,257,407,RLPolicy,1,1,0.0650618,2.07944,2.99573,5,4.80051,16,295,4.23285,573,0.978208
E3-Strict-p005,41.5885,183,68,RLPolicy,1,1,0.045778,1.38629,2.99573,4,4.53332,0,74,4.30372,573,0.964464
E3-Strict-p005,41.591,377,377,RLPolicy,0,0,0,0,2.99573,1,4.2919,68,68,4.23308,573,1
E3-Strict-p005,41.5945,410,419,RLPolicy,1,1,0.00564063,2.77259,2.99573,6,4.88507,73,83,4.63448,573,0.998884
E3-Strict-p005,41.5967,309,309,RLPolicy,0,0,0,0,2.99573,1,4.45847,59,59,4.38482,573,0.993187
E3-Strict-p005,41.5974,444,175,RLPolicy,1,1,0.111533,2.77259,2.99573,6,5.35986,283,308,4.96236,573,0.998884
E3-Strict-p005,41.6017,351,24,RLPolicy,1,1,0.0856971,2.77259,2.99573,6,4.74024,216,276,4.22701,574,0.986256
E3-Strict-p005,41.6193,384,384,RLPolicy,0,0,0,0,2.99573,1,4.03453,60,60,3.97958,574,1
E3-Strict-p005,41.6241,320,320,RLPolicy,0,0,0,0,2.99573,1,3.87361,15,15,3.82828,574,0.990066
E3-Strict-p005,41.6286,325,39,RLPolicy,1,1,0.0836206,2.07944,2.99573,5,6.30406,90,274,5.68215,574,0.992071
E3-Strict-p005,41.6356,117,480,RLPolicy,1,1,0.0580383,2.77259,2.99573,6,4.83847,176,206,4.48017,574,0.98147
E3-Strict-p005,41.6357,200,249,RLPolicy,1,1,0.0710545,1.38629,2.99573,4,4.11152,0,146,3.85493,574,0.969046
E3-Strict-p005,41.6516,89,250,RLPolicy,1,1,0.0457728,2.61844,2.99573,6,9.12516,231,284,8.78307,574,0.969854
E3-Strict-p005,41.6517,215,498,RLPolicy,1,1,0.0810461,2.77259,2.99573,6,4.64469,227,242,4.38663,574,0.98749
E3-Strict-p005,41.6535,181,181,RLPolicy,0,0,0,0,2.99573,1,4.04682,12,12,3.99805,574,0.998884
E3-Strict-p005,41.6545,415,13,RLPolicy,1,1,0.11283,2.07944,2.99573,5,9.49834,108,252,8.94868,574,0.995419
E3-Strict-p005,41.6568,421,421,RLPolicy,0,0,0,0,2.99573,1,4.4604,70,70,4.40483,574,1
E3-Strict-p005,41.6635,170,170,RLPolicy,0,0,0,0,2.99573,1,6.64982,20,20,6.50894,574,0.988606
E3-Strict-p005,41.6645,190,368,RLPolicy,1,1,0.0626626,2.77259,2.99573,6,5.65118,242,279,5.14769,574,0.980558
E3-Strict-p005,41.6715,227,110,RLPolicy,1,1,0.0635482,2.61844,2.99573,6,5.25474,168,204,4.86908,574,0.989414
E3-Strict-p005,41.6757,83,83,RLPolicy,0,0,0,0,2.99573,1,5.72768,89,89,5.65254,574,0.971396
E3-Strict-p005,41.6794,203,203,RLPolicy,0,0,0,0,2.99573,1,4.46132,72,72,4.40854,574,0.991646
E3-Strict-p005,41.68,397,558,RLPolicy,1,1,0.0957381,2.07944,2.99573,5,4.99743,49,217,4.55342,574,0.995419
E3-Strict-p005,41.6803,60,60,RLPolicy,0,0,0,0,2.99573,1,4.89703,49,49,4.83317,574,0.971329
E3-Strict-p005,41.6869,35,37,RLPolicy,1,1,0.0422948,2.46721,2.99573,6,5.45063,165,262,5.02154,574,0.962234
E3-Strict-p005,41.6932,249,249,RLPolicy,0,0,0,0,2.99573,1,4.25674,35,35,4.20781,574,0.989721
E3-Strict-p005,41.6973,134,134,RLPolicy,0,0,0,0,2.99573,1,4.64053,8,8,4.47365,574,0.989721
E3-Strict-p005,41.7002,139,434,RLPolicy,1,1,0.0546778,2.77259,2.99573,6,5.52077,292,301,5.11594,574,0.986374
E3-Strict-p005,41.7018,11,20,RLPolicy,1,1,0.0060726,2.31306,2.99573,6,5.96916,162,201,5.62151,574,0.982059
E3-Strict-p005,41.7058,317,317,RLPolicy,0,0,0,0,2.99573,1,4.85887,88,88,4.77746,574,0.998884
E3-Strict-p005,41.7059,244,244,RLPolicy,0,0,0,0,2.99573,1,4.63813,63,63,4.53915,574,0.98279
E3-Strict-p005,41.7059,213,536,RLPolicy,1,1,0.0754126,2.46429,2.99573,6,5.49251,188,215,5.04781,574,0.980941
E3-Strict-p005,41.7128,349,478,RLPolicy,1,1,0.0925399,2.07944,2.99573,5,7.30804,105,206,6.69308,574,0.994303
E3-Strict-p005,41.723,150,150,RLPolicy,0,0,0,0,2.99573,1,5.11052,67,67,5.02992,574,0.989721
E3-Strict-p005,41.7244,169,472,RLPolicy,1,1,0.0555276,2.46429,2.99573,6,6.57389,91,353,5.64662,574,0.987064
E3-Strict-p005,41.7316,218,482,RLPolicy,1,1,0.0725029,2.77259,2.99573,6,6.4131,184,316,5.97036,574,0.985259
E3-Strict-p005,41.733,116,528,RLPolicy,1,1,0.0581612,2.77259,2.99573,6,4.80071,233,245,4.57531,574,0.974861
E3-Strict-p005,41.7398,27,531,RLPolicy,1,1,0.0319605,2.54959,2.99573,7,6.66269,186,395,5.69118,574,0.948079
E3-Strict-p005,41.7446,437,477,RLPolicy,1,1,0.106793,2.77259,2.99573,6,5.15222,131,339,4.54852,574,0.998884
E3-Strict-p005,41.7462,219,151,RLPolicy,1,1,0.0598649,2.77259,2.99573,6,6.00805,117,265,5.48967,574,0.988606
E3-Strict-p005,41.7536,333,333,RLPolicy,0,0,0,0,2.99573,1,4.28805,92,92,4.21237,2,0.989721
E3-Strict-p005,41.7551,414,414,RLPolicy,0,0,0,0,2.99573,1,5.30654,72,72,5.19086,574,1
E3-Strict-p005,41.7555,330,330,RLPolicy,0,0,0,0,2.99573,1,4.81521,51,51,4.73026,574,0.990837
E3-Strict-p005,41.7559,319,319,RLPolicy,0,0,0,0,2.99573,1,4.63232,30,30,4.54321,574,1
E3-Strict-p005,41.7595,295,491,RLPolicy,1,1,0.0693909,1.38629,2.99573,4,7.86371,0,162,7.43516,574,0.987371
E3-Strict-p005,41.7615,220,494,RLPolicy,1,1,0.0599586,2.77259,2.99573,6,5.47583,130,307,5.01485,574,0.984024
E3-Strict-p005,41.767,224,93,RLPolicy,1,1,0.080293,2.77259,2.99573,6,5.81446,187,235,5.15941,574,0.982908
E3-Strict-p005,41.7683,73,14,RLPolicy,1,1,0.00609078,2.77259,2.99573,6,6.57711,248,253,6.2485,574,0.973746
E3-Strict-p005,41.7693,82,312,RLPolicy,1,1,0.0446595,2.07944,2.99573,5,6.22532,80,294,5.656,574,0.985259
E3-Strict-p005,41.774,152,480,RLPolicy,1,1,0.0658922,2.77259,2.99573,6,5.05402,161,199,4.78509,574,0.986374
E3-Strict-p005,41.7834,296,510,RLPolicy,1,1,0.0796868,2.77259,2.99573,6,5.89539,106,408,5.18349,574,0.993187
E3-Strict-p005,41.7851,340,218,RLPolicy,1,1,0.0858819,2.07944,2.99573,5,4.57336,69,216,4.27464,574,0.990837
E3-Strict-p005,41.787,446,578,RLPolicy,1,1,0.110195,2.77259,2.99573,6,5.48877,145,286,4.96904,574,0.998884
E3-Strict-p005,41.7905,223,223,RLPolicy,0,0,0,0,2.99573,1,5.171,66,66,5.03711,574,0.995419
E3-Strict-p005,41.793,401,520,RLPolicy,1,1,0.00706623,2.77259,2.99573,6,4.78517,296,314,4.40259,574,0.997769
E3-Strict-p005,41.7957,405,405,RLPolicy,0,0,0,0,2.99573,1,4.03826,59,59,3.96919,574,1
E3-Strict-p005,41.8064,211,349,RLPolicy,1,1,0.063488,2.07944,2.99573,5,7.46806,119,227,7.0073,573,0.986293
E3-Strict-p005,41.8082,313,523,RLPolicy,1,1,0.0924316,2.77259,2.99573,6,5.93171,295,346,5.24566,573,0.996653
E3-Strict-p005,41.8227,94,531,RLPolicy,1,1,0.0530719,2.61844,2.99573,6,6.77586,236,356,6.10772,573,0.956455
E3-Strict-p005,41.8236,5,5,RLPolicy,0,0,0,0,2.99573,1,4.65318,71,71,4.53793,573,0.984729
E3-Strict-p005,41.8249,113,91,RLPolicy,1,1,0.0585832,2.77259,2.99573,6,5.81996,95,327,5.23611,573,0.970663
E3-Strict-p005,41.8317,198,198,RLPolicy,0,0,0,0,2.99573,1,4.15856,29,29,4.10241,573,0.992071
E3-Strict-p005,41.8346,92,403,RLPolicy,1,1,0.0523017,2.77259,2.99573,6,6.45542,103,190,6.06564,573,0.998884
E3-Strict-p005,41.8457,129,129,RLPolicy,0,0,0,0,2.99573,1,4.67571,26,26,4.55317,573,0.993532
E3-Strict-p005,41.8562,22,76,RLPolicy,1,1,0.0364284,2.85497,2.99573,7,4.90624,96,415,4.30286,573,0.971224
E3-Strict-p005,41.8591,381,170,RLPolicy,1,1,0.095249,2.77259,2.99573,6,5.80118,227,388,5.33282,573,0.993187
E3-Strict-p005,41.8632,34,248,RLPolicy,1,1,0.0341525,2.46721,2.99573,6,6.22878,79,369,5.49223,573,0.967642
E3-Strict-p005,41.874,292,292,RLPolicy,0,0,0,0,2.99573,1,5.73349,69,69,5.51431,573,1
E3-Strict-p005,41.8742,230,230,RLPolicy,0,0,0,0,2.99573,1,4.56495,10,10,4.48754,573,1
E3-Strict-p005,41.8745,365,447,RLPolicy,1,1,0.105482,2.77259,2.99573,6,5.89469,251,262,5.4385,573,0.996653
E3-Strict-p005,41.8759,157,149,RLPolicy,1,1,0.0674817,2.61844,2.99573,6,5.86966,90,308,5.17722,573,0.976742
E3-Strict-p005,41.8791,58,216,RLPolicy,1,1,0.0482121,2.46721,2.99573,6,5.15545,259,301,4.78571,573,0.972219
E3-Strict-p005,41.8985,431,396,RLPolicy,1,1,0.00564001,2.77259,2.99573,6,9.18659,146,156,8.86303,573,0.998884
E3-Strict-p005,41.9059,136,226,RLPolicy,1,1,0.047343,2.07944,2.99573,5,5.4171,129,213,4.94813,574,0.964464
E3-Strict-p005,41.909,445,450,RLPolicy,1,1,0.116778,2.77259,2.99573,6,5.17875,199,218,4.5849,574,0.998884
E3-Strict-p005,41.9116,371,371,RLPolicy,0,0,0,0,2.99573,1,5.2959,29,29,5.22628,574,1
E3-Strict-p005,41.9171,236,96,RLPolicy,1,1,0.0647049,2.77259,2.99573,6,6.43774,245,307,6.01984,574,0.982908
E3-Strict-p005,41.9239,372,248,RLPolicy,1,1,0.0885577,2.07944,2.99573,5,7.06825,31,282,6.53541,574,0.987371
E3-Strict-p005,41.9265,104,474,RLPolicy,1,1,0.0523758,2.07944,2.99573,5,7.1757,88,226,6.79474,574,0.992799
E3-Strict-p005,41.928,438,569,RLPolicy,1,1,0.113958,2.77259,2.99573,6,3.44155,92,103,3.28103,574,0.998884
E3-Strict-p005,41.9334,423,244,RLPolicy,1,1,0.104674,2.77259,2.99573,6,7.35612,248,305,6.99587,574,0.998884
E3-Strict-p005,41.9609,159,159,RLPolicy,0,0,0,0,2.99573,1,5.43531,24,24,5.34151,574,0.997769
E3-Strict-p005,41.9629,246,72,RLPolicy,1,1,0.0864797,2.77259,2.99573,6,5.07081,130,147,4.74666,574,0.992071
E3-Strict-p005,41.963,385,385,RLPolicy,0,0,0,0,2.99573,1,5.23373,83,83,5.13903,574,0.995419
E3-Strict-p005,41.9697,380,245,RLPolicy,1,1,0.091197,1.38629,2.99573,4,5.30397,0,80,4.93845,574,0.991953
E3-Strict-p005,41.9719,41,41,RLPolicy,0,0,0,0,2.99573,1,7.45168,88,88,7.31,574,0.96153
E3-Strict-p005,41.9759,424,274,RLPolicy,1,1,0.100343,1.38629,2.99573,4,5.22573,0,155,4.73892,574,0.991953
E3-Strict-p005,41.9815,69,69,RLPolicy,0,0,0,0,2.99573,1,5.14359,62,62,5.03767,574,0.962233
E3-Strict-p005,41.9821,42,89,RLPolicy,1,1,0.00727184,2.85497,2.99573,7,5.74908,319,329,5.12503,574,0.978828
E3-Strict-p005,41.9881,239,239,RLPolicy,0,0,0,0,2.99573,1,5.51785,28,28,5.38819,574,0.993187
E3-Strict-p005,41.9924,199,199,RLPolicy,0,0,0,0,2.99573,1,4.42377,72,72,4.34695,574,0.994303
E3-Strict-p005,42.0027,111,111,RLPolicy,0,0,0,0,2.99573,1,5.47734,93,93,5.37962,2,0.981674
E3-Strict-p005,42.0045,304,304,RLPolicy,0,0,0,0,2.99573,1,4.73457,61,61,4.67147,574,0.971277
E3-Strict-p005,42.0099,289,289,RLPolicy,0,0,0,0,2.99573,1,4.33668,10,10,4.27276,574,1
E3-Strict-p005,42.0112,194,194,RLPolicy,0,0,0,0,2.99573,1,4.809,87,87,4.72241,574,0.981674
E3-Strict-p005,42.0119,30,526,RLPolicy,1,1,0.0434174,2.85497,2.99573,7,5.18393,357,365,4.78507,574,0.97011
E3-Strict-p005,42.0147,240,240,RLPolicy,0,0,0,0,2.99573,1,5.90429,34,34,5.81519,574,0.993187
E3-Strict-p005,42.0153,21,482,RLPolicy,1,1,0.0401853,2.46721,2.99573,6,4.21804,250,302,3.86453,574,0.974781
E3-Strict-p005,42.0171,24,276,RLPolicy,1,1,0.0357223,1.46868,2.99573,5,5.07763,0,288,4.70244,574,0.976219
E3-Strict-p005,42.0191,10,416,RLPolicy,1,1,0.00770914,2.85497,2.99573,7,5.26506,279,300,4.75348,574,0.980387
E3-Strict-p005,42.0209,222,77,RLPolicy,1,1,0.0765915,2.77259,2.99573,6,5.84132,272,350,5.09954,574,0.974861
E3-Strict-p005,42.0235,98,415,RLPolicy,1,1,0.0406836,1.77114,2.99573,5,6.4291,86,231,5.85543,574,0.983598
E3-Strict-p005,42.0273,2,7,RLPolicy,1,1,0.0403394,2.77259,2.99573,6,5.91775,163,229,5.40644,574,0.992071
E3-Strict-p005,42.0304,362,183,RLPolicy,1,1,0.0976078,2.77259,2.99573,6,7.10674,196,236,6.55665,574,0.989721
E3-Strict-p005,42.0348,4,161,RLPolicy,1,1,0.0245615,2.85497,2.99573,7,4.58309,98,105,4.11352,574,0.996654
E3-Strict-p005,42.0396,29,29,RLPolicy,0,0,0,0,2.99573,1,5.71828,37,37,5.62504,574,0.987903
E3-Strict-p005,42.0439,179,579,RLPolicy,1,1,0.0619958,2.77259,2.99573,6,5.17635,265,310,4.8573,574,0.975977
E3-Strict-p005,42.0519,64,458,RLPolicy,1,1,0.0465974,2.77259,2.99573,6,5.83854,84,388,5.33283,574,0.990956
E3-Strict-p005,42.0615,366,366,RLPolicy,0,0,0,0,2.99573,1,5.80914,83,83,5.61063,574,0.991953
E3-Strict-p005,42.0839,191,191,RLPolicy,0,0,0,0,2.99573,1,5.85192,70,70,5.77873,574,0.993187
E3-Strict-p005,42.0842,345,181,RLPolicy,1,1,0.100313,2.77259,2.99573,6,5.0369,186,216,4.77759,574,0.993187
E3-Strict-p005,42.086,270,100,RLPolicy,1,1,0.0745765,0.693147,2.99573,3,4.70764,0,76,4.4962,574,0.981674
E3-Strict-p005,42.0887,391,391,RLPolicy,0,0,0,0,2.99573,1,8.42818,65,65,8.2819,574,1
E3-Strict-p005,42.0892,188,188,RLPolicy,0,0,0,0,2.99573,1,4.8444,13,13,4.78003,574,1
E3-Strict-p005,42.1025,75,75,RLPolicy,0,0,0,0,2.99573,1,4.94913,63,63,4.86586,572,0.993187
E3-Strict-p005,42.1025,264,264,RLPolicy,0,0,0,0,2.99573,1,4.25946,20,20,4.20173,572,0.998884
E3-Strict-p005,42.1073,315,534,RLPolicy,1,1,0.0975572,2.77259,2.99573,6,9.32342,68,178,8.96358,572,0.997769
E3-Strict-p005,42.1107,216,17,RLPolicy,1,1,0.0573116,1.38629,2.99573,4,5.60156,0,221,5.33336,572,0.966696
E3-Strict-p005,42.1131,399,124,RLPolicy,1,1,0.0989446,2.77259,2.99573,6,5.25376,202,235,4.96663,572,0.997769
E3-Strict-p005,42.1153,107,538,RLPolicy,1,1,0.0418603,2.07944,2.99573,5,5.10974,103,202,4.77941,572,0.966733
E3-Strict-p005,42.1207,57,57,RLPolicy,0,0,0,0,2.99573,1,4.01248,10,10,3.96207,572,0.998884
E3-Strict-p005,42.124,221,353,RLPolicy,1,1,0.0699677,2.77259,2.99573,6,6.0135,228,266,5.63754,572,0.984024
E3-Strict-p005,42.1459,122,398,RLPolicy,1,1,0.0441918,2.77259,2.99573,6,5.10484,69,303,4.63787,572,0.993306
E3-Strict-p005,42.1563,231,17,RLPolicy,1,1,0.0825711,2.77259,2.99573,6,6.91754,270,296,6.39358,572,0.985259
E3-Strict-p005,42.1683,389,389,RLPolicy,0,0,0,0,2.99573,1,4.04282,11,11,3.94211,572,1
E3-Strict-p005,42.1819,131,131,RLPolicy,0,0,0,0,2.99573,1,5.76123,43,43,5.65536,572,0.98279
E3-Strict-p005,42.1834,31,31,RLPolicy,0,0,0,0,2.99573,1,4.80158,70,70,4.68646,572,0.983321
E3-Strict-p005,42.1858,452,452,RLPolicy,0,0,0,0,2.99573,1,5.14665,1,1,5.09286,572,1
E3-Strict-p005,42.1919,435,435,RLPolicy,0,0,0,0,2.99573,1,4.6445,13,13,4.58244,572,1
E3-Strict-p005,42.1971,233,233,RLPolicy,0,0,0,0,2.99573,1,5.02247,51,51,4.95101,572,0.983906
E3-Strict-p005,42.2054,412,125,RLPolicy,1,1,0.101848,2.77259,2.99573,6,5.55869,44,267,4.93133,575,0.994303
E3-Strict-p005,42.2105,360,360,RLPolicy,0,0,0,0,2.99573,1,7.68267,17,17,7.54828,575,1
E3-Strict-p005,42.2109,33,172,RLPolicy,1,1,0.0459888,2.54959,2.99573,7,5.37438,66,341,4.6844,575,0.973868
E3-Strict-p005,42.2227,335,381,RLPolicy,1,1,0.0847605,0.693147,2.99573,3,5.5452,0,133,4.82463,575,0.987371
E3-Strict-p005,42.2356,286,286,RLPolicy,0,0,0,0,2.99573,1,4.47296,21,21,4.39924,575,0.974743
E3-Strict-p005,42.2357,71,71,RLPolicy,0,0,0,0,2.99573,1,3.5989,15,15,3.55653,575,0.998884
E3-Strict-p005,42.2393,301,301,RLPolicy,0,0,0,0,2.99573,1,8.76815,15,15,8.69698,575,1
E3-Strict-p005,42.2397,174,174,RLPolicy,0,0,0,0,2.99573,1,5.9588,71,71,5.86983,575,0.996653
E3-Strict-p005,42.241,259,533,RLPolicy,1,1,0.0700701,2.77259,2.99573,6,5.16083,251,285,4.8768,575,0.997769
E3-Strict-p005,42.2418,70,70,RLPolicy,0,0,0,0,2.99573,1,4.56127,62,62,4.4817,575,0.988724
E3-Strict-p005,42.2496,285,81,RLPolicy,1,1,0.0930615,2.77259,2.99573,6,4.41973,220,240,4.22283,575,0.988606
E3-Strict-p005,42.2502,314,152,RLPolicy,1,1,0.0810535,2.77259,2.99573,6,6.95395,69,185,6.27521,575,0.995537
E3-Strict-p005,42.2562,338,338,RLPolicy,0,0,0,0,2.99573,1,4.8212,69,69,4.73235,575,0.992416
E3-Strict-p005,42.2586,137,137,RLPolicy,0,0,0,0,2.99573,1,4.46516,18,18,4.39723,575,0.995882
E3-Strict-p005,42.2636,84,84,RLPolicy,0,0,0,0,2.99573,1,7.52074,77,77,7.42032,575,0.976322
E3-Strict-p005,42.2692,326,326,RLPolicy,0,0,0,0,2.99573,1,4.53639,66,66,4.47931,575,0.994303
E3-Strict-p005,42.2748,185,185,RLPolicy,0,0,0,0,2.99573,1,5.36821,53,53,5.2552,575,0.971277
E3-Strict-p005,42.2918,142,151,RLPolicy,1,1,0.0563892,2.77259,2.99573,6,5.0477,127,320,4.43408,575,0.984024
E3-Strict-p005,42.2946,432,175,RLPolicy,1,1,0.10261,2.07944,2.99573,5,4.95416,144,217,4.59887,575,0.995419
E3-Strict-p005,42.2956,359,359,RLPolicy,0,0,0,0,2.99573,1,5.34336,51,51,5.21971,575,0.994303
E3-Strict-p005,42.2992,120,120,RLPolicy,0,0,0,0,2.99573,1,4.11147,15,15,4.06318,575,1
E3-Strict-p005,42.302,87,521,RLPolicy,1,1,0.0529973,2.07944,2.99573,5,7.83492,67,291,7.36865,575,0.978327
E3-Strict-p005,42.3023,242,242,RLPolicy,0,0,0,0,2.99573,1,4.61738,57,57,4.56024,575,0.98279
E3-Strict-p005,42.3024,255,309,RLPolicy,1,1,0.0718944,2.77259,2.99573,6,4.85315,137,359,4.19609,575,0.990837
E3-Strict-p005,42.3053,235,571,RLPolicy,1,1,0.0624049,2.77259,2.99573,6,10.3126,274,321,9.87639,575,0.995537
E3-Strict-p005,42.311,434,558,RLPolicy,1,1,0.104147,2.77259,2.99573,6,8.78482,101,255,8.16105,575,0.998884
E3-Strict-p005,42.3133,100,102,RLPolicy,1,1,0.0517176,2.07944,2.99573,5,5.91688,30,302,5.35684,575,0.991301
E3-Strict-p005,42.3137,165,165,RLPolicy,0,0,0,0,2.99573,1,6.97033,62,62,6.76462,575,0.982908
E3-Strict-p005,42.3206,178,178,RLPolicy,0,0,0,0,2.99573,1,4.42403,17,17,4.36576,575,0.995111
E3-Strict-p005,42.3214,261,549,RLPolicy,1,1,0.0758566,2.77259,2.99573,6,5.24025,149,290,4.78156,575,0.997769
E3-Strict-p005,42.3245,23,23,RLPolicy,0,0,0,0,2.99573,1,5.07061,72,72,5.00927,575,0.973671
E3-Strict-p005,42.3289,77,379,RLPolicy,1,1,0.0577568,2.77259,2.99573,6,5.21377,291,318,4.81828,575,0.977211
E3-Strict-p005,42.3391,272,272,RLPolicy,0,0,0,0,2.99573,1,4.82525,60,60,4.74957,575,0.986719
E3-Strict-p005,42.3412,79,431,RLPolicy,1,1,0.0609614,2.77259,2.99573,6,5.08279,112,184,4.701,575,0.979443
E3-Strict-p005,42.3419,32,267,RLPolicy,1,1,0.035575,2.07944,2.99573,5,4.38424,83,228,4.03333,575,0.968171
E3-Strict-p005,42.3422,291,416,RLPolicy,1,1,0.0707819,2.77259,2.99573,6,8.36536,83,317,7.81696,575,0.995537
E3-Strict-p005,42.3441,37,182,RLPolicy,1,1,0.00603636,2.77259,2.99573,6,4.40646,118,138,4.04389,575,0.989841
E3-Strict-p005,42.3465,418,175,RLPolicy,1,1,0.103326,2.77259,2.99573,6,5.29107,330,356,4.72975,575,0.998884
E3-Strict-p005,42.3551,189,8,RLPolicy,1,1,0.0550677,2.77259,2.99573,6,4.71568,147,271,4.3317,575,0.982908
E3-Strict-p005,42.3565,390,214,RLPolicy,1,1,0.094185,2.07944,2.99573,5,9.46705,23,193,9.0116,575,0.98279
E3-Strict-p005,42.3644,187,187,RLPolicy,0,0,0,0,2.99573,1,4.69576,52,52,4.63482,575,0.978004
E3-Strict-p005,42.3696,140,140,RLPolicy,0,0,0,0,2.99573,1,4.4833,34,34,4.42537,575,0.973627
E3-Strict-p005,42.3702,400,553,RLPolicy,1,1,0.100985,2.61844,2.99573,6,5.09823,133,170,4.64823,575,0.998114
E3-Strict-p005,42.3816,409,409,RLPolicy,0,0,0,0,2.99573,1,4.23583,2,2,4.15733,575,1
E3-Strict-p005,42.3839,356,89,RLPolicy,1,1,0.0868674,2.77259,2.99573,6,6.2411,92,343,5.6748,575,0.997769
E3-Strict-p005,42.3846,436,298,RLPolicy,1,1,0.102541,1.38629,2.99573,4,5.31145,0,169,4.88382,575,0.991953
E3-Strict-p005,42.3871,413,413,RLPolicy,0,0,0,0,2.99573,1,3.84126,17,17,3.79527,575,1
E3-Strict-p005,42.4018,288,567,RLPolicy,1,1,0.0939818,2.77259,2.99573,6,5.17971,230,261,4.86131,576,0.991867
E3-Strict-p005,42.4023,146,146,RLPolicy,0,0,0,0,2.99573,1,4.40358,7,7,4.34369,576,1
E3-Strict-p005,42.4122,241,222,RLPolicy,1,1,0.081763,2.77259,2.99573,6,5.59354,232,293,5.04952,576,0.986256
E3-Strict-p005,42.4188,112,42,RLPolicy,1,1,0.0580577,2.61844,2.99573,6,6.68754,287,349,6.28347,576,0.951873
E3-Strict-p005,42.4192,337,337,RLPolicy,0,0,0,0,2.99573,1,3.36153,25,25,3.31885,576,0.994303
E3-Strict-p005,42.42,121,121,RLPolicy,0,0,0,0,2.99573,1,3.79756,10,10,3.74403,576,0.998884
E3-Strict-p005,42.4223,171,510,RLPolicy,1,1,0.0508556,2.77259,2.99573,6,8.6076,122,389,7.49086,576,0.98749
E3-Strict-p005,42.4275,353,353,RLPolicy,0,0,0,0,2.99573,1,4.14777,4,4,4.09117,576,1
E3-Strict-p005,42.4292,416,446,RLPolicy,1,1,0.100136,2.07944,2.99573,5,5.74839,96,295,5.23015,576,0.990837
E3-Strict-p005,42.4309,108,468,RLPolicy,1,1,0.0468265,2.77259,2.99573,6,7.10154,61,271,6.19994,576,0.980558
E3-Strict-p005,42.4329,214,214,RLPolicy,0,0,0,0,2.99573,1,4.40723,65,65,4.30478,576,0.98749
E3-Strict-p005,42.4532,28,28,RLPolicy,0,0,0,0,2.99573,1,4.67954,35,35,4.61545,576,0.962579
E3-Strict-p005,42.4551,256,256,RLPolicy,0,0,0,0,2.99573,1,3.8229,8,8,3.77115,576,1
E3-Strict-p005,42.4579,184,23,RLPolicy,0,0,0.068085,0.538997,2.99573,2,5.01896,72,135,4.85298,576,0.979362
E3-Strict-p005,42.4648,303,303,RLPolicy,0,0,0,0,2.99573,1,4.57269,18,18,4.49465,576,0.998884
E3-Strict-p005,42.4663,72,233,RLPolicy,1,1,0.0444953,2.77259,2.99573,6,4.25295,72,93,4.00287,576,0.990956
E3-Strict-p005,42.4724,258,258,RLPolicy,0,0,0,0,2.99573,1,4.75142,60,60,4.68397,576,0.996653
E3-Strict-p005,42.4732,133,288,RLPolicy,1,1,0.0491133,2.07944,2.99573,5,6.49737,72,267,5.9749,576,0.980677
E3-Strict-p005,42.4806,85,85,RLPolicy,0,0,0,0,2.99573,1,5.03752,11,11,4.94823,576,0.994303
E3-Strict-p005,42.4809,18,18,RLPolicy,0,0,0,0,2.99573,1,4.47434,68,68,4.37674,576,0.972632
E3-Strict-p005,42.492,456,456,RLPolicy,0,0,0,0,2.99573,1,3.70381,8,8,3.63399,3,1
E3-Strict-p005,42.5032,212,212,RLPolicy,0,0,0,0,2.99573,1,4.61866,74,74,4.55146,576,0.993187
E3-Strict-p005,42.5033,428,90,RLPolicy,1,1,0.126133,2.77259,2.99573,6,3.92046,53,74,3.6673,576,0.998884
E3-Strict-p005,42.5044,6,505,RLPolicy,1,1,0.0362811,1.77406,2.99573,5,4.89829,13,255,4.55755,576,0.973341
E3-Strict-p005,42.5086,341,341,RLPolicy,0,0,0,0,2.99573,1,4.32357,15,15,4.25606,576,0.996653
E3-Strict-p005,42.5096,149,149,RLPolicy,0,0,0,0,2.99573,1,6.19109,115,115,6.08498,576,0.970161
E3-Strict-p005,42.5096,106,106,RLPolicy,0,0,0,0,2.99573,1,5.05336,61,61,4.96639,576,0.990956
E3-Strict-p005,42.5148,78,78,RLPolicy,0,0,0,0,2.99573,1,5.06139,49,49,4.99148,576,0.995419
E3-Strict-p005,42.5169,127,229,RLPolicy,1,1,0.0613417,2.77259,2.99573,6,5.20251,211,230,4.91864,576,0.979443
E3-Strict-p005,42.5273,290,290,RLPolicy,0,0,0,0,2.99573,1,4.66279,73,73,4.60291,576,0.998884
E3-Strict-p005,42.5277,422,246,RLPolicy,1,1,0.00743545,2.77259,2.99573,6,4.66827,73,94,4.40948,576,0.998884
E3-Strict-p005,42.5296,369,369,RLPolicy,0,0,0,0,2.99573,1,4.42123,12,12,4.38175,576,0.998884
E3-Strict-p005,42.5313,124,124,RLPolicy,0,0,0,0,2.99573,1,4.47873,69,69,4.40733,576,0.987371
E3-Strict-p005,42.5552,237,182,RLPolicy,1,1,0.0830399,2.77259,2.99573,6,6.43905,206,215,6.0331,576,0.981674
E3-Strict-p005,42.5655,443,443,RLPolicy,0,0,0,0,2.99573,1,4.48427,1,1,4.41834,576,1
E3-Strict-p005,42.5773,176,176,RLPolicy,0,0,0,0,2.99573,1,5.72217,3,3,5.67048,576,0.98514
E3-Strict-p005,42.5774,361,361,RLPolicy,0,0,0,0,2.99573,1,4.87381,16,16,4.80856,576,0.995419
E3-Strict-p005,42.5787,331,331,RLPolicy,0,0,0,0,2.99573,1,4.6647,72,72,4.60349,576,1
E3-Strict-p005,42.5813,245,245,RLPolicy,0,0,0,0,2.99573,1,5.49441,61,61,5.41,576,0.984024
E3-Strict-p005,42.6005,119,119,RLPolicy,0,0,0,0,2.99573,1,4.93229,94,94,4.82448,2,0.981674
E3-Strict-p005,42.6015,358,358,RLPolicy,0,0,0,0,2.99573,1,4.67489,67,67,4.6109,576,1
E3-Strict-p005,42.6018,383,383,RLPolicy,0,0,0,0,2.99573,1,4.26161,15,15,4.19447,576,1
E3-Strict-p005,42.602,47,185,RLPolicy,1,1,0.0428074,2.85497,2.99573,7,7.45201,37,348,6.82214,576,0.984144
E3-Strict-p005,42.6026,13,13,RLPolicy,0,0,0,0,2.99573,1,5.38554,60,60,5.23205,576,0.969228
E3-Strict-p005,42.6047,316,559,RLPolicy,1,1,0.0871216,2.77259,2.99573,6,7.50221,238,274,7.2375,576,0.997769
E3-Strict-p005,42.6093,145,145,RLPolicy,0,0,0,0,2.99573,1,4.71454,72,72,4.62544,576,0.998884
E3-Strict-p005,42.6113,321,321,RLPolicy,0,0,0,0,2.99573,1,6.6919,11,11,6.61148,576,0.991953
E3-Strict-p005,42.6178,344,344,RLPolicy,0,0,0,0,2.99573,1,4.10401,11,11,4.05014,576,1
E3-Strict-p005,42.6184,306,129,RLPolicy,1,1,0.0782651,2.07944,2.99573,5,6.20376,59,165,5.8895,576,0.994303
E3-Strict-p005,42.6252,364,214,RLPolicy,1,1,0.099929,2.77259,2.99573,6,5.68625,69,126,5.37524,576,0.990837
E3-Strict-p005,42.635,147,253,RLPolicy,1,1,0.0472952,2.77259,2.99573,6,6.36458,103,362,5.52927,576,0.972975
E3-Strict-p005,42.6362,163,163,RLPolicy,0,0,0,0,2.99573,1,5.00194,62,62,4.93297,576,0.990837
E3-Strict-p005,42.6396,379,379,RLPolicy,0,0,0,0,2.99573,1,5.6891,60,60,5.60096,576,0.998884
E3-Strict-p005,42.6521,90,90,RLPolicy,0,0,0,0,2.99573,1,5.45242,35,35,5.36189,576,0.998884
E3-Strict-p005,42.6569,350,540,RLPolicy,1,1,0.0890181,2.77259,2.99573,6,6.66546,226,262,6.11821,576,0.997769
E3-Strict-p005,42.6636,287,287,RLPolicy,0,0,0,0,2.99573,1,4.55298,10,10,4.46284,576,0.993187
E3-Strict-p005,42.6672,273,109,RLPolicy,1,1,0.0884953,2.77259,2.99573,6,4.81139,299,304,4.55066,576,0.995537
E3-Strict-p005,42.6834,388,388,RLPolicy,0,0,0,0,2.99573,1,5.64112,24,24,5.52526,576,0.998884
E3-Strict-p005,42.6945,141,141,RLPolicy,0,0,0,0,2.99573,1,4.64933,72,72,4.55463,576,0.995419
E3-Strict-p005,42.6959,192,490,RLPolicy,1,1,0.053709,0.693147,2.99573,3,5.01517,0,14,4.82037,576,0.98279
E3-Strict-p005,42.6982,268,73,RLPolicy,1,1,0.0802927,2.77259,2.99573,6,6.10903,106,331,5.36353,576,0.973627
E3-Strict-p005,42.7006,202,202,RLPolicy,0,0,0,0,2.99573,1,5.59275,56,56,5.37387,576,0.995537
E3-Strict-p005,42.7033,193,46,RLPolicy,1,1,0.0546296,0.693147,2.99573,3,5.79041,0,141,5.43076,576,0.979481
E3-Strict-p005,42.7076,15,15,RLPolicy,0,0,0,0,2.99573,1,9.15822,24,24,9.01073,576,0.991568
E3-Strict-p005,42.71,36,36,RLPolicy,0,0,0,0,2.99573,1,4.14541,15,15,4.0861,576,0.983613
E3-Strict-p005,42.712,332,332,RLPolicy,0,0,0,0,2.99573,1,4.5956,50,50,4.53045,576,0.997769
E3-Strict-p005,42.7134,247,177,RLPolicy,1,1,0.0686281,2.77259,2.99573,6,7.3255,162,199,6.94647,576,0.990956
E3-Strict-p005,42.7237,260,260,RLPolicy,0,0,0,0,2.99573,1,4.35367,60,60,4.29461,576,0.993187
E3-Strict-p005,42.7314,135,285,RLPolicy,1,1,0.046178,0.693147,2.99573,3,6.05434,0,152,5.59548,576,0.97028
E3-Strict-p005,42.7325,318,318,RLPolicy,0,0,0,0,2.99573,1,4.62535,1,1,4.55965,576,1
E3-Strict-p005,42.7367,327,327,RLPolicy,0,0,0,0,2.99573,1,8.62056,23,23,8.54491,576,0.997769
E3-Strict-p005,42.737,253,22,RLPolicy,1,1,0.0668348,2.07944,2.99573,5,6.27765,106,270,5.65783,576,0.988402
E3-Strict-p005,42.7389,229,229,RLPolicy,0,0,0,0,2.99573,1,8.73224,73,73,8.6361,576,0.998884
E3-Strict-p005,42.7414,406,182,RLPolicy,1,1,0.100216,2.77259,2.99573,6,6.09237,223,280,5.56332,576,0.994303
E3-Strict-p005,42.7418,251,248,RLPolicy,1,1,0.0624998,2.07944,2.99573,5,9.84602,30,263,9.1678,576,0.96793
E3-Strict-p005,42.7426,156,156,RLPolicy,0,0,0,0,2.99573,1,7.23831,96,96,7.12091,576,0.981793
E3-Strict-p005,42.7626,277,277,RLPolicy,0,0,0,0,2.99573,1,4.87081,1,1,4.76393,576,1
E3-Strict-p005,42.7677,248,248,RLPolicy,0,0,0,0,2.99573,1,6.38068,48,48,6.25237,576,0.978246
E3-Strict-p005,42.7705,310,310,RLPolicy,0,0,0,0,2.99573,1,6.24215,47,47,6.14841,576,0.989759
E3-Strict-p005,42.7751,138,138,RLPolicy,0,0,0,0,2.99573,1,4.28717,85,85,4.21299,2,0.984024
E3-Strict-p005,42.7786,51,51,RLPolicy,0,0,0,0,2.99573,1,5.39456,19,19,5.27131,576,0.994303
E3-Strict-p005,42.7823,88,569,RLPolicy,1,1,0.05378,2.77259,2.99573,6,4.94588,40,291,4.42025,576,0.982908
E3-Strict-p005,42.7841,153,580,RLPolicy,1,1,0.0552011,2.07944,2.99573,5,6.39269,76,169,6.03945,576,0.973746
E3-Strict-p005,42.7907,99,99,RLPolicy,0,0,0,0,2.99573,1,5.83113,58,58,5.72577,576,0.984024
E3-Strict-p005,42.7911,232,232,RLPolicy,0,0,0,0,2.99573,1,6.05346,64,64,5.95246,576,0.993187
E3-Strict-p005,42.7922,375,375,RLPolicy,0,0,0,0,2.99573,1,5.17534,77,77,5.07869,576,1
E3-Strict-p005,42.7932,394,394,RLPolicy,0,0,0,0,2.99573,1,7.82352,61,61,7.69665,576,0.990837
E3-Strict-p005,42.7953,402,402,RLPolicy,0,0,0,0,2.99573,1,5.22715,66,66,5.14811,576,0.988487
E3-Strict-p005,42.7963,396,396,RLPolicy,0,0,0,0,2.99573,1,5.1368,75,75,5.03673,576,0.994303
E3-Strict-p005,42.8035,168,568,RLPolicy,1,1,0.0553713,2.77259,2.99573,6,10.98,56,344,10.0961,576,0.99219
E3-Strict-p005,42.8131,14,268,RLPolicy,1,1,0.0303497,1.38629,2.99573,4,6.28517,0,118,5.64177,576,0.981674
E3-Strict-p005,42.8147,355,355,RLPolicy,0,0,0,0,2.99573,1,4.56987,20,20,4.48785,576,0.989721
E3-Strict-p005,42.8149,16,103,RLPolicy,1,1,0.0308707,2.16183,2.99573,6,5.56468,25,322,5.14762,576,0.978328
E3-Strict-p005,42.8159,420,420,RLPolicy,0,0,0,0,2.99573,1,4.29296,23,23,4.24881,576,0.998884
E3-Strict-p005,42.8287,9,4,RLPolicy,1,1,0.0390521,2.85497,2.99573,7,5.13772,152,160,4.72599,576,0.964703
E3-Strict-p005,42.8317,132,132,RLPolicy,0,0,0,0,2.99573,1,5.06561,20,20,4.97897,576,0.995419
E3-Strict-p005,42.8325,160,160,RLPolicy,0,0,0,0,2.99573,1,8.74728,13,13,8.65489,576,1
E3-Strict-p005,42.8345,457,457,RLPolicy,0,0,0,0,2.99573,1,5.12289,28,28,5.00251,576,1
E3-Strict-p005,42.8381,130,130,RLPolicy,0,0,0,0,2.99573,1,3.4935,18,18,3.41894,2,0.993187
E3-Strict-p005,42.8432,386,546,RLPolicy,1,1,0.101736,2.61844,2.99573,6,5.72799,218,243,5.03548,576,0.998114
E3-Strict-p005,42.8439,26,105,RLPolicy,1,1,0.00725677,2.85497,2.99573,7,4.64508,207,225,4.41377,576,0.99818
E3-Strict-p005,42.8567,197,38,RLPolicy,1,1,0.0760987,2.77259,2.99573,6,4.77342,147,191,4.44715,576,0.98749
E3-Strict-p005,42.8608,173,173,RLPolicy,0,0,0,0,2.99573,1,5.83183,70,70,5.73482,576,0.991301
E3-Strict-p005,42.861,297,69,RLPolicy,0,0,0.0698181,1.8563,2.99573,4,4.77028,64,234,4.27278,576,0.993651
E3-Strict-p005,42.8702,252,378,RLPolicy,1,1,0.0641895,2.77259,2.99573,6,5.77426,210,274,5.23563,576,0.997769
E3-Strict-p005,42.8728,425,425,RLPolicy,0,0,0,0,2.99573,1,4.65035,62,62,4.5713,576,0.998884
E3-Strict-p005,42.8771,263,263,RLPolicy,0,0,0,0,2.99573,1,4.68242,70,70,4.57737,576,1
E3-Strict-p005,42.8775,352,352,RLPolicy,0,0,0,0,2.99573,1,4.37175,52,52,4.30079,576,1
E3-Strict-p005,42.8776,62,19,RLPolicy,1,1,0.0465144,2.07944,2.99573,5,5.94078,78,295,5.11036,576,0.981089
E3-Strict-p005,42.8782,312,16,RLPolicy,1,1,0.0821545,2.77259,2.99573,6,6.9242,167,316,6.11382,576,0.992071
E3-Strict-p005,42.8788,329,329,RLPolicy,0,0,0,0,2.99573,1,5.4639,53,53,5.39562,576,0.998884
E3-Strict-p005,42.8805,368,368,RLPolicy,0,0,0,0,2.99573,1,5.02588,53,53,4.88938,576,1
E3-Strict-p005,42.8808,144,144,RLPolicy,0,0,0,0,2.99573,1,4.39752,71,71,4.28905,576,0.993187
E3-Strict-p005,42.8852,217,21,RLPolicy,1,1,0.0769354,0.538997,2.99573,3,5.34498,0,130,4.96761,576,0.973665
E3-Strict-p005,42.8936,126,126,RLPolicy,0,0,0,0,2.99573,1,6.62215,65,65,6.55035,576,0.992071
E3-Strict-p005,42.8989,209,209,RLPolicy,0,0,0,0,2.99573,1,4.03777,4,4,3.98054,576,1
E3-Strict-p005,42.9008,265,265,RLPolicy,0,0,0,0,2.99573,1,4.74393,69,69,4.66351,578,0.995537
E3-Strict-p005,42.9038,155,155,RLPolicy,0,0,0,0,2.99573,1,6.64768,67,67,6.48783,578,0.981674
E3-Strict-p005,42.9097,80,535,RLPolicy,1,1,0.0497957,2.07944,2.99573,5,5.36937,48,248,4.85729,578,0.981674
E3-Strict-p005,42.9114,143,564,RLPolicy,1,1,0.0492324,0.693147,2.99573,3,4.29836,0,16,4.14159,578,0.975088
E3-Strict-p005,42.9217,451,451,RLPolicy,0,0,0,0,2.99573,1,5.20781,34,34,5.14649,578,1
E3-Strict-p005,42.9283,276,28,RLPolicy,1,1,0.0680287,1.92529,2.99573,5,5.12198,18,224,4.66124,578,0.982057
E3-Strict-p005,42.9358,426,426,RLPolicy,0,0,0,0,2.99573,1,3.78033,9,9,3.69563,578,1
E3-Strict-p005,42.9478,161,161,RLPolicy,0,0,0,0,2.99573,1,5.92281,61,61,5.65575,578,0.982828
E3-Strict-p005,42.9601,363,188,RLPolicy,1,1,0.0911577,1.38629,2.99573,4,4.08405,0,43,3.79676,578,0.991953
E3-Strict-p005,42.9648,205,205,RLPolicy,0,0,0,0,2.99573,1,5.57559,66,66,5.50198,578,0.988606
E3-Strict-p005,42.9654,40,459,RLPolicy,1,1,0.0324709,1.77406,2.99573,5,7.78529,25,225,7.20804,578,0.965289
E3-Strict-p005,42.9679,56,147,RLPolicy,1,1,0.006045,2.46721,2.99573,6,4.97633,210,299,4.53276,578,0.985537
E3-Strict-p005,42.9684,96,1,RLPolicy,0,0,0.0504732,0.693147,2.99573,2,4.75246,52,113,4.50236,578,0.988606
E3-Strict-p005,42.9707,302,302,RLPolicy,0,0,0,0,2.99573,1,5.79686,65,65,5.70745,578,0.994303
E3-Strict-p005,42.9821,370,20,RLPolicy,1,1,0.0988674,2.77259,2.99573,6,6.24408,265,294,5.89039,578,0.994303
E3-Strict-p005,42.9825,151,312,RLPolicy,1,1,0.0444741,1.38629,2.99573,4,5.13145,0,216,4.75808,578,0.955339
E3-Strict-p005,42.985,206,206,RLPolicy,0,0,0,0,2.99573,1,4.41242,12,12,4.34883,578,0.984369
E3-Strict-p005,42.9976,417,308,RLPolicy,1,1,0.0370073,0.693147,2.99573,3,4.58256,0,66,4.42663,578,0.987371
E3-Strict-p005,43.0111,322,322,RLPolicy,0,0,0,0,2.99573,1,9.55814,24,24,9.47431,578,1
E3-Strict-p005,43.0148,459,50,RLPolicy,1,1,0.111731,2.77259,2.99573,6,10.753,218,235,10.0786,578,0.998884
E3-Strict-p005,43.0201,440,440,RLPolicy,0,0,0,0,2.99573,1,7.86006,28,28,7.77288,578,1
E3-Strict-p005,43.0274,110,110,RLPolicy,0,0,0,0,2.99573,1,8.38279,11,11,8.31878,578,0.995252
E3-Strict-p005,43.0317,404,404,RLPolicy,0,0,0,0,2.99573,1,8.57597,84,84,8.48498,578,0.995419
E3-Strict-p005,43.0415,323,330,RLPolicy,1,1,0.0841688,2.77259,2.99573,6,7.23946,117,227,6.82133,578,0.98749
E3-Strict-p005,43.0461,201,176,RLPolicy,1,1,0.0717185,2.77259,2.99573,6,5.93399,157,269,5.53569,578,0.972511
E3-Strict-p005,43.0479,283,283,RLPolicy,0,0,0,0,2.99573,1,5.24174,67,67,5.16667,578,0.998884
E3-Strict-p005,43.0514,280,280,RLPolicy,0,0,0,0,2.99573,1,3.87659,1,1,3.82562,578,1
E3-Strict-p005,43.0541,123,123,RLPolicy,0,0,0,0,2.99573,1,5.19342,36,36,5.05402,2,0.995537
E3-Strict-p005,43.0587,20,553,RLPolicy,1,1,0.0386513,2.46721,2.99573,6,6.57929,258,281,5.95126,578,0.950257
E3-Strict-p005,43.06,3,15,RLPolicy,1,1,0.00726999,2.8419,2.99573,7,6.03978,294,313,5.51108,578,0.99295
E3-Strict-p005,43.0602,19,113,RLPolicy,1,1,0.0383988,2.16183,2.99573,6,6.32585,37,280,5.57159,578,0.958185
E3-Strict-p005,43.0676,367,367,RLPolicy,0,0,0,0,2.99573,1,4.17986,74,74,4.12034,578,1
E3-Strict-p005,43.0788,307,172,RLPolicy,1,1,0.0756641,2.77259,2.99573,6,6.14746,139,294,5.52141,578,0.994421
E3-Strict-p005,43.0827,210,258,RLPolicy,1,1,0.0720578,2.77259,2.99573,6,4.87281,89,111,4.60446,578,0.997769
E3-Strict-p005,43.083,128,315,RLPolicy,1,1,0.0631126,2.77259,2.99573,6,5.07235,263,283,4.69366,578,0.959883
E3-Strict-p005,43.0867,177,251,RLPolicy,1,1,0.0716846,2.77259,2.99573,6,6.2359,74,340,5.43077,578,0.980558
E3-Strict-p005,43.0895,45,45,RLPolicy,0,0,0,0,2.99573,1,6.67848,20,20,6.6059,578,0.993187
E3-Strict-p005,43.093,267,267,RLPolicy,0,0,0,0,2.99573,1,4.65041,70,70,4.57546,578,0.998884
E3-Strict-p005,43.0993,46,46,RLPolicy,0,0,0,0,2.99573,1,5.61372,56,56,5.5226,2,0.996654
E3-Strict-p005,43.0997,228,228,RLPolicy,0,0,0,0,2.99573,1,4.17729,1,1,4.09881,578,1
E3-Strict-p005,43.1092,300,97,RLPolicy,1,1,0.0891016,2.77259,2.99573,6,4.78549,281,297,4.29626,579,0.992071
E3-Strict-p005,43.1136,43,43,RLPolicy,0,0,0,0,2.99573,1,6.95729,86,86,6.83039,579,0.956125
E3-Strict-p005,43.1171,196,196,RLPolicy,0,0,0,0,2.99573,1,4.10241,33,33,4.04684,579,0.988402
E3-Strict-p005,43.1238,102,157,RLPolicy,1,1,0.0555454,2.07944,2.99573,5,6.24003,123,256,5.59824,579,0.964922
E3-Strict-p005,43.1243,254,247,RLPolicy,1,1,0.0773461,2.77259,2.99573,6,6.14329,292,336,5.67308,579,0.990956
E3-Strict-p005,43.1245,346,346,RLPolicy,0,0,0,0,2.99573,1,3.71022,10,10,3.66971,579,0.995419
E3-Strict-p005,43.1347,343,312,RLPolicy,1,1,0.108401,2.77259,2.99573,6,5.90734,263,316,5.33345,579,0.98514
E3-Strict-p005,43.1394,12,12,RLPolicy,0,0,0,0,2.99573,1,5.45445,79,79,5.37836,579,0.956006
E3-Strict-p005,43.1401,308,245,RLPolicy,1,1,0.0785505,1.38629,2.99573,4,5.95684,0,82,5.61175,579,0.987371
E3-Strict-p005,43.1404,158,379,RLPolicy,1,1,0.0608261,2.77259,2.99573,6,4.61001,149,252,4.19135,579,0.986256
E3-Strict-p005,43.1406,328,39,RLPolicy,1,1,0.0942645,2.77259,2.99573,6,5.45028,100,116,5.16794,579,0.996653
E3-Strict-p005,43.1454,63,63,RLPolicy,0,0,0,0,2.99573,1,6.22504,49,49,6.12238,579,0.990133
E3-Strict-p005,43.1482,234,234,RLPolicy,0,0,0,0,2.99573,1,5.58309,53,53,5.47707,579,0.972393
E3-Strict-p005,43.1508,81,81,RLPolicy,0,0,0,0,2.99573,1,4.26401,31,31,4.20424,579,0.974743
E3-Strict-p005,43.1582,250,250,RLPolicy,0,0,0,0,2.99573,1,6.04661,69,69,5.94874,579,0.997769
E3-Strict-p005,43.1626,25,191,RLPolicy,1,1,0.0399667,2.46721,2.99573,6,5.45839,173,254,5.0226,579,0.967878
E3-Strict-p005,43.1632,282,306,RLPolicy,1,1,0.0926045,2.07944,2.99573,5,5.64232,89,251,5.10512,579,0.990956
E3-Strict-p005,43.1672,225,410,RLPolicy,1,1,0.0579855,2.77259,2.99573,6,5.64235,128,179,5.21211,579,0.984024
E3-Strict-p005,43.1722,105,266,RLPolicy,1,1,0.0409951,0.693147,2.99573,3,6.8049,0,168,6.45838,579,0.958767
E3-Strict-p005,43.1961,109,109,RLPolicy,0,0,0,0,2.99573,1,5.71419,69,69,5.6115,579,0.993187
E3-Strict-p005,43.1986,167,467,RLPolicy,1,1,0.0525368,2.07944,2.99573,5,6.52203,88,258,5.90571,579,0.992071
E3-Strict-p005,43.2013,238,238,RLPolicy,0,0,0,0,2.99573,1,6.32043,13,13,6.157,579,1
E3-Strict-p005,43.2053,76,76,RLPolicy,0,0,0,0,2.99573,1,5.66943,96,96,5.58212,579,0.988606
E3-Strict-p005,43.207,305,305,RLPolicy,0,0,0,0,2.99573,1,10.9807,66,66,10.7887,579,0.998884
E3-Strict-p005,43.2107,115,340,RLPolicy,1,1,0.0476199,2.77259,2.99573,6,6.62117,109,275,5.81228,579,0.980677
E3-Strict-p005,43.2259,54,54,RLPolicy,0,0,0,0,2.99573,1,5.46893,8,8,5.39768,579,0.995419
E3-Strict-p005,43.231,275,17,RLPolicy,1,1,0.0907587,2.77259,2.99573,6,6.4544,264,289,5.91932,579,0.986374
E3-Strict-p005,43.2311,342,447,RLPolicy,1,1,0.089259,2.77259,2.99573,6,5.9913,136,353,5.40492,579,0.997769
E3-Strict-p005,43.2315,38,38,RLPolicy,0,0,0,0,2.99573,1,5.31988,59,59,5.24453,579,0.977213
E3-Strict-p005,43.237,66,66,RLPolicy,0,0,0,0,2.99573,1,6.42595,62,62,6.31918,579,0.985485
E3-Strict-p005,43.242,50,50,RLPolicy,0,0,0,0,2.99573,1,7.20979,83,83,6.96279,579,0.967901
E3-Strict-p005,43.2423,52,466,RLPolicy,1,1,0.00606799,2.77259,2.99573,6,5.62613,199,222,5.26316,579,0.976096
E3-Strict-p005,43.2543,293,293,RLPolicy,0,0,0,0,2.99573,1,5.45587,59,59,5.37424,579,0.992071
E3-Strict-p005,43.2603,180,180,RLPolicy,0,0,0,0,2.99573,1,8.3452,35,35,8.22188,579,0.997564
E3-Strict-p005,43.2636,39,44,RLPolicy,1,1,0.00945881,2.93444,2.99573,8,5.95453,414,426,5.61802,579,0.982721
E3-Strict-p005,43.2664,347,347,RLPolicy,0,0,0,0,2.99573,1,6.01157,39,39,5.87134,2,0.997769
E3-Strict-p005,43.2711,419,419,RLPolicy,0,0,0,0,2.99573,1,5.46343,52,52,5.34404,579,1
E3-Strict-p005,43.2725,95,95,RLPolicy,0,0,0,0,2.99573,1,5.70288,62,62,5.60857,579,0.971396
E3-Strict-p005,43.2745,395,523,RLPolicy,1,1,0.0977676,2.77259,2.99573,6,6.5563,184,340,5.86923,579,0.998884
E3-Strict-p005,43.2759,348,513,RLPolicy,1,1,0.0871978,2.77259,2.99573,6,5.85763,181,215,5.3998,579,0.998884
E3-Strict-p005,43.2763,281,274,RLPolicy,1,1,0.0942726,2.07944,2.99573,5,5.1463,69,185,4.74006,579,0.988606
E3-Strict-p005,43.28,226,226,RLPolicy,0,0,0,0,2.99573,1,4.82089,5,5,4.72103,579,0.979324
E3-Strict-p005,43.2872,59,103,RLPolicy,1,1,0.0325118,2.77259,2.99573,6,6.68816,68,260,5.95255,579,0.988313
E3-Strict-p005,43.2882,162,7,RLPolicy,1,1,0.0551249,2.77259,2.99573,6,6.13191,190,199,5.65478,579,0.993187
E3-Strict-p005,43.2887,411,214,RLPolicy,1,1,0.117314,2.77259,2.99573,6,4.92958,96,265,4.5393,579,0.997769
E3-Strict-p005,43.3034,339,339,RLPolicy,0,0,0,0,2.99573,1,4.76847,72,72,4.70373,581,0.99868
E3-Strict-p005,43.3079,114,6,RLPolicy,1,1,0.043264,2.07944,2.99573,5,7.80857,18,154,7.24504,581,0.995419
E3-Strict-p005,43.3116,49,109,RLPolicy,1,1,0.0237363,2.77259,2.99573,6,5.31524,75,97,4.80926,581,0.998884
E3-Strict-p005,43.3155,278,278,RLPolicy,0,0,0,0,2.99573,1,5.17621,57,57,5.10115,581,0.982865
E3-Strict-p005,43.317,68,143,RLPolicy,1,1,0.00690251,2.95491,2.99573,6,9.33778,48,55,8.87983,581,0.990978
E3-Strict-p005,43.3184,86,505,RLPolicy,1,1,0.0388859,2.77259,2.99573,6,4.34569,199,209,4.00337,581,0.997769
E3-Strict-p005,43.3214,172,13,RLPolicy,1,1,0.0511947,2.07944,2.99573,5,7.11955,62,292,6.25401,581,0.973627
E3-Strict-p005,43.3274,269,505,RLPolicy,1,1,0.0749185,2.61844,2.99573,6,10.1016,211,256,9.64074,581,0.985485
E3-Strict-p005,43.3299,195,195,RLPolicy,0,0,0,0,2.99573,1,6.59655,60,60,6.29002,581,0.989721
E3-Strict-p005,43.3385,465,465,RLPolicy,0,0,0,0,2.99573,1,4.58713,35,35,4.52913,581,1
E3-Strict-p005,43.3471,1,578,RLPolicy,1,1,0.0356085,2.46721,2.99573,6,7.52156,214,294,6.90221,581,0.974689
E3-Strict-p005,43.3536,266,266,RLPolicy,0,0,0,0,2.99573,1,9.35675,71,71,9.24121,581,0.982402
E3-Strict-p005,43.3617,299,392,RLPolicy,1,1,0.0968431,2.77259,2.99573,6,5.20867,262,281,4.87636,581,0.997769
E3-Strict-p005,43.3654,7,514,RLPolicy,1,1,0.0065286,2.61844,2.99573,6,5.50558,176,193,5.23706,581,0.960704
E3-Strict-p005,43.3721,378,206,RLPolicy,1,1,0.11117,2.77259,2.99573,6,6.857,202,219,6.47971,581,0.984714
E3-Strict-p005,43.3763,430,587,RLPolicy,1,1,0.118291,2.77259,2.99573,6,5.10876,203,218,4.71488,581,0.994303
E3-Strict-p005,43.3781,462,172,RLPolicy,1,1,0.114765,2.77259,2.99573,6,5.68016,110,398,4.99164,581,0.998884
E3-Strict-p005,43.379,262,401,RLPolicy,1,1,0.0711932,2.77259,2.99573,6,6.88899,60,281,6.24311,581,0.969046
E3-Strict-p005,43.3797,382,322,RLPolicy,1,1,0.0954936,2.77259,2.99573,6,5.86911,169,211,5.34987,581,0.998884
E3-Strict-p005,43.3865,458,60,RLPolicy,1,1,0.108667,2.77259,2.99573,6,5.20187,249,407,4.69984,581,0.998884
E3-Strict-p005,43.387,204,103,RLPolicy,1,1,0.0742757,2.26176,2.99573,5,4.85401,116,231,4.44455,581,0.984936
E3-Strict-p005,43.3907,407,467,RLPolicy,1,1,0.0990573,2.77259,2.99573,6,6.4129,90,334,5.80464,581,0.997769
E3-Strict-p005,43.3911,8,8,RLPolicy,0,0,0,0,2.99573,1,5.28849,72,72,5.1496,581,1
E3-Strict-p005,43.3993,186,186,RLPolicy,0,0,0,0,2.99573,1,6.20167,73,73,6.1212,3,0.978327
E3-Strict-p005,43.4081,376,589,RLPolicy,1,1,0.0936715,2.77259,2.99573,6,6.37079,185,268,5.91466,581,0.997769
E3-Strict-p005,43.4103,392,534,RLPolicy,1,1,0.0950469,2.77259,2.99573,6,6.69312,81,404,5.90946,581,0.997769
E3-Strict-p005,43.4119,427,427,RLPolicy,0,0,0,0,2.99573,1,4.58232,46,46,4.52001,581,0.988487
E3-Strict-p005,43.4143,97,242,RLPolicy,1,1,0.0511769,0.538997,2.99573,3,5.08374,0,131,4.86611,581,0.955646
E3-Strict-p005,43.4152,357,357,RLPolicy,0,0,0,0,2.99573,1,3.57973,9,9,3.52897,581,1
E3-Strict-p005,43.416,17,17,RLPolicy,0,0,0,0,2.99573,1,6.9312,75,75,6.83229,581,0.990177
E3-Strict-p005,43.4175,442,442,RLPolicy,0,0,0,0,2.99573,1,6.95772,61,61,6.89391,581,1
E3-Strict-p005,43.4189,103,103,RLPolicy,0,0,0,0,2.99573,1,7.00913,71,71,6.90236,581,0.994303
E3-Strict-p005,43.4203,207,377,RLPolicy,1,1,0.0576317,2.07944,2.99573,5,4.76541,96,266,4.23281,581,0.985259
E3-Strict-p005,43.4255,67,170,RLPolicy,1,1,0.0343656,2.07944,2.99573,5,7.47658,45,207,7.05729,581,0.958767
E3-Strict-p005,43.4285,387,387,RLPolicy,0,0,0,0,2.99573,1,4.8502,8,8,4.7736,581,1
E3-Strict-p005,43.4363,336,95,RLPolicy,1,1,0.102387,1.92529,2.99573,5,6.09718,70,211,5.59167,581,0.987409
E3-Strict-p005,43.4377,439,439,RLPolicy,0,0,0,0,2.99573,1,5.13641,77,77,5.07311,581,1
E3-Strict-p005,43.441,311,491,RLPolicy,1,1,0.0770816,0.693147,2.99573,3,6.2803,0,125,5.95296,581,0.968927
E3-Strict-p005,43.4445,154,389,RLPolicy,1,1,0.0529203,2.77259,2.99573,6,4.56297,45,55,4.29992,581,0.990648
E3-Strict-p005,43.4481,166,166,RLPolicy,0,0,0,0,2.99573,1,7.47328,48,48,7.40697,581,0.997769
E3-Strict-p005,43.4504,334,334,RLPolicy,0,0,0,0,2.99573,1,6.65447,79,79,6.57738,581,0.996653
E3-Strict-p005,43.4567,441,441,RLPolicy,0,0,0,0,2.99573,1,4.59518,47,47,4.50908,581,1
E3-Strict-p005,43.4573,74,74,RLPolicy,0,0,0,0,2.99573,1,5.03719,60,60,4.96642,581,0.98279
E3-Strict-p005,43.4602,65,294,RLPolicy,1,1,0.00694276,2.77259,2.99573,6,6.00069,201,212,5.43439,581,0.987371
E3-Strict-p005,43.4684,61,27,RLPolicy,1,1,0.0477416,2.77259,2.99573,6,6.31306,280,316,5.70697,581,0.986374
E3-Strict-p005,43.471,354,265,RLPolicy,1,1,0.0912161,2.77259,2.99573,6,5.78168,188,313,5.13213,581,0.987835
E3-Strict-p005,43.4797,243,243,RLPolicy,0,0,0,0,2.99573,1,6.16195,71,71,6.07543,581,0.990837
E3-Strict-p005,43.4817,48,48,RLPolicy,0,0,0,0,2.99573,1,5.68902,85,85,5.61951,581,0.97263
E3-Strict-p005,43.4827,393,393,RLPolicy,0,0,0,0,2.99573,1,6.20202,82,82,6.07409,581,0.993532
E3-Strict-p005,43.4829,374,589,RLPolicy,1,1,0.0927732,2.77259,2.99573,6,5.15676,182,317,4.69298,581,0.992071
E3-Strict-p005,43.485,284,152,RLPolicy,1,1,0.0931095,2.77259,2.99573,6,5.46312,236,266,5.05159,581,0.990956
E3-Strict-p005,43.4889,403,575,RLPolicy,1,1,0.114998,2.77259,2.99573,6,6.02333,219,238,5.65958,581,0.993187
E3-Strict-p005,43.4918,101,101,RLPolicy,0,0,0,0,2.99573,1,5.86313,29,29,5.75489,581,0.988606
E3-Strict-p005,43.4926,408,580,RLPolicy,1,1,0.0998746,2.07944,2.99573,5,6.68885,40,170,6.21262,581,0.993187
E3-Strict-p005,43.4936,448,282,RLPolicy,1,1,0.110477,2.07944,2.99573,5,5.61122,62,214,5.00531,581,0.995419
E3-Strict-p005,43.5034,55,354,RLPolicy,1,1,0.0443873,1.92529,2.99573,5,5.9203,86,255,5.38936,582,0.971098
E3-Strict-p005,43.5042,182,182,RLPolicy,0,0,0,0,2.99573,1,5.3017,73,73,5.14149,582,0.996653
E3-Strict-p005,43.5064,271,271,RLPolicy,0,0,0,0,2.99573,1,10.1842,58,58,10.0841,582,0.994303
E3-Strict-p005,43.5071,274,47,RLPolicy,1,1,0.0929741,2.77259,2.99573,6,7.743,208,229,7.25923,582,0.98984
E3-Strict-p005,43.5086,294,294,RLPolicy,0,0,0,0,2.99573,1,4.11952,59,59,4.06428,582,0.989721
E3-Strict-p005,43.5131,449,449,RLPolicy,0,0,0,0,2.99573,1,7.88861,65,65,7.83748,582,1
E3-Strict-p005,43.5136,125,125,RLPolicy,0,0,0,0,2.99573,1,4.69319,60,60,4.63138,582,0.978327
E3-Strict-p005,43.5143,93,93,RLPolicy,0,0,0,0,2.99573,1,5.27236,67,67,5.20214,582,0.998884
E3-Strict-p005,43.5147,53,53,RLPolicy,0,0,0,0,2.99573,1,4.83334,76,76,4.77074,582,0.968275
E3-Strict-p005,43.5167,298,423,RLPolicy,1,1,0.0839532,2.77259,2.99573,6,5.27704,204,335,4.75788,582,0.996653
E3-Strict-p005,43.5226,44,207,RLPolicy,1,1,0.038618,2.46721,2.99573,6,4.99274,179,224,4.65841,582,0.969578
E3-Strict-p005,43.5304,0,0,RLPolicy,0,0,0,0,2.99573,1,8.15217,73,73,8.08428,582,0.993306
E3-Strict-p005,43.5403,208,208,RLPolicy,0,0,0,0,2.99573,1,4.2677,23,23,4.225,582,0.990837
E3-Strict-p005,43.5422,118,118,RLPolicy,0,0,0,0,2.99573,1,6.15075,98,98,6.06399,582,0.975977
E3-Strict-p005,43.543,429,242,RLPolicy,1,1,0.00607328,2.77259,2.99573,6,4.05197,159,173,3.79288,582,0.997769
E3-Strict-p005,43.547,91,248,RLPolicy,1,1,0.0425453,2.77259,2.99573,6,5.37794,58,346,4.72421,582,0.958805
E3-Strict-p005,43.5486,398,351,RLPolicy,1,1,0.107904,2.77259,2.99573,6,7.04206,301,341,6.53832,582,0.997564
E3-Strict-p005,43.5525,148,148,RLPolicy,0,0,0,0,2.99573,1,3.79493,5,5,3.74427,582,1
E3-Strict-p005,43.5611,373,293,RLPolicy,1,1,0.098217,2.77259,2.99573,6,5.6622,54,222,4.98954,582,0.993187
E3-Strict-p005,43.574,433,285,RLPolicy,1,1,0.10492,0.693147,2.99573,3,5.51752,0,137,5.18132,582,0.983906
E3-Strict-p005,43.5799,175,173,RLPolicy,1,1,0.0543347,2.77259,2.99573,6,5.84604,243,251,5.33191,582,0.977475
E3-Strict-p005,43.5806,257,257,RLPolicy,0,0,0,0,2.99573,1,5.67324,57,57,5.59539,582,0.978208
E3-Strict-p005,43.5885,183,239,RLPolicy,1,1,0.0700119,2.61844,2.99573,6,5.88023,208,240,5.37447,582,0.962578
E3-Strict-p005,43.591,377,336,RLPolicy,1,1,0.0981917,2.77259,2.99573,6,6.97922,105,263,5.98596,582,0.998884
E3-Strict-p005,43.5945,410,225,RLPolicy,1,1,0.127419,2.77259,2.99573,6,5.63013,65,84,5.24953,582,0.997769
E3-Strict-p005,43.5967,309,309,RLPolicy,0,0,0,0,2.99573,1,5.9714,57,57,5.75913,582,0.993187
E3-Strict-p005,43.5974,444,373,RLPolicy,1,1,0.111462,2.77259,2.99573,6,5.03194,192,222,4.66041,582,0.997769
E3-Strict-p005,43.6017,351,351,RLPolicy,0,0,0,0,2.99573,1,4.93668,60,60,4.8643,584,0.986256
E3-Strict-p005,43.6193,384,384,RLPolicy,0,0,0,0,2.99573,1,8.85322,59,59,8.68542,584,1
E3-Strict-p005,43.6241,320,320,RLPolicy,0,0,0,0,2.99573,1,8.68842,17,17,8.57974,584,0.990066
E3-Strict-p005,43.6286,325,597,RLPolicy,1,1,0.0891024,2.77259,2.99573,6,6.86387,143,292,6.1073,584,0.990956
E3-Strict-p005,43.6356,117,117,RLPolicy,0,0,0,0,2.99573,1,8.80883,23,23,8.75161,584,0.98147
E3-Strict-p005,43.6357,200,200,RLPolicy,0,0,0,0,2.99573,1,4.90261,61,61,4.77879,2,0.969046
E3-Strict-p005,43.6402,454,454,RLPolicy,0,0,0,0,2.99573,1,6.97229,11,11,6.91601,584,1
E3-Strict-p005,43.6516,89,89,RLPolicy,0,0,0,0,2.99573,1,4.2861,60,60,4.23575,584,0.969854
E3-Strict-p005,43.6517,215,215,RLPolicy,0,0,0,0,2.99573,1,8.41409,9,9,8.31661,584,0.98749
E3-Strict-p005,43.6535,181,474,RLPolicy,1,1,0.0669647,2.77259,2.99573,6,8.97707,133,145,8.48607,584,0.997769
E3-Strict-p005,43.6545,415,415,RLPolicy,0,0,0,0,2.99573,1,4.32814,66,66,4.23752,3,0.995419
E3-Strict-p005,43.6568,421,421,RLPolicy,0,0,0,0,2.99573,1,5.49912,69,69,5.32106,584,1
E3-Strict-p005,43.6635,170,170,RLPolicy,0,0,0,0,2.99573,1,4.50131,15,15,4.44218,584,0.988606
E3-Strict-p005,43.6645,190,244,RLPolicy,1,1,0.0638018,2.07944,2.99573,5,6.8317,5,186,6.31505,584,0.975977
E3-Strict-p005,43.6715,227,370,RLPolicy,1,1,0.0822079,2.77259,2.99573,6,4.95422,209,219,4.60278,584,0.988298
E3-Strict-p005,43.6757,83,585,RLPolicy,1,1,0.0469522,2.07944,2.99573,5,5.387,1,259,4.99609,584,0.966814
E3-Strict-p005,43.6794,203,203,RLPolicy,0,0,0,0,2.99573,1,5.3713,73,73,5.27256,584,0.991646
E3-Strict-p005,43.68,397,397,RLPolicy,0,0,0,0,2.99573,1,7.90838,67,67,7.83188,584,0.995419
E3-Strict-p005,43.6803,60,401,RLPolicy,1,1,0.0367851,2.77259,2.99573,6,6.99245,60,260,6.20538,584,0.970214
E3-Strict-p005,43.6869,35,75,RLPolicy,1,1,0.0422885,2.46721,2.99573,6,5.7802,50,279,5.23818,584,0.959591
E3-Strict-p005,43.6932,249,138,RLPolicy,1,1,0.0821549,2.77259,2.99573,6,6.87299,206,218,6.30154,584,0.988606
E3-Strict-p005,43.6973,134,322,RLPolicy,1,1,0.0586779,1.38629,2.99573,4,4.25748,0,36,4.05584,584,0.981674
E3-Strict-p005,43.7002,139,139,RLPolicy,0,0,0,0,2.99573,1,4.79197,52,52,4.71056,585,0.986374
E3-Strict-p005,43.7018,11,201,RLPolicy,1,1,0.00725367,2.53652,2.99573,7,4.63634,203,237,4.13172,585,0.979763
E3-Strict-p005,43.7058,317,317,RLPolicy,0,0,0,0,2.99573,1,7.84274,90,90,7.78235,585,0.998884
E3-Strict-p005,43.7059,244,133,RLPolicy,1,1,0.0613617,2.77259,2.99573,6,6.84092,138,291,6.36643,585,0.981674
E3-Strict-p005,43.7059,213,213,RLPolicy,0,0,0,0,2.99573,1,4.30938,58,58,4.22238,3,0.980941
E3-Strict-p005,43.7128,349,348,RLPolicy,1,1,0.0876859,2.77259,2.99573,6,5.04239,219,230,4.80686,585,0.993187
E3-Strict-p005,43.7129,447,447,RLPolicy,0,0,0,0,2.99573,1,5.46304,60,60,5.38818,585,1
E3-Strict-p005,43.7149,470,470,RLPolicy,0,0,0,0,2.99573,1,4.98354,14,14,4.89085,585,1
E3-Strict-p005,43.723,150,266,RLPolicy,1,1,0.0648406,2.77259,2.99573,6,4.41173,257,299,4.08269,585,0.988606
E3-Strict-p005,43.7244,169,169,RLPolicy,0,0,0,0,2.99573,1,5.32229,86,86,5.24333,585,0.987064
E3-Strict-p005,43.7316,218,198,RLPolicy,1,1,0.0782375,2.77259,2.99573,6,5.55954,323,341,4.8416,585,0.984143
E3-Strict-p005,43.733,116,116,RLPolicy,0,0,0,0,2.99573,1,6.03888,45,45,5.93496,585,0.974861
E3-Strict-p005,43.7398,27,176,RLPolicy,1,1,0.0453247,2.85497,2.99573,7,6.87,259,297,6.16066,585,0.947375
E3-Strict-p005,43.7446,437,437,RLPolicy,0,0,0,0,2.99573,1,4.35803,53,53,4.29857,585,0.998884
E3-Strict-p005,43.7462,219,219,RLPolicy,0,0,0,0,2.99573,1,5.50852,60,60,5.34192,585,0.988606
E3-Strict-p005,43.7536,333,386,RLPolicy,1,1,0.0839239,2.77259,2.99573,6,6.43827,287,317,5.93388,585,0.988606
E3-Strict-p005,43.7551,414,414,RLPolicy,0,0,0,0,2.99573,1,4.37651,74,74,4.31573,585,1
E3-Strict-p005,43.7555,330,330,RLPolicy,0,0,0,0,2.99573,1,5.49229,49,49,5.4103,585,0.990837
E3-Strict-p005,43.7559,319,319,RLPolicy,0,0,0,0,2.99573,1,5.55179,34,34,5.46807,585,1
E3-Strict-p005,43.7595,295,77,RLPolicy,1,1,0.0781468,2.07944,2.99573,5,5.38117,72,218,4.88796,585,0.98279
E3-Strict-p005,43.7615,220,253,RLPolicy,1,1,0.0604392,2.77259,2.99573,6,6.12054,76,362,5.59272,585,0.982908
E3-Strict-p005,43.767,224,416,RLPolicy,1,1,0.0749762,2.77259,2.99573,6,5.62183,88,339,4.94033,585,0.981793
E3-Strict-p005,43.7683,73,73,RLPolicy,0,0,0,0,2.99573,1,6.02759,90,90,5.94202,585,0.973746
E3-Strict-p005,43.7693,82,82,RLPolicy,0,0,0,0,2.99573,1,5.59879,85,85,5.5144,585,0.985259
E3-Strict-p005,43.774,152,284,RLPolicy,1,1,0.0651062,2.77259,2.99573,6,4.97331,232,243,4.69299,585,0.985259
E3-Strict-p005,43.7834,296,296,RLPolicy,0,0,0,0,2.99573,1,5.56596,64,64,5.49759,585,0.993187
E3-Strict-p005,43.7851,340,102,RLPolicy,1,1,0.106863,2.77259,2.99573,6,6.39624,268,295,5.55885,585,0.989721
E3-Strict-p005,43.787,446,475,RLPolicy,1,1,0.122316,2.77259,2.99573,6,5.67468,310,360,5.22678,585,0.997769
E3-Strict-p005,43.7905,223,489,RLPolicy,1,1,0.00608231,2.77259,2.99573,6,5.31092,244,257,4.75442,585,0.994303
E3-Strict-p005,43.793,401,270,RLPolicy,1,1,0.110411,2.77259,2.99573,6,6.67502,217,232,6.07036,585,0.996653
E3-Strict-p005,43.7957,405,405,RLPolicy,0,0,0,0,2.99573,1,6.14336,59,59,6.02811,585,1
E3-Strict-p005,43.8005,453,190,RLPolicy,1,1,0.115583,2.77259,2.99573,6,4.7404,232,246,4.42953,585,0.998884
E3-Strict-p005,43.8064,211,355,RLPolicy,1,1,0.0543521,2.07944,2.99573,5,5.20666,84,226,4.67939,585,0.981712
E3-Strict-p005,43.8082,313,313,RLPolicy,0,0,0,0,2.99573,1,5.96741,78,78,5.88053,585,0.996653
E3-Strict-p005,43.8227,94,241,RLPolicy,1,1,0.0507177,2.77259,2.99573,6,5.87326,233,321,5.44646,585,0.955339
E3-Strict-p005,43.8236,5,5,RLPolicy,0,0,0,0,2.99573,1,8.7578,71,71,8.62105,585,0.984729
E3-Strict-p005,43.8249,113,253,RLPolicy,1,1,0.0566116,2.61844,2.99573,6,8.14732,145,350,7.51195,585,0.968776
E3-Strict-p005,43.8317,198,198,RLPolicy,0,0,0,0,2.99573,1,5.80989,23,23,5.72103,585,0.992071
E3-Strict-p005,43.8346,92,507,RLPolicy,1,1,0.0400574,2.07944,2.99573,5,4.67608,36,118,4.31569,585,0.994303
E3-Strict-p005,43.8457,129,321,RLPolicy,1,1,0.0602706,2.07944,2.99573,5,8.29558,70,161,7.5925,585,0.988951
E3-Strict-p005,43.8562,22,22,RLPolicy,0,0,0,0,2.99573,1,6.51335,60,60,6.37995,585,0.971224
E3-Strict-p005,43.8591,381,381,RLPolicy,0,0,0,0,2.99573,1,4.50137,83,83,4.39254,2,0.993187
E3-Strict-p005,43.8632,34,597,RLPolicy,1,1,0.0420685,2.64953,2.99573,6,5.65941,215,320,4.90945,585,0.965911
E3-Strict-p005,43.874,292,292,RLPolicy,0,0,0,0,2.99573,1,4.63429,71,71,4.53342,585,1
E3-Strict-p005,43.8742,230,230,RLPolicy,0,0,0,0,2.99573,1,4.05335,11,11,3.9979,585,1
E3-Strict-p005,43.8745,365,33,RLPolicy,1,1,0.0910924,2.77259,2.99573,6,5.10062,207,225,4.55924,585,0.995537
E3-Strict-p005,43.8759,157,393,RLPolicy,1,1,0.0650766,1.23214,2.99573,4,5.99356,0,159,5.1389,585,0.967925
E3-Strict-p005,43.8791,58,515,RLPolicy,1,1,0.0457818,2.77259,2.99573,6,9.78996,41,266,8.98863,585,0.971104
E3-Strict-p005,43.8912,463,462,RLPolicy,1,1,0.11277,2.07944,2.99573,5,5.15248,92,216,4.6332,585,0.995419
E3-Strict-p005,43.8985,431,385,RLPolicy,1,1,0.00559156,2.77259,2.99573,6,4.73604,83,128,4.36503,585,0.997769
E3-Strict-p005,43.9059,136,268,RLPolicy,1,1,0.0475744,1.38629,2.99573,4,7.324,0,189,6.67476,585,0.956417
E3-Strict-p005,43.909,445,445,RLPolicy,0,0,0,0,2.99573,1,4.74219,60,60,4.63594,585,0.998884
E3-Strict-p005,43.9116,371,444,RLPolicy,1,1,0.0950285,2.61844,2.99573,6,7.06008,139,169,6.57842,585,0.998114
E3-Strict-p005,43.9171,236,236,RLPolicy,0,0,0,0,2.99573,1,5.32415,63,63,5.23831,585,0.982908
E3-Strict-p005,43.9239,372,461,RLPolicy,1,1,0.089744,2.77259,2.99573,6,7.01656,216,394,6.44305,585,0.986256
E3-Strict-p005,43.9265,104,261,RLPolicy,1,1,0.053527,2.77259,2.99573,6,5.65679,61,315,4.97145,585,0.991683
E3-Strict-p005,43.928,438,438,RLPolicy,0,0,0,0,2.99573,1,3.12295,2,2,3.06705,3,0.998884
E3-Strict-p005,43.9334,423,122,RLPolicy,1,1,0.103562,2.77259,2.99573,6,7.15082,88,380,6.43368,585,0.997769
E3-Strict-p005,43.9338,450,489,RLPolicy,1,1,0.00626925,2.77259,2.99573,6,6.46315,214,290,5.5427,585,0.998884
E3-Strict-p005,43.9354,469,469,RLPolicy,0,0,0,0,2.99573,1,5.84675,85,85,5.74392,585,1
E3-Strict-p005,43.9609,159,132,RLPolicy,1,1,0.0420137,1.38629,2.99573,4,4.69225,0,92,4.3303,585,0.989721
E3-Strict-p005,43.9629,246,68,RLPolicy,1,1,0.0688441,2.07944,2.99573,5,5.73529,7,177,5.15069,585,0.98749
E3-Strict-p005,43.963,385,413,RLPolicy,1,1,0.0948434,2.77259,2.99573,6,6.60993,197,335,5.96476,585,0.994303
E3-Strict-p005,43.9697,380,380,RLPolicy,0,0,0,0,2.99573,1,4.3472,15,15,4.29233,585,0.991953
E3-Strict-p005,43.9719,41,7,RLPolicy,1,1,0.0424233,1.77406,2.99573,5,5.76888,27,246,5.1252,585,0.955422
E3-Strict-p005,43.9759,424,195,RLPolicy,1,1,0.101576,2.07944,2.99573,5,5.67026,82,220,5.12147,585,0.987371
E3-Strict-p005,43.9815,69,463,RLPolicy,1,1,0.046267,2.77259,2.99573,6,8.60738,263,282,7.76793,585,0.961117
E3-Strict-p005,43.9821,42,42,RLPolicy,0,0,0,0,2.99573,1,4.52461,22,22,4.45807,585,0.978828
E3-Strict-p005,43.9881,239,255,RLPolicy,1,1,0.0841639,2.77259,2.99573,6,4.92311,40,168,4.3942,585,0.992071
E3-Strict-p005,43.9924,199,199,RLPolicy,0,0,0,0,2.99573,1,5.30473,72,72,5.20675,585,0.994303
E3-Strict-p005,44.0027,111,111,RLPolicy,0,0,0,0,2.99573,1,4.79151,95,95,4.68651,2,0.981674
E3-Strict-p005,44.0045,304,494,RLPolicy,1,1,0.079191,1.38629,2.99573,4,4.36537,0,162,4.11775,586,0.96323
E3-Strict-p005,44.0099,289,501,RLPolicy,1,1,0.0782266,2.77259,2.99573,6,4.55344,52,60,4.28252,586,0.998884
E3-Strict-p005,44.0112,194,194,RLPolicy,0,0,0,0,2.99573,1,6.00597,89,89,5.95696,586,0.981674
E3-Strict-p005,44.0119,30,30,RLPolicy,0,0,0,0,2.99573,1,5.68493,45,45,5.60835,586,0.97011
E3-Strict-p005,44.0147,240,240,RLPolicy,0,0,0,0,2.99573,1,3.9555,35,35,3.89233,3,0.993187
E3-Strict-p005,44.0153,21,196,RLPolicy,1,1,0.0402948,2.54959,2.99573,7,7.23457,252,304,6.58745,586,0.97255
E3-Strict-p005,44.0171,24,24,RLPolicy,0,0,0,0,2.99573,1,7.4629,58,58,7.38452,586,0.976219
E3-Strict-p005,44.0191,10,272,RLPolicy,1,1,0.026378,2.46721,2.99573,6,5.00994,68,133,4.60571,586,0.977744
E3-Strict-p005,44.0209,222,488,RLPolicy,1,1,0.0765717,2.77259,2.99573,6,5.7241,311,338,5.21483,586,0.973746
E3-Strict-p005,44.0235,98,40,RLPolicy,1,1,0.0438105,2.07944,2.99573,5,6.59455,70,210,6.31513,586,0.979017
E3-Strict-p005,44.0273,2,2,RLPolicy,0,0,0,0,2.99573,1,6.20686,58,58,6.1318,586,0.992071
E3-Strict-p005,44.0304,362,362,RLPolicy,0,0,0,0,2.99573,1,5.14422,25,25,5.04053,586,0.989721
E3-Strict-p005,44.0348,4,4,RLPolicy,0,0,0,0,2.99573,1,6.25753,20,20,6.14816,586,0.996654
E3-Strict-p005,44.0396,29,423,RLPolicy,1,1,0.0289385,2.77259,2.99573,6,6.46309,194,200,5.82391,586,0.986787
E3-Strict-p005,44.0439,179,113,RLPolicy,1,1,0.049668,2.07944,2.99573,5,7.48838,41,292,6.71581,586,0.971396
E3-Strict-p005,44.0519,64,351,RLPolicy,1,1,0.0487985,2.77259,2.99573,6,6.80753,304,341,6.21062,586,0.98984
E3-Strict-p005,44.0615,366,404,RLPolicy,1,1,0.0974424,2.77259,2.99573,6,6.98503,237,290,6.54494,586,0.990837
E3-Strict-p005,44.0839,191,364,RLPolicy,1,1,0.0571088,2.61844,2.99573,6,6.41241,120,199,5.7472,586,0.991301
E3-Strict-p005,44.0842,345,309,RLPolicy,1,1,0.0853283,2.07944,2.99573,5,6.99645,73,289,6.09928,586,0.988606
E3-Strict-p005,44.086,270,284,RLPolicy,1,1,0.0757471,1.38629,2.99573,4,6.05937,0,94,5.6464,586,0.973627
E3-Strict-p005,44.0887,391,391,RLPolicy,0,0,0,0,2.99573,1,5.32338,67,67,5.23828,586,1
E3-Strict-p005,44.0892,188,188,RLPolicy,0,0,0,0,2.99573,1,6.89315,16,16,6.80236,586,1
E3-Strict-p005,44.1025,75,75,RLPolicy,0,0,0,0,2.99573,1,5.60329,60,60,5.49677,2,0.993187
E3-Strict-p005,44.1025,264,84,RLPolicy,1,1,0.0953272,2.07944,2.99573,5,7.03809,84,175,6.58682,586,0.994303
E3-Strict-p005,44.1073,315,315,RLPolicy,0,0,0,0,2.99573,1,5.91773,35,35,5.73504,586,0.997769
E3-Strict-p005,44.1093,479,224,RLPolicy,1,1,0.1081,2.07944,2.99573,5,6.45432,96,270,5.65279,586,0.995419
E3-Strict-p005,44.1107,216,216,RLPolicy,0,0,0,0,2.99573,1,5.82264,69,69,5.7443,586,0.966696
E3-Strict-p005,44.1131,399,399,RLPolicy,0,0,0,0,2.99573,1,5.6904,50,50,5.59985,586,0.997769
E3-Strict-p005,44.1153,107,400,RLPolicy,1,1,0.054222,2.77259,2.99573,6,6.28221,265,298,5.40049,586,0.965618
E3-Strict-p005,44.1207,57,57,RLPolicy,0,0,0,0,2.99573,1,6.03267,9,9,5.92254,586,0.998884
E3-Strict-p005,44.124,221,440,RLPolicy,1,1,0.0716742,2.77259,2.99573,6,5.5573,263,282,5.23027,586,0.982908
E3-Strict-p005,44.1459,122,122,RLPolicy,0,0,0,0,2.99573,1,5.43387,69,69,5.34257,2,0.993306
E3-Strict-p005,44.1563,231,386,RLPolicy,1,1,0.0636094,2.77259,2.99573,6,6.40689,279,309,5.95181,586,0.984143
E3-Strict-p005,44.166,455,455,RLPolicy,0,0,0,0,2.99573,1,4.68441,18,18,4.61417,586,1
E3-Strict-p005,44.1683,389,389,RLPolicy,0,0,0,0,2.99573,1,4.74453,10,10,4.68295,586,1
E3-Strict-p005,44.1819,131,288,RLPolicy,1,1,0.0492325,2.77259,2.99573,6,6.18256,191,208,5.60919,586,0.981674
E3-Strict-p005,44.1834,31,31,RLPolicy,0,0,0,0,2.99573,1,5.58701,72,72,5.48522,586,0.983321
E3-Strict-p005,44.1858,452,452,RLPolicy,0,0,0,0,2.99573,1,3.80543,2,2,3.76567,586,1
E3-Strict-p005,44.1919,435,310,RLPolicy,1,1,0.107556,2.07944,2.99573,5,5.21308,46,142,4.73611,586,0.995419
E3-Strict-p005,44.1971,233,214,RLPolicy,1,1,0.0569317,2.07944,2.99573,5,4.80058,55,269,4.24506,586,0.979324
E3-Strict-p005,44.2054,412,76,RLPolicy,1,1,0.10067,2.77259,2.99573,6,7.72781,111,412,7.1149,586,0.993187
E3-Strict-p005,44.2105,360,161,RLPolicy,1,1,0.00601669,2.77259,2.99573,6,4.44636,91,102,4.13932,586,0.998884
E3-Strict-p005,44.2109,33,33,RLPolicy,0,0,0,0,2.99573,1,4.61398,59,59,4.5385,3,0.973868
E3-Strict-p005,44.2227,335,335,RLPolicy,0,0,0,0,2.99573,1,6.27044,49,49,6.18478,586,0.987371
E3-Strict-p005,44.2356,286,534,RLPolicy,1,1,0.0718121,2.77259,2.99573,6,8.43196,124,335,7.65897,586,0.973627
E3-Strict-p005,44.2357,71,71,RLPolicy,0,0,0,0,2.99573,1,4.43104,16,16,4.37645,586,0.998884
E3-Strict-p005,44.2393,301,301,RLPolicy,0,0,0,0,2.99573,1,4.42763,17,17,4.36626,586,1
E3-Strict-p005,44.2397,174,174,RLPolicy,0,0,0,0,2.99573,1,5.8962,73,73,5.82683,586,0.996653
E3-Strict-p005,44.2399,464,464,RLPolicy,0,0,0,0,2.99573,1,4.45661,78,78,4.36228,2,1
E3-Strict-p005,44.241,259,413,RLPolicy,1,1,0.0643213,2.77259,2.99573,6,6.44521,180,321,5.77037,586,0.996653
E3-Strict-p005,44.2412,484,484,RLPolicy,0,0,0,0,2.99573,1,4.00426,1,1,3.95593,586,1
E3-Strict-p005,44.2418,70,271,RLPolicy,1,1,0.0499703,2.77259,2.99573,6,5.40022,294,325,5.02606,586,0.987609
E3-Strict-p005,44.2496,285,589,RLPolicy,1,1,0.0713352,2.77259,2.99573,6,6.19651,136,292,5.68698,586,0.98749
E3-Strict-p005,44.2502,314,314,RLPolicy,0,0,0,0,2.99573,1,5.02355,51,51,4.93807,586,0.995537
E3-Strict-p005,44.2562,338,338,RLPolicy,0,0,0,0,2.99573,1,6.91938,67,67,6.42352,586,0.992416
E3-Strict-p005,44.2586,137,467,RLPolicy,1,1,0.0608366,2.61844,2.99573,6,6.17504,71,206,5.42577,586,0.993996
E3-Strict-p005,44.2636,84,46,RLPolicy,1,1,0.0522005,2.77259,2.99573,6,5.58152,215,228,5.12929,586,0.975206
E3-Strict-p005,44.2692,326,275,RLPolicy,1,1,0.0820583,2.77259,2.99573,6,5.82569,179,302,5.27086,586,0.993187
E3-Strict-p005,44.2748,185,61,RLPolicy,1,1,0.0650414,0.538997,2.99573,3,7.61525,0,121,7.36709,586,0.958993
E3-Strict-p005,44.2918,142,142,RLPolicy,0,0,0,0,2.99573,1,6.17245,59,59,6.03524,586,0.984024
E3-Strict-p005,44.2946,432,288,RLPolicy,1,1,0.102601,2.07944,2.99573,5,5.77117,86,170,5.42667,586,0.990837
E3-Strict-p005,44.2956,359,359,RLPolicy,0,0,0,0,2.99573,1,4.69557,31,31,4.63315,586,0.994303
E3-Strict-p005,44.2992,120,120,RLPolicy,0,0,0,0,2.99573,1,4.52554,16,16,4.4682,586,1
E3-Strict-p005,44.302,87,208,RLPolicy,1,1,0.0538467,2.77259,2.99573,6,5.30256,225,265,4.68731,587,0.977211
E3-Strict-p005,44.3023,242,116,RLPolicy,1,1,0.0859473,2.61844,2.99573,6,6.88103,64,313,6.16997,587,0.980903
E3-Strict-p005,44.3024,255,255,RLPolicy,0,0,0,0,2.99573,1,4.79548,42,42,4.67722,2,0.990837
E3-Strict-p005,44.3053,235,235,RLPolicy,0,0,0,0,2.99573,1,5.96788,55,55,5.8324,587,0.995537
E3-Strict-p005,44.311,434,474,RLPolicy,1,1,0.133477,2.77259,2.99573,6,5.16259,272,298,4.46843,587,0.997769
E3-Strict-p005,44.3133,100,518,RLPolicy,1,1,0.0562417,2.77259,2.99573,6,5.26382,145,313,4.69963,587,0.990185
E3-Strict-p005,44.3135,461,32,RLPolicy,1,1,0.108021,2.07944,2.99573,5,4.60695,82,270,3.91258,587,0.995419
E3-Strict-p005,44.3137,165,165,RLPolicy,0,0,0,0,2.99573,1,4.47368,60,60,4.42057,587,0.982908
E3-Strict-p005,44.3206,178,178,RLPolicy,0,0,0,0,2.99573,1,4.12898,18,18,4.03168,587,0.995111
E3-Strict-p005,44.3214,261,254,RLPolicy,1,1,0.0904998,2.31014,2.99573,6,6.9037,247,331,6.42838,587,0.994341
E3-Strict-p005,44.3245,23,23,RLPolicy,0,0,0,0,2.99573,1,11.2137,81,81,11.0965,587,0.973671
E3-Strict-p005,44.3289,77,77,RLPolicy,0,0,0,0,2.99573,1,5.3679,60,60,5.27265,2,0.977211
E3-Strict-p005,44.3391,272,215,RLPolicy,1,1,0.085363,2.95491,2.99573,6,6.67545,121,131,6.25214,587,0.986515
E3-Strict-p005,44.3412,79,399,RLPolicy,1,1,0.0497754,2.77259,2.99573,6,6.55183,139,300,5.90702,587,0.978327
E3-Strict-p005,44.3419,32,515,RLPolicy,1,1,0.0412982,2.95491,2.99573,6,5.43555,206,391,4.63907,587,0.967967
E3-Strict-p005,44.3422,291,291,RLPolicy,0,0,0,0,2.99573,1,4.95357,74,74,4.86804,587,0.995537
E3-Strict-p005,44.3441,37,231,RLPolicy,1,1,0.0406363,2.46721,2.99573,6,5.21572,196,228,4.66156,587,0.987198
E3-Strict-p005,44.3465,418,418,RLPolicy,0,0,0,0,2.99573,1,6.34631,93,93,6.23848,587,0.998884
E3-Strict-p005,44.3551,189,304,RLPolicy,1,1,0.0616418,2.77259,2.99573,6,7.19038,220,291,6.66316,587,0.981793
E3-Strict-p005,44.3565,390,390,RLPolicy,0,0,0,0,2.99573,1,5.45722,86,86,5.37266,587,0.98279
E3-Strict-p005,44.3644,187,187,RLPolicy,0,0,0,0,2.99573,1,6.75657,54,54,6.64104,587,0.978004
E3-Strict-p005,44.3696,140,140,RLPolicy,0,0,0,0,2.99573,1,6.13672,36,36,6.04399,587,0.973627
E3-Strict-p005,44.3702,400,400,RLPolicy,0,0,0,0,2.99573,1,7.15772,16,16,7.05889,587,0.998114
E3-Strict-p005,44.3816,409,409,RLPolicy,0,0,0,0,2.99573,1,5.904,2,2,5.80882,2,1
E3-Strict-p005,44.3839,356,175,RLPolicy,1,1,0.0910399,2.77259,2.99573,6,6.13235,310,340,5.80442,587,0.996653
E3-Strict-p005,44.3846,436,436,RLPolicy,0,0,0,0,2.99573,1,4.69549,92,92,4.62265,2,0.991953
E3-Strict-p005,44.3871,413,413,RLPolicy,0,0,0,0,2.99573,1,7.51179,19,19,7.3007,587,1
E3-Strict-p005,44.4018,288,118,RLPolicy,1,1,0.094025,2.77259,2.99573,6,9.99713,92,305,9.20483,588,0.990752
E3-Strict-p005,44.4023,146,77,RLPolicy,1,1,0.0620648,1.38629,2.99573,4,4.59623,0,71,4.23264,588,0.991953
E3-Strict-p005,44.4122,241,475,RLPolicy,1,1,0.0691738,2.77259,2.99573,6,5.46808,101,225,4.91366,588,0.98514
E3-Strict-p005,44.4188,112,462,RLPolicy,1,1,0.0369811,1.38629,2.99573,4,6.06243,0,228,5.6744,588,0.943826
E3-Strict-p005,44.4192,337,337,RLPolicy,0,0,0,0,2.99573,1,5.38434,27,27,5.2636,588,0.994303
E3-Strict-p005,44.42,121,75,RLPolicy,1,1,0.0579965,1.92529,2.99573,5,5.97805,13,96,5.55149,588,0.993532
E3-Strict-p005,44.4223,171,100,RLPolicy,1,1,0.0707475,2.77259,2.99573,6,5.96277,89,356,5.3666,588,0.986374
E3-Strict-p005,44.4275,353,434,RLPolicy,1,1,0.0999092,2.77259,2.99573,6,5.51652,113,180,5.00216,588,0.998884
E3-Strict-p005,44.4292,416,416,RLPolicy,0,0,0,0,2.99573,1,6.17925,71,71,6.09606,588,0.990837
E3-Strict-p005,44.4309,108,108,RLPolicy,0,0,0,0,2.99573,1,6.73391,44,44,6.65535,588,0.980558
E3-Strict-p005,44.4329,214,333,RLPolicy,1,1,0.052104,2.07944,2.99573,5,7.09711,30,177,6.51629,588,0.982908
E3-Strict-p005,44.4532,28,131,RLPolicy,1,1,0.00840299,2.93736,2.99573,8,7.39861,433,445,6.78166,588,0.962287
E3-Strict-p005,44.4551,256,256,RLPolicy,0,0,0,0,2.99573,1,6.12652,8,8,6.05695,588,1
E3-Strict-p005,44.4568,477,42,RLPolicy,1,1,0.114291,2.07944,2.99573,5,6.0767,151,298,5.58095,588,0.995419
E3-Strict-p005,44.4579,184,429,RLPolicy,1,1,0.0670479,2.95491,2.99573,6,6.82854,227,234,6.49101,588,0.979158
E3-Strict-p005,44.4648,303,303,RLPolicy,0,0,0,0,2.99573,1,4.43437,21,21,4.36817,588,0.998884
E3-Strict-p005,44.4663,72,72,RLPolicy,0,0,0,0,2.99573,1,5.32306,18,18,5.22812,588,0.990956
E3-Strict-p005,44.4724,258,258,RLPolicy,0,0,0,0,2.99573,1,5.70561,61,61,5.62921,588,0.996653
E3-Strict-p005,44.4732,133,482,RLPolicy,1,1,0.0619385,2.77259,2.99573,6,5.61551,279,330,5.15878,588,0.979561
E3-Strict-p005,44.4806,85,85,RLPolicy,0,0,0,0,2.99573,1,4.37835,12,12,4.30504,588,0.994303
E3-Strict-p005,44.4809,18,18,RLPolicy,0,0,0,0,2.99573,1,6.17891,68,68,6.10771,588,0.972632
E3-Strict-p005,44.492,456,143,RLPolicy,1,1,0.107352,0.693147,2.99573,3,4.04339,0,16,3.91753,588,0.988487
E3-Strict-p005,44.5032,212,212,RLPolicy,0,0,0,0,2.99573,1,6.44027,77,77,6.3485,588,0.993187
E3-Strict-p005,44.5033,428,428,RLPolicy,0,0,0,0,2.99573,1,5.20451,22,22,5.11409,588,0.998884
E3-Strict-p005,44.5044,6,6,RLPolicy,0,0,0,0,2.99573,1,5.66307,40,40,5.61391,588,0.973341
E3-Strict-p005,44.5086,341,341,RLPolicy,0,0,0,0,2.99573,1,7.9934,16,16,7.884,588,0.996653
E3-Strict-p005,44.5096,149,448,RLPolicy,1,1,0.0634415,2.77259,2.99573,6,6.38885,300,352,5.90602,588,0.969046
E3-Strict-p005,44.5096,106,440,RLPolicy,1,1,0.0440696,2.07944,2.99573,5,5.66392,40,194,5.11559,588,0.986374
E3-Strict-p005,44.5148,78,78,RLPolicy,0,0,0,0,2.99573,1,7.20672,48,48,7.08688,588,0.995419
E3-Strict-p005,44.5169,127,127,RLPolicy,0,0,0,0,2.99573,1,5.9546,46,46,5.85581,588,0.979443
E3-Strict-p005,44.5273,290,290,RLPolicy,0,0,0,0,2.99573,1,6.20983,72,72,6.12629,588,0.998884
E3-Strict-p005,44.5277,422,422,RLPolicy,0,0,0,0,2.99573,1,4.95162,18,18,4.86737,588,0.998884
E3-Strict-p005,44.5296,369,369,RLPolicy,0,0,0,0,2.99573,1,5.41548,15,15,5.32201,588,0.998884
E3-Strict-p005,44.5313,124,53,RLPolicy,1,1,0.0436759,0.693147,2.99573,3,7.59676,0,143,7.24166,588,0.975858
E3-Strict-p005,44.5552,237,28,RLPolicy,1,1,0.0631329,2.07944,2.99573,5,5.57261,112,289,5.06032,588,0.977093
E3-Strict-p005,44.5556,468,236,RLPolicy,1,1,0.120026,2.07944,2.99573,5,8.86578,54,211,8.3497,588,0.995419
E3-Strict-p005,44.5566,481,350,RLPolicy,1,1,0.112704,2.77259,2.99573,6,6.79242,156,318,6.17651,588,0.998884
E3-Strict-p005,44.5655,443,443,RLPolicy,0,0,0,0,2.99573,1,3.98374,1,1,3.93216,588,1
E3-Strict-p005,44.5685,460,381,RLPolicy,1,1,0.113803,2.77259,2.99573,6,5.07337,240,300,4.6068,588,0.998884
E3-Strict-p005,44.5773,176,132,RLPolicy,1,1,0.0592782,1.38629,2.99573,4,4.38219,0,34,4.25362,588,0.977093
E3-Strict-p005,44.5774,361,1,RLPolicy,1,1,0.109597,2.77259,2.99573,6,4.93355,131,148,4.69154,588,0.994303
E3-Strict-p005,44.5785,486,68,RLPolicy,1,1,0.116598,2.77259,2.99573,6,5.75012,118,222,5.25758,588,0.998884
E3-Strict-p005,44.5787,331,331,RLPolicy,0,0,0,0,2.99573,1,4.86188,58,58,4.79146,588,1
E3-Strict-p005,44.5813,245,1,RLPolicy,0,0,0.0583882,1.38629,2.99573,3,5.51032,51,171,5.21011,588,0.984024
E3-Strict-p005,44.5833,466,466,RLPolicy,0,0,0,0,2.99573,1,5.55549,28,28,5.48294,588,1
E3-Strict-p005,44.6005,119,125,RLPolicy,1,1,0.0573484,2.77259,2.99573,6,5.16549,154,356,4.78611,588,0.980558
E3-Strict-p005,44.6015,358,358,RLPolicy,0,0,0,0,2.99573,1,5.2641,67,67,5.18375,588,1
E3-Strict-p005,44.6018,383,383,RLPolicy,0,0,0,0,2.99573,1,4.07398,16,16,4.02773,588,1
E3-Strict-p005,44.602,47,5,RLPolicy,0,0,0.0436811,1.38629,2.99573,3,5.40115,68,223,5.11308,588,0.984144
E3-Strict-p005,44.6026,13,365,RLPolicy,1,1,0.0389417,2.53652,2.99573,7,5.17527,302,362,4.56336,588,0.966932
E3-Strict-p005,44.6047,316,316,RLPolicy,0,0,0,0,2.99573,1,3.8374,54,54,3.78868,588,0.997769
E3-Strict-p005,44.6093,145,145,RLPolicy,0,0,0,0,2.99573,1,6.28921,73,73,6.14063,588,0.998884
E3-Strict-p005,44.6113,321,190,RLPolicy,1,1,0.102968,2.77259,2.99573,6,5.24659,207,224,4.93709,588,0.990837
E3-Strict-p005,44.6178,344,344,RLPolicy,0,0,0,0,2.99573,1,5.04344,9,9,4.96611,588,1
E3-Strict-p005,44.6184,306,306,RLPolicy,0,0,0,0,2.99573,1,4.53623,22,22,4.4732,588,0.994303
E3-Strict-p005,44.6252,364,366,RLPolicy,1,1,0.111899,2.77259,2.99573,6,5.14908,194,239,4.69678,588,0.989721
E3-Strict-p005,44.635,147,92,RLPolicy,1,1,0.0655113,2.77259,2.99573,6,6.95329,198,222,6.4501,588,0.971859
E3-Strict-p005,44.6362,163,163,RLPolicy,0,0,0,0,2.99573,1,4.89691,66,66,4.82355,588,0.990837
E3-Strict-p005,44.6396,379,182,RLPolicy,1,1,0.100717,2.77259,2.99573,6,5.08218,236,272,4.68376,588,0.997769
E3-Strict-p005,44.6521,90,90,RLPolicy,0,0,0,0,2.99573,1,5.59137,37,37,5.50547,588,0.998884
E3-Strict-p005,44.6569,350,251,RLPolicy,1,1,0.0848096,2.07944,2.99573,5,6.49958,69,205,5.88252,588,0.993187
E3-Strict-p005,44.6636,287,287,RLPolicy,0,0,0,0,2.99573,1,4.82328,6,6,4.7421,2,0.993187
E3-Strict-p005,44.6672,273,273,RLPolicy,0,0,0,0,2.99573,1,6.42927,116,116,6.30408,588,0.995537
E3-Strict-p005,44.6834,388,221,RLPolicy,1,1,0.115224,2.77259,2.99573,6,4.80175,169,191,4.35807,588,0.997769
E3-Strict-p005,44.6945,141,141,RLPolicy,0,0,0,0,2.99573,1,9.31075,70,70,9.23459,588,0.995419
E3-Strict-p005,44.6959,192,192,RLPolicy,0,0,0,0,2.99573,1,6.23522,9,9,6.13669,588,0.98279
E3-Strict-p005,44.6982,268,133,RLPolicy,1,1,0.0863106,2.46429,2.99573,6,7.79979,135,336,7.07103,588,0.97097
E3-Strict-p005,44.7006,202,202,RLPolicy,0,0,0,0,2.99573,1,6.30272,58,58,6.18131,588,0.995537
E3-Strict-p005,44.7033,193,46,RLPolicy,1,1,0.0548303,0.693147,2.99573,3,6.37082,0,151,6.07712,588,0.967968
E3-Strict-p005,44.7076,15,11,RLPolicy,0,0,0.0329607,0.387766,2.99573,2,5.01423,24,41,4.84394,588,0.991568
E3-Strict-p005,44.71,36,36,RLPolicy,0,0,0,0,2.99573,1,8.69826,17,17,8.61818,588,0.983613
E3-Strict-p005,44.712,332,332,RLPolicy,0,0,0,0,2.99573,1,9.14139,53,53,9.0738,588,0.997769
E3-Strict-p005,44.7134,247,247,RLPolicy,0,0,0,0,2.99573,1,5.60565,59,59,5.52917,588,0.990956
E3-Strict-p005,44.7167,480,480,RLPolicy,0,0,0,0,2.99573,1,5.36934,26,26,5.25249,588,1
E3-Strict-p005,44.7237,260,234,RLPolicy,1,1,0.071628,2.77259,2.99573,6,9.70192,254,309,9.18154,588,0.992071
E3-Strict-p005,44.7314,135,135,RLPolicy,0,0,0,0,2.99573,1,6.1628,82,82,6.0782,588,0.97028
E3-Strict-p005,44.7325,318,318,RLPolicy,0,0,0,0,2.99573,1,4.29291,1,1,4.23416,588,1
E3-Strict-p005,44.7367,327,327,RLPolicy,0,0,0,0,2.99573,1,4.80463,18,18,4.73928,588,0.997769
E3-Strict-p005,44.7389,229,229,RLPolicy,0,0,0,0,2.99573,1,4.88123,72,72,4.80428,588,0.998884
E3-Strict-p005,44.7414,406,373,RLPolicy,1,1,0.113191,2.77259,2.99573,6,8.55969,272,282,7.97068,588,0.993187
E3-Strict-p005,44.7418,251,242,RLPolicy,1,1,0.0605182,0.693147,2.99573,3,5.50931,0,164,5.24782,588,0.956417
E3-Strict-p005,44.7426,156,156,RLPolicy,0,0,0,0,2.99573,1,5.34099,99,99,5.27162,588,0.981793
E3-Strict-p005,44.7609,487,278,RLPolicy,1,1,0.115751,2.07944,2.99573,5,10.556,123,291,9.89902,588,0.995419
E3-Strict-p005,44.7626,277,277,RLPolicy,0,0,0,0,2.99573,1,8.83559,1,1,8.76529,588,1
E3-Strict-p005,44.7634,475,202,RLPolicy,1,1,0.00605548,2.77259,2.99573,6,5.05799,211,227,4.65223,588,0.998884
E3-Strict-p005,44.7677,248,179,RLPolicy,1,1,0.0706578,2.77259,2.99573,6,5.5353,92,352,4.83162,588,0.97713
E3-Strict-p005,44.7705,310,310,RLPolicy,0,0,0,0,2.99573,1,4.25668,46,46,4.17611,588,0.989759
E3-Strict-p005,44.7721,472,465,RLPolicy,1,1,0.108378,2.07944,2.99573,5,5.2779,60,177,4.84875,588,0.995419
E3-Strict-p005,44.7751,138,361,RLPolicy,1,1,0.0575841,2.07944,2.99573,5,7.21354,63,235,6.71979,588,0.979443
E3-Strict-p005,44.7786,51,51,RLPolicy,0,0,0,0,2.99573,1,3.96718,24,24,3.91935,588,0.994303
E3-Strict-p005,44.7823,88,88,RLPolicy,0,0,0,0,2.99573,1,5.37236,68,68,5.30009,588,0.982908
E3-Strict-p005,44.7841,153,553,RLPolicy,1,1,0.0510016,2.07944,2.99573,5,5.51343,58,184,5.08385,588,0.969164
E3-Strict-p005,44.7907,99,99,RLPolicy,0,0,0,0,2.99573,1,4.60727,58,58,4.53641,588,0.984024
E3-Strict-p005,44.7911,232,212,RLPolicy,1,1,0.0818257,2.77259,2.99573,6,5.1629,205,233,4.6954,588,0.992071
E3-Strict-p005,44.7922,375,375,RLPolicy,0,0,0,0,2.99573,1,4.39023,76,76,4.32258,588,1
E3-Strict-p005,44.7932,394,81,RLPolicy,1,1,0.0973938,0.693147,2.99573,3,6.48967,0,112,6.2426,588,0.979324
E3-Strict-p005,44.7953,402,494,RLPolicy,1,1,0.100326,2.77259,2.99573,6,6.71759,159,238,6.15794,588,0.987371
E3-Strict-p005,44.7963,396,396,RLPolicy,0,0,0,0,2.99573,1,4.7167,75,75,4.65536,588,0.994303
E3-Strict-p005,44.8035,168,551,RLPolicy,1,1,0.0552688,2.07944,2.99573,5,5.58283,25,340,4.9024,588,0.987609
E3-Strict-p005,44.8131,14,14,RLPolicy,0,0,0,0,2.99573,1,5.37961,35,35,5.31748,588,0.981674
E3-Strict-p005,44.8147,355,355,RLPolicy,0,0,0,0,2.99573,1,5.88258,29,29,5.81382,588,0.989721
E3-Strict-p005,44.8149,16,525,RLPolicy,1,1,0.0332467,0.693147,2.99573,3,5.04281,0,60,4.81601,588,0.966815
E3-Strict-p005,44.8159,420,420,RLPolicy,0,0,0,0,2.99573,1,5.39939,23,23,5.34317,588,0.998884
E3-Strict-p005,44.8287,9,9,RLPolicy,0,0,0,0,2.99573,1,5.5686,57,57,5.47584,3,0.964703
E3-Strict-p005,44.8317,132,132,RLPolicy,0,0,0,0,2.99573,1,5.71751,21,21,5.58675,588,0.995419
E3-Strict-p005,44.8325,160,160,RLPolicy,0,0,0,0,2.99573,1,5.32712,14,14,5.20509,588,1
E3-Strict-p005,44.8345,457,379,RLPolicy,1,1,0.11176,2.77259,2.99573,6,5.31558,99,294,4.73901,588,0.998884
E3-Strict-p005,44.8381,130,130,RLPolicy,0,0,0,0,2.99573,1,6.49887,20,20,6.37895,588,0.993187
E3-Strict-p005,44.8432,386,386,RLPolicy,0,0,0,0,2.99573,1,4.74688,47,47,4.65416,588,0.998114
E3-Strict-p005,44.8439,26,249,RLPolicy,1,1,0.00565834,2.77259,2.99573,6,5.74678,155,166,5.42854,588,0.997065
E3-Strict-p005,44.8567,197,197,RLPolicy,0,0,0,0,2.99573,1,5.62259,27,27,5.53612,588,0.98749
E3-Strict-p005,44.8608,173,173,RLPolicy,0,0,0,0,2.99573,1,5.00181,75,75,4.92196,588,0.991301
E3-Strict-p005,44.861,297,113,RLPolicy,1,1,0.084769,1.92529,2.99573,5,6.81407,19,192,5.99887,588,0.988298
E3-Strict-p005,44.8702,252,235,RLPolicy,1,1,0.0736014,2.07944,2.99573,5,5.39072,102,239,4.93894,588,0.993187
E3-Strict-p005,44.8728,425,487,RLPolicy,1,1,0.121641,2.77259,2.99573,6,6.33396,294,319,5.68553,588,0.997769
E3-Strict-p005,44.8771,263,263,RLPolicy,0,0,0,0,2.99573,1,6.34813,73,73,6.06,588,1
E3-Strict-p005,44.8775,352,177,RLPolicy,1,1,0.0860442,2.07944,2.99573,5,7.31591,122,279,6.62264,588,0.995419
E3-Strict-p005,44.8776,62,103,RLPolicy,1,1,0.0467389,2.07944,2.99573,5,6.38831,56,186,5.93747,588,0.976508
E3-Strict-p005,44.8782,312,463,RLPolicy,1,1,0.0887391,2.77259,2.99573,6,5.50612,214,246,5.22551,588,0.990956
E3-Strict-p005,44.8788,329,329,RLPolicy,0,0,0,0,2.99573,1,6.22771,52,52,6.14417,588,0.998884
E3-Strict-p005,44.8805,368,368,RLPolicy,0,0,0,0,2.99573,1,5.18328,59,59,5.09004,588,1
E3-Strict-p005,44.8808,144,144,RLPolicy,0,0,0,0,2.99573,1,6.66281,72,72,6.56814,588,0.993187
E3-Strict-p005,44.8852,217,14,RLPolicy,1,1,0.0715279,2.07944,2.99573,5,7.34352,19,113,6.77187,588,0.969083
E3-Strict-p005,44.8936,126,218,RLPolicy,1,1,0.0506952,2.77259,2.99573,6,5.90916,159,382,5.17408,588,0.990956
E3-Strict-p005,44.8989,209,209,RLPolicy,0,0,0,0,2.99573,1,6.60174,4,4,6.4252,588,1
E3-Strict-p005,44.9008,265,265,RLPolicy,0,0,0,0,2.99573,1,6.56265,68,68,6.48131,588,0.995537
E3-Strict-p005,44.9038,155,498,RLPolicy,1,1,0.0622909,2.77259,2.99573,6,5.25064,170,286,4.79421,588,0.980558
E3-Strict-p005,44.9097,80,48,RLPolicy,1,1,0.0495449,2.77259,2.99573,6,6.77036,241,290,6.20584,588,0.980558
E3-Strict-p005,44.9114,143,143,RLPolicy,0,0,0,0,2.99573,1,3.61696,8,8,3.57776,588,0.975088
E3-Strict-p005,44.9217,451,451,RLPolicy,0,0,0,0,2.99573,1,5.55727,35,35,5.47274,588,1
E3-Strict-p005,44.9283,276,276,RLPolicy,0,0,0,0,2.99573,1,6.23134,58,58,6.14639,588,0.982057
E3-Strict-p005,44.9358,426,426,RLPolicy,0,0,0,0,2.99573,1,6.10405,10,10,6.01393,588,1
E3-Strict-p005,44.9478,161,176,RLPolicy,1,1,0.0616876,2.77259,2.99573,6,5.54424,179,200,5.1733,588,0.981712
E3-Strict-p005,44.9574,471,471,RLPolicy,0,0,0,0,2.99573,1,9.16324,96,96,9.08143,588,1
E3-Strict-p005,44.9601,363,363,RLPolicy,0,0,0,0,2.99573,1,5.36692,12,12,5.21025,588,0.991953
E3-Strict-p005,44.9648,205,205,RLPolicy,0,0,0,0,2.99573,1,6.28615,67,67,6.21049,588,0.988606
E3-Strict-p005,44.9654,40,547,RLPolicy,1,1,0.00605435,2.46721,2.99573,6,5.99642,231,283,5.59009,588,0.962646
E3-Strict-p005,44.9679,56,56,RLPolicy,0,0,0,0,2.99573,1,5.65579,38,38,5.58742,588,0.985537
E3-Strict-p005,44.9684,96,206,RLPolicy,1,1,0.053756,1.38629,2.99573,4,7.08673,0,125,6.70976,588,0.980558
E3-Strict-p005,44.9707,302,222,RLPolicy,1,1,0.0855518,2.07944,2.99573,5,5.66683,79,249,5.0362,588,0.989721
E3-Strict-p005,44.9821,370,355,RLPolicy,1,1,0.0901144,2.07944,2.99573,5,5.89822,9,226,5.32528,588,0.989721
E3-Strict-p005,44.9825,151,290,RLPolicy,1,1,0.0623938,2.61844,2.99573,6,7.42491,285,306,6.81827,588,0.953452
E3-Strict-p005,44.985,206,206,RLPolicy,0,0,0,0,2.99573,1,4.59124,12,12,4.51555,2,0.984369
E3-Strict-p005,44.9976,417,595,RLPolicy,1,1,0.100903,2.77259,2.99573,6,5.21684,81,89,4.97669,588,0.986256
E3-Strict-p005,45.0111,322,322,RLPolicy,0,0,0,0,2.99573,1,5.22037,29,29,5.14888,589,1
E3-Strict-p005,45.0148,459,175,RLPolicy,1,1,0.120958,2.77259,2.99573,6,4.6368,108,124,4.32936,589,0.997769
E3-Strict-p005,45.0201,440,153,RLPolicy,1,1,0.10536,2.07944,2.99573,5,5.99791,70,175,5.35455,589,0.995419
E3-Strict-p005,45.0274,110,110,RLPolicy,0,0,0,0,2.99573,1,4.23231,10,10,4.17734,589,0.995252
E3-Strict-p005,45.0317,404,491,RLPolicy,1,1,0.0996084,2.77259,2.99573,6,5.05183,213,251,4.71708,589,0.994303
E3-Strict-p005,45.0415,323,553,RLPolicy,1,1,0.0893333,2.77259,2.99573,6,5.0758,196,222,4.68987,589,0.986374
E3-Strict-p005,45.0461,201,47,RLPolicy,1,1,0.0544685,2.77259,2.99573,6,8.82171,282,320,8.13329,589,0.971396
E3-Strict-p005,45.0479,283,554,RLPolicy,1,1,0.0732458,2.07944,2.99573,5,10.7923,53,236,10.2655,589,0.994303
E3-Strict-p005,45.0514,280,280,RLPolicy,0,0,0,0,2.99573,1,8.53213,1,1,8.46597,589,1
E3-Strict-p005,45.0541,123,123,RLPolicy,0,0,0,0,2.99573,1,4.93805,26,26,4.86362,589,0.995537
E3-Strict-p005,45.0587,20,53,RLPolicy,1,1,0.00569414,2.77259,2.99573,6,5.65664,317,340,5.26521,589,0.949141
E3-Strict-p005,45.06,3,219,RLPolicy,1,1,0.0357142,2.8419,2.99573,7,6.15935,259,331,5.65435,589,0.992181
E3-Strict-p005,45.0602,19,148,RLPolicy,1,1,0.0450171,1.77406,2.99573,5,6.70886,70,214,6.19872,589,0.952076
E3-Strict-p005,45.0676,367,513,RLPolicy,1,1,0.111343,2.77259,2.99573,6,6.92845,141,155,6.50352,589,0.998884
E3-Strict-p005,45.0788,307,30,RLPolicy,1,1,0.0801224,2.77259,2.99573,6,5.26327,239,313,4.76187,589,0.993306
E3-Strict-p005,45.0827,210,132,RLPolicy,1,1,0.0502732,0.693147,2.99573,3,6.02491,0,17,5.86784,589,0.986256
E3-Strict-p005,45.083,128,534,RLPolicy,1,1,0.0469804,2.77259,2.99573,6,7.09246,79,391,6.39726,589,0.958767
E3-Strict-p005,45.0867,177,588,RLPolicy,1,1,0.0620791,2.07944,2.99573,5,6.47559,32,150,6.12425,589,0.975977
E3-Strict-p005,45.0895,45,45,RLPolicy,0,0,0,0,2.99573,1,4.18923,19,19,4.13179,589,0.993187
E3-Strict-p005,45.093,267,267,RLPolicy,0,0,0,0,2.99573,1,5.57062,73,73,5.47616,589,0.998884
E3-Strict-p005,45.0993,46,46,RLPolicy,0,0,0,0,2.99573,1,4.50111,58,58,4.43011,589,0.996654
E3-Strict-p005,45.0997,228,228,RLPolicy,0,0,0,0,2.99573,1,6.55981,1,1,6.36681,589,1
E3-Strict-p005,45.1092,300,300,RLPolicy,0,0,0,0,2.99573,1,6.24632,34,34,6.15928,590,0.992071
E3-Strict-p005,45.1136,43,469,RLPolicy,1,1,0.0573686,2.54959,2.99573,7,7.26421,272,399,6.81786,590,0.953894
E3-Strict-p005,45.1171,196,37,RLPolicy,1,1,0.070766,2.77259,2.99573,6,6.23137,181,194,5.63744,590,0.987286
E3-Strict-p005,45.1238,102,1,RLPolicy,1,1,0.0409469,2.77259,2.99573,6,5.453,312,321,5.12719,590,0.963807
E3-Strict-p005,45.1243,254,468,RLPolicy,1,1,0.0878593,2.77259,2.99573,6,5.22479,299,316,4.92596,590,0.98984
E3-Strict-p005,45.1245,346,81,RLPolicy,1,1,0.0904122,1.38629,2.99573,4,4.26331,0,64,4.08718,590,0.987371
E3-Strict-p005,45.1347,343,121,RLPolicy,1,1,0.082381,2.07944,2.99573,5,6.04762,64,181,5.6694,590,0.980558
E3-Strict-p005,45.1394,12,275,RLPolicy,1,1,0.0365056,2.77259,2.99573,6,7.08528,84,399,5.79648,590,0.95489
E3-Strict-p005,45.1401,308,357,RLPolicy,1,1,0.0999486,2.77259,2.99573,6,4.96483,58,65,4.7401,590,0.986256
E3-Strict-p005,45.1404,158,51,RLPolicy,1,1,0.0559716,2.95491,2.99573,6,7.25245,79,86,6.89312,590,0.986052
E3-Strict-p005,45.1406,328,507,RLPolicy,1,1,0.0871647,2.77259,2.99573,6,4.38303,260,287,4.00306,590,0.995537
E3-Strict-p005,45.1454,63,63,RLPolicy,0,0,0,0,2.99573,1,5.26994,47,47,5.17307,590,0.990133
E3-Strict-p005,45.1482,234,394,RLPolicy,1,1,0.0832532,2.07944,2.99573,5,5.66006,111,233,5.08087,590,0.967811
E3-Strict-p005,45.1508,81,321,RLPolicy,1,1,0.03259,1.92529,2.99573,5,7.02653,65,190,6.5079,590,0.969391
E3-Strict-p005,45.1582,250,272,RLPolicy,1,1,0.0659202,2.77259,2.99573,6,5.41578,64,326,4.96807,590,0.996653
E3-Strict-p005,45.1626,25,155,RLPolicy,1,1,0.0399485,2.77259,2.99573,6,7.58049,128,243,7.05138,590,0.966762
E3-Strict-p005,45.1632,282,282,RLPolicy,0,0,0,0,2.99573,1,7.21957,94,94,7.10933,590,0.990956
E3-Strict-p005,45.1672,225,522,RLPolicy,1,1,0.0733315,2.77259,2.99573,6,6.78661,287,299,6.18818,590,0.982908
E3-Strict-p005,45.1722,105,105,RLPolicy,0,0,0,0,2.99573,1,5.20465,75,75,5.11699,2,0.958767
E3-Strict-p005,45.1961,109,109,RLPolicy,0,0,0,0,2.99573,1,5.20263,76,76,5.13241,590,0.993187
E3-Strict-p005,45.1986,167,272,RLPolicy,1,1,0.0581189,2.77259,2.99573,6,5.67631,74,267,5.33542,590,0.990956
E3-Strict-p005,45.2013,467,492,RLPolicy,1,1,0.111929,2.31014,2.99573,6,5.38816,243,317,4.79368,593,0.996572
E3-Strict-p005,45.2013,238,238,RLPolicy,0,0,0,0,2.99573,1,4.97118,14,14,4.87829,593,1
E3-Strict-p005,45.2053,76,199,RLPolicy,1,1,0.0512484,2.77259,2.99573,6,9.57757,310,333,8.99861,593,0.98749
E3-Strict-p005,45.207,305,473,RLPolicy,1,1,0.0774666,2.07944,2.99573,5,5.52073,65,224,4.88743,593,0.994303
E3-Strict-p005,45.2107,115,340,RLPolicy,1,1,0.0510036,2.77259,2.99573,6,6.19186,84,265,5.6002,593,0.979561
E3-Strict-p005,45.2259,54,54,RLPolicy,0,0,0,0,2.99573,1,6.22738,7,7,6.12828,593,0.995419
E3-Strict-p005,45.231,275,66,RLPolicy,1,1,0.0765425,2.77259,2.99573,6,6.45543,42,365,5.71284,593,0.985259
E3-Strict-p005,45.2311,342,342,RLPolicy,0,0,0,0,2.99573,1,4.56437,98,98,4.4801,2,0.997769
E3-Strict-p005,45.2315,38,38,RLPolicy,0,0,0,0,2.99573,1,5.49041,61,61,5.42339,593,0.977213
E3-Strict-p005,45.237,66,66,RLPolicy,0,0,0,0,2.99573,1,4.92512,61,61,4.86656,593,0.985485
E3-Strict-p005,45.242,50,182,RLPolicy,1,1,0.0451281,2.46429,2.99573,6,6.18978,229,277,5.73364,593,0.965244
E3-Strict-p005,45.2423,52,79,RLPolicy,1,1,0.0425951,1.38629,2.99573,4,8.95367,0,117,8.30639,593,0.968048
E3-Strict-p005,45.2543,293,468,RLPolicy,1,1,0.100687,2.77259,2.99573,6,11.0266,222,251,10.711,593,0.990956
E3-Strict-p005,45.2603,180,180,RLPolicy,0,0,0,0,2.99573,1,4.28059,36,36,4.22192,593,0.997564
E3-Strict-p005,45.2636,39,2,RLPolicy,1,1,0.00624385,2.61844,2.99573,6,9.95177,218,232,9.53032,593,0.980835
E3-Strict-p005,45.2664,347,266,RLPolicy,1,1,0.0839014,0.693147,2.99573,3,7.06392,0,101,6.77098,593,0.986256
E3-Strict-p005,45.2711,419,419,RLPolicy,0,0,0,0,2.99573,1,9.49414,53,53,9.41347,593,1
E3-Strict-p005,45.2725,95,259,RLPolicy,1,1,0.042453,2.07944,2.99573,5,6.34391,89,244,5.84066,593,0.966814
E3-Strict-p005,45.2745,395,395,RLPolicy,0,0,0,0,2.99573,1,5.60437,96,96,5.49993,593,0.998884
E3-Strict-p005,45.2753,474,108,RLPolicy,1,1,0.11173,2.77259,2.99573,6,5.01321,176,213,4.61535,593,0.998884
E3-Strict-p005,45.2759,348,348,RLPolicy,0,0,0,0,2.99573,1,5.90929,83,83,5.80355,593,0.998884
E3-Strict-p005,45.2763,281,233,RLPolicy,1,1,0.0835879,2.77259,2.99573,6,5.86547,78,90,5.39446,593,0.98749
E3-Strict-p005,45.28,226,226,RLPolicy,0,0,0,0,2.99573,1,7.57598,6,6,7.44687,593,0.979324
E3-Strict-p005,45.281,492,465,RLPolicy,1,1,0.00606287,2.77259,2.99573,6,5.43385,246,255,5.00054,593,0.998884
E3-Strict-p005,45.2872,59,175,RLPolicy,1,1,0.04577,2.77259,2.99573,6,5.95803,160,249,5.65928,593,0.987197
E3-Strict-p005,45.2882,162,162,RLPolicy,0,0,0,0,2.99573,1,4.56772,42,42,4.51295,593,0.993187
E3-Strict-p005,45.2887,411,600,RLPolicy,1,1,0.104802,2.77259,2.99573,6,8.63336,174,267,8.08879,593,0.996653
E3-Strict-p005,45.3034,339,553,RLPolicy,1,1,0.1069,2.77259,2.99573,6,5.89847,182,216,5.48571,593,0.997564
E3-Strict-p005,45.3079,114,114,RLPolicy,0,0,0,0,2.99573,1,4.80198,15,15,4.72224,593,0.995419
E3-Strict-p005,45.3116,49,49,RLPolicy,0,0,0,0,2.99573,1,4.20129,16,16,4.14884,593,0.998884
E3-Strict-p005,45.3155,278,278,RLPolicy,0,0,0,0,2.99573,1,6.73783,42,42,6.574,593,0.982865
E3-Strict-p005,45.317,68,120,RLPolicy,1,1,0.0457415,2.77259,2.99573,6,5.03586,67,83,4.71613,593,0.989862
E3-Strict-p005,45.3184,86,86,RLPolicy,0,0,0,0,2.99573,1,5.71925,23,23,5.61586,593,0.997769
E3-Strict-p005,45.3214,172,13,RLPolicy,1,1,0.0512188,2.07944,2.99573,5,5.7398,104,314,5.18483,593,0.969046
E3-Strict-p005,45.3274,269,269,RLPolicy,0,0,0,0,2.99573,1,4.89384,36,36,4.80397,593,0.985485
E3-Strict-p005,45.3299,195,602,RLPolicy,1,1,0.0617662,2.77259,2.99573,6,5.79715,205,220,5.48668,593,0.988606
E3-Strict-p005,45.3385,465,460,RLPolicy,1,1,0.11029,2.77259,2.99573,6,5.63107,70,233,5.07581,593,0.998884
E3-Strict-p005,45.3471,1,471,RLPolicy,1,1,0.0337383,2.46721,2.99573,6,5.03232,137,304,4.64067,593,0.972047
E3-Strict-p005,45.353,478,478,RLPolicy,0,0,0,0,2.99573,1,8.73921,51,51,8.66644,593,1
E3-Strict-p005,45.3536,266,266,RLPolicy,0,0,0,0,2.99573,1,5.05588,73,73,4.98562,593,0.982402
E3-Strict-p005,45.3617,299,299,RLPolicy,0,0,0,0,2.99573,1,6.40357,68,68,6.13922,593,0.997769
E3-Strict-p005,45.3654,7,480,RLPolicy,1,1,0.0431829,2.46721,2.99573,6,7.28156,221,283,6.70044,593,0.958062
E3-Strict-p005,45.3721,378,338,RLPolicy,1,1,0.0899777,0.693147,2.99573,3,5.51835,0,186,5.19129,593,0.973201
E3-Strict-p005,45.3763,430,414,RLPolicy,1,1,0.107196,2.77259,2.99573,6,6.92812,202,262,6.48704,593,0.993187
E3-Strict-p005,45.3781,462,112,RLPolicy,1,1,0.114778,2.77259,2.99573,6,5.15767,74,367,4.77375,593,0.997769
E3-Strict-p005,45.379,262,501,RLPolicy,1,1,0.0893639,2.77259,2.99573,6,5.66821,69,270,5.2998,593,0.96793
E3-Strict-p005,45.3793,476,224,RLPolicy,1,1,0.1157,2.77259,2.99573,6,4.83159,214,341,4.37496,593,0.998884
E3-Strict-p005,45.3797,382,440,RLPolicy,1,1,0.0954704,2.77259,2.99573,6,5.33675,169,216,4.97695,593,0.997769
E3-Strict-p005,45.3865,458,214,RLPolicy,1,1,0.109397,2.77259,2.99573,6,5.25881,61,302,4.741,593,0.997769
E3-Strict-p005,45.387,204,297,RLPolicy,1,1,0.0522796,2.07944,2.99573,5,6.67519,106,265,5.97784,593,0.980354
E3-Strict-p005,45.3907,407,407,RLPolicy,0,0,0,0,2.99573,1,4.93332,100,100,4.84555,593,0.997769
E3-Strict-p005,45.3911,8,8,RLPolicy,0,0,0,0,2.99573,1,6.10542,74,74,5.97051,593,1
E3-Strict-p005,45.3993,186,186,RLPolicy,0,0,0,0,2.99573,1,4.97787,77,77,4.90868,593,0.978327
E3-Strict-p005,45.4081,376,376,RLPolicy,0,0,0,0,2.99573,1,4.41024,90,90,4.34958,594,0.997769
E3-Strict-p005,45.4103,392,392,RLPolicy,0,0,0,0,2.99573,1,5.11766,98,98,5.05186,594,0.997769
E3-Strict-p005,45.4119,427,576,RLPolicy,1,1,0.103195,2.77259,2.99573,6,9.90064,69,265,9.03997,594,0.987371
E3-Strict-p005,45.4143,97,165,RLPolicy,1,1,0.0568963,2.61844,2.99573,6,9.03938,291,299,8.56767,594,0.95376
E3-Strict-p005,45.4152,357,357,RLPolicy,0,0,0,0,2.99573,1,7.75158,11,11,7.64751,594,1
E3-Strict-p005,45.416,17,17,RLPolicy,0,0,0,0,2.99573,1,3.59275,77,77,3.53899,2,0.990177
E3-Strict-p005,45.4168,483,483,RLPolicy,0,0,0,0,2.99573,1,9.30574,25,25,9.2363,594,1
E3-Strict-p005,45.4175,442,467,RLPolicy,1,1,0.139516,2.77259,2.99573,6,5.25132,234,257,4.68858,594,0.998884
E3-Strict-p005,45.4189,103,103,RLPolicy,0,0,0,0,2.99573,1,5.99186,75,75,5.89589,594,0.994303
E3-Strict-p005,45.4203,207,207,RLPolicy,0,0,0,0,2.99573,1,6.47986,61,61,6.40392,594,0.985259
E3-Strict-p005,45.4255,67,67,RLPolicy,0,0,0,0,2.99573,1,4.6207,60,60,4.55078,594,0.958767
E3-Strict-p005,45.4285,387,387,RLPolicy,0,0,0,0,2.99573,1,4.48159,8,8,4.42889,594,1
E3-Strict-p005,45.4363,336,334,RLPolicy,1,1,0.0861237,2.46429,2.99573,6,5.64466,169,323,5.13807,594,0.984752
E3-Strict-p005,45.4377,439,439,RLPolicy,0,0,0,0,2.99573,1,8.83934,78,78,8.64554,594,1
E3-Strict-p005,45.441,311,153,RLPolicy,1,1,0.0795044,2.07944,2.99573,5,6.02409,41,239,5.67714,594,0.964346
E3-Strict-p005,45.4445,154,154,RLPolicy,0,0,0,0,2.99573,1,10.4511,12,12,10.3542,594,0.990648
E3-Strict-p005,45.4481,166,166,RLPolicy,0,0,0,0,2.99573,1,5.51664,50,50,5.40848,594,0.997769
E3-Strict-p005,45.4504,334,334,RLPolicy,0,0,0,0,2.99573,1,5.15224,80,80,5.07957,594,0.996653
E3-Strict-p005,45.4567,441,441,RLPolicy,0,0,0,0,2.99573,1,5.97193,47,47,5.89868,594,1
E3-Strict-p005,45.4573,74,100,RLPolicy,1,1,0.0489195,2.77259,2.99573,6,7.01297,55,333,6.22168,594,0.981674
E3-Strict-p005,45.4601,473,97,RLPolicy,1,1,0.113233,2.77259,2.99573,6,5.99666,249,406,5.32789,594,0.998884
E3-Strict-p005,45.4602,65,65,RLPolicy,0,0,0,0,2.99573,1,5.31495,15,15,5.24176,594,0.987371
E3-Strict-p005,45.4684,61,61,RLPolicy,0,0,0,0,2.99573,1,4.56504,71,71,4.4926,594,0.986374
E3-Strict-p005,45.471,354,354,RLPolicy,0,0,0,0,2.99573,1,5.9428,70,70,5.81556,594,0.987835
E3-Strict-p005,45.4797,243,243,RLPolicy,0,0,0,0,2.99573,1,4.4762,73,73,4.40391,594,0.990837
E3-Strict-p005,45.4817,48,48,RLPolicy,0,0,0,0,2.99573,1,6.16203,85,85,6.05604,594,0.97263
E3-Strict-p005,45.4827,393,92,RLPolicy,1,1,0.11323,2.77259,2.99573,6,5.06636,259,272,4.73776,594,0.992416
E3-Strict-p005,45.4829,374,374,RLPolicy,0,0,0,0,2.99573,1,5.56662,53,53,5.43655,594,0.992071
E3-Strict-p005,45.485,284,337,RLPolicy,1,1,0.0941262,2.77259,2.99573,6,6.70408,279,287,6.11859,594,0.98984
E3-Strict-p005,45.4889,403,21,RLPolicy,1,1,0.0971373,1.38629,2.99573,4,5.94706,0,175,5.49148,594,0.98514
E3-Strict-p005,45.4918,101,207,RLPolicy,1,1,0.0537718,2.77259,2.99573,6,5.95948,75,227,5.43027,594,0.98749
E3-Strict-p005,45.4926,408,408,RLPolicy,0,0,0,0,2.99573,1,5.47949,61,61,5.36084,594,0.993187
E3-Strict-p005,45.4936,448,448,RLPolicy,0,0,0,0,2.99573,1,4.36589,46,46,4.28674,594,0.995419
E3-Strict-p005,45.5034,55,55,RLPolicy,0,0,0,0,2.99573,1,4.46537,41,41,4.40922,598,0.971098
E3-Strict-p005,45.5042,182,182,RLPolicy,0,0,0,0,2.99573,1,4.22109,76,76,4.15643,598,0.996653
E3-Strict-p005,45.5064,271,446,RLPolicy,1,1,0.0695029,2.07944,2.99573,5,7.1643,121,281,6.56256,598,0.989721
E3-Strict-p005,45.5071,274,214,RLPolicy,1,1,0.0905478,2.07944,2.99573,5,6.01072,97,214,5.43756,598,0.985259
E3-Strict-p005,45.5086,294,294,RLPolicy,0,0,0,0,2.99573,1,9.79269,59,59,9.72146,598,0.989721
E3-Strict-p005,45.5131,449,449,RLPolicy,0,0,0,0,2.99573,1,5.43762,68,68,5.38034,598,1
E3-Strict-p005,45.5136,125,125,RLPolicy,0,0,0,0,2.99573,1,5.71176,60,60,5.5546,598,0.978327
E3-Strict-p005,45.5143,93,139,RLPolicy,1,1,0.048516,2.77259,2.99573,6,6.50997,35,303,5.8955,598,0.997769
E3-Strict-p005,45.5147,53,153,RLPolicy,1,1,0.0455567,2.61844,2.99573,6,5.19937,294,307,4.67344,598,0.966388
E3-Strict-p005,45.5167,298,87,RLPolicy,1,1,0.0745586,2.77259,2.99573,6,7.12717,146,325,6.37991,598,0.995537
E3-Strict-p005,45.5226,44,44,RLPolicy,0,0,0,0,2.99573,1,5.67807,56,56,5.6026,598,0.969578
E3-Strict-p005,45.5304,0,0,RLPolicy,0,0,0,0,2.99573,1,5.2374,78,78,5.12213,2,0.993306
E3-Strict-p005,45.5403,208,208,RLPolicy,0,0,0,0,2.99573,1,10.918,30,30,10.8549,598,0.990837
E3-Strict-p005,45.5422,118,384,RLPolicy,1,1,0.0522112,1.38629,2.99573,4,5.67574,0,197,5.34333,598,0.96793
E3-Strict-p005,45.543,429,429,RLPolicy,0,0,0,0,2.99573,1,5.03636,25,25,4.98202,598,0.997769
E3-Strict-p005,45.547,91,91,RLPolicy,0,0,0,0,2.99573,1,6.91378,58,58,6.84462,598,0.958805
E3-Strict-p005,45.5486,398,398,RLPolicy,0,0,0,0,2.99573,1,4.81346,58,58,4.73934,598,0.997564
E3-Strict-p005,45.5525,148,148,RLPolicy,0,0,0,0,2.99573,1,5.69139,13,13,5.52904,598,1
E3-Strict-p005,45.5611,373,373,RLPolicy,0,0,0,0,2.99573,1,5.34509,35,35,5.26123,598,0.993187
E3-Strict-p005,45.5714,498,498,RLPolicy,0,0,0,0,2.99573,1,7.08534,115,115,6.99188,598,1
E3-Strict-p005,45.574,433,585,RLPolicy,1,1,0.109253,2.07944,2.99573,5,6.63903,85,233,5.9617,598,0.979324
E3-Strict-p005,45.5799,175,175,RLPolicy,0,0,0,0,2.99573,1,4.77267,12,12,4.7031,598,0.977475
E3-Strict-p005,45.5806,257,157,RLPolicy,1,1,0.0644001,2.77259,2.99573,6,6.09837,212,354,5.63379,598,0.977093
E3-Strict-p005,45.5885,183,453,RLPolicy,1,1,0.0700181,2.61844,2.99573,6,5.39456,218,234,5.16941,598,0.960691
E3-Strict-p005,45.591,377,250,RLPolicy,1,1,0.0982222,2.77259,2.99573,6,5.66601,263,297,5.14577,598,0.997769
E3-Strict-p005,45.5945,410,559,RLPolicy,1,1,0.100478,2.77259,2.99573,6,7.01862,63,189,6.38313,598,0.996653
E3-Strict-p005,45.5967,309,309,RLPolicy,0,0,0,0,2.99573,1,4.66807,57,57,4.60846,598,0.993187
E3-Strict-p005,45.5974,444,444,RLPolicy,0,0,0,0,2.99573,1,7.4587,74,74,7.38611,598,0.997769
E3-Strict-p005,45.6017,351,468,RLPolicy,1,1,0.0969467,2.77259,2.99573,6,5.63936,212,224,5.19374,599,0.98514
E3-Strict-p005,45.6193,384,215,RLPolicy,1,1,0.111538,1.38629,2.99573,4,5.92591,0,121,5.53704,599,0.991953
E3-Strict-p005,45.6241,320,264,RLPolicy,1,1,0.0783943,2.07944,2.99573,5,5.15027,23,54,4.89753,599,0.985485
E3-Strict-p005,45.6286,325,325,RLPolicy,0,0,0,0,2.99573,1,6.30697,98,98,6.18624,599,0.990956
E3-Strict-p005,45.6356,117,117,RLPolicy,0,0,0,0,2.99573,1,6.24246,27,27,6.15912,599,0.98147
E3-Strict-p005,45.6357,200,200,RLPolicy,0,0,0,0,2.99573,1,5.13743,60,60,4.94771,1,0.969046
E3-Strict-p005,45.6402,454,454,RLPolicy,0,0,0,0,2.99573,1,4.08333,11,11,3.99591,599,1
E3-Strict-p005,45.6516,89,89,RLPolicy,0,0,0,0,2.99573,1,7.97917,57,57,7.88949,599,0.969854
E3-Strict-p005,45.6517,215,79,RLPolicy,1,1,0.0785244,2.77259,2.99573,6,5.07403,72,83,4.75851,599,0.986374
E3-Strict-p005,45.6535,181,181,RLPolicy,0,0,0,0,2.99573,1,4.34844,12,12,4.29171,599,0.997769
E3-Strict-p005,45.6545,415,415,RLPolicy,0,0,0,0,2.99573,1,6.18016,69,69,6.05739,599,0.995419
E3-Strict-p005,45.6568,421,421,RLPolicy,0,0,0,0,2.99573,1,6.14038,67,67,5.94368,599,1
E3-Strict-p005,45.6635,170,9,RLPolicy,1,1,0.0639319,2.77259,2.99573,6,6.58716,193,215,6.0402,599,0.98749
E3-Strict-p005,45.6645,190,190,RLPolicy,0,0,0,0,2.99573,1,5.39472,72,72,5.3189,599,0.975977
E3-Strict-p005,45.6715,227,227,RLPolicy,0,0,0,0,2.99573,1,6.25136,43,43,6.15616,599,0.988298
E3-Strict-p005,45.6757,83,144,RLPolicy,1,1,0.0516452,2.77259,2.99573,6,6.84265,304,315,6.33844,599,0.965698
E3-Strict-p005,45.6794,203,203,RLPolicy,0,0,0,0,2.99573,1,4.99882,76,76,4.90095,599,0.991646
E3-Strict-p005,45.68,397,397,RLPolicy,0,0,0,0,2.99573,1,5.18229,69,69,5.10003,599,0.995419
E3-Strict-p005,45.6803,60,448,RLPolicy,1,1,0.04617,2.77259,2.99573,6,5.90978,279,314,5.09491,599,0.969098
E3-Strict-p005,45.686,482,482,RLPolicy,0,0,0,0,2.99573,1,6.19097,81,81,6.11837,599,1
E3-Strict-p005,45.6869,35,46,RLPolicy,1,1,0.0422292,2.61844,2.99573,6,7.98282,200,224,7.30692,599,0.957705
E3-Strict-p005,45.6932,249,249,RLPolicy,0,0,0,0,2.99573,1,5.16483,34,34,5.03665,599,0.988606
E3-Strict-p005,45.6961,488,160,RLPolicy,1,1,0.120563,2.77259,2.99573,6,5.21107,88,97,4.86842,599,0.998884
E3-Strict-p005,45.6973,134,134,RLPolicy,0,0,0,0,2.99573,1,5.57114,8,8,5.50061,599,0.981674
E3-Strict-p005,45.7002,139,139,RLPolicy,0,0,0,0,2.99573,1,5.07233,55,55,4.99671,600,0.986374
E3-Strict-p005,45.7018,11,11,RLPolicy,0,0,0,0,2.99573,1,4.37789,20,20,4.32688,600,0.979763
E3-Strict-p005,45.7058,317,317,RLPolicy,0,0,0,0,2.99573,1,3.45178,91,91,3.39785,2,0.998884
E3-Strict-p005,45.7059,244,244,RLPolicy,0,0,0,0,2.99573,1,4.21231,68,68,4.15201,2,0.981674
E3-Strict-p005,45.7059,213,204,RLPolicy,1,1,0.0579367,2.07944,2.99573,5,6.44805,30,204,6.04605,600,0.97636
E3-Strict-p005,45.7128,349,378,RLPolicy,1,1,0.0899333,1.38629,2.99573,4,6.68135,0,173,6.06302,600,0.98514
E3-Strict-p005,45.7129,447,325,RLPolicy,1,1,0.106928,2.07944,2.99573,5,5.25072,71,225,4.65844,600,0.995419
E3-Strict-p005,45.7149,470,304,RLPolicy,1,1,0.113589,2.95491,2.99573,6,4.6919,76,84,4.37947,600,0.999796
E3-Strict-p005,45.723,150,342,RLPolicy,1,1,0.0426751,2.07944,2.99573,5,9.33941,97,215,8.90916,600,0.984024
E3-Strict-p005,45.7244,169,169,RLPolicy,0,0,0,0,2.99573,1,6.4202,89,89,6.31114,600,0.987064
E3-Strict-p005,45.7316,218,260,RLPolicy,1,1,0.0587938,2.77259,2.99573,6,7.65436,181,354,6.89586,600,0.983027
E3-Strict-p005,45.733,116,480,RLPolicy,1,1,0.0479062,2.07944,2.99573,5,6.05633,88,242,5.15195,600,0.97028
E3-Strict-p005,45.7398,27,75,RLPolicy,1,1,0.0474632,2.77259,2.99573,6,5.74177,265,357,5.21237,600,0.94626
E3-Strict-p005,45.7446,437,437,RLPolicy,0,0,0,0,2.99573,1,5.82896,52,52,5.77007,600,0.998884
E3-Strict-p005,45.7462,219,97,RLPolicy,1,1,0.0545596,2.61844,2.99573,6,7.73497,142,272,7.07011,600,0.986719
E3-Strict-p005,45.7536,333,182,RLPolicy,1,1,0.0915641,1.77114,2.99573,5,6.16628,63,236,5.66606,600,0.982483
E3-Strict-p005,45.7551,414,414,RLPolicy,0,0,0,0,2.99573,1,6.23793,76,76,6.13284,600,1
E3-Strict-p005,45.7555,330,330,RLPolicy,0,0,0,0,2.99573,1,5.17799,46,46,5.09976,600,0.990837
E3-Strict-p005,45.7559,319,319,RLPolicy,0,0,0,0,2.99573,1,5.46459,34,34,5.3724,600,1
E3-Strict-p005,45.7595,295,585,RLPolicy,1,1,0.077879,2.07944,2.99573,5,6.55908,94,287,5.97219,600,0.978208
E3-Strict-p005,45.7615,220,220,RLPolicy,0,0,0,0,2.99573,1,6.59945,54,54,6.45432,600,0.982908
E3-Strict-p005,45.767,224,146,RLPolicy,1,1,0.0738948,2.77259,2.99573,6,8.66796,138,186,8.09817,600,0.980677
E3-Strict-p005,45.7683,73,157,RLPolicy,1,1,0.0386779,2.07944,2.99573,5,10.77,14,241,10.0109,600,0.969164
E3-Strict-p005,45.7693,82,288,RLPolicy,1,1,0.0555492,2.77259,2.99573,6,7.76164,96,364,6.86149,600,0.984143
E3-Strict-p005,45.774,152,152,RLPolicy,0,0,0,0,2.99573,1,5.34656,37,37,5.2554,2,0.985259
E3-Strict-p005,45.7834,296,296,RLPolicy,0,0,0,0,2.99573,1,6.42119,63,63,6.33364,600,0.993187
E3-Strict-p005,45.7851,340,68,RLPolicy,1,1,0.085305,2.07944,2.99573,5,5.82993,99,264,5.22067,600,0.98514
E3-Strict-p005,45.787,446,327,RLPolicy,1,1,0.113131,2.77259,2.99573,6,7.52507,187,329,6.74744,600,0.996653
E3-Strict-p005,45.7905,223,223,RLPolicy,0,0,0,0,2.99573,1,8.35857,70,70,8.24767,600,0.994303
E3-Strict-p005,45.793,401,483,RLPolicy,1,1,0.118279,2.07944,2.99573,5,6.04422,10,169,5.57961,600,0.992071
E3-Strict-p005,45.7957,405,322,RLPolicy,1,1,0.0991273,2.77259,2.99573,6,5.44261,110,225,4.93097,600,0.998884
E3-Strict-p005,45.8005,453,453,RLPolicy,0,0,0,0,2.99573,1,5.08766,32,32,5.00705,604,0.998884
E3-Strict-p005,45.8064,211,538,RLPolicy,1,1,0.0739817,2.61844,2.99573,6,8.37003,193,239,7.9818,604,0.979825
E3-Strict-p005,45.8082,313,285,RLPolicy,1,1,0.074056,0.693147,2.99573,3,10.1717,0,139,9.78222,604,0.98514
E3-Strict-p005,45.8227,94,94,RLPolicy,0,0,0,0,2.99573,1,6.39141,72,72,6.29155,604,0.955339
E3-Strict-p005,45.8236,5,5,RLPolicy,0,0,0,0,2.99573,1,4.81104,70,70,4.74194,604,0.984729
E3-Strict-p005,45.8249,113,499,RLPolicy,1,1,0.058275,2.77259,2.99573,6,5.619,166,219,5.08492,604,0.96766
E3-Strict-p005,45.8317,198,372,RLPolicy,1,1,0.0667444,2.77259,2.99573,6,5.33239,229,250,4.79886,604,0.990956
E3-Strict-p005,45.8346,92,92,RLPolicy,0,0,0,0,2.99573,1,5.08267,29,29,5.00411,604,0.994303
E3-Strict-p005,45.8457,129,549,RLPolicy,1,1,0.0608989,2.61844,2.99573,6,4.78383,232,244,4.54823,604,0.987064
E3-Strict-p005,45.8562,22,22,RLPolicy,0,0,0,0,2.99573,1,5.60252,56,56,5.4572,604,0.971224
E3-Strict-p005,45.8591,381,381,RLPolicy,0,0,0,0,2.99573,1,6.54455,87,87,6.39783,604,0.993187
E3-Strict-p005,45.8632,34,597,RLPolicy,1,1,0.055512,2.85497,2.99573,7,9.45659,329,426,8.83593,604,0.965208
E3-Strict-p005,45.874,292,334,RLPolicy,1,1,0.0936941,2.77259,2.99573,6,6.85728,276,302,6.01205,604,0.998884
E3-Strict-p005,45.8742,230,230,RLPolicy,0,0,0,0,2.99573,1,5.45464,11,11,5.30367,604,1
E3-Strict-p005,45.8745,365,302,RLPolicy,1,1,0.107313,2.61844,2.99573,6,5.86421,246,274,5.45958,604,0.993651
E3-Strict-p005,45.8759,157,78,RLPolicy,1,1,0.0554405,2.77259,2.99573,6,7.49992,201,270,7.14292,604,0.966809
E3-Strict-p005,45.8791,58,58,RLPolicy,0,0,0,0,2.99573,1,4.87584,78,78,4.79961,2,0.971104
E3-Strict-p005,45.8912,463,463,RLPolicy,0,0,0,0,2.99573,1,4.06755,25,25,4.00022,4,0.995419
E3-Strict-p005,45.8985,431,431,RLPolicy,0,0,0,0,2.99573,1,5.17427,11,11,5.09935,604,0.997769
E3-Strict-p005,45.9059,136,136,RLPolicy,0,0,0,0,2.99573,1,5.7111,91,91,5.62364,605,0.956417
E3-Strict-p005,45.909,445,251,RLPolicy,1,1,0.11161,2.77259,2.99573,6,7.67985,262,317,7.11094,605,0.997769
E3-Strict-p005,45.9116,371,488,RLPolicy,1,1,0.0944291,2.61844,2.99573,6,7.52165,72,226,7.07223,605,0.996227
E3-Strict-p005,45.9126,490,137,RLPolicy,1,1,0.144854,2.07944,2.99573,5,4.11223,18,47,3.88264,605,0.995419
E3-Strict-p005,45.9171,236,96,RLPolicy,1,1,0.0626453,2.77259,2.99573,6,7.4066,173,343,6.64636,605,0.981793
E3-Strict-p005,45.9192,485,180,RLPolicy,1,1,0.113249,2.77259,2.99573,6,6.60156,144,231,6.16815,605,0.998884
E3-Strict-p005,45.9239,372,193,RLPolicy,1,1,0.0969943,2.07944,2.99573,5,7.40214,86,235,6.78394,605,0.981674
E3-Strict-p005,45.9265,104,362,RLPolicy,1,1,0.0561482,2.61844,2.99573,6,7.20931,295,333,6.567,605,0.989797
E3-Strict-p005,45.928,438,438,RLPolicy,0,0,0,0,2.99573,1,4.67075,3,3,4.59998,605,0.998884
E3-Strict-p005,45.9334,423,130,RLPolicy,1,1,0.116571,2.77259,2.99573,6,6.88905,172,184,6.45331,605,0.996653
E3-Strict-p005,45.9338,450,450,RLPolicy,0,0,0,0,2.99573,1,5.34732,51,51,5.2632,605,0.998884
E3-Strict-p005,45.9354,469,469,RLPolicy,0,0,0,0,2.99573,1,5.01801,85,85,4.87674,605,1
E3-Strict-p005,45.9444,491,491,RLPolicy,0,0,0,0,2.99573,1,4.85471,64,64,4.7522,2,1
E3-Strict-p005,45.9609,159,159,RLPolicy,0,0,0,0,2.99573,1,5.76018,31,31,5.61913,605,0.989721
E3-Strict-p005,45.9629,246,246,RLPolicy,0,0,0,0,2.99573,1,4.98657,74,74,4.91065,605,0.98749
E3-Strict-p005,45.963,385,385,RLPolicy,0,0,0,0,2.99573,1,5.39665,72,72,5.32229,605,0.994303
E3-Strict-p005,45.9697,380,580,RLPolicy,1,1,0.109298,2.77259,2.99573,6,5.65169,141,159,5.22591,605,0.990837
E3-Strict-p005,45.9719,41,536,RLPolicy,1,1,0.0500157,2.46721,2.99573,6,7.46817,115,371,6.76945,605,0.952779
E3-Strict-p005,45.9759,424,441,RLPolicy,1,1,0.118691,2.54945,2.99573,6,7.70376,268,328,7.00855,605,0.98514
E3-Strict-p005,45.9781,497,475,RLPolicy,1,1,0.124718,2.77259,2.99573,6,5.51809,275,285,5.1029,605,0.998884
E3-Strict-p005,45.9815,69,172,RLPolicy,1,1,0.0426648,2.77259,2.99573,6,5.48652,111,346,4.86633,605,0.960001
E3-Strict-p005,45.9821,42,42,RLPolicy,0,0,0,0,2.99573,1,5.41662,21,21,5.34213,605,0.978828
E3-Strict-p005,45.9881,239,239,RLPolicy,0,0,0,0,2.99573,1,5.92399,28,28,5.83177,605,0.992071
E3-Strict-p005,45.9924,199,185,RLPolicy,1,1,0.053106,2.77259,2.99573,6,5.97546,163,348,5.30961,605,0.993187
E3-Strict-p005,46.0027,111,111,RLPolicy,0,0,0,0,2.99573,1,5.11687,98,98,5.04561,608,0.981674
E3-Strict-p005,46.0045,304,225,RLPolicy,1,1,0.0783963,2.61844,2.99573,6,9.56624,166,242,9.26917,608,0.961343
E3-Strict-p005,46.0099,289,289,RLPolicy,0,0,0,0,2.99573,1,7.35428,11,11,7.16133,608,0.998884
E3-Strict-p005,46.0112,194,258,RLPolicy,1,1,0.0603937,1.38629,2.99573,4,6.01803,0,208,5.55077,608,0.973627
E3-Strict-p005,46.0119,30,30,RLPolicy,0,0,0,0,2.99573,1,5.72467,47,47,5.6659,608,0.97011
E3-Strict-p005,46.0147,240,496,RLPolicy,1,1,0.0845971,2.77259,2.99573,6,6.12467,41,180,5.52438,608,0.992071
E3-Strict-p005,46.0153,21,157,RLPolicy,1,1,0.0376359,1.77406,2.99573,5,5.86128,48,310,5.48126,608,0.966442
E3-Strict-p005,46.0171,24,273,RLPolicy,1,1,0.0454211,2.54959,2.99573,7,5.88245,90,507,5.23616,608,0.973988
E3-Strict-p005,46.0191,10,10,RLPolicy,0,0,0,0,2.99573,1,4.72025,29,29,4.65453,608,0.977744
E3-Strict-p005,46.0209,222,222,RLPolicy,0,0,0,0,2.99573,1,6.02804,74,74,5.91521,2,0.973746
E3-Strict-p005,46.0235,98,354,RLPolicy,1,1,0.052606,1.38629,2.99573,4,6.72997,0,220,6.21514,608,0.97097
E3-Strict-p005,46.0273,2,70,RLPolicy,1,1,0.00608731,2.46721,2.99573,6,6.6929,127,142,6.17532,608,0.989429
E3-Strict-p005,46.0304,362,362,RLPolicy,0,0,0,0,2.99573,1,9.09224,24,24,9.0037,608,0.989721
E3-Strict-p005,46.0348,4,103,RLPolicy,1,1,0.0358604,2.46721,2.99573,6,6.27315,64,280,5.44987,608,0.994011
E3-Strict-p005,46.0396,29,29,RLPolicy,0,0,0,0,2.99573,1,5.62273,40,40,5.53258,608,0.986787
E3-Strict-p005,46.0439,179,179,RLPolicy,0,0,0,0,2.99573,1,6.07728,116,116,5.96619,608,0.971396
E3-Strict-p005,46.0519,64,276,RLPolicy,1,1,0.033652,0.693147,2.99573,3,5.65106,0,152,5.46065,608,0.978327
E3-Strict-p005,46.0615,366,474,RLPolicy,1,1,0.0894536,2.07944,2.99573,5,7.00736,80,270,6.57215,608,0.986256
E3-Strict-p005,46.0642,500,500,RLPolicy,0,0,0,0,2.99573,1,4.69765,15,15,4.64801,608,1
E3-Strict-p005,46.0839,191,191,RLPolicy,0,0,0,0,2.99573,1,5.40732,68,68,5.33806,608,0.991301
E3-Strict-p005,46.0842,345,345,RLPolicy,0,0,0,0,2.99573,1,5.4769,56,56,5.38805,608,0.988606
E3-Strict-p005,46.086,270,542,RLPolicy,1,1,0.0846504,2.77259,2.99573,6,5.8601,265,279,5.44383,608,0.972511
E3-Strict-p005,46.0887,391,311,RLPolicy,1,1,0.10212,2.77259,2.99573,6,5.9438,271,298,5.19674,608,0.998884
E3-Strict-p005,46.0892,188,214,RLPolicy,1,1,0.0605023,2.77259,2.99573,6,5.79734,86,95,5.44154,608,0.998884
E3-Strict-p005,46.1025,75,139,RLPolicy,1,1,0.0473746,2.77259,2.99573,6,5.50378,226,241,5.18085,608,0.992071
E3-Strict-p005,46.1025,264,407,RLPolicy,1,1,0.00605462,2.77259,2.99573,6,4.76023,227,244,4.46625,608,0.993187
E3-Strict-p005,46.1073,315,585,RLPolicy,1,1,0.079404,1.38629,2.99573,4,6.52217,0,111,6.09626,608,0.989721
E3-Strict-p005,46.1093,479,425,RLPolicy,1,1,0.115519,2.77259,2.99573,6,5.47977,186,294,4.91108,608,0.994303
E3-Strict-p005,46.1107,216,218,RLPolicy,1,1,0.0629126,2.77259,2.99573,6,6.40696,131,245,6.06903,608,0.96558
E3-Strict-p005,46.1131,399,399,RLPolicy,0,0,0,0,2.99573,1,5.96955,58,58,5.87222,608,0.997769
E3-Strict-p005,46.1153,107,450,RLPolicy,1,1,0.0487238,2.07944,2.99573,5,7.50879,74,273,6.80497,608,0.961036
E3-Strict-p005,46.1207,57,57,RLPolicy,0,0,0,0,2.99573,1,4.64529,8,8,4.55737,608,0.998884
E3-Strict-p005,46.124,221,221,RLPolicy,0,0,0,0,2.99573,1,6.31846,86,86,6.18415,608,0.982908
E3-Strict-p005,46.1459,122,122,RLPolicy,0,0,0,0,2.99573,1,5.61461,70,70,5.54046,608,0.993306
E3-Strict-p005,46.1563,231,551,RLPolicy,1,1,0.067699,2.07944,2.99573,5,7.63493,53,355,6.71,608,0.979561
E3-Strict-p005,46.166,455,455,RLPolicy,0,0,0,0,2.99573,1,4.4649,19,19,4.39123,608,1
E3-Strict-p005,46.1683,389,389,RLPolicy,0,0,0,0,2.99573,1,4.41394,11,11,4.34065,608,1
E3-Strict-p005,46.169,493,493,RLPolicy,0,0,0,0,2.99573,1,5.13522,82,82,5.03586,608,1
E3-Strict-p005,46.1819,131,131,RLPolicy,0,0,0,0,2.99573,1,5.09608,34,34,5.02747,608,0.981674
E3-Strict-p005,46.1834,31,128,RLPolicy,1,1,0.0402013,2.77259,2.99573,6,5.41218,280,299,4.75066,608,0.982205
E3-Strict-p005,46.1858,452,452,RLPolicy,0,0,0,0,2.99573,1,5.53132,3,3,5.45009,608,1
E3-Strict-p005,46.1919,435,435,RLPolicy,0,0,0,0,2.99573,1,6.00072,15,15,5.92066,608,0.995419
E3-Strict-p005,46.1971,233,233,RLPolicy,0,0,0,0,2.99573,1,5.8779,51,51,5.78435,608,0.979324
E3-Strict-p005,46.2054,412,54,RLPolicy,1,1,0.115824,2.77259,2.99573,6,5.57754,221,235,5.02228,608,0.992071
E3-Strict-p005,46.2105,360,360,RLPolicy,0,0,0,0,2.99573,1,4.80482,21,21,4.73792,608,0.998884
E3-Strict-p005,46.2109,33,463,RLPolicy,1,1,0.0497158,2.93736,2.99573,8,5.8397,380,411,5.12979,608,0.973576
E3-Strict-p005,46.2227,335,291,RLPolicy,1,1,0.0393488,1.38629,2.99573,4,5.8962,0,230,5.37227,608,0.979324
E3-Strict-p005,46.234,494,61,RLPolicy,1,1,0.00624369,2.77259,2.99573,6,5.48182,262,272,5.04967,608,0.998884
E3-Strict-p005,46.2356,286,518,RLPolicy,1,1,0.075011,2.77259,2.99573,6,5.76176,162,348,5.07747,608,0.972511
E3-Strict-p005,46.2357,71,71,RLPolicy,0,0,0,0,2.99573,1,5.1005,16,16,5.01802,608,0.998884
E3-Strict-p005,46.2393,301,301,RLPolicy,0,0,0,0,2.99573,1,12.077,17,17,11.9901,608,1
E3-Strict-p005,46.2397,174,174,RLPolicy,0,0,0,0,2.99573,1,4.68603,75,75,4.59071,608,0.996653
E3-Strict-p005,46.2399,464,38,RLPolicy,1,1,0.113946,2.07944,2.99573,5,5.81893,49,323,4.9463,608,0.995419
E3-Strict-p005,46.241,259,259,RLPolicy,0,0,0,0,2.99573,1,5.24456,70,70,5.17748,608,0.996653
E3-Strict-p005,46.2412,484,484,RLPolicy,0,0,0,0,2.99573,1,5.78864,1,1,5.69285,608,1
E3-Strict-p005,46.2418,70,590,RLPolicy,1,1,0.00605227,2.77259,2.99573,6,5.43182,124,138,5.06103,608,0.986493
E3-Strict-p005,46.2496,285,285,RLPolicy,0,0,0,0,2.99573,1,5.36564,60,60,5.28946,608,0.98749
E3-Strict-p005,46.2502,314,278,RLPolicy,1,1,0.0775099,2.07944,2.99573,5,7.99554,12,206,7.57757,608,0.990956
E3-Strict-p005,46.2562,338,309,RLPolicy,1,1,0.0830189,2.46429,2.99573,6,5.67527,102,344,5.21575,608,0.989759
E3-Strict-p005,46.2586,137,137,RLPolicy,0,0,0,0,2.99573,1,7.02452,19,19,6.93603,608,0.993996
E3-Strict-p005,46.2636,84,150,RLPolicy,1,1,0.047752,2.77259,2.99573,6,7.41757,189,288,6.48593,608,0.974091
E3-Strict-p005,46.2692,326,326,RLPolicy,0,0,0,0,2.99573,1,4.7248,73,73,4.55663,2,0.993187
E3-Strict-p005,46.2748,185,185,RLPolicy,0,0,0,0,2.99573,1,6.19963,55,55,6.10627,608,0.958993
E3-Strict-p005,46.2918,142,142,RLPolicy,0,0,0,0,2.99573,1,6.09542,60,60,6.00571,608,0.984024
E3-Strict-p005,46.2946,432,291,RLPolicy,1,1,0.102074,1.38629,2.99573,4,8.01152,0,192,7.40224,608,0.98279
E3-Strict-p005,46.2956,359,359,RLPolicy,0,0,0,0,2.99573,1,8.22962,21,21,8.09796,608,0.994303
E3-Strict-p005,46.2992,120,120,RLPolicy,0,0,0,0,2.99573,1,4.43529,19,19,4.37757,608,1
E3-Strict-p005,46.302,87,267,RLPolicy,1,1,0.0592589,2.77259,2.99573,6,7.01779,176,264,6.29851,608,0.976096
E3-Strict-p005,46.3023,242,242,RLPolicy,0,0,0,0,2.99573,1,5.35325,61,61,5.22054,608,0.980903
E3-Strict-p005,46.3024,255,64,RLPolicy,1,1,0.0778241,2.07944,2.99573,5,5.62353,38,268,5.01143,608,0.986256
E3-Strict-p005,46.3053,235,585,RLPolicy,1,1,0.0674188,2.77259,2.99573,6,7.39825,241,284,6.85065,608,0.994421
E3-Strict-p005,46.311,434,204,RLPolicy,1,1,0.106116,2.77259,2.99573,6,7.78336,136,405,6.85015,608,0.996653
E3-Strict-p005,46.3133,100,161,RLPolicy,1,1,0.0404938,2.77259,2.99573,6,6.21041,51,273,5.59384,608,0.989069
E3-Strict-p005,46.3135,461,461,RLPolicy,0,0,0,0,2.99573,1,4.26432,35,35,4.21216,608,0.995419
E3-Strict-p005,46.3137,165,39,RLPolicy,1,1,0.0602101,2.07944,2.99573,5,5.34511,77,158,5.03638,608,0.978327
E3-Strict-p005,46.3206,178,178,RLPolicy,0,0,0,0,2.99573,1,6.54495,20,20,6.36171,608,0.995111
E3-Strict-p005,46.3214,261,254,RLPolicy,1,1,0.0741124,2.07944,2.99573,5,6.131,88,207,5.67826,608,0.989759
E3-Strict-p005,46.3245,23,23,RLPolicy,0,0,0,0,2.99573,1,5.6002,84,84,5.52313,608,0.973671
E3-Strict-p005,46.3255,502,502,RLPolicy,0,0,0,0,2.99573,1,6.48252,86,86,6.40357,608,1
E3-Strict-p005,46.3289,77,566,RLPolicy,1,1,0.00621484,2.77259,2.99573,6,5.83575,315,334,5.27538,608,0.976096
E3-Strict-p005,46.3391,272,276,RLPolicy,1,1,0.0786904,2.07944,2.99573,5,6.59689,102,242,6.09758,608,0.981934
E3-Strict-p005,46.3412,79,335,RLPolicy,1,1,0.0577541,2.77259,2.99573,6,5.74951,180,257,5.24684,608,0.977211
E3-Strict-p005,46.3419,32,351,RLPolicy,1,1,0.041252,2.64953,2.99573,6,5.18993,165,355,4.69662,608,0.966236
E3-Strict-p005,46.3422,291,291,RLPolicy,0,0,0,0,2.99573,1,8.01315,96,96,7.89149,608,0.995537
E3-Strict-p005,46.3441,37,597,RLPolicy,1,1,0.00604901,2.77259,2.99573,6,5.61739,111,137,5.23863,608,0.986082
E3-Strict-p005,46.3465,418,418,RLPolicy,0,0,0,0,2.99573,1,6.29564,73,73,6.21345,608,0.998884
E3-Strict-p005,46.3551,189,189,RLPolicy,0,0,0,0,2.99573,1,6.06704,37,37,5.94387,608,0.981793
E3-Strict-p005,46.3565,390,390,RLPolicy,0,0,0,0,2.99573,1,6.82146,90,90,6.70751,608,0.98279
E3-Strict-p005,46.3644,187,617,RLPolicy,1,1,0.0552696,2.77259,2.99573,6,6.51856,94,382,5.82237,608,0.976889
E3-Strict-p005,46.3696,140,140,RLPolicy,0,0,0,0,2.99573,1,5.54525,37,37,5.39054,608,0.973627
E3-Strict-p005,46.3702,400,529,RLPolicy,1,1,0.101239,2.61844,2.99573,6,5.13556,154,169,4.6467,608,0.996227
E3-Strict-p005,46.3816,409,409,RLPolicy,0,0,0,0,2.99573,1,4.72202,3,3,4.64124,608,1
E3-Strict-p005,46.3839,356,395,RLPolicy,1,1,0.109265,2.77259,2.99573,6,6.65692,127,431,6.02011,608,0.995537
E3-Strict-p005,46.3846,436,207,RLPolicy,1,1,0.104325,2.07944,2.99573,5,7.89453,82,337,7.37556,608,0.987371
E3-Strict-p005,46.3871,413,413,RLPolicy,0,0,0,0,2.99573,1,5.38329,21,21,5.27524,608,1
E3-Strict-p005,46.4018,288,217,RLPolicy,1,1,0.0940473,2.46429,2.99573,6,7.96162,262,306,6.92779,608,0.988094
E3-Strict-p005,46.4023,146,146,RLPolicy,0,0,0,0,2.99573,1,6.21201,11,11,6.12179,608,0.991953
E3-Strict-p005,46.4122,241,241,RLPolicy,0,0,0,0,2.99573,1,9.8842,21,21,9.80548,608,0.98514
E3-Strict-p005,46.4188,112,112,RLPolicy,0,0,0,0,2.99573,1,9.43213,86,86,9.303,4,0.943826
E3-Strict-p005,46.4192,337,533,RLPolicy,1,1,0.100847,2.77259,2.99573,6,5.23893,141,232,4.8335,608,0.993187
E3-Strict-p005,46.42,121,121,RLPolicy,0,0,0,0,2.99573,1,4.69106,11,11,4.63313,608,0.993532
E3-Strict-p005,46.4223,171,171,RLPolicy,0,0,0,0,2.99573,1,6.37842,56,56,6.29781,608,0.986374
E3-Strict-p005,46.4227,499,232,RLPolicy,1,1,0.12478,2.77259,2.99573,6,6.56777,226,246,6.02714,608,0.998884
E3-Strict-p005,46.4275,353,353,RLPolicy,0,0,0,0,2.99573,1,4.40616,5,5,4.34586,608,0.998884
E3-Strict-p005,46.4292,416,151,RLPolicy,1,1,0.100949,2.77259,2.99573,6,5.87684,103,423,5.08548,608,0.989721
E3-Strict-p005,46.4309,108,108,RLPolicy,0,0,0,0,2.99573,1,5.6228,41,41,5.50452,608,0.980558
E3-Strict-p005,46.4329,214,448,RLPolicy,1,1,0.0711054,2.77259,2.99573,6,7.17448,202,225,6.83967,608,0.981793
E3-Strict-p005,46.4532,28,28,RLPolicy,0,0,0,0,2.99573,1,5.87654,32,32,5.78596,608,0.962287
E3-Strict-p005,46.4551,256,256,RLPolicy,0,0,0,0,2.99573,1,4.07535,8,8,4.02051,608,1
E3-Strict-p005,46.4568,477,63,RLPolicy,1,1,0.112089,2.07944,2.99573,5,5.83052,49,331,5.19219,608,0.990837
E3-Strict-p005,46.4579,184,184,RLPolicy,0,0,0,0,2.99573,1,5.40591,83,83,5.33193,608,0.979158
E3-Strict-p005,46.4648,303,501,RLPolicy,1,1,0.0930767,2.07944,2.99573,5,6.18976,31,72,5.94839,608,0.994303
E3-Strict-p005,46.4663,72,72,RLPolicy,0,0,0,0,2.99573,1,4.71321,19,19,4.65486,608,0.990956
E3-Strict-p005,46.4724,258,406,RLPolicy,1,1,0.0625075,2.07944,2.99573,5,5.62158,59,219,5.23789,608,0.992071
E3-Strict-p005,46.4732,133,207,RLPolicy,1,1,0.0541471,2.07944,2.99573,5,7.63852,81,361,7.03577,608,0.97498
E3-Strict-p005,46.4764,489,258,RLPolicy,1,1,0.118844,2.07944,2.99573,5,6.43031,101,287,5.72013,608,0.995419
E3-Strict-p005,46.4806,85,323,RLPolicy,1,1,0.0487461,2.07944,2.99573,5,5.66662,69,146,5.16634,608,0.989721
E3-Strict-p005,46.4809,18,430,RLPolicy,1,1,0.0485981,2.77259,2.99573,6,5.50605,231,309,5.18864,608,0.971516
E3-Strict-p005,46.492,456,456,RLPolicy,0,0,0,0,2.99573,1,4.96303,10,10,4.90363,608,0.988487
E3-Strict-p005,46.4954,501,339,RLPolicy,1,1,0.120976,2.77259,2.99573,6,5.17576,273,320,4.75481,608,0.998884
E3-Strict-p005,46.5032,212,513,RLPolicy,1,1,0.0797977,2.77259,2.99573,6,5.67291,147,157,5.4322,609,0.992071
E3-Strict-p005,46.5033,428,428,RLPolicy,0,0,0,0,2.99573,1,4.44334,23,23,4.39291,609,0.998884
E3-Strict-p005,46.5044,6,158,RLPolicy,1,1,0.00561218,2.61844,2.99573,6,4.58136,274,304,4.28126,609,0.971455
E3-Strict-p005,46.5086,341,341,RLPolicy,0,0,0,0,2.99573,1,4.14159,17,17,4.09049,609,0.996653
E3-Strict-p005,46.5096,149,576,RLPolicy,1,1,0.0589829,2.77259,2.99573,6,7.68858,206,375,6.98513,609,0.96793
E3-Strict-p005,46.5096,106,180,RLPolicy,1,1,0.0313735,1.38629,2.99573,4,5.95162,0,133,5.63257,609,0.978327
E3-Strict-p005,46.5148,78,78,RLPolicy,0,0,0,0,2.99573,1,4.65406,49,49,4.58632,609,0.995419
E3-Strict-p005,46.5169,127,206,RLPolicy,1,1,0.0592186,2.07944,2.99573,5,6.11498,70,128,5.74536,609,0.974861
E3-Strict-p005,46.5273,290,312,RLPolicy,1,1,0.0794608,1.38629,2.99573,4,5.15242,0,218,4.85295,609,0.990837
E3-Strict-p005,46.5277,422,422,RLPolicy,0,0,0,0,2.99573,1,5.1024,18,18,5.02553,609,0.998884
E3-Strict-p005,46.5296,369,448,RLPolicy,1,1,0.108691,2.77259,2.99573,6,5.32352,64,85,5.00907,609,0.997769
E3-Strict-p005,46.5313,124,292,RLPolicy,1,1,0.0472298,2.77259,2.99573,6,6.29416,82,356,5.61831,609,0.974743
E3-Strict-p005,46.5552,237,237,RLPolicy,0,0,0,0,2.99573,1,6.2573,62,62,6.17665,609,0.977093
E3-Strict-p005,46.5556,468,468,RLPolicy,0,0,0,0,2.99573,1,4.66928,70,70,4.58509,609,0.995419
E3-Strict-p005,46.5566,481,260,RLPolicy,1,1,0.115269,2.77259,2.99573,6,5.85026,182,365,5.11066,609,0.997769
E3-Strict-p005,46.5655,443,443,RLPolicy,0,0,0,0,2.99573,1,5.71399,2,2,5.64324,609,1
E3-Strict-p005,46.5685,460,88,RLPolicy,1,1,0.113788,2.77259,2.99573,6,5.37623,219,257,5.07924,609,0.997769
E3-Strict-p005,46.5773,176,475,RLPolicy,1,1,0.061547,2.77259,2.99573,6,6.91049,72,79,6.58723,609,0.975977
E3-Strict-p005,46.5774,361,361,RLPolicy,0,0,0,0,2.99573,1,6.5056,13,13,6.4422,609,0.994303
E3-Strict-p005,46.5785,486,89,RLPolicy,1,1,0.114208,1.38629,2.99573,4,5.3841,0,155,4.99991,609,0.990837
E3-Strict-p005,46.5787,331,331,RLPolicy,0,0,0,0,2.99573,1,5.20207,41,41,5.13654,609,1
E3-Strict-p005,46.5813,245,245,RLPolicy,0,0,0,0,2.99573,1,7.61211,60,60,7.54417,609,0.984024
E3-Strict-p005,46.5833,466,613,RLPolicy,1,1,0.115967,2.07944,2.99573,5,5.21439,51,136,4.79345,609,0.995419
E3-Strict-p005,46.6005,119,295,RLPolicy,1,1,0.0432557,0.693147,2.99573,3,6.27343,0,186,5.83222,610,0.969046
E3-Strict-p005,46.6015,358,358,RLPolicy,0,0,0,0,2.99573,1,4.74349,71,71,4.6431,610,1
E3-Strict-p005,46.6018,383,383,RLPolicy,0,0,0,0,2.99573,1,6.2074,16,16,6.08385,610,1
E3-Strict-p005,46.602,47,604,RLPolicy,1,1,0.0437133,1.77406,2.99573,5,6.5553,27,255,6.07597,610,0.978036
E3-Strict-p005,46.6026,13,415,RLPolicy,1,1,0.0426393,2.77259,2.99573,6,7.55124,286,328,6.97789,610,0.965816
E3-Strict-p005,46.604,504,504,RLPolicy,0,0,0,0,2.99573,1,6.42334,40,40,6.35114,610,1
E3-Strict-p005,46.6047,316,40,RLPolicy,1,1,0.0804598,2.07944,2.99573,5,6.30597,54,286,5.96034,610,0.993187
E3-Strict-p005,46.6093,145,145,RLPolicy,0,0,0,0,2.99573,1,5.8561,75,75,5.76953,610,0.998884
E3-Strict-p005,46.6113,321,588,RLPolicy,1,1,0.0913667,2.77259,2.99573,6,5.97152,72,129,5.39077,610,0.989721
E3-Strict-p005,46.6178,344,344,RLPolicy,0,0,0,0,2.99573,1,5.56677,6,6,5.48109,610,1
E3-Strict-p005,46.6184,306,288,RLPolicy,1,1,0.0840627,2.95491,2.99573,6,9.97632,78,86,9.44344,610,0.994099
E3-Strict-p005,46.6252,364,129,RLPolicy,1,1,0.11054,2.07944,2.99573,5,6.10795,68,150,5.77182,610,0.98514
E3-Strict-p005,46.635,147,147,RLPolicy,0,0,0,0,2.99573,1,7.33779,70,70,7.24192,610,0.971859
E3-Strict-p005,46.6362,163,163,RLPolicy,0,0,0,0,2.99573,1,8.3135,68,68,8.21449,610,0.990837
E3-Strict-p005,46.6396,379,534,RLPolicy,1,1,0.0947077,2.77259,2.99573,6,6.41542,101,409,5.67529,610,0.996653
E3-Strict-p005,46.6521,90,90,RLPolicy,0,0,0,0,2.99573,1,6.25873,38,38,6.15709,610,0.998884
E3-Strict-p005,46.6569,350,350,RLPolicy,0,0,0,0,2.99573,1,5.45633,52,52,5.38347,610,0.993187
E3-Strict-p005,46.6636,287,287,RLPolicy,0,0,0,0,2.99573,1,4.50449,7,7,4.44995,610,0.993187
E3-Strict-p005,46.6672,273,42,RLPolicy,1,1,0.0750825,2.07944,2.99573,5,5.7194,91,288,5.32237,610,0.990956
E3-Strict-p005,46.6834,388,394,RLPolicy,1,1,0.094499,2.77259,2.99573,6,6.42382,98,206,5.93889,610,0.996653
E3-Strict-p005,46.6945,141,141,RLPolicy,0,0,0,0,2.99573,1,5.17483,70,70,4.90998,610,0.995419
E3-Strict-p005,46.6959,192,192,RLPolicy,0,0,0,0,2.99573,1,4.87018,10,10,4.73064,610,0.98279
E3-Strict-p005,46.6982,268,179,RLPolicy,1,1,0.0863137,2.46429,2.99573,6,6.48302,130,341,5.89024,610,0.968313
E3-Strict-p005,46.7006,202,352,RLPolicy,1,1,0.0489806,2.07944,2.99573,5,5.70372,89,215,5.16415,610,0.990956
E3-Strict-p005,46.7033,193,73,RLPolicy,1,1,0.0618547,2.61844,2.99573,6,7.0161,164,276,6.52573,610,0.966081
E3-Strict-p005,46.7076,15,129,RLPolicy,1,1,0.0437221,2.07944,2.99573,5,6.79592,70,155,6.33345,610,0.986987
E3-Strict-p005,46.71,36,59,RLPolicy,1,1,0.00621262,2.46721,2.99573,6,5.25871,175,236,4.76224,610,0.98097
E3-Strict-p005,46.712,332,332,RLPolicy,0,0,0,0,2.99573,1,5.14524,60,60,5.06643,610,0.997769
E3-Strict-p005,46.7134,247,274,RLPolicy,1,1,0.0680377,2.77259,2.99573,6,6.56345,197,245,6.08295,610,0.98984
E3-Strict-p005,46.7167,480,480,RLPolicy,0,0,0,0,2.99573,1,5.09492,26,26,5.02729,610,1
E3-Strict-p005,46.7237,260,223,RLPolicy,1,1,0.0804044,2.77259,2.99573,6,6.52229,226,245,6.25469,610,0.990956
E3-Strict-p005,46.7314,135,163,RLPolicy,1,1,0.0553712,2.77259,2.99573,6,5.81381,163,319,5.23789,610,0.969164
E3-Strict-p005,46.7325,318,318,RLPolicy,0,0,0,0,2.99573,1,5.14625,1,1,5.07321,610,1
E3-Strict-p005,46.7367,327,76,RLPolicy,1,1,0.0830519,2.77259,2.99573,6,7.17254,91,305,6.54301,610,0.996653
E3-Strict-p005,46.7389,229,221,RLPolicy,1,1,0.00560788,2.61844,2.99573,6,6.52642,299,309,6.12963,610,0.996998
E3-Strict-p005,46.7414,406,234,RLPolicy,1,1,0.099523,2.61844,2.99573,6,6.63926,162,410,6.08039,610,0.991301
E3-Strict-p005,46.7418,251,251,RLPolicy,0,0,0,0,2.99573,1,6.75491,80,80,6.67035,610,0.956417
E3-Strict-p005,46.7426,156,391,RLPolicy,1,1,0.0673389,2.77259,2.99573,6,6.11607,244,326,5.6404,610,0.980677
E3-Strict-p005,46.7609,487,425,RLPolicy,1,1,0.125767,2.77259,2.99573,6,6.63268,314,348,6.079,610,0.994303
E3-Strict-p005,46.7626,277,277,RLPolicy,0,0,0,0,2.99573,1,5.86711,1,1,5.75106,610,1
E3-Strict-p005,46.7634,475,475,RLPolicy,0,0,0,0,2.99573,1,5.70001,31,31,5.60401,610,0.998884
E3-Strict-p005,46.7673,506,506,RLPolicy,0,0,0,0,2.99573,1,4.56125,1,1,4.5055,610,1
E3-Strict-p005,46.7677,248,31,RLPolicy,1,1,0.0833453,2.46429,2.99573,6,9.09116,225,253,8.30726,610,0.974473
E3-Strict-p005,46.7705,310,310,RLPolicy,0,0,0,0,2.99573,1,6.22769,50,50,6.02494,610,0.989759
E3-Strict-p005,46.7721,472,472,RLPolicy,0,0,0,0,2.99573,1,6.98594,63,63,6.87529,610,0.995419
E3-Strict-p005,46.7751,138,138,RLPolicy,0,0,0,0,2.99573,1,6.41523,98,98,6.33836,610,0.979443
E3-Strict-p005,46.7786,51,19,RLPolicy,1,1,0.00602826,2.77259,2.99573,6,5.98348,197,210,5.60823,610,0.993187
E3-Strict-p005,46.7823,88,88,RLPolicy,0,0,0,0,2.99573,1,6.00046,73,73,5.92637,610,0.982908
E3-Strict-p005,46.7841,153,139,RLPolicy,1,1,0.0667444,2.61844,2.99573,6,9.70329,97,243,9.0066,610,0.967278
E3-Strict-p005,46.7907,99,99,RLPolicy,0,0,0,0,2.99573,1,8.33203,60,60,8.21278,610,0.984024
E3-Strict-p005,46.7911,232,348,RLPolicy,1,1,0.0558223,2.77259,2.99573,6,7.10291,142,256,6.53536,610,0.990956
E3-Strict-p005,46.7922,375,375,RLPolicy,0,0,0,0,2.99573,1,6.16764,61,61,6.07216,610,1
E3-Strict-p005,46.7932,394,394,RLPolicy,0,0,0,0,2.99573,1,6.61095,55,55,6.20414,610,0.979324
E3-Strict-p005,46.7953,402,351,RLPolicy,1,1,0.129327,2.77259,2.99573,6,5.93803,208,228,5.6559,610,0.986256
E3-Strict-p005,46.7963,396,396,RLPolicy,0,0,0,0,2.99573,1,8.35807,79,79,8.25063,610,0.994303
E3-Strict-p005,46.8035,168,168,RLPolicy,0,0,0,0,2.99573,1,8.40613,98,98,8.30766,2,0.987609
E3-Strict-p005,46.8131,14,447,RLPolicy,1,1,0.0333672,1.38629,2.99573,4,9.86685,0,98,9.54581,611,0.973627
E3-Strict-p005,46.8147,355,355,RLPolicy,0,0,0,0,2.99573,1,5.20123,31,31,5.13934,611,0.989721
E3-Strict-p005,46.8149,16,16,RLPolicy,0,0,0,0,2.99573,1,6.04826,40,40,5.96743,611,0.966815
E3-Strict-p005,46.8159,420,420,RLPolicy,0,0,0,0,2.99573,1,5.16271,28,28,5.07969,611,0.998884
E3-Strict-p005,46.8199,495,495,RLPolicy,0,0,0,0,2.99573,1,8.40377,8,8,8.27635,611,1
E3-Strict-p005,46.8287,9,76,RLPolicy,1,1,0.0376449,2.77259,2.99573,6,6.1809,113,353,5.37788,611,0.963588
E3-Strict-p005,46.8317,132,132,RLPolicy,0,0,0,0,2.99573,1,4.16869,23,23,4.11546,611,0.995419
E3-Strict-p005,46.8325,160,160,RLPolicy,0,0,0,0,2.99573,1,4.04222,16,16,3.99016,611,1
E3-Strict-p005,46.8345,457,457,RLPolicy,0,0,0,0,2.99573,1,10.8156,32,32,10.7462,611,0.998884
E3-Strict-p005,46.8381,130,84,RLPolicy,1,1,0.0455402,2.07944,2.99573,5,5.18536,43,104,4.69888,611,0.988606
E3-Strict-p005,46.8432,386,386,RLPolicy,0,0,0,0,2.99573,1,9.94096,49,49,9.86041,611,0.998114
E3-Strict-p005,46.8439,26,26,RLPolicy,0,0,0,0,2.99573,1,4.61381,18,18,4.54925,611,0.997065
E3-Strict-p005,46.8567,197,175,RLPolicy,1,1,0.0588176,2.07944,2.99573,5,6.77874,65,171,6.447,611,0.982908
E3-Strict-p005,46.8608,173,56,RLPolicy,1,1,0.0563213,2.61844,2.99573,6,8.2811,232,413,7.60082,611,0.989414
E3-Strict-p005,46.861,297,563,RLPolicy,1,1,0.0984007,2.61844,2.99573,6,5.8706,260,274,5.51393,611,0.986412
E3-Strict-p005,46.8702,252,252,RLPolicy,0,0,0,0,2.99573,1,7.28142,72,72,7.18371,611,0.993187
E3-Strict-p005,46.8728,425,425,RLPolicy,0,0,0,0,2.99573,1,5.82946,67,67,5.72547,611,0.997769
E3-Strict-p005,46.8771,263,263,RLPolicy,0,0,0,0,2.99573,1,5.68826,75,75,5.58566,611,1
E3-Strict-p005,46.8775,352,559,RLPolicy,1,1,0.101834,2.77259,2.99573,6,6.30418,320,343,5.79457,611,0.994303
E3-Strict-p005,46.8776,62,85,RLPolicy,1,1,0.00679395,2.77259,2.99573,6,6.06999,224,241,5.62594,611,0.975392
E3-Strict-p005,46.8782,312,111,RLPolicy,1,1,0.0853998,2.77259,2.99573,6,8.49179,84,310,7.45829,611,0.98984
E3-Strict-p005,46.8788,329,329,RLPolicy,0,0,0,0,2.99573,1,5.32944,53,53,5.25524,611,0.998884
E3-Strict-p005,46.8805,368,368,RLPolicy,0,0,0,0,2.99573,1,7.53353,70,70,7.39887,611,1
E3-Strict-p005,46.8808,144,510,RLPolicy,1,1,0.0650874,2.77259,2.99573,6,5.96839,246,293,5.34464,611,0.992071
E3-Strict-p005,46.8852,217,217,RLPolicy,0,0,0,0,2.99573,1,5.47451,55,55,5.38578,611,0.969083
E3-Strict-p005,46.8936,126,126,RLPolicy,0,0,0,0,2.99573,1,6.23797,62,62,6.12191,611,0.990956
E3-Strict-p005,46.8989,209,209,RLPolicy,0,0,0,0,2.99573,1,4.2234,8,8,4.15825,611,1
E3-Strict-p005,46.9008,265,175,RLPolicy,1,1,0.0751327,2.77259,2.99573,6,6.38244,136,178,6.04549,613,0.994421
E3-Strict-p005,46.9038,155,155,RLPolicy,0,0,0,0,2.99573,1,5.96776,86,86,5.88732,613,0.980558
E3-Strict-p005,46.9097,80,80,RLPolicy,0,0,0,0,2.99573,1,5.62324,87,87,5.52081,613,0.980558
E3-Strict-p005,46.9114,143,143,RLPolicy,0,0,0,0,2.99573,1,5.09929,7,7,5.03635,613,0.975088
E3-Strict-p005,46.9138,508,508,RLPolicy,0,0,0,0,2.99573,1,8.42412,60,60,8.34116,613,1
E3-Strict-p005,46.9217,451,610,RLPolicy,1,1,0.107833,2.77259,2.99573,6,7.08931,157,297,6.33274,613,0.998884
E3-Strict-p005,46.9283,276,191,RLPolicy,1,1,0.0679347,2.61844,2.99573,6,5.58984,206,267,5.24064,613,0.98017
E3-Strict-p005,46.9358,426,426,RLPolicy,0,0,0,0,2.99573,1,5.03928,15,15,4.98181,613,1
E3-Strict-p005,46.9456,513,513,RLPolicy,0,0,0,0,2.99573,1,5.21886,12,12,5.11617,613,1
E3-Strict-p005,46.9478,161,520,RLPolicy,1,1,0.0562605,2.61844,2.99573,6,8.74224,220,234,8.24211,613,0.979825
E3-Strict-p005,46.9574,471,219,RLPolicy,1,1,0.115239,2.77259,2.99573,6,6.0819,169,381,5.27308,613,0.998884
E3-Strict-p005,46.9601,363,363,RLPolicy,0,0,0,0,2.99573,1,4.27344,14,14,4.18125,613,0.991953
E3-Strict-p005,46.9648,205,205,RLPolicy,0,0,0,0,2.99573,1,5.33004,67,67,5.21663,613,0.988606
E3-Strict-p005,46.9654,40,491,RLPolicy,1,1,0.0324445,1.38629,2.99573,4,7.08722,0,234,6.43059,613,0.954599
E3-Strict-p005,46.9679,56,56,RLPolicy,0,0,0,0,2.99573,1,5.94252,34,34,5.83287,613,0.985537
E3-Strict-p005,46.9684,96,96,RLPolicy,0,0,0,0,2.99573,1,5.75407,57,57,5.63944,613,0.980558
E3-Strict-p005,46.9707,302,249,RLPolicy,1,1,0.0752099,2.77259,2.99573,6,7.5435,136,247,6.92501,613,0.988606
E3-Strict-p005,46.9821,370,370,RLPolicy,0,0,0,0,2.99573,1,7.2328,73,73,7.09536,613,0.989721
E3-Strict-p005,46.9825,151,249,RLPolicy,1,1,0.0660339,2.77259,2.99573,6,5.90763,242,258,5.56267,613,0.952337
E3-Strict-p005,46.985,206,206,RLPolicy,0,0,0,0,2.99573,1,4.85717,12,12,4.78864,613,0.984369
E3-Strict-p005,46.9976,417,417,RLPolicy,0,0,0,0,2.99573,1,6.08525,38,38,6.01708,613,0.986256
E3-Strict-p005,47.0111,322,335,RLPolicy,1,1,0.0838884,2.07944,2.99573,5,9.21205,76,158,8.71337,614,0.995419
E3-Strict-p005,47.0148,459,459,RLPolicy,0,0,0,0,2.99573,1,6.20451,41,41,6.08309,614,0.997769
E3-Strict-p005,47.0201,440,440,RLPolicy,0,0,0,0,2.99573,1,9.8684,39,39,9.64649,614,0.995419
E3-Strict-p005,47.0274,110,110,RLPolicy,0,0,0,0,2.99573,1,7.04472,10,10,6.81531,614,0.995252
E3-Strict-p005,47.0317,404,619,RLPolicy,1,1,0.100212,2.07944,2.99573,5,6.72108,57,250,6.11628,614,0.989721
E3-Strict-p005,47.0415,323,323,RLPolicy,0,0,0,0,2.99573,1,7.2791,21,21,7.20984,614,0.986374
E3-Strict-p005,47.0461,201,225,RLPolicy,1,1,0.0532473,2.07944,2.99573,5,7.07712,69,270,6.61465,614,0.966814
E3-Strict-p005,47.0479,283,283,RLPolicy,0,0,0,0,2.99573,1,4.81298,68,68,4.76285,614,0.994303
E3-Strict-p005,47.0514,280,280,RLPolicy,0,0,0,0,2.99573,1,5.44773,2,2,5.36594,614,1
E3-Strict-p005,47.0541,123,123,RLPolicy,0,0,0,0,2.99573,1,7.71753,24,24,7.62664,614,0.995537
E3-Strict-p005,47.0587,20,75,RLPolicy,1,1,0.030772,1.08091,2.99573,4,8.37588,0,205,7.57255,614,0.939567
E3-Strict-p005,47.06,3,158,RLPolicy,1,1,0.00609039,2.77259,2.99573,6,8.45999,286,305,7.7953,614,0.991065
E3-Strict-p005,47.0602,19,19,RLPolicy,0,0,0,0,2.99573,1,6.6217,58,58,6.42967,614,0.952076
E3-Strict-p005,47.0676,367,367,RLPolicy,0,0,0,0,2.99573,1,5.05167,79,79,4.98095,614,0.998884
E3-Strict-p005,47.0788,307,505,RLPolicy,1,1,0.073742,2.07944,2.99573,5,7.98716,74,230,7.32132,614,0.988724
E3-Strict-p005,47.0827,210,210,RLPolicy,0,0,0,0,2.99573,1,4.99109,8,8,4.91786,614,0.986256
E3-Strict-p005,47.083,128,499,RLPolicy,1,1,0.0570282,2.07944,2.99573,5,5.87608,135,238,5.36383,614,0.954185
E3-Strict-p005,47.0867,177,23,RLPolicy,1,1,0.0446207,1.38629,2.99573,4,7.97537,0,160,7.44688,614,0.96793
E3-Strict-p005,47.0895,45,45,RLPolicy,0,0,0,0,2.99573,1,5.18663,19,19,5.11496,614,0.993187
E3-Strict-p005,47.093,267,267,RLPolicy,0,0,0,0,2.99573,1,5.37186,75,75,5.24753,614,0.998884
E3-Strict-p005,47.0993,46,46,RLPolicy,0,0,0,0,2.99573,1,6.65376,63,63,6.49888,614,0.996654
E3-Strict-p005,47.0997,228,399,RLPolicy,1,1,0.0784577,2.77259,2.99573,6,5.36134,97,169,4.75702,614,0.998884
E3-Strict-p005,47.1073,496,496,RLPolicy,0,0,0,0,2.99573,1,8.80244,65,65,8.72245,614,1
E3-Strict-p005,47.1092,300,220,RLPolicy,1,1,0.0855808,2.77259,2.99573,6,6.88585,314,327,6.49627,614,0.990956
E3-Strict-p005,47.1136,43,206,RLPolicy,1,1,0.0441388,2.46721,2.99573,6,7.58807,232,271,6.89974,614,0.951252
E3-Strict-p005,47.1171,196,129,RLPolicy,1,1,0.0478817,2.07944,2.99573,5,5.3251,4,136,4.7728,614,0.982704
E3-Strict-p005,47.1238,102,615,RLPolicy,1,1,0.051884,2.07944,2.99573,5,7.07208,50,161,6.6782,614,0.959225
E3-Strict-p005,47.1243,254,418,RLPolicy,1,1,0.0620317,0.693147,2.99573,3,7.62175,0,134,7.30917,614,0.978327
E3-Strict-p005,47.1245,346,346,RLPolicy,0,0,0,0,2.99573,1,3.48658,9,9,3.41623,2,0.987371
E3-Strict-p005,47.1347,343,343,RLPolicy,0,0,0,0,2.99573,1,5.66482,59,59,5.59314,614,0.980558
E3-Strict-p005,47.1379,507,21,RLPolicy,1,1,0.124288,0.693147,2.99573,3,6.48118,0,142,6.07959,614,0.988487
E3-Strict-p005,47.1394,12,168,RLPolicy,1,1,0.0365156,2.77259,2.99573,6,5.4427,127,439,4.68998,614,0.953774
E3-Strict-p005,47.1401,308,308,RLPolicy,0,0,0,0,2.99573,1,4.6849,21,21,4.59601,614,0.986256
E3-Strict-p005,47.1404,158,158,RLPolicy,0,0,0,0,2.99573,1,4.52114,22,22,4.47724,614,0.986052
E3-Strict-p005,47.1406,328,165,RLPolicy,0,0,0.0818233,0.693147,2.99573,2,5.87932,53,90,5.67296,614,0.995537
E3-Strict-p005,47.1454,63,531,RLPolicy,1,1,0.051379,2.77259,2.99573,6,7.36575,303,350,6.69523,614,0.989018
E3-Strict-p005,47.1482,234,81,RLPolicy,1,1,0.0706732,2.77259,2.99573,6,7.08183,219,267,6.58975,614,0.966696
E3-Strict-p005,47.1508,81,542,RLPolicy,1,1,0.0504955,2.77259,2.99573,6,6.04774,63,199,5.61807,614,0.968275
E3-Strict-p005,47.1582,250,250,RLPolicy,0,0,0,0,2.99573,1,6.57676,74,74,6.44817,614,0.996653
E3-Strict-p005,47.1626,25,371,RLPolicy,1,1,0.0390699,1.77406,2.99573,5,6.63585,58,185,6.11608,614,0.960654
E3-Strict-p005,47.1632,282,92,RLPolicy,1,1,0.0923522,2.77259,2.99573,6,6.03625,282,300,5.68529,614,0.98984
E3-Strict-p005,47.1672,225,351,RLPolicy,1,1,0.0732982,2.77259,2.99573,6,5.57178,128,202,5.16211,614,0.981793
E3-Strict-p005,47.1722,105,292,RLPolicy,1,1,0.0507149,2.77259,2.99573,6,7.75719,225,295,7.25185,614,0.957651
E3-Strict-p005,47.1849,505,51,RLPolicy,1,1,0.126891,2.77259,2.99573,6,6.22076,287,307,5.76806,614,0.998884
E3-Strict-p005,47.1961,109,109,RLPolicy,0,0,0,0,2.99573,1,5.70005,77,77,5.59328,614,0.993187
E3-Strict-p005,47.1986,167,84,RLPolicy,1,1,0.0431655,2.07944,2.99573,5,7.80613,3,298,7.10114,614,0.986374
E3-Strict-p005,47.2013,467,479,RLPolicy,1,1,0.11076,2.07944,2.99573,5,5.61083,116,269,5.13848,616,0.991991
E3-Strict-p005,47.2013,238,238,RLPolicy,0,0,0,0,2.99573,1,8.06212,16,16,7.99185,616,1
E3-Strict-p005,47.2053,76,76,RLPolicy,0,0,0,0,2.99573,1,5.71783,101,101,5.64454,616,0.98749
E3-Strict-p005,47.207,305,262,RLPolicy,1,1,0.0826939,2.77259,2.99573,6,10.1591,186,302,9.39497,616,0.993187
E3-Strict-p005,47.2107,115,115,RLPolicy,0,0,0,0,2.99573,1,8.00596,88,88,7.89504,616,0.979561
E3-Strict-p005,47.2259,54,54,RLPolicy,0,0,0,0,2.99573,1,9.73192,8,8,9.64675,616,0.995419
E3-Strict-p005,47.231,275,326,RLPolicy,1,1,0.0683838,2.77259,2.99573,6,6.77861,259,345,6.32948,616,0.984143
E3-Strict-p005,47.2311,342,364,RLPolicy,1,1,0.0887429,2.77259,2.99573,6,6.26413,297,333,5.87734,616,0.996653
E3-Strict-p005,47.2315,38,38,RLPolicy,0,0,0,0,2.99573,1,5.49545,60,60,5.42908,616,0.977213
E3-Strict-p005,47.237,66,66,RLPolicy,0,0,0,0,2.99573,1,7.88232,62,62,7.78994,616,0.985485
E3-Strict-p005,47.242,50,283,RLPolicy,1,1,0.0448022,2.61844,2.99573,6,8.04416,312,321,7.77428,616,0.963358
E3-Strict-p005,47.2423,52,474,RLPolicy,1,1,0.043775,2.07944,2.99573,5,6.60708,23,202,6.08769,616,0.963467
E3-Strict-p005,47.2543,293,418,RLPolicy,1,1,0.0718755,2.07944,2.99573,5,6.72018,94,269,6.23603,616,0.986374
E3-Strict-p005,47.2603,180,180,RLPolicy,0,0,0,0,2.99573,1,5.92442,40,40,5.81684,616,0.997564
E3-Strict-p005,47.2636,39,39,RLPolicy,0,0,0,0,2.99573,1,5.21008,58,58,5.07739,616,0.980835
E3-Strict-p005,47.2664,347,347,RLPolicy,0,0,0,0,2.99573,1,4.96323,47,47,4.89028,616,0.986256
E3-Strict-p005,47.2711,419,419,RLPolicy,0,0,0,0,2.99573,1,5.72501,54,54,5.59833,616,1
E3-Strict-p005,47.2725,95,95,RLPolicy,0,0,0,0,2.99573,1,6.39808,55,55,6.27146,616,0.966814
E3-Strict-p005,47.2745,395,101,RLPolicy,1,1,0.106509,2.77259,2.99573,6,7.30287,288,327,6.67889,616,0.997769
E3-Strict-p005,47.2753,474,474,RLPolicy,0,0,0,0,2.99573,1,5.30449,44,44,5.19388,616,0.998884
E3-Strict-p005,47.2759,348,348,RLPolicy,0,0,0,0,2.99573,1,5.71309,86,86,5.59433,616,0.998884
E3-Strict-p005,47.2763,281,100,RLPolicy,1,1,0.0951311,2.77259,2.99573,6,6.30171,140,210,5.73657,616,0.986374
E3-Strict-p005,47.28,226,226,RLPolicy,0,0,0,0,2.99573,1,5.50263,5,5,5.43176,616,0.979324
E3-Strict-p005,47.281,492,492,RLPolicy,0,0,0,0,2.99573,1,5.496,58,58,5.38882,616,0.998884
E3-Strict-p005,47.2872,59,518,RLPolicy,1,1,0.0484252,2.77259,2.99573,6,7.75576,155,394,7.05118,616,0.986082
E3-Strict-p005,47.2882,162,162,RLPolicy,0,0,0,0,2.99573,1,7.97415,29,29,7.89672,616,0.993187
E3-Strict-p005,47.2887,411,411,RLPolicy,0,0,0,0,2.99573,1,5.58753,21,21,5.5202,616,0.996653
E3-Strict-p005,47.3034,339,339,RLPolicy,0,0,0,0,2.99573,1,5.94838,67,67,5.87515,616,0.997564
E3-Strict-p005,47.3079,114,114,RLPolicy,0,0,0,0,2.99573,1,5.07967,16,16,5.00924,616,0.995419
E3-Strict-p005,47.3116,49,49,RLPolicy,0,0,0,0,2.99573,1,5.87395,18,18,5.53927,616,0.998884
E3-Strict-p005,47.3155,278,456,RLPolicy,1,1,0.0914719,2.61844,2.99573,6,5.63715,149,169,5.38874,616,0.980979
E3-Strict-p005,47.317,68,293,RLPolicy,1,1,0.0440591,2.77259,2.99573,6,5.09303,135,158,4.74637,616,0.988747
E3-Strict-p005,47.3184,86,86,RLPolicy,0,0,0,0,2.99573,1,6.50053,27,27,6.39287,616,0.997769
E3-Strict-p005,47.3214,172,312,RLPolicy,1,1,0.0493235,1.38629,2.99573,4,10.0691,0,217,9.4646,616,0.960998
E3-Strict-p005,47.3274,269,269,RLPolicy,0,0,0,0,2.99573,1,7.01657,36,36,6.90303,616,0.985485
E3-Strict-p005,47.3299,195,124,RLPolicy,1,1,0.0737119,2.77259,2.99573,6,7.89709,253,283,7.31998,616,0.98749
E3-Strict-p005,47.3385,465,311,RLPolicy,1,1,0.138105,2.77259,2.99573,6,6.48454,183,212,6.07016,616,0.997769
E3-Strict-p005,47.3471,1,27,RLPolicy,1,1,0.0344576,2.46721,2.99573,6,8.32954,282,324,7.88958,616,0.969404
E3-Strict-p005,47.353,478,478,RLPolicy,0,0,0,0,2.99573,1,5.67331,51,51,5.5933,616,1
E3-Strict-p005,47.3536,266,290,RLPolicy,1,1,0.0783682,2.77259,2.99573,6,7.62991,283,304,6.76901,616,0.981286
E3-Strict-p005,47.3617,299,299,RLPolicy,0,0,0,0,2.99573,1,5.19163,74,74,5.09945,616,0.997769
E3-Strict-p005,47.3654,7,583,RLPolicy,1,1,0.0417535,2.8467,2.99573,6,7.76334,98,406,6.78451,616,0.957317
E3-Strict-p005,47.3721,378,525,RLPolicy,1,1,0.0947377,2.07944,2.99573,5,7.96751,107,229,7.39885,616,0.96862
E3-Strict-p005,47.3763,430,40,RLPolicy,1,1,0.10359,2.07944,2.99573,5,6.40115,27,285,5.61622,616,0.988606
E3-Strict-p005,47.3781,462,463,RLPolicy,1,1,0.0405775,2.07944,2.99573,5,6.7884,136,294,6.33043,616,0.993187
E3-Strict-p005,47.379,262,284,RLPolicy,1,1,0.0633685,2.77259,2.99573,6,7.43646,95,388,6.69985,616,0.966814
E3-Strict-p005,47.3793,476,9,RLPolicy,1,1,0.117485,2.77259,2.99573,6,5.80567,207,246,5.44722,616,0.997769
E3-Strict-p005,47.3797,382,382,RLPolicy,0,0,0,0,2.99573,1,7.03015,78,78,6.91038,616,0.997769
E3-Strict-p005,47.3865,458,292,RLPolicy,1,1,0.110932,2.77259,2.99573,6,7.51648,240,315,6.92612,616,0.996653
E3-Strict-p005,47.387,204,213,RLPolicy,1,1,0.0536178,2.07944,2.99573,5,6.65898,77,232,6.00961,616,0.975773
E3-Strict-p005,47.3907,407,407,RLPolicy,0,0,0,0,2.99573,1,7.2706,101,101,7.1104,616,0.997769
E3-Strict-p005,47.3911,8,83,RLPolicy,1,1,0.00562444,2.77259,2.99573,6,6.01297,278,299,5.49154,616,0.998884
E3-Strict-p005,47.3993,186,23,RLPolicy,1,1,0.0480305,0.693147,2.99573,3,8.05552,0,155,7.6739,616,0.966814
E3-Strict-p005,47.4081,376,56,RLPolicy,1,1,0.0910607,1.38629,2.99573,4,6.14778,0,214,5.64214,618,0.989721
E3-Strict-p005,47.4103,392,459,RLPolicy,1,1,0.1128,2.77259,2.99573,6,7.5049,298,319,6.93628,618,0.996653
E3-Strict-p005,47.4119,427,427,RLPolicy,0,0,0,0,2.99573,1,6.61133,65,65,6.33272,618,0.987371
E3-Strict-p005,47.4143,97,97,RLPolicy,0,0,0,0,2.99573,1,6.95816,56,56,6.82886,618,0.95376
E3-Strict-p005,47.4152,357,357,RLPolicy,0,0,0,0,2.99573,1,4.46397,11,11,4.39954,618,1
E3-Strict-p005,47.416,17,410,RLPolicy,1,1,0.00562916,2.77259,2.99573,6,7.38709,221,227,6.93231,618,0.989061
E3-Strict-p005,47.4168,483,491,RLPolicy,1,1,0.10997,1.38629,2.99573,4,4.37022,0,93,4.1306,618,0.991953
E3-Strict-p005,47.4175,442,442,RLPolicy,0,0,0,0,2.99573,1,6.3438,72,72,6.24907,618,0.998884
E3-Strict-p005,47.4189,103,103,RLPolicy,0,0,0,0,2.99573,1,7.05292,76,76,6.95228,618,0.994303
E3-Strict-p005,47.4203,207,195,RLPolicy,1,1,0.0524687,2.07944,2.99573,5,6.46391,118,327,5.65949,618,0.980677
E3-Strict-p005,47.4255,67,67,RLPolicy,0,0,0,0,2.99573,1,6.59674,64,64,6.49193,618,0.958767
E3-Strict-p005,47.4285,387,387,RLPolicy,0,0,0,0,2.99573,1,7.1498,8,8,7.0667,618,1
E3-Strict-p005,47.4363,336,336,RLPolicy,0,0,0,0,2.99573,1,5.50361,72,72,5.39231,4,0.984752
E3-Strict-p005,47.4377,439,325,RLPolicy,1,1,0.108141,1.92529,2.99573,5,5.6448,60,240,5.02308,618,0.994648
E3-Strict-p005,47.441,311,208,RLPolicy,1,1,0.0794951,2.07944,2.99573,5,11.9386,127,238,11.3907,618,0.959764
E3-Strict-p005,47.4412,520,520,RLPolicy,0,0,0,0,2.99573,1,4.23803,19,19,4.19561,618,1
E3-Strict-p005,47.4445,154,534,RLPolicy,1,1,0.0065911,2.95491,2.99573,6,5.91326,178,207,5.56238,618,0.990444
E3-Strict-p005,47.4481,166,166,RLPolicy,0,0,0,0,2.99573,1,9.0173,50,50,8.88057,618,0.997769
E3-Strict-p005,47.4504,334,468,RLPolicy,1,1,0.0843004,2.77259,2.99573,6,7.69044,137,276,7.041,618,0.995537
E3-Strict-p005,47.4567,441,441,RLPolicy,0,0,0,0,2.99573,1,5.46441,48,48,5.36673,618,1
E3-Strict-p005,47.4573,74,74,RLPolicy,0,0,0,0,2.99573,1,6.01031,62,62,5.91462,618,0.981674
E3-Strict-p005,47.4601,473,219,RLPolicy,1,1,0.113653,2.77259,2.99573,6,6.17819,324,386,5.72733,618,0.997769
E3-Strict-p005,47.4602,65,183,RLPolicy,1,1,0.00746686,2.77259,2.99573,6,7.27108,160,193,6.50885,618,0.986256
E3-Strict-p005,47.4684,61,61,RLPolicy,0,0,0,0,2.99573,1,6.19236,72,72,6.06573,618,0.986374
E3-Strict-p005,47.471,354,354,RLPolicy,0,0,0,0,2.99573,1,6.18903,78,78,6.07215,618,0.987835
E3-Strict-p005,47.4797,243,243,RLPolicy,0,0,0,0,2.99573,1,9.03075,77,77,8.92108,618,0.990837
E3-Strict-p005,47.4817,48,152,RLPolicy,1,1,0.0450941,2.77259,2.99573,6,6.82682,141,316,6.2618,618,0.971514
E3-Strict-p005,47.4827,393,393,RLPolicy,0,0,0,0,2.99573,1,7.30887,90,90,7.21466,2,0.992416
E3-Strict-p005,47.4829,374,374,RLPolicy,0,0,0,0,2.99573,1,5.6531,59,59,5.56531,618,0.992071
E3-Strict-p005,47.485,284,195,RLPolicy,1,1,0.0683563,2.07944,2.99573,5,6.27058,55,340,5.84021,618,0.985259
E3-Strict-p005,47.4889,403,403,RLPolicy,0,0,0,0,2.99573,1,7.6498,55,55,7.54152,618,0.98514
E3-Strict-p005,47.4918,101,101,RLPolicy,0,0,0,0,2.99573,1,6.97584,28,28,6.85262,618,0.98749
E3-Strict-p005,47.4926,408,540,RLPolicy,1,1,0.101271,2.77259,2.99573,6,6.71264,77,323,6.19702,618,0.992071
E3-Strict-p005,47.4936,448,14,RLPolicy,1,1,0.107008,2.77259,2.99573,6,8.06159,146,237,7.62529,618,0.994303
E3-Strict-p005,47.5034,55,264,RLPolicy,1,1,0.0459663,2.77259,2.99573,6,7.4188,190,204,6.94813,618,0.969983
E3-Strict-p005,47.5042,182,182,RLPolicy,0,0,0,0,2.99573,1,6.9877,77,77,6.82147,618,0.996653
E3-Strict-p005,47.5064,271,271,RLPolicy,0,0,0,0,2.99573,1,5.98501,72,72,5.87735,1,0.989721
E3-Strict-p005,47.5071,274,274,RLPolicy,0,0,0,0,2.99573,1,7.2391,54,54,7.10532,618,0.985259
E3-Strict-p005,47.5086,294,440,RLPolicy,1,1,0.0778245,2.07944,2.99573,5,5.73381,99,180,5.40402,618,0.98514
E3-Strict-p005,47.5131,449,505,RLPolicy,1,1,0.106494,2.07944,2.99573,5,7.13373,35,198,6.55844,618,0.995419
E3-Strict-p005,47.5136,125,475,RLPolicy,1,1,0.05048,2.77259,2.99573,6,6.10359,256,267,5.71215,618,0.977211
E3-Strict-p005,47.5143,93,93,RLPolicy,0,0,0,0,2.99573,1,4.49485,74,74,4.44322,618,0.997769
E3-Strict-p005,47.5147,53,383,RLPolicy,1,1,0.0463566,2.61844,2.99573,6,5.5004,160,200,5.06387,618,0.964502
E3-Strict-p005,47.5167,298,173,RLPolicy,1,1,0.0984646,2.77259,2.99573,6,5.71089,292,317,5.37264,618,0.994421
E3-Strict-p005,47.5226,44,288,RLPolicy,1,1,0.0340879,2.46721,2.99573,6,6.9462,66,296,6.26674,618,0.966935
E3-Strict-p005,47.5304,0,378,RLPolicy,1,1,0.0377719,2.85497,2.99573,7,7.30563,349,382,6.68592,618,0.992603
E3-Strict-p005,47.5403,208,346,RLPolicy,1,1,0.0687607,0.693147,2.99573,3,5.57627,0,58,5.37071,618,0.979324
E3-Strict-p005,47.5422,118,439,RLPolicy,1,1,0.0592149,2.77259,2.99573,6,7.04154,300,345,6.53542,618,0.966814
E3-Strict-p005,47.543,429,39,RLPolicy,1,1,0.103778,2.07944,2.99573,5,4.17769,42,142,3.88091,618,0.993187
E3-Strict-p005,47.5469,514,91,RLPolicy,1,1,0.11899,2.77259,2.99573,6,6.27487,261,290,5.91612,618,0.998884
E3-Strict-p005,47.547,91,151,RLPolicy,1,1,0.0425064,2.46429,2.99573,6,5.17185,129,439,4.64715,618,0.956147
E3-Strict-p005,47.5486,398,588,RLPolicy,1,1,0.09743,2.77259,2.99573,6,6.07064,225,319,5.73288,618,0.996449
E3-Strict-p005,47.5525,148,148,RLPolicy,0,0,0,0,2.99573,1,4.67333,15,15,4.59184,618,1
E3-Strict-p005,47.5611,373,373,RLPolicy,0,0,0,0,2.99573,1,4.76705,34,34,4.69864,618,0.993187
E3-Strict-p005,47.5714,498,396,RLPolicy,1,1,0.121787,2.77259,2.99573,6,5.7843,325,331,5.33655,618,0.998884
E3-Strict-p005,47.574,433,189,RLPolicy,1,1,0.104048,2.07944,2.99573,5,6.00324,114,312,5.44523,618,0.974743
E3-Strict-p005,47.5799,175,537,RLPolicy,1,1,0.0719396,2.46429,2.99573,6,7.25168,66,231,6.45392,618,0.974818
E3-Strict-p005,47.5806,257,257,RLPolicy,0,0,0,0,2.99573,1,6.49104,57,57,6.28432,618,0.977093
E3-Strict-p005,47.5885,183,131,RLPolicy,1,1,0.0663122,2.07944,2.99573,5,7.01593,101,210,6.59454,618,0.95611
E3-Strict-p005,47.591,377,377,RLPolicy,0,0,0,0,2.99573,1,9.20469,71,71,9.13021,618,0.997769
E3-Strict-p005,47.5945,410,410,RLPolicy,0,0,0,0,2.99573,1,4.57607,10,10,4.52117,618,0.996653
E3-Strict-p005,47.5967,309,309,RLPolicy,0,0,0,0,2.99573,1,6.44568,60,60,6.33454,618,0.993187
E3-Strict-p005,47.5974,444,444,RLPolicy,0,0,0,0,2.99573,1,5.10783,84,84,4.99846,618,0.997769
E3-Strict-p005,47.6017,351,441,RLPolicy,1,1,0.0969359,2.77259,2.99573,6,5.1517,300,315,4.84391,618,0.984024
E3-Strict-p005,47.6156,503,513,RLPolicy,1,1,0.148706,2.95491,2.99573,6,6.52419,182,199,6.19573,618,0.999796
E3-Strict-p005,47.6193,384,527,RLPolicy,1,1,0.112513,2.61844,2.99573,6,6.78955,80,134,6.33853,618,0.990066
E3-Strict-p005,47.6241,320,320,RLPolicy,0,0,0,0,2.99573,1,5.24308,18,18,5.18022,618,0.985485
E3-Strict-p005,47.6286,325,328,RLPolicy,1,1,0.0857937,2.07944,2.99573,5,7.23851,62,250,6.66885,618,0.986374
E3-Strict-p005,47.6356,117,117,RLPolicy,0,0,0,0,2.99573,1,6.76218,32,32,6.60406,618,0.98147
E3-Strict-p005,47.6357,200,170,RLPolicy,1,1,0.0659462,2.77259,2.99573,6,6.64215,222,239,6.25205,618,0.96793
E3-Strict-p005,47.6402,454,454,RLPolicy,0,0,0,0,2.99573,1,8.06245,12,12,8.00391,618,1
E3-Strict-p005,47.6516,89,310,RLPolicy,1,1,0.0397893,2.61844,2.99573,6,6.04141,189,269,5.58812,618,0.967968
E3-Strict-p005,47.6517,215,215,RLPolicy,0,0,0,0,2.99573,1,5.75127,10,10,5.68944,618,0.986374
E3-Strict-p005,47.6535,181,553,RLPolicy,1,1,0.0600799,0.693147,2.99573,3,6.57313,0,34,6.34147,618,0.986256
E3-Strict-p005,47.6545,415,462,RLPolicy,1,1,0.0983313,1.38629,2.99573,4,6.89678,0,263,6.12099,618,0.987371
E3-Strict-p005,47.6568,421,17,RLPolicy,1,1,0.10168,1.38629,2.99573,4,5.82596,0,213,5.18833,618,0.991953
E3-Strict-p005,47.6635,170,170,RLPolicy,0,0,0,0,2.99573,1,5.94758,17,17,5.87384,618,0.98749
E3-Strict-p005,47.6645,190,521,RLPolicy,1,1,0.0541506,2.77259,2.99573,6,6.70172,139,347,6.08018,618,0.974861
E3-Strict-p005,47.6715,227,290,RLPolicy,1,1,0.0577583,2.77259,2.99573,6,6.18487,269,279,5.84288,618,0.987183
E3-Strict-p005,47.6749,515,168,RLPolicy,1,1,0.120279,2.77259,2.99573,6,6.45392,121,335,5.70294,618,0.998884
E3-Strict-p005,47.6757,83,312,RLPolicy,1,1,0.0458546,1.38629,2.99573,4,5.78639,0,186,5.43852,618,0.957651
E3-Strict-p005,47.6794,203,395,RLPolicy,1,1,0.0749419,2.77259,2.99573,6,5.82359,286,321,5.42852,618,0.99053
E3-Strict-p005,47.68,397,429,RLPolicy,1,1,0.096937,2.77259,2.99573,6,6.42688,149,235,6.02505,618,0.994303
E3-Strict-p005,47.6803,60,84,RLPolicy,1,1,0.050884,2.77259,2.99573,6,6.8499,88,416,6.10427,618,0.967982
E3-Strict-p005,47.686,482,482,RLPolicy,0,0,0,0,2.99573,1,4.81208,80,80,4.75075,618,1
E3-Strict-p005,47.6869,35,26,RLPolicy,1,1,0.0408989,2.85497,2.99573,7,5.45013,270,299,5.13269,618,0.957001
E3-Strict-p005,47.6932,249,612,RLPolicy,1,1,0.0638138,2.77259,2.99573,6,5.90947,136,175,5.45977,618,0.98749
E3-Strict-p005,47.6961,488,282,RLPolicy,1,1,0.121773,2.46429,2.99573,6,5.88051,164,268,5.32095,618,0.996227
E3-Strict-p005,47.6973,134,134,RLPolicy,0,0,0,0,2.99573,1,4.75868,8,8,4.67187,618,0.981674
E3-Strict-p005,47.7002,139,139,RLPolicy,0,0,0,0,2.99573,1,5.46382,58,58,5.39712,618,0.986374
E3-Strict-p005,47.7018,11,100,RLPolicy,1,1,0.00560009,2.45413,2.99573,6,4.39224,164,197,4.12966,618,0.977055
E3-Strict-p005,47.7058,317,317,RLPolicy,0,0,0,0,2.99573,1,9.52757,93,93,9.35647,618,0.998884
E3-Strict-p005,47.7059,244,244,RLPolicy,0,0,0,0,2.99573,1,5.15967,69,69,5.09535,618,0.981674
E3-Strict-p005,47.7059,213,213,RLPolicy,0,0,0,0,2.99573,1,4.58954,65,65,4.54237,618,0.97636
E3-Strict-p005,47.7089,521,466,RLPolicy,1,1,0.123366,2.77259,2.99573,6,6.18284,125,158,5.75029,618,0.998884
E3-Strict-p005,47.7128,349,554,RLPolicy,1,1,0.00559747,2.95491,2.99573,6,5.80226,123,129,5.50016,618,0.984936
E3-Strict-p005,47.7129,447,67,RLPolicy,1,1,0.107179,2.07944,2.99573,5,9.18081,109,253,8.67101,618,0.990837
E3-Strict-p005,47.7149,470,284,RLPolicy,1,1,0.116878,2.77259,2.99573,6,6.36239,94,101,6.1203,618,0.99868
E3-Strict-p005,47.723,150,150,RLPolicy,0,0,0,0,2.99573,1,4.78134,78,78,4.61804,2,0.984024
E3-Strict-p005,47.7244,169,245,RLPolicy,1,1,0.0539027,1.38629,2.99573,4,5.89563,0,208,5.50366,618,0.979017
E3-Strict-p005,47.7316,218,17,RLPolicy,1,1,0.0744447,2.77259,2.99573,6,5.8402,263,285,5.46895,618,0.981911
E3-Strict-p005,47.733,116,116,RLPolicy,0,0,0,0,2.99573,1,6.67562,50,50,6.5928,618,0.97028
E3-Strict-p005,47.7398,27,475,RLPolicy,1,1,0.0408052,2.85497,2.99573,7,7.54928,289,511,6.59756,618,0.945556
E3-Strict-p005,47.7446,437,306,RLPolicy,1,1,0.114551,2.77259,2.99573,6,5.15963,233,239,4.90503,618,0.997769
E3-Strict-p005,47.7462,219,251,RLPolicy,1,1,0.0639023,2.46429,2.99573,6,4.62543,280,332,4.34707,618,0.984062
E3-Strict-p005,47.7536,333,364,RLPolicy,1,1,0.0985666,2.77259,2.99573,6,7.67198,331,349,7.03219,618,0.981367
E3-Strict-p005,47.7551,414,282,RLPolicy,1,1,0.102373,2.77259,2.99573,6,6.57254,282,305,6.07753,618,0.998884
E3-Strict-p005,47.7555,330,332,RLPolicy,1,1,0.105847,2.77259,2.99573,6,6.37479,319,338,6.00199,618,0.989721
E3-Strict-p005,47.7559,319,438,RLPolicy,1,1,0.0833534,1.38629,2.99573,4,6.03705,0,77,5.75405,618,0.991953
E3-Strict-p005,47.7595,295,287,RLPolicy,1,1,0.0744596,2.07944,2.99573,5,6.1599,58,201,5.71578,618,0.973627
E3-Strict-p005,47.7615,220,220,RLPolicy,0,0,0,0,2.99573,1,5.90162,56,56,5.7924,618,0.982908
E3-Strict-p005,47.767,224,471,RLPolicy,1,1,0.0417295,2.77259,2.99573,6,7.78782,108,399,6.93354,618,0.979561
E3-Strict-p005,47.7683,73,575,RLPolicy,1,1,0.046961,2.77259,2.99573,6,6.46741,230,341,5.85318,618,0.968048
E3-Strict-p005,47.7693,82,82,RLPolicy,0,0,0,0,2.99573,1,6.03246,95,95,5.94073,618,0.984143
E3-Strict-p005,47.774,152,346,RLPolicy,1,1,0.0444696,1.38629,2.99573,4,5.97263,0,94,5.58611,618,0.977211
E3-Strict-p005,47.7817,519,519,RLPolicy,0,0,0,0,2.99573,1,5.5654,62,62,5.47485,618,1
E3-Strict-p005,47.7834,296,336,RLPolicy,1,1,0.0909601,2.77259,2.99573,6,5.66538,248,270,5.04022,618,0.992071
E3-Strict-p005,47.7851,340,304,RLPolicy,1,1,0.0988935,2.77259,2.99573,6,6.72993,223,235,6.24527,618,0.984024
E3-Strict-p005,47.787,446,27,RLPolicy,1,1,0.10632,2.07944,2.99573,5,5.8016,83,275,5.39088,618,0.992071
E3-Strict-p005,47.7905,223,258,RLPolicy,1,1,0.0835955,2.77259,2.99573,6,5.52816,220,235,5.24998,618,0.993187
E3-Strict-p005,47.793,401,264,RLPolicy,1,1,0.0994218,2.07944,2.99573,5,7.40916,15,175,7.0204,618,0.98749
E3-Strict-p005,47.7957,405,405,RLPolicy,0,0,0,0,2.99573,1,5.92345,53,53,5.84831,618,0.998884
E3-Strict-p005,47.8005,453,228,RLPolicy,1,1,0.113422,2.77259,2.99573,6,5.71413,150,164,5.38483,618,0.997769
E3-Strict-p005,47.8064,211,211,RLPolicy,0,0,0,0,2.99573,1,4.96969,59,59,4.90212,618,0.979825
E3-Strict-p005,47.8082,313,469,RLPolicy,1,1,0.101083,2.77259,2.99573,6,5.66035,280,297,5.36122,618,0.984024
E3-Strict-p005,47.8195,512,544,RLPolicy,1,1,0.115974,1.38629,2.99573,4,9.31006,0,79,8.94401,618,0.991953
E3-Strict-p005,47.8227,94,94,RLPolicy,0,0,0,0,2.99573,1,5.35655,67,67,5.2796,618,0.955339
E3-Strict-p005,47.823,518,518,RLPolicy,0,0,0,0,2.99573,1,5.65579,71,71,5.58645,618,1
E3-Strict-p005,47.8236,5,492,RLPolicy,1,1,0.0293414,2.77259,2.99573,6,6.33673,291,299,5.93122,618,0.983613
E3-Strict-p005,47.8249,113,265,RLPolicy,1,1,0.0570479,2.07944,2.99573,5,7.25007,37,146,6.74138,618,0.963079
E3-Strict-p005,47.8317,198,589,RLPolicy,1,1,0.0537488,2.61844,2.99573,6,6.74918,83,212,6.15082,618,0.989069
E3-Strict-p005,47.8346,92,92,RLPolicy,0,0,0,0,2.99573,1,4.73587,36,36,4.67466,618,0.994303
E3-Strict-p005,47.8457,129,511,RLPolicy,1,1,0.0608651,2.31014,2.99573,6,10.0769,135,197,9.53175,618,0.983636
E3-Strict-p005,47.8562,22,224,RLPolicy,1,1,0.0390394,2.15891,2.99573,6,8.47097,42,280,7.74594,618,0.96704
E3-Strict-p005,47.8591,381,381,RLPolicy,0,0,0,0,2.99573,1,5.62954,89,89,5.52957,618,0.993187
E3-Strict-p005,47.8632,34,257,RLPolicy,1,1,0.0415551,2.77259,2.99573,6,6.2314,48,366,5.64783,618,0.964092
E3-Strict-p005,47.874,292,292,RLPolicy,0,0,0,0,2.99573,1,4.97542,68,68,4.89179,618,0.998884
E3-Strict-p005,47.8742,230,230,RLPolicy,0,0,0,0,2.99573,1,4.20171,13,13,4.14614,618,1
E3-Strict-p005,47.8745,365,365,RLPolicy,0,0,0,0,2.99573,1,5.03844,31,31,4.96806,618,0.993651
E3-Strict-p005,47.8759,157,21,RLPolicy,1,1,0.057232,0.693147,2.99573,3,6.20726,0,97,5.97517,618,0.955296
E3-Strict-p005,47.8791,58,58,RLPolicy,0,0,0,0,2.99573,1,8.30958,92,92,8.11602,618,0.971104
E3-Strict-p005,47.8912,463,605,RLPolicy,1,1,0.110411,2.07944,2.99573,5,7.20548,110,286,6.53328,618,0.990837
E3-Strict-p005,47.8985,431,143,RLPolicy,1,1,0.0997975,1.38629,2.99573,4,4.91036,0,31,4.66831,618,0.989721
E3-Strict-p005,47.9059,136,579,RLPolicy,1,1,0.0475277,2.07944,2.99573,5,8.71928,126,236,8.06452,618,0.951835
E3-Strict-p005,47.909,445,483,RLPolicy,1,1,0.121283,2.77259,2.99573,6,6.26422,42,184,5.87075,618,0.996653
E3-Strict-p005,47.9116,371,371,RLPolicy,0,0,0,0,2.99573,1,5.08517,34,34,5.02011,618,0.996227
E3-Strict-p005,47.9126,490,490,RLPolicy,0,0,0,0,2.99573,1,4.88745,16,16,4.81662,618,0.995419
E3-Strict-p005,47.9171,236,236,RLPolicy,0,0,0,0,2.99573,1,5.8385,75,75,5.74071,618,0.981793
E3-Strict-p005,47.9192,485,580,RLPolicy,1,1,0.113231,2.77259,2.99573,6,5.79903,86,247,5.36499,618,0.997769
E3-Strict-p005,47.9239,372,372,RLPolicy,0,0,0,0,2.99573,1,6.19048,98,98,6.0939,618,0.981674
E3-Strict-p005,47.9265,104,104,RLPolicy,0,0,0,0,2.99573,1,5.67487,92,92,5.56367,618,0.989797
E3-Strict-p005,47.9274,524,524,RLPolicy,0,0,0,0,2.99573,1,4.85257,21,21,4.80012,618,1
E3-Strict-p005,47.928,438,390,RLPolicy,1,1,0.105927,2.77259,2.99573,6,4.07502,201,227,3.80612,618,0.997769
E3-Strict-p005,47.9334,423,272,RLPolicy,1,1,0.101495,2.07944,2.99573,5,6.16886,45,142,5.6919,618,0.992071
E3-Strict-p005,47.9338,450,303,RLPolicy,1,1,0.118318,2.77259,2.99573,6,7.25817,77,83,6.88276,618,0.997769
E3-Strict-p005,47.9354,469,510,RLPolicy,1,1,0.11165,2.77259,2.99573,6,6.40864,145,313,5.78815,618,0.998884
E3-Strict-p005,47.9444,491,491,RLPolicy,0,0,0,0,2.99573,1,6.16905,59,59,6.04553,618,1
E3-Strict-p005,47.9609,159,332,RLPolicy,1,1,0.0421934,2.77259,2.99573,6,5.02107,293,299,4.72427,618,0.988606
E3-Strict-p005,47.9629,246,341,RLPolicy,1,1,0.0752746,2.07944,2.99573,5,7.46373,90,149,7.07023,618,0.982908
E3-Strict-p005,47.963,385,385,RLPolicy,0,0,0,0,2.99573,1,6.5061,74,74,6.38487,618,0.994303
E3-Strict-p005,47.9697,380,380,RLPolicy,0,0,0,0,2.99573,1,5.34575,17,17,5.2693,618,0.990837
E3-Strict-p005,47.9703,531,477,RLPolicy,1,1,0.124346,2.61844,2.99573,6,6.03989,158,317,5.39412,618,0.998114
E3-Strict-p005,47.9719,41,597,RLPolicy,1,1,0.050027,2.77259,2.99573,6,5.80733,232,340,5.21101,618,0.951664
E3-Strict-p005,47.9759,424,424,RLPolicy,0,0,0,0,2.99573,1,5.02344,53,53,4.95779,618,0.98514
E3-Strict-p005,47.9781,497,518,RLPolicy,1,1,0.117252,2.77259,2.99573,6,5.27668,173,296,4.8597,618,0.997769
E3-Strict-p005,47.9815,69,509,RLPolicy,1,1,0.0495136,2.77259,2.99573,6,8.54669,157,326,7.77769,618,0.958885
E3-Strict-p005,47.9821,42,42,RLPolicy,0,0,0,0,2.99573,1,4.95896,22,22,4.89191,618,0.978828
E3-Strict-p005,47.9881,239,531,RLPolicy,1,1,0.0609021,2.77259,2.99573,6,5.49295,46,235,5.0615,618,0.990956
E3-Strict-p005,47.9924,199,604,RLPolicy,1,1,0.0571062,2.07944,2.99573,5,6.59646,25,227,6.08274,618,0.988606
E3-Strict-p005,47.9984,510,394,RLPolicy,1,1,0.118055,2.07944,2.99573,5,6.27372,94,275,5.55176,618,0.995419
E3-Strict-p005,48.0027,111,461,RLPolicy,1,1,0.0572257,2.07944,2.99573,5,7.99344,63,337,7.42654,618,0.977093
E3-Strict-p005,48.0045,304,304,RLPolicy,0,0,0,0,2.99573,1,4.55776,60,60,4.49964,618,0.961343
E3-Strict-p005,48.0099,289,289,RLPolicy,0,0,0,0,2.99573,1,4.3387,13,13,4.28642,618,0.998884
E3-Strict-p005,48.0112,194,194,RLPolicy,0,0,0,0,2.99573,1,15.5798,90,90,13.0534,618,0.973627
E3-Strict-p005,48.0119,30,497,RLPolicy,1,1,0.0382513,1.77406,2.99573,5,6.41463,48,212,5.93382,618,0.964002
E3-Strict-p005,48.0147,240,240,RLPolicy,0,0,0,0,2.99573,1,5.16728,40,40,5.07044,618,0.992071
E3-Strict-p005,48.0153,21,113,RLPolicy,1,1,0.0402266,2.85497,2.99573,7,11.1808,217,500,10.1103,618,0.965738
E3-Strict-p005,48.0171,24,21,RLPolicy,1,1,0.0406633,0.387766,2.99573,3,7.26459,0,148,6.58549,618,0.960948
E3-Strict-p005,48.0191,10,501,RLPolicy,1,1,0.0390945,2.54959,2.99573,7,4.6779,51,295,4.20807,618,0.975513
E3-Strict-p005,48.0209,222,312,RLPolicy,1,1,0.0553548,2.07944,2.99573,5,4.78999,22,220,4.3786,618,0.969164
E3-Strict-p005,48.0235,98,207,RLPolicy,1,1,0.0434253,2.77259,2.99573,6,5.15206,65,272,4.68938,618,0.969854
E3-Strict-p005,48.0273,2,70,RLPolicy,1,1,0.0311557,2.46721,2.99573,6,8.03186,136,155,7.58438,618,0.986786
E3-Strict-p005,48.0304,362,384,RLPolicy,1,1,0.0394209,2.07944,2.99573,5,5.43473,11,142,4.87605,618,0.98514
E3-Strict-p005,48.0348,4,4,RLPolicy,0,0,0,0,2.99573,1,6.57948,14,14,6.49879,618,0.994011
E3-Strict-p005,48.0365,532,503,RLPolicy,1,1,0.120784,2.77259,2.99573,6,5.98738,214,241,5.60227,618,0.998884
E3-Strict-p005,48.0396,29,47,RLPolicy,1,1,0.0301128,2.16183,2.99573,6,6.25832,19,324,5.49519,618,0.982617
E3-Strict-p005,48.0439,179,179,RLPolicy,0,0,0,0,2.99573,1,6.9777,123,123,6.82844,618,0.971396
E3-Strict-p005,48.0519,64,64,RLPolicy,0,0,0,0,2.99573,1,6.98096,64,64,6.8325,618,0.978327
E3-Strict-p005,48.0615,366,366,RLPolicy,0,0,0,0,2.99573,1,5.32012,93,93,5.2465,618,0.986256
E3-Strict-p005,48.0642,500,500,RLPolicy,0,0,0,0,2.99573,1,4.79254,14,14,4.72042,618,1
E3-Strict-p005,48.0677,533,533,RLPolicy,0,0,0,0,2.99573,1,5.31263,79,79,5.25156,618,1
E3-Strict-p005,48.0773,534,10,RLPolicy,1,1,0.122205,2.07944,2.99573,5,5.99023,114,240,5.46025,618,0.995419
E3-Strict-p005,48.0839,191,191,RLPolicy,0,0,0,0,2.99573,1,5.77968,70,70,5.70291,618,0.991301
E3-Strict-p005,48.0842,345,168,RLPolicy,1,1,0.0875886,2.77259,2.99573,6,6.25833,93,370,5.63131,618,0.98749
E3-Strict-p005,48.086,270,478,RLPolicy,1,1,0.0770145,2.07944,2.99573,5,6.35151,87,216,5.77369,618,0.96793
E3-Strict-p005,48.0887,391,391,RLPolicy,0,0,0,0,2.99573,1,5.80214,72,72,5.56487,618,0.998884
E3-Strict-p005,48.0892,188,386,RLPolicy,1,1,0.0604101,2.77259,2.99573,6,6.17474,160,168,5.75256,618,0.997769
E3-Strict-p005,48.1025,75,474,RLPolicy,1,1,0.0305885,0.693147,2.99573,3,6.32761,0,116,5.91662,619,0.980558
E3-Strict-p005,48.1025,264,549,RLPolicy,1,1,0.00560662,2.95491,2.99573,6,5.20732,218,231,4.89273,619,0.992983
E3-Strict-p005,48.1073,315,20,RLPolicy,1,1,0.0953369,2.77259,2.99573,6,4.86642,173,200,4.52073,619,0.988606
E3-Strict-p005,48.1093,479,479,RLPolicy,0,0,0,0,2.99573,1,8.90814,57,57,8.83067,619,0.994303
E3-Strict-p005,48.1107,216,118,RLPolicy,1,1,0.059939,2.77259,2.99573,6,7.99796,163,307,7.23523,619,0.964464
E3-Strict-p005,48.1131,399,399,RLPolicy,0,0,0,0,2.99573,1,7.15393,61,61,7.04018,619,0.997769
E3-Strict-p005,48.1153,107,107,RLPolicy,0,0,0,0,2.99573,1,5.08108,89,89,5.01619,619,0.961036
E3-Strict-p005,48.1207,57,57,RLPolicy,0,0,0,0,2.99573,1,6.63565,8,8,6.56832,619,0.998884
E3-Strict-p005,48.124,221,349,RLPolicy,1,1,0.0664372,2.77259,2.99573,6,6.59405,54,314,6.04452,619,0.981793
E3-Strict-p005,48.1285,509,509,RLPolicy,0,0,0,0,2.99573,1,5.11617,67,67,5.03349,4,1
E3-Strict-p005,48.1459,122,28,RLPolicy,1,1,0.0575674,2.07944,2.99573,5,7.96216,68,266,6.87641,619,0.988724
E3-Strict-p005,48.1563,231,17,RLPolicy,1,1,0.082564,2.77259,2.99573,6,6.13201,307,327,5.74445,619,0.978446
E3-Strict-p005,48.166,455,455,RLPolicy,0,0,0,0,2.99573,1,5.82471,21,21,5.68646,619,1
E3-Strict-p005,48.1683,389,389,RLPolicy,0,0,0,0,2.99573,1,5.07192,12,12,5.00327,619,1
E3-Strict-p005,48.169,493,618,RLPolicy,1,1,0.119664,2.07944,2.99573,5,5.99791,38,252,5.01697,619,0.995419
E3-Strict-p005,48.1819,131,321,RLPolicy,1,1,0.0621664,2.77259,2.99573,6,6.656,187,204,6.29473,619,0.980558
E3-Strict-p005,48.1834,31,31,RLPolicy,0,0,0,0,2.99573,1,6.41396,70,70,6.29411,619,0.982205
E3-Strict-p005,48.1858,452,452,RLPolicy,0,0,0,0,2.99573,1,4.15514,3,3,4.06707,619,1
E3-Strict-p005,48.1919,435,155,RLPolicy,1,1,0.108508,2.77259,2.99573,6,5.19946,116,220,4.71291,619,0.994303
E3-Strict-p005,48.1971,233,233,RLPolicy,0,0,0,0,2.99573,1,5.78929,51,51,5.71544,619,0.979324
E3-Strict-p005,48.2054,412,85,RLPolicy,1,1,0.100983,2.77259,2.99573,6,10.6547,230,243,10.2105,620,0.990956
E3-Strict-p005,48.2105,360,360,RLPolicy,0,0,0,0,2.99573,1,4.56017,23,23,4.49845,620,0.998884
E3-Strict-p005,48.2109,33,112,RLPolicy,1,1,0.0405912,2.85497,2.99573,7,7.44569,75,390,6.60679,620,0.972872
E3-Strict-p005,48.2227,335,362,RLPolicy,1,1,0.085169,2.77259,2.99573,6,10.5228,140,230,10.0165,620,0.978208
E3-Strict-p005,48.234,494,510,RLPolicy,1,1,0.122486,2.77259,2.99573,6,6.51802,98,406,5.56491,620,0.997769
E3-Strict-p005,48.2356,286,476,RLPolicy,1,1,0.0705038,2.07944,2.99573,5,7.36454,78,259,6.81913,620,0.96793
E3-Strict-p005,48.2357,71,71,RLPolicy,0,0,0,0,2.99573,1,8.53941,18,18,8.45336,620,0.998884
E3-Strict-p005,48.2393,301,301,RLPolicy,0,0,0,0,2.99573,1,4.90838,17,17,4.83067,620,1
E3-Strict-p005,48.2397,174,174,RLPolicy,0,0,0,0,2.99573,1,6.60991,77,77,6.43438,620,0.996653
E3-Strict-p005,48.2399,464,347,RLPolicy,1,1,0.110238,1.38629,2.99573,4,7.60321,0,216,7.0325,620,0.987371
E3-Strict-p005,48.241,259,458,RLPolicy,1,1,0.0726802,2.77259,2.99573,6,7.81203,93,316,6.99871,620,0.995537
E3-Strict-p005,48.2412,484,484,RLPolicy,0,0,0,0,2.99573,1,5.78208,1,1,5.71205,620,1
E3-Strict-p005,48.2418,70,67,RLPolicy,1,1,0.04881,2.77259,2.99573,6,6.35763,309,352,5.72031,620,0.985377
E3-Strict-p005,48.2496,285,487,RLPolicy,1,1,0.0677136,0.538997,2.99573,3,6.86979,0,123,6.53703,620,0.975206
E3-Strict-p005,48.2502,314,284,RLPolicy,1,1,0.0934823,2.77259,2.99573,6,6.09179,99,378,5.34133,620,0.98984
E3-Strict-p005,48.2562,338,343,RLPolicy,1,1,0.0836225,1.38629,2.99573,4,6.91223,0,138,6.44398,620,0.981712
E3-Strict-p005,48.2586,137,282,RLPolicy,1,1,0.0552422,2.77259,2.99573,6,6.53864,189,228,5.96752,620,0.99288
E3-Strict-p005,48.2636,84,137,RLPolicy,1,1,0.0505197,2.77259,2.99573,6,6.1877,254,291,5.68679,620,0.972975
E3-Strict-p005,48.2692,326,326,RLPolicy,0,0,0,0,2.99573,1,7.33262,76,76,7.23228,620,0.993187
E3-Strict-p005,48.2748,185,630,RLPolicy,1,1,0.0490551,2.77259,2.99573,6,7.25856,144,292,6.72407,620,0.957878
E3-Strict-p005,48.2882,525,525,RLPolicy,0,0,0,0,2.99573,1,5.40039,5,5,5.30503,620,1
E3-Strict-p005,48.2918,142,142,RLPolicy,0,0,0,0,2.99573,1,7.39089,61,61,7.3211,620,0.984024
E3-Strict-p005,48.2946,432,432,RLPolicy,0,0,0,0,2.99573,1,4.87747,46,46,4.81469,620,0.98279
E3-Strict-p005,48.2956,359,359,RLPolicy,0,0,0,0,2.99573,1,5.01026,22,22,4.9407,620,0.994303
E3-Strict-p005,48.2992,120,120,RLPolicy,0,0,0,0,2.99573,1,5.09571,21,21,5.02779,620,1
E3-Strict-p005,48.302,87,264,RLPolicy,1,1,0.0491846,2.26176,2.99573,5,5.7707,75,209,5.20488,621,0.972426
E3-Strict-p005,48.3023,242,242,RLPolicy,0,0,0,0,2.99573,1,7.29672,61,61,7.22164,621,0.980903
E3-Strict-p005,48.3024,255,173,RLPolicy,1,1,0.0619435,2.77259,2.99573,6,6.67729,72,331,5.8645,621,0.98514
E3-Strict-p005,48.3053,235,302,RLPolicy,1,1,0.0642582,2.07944,2.99573,5,7.88541,106,245,7.16104,621,0.98984
E3-Strict-p005,48.311,434,553,RLPolicy,1,1,0.104834,2.77259,2.99573,6,5.78645,136,227,5.39819,621,0.995537
E3-Strict-p005,48.3133,100,100,RLPolicy,0,0,0,0,2.99573,1,4.51489,64,64,4.47176,621,0.989069
E3-Strict-p005,48.3135,461,111,RLPolicy,1,1,0.109604,2.77259,2.99573,6,5.74544,123,336,5.28655,621,0.994303
E3-Strict-p005,48.3137,165,165,RLPolicy,0,0,0,0,2.99573,1,5.21974,53,53,5.1623,621,0.978327
E3-Strict-p005,48.3206,178,432,RLPolicy,1,1,0.0567788,1.92529,2.99573,5,5.36414,34,110,4.94526,621,0.989759
E3-Strict-p005,48.3214,261,137,RLPolicy,1,1,0.0635794,2.07944,2.99573,5,7.02099,4,180,6.5449,621,0.985178
E3-Strict-p005,48.3245,23,208,RLPolicy,1,1,0.0406977,2.54959,2.99573,7,7.02555,139,325,6.47583,621,0.97144
E3-Strict-p005,48.3255,502,295,RLPolicy,1,1,0.119169,1.38629,2.99573,4,5.76511,0,289,5.16326,621,0.991953
E3-Strict-p005,48.3289,77,77,RLPolicy,0,0,0,0,2.99573,1,6.84142,59,59,6.73967,621,0.976096
E3-Strict-p005,48.3338,517,457,RLPolicy,1,1,0.125531,2.77259,2.99573,6,5.79591,92,155,5.38566,621,0.998884
E3-Strict-p005,48.3391,272,272,RLPolicy,0,0,0,0,2.99573,1,5.69073,50,50,5.62724,621,0.981934
E3-Strict-p005,48.3412,79,528,RLPolicy,1,1,0.044994,2.61844,2.99573,6,7.26981,88,356,6.37935,621,0.975325
E3-Strict-p005,48.3419,32,461,RLPolicy,1,1,0.0415611,1.95638,2.99573,5,7.58758,110,354,6.56058,621,0.961039
E3-Strict-p005,48.3422,291,150,RLPolicy,1,1,0.0719757,2.77259,2.99573,6,5.03147,280,333,4.7324,621,0.994421
E3-Strict-p005,48.3441,37,146,RLPolicy,1,1,0.0416403,1.77406,2.99573,5,6.50205,26,134,6.0342,621,0.979974
E3-Strict-p005,48.3465,418,272,RLPolicy,1,1,0.101498,2.77259,2.99573,6,7.36828,214,322,6.75713,621,0.997769
E3-Strict-p005,48.3469,523,68,RLPolicy,1,1,0.13767,2.77259,2.99573,6,5.96904,122,132,5.67828,621,0.998884
E3-Strict-p005,48.3512,530,554,RLPolicy,1,1,0.126792,1.38629,2.99573,4,6.28631,0,197,5.71624,621,0.991953
E3-Strict-p005,48.3551,189,189,RLPolicy,0,0,0,0,2.99573,1,6.79703,23,23,6.70941,621,0.981793
E3-Strict-p005,48.3565,390,390,RLPolicy,0,0,0,0,2.99573,1,5.95078,95,95,5.86459,621,0.98279
E3-Strict-p005,48.3644,187,184,RLPolicy,1,1,0.04907,2.77259,2.99573,6,7.24864,91,394,6.43138,621,0.975773
E3-Strict-p005,48.3696,140,140,RLPolicy,0,0,0,0,2.99573,1,5.95976,38,38,5.88241,621,0.973627
E3-Strict-p005,48.3702,400,629,RLPolicy,1,1,0.0981681,0.693147,2.99573,3,5.64521,0,60,5.39174,621,0.984714
E3-Strict-p005,48.3816,409,409,RLPolicy,0,0,0,0,2.99573,1,5.53176,3,3,5.43855,621,1
E3-Strict-p005,48.3839,356,356,RLPolicy,0,0,0,0,2.99573,1,5.40124,76,76,5.32169,621,0.995537
E3-Strict-p005,48.3846,436,436,RLPolicy,0,0,0,0,2.99573,1,5.48266,100,100,5.3935,621,0.987371
E3-Strict-p005,48.3871,413,413,RLPolicy,0,0,0,0,2.99573,1,5.73473,22,22,5.62835,621,1
E3-Strict-p005,48.4018,288,21,RLPolicy,1,1,0.0742109,1.23214,2.99573,4,11.407,0,119,10.9472,621,0.979276
E3-Strict-p005,48.4023,146,146,RLPolicy,0,0,0,0,2.99573,1,5.09426,11,11,4.99613,621,0.991953
E3-Strict-p005,48.4122,241,57,RLPolicy,1,1,0.0873484,2.77259,2.99573,6,5.84477,115,121,5.54946,621,0.984024
E3-Strict-p005,48.4188,112,13,RLPolicy,1,1,0.0502054,2.07944,2.99573,5,6.798,96,310,6.15489,621,0.939245
E3-Strict-p005,48.4192,337,337,RLPolicy,0,0,0,0,2.99573,1,7.11599,28,28,7.05582,2,0.993187
E3-Strict-p005,48.42,121,121,RLPolicy,0,0,0,0,2.99573,1,5.59632,13,13,5.49601,621,0.993532
E3-Strict-p005,48.4223,171,180,RLPolicy,1,1,0.0497292,2.77259,2.99573,6,6.20595,118,210,5.7254,621,0.985259
E3-Strict-p005,48.4227,499,499,RLPolicy,0,0,0,0,2.99573,1,4.74535,35,35,4.66064,621,0.998884
E3-Strict-p005,48.4275,353,353,RLPolicy,0,0,0,0,2.99573,1,5.41358,5,5,5.33239,621,0.998884
E3-Strict-p005,48.4292,416,589,RLPolicy,1,1,0.109978,2.77259,2.99573,6,7.25205,98,350,6.70317,621,0.988606
E3-Strict-p005,48.4309,108,174,RLPolicy,1,1,0.0525522,2.77259,2.99573,6,6.04415,67,318,5.48424,621,0.979443
E3-Strict-p005,48.4329,214,175,RLPolicy,1,1,0.0646845,2.07944,2.99573,5,7.21244,60,116,6.8237,621,0.977211
E3-Strict-p005,48.436,536,400,RLPolicy,1,1,0.123185,2.07944,2.99573,5,5.44692,7,166,4.97845,621,0.995419
E3-Strict-p005,48.4532,28,84,RLPolicy,1,1,0.044722,2.34415,2.99573,6,7.75161,87,384,7.03111,621,0.959029
E3-Strict-p005,48.4551,256,256,RLPolicy,0,0,0,0,2.99573,1,6.39387,8,8,6.29731,621,1
E3-Strict-p005,48.4568,477,597,RLPolicy,1,1,0.112677,2.77259,2.99573,6,7.27897,233,326,6.62451,621,0.989721
E3-Strict-p005,48.4579,184,319,RLPolicy,1,1,0.0728344,2.61844,2.99573,6,7.49845,88,365,6.73852,621,0.977271
E3-Strict-p005,48.4648,303,303,RLPolicy,0,0,0,0,2.99573,1,4.86212,23,23,4.78765,621,0.994303
E3-Strict-p005,48.4663,72,72,RLPolicy,0,0,0,0,2.99573,1,5.92535,25,25,5.80796,621,0.990956
E3-Strict-p005,48.4699,511,511,RLPolicy,0,0,0,0,2.99573,1,6.0238,28,28,5.9349,621,1
E3-Strict-p005,48.4724,258,258,RLPolicy,0,0,0,0,2.99573,1,6.36645,59,59,6.2671,621,0.992071
E3-Strict-p005,48.4732,133,257,RLPolicy,1,1,0.0493941,2.77259,2.99573,6,6.28288,98,438,5.52384,621,0.973864
E3-Strict-p005,48.4764,489,489,RLPolicy,0,0,0,0,2.99573,1,5.58291,76,76,5.49763,621,0.995419
E3-Strict-p005,48.4806,85,85,RLPolicy,0,0,0,0,2.99573,1,4.86942,16,16,4.68521,621,0.989721
E3-Strict-p005,48.4809,18,18,RLPolicy,0,0,0,0,2.99573,1,6.14688,68,68,6.0394,621,0.971516
E3-Strict-p005,48.4889,516,142,RLPolicy,1,1,0.00607427,2.77259,2.99573,6,6.07906,229,235,5.60509,621,0.998884
E3-Strict-p005,48.492,456,456,RLPolicy,0,0,0,0,2.99573,1,4.26518,7,7,4.21936,621,0.988487
E3-Strict-p005,48.4954,501,542,RLPolicy,1,1,0.121441,2.77259,2.99573,6,5.07658,130,256,4.70696,621,0.997769
E3-Strict-p005,48.5032,212,212,RLPolicy,0,0,0,0,2.99573,1,5.23226,77,77,5.14928,621,0.992071
E3-Strict-p005,48.5033,428,428,RLPolicy,0,0,0,0,2.99573,1,3.86389,24,24,3.81509,621,0.998884
E3-Strict-p005,48.5044,6,364,RLPolicy,1,1,0.0358309,2.46721,2.99573,6,7.86142,161,203,7.50527,621,0.968812
E3-Strict-p005,48.5086,341,596,RLPolicy,1,1,0.0831901,2.07944,2.99573,5,5.33392,31,95,4.94347,621,0.992071
E3-Strict-p005,48.5096,149,191,RLPolicy,1,1,0.0531134,2.77259,2.99573,6,5.52548,262,386,4.95306,621,0.966814
E3-Strict-p005,48.5096,106,106,RLPolicy,0,0,0,0,2.99573,1,5.61194,59,59,5.54708,621,0.978327
E3-Strict-p005,48.5148,78,78,RLPolicy,0,0,0,0,2.99573,1,6.20738,49,49,6.12979,621,0.995419
E3-Strict-p005,48.5169,127,413,RLPolicy,1,1,0.0613524,2.77259,2.99573,6,11.2859,141,157,10.9949,621,0.973746
E3-Strict-p005,48.5273,290,290,RLPolicy,0,0,0,0,2.99573,1,6.24066,75,75,6.15755,621,0.990837
E3-Strict-p005,48.5277,422,422,RLPolicy,0,0,0,0,2.99573,1,4.12281,19,19,4.06629,621,0.998884
E3-Strict-p005,48.5296,369,369,RLPolicy,0,0,0,0,2.99573,1,4.39553,18,18,4.34249,621,0.997769
E3-Strict-p005,48.5313,124,274,RLPolicy,1,1,0.0608937,2.77259,2.99573,6,7.12408,212,256,6.5529,621,0.973627
E3-Strict-p005,48.5552,237,237,RLPolicy,0,0,0,0,2.99573,1,6.75049,66,66,6.66017,621,0.977093
E3-Strict-p005,48.5556,468,468,RLPolicy,0,0,0,0,2.99573,1,6.02207,68,68,5.91046,4,0.995419
E3-Strict-p005,48.5566,481,355,RLPolicy,1,1,0.113073,1.38629,2.99573,4,9.0372,0,163,8.57688,621,0.989721
E3-Strict-p005,48.5655,443,443,RLPolicy,0,0,0,0,2.99573,1,4.56143,3,3,4.49822,621,1
E3-Strict-p005,48.5685,460,388,RLPolicy,1,1,0.110252,2.07944,2.99573,5,7.08423,69,158,6.66314,621,0.993187
E3-Strict-p005,48.5773,176,176,RLPolicy,0,0,0,0,2.99573,1,5.05577,2,2,4.98974,621,0.975977
E3-Strict-p005,48.5774,361,361,RLPolicy,0,0,0,0,2.99573,1,5.01278,11,11,4.94737,621,0.994303
E3-Strict-p005,48.5785,486,486,RLPolicy,0,0,0,0,2.99573,1,6.69011,70,70,6.59042,621,0.990837
E3-Strict-p005,48.5787,331,331,RLPolicy,0,0,0,0,2.99573,1,7.26924,39,39,7.14302,4,1
E3-Strict-p005,48.5813,245,527,RLPolicy,1,1,0.0860064,2.07944,2.99573,5,7.49872,57,133,6.81173,621,0.979443
E3-Strict-p005,48.5833,466,466,RLPolicy,0,0,0,0,2.99573,1,6.47685,27,27,6.39466,621,0.995419
E3-Strict-p005,48.6005,119,158,RLPolicy,1,1,0.056187,2.07944,2.99573,5,6.02958,95,280,5.56166,623,0.964464
E3-Strict-p005,48.6015,358,358,RLPolicy,0,0,0,0,2.99573,1,7.06547,67,67,6.92842,623,1
E3-Strict-p005,48.6018,383,383,RLPolicy,0,0,0,0,2.99573,1,4.3741,19,19,4.32069,623,1
E3-Strict-p005,48.602,47,94,RLPolicy,1,1,0.0422155,2.46721,2.99573,6,4.98441,177,296,4.60065,623,0.975393
E3-Strict-p005,48.6026,13,33,RLPolicy,1,1,0.00557853,2.46721,2.99573,6,5.5801,224,250,5.21471,623,0.963174
E3-Strict-p005,48.604,504,598,RLPolicy,1,1,0.125672,2.61844,2.99573,6,5.92365,264,288,5.45162,623,0.998114
E3-Strict-p005,48.6047,316,316,RLPolicy,0,0,0,0,2.99573,1,4.23703,56,56,4.18464,623,0.993187
E3-Strict-p005,48.6093,145,381,RLPolicy,1,1,0.0640297,2.77259,2.99573,6,7.00012,259,301,6.40405,623,0.997769
E3-Strict-p005,48.6113,321,99,RLPolicy,1,1,0.102238,2.77259,2.99573,6,4.44199,62,76,4.25253,623,0.988606
E3-Strict-p005,48.6178,344,344,RLPolicy,0,0,0,0,2.99573,1,5.36046,2,2,5.28842,623,1
E3-Strict-p005,48.6184,306,392,RLPolicy,1,1,0.00561047,2.95491,2.99573,6,5.80726,230,243,5.3896,623,0.993895
E3-Strict-p005,48.6252,364,595,RLPolicy,1,1,0.11127,2.07944,2.99573,5,5.07331,17,45,4.82562,623,0.980558
E3-Strict-p005,48.635,147,453,RLPolicy,1,1,0.0655872,2.77259,2.99573,6,6.02292,226,282,5.61544,623,0.970743
E3-Strict-p005,48.6362,163,106,RLPolicy,1,1,0.0650393,2.77259,2.99573,6,5.84716,212,223,5.43345,623,0.989721
E3-Strict-p005,48.6396,379,18,RLPolicy,1,1,0.093459,2.77259,2.99573,6,5.84109,284,291,5.585,623,0.995537
E3-Strict-p005,48.6521,90,90,RLPolicy,0,0,0,0,2.99573,1,5.13065,39,39,5.04513,623,0.998884
E3-Strict-p005,48.6569,350,350,RLPolicy,0,0,0,0,2.99573,1,6.44635,55,55,6.19854,623,0.993187
E3-Strict-p005,48.6636,287,287,RLPolicy,0,0,0,0,2.99573,1,6.09726,6,6,6.00665,623,0.993187
E3-Strict-p005,48.6672,273,453,RLPolicy,1,1,0.0662511,2.77259,2.99573,6,7.86575,320,359,7.32118,623,0.98984
E3-Strict-p005,48.6834,388,291,RLPolicy,1,1,0.108183,2.77259,2.99573,6,5.85794,202,232,5.36638,623,0.995537
E3-Strict-p005,48.6945,141,141,RLPolicy,0,0,0,0,2.99573,1,7.05141,69,69,6.96627,623,0.995419
E3-Strict-p005,48.6959,192,192,RLPolicy,0,0,0,0,2.99573,1,6.40538,8,8,6.27696,623,0.98279
E3-Strict-p005,48.6982,268,134,RLPolicy,1,1,0.00641282,2.77259,2.99573,6,7.24116,175,180,6.93639,623,0.967197
E3-Strict-p005,48.7006,202,53,RLPolicy,1,1,0.05932,2.77259,2.99573,6,8.51581,148,321,7.82559,622,0.98984
E3-Strict-p005,48.7033,193,41,RLPolicy,1,1,0.0734671,2.61844,2.99573,6,7.40794,238,284,6.97342,622,0.964195
E3-Strict-p005,48.7076,15,15,RLPolicy,0,0,0,0,2.99573,1,5.85091,45,45,5.72358,622,0.986987
E3-Strict-p005,48.71,36,36,RLPolicy,0,0,0,0,2.99573,1,4.99958,25,25,4.93366,622,0.98097
E3-Strict-p005,48.712,332,332,RLPolicy,0,0,0,0,2.99573,1,7.23172,66,66,7.04184,622,0.997769
E3-Strict-p005,48.7134,247,247,RLPolicy,0,0,0,0,2.99573,1,6.72521,61,61,6.39206,622,0.98984
E3-Strict-p005,48.7167,480,480,RLPolicy,0,0,0,0,2.99573,1,7.90246,26,26,7.66641,622,1
E3-Strict-p005,48.7237,260,242,RLPolicy,1,1,0.0686289,2.77259,2.99573,6,7.86468,251,295,7.39889,622,0.98984
E3-Strict-p005,48.7314,135,373,RLPolicy,1,1,0.0645649,2.77259,2.99573,6,9.39225,248,307,8.59963,622,0.968048
E3-Strict-p005,48.7325,318,318,RLPolicy,0,0,0,0,2.99573,1,5.68166,1,1,5.59817,622,1
E3-Strict-p005,48.7367,327,185,RLPolicy,1,1,0.0245346,0.693147,2.99573,3,6.47721,0,66,6.23847,622,0.98514
E3-Strict-p005,48.7389,229,229,RLPolicy,0,0,0,0,2.99573,1,5.76485,75,75,5.6343,622,0.996998
E3-Strict-p005,48.7414,406,406,RLPolicy,0,0,0,0,2.99573,1,7.99348,94,94,7.83829,622,0.991301
E3-Strict-p005,48.7418,251,355,RLPolicy,1,1,0.0631644,2.07944,2.99573,5,6.62179,3,225,6.1018,622,0.951835
E3-Strict-p005,48.7426,156,326,RLPolicy,1,1,0.0599662,2.77259,2.99573,6,6.91471,197,332,6.33598,622,0.979561
E3-Strict-p005,48.7609,487,487,RLPolicy,0,0,0,0,2.99573,1,10.8015,80,80,10.554,622,0.994303
E3-Strict-p005,48.7626,277,277,RLPolicy,0,0,0,0,2.99573,1,6.41223,1,1,6.27947,622,1
E3-Strict-p005,48.7634,475,94,RLPolicy,1,1,0.114217,2.07944,2.99573,5,8.58132,8,273,7.80397,622,0.994303
E3-Strict-p005,48.7673,506,506,RLPolicy,0,0,0,0,2.99573,1,4.68281,1,1,4.59408,622,1
E3-Strict-p005,48.7677,248,28,RLPolicy,1,1,0.0576831,1.56862,2.99573,4,7.45224,17,190,6.82006,622,0.967338
E3-Strict-p005,48.7705,310,498,RLPolicy,1,1,0.0892311,2.77259,2.99573,6,6.34546,271,279,5.93147,622,0.988643
E3-Strict-p005,48.7721,472,275,RLPolicy,1,1,0.114421,2.77259,2.99573,6,9.68462,92,405,8.65633,622,0.994303
E3-Strict-p005,48.7751,138,170,RLPolicy,1,1,0.0529688,2.77259,2.99573,6,8.16087,214,433,7.49542,622,0.978327
E3-Strict-p005,48.7786,51,625,RLPolicy,1,1,0.00604111,2.77259,2.99573,6,6.16517,196,240,5.81944,622,0.992071
E3-Strict-p005,48.7823,88,602,RLPolicy,1,1,0.0505839,2.77259,2.99573,6,8.07981,155,236,7.47902,622,0.981793
E3-Strict-p005,48.7841,153,355,RLPolicy,1,1,0.0655361,1.92529,2.99573,5,6.98,50,201,6.433,622,0.961925
E3-Strict-p005,48.7907,99,99,RLPolicy,0,0,0,0,2.99573,1,6.22137,62,62,6.11832,622,0.984024
E3-Strict-p005,48.7911,232,145,RLPolicy,1,1,0.0773057,2.77259,2.99573,6,6.99807,237,283,6.60212,622,0.98984
E3-Strict-p005,48.7922,375,473,RLPolicy,1,1,0.0934946,2.77259,2.99573,6,6.13903,217,274,5.5739,622,0.998884
E3-Strict-p005,48.7932,394,223,RLPolicy,1,1,0.114846,2.61844,2.99573,6,7.6662,208,224,7.31787,622,0.977438
E3-Strict-p005,48.7953,402,402,RLPolicy,0,0,0,0,2.99573,1,7.4203,67,67,7.29824,622,0.986256
E3-Strict-p005,48.7963,396,625,RLPolicy,1,1,0.10105,2.77259,2.99573,6,6.60997,293,305,6.328,622,0.993187
E3-Strict-p005,48.8035,168,168,RLPolicy,0,0,0,0,2.99573,1,6.27979,104,104,6.14027,2,0.987609
E3-Strict-p005,48.8131,14,14,RLPolicy,0,0,0,0,2.99573,1,5.95635,39,39,5.79776,623,0.973627
E3-Strict-p005,48.8147,355,496,RLPolicy,1,1,0.0984941,2.77259,2.99573,6,10.4811,268,280,9.90422,623,0.988606
E3-Strict-p005,48.8149,16,16,RLPolicy,0,0,0,0,2.99573,1,5.11112,41,41,4.99258,623,0.966815
E3-Strict-p005,48.8159,420,77,RLPolicy,1,1,0.115503,2.77259,2.99573,6,9.29064,302,313,8.95494,623,0.997769
E3-Strict-p005,48.8199,495,322,RLPolicy,1,1,0.126146,2.07944,2.99573,5,4.81588,6,47,4.53476,623,0.995419
E3-Strict-p005,48.8287,9,566,RLPolicy,1,1,0.0362949,2.77259,2.99573,6,7.85557,204,228,7.4724,623,0.962472
E3-Strict-p005,48.8317,132,194,RLPolicy,1,1,0.0587754,2.77259,2.99573,6,10.4412,196,210,9.86132,623,0.994303
E3-Strict-p005,48.8325,160,160,RLPolicy,0,0,0,0,2.99573,1,3.47153,19,19,3.43644,623,1
E3-Strict-p005,48.8345,457,457,RLPolicy,0,0,0,0,2.99573,1,5.64823,34,34,5.5656,623,0.998884
E3-Strict-p005,48.8381,130,130,RLPolicy,0,0,0,0,2.99573,1,6.3202,15,15,6.17124,623,0.988606
E3-Strict-p005,48.8432,386,386,RLPolicy,0,0,0,0,2.99573,1,6.25259,50,50,6.15255,623,0.998114
E3-Strict-p005,48.8439,26,138,RLPolicy,1,1,0.00723034,2.85497,2.99573,7,7.46676,239,257,6.92361,623,0.996361
E3-Strict-p005,48.8488,540,540,RLPolicy,0,0,0,0,2.99573,1,6.6532,58,58,6.47229,623,1
E3-Strict-p005,48.8567,197,197,RLPolicy,0,0,0,0,2.99573,1,7.55682,36,36,7.40897,623,0.982908
E3-Strict-p005,48.8608,173,207,RLPolicy,1,1,0.0659925,2.61844,2.99573,6,7.19896,159,366,6.47604,623,0.987528
E3-Strict-p005,48.861,297,297,RLPolicy,0,0,0,0,2.99573,1,8.00514,55,55,7.86311,623,0.986412
E3-Strict-p005,48.8702,252,138,RLPolicy,1,1,0.08068,2.95491,2.99573,6,5.8002,295,308,5.50535,623,0.992983
E3-Strict-p005,48.8728,425,487,RLPolicy,1,1,0.112997,2.77259,2.99573,6,7.78169,324,336,7.32458,623,0.996653
E3-Strict-p005,48.8771,263,263,RLPolicy,0,0,0,0,2.99573,1,6.43661,76,76,6.31066,623,1
E3-Strict-p005,48.8775,352,53,RLPolicy,1,1,0.0893897,2.77259,2.99573,6,8.08671,293,302,7.34021,623,0.993187
E3-Strict-p005,48.8776,62,347,RLPolicy,1,1,0.042297,1.38629,2.99573,4,7.95979,0,271,7.23383,623,0.967345
E3-Strict-p005,48.8782,312,347,RLPolicy,1,1,0.0836331,1.92529,2.99573,5,6.86589,61,206,6.24165,623,0.984488
E3-Strict-p005,48.8788,329,329,RLPolicy,0,0,0,0,2.99573,1,7.38351,52,52,7.29706,623,0.998884
E3-Strict-p005,48.8805,368,244,RLPolicy,1,1,0.0930529,2.77259,2.99573,6,6.40597,67,355,5.57994,623,0.998884
E3-Strict-p005,48.8808,144,144,RLPolicy,0,0,0,0,2.99573,1,7.25766,77,77,7.15095,623,0.992071
E3-Strict-p005,48.8813,543,107,RLPolicy,1,1,0.134459,2.77259,2.99573,6,7.16653,197,346,6.52831,623,0.998884
E3-Strict-p005,48.8852,217,328,RLPolicy,1,1,0.0810601,2.61844,2.99573,6,7.15286,261,320,6.72595,623,0.967197
E3-Strict-p005,48.8936,126,278,RLPolicy,1,1,0.0472119,2.07944,2.99573,5,6.2648,17,244,5.58505,623,0.986374
E3-Strict-p005,48.8989,209,209,RLPolicy,0,0,0,0,2.99573,1,6.33786,14,14,6.23245,623,1
E3-Strict-p005,48.9008,265,265,RLPolicy,0,0,0,0,2.99573,1,6.52771,71,71,6.39116,624,0.994421
E3-Strict-p005,48.9022,544,544,RLPolicy,0,0,0,0,2.99573,1,5.03995,64,64,4.97516,624,1
E3-Strict-p005,48.9038,155,40,RLPolicy,1,1,0.0536339,2.07944,2.99573,5,5.78515,58,233,5.07803,624,0.975977
E3-Strict-p005,48.9097,80,80,RLPolicy,0,0,0,0,2.99573,1,6.47109,88,88,6.16555,624,0.980558
E3-Strict-p005,48.9114,143,143,RLPolicy,0,0,0,0,2.99573,1,6.81301,9,9,6.74418,624,0.975088
E3-Strict-p005,48.9138,508,508,RLPolicy,0,0,0,0,2.99573,1,5.19711,62,62,5.10668,624,1
E3-Strict-p005,48.9217,451,141,RLPolicy,1,1,0.107819,2.77259,2.99573,6,6.18978,67,311,5.76729,624,0.997769
E3-Strict-p005,48.9283,276,87,RLPolicy,1,1,0.0683384,2.77259,2.99573,6,10.9576,112,402,10.0138,624,0.979055
E3-Strict-p005,48.9358,426,426,RLPolicy,0,0,0,0,2.99573,1,8.7793,17,17,8.63528,624,1
E3-Strict-p005,48.9383,539,244,RLPolicy,1,1,0.125464,2.77259,2.99573,6,8.44143,121,227,8.00856,624,0.998884
E3-Strict-p005,48.9456,513,513,RLPolicy,0,0,0,0,2.99573,1,4.66359,12,12,4.61048,624,1
E3-Strict-p005,48.9473,522,522,RLPolicy,0,0,0,0,2.99573,1,5.75618,58,58,5.68397,624,1
E3-Strict-p005,48.9478,161,1,RLPolicy,0,0,0.0640461,0.538997,2.99573,2,5.86944,54,109,5.70245,624,0.979825
E3-Strict-p005,48.9574,471,252,RLPolicy,1,1,0.112334,2.77259,2.99573,6,7.30893,294,325,6.72072,624,0.997769
E3-Strict-p005,48.9601,363,363,RLPolicy,0,0,0,0,2.99573,1,5.82525,14,14,5.72656,624,0.991953
E3-Strict-p005,48.9648,205,205,RLPolicy,0,0,0,0,2.99573,1,7.12904,72,72,7.03825,624,0.988606
E3-Strict-p005,48.9654,40,367,RLPolicy,1,1,0.0422322,2.46721,2.99573,6,6.04612,150,270,5.55638,624,0.951956
E3-Strict-p005,48.9679,56,56,RLPolicy,0,0,0,0,2.99573,1,6.99735,31,31,6.88694,624,0.985537
E3-Strict-p005,48.9684,96,102,RLPolicy,1,1,0.0609329,2.77259,2.99573,6,7.71791,298,357,7.02445,624,0.979443
E3-Strict-p005,48.9707,302,502,RLPolicy,1,1,0.081459,2.26176,2.99573,5,6.33598,72,244,5.65029,624,0.984936
E3-Strict-p005,48.9821,370,370,RLPolicy,0,0,0,0,2.99573,1,5.54621,74,74,5.41044,624,0.989721
E3-Strict-p005,48.9825,151,343,RLPolicy,1,1,0.0563057,2.39529,2.99573,6,7.38673,57,277,6.81593,624,0.949335
E3-Strict-p005,48.985,206,206,RLPolicy,0,0,0,0,2.99573,1,6.75268,9,9,6.65412,624,0.984369
E3-Strict-p005,48.9976,417,132,RLPolicy,1,1,0.116415,2.77259,2.99573,6,8.32892,154,230,7.71936,624,0.98514
E3-Strict-p005,48.9994,538,558,RLPolicy,1,1,0.123443,2.77259,2.99573,6,5.52938,79,156,5.10637,624,0.998884
E3-Strict-p005,49.0111,322,322,RLPolicy,0,0,0,0,2.99573,1,5.43297,37,37,5.33763,624,0.995419
E3-Strict-p005,49.0118,527,527,RLPolicy,0,0,0,0,2.99573,1,9.16085,15,15,9.09608,624,1
E3-Strict-p005,49.0148,459,459,RLPolicy,0,0,0,0,2.99573,1,5.49232,39,39,5.41451,624,0.997769
E3-Strict-p005,49.0201,440,542,RLPolicy,1,1,0.105155,2.31014,2.99573,6,5.099,83,204,4.61429,624,0.991991
E3-Strict-p005,49.0274,110,110,RLPolicy,0,0,0,0,2.99573,1,4.87983,8,8,4.77864,624,0.995252
E3-Strict-p005,49.0317,404,491,RLPolicy,1,1,0.110934,2.77259,2.99573,6,6.02068,213,241,5.5307,624,0.988606
E3-Strict-p005,49.0415,323,323,RLPolicy,0,0,0,0,2.99573,1,5.44007,27,27,5.36798,624,0.986374
E3-Strict-p005,49.0461,201,571,RLPolicy,1,1,0.0642941,2.77259,2.99573,6,7.58498,56,308,6.72165,624,0.965698
E3-Strict-p005,49.0479,283,283,RLPolicy,0,0,0,0,2.99573,1,5.81288,67,67,5.72668,624,0.994303
E3-Strict-p005,49.0514,280,180,RLPolicy,1,1,0.100304,2.77259,2.99573,6,6.47748,85,99,6.12236,624,0.998884
E3-Strict-p005,49.0541,123,123,RLPolicy,0,0,0,0,2.99573,1,5.27636,24,24,5.19716,624,0.995537
E3-Strict-p005,49.0587,20,18,RLPolicy,1,1,0.00561798,2.77259,2.99573,6,6.26815,334,342,5.88177,624,0.938451
E3-Strict-p005,49.06,3,278,RLPolicy,1,1,0.0332837,2.07944,2.99573,5,6.11915,73,254,5.66466,624,0.986484
E3-Strict-p005,49.0602,19,19,RLPolicy,0,0,0,0,2.99573,1,6.9485,58,58,6.8547,624,0.952076
E3-Strict-p005,49.0676,367,367,RLPolicy,0,0,0,0,2.99573,1,5.94503,78,78,5.85195,624,0.998884
E3-Strict-p005,49.0788,307,167,RLPolicy,1,1,0.0772433,2.77259,2.99573,6,5.75864,301,334,5.35191,624,0.987609
E3-Strict-p005,49.0827,210,210,RLPolicy,0,0,0,0,2.99573,1,7.00615,8,8,6.90677,624,0.986256
E3-Strict-p005,49.083,128,628,RLPolicy,1,1,0.0618664,2.77259,2.99573,6,7.97559,232,289,7.48538,624,0.95307
E3-Strict-p005,49.0867,177,177,RLPolicy,0,0,0,0,2.99573,1,6.0638,43,43,5.97076,624,0.96793
E3-Strict-p005,49.0895,45,45,RLPolicy,0,0,0,0,2.99573,1,4.93729,25,25,4.82234,624,0.993187
E3-Strict-p005,49.093,267,275,RLPolicy,1,1,0.074234,2.77259,2.99573,6,8.45797,127,293,7.667,624,0.997769
E3-Strict-p005,49.0993,46,500,RLPolicy,1,1,0.0450992,2.07944,2.99573,5,6.3623,41,252,5.66615,624,0.992072
E3-Strict-p005,49.0997,228,228,RLPolicy,0,0,0,0,2.99573,1,5.68614,3,3,5.60257,624,0.998884
E3-Strict-p005,49.1073,496,242,RLPolicy,1,1,0.11928,0.693147,2.99573,3,5.11184,0,132,4.76109,625,0.988487
E3-Strict-p005,49.1092,300,300,RLPolicy,0,0,0,0,2.99573,1,8.36157,43,43,8.30791,625,0.990956
E3-Strict-p005,49.1136,43,43,RLPolicy,0,0,0,0,2.99573,1,6.93643,95,95,6.85275,625,0.951252
E3-Strict-p005,49.1171,196,568,RLPolicy,1,1,0.0537222,2.77259,2.99573,6,9.19245,69,169,8.71797,625,0.981589
E3-Strict-p005,49.1238,102,102,RLPolicy,0,0,0,0,2.99573,1,5.30453,58,58,5.22829,625,0.959225
E3-Strict-p005,49.1243,254,258,RLPolicy,1,1,0.0722618,2.31014,2.99573,6,5.35159,166,294,5.00344,625,0.974899
E3-Strict-p005,49.1245,346,346,RLPolicy,0,0,0,0,2.99573,1,6.50892,8,8,6.32907,625,0.987371
E3-Strict-p005,49.1337,542,32,RLPolicy,1,1,0.122514,2.07944,2.99573,5,7.50437,55,354,6.62705,625,0.995419
E3-Strict-p005,49.1347,343,185,RLPolicy,1,1,0.0936736,2.77259,2.99573,6,5.99478,127,227,5.54823,625,0.979443
E3-Strict-p005,49.1379,507,507,RLPolicy,0,0,0,0,2.99573,1,6.27796,67,67,6.17435,625,0.988487
E3-Strict-p005,49.1394,12,216,RLPolicy,1,1,0.0368748,2.77259,2.99573,6,7.89937,307,334,7.16986,625,0.952659
E3-Strict-p005,49.1401,308,62,RLPolicy,1,1,0.0938675,2.77259,2.99573,6,5.7169,183,204,5.2819,625,0.98514
E3-Strict-p005,49.1404,158,639,RLPolicy,1,1,0.0548086,2.77259,2.99573,6,5.29046,279,287,4.98594,625,0.984936
E3-Strict-p005,49.1406,328,268,RLPolicy,1,1,0.0848168,2.07944,2.99573,5,5.29817,84,179,4.92931,625,0.990956
E3-Strict-p005,49.1454,63,624,RLPolicy,1,1,0.043515,2.07944,2.99573,5,6.3946,55,288,6.03617,625,0.984436
E3-Strict-p005,49.1482,234,153,RLPolicy,1,1,0.0834778,2.77259,2.99573,6,4.96205,40,298,4.59002,625,0.96558
E3-Strict-p005,49.1508,81,81,RLPolicy,0,0,0,0,2.99573,1,6.44759,32,32,6.31064,625,0.968275
E3-Strict-p005,49.1582,250,250,RLPolicy,0,0,0,0,2.99573,1,5.08406,75,75,5.01869,625,0.996653
E3-Strict-p005,49.1626,25,25,RLPolicy,0,0,0,0,2.99573,1,7.62379,41,41,7.50708,625,0.960654
E3-Strict-p005,49.1632,282,304,RLPolicy,1,1,0.068956,2.77259,2.99573,6,8.76231,232,407,8.17581,625,0.988724
E3-Strict-p005,49.1672,225,437,RLPolicy,1,1,0.0733328,2.77259,2.99573,6,6.85558,288,312,6.46639,625,0.980677
E3-Strict-p005,49.1722,105,361,RLPolicy,1,1,0.0408625,2.07944,2.99573,5,6.60085,80,236,6.053,625,0.95307
E3-Strict-p005,49.1787,548,203,RLPolicy,1,1,0.128781,2.77259,2.99573,6,6.36849,82,365,5.58874,625,0.998884
E3-Strict-p005,49.1849,505,368,RLPolicy,1,1,0.126607,2.95491,2.99573,6,5.51731,323,332,5.25702,625,0.99868
E3-Strict-p005,49.1961,109,214,RLPolicy,1,1,0.0522426,2.77259,2.99573,6,5.31688,190,380,4.88623,625,0.992071
E3-Strict-p005,49.1986,167,79,RLPolicy,1,1,0.0594746,1.38629,2.99573,4,5.90232,0,152,5.52354,625,0.978327
E3-Strict-p005,49.2013,467,382,RLPolicy,1,1,0.111052,1.38629,2.99573,4,7.98542,0,159,7.5097,625,0.983943
E3-Strict-p005,49.2013,238,238,RLPolicy,0,0,0,0,2.99573,1,4.23836,19,19,4.18045,625,1
E3-Strict-p005,49.2053,76,76,RLPolicy,0,0,0,0,2.99573,1,11.0379,101,101,10.927,625,0.98749
E3-Strict-p005,49.207,305,305,RLPolicy,0,0,0,0,2.99573,1,5.23017,70,70,5.14215,625,0.993187
E3-Strict-p005,49.2107,115,568,RLPolicy,1,1,0.0544805,2.77259,2.99573,6,6.58708,200,361,5.78986,625,0.978446
E3-Strict-p005,49.2259,54,54,RLPolicy,0,0,0,0,2.99573,1,4.88967,14,14,4.77878,1,0.995419
E3-Strict-p005,49.2266,526,526,RLPolicy,0,0,0,0,2.99573,1,5.88299,38,38,5.78669,625,1
E3-Strict-p005,49.231,275,267,RLPolicy,1,1,0.0733362,2.07944,2.99573,5,7.20257,117,248,6.76574,625,0.979561
E3-Strict-p005,49.2311,342,342,RLPolicy,0,0,0,0,2.99573,1,5.96252,106,106,5.8804,625,0.996653
E3-Strict-p005,49.2315,38,38,RLPolicy,0,0,0,0,2.99573,1,5.41206,62,62,5.35008,625,0.977213
E3-Strict-p005,49.237,66,158,RLPolicy,1,1,0.0496252,2.54945,2.99573,6,6.28197,296,343,5.95442,625,0.983253
E3-Strict-p005,49.242,50,125,RLPolicy,1,1,0.0431179,2.77259,2.99573,6,6.87422,221,400,6.20924,625,0.962242
E3-Strict-p005,49.2423,52,583,RLPolicy,1,1,0.0422195,0.693147,2.99573,3,6.65387,0,111,6.29318,625,0.951954
E3-Strict-p005,49.2543,293,306,RLPolicy,1,1,0.0709788,2.07944,2.99573,5,7.37956,15,188,6.8964,625,0.981793
E3-Strict-p005,49.2603,180,180,RLPolicy,0,0,0,0,2.99573,1,5.72756,41,41,5.65225,625,0.997564
E3-Strict-p005,49.2636,39,489,RLPolicy,1,1,0.0347059,2.07944,2.99573,5,7.28009,75,216,6.72675,625,0.976253
E3-Strict-p005,49.2664,347,347,RLPolicy,0,0,0,0,2.99573,1,7.36281,54,54,7.25804,625,0.986256
E3-Strict-p005,49.2711,419,28,RLPolicy,1,1,0.101058,2.07944,2.99573,5,7.99033,109,271,7.18562,625,0.995419
E3-Strict-p005,49.2725,95,95,RLPolicy,0,0,0,0,2.99573,1,7.40369,58,58,7.32152,625,0.966814
E3-Strict-p005,49.2745,395,395,RLPolicy,0,0,0,0,2.99573,1,5.58449,97,97,5.49231,625,0.997769
E3-Strict-p005,49.2753,474,474,RLPolicy,0,0,0,0,2.99573,1,7.06148,34,34,6.95348,625,0.998884
E3-Strict-p005,49.2759,348,348,RLPolicy,0,0,0,0,2.99573,1,6.93972,91,91,6.81521,625,0.998884
E3-Strict-p005,49.2763,281,281,RLPolicy,0,0,0,0,2.99573,1,5.93539,11,11,5.81867,625,0.986374
E3-Strict-p005,49.28,226,127,RLPolicy,1,1,0.0670803,2.77259,2.99573,6,6.9276,172,179,6.50252,625,0.978208
E3-Strict-p005,49.281,492,243,RLPolicy,1,1,0.120456,2.77259,2.99573,6,7.35459,277,285,6.89702,625,0.997769
E3-Strict-p005,49.2872,59,59,RLPolicy,0,0,0,0,2.99573,1,6.98986,56,56,6.86676,625,0.986082
E3-Strict-p005,49.2882,162,162,RLPolicy,0,0,0,0,2.99573,1,5.74241,24,24,5.64261,625,0.993187
E3-Strict-p005,49.2887,411,411,RLPolicy,0,0,0,0,2.99573,1,6.75866,21,21,6.65966,625,0.996653
E3-Strict-p005,49.3034,339,97,RLPolicy,1,1,0.0847089,2.77259,2.99573,6,6.89578,101,386,6.20861,626,0.996449
E3-Strict-p005,49.3079,114,114,RLPolicy,0,0,0,0,2.99573,1,4.56111,18,18,4.50509,626,0.995419
E3-Strict-p005,49.3116,49,49,RLPolicy,0,0,0,0,2.99573,1,4.45187,19,19,4.38676,626,0.998884
E3-Strict-p005,49.3155,278,499,RLPolicy,1,1,0.0756559,2.61844,2.99573,6,7.93386,117,261,7.37498,626,0.979092
E3-Strict-p005,49.317,68,68,RLPolicy,0,0,0,0,2.99573,1,4.08429,7,7,4.04586,626,0.988747
E3-Strict-p005,49.3184,86,19,RLPolicy,1,1,0.0424561,2.77259,2.99573,6,4.72561,207,232,4.50225,626,0.996653
E3-Strict-p005,49.3214,172,13,RLPolicy,1,1,0.0549731,2.07944,2.99573,5,6.69719,94,302,6.25051,626,0.956417
E3-Strict-p005,49.3274,269,269,RLPolicy,0,0,0,0,2.99573,1,5.17678,43,43,5.10999,626,0.985485
E3-Strict-p005,49.3299,195,99,RLPolicy,1,1,0.0586448,2.07944,2.99573,5,7.2281,123,220,6.66149,626,0.982908
E3-Strict-p005,49.3385,465,465,RLPolicy,0,0,0,0,2.99573,1,5.34277,39,39,5.25364,626,0.997769
E3-Strict-p005,49.3471,1,1,RLPolicy,0,0,0,0,2.99573,1,5.07348,57,57,4.9933,626,0.969404
E3-Strict-p005,49.353,478,308,RLPolicy,1,1,0.119176,2.77259,2.99573,6,7.72678,161,233,7.15335,626,0.998884
E3-Strict-p005,49.3536,266,161,RLPolicy,1,1,0.0686542,2.77259,2.99573,6,6.25612,315,373,5.779,626,0.98017
E3-Strict-p005,49.3617,299,79,RLPolicy,1,1,0.0785018,2.07944,2.99573,5,6.64031,56,295,5.96764,626,0.993187
E3-Strict-p005,49.3643,535,83,RLPolicy,1,1,0.00665396,2.77259,2.99573,6,6.71323,118,133,6.2028,626,0.998884
E3-Strict-p005,49.3654,7,7,RLPolicy,0,0,0,0,2.99573,1,6.75958,42,42,6.67747,626,0.957317
E3-Strict-p005,49.3721,378,624,RLPolicy,1,1,0.0931231,2.61844,2.99573,6,6.46799,155,396,5.72935,626,0.966733
E3-Strict-p005,49.3763,430,539,RLPolicy,1,1,0.00629056,2.77259,2.99573,6,6.8458,127,141,6.56006,626,0.98749
E3-Strict-p005,49.3781,462,605,RLPolicy,1,1,0.110205,2.07944,2.99573,5,6.79133,28,308,6.35295,626,0.988606
E3-Strict-p005,49.379,262,359,RLPolicy,1,1,0.065874,2.07944,2.99573,5,6.13111,7,244,5.68752,626,0.962233
E3-Strict-p005,49.3793,476,309,RLPolicy,1,1,0.115663,2.77259,2.99573,6,7.68342,103,377,7.0593,626,0.996653
E3-Strict-p005,49.3797,382,161,RLPolicy,1,1,0.0959513,2.61844,2.99573,6,5.88664,238,375,5.45442,626,0.995882
E3-Strict-p005,49.3865,458,129,RLPolicy,1,1,0.11494,2.77259,2.99573,6,6.63905,302,346,6.34457,626,0.995537
E3-Strict-p005,49.387,204,204,RLPolicy,0,0,0,0,2.99573,1,7.09865,76,76,6.96206,626,0.975773
E3-Strict-p005,49.3907,407,175,RLPolicy,1,1,0.10243,2.77259,2.99573,6,6.57679,329,358,6.15607,626,0.996653
E3-Strict-p005,49.3911,8,8,RLPolicy,0,0,0,0,2.99573,1,7.1657,78,78,7.05648,626,0.998884
E3-Strict-p005,49.3993,186,186,RLPolicy,0,0,0,0,2.99573,1,6.1257,80,80,5.99254,626,0.966814
E3-Strict-p005,49.4016,528,528,RLPolicy,0,0,0,0,2.99573,1,5.80305,73,73,5.74297,627,1
E3-Strict-p005,49.4081,376,591,RLPolicy,1,1,0.0946955,2.77259,2.99573,6,6.3093,238,261,5.891,627,0.988606
E3-Strict-p005,49.4103,392,53,RLPolicy,1,1,0.0984465,2.77259,2.99573,6,7.55714,321,334,7.05799,627,0.995537
E3-Strict-p005,49.4119,427,191,RLPolicy,1,1,0.0965038,2.77259,2.99573,6,7.27141,125,263,6.64438,627,0.986256
E3-Strict-p005,49.4143,97,97,RLPolicy,0,0,0,0,2.99573,1,8.42469,56,56,8.32878,627,0.95376
E3-Strict-p005,49.4152,357,357,RLPolicy,0,0,0,0,2.99573,1,5.38796,13,13,5.33108,627,1
E3-Strict-p005,49.416,17,407,RLPolicy,1,1,0.0391903,2.8419,2.99573,7,5.60344,343,367,5.2359,627,0.988292
E3-Strict-p005,49.4168,483,483,RLPolicy,0,0,0,0,2.99573,1,4.59274,34,34,4.52449,627,0.991953
E3-Strict-p005,49.4175,442,442,RLPolicy,0,0,0,0,2.99573,1,5.42715,67,67,5.1569,627,0.998884
E3-Strict-p005,49.4189,103,103,RLPolicy,0,0,0,0,2.99573,1,4.65913,77,77,4.59618,627,0.994303
E3-Strict-p005,49.4203,207,259,RLPolicy,1,1,0.0658168,2.77259,2.99573,6,7.56432,153,222,6.94528,627,0.979561
E3-Strict-p005,49.4255,67,193,RLPolicy,1,1,0.0500697,2.77259,2.99573,6,5.84895,254,282,5.55365,627,0.957651
E3-Strict-p005,49.4285,387,387,RLPolicy,0,0,0,0,2.99573,1,4.50938,8,8,4.4539,627,1
E3-Strict-p005,49.4363,336,25,RLPolicy,1,1,0.0825187,2.77259,2.99573,6,6.13159,203,263,5.79769,627,0.983636
E3-Strict-p005,49.4377,439,439,RLPolicy,0,0,0,0,2.99573,1,6.62489,78,78,6.51428,627,0.994648
E3-Strict-p005,49.441,311,376,RLPolicy,1,1,0.104377,2.95491,2.99573,6,6.00873,217,331,5.60338,627,0.95956
E3-Strict-p005,49.4412,520,520,RLPolicy,0,0,0,0,2.99573,1,5.47677,20,20,5.40647,627,1
E3-Strict-p005,49.4445,154,154,RLPolicy,0,0,0,0,2.99573,1,5.2857,9,9,5.15403,627,0.990444
E3-Strict-p005,49.4481,166,288,RLPolicy,1,1,0.0561539,2.07944,2.99573,5,5.93548,94,278,5.42893,627,0.993187
E3-Strict-p005,49.4504,334,28,RLPolicy,1,1,0.0807254,0.693147,2.99573,3,7.02022,0,139,6.66099,627,0.984024
E3-Strict-p005,49.4567,441,112,RLPolicy,1,1,0.107133,2.77259,2.99573,6,7.41253,86,396,6.53897,627,0.998884
E3-Strict-p005,49.4573,74,74,RLPolicy,0,0,0,0,2.99573,1,7.82113,64,64,7.74047,627,0.981674
E3-Strict-p005,49.4601,473,473,RLPolicy,0,0,0,0,2.99573,1,7.71295,73,73,7.62703,627,0.997769
E3-Strict-p005,49.4602,65,65,RLPolicy,0,0,0,0,2.99573,1,5.33696,25,25,5.24553,627,0.986256
E3-Strict-p005,49.4684,61,222,RLPolicy,1,1,0.0469619,2.77259,2.99573,6,6.12496,291,316,5.63237,627,0.985259
E3-Strict-p005,49.471,354,215,RLPolicy,1,1,0.106823,2.77259,2.99573,6,7.47169,233,250,7.02138,627,0.986719
E3-Strict-p005,49.4797,243,413,RLPolicy,1,1,0.057305,1.38629,2.99573,4,6.21341,0,197,5.73907,627,0.98279
E3-Strict-p005,49.4817,48,270,RLPolicy,1,1,0.0480926,2.77259,2.99573,6,7.34298,224,328,6.81989,627,0.970398
E3-Strict-p005,49.4827,393,14,RLPolicy,1,1,0.124054,2.77259,2.99573,6,6.11383,243,270,5.71252,627,0.991301
E3-Strict-p005,49.4829,374,97,RLPolicy,1,1,0.0913624,2.77259,2.99573,6,7.3875,102,358,6.68398,627,0.990956
E3-Strict-p005,49.4833,545,545,RLPolicy,0,0,0,0,2.99573,1,4.80802,7,7,4.73692,627,1
E3-Strict-p005,49.485,284,589,RLPolicy,1,1,0.0724132,2.77259,2.99573,6,7.02233,70,365,6.35358,627,0.984143
E3-Strict-p005,49.4889,403,14,RLPolicy,1,1,0.0966948,2.07944,2.99573,5,5.67241,54,193,5.32927,627,0.980558
E3-Strict-p005,49.4918,101,137,RLPolicy,1,1,0.0549743,2.77259,2.99573,6,5.55631,144,209,4.93217,627,0.986374
E3-Strict-p005,49.4926,408,408,RLPolicy,0,0,0,0,2.99573,1,5.42749,59,59,5.34931,627,0.992071
E3-Strict-p005,49.4936,448,436,RLPolicy,1,1,0.119322,2.77259,2.99573,6,5.36047,264,284,4.90493,627,0.993187
E3-Strict-p005,49.5034,55,55,RLPolicy,0,0,0,0,2.99573,1,5.57054,50,50,5.48909,627,0.969983
E3-Strict-p005,49.5042,182,182,RLPolicy,0,0,0,0,2.99573,1,5.10986,78,78,5.03507,627,0.996653
E3-Strict-p005,49.5064,271,38,RLPolicy,1,1,0.0649525,2.07944,2.99573,5,6.26786,54,360,5.49537,627,0.98514
E3-Strict-p005,49.5071,274,274,RLPolicy,0,0,0,0,2.99573,1,5.17328,55,55,5.11707,627,0.985259
E3-Strict-p005,49.5083,549,537,RLPolicy,1,1,0.131049,2.77259,2.99573,6,11.3663,298,376,10.8113,627,0.998884
E3-Strict-p005,49.5086,294,102,RLPolicy,1,1,0.074326,2.77259,2.99573,6,6.29038,138,427,5.67248,627,0.984024
E3-Strict-p005,49.5131,449,449,RLPolicy,0,0,0,0,2.99573,1,5.32913,61,61,5.15167,627,0.995419
E3-Strict-p005,49.5136,125,630,RLPolicy,1,1,0.049263,2.07944,2.99573,5,6.65282,58,215,6.24234,627,0.97263
E3-Strict-p005,49.5143,93,379,RLPolicy,1,1,0.0526413,2.77259,2.99573,6,5.59315,290,298,5.25815,627,0.996653
E3-Strict-p005,49.5147,53,53,RLPolicy,0,0,0,0,2.99573,1,4.24022,78,78,4.18856,627,0.964502
E3-Strict-p005,49.5167,298,298,RLPolicy,0,0,0,0,2.99573,1,6.55734,67,67,6.46335,627,0.994421
E3-Strict-p005,49.5226,44,91,RLPolicy,1,1,0.0451109,2.85497,2.99573,7,11.4106,120,367,10.7483,627,0.966231
E3-Strict-p005,49.5304,0,0,RLPolicy,0,0,0,0,2.99573,1,4.99856,77,77,4.93606,627,0.992603
E3-Strict-p005,49.5403,208,208,RLPolicy,0,0,0,0,2.99573,1,6.43271,35,35,6.33762,627,0.979324
E3-Strict-p005,49.5422,118,87,RLPolicy,1,1,0.0396979,2.07944,2.99573,5,6.95422,23,338,6.52198,627,0.962233
E3-Strict-p005,49.543,429,429,RLPolicy,0,0,0,0,2.99573,1,7.65634,28,28,7.60736,627,0.993187
E3-Strict-p005,49.5469,514,514,RLPolicy,0,0,0,0,2.99573,1,5.29608,82,82,5.19488,627,0.998884
E3-Strict-p005,49.547,91,312,RLPolicy,1,1,0.0534955,1.70215,2.99573,5,7.50257,0,212,7.01539,627,0.94968
E3-Strict-p005,49.5486,398,398,RLPolicy,0,0,0,0,2.99573,1,5.49531,77,77,5.41284,627,0.996449
E3-Strict-p005,49.5498,529,529,RLPolicy,0,0,0,0,2.99573,1,9.39389,52,52,9.3094,627,1
E3-Strict-p005,49.5522,547,547,RLPolicy,0,0,0,0,2.99573,1,5.55472,59,59,5.45509,627,1
E3-Strict-p005,49.5525,148,148,RLPolicy,0,0,0,0,2.99573,1,5.08953,17,17,5.0317,627,1
E3-Strict-p005,49.5611,373,478,RLPolicy,1,1,0.094653,2.77259,2.99573,6,12.3192,75,189,11.9193,627,0.992071
E3-Strict-p005,49.5714,498,588,RLPolicy,1,1,0.115927,2.77259,2.99573,6,9.91531,223,315,9.39796,627,0.997769
E3-Strict-p005,49.574,433,249,RLPolicy,1,1,0.104111,2.77259,2.99573,6,6.71811,186,237,6.33174,627,0.973627
E3-Strict-p005,49.5799,175,407,RLPolicy,1,1,0.0720046,2.46429,2.99573,6,5.32517,198,244,4.85032,627,0.972161
E3-Strict-p005,49.5806,257,21,RLPolicy,1,1,0.0640566,0.693147,2.99573,3,6.01648,0,148,5.68686,627,0.96558
E3-Strict-p005,49.5885,183,254,RLPolicy,1,1,0.0687935,1.92529,2.99573,5,6.36357,111,286,5.76186,627,0.950757
E3-Strict-p005,49.591,377,377,RLPolicy,0,0,0,0,2.99573,1,5.91254,62,62,5.82622,627,0.997769
E3-Strict-p005,49.5945,410,410,RLPolicy,0,0,0,0,2.99573,1,5.88149,10,10,5.79505,627,0.996653
E3-Strict-p005,49.5967,309,5,RLPolicy,1,1,0.0802635,2.77259,2.99573,6,6.10066,272,280,5.71452,627,0.992071
E3-Strict-p005,49.5974,444,468,RLPolicy,1,1,0.106266,2.77259,2.99573,6,7.3183,291,325,6.88324,627,0.996653
E3-Strict-p005,49.6017,351,84,RLPolicy,1,1,0.0833559,2.77259,2.99573,6,6.35905,154,275,5.87932,628,0.982908
E3-Strict-p005,49.6156,503,382,RLPolicy,1,1,0.115131,2.07944,2.99573,5,5.27504,51,163,4.90831,628,0.995214
E3-Strict-p005,49.6193,384,303,RLPolicy,1,1,0.0944377,2.77259,2.99573,6,5.65519,130,178,5.3155,628,0.988951
E3-Strict-p005,49.6241,320,320,RLPolicy,0,0,0,0,2.99573,1,4.68251,19,19,4.61842,628,0.985485
E3-Strict-p005,49.6286,325,70,RLPolicy,1,1,0.0848047,2.77259,2.99573,6,6.08295,256,407,5.67992,628,0.985259
E3-Strict-p005,49.6356,117,117,RLPolicy,0,0,0,0,2.99573,1,5.28142,32,32,5.21639,628,0.98147
E3-Strict-p005,49.6357,200,200,RLPolicy,0,0,0,0,2.99573,1,6.04207,58,58,5.96098,628,0.96793
E3-Strict-p005,49.6402,454,454,RLPolicy,0,0,0,0,2.99573,1,4.60468,12,12,4.5149,628,1
E3-Strict-p005,49.6516,89,386,RLPolicy,1,1,0.0531055,2.46429,2.99573,6,8.11514,163,257,7.52368,628,0.96531
E3-Strict-p005,49.6517,215,215,RLPolicy,0,0,0,0,2.99573,1,5.26947,10,10,5.16393,628,0.986374
E3-Strict-p005,49.6535,181,518,RLPolicy,1,1,0.0693154,2.77259,2.99573,6,5.75666,133,142,5.33721,628,0.98514
E3-Strict-p005,49.6545,415,9,RLPolicy,1,1,0.101005,2.77259,2.99573,6,8.55403,256,387,8.13623,628,0.986256
E3-Strict-p005,49.6568,421,122,RLPolicy,1,1,0.101165,2.07944,2.99573,5,8.01302,95,216,7.34505,628,0.987371
E3-Strict-p005,49.6635,170,170,RLPolicy,0,0,0,0,2.99573,1,5.3579,20,20,5.26205,2,0.98749
E3-Strict-p005,49.6645,190,265,RLPolicy,1,1,0.0679264,1.38629,2.99573,4,6.17272,0,137,5.78761,628,0.966814
E3-Strict-p005,49.6715,227,312,RLPolicy,1,1,0.0664191,2.07944,2.99573,5,7.33674,85,202,6.80782,628,0.982601
E3-Strict-p005,49.6731,541,365,RLPolicy,1,1,0.128975,2.07944,2.99573,5,6.09686,117,318,5.57347,628,0.995419
E3-Strict-p005,49.6749,515,515,RLPolicy,0,0,0,0,2.99573,1,5.97989,37,37,5.85945,628,0.998884
E3-Strict-p005,49.6757,83,47,RLPolicy,1,1,0.0526338,2.77259,2.99573,6,7.6136,302,342,7.02503,628,0.956535
E3-Strict-p005,49.6794,203,203,RLPolicy,0,0,0,0,2.99573,1,5.67395,78,78,5.57154,628,0.99053
E3-Strict-p005,49.68,397,139,RLPolicy,1,1,0.113862,2.77259,2.99573,6,6.0044,305,343,5.6032,628,0.993187
E3-Strict-p005,49.6803,60,60,RLPolicy,0,0,0,0,2.99573,1,5.40493,60,60,5.33669,628,0.967982
E3-Strict-p005,49.686,482,288,RLPolicy,1,1,0.11163,2.07944,2.99573,5,6.86784,45,277,6.18724,628,0.995419
E3-Strict-p005,49.6869,35,566,RLPolicy,1,1,0.0419391,2.16183,2.99573,6,8.30222,136,398,7.59172,628,0.952832
E3-Strict-p005,49.6898,550,550,RLPolicy,0,0,0,0,2.99573,1,6.51359,16,16,6.41918,628,1
E3-Strict-p005,49.6932,249,249,RLPolicy,0,0,0,0,2.99573,1,5.17992,27,27,5.1129,628,0.98749
E3-Strict-p005,49.6961,488,488,RLPolicy,0,0,0,0,2.99573,1,5.87805,37,37,5.79774,628,0.996227
E3-Strict-p005,49.6973,134,187,RLPolicy,1,1,0.00606104,2.77259,2.99573,6,5.27329,114,122,5.0317,628,0.980558
E3-Strict-p005,49.7002,139,139,RLPolicy,0,0,0,0,2.99573,1,9.92382,58,58,9.84653,628,0.986374
E3-Strict-p005,49.7018,11,227,RLPolicy,1,1,0.0354653,2.16183,2.99573,6,6.36505,72,201,5.73829,628,0.972886
E3-Strict-p005,49.7058,317,317,RLPolicy,0,0,0,0,2.99573,1,5.40865,93,93,5.31859,628,0.998884
E3-Strict-p005,49.7059,244,244,RLPolicy,0,0,0,0,2.99573,1,5.7401,69,69,5.65673,628,0.981674
E3-Strict-p005,49.7059,213,445,RLPolicy,1,1,0.0778388,2.77259,2.99573,6,7.55554,233,246,7.25206,628,0.975244
E3-Strict-p005,49.7089,521,55,RLPolicy,1,1,0.125885,2.07944,2.99573,5,5.71985,18,236,5.16721,628,0.994303
E3-Strict-p005,49.7128,349,81,RLPolicy,1,1,0.0826335,1.38629,2.99573,4,7.3235,0,160,6.92689,628,0.976889
E3-Strict-p005,49.7129,447,275,RLPolicy,1,1,0.121993,2.77259,2.99573,6,5.3429,112,298,4.9538,628,0.989721
E3-Strict-p005,49.7149,470,470,RLPolicy,0,0,0,0,2.99573,1,4.20144,19,19,4.15609,628,0.99868
E3-Strict-p005,49.723,150,540,RLPolicy,1,1,0.0630357,2.77259,2.99573,6,9.77558,231,303,9.34056,628,0.982908
E3-Strict-p005,49.7244,169,169,RLPolicy,0,0,0,0,2.99573,1,5.33514,98,98,5.2726,628,0.979017
E3-Strict-p005,49.7316,218,213,RLPolicy,1,1,0.0685659,2.77259,2.99573,6,8.02448,61,297,7.2034,628,0.980796
E3-Strict-p005,49.733,116,273,RLPolicy,1,1,0.0562552,2.77259,2.99573,6,5.66975,75,420,5.112,628,0.969164
E3-Strict-p005,49.7398,27,27,RLPolicy,0,0,0,0,2.99573,1,5.57046,72,72,5.49444,628,0.945556
E3-Strict-p005,49.7446,437,333,RLPolicy,1,1,0.106753,2.07944,2.99573,5,10.7492,77,327,10.1249,628,0.993187
E3-Strict-p005,49.7462,219,365,RLPolicy,1,1,0.0719958,2.77259,2.99573,6,5.19773,291,307,4.91493,628,0.982946
E3-Strict-p005,49.7536,333,508,RLPolicy,1,1,0.0886354,2.77259,2.99573,6,6.32954,309,317,5.96094,628,0.980251
E3-Strict-p005,49.7551,414,414,RLPolicy,0,0,0,0,2.99573,1,7.49637,79,79,7.38545,628,0.998884
E3-Strict-p005,49.7555,330,330,RLPolicy,0,0,0,0,2.99573,1,5.56699,32,32,5.48397,628,0.989721
E3-Strict-p005,49.7559,319,319,RLPolicy,0,0,0,0,2.99573,1,4.7799,53,53,4.68606,5,0.991953
E3-Strict-p005,49.7595,295,295,RLPolicy,0,0,0,0,2.99573,1,9.73235,93,93,9.61968,628,0.973627
E3-Strict-p005,49.7615,220,337,RLPolicy,1,1,0.0708635,1.38629,2.99573,4,6.83741,0,105,6.44049,628,0.974861
E3-Strict-p005,49.767,224,518,RLPolicy,1,1,0.0701992,2.77259,2.99573,6,6.05489,185,310,5.6793,628,0.978446
E3-Strict-p005,49.7683,73,92,RLPolicy,1,1,0.00605194,2.77259,2.99573,6,7.70367,256,273,7.31107,628,0.966933
E3-Strict-p005,49.7693,82,11,RLPolicy,1,1,0.00606688,2.77259,2.99573,6,7.27621,273,286,6.86928,628,0.983027
E3-Strict-p005,49.774,152,251,RLPolicy,1,1,0.0659313,2.77259,2.99573,6,6.7752,245,281,6.38341,628,0.976096
E3-Strict-p005,49.7817,519,274,RLPolicy,1,1,0.12041,2.07944,2.99573,5,6.6137,99,216,6.10519,628,0.995419
E3-Strict-p005,49.7834,296,296,RLPolicy,0,0,0,0,2.99573,1,6.73105,66,66,6.61533,628,0.992071
E3-Strict-p005,49.7851,340,340,RLPolicy,0,0,0,0,2.99573,1,5.97757,72,72,5.7089,628,0.984024
E3-Strict-p005,49.787,446,38,RLPolicy,1,1,0.105669,2.07944,2.99573,5,8.03165,91,259,7.37026,628,0.98749
E3-Strict-p005,49.7905,223,323,RLPolicy,1,1,0.0794276,2.77259,2.99573,6,6.82253,215,239,6.46927,628,0.992071
E3-Strict-p005,49.793,401,449,RLPolicy,1,1,0.0985,2.77259,2.99573,6,5.70473,210,218,5.43682,628,0.986374
E3-Strict-p005,49.7957,405,472,RLPolicy,1,1,0.0989124,2.77259,2.99573,6,6.09256,111,330,5.48108,628,0.997769
E3-Strict-p005,49.8005,453,453,RLPolicy,0,0,0,0,2.99573,1,4.80439,33,33,4.73697,630,0.997769
E3-Strict-p005,49.8064,211,343,RLPolicy,1,1,0.0782798,2.77259,2.99573,6,7.85535,119,354,7.18102,630,0.97871
E3-Strict-p005,49.8082,313,477,RLPolicy,1,1,0.0835672,2.77259,2.99573,6,7.06407,86,406,6.30921,630,0.982908
E3-Strict-p005,49.8195,512,512,RLPolicy,0,0,0,0,2.99573,1,5.03963,16,16,4.9585,630,0.991953
E3-Strict-p005,49.8227,94,93,RLPolicy,1,1,0.0540965,2.61844,2.99573,6,12.4706,278,290,11.9418,630,0.953452
E3-Strict-p005,49.823,518,446,RLPolicy,1,1,0.122499,2.07944,2.99573,5,5.96484,95,239,5.38545,630,0.995419
E3-Strict-p005,49.8236,5,5,RLPolicy,0,0,0,0,2.99573,1,4.51914,71,71,4.4306,2,0.983613
E3-Strict-p005,49.8249,113,608,RLPolicy,1,1,0.0529044,2.77259,2.99573,6,6.6817,196,225,6.37894,630,0.961963
E3-Strict-p005,49.8317,198,491,RLPolicy,1,1,0.0630102,1.38629,2.99573,4,5.58445,0,127,5.2,630,0.981022
E3-Strict-p005,49.8346,92,92,RLPolicy,0,0,0,0,2.99573,1,9.23933,38,38,9.13401,630,0.994303
E3-Strict-p005,49.8457,129,129,RLPolicy,0,0,0,0,2.99573,1,5.75903,32,32,5.66627,630,0.983636
E3-Strict-p005,49.8562,22,22,RLPolicy,0,0,0,0,2.99573,1,5.90163,54,54,5.79659,630,0.96704
E3-Strict-p005,49.8591,381,191,RLPolicy,1,1,0.0951603,2.77259,2.99573,6,8.02045,105,278,7.37748,630,0.992071
E3-Strict-p005,49.8632,34,257,RLPolicy,1,1,0.0420992,2.77259,2.99573,6,8.13103,55,371,7.29593,630,0.962976
E3-Strict-p005,49.874,292,292,RLPolicy,0,0,0,0,2.99573,1,6.61337,74,74,6.47305,630,0.998884
E3-Strict-p005,49.8742,230,230,RLPolicy,0,0,0,0,2.99573,1,5.82034,14,14,5.65635,630,1
E3-Strict-p005,49.8745,365,605,RLPolicy,1,1,0.0891887,1.92529,2.99573,5,6.80968,7,218,6.15392,630,0.988298
E3-Strict-p005,49.8759,157,528,RLPolicy,1,1,0.0554224,2.77259,2.99573,6,7.81807,154,254,7.22215,630,0.95418
E3-Strict-p005,49.8791,58,58,RLPolicy,0,0,0,0,2.99573,1,5.18922,93,93,5.09683,2,0.971104
E3-Strict-p005,49.8912,463,546,RLPolicy,1,1,0.111409,2.07944,2.99573,5,6.38733,97,259,5.88589,630,0.986256
E3-Strict-p005,49.8985,431,431,RLPolicy,0,0,0,0,2.99573,1,6.44616,12,12,6.30421,630,0.989721
E3-Strict-p005,49.9059,136,440,RLPolicy,1,1,0.064558,2.77259,2.99573,6,7.19232,248,300,6.68375,630,0.95072
E3-Strict-p005,49.909,445,284,RLPolicy,1,1,0.108792,2.77259,2.99573,6,11.0452,158,299,10.4645,630,0.995537
E3-Strict-p005,49.9116,371,371,RLPolicy,0,0,0,0,2.99573,1,7.04818,36,36,6.93841,630,0.996227
E3-Strict-p005,49.9126,490,490,RLPolicy,0,0,0,0,2.99573,1,6.29401,19,19,6.187,630,0.995419
E3-Strict-p005,49.9171,236,416,RLPolicy,1,1,0.0603528,2.77259,2.99573,6,7.81863,125,436,7.1752,630,0.980677
E3-Strict-p005,49.9192,485,501,RLPolicy,1,1,0.114958,2.77259,2.99573,6,5.70048,217,279,5.35438,630,0.996653
E3-Strict-p005,49.9239,372,268,RLPolicy,1,1,0.0883011,2.07944,2.99573,5,6.95325,66,288,6.27335,630,0.977093
E3-Strict-p005,49.9265,104,60,RLPolicy,1,1,0.0419945,2.77259,2.99573,6,8.08695,99,414,7.48226,630,0.988681
E3-Strict-p005,49.9274,524,524,RLPolicy,0,0,0,0,2.99573,1,4.59054,22,22,4.5337,630,1
E3-Strict-p005,49.928,438,438,RLPolicy,0,0,0,0,2.99573,1,4.05106,4,4,4.0058,630,0.997769
E3-Strict-p005,49.9325,537,254,RLPolicy,1,1,0.125919,2.77259,2.99573,6,10.7863,284,322,10.254,630,0.998884
E3-Strict-p005,49.9334,423,36,RLPolicy,1,1,0.105239,2.77259,2.99573,6,7.92223,126,249,7.42191,630,0.990956
E3-Strict-p005,49.9338,450,510,RLPolicy,1,1,0.106124,2.07944,2.99573,5,6.90658,62,181,6.42958,630,0.993187
E3-Strict-p005,49.9354,469,485,RLPolicy,1,1,0.117229,2.61844,2.99573,6,5.4537,283,303,5.0313,630,0.996998
E3-Strict-p005,49.9444,491,303,RLPolicy,1,1,0.118905,2.46429,2.99573,6,7.79899,153,180,7.10303,630,0.997343
E3-Strict-p005,49.9609,159,159,RLPolicy,0,0,0,0,2.99573,1,6.34014,34,34,6.25703,630,0.988606
E3-Strict-p005,49.9629,246,119,RLPolicy,1,1,0.0821997,2.77259,2.99573,6,5.62017,292,318,5.19182,630,0.981793
E3-Strict-p005,49.963,385,207,RLPolicy,1,1,0.09606,2.77259,2.99573,6,6.03206,185,233,5.65409,630,0.993187
E3-Strict-p005,49.9678,546,147,RLPolicy,1,1,0.13904,2.77259,2.99573,6,7.02468,126,366,6.29949,630,0.998884
E3-Strict-p005,49.9697,380,380,RLPolicy,0,0,0,0,2.99573,1,6.56319,22,22,6.45399,630,0.990837
E3-Strict-p005,49.9703,531,295,RLPolicy,1,1,0.124347,2.61844,2.99573,6,5.52498,140,256,5.18098,630,0.996227
E3-Strict-p005,49.9719,41,575,RLPolicy,1,1,0.047009,2.85497,2.99573,7,8.67214,284,415,7.8563,630,0.95096
E3-Strict-p005,49.9759,424,254,RLPolicy,1,1,0.101505,2.07944,2.99573,5,6.66936,119,300,6.11947,630,0.980558
E3-Strict-p005,49.9781,497,347,RLPolicy,1,1,0.132574,2.77259,2.99573,6,7.703,279,295,7.20623,630,0.996653
E3-Strict-p005,49.9815,69,112,RLPolicy,1,1,0.0495102,2.77259,2.99573,6,6.27016,172,354,5.62237,630,0.95777
E3-Strict-p005,49.9821,42,42,RLPolicy,0,0,0,0,2.99573,1,7.43958,23,23,7.33973,630,0.978828
E3-Strict-p005,49.9881,239,239,RLPolicy,0,0,0,0,2.99573,1,6.42863,36,36,6.31964,630,0.990956
E3-Strict-p005,49.9924,199,199,RLPolicy,0,0,0,0,2.99573,1,5.65989,78,78,5.57371,630,0.988606
E3-Strict-p005,49.9984,510,510,RLPolicy,0,0,0,0,2.99573,1,6.41901,91,91,6.33188,630,0.995419
