configName,simTime,src,dst,policyMode,reachable,feasible,totalDelay,totalTrustCost,budget,hops,computeTimeMs,pipMasked,pipCandidates,pipDijkstraMs,pipNodesExpanded,lambda
E3-PPOLag-p003,11.06,3,86,RLPolicy,1,0,0.0295776,5.0168,3.50656,11,0.047321,0,0,0,0,1.00755
E3-PPOLag-p003,11.3471,1,49,RLPolicy,0,0,0.0237685,2.46721,3.50656,5,0.041106,0,0,0,0,1
E3-PPOLag-p003,11.5304,0,68,RLPolicy,0,0,0.0456561,12.6414,3.50656,21,0.206337,0,0,0,0,1
E3-PPOLag-p003,11.8236,5,103,RLPolicy,0,0,0.0534032,12.6414,3.50656,21,0.14872,0,0,0,0,1
E3-PPOLag-p003,12.0273,2,61,RLPolicy,0,0,0.0527937,12.6414,3.50656,21,0.129772,0,0,0,0,1
E3-PPOLag-p003,12.0348,4,68,RLPolicy,0,0,0.0492255,12.6414,3.50656,21,0.272812,0,0,0,0,1
E3-PPOLag-p003,12.5044,6,101,RLPolicy,0,0,0.0481571,12.0307,3.50656,21,0.139112,0,0,0,0,1
E3-PPOLag-p003,12.8287,9,113,RLPolicy,0,0,0.0477328,9.86883,3.50656,17,0.12238,0,0,0,0,1
E3-PPOLag-p003,13.06,3,117,RLPolicy,0,0,0.041436,12.0307,3.50656,21,0.089833,0,0,0,0,1.00755
E3-PPOLag-p003,13.1394,12,74,RLPolicy,0,0,0.0106905,5.62756,3.50656,10,0.092685,0,0,0,0,1
E3-PPOLag-p003,13.3471,1,49,RLPolicy,0,0,0.0237713,2.46721,3.50656,5,0.012927,0,0,0,0,1
E3-PPOLag-p003,13.3654,7,58,RLPolicy,0,0,0.0538127,12.6414,3.50656,21,0.150428,0,0,0,0,1
E3-PPOLag-p003,13.3911,8,90,RLPolicy,0,0,0.0540093,12.6414,3.50656,21,0.152599,0,0,0,0,1
E3-PPOLag-p003,13.5304,0,90,RLPolicy,0,0,0.0456485,12.6414,3.50656,21,0.094413,0,0,0,0,1
E3-PPOLag-p003,13.7018,11,54,RLPolicy,0,0,0.0258144,1.38629,3.50656,3,0.034593,0,0,0,0,1
E3-PPOLag-p003,13.8236,5,56,RLPolicy,0,0,0.0533866,12.6414,3.50656,21,0.119021,0,0,0,0,1
E3-PPOLag-p003,14.0191,10,49,RLPolicy,0,0,0.0431695,2.46721,3.50656,5,0.046006,0,0,0,0,1
E3-PPOLag-p003,14.0273,2,28,RLPolicy,0,0,0.0527473,12.6414,3.50656,21,0.231846,0,0,0,0,1
E3-PPOLag-p003,14.0348,4,103,RLPolicy,0,0,0.0492293,12.6414,3.50656,21,0.13224,0,0,0,0,1
E3-PPOLag-p003,14.4809,18,139,RLPolicy,0,0,0.0504209,12.336,3.50656,21,0.384052,0,0,0,0,1
E3-PPOLag-p003,14.5044,6,15,RLPolicy,1,0,0.0375086,5.40456,3.50656,12,0.062095,0,0,0,0,1.00949
E3-PPOLag-p003,14.6026,13,129,RLPolicy,0,0,0.0559218,12.9468,3.50656,21,0.138825,0,0,0,0,1
E3-PPOLag-p003,14.7076,15,113,RLPolicy,0,0,0.0450726,5.70995,3.50656,11,0.106114,0,0,0,0,1
E3-PPOLag-p003,14.8131,14,132,RLPolicy,0,0,0.0248409,1.38629,3.50656,3,0.028672,0,0,0,0,1
E3-PPOLag-p003,14.8149,16,150,RLPolicy,0,0,0.046181,10.562,3.50656,18,0.164964,0,0,0,0,1
E3-PPOLag-p003,14.8287,9,113,RLPolicy,0,0,0.0107252,5.62756,3.50656,10,0.042239,0,0,0,0,1
E3-PPOLag-p003,15.0587,20,43,RLPolicy,0,0,0.0473457,12.9468,3.50656,21,0.207641,0,0,0,0,1
E3-PPOLag-p003,15.06,3,51,RLPolicy,1,0,0.0339049,6.09771,3.50656,13,0.125041,0,0,0,0,1.02051
E3-PPOLag-p003,15.0602,19,88,RLPolicy,0,0,0.0470909,10.785,3.50656,17,0.181759,0,0,0,0,1
E3-PPOLag-p003,15.1394,12,77,RLPolicy,0,0,0.0237854,12.6414,3.50656,21,0.110124,0,0,0,0,1
E3-PPOLag-p003,15.3471,1,49,RLPolicy,0,0,0.0249381,2.46721,3.50656,5,0.044885,0,0,0,0,1
E3-PPOLag-p003,15.3654,7,113,RLPolicy,0,0,0.0419383,6.01533,3.50656,11,0.115855,0,0,0,0,1
E3-PPOLag-p003,15.3911,8,154,RLPolicy,0,0,0.0539985,13.2522,3.50656,21,0.169938,0,0,0,0,1
E3-PPOLag-p003,15.416,17,150,RLPolicy,0,0,0.0515272,11.2551,3.50656,19,0.23901,0,0,0,0,1
E3-PPOLag-p003,15.5304,0,139,RLPolicy,0,0,0.0506926,12.6414,3.50656,21,0.166807,0,0,0,0,1
E3-PPOLag-p003,15.7018,11,26,RLPolicy,0,0,0.00355322,2.07944,3.50656,4,0.01817,0,0,0,0,1
E3-PPOLag-p003,15.7398,27,82,RLPolicy,0,0,0.0499892,12.9468,3.50656,21,0.27336,0,0,0,0,1
E3-PPOLag-p003,15.8236,5,28,RLPolicy,0,0,0.0533941,12.9468,3.50656,21,0.178561,0,0,0,0,1
E3-PPOLag-p003,15.8562,22,74,RLPolicy,0,0,0.0237424,13.2522,3.50656,21,0.5554,0,0,0,0,1
E3-PPOLag-p003,16.0119,30,153,RLPolicy,0,0,0.0618265,13.2522,3.50656,21,0.153446,0,0,0,0,1
E3-PPOLag-p003,16.0153,21,167,RLPolicy,0,0,0.0567493,12.9468,3.50656,21,0.312638,0,0,0,0,1
E3-PPOLag-p003,16.0171,24,152,RLPolicy,0,0,0.036804,6.62609,3.50656,11,0.133529,0,0,0,0,1
E3-PPOLag-p003,16.0191,10,49,RLPolicy,0,0,0.0443601,3.16035,3.50656,6,0.030596,0,0,0,0,1
E3-PPOLag-p003,16.0273,2,68,RLPolicy,0,0,0.0516375,11.9483,3.50656,20,0.200277,0,0,0,0,1
E3-PPOLag-p003,16.0348,4,59,RLPolicy,0,0,0.0510451,12.6414,3.50656,21,0.192311,0,0,0,0,1
E3-PPOLag-p003,16.0396,29,0,RLPolicy,0,0,0.0547797,12.8237,3.50656,21,0.376108,0,0,0,0,1
E3-PPOLag-p003,16.1834,31,154,RLPolicy,0,0,0.0213497,12.4766,3.50656,19,0.173603,0,0,0,0,1
E3-PPOLag-p003,16.2109,33,17,RLPolicy,1,0,0.010702,5.2398,3.50656,10,0.23875,0,0,0,0,1.00867
E3-PPOLag-p003,16.3245,23,88,RLPolicy,0,0,0.0467939,12.1713,3.50656,19,0.151286,0,0,0,0,1
E3-PPOLag-p003,16.3419,32,115,RLPolicy,0,0,0.0607797,12.6414,3.50656,21,0.209903,0,0,0,0,1
E3-PPOLag-p003,16.3441,37,49,RLPolicy,0,0,0.0222487,3.64806,3.50656,6,0.062226,0,0,0,0,1
E3-PPOLag-p003,16.4532,28,5,RLPolicy,0,0,0.0580986,12.336,3.50656,21,0.262801,0,0,0,0,1
E3-PPOLag-p003,16.4809,18,5,RLPolicy,0,0,0.0504089,12.336,3.50656,21,0.159174,0,0,0,0,1
E3-PPOLag-p003,16.5044,6,116,RLPolicy,0,0,0.0434313,12.0307,3.50656,21,0.19952,0,0,0,0,1.00949
E3-PPOLag-p003,16.6026,13,117,RLPolicy,0,0,0.055914,12.9468,3.50656,21,0.102301,0,0,0,0,1
E3-PPOLag-p003,16.7076,15,85,RLPolicy,0,0,0.00357498,2.07944,3.50656,4,0.037207,0,0,0,0,1
E3-PPOLag-p003,16.71,36,138,RLPolicy,0,0,0.0598286,13.2522,3.50656,21,0.173788,0,0,0,0,1
E3-PPOLag-p003,16.8131,14,92,RLPolicy,0,0,0.0035556,2.07944,3.50656,4,0.049706,0,0,0,0,1
E3-PPOLag-p003,16.8149,16,0,RLPolicy,0,0,0.0496943,12.8237,3.50656,21,0.131624,0,0,0,0,1
E3-PPOLag-p003,16.8287,9,86,RLPolicy,0,0,0.0237935,12.6414,3.50656,21,0.262835,0,0,0,0,1
E3-PPOLag-p003,16.8439,26,11,RLPolicy,0,0,0.0293663,2.07944,3.50656,4,0.049377,0,0,0,0,1
E3-PPOLag-p003,17.0587,20,41,RLPolicy,0,0,0.0473448,12.9468,3.50656,21,0.155128,0,0,0,0,1
E3-PPOLag-p003,17.06,3,137,RLPolicy,0,0,0.0433935,12.0307,3.50656,21,0.125755,0,0,0,0,1.02051
E3-PPOLag-p003,17.0602,19,63,RLPolicy,0,0,0.0518334,13.5576,3.50656,21,0.09296,0,0,0,0,1
E3-PPOLag-p003,17.1394,12,75,RLPolicy,0,0,0.0237834,12.6414,3.50656,21,0.218174,0,0,0,0,1
E3-PPOLag-p003,17.1626,25,122,RLPolicy,0,0,0.0530692,12.9468,3.50656,21,0.284502,0,0,0,0,1
E3-PPOLag-p003,17.2315,38,76,RLPolicy,0,0,0.0237507,12.336,3.50656,21,0.232576,0,0,0,0,1
E3-PPOLag-p003,17.2636,39,184,RLPolicy,0,0,0.0608327,13.2522,3.50656,21,0.19701,0,0,0,0,1
E3-PPOLag-p003,17.3471,1,49,RLPolicy,0,0,0.0261288,3.16035,3.50656,6,0.020717,0,0,0,0,1
E3-PPOLag-p003,17.3654,7,76,RLPolicy,1,0,0.0391208,3.93589,3.50656,9,0.112658,0,0,0,0,1.00215
E3-PPOLag-p003,17.3911,8,62,RLPolicy,0,0,0.0540784,13.2522,3.50656,21,0.220675,0,0,0,0,1
E3-PPOLag-p003,17.416,17,46,RLPolicy,0,0,0.053855,12.6414,3.50656,21,0.125027,0,0,0,0,1
E3-PPOLag-p003,17.5226,44,99,RLPolicy,0,0,0.0561402,12.9468,3.50656,21,0.26148,0,0,0,0,1
E3-PPOLag-p003,17.5304,0,139,RLPolicy,0,0,0.0506766,12.6414,3.50656,21,0.142009,0,0,0,0,1
E3-PPOLag-p003,17.6869,35,78,RLPolicy,0,0,0.059346,12.6414,3.50656,21,0.263769,0,0,0,0,1
E3-PPOLag-p003,17.7018,11,192,RLPolicy,0,0,0.0252381,2.77259,3.50656,5,0.042239,0,0,0,0,1
E3-PPOLag-p003,17.7398,27,73,RLPolicy,0,0,0.0499849,12.9468,3.50656,21,0.162304,0,0,0,0,1
E3-PPOLag-p003,17.8236,5,29,RLPolicy,0,0,0.0533601,12.9468,3.50656,21,0.171858,0,0,0,0,1
E3-PPOLag-p003,17.8562,22,86,RLPolicy,0,0,0.0236887,13.8629,3.50656,21,0.130964,0,0,0,0,1
E3-PPOLag-p003,17.8632,34,52,RLPolicy,0,0,0.0499788,12.6414,3.50656,21,0.277319,0,0,0,0,1
E3-PPOLag-p003,17.9719,41,115,RLPolicy,0,0,0.045929,12.6414,3.50656,21,0.361989,0,0,0,0,1
E3-PPOLag-p003,17.9821,42,9,RLPolicy,0,0,0.023705,13.2522,3.50656,21,0.201922,0,0,0,0,1
E3-PPOLag-p003,18.0119,30,178,RLPolicy,0,0,0.0558555,10.0918,3.50656,16,0.071644,0,0,0,0,1
E3-PPOLag-p003,18.0153,21,128,RLPolicy,0,0,0.0567462,12.9468,3.50656,21,0.164019,0,0,0,0,1
E3-PPOLag-p003,18.0171,24,178,RLPolicy,0,0,0.0427066,10.0918,3.50656,16,0.058421,0,0,0,0,1
E3-PPOLag-p003,18.0191,10,49,RLPolicy,0,0,0.0433752,3.16035,3.50656,6,0.074153,0,0,0,0,1
E3-PPOLag-p003,18.0273,2,140,RLPolicy,0,0,0.0528277,12.6414,3.50656,21,0.1606,0,0,0,0,1
E3-PPOLag-p003,18.0348,4,183,RLPolicy,0,0,0.0510339,12.6414,3.50656,21,0.141475,0,0,0,0,1
E3-PPOLag-p003,18.0396,29,166,RLPolicy,0,0,0.0547958,12.6414,3.50656,21,0.149801,0,0,0,0,1
E3-PPOLag-p003,18.1834,31,163,RLPolicy,0,0,0.0236982,13.8629,3.50656,21,0.147559,0,0,0,0,1
E3-PPOLag-p003,18.2109,33,5,RLPolicy,0,0,0.0588814,12.9468,3.50656,21,0.184352,0,0,0,0,1.00867
E3-PPOLag-p003,18.3245,23,102,RLPolicy,0,0,0.0491688,13.5576,3.50656,21,0.09835,0,0,0,0,1
E3-PPOLag-p003,18.3419,32,82,RLPolicy,0,0,0.0607826,12.6414,3.50656,21,0.215019,0,0,0,0,1
E3-PPOLag-p003,18.3441,37,10,RLPolicy,0,0,0.0198521,2.26176,3.50656,4,0.01052,0,0,0,0,1
E3-PPOLag-p003,18.4532,28,162,RLPolicy,0,0,0.0238155,12.336,3.50656,21,0.164811,0,0,0,0,1
E3-PPOLag-p003,18.4809,18,53,RLPolicy,0,0,0.0541682,12.336,3.50656,21,0.218834,0,0,0,0,1
E3-PPOLag-p003,18.5044,6,101,RLPolicy,0,0,0.0433868,12.336,3.50656,21,0.129903,0,0,0,0,1.00949
E3-PPOLag-p003,18.602,47,72,RLPolicy,0,0,0.0201928,11.4781,3.50656,18,0.251419,0,0,0,0,1
E3-PPOLag-p003,18.6026,13,15,RLPolicy,0,0,0.0549802,12.9468,3.50656,21,0.208408,0,0,0,0,1
E3-PPOLag-p003,18.7076,15,85,RLPolicy,0,0,0.00356902,2.07944,3.50656,4,0.056719,0,0,0,0,1
E3-PPOLag-p003,18.71,36,125,RLPolicy,0,0,0.0601782,13.2522,3.50656,21,0.213394,0,0,0,0,1
E3-PPOLag-p003,18.7786,51,36,RLPolicy,0,0,0.0237043,13.8629,3.50656,21,0.219889,0,0,0,0,1
E3-PPOLag-p003,18.8131,14,30,RLPolicy,0,0,0.03384,13.3521,3.50656,20,0.163992,0,0,0,0,1
E3-PPOLag-p003,18.8149,16,124,RLPolicy,0,0,0.0523424,12.336,3.50656,21,0.28156,0,0,0,0,1
E3-PPOLag-p003,18.8287,9,39,RLPolicy,0,0,0.0237527,12.9468,3.50656,21,0.146418,0,0,0,0,1
E3-PPOLag-p003,18.8439,26,11,RLPolicy,0,0,0.00473704,2.77259,3.50656,5,0.016298,0,0,0,0,1
E3-PPOLag-p003,18.8776,62,5,RLPolicy,0,0,0.0237041,13.8629,3.50656,21,0.363933,0,0,0,0,1
E3-PPOLag-p003,18.9654,40,151,RLPolicy,0,0,0.0237155,12.9468,3.50656,21,0.302198,0,0,0,0,1
E3-PPOLag-p003,18.9679,56,93,RLPolicy,0,0,0.0236906,13.8629,3.50656,21,0.317873,0,0,0,0,1
E3-PPOLag-p003,19.0587,20,128,RLPolicy,0,0,0.0429682,12.9468,3.50656,21,0.306861,0,0,0,0,1
E3-PPOLag-p003,19.06,3,106,RLPolicy,0,0,0.0389186,12.336,3.50656,21,0.236112,0,0,0,0,1.02051
E3-PPOLag-p003,19.0602,19,171,RLPolicy,0,0,0.0527335,13.5576,3.50656,21,0.275501,0,0,0,0,1
E3-PPOLag-p003,19.0895,45,120,RLPolicy,0,0,0.0372057,1.38629,3.50656,3,0.035828,0,0,0,0,1
E3-PPOLag-p003,19.0993,46,193,RLPolicy,1,1,0.00238949,0.693147,3.50656,3,0.103656,0,0,0,0,0.985933
E3-PPOLag-p003,19.1136,43,83,RLPolicy,0,0,0.0237381,12.6414,3.50656,21,0.269022,0,0,0,0,1
E3-PPOLag-p003,19.1394,12,197,RLPolicy,0,0,0.0237508,12.9468,3.50656,21,0.157289,0,0,0,0,1
E3-PPOLag-p003,19.1454,63,113,RLPolicy,0,0,0.0237473,13.5576,3.50656,21,0.265693,0,0,0,0,1
E3-PPOLag-p003,19.1626,25,128,RLPolicy,0,0,0.0530698,12.9468,3.50656,21,0.241011,0,0,0,0,1
E3-PPOLag-p003,19.2259,54,192,RLPolicy,0,0,0.0348057,2.77259,3.50656,5,0.04987,0,0,0,0,1
E3-PPOLag-p003,19.2315,38,50,RLPolicy,0,0,0.0237469,12.336,3.50656,21,0.188233,0,0,0,0,1
E3-PPOLag-p003,19.237,66,32,RLPolicy,1,0,0.0178471,9.70406,3.50656,16,0.193843,0,0,0,0,1.03099
E3-PPOLag-p003,19.242,50,172,RLPolicy,0,0,0.0236808,13.8629,3.50656,21,0.279628,0,0,0,0,1
E3-PPOLag-p003,19.2423,52,172,RLPolicy,0,0,0.0236814,13.8629,3.50656,21,0.345447,0,0,0,0,1
E3-PPOLag-p003,19.2636,39,85,RLPolicy,0,0,0.0465966,5.2398,3.50656,9,0.068128,0,0,0,0,1
E3-PPOLag-p003,19.2872,59,5,RLPolicy,0,0,0.0236881,13.8629,3.50656,21,0.279931,0,0,0,0,1
E3-PPOLag-p003,19.3116,49,10,RLPolicy,0,0,0.0398999,3.64806,3.50656,6,0.059546,0,0,0,0,1
E3-PPOLag-p003,19.317,68,72,RLPolicy,0,0,0.017797,10.3972,3.50656,16,0.210214,0,0,0,0,1
E3-PPOLag-p003,19.3471,1,49,RLPolicy,0,0,0.0265671,3.16035,3.50656,6,0.045832,0,0,0,0,1
E3-PPOLag-p003,19.3654,7,36,RLPolicy,0,0,0.0532965,12.9468,3.50656,21,0.141683,0,0,0,0,1.00215
E3-PPOLag-p003,19.3911,8,155,RLPolicy,0,0,0.0540701,13.2522,3.50656,21,0.147803,0,0,0,0,1
E3-PPOLag-p003,19.416,17,124,RLPolicy,0,0,0.0544051,12.336,3.50656,21,0.25743,0,0,0,0,1
E3-PPOLag-p003,19.4255,67,112,RLPolicy,0,0,0.0237043,13.8629,3.50656,21,0.431971,0,0,0,0,1
E3-PPOLag-p003,19.4602,65,117,RLPolicy,0,0,0.0236845,13.8629,3.50656,21,0.250611,0,0,0,0,1
E3-PPOLag-p003,19.4684,61,100,RLPolicy,0,0,0.0236902,13.8629,3.50656,21,0.452314,0,0,0,0,1
E3-PPOLag-p003,19.4817,48,220,RLPolicy,0,0,0.0236963,13.8629,3.50656,21,0.219982,0,0,0,0,1
E3-PPOLag-p003,19.5034,55,70,RLPolicy,0,0,0.0237116,13.8629,3.50656,21,0.201471,0,0,0,0,1
E3-PPOLag-p003,19.5147,53,144,RLPolicy,0,0,0.0237124,13.8629,3.50656,21,0.267143,0,0,0,0,1
E3-PPOLag-p003,19.5226,44,46,RLPolicy,0,0,0.0561508,12.6414,3.50656,21,0.201801,0,0,0,0,1
E3-PPOLag-p003,19.5304,0,183,RLPolicy,0,0,0.0506828,12.6414,3.50656,21,0.281323,0,0,0,0,1
E3-PPOLag-p003,19.6803,60,70,RLPolicy,0,0,0.0237166,13.8629,3.50656,21,0.40052,0,0,0,0,1
E3-PPOLag-p003,19.6869,35,191,RLPolicy,0,0,0.0593266,12.9468,3.50656,21,0.249009,0,0,0,0,1
E3-PPOLag-p003,19.7018,11,192,RLPolicy,0,0,0.0252381,2.77259,3.50656,5,0.02272,0,0,0,0,1
E3-PPOLag-p003,19.7398,27,73,RLPolicy,0,0,0.0504199,12.9468,3.50656,21,0.264024,0,0,0,0,1
E3-PPOLag-p003,19.8236,5,140,RLPolicy,0,0,0.0528518,12.9468,3.50656,21,0.447471,0,0,0,0,1
E3-PPOLag-p003,19.8562,22,107,RLPolicy,0,0,0.0237312,13.2522,3.50656,21,0.340958,0,0,0,0,1
E3-PPOLag-p003,19.8632,34,151,RLPolicy,0,0,0.04998,12.6414,3.50656,21,0.243954,0,0,0,0,1
E3-PPOLag-p003,19.8791,58,125,RLPolicy,0,0,0.0652706,13.5576,3.50656,21,0.238464,0,0,0,0,1
E3-PPOLag-p003,19.9719,41,236,RLPolicy,0,0,0.0237534,12.6414,3.50656,21,0.17786,0,0,0,0,1
E3-PPOLag-p003,19.9815,69,23,RLPolicy,0,0,0.0237123,13.8629,3.50656,21,0.249633,0,0,0,0,1
E3-PPOLag-p003,19.9821,42,186,RLPolicy,0,0,0.0612216,13.2522,3.50656,21,0.234854,0,0,0,0,1
E3-PPOLag-p003,20.0119,30,178,RLPolicy,0,0,0.0570057,12.1713,3.50656,19,0.142394,0,0,0,0,1
E3-PPOLag-p003,20.0153,21,115,RLPolicy,0,0,0.056623,12.9468,3.50656,21,0.268865,0,0,0,0,1
E3-PPOLag-p003,20.0171,24,178,RLPolicy,0,0,0.0462422,12.1713,3.50656,19,0.149244,0,0,0,0,1
E3-PPOLag-p003,20.0191,10,49,RLPolicy,0,0,0.0433828,3.16035,3.50656,6,0.024961,0,0,0,0,1
E3-PPOLag-p003,20.0273,2,233,RLPolicy,0,0,0.0538868,12.6414,3.50656,21,0.261549,0,0,0,0,1
E3-PPOLag-p003,20.0348,4,33,RLPolicy,0,0,0.0510383,12.6414,3.50656,21,0.233588,0,0,0,0,1
E3-PPOLag-p003,20.0396,29,124,RLPolicy,0,0,0.0548141,12.336,3.50656,21,0.266838,0,0,0,0,1
E3-PPOLag-p003,20.0519,64,131,RLPolicy,0,0,0.0237009,13.8629,3.50656,21,0.192183,0,0,0,0,1
E3-PPOLag-p003,20.1025,75,186,RLPolicy,0,0,0.0236831,13.8629,3.50656,21,0.358535,0,0,0,0,1
E3-PPOLag-p003,20.1207,57,7,RLPolicy,0,0,0.0237045,13.8629,3.50656,21,0.258139,0,0,0,0,1
E3-PPOLag-p003,20.1834,31,229,RLPolicy,0,0,0.023774,12.336,3.50656,21,0.328462,0,0,0,0,1
E3-PPOLag-p003,20.2109,33,46,RLPolicy,0,0,0.0589397,12.6414,3.50656,21,0.381368,0,0,0,0,1.00867
E3-PPOLag-p003,20.2357,71,10,RLPolicy,0,0,0.0421135,3.64806,3.50656,6,0.051785,0,0,0,0,1
E3-PPOLag-p003,20.2418,70,58,RLPolicy,0,0,0.023687,13.8629,3.50656,21,0.549246,0,0,0,0,1
E3-PPOLag-p003,20.3245,23,89,RLPolicy,1,1,0.00599128,1.55106,3.50656,6,0.154809,0,0,0,0,0.990223
E3-PPOLag-p003,20.3289,77,196,RLPolicy,0,0,0.0236861,13.8629,3.50656,21,0.275588,0,0,0,0,1
E3-PPOLag-p003,20.3412,79,145,RLPolicy,0,0,0.0236975,13.8629,3.50656,21,0.295427,0,0,0,0,1
E3-PPOLag-p003,20.3419,32,84,RLPolicy,0,0,0.0237508,12.6414,3.50656,21,0.472959,0,0,0,0,1
E3-PPOLag-p003,20.3441,37,10,RLPolicy,0,0,0.0197393,2.26176,3.50656,4,0.063501,0,0,0,0,1
E3-PPOLag-p003,20.4532,28,78,RLPolicy,0,0,0.0237708,12.336,3.50656,21,0.264621,0,0,0,0,1
E3-PPOLag-p003,20.4663,72,162,RLPolicy,0,0,0.0464472,13.8629,3.50656,21,0.598841,0,0,0,0,1
E3-PPOLag-p003,20.4809,18,78,RLPolicy,0,0,0.0541269,12.336,3.50656,21,0.261253,0,0,0,0,1
E3-PPOLag-p003,20.5044,6,207,RLPolicy,0,0,0.0425917,12.336,3.50656,21,0.259631,0,0,0,0,1.00949
E3-PPOLag-p003,20.5148,78,72,RLPolicy,0,0,0.0130407,7.62462,3.50656,12,0.2507,0,0,0,0,1
E3-PPOLag-p003,20.602,47,225,RLPolicy,0,0,0.0237263,12.9468,3.50656,21,0.209944,0,0,0,0,1
E3-PPOLag-p003,20.6026,13,196,RLPolicy,0,0,0.054952,13.2522,3.50656,21,0.157347,0,0,0,0,1
E3-PPOLag-p003,20.7076,15,85,RLPolicy,0,0,0.00356726,2.07944,3.50656,4,0.025975,0,0,0,0,1
E3-PPOLag-p003,20.71,36,69,RLPolicy,0,0,0.0599413,13.2522,3.50656,21,0.350515,0,0,0,0,1
E3-PPOLag-p003,20.7786,51,208,RLPolicy,0,0,0.023715,13.8629,3.50656,21,0.145068,0,0,0,0,1
E3-PPOLag-p003,20.7823,88,217,RLPolicy,0,0,0.0237358,13.8629,3.50656,21,0.28078,0,0,0,0,1
E3-PPOLag-p003,20.8131,14,153,RLPolicy,0,0,0.0350111,13.2522,3.50656,21,0.108911,0,0,0,0,1
E3-PPOLag-p003,20.8149,16,72,RLPolicy,0,0,0.0392555,5.62756,3.50656,10,0.088354,0,0,0,0,1
E3-PPOLag-p003,20.8287,9,187,RLPolicy,0,0,0.0237273,13.2522,3.50656,21,0.284912,0,0,0,0,1
E3-PPOLag-p003,20.8439,26,11,RLPolicy,0,0,0.0300692,2.77259,3.50656,5,0.053598,0,0,0,0,1
E3-PPOLag-p003,20.8776,62,2,RLPolicy,0,0,0.0236817,13.8629,3.50656,21,0.184288,0,0,0,0,1
E3-PPOLag-p003,20.9097,80,202,RLPolicy,0,0,0.0236842,13.8629,3.50656,21,0.332486,0,0,0,0,1
E3-PPOLag-p003,20.9654,40,236,RLPolicy,0,0,0.023715,12.9468,3.50656,21,0.192996,0,0,0,0,1
E3-PPOLag-p003,20.9679,56,202,RLPolicy,0,0,0.0236859,13.8629,3.50656,21,0.196919,0,0,0,0,1
E3-PPOLag-p003,21.0587,20,195,RLPolicy,0,0,0.0430221,12.336,3.50656,21,0.208678,0,0,0,0,1
E3-PPOLag-p003,21.06,3,177,RLPolicy,0,0,0.0389087,12.336,3.50656,21,0.170337,0,0,0,0,1.02051
E3-PPOLag-p003,21.0602,19,50,RLPolicy,0,0,0.0527614,12.336,3.50656,21,0.227826,0,0,0,0,1
E3-PPOLag-p003,21.0895,45,230,RLPolicy,0,0,0.00239688,1.38629,3.50656,3,0.008149,0,0,0,0,1
E3-PPOLag-p003,21.0993,46,100,RLPolicy,0,0,0.0237482,12.6414,3.50656,21,0.220339,0,0,0,0,0.985933
E3-PPOLag-p003,21.1136,43,156,RLPolicy,0,0,0.0237388,12.6414,3.50656,21,0.239525,0,0,0,0,1
E3-PPOLag-p003,21.1394,12,204,RLPolicy,0,0,0.0233532,13.8629,3.50656,21,0.350798,0,0,0,0,1
E3-PPOLag-p003,21.1454,63,184,RLPolicy,0,0,0.0237557,13.5576,3.50656,21,0.140231,0,0,0,0,1
E3-PPOLag-p003,21.1508,81,178,RLPolicy,0,0,0.0118662,6.93147,3.50656,11,0.150376,0,0,0,0,1
E3-PPOLag-p003,21.1626,25,195,RLPolicy,0,0,0.0531229,12.336,3.50656,21,0.281503,0,0,0,0,1
E3-PPOLag-p003,21.2053,76,83,RLPolicy,0,0,0.0236799,13.8629,3.50656,21,0.575233,0,0,0,0,1
E3-PPOLag-p003,21.2259,54,192,RLPolicy,0,0,0.0348058,2.77259,3.50656,5,0.013634,0,0,0,0,1
E3-PPOLag-p003,21.2315,38,131,RLPolicy,0,0,0.0236956,13.8629,3.50656,21,0.208076,0,0,0,0,1
E3-PPOLag-p003,21.237,66,201,RLPolicy,0,0,0.0237028,13.8629,3.50656,21,0.191839,0,0,0,0,1.03099
E3-PPOLag-p003,21.242,50,251,RLPolicy,0,0,0.0233532,13.8629,3.50656,21,0.237265,0,0,0,0,1
E3-PPOLag-p003,21.2423,52,40,RLPolicy,1,0,0.013912,7.62462,3.50656,13,0.130673,0,0,0,0,1.02059
E3-PPOLag-p003,21.2636,39,117,RLPolicy,0,0,0.0590997,13.2522,3.50656,21,0.256367,0,0,0,0,1
E3-PPOLag-p003,21.2872,59,2,RLPolicy,0,0,0.0236793,13.8629,3.50656,21,0.281787,0,0,0,0,1
E3-PPOLag-p003,21.3116,49,10,RLPolicy,0,0,0.0399082,3.64806,3.50656,6,0.014704,0,0,0,0,1
E3-PPOLag-p003,21.317,68,144,RLPolicy,0,0,0.0236995,13.8629,3.50656,21,0.185384,0,0,0,0,1
E3-PPOLag-p003,21.3184,86,268,RLPolicy,0,0,0.0237031,13.8629,3.50656,21,0.293641,0,0,0,0,1
E3-PPOLag-p003,21.3471,1,49,RLPolicy,0,0,0.0265753,3.16035,3.50656,6,0.020191,0,0,0,0,1
E3-PPOLag-p003,21.3654,7,21,RLPolicy,1,0,0.0431904,6.01533,3.50656,12,0.232591,0,0,0,0,1.01469
E3-PPOLag-p003,21.3911,8,16,RLPolicy,0,0,0.0536898,12.9468,3.50656,21,0.37765,0,0,0,0,1
E3-PPOLag-p003,21.416,17,72,RLPolicy,0,0,0.0413135,5.62756,3.50656,10,0.075034,0,0,0,0,1
E3-PPOLag-p003,21.4255,67,6,RLPolicy,0,0,0.0236993,13.8629,3.50656,21,0.182087,0,0,0,0,1
E3-PPOLag-p003,21.4553,94,133,RLPolicy,0,0,0.0236927,13.8629,3.50656,21,0.522366,0,0,0,0,1
E3-PPOLag-p003,21.4573,74,133,RLPolicy,0,0,0.0236854,13.8629,3.50656,21,0.294679,0,0,0,0,1
E3-PPOLag-p003,21.4602,65,85,RLPolicy,0,0,0.0106671,6.23832,3.50656,10,0.066167,0,0,0,0,1
E3-PPOLag-p003,21.4684,61,155,RLPolicy,0,0,0.0236855,13.8629,3.50656,21,0.268051,0,0,0,0,1
E3-PPOLag-p003,21.4817,48,126,RLPolicy,0,0,0.02369,13.8629,3.50656,21,0.162979,0,0,0,0,1
E3-PPOLag-p003,21.499,99,62,RLPolicy,0,0,0.0236825,13.8629,3.50656,21,0.484163,0,0,0,0,1
E3-PPOLag-p003,21.5034,55,7,RLPolicy,0,0,0.0237175,13.8629,3.50656,21,0.165918,0,0,0,0,1
E3-PPOLag-p003,21.5143,93,216,RLPolicy,0,0,0.0236841,13.8629,3.50656,21,0.424727,0,0,0,0,1
E3-PPOLag-p003,21.5147,53,269,RLPolicy,0,0,0.0237006,13.8629,3.50656,21,0.178072,0,0,0,0,1
E3-PPOLag-p003,21.5226,44,124,RLPolicy,0,0,0.0560692,12.9468,3.50656,21,0.351538,0,0,0,0,1
E3-PPOLag-p003,21.5304,0,182,RLPolicy,0,0,0.0506416,12.9468,3.50656,21,0.216249,0,0,0,0,1
E3-PPOLag-p003,21.547,91,107,RLPolicy,0,0,0.0236993,13.8629,3.50656,21,0.404096,0,0,0,0,1
E3-PPOLag-p003,21.6516,89,262,RLPolicy,0,0,0.0716881,13.4005,3.50656,21,0.372491,0,0,0,0,1
E3-PPOLag-p003,21.6757,83,251,RLPolicy,0,0,0.023353,13.8629,3.50656,21,0.382922,0,0,0,0,1
E3-PPOLag-p003,21.6803,60,7,RLPolicy,0,0,0.0237238,13.8629,3.50656,21,0.343842,0,0,0,0,1
E3-PPOLag-p003,21.6846,102,257,RLPolicy,0,0,0.0237291,13.8629,3.50656,21,0.320812,0,0,0,0,1
E3-PPOLag-p003,21.6869,35,124,RLPolicy,0,0,0.0597042,12.9468,3.50656,21,0.453025,0,0,0,0,1
E3-PPOLag-p003,21.6944,96,125,RLPolicy,0,0,0.0236839,13.8629,3.50656,21,0.274646,0,0,0,0,1
E3-PPOLag-p003,21.7018,11,192,RLPolicy,0,0,0.025523,2.77259,3.50656,5,0.202263,0,0,0,0,1
E3-PPOLag-p003,21.7398,27,74,RLPolicy,0,0,0.0504708,12.336,3.50656,21,0.305202,0,0,0,0,1
E3-PPOLag-p003,21.7683,73,133,RLPolicy,0,0,0.0236879,13.8629,3.50656,21,0.830934,0,0,0,0,1
E3-PPOLag-p003,21.7693,82,251,RLPolicy,0,0,0.0233529,13.8629,3.50656,21,0.377523,0,0,0,0,1
E3-PPOLag-p003,21.8206,98,197,RLPolicy,1,0,0.0119118,6.23832,3.50656,11,0.315118,0,0,0,0,1.01366
E3-PPOLag-p003,21.8236,5,270,RLPolicy,0,0,0.0528491,12.9468,3.50656,21,0.25468,0,0,0,0,1
E3-PPOLag-p003,21.8346,92,198,RLPolicy,0,0,0.0237408,13.8629,3.50656,21,0.359728,0,0,0,0,1
E3-PPOLag-p003,21.8562,22,257,RLPolicy,0,0,0.0237422,13.2522,3.50656,21,0.230593,0,0,0,0,1
E3-PPOLag-p003,21.8632,34,164,RLPolicy,0,0,0.0499202,12.6414,3.50656,21,0.411924,0,0,0,0,1
E3-PPOLag-p003,21.8791,58,138,RLPolicy,0,0,0.0652652,13.5576,3.50656,21,0.266588,0,0,0,0,1
E3-PPOLag-p003,21.9719,41,83,RLPolicy,0,0,0.0237585,12.6414,3.50656,21,0.72751,0,0,0,0,1
E3-PPOLag-p003,21.9815,69,7,RLPolicy,0,0,0.0236813,13.8629,3.50656,21,0.293105,0,0,0,0,1
E3-PPOLag-p003,21.9821,42,219,RLPolicy,0,0,0.0612284,13.2522,3.50656,21,0.265804,0,0,0,0,1
E3-PPOLag-p003,22.0119,30,178,RLPolicy,0,0,0.057002,12.1713,3.50656,19,0.102532,0,0,0,0,1
E3-PPOLag-p003,22.0153,21,3,RLPolicy,0,0,0.0566772,12.336,3.50656,21,0.228729,0,0,0,0,1
E3-PPOLag-p003,22.0171,24,178,RLPolicy,0,0,0.0462183,12.1713,3.50656,19,0.087954,0,0,0,0,1
E3-PPOLag-p003,22.0191,10,37,RLPolicy,0,0,0.0331028,2.46721,3.50656,5,0.056044,0,0,0,0,1
E3-PPOLag-p003,22.0273,2,130,RLPolicy,0,0,0.0237634,12.6414,3.50656,21,0.243195,0,0,0,0,1
E3-PPOLag-p003,22.0348,4,216,RLPolicy,0,0,0.051006,12.9468,3.50656,21,0.240299,0,0,0,0,1
E3-PPOLag-p003,22.0396,29,272,RLPolicy,0,0,0.0548112,12.336,3.50656,21,0.249119,0,0,0,0,1
E3-PPOLag-p003,22.0519,64,220,RLPolicy,0,0,0.0236856,13.8629,3.50656,21,0.150276,0,0,0,0,1
E3-PPOLag-p003,22.1025,75,274,RLPolicy,0,0,0.0236891,13.8629,3.50656,21,0.211986,0,0,0,0,1
E3-PPOLag-p003,22.1207,57,177,RLPolicy,0,0,0.0237023,13.8629,3.50656,21,0.159245,0,0,0,0,1
E3-PPOLag-p003,22.1793,110,178,RLPolicy,0,0,0.0106678,6.23832,3.50656,10,0.123079,0,0,0,0,1
E3-PPOLag-p003,22.1834,31,4,RLPolicy,1,1,0.00482536,1.1633,3.50656,5,0.077912,0,0,0,0,0.988284
E3-PPOLag-p003,22.2109,33,141,RLPolicy,0,0,0.0588962,12.9468,3.50656,21,0.228911,0,0,0,0,1.00867
E3-PPOLag-p003,22.2357,71,49,RLPolicy,0,0,0.0373454,0.693147,3.50656,2,0.005377,0,0,0,0,1
E3-PPOLag-p003,22.2418,70,197,RLPolicy,0,0,0.02368,13.8629,3.50656,21,0.187528,0,0,0,0,1
E3-PPOLag-p003,22.2636,84,251,RLPolicy,0,0,0.023353,13.8629,3.50656,21,0.605904,0,0,0,0,1
E3-PPOLag-p003,22.302,87,115,RLPolicy,0,0,0.023353,13.8629,3.50656,21,0.37951,0,0,0,0,1
E3-PPOLag-p003,22.3166,104,171,RLPolicy,0,0,0.0236864,13.8629,3.50656,21,0.242997,0,0,0,0,1
E3-PPOLag-p003,22.3245,23,83,RLPolicy,0,0,0.0233698,12.6414,3.50656,21,0.23296,0,0,0,0,0.990223
E3-PPOLag-p003,22.3289,77,260,RLPolicy,0,0,0.0236801,13.8629,3.50656,21,0.188599,0,0,0,0,1
E3-PPOLag-p003,22.3412,79,61,RLPolicy,0,0,0.0236819,13.8629,3.50656,21,0.273712,0,0,0,0,1
E3-PPOLag-p003,22.3419,32,83,RLPolicy,0,0,0.0237498,12.6414,3.50656,21,0.210134,0,0,0,0,1
E3-PPOLag-p003,22.3441,37,10,RLPolicy,0,0,0.00473621,2.95491,3.50656,5,0.023508,0,0,0,0,1
E3-PPOLag-p003,22.4532,28,214,RLPolicy,1,1,0.00238453,0.387766,3.50656,3,0.057302,0,0,0,0,0.984406
E3-PPOLag-p003,22.4663,72,233,RLPolicy,0,0,0.0464228,13.8629,3.50656,21,0.144172,0,0,0,0,1
E3-PPOLag-p003,22.4806,85,258,RLPolicy,0,0,0.0237058,13.8629,3.50656,21,0.274455,0,0,0,0,1
E3-PPOLag-p003,22.4809,18,213,RLPolicy,0,0,0.0538589,13.2522,3.50656,21,0.351674,0,0,0,0,1
E3-PPOLag-p003,22.5044,6,136,RLPolicy,0,0,0.0425395,13.2522,3.50656,21,0.201131,0,0,0,0,1.00949
E3-PPOLag-p003,22.5148,78,72,RLPolicy,0,0,0.0153995,9.01091,3.50656,14,0.129381,0,0,0,0,1
E3-PPOLag-p003,22.602,47,109,RLPolicy,0,0,0.0237213,13.5576,3.50656,21,0.329903,0,0,0,0,1
E3-PPOLag-p003,22.6026,13,278,RLPolicy,0,0,0.0237195,13.2522,3.50656,21,0.300979,0,0,0,0,1
E3-PPOLag-p003,22.6161,100,44,RLPolicy,0,0,0.0236923,13.8629,3.50656,21,0.316037,0,0,0,0,1
E3-PPOLag-p003,22.6323,97,201,RLPolicy,0,0,0.0236905,13.8629,3.50656,21,0.398741,0,0,0,0,1
E3-PPOLag-p003,22.6379,95,231,RLPolicy,0,0,0.0236872,13.8629,3.50656,21,0.373172,0,0,0,0,1
E3-PPOLag-p003,22.6521,90,72,RLPolicy,0,0,0.0142131,8.31777,3.50656,13,0.23547,0,0,0,0,1
E3-PPOLag-p003,22.6751,122,231,RLPolicy,0,0,0.0236849,13.8629,3.50656,21,0.424355,0,0,0,0,1
E3-PPOLag-p003,22.7076,15,85,RLPolicy,0,0,0.00356698,2.07944,3.50656,4,0.080764,0,0,0,0,1
E3-PPOLag-p003,22.71,36,178,RLPolicy,0,0,0.0564091,11.1727,3.50656,18,0.14328,0,0,0,0,1
E3-PPOLag-p003,22.7786,51,42,RLPolicy,0,0,0.0392456,13.8629,3.50656,21,0.351317,0,0,0,0,1
E3-PPOLag-p003,22.7823,88,195,RLPolicy,0,0,0.0237011,13.8629,3.50656,21,0.201077,0,0,0,0,1
E3-PPOLag-p003,22.7889,121,129,RLPolicy,0,0,0.0236969,13.8629,3.50656,21,0.427726,0,0,0,0,1
E3-PPOLag-p003,22.7959,101,178,RLPolicy,0,0,0.0189568,11.0904,3.50656,17,0.248751,0,0,0,0,1
E3-PPOLag-p003,22.8131,14,178,RLPolicy,0,0,0.00832676,4.85203,3.50656,8,0.098399,0,0,0,0,1
E3-PPOLag-p003,22.8149,16,72,RLPolicy,0,0,0.0428351,5.62756,3.50656,10,0.254797,0,0,0,0,1
E3-PPOLag-p003,22.8287,9,77,RLPolicy,0,0,0.0237218,13.2522,3.50656,21,0.176711,0,0,0,0,1
E3-PPOLag-p003,22.8439,26,11,RLPolicy,0,0,0.0300694,2.77259,3.50656,5,0.0667,0,0,0,0,1
E3-PPOLag-p003,22.8776,62,247,RLPolicy,0,0,0.0237102,13.8629,3.50656,21,0.318115,0,0,0,0,1
E3-PPOLag-p003,22.9097,80,61,RLPolicy,0,0,0.0236825,13.8629,3.50656,21,0.762524,0,0,0,0,1
E3-PPOLag-p003,22.9654,40,266,RLPolicy,0,0,0.0237439,12.6414,3.50656,21,0.384779,0,0,0,0,1
E3-PPOLag-p003,22.9679,56,61,RLPolicy,0,0,0.0236966,13.8629,3.50656,21,0.42382,0,0,0,0,1
E3-PPOLag-p003,22.978,117,22,RLPolicy,0,0,0.0236803,13.8629,3.50656,21,0.453172,0,0,0,0,1
E3-PPOLag-p003,23.0358,116,239,RLPolicy,0,0,0.0236787,13.8629,3.50656,21,0.335524,0,0,0,0,1
E3-PPOLag-p003,23.0587,20,296,RLPolicy,1,1,0.0300789,3.32512,3.50656,9,0.231066,0,0,0,0,0.999093
E3-PPOLag-p003,23.06,3,274,RLPolicy,0,0,0.0424684,13.2522,3.50656,21,0.282432,0,0,0,0,1.02051
E3-PPOLag-p003,23.0602,19,275,RLPolicy,0,0,0.0558633,12.336,3.50656,21,0.429419,0,0,0,0,1
E3-PPOLag-p003,23.0895,45,238,RLPolicy,0,0,0.00358655,2.07944,3.50656,4,0.061231,0,0,0,0,1
E3-PPOLag-p003,23.092,111,27,RLPolicy,0,0,0.0236822,13.8629,3.50656,21,0.441077,0,0,0,0,1
E3-PPOLag-p003,23.0993,46,247,RLPolicy,0,0,0.0237611,12.6414,3.50656,21,0.385184,0,0,0,0,0.985933
E3-PPOLag-p003,23.1136,43,82,RLPolicy,0,0,0.0237353,12.6414,3.50656,21,0.38595,0,0,0,0,1
E3-PPOLag-p003,23.1394,12,106,RLPolicy,0,0,0.0237247,12.9468,3.50656,21,0.243613,0,0,0,0,1
E3-PPOLag-p003,23.1454,63,136,RLPolicy,0,0,0.0237188,13.5576,3.50656,21,0.290647,0,0,0,0,1
E3-PPOLag-p003,23.1508,81,178,RLPolicy,0,0,0.011858,6.93147,3.50656,11,0.071779,0,0,0,0,1
E3-PPOLag-p003,23.1626,25,131,RLPolicy,1,0,0.0496172,9.56345,3.50656,18,0.216876,0,0,0,0,1.03028
E3-PPOLag-p003,23.1995,103,247,RLPolicy,0,0,0.0236841,13.8629,3.50656,21,0.380818,0,0,0,0,1
E3-PPOLag-p003,23.2047,105,168,RLPolicy,0,0,0.0236839,13.8629,3.50656,21,0.381173,0,0,0,0,1
E3-PPOLag-p003,23.2053,76,251,RLPolicy,0,0,0.0236813,13.8629,3.50656,21,0.239182,0,0,0,0,1
E3-PPOLag-p003,23.2063,107,255,RLPolicy,0,0,0.0236914,13.8629,3.50656,21,0.286901,0,0,0,0,1
E3-PPOLag-p003,23.2218,112,204,RLPolicy,0,0,0.0236853,13.8629,3.50656,21,0.372783,0,0,0,0,1
E3-PPOLag-p003,23.2259,54,301,RLPolicy,0,0,0.0382142,3.46574,3.50656,6,0.056718,0,0,0,0,1
E3-PPOLag-p003,23.2315,38,156,RLPolicy,0,0,0.0237418,12.336,3.50656,21,0.23933,0,0,0,0,1
E3-PPOLag-p003,23.237,66,201,RLPolicy,0,0,0.0236922,13.8629,3.50656,21,0.296329,0,0,0,0,1.03099
E3-PPOLag-p003,23.242,50,12,RLPolicy,0,0,0.0237179,13.5576,3.50656,21,0.361505,0,0,0,0,1
E3-PPOLag-p003,23.2423,52,136,RLPolicy,0,0,0.0237123,13.5576,3.50656,21,0.466073,0,0,0,0,1.02059
E3-PPOLag-p003,23.247,114,148,RLPolicy,0,0,0.0403181,1.38629,3.50656,3,0.04136,0,0,0,0,1
E3-PPOLag-p003,23.2636,39,129,RLPolicy,0,0,0.0605558,13.2522,3.50656,21,0.17695,0,0,0,0,1
E3-PPOLag-p003,23.2786,120,289,RLPolicy,0,0,0.0493557,3.46574,3.50656,6,0.070313,0,0,0,0,1
E3-PPOLag-p003,23.2872,59,108,RLPolicy,0,0,0.02371,13.8629,3.50656,21,0.337509,0,0,0,0,1
E3-PPOLag-p003,23.3116,49,71,RLPolicy,0,0,0.0322561,0.693147,3.50656,2,0.026566,0,0,0,0,1
E3-PPOLag-p003,23.317,68,188,RLPolicy,0,0,0.0237163,13.8629,3.50656,21,0.255403,0,0,0,0,1
E3-PPOLag-p003,23.3184,86,129,RLPolicy,0,0,0.0237108,13.8629,3.50656,21,0.20505,0,0,0,0,1
E3-PPOLag-p003,23.3234,109,72,RLPolicy,0,0,0.00949704,5.54518,3.50656,9,0.143764,0,0,0,0,1
E3-PPOLag-p003,23.3471,1,281,RLPolicy,0,0,0.0257976,2.46721,3.50656,5,0.05185,0,0,0,0,1
E3-PPOLag-p003,23.3654,7,207,RLPolicy,0,0,0.0237172,13.2522,3.50656,21,0.19181,0,0,0,0,1.01469
E3-PPOLag-p003,23.3911,8,44,RLPolicy,0,0,0.0536584,13.2522,3.50656,21,0.276808,0,0,0,0,1
E3-PPOLag-p003,23.416,17,72,RLPolicy,0,0,0.0425853,5.62756,3.50656,10,0.163925,0,0,0,0,1
E3-PPOLag-p003,23.4255,67,66,RLPolicy,0,0,0.0237149,13.8629,3.50656,21,0.321048,0,0,0,0,1
E3-PPOLag-p003,23.4553,94,115,RLPolicy,0,0,0.0236854,13.8629,3.50656,21,0.236448,0,0,0,0,1
E3-PPOLag-p003,23.4573,74,271,RLPolicy,0,0,0.0236844,13.8629,3.50656,21,0.209782,0,0,0,0,1
E3-PPOLag-p003,23.4602,65,198,RLPolicy,0,0,0.0236986,13.8629,3.50656,21,0.303642,0,0,0,0,1
E3-PPOLag-p003,23.4684,61,99,RLPolicy,0,0,0.0236981,13.8629,3.50656,21,0.320968,0,0,0,0,1
E3-PPOLag-p003,23.4817,48,171,RLPolicy,0,0,0.0236877,13.8629,3.50656,21,0.28087,0,0,0,0,1
E3-PPOLag-p003,23.499,99,142,RLPolicy,0,0,0.0236956,13.8629,3.50656,21,0.212186,0,0,0,0,1
E3-PPOLag-p003,23.5034,55,39,RLPolicy,0,0,0.0237207,14.0453,3.50656,21,0.224753,0,0,0,0,1
E3-PPOLag-p003,23.5143,93,205,RLPolicy,0,0,0.0236877,13.8629,3.50656,21,0.344969,0,0,0,0,1
E3-PPOLag-p003,23.5147,53,150,RLPolicy,1,0,0.0118771,6.23832,3.50656,11,0.217552,0,0,0,0,1.01366
E3-PPOLag-p003,23.5196,113,129,RLPolicy,0,0,0.0236888,13.8629,3.50656,21,0.412932,0,0,0,0,1
E3-PPOLag-p003,23.5226,44,205,RLPolicy,0,0,0.0560341,13.2522,3.50656,21,0.460831,0,0,0,0,1
E3-PPOLag-p003,23.5304,0,5,RLPolicy,0,0,0.050639,12.9468,3.50656,21,0.300759,0,0,0,0,1
E3-PPOLag-p003,23.5349,124,61,RLPolicy,0,0,0.0236815,13.8629,3.50656,21,0.425135,0,0,0,0,1
E3-PPOLag-p003,23.547,91,217,RLPolicy,0,0,0.0236904,13.8629,3.50656,21,0.186115,0,0,0,0,1
E3-PPOLag-p003,23.5606,115,204,RLPolicy,0,0,0.0236852,13.8629,3.50656,21,0.627419,0,0,0,0,1
E3-PPOLag-p003,23.5775,118,3,RLPolicy,0,0,0.0236935,13.8629,3.50656,21,0.274676,0,0,0,0,1
E3-PPOLag-p003,23.5875,127,154,RLPolicy,0,0,0.0348864,2.07944,3.50656,4,0.081034,0,0,0,0,1
E3-PPOLag-p003,23.6516,89,204,RLPolicy,0,0,0.0716917,13.4005,3.50656,21,0.224313,0,0,0,0,1
E3-PPOLag-p003,23.6757,83,204,RLPolicy,0,0,0.0236844,13.8629,3.50656,21,0.317511,0,0,0,0,1
E3-PPOLag-p003,23.6803,60,39,RLPolicy,0,0,0.0237265,14.0453,3.50656,21,0.333561,0,0,0,0,1
E3-PPOLag-p003,23.6846,102,66,RLPolicy,0,0,0.0237132,13.8629,3.50656,21,0.183582,0,0,0,0,1
E3-PPOLag-p003,23.6869,35,252,RLPolicy,0,0,0.0597081,12.9468,3.50656,21,0.295631,0,0,0,0,1
E3-PPOLag-p003,23.6944,96,307,RLPolicy,0,0,0.023679,13.8629,3.50656,21,0.181863,0,0,0,0,1
E3-PPOLag-p003,23.7018,11,26,RLPolicy,0,0,0.00593233,3.46574,3.50656,6,0.031383,0,0,0,0,1
E3-PPOLag-p003,23.7179,126,201,RLPolicy,0,0,0.0236906,13.8629,3.50656,21,0.257676,0,0,0,0,1
E3-PPOLag-p003,23.7272,128,204,RLPolicy,0,0,0.0236843,13.8629,3.50656,21,0.530512,0,0,0,0,1
E3-PPOLag-p003,23.7331,108,59,RLPolicy,0,0,0.0236824,13.8629,3.50656,21,0.38153,0,0,0,0,1
E3-PPOLag-p003,23.7398,27,195,RLPolicy,0,0,0.0504767,12.336,3.50656,21,0.461222,0,0,0,0,1
E3-PPOLag-p003,23.7501,106,248,RLPolicy,0,0,0.0236866,13.8629,3.50656,21,0.315853,0,0,0,0,1
E3-PPOLag-p003,23.7683,73,251,RLPolicy,0,0,0.0236835,13.8629,3.50656,21,0.30017,0,0,0,0,1
E3-PPOLag-p003,23.7693,82,251,RLPolicy,0,0,0.0236848,13.8629,3.50656,21,0.428253,0,0,0,0,1
E3-PPOLag-p003,23.7745,123,109,RLPolicy,0,0,0.0236897,13.8629,3.50656,21,0.319483,0,0,0,0,1
E3-PPOLag-p003,23.819,129,258,RLPolicy,0,0,0.0236861,13.8629,3.50656,21,0.363532,0,0,0,0,1
E3-PPOLag-p003,23.8206,98,178,RLPolicy,0,0,0.0213447,12.4766,3.50656,19,0.176873,0,0,0,0,1.01366
E3-PPOLag-p003,23.8236,5,272,RLPolicy,0,0,0.0571452,13.2522,3.50656,21,0.378991,0,0,0,0,1
E3-PPOLag-p003,23.8346,92,96,RLPolicy,0,0,0.0237307,14.0453,3.50656,21,0.093295,0,0,0,0,1
E3-PPOLag-p003,23.8562,22,21,RLPolicy,0,0,0.0237358,13.2522,3.50656,21,0.31027,0,0,0,0,1
E3-PPOLag-p003,23.8632,34,94,RLPolicy,0,0,0.0499151,12.6414,3.50656,21,0.28541,0,0,0,0,1
E3-PPOLag-p003,23.8791,58,284,RLPolicy,0,0,0.0658611,13.5576,3.50656,21,0.33481,0,0,0,0,1
E3-PPOLag-p003,23.9719,41,115,RLPolicy,0,0,0.0237595,12.6414,3.50656,21,0.294578,0,0,0,0,1
E3-PPOLag-p003,23.9815,69,207,RLPolicy,0,0,0.023693,13.8629,3.50656,21,0.586031,0,0,0,0,1
E3-PPOLag-p003,23.9821,42,219,RLPolicy,0,0,0.0237327,13.2522,3.50656,21,0.296421,0,0,0,0,1
E3-PPOLag-p003,24.0119,30,241,RLPolicy,0,0,0.0438749,5.93294,3.50656,10,0.165129,0,0,0,0,1
E3-PPOLag-p003,24.0153,21,43,RLPolicy,0,0,0.056209,12.6414,3.50656,21,0.374735,0,0,0,0,1
E3-PPOLag-p003,24.0171,24,178,RLPolicy,0,0,0.0474003,12.8644,3.50656,20,0.416418,0,0,0,0,1
E3-PPOLag-p003,24.0188,135,255,RLPolicy,0,0,0.0236898,13.8629,3.50656,21,0.318379,0,0,0,0,1
E3-PPOLag-p003,24.0191,10,281,RLPolicy,0,0,0.0331031,2.46721,3.50656,5,0.02567,0,0,0,0,1
E3-PPOLag-p003,24.0273,2,56,RLPolicy,0,0,0.0237172,13.2522,3.50656,21,0.409767,0,0,0,0,1
E3-PPOLag-p003,24.0348,4,109,RLPolicy,0,0,0.0509688,13.5576,3.50656,21,0.310107,0,0,0,0,1
E3-PPOLag-p003,24.0396,29,72,RLPolicy,0,0,0.0439017,5.62756,3.50656,10,0.161776,0,0,0,0,1
E3-PPOLag-p003,24.0519,64,131,RLPolicy,0,0,0.0177745,10.3972,3.50656,16,0.238224,0,0,0,0,1
E3-PPOLag-p003,24.0804,132,178,RLPolicy,0,0,0.00474925,2.77259,3.50656,5,0.074907,0,0,0,0,1
E3-PPOLag-p003,24.1025,75,207,RLPolicy,0,0,0.0236784,13.8629,3.50656,21,0.355707,0,0,0,0,1
E3-PPOLag-p003,24.1207,57,178,RLPolicy,0,0,0.0106756,6.23832,3.50656,10,0.106947,0,0,0,0,1
E3-PPOLag-p003,24.1793,110,39,RLPolicy,0,0,0.0236954,13.8629,3.50656,21,0.239031,0,0,0,0,1
E3-PPOLag-p003,24.1834,31,72,RLPolicy,0,0,0.049632,6.79086,3.50656,13,0.225064,0,0,0,0,0.988284
E3-PPOLag-p003,24.1997,137,85,RLPolicy,0,0,0.014222,8.31777,3.50656,13,0.209255,0,0,0,0,1
E3-PPOLag-p003,24.2109,33,8,RLPolicy,0,0,0.0609001,12.9468,3.50656,21,0.453572,0,0,0,0,1.00867
E3-PPOLag-p003,24.2357,71,49,RLPolicy,0,0,0.0370571,1.38629,3.50656,3,0.030358,0,0,0,0,1
E3-PPOLag-p003,24.2418,70,261,RLPolicy,0,0,0.0236796,13.8629,3.50656,21,0.298679,0,0,0,0,1
E3-PPOLag-p003,24.2538,125,77,RLPolicy,0,0,0.0236806,13.8629,3.50656,21,0.430827,0,0,0,0,1
E3-PPOLag-p003,24.2636,84,94,RLPolicy,0,0,0.0236806,13.8629,3.50656,21,0.388827,0,0,0,0,1
E3-PPOLag-p003,24.302,87,41,RLPolicy,0,0,0.0236806,13.8629,3.50656,21,0.322973,0,0,0,0,1
E3-PPOLag-p003,24.3166,104,220,RLPolicy,0,0,0.0236847,13.8629,3.50656,21,0.156623,0,0,0,0,1
E3-PPOLag-p003,24.3245,23,97,RLPolicy,0,0,0.049146,13.5576,3.50656,21,0.301629,0,0,0,0,0.990223
E3-PPOLag-p003,24.3289,77,69,RLPolicy,0,0,0.0236836,13.8629,3.50656,21,0.383565,0,0,0,0,1
E3-PPOLag-p003,24.3412,79,100,RLPolicy,0,0,0.0236832,13.8629,3.50656,21,0.342758,0,0,0,0,1
E3-PPOLag-p003,24.3419,32,73,RLPolicy,0,0,0.0237452,12.6414,3.50656,21,0.404951,0,0,0,0,1
E3-PPOLag-p003,24.3441,37,85,RLPolicy,0,0,0.0178636,9.78644,3.50656,16,0.171018,0,0,0,0,1
E3-PPOLag-p003,24.4368,133,48,RLPolicy,0,0,0.0237005,13.8629,3.50656,21,0.574496,0,0,0,0,1
E3-PPOLag-p003,24.4532,28,72,RLPolicy,0,0,0.0178588,8.8703,3.50656,16,0.475843,0,0,0,0,0.984406
E3-PPOLag-p003,24.4663,72,78,RLPolicy,0,0,0.050555,13.8629,3.50656,21,0.679073,0,0,0,0,1
E3-PPOLag-p003,24.4806,85,77,RLPolicy,1,0,0.0142427,7.62462,3.50656,13,0.157191,0,0,0,0,1.02059
E3-PPOLag-p003,24.4809,18,5,RLPolicy,0,0,0.053836,13.2522,3.50656,21,0.285643,0,0,0,0,1
E3-PPOLag-p003,24.5044,6,169,RLPolicy,0,0,0.0425383,13.2522,3.50656,21,0.453346,0,0,0,0,1.00949
E3-PPOLag-p003,24.5148,78,109,RLPolicy,0,0,0.0236896,13.8629,3.50656,21,0.307788,0,0,0,0,1
E3-PPOLag-p003,24.5413,134,256,RLPolicy,0,0,0.033062,0.693147,3.50656,2,0.038119,0,0,0,0,1
E3-PPOLag-p003,24.5684,119,40,RLPolicy,1,1,0.00239185,0.693147,3.50656,3,0.143471,0,0,0,0,0.985933
E3-PPOLag-p003,24.602,47,298,RLPolicy,0,0,0.0237356,12.9468,3.50656,21,0.278848,0,0,0,0,1
E3-PPOLag-p003,24.6026,13,239,RLPolicy,0,0,0.0237032,13.2522,3.50656,21,0.236541,0,0,0,0,1
E3-PPOLag-p003,24.6161,100,44,RLPolicy,0,0,0.023682,13.8629,3.50656,21,0.234965,0,0,0,0,1
E3-PPOLag-p003,24.6323,97,107,RLPolicy,0,0,0.0236959,13.8629,3.50656,21,0.14993,0,0,0,0,1
E3-PPOLag-p003,24.6379,95,73,RLPolicy,0,0,0.0236813,13.8629,3.50656,21,0.297009,0,0,0,0,1
E3-PPOLag-p003,24.6521,90,109,RLPolicy,0,0,0.0236897,13.8629,3.50656,21,0.212078,0,0,0,0,1
E3-PPOLag-p003,24.6751,122,73,RLPolicy,0,0,0.0236805,13.8629,3.50656,21,0.301796,0,0,0,0,1
E3-PPOLag-p003,24.7049,140,109,RLPolicy,0,0,0.0236865,13.8629,3.50656,21,0.240725,0,0,0,0,1
E3-PPOLag-p003,24.7076,15,113,RLPolicy,0,0,0.0237064,12.9468,3.50656,21,0.223057,0,0,0,0,1
E3-PPOLag-p003,24.71,36,125,RLPolicy,0,0,0.0237138,13.5576,3.50656,21,0.284223,0,0,0,0,1
E3-PPOLag-p003,24.7786,51,260,RLPolicy,0,0,0.0236863,13.8629,3.50656,21,0.168402,0,0,0,0,1
E3-PPOLag-p003,24.7823,88,115,RLPolicy,0,0,0.0237004,13.8629,3.50656,21,0.301895,0,0,0,0,1
E3-PPOLag-p003,24.7889,121,219,RLPolicy,0,0,0.0237019,13.8629,3.50656,21,0.150757,0,0,0,0,1
E3-PPOLag-p003,24.7959,101,60,RLPolicy,1,1,0.00477055,2.07944,3.50656,5,0.062651,0,0,0,0,0.992864
E3-PPOLag-p003,24.8131,14,178,RLPolicy,0,0,0.00830721,4.85203,3.50656,8,0.038469,0,0,0,0,1
E3-PPOLag-p003,24.8149,16,72,RLPolicy,0,0,0.0428439,5.62756,3.50656,10,0.086408,0,0,0,0,1
E3-PPOLag-p003,24.8224,141,124,RLPolicy,0,0,0.0236816,13.8629,3.50656,21,0.692487,0,0,0,0,1
E3-PPOLag-p003,24.8287,9,315,RLPolicy,0,0,0.0237138,13.2522,3.50656,21,0.291936,0,0,0,0,1
E3-PPOLag-p003,24.8311,144,250,RLPolicy,0,0,0.00356653,2.07944,3.50656,4,0.190918,0,0,0,0,1
E3-PPOLag-p003,24.8439,26,11,RLPolicy,0,0,0.0306376,3.46574,3.50656,6,0.070177,0,0,0,0,1
E3-PPOLag-p003,24.8776,62,163,RLPolicy,0,0,0.0236908,13.8629,3.50656,21,0.251704,0,0,0,0,1
E3-PPOLag-p003,24.8789,138,39,RLPolicy,0,0,0.0236865,13.8629,3.50656,21,0.348459,0,0,0,0,1
E3-PPOLag-p003,24.9097,80,205,RLPolicy,0,0,0.0236812,13.8629,3.50656,21,0.479978,0,0,0,0,1
E3-PPOLag-p003,24.9605,130,46,RLPolicy,0,0,0.0236795,13.8629,3.50656,21,0.520039,0,0,0,0,1
E3-PPOLag-p003,24.9654,40,266,RLPolicy,0,0,0.02374,12.6414,3.50656,21,0.286248,0,0,0,0,1
E3-PPOLag-p003,24.9679,56,5,RLPolicy,0,0,0.0236827,13.8629,3.50656,21,0.29003,0,0,0,0,1
E3-PPOLag-p003,24.978,117,14,RLPolicy,0,0,0.0236908,13.8629,3.50656,21,0.248375,0,0,0,0,1
E3-PPOLag-p003,25.02,149,104,RLPolicy,0,0,0.0236907,13.8629,3.50656,21,0.349286,0,0,0,0,1
E3-PPOLag-p003,25.0358,116,297,RLPolicy,0,0,0.0236785,13.8629,3.50656,21,0.216299,0,0,0,0,1
E3-PPOLag-p003,25.0587,20,74,RLPolicy,0,0,0.0442963,12.336,3.50656,21,0.312701,0,0,0,0,0.999093
E3-PPOLag-p003,25.06,3,184,RLPolicy,0,0,0.0424678,13.2522,3.50656,21,0.206282,0,0,0,0,1.02051
E3-PPOLag-p003,25.0602,19,76,RLPolicy,0,0,0.0558708,12.336,3.50656,21,0.238465,0,0,0,0,1
E3-PPOLag-p003,25.0895,45,160,RLPolicy,0,0,0.00597105,3.46574,3.50656,6,0.021175,0,0,0,0,1
E3-PPOLag-p003,25.092,111,204,RLPolicy,0,0,0.0236795,13.8629,3.50656,21,0.310083,0,0,0,0,1
E3-PPOLag-p003,25.0993,46,100,RLPolicy,0,0,0.0237778,12.6414,3.50656,21,0.258047,0,0,0,0,0.985933
E3-PPOLag-p003,25.1136,43,82,RLPolicy,0,0,0.0237361,12.6414,3.50656,21,0.250733,0,0,0,0,1
E3-PPOLag-p003,25.1394,12,164,RLPolicy,0,0,0.0236877,13.8629,3.50656,21,0.494225,0,0,0,0,1
E3-PPOLag-p003,25.1454,63,194,RLPolicy,0,0,0.0237148,13.5576,3.50656,21,0.19713,0,0,0,0,1
E3-PPOLag-p003,25.1508,81,178,RLPolicy,0,0,0.0118553,6.93147,3.50656,11,0.165303,0,0,0,0,1
E3-PPOLag-p003,25.1626,25,195,RLPolicy,0,0,0.0531461,12.336,3.50656,21,0.416765,0,0,0,0,1.03028
E3-PPOLag-p003,25.1995,103,141,RLPolicy,0,0,0.0236826,13.8629,3.50656,21,0.30935,0,0,0,0,1
E3-PPOLag-p003,25.2047,105,251,RLPolicy,0,0,0.0236805,13.8629,3.50656,21,0.261803,0,0,0,0,1
E3-PPOLag-p003,25.2053,76,82,RLPolicy,0,0,0.0236818,13.8629,3.50656,21,0.362533,0,0,0,0,1
E3-PPOLag-p003,25.2063,107,323,RLPolicy,0,0,0.0236798,13.8629,3.50656,21,0.199168,0,0,0,0,1
E3-PPOLag-p003,25.2218,112,94,RLPolicy,0,0,0.0236794,13.8629,3.50656,21,0.267941,0,0,0,0,1
E3-PPOLag-p003,25.2259,54,301,RLPolicy,0,0,0.0382143,3.46574,3.50656,6,0.0292,0,0,0,0,1
E3-PPOLag-p003,25.2313,139,157,RLPolicy,0,0,0.0236788,13.8629,3.50656,21,0.532539,0,0,0,0,1
E3-PPOLag-p003,25.2315,38,82,RLPolicy,0,0,0.0237361,12.336,3.50656,21,0.372862,0,0,0,0,1
E3-PPOLag-p003,25.237,66,201,RLPolicy,0,0,0.0236915,13.8629,3.50656,21,0.194971,0,0,0,0,1.03099
E3-PPOLag-p003,25.242,50,274,RLPolicy,0,0,0.0237138,13.5576,3.50656,21,0.261595,0,0,0,0,1
E3-PPOLag-p003,25.2423,52,274,RLPolicy,0,0,0.0237136,13.5576,3.50656,21,0.26717,0,0,0,0,1.02059
E3-PPOLag-p003,25.247,114,148,RLPolicy,0,0,0.0403182,1.38629,3.50656,3,0.012717,0,0,0,0,1
E3-PPOLag-p003,25.2636,39,153,RLPolicy,0,0,0.0237048,13.5576,3.50656,21,0.303132,0,0,0,0,1
E3-PPOLag-p003,25.2786,120,160,RLPolicy,0,0,0.0476568,3.46574,3.50656,6,0.021394,0,0,0,0,1
E3-PPOLag-p003,25.2872,59,165,RLPolicy,0,0,0.0237133,13.8629,3.50656,21,0.229579,0,0,0,0,1
E3-PPOLag-p003,25.3021,131,64,RLPolicy,0,0,0.0236896,13.8629,3.50656,21,0.401496,0,0,0,0,1
E3-PPOLag-p003,25.3116,49,303,RLPolicy,0,0,0.00355167,2.07944,3.50656,4,0.017123,0,0,0,0,1
E3-PPOLag-p003,25.317,68,303,RLPolicy,0,0,0.00716839,4.15888,3.50656,7,0.048073,0,0,0,0,1
E3-PPOLag-p003,25.3184,86,85,RLPolicy,0,0,0.0372486,7.62462,3.50656,12,0.113691,0,0,0,0,1
E3-PPOLag-p003,25.3234,109,123,RLPolicy,0,0,0.0236911,13.8629,3.50656,21,0.218313,0,0,0,0,1
E3-PPOLag-p003,25.3471,1,321,RLPolicy,0,0,0.0269815,3.16035,3.50656,6,0.024634,0,0,0,0,1
E3-PPOLag-p003,25.357,156,251,RLPolicy,0,0,0.0236816,13.8629,3.50656,21,0.454097,0,0,0,0,1
E3-PPOLag-p003,25.3654,7,268,RLPolicy,1,1,0.00238696,0.387766,3.50656,3,0.137228,0,0,0,0,0.999097
E3-PPOLag-p003,25.3911,8,157,RLPolicy,0,0,0.0590563,13.2522,3.50656,21,0.457355,0,0,0,0,1
E3-PPOLag-p003,25.416,17,303,RLPolicy,0,0,0.0473648,8.40015,3.50656,14,0.101329,0,0,0,0,1
E3-PPOLag-p003,25.4255,67,82,RLPolicy,0,0,0.0236833,13.8629,3.50656,21,0.290062,0,0,0,0,1
E3-PPOLag-p003,25.4553,94,251,RLPolicy,0,0,0.0236898,13.8629,3.50656,21,0.417676,0,0,0,0,1
E3-PPOLag-p003,25.4573,74,97,RLPolicy,0,0,0.0236944,13.8629,3.50656,21,0.49038,0,0,0,0,1
E3-PPOLag-p003,25.4602,65,85,RLPolicy,0,0,0.0130331,7.62462,3.50656,12,0.090883,0,0,0,0,1
E3-PPOLag-p003,25.4684,61,158,RLPolicy,0,0,0.0236871,13.8629,3.50656,21,0.330206,0,0,0,0,1
E3-PPOLag-p003,25.474,160,120,RLPolicy,0,0,0.0534947,3.46574,3.50656,6,0.100102,0,0,0,0,1
E3-PPOLag-p003,25.4817,48,9,RLPolicy,0,0,0.023703,13.8629,3.50656,21,0.352382,0,0,0,0,1
E3-PPOLag-p003,25.499,99,157,RLPolicy,0,0,0.0236799,13.8629,3.50656,21,0.612834,0,0,0,0,1
E3-PPOLag-p003,25.5034,55,293,RLPolicy,0,0,0.0237547,14.0453,3.50656,21,0.178086,0,0,0,0,1
E3-PPOLag-p003,25.5143,93,61,RLPolicy,0,0,0.0236893,13.8629,3.50656,21,0.501646,0,0,0,0,1
E3-PPOLag-p003,25.5147,53,123,RLPolicy,0,0,0.023689,13.8629,3.50656,21,0.25089,0,0,0,0,1.01366
E3-PPOLag-p003,25.5196,113,129,RLPolicy,0,0,0.0236925,13.8629,3.50656,21,0.294224,0,0,0,0,1
E3-PPOLag-p003,25.5226,44,8,RLPolicy,0,0,0.0614453,12.9468,3.50656,21,0.408856,0,0,0,0,1
E3-PPOLag-p003,25.5245,165,157,RLPolicy,0,0,0.0236812,13.8629,3.50656,21,0.428017,0,0,0,0,1
E3-PPOLag-p003,25.5304,0,123,RLPolicy,0,0,0.0506233,13.5576,3.50656,21,0.195805,0,0,0,0,1
E3-PPOLag-p003,25.5349,124,28,RLPolicy,0,0,0.0236818,13.8629,3.50656,21,0.333905,0,0,0,0,1
E3-PPOLag-p003,25.547,91,111,RLPolicy,0,0,0.0236942,13.8629,3.50656,21,0.365744,0,0,0,0,1
E3-PPOLag-p003,25.5478,150,243,RLPolicy,0,0,0.0236937,13.8629,3.50656,21,0.436089,0,0,0,0,1
E3-PPOLag-p003,25.5524,153,177,RLPolicy,0,0,0.023681,13.8629,3.50656,21,0.321733,0,0,0,0,1
E3-PPOLag-p003,25.5606,115,21,RLPolicy,0,0,0.0236785,13.8629,3.50656,21,0.450923,0,0,0,0,1
E3-PPOLag-p003,25.5775,118,82,RLPolicy,0,0,0.0236814,13.8629,3.50656,21,0.221745,0,0,0,0,1
E3-PPOLag-p003,25.5875,127,154,RLPolicy,0,0,0.0348858,2.07944,3.50656,4,0.030976,0,0,0,0,1
E3-PPOLag-p003,25.6012,142,157,RLPolicy,0,0,0.0236824,13.8629,3.50656,21,0.454874,0,0,0,0,1
E3-PPOLag-p003,25.6149,145,61,RLPolicy,0,0,0.0236852,13.8629,3.50656,21,0.691911,0,0,0,0,1
E3-PPOLag-p003,25.6516,89,82,RLPolicy,0,0,0.0717442,13.4005,3.50656,21,0.508483,0,0,0,0,1
E3-PPOLag-p003,25.6757,83,333,RLPolicy,0,0,0.0236831,13.8629,3.50656,21,0.410719,0,0,0,0,1
E3-PPOLag-p003,25.6803,60,106,RLPolicy,0,0,0.023727,13.4005,3.50656,21,0.197927,0,0,0,0,1
E3-PPOLag-p003,25.6846,102,217,RLPolicy,0,0,0.0237058,13.8629,3.50656,21,0.607207,0,0,0,0,1
E3-PPOLag-p003,25.6869,35,310,RLPolicy,0,0,0.059398,12.9468,3.50656,21,0.414669,0,0,0,0,1
E3-PPOLag-p003,25.6944,96,9,RLPolicy,0,0,0.0236827,13.8629,3.50656,21,0.311456,0,0,0,0,1
E3-PPOLag-p003,25.7018,11,26,RLPolicy,0,0,0.0259541,3.46574,3.50656,6,0.050577,0,0,0,0,1
E3-PPOLag-p003,25.7179,126,107,RLPolicy,0,0,0.0236937,13.8629,3.50656,21,0.250798,0,0,0,0,1
E3-PPOLag-p003,25.7272,128,73,RLPolicy,0,0,0.0236815,13.8629,3.50656,21,0.293459,0,0,0,0,1
E3-PPOLag-p003,25.7331,108,225,RLPolicy,0,0,0.0237008,13.8629,3.50656,21,0.199267,0,0,0,0,1
E3-PPOLag-p003,25.7398,27,30,RLPolicy,0,0,0.0505284,11.7253,3.50656,21,0.242293,0,0,0,0,1
E3-PPOLag-p003,25.7478,152,198,RLPolicy,0,0,0.0237524,14.0453,3.50656,21,0.404208,0,0,0,0,1
E3-PPOLag-p003,25.7501,106,9,RLPolicy,0,0,0.0236783,13.8629,3.50656,21,0.255062,0,0,0,0,1
E3-PPOLag-p003,25.7605,136,12,RLPolicy,0,0,0.0236935,13.8629,3.50656,21,0.453014,0,0,0,0,1
E3-PPOLag-p003,25.7683,73,253,RLPolicy,0,0,0.0236792,13.8629,3.50656,21,0.447308,0,0,0,0,1
E3-PPOLag-p003,25.7693,82,253,RLPolicy,0,0,0.0236792,13.8629,3.50656,21,0.334179,0,0,0,0,1
E3-PPOLag-p003,25.7745,123,53,RLPolicy,0,0,0.0236887,13.8629,3.50656,21,0.228492,0,0,0,0,1
E3-PPOLag-p003,25.819,129,178,RLPolicy,0,0,0.0213237,12.4766,3.50656,19,0.239866,0,0,0,0,1
E3-PPOLag-p003,25.8206,98,296,RLPolicy,0,0,0.0237273,13.8629,3.50656,21,0.250246,0,0,0,0,1.01366
E3-PPOLag-p003,25.8236,5,29,RLPolicy,0,0,0.0571845,12.9468,3.50656,21,0.260585,0,0,0,0,1
E3-PPOLag-p003,25.8346,92,178,RLPolicy,0,0,0.00832833,4.85203,3.50656,8,0.122863,0,0,0,0,1
E3-PPOLag-p003,25.8562,22,207,RLPolicy,0,0,0.0236806,13.8629,3.50656,21,0.276579,0,0,0,0,1
E3-PPOLag-p003,25.8632,34,262,RLPolicy,1,1,0.0048126,1.1633,3.50656,5,0.225324,0,0,0,0,0.988284
E3-PPOLag-p003,25.8791,58,217,RLPolicy,1,1,0.0445737,0.387766,3.50656,3,0.091088,0,0,0,0,0.984406
E3-PPOLag-p003,25.8889,172,73,RLPolicy,0,0,0.0236811,13.8629,3.50656,21,0.570058,0,0,0,0,1
E3-PPOLag-p003,25.939,151,111,RLPolicy,0,0,0.0236839,13.8629,3.50656,21,0.36053,0,0,0,0,1
E3-PPOLag-p003,25.9394,170,257,RLPolicy,0,0,0.0237017,13.8629,3.50656,21,0.303383,0,0,0,0,1
E3-PPOLag-p003,25.9586,154,206,RLPolicy,0,0,0.00356727,2.07944,3.50656,4,0.099492,0,0,0,0,1
E3-PPOLag-p003,25.9702,173,3,RLPolicy,0,0,0.0236799,13.8629,3.50656,21,0.511385,0,0,0,0,1
E3-PPOLag-p003,25.9719,41,253,RLPolicy,0,0,0.0237623,12.6414,3.50656,21,0.460335,0,0,0,0,1
E3-PPOLag-p003,25.9815,69,106,RLPolicy,0,0,0.0236917,13.8629,3.50656,21,0.270163,0,0,0,0,1
E3-PPOLag-p003,25.9821,42,125,RLPolicy,0,0,0.0236961,13.5576,3.50656,21,0.211477,0,0,0,0,1
E3-PPOLag-p003,25.9922,163,157,RLPolicy,0,0,0.0236787,13.8629,3.50656,21,0.414002,0,0,0,0,1
E3-PPOLag-p003,26.0119,30,132,RLPolicy,0,0,0.0568927,13.5576,3.50656,21,0.114397,0,0,0,0,1
E3-PPOLag-p003,26.0153,143,11,RLPolicy,0,0,0.0451845,4.15888,3.50656,7,0.102676,0,0,0,0,1
E3-PPOLag-p003,26.0153,21,112,RLPolicy,0,0,0.0562077,12.6414,3.50656,21,0.319638,0,0,0,0,1
E3-PPOLag-p003,26.0171,24,178,RLPolicy,0,0,0.0473814,12.8644,3.50656,20,0.146493,0,0,0,0,1
E3-PPOLag-p003,26.0188,135,266,RLPolicy,0,0,0.0236841,13.8629,3.50656,21,0.210577,0,0,0,0,1
E3-PPOLag-p003,26.0191,10,321,RLPolicy,0,0,0.033574,3.16035,3.50656,6,0.055005,0,0,0,0,1
E3-PPOLag-p003,26.0209,174,259,RLPolicy,0,0,0.023689,13.8629,3.50656,21,0.517951,0,0,0,0,1
E3-PPOLag-p003,26.0273,2,16,RLPolicy,0,0,0.0237764,12.6414,3.50656,21,0.326268,0,0,0,0,1
E3-PPOLag-p003,26.0348,4,49,RLPolicy,0,0,0.0510205,13.5576,3.50656,21,0.191954,0,0,0,0,1
E3-PPOLag-p003,26.0396,29,28,RLPolicy,0,0,0.0569887,12.6414,3.50656,21,0.24013,0,0,0,0,1
E3-PPOLag-p003,26.0519,64,3,RLPolicy,0,0,0.0236795,13.8629,3.50656,21,0.295994,0,0,0,0,1
E3-PPOLag-p003,26.0804,132,30,RLPolicy,0,0,0.0237234,14.0453,3.50656,21,0.113534,0,0,0,0,1
E3-PPOLag-p003,26.0976,157,62,RLPolicy,0,0,0.0236838,13.8629,3.50656,21,0.336948,0,0,0,0,1
E3-PPOLag-p003,26.1025,75,106,RLPolicy,0,0,0.0236783,13.8629,3.50656,21,0.225296,0,0,0,0,1
E3-PPOLag-p003,26.1207,57,178,RLPolicy,0,0,0.00710438,4.15888,3.50656,7,0.038087,0,0,0,0,1
E3-PPOLag-p003,26.1281,161,293,RLPolicy,0,0,0.0236784,13.8629,3.50656,21,0.342443,0,0,0,0,1
E3-PPOLag-p003,26.1793,110,178,RLPolicy,0,0,0.00828843,4.85203,3.50656,8,0.107785,0,0,0,0,1
E3-PPOLag-p003,26.1834,31,246,RLPolicy,0,0,0.059109,12.336,3.50656,21,0.26355,0,0,0,0,0.988284
E3-PPOLag-p003,26.1997,137,85,RLPolicy,0,0,0.0142284,8.31777,3.50656,13,0.070635,0,0,0,0,1
E3-PPOLag-p003,26.2109,33,56,RLPolicy,0,0,0.060907,12.9468,3.50656,21,0.269564,0,0,0,0,1.00867
E3-PPOLag-p003,26.2357,71,243,RLPolicy,0,0,0.0237373,13.8629,3.50656,21,0.20459,0,0,0,0,1
E3-PPOLag-p003,26.2418,70,22,RLPolicy,0,0,0.0236783,13.8629,3.50656,21,0.201782,0,0,0,0,1
E3-PPOLag-p003,26.2538,125,70,RLPolicy,0,0,0.0236806,13.8629,3.50656,21,0.205122,0,0,0,0,1
E3-PPOLag-p003,26.2636,84,251,RLPolicy,0,0,0.0236798,13.8629,3.50656,21,0.400596,0,0,0,0,1
E3-PPOLag-p003,26.302,87,251,RLPolicy,0,0,0.0236809,13.8629,3.50656,21,0.584783,0,0,0,0,1
E3-PPOLag-p003,26.3166,104,323,RLPolicy,0,0,0.0236789,13.8629,3.50656,21,0.49936,0,0,0,0,1
E3-PPOLag-p003,26.3245,23,176,RLPolicy,0,0,0.0491736,12.9468,3.50656,21,0.346189,0,0,0,0,0.990223
E3-PPOLag-p003,26.3289,77,161,RLPolicy,0,0,0.0236804,13.8629,3.50656,21,0.210666,0,0,0,0,1
E3-PPOLag-p003,26.3412,79,265,RLPolicy,0,0,0.0236815,13.8629,3.50656,21,0.293395,0,0,0,0,1
E3-PPOLag-p003,26.3419,32,73,RLPolicy,0,0,0.0237401,12.6414,3.50656,21,0.273668,0,0,0,0,1
E3-PPOLag-p003,26.3441,37,258,RLPolicy,0,0,0.023732,13.5576,3.50656,21,0.166121,0,0,0,0,1
E3-PPOLag-p003,26.4188,169,12,RLPolicy,0,0,0.0236956,13.8629,3.50656,21,0.560832,0,0,0,0,1
E3-PPOLag-p003,26.4368,133,104,RLPolicy,0,0,0.0236865,13.8629,3.50656,21,0.253112,0,0,0,0,1
E3-PPOLag-p003,26.4532,28,203,RLPolicy,0,0,0.0237691,12.336,3.50656,21,0.259708,0,0,0,0,0.984406
E3-PPOLag-p003,26.4663,72,303,RLPolicy,0,0,0.0059483,3.46574,3.50656,6,0.026198,0,0,0,0,1
E3-PPOLag-p003,26.4806,85,227,RLPolicy,0,0,0.0237152,13.8629,3.50656,21,0.240986,0,0,0,0,1.02059
E3-PPOLag-p003,26.4809,18,233,RLPolicy,0,0,0.0571214,12.9468,3.50656,21,0.371318,0,0,0,0,1
E3-PPOLag-p003,26.5044,6,302,RLPolicy,1,0,0.0425713,12.559,3.50656,21,0.275468,0,0,0,0,1.05475
E3-PPOLag-p003,26.5148,78,193,RLPolicy,1,0,0.0142436,7.62462,3.50656,13,0.195274,0,0,0,0,1.02059
E3-PPOLag-p003,26.5277,147,220,RLPolicy,0,0,0.0236857,13.8629,3.50656,21,0.367847,0,0,0,0,1
E3-PPOLag-p003,26.5413,134,256,RLPolicy,0,0,0.033062,0.693147,3.50656,2,0.006817,0,0,0,0,1
E3-PPOLag-p003,26.5684,119,73,RLPolicy,0,0,0.023681,13.8629,3.50656,21,0.377463,0,0,0,0,0.985933
E3-PPOLag-p003,26.5857,155,62,RLPolicy,0,0,0.0236817,13.8629,3.50656,21,0.425747,0,0,0,0,1
E3-PPOLag-p003,26.602,47,62,RLPolicy,0,0,0.0237459,12.9468,3.50656,21,0.485348,0,0,0,0,1
E3-PPOLag-p003,26.6026,13,278,RLPolicy,0,0,0.0236929,13.2522,3.50656,21,0.335902,0,0,0,0,1
E3-PPOLag-p003,26.6161,100,163,RLPolicy,0,0,0.0236869,13.8629,3.50656,21,0.482368,0,0,0,0,1
E3-PPOLag-p003,26.6323,97,104,RLPolicy,0,0,0.0236882,13.8629,3.50656,21,0.317862,0,0,0,0,1
E3-PPOLag-p003,26.6379,95,204,RLPolicy,0,0,0.0236796,13.8629,3.50656,21,0.428013,0,0,0,0,1
E3-PPOLag-p003,26.6521,90,331,RLPolicy,0,0,0.0236891,13.8629,3.50656,21,0.424691,0,0,0,0,1
E3-PPOLag-p003,26.6653,185,244,RLPolicy,0,0,0.0236792,13.8629,3.50656,21,0.40715,0,0,0,0,1
E3-PPOLag-p003,26.6735,164,52,RLPolicy,0,0,0.02368,13.8629,3.50656,21,0.466295,0,0,0,0,1
E3-PPOLag-p003,26.6751,122,94,RLPolicy,0,0,0.0236794,13.8629,3.50656,21,0.388028,0,0,0,0,1
E3-PPOLag-p003,26.6805,146,219,RLPolicy,0,0,0.0237008,13.8629,3.50656,21,0.279264,0,0,0,0,1
E3-PPOLag-p003,26.6982,148,114,RLPolicy,0,0,0.0035569,2.07944,3.50656,4,0.050854,0,0,0,0,1
E3-PPOLag-p003,26.7049,140,303,RLPolicy,0,0,0.0213653,12.4766,3.50656,19,0.146304,0,0,0,0,1
E3-PPOLag-p003,26.7076,15,85,RLPolicy,0,0,0.00356785,2.07944,3.50656,4,0.067842,0,0,0,0,1
E3-PPOLag-p003,26.71,36,125,RLPolicy,0,0,0.0237104,13.5576,3.50656,21,0.228997,0,0,0,0,1
E3-PPOLag-p003,26.7786,51,85,RLPolicy,0,0,0.0320102,7.62462,3.50656,12,0.123784,0,0,0,0,1
E3-PPOLag-p003,26.7823,88,356,RLPolicy,0,0,0.023694,13.8629,3.50656,21,0.212706,0,0,0,0,1
E3-PPOLag-p003,26.7889,121,297,RLPolicy,0,0,0.0237004,13.8629,3.50656,21,0.232472,0,0,0,0,1
E3-PPOLag-p003,26.7959,101,106,RLPolicy,0,0,0.0237005,13.8629,3.50656,21,0.380133,0,0,0,0,0.992864
E3-PPOLag-p003,26.8131,14,178,RLPolicy,0,0,0.0094792,5.54518,3.50656,9,0.124451,0,0,0,0,1
E3-PPOLag-p003,26.8149,16,8,RLPolicy,0,0,0.0555064,12.336,3.50656,21,0.435333,0,0,0,0,1
E3-PPOLag-p003,26.8224,141,216,RLPolicy,0,0,0.0236804,13.8629,3.50656,21,0.287512,0,0,0,0,1
E3-PPOLag-p003,26.8287,9,70,RLPolicy,0,0,0.0236953,13.2522,3.50656,21,0.231451,0,0,0,0,1
E3-PPOLag-p003,26.8311,144,279,RLPolicy,0,0,0.0236786,13.8629,3.50656,21,0.673333,0,0,0,0,1
E3-PPOLag-p003,26.8342,178,180,RLPolicy,1,0,0.00832238,4.15888,3.50656,8,0.101691,0,0,0,0,1.00326
E3-PPOLag-p003,26.8439,26,11,RLPolicy,0,0,0.0306446,3.46574,3.50656,6,0.028333,0,0,0,0,1
E3-PPOLag-p003,26.8776,62,213,RLPolicy,0,0,0.0236935,13.8629,3.50656,21,0.535107,0,0,0,0,1
E3-PPOLag-p003,26.8789,138,77,RLPolicy,0,0,0.0236855,13.8629,3.50656,21,0.335024,0,0,0,0,1
E3-PPOLag-p003,26.8992,171,38,RLPolicy,0,0,0.0236904,13.8629,3.50656,21,0.316132,0,0,0,0,1
E3-PPOLag-p003,26.9097,80,28,RLPolicy,0,0,0.0236797,13.8629,3.50656,21,0.352993,0,0,0,0,1
E3-PPOLag-p003,26.9163,191,205,RLPolicy,0,0,0.0236804,13.8629,3.50656,21,0.486605,0,0,0,0,1
E3-PPOLag-p003,26.9392,159,178,RLPolicy,0,0,0.0106599,6.23832,3.50656,10,0.160128,0,0,0,0,1
E3-PPOLag-p003,26.9569,166,303,RLPolicy,0,0,0.0225602,13.1698,3.50656,20,0.399766,0,0,0,0,1
E3-PPOLag-p003,26.9605,130,166,RLPolicy,0,0,0.0236834,13.8629,3.50656,21,0.279855,0,0,0,0,1
E3-PPOLag-p003,26.9654,40,91,RLPolicy,0,0,0.0237308,12.6414,3.50656,21,0.396514,0,0,0,0,1
E3-PPOLag-p003,26.9675,158,61,RLPolicy,0,0,0.0236802,13.8629,3.50656,21,0.539764,0,0,0,0,1
E3-PPOLag-p003,26.9679,56,265,RLPolicy,0,0,0.023681,13.8629,3.50656,21,0.418929,0,0,0,0,1
E3-PPOLag-p003,26.978,117,178,RLPolicy,0,0,0.0237016,13.8629,3.50656,21,0.274823,0,0,0,0,1
E3-PPOLag-p003,27.009,186,177,RLPolicy,0,0,0.023685,13.8629,3.50656,21,0.426849,0,0,0,0,1
E3-PPOLag-p003,27.02,149,248,RLPolicy,0,0,0.0236783,13.8629,3.50656,21,0.256759,0,0,0,0,1
E3-PPOLag-p003,27.0358,116,293,RLPolicy,0,0,0.0236788,13.8629,3.50656,21,0.384017,0,0,0,0,1
E3-PPOLag-p003,27.0587,20,287,RLPolicy,0,0,0.0441365,12.0307,3.50656,21,0.445272,0,0,0,0,0.999093
E3-PPOLag-p003,27.06,3,169,RLPolicy,0,0,0.0424675,13.2522,3.50656,21,0.443152,0,0,0,0,1.02051
E3-PPOLag-p003,27.0602,19,73,RLPolicy,0,0,0.0558696,12.336,3.50656,21,0.357428,0,0,0,0,1
E3-PPOLag-p003,27.0895,45,160,RLPolicy,0,0,0.008321,4.85203,3.50656,8,0.071292,0,0,0,0,1
E3-PPOLag-p003,27.092,111,73,RLPolicy,0,0,0.0236802,13.8629,3.50656,21,0.47001,0,0,0,0,1
E3-PPOLag-p003,27.0993,46,244,RLPolicy,0,0,0.023795,12.6414,3.50656,21,0.460806,0,0,0,0,0.985933
E3-PPOLag-p003,27.1041,168,27,RLPolicy,0,0,0.023679,13.8629,3.50656,21,0.466746,0,0,0,0,1
E3-PPOLag-p003,27.1136,43,251,RLPolicy,0,0,0.0237351,12.6414,3.50656,21,0.411008,0,0,0,0,1
E3-PPOLag-p003,27.1394,12,248,RLPolicy,0,0,0.0236782,13.8629,3.50656,21,0.521199,0,0,0,0,1
E3-PPOLag-p003,27.1454,63,58,RLPolicy,0,0,0.0237177,13.5576,3.50656,21,0.301805,0,0,0,0,1
E3-PPOLag-p003,27.1508,81,126,RLPolicy,0,0,0.0237186,13.8629,3.50656,21,0.162963,0,0,0,0,1
E3-PPOLag-p003,27.1626,25,287,RLPolicy,0,0,0.0531576,12.0307,3.50656,21,0.265176,0,0,0,0,1.03028
E3-PPOLag-p003,27.1995,103,259,RLPolicy,0,0,0.0236805,13.8629,3.50656,21,0.492378,0,0,0,0,1
E3-PPOLag-p003,27.2047,105,94,RLPolicy,0,0,0.0236796,13.8629,3.50656,21,0.36032,0,0,0,0,1
E3-PPOLag-p003,27.2053,76,73,RLPolicy,0,0,0.023681,13.8629,3.50656,21,0.312913,0,0,0,0,1
E3-PPOLag-p003,27.2063,107,220,RLPolicy,0,0,0.0236845,13.8629,3.50656,21,0.379001,0,0,0,0,1
E3-PPOLag-p003,27.2175,194,248,RLPolicy,0,0,0.0236822,13.8629,3.50656,21,0.382997,0,0,0,0,1
E3-PPOLag-p003,27.2218,112,52,RLPolicy,0,0,0.0236803,13.8629,3.50656,21,0.412765,0,0,0,0,1
E3-PPOLag-p003,27.2259,54,11,RLPolicy,0,0,0.00835114,4.85203,3.50656,8,0.136442,0,0,0,0,1
E3-PPOLag-p003,27.2313,139,157,RLPolicy,0,0,0.0236789,13.8629,3.50656,21,0.287613,0,0,0,0,1
E3-PPOLag-p003,27.2315,38,76,RLPolicy,1,0,0.0118909,5.32218,3.50656,11,0.178105,0,0,0,0,1.00908
E3-PPOLag-p003,27.2362,162,290,RLPolicy,0,0,0.0236909,13.8629,3.50656,21,0.508365,0,0,0,0,1
E3-PPOLag-p003,27.237,66,285,RLPolicy,0,0,0.0236841,13.8629,3.50656,21,0.369729,0,0,0,0,1.03099
E3-PPOLag-p003,27.242,50,274,RLPolicy,0,0,0.023729,13.5576,3.50656,21,0.44581,0,0,0,0,1
E3-PPOLag-p003,27.2423,52,274,RLPolicy,0,0,0.0236951,13.5576,3.50656,21,0.407613,0,0,0,0,1.02059
E3-PPOLag-p003,27.247,114,353,RLPolicy,0,0,0.0401121,2.07944,3.50656,4,0.062735,0,0,0,0,1
E3-PPOLag-p003,27.2636,39,125,RLPolicy,0,0,0.0236783,13.8629,3.50656,21,0.47491,0,0,0,0,1
E3-PPOLag-p003,27.2786,120,160,RLPolicy,0,0,0.00832558,4.85203,3.50656,8,0.107648,0,0,0,0,1
E3-PPOLag-p003,27.2872,59,154,RLPolicy,0,0,0.00476966,2.77259,3.50656,5,0.130667,0,0,0,0,1
E3-PPOLag-p003,27.3021,131,356,RLPolicy,0,0,0.0236875,13.8629,3.50656,21,0.23942,0,0,0,0,1
E3-PPOLag-p003,27.3116,49,243,RLPolicy,0,0,0.0469895,13.8629,3.50656,21,0.45677,0,0,0,0,1
E3-PPOLag-p003,27.3152,188,233,RLPolicy,0,0,0.0880105,13.8629,3.50656,21,0.314429,0,0,0,0,1
E3-PPOLag-p003,27.317,68,303,RLPolicy,0,0,0.0213939,12.4766,3.50656,19,0.425832,0,0,0,0,1
E3-PPOLag-p003,27.3184,86,85,RLPolicy,0,0,0.0372492,7.62462,3.50656,12,0.066998,0,0,0,0,1
E3-PPOLag-p003,27.3234,109,78,RLPolicy,0,0,0.0236809,13.8629,3.50656,21,0.3556,0,0,0,0,1
E3-PPOLag-p003,27.3471,1,364,RLPolicy,0,0,0.0253905,3.8535,3.50656,7,0.059036,0,0,0,0,1
E3-PPOLag-p003,27.357,156,164,RLPolicy,0,0,0.0236785,13.8629,3.50656,21,0.475538,0,0,0,0,1
E3-PPOLag-p003,27.3654,7,297,RLPolicy,0,0,0.0236926,13.2522,3.50656,21,0.213549,0,0,0,0,0.999097
E3-PPOLag-p003,27.3911,8,243,RLPolicy,0,0,0.0590947,12.9468,3.50656,21,0.313915,0,0,0,0,1
E3-PPOLag-p003,27.416,17,259,RLPolicy,0,0,0.0556017,12.9468,3.50656,21,0.497787,0,0,0,0,1
E3-PPOLag-p003,27.4243,177,297,RLPolicy,0,0,0.0236801,13.8629,3.50656,21,0.377891,0,0,0,0,1
E3-PPOLag-p003,27.4255,67,325,RLPolicy,1,1,0.0023934,0.693147,3.50656,3,0.135702,0,0,0,0,0.985933
E3-PPOLag-p003,27.4553,94,172,RLPolicy,0,0,0.0236785,13.8629,3.50656,21,0.323432,0,0,0,0,1
E3-PPOLag-p003,27.4573,74,309,RLPolicy,0,0,0.0236824,13.8629,3.50656,21,0.222071,0,0,0,0,1
E3-PPOLag-p003,27.4602,65,219,RLPolicy,0,0,0.0236989,13.8629,3.50656,21,0.422876,0,0,0,0,1
E3-PPOLag-p003,27.4684,61,56,RLPolicy,0,0,0.0236801,13.8629,3.50656,21,0.595861,0,0,0,0,1
E3-PPOLag-p003,27.474,160,120,RLPolicy,0,0,0.00832874,4.85203,3.50656,8,0.059359,0,0,0,0,1
E3-PPOLag-p003,27.4817,48,195,RLPolicy,0,0,0.0236891,13.8629,3.50656,21,0.628908,0,0,0,0,1
E3-PPOLag-p003,27.499,99,298,RLPolicy,0,0,0.0236799,13.8629,3.50656,21,0.317651,0,0,0,0,1
E3-PPOLag-p003,27.5034,55,323,RLPolicy,0,0,0.0237201,13.8629,3.50656,21,0.242205,0,0,0,0,1
E3-PPOLag-p003,27.5143,93,17,RLPolicy,0,0,0.0236784,13.8629,3.50656,21,0.367147,0,0,0,0,1
E3-PPOLag-p003,27.5147,53,303,RLPolicy,0,0,0.02137,12.1713,3.50656,19,0.313648,0,0,0,0,1.01366
E3-PPOLag-p003,27.5196,113,218,RLPolicy,0,0,0.0236893,13.8629,3.50656,21,0.49718,0,0,0,0,1
E3-PPOLag-p003,27.5226,44,193,RLPolicy,0,0,0.0614462,12.9468,3.50656,21,0.273665,0,0,0,0,1
E3-PPOLag-p003,27.5234,179,248,RLPolicy,0,0,0.0236859,13.8629,3.50656,21,0.510378,0,0,0,0,1
E3-PPOLag-p003,27.5245,165,157,RLPolicy,0,0,0.0236804,13.8629,3.50656,21,0.389862,0,0,0,0,1
E3-PPOLag-p003,27.5286,200,215,RLPolicy,1,0,0.011878,6.23832,3.50656,11,0.246037,0,0,0,0,1.01366
E3-PPOLag-p003,27.5304,0,216,RLPolicy,1,0,0.0376212,5.2398,3.50656,10,0.212493,0,0,0,0,1.00867
E3-PPOLag-p003,27.5349,124,216,RLPolicy,0,0,0.0236804,13.8629,3.50656,21,0.588497,0,0,0,0,1
E3-PPOLag-p003,27.5379,167,111,RLPolicy,0,0,0.0232425,13.8629,3.50656,21,0.640357,0,0,0,0,1
E3-PPOLag-p003,27.547,91,111,RLPolicy,0,0,0.0232425,13.8629,3.50656,21,0.300715,0,0,0,0,1
E3-PPOLag-p003,27.5478,150,279,RLPolicy,0,0,0.0236842,13.8629,3.50656,21,0.362519,0,0,0,0,1
E3-PPOLag-p003,27.5524,153,297,RLPolicy,0,0,0.0236786,13.8629,3.50656,21,0.206187,0,0,0,0,1
E3-PPOLag-p003,27.5606,115,334,RLPolicy,0,0,0.0236818,13.8629,3.50656,21,0.431023,0,0,0,0,1
E3-PPOLag-p003,27.5775,118,111,RLPolicy,0,0,0.0232425,13.8629,3.50656,21,0.473465,0,0,0,0,1
E3-PPOLag-p003,27.5875,127,154,RLPolicy,0,0,0.0348854,2.07944,3.50656,4,0.150994,0,0,0,0,1
E3-PPOLag-p003,27.6012,142,298,RLPolicy,0,0,0.0236813,13.8629,3.50656,21,0.296287,0,0,0,0,1
E3-PPOLag-p003,27.6149,145,324,RLPolicy,0,0,0.0236799,13.8629,3.50656,21,0.30774,0,0,0,0,1
E3-PPOLag-p003,27.6516,89,43,RLPolicy,0,0,0.0717473,13.4005,3.50656,21,0.297495,0,0,0,0,1
E3-PPOLag-p003,27.6757,83,41,RLPolicy,0,0,0.0236809,13.8629,3.50656,21,0.361907,0,0,0,0,1
E3-PPOLag-p003,27.6803,60,177,RLPolicy,0,0,0.0237295,13.4005,3.50656,21,0.191231,0,0,0,0,1
E3-PPOLag-p003,27.6846,102,254,RLPolicy,0,0,0.0236844,13.8629,3.50656,21,0.17687,0,0,0,0,1
E3-PPOLag-p003,27.6869,35,103,RLPolicy,0,0,0.0593996,12.9468,3.50656,21,0.355522,0,0,0,0,1
E3-PPOLag-p003,27.6923,195,242,RLPolicy,0,0,0.0236821,13.8629,3.50656,21,0.700056,0,0,0,0,1
E3-PPOLag-p003,27.6944,96,9,RLPolicy,0,0,0.0236787,13.8629,3.50656,21,0.302914,0,0,0,0,1
E3-PPOLag-p003,27.7018,11,26,RLPolicy,0,0,0.00712822,4.15888,3.50656,7,0.033151,0,0,0,0,1
E3-PPOLag-p003,27.7179,126,332,RLPolicy,0,0,0.0236875,13.8629,3.50656,21,0.380178,0,0,0,0,1
E3-PPOLag-p003,27.7272,128,32,RLPolicy,0,0,0.0236789,13.8629,3.50656,21,0.477811,0,0,0,0,1
E3-PPOLag-p003,27.7331,108,56,RLPolicy,0,0,0.02368,13.8629,3.50656,21,0.521819,0,0,0,0,1
E3-PPOLag-p003,27.7398,27,176,RLPolicy,0,0,0.0578671,11.7253,3.50656,21,0.406127,0,0,0,0,1
E3-PPOLag-p003,27.7478,152,295,RLPolicy,0,0,0.0237155,13.8629,3.50656,21,0.139968,0,0,0,0,1
E3-PPOLag-p003,27.7501,106,258,RLPolicy,0,0,0.0236797,13.8629,3.50656,21,0.362185,0,0,0,0,1
E3-PPOLag-p003,27.7605,136,12,RLPolicy,0,0,0.0236943,13.8629,3.50656,21,0.23207,0,0,0,0,1
E3-PPOLag-p003,27.7683,73,111,RLPolicy,0,0,0.0236787,13.8629,3.50656,21,0.320575,0,0,0,0,1
E3-PPOLag-p003,27.7693,82,41,RLPolicy,0,0,0.0236794,13.8629,3.50656,21,0.431322,0,0,0,0,1
E3-PPOLag-p003,27.7745,123,303,RLPolicy,0,0,0.0225504,13.1698,3.50656,20,0.297502,0,0,0,0,1
E3-PPOLag-p003,27.7854,189,168,RLPolicy,0,0,0.0232424,13.8629,3.50656,21,0.495747,0,0,0,0,1
E3-PPOLag-p003,27.7964,175,153,RLPolicy,0,0,0.0655373,13.8629,3.50656,21,0.498519,0,0,0,0,1
E3-PPOLag-p003,27.819,129,297,RLPolicy,0,0,0.0236899,13.8629,3.50656,21,0.484454,0,0,0,0,1
E3-PPOLag-p003,27.8206,98,6,RLPolicy,0,0,0.0237205,13.8629,3.50656,21,0.145072,0,0,0,0,1.01366
E3-PPOLag-p003,27.8236,5,246,RLPolicy,1,0,0.0472529,4.93441,3.50656,10,0.285538,0,0,0,0,1.00714
E3-PPOLag-p003,27.8346,92,24,RLPolicy,0,0,0.0237179,13.8629,3.50656,21,0.096067,0,0,0,0,1
E3-PPOLag-p003,27.8562,22,354,RLPolicy,0,0,0.0236803,13.8629,3.50656,21,0.373445,0,0,0,0,1
E3-PPOLag-p003,27.8632,34,377,RLPolicy,0,0,0.023289,12.6414,3.50656,21,0.365128,0,0,0,0,0.988284
E3-PPOLag-p003,27.8791,58,248,RLPolicy,0,0,0.0661134,13.5576,3.50656,21,0.879608,0,0,0,0,0.984406
E3-PPOLag-p003,27.8889,172,168,RLPolicy,0,0,0.0232424,13.8629,3.50656,21,0.493655,0,0,0,0,1
E3-PPOLag-p003,27.8942,181,256,RLPolicy,0,0,0.0118836,6.93147,3.50656,11,0.219014,0,0,0,0,1
E3-PPOLag-p003,27.9225,197,361,RLPolicy,0,0,0.0236933,13.8629,3.50656,21,0.205736,0,0,0,0,1
E3-PPOLag-p003,27.939,151,172,RLPolicy,0,0,0.0232423,13.8629,3.50656,21,0.364512,0,0,0,0,1
E3-PPOLag-p003,27.9394,170,19,RLPolicy,0,0,0.0236925,13.8629,3.50656,21,0.178526,0,0,0,0,1
E3-PPOLag-p003,27.9586,154,206,RLPolicy,0,0,0.00357004,2.07944,3.50656,4,0.022797,0,0,0,0,1
E3-PPOLag-p003,27.9702,173,222,RLPolicy,0,0,0.0236791,13.8629,3.50656,21,0.342051,0,0,0,0,1
E3-PPOLag-p003,27.9719,41,204,RLPolicy,0,0,0.0237514,12.6414,3.50656,21,0.361402,0,0,0,0,1
E3-PPOLag-p003,27.9815,69,106,RLPolicy,0,0,0.0236789,13.8629,3.50656,21,0.356951,0,0,0,0,1
E3-PPOLag-p003,27.9821,42,22,RLPolicy,0,0,0.0237031,13.5576,3.50656,21,0.344401,0,0,0,0,1
E3-PPOLag-p003,27.9922,163,62,RLPolicy,0,0,0.0236827,13.8629,3.50656,21,0.369271,0,0,0,0,1
E3-PPOLag-p003,28.0119,30,210,RLPolicy,0,0,0.0587745,13.5576,3.50656,21,0.219963,0,0,0,0,1
E3-PPOLag-p003,28.0153,143,11,RLPolicy,0,0,0.00710991,4.15888,3.50656,7,0.04579,0,0,0,0,1
E3-PPOLag-p003,28.0153,21,82,RLPolicy,0,0,0.0562119,12.6414,3.50656,21,0.498624,0,0,0,0,1
E3-PPOLag-p003,28.0171,24,132,RLPolicy,0,0,0.0485683,13.5576,3.50656,21,0.210006,0,0,0,0,1
E3-PPOLag-p003,28.0188,135,220,RLPolicy,0,0,0.0236836,13.8629,3.50656,21,0.336471,0,0,0,0,1
E3-PPOLag-p003,28.0191,10,364,RLPolicy,0,0,0.0347578,3.8535,3.50656,7,0.040227,0,0,0,0,1
E3-PPOLag-p003,28.0209,174,243,RLPolicy,0,0,0.0236825,13.8629,3.50656,21,0.354912,0,0,0,0,1
E3-PPOLag-p003,28.0273,2,324,RLPolicy,0,0,0.0237489,12.9468,3.50656,21,0.496248,0,0,0,0,1
E3-PPOLag-p003,28.0348,4,99,RLPolicy,0,0,0.0237562,12.6414,3.50656,21,0.494812,0,0,0,0,1
E3-PPOLag-p003,28.0396,29,317,RLPolicy,0,0,0.0557785,12.336,3.50656,21,0.475179,0,0,0,0,1
E3-PPOLag-p003,28.0519,64,309,RLPolicy,0,0,0.0236803,13.8629,3.50656,21,0.383137,0,0,0,0,1
E3-PPOLag-p003,28.0795,187,104,RLPolicy,0,0,0.0236893,13.8629,3.50656,21,0.474404,0,0,0,0,1
E3-PPOLag-p003,28.0804,132,60,RLPolicy,0,0,0.0236901,13.8629,3.50656,21,0.192066,0,0,0,0,1
E3-PPOLag-p003,28.0883,176,3,RLPolicy,0,0,0.0237163,13.8629,3.50656,21,0.303651,0,0,0,0,1
E3-PPOLag-p003,28.0942,183,154,RLPolicy,0,0,0.0177958,10.3972,3.50656,16,0.342124,0,0,0,0,1
E3-PPOLag-p003,28.0976,157,154,RLPolicy,0,0,0.0178023,10.3972,3.50656,16,0.229273,0,0,0,0,1
E3-PPOLag-p003,28.1025,75,293,RLPolicy,0,0,0.0236784,13.8629,3.50656,21,0.404746,0,0,0,0,1
E3-PPOLag-p003,28.1201,182,205,RLPolicy,0,0,0.0236791,13.8629,3.50656,21,0.588792,0,0,0,0,1
E3-PPOLag-p003,28.1207,57,60,RLPolicy,0,0,0.0236892,13.8629,3.50656,21,0.219343,0,0,0,0,1
E3-PPOLag-p003,28.1281,161,186,RLPolicy,0,0,0.0236801,13.8629,3.50656,21,0.309024,0,0,0,0,1
E3-PPOLag-p003,28.1634,208,316,RLPolicy,0,0,0.0237068,13.8629,3.50656,21,0.251591,0,0,0,0,1
E3-PPOLag-p003,28.1793,110,387,RLPolicy,0,0,0.00950091,5.54518,3.50656,9,0.079708,0,0,0,0,1
E3-PPOLag-p003,28.1834,31,233,RLPolicy,0,0,0.0475715,12.336,3.50656,21,0.48431,0,0,0,0,0.988284
E3-PPOLag-p003,28.1997,137,85,RLPolicy,0,0,0.0118518,6.93147,3.50656,11,0.148937,0,0,0,0,1
E3-PPOLag-p003,28.2007,192,11,RLPolicy,0,0,0.0561888,4.85203,3.50656,8,0.110295,0,0,0,0,1
E3-PPOLag-p003,28.2109,33,5,RLPolicy,0,0,0.0607616,12.9468,3.50656,21,0.392641,0,0,0,0,1.00867
E3-PPOLag-p003,28.2193,180,387,RLPolicy,0,0,0.0166171,9.70406,3.50656,15,0.198876,0,0,0,0,1
E3-PPOLag-p003,28.2357,71,243,RLPolicy,0,0,0.051075,13.8629,3.50656,21,0.206775,0,0,0,0,1
E3-PPOLag-p003,28.2413,190,172,RLPolicy,0,0,0.0232423,13.8629,3.50656,21,0.558952,0,0,0,0,1
E3-PPOLag-p003,28.2418,70,297,RLPolicy,0,0,0.0236814,13.8629,3.50656,21,0.568241,0,0,0,0,1
E3-PPOLag-p003,28.2538,125,186,RLPolicy,0,0,0.02368,13.8629,3.50656,21,0.351001,0,0,0,0,1
E3-PPOLag-p003,28.2636,84,172,RLPolicy,0,0,0.0232423,13.8629,3.50656,21,0.729018,0,0,0,0,1
E3-PPOLag-p003,28.2672,209,114,RLPolicy,0,0,0.0519454,2.07944,3.50656,4,0.055907,0,0,0,0,1
E3-PPOLag-p003,28.2693,214,183,RLPolicy,0,0,0.0236809,13.8629,3.50656,21,0.369005,0,0,0,0,1
E3-PPOLag-p003,28.302,87,111,RLPolicy,0,0,0.0232423,13.8629,3.50656,21,0.365947,0,0,0,0,1
E3-PPOLag-p003,28.3166,104,171,RLPolicy,0,0,0.0236832,13.8629,3.50656,21,0.325777,0,0,0,0,1
E3-PPOLag-p003,28.3238,222,164,RLPolicy,0,0,0.0236839,13.8629,3.50656,21,0.386469,0,0,0,0,1
E3-PPOLag-p003,28.3245,23,379,RLPolicy,0,0,0.049136,13.5576,3.50656,21,0.6118,0,0,0,0,0.990223
E3-PPOLag-p003,28.3289,77,125,RLPolicy,0,0,0.02368,13.8629,3.50656,21,0.34564,0,0,0,0,1
E3-PPOLag-p003,28.3412,79,100,RLPolicy,0,0,0.0236828,13.8629,3.50656,21,0.395519,0,0,0,0,1
E3-PPOLag-p003,28.3419,32,115,RLPolicy,0,0,0.0237304,12.6414,3.50656,21,0.536144,0,0,0,0,1
E3-PPOLag-p003,28.3441,37,219,RLPolicy,0,0,0.0303897,13.5576,3.50656,21,0.282556,0,0,0,0,1
E3-PPOLag-p003,28.3535,206,154,RLPolicy,0,0,0.00357084,2.07944,3.50656,4,0.090665,0,0,0,0,1
E3-PPOLag-p003,28.4052,204,43,RLPolicy,0,0,0.0236782,13.8629,3.50656,21,0.697684,0,0,0,0,1
E3-PPOLag-p003,28.4188,169,12,RLPolicy,0,0,0.0236972,13.8629,3.50656,21,0.279651,0,0,0,0,1
E3-PPOLag-p003,28.4368,133,248,RLPolicy,0,0,0.0236825,13.8629,3.50656,21,0.509097,0,0,0,0,1
E3-PPOLag-p003,28.4532,28,246,RLPolicy,0,0,0.0518156,12.336,3.50656,21,0.854165,0,0,0,0,0.984406
E3-PPOLag-p003,28.4663,72,303,RLPolicy,0,0,0.00830607,4.85203,3.50656,8,0.08981,0,0,0,0,1
E3-PPOLag-p003,28.4724,193,142,RLPolicy,0,0,0.0236794,13.8629,3.50656,21,0.515341,0,0,0,0,1
E3-PPOLag-p003,28.4806,85,207,RLPolicy,0,0,0.0237157,13.8629,3.50656,21,0.172458,0,0,0,0,1.02059
E3-PPOLag-p003,28.4809,18,124,RLPolicy,0,0,0.0237097,13.2522,3.50656,21,0.355111,0,0,0,0,1
E3-PPOLag-p003,28.4896,184,12,RLPolicy,0,0,0.0236935,13.8629,3.50656,21,0.550455,0,0,0,0,1
E3-PPOLag-p003,28.4917,219,116,RLPolicy,0,0,0.0236784,13.8629,3.50656,21,0.481065,0,0,0,0,1
E3-PPOLag-p003,28.5044,6,311,RLPolicy,0,0,0.0410876,13.2522,3.50656,21,0.402292,0,0,0,0,1.05475
E3-PPOLag-p003,28.5148,78,303,RLPolicy,0,0,0.0225537,13.1698,3.50656,20,0.287773,0,0,0,0,1.02059
E3-PPOLag-p003,28.5277,147,291,RLPolicy,0,0,0.0236828,13.8629,3.50656,21,0.406229,0,0,0,0,1
E3-PPOLag-p003,28.5413,134,287,RLPolicy,0,0,0.02372,13.8629,3.50656,21,0.224557,0,0,0,0,1
E3-PPOLag-p003,28.5684,119,168,RLPolicy,0,0,0.0232422,13.8629,3.50656,21,0.488791,0,0,0,0,0.985933
E3-PPOLag-p003,28.5857,155,62,RLPolicy,0,0,0.0236818,13.8629,3.50656,21,0.458643,0,0,0,0,1
E3-PPOLag-p003,28.602,47,139,RLPolicy,0,0,0.0237134,13.2522,3.50656,21,0.374519,0,0,0,0,1
E3-PPOLag-p003,28.6026,13,249,RLPolicy,0,0,0.0236899,13.2522,3.50656,21,0.220273,0,0,0,0,1
E3-PPOLag-p003,28.6161,100,44,RLPolicy,0,0,0.0236879,13.8629,3.50656,21,0.258521,0,0,0,0,1
E3-PPOLag-p003,28.6323,97,242,RLPolicy,1,1,0.00595635,2.77259,3.50656,6,0.077134,0,0,0,0,0.99633
E3-PPOLag-p003,28.6379,95,43,RLPolicy,0,0,0.0232424,13.8629,3.50656,21,0.396471,0,0,0,0,1
E3-PPOLag-p003,28.6457,202,183,RLPolicy,0,0,0.0236819,13.8629,3.50656,21,0.37252,0,0,0,0,1
E3-PPOLag-p003,28.65,217,332,RLPolicy,0,0,0.0236792,13.8629,3.50656,21,0.416984,0,0,0,0,1
E3-PPOLag-p003,28.6521,90,290,RLPolicy,0,0,0.0237046,13.8629,3.50656,21,0.257991,0,0,0,0,1
E3-PPOLag-p003,28.6653,185,183,RLPolicy,0,0,0.0236787,13.8629,3.50656,21,0.241879,0,0,0,0,1
E3-PPOLag-p003,28.6735,164,168,RLPolicy,0,0,0.0236782,13.8629,3.50656,21,0.338973,0,0,0,0,1
E3-PPOLag-p003,28.6751,122,43,RLPolicy,0,0,0.0232424,13.8629,3.50656,21,0.329671,0,0,0,0,1
E3-PPOLag-p003,28.6805,146,207,RLPolicy,0,0,0.0237004,13.8629,3.50656,21,0.149267,0,0,0,0,1
E3-PPOLag-p003,28.6982,148,114,RLPolicy,0,0,0.00356195,2.07944,3.50656,4,0.021098,0,0,0,0,1
E3-PPOLag-p003,28.7049,140,93,RLPolicy,0,0,0.0236842,13.8629,3.50656,21,0.417805,0,0,0,0,1
E3-PPOLag-p003,28.7076,15,125,RLPolicy,0,0,0.023719,12.9468,3.50656,21,0.169967,0,0,0,0,1
E3-PPOLag-p003,28.71,36,85,RLPolicy,0,0,0.0118509,6.93147,3.50656,11,0.112449,0,0,0,0,1
E3-PPOLag-p003,28.7786,51,85,RLPolicy,0,0,0.0118539,6.93147,3.50656,11,0.236711,0,0,0,0,1
E3-PPOLag-p003,28.7823,88,173,RLPolicy,0,0,0.0236839,13.8629,3.50656,21,0.491256,0,0,0,0,1
E3-PPOLag-p003,28.7889,121,343,RLPolicy,0,0,0.0237079,13.8629,3.50656,21,0.187927,0,0,0,0,1
E3-PPOLag-p003,28.7959,101,106,RLPolicy,0,0,0.0236833,13.8629,3.50656,21,0.212478,0,0,0,0,0.992864
E3-PPOLag-p003,28.8131,14,256,RLPolicy,0,0,0.0118747,6.93147,3.50656,11,0.061773,0,0,0,0,1
E3-PPOLag-p003,28.8149,16,191,RLPolicy,0,0,0.0554964,12.336,3.50656,21,0.324547,0,0,0,0,1
E3-PPOLag-p003,28.8169,198,161,RLPolicy,0,0,0.0236782,13.8629,3.50656,21,0.436465,0,0,0,0,1
E3-PPOLag-p003,28.817,196,316,RLPolicy,0,0,0.0237093,13.8629,3.50656,21,0.34705,0,0,0,0,1
E3-PPOLag-p003,28.8224,141,108,RLPolicy,0,0,0.0236795,13.8629,3.50656,21,0.591659,0,0,0,0,1
E3-PPOLag-p003,28.8287,9,232,RLPolicy,0,0,0.023688,13.2522,3.50656,21,0.590401,0,0,0,0,1
E3-PPOLag-p003,28.8311,144,324,RLPolicy,0,0,0.0236786,13.8629,3.50656,21,0.484343,0,0,0,0,1
E3-PPOLag-p003,28.8342,178,55,RLPolicy,0,0,0.0236933,13.8629,3.50656,21,0.189161,0,0,0,0,1.00326
E3-PPOLag-p003,28.8439,26,344,RLPolicy,0,0,0.0286386,4.15888,3.50656,7,0.079595,0,0,0,0,1
E3-PPOLag-p003,28.8522,203,385,RLPolicy,1,1,0.00239787,0.693147,3.50656,3,0.184225,0,0,0,0,0.985933
E3-PPOLag-p003,28.8568,205,385,RLPolicy,0,0,0.0236793,13.8629,3.50656,21,1.01152,0,0,0,0,1
E3-PPOLag-p003,28.8595,199,324,RLPolicy,0,0,0.0236786,13.8629,3.50656,21,0.851991,0,0,0,0,1
E3-PPOLag-p003,28.8677,220,135,RLPolicy,0,0,0.0236817,13.8629,3.50656,21,0.309713,0,0,0,0,1
E3-PPOLag-p003,28.8695,213,35,RLPolicy,0,0,0.0236831,13.8629,3.50656,21,0.431493,0,0,0,0,1
E3-PPOLag-p003,28.8776,62,44,RLPolicy,0,0,0.0236946,13.8629,3.50656,21,0.351047,0,0,0,0,1
E3-PPOLag-p003,28.8789,138,392,RLPolicy,0,0,0.0236911,13.8629,3.50656,21,0.567854,0,0,0,0,1
E3-PPOLag-p003,28.8976,207,232,RLPolicy,0,0,0.0236812,13.8629,3.50656,21,0.388441,0,0,0,0,1
E3-PPOLag-p003,28.8992,171,107,RLPolicy,0,0,0.023682,13.8629,3.50656,21,0.449682,0,0,0,0,1
E3-PPOLag-p003,28.9097,80,28,RLPolicy,0,0,0.0236793,13.8629,3.50656,21,0.478323,0,0,0,0,1
E3-PPOLag-p003,28.91,212,324,RLPolicy,0,0,0.0236798,13.8629,3.50656,21,0.851791,0,0,0,0,1
E3-PPOLag-p003,28.9163,191,205,RLPolicy,0,0,0.0236822,13.8629,3.50656,21,0.571351,0,0,0,0,1
E3-PPOLag-p003,28.9392,159,24,RLPolicy,0,0,0.0236908,13.8629,3.50656,21,0.10478,0,0,0,0,1
E3-PPOLag-p003,28.9569,166,303,RLPolicy,0,0,0.0225526,13.1698,3.50656,20,0.181557,0,0,0,0,1
E3-PPOLag-p003,28.9605,130,303,RLPolicy,0,0,0.0225493,13.1698,3.50656,20,0.241736,0,0,0,0,1
E3-PPOLag-p003,28.9654,40,89,RLPolicy,0,0,0.023289,12.6414,3.50656,21,0.490637,0,0,0,0,1
E3-PPOLag-p003,28.9675,158,310,RLPolicy,0,0,0.02368,13.8629,3.50656,21,0.47771,0,0,0,0,1
E3-PPOLag-p003,28.9679,56,79,RLPolicy,0,0,0.0236788,13.8629,3.50656,21,0.491513,0,0,0,0,1
E3-PPOLag-p003,28.978,117,227,RLPolicy,0,0,0.0236832,13.8629,3.50656,21,0.389663,0,0,0,0,1
E3-PPOLag-p003,29.009,186,117,RLPolicy,0,0,0.0236883,13.8629,3.50656,21,0.239117,0,0,0,0,1
E3-PPOLag-p003,29.02,149,173,RLPolicy,0,0,0.0236829,13.8629,3.50656,21,0.476304,0,0,0,0,1
E3-PPOLag-p003,29.0358,116,115,RLPolicy,1,0,0.0201575,11.0904,3.50656,18,0.250731,0,0,0,0,1.03792
E3-PPOLag-p003,29.0587,20,374,RLPolicy,0,0,0.0440904,12.6414,3.50656,21,0.327787,0,0,0,0,0.999093
E3-PPOLag-p003,29.06,3,179,RLPolicy,0,0,0.0412229,13.2522,3.50656,21,0.561112,0,0,0,0,1.02051
E3-PPOLag-p003,29.0602,19,218,RLPolicy,0,0,0.0558636,12.336,3.50656,21,0.515341,0,0,0,0,1
E3-PPOLag-p003,29.0895,45,160,RLPolicy,0,0,0.00830972,4.85203,3.50656,8,0.04791,0,0,0,0,1
E3-PPOLag-p003,29.092,111,50,RLPolicy,0,0,0.0232436,13.8629,3.50656,21,0.383688,0,0,0,0,1
E3-PPOLag-p003,29.0993,46,185,RLPolicy,0,0,0.0237546,12.9468,3.50656,21,0.345291,0,0,0,0,0.985933
E3-PPOLag-p003,29.1041,168,395,RLPolicy,0,0,0.0236782,13.8629,3.50656,21,0.420708,0,0,0,0,1
E3-PPOLag-p003,29.1134,218,82,RLPolicy,0,0,0.0236784,13.8629,3.50656,21,1.39467,0,0,0,0,1
E3-PPOLag-p003,29.1136,43,392,RLPolicy,0,0,0.0237377,12.6414,3.50656,21,0.35659,0,0,0,0,1
E3-PPOLag-p003,29.1206,227,258,RLPolicy,0,0,0.0236782,13.8629,3.50656,21,0.429291,0,0,0,0,1
E3-PPOLag-p003,29.1394,12,291,RLPolicy,1,0,0.0190095,9.78644,3.50656,17,0.434951,0,0,0,0,1.0314
E3-PPOLag-p003,29.1454,63,276,RLPolicy,0,0,0.0236827,13.8629,3.50656,21,0.171756,0,0,0,0,1
E3-PPOLag-p003,29.1508,81,316,RLPolicy,0,0,0.0237106,13.8629,3.50656,21,0.293227,0,0,0,0,1
E3-PPOLag-p003,29.1626,25,332,RLPolicy,0,0,0.0531118,12.6414,3.50656,21,0.57099,0,0,0,0,1.03028
E3-PPOLag-p003,29.1706,216,31,RLPolicy,0,0,0.0236792,13.8629,3.50656,21,0.607979,0,0,0,0,1
E3-PPOLag-p003,29.1995,103,28,RLPolicy,0,0,0.0236794,13.8629,3.50656,21,0.403177,0,0,0,0,1
E3-PPOLag-p003,29.2047,105,231,RLPolicy,0,0,0.0232423,13.8629,3.50656,21,0.385839,0,0,0,0,1
E3-PPOLag-p003,29.2053,76,21,RLPolicy,0,0,0.0232424,13.8629,3.50656,21,0.576192,0,0,0,0,1
E3-PPOLag-p003,29.2063,107,67,RLPolicy,0,0,0.0236793,13.8629,3.50656,21,0.295911,0,0,0,0,1
E3-PPOLag-p003,29.2078,230,357,RLPolicy,0,0,0.00831134,4.85203,3.50656,8,0.097194,0,0,0,0,1
E3-PPOLag-p003,29.2092,210,55,RLPolicy,0,0,0.0236906,13.8629,3.50656,21,0.294427,0,0,0,0,1
E3-PPOLag-p003,29.2175,194,335,RLPolicy,0,0,0.0236803,13.8629,3.50656,21,0.270183,0,0,0,0,1
E3-PPOLag-p003,29.2218,112,21,RLPolicy,0,0,0.0232424,13.8629,3.50656,21,0.414539,0,0,0,0,1
E3-PPOLag-p003,29.2259,54,11,RLPolicy,0,0,0.00835236,4.85203,3.50656,8,0.037396,0,0,0,0,1
E3-PPOLag-p003,29.2313,139,62,RLPolicy,0,0,0.0236831,13.8629,3.50656,21,0.443262,0,0,0,0,1
E3-PPOLag-p003,29.2315,38,390,RLPolicy,0,0,0.023735,12.336,3.50656,21,0.532443,0,0,0,0,1.00908
E3-PPOLag-p003,29.2362,162,109,RLPolicy,0,0,0.0236829,13.8629,3.50656,21,0.249819,0,0,0,0,1
E3-PPOLag-p003,29.237,66,332,RLPolicy,0,0,0.0236812,13.8629,3.50656,21,0.285521,0,0,0,0,1.03099
E3-PPOLag-p003,29.242,50,274,RLPolicy,0,0,0.0619683,13.5576,3.50656,21,0.297526,0,0,0,0,1
E3-PPOLag-p003,29.2423,52,262,RLPolicy,0,0,0.0232766,13.5576,3.50656,21,0.357399,0,0,0,0,1.02059
E3-PPOLag-p003,29.247,114,353,RLPolicy,0,0,0.0401158,2.07944,3.50656,4,0.018093,0,0,0,0,1
E3-PPOLag-p003,29.2636,39,258,RLPolicy,0,0,0.0236801,13.8629,3.50656,21,0.432456,0,0,0,0,1
E3-PPOLag-p003,29.2786,120,160,RLPolicy,0,0,0.00831347,4.85203,3.50656,8,0.034812,0,0,0,0,1
E3-PPOLag-p003,29.2872,59,44,RLPolicy,0,0,0.0236807,13.8629,3.50656,21,0.252669,0,0,0,0,1
E3-PPOLag-p003,29.3021,131,242,RLPolicy,0,0,0.0236817,13.8629,3.50656,21,0.405566,0,0,0,0,1
E3-PPOLag-p003,29.3116,49,123,RLPolicy,0,0,0.0237352,13.8629,3.50656,21,0.243604,0,0,0,0,1
E3-PPOLag-p003,29.3152,188,329,RLPolicy,0,0,0.0880115,13.8629,3.50656,21,0.269247,0,0,0,0,1
E3-PPOLag-p003,29.3163,211,257,RLPolicy,0,0,0.0237037,13.8629,3.50656,21,0.448098,0,0,0,0,1
E3-PPOLag-p003,29.317,68,303,RLPolicy,0,0,0.0106997,6.23832,3.50656,10,0.085182,0,0,0,0,1
E3-PPOLag-p003,29.3184,86,85,RLPolicy,0,0,0.0118508,6.93147,3.50656,11,0.173242,0,0,0,0,1
E3-PPOLag-p003,29.3234,109,166,RLPolicy,0,0,0.0236822,13.8629,3.50656,21,0.237577,0,0,0,0,1
E3-PPOLag-p003,29.3471,1,364,RLPolicy,0,0,0.0253906,3.8535,3.50656,7,0.035827,0,0,0,0,1
E3-PPOLag-p003,29.357,156,21,RLPolicy,0,0,0.0232424,13.8629,3.50656,21,1.593,0,0,0,0,1
E3-PPOLag-p003,29.3654,7,371,RLPolicy,0,0,0.0236865,13.2522,3.50656,21,0.355022,0,0,0,0,0.999097
E3-PPOLag-p003,29.3911,8,142,RLPolicy,0,0,0.0560159,12.9468,3.50656,21,0.552564,0,0,0,0,1
E3-PPOLag-p003,29.3919,201,274,RLPolicy,0,0,0.0236809,13.8629,3.50656,21,0.52387,0,0,0,0,1
E3-PPOLag-p003,29.416,17,191,RLPolicy,0,0,0.0555972,12.9468,3.50656,21,0.357211,0,0,0,0,1
E3-PPOLag-p003,29.4243,177,200,RLPolicy,0,0,0.0236792,13.8629,3.50656,21,0.241074,0,0,0,0,1
E3-PPOLag-p003,29.4255,67,73,RLPolicy,1,1,0.00193264,0.693147,3.50656,3,0.065574,0,0,0,0,0.971866
E3-PPOLag-p003,29.4553,94,21,RLPolicy,0,0,0.0236782,13.8629,3.50656,21,0.432964,0,0,0,0,1
E3-PPOLag-p003,29.4573,74,91,RLPolicy,0,0,0.0236793,13.8629,3.50656,21,0.434068,0,0,0,0,1
E3-PPOLag-p003,29.4602,65,85,RLPolicy,0,0,0.0118509,6.93147,3.50656,11,0.059037,0,0,0,0,1
E3-PPOLag-p003,29.4684,61,108,RLPolicy,0,0,0.0236805,13.8629,3.50656,21,0.359643,0,0,0,0,1
E3-PPOLag-p003,29.474,160,120,RLPolicy,0,0,0.00831456,4.85203,3.50656,8,0.111188,0,0,0,0,1
E3-PPOLag-p003,29.4817,48,335,RLPolicy,0,0,0.0236783,13.8629,3.50656,21,0.337022,0,0,0,0,1
E3-PPOLag-p003,29.499,99,183,RLPolicy,0,0,0.0236804,13.8629,3.50656,21,0.417297,0,0,0,0,1
E3-PPOLag-p003,29.5034,55,42,RLPolicy,0,0,0.0237083,13.8629,3.50656,21,0.145177,0,0,0,0,1
E3-PPOLag-p003,29.5143,93,182,RLPolicy,0,0,0.0236831,13.8629,3.50656,21,0.563184,0,0,0,0,1
E3-PPOLag-p003,29.5147,53,303,RLPolicy,0,0,0.0225427,12.8644,3.50656,20,0.126351,0,0,0,0,1.01366
E3-PPOLag-p003,29.5196,113,73,RLPolicy,1,0,0.00830401,4.15888,3.50656,8,0.174984,0,0,0,0,1.00326
E3-PPOLag-p003,29.5226,44,216,RLPolicy,0,0,0.0530789,13.2522,3.50656,21,0.439893,0,0,0,0,1
E3-PPOLag-p003,29.5234,179,335,RLPolicy,0,0,0.0236827,13.8629,3.50656,21,0.297152,0,0,0,0,1
E3-PPOLag-p003,29.5245,165,298,RLPolicy,0,0,0.0236803,13.8629,3.50656,21,0.637648,0,0,0,0,1
E3-PPOLag-p003,29.5286,200,161,RLPolicy,0,0,0.0236806,13.8629,3.50656,21,0.231966,0,0,0,0,1.01366
E3-PPOLag-p003,29.5304,0,33,RLPolicy,0,0,0.0543612,12.9468,3.50656,21,0.346485,0,0,0,0,1.00867
E3-PPOLag-p003,29.5349,124,310,RLPolicy,0,0,0.0236789,13.8629,3.50656,21,0.38684,0,0,0,0,1
E3-PPOLag-p003,29.5379,167,231,RLPolicy,0,0,0.0232416,13.8629,3.50656,21,0.401447,0,0,0,0,1
E3-PPOLag-p003,29.547,91,21,RLPolicy,1,1,0.0019571,0.693147,3.50656,3,0.154091,0,0,0,0,0.985933
E3-PPOLag-p003,29.5478,150,265,RLPolicy,0,0,0.0236809,13.8629,3.50656,21,0.640667,0,0,0,0,1
E3-PPOLag-p003,29.5524,153,354,RLPolicy,0,0,0.0236793,13.8629,3.50656,21,0.380504,0,0,0,0,1
E3-PPOLag-p003,29.5606,115,43,RLPolicy,0,0,0.0236781,13.8629,3.50656,21,0.383069,0,0,0,0,1
E3-PPOLag-p003,29.5672,232,239,RLPolicy,0,0,0.0236838,13.8629,3.50656,21,0.436985,0,0,0,0,1
E3-PPOLag-p003,29.5775,118,231,RLPolicy,0,0,0.0232416,13.8629,3.50656,21,0.394868,0,0,0,0,1
E3-PPOLag-p003,29.5875,127,140,RLPolicy,0,0,0.0551161,13.8629,3.50656,21,0.144163,0,0,0,0,1
E3-PPOLag-p003,29.5963,221,366,RLPolicy,0,0,0.0236954,13.8629,3.50656,21,0.525999,0,0,0,0,1
E3-PPOLag-p003,29.6012,142,402,RLPolicy,0,0,0.0236812,13.8629,3.50656,21,0.398443,0,0,0,0,1
E3-PPOLag-p003,29.6149,145,5,RLPolicy,0,0,0.0236784,13.8629,3.50656,21,0.500073,0,0,0,0,1
E3-PPOLag-p003,29.6516,89,381,RLPolicy,0,0,0.0700424,13.4005,3.50656,21,0.70151,0,0,0,0,1
E3-PPOLag-p003,29.6757,83,231,RLPolicy,0,0,0.0232416,13.8629,3.50656,21,0.595462,0,0,0,0,1
E3-PPOLag-p003,29.6803,60,125,RLPolicy,0,0,0.0237186,13.4005,3.50656,21,0.221489,0,0,0,0,1
E3-PPOLag-p003,29.6846,102,76,RLPolicy,1,0,0.0201694,11.0904,3.50656,18,0.36574,0,0,0,0,1.03792
E3-PPOLag-p003,29.6869,35,144,RLPolicy,1,0,0.0119234,5.32218,3.50656,11,0.288592,0,0,0,0,1.00908
E3-PPOLag-p003,29.6923,195,266,RLPolicy,0,0,0.0236793,13.8629,3.50656,21,0.314269,0,0,0,0,1
E3-PPOLag-p003,29.6944,96,384,RLPolicy,0,0,0.0236837,13.8629,3.50656,21,0.365673,0,0,0,0,1
E3-PPOLag-p003,29.7018,11,344,RLPolicy,0,0,0.0249014,4.85203,3.50656,8,0.071883,0,0,0,0,1
E3-PPOLag-p003,29.7179,126,374,RLPolicy,0,0,0.0236834,13.8629,3.50656,21,0.334431,0,0,0,0,1
E3-PPOLag-p003,29.7272,128,94,RLPolicy,0,0,0.0236786,13.8629,3.50656,21,0.587844,0,0,0,0,1
E3-PPOLag-p003,29.7331,108,267,RLPolicy,0,0,0.0236794,13.8629,3.50656,21,0.363329,0,0,0,0,1
E3-PPOLag-p003,29.7398,27,24,RLPolicy,0,0,0.0578509,12.0307,3.50656,21,0.323185,0,0,0,0,1
E3-PPOLag-p003,29.7478,152,401,RLPolicy,0,0,0.0236944,13.8629,3.50656,21,0.27353,0,0,0,0,1
E3-PPOLag-p003,29.7501,106,268,RLPolicy,0,0,0.0236786,13.8629,3.50656,21,0.58778,0,0,0,0,1
E3-PPOLag-p003,29.7605,136,366,RLPolicy,0,0,0.0236979,13.8629,3.50656,21,0.471623,0,0,0,0,1
E3-PPOLag-p003,29.7683,73,67,RLPolicy,0,0,0.0569009,13.7088,3.50656,21,0.510765,0,0,0,0,1
E3-PPOLag-p003,29.7693,82,251,RLPolicy,0,0,0.0236783,13.8629,3.50656,21,0.401634,0,0,0,0,1
E3-PPOLag-p003,29.7745,123,303,RLPolicy,0,0,0.0237049,13.8629,3.50656,21,0.288675,0,0,0,0,1
E3-PPOLag-p003,29.7854,189,231,RLPolicy,0,0,0.0232416,13.8629,3.50656,21,0.512882,0,0,0,0,1
E3-PPOLag-p003,29.7964,175,125,RLPolicy,0,0,0.0237214,13.8629,3.50656,21,0.27932,0,0,0,0,1
E3-PPOLag-p003,29.819,129,307,RLPolicy,0,0,0.0236893,13.8629,3.50656,21,0.287124,0,0,0,0,1
E3-PPOLag-p003,29.8206,98,173,RLPolicy,0,0,0.0237086,13.8629,3.50656,21,0.196687,0,0,0,0,1.01366
E3-PPOLag-p003,29.8236,5,375,RLPolicy,0,0,0.0602759,13.2522,3.50656,21,0.299712,0,0,0,0,1.00714
E3-PPOLag-p003,29.8317,215,85,RLPolicy,0,0,0.0130423,7.62462,3.50656,12,0.179945,0,0,0,0,1
E3-PPOLag-p003,29.8346,92,409,RLPolicy,0,0,0.0130629,7.62462,3.50656,12,0.172023,0,0,0,0,1
E3-PPOLag-p003,29.8562,22,261,RLPolicy,0,0,0.0236791,13.8629,3.50656,21,0.237648,0,0,0,0,1
E3-PPOLag-p003,29.8632,34,309,RLPolicy,0,0,0.0232905,12.6414,3.50656,21,0.525462,0,0,0,0,0.988284
E3-PPOLag-p003,29.8791,58,335,RLPolicy,0,0,0.0661134,13.5576,3.50656,21,0.303692,0,0,0,0,0.984406
E3-PPOLag-p003,29.8889,172,52,RLPolicy,0,0,0.0232417,13.8629,3.50656,21,0.664866,0,0,0,0,1
E3-PPOLag-p003,29.8942,181,409,RLPolicy,0,0,0.0130549,7.62462,3.50656,12,0.119223,0,0,0,0,1
E3-PPOLag-p003,29.9225,197,153,RLPolicy,0,0,0.0236787,13.8629,3.50656,21,0.281571,0,0,0,0,1
E3-PPOLag-p003,29.9262,226,239,RLPolicy,0,0,0.023705,13.8629,3.50656,21,0.313539,0,0,0,0,1
E3-PPOLag-p003,29.939,151,21,RLPolicy,0,0,0.0232417,13.8629,3.50656,21,0.609886,0,0,0,0,1
E3-PPOLag-p003,29.9394,170,147,RLPolicy,0,0,0.0236803,13.8629,3.50656,21,0.358015,0,0,0,0,1
E3-PPOLag-p003,29.9586,154,206,RLPolicy,0,0,0.00357489,2.07944,3.50656,4,0.067062,0,0,0,0,1
E3-PPOLag-p003,29.9702,173,222,RLPolicy,0,0,0.023679,13.8629,3.50656,21,0.454083,0,0,0,0,1
E3-PPOLag-p003,29.9719,41,21,RLPolicy,0,0,0.0237498,12.6414,3.50656,21,0.473996,0,0,0,0,1
E3-PPOLag-p003,29.9815,69,101,RLPolicy,0,0,0.0236796,13.8629,3.50656,21,0.325469,0,0,0,0,1
E3-PPOLag-p003,29.9821,42,161,RLPolicy,0,0,0.0237077,13.5576,3.50656,21,0.217108,0,0,0,0,1
E3-PPOLag-p003,29.9922,163,59,RLPolicy,0,0,0.0236789,13.8629,3.50656,21,0.256233,0,0,0,0,1
E3-PPOLag-p003,30.0119,30,373,RLPolicy,0,0,0.0587813,13.5576,3.50656,21,0.14031,0,0,0,0,1
E3-PPOLag-p003,30.0153,143,11,RLPolicy,0,0,0.0465865,4.85203,3.50656,8,0.031878,0,0,0,0,1
E3-PPOLag-p003,30.0153,21,41,RLPolicy,0,0,0.0562067,12.4873,3.50656,21,0.713922,0,0,0,0,1
E3-PPOLag-p003,30.0171,24,315,RLPolicy,0,0,0.0485754,13.5576,3.50656,21,0.1302,0,0,0,0,1
E3-PPOLag-p003,30.0188,135,222,RLPolicy,0,0,0.023679,13.8629,3.50656,21,0.262659,0,0,0,0,1
E3-PPOLag-p003,30.0191,10,182,RLPolicy,0,0,0.0490087,12.336,3.50656,21,0.321342,0,0,0,0,1
E3-PPOLag-p003,30.0209,174,8,RLPolicy,0,0,0.0236783,13.8629,3.50656,21,0.529149,0,0,0,0,1
E3-PPOLag-p003,30.0273,2,59,RLPolicy,0,0,0.0236788,13.8629,3.50656,21,0.304505,0,0,0,0,1
E3-PPOLag-p003,30.0348,4,191,RLPolicy,0,0,0.0237542,12.9468,3.50656,21,0.402041,0,0,0,0,1
E3-PPOLag-p003,30.0396,29,145,RLPolicy,0,0,0.0557714,12.336,3.50656,21,0.411807,0,0,0,0,1
E3-PPOLag-p003,30.0519,64,170,RLPolicy,0,0,0.0236802,13.8629,3.50656,21,0.248537,0,0,0,0,1
E3-PPOLag-p003,30.0754,223,99,RLPolicy,0,0,0.0236795,13.8629,3.50656,21,0.645338,0,0,0,0,1
E3-PPOLag-p003,30.0795,187,366,RLPolicy,0,0,0.0236844,13.8629,3.50656,21,0.416256,0,0,0,0,1
E3-PPOLag-p003,30.0804,132,42,RLPolicy,0,0,0.0236931,13.8629,3.50656,21,0.156798,0,0,0,0,1
E3-PPOLag-p003,30.0883,176,239,RLPolicy,0,0,0.0237047,13.8629,3.50656,21,0.34949,0,0,0,0,1
E3-PPOLag-p003,30.0942,183,139,RLPolicy,0,0,0.0236792,13.8629,3.50656,21,0.244391,0,0,0,0,1
E3-PPOLag-p003,30.0976,157,321,RLPolicy,0,0,0.0237603,13.8629,3.50656,21,0.572977,0,0,0,0,1
E3-PPOLag-p003,30.1025,75,354,RLPolicy,0,0,0.0236789,13.8629,3.50656,21,0.255711,0,0,0,0,1
E3-PPOLag-p003,30.1201,182,142,RLPolicy,0,0,0.0236793,13.8629,3.50656,21,0.417481,0,0,0,0,1
E3-PPOLag-p003,30.1207,57,371,RLPolicy,0,0,0.0237008,13.8629,3.50656,21,0.243961,0,0,0,0,1
E3-PPOLag-p003,30.1281,161,153,RLPolicy,0,0,0.0236786,13.8629,3.50656,21,0.360436,0,0,0,0,1
E3-PPOLag-p003,30.1301,228,280,RLPolicy,0,0,0.0577043,0.693147,3.50656,2,0.022393,0,0,0,0,1
E3-PPOLag-p003,30.1634,208,135,RLPolicy,1,0,0.0237251,13.1698,3.50656,21,0.150947,0,0,0,0,1.04832
E3-PPOLag-p003,30.1793,110,101,RLPolicy,0,0,0.0236956,13.8629,3.50656,21,0.260984,0,0,0,0,1
E3-PPOLag-p003,30.1834,31,329,RLPolicy,0,0,0.0475656,12.336,3.50656,21,0.338358,0,0,0,0,0.988284
E3-PPOLag-p003,30.1997,137,85,RLPolicy,0,0,0.0130373,7.62462,3.50656,12,0.073254,0,0,0,0,1
E3-PPOLag-p003,30.2007,192,11,RLPolicy,0,0,0.0561919,4.85203,3.50656,8,0.074245,0,0,0,0,1
E3-PPOLag-p003,30.2109,33,191,RLPolicy,0,0,0.0607578,12.9468,3.50656,21,0.288135,0,0,0,0,1.00867
E3-PPOLag-p003,30.2193,180,330,RLPolicy,0,0,0.0236947,13.8629,3.50656,21,0.212823,0,0,0,0,1
E3-PPOLag-p003,30.233,225,267,RLPolicy,0,0,0.0236802,13.8629,3.50656,21,0.548838,0,0,0,0,1
E3-PPOLag-p003,30.2357,71,350,RLPolicy,0,0,0.0510545,13.8629,3.50656,21,0.100112,0,0,0,0,1
E3-PPOLag-p003,30.2413,190,21,RLPolicy,0,0,0.0232417,13.8629,3.50656,21,0.402189,0,0,0,0,1
E3-PPOLag-p003,30.2418,70,268,RLPolicy,0,0,0.0236785,13.8629,3.50656,21,0.291891,0,0,0,0,1
E3-PPOLag-p003,30.2538,125,261,RLPolicy,0,0,0.0236789,13.8629,3.50656,21,0.2448,0,0,0,0,1
E3-PPOLag-p003,30.2636,84,21,RLPolicy,0,0,0.0234747,13.8629,3.50656,21,0.576139,0,0,0,0,1
E3-PPOLag-p003,30.2672,209,114,RLPolicy,0,0,0.0519491,2.07944,3.50656,4,0.02666,0,0,0,0,1
E3-PPOLag-p003,30.2693,214,59,RLPolicy,0,0,0.0236803,13.8629,3.50656,21,0.240231,0,0,0,0,1
E3-PPOLag-p003,30.302,87,21,RLPolicy,0,0,0.0234747,13.8629,3.50656,21,0.617815,0,0,0,0,1
E3-PPOLag-p003,30.3166,104,171,RLPolicy,0,0,0.023682,13.8629,3.50656,21,0.493194,0,0,0,0,1
E3-PPOLag-p003,30.3238,222,173,RLPolicy,0,0,0.0236789,13.8629,3.50656,21,0.257508,0,0,0,0,1
E3-PPOLag-p003,30.3245,23,287,RLPolicy,1,0,0.0385407,6.32071,3.50656,12,0.207857,0,0,0,0,1.00429
E3-PPOLag-p003,30.3289,77,307,RLPolicy,0,0,0.0236802,13.8629,3.50656,21,0.265246,0,0,0,0,1
E3-PPOLag-p003,30.3412,79,237,RLPolicy,1,0,0.017818,9.70406,3.50656,16,0.227328,0,0,0,0,1.03099
E3-PPOLag-p003,30.3419,32,325,RLPolicy,0,0,0.0237271,12.6414,3.50656,21,0.390832,0,0,0,0,1
E3-PPOLag-p003,30.3441,37,307,RLPolicy,0,0,0.023723,13.5576,3.50656,21,0.192488,0,0,0,0,1
E3-PPOLag-p003,30.3535,206,29,RLPolicy,0,0,0.0237918,13.8629,3.50656,21,0.161829,0,0,0,0,1
E3-PPOLag-p003,30.4052,204,172,RLPolicy,0,0,0.023678,13.8629,3.50656,21,0.403131,0,0,0,0,1
E3-PPOLag-p003,30.4106,249,170,RLPolicy,0,0,0.023709,13.8629,3.50656,21,0.261964,0,0,0,0,1
E3-PPOLag-p003,30.4185,237,52,RLPolicy,0,0,0.0236845,13.8629,3.50656,21,0.687754,0,0,0,0,1
E3-PPOLag-p003,30.4188,169,285,RLPolicy,1,0,0.0142482,7.62462,3.50656,13,0.392729,0,0,0,0,1.02059
E3-PPOLag-p003,30.4215,239,245,RLPolicy,0,0,0.0236807,13.8629,3.50656,21,0.410553,0,0,0,0,1
E3-PPOLag-p003,30.4368,133,73,RLPolicy,1,0,0.0213325,11.7835,3.50656,19,0.244578,0,0,0,0,1.04138
E3-PPOLag-p003,30.4532,28,53,RLPolicy,1,1,0.0328331,1.1633,3.50656,5,0.140148,0,0,0,0,0.97269
E3-PPOLag-p003,30.4663,72,303,RLPolicy,0,0,0.0082986,4.85203,3.50656,8,0.056708,0,0,0,0,1
E3-PPOLag-p003,30.468,224,142,RLPolicy,0,0,0.0237449,13.8629,3.50656,21,0.427624,0,0,0,0,1
E3-PPOLag-p003,30.4724,193,142,RLPolicy,0,0,0.0236792,13.8629,3.50656,21,0.812107,0,0,0,0,1
E3-PPOLag-p003,30.4806,85,207,RLPolicy,0,0,0.0237342,13.8629,3.50656,21,0.287273,0,0,0,0,1.02059
E3-PPOLag-p003,30.4809,18,243,RLPolicy,0,0,0.0237627,12.336,3.50656,21,0.58075,0,0,0,0,1
E3-PPOLag-p003,30.4896,184,128,RLPolicy,0,0,0.0236846,13.8629,3.50656,21,0.304895,0,0,0,0,1
E3-PPOLag-p003,30.4917,219,153,RLPolicy,0,0,0.0236781,13.8629,3.50656,21,0.312948,0,0,0,0,1
E3-PPOLag-p003,30.5044,6,169,RLPolicy,0,0,0.0410868,13.2522,3.50656,21,0.347047,0,0,0,0,1.05475
E3-PPOLag-p003,30.5148,78,199,RLPolicy,0,0,0.0236784,13.8629,3.50656,21,0.372298,0,0,0,0,1.02059
E3-PPOLag-p003,30.5277,147,67,RLPolicy,0,0,0.023679,13.8629,3.50656,21,0.333581,0,0,0,0,1
E3-PPOLag-p003,30.5413,134,256,RLPolicy,0,0,0.00238709,1.38629,3.50656,3,0.016699,0,0,0,0,1
E3-PPOLag-p003,30.5514,243,49,RLPolicy,0,0,0.0237092,13.8629,3.50656,21,0.341919,0,0,0,0,1
E3-PPOLag-p003,30.5684,119,82,RLPolicy,0,0,0.0232415,13.8629,3.50656,21,0.511989,0,0,0,0,0.985933
E3-PPOLag-p003,30.5857,155,267,RLPolicy,0,0,0.0236796,13.8629,3.50656,21,0.562423,0,0,0,0,1
E3-PPOLag-p003,30.602,47,279,RLPolicy,0,0,0.0237136,13.5576,3.50656,21,0.469147,0,0,0,0,1
E3-PPOLag-p003,30.6026,13,284,RLPolicy,0,0,0.0236793,13.2522,3.50656,21,0.408444,0,0,0,0,1
E3-PPOLag-p003,30.6161,100,155,RLPolicy,0,0,0.0236915,13.8629,3.50656,21,0.566326,0,0,0,0,1
E3-PPOLag-p003,30.6323,97,38,RLPolicy,0,0,0.023679,13.8629,3.50656,21,0.378355,0,0,0,0,0.99633
E3-PPOLag-p003,30.6328,251,111,RLPolicy,0,0,0.0236786,13.8629,3.50656,21,0.551762,0,0,0,0,1
E3-PPOLag-p003,30.6379,95,82,RLPolicy,0,0,0.0232415,13.8629,3.50656,21,0.542448,0,0,0,0,1
E3-PPOLag-p003,30.6406,240,117,RLPolicy,0,0,0.0236954,13.8629,3.50656,21,0.278132,0,0,0,0,1
E3-PPOLag-p003,30.6457,202,402,RLPolicy,0,0,0.0236816,13.8629,3.50656,21,0.317144,0,0,0,0,1
E3-PPOLag-p003,30.65,217,374,RLPolicy,0,0,0.0236789,13.8629,3.50656,21,0.307203,0,0,0,0,1
E3-PPOLag-p003,30.6521,90,360,RLPolicy,0,0,0.0237098,13.8629,3.50656,21,0.262522,0,0,0,0,1
E3-PPOLag-p003,30.6653,185,100,RLPolicy,0,0,0.0236829,13.8629,3.50656,21,0.743019,0,0,0,0,1
E3-PPOLag-p003,30.6735,164,50,RLPolicy,0,0,0.0236794,13.8629,3.50656,21,0.562065,0,0,0,0,1
E3-PPOLag-p003,30.6751,122,82,RLPolicy,0,0,0.0232415,13.8629,3.50656,21,0.523198,0,0,0,0,1
E3-PPOLag-p003,30.6805,146,207,RLPolicy,0,0,0.023718,13.8629,3.50656,21,0.28791,0,0,0,0,1
E3-PPOLag-p003,30.6982,148,353,RLPolicy,0,0,0.0426337,2.07944,3.50656,4,0.052233,0,0,0,0,1
E3-PPOLag-p003,30.7049,140,422,RLPolicy,0,0,0.0237186,13.8629,3.50656,21,0.125453,0,0,0,0,1
E3-PPOLag-p003,30.7076,15,69,RLPolicy,0,0,0.0237371,12.9468,3.50656,21,0.258381,0,0,0,0,1
E3-PPOLag-p003,30.71,36,85,RLPolicy,0,0,0.0118556,6.93147,3.50656,11,0.112518,0,0,0,0,1
E3-PPOLag-p003,30.7312,254,266,RLPolicy,0,0,0.023679,13.8629,3.50656,21,0.493118,0,0,0,0,1
E3-PPOLag-p003,30.7786,51,85,RLPolicy,0,0,0.0247416,6.93147,3.50656,11,0.12455,0,0,0,0,1
E3-PPOLag-p003,30.7823,88,345,RLPolicy,0,0,0.0236791,13.8629,3.50656,21,0.411753,0,0,0,0,1
E3-PPOLag-p003,30.7889,121,207,RLPolicy,0,0,0.0237265,13.8629,3.50656,21,0.28578,0,0,0,0,1
E3-PPOLag-p003,30.7959,101,384,RLPolicy,0,0,0.0236852,13.8629,3.50656,21,0.423813,0,0,0,0,0.992864
E3-PPOLag-p003,30.8131,14,382,RLPolicy,0,0,0.0237362,13.2522,3.50656,21,0.165827,0,0,0,0,1
E3-PPOLag-p003,30.8149,16,80,RLPolicy,0,0,0.0546594,12.336,3.50656,21,0.496136,0,0,0,0,1
E3-PPOLag-p003,30.8169,198,7,RLPolicy,0,0,0.0236781,13.8629,3.50656,21,0.382229,0,0,0,0,1
E3-PPOLag-p003,30.817,196,220,RLPolicy,0,0,0.0237067,13.8629,3.50656,21,0.187841,0,0,0,0,1
E3-PPOLag-p003,30.8224,141,375,RLPolicy,0,0,0.0236797,13.8629,3.50656,21,0.488798,0,0,0,0,1
E3-PPOLag-p003,30.8287,9,427,RLPolicy,0,0,0.0236812,13.2522,3.50656,21,0.243574,0,0,0,0,1
E3-PPOLag-p003,30.8311,144,8,RLPolicy,0,0,0.0236784,13.8629,3.50656,21,0.358524,0,0,0,0,1
E3-PPOLag-p003,30.8342,178,409,RLPolicy,0,0,0.0130684,7.62462,3.50656,12,0.13503,0,0,0,0,1.00326
E3-PPOLag-p003,30.8439,26,11,RLPolicy,0,0,0.0083181,4.85203,3.50656,8,0.065804,0,0,0,0,1
E3-PPOLag-p003,30.8522,203,199,RLPolicy,0,0,0.0236787,13.8629,3.50656,21,0.303481,0,0,0,0,0.985933
E3-PPOLag-p003,30.8539,229,8,RLPolicy,0,0,0.0236784,13.8629,3.50656,21,0.541574,0,0,0,0,1
E3-PPOLag-p003,30.8568,205,421,RLPolicy,0,0,0.0236837,13.8629,3.50656,21,0.569274,0,0,0,0,1
E3-PPOLag-p003,30.8595,199,8,RLPolicy,0,0,0.0236784,13.8629,3.50656,21,0.377563,0,0,0,0,1
E3-PPOLag-p003,30.8677,220,38,RLPolicy,0,0,0.02368,13.8629,3.50656,21,0.237958,0,0,0,0,1
E3-PPOLag-p003,30.8685,250,421,RLPolicy,0,0,0.0237012,13.8629,3.50656,21,0.619959,0,0,0,0,1
E3-PPOLag-p003,30.8695,213,100,RLPolicy,0,0,0.0236824,13.8629,3.50656,21,0.323045,0,0,0,0,1
E3-PPOLag-p003,30.8776,62,155,RLPolicy,0,0,0.0237003,13.8629,3.50656,21,0.441076,0,0,0,0,1
E3-PPOLag-p003,30.8778,238,11,RLPolicy,0,0,0.0728353,11.0904,3.50656,17,0.167588,0,0,0,0,1
E3-PPOLag-p003,30.8789,138,105,RLPolicy,0,0,0.0236884,13.8629,3.50656,21,0.50341,0,0,0,0,1
E3-PPOLag-p003,30.8896,248,393,RLPolicy,0,0,0.0236791,13.8629,3.50656,21,0.513455,0,0,0,0,1
E3-PPOLag-p003,30.8976,207,153,RLPolicy,0,0,0.0236782,13.8629,3.50656,21,0.443129,0,0,0,0,1
E3-PPOLag-p003,30.8992,171,408,RLPolicy,0,0,0.0236951,13.8629,3.50656,21,0.560768,0,0,0,0,1
E3-PPOLag-p003,30.9097,80,272,RLPolicy,0,0,0.0236794,13.8629,3.50656,21,0.3781,0,0,0,0,1
E3-PPOLag-p003,30.91,212,5,RLPolicy,0,0,0.0236793,13.8629,3.50656,21,0.326304,0,0,0,0,1
E3-PPOLag-p003,30.9163,191,174,RLPolicy,0,0,0.0236786,13.8629,3.50656,21,0.885786,0,0,0,0,1
E3-PPOLag-p003,30.9392,159,98,RLPolicy,0,0,0.023697,13.8629,3.50656,21,0.29802,0,0,0,0,1
E3-PPOLag-p003,30.9569,166,49,RLPolicy,0,0,0.0237224,13.8629,3.50656,21,0.353537,0,0,0,0,1
E3-PPOLag-p003,30.9605,130,428,RLPolicy,0,0,0.0237147,13.8629,3.50656,21,0.227214,0,0,0,0,1
E3-PPOLag-p003,30.9654,40,147,RLPolicy,0,0,0.0233247,12.336,3.50656,21,0.48506,0,0,0,0,1
E3-PPOLag-p003,30.9675,158,244,RLPolicy,0,0,0.0236816,13.8629,3.50656,21,0.403062,0,0,0,0,1
E3-PPOLag-p003,30.9679,56,284,RLPolicy,0,0,0.0237071,13.8629,3.50656,21,0.463662,0,0,0,0,1
E3-PPOLag-p003,30.978,117,260,RLPolicy,0,0,0.0236785,13.8629,3.50656,21,0.373044,0,0,0,0,1
E3-PPOLag-p003,31.009,186,96,RLPolicy,1,0,0.010703,5.54518,3.50656,10,0.403041,0,0,0,0,1.01019
E3-PPOLag-p003,31.02,149,64,RLPolicy,0,0,0.0236804,13.8629,3.50656,21,0.453364,0,0,0,0,1
E3-PPOLag-p003,31.0358,116,219,RLPolicy,0,0,0.0236786,13.8629,3.50656,21,0.492958,0,0,0,0,1.03792
E3-PPOLag-p003,31.0541,255,135,RLPolicy,0,0,0.023687,13.8629,3.50656,21,0.54103,0,0,0,0,1
E3-PPOLag-p003,31.0587,20,24,RLPolicy,0,0,0.0385058,12.0307,3.50656,21,0.629167,0,0,0,0,0.999093
E3-PPOLag-p003,31.06,3,412,RLPolicy,0,0,0.0412207,13.2522,3.50656,21,0.387882,0,0,0,0,1.02051
E3-PPOLag-p003,31.0602,19,189,RLPolicy,0,0,0.0558718,12.336,3.50656,21,0.483118,0,0,0,0,1
E3-PPOLag-p003,31.0878,233,49,RLPolicy,0,0,0.0237228,13.8629,3.50656,21,0.307203,0,0,0,0,1
E3-PPOLag-p003,31.0879,231,76,RLPolicy,0,0,0.0232415,13.8629,3.50656,21,0.550852,0,0,0,0,1
E3-PPOLag-p003,31.0895,45,160,RLPolicy,0,0,0.008327,4.85203,3.50656,8,0.135283,0,0,0,0,1
E3-PPOLag-p003,31.092,111,325,RLPolicy,0,0,0.0232415,13.8629,3.50656,21,0.518118,0,0,0,0,1
E3-PPOLag-p003,31.0973,260,197,RLPolicy,0,0,0.0236787,13.8629,3.50656,21,0.417372,0,0,0,0,1
E3-PPOLag-p003,31.0993,46,183,RLPolicy,0,0,0.0237922,12.6414,3.50656,21,0.522208,0,0,0,0,0.985933
E3-PPOLag-p003,31.1041,168,76,RLPolicy,0,0,0.0232415,13.8629,3.50656,21,0.614595,0,0,0,0,1
E3-PPOLag-p003,31.105,247,157,RLPolicy,0,0,0.0236793,13.8629,3.50656,21,0.652777,0,0,0,0,1
E3-PPOLag-p003,31.1134,218,76,RLPolicy,0,0,0.0236782,13.8629,3.50656,21,0.526254,0,0,0,0,1
E3-PPOLag-p003,31.1136,43,334,RLPolicy,0,0,0.0232727,12.6414,3.50656,21,0.600405,0,0,0,0,1
E3-PPOLag-p003,31.1206,227,430,RLPolicy,0,0,0.0236787,13.8629,3.50656,21,0.31246,0,0,0,0,1
E3-PPOLag-p003,31.1394,12,257,RLPolicy,0,0,0.0237113,13.2522,3.50656,21,0.310796,0,0,0,0,1.0314
E3-PPOLag-p003,31.1454,63,311,RLPolicy,0,0,0.0237104,13.5576,3.50656,21,0.506089,0,0,0,0,1
E3-PPOLag-p003,31.1508,81,97,RLPolicy,0,0,0.0237144,13.8629,3.50656,21,0.144244,0,0,0,0,1
E3-PPOLag-p003,31.1626,25,97,RLPolicy,0,0,0.05317,12.0307,3.50656,21,0.351407,0,0,0,0,1.03028
E3-PPOLag-p003,31.1706,216,0,RLPolicy,1,1,0.00358814,1.38629,3.50656,4,0.082781,0,0,0,0,0.989399
E3-PPOLag-p003,31.1985,235,76,RLPolicy,0,0,0.0232415,13.8629,3.50656,21,0.536062,0,0,0,0,1
E3-PPOLag-p003,31.1995,103,158,RLPolicy,0,0,0.0236795,13.8629,3.50656,21,0.499633,0,0,0,0,1
E3-PPOLag-p003,31.2047,105,406,RLPolicy,0,0,0.0232415,13.8629,3.50656,21,0.403454,0,0,0,0,1
E3-PPOLag-p003,31.2053,76,406,RLPolicy,0,0,0.0232415,13.8629,3.50656,21,0.41898,0,0,0,0,1
E3-PPOLag-p003,31.2063,107,3,RLPolicy,0,0,0.023681,13.8629,3.50656,21,0.389801,0,0,0,0,1
E3-PPOLag-p003,31.2078,230,357,RLPolicy,0,0,0.00830477,4.85203,3.50656,8,0.029283,0,0,0,0,1
E3-PPOLag-p003,31.2092,210,315,RLPolicy,0,0,0.0236881,13.8629,3.50656,21,0.167783,0,0,0,0,1
E3-PPOLag-p003,31.2159,268,106,RLPolicy,0,0,0.0236785,13.8629,3.50656,21,0.528049,0,0,0,0,1
E3-PPOLag-p003,31.2175,194,339,RLPolicy,1,1,0.00239484,0.693147,3.50656,3,0.208263,0,0,0,0,0.985933
E3-PPOLag-p003,31.2218,112,76,RLPolicy,0,0,0.0232415,13.8629,3.50656,21,0.521562,0,0,0,0,1
E3-PPOLag-p003,31.2259,54,11,RLPolicy,0,0,0.00953784,5.54518,3.50656,9,0.144973,0,0,0,0,1
E3-PPOLag-p003,31.2313,139,157,RLPolicy,0,0,0.0236801,13.8629,3.50656,21,0.451425,0,0,0,0,1
E3-PPOLag-p003,31.2315,38,390,RLPolicy,0,0,0.059713,12.336,3.50656,21,0.406123,0,0,0,0,1.00908
E3-PPOLag-p003,31.2362,162,29,RLPolicy,0,0,0.0236836,13.8629,3.50656,21,0.435753,0,0,0,0,1
E3-PPOLag-p003,31.237,66,201,RLPolicy,0,0,0.023679,13.8629,3.50656,21,0.578895,0,0,0,0,1.03099
E3-PPOLag-p003,31.242,50,423,RLPolicy,0,0,0.062605,13.5576,3.50656,21,1.10384,0,0,0,0,1
E3-PPOLag-p003,31.2423,52,423,RLPolicy,0,0,0.0624983,13.5576,3.50656,21,0.609334,0,0,0,0,1.02059
E3-PPOLag-p003,31.247,114,353,RLPolicy,0,0,0.0391717,2.07944,3.50656,4,0.052106,0,0,0,0,1
E3-PPOLag-p003,31.2636,39,153,RLPolicy,0,0,0.0236782,13.8629,3.50656,21,0.282559,0,0,0,0,1
E3-PPOLag-p003,31.2786,120,11,RLPolicy,0,0,0.0190207,11.0904,3.50656,17,0.158215,0,0,0,0,1
E3-PPOLag-p003,31.2872,59,183,RLPolicy,0,0,0.0237019,13.8629,3.50656,21,0.69319,0,0,0,0,1
E3-PPOLag-p003,31.2963,236,406,RLPolicy,0,0,0.0232415,13.8629,3.50656,21,0.533732,0,0,0,0,1
E3-PPOLag-p003,31.297,241,296,RLPolicy,0,0,0.0237027,13.8629,3.50656,21,0.297783,0,0,0,0,1
E3-PPOLag-p003,31.3021,131,74,RLPolicy,0,0,0.0236811,13.8629,3.50656,21,0.290937,0,0,0,0,1
E3-PPOLag-p003,31.3116,49,140,RLPolicy,0,0,0.0237072,13.8629,3.50656,21,0.393631,0,0,0,0,1
E3-PPOLag-p003,31.3152,188,279,RLPolicy,0,0,0.023692,13.8629,3.50656,21,0.332081,0,0,0,0,1
E3-PPOLag-p003,31.3163,211,276,RLPolicy,0,0,0.0236792,13.8629,3.50656,21,0.265552,0,0,0,0,1
E3-PPOLag-p003,31.317,68,124,RLPolicy,1,0,0.0166167,9.01091,3.50656,15,0.416125,0,0,0,0,1.02752
E3-PPOLag-p003,31.3184,86,207,RLPolicy,0,0,0.0237248,13.8629,3.50656,21,0.213867,0,0,0,0,1
E3-PPOLag-p003,31.3234,109,303,RLPolicy,0,0,0.0237083,13.8629,3.50656,21,0.239478,0,0,0,0,1
E3-PPOLag-p003,31.3251,245,278,RLPolicy,0,0,0.0236802,13.8629,3.50656,21,0.512223,0,0,0,0,1
E3-PPOLag-p003,31.3304,273,242,RLPolicy,0,0,0.0232506,13.8629,3.50656,21,0.597791,0,0,0,0,1
E3-PPOLag-p003,31.3306,272,157,RLPolicy,0,0,0.0236793,13.8629,3.50656,21,0.438285,0,0,0,0,1
E3-PPOLag-p003,31.3471,1,193,RLPolicy,0,0,0.0429134,12.336,3.50656,21,0.329041,0,0,0,0,1
E3-PPOLag-p003,31.357,156,76,RLPolicy,0,0,0.0232415,13.8629,3.50656,21,0.386853,0,0,0,0,1
E3-PPOLag-p003,31.3654,7,401,RLPolicy,0,0,0.0236799,13.2522,3.50656,21,0.23884,0,0,0,0,0.999097
E3-PPOLag-p003,31.3911,8,328,RLPolicy,0,0,0.0560249,12.9468,3.50656,21,0.374858,0,0,0,0,1
E3-PPOLag-p003,31.3919,201,423,RLPolicy,0,0,0.0232499,13.8629,3.50656,21,0.310391,0,0,0,0,1
E3-PPOLag-p003,31.416,17,404,RLPolicy,0,0,0.0556484,12.9468,3.50656,21,0.575828,0,0,0,0,1
E3-PPOLag-p003,31.4173,261,405,RLPolicy,0,0,0.0236801,13.8629,3.50656,21,0.435848,0,0,0,0,1
E3-PPOLag-p003,31.4243,177,153,RLPolicy,0,0,0.0236783,13.8629,3.50656,21,0.478027,0,0,0,0,1
E3-PPOLag-p003,31.4255,67,325,RLPolicy,0,0,0.0232414,13.8629,3.50656,21,0.533126,0,0,0,0,0.971866
E3-PPOLag-p003,31.4461,264,177,RLPolicy,0,0,0.023718,13.8629,3.50656,21,0.308531,0,0,0,0,1
E3-PPOLag-p003,31.4553,94,82,RLPolicy,0,0,0.0236782,13.8629,3.50656,21,0.421048,0,0,0,0,1
E3-PPOLag-p003,31.4573,74,335,RLPolicy,0,0,0.0232499,13.8629,3.50656,21,0.401518,0,0,0,0,1
E3-PPOLag-p003,31.4588,234,23,RLPolicy,0,0,0.0236888,13.8629,3.50656,21,0.862744,0,0,0,0,1
E3-PPOLag-p003,31.4602,65,207,RLPolicy,0,0,0.0237087,13.8629,3.50656,21,0.302634,0,0,0,0,1
E3-PPOLag-p003,31.4684,61,212,RLPolicy,0,0,0.0236784,13.8629,3.50656,21,0.634033,0,0,0,0,1
E3-PPOLag-p003,31.474,160,11,RLPolicy,0,0,0.0190329,11.0904,3.50656,17,0.062088,0,0,0,0,1
E3-PPOLag-p003,31.4817,48,232,RLPolicy,0,0,0.0236836,13.8629,3.50656,21,0.500705,0,0,0,0,1
E3-PPOLag-p003,31.499,99,157,RLPolicy,0,0,0.0236795,13.8629,3.50656,21,0.324612,0,0,0,0,1
E3-PPOLag-p003,31.5034,55,293,RLPolicy,0,0,0.0236997,13.8629,3.50656,21,0.36454,0,0,0,0,1
E3-PPOLag-p003,31.5143,93,123,RLPolicy,0,0,0.0236785,13.8629,3.50656,21,0.377435,0,0,0,0,1
E3-PPOLag-p003,31.5147,53,375,RLPolicy,0,0,0.023691,13.8629,3.50656,21,0.410286,0,0,0,0,1.01366
E3-PPOLag-p003,31.5196,113,75,RLPolicy,0,0,0.0236786,13.8629,3.50656,21,0.477808,0,0,0,0,1.00326
E3-PPOLag-p003,31.5226,44,158,RLPolicy,0,0,0.0530839,13.2522,3.50656,21,0.412309,0,0,0,0,1
E3-PPOLag-p003,31.5234,179,338,RLPolicy,0,0,0.0232505,13.8629,3.50656,21,0.546198,0,0,0,0,1
E3-PPOLag-p003,31.5245,165,56,RLPolicy,0,0,0.0236994,13.8629,3.50656,21,0.256357,0,0,0,0,1
E3-PPOLag-p003,31.5286,200,207,RLPolicy,0,0,0.0236892,13.8629,3.50656,21,0.472784,0,0,0,0,1.01366
E3-PPOLag-p003,31.5304,0,165,RLPolicy,0,0,0.0528854,12.9468,3.50656,21,0.653793,0,0,0,0,1.00867
E3-PPOLag-p003,31.5349,124,421,RLPolicy,0,0,0.0236836,13.8629,3.50656,21,0.559365,0,0,0,0,1
E3-PPOLag-p003,31.5379,167,325,RLPolicy,0,0,0.0232415,13.8629,3.50656,21,0.929653,0,0,0,0,1
E3-PPOLag-p003,31.547,91,393,RLPolicy,1,0,0.0161687,9.01091,3.50656,15,0.343441,0,0,0,0,1.01345
E3-PPOLag-p003,31.5475,271,23,RLPolicy,0,0,0.0236792,13.8629,3.50656,21,0.849246,0,0,0,0,1
E3-PPOLag-p003,31.5478,150,299,RLPolicy,0,0,0.0236789,13.8629,3.50656,21,0.362569,0,0,0,0,1
E3-PPOLag-p003,31.5524,153,25,RLPolicy,0,0,0.0236791,13.8629,3.50656,21,0.344843,0,0,0,0,1
E3-PPOLag-p003,31.5606,115,43,RLPolicy,0,0,0.0236805,13.8629,3.50656,21,0.623,0,0,0,0,1
E3-PPOLag-p003,31.5617,252,298,RLPolicy,0,0,0.0236797,13.8629,3.50656,21,1.05468,0,0,0,0,1
E3-PPOLag-p003,31.5672,232,153,RLPolicy,1,1,0.00239978,0.693147,3.50656,3,0.070129,0,0,0,0,0.985933
E3-PPOLag-p003,31.5775,118,325,RLPolicy,0,0,0.0232415,13.8629,3.50656,21,0.726999,0,0,0,0,1
E3-PPOLag-p003,31.5809,257,255,RLPolicy,0,0,0.0237014,13.8629,3.50656,21,0.737359,0,0,0,0,1
E3-PPOLag-p003,31.5875,127,7,RLPolicy,0,0,0.0237079,13.8629,3.50656,21,0.386867,0,0,0,0,1
E3-PPOLag-p003,31.5963,221,338,RLPolicy,0,0,0.0232505,13.8629,3.50656,21,0.461959,0,0,0,0,1
E3-PPOLag-p003,31.6012,142,183,RLPolicy,0,0,0.0236794,13.8629,3.50656,21,0.332878,0,0,0,0,1
E3-PPOLag-p003,31.611,277,318,RLPolicy,0,0,0.0823503,0.693147,3.50656,2,0.036264,0,0,0,0,1
E3-PPOLag-p003,31.6149,145,5,RLPolicy,0,0,0.0236783,13.8629,3.50656,21,0.362966,0,0,0,0,1
E3-PPOLag-p003,31.6284,246,263,RLPolicy,0,0,0.0236985,13.8629,3.50656,21,0.517621,0,0,0,0,1
E3-PPOLag-p003,31.6516,89,111,RLPolicy,0,0,0.070039,13.4005,3.50656,21,0.461375,0,0,0,0,1
E3-PPOLag-p003,31.6757,83,325,RLPolicy,0,0,0.0232414,13.8629,3.50656,21,0.414563,0,0,0,0,1
E3-PPOLag-p003,31.6803,60,408,RLPolicy,1,1,0.00477863,2.07944,3.50656,5,0.364455,0,0,0,0,0.992864
E3-PPOLag-p003,31.6846,102,91,RLPolicy,0,0,0.0236803,13.8629,3.50656,21,0.210901,0,0,0,0,1.03792
E3-PPOLag-p003,31.6866,253,325,RLPolicy,0,0,0.0236783,13.8629,3.50656,21,0.567015,0,0,0,0,1
E3-PPOLag-p003,31.6869,35,23,RLPolicy,0,0,0.0237782,12.0307,3.50656,21,0.46699,0,0,0,0,1.00908
E3-PPOLag-p003,31.6923,195,338,RLPolicy,0,0,0.0232505,13.8629,3.50656,21,0.541191,0,0,0,0,1
E3-PPOLag-p003,31.6944,96,22,RLPolicy,0,0,0.0236786,13.8629,3.50656,21,0.302228,0,0,0,0,1
E3-PPOLag-p003,31.7018,11,26,RLPolicy,0,0,0.00833762,4.85203,3.50656,8,0.060725,0,0,0,0,1
E3-PPOLag-p003,31.7179,126,23,RLPolicy,0,0,0.0236803,13.8629,3.50656,21,0.635278,0,0,0,0,1
E3-PPOLag-p003,31.7272,128,111,RLPolicy,0,0,0.0236902,13.8629,3.50656,21,0.604778,0,0,0,0,1
E3-PPOLag-p003,31.7331,108,157,RLPolicy,0,0,0.0236788,13.8629,3.50656,21,0.475981,0,0,0,0,1
E3-PPOLag-p003,31.7398,27,356,RLPolicy,0,0,0.0237703,12.336,3.50656,21,0.679891,0,0,0,0,1
E3-PPOLag-p003,31.7478,152,397,RLPolicy,0,0,0.0236943,13.8629,3.50656,21,0.151234,0,0,0,0,1
E3-PPOLag-p003,31.7501,106,7,RLPolicy,0,0,0.0236781,13.8629,3.50656,21,0.432116,0,0,0,0,1
E3-PPOLag-p003,31.7595,262,338,RLPolicy,0,0,0.0232505,13.8629,3.50656,21,1.04634,0,0,0,0,1
E3-PPOLag-p003,31.7605,136,338,RLPolicy,0,0,0.0232505,13.8629,3.50656,21,0.484656,0,0,0,0,1
E3-PPOLag-p003,31.7683,73,372,RLPolicy,0,0,0.0569001,13.7088,3.50656,21,0.526153,0,0,0,0,1
E3-PPOLag-p003,31.7693,82,338,RLPolicy,0,0,0.0232505,13.8629,3.50656,21,0.930254,0,0,0,0,1
E3-PPOLag-p003,31.7745,123,419,RLPolicy,0,0,0.0236899,13.8629,3.50656,21,0.394242,0,0,0,0,1
E3-PPOLag-p003,31.7854,189,50,RLPolicy,1,0,0.0114345,6.23832,3.50656,11,0.477231,0,0,0,0,1.01366
E3-PPOLag-p003,31.7964,175,390,RLPolicy,0,0,0.0237395,13.8629,3.50656,21,0.416796,0,0,0,0,1
E3-PPOLag-p003,31.8148,276,325,RLPolicy,0,0,0.0232414,13.8629,3.50656,21,0.62068,0,0,0,0,1
E3-PPOLag-p003,31.819,129,293,RLPolicy,0,0,0.0236863,13.8629,3.50656,21,0.380253,0,0,0,0,1
E3-PPOLag-p003,31.8206,98,42,RLPolicy,0,0,0.0237061,13.8629,3.50656,21,0.15011,0,0,0,0,1.01366
E3-PPOLag-p003,31.8236,5,324,RLPolicy,0,0,0.0237335,13.2522,3.50656,21,0.712986,0,0,0,0,1.00714
E3-PPOLag-p003,31.8317,215,343,RLPolicy,0,0,0.0237222,13.8629,3.50656,21,0.167462,0,0,0,0,1
E3-PPOLag-p003,31.8346,92,409,RLPolicy,0,0,0.0130546,7.62462,3.50656,12,0.076525,0,0,0,0,1
E3-PPOLag-p003,31.8562,22,239,RLPolicy,0,0,0.0236784,13.8629,3.50656,21,0.440346,0,0,0,0,1
E3-PPOLag-p003,31.8623,263,17,RLPolicy,0,0,0.0236786,13.8629,3.50656,21,0.85874,0,0,0,0,1
E3-PPOLag-p003,31.8632,34,202,RLPolicy,0,0,0.0233147,12.0307,3.50656,21,0.553753,0,0,0,0,0.988284
E3-PPOLag-p003,31.8791,58,242,RLPolicy,0,0,0.0622973,13.5576,3.50656,21,0.631054,0,0,0,0,0.984406
E3-PPOLag-p003,31.8889,172,325,RLPolicy,0,0,0.0232414,13.8629,3.50656,21,0.456342,0,0,0,0,1
E3-PPOLag-p003,31.8942,181,197,RLPolicy,0,0,0.0236973,13.8629,3.50656,21,0.304515,0,0,0,0,1
E3-PPOLag-p003,31.9225,197,343,RLPolicy,0,0,0.0236831,13.8629,3.50656,21,0.383964,0,0,0,0,1
E3-PPOLag-p003,31.9262,226,117,RLPolicy,0,0,0.0237071,13.8629,3.50656,21,0.172654,0,0,0,0,1
E3-PPOLag-p003,31.939,151,325,RLPolicy,0,0,0.0232414,13.8629,3.50656,21,0.491758,0,0,0,0,1
E3-PPOLag-p003,31.9394,170,201,RLPolicy,1,0,0.0142427,7.62462,3.50656,13,0.200526,0,0,0,0,1.02059
E3-PPOLag-p003,31.9586,154,168,RLPolicy,0,0,0.0237106,13.8629,3.50656,21,0.305151,0,0,0,0,1
E3-PPOLag-p003,31.9702,173,338,RLPolicy,0,0,0.0232505,13.8629,3.50656,21,0.378619,0,0,0,0,1
E3-PPOLag-p003,31.9719,41,345,RLPolicy,1,1,0.00600351,1.55106,3.50656,6,0.164267,0,0,0,0,0.990223
E3-PPOLag-p003,31.9815,69,125,RLPolicy,0,0,0.0236789,13.8629,3.50656,21,0.453608,0,0,0,0,1
E3-PPOLag-p003,31.9821,42,7,RLPolicy,0,0,0.0237158,13.5576,3.50656,21,0.412317,0,0,0,0,1
E3-PPOLag-p003,31.9851,244,442,RLPolicy,0,0,0.0236788,13.8629,3.50656,21,0.477504,0,0,0,0,1
E3-PPOLag-p003,31.9897,242,149,RLPolicy,0,0,0.0236787,13.8629,3.50656,21,0.67669,0,0,0,0,1
E3-PPOLag-p003,31.9922,163,158,RLPolicy,0,0,0.0236859,13.8629,3.50656,21,0.40161,0,0,0,0,1
E3-PPOLag-p003,32.0119,30,315,RLPolicy,0,0,0.0587454,13.5576,3.50656,21,0.351381,0,0,0,0,1
E3-PPOLag-p003,32.0153,143,11,RLPolicy,0,0,0.00831229,4.85203,3.50656,8,0.07546,0,0,0,0,1
E3-PPOLag-p003,32.0153,21,125,RLPolicy,0,0,0.0562099,12.6414,3.50656,21,0.828205,0,0,0,0,1
E3-PPOLag-p003,32.0171,24,315,RLPolicy,0,0,0.0485772,13.5576,3.50656,21,0.272999,0,0,0,0,1
E3-PPOLag-p003,32.0188,135,338,RLPolicy,0,0,0.0232505,13.8629,3.50656,21,0.520986,0,0,0,0,1
E3-PPOLag-p003,32.0191,10,5,RLPolicy,0,0,0.0490261,12.336,3.50656,21,0.144939,0,0,0,0,1
E3-PPOLag-p003,32.0209,174,123,RLPolicy,0,0,0.0236786,13.8629,3.50656,21,0.386372,0,0,0,0,1
E3-PPOLag-p003,32.0273,2,183,RLPolicy,0,0,0.0224953,13.8629,3.50656,21,0.477457,0,0,0,0,1
E3-PPOLag-p003,32.0298,283,191,RLPolicy,0,0,0.023679,13.8629,3.50656,21,0.583587,0,0,0,0,1
E3-PPOLag-p003,32.0348,4,272,RLPolicy,0,0,0.023759,12.6414,3.50656,21,0.527397,0,0,0,0,1
E3-PPOLag-p003,32.0396,29,205,RLPolicy,0,0,0.0557743,12.336,3.50656,21,0.513362,0,0,0,0,1
E3-PPOLag-p003,32.0519,64,242,RLPolicy,0,0,0.0232505,13.8629,3.50656,21,0.572976,0,0,0,0,1
E3-PPOLag-p003,32.0754,223,155,RLPolicy,0,0,0.02368,13.8629,3.50656,21,0.487515,0,0,0,0,1
E3-PPOLag-p003,32.0795,187,408,RLPolicy,0,0,0.0236868,13.8629,3.50656,21,0.39875,0,0,0,0,1
E3-PPOLag-p003,32.0804,132,452,RLPolicy,0,0,0.014246,8.31777,3.50656,13,0.144794,0,0,0,0,1
E3-PPOLag-p003,32.0883,176,117,RLPolicy,0,0,0.0237074,13.8629,3.50656,21,0.345014,0,0,0,0,1
E3-PPOLag-p003,32.0942,183,370,RLPolicy,0,0,0.0236863,13.8629,3.50656,21,0.497581,0,0,0,0,1
E3-PPOLag-p003,32.0976,157,2,RLPolicy,0,0,0.0236784,13.8629,3.50656,21,0.435943,0,0,0,0,1
E3-PPOLag-p003,32.1025,75,96,RLPolicy,0,0,0.0236783,13.8629,3.50656,21,0.457315,0,0,0,0,1
E3-PPOLag-p003,32.1201,182,142,RLPolicy,0,0,0.0236797,13.8629,3.50656,21,0.683761,0,0,0,0,1
E3-PPOLag-p003,32.1207,57,452,RLPolicy,0,0,0.00477727,2.77259,3.50656,5,0.109128,0,0,0,0,1
E3-PPOLag-p003,32.1281,161,117,RLPolicy,0,0,0.0236783,13.8629,3.50656,21,0.378503,0,0,0,0,1
E3-PPOLag-p003,32.1301,228,280,RLPolicy,0,0,0.0577043,0.693147,3.50656,2,0.010686,0,0,0,0,1
E3-PPOLag-p003,32.1516,269,404,RLPolicy,0,0,0.0236882,13.8629,3.50656,21,0.698871,0,0,0,0,1
E3-PPOLag-p003,32.1634,208,432,RLPolicy,0,0,0.0236982,13.8629,3.50656,21,0.324791,0,0,0,0,1.04832
E3-PPOLag-p003,32.1764,259,8,RLPolicy,0,0,0.0236823,13.8629,3.50656,21,0.629805,0,0,0,0,1
E3-PPOLag-p003,32.1793,110,55,RLPolicy,0,0,0.023712,13.8629,3.50656,21,0.188107,0,0,0,0,1
E3-PPOLag-p003,32.1834,31,71,RLPolicy,0,0,0.0589721,12.6414,3.50656,21,0.441843,0,0,0,0,0.988284
E3-PPOLag-p003,32.1929,267,142,RLPolicy,0,0,0.0236795,13.8629,3.50656,21,0.644724,0,0,0,0,1
E3-PPOLag-p003,32.1997,137,343,RLPolicy,0,0,0.0237123,13.8629,3.50656,21,0.408407,0,0,0,0,1
E3-PPOLag-p003,32.2007,192,11,RLPolicy,0,0,0.057382,5.54518,3.50656,9,0.104337,0,0,0,0,1
E3-PPOLag-p003,32.2109,33,404,RLPolicy,0,0,0.0599731,12.9468,3.50656,21,0.752846,0,0,0,0,1.00867
E3-PPOLag-p003,32.2193,180,197,RLPolicy,0,0,0.0236937,13.8629,3.50656,21,0.291381,0,0,0,0,1
E3-PPOLag-p003,32.233,225,128,RLPolicy,0,0,0.0236959,13.8629,3.50656,21,0.394348,0,0,0,0,1
E3-PPOLag-p003,32.2357,71,90,RLPolicy,0,0,0.0237176,13.8629,3.50656,21,0.257113,0,0,0,0,1
E3-PPOLag-p003,32.2413,190,325,RLPolicy,0,0,0.0232415,13.8629,3.50656,21,0.803892,0,0,0,0,1
E3-PPOLag-p003,32.2418,70,22,RLPolicy,0,0,0.0236784,13.8629,3.50656,21,0.549212,0,0,0,0,1
E3-PPOLag-p003,32.2538,125,239,RLPolicy,0,0,0.0236803,13.8629,3.50656,21,0.738051,0,0,0,0,1
E3-PPOLag-p003,32.2636,84,325,RLPolicy,0,0,0.0234744,13.8629,3.50656,21,0.476072,0,0,0,0,1
E3-PPOLag-p003,32.2672,209,114,RLPolicy,0,0,0.0496759,2.77259,3.50656,5,0.079378,0,0,0,0,1
E3-PPOLag-p003,32.2693,214,128,RLPolicy,0,0,0.023696,13.8629,3.50656,21,0.71605,0,0,0,0,1
E3-PPOLag-p003,32.2993,265,385,RLPolicy,0,0,0.0236797,13.8629,3.50656,21,0.615883,0,0,0,0,1
E3-PPOLag-p003,32.302,87,325,RLPolicy,0,0,0.0234744,13.8629,3.50656,21,0.522781,0,0,0,0,1
E3-PPOLag-p003,32.3166,104,242,RLPolicy,0,0,0.0232505,13.8629,3.50656,21,0.369613,0,0,0,0,1
E3-PPOLag-p003,32.3238,222,23,RLPolicy,1,0,0.023717,13.1698,3.50656,21,0.614508,0,0,0,0,1.04832
E3-PPOLag-p003,32.3245,23,232,RLPolicy,0,0,0.0491714,12.6414,3.50656,21,0.554379,0,0,0,0,1.00429
E3-PPOLag-p003,32.3289,77,153,RLPolicy,0,0,0.0236783,13.8629,3.50656,21,0.443426,0,0,0,0,1
E3-PPOLag-p003,32.335,258,227,RLPolicy,0,0,0.0236781,13.8629,3.50656,21,0.457334,0,0,0,0,1
E3-PPOLag-p003,32.3412,79,84,RLPolicy,1,0,0.0201681,11.0904,3.50656,18,0.643328,0,0,0,0,1.06891
E3-PPOLag-p003,32.3419,32,99,RLPolicy,0,0,0.0237866,11.7253,3.50656,21,0.531841,0,0,0,0,1
E3-PPOLag-p003,32.3441,37,278,RLPolicy,0,0,0.0324552,13.5576,3.50656,21,0.546513,0,0,0,0,1
E3-PPOLag-p003,32.3535,206,172,RLPolicy,0,0,0.0237077,13.8629,3.50656,21,0.465456,0,0,0,0,1
E3-PPOLag-p003,32.3673,288,325,RLPolicy,1,0,0.011874,6.23832,3.50656,11,0.366592,0,0,0,0,1.01366
E3-PPOLag-p003,32.4052,204,156,RLPolicy,0,0,0.0236784,13.8629,3.50656,21,0.677519,0,0,0,0,1
E3-PPOLag-p003,32.4106,249,98,RLPolicy,0,0,0.0236963,13.8629,3.50656,21,0.143427,0,0,0,0,1
E3-PPOLag-p003,32.416,256,387,RLPolicy,0,0,0.0726623,2.77259,3.50656,5,0.075612,0,0,0,0,1
E3-PPOLag-p003,32.4185,237,338,RLPolicy,0,0,0.0232504,13.8629,3.50656,21,0.554655,0,0,0,0,1
E3-PPOLag-p003,32.4188,169,338,RLPolicy,0,0,0.0232504,13.8629,3.50656,21,0.344539,0,0,0,0,1.02059
E3-PPOLag-p003,32.4215,239,125,RLPolicy,0,0,0.0236819,13.8629,3.50656,21,0.26278,0,0,0,0,1
E3-PPOLag-p003,32.4368,133,338,RLPolicy,0,0,0.0232504,13.8629,3.50656,21,0.525523,0,0,0,0,1.04138
E3-PPOLag-p003,32.4532,28,320,RLPolicy,0,0,0.0518027,12.336,3.50656,21,0.373259,0,0,0,0,0.97269
E3-PPOLag-p003,32.4663,72,422,RLPolicy,0,0,0.0118455,6.93147,3.50656,11,0.114652,0,0,0,0,1
E3-PPOLag-p003,32.468,224,231,RLPolicy,0,0,0.0237299,13.8629,3.50656,21,0.494656,0,0,0,0,1
E3-PPOLag-p003,32.4724,193,212,RLPolicy,0,0,0.0236786,13.8629,3.50656,21,0.531756,0,0,0,0,1
E3-PPOLag-p003,32.4806,85,70,RLPolicy,0,0,0.0584806,13.8629,3.50656,21,0.149495,0,0,0,0,1.02059
E3-PPOLag-p003,32.4809,18,100,RLPolicy,0,0,0.0237187,13.2522,3.50656,21,0.549123,0,0,0,0,1
E3-PPOLag-p003,32.4896,184,338,RLPolicy,0,0,0.0232504,13.8629,3.50656,21,0.784365,0,0,0,0,1
E3-PPOLag-p003,32.4917,219,153,RLPolicy,0,0,0.0236782,13.8629,3.50656,21,0.407514,0,0,0,0,1
E3-PPOLag-p003,32.5044,6,254,RLPolicy,0,0,0.0401503,13.2522,3.50656,21,0.385713,0,0,0,0,1.05475
E3-PPOLag-p003,32.5148,78,360,RLPolicy,0,0,0.0237213,13.8629,3.50656,21,0.299765,0,0,0,0,1.02059
E3-PPOLag-p003,32.5187,282,275,RLPolicy,0,0,0.0232414,13.8629,3.50656,21,0.644954,0,0,0,0,1
E3-PPOLag-p003,32.5277,147,242,RLPolicy,0,0,0.0232505,13.8629,3.50656,21,0.418115,0,0,0,0,1
E3-PPOLag-p003,32.5413,134,81,RLPolicy,0,0,0.0237105,13.8629,3.50656,21,0.209139,0,0,0,0,1
E3-PPOLag-p003,32.5514,243,263,RLPolicy,0,0,0.0236913,13.8629,3.50656,21,0.389493,0,0,0,0,1
E3-PPOLag-p003,32.5684,119,275,RLPolicy,0,0,0.0232414,13.8629,3.50656,21,0.56597,0,0,0,0,0.985933
E3-PPOLag-p003,32.5857,155,282,RLPolicy,1,0,0.0237011,13.1698,3.50656,21,0.327602,0,0,0,0,1.04832
E3-PPOLag-p003,32.602,47,202,RLPolicy,0,0,0.0237134,13.2522,3.50656,21,0.381737,0,0,0,0,1
E3-PPOLag-p003,32.6026,13,445,RLPolicy,0,0,0.0236782,13.2522,3.50656,21,0.300848,0,0,0,0,1
E3-PPOLag-p003,32.6161,100,214,RLPolicy,0,0,0.0236961,13.8629,3.50656,21,0.288502,0,0,0,0,1
E3-PPOLag-p003,32.6167,274,338,RLPolicy,0,0,0.0232504,13.8629,3.50656,21,0.554055,0,0,0,0,1
E3-PPOLag-p003,32.631,275,406,RLPolicy,0,0,0.0232415,13.8629,3.50656,21,1.03547,0,0,0,0,1
E3-PPOLag-p003,32.6323,97,444,RLPolicy,0,0,0.0236787,13.8629,3.50656,21,0.302308,0,0,0,0,0.99633
E3-PPOLag-p003,32.6328,251,119,RLPolicy,0,0,0.0236781,13.8629,3.50656,21,0.461672,0,0,0,0,1
E3-PPOLag-p003,32.6379,95,275,RLPolicy,0,0,0.0232414,13.8629,3.50656,21,0.446125,0,0,0,0,1
E3-PPOLag-p003,32.6406,240,417,RLPolicy,1,0,0.0225256,12.4766,3.50656,20,0.168737,0,0,0,0,1.04485
E3-PPOLag-p003,32.6457,202,25,RLPolicy,0,0,0.0236942,13.8629,3.50656,21,0.469845,0,0,0,0,1
E3-PPOLag-p003,32.65,217,64,RLPolicy,0,0,0.0236819,13.8629,3.50656,21,0.411225,0,0,0,0,1
E3-PPOLag-p003,32.6521,90,375,RLPolicy,0,0,0.0236906,13.8629,3.50656,21,0.296616,0,0,0,0,1
E3-PPOLag-p003,32.6653,185,183,RLPolicy,0,0,0.0236799,13.8629,3.50656,21,0.359431,0,0,0,0,1
E3-PPOLag-p003,32.6735,164,156,RLPolicy,0,0,0.0236783,13.8629,3.50656,21,0.447822,0,0,0,0,1
E3-PPOLag-p003,32.6751,122,275,RLPolicy,0,0,0.0232414,13.8629,3.50656,21,0.455398,0,0,0,0,1
E3-PPOLag-p003,32.6805,146,219,RLPolicy,0,0,0.0237322,13.8629,3.50656,21,0.183293,0,0,0,0,1
E3-PPOLag-p003,32.6982,148,114,RLPolicy,0,0,0.00476524,2.77259,3.50656,5,0.026824,0,0,0,0,1
E3-PPOLag-p003,32.7045,280,228,RLPolicy,0,0,0.0747936,0.693147,3.50656,2,0.017097,0,0,0,0,1
E3-PPOLag-p003,32.7049,140,422,RLPolicy,0,0,0.0213535,12.4766,3.50656,19,0.282706,0,0,0,0,1
E3-PPOLag-p003,32.7076,15,116,RLPolicy,0,0,0.023751,12.9468,3.50656,21,0.194072,0,0,0,0,1
E3-PPOLag-p003,32.71,36,161,RLPolicy,0,0,0.0311771,13.5576,3.50656,21,0.308012,0,0,0,0,1
E3-PPOLag-p003,32.7312,254,338,RLPolicy,0,0,0.0232525,13.8629,3.50656,21,0.349939,0,0,0,0,1
E3-PPOLag-p003,32.7786,51,293,RLPolicy,0,0,0.0366146,13.8629,3.50656,21,0.182677,0,0,0,0,1
E3-PPOLag-p003,32.7823,88,204,RLPolicy,0,0,0.023679,13.8629,3.50656,21,0.434769,0,0,0,0,1
E3-PPOLag-p003,32.7889,121,85,RLPolicy,0,0,0.0530847,1.38629,3.50656,3,0.025145,0,0,0,0,1
E3-PPOLag-p003,32.7917,284,75,RLPolicy,0,0,0.0236842,13.8629,3.50656,21,0.933276,0,0,0,0,1
E3-PPOLag-p003,32.7959,101,39,RLPolicy,0,0,0.0236837,13.8629,3.50656,21,0.258119,0,0,0,0,0.992864
E3-PPOLag-p003,32.8131,14,9,RLPolicy,0,0,0.0237198,13.5576,3.50656,21,0.163715,0,0,0,0,1
E3-PPOLag-p003,32.8149,16,183,RLPolicy,0,0,0.0546641,12.336,3.50656,21,0.330729,0,0,0,0,1
E3-PPOLag-p003,32.8169,198,227,RLPolicy,0,0,0.0236801,13.8629,3.50656,21,0.509201,0,0,0,0,1
E3-PPOLag-p003,32.817,196,434,RLPolicy,0,0,0.0237084,13.8629,3.50656,21,0.435187,0,0,0,0,1
E3-PPOLag-p003,32.8193,266,151,RLPolicy,1,1,0.00193655,0.693147,3.50656,3,0.237086,0,0,0,0,0.985933
E3-PPOLag-p003,32.8224,141,298,RLPolicy,0,0,0.0236812,13.8629,3.50656,21,0.661513,0,0,0,0,1
E3-PPOLag-p003,32.8287,9,412,RLPolicy,1,0,0.0177957,9.0933,3.50656,16,0.354755,0,0,0,0,1.02793
E3-PPOLag-p003,32.8311,144,375,RLPolicy,0,0,0.0236786,13.8629,3.50656,21,0.68169,0,0,0,0,1
E3-PPOLag-p003,32.8342,178,452,RLPolicy,0,0,0.0142448,8.31777,3.50656,13,0.070475,0,0,0,0,1.00326
E3-PPOLag-p003,32.8439,26,77,RLPolicy,1,0,0.029703,7.62462,3.50656,13,0.15298,0,0,0,0,1.02059
E3-PPOLag-p003,32.8522,203,360,RLPolicy,0,0,0.0237161,13.8629,3.50656,21,0.348082,0,0,0,0,0.985933
E3-PPOLag-p003,32.8539,229,123,RLPolicy,0,0,0.0236787,13.8629,3.50656,21,0.617805,0,0,0,0,1
E3-PPOLag-p003,32.8568,205,8,RLPolicy,0,0,0.0236827,13.8629,3.50656,21,0.677495,0,0,0,0,1
E3-PPOLag-p003,32.8595,199,123,RLPolicy,0,0,0.0236787,13.8629,3.50656,21,0.535003,0,0,0,0,1
E3-PPOLag-p003,32.8615,279,317,RLPolicy,0,0,0.023682,13.8629,3.50656,21,0.655547,0,0,0,0,1
E3-PPOLag-p003,32.8677,220,361,RLPolicy,0,0,0.0236874,13.8629,3.50656,21,0.335804,0,0,0,0,1
E3-PPOLag-p003,32.8685,250,317,RLPolicy,0,0,0.0236965,13.8629,3.50656,21,0.382733,0,0,0,0,1
E3-PPOLag-p003,32.8695,213,442,RLPolicy,0,0,0.0236788,13.8629,3.50656,21,0.744648,0,0,0,0,1
E3-PPOLag-p003,32.8776,62,38,RLPolicy,1,0,0.0202285,10.785,3.50656,18,0.30545,0,0,0,0,1.03639
E3-PPOLag-p003,32.8778,238,125,RLPolicy,0,0,0.0238156,13.8629,3.50656,21,0.143895,0,0,0,0,1
E3-PPOLag-p003,32.8789,138,458,RLPolicy,0,0,0.0236861,13.8629,3.50656,21,1.01283,0,0,0,0,1
E3-PPOLag-p003,32.8896,248,338,RLPolicy,0,0,0.0232504,13.8629,3.50656,21,0.452068,0,0,0,0,1
E3-PPOLag-p003,32.8958,292,174,RLPolicy,0,0,0.0236829,13.8629,3.50656,21,0.594615,0,0,0,0,1
E3-PPOLag-p003,32.8976,207,446,RLPolicy,0,0,0.0236787,13.8629,3.50656,21,0.428625,0,0,0,0,1
E3-PPOLag-p003,32.8991,297,227,RLPolicy,0,0,0.0236792,13.8629,3.50656,21,0.638746,0,0,0,0,1
E3-PPOLag-p003,32.8992,171,388,RLPolicy,1,0,0.0142452,7.62462,3.50656,13,0.198715,0,0,0,0,1.02059
E3-PPOLag-p003,32.9097,80,158,RLPolicy,0,0,0.0236797,13.8629,3.50656,21,0.509002,0,0,0,0,1
E3-PPOLag-p003,32.91,212,174,RLPolicy,0,0,0.0236789,13.8629,3.50656,21,0.561782,0,0,0,0,1
E3-PPOLag-p003,32.9163,191,298,RLPolicy,0,0,0.0236797,13.8629,3.50656,21,0.455397,0,0,0,0,1
E3-PPOLag-p003,32.9294,278,446,RLPolicy,0,0,0.0236784,13.8629,3.50656,21,1.03716,0,0,0,0,1
E3-PPOLag-p003,32.9392,159,98,RLPolicy,0,0,0.0237084,13.8629,3.50656,21,0.119728,0,0,0,0,1
E3-PPOLag-p003,32.944,270,213,RLPolicy,1,0,0.0213493,11.7835,3.50656,19,0.66021,0,0,0,0,1.04138
E3-PPOLag-p003,32.9473,296,73,RLPolicy,0,0,0.0237477,12.938,3.50656,21,0.702844,0,0,0,0,1
E3-PPOLag-p003,32.9569,166,360,RLPolicy,0,0,0.023723,13.8629,3.50656,21,0.158386,0,0,0,0,1
E3-PPOLag-p003,32.9605,130,166,RLPolicy,0,0,0.0236917,13.8629,3.50656,21,0.629747,0,0,0,0,1
E3-PPOLag-p003,32.9654,40,56,RLPolicy,1,0,0.0126804,5.40456,3.50656,12,0.289381,0,0,0,0,1.00949
E3-PPOLag-p003,32.9675,158,354,RLPolicy,0,0,0.0236934,13.8629,3.50656,21,0.319329,0,0,0,0,1
E3-PPOLag-p003,32.9679,56,48,RLPolicy,0,0,0.023733,13.5576,3.50656,21,0.376843,0,0,0,0,1
E3-PPOLag-p003,32.978,117,278,RLPolicy,0,0,0.0236783,13.8629,3.50656,21,0.335988,0,0,0,0,1
E3-PPOLag-p003,33.009,186,458,RLPolicy,0,0,0.0236933,13.8629,3.50656,21,0.445768,0,0,0,0,1.01019
E3-PPOLag-p003,33.02,149,285,RLPolicy,0,0,0.0236791,13.8629,3.50656,21,0.526774,0,0,0,0,1
E3-PPOLag-p003,33.0251,281,197,RLPolicy,1,0,0.0779891,6.93147,3.50656,12,0.184447,0,0,0,0,1.01712
E3-PPOLag-p003,33.0302,294,58,RLPolicy,0,0,0.0236803,13.8629,3.50656,21,0.616239,0,0,0,0,1
E3-PPOLag-p003,33.0358,116,207,RLPolicy,0,0,0.0236782,13.8629,3.50656,21,0.315329,0,0,0,0,1.03792
E3-PPOLag-p003,33.0541,255,262,RLPolicy,0,0,0.0236979,13.8629,3.50656,21,0.233561,0,0,0,0,1
E3-PPOLag-p003,33.0587,20,444,RLPolicy,0,0,0.0384489,12.6414,3.50656,21,0.629753,0,0,0,0,0.999093
E3-PPOLag-p003,33.06,3,313,RLPolicy,0,0,0.0397336,13.2522,3.50656,21,0.396943,0,0,0,0,1.02051
E3-PPOLag-p003,33.0602,19,115,RLPolicy,0,0,0.0558814,12.336,3.50656,21,0.573025,0,0,0,0,1
E3-PPOLag-p003,33.0878,233,183,RLPolicy,1,0,0.00951764,4.85203,3.50656,9,0.263548,0,0,0,0,1.00673
E3-PPOLag-p003,33.0879,231,338,RLPolicy,0,0,0.0232504,13.8629,3.50656,21,0.428137,0,0,0,0,1
E3-PPOLag-p003,33.0895,45,357,RLPolicy,0,0,0.00830894,4.85203,3.50656,8,0.038983,0,0,0,0,1
E3-PPOLag-p003,33.092,111,338,RLPolicy,0,0,0.0232504,13.8629,3.50656,21,0.389349,0,0,0,0,1
E3-PPOLag-p003,33.0973,260,330,RLPolicy,0,0,0.0236807,13.8629,3.50656,21,0.331939,0,0,0,0,1
E3-PPOLag-p003,33.0993,46,193,RLPolicy,1,1,0.00239442,0.693147,3.50656,3,0.085359,0,0,0,0,0.971866
E3-PPOLag-p003,33.1041,168,408,RLPolicy,1,1,0.00197013,0.693147,3.50656,3,0.117448,0,0,0,0,0.985933
E3-PPOLag-p003,33.105,247,183,RLPolicy,0,0,0.0236785,13.8629,3.50656,21,0.361799,0,0,0,0,1
E3-PPOLag-p003,33.1134,218,334,RLPolicy,0,0,0.023679,13.8629,3.50656,21,0.608777,0,0,0,0,1
E3-PPOLag-p003,33.1136,43,23,RLPolicy,0,0,0.0233095,12.336,3.50656,21,0.438167,0,0,0,0,1
E3-PPOLag-p003,33.1206,227,284,RLPolicy,0,0,0.0236791,13.8629,3.50656,21,0.446367,0,0,0,0,1
E3-PPOLag-p003,33.1394,12,271,RLPolicy,0,0,0.02368,13.8629,3.50656,21,0.540861,0,0,0,0,1.0314
E3-PPOLag-p003,33.1454,63,32,RLPolicy,0,0,0.0236791,13.8629,3.50656,21,0.335198,0,0,0,0,1
E3-PPOLag-p003,33.1508,81,343,RLPolicy,0,0,0.023694,13.8629,3.50656,21,0.341526,0,0,0,0,1
E3-PPOLag-p003,33.1626,25,201,RLPolicy,0,0,0.0531108,12.6414,3.50656,21,0.57067,0,0,0,0,1.03028
E3-PPOLag-p003,33.1706,216,212,RLPolicy,0,0,0.0236787,13.8629,3.50656,21,0.74985,0,0,0,0,0.989399
E3-PPOLag-p003,33.1985,235,390,RLPolicy,0,0,0.023255,13.8629,3.50656,21,0.512857,0,0,0,0,1
E3-PPOLag-p003,33.1995,103,269,RLPolicy,0,0,0.0236787,13.8629,3.50656,21,0.50039,0,0,0,0,1
E3-PPOLag-p003,33.2047,105,390,RLPolicy,0,0,0.023255,13.8629,3.50656,21,0.340138,0,0,0,0,1
E3-PPOLag-p003,33.2053,76,296,RLPolicy,0,0,0.0232504,13.8629,3.50656,21,0.711943,0,0,0,0,1
E3-PPOLag-p003,33.2063,107,173,RLPolicy,0,0,0.0232505,13.8629,3.50656,21,0.369248,0,0,0,0,1
E3-PPOLag-p003,33.2078,230,357,RLPolicy,0,0,0.00830148,4.85203,3.50656,8,0.162894,0,0,0,0,1
E3-PPOLag-p003,33.2092,210,452,RLPolicy,0,0,0.0142475,8.31777,3.50656,13,0.205784,0,0,0,0,1
E3-PPOLag-p003,33.2159,268,179,RLPolicy,1,0,0.0237123,13.1698,3.50656,21,0.283052,0,0,0,0,1.04832
E3-PPOLag-p003,33.2175,194,64,RLPolicy,1,1,0.00196806,0.693147,3.50656,3,0.125019,0,0,0,0,0.971866
E3-PPOLag-p003,33.2218,112,296,RLPolicy,0,0,0.0232504,13.8629,3.50656,21,0.406223,0,0,0,0,1
E3-PPOLag-p003,33.2259,54,443,RLPolicy,0,0,0.009563,5.54518,3.50656,9,0.045621,0,0,0,0,1
E3-PPOLag-p003,33.2313,139,450,RLPolicy,0,0,0.0236876,13.8629,3.50656,21,0.447267,0,0,0,0,1
E3-PPOLag-p003,33.2315,38,142,RLPolicy,0,0,0.0601194,11.7253,3.50656,21,0.656577,0,0,0,0,1.00908
E3-PPOLag-p003,33.2362,162,414,RLPolicy,0,0,0.0236784,13.8629,3.50656,21,0.44646,0,0,0,0,1
E3-PPOLag-p003,33.237,66,12,RLPolicy,0,0,0.0236791,13.8629,3.50656,21,0.313928,0,0,0,0,1.03099
E3-PPOLag-p003,33.242,50,296,RLPolicy,0,0,0.0626055,13.5576,3.50656,21,0.417014,0,0,0,0,1
E3-PPOLag-p003,33.2423,52,296,RLPolicy,0,0,0.0624988,13.5576,3.50656,21,0.401977,0,0,0,0,1.02059
E3-PPOLag-p003,33.247,114,438,RLPolicy,0,0,0.0403586,2.77259,3.50656,5,0.023961,0,0,0,0,1
E3-PPOLag-p003,33.2636,39,7,RLPolicy,0,0,0.0236781,13.8629,3.50656,21,0.592383,0,0,0,0,1
E3-PPOLag-p003,33.2764,287,147,RLPolicy,0,0,0.0237012,13.8629,3.50656,21,0.410388,0,0,0,0,1
E3-PPOLag-p003,33.2786,120,351,RLPolicy,0,0,0.023811,13.8629,3.50656,21,0.091219,0,0,0,0,1
E3-PPOLag-p003,33.2872,59,2,RLPolicy,0,0,0.0236842,13.8629,3.50656,21,0.286315,0,0,0,0,1
E3-PPOLag-p003,33.2963,236,390,RLPolicy,0,0,0.023255,13.8629,3.50656,21,0.61703,0,0,0,0,1
E3-PPOLag-p003,33.297,241,48,RLPolicy,1,0,0.0178049,9.70406,3.50656,16,0.246095,0,0,0,0,1.03099
E3-PPOLag-p003,33.3021,131,313,RLPolicy,0,0,0.0236789,13.8629,3.50656,21,0.385699,0,0,0,0,1
E3-PPOLag-p003,33.3116,49,90,RLPolicy,0,0,0.0237133,13.8629,3.50656,21,0.099014,0,0,0,0,1
E3-PPOLag-p003,33.3152,188,329,RLPolicy,1,0,0.00951552,4.85203,3.50656,9,0.101677,0,0,0,0,1.00673
E3-PPOLag-p003,33.3163,211,333,RLPolicy,1,0,0.0130669,6.93147,3.50656,12,0.27347,0,0,0,0,1.01712
E3-PPOLag-p003,33.317,68,212,RLPolicy,0,0,0.0236922,13.8629,3.50656,21,0.28101,0,0,0,0,1.02752
E3-PPOLag-p003,33.3184,86,85,RLPolicy,0,0,0.0340176,7.62462,3.50656,12,0.150293,0,0,0,0,1
E3-PPOLag-p003,33.3234,109,174,RLPolicy,0,0,0.023679,13.8629,3.50656,21,0.365202,0,0,0,0,1
E3-PPOLag-p003,33.3251,245,284,RLPolicy,0,0,0.0236788,13.8629,3.50656,21,0.320957,0,0,0,0,1
E3-PPOLag-p003,33.3304,273,296,RLPolicy,0,0,0.0232522,13.8629,3.50656,21,0.391864,0,0,0,0,1
E3-PPOLag-p003,33.3306,272,186,RLPolicy,0,0,0.0236919,13.8629,3.50656,21,0.29466,0,0,0,0,1
E3-PPOLag-p003,33.3471,1,413,RLPolicy,0,0,0.039319,11.1727,3.50656,18,0.09391,0,0,0,0,1
E3-PPOLag-p003,33.357,156,296,RLPolicy,0,0,0.0232504,13.8629,3.50656,21,0.904202,0,0,0,0,1
E3-PPOLag-p003,33.3654,7,330,RLPolicy,0,0,0.0306756,13.2522,3.50656,21,0.590573,0,0,0,0,0.999097
E3-PPOLag-p003,33.3911,8,150,RLPolicy,0,0,0.0559796,13.2522,3.50656,21,0.526134,0,0,0,0,1
E3-PPOLag-p003,33.3919,201,173,RLPolicy,0,0,0.0232523,13.8629,3.50656,21,0.561153,0,0,0,0,1
E3-PPOLag-p003,33.416,17,59,RLPolicy,0,0,0.0556573,12.9468,3.50656,21,0.451782,0,0,0,0,1
E3-PPOLag-p003,33.4173,261,403,RLPolicy,0,0,0.0236822,13.8629,3.50656,21,0.28074,0,0,0,0,1
E3-PPOLag-p003,33.4243,177,226,RLPolicy,0,0,0.0236902,13.8629,3.50656,21,0.306807,0,0,0,0,1
E3-PPOLag-p003,33.4255,67,275,RLPolicy,0,0,0.0232416,13.8629,3.50656,21,0.442855,0,0,0,0,0.971866
E3-PPOLag-p003,33.4461,264,9,RLPolicy,0,0,0.0236915,13.8629,3.50656,21,0.357131,0,0,0,0,1
E3-PPOLag-p003,33.4553,94,275,RLPolicy,0,0,0.0236796,13.8629,3.50656,21,0.477497,0,0,0,0,1
E3-PPOLag-p003,33.4573,74,335,RLPolicy,0,0,0.02325,13.8629,3.50656,21,0.638479,0,0,0,0,1
E3-PPOLag-p003,33.4588,234,309,RLPolicy,0,0,0.0236812,13.8629,3.50656,21,0.251584,0,0,0,0,1
E3-PPOLag-p003,33.4602,65,219,RLPolicy,0,0,0.0237062,13.8629,3.50656,21,0.216081,0,0,0,0,1
E3-PPOLag-p003,33.4684,61,93,RLPolicy,0,0,0.0236784,13.8629,3.50656,21,0.39665,0,0,0,0,1
E3-PPOLag-p003,33.474,160,1,RLPolicy,0,0,0.0238114,13.8629,3.50656,21,0.169033,0,0,0,0,1
E3-PPOLag-p003,33.4817,48,354,RLPolicy,0,0,0.0236834,13.8629,3.50656,21,0.529551,0,0,0,0,1
E3-PPOLag-p003,33.499,99,25,RLPolicy,0,0,0.0236917,13.8629,3.50656,21,0.793871,0,0,0,0,1
E3-PPOLag-p003,33.5034,55,464,RLPolicy,0,0,0.0237029,13.8629,3.50656,21,0.247719,0,0,0,0,1
E3-PPOLag-p003,33.5143,93,414,RLPolicy,0,0,0.0236915,13.8629,3.50656,21,0.603788,0,0,0,0,1
E3-PPOLag-p003,33.5147,53,375,RLPolicy,0,0,0.0236844,13.8629,3.50656,21,0.307801,0,0,0,0,1.01366
E3-PPOLag-p003,33.5196,113,76,RLPolicy,0,0,0.0236794,13.8629,3.50656,21,0.397507,0,0,0,0,1.00326
E3-PPOLag-p003,33.5226,44,182,RLPolicy,0,0,0.0599452,13.2522,3.50656,21,0.734586,0,0,0,0,1
E3-PPOLag-p003,33.5234,179,423,RLPolicy,0,0,0.0232518,13.8629,3.50656,21,0.399484,0,0,0,0,1
E3-PPOLag-p003,33.5245,165,25,RLPolicy,0,0,0.0236913,13.8629,3.50656,21,0.584605,0,0,0,0,1
E3-PPOLag-p003,33.5286,200,9,RLPolicy,0,0,0.0236853,13.8629,3.50656,21,0.278946,0,0,0,0,1.01366
E3-PPOLag-p003,33.5304,0,150,RLPolicy,0,0,0.0528503,13.2522,3.50656,21,0.381702,0,0,0,0,1.00867
E3-PPOLag-p003,33.5349,124,229,RLPolicy,0,0,0.0236791,13.8629,3.50656,21,0.36991,0,0,0,0,1
E3-PPOLag-p003,33.5379,167,275,RLPolicy,0,0,0.0232548,13.8629,3.50656,21,0.493181,0,0,0,0,1
E3-PPOLag-p003,33.547,91,275,RLPolicy,0,0,0.0232416,13.8629,3.50656,21,1.14159,0,0,0,0,1.01345
E3-PPOLag-p003,33.5475,271,444,RLPolicy,0,0,0.0236792,13.8629,3.50656,21,0.461413,0,0,0,0,1
E3-PPOLag-p003,33.5478,150,216,RLPolicy,0,0,0.0236905,13.8629,3.50656,21,0.560117,0,0,0,0,1
E3-PPOLag-p003,33.5524,153,52,RLPolicy,0,0,0.0236791,13.8629,3.50656,21,0.522544,0,0,0,0,1
E3-PPOLag-p003,33.5606,115,82,RLPolicy,0,0,0.023678,13.8629,3.50656,21,0.469629,0,0,0,0,1
E3-PPOLag-p003,33.5617,252,223,RLPolicy,0,0,0.0236788,13.8629,3.50656,21,0.51462,0,0,0,0,1
E3-PPOLag-p003,33.5672,232,307,RLPolicy,0,0,0.0236951,13.8629,3.50656,21,0.558623,0,0,0,0,0.985933
E3-PPOLag-p003,33.5775,118,335,RLPolicy,0,0,0.02325,13.8629,3.50656,21,0.376276,0,0,0,0,1
E3-PPOLag-p003,33.5809,257,23,RLPolicy,0,0,0.0236788,13.8629,3.50656,21,0.402229,0,0,0,0,1
E3-PPOLag-p003,33.5875,127,412,RLPolicy,1,1,0.00241208,0.693147,3.50656,3,0.082458,0,0,0,0,0.985933
E3-PPOLag-p003,33.5963,221,423,RLPolicy,0,0,0.0232518,13.8629,3.50656,21,0.523481,0,0,0,0,1
E3-PPOLag-p003,33.6012,142,25,RLPolicy,0,0,0.0236911,13.8629,3.50656,21,0.636353,0,0,0,0,1
E3-PPOLag-p003,33.611,277,318,RLPolicy,0,0,0.0823503,0.693147,3.50656,2,0.009401,0,0,0,0,1
E3-PPOLag-p003,33.6149,145,17,RLPolicy,0,0,0.0236786,13.8629,3.50656,21,0.537929,0,0,0,0,1
E3-PPOLag-p003,33.6284,246,348,RLPolicy,0,0,0.0236907,13.8629,3.50656,21,0.371759,0,0,0,0,1
E3-PPOLag-p003,33.6516,89,394,RLPolicy,0,0,0.0723418,13.4005,3.50656,21,0.546883,0,0,0,0,1
E3-PPOLag-p003,33.6657,285,366,RLPolicy,0,0,0.0236807,13.8629,3.50656,21,0.68664,0,0,0,0,1
E3-PPOLag-p003,33.6757,83,335,RLPolicy,0,0,0.02325,13.8629,3.50656,21,0.684807,0,0,0,0,1
E3-PPOLag-p003,33.6803,60,194,RLPolicy,0,0,0.0237129,13.5576,3.50656,21,0.332519,0,0,0,0,0.992864
E3-PPOLag-p003,33.6825,295,23,RLPolicy,0,0,0.0236789,13.8629,3.50656,21,0.488458,0,0,0,0,1
E3-PPOLag-p003,33.6846,102,189,RLPolicy,0,0,0.0236812,13.8629,3.50656,21,0.392972,0,0,0,0,1.03792
E3-PPOLag-p003,33.6866,253,27,RLPolicy,0,0,0.0236791,13.8629,3.50656,21,0.441066,0,0,0,0,1
E3-PPOLag-p003,33.6869,35,52,RLPolicy,0,0,0.0237914,12.0307,3.50656,21,0.583351,0,0,0,0,1.00908
E3-PPOLag-p003,33.6923,195,335,RLPolicy,0,0,0.02325,13.8629,3.50656,21,0.558215,0,0,0,0,1
E3-PPOLag-p003,33.6944,96,13,RLPolicy,0,0,0.0236782,13.8629,3.50656,21,0.533291,0,0,0,0,1
E3-PPOLag-p003,33.7,300,275,RLPolicy,0,0,0.0232548,13.8629,3.50656,21,0.698708,0,0,0,0,1
E3-PPOLag-p003,33.7018,11,302,RLPolicy,1,0,0.0166677,8.40015,3.50656,15,0.35227,0,0,0,0,1.02447
E3-PPOLag-p003,33.7179,126,107,RLPolicy,0,0,0.0236795,13.8629,3.50656,21,0.316516,0,0,0,0,1
E3-PPOLag-p003,33.7272,128,408,RLPolicy,0,0,0.0232505,13.8629,3.50656,21,0.444114,0,0,0,0,1
E3-PPOLag-p003,33.7328,291,95,RLPolicy,0,0,0.0236805,13.8629,3.50656,21,0.581007,0,0,0,0,1
E3-PPOLag-p003,33.7331,108,286,RLPolicy,0,0,0.0236805,13.8629,3.50656,21,0.519162,0,0,0,0,1
E3-PPOLag-p003,33.7341,290,17,RLPolicy,0,0,0.0236785,13.8629,3.50656,21,0.719788,0,0,0,0,1
E3-PPOLag-p003,33.7398,27,232,RLPolicy,0,0,0.0237187,12.9468,3.50656,21,0.363954,0,0,0,0,1
E3-PPOLag-p003,33.7478,152,405,RLPolicy,0,0,0.0236817,13.8629,3.50656,21,0.337248,0,0,0,0,1
E3-PPOLag-p003,33.7501,106,226,RLPolicy,0,0,0.0236902,13.8629,3.50656,21,0.276712,0,0,0,0,1
E3-PPOLag-p003,33.7595,262,408,RLPolicy,0,0,0.0232505,13.8629,3.50656,21,0.57834,0,0,0,0,1
E3-PPOLag-p003,33.7605,136,408,RLPolicy,0,0,0.0232523,13.8629,3.50656,21,0.629149,0,0,0,0,1
E3-PPOLag-p003,33.7683,73,325,RLPolicy,0,0,0.0569002,13.7088,3.50656,21,0.657915,0,0,0,0,1
E3-PPOLag-p003,33.7693,82,408,RLPolicy,0,0,0.0232523,13.8629,3.50656,21,0.504376,0,0,0,0,1
E3-PPOLag-p003,33.7745,123,182,RLPolicy,0,0,0.0236865,13.8629,3.50656,21,0.412338,0,0,0,0,1
E3-PPOLag-p003,33.7854,189,275,RLPolicy,0,0,0.0232548,13.8629,3.50656,21,0.409856,0,0,0,0,1.01366
E3-PPOLag-p003,33.7959,286,298,RLPolicy,0,0,0.0236812,13.8629,3.50656,21,0.425017,0,0,0,0,1
E3-PPOLag-p003,33.7964,175,43,RLPolicy,0,0,0.0237293,13.8629,3.50656,21,0.316797,0,0,0,0,1
E3-PPOLag-p003,33.8148,276,275,RLPolicy,0,0,0.0232416,13.8629,3.50656,21,0.409092,0,0,0,0,1
E3-PPOLag-p003,33.819,129,434,RLPolicy,0,0,0.0237051,13.8629,3.50656,21,0.185349,0,0,0,0,1
E3-PPOLag-p003,33.8206,98,382,RLPolicy,0,0,0.0236897,13.8629,3.50656,21,0.338554,0,0,0,0,1.01366
E3-PPOLag-p003,33.8236,5,212,RLPolicy,0,0,0.0237176,13.2522,3.50656,21,0.390984,0,0,0,0,1.00714
E3-PPOLag-p003,33.8317,215,121,RLPolicy,0,0,0.0142526,8.31777,3.50656,13,0.151342,0,0,0,0,1
E3-PPOLag-p003,33.8346,92,452,RLPolicy,0,0,0.0142347,8.31777,3.50656,13,0.159285,0,0,0,0,1
E3-PPOLag-p003,33.8562,22,25,RLPolicy,0,0,0.0237132,13.5576,3.50656,21,0.39973,0,0,0,0,1
E3-PPOLag-p003,33.8623,263,212,RLPolicy,0,0,0.0236785,13.8629,3.50656,21,0.356396,0,0,0,0,1
E3-PPOLag-p003,33.8632,34,99,RLPolicy,0,0,0.0233286,12.0307,3.50656,21,0.971347,0,0,0,0,0.988284
E3-PPOLag-p003,33.8791,58,423,RLPolicy,0,0,0.0622967,13.5576,3.50656,21,0.347816,0,0,0,0,0.984406
E3-PPOLag-p003,33.8867,289,357,RLPolicy,0,0,0.0083134,4.85203,3.50656,8,0.101067,0,0,0,0,1
E3-PPOLag-p003,33.8889,172,296,RLPolicy,0,0,0.0232505,13.8629,3.50656,21,0.869393,0,0,0,0,1
E3-PPOLag-p003,33.8942,181,465,RLPolicy,0,0,0.0237128,13.8629,3.50656,21,0.119051,0,0,0,0,1
E3-PPOLag-p003,33.9123,312,450,RLPolicy,0,0,0.0236995,13.8629,3.50656,21,0.45362,0,0,0,0,1
E3-PPOLag-p003,33.9225,197,125,RLPolicy,0,0,0.0236913,13.8629,3.50656,21,0.283161,0,0,0,0,1
E3-PPOLag-p003,33.9262,226,440,RLPolicy,0,0,0.0237043,13.8629,3.50656,21,0.250542,0,0,0,0,1
E3-PPOLag-p003,33.939,151,41,RLPolicy,0,0,0.0232549,13.7088,3.50656,21,0.688355,0,0,0,0,1
E3-PPOLag-p003,33.9394,170,271,RLPolicy,0,0,0.023684,13.8629,3.50656,21,0.322953,0,0,0,0,1.02059
E3-PPOLag-p003,33.9586,154,82,RLPolicy,0,0,0.0237072,13.8629,3.50656,21,0.619096,0,0,0,0,1
E3-PPOLag-p003,33.9702,173,296,RLPolicy,0,0,0.0232505,13.8629,3.50656,21,0.994569,0,0,0,0,1
E3-PPOLag-p003,33.9719,41,257,RLPolicy,1,1,0.00601028,1.55106,3.50656,6,0.591483,0,0,0,0,0.980445
E3-PPOLag-p003,33.9815,69,284,RLPolicy,0,0,0.0236788,13.8629,3.50656,21,0.371084,0,0,0,0,1
E3-PPOLag-p003,33.9821,42,9,RLPolicy,0,0,0.023711,13.5576,3.50656,21,0.268341,0,0,0,0,1
E3-PPOLag-p003,33.9851,244,451,RLPolicy,0,0,0.0236807,13.8629,3.50656,21,0.360366,0,0,0,0,1
E3-PPOLag-p003,33.9897,242,473,RLPolicy,0,0,0.023679,13.8629,3.50656,21,0.511272,0,0,0,0,1
E3-PPOLag-p003,33.9922,163,442,RLPolicy,0,0,0.0236785,13.8629,3.50656,21,0.392682,0,0,0,0,1
E3-PPOLag-p003,34.0119,30,197,RLPolicy,1,0,0.0564905,9.64583,3.50656,19,0.453226,0,0,0,0,1.0307
E3-PPOLag-p003,34.0153,143,443,RLPolicy,0,0,0.0478006,5.54518,3.50656,9,0.092875,0,0,0,0,1
E3-PPOLag-p003,34.0153,21,314,RLPolicy,0,0,0.056229,12.6414,3.50656,21,0.337252,0,0,0,0,1
E3-PPOLag-p003,34.0171,24,307,RLPolicy,1,0,0.0474739,10.6444,3.50656,20,0.620157,0,0,0,0,1.03569
E3-PPOLag-p003,34.0188,135,248,RLPolicy,0,0,0.023254,13.8629,3.50656,21,0.376837,0,0,0,0,1
E3-PPOLag-p003,34.0191,10,422,RLPolicy,0,0,0.0565395,12.8644,3.50656,20,0.260057,0,0,0,0,1
E3-PPOLag-p003,34.0209,174,17,RLPolicy,0,0,0.0236786,13.8629,3.50656,21,0.567073,0,0,0,0,1
E3-PPOLag-p003,34.0273,2,425,RLPolicy,0,0,0.0225098,13.8629,3.50656,21,0.356318,0,0,0,0,1
E3-PPOLag-p003,34.0298,283,375,RLPolicy,0,0,0.0236784,13.8629,3.50656,21,0.540584,0,0,0,0,1
E3-PPOLag-p003,34.0348,4,18,RLPolicy,0,0,0.023719,12.9468,3.50656,21,0.384474,0,0,0,0,1
E3-PPOLag-p003,34.0396,29,183,RLPolicy,0,0,0.0557815,12.336,3.50656,21,0.645169,0,0,0,0,1
E3-PPOLag-p003,34.0517,298,350,RLPolicy,0,0,0.0236851,13.8629,3.50656,21,1.11024,0,0,0,0,1
E3-PPOLag-p003,34.0519,64,407,RLPolicy,1,1,0.00196589,0.538997,3.50656,3,0.137701,0,0,0,0,0.985162
E3-PPOLag-p003,34.0754,223,163,RLPolicy,0,0,0.0236795,13.8629,3.50656,21,0.551446,0,0,0,0,1
E3-PPOLag-p003,34.0795,187,295,RLPolicy,0,0,0.0236829,13.8629,3.50656,21,0.309597,0,0,0,0,1
E3-PPOLag-p003,34.0804,132,452,RLPolicy,0,0,0.014238,8.31777,3.50656,13,0.068476,0,0,0,0,1
E3-PPOLag-p003,34.0883,176,323,RLPolicy,0,0,0.0237187,13.8629,3.50656,21,0.234482,0,0,0,0,1
E3-PPOLag-p003,34.0942,183,449,RLPolicy,0,0,0.0236848,13.8629,3.50656,21,0.332228,0,0,0,0,1
E3-PPOLag-p003,34.0976,157,449,RLPolicy,0,0,0.0236798,13.8629,3.50656,21,0.464783,0,0,0,0,1
E3-PPOLag-p003,34.1025,75,117,RLPolicy,0,0,0.0236785,13.8629,3.50656,21,0.325393,0,0,0,0,1
E3-PPOLag-p003,34.1201,182,124,RLPolicy,0,0,0.0236793,13.8629,3.50656,21,0.568173,0,0,0,0,1
E3-PPOLag-p003,34.1207,57,452,RLPolicy,0,0,0.00476742,2.77259,3.50656,5,0.028631,0,0,0,0,1
E3-PPOLag-p003,34.1281,161,69,RLPolicy,0,0,0.0236782,13.8629,3.50656,21,0.445432,0,0,0,0,1
E3-PPOLag-p003,34.1301,228,280,RLPolicy,0,0,0.05299,0.693147,3.50656,2,0.022421,0,0,0,0,1
E3-PPOLag-p003,34.1516,269,29,RLPolicy,0,0,0.0236852,13.8629,3.50656,21,0.328234,0,0,0,0,1
E3-PPOLag-p003,34.1634,208,55,RLPolicy,0,0,0.0236992,13.8629,3.50656,21,0.14548,0,0,0,0,1.04832
E3-PPOLag-p003,34.1764,259,123,RLPolicy,0,0,0.0236853,13.8629,3.50656,21,0.521287,0,0,0,0,1
E3-PPOLag-p003,34.1793,110,472,RLPolicy,0,0,0.0237268,13.8629,3.50656,21,0.277001,0,0,0,0,1
E3-PPOLag-p003,34.1834,31,329,RLPolicy,0,0,0.0589414,12.6414,3.50656,21,0.320978,0,0,0,0,0.988284
E3-PPOLag-p003,34.1929,267,216,RLPolicy,0,0,0.0236794,13.8629,3.50656,21,0.614975,0,0,0,0,1
E3-PPOLag-p003,34.1997,137,219,RLPolicy,0,0,0.0237126,13.8629,3.50656,21,0.243071,0,0,0,0,1
E3-PPOLag-p003,34.2007,192,443,RLPolicy,0,0,0.0585856,6.23832,3.50656,10,0.066128,0,0,0,0,1
E3-PPOLag-p003,34.2109,33,340,RLPolicy,0,0,0.0599348,13.2522,3.50656,21,0.408094,0,0,0,0,1.00867
E3-PPOLag-p003,34.2193,180,197,RLPolicy,0,0,0.0236811,13.8629,3.50656,21,0.206009,0,0,0,0,1
E3-PPOLag-p003,34.233,225,350,RLPolicy,0,0,0.023685,13.8629,3.50656,21,0.668527,0,0,0,0,1
E3-PPOLag-p003,34.2357,71,90,RLPolicy,0,0,0.0237223,13.8629,3.50656,21,0.140774,0,0,0,0,1
E3-PPOLag-p003,34.2413,190,41,RLPolicy,0,0,0.023255,13.8629,3.50656,21,0.446662,0,0,0,0,1
E3-PPOLag-p003,34.2418,70,13,RLPolicy,0,0,0.0236782,13.8629,3.50656,21,0.311488,0,0,0,0,1
E3-PPOLag-p003,34.2538,125,362,RLPolicy,0,0,0.0236784,13.8629,3.50656,21,0.302799,0,0,0,0,1
E3-PPOLag-p003,34.2636,84,41,RLPolicy,0,0,0.023255,13.8629,3.50656,21,0.83723,0,0,0,0,1
E3-PPOLag-p003,34.2672,209,114,RLPolicy,0,0,0.0496783,2.77259,3.50656,5,0.049135,0,0,0,0,1
E3-PPOLag-p003,34.2693,214,50,RLPolicy,0,0,0.0236897,13.8629,3.50656,21,0.342997,0,0,0,0,1
E3-PPOLag-p003,34.2993,265,199,RLPolicy,0,0,0.0236794,13.8629,3.50656,21,0.631169,0,0,0,0,1
E3-PPOLag-p003,34.302,87,393,RLPolicy,1,0,0.0197384,11.0904,3.50656,18,0.579693,0,0,0,0,1.03792
E3-PPOLag-p003,34.3166,104,248,RLPolicy,0,0,0.0232543,13.8629,3.50656,21,0.727862,0,0,0,0,1
E3-PPOLag-p003,34.3199,308,121,RLPolicy,0,0,0.0166352,9.70406,3.50656,15,0.198657,0,0,0,0,1
E3-PPOLag-p003,34.3238,222,481,RLPolicy,0,0,0.0236794,13.8629,3.50656,21,0.357622,0,0,0,0,1.04832
E3-PPOLag-p003,34.3245,23,21,RLPolicy,0,0,0.0492191,12.6414,3.50656,21,0.279718,0,0,0,0,1.00429
E3-PPOLag-p003,34.3289,77,13,RLPolicy,0,0,0.0236783,13.8629,3.50656,21,0.384336,0,0,0,0,1
E3-PPOLag-p003,34.335,258,384,RLPolicy,0,0,0.0236784,13.8629,3.50656,21,0.341805,0,0,0,0,1
E3-PPOLag-p003,34.3412,79,50,RLPolicy,0,0,0.0236894,13.8629,3.50656,21,0.371119,0,0,0,0,1.06891
E3-PPOLag-p003,34.3419,32,309,RLPolicy,0,0,0.0237708,12.336,3.50656,21,0.44241,0,0,0,0,1
E3-PPOLag-p003,34.3441,37,163,RLPolicy,0,0,0.0238018,12.9468,3.50656,21,0.234539,0,0,0,0,1
E3-PPOLag-p003,34.3535,206,82,RLPolicy,0,0,0.0237043,13.8629,3.50656,21,0.345364,0,0,0,0,1
E3-PPOLag-p003,34.3673,288,449,RLPolicy,0,0,0.0236782,13.8629,3.50656,21,0.372586,0,0,0,0,1.01366
E3-PPOLag-p003,34.4052,204,94,RLPolicy,0,0,0.0236785,13.8629,3.50656,21,0.439631,0,0,0,0,1
E3-PPOLag-p003,34.4106,249,55,RLPolicy,0,0,0.0236997,13.8629,3.50656,21,0.16023,0,0,0,0,1
E3-PPOLag-p003,34.416,256,452,RLPolicy,0,0,0.0702462,1.38629,3.50656,3,0.037565,0,0,0,0,1
E3-PPOLag-p003,34.4185,237,462,RLPolicy,0,0,0.0232568,13.8629,3.50656,21,0.532942,0,0,0,0,1
E3-PPOLag-p003,34.4188,169,462,RLPolicy,0,0,0.0232569,13.8629,3.50656,21,0.560147,0,0,0,0,1.02059
E3-PPOLag-p003,34.4215,239,75,RLPolicy,0,0,0.0236833,13.8629,3.50656,21,0.440403,0,0,0,0,1
E3-PPOLag-p003,34.4368,133,462,RLPolicy,0,0,0.0232569,13.8629,3.50656,21,0.386256,0,0,0,0,1.04138
E3-PPOLag-p003,34.4433,301,86,RLPolicy,0,0,0.0237788,13.8629,3.50656,21,0.199499,0,0,0,0,1
E3-PPOLag-p003,34.4532,28,233,RLPolicy,0,0,0.0517659,12.336,3.50656,21,0.281507,0,0,0,0,0.97269
E3-PPOLag-p003,34.4663,72,422,RLPolicy,0,0,0.0118418,6.93147,3.50656,11,0.055547,0,0,0,0,1
E3-PPOLag-p003,34.468,224,455,RLPolicy,0,0,0.0237605,13.8629,3.50656,21,0.242096,0,0,0,0,1
E3-PPOLag-p003,34.4724,193,223,RLPolicy,0,0,0.0236788,13.8629,3.50656,21,0.488861,0,0,0,0,1
E3-PPOLag-p003,34.4806,85,70,RLPolicy,0,0,0.0237366,13.8629,3.50656,21,0.335933,0,0,0,0,1.02059
E3-PPOLag-p003,34.4809,18,59,RLPolicy,0,0,0.0237267,13.2522,3.50656,21,0.396063,0,0,0,0,1
E3-PPOLag-p003,34.4835,293,13,RLPolicy,0,0,0.0236782,13.8629,3.50656,21,0.540074,0,0,0,0,1
E3-PPOLag-p003,34.4896,184,462,RLPolicy,0,0,0.0232569,13.8629,3.50656,21,0.456838,0,0,0,0,1
E3-PPOLag-p003,34.4917,219,13,RLPolicy,0,0,0.0236782,13.8629,3.50656,21,0.384075,0,0,0,0,1
E3-PPOLag-p003,34.493,309,41,RLPolicy,0,0,0.0232418,13.8629,3.50656,21,0.865851,0,0,0,0,1
E3-PPOLag-p003,34.5044,6,472,RLPolicy,0,0,0.0401635,13.5576,3.50656,21,0.233472,0,0,0,0,1.05475
E3-PPOLag-p003,34.5148,78,212,RLPolicy,0,0,0.0236917,13.8629,3.50656,21,0.402877,0,0,0,0,1.02059
E3-PPOLag-p003,34.5187,282,248,RLPolicy,0,0,0.0232545,13.8629,3.50656,21,0.405246,0,0,0,0,1
E3-PPOLag-p003,34.525,299,212,RLPolicy,0,0,0.023688,13.8629,3.50656,21,0.468032,0,0,0,0,1
E3-PPOLag-p003,34.5277,147,248,RLPolicy,0,0,0.0232527,13.8629,3.50656,21,0.606689,0,0,0,0,1
E3-PPOLag-p003,34.5413,134,241,RLPolicy,0,0,0.0237066,13.8629,3.50656,21,0.138215,0,0,0,0,1
E3-PPOLag-p003,34.5514,243,53,RLPolicy,0,0,0.0236881,13.8629,3.50656,21,0.598814,0,0,0,0,1
E3-PPOLag-p003,34.5684,119,248,RLPolicy,0,0,0.0232527,13.8629,3.50656,21,0.380525,0,0,0,0,0.985933
E3-PPOLag-p003,34.5857,155,62,RLPolicy,0,0,0.023685,13.8629,3.50656,21,0.651324,0,0,0,0,1.04832
E3-PPOLag-p003,34.602,47,329,RLPolicy,0,0,0.0237135,13.5576,3.50656,21,1.02326,0,0,0,0,1
E3-PPOLag-p003,34.6026,13,446,RLPolicy,0,0,0.0406571,13.2522,3.50656,21,0.518072,0,0,0,0,1
E3-PPOLag-p003,34.6161,100,33,RLPolicy,0,0,0.0236962,13.8629,3.50656,21,0.533814,0,0,0,0,1
E3-PPOLag-p003,34.6167,274,462,RLPolicy,0,0,0.0232551,13.8629,3.50656,21,0.406364,0,0,0,0,1
E3-PPOLag-p003,34.631,275,248,RLPolicy,0,0,0.0232528,13.8629,3.50656,21,0.421504,0,0,0,0,1
E3-PPOLag-p003,34.6323,97,447,RLPolicy,0,0,0.0236951,13.8629,3.50656,21,0.737938,0,0,0,0,0.99633
E3-PPOLag-p003,34.6328,251,167,RLPolicy,0,0,0.0236791,13.8629,3.50656,21,0.754546,0,0,0,0,1
E3-PPOLag-p003,34.6379,95,481,RLPolicy,0,0,0.0232559,13.8629,3.50656,21,0.845247,0,0,0,0,1
E3-PPOLag-p003,34.6406,240,447,RLPolicy,0,0,0.0236832,13.8629,3.50656,21,0.33048,0,0,0,0,1.04485
E3-PPOLag-p003,34.6457,202,138,RLPolicy,0,0,0.0236885,13.8629,3.50656,21,0.335409,0,0,0,0,1
E3-PPOLag-p003,34.65,217,147,RLPolicy,0,0,0.0236785,13.8629,3.50656,21,0.3501,0,0,0,0,1
E3-PPOLag-p003,34.6521,90,419,RLPolicy,0,0,0.023691,13.8629,3.50656,21,0.435164,0,0,0,0,1
E3-PPOLag-p003,34.6614,324,4,RLPolicy,1,0,0.0189623,10.3972,3.50656,17,0.510082,0,0,0,0,1.03445
E3-PPOLag-p003,34.6653,185,425,RLPolicy,0,0,0.0236947,13.8629,3.50656,21,0.498349,0,0,0,0,1
E3-PPOLag-p003,34.6735,164,2,RLPolicy,0,0,0.0236949,13.8629,3.50656,21,0.572075,0,0,0,0,1
E3-PPOLag-p003,34.6751,122,312,RLPolicy,0,0,0.0232567,13.8629,3.50656,21,0.63784,0,0,0,0,1
E3-PPOLag-p003,34.6805,146,39,RLPolicy,0,0,0.0237366,13.8629,3.50656,21,0.283134,0,0,0,0,1
E3-PPOLag-p003,34.6982,148,114,RLPolicy,0,0,0.0047748,2.77259,3.50656,5,0.060468,0,0,0,0,1
E3-PPOLag-p003,34.7045,280,228,RLPolicy,0,0,0.0747936,0.693147,3.50656,2,0.005906,0,0,0,0,1
E3-PPOLag-p003,34.7049,140,90,RLPolicy,0,0,0.0237032,13.8629,3.50656,21,0.308981,0,0,0,0,1
E3-PPOLag-p003,34.7076,15,456,RLPolicy,0,0,0.0440691,6.62609,3.50656,11,0.058176,0,0,0,0,1
E3-PPOLag-p003,34.71,36,121,RLPolicy,0,0,0.0204898,7.62462,3.50656,12,0.096002,0,0,0,0,1
E3-PPOLag-p003,34.7193,310,17,RLPolicy,1,1,0.0024009,0.693147,3.50656,3,0.296998,0,0,0,0,0.985933
E3-PPOLag-p003,34.725,316,195,RLPolicy,0,0,0.023679,13.8629,3.50656,21,0.728993,0,0,0,0,1
E3-PPOLag-p003,34.7312,254,248,RLPolicy,0,0,0.0232529,13.8629,3.50656,21,0.581953,0,0,0,0,1
E3-PPOLag-p003,34.7786,51,70,RLPolicy,0,0,0.0360504,13.8629,3.50656,21,0.307423,0,0,0,0,1
E3-PPOLag-p003,34.7823,88,89,RLPolicy,0,0,0.0236789,13.8629,3.50656,21,0.328977,0,0,0,0,1
E3-PPOLag-p003,34.7889,121,417,RLPolicy,0,0,0.0733867,13.8629,3.50656,21,0.271645,0,0,0,0,1
E3-PPOLag-p003,34.7917,284,406,RLPolicy,0,0,0.023681,13.8629,3.50656,21,0.517704,0,0,0,0,1
E3-PPOLag-p003,34.7959,101,60,RLPolicy,0,0,0.023711,13.8629,3.50656,21,0.264135,0,0,0,0,0.992864
E3-PPOLag-p003,34.7979,317,5,RLPolicy,0,0,0.0236785,13.8629,3.50656,21,0.662929,0,0,0,0,1
E3-PPOLag-p003,34.7994,315,478,RLPolicy,0,0,0.0237036,13.8629,3.50656,21,0.325109,0,0,0,0,1
E3-PPOLag-p003,34.8131,14,476,RLPolicy,0,0,0.0237278,13.2522,3.50656,21,0.410148,0,0,0,0,1
E3-PPOLag-p003,34.8149,16,108,RLPolicy,0,0,0.0546641,12.336,3.50656,21,0.69696,0,0,0,0,1
E3-PPOLag-p003,34.8169,198,22,RLPolicy,0,0,0.0236781,13.8629,3.50656,21,0.305364,0,0,0,0,1
E3-PPOLag-p003,34.817,196,433,RLPolicy,0,0,0.0237012,13.8629,3.50656,21,0.178162,0,0,0,0,1
E3-PPOLag-p003,34.8193,266,300,RLPolicy,0,0,0.0232435,13.8629,3.50656,21,0.470811,0,0,0,0,0.985933
E3-PPOLag-p003,34.8224,141,263,RLPolicy,0,0,0.0236791,13.8629,3.50656,21,0.424626,0,0,0,0,1
E3-PPOLag-p003,34.8287,9,186,RLPolicy,0,0,0.0236798,13.2522,3.50656,21,0.332516,0,0,0,0,1.02793
E3-PPOLag-p003,34.8311,144,375,RLPolicy,0,0,0.0236784,13.8629,3.50656,21,0.456741,0,0,0,0,1
E3-PPOLag-p003,34.8342,178,452,RLPolicy,0,0,0.0130509,7.62462,3.50656,12,0.141551,0,0,0,0,1.00326
E3-PPOLag-p003,34.8439,26,278,RLPolicy,0,0,0.0391928,13.5576,3.50656,21,0.153825,0,0,0,0,1.02059
E3-PPOLag-p003,34.8522,203,93,RLPolicy,0,0,0.0236787,13.8629,3.50656,21,0.423439,0,0,0,0,0.985933
E3-PPOLag-p003,34.8539,229,459,RLPolicy,0,0,0.0236786,13.8629,3.50656,21,0.611568,0,0,0,0,1
E3-PPOLag-p003,34.8568,205,61,RLPolicy,0,0,0.0236789,13.8629,3.50656,21,0.895185,0,0,0,0,1
E3-PPOLag-p003,34.8595,199,375,RLPolicy,0,0,0.0236784,13.8629,3.50656,21,0.358846,0,0,0,0,1
E3-PPOLag-p003,34.8615,279,350,RLPolicy,0,0,0.0236837,13.8629,3.50656,21,0.248085,0,0,0,0,1
E3-PPOLag-p003,34.8677,220,441,RLPolicy,0,0,0.0236849,13.8629,3.50656,21,0.21638,0,0,0,0,1
E3-PPOLag-p003,34.8685,250,212,RLPolicy,0,0,0.0236866,13.8629,3.50656,21,0.551226,0,0,0,0,1
E3-PPOLag-p003,34.8695,213,183,RLPolicy,0,0,0.0236789,13.8629,3.50656,21,0.64426,0,0,0,0,1
E3-PPOLag-p003,34.8776,62,23,RLPolicy,1,0,0.0142771,7.31924,3.50656,13,0.406413,0,0,0,0,1.05546
E3-PPOLag-p003,34.8778,238,215,RLPolicy,1,0,0.076413,13.1698,3.50656,21,0.597915,0,0,0,0,1.04832
E3-PPOLag-p003,34.8789,138,204,RLPolicy,0,0,0.0236833,13.8629,3.50656,21,0.569817,0,0,0,0,1
E3-PPOLag-p003,34.8789,313,248,RLPolicy,0,0,0.023253,13.8629,3.50656,21,0.814824,0,0,0,0,1
E3-PPOLag-p003,34.8879,311,462,RLPolicy,0,0,0.023257,13.8629,3.50656,21,0.854827,0,0,0,0,1
E3-PPOLag-p003,34.8896,248,314,RLPolicy,0,0,0.0232563,13.8629,3.50656,21,0.57642,0,0,0,0,1
E3-PPOLag-p003,34.8958,292,212,RLPolicy,0,0,0.0236828,13.8629,3.50656,21,0.336731,0,0,0,0,1
E3-PPOLag-p003,34.8976,207,96,RLPolicy,0,0,0.0236817,13.8629,3.50656,21,0.316946,0,0,0,0,1
E3-PPOLag-p003,34.8991,297,429,RLPolicy,0,0,0.0236834,13.8629,3.50656,21,0.214415,0,0,0,0,1
E3-PPOLag-p003,34.8992,171,64,RLPolicy,0,0,0.0236787,13.8629,3.50656,21,0.467392,0,0,0,0,1.02059
E3-PPOLag-p003,34.9077,307,258,RLPolicy,0,0,0.0236819,13.8629,3.50656,21,0.455385,0,0,0,0,1
E3-PPOLag-p003,34.9097,80,272,RLPolicy,0,0,0.023679,13.8629,3.50656,21,0.491493,0,0,0,0,1
E3-PPOLag-p003,34.91,212,375,RLPolicy,0,0,0.0236785,13.8629,3.50656,21,0.415545,0,0,0,0,1
E3-PPOLag-p003,34.9163,191,396,RLPolicy,1,1,0.00239243,0.693147,3.50656,3,0.277187,0,0,0,0,0.985933
E3-PPOLag-p003,34.9255,314,397,RLPolicy,1,1,0.00238186,0.693147,3.50656,3,0.33798,0,0,0,0,0.985933
E3-PPOLag-p003,34.9294,278,474,RLPolicy,0,0,0.023678,13.8629,3.50656,21,0.42077,0,0,0,0,1
E3-PPOLag-p003,34.9392,159,55,RLPolicy,0,0,0.0236999,13.8629,3.50656,21,0.303193,0,0,0,0,1
E3-PPOLag-p003,34.944,270,144,RLPolicy,0,0,0.0232508,13.8629,3.50656,21,0.569535,0,0,0,0,1.04138
E3-PPOLag-p003,34.9473,296,355,RLPolicy,0,0,0.0237523,12.938,3.50656,21,0.459189,0,0,0,0,1
E3-PPOLag-p003,34.9569,166,212,RLPolicy,0,0,0.0236915,13.8629,3.50656,21,0.552356,0,0,0,0,1
E3-PPOLag-p003,34.9605,130,279,RLPolicy,0,0,0.0236984,13.8629,3.50656,21,0.411173,0,0,0,0,1
E3-PPOLag-p003,34.9654,40,23,RLPolicy,0,0,0.0233233,12.336,3.50656,21,0.653722,0,0,0,0,1.00949
E3-PPOLag-p003,34.9675,158,2,RLPolicy,0,0,0.0236784,13.8629,3.50656,21,0.521886,0,0,0,0,1
E3-PPOLag-p003,34.9679,56,144,RLPolicy,0,0,0.0232508,13.8629,3.50656,21,0.629162,0,0,0,0,1
E3-PPOLag-p003,34.978,117,13,RLPolicy,0,0,0.0236792,13.8629,3.50656,21,0.487326,0,0,0,0,1
E3-PPOLag-p003,34.9811,305,144,RLPolicy,0,0,0.0232508,13.8629,3.50656,21,0.739581,0,0,0,0,1
E3-PPOLag-p003,35.009,186,251,RLPolicy,0,0,0.0236886,13.8629,3.50656,21,0.782147,0,0,0,0,1.01019
E3-PPOLag-p003,35.0152,304,258,RLPolicy,0,0,0.0236899,13.8629,3.50656,21,0.467943,0,0,0,0,1
E3-PPOLag-p003,35.02,149,300,RLPolicy,0,0,0.0232438,13.8629,3.50656,21,0.73597,0,0,0,0,1
E3-PPOLag-p003,35.0251,281,43,RLPolicy,0,0,0.0237354,13.8629,3.50656,21,0.299735,0,0,0,0,1.01712
E3-PPOLag-p003,35.0302,294,323,RLPolicy,1,0,0.0213425,11.7835,3.50656,19,0.385516,0,0,0,0,1.04138
E3-PPOLag-p003,35.0358,116,75,RLPolicy,0,0,0.0236785,13.8629,3.50656,21,0.504756,0,0,0,0,1.03792
E3-PPOLag-p003,35.0541,255,173,RLPolicy,1,1,0.00240003,0.693147,3.50656,3,0.141308,0,0,0,0,0.985933
E3-PPOLag-p003,35.0545,321,9,RLPolicy,0,0,0.0237357,14.0453,3.50656,21,0.609722,0,0,0,0,1
E3-PPOLag-p003,35.0587,20,461,RLPolicy,0,0,0.0432593,12.0307,3.50656,21,1.36337,0,0,0,0,0.999093
E3-PPOLag-p003,35.06,3,63,RLPolicy,0,0,0.039711,13.5576,3.50656,21,0.254891,0,0,0,0,1.02051
E3-PPOLag-p003,35.0602,19,189,RLPolicy,0,0,0.0558799,12.336,3.50656,21,0.646613,0,0,0,0,1
E3-PPOLag-p003,35.0878,233,212,RLPolicy,0,0,0.0236916,13.8629,3.50656,21,1.08358,0,0,0,0,1.00673
E3-PPOLag-p003,35.0879,231,248,RLPolicy,0,0,0.0232551,13.8629,3.50656,21,1.09825,0,0,0,0,1
E3-PPOLag-p003,35.0895,45,431,RLPolicy,0,0,0.0238165,13.5576,3.50656,21,0.266022,0,0,0,0,1
E3-PPOLag-p003,35.092,111,248,RLPolicy,0,0,0.0232532,13.8629,3.50656,21,0.578167,0,0,0,0,1
E3-PPOLag-p003,35.0923,302,125,RLPolicy,0,0,0.0236782,13.8629,3.50656,21,0.701405,0,0,0,0,1
E3-PPOLag-p003,35.0973,260,268,RLPolicy,0,0,0.0236783,13.8629,3.50656,21,0.440855,0,0,0,0,1
E3-PPOLag-p003,35.0993,46,214,RLPolicy,0,0,0.0237445,12.9468,3.50656,21,0.547847,0,0,0,0,0.971866
E3-PPOLag-p003,35.1041,168,494,RLPolicy,0,0,0.0232498,13.8629,3.50656,21,0.686294,0,0,0,0,0.985933
E3-PPOLag-p003,35.105,247,286,RLPolicy,0,0,0.0236821,13.8629,3.50656,21,0.389511,0,0,0,0,1
E3-PPOLag-p003,35.1134,218,167,RLPolicy,0,0,0.0236789,13.8629,3.50656,21,0.45121,0,0,0,0,1
E3-PPOLag-p003,35.1136,43,173,RLPolicy,0,0,0.0233093,12.336,3.50656,21,1.13246,0,0,0,0,1
E3-PPOLag-p003,35.1206,227,284,RLPolicy,0,0,0.0236792,13.8629,3.50656,21,0.373124,0,0,0,0,1
E3-PPOLag-p003,35.129,303,422,RLPolicy,0,0,0.082807,6.23832,3.50656,10,0.180873,0,0,0,0,1
E3-PPOLag-p003,35.1394,12,476,RLPolicy,0,0,0.023716,13.2522,3.50656,21,0.370131,0,0,0,0,1.0314
E3-PPOLag-p003,35.1454,63,377,RLPolicy,0,0,0.0236788,13.8629,3.50656,21,0.454236,0,0,0,0,1
E3-PPOLag-p003,35.1508,81,55,RLPolicy,0,0,0.0237002,13.8629,3.50656,21,0.158424,0,0,0,0,1
E3-PPOLag-p003,35.1626,25,420,RLPolicy,0,0,0.053156,12.0307,3.50656,21,0.339554,0,0,0,0,1.03028
E3-PPOLag-p003,35.1706,216,263,RLPolicy,0,0,0.0232509,13.8629,3.50656,21,0.41968,0,0,0,0,0.989399
E3-PPOLag-p003,35.1985,235,312,RLPolicy,0,0,0.0232575,13.8629,3.50656,21,0.60299,0,0,0,0,1
E3-PPOLag-p003,35.1995,103,144,RLPolicy,0,0,0.0236786,13.8629,3.50656,21,0.70616,0,0,0,0,1
E3-PPOLag-p003,35.2047,105,300,RLPolicy,0,0,0.0232573,13.8629,3.50656,21,0.574575,0,0,0,0,1
E3-PPOLag-p003,35.2053,76,494,RLPolicy,0,0,0.0232498,13.8629,3.50656,21,0.424639,0,0,0,0,1
E3-PPOLag-p003,35.2063,107,494,RLPolicy,0,0,0.0232516,13.8629,3.50656,21,0.51579,0,0,0,0,1
E3-PPOLag-p003,35.2078,230,364,RLPolicy,0,0,0.0238088,13.8629,3.50656,21,0.078269,0,0,0,0,1
E3-PPOLag-p003,35.2092,210,452,RLPolicy,0,0,0.0130602,7.62462,3.50656,12,0.06976,0,0,0,0,1
E3-PPOLag-p003,35.2159,268,293,RLPolicy,0,0,0.0236783,13.8629,3.50656,21,0.51218,0,0,0,0,1.04832
E3-PPOLag-p003,35.2175,194,88,RLPolicy,0,0,0.023679,13.8629,3.50656,21,0.736068,0,0,0,0,0.971866
E3-PPOLag-p003,35.2218,112,494,RLPolicy,0,0,0.0232498,13.8629,3.50656,21,0.954525,0,0,0,0,1
E3-PPOLag-p003,35.2259,54,443,RLPolicy,0,0,0.0119345,6.93147,3.50656,11,0.117149,0,0,0,0,1
E3-PPOLag-p003,35.2279,327,213,RLPolicy,0,0,0.0236844,13.8629,3.50656,21,0.495254,0,0,0,0,1
E3-PPOLag-p003,35.2313,139,449,RLPolicy,0,0,0.0236921,13.8629,3.50656,21,0.412593,0,0,0,0,1
E3-PPOLag-p003,35.2315,38,165,RLPolicy,0,0,0.0601523,11.4199,3.50656,21,0.381278,0,0,0,0,1.00908
E3-PPOLag-p003,35.2362,162,482,RLPolicy,0,0,0.0236864,13.8629,3.50656,21,0.581314,0,0,0,0,1
E3-PPOLag-p003,35.237,66,296,RLPolicy,0,0,0.0232469,13.8629,3.50656,21,0.494966,0,0,0,0,1.03099
E3-PPOLag-p003,35.242,50,494,RLPolicy,0,0,0.0632281,13.5576,3.50656,21,1.08231,0,0,0,0,1
E3-PPOLag-p003,35.2423,52,494,RLPolicy,0,0,0.0627169,13.5576,3.50656,21,0.639046,0,0,0,0,1.02059
E3-PPOLag-p003,35.247,114,438,RLPolicy,0,0,0.0392951,2.77259,3.50656,5,0.066174,0,0,0,0,1
E3-PPOLag-p003,35.2636,39,161,RLPolicy,0,0,0.0236821,13.8629,3.50656,21,0.312989,0,0,0,0,1
E3-PPOLag-p003,35.2764,287,466,RLPolicy,0,0,0.0236898,13.8629,3.50656,21,0.183483,0,0,0,0,1
E3-PPOLag-p003,35.2786,120,410,RLPolicy,0,0,0.0238017,13.8629,3.50656,21,0.316105,0,0,0,0,1
E3-PPOLag-p003,35.2872,59,2,RLPolicy,0,0,0.0236884,13.8629,3.50656,21,0.708616,0,0,0,0,1
E3-PPOLag-p003,35.2963,236,312,RLPolicy,0,0,0.0232574,13.8629,3.50656,21,0.539735,0,0,0,0,1
E3-PPOLag-p003,35.297,241,211,RLPolicy,0,0,0.0237009,13.8629,3.50656,21,0.313614,0,0,0,0,1.03099
E3-PPOLag-p003,35.3021,131,296,RLPolicy,0,0,0.0232469,13.8629,3.50656,21,0.302634,0,0,0,0,1
E3-PPOLag-p003,35.3116,49,413,RLPolicy,0,0,0.02135,12.4766,3.50656,19,0.337775,0,0,0,0,1
E3-PPOLag-p003,35.3152,188,422,RLPolicy,0,0,0.0118599,6.93147,3.50656,11,0.11646,0,0,0,0,1.00673
E3-PPOLag-p003,35.3163,211,379,RLPolicy,0,0,0.023683,13.8629,3.50656,21,0.21263,0,0,0,0,1.01712
E3-PPOLag-p003,35.317,68,422,RLPolicy,0,0,0.0142446,8.31777,3.50656,13,0.146624,0,0,0,0,1.02752
E3-PPOLag-p003,35.3184,86,121,RLPolicy,0,0,0.0340149,7.62462,3.50656,12,0.097546,0,0,0,0,1
E3-PPOLag-p003,35.3234,109,439,RLPolicy,0,0,0.0236858,13.8629,3.50656,21,0.721174,0,0,0,0,1
E3-PPOLag-p003,35.3251,245,417,RLPolicy,0,0,0.0236782,13.8629,3.50656,21,0.560147,0,0,0,0,1
E3-PPOLag-p003,35.3286,319,27,RLPolicy,0,0,0.0236938,13.8629,3.50656,21,0.527019,0,0,0,0,1
E3-PPOLag-p003,35.3304,273,335,RLPolicy,0,0,0.0236783,13.8629,3.50656,21,0.665517,0,0,0,0,1
E3-PPOLag-p003,35.3306,272,493,RLPolicy,0,0,0.0232509,13.8629,3.50656,21,0.894359,0,0,0,0,1
E3-PPOLag-p003,35.3471,1,410,RLPolicy,0,0,0.0286094,5.2398,3.50656,9,0.115393,0,0,0,0,1
E3-PPOLag-p003,35.357,156,494,RLPolicy,0,0,0.0232498,13.8629,3.50656,21,0.521341,0,0,0,0,1
E3-PPOLag-p003,35.3654,7,446,RLPolicy,0,0,0.0306753,13.2522,3.50656,21,0.383526,0,0,0,0,0.999097
E3-PPOLag-p003,35.3667,306,121,RLPolicy,0,0,0.0142424,8.31777,3.50656,13,0.188389,0,0,0,0,1
E3-PPOLag-p003,35.3673,318,277,RLPolicy,0,0,0.0793484,0.693147,3.50656,2,0.038686,0,0,0,0,1
E3-PPOLag-p003,35.3911,8,214,RLPolicy,0,0,0.056008,12.9468,3.50656,21,0.429427,0,0,0,0,1
E3-PPOLag-p003,35.3919,201,494,RLPolicy,0,0,0.0232516,13.8629,3.50656,21,0.410373,0,0,0,0,1
E3-PPOLag-p003,35.416,17,402,RLPolicy,0,0,0.0556936,12.9468,3.50656,21,0.728821,0,0,0,0,1
E3-PPOLag-p003,35.4173,261,403,RLPolicy,0,0,0.0236839,13.8629,3.50656,21,0.85957,0,0,0,0,1
E3-PPOLag-p003,35.4243,177,403,RLPolicy,0,0,0.0236784,13.8629,3.50656,21,0.79831,0,0,0,0,1
E3-PPOLag-p003,35.4255,67,119,RLPolicy,0,0,0.0232415,13.8629,3.50656,21,0.663528,0,0,0,0,0.971866
E3-PPOLag-p003,35.4422,334,67,RLPolicy,0,0,0.0236787,13.8629,3.50656,21,0.734891,0,0,0,0,1
E3-PPOLag-p003,35.4436,323,319,RLPolicy,0,0,0.0232564,13.8629,3.50656,21,0.458592,0,0,0,0,1
E3-PPOLag-p003,35.4461,264,177,RLPolicy,0,0,0.0236898,13.8629,3.50656,21,0.389087,0,0,0,0,1
E3-PPOLag-p003,35.4553,94,41,RLPolicy,0,0,0.0236782,13.8629,3.50656,21,0.531324,0,0,0,0,1
E3-PPOLag-p003,35.4573,74,366,RLPolicy,0,0,0.0236788,13.8629,3.50656,21,0.389627,0,0,0,0,1
E3-PPOLag-p003,35.4588,234,473,RLPolicy,0,0,0.0236804,13.8629,3.50656,21,0.520535,0,0,0,0,1
E3-PPOLag-p003,35.4602,65,460,RLPolicy,1,0,0.0118752,6.23832,3.50656,11,0.166725,0,0,0,0,1.01366
E3-PPOLag-p003,35.4684,61,493,RLPolicy,0,0,0.0232509,13.8629,3.50656,21,0.992691,0,0,0,0,1
E3-PPOLag-p003,35.474,160,1,RLPolicy,0,0,0.0237893,13.8629,3.50656,21,0.117103,0,0,0,0,1
E3-PPOLag-p003,35.4817,48,427,RLPolicy,0,0,0.0236831,13.8629,3.50656,21,0.576162,0,0,0,0,1
E3-PPOLag-p003,35.499,99,138,RLPolicy,0,0,0.0236881,13.8629,3.50656,21,0.382334,0,0,0,0,1
E3-PPOLag-p003,35.5034,55,466,RLPolicy,0,0,0.0236947,13.8629,3.50656,21,0.287512,0,0,0,0,1
E3-PPOLag-p003,35.5114,335,195,RLPolicy,0,0,0.0232503,13.8629,3.50656,21,0.927617,0,0,0,0,1
E3-PPOLag-p003,35.5143,93,493,RLPolicy,0,0,0.0232509,13.8629,3.50656,21,0.457162,0,0,0,0,1
E3-PPOLag-p003,35.5147,53,439,RLPolicy,0,0,0.0236834,13.8629,3.50656,21,1.06225,0,0,0,0,1.01366
E3-PPOLag-p003,35.5196,113,22,RLPolicy,0,0,0.0236815,13.8629,3.50656,21,0.84039,0,0,0,0,1.00326
E3-PPOLag-p003,35.5226,44,336,RLPolicy,0,0,0.0599504,13.2522,3.50656,21,0.464815,0,0,0,0,1
E3-PPOLag-p003,35.5234,179,217,RLPolicy,1,0,0.0118739,6.23832,3.50656,11,0.449245,0,0,0,0,1.01366
E3-PPOLag-p003,35.5245,165,327,RLPolicy,0,0,0.0236829,13.8629,3.50656,21,0.344425,0,0,0,0,1
E3-PPOLag-p003,35.5286,200,429,RLPolicy,0,0,0.0236842,13.8629,3.50656,21,0.339854,0,0,0,0,1.01366
E3-PPOLag-p003,35.5304,0,165,RLPolicy,0,0,0.0520424,12.9468,3.50656,21,0.648491,0,0,0,0,1.00867
E3-PPOLag-p003,35.5349,124,493,RLPolicy,0,0,0.0232509,13.8629,3.50656,21,1.05636,0,0,0,0,1
E3-PPOLag-p003,35.5379,167,119,RLPolicy,0,0,0.0232548,13.8629,3.50656,21,0.693126,0,0,0,0,1
E3-PPOLag-p003,35.547,91,119,RLPolicy,0,0,0.0232415,13.8629,3.50656,21,0.445635,0,0,0,0,1.01345
E3-PPOLag-p003,35.5475,271,480,RLPolicy,0,0,0.0236852,13.8629,3.50656,21,0.344725,0,0,0,0,1
E3-PPOLag-p003,35.5478,150,79,RLPolicy,1,1,0.00195035,0.693147,3.50656,3,0.089513,0,0,0,0,0.985933
E3-PPOLag-p003,35.5524,153,161,RLPolicy,0,0,0.0236783,13.8629,3.50656,21,0.670618,0,0,0,0,1
E3-PPOLag-p003,35.5606,115,2,RLPolicy,0,0,0.0236938,13.8629,3.50656,21,0.615536,0,0,0,0,1
E3-PPOLag-p003,35.5617,252,191,RLPolicy,0,0,0.0236805,13.8629,3.50656,21,0.657297,0,0,0,0,1
E3-PPOLag-p003,35.5672,232,334,RLPolicy,0,0,0.0236934,13.8629,3.50656,21,0.54047,0,0,0,0,0.985933
E3-PPOLag-p003,35.5775,118,195,RLPolicy,0,0,0.0232503,13.8629,3.50656,21,0.706032,0,0,0,0,1
E3-PPOLag-p003,35.5809,257,64,RLPolicy,0,0,0.0232471,13.8629,3.50656,21,0.635134,0,0,0,0,1
E3-PPOLag-p003,35.5875,127,22,RLPolicy,0,0,0.0236943,13.8629,3.50656,21,0.483776,0,0,0,0,0.985933
E3-PPOLag-p003,35.5963,221,195,RLPolicy,0,0,0.0232522,13.8629,3.50656,21,0.568601,0,0,0,0,1
E3-PPOLag-p003,35.6012,142,186,RLPolicy,0,0,0.0236877,13.8629,3.50656,21,0.324679,0,0,0,0,1
E3-PPOLag-p003,35.6071,326,493,RLPolicy,0,0,0.0233877,13.8629,3.50656,21,0.728903,0,0,0,0,1
E3-PPOLag-p003,35.611,277,318,RLPolicy,0,0,0.0831792,0.693147,3.50656,2,0.028477,0,0,0,0,1
E3-PPOLag-p003,35.6149,145,493,RLPolicy,0,0,0.0233876,13.8629,3.50656,21,0.547332,0,0,0,0,1
E3-PPOLag-p003,35.6284,246,145,RLPolicy,0,0,0.0236859,13.8629,3.50656,21,0.803178,0,0,0,0,1
E3-PPOLag-p003,35.6501,325,76,RLPolicy,0,0,0.0232548,13.7088,3.50656,21,0.781619,0,0,0,0,1
E3-PPOLag-p003,35.6516,89,332,RLPolicy,0,0,0.0723036,13.7088,3.50656,21,0.436303,0,0,0,0,1
E3-PPOLag-p003,35.6657,285,19,RLPolicy,0,0,0.0236804,13.8629,3.50656,21,0.535869,0,0,0,0,1
E3-PPOLag-p003,35.6757,83,444,RLPolicy,1,1,0.00194679,0.693147,3.50656,3,0.295291,0,0,0,0,0.985933
E3-PPOLag-p003,35.6803,60,273,RLPolicy,0,0,0.0232787,13.5576,3.50656,21,0.506359,0,0,0,0,0.992864
E3-PPOLag-p003,35.6825,295,64,RLPolicy,0,0,0.0232472,13.8629,3.50656,21,0.437484,0,0,0,0,1
E3-PPOLag-p003,35.6846,102,27,RLPolicy,0,0,0.023679,13.8629,3.50656,21,0.289296,0,0,0,0,1.03792
E3-PPOLag-p003,35.6866,253,2,RLPolicy,0,0,0.0236907,13.8629,3.50656,21,0.610892,0,0,0,0,1
E3-PPOLag-p003,35.6869,35,113,RLPolicy,0,0,0.0237511,12.336,3.50656,21,0.529266,0,0,0,0,1.00908
E3-PPOLag-p003,35.6923,195,296,RLPolicy,0,0,0.0232504,13.8629,3.50656,21,0.721611,0,0,0,0,1
E3-PPOLag-p003,35.6944,96,245,RLPolicy,0,0,0.0236781,13.8629,3.50656,21,0.344519,0,0,0,0,1
E3-PPOLag-p003,35.7,300,119,RLPolicy,0,0,0.0232548,13.8629,3.50656,21,0.560416,0,0,0,0,1
E3-PPOLag-p003,35.7018,11,121,RLPolicy,0,0,0.0142689,8.01238,3.50656,13,0.063743,0,0,0,0,1.02447
E3-PPOLag-p003,35.7179,126,38,RLPolicy,0,0,0.0236804,13.8629,3.50656,21,0.610488,0,0,0,0,1
E3-PPOLag-p003,35.7272,128,195,RLPolicy,0,0,0.0232504,13.8629,3.50656,21,1.30955,0,0,0,0,1
E3-PPOLag-p003,35.7328,291,355,RLPolicy,0,0,0.0236804,13.8629,3.50656,21,0.576566,0,0,0,0,1
E3-PPOLag-p003,35.7331,108,449,RLPolicy,0,0,0.0236784,13.8629,3.50656,21,0.552034,0,0,0,0,1
E3-PPOLag-p003,35.7341,290,493,RLPolicy,0,0,0.0233876,13.8629,3.50656,21,0.52683,0,0,0,0,1
E3-PPOLag-p003,35.7398,27,190,RLPolicy,0,0,0.0236791,13.8629,3.50656,21,0.658364,0,0,0,0,1
E3-PPOLag-p003,35.7478,152,6,RLPolicy,0,0,0.0237041,13.8629,3.50656,21,0.208048,0,0,0,0,1
E3-PPOLag-p003,35.7501,106,13,RLPolicy,0,0,0.0236781,13.8629,3.50656,21,0.573547,0,0,0,0,1
E3-PPOLag-p003,35.7595,262,195,RLPolicy,0,0,0.0232504,13.8629,3.50656,21,0.656062,0,0,0,0,1
E3-PPOLag-p003,35.7605,136,464,RLPolicy,1,0,0.00789546,4.15888,3.50656,8,0.318539,0,0,0,0,1.00326
E3-PPOLag-p003,35.7683,73,76,RLPolicy,0,0,0.0569002,13.7088,3.50656,21,0.46143,0,0,0,0,1
E3-PPOLag-p003,35.7693,82,195,RLPolicy,0,0,0.0232522,13.8629,3.50656,21,0.710306,0,0,0,0,1
E3-PPOLag-p003,35.7745,123,243,RLPolicy,0,0,0.0236846,13.8629,3.50656,21,0.470002,0,0,0,0,1
E3-PPOLag-p003,35.7754,320,16,RLPolicy,0,0,0.023748,13.8629,3.50656,21,0.197083,0,0,0,0,1
E3-PPOLag-p003,35.7854,189,119,RLPolicy,0,0,0.0232548,13.8629,3.50656,21,1.04311,0,0,0,0,1.01366
E3-PPOLag-p003,35.7959,286,486,RLPolicy,0,0,0.0236804,13.8629,3.50656,21,0.308451,0,0,0,0,1
E3-PPOLag-p003,35.7964,175,424,RLPolicy,0,0,0.0237272,13.8629,3.50656,21,0.39393,0,0,0,0,1
E3-PPOLag-p003,35.8148,276,111,RLPolicy,0,0,0.0232418,13.8629,3.50656,21,0.560365,0,0,0,0,1
E3-PPOLag-p003,35.819,129,226,RLPolicy,0,0,0.0236873,13.8629,3.50656,21,0.28371,0,0,0,0,1
E3-PPOLag-p003,35.8206,98,496,RLPolicy,0,0,0.0232472,13.8629,3.50656,21,0.32424,0,0,0,0,1.01366
E3-PPOLag-p003,35.8236,5,326,RLPolicy,0,0,0.0237048,13.2522,3.50656,21,0.668696,0,0,0,0,1.00714
E3-PPOLag-p003,35.83,329,290,RLPolicy,0,0,0.0236871,13.8629,3.50656,21,0.580743,0,0,0,0,1
E3-PPOLag-p003,35.8317,215,121,RLPolicy,0,0,0.0142602,8.31777,3.50656,13,0.086235,0,0,0,0,1
E3-PPOLag-p003,35.8346,92,452,RLPolicy,0,0,0.013047,7.62462,3.50656,12,0.117898,0,0,0,0,1
E3-PPOLag-p003,35.8562,22,260,RLPolicy,0,0,0.0236784,13.8629,3.50656,21,0.487768,0,0,0,0,1
E3-PPOLag-p003,35.8623,263,145,RLPolicy,0,0,0.0233878,13.8629,3.50656,21,0.615011,0,0,0,0,1
E3-PPOLag-p003,35.8632,34,165,RLPolicy,0,0,0.023356,11.7253,3.50656,21,0.490736,0,0,0,0,0.988284
E3-PPOLag-p003,35.8706,332,19,RLPolicy,0,0,0.0236799,13.8629,3.50656,21,0.782533,0,0,0,0,1
E3-PPOLag-p003,35.8791,58,248,RLPolicy,0,0,0.0678741,13.5576,3.50656,21,0.66147,0,0,0,0,0.984406
E3-PPOLag-p003,35.8867,289,281,RLPolicy,0,0,0.0238183,13.8629,3.50656,21,0.179668,0,0,0,0,1
E3-PPOLag-p003,35.8889,172,248,RLPolicy,0,0,0.0232536,13.8629,3.50656,21,0.455182,0,0,0,0,1
E3-PPOLag-p003,35.8942,181,55,RLPolicy,0,0,0.0237144,13.8629,3.50656,21,0.231279,0,0,0,0,1
E3-PPOLag-p003,35.9123,312,328,RLPolicy,0,0,0.0236861,13.8629,3.50656,21,0.307949,0,0,0,0,1
E3-PPOLag-p003,35.9225,197,287,RLPolicy,0,0,0.0236914,13.8629,3.50656,21,0.500787,0,0,0,0,1
E3-PPOLag-p003,35.9262,226,337,RLPolicy,0,0,0.0237001,13.8629,3.50656,21,0.162744,0,0,0,0,1
E3-PPOLag-p003,35.939,151,111,RLPolicy,0,0,0.023255,13.7088,3.50656,21,0.532639,0,0,0,0,1
E3-PPOLag-p003,35.9394,170,271,RLPolicy,0,0,0.0236829,13.8629,3.50656,21,0.212252,0,0,0,0,1.02059
E3-PPOLag-p003,35.9586,154,307,RLPolicy,0,0,0.0237518,14.0453,3.50656,21,0.256881,0,0,0,0,1
E3-PPOLag-p003,35.9702,173,296,RLPolicy,0,0,0.0232473,13.8629,3.50656,21,0.365918,0,0,0,0,1
E3-PPOLag-p003,35.9719,41,165,RLPolicy,0,0,0.0238023,11.7253,3.50656,21,0.54268,0,0,0,0,0.980445
E3-PPOLag-p003,35.9815,69,354,RLPolicy,0,0,0.02368,13.8629,3.50656,21,0.486887,0,0,0,0,1
E3-PPOLag-p003,35.9821,42,3,RLPolicy,0,0,0.0237086,13.8629,3.50656,21,0.320222,0,0,0,0,1
E3-PPOLag-p003,35.9851,244,145,RLPolicy,0,0,0.0232513,13.8629,3.50656,21,0.671243,0,0,0,0,1
E3-PPOLag-p003,35.9897,242,309,RLPolicy,0,0,0.0236793,13.8629,3.50656,21,0.394438,0,0,0,0,1
E3-PPOLag-p003,35.9922,163,486,RLPolicy,0,0,0.0236808,13.8629,3.50656,21,0.527588,0,0,0,0,1
E3-PPOLag-p003,36.0119,30,473,RLPolicy,0,0,0.0588418,11.7253,3.50656,21,0.513807,0,0,0,0,1.0307
E3-PPOLag-p003,36.0153,143,443,RLPolicy,0,0,0.0501693,6.93147,3.50656,11,0.059428,0,0,0,0,1
E3-PPOLag-p003,36.0153,21,257,RLPolicy,0,0,0.056212,12.6414,3.50656,21,0.557849,0,0,0,0,1
E3-PPOLag-p003,36.0171,24,377,RLPolicy,0,0,0.031411,12.0307,3.50656,21,1.02709,0,0,0,0,1.03569
E3-PPOLag-p003,36.0188,135,248,RLPolicy,0,0,0.0232556,13.8629,3.50656,21,0.570728,0,0,0,0,1
E3-PPOLag-p003,36.0191,10,410,RLPolicy,0,0,0.0434785,5.2398,3.50656,9,0.067897,0,0,0,0,1
E3-PPOLag-p003,36.0209,174,145,RLPolicy,0,0,0.0233877,13.8629,3.50656,21,0.433221,0,0,0,0,1
E3-PPOLag-p003,36.0273,2,183,RLPolicy,0,0,0.0224959,13.8629,3.50656,21,0.594843,0,0,0,0,1
E3-PPOLag-p003,36.0298,283,145,RLPolicy,0,0,0.0233877,13.8629,3.50656,21,0.567755,0,0,0,0,1
E3-PPOLag-p003,36.0348,4,439,RLPolicy,0,0,0.0237258,12.9468,3.50656,21,0.48539,0,0,0,0,1
E3-PPOLag-p003,36.035,338,220,RLPolicy,0,0,0.0236786,13.8629,3.50656,21,0.587248,0,0,0,0,1
E3-PPOLag-p003,36.0396,29,165,RLPolicy,0,0,0.0557784,12.336,3.50656,21,0.551275,0,0,0,0,1
E3-PPOLag-p003,36.0517,298,44,RLPolicy,0,0,0.0236824,13.8629,3.50656,21,0.331906,0,0,0,0,1
E3-PPOLag-p003,36.0519,64,248,RLPolicy,0,0,0.0232538,13.7088,3.50656,21,0.555892,0,0,0,0,0.985162
E3-PPOLag-p003,36.0754,223,263,RLPolicy,1,1,0.00196626,0.693147,3.50656,3,0.098802,0,0,0,0,0.985933
E3-PPOLag-p003,36.0795,187,64,RLPolicy,0,0,0.0236845,13.8629,3.50656,21,0.623407,0,0,0,0,1
E3-PPOLag-p003,36.0804,132,452,RLPolicy,0,0,0.00477956,2.77259,3.50656,5,0.095676,0,0,0,0,1
E3-PPOLag-p003,36.0883,176,180,RLPolicy,0,0,0.0237135,13.8629,3.50656,21,0.360421,0,0,0,0,1
E3-PPOLag-p003,36.0942,183,449,RLPolicy,0,0,0.0236793,13.8629,3.50656,21,0.56872,0,0,0,0,1
E3-PPOLag-p003,36.0976,157,449,RLPolicy,0,0,0.0236809,13.8629,3.50656,21,0.383875,0,0,0,0,1
E3-PPOLag-p003,36.0992,340,145,RLPolicy,0,0,0.0233877,13.8629,3.50656,21,0.718192,0,0,0,0,1
E3-PPOLag-p003,36.1025,75,462,RLPolicy,0,0,0.0236799,13.8629,3.50656,21,0.489059,0,0,0,0,1
E3-PPOLag-p003,36.1201,182,326,RLPolicy,0,0,0.0236788,13.8629,3.50656,21,0.799003,0,0,0,0,1
E3-PPOLag-p003,36.1207,57,452,RLPolicy,0,0,0.00476305,2.77259,3.50656,5,0.10567,0,0,0,0,1
E3-PPOLag-p003,36.1281,161,349,RLPolicy,0,0,0.0236782,13.8629,3.50656,21,0.343049,0,0,0,0,1
E3-PPOLag-p003,36.1301,228,217,RLPolicy,0,0,0.0755357,13.8629,3.50656,21,0.18366,0,0,0,0,1
E3-PPOLag-p003,36.1516,269,145,RLPolicy,0,0,0.0232513,13.8629,3.50656,21,0.626602,0,0,0,0,1
E3-PPOLag-p003,36.1634,208,401,RLPolicy,0,0,0.0236802,13.8629,3.50656,21,0.384163,0,0,0,0,1.04832
E3-PPOLag-p003,36.1691,331,145,RLPolicy,0,0,0.0233877,13.8629,3.50656,21,0.752455,0,0,0,0,1
E3-PPOLag-p003,36.1764,259,145,RLPolicy,0,0,0.0232513,13.8629,3.50656,21,0.744736,0,0,0,0,1
E3-PPOLag-p003,36.1793,110,452,RLPolicy,0,0,0.00478472,2.77259,3.50656,5,0.055986,0,0,0,0,1
E3-PPOLag-p003,36.1811,322,197,RLPolicy,0,0,0.0236805,13.8629,3.50656,21,0.29025,0,0,0,0,1
E3-PPOLag-p003,36.1834,31,46,RLPolicy,0,0,0.0589404,12.6414,3.50656,21,0.511687,0,0,0,0,0.988284
E3-PPOLag-p003,36.1929,267,367,RLPolicy,0,0,0.0233875,13.8629,3.50656,21,0.480716,0,0,0,0,1
E3-PPOLag-p003,36.1997,137,146,RLPolicy,0,0,0.0130536,7.62462,3.50656,12,0.231922,0,0,0,0,1
E3-PPOLag-p003,36.2007,192,443,RLPolicy,0,0,0.0597717,6.93147,3.50656,11,0.132986,0,0,0,0,1
E3-PPOLag-p003,36.2109,33,265,RLPolicy,0,0,0.0612506,13.2522,3.50656,21,0.742308,0,0,0,0,1.00867
E3-PPOLag-p003,36.2193,180,373,RLPolicy,0,0,0.0236957,13.8629,3.50656,21,0.268679,0,0,0,0,1
E3-PPOLag-p003,36.2264,352,356,RLPolicy,0,0,0.0236787,13.8629,3.50656,21,0.500953,0,0,0,0,1
E3-PPOLag-p003,36.233,225,145,RLPolicy,0,0,0.0232513,13.8629,3.50656,21,0.501076,0,0,0,0,1
E3-PPOLag-p003,36.2357,71,16,RLPolicy,0,0,0.0237472,13.8629,3.50656,21,0.188867,0,0,0,0,1
E3-PPOLag-p003,36.2413,190,231,RLPolicy,0,0,0.0232546,13.8629,3.50656,21,0.893604,0,0,0,0,1
E3-PPOLag-p003,36.2418,70,177,RLPolicy,0,0,0.0236782,13.8629,3.50656,21,0.489511,0,0,0,0,1
E3-PPOLag-p003,36.2538,125,177,RLPolicy,0,0,0.0236783,13.8629,3.50656,21,0.474786,0,0,0,0,1
E3-PPOLag-p003,36.2636,84,231,RLPolicy,0,0,0.0232546,13.8629,3.50656,21,0.603523,0,0,0,0,1
E3-PPOLag-p003,36.2672,209,114,RLPolicy,0,0,0.0496792,2.77259,3.50656,5,0.053543,0,0,0,0,1
E3-PPOLag-p003,36.2693,214,486,RLPolicy,0,0,0.0236807,13.8629,3.50656,21,0.562372,0,0,0,0,1
E3-PPOLag-p003,36.2805,345,489,RLPolicy,0,0,0.0232474,13.8629,3.50656,21,0.526817,0,0,0,0,1
E3-PPOLag-p003,36.2993,265,193,RLPolicy,0,0,0.0236793,13.8629,3.50656,21,0.9908,0,0,0,0,1
E3-PPOLag-p003,36.302,87,479,RLPolicy,0,0,0.0232556,13.8629,3.50656,21,0.474046,0,0,0,0,1.03792
E3-PPOLag-p003,36.3166,104,248,RLPolicy,0,0,0.023256,13.8629,3.50656,21,0.448852,0,0,0,0,1
E3-PPOLag-p003,36.3199,308,330,RLPolicy,0,0,0.0967074,13.8629,3.50656,21,0.184685,0,0,0,0,1
E3-PPOLag-p003,36.3238,222,479,RLPolicy,0,0,0.0232424,13.8629,3.50656,21,0.618453,0,0,0,0,1.04832
E3-PPOLag-p003,36.3245,23,382,RLPolicy,0,0,0.049157,12.9468,3.50656,21,0.558598,0,0,0,0,1.00429
E3-PPOLag-p003,36.3266,337,373,RLPolicy,0,0,0.0236963,13.8629,3.50656,21,0.576741,0,0,0,0,1
E3-PPOLag-p003,36.3289,77,177,RLPolicy,0,0,0.0236782,13.8629,3.50656,21,0.486928,0,0,0,0,1
E3-PPOLag-p003,36.335,258,22,RLPolicy,0,0,0.0236781,13.8629,3.50656,21,0.460231,0,0,0,0,1
E3-PPOLag-p003,36.3412,79,145,RLPolicy,0,0,0.0232513,13.7088,3.50656,21,0.599139,0,0,0,0,1.06891
E3-PPOLag-p003,36.3419,32,408,RLPolicy,0,0,0.0237581,12.336,3.50656,21,0.672003,0,0,0,0,1
E3-PPOLag-p003,36.3441,37,156,RLPolicy,0,0,0.0238554,12.0307,3.50656,21,0.582512,0,0,0,0,1
E3-PPOLag-p003,36.3535,206,294,RLPolicy,0,0,0.0237103,13.8629,3.50656,21,0.474839,0,0,0,0,1
E3-PPOLag-p003,36.3673,288,449,RLPolicy,0,0,0.0236811,13.8629,3.50656,21,0.533376,0,0,0,0,1.01366
E3-PPOLag-p003,36.4052,204,325,RLPolicy,0,0,0.0236784,13.8629,3.50656,21,0.883955,0,0,0,0,1
E3-PPOLag-p003,36.4106,249,6,RLPolicy,0,0,0.0237078,13.8629,3.50656,21,0.172172,0,0,0,0,1
E3-PPOLag-p003,36.416,256,315,RLPolicy,0,0,0.0237172,13.8629,3.50656,21,0.232655,0,0,0,0,1
E3-PPOLag-p003,36.4185,237,462,RLPolicy,0,0,0.0232571,13.8629,3.50656,21,0.423984,0,0,0,0,1
E3-PPOLag-p003,36.4188,169,462,RLPolicy,0,0,0.0232571,13.8629,3.50656,21,0.671682,0,0,0,0,1.02059
E3-PPOLag-p003,36.4215,239,343,RLPolicy,0,0,0.0236793,13.8629,3.50656,21,0.348402,0,0,0,0,1
E3-PPOLag-p003,36.4368,133,295,RLPolicy,0,0,0.0236787,13.8629,3.50656,21,0.666192,0,0,0,0,1.04138
E3-PPOLag-p003,36.4433,301,45,RLPolicy,0,0,0.0178665,10.3972,3.50656,16,0.06711,0,0,0,0,1
E3-PPOLag-p003,36.4532,28,166,RLPolicy,0,0,0.0232956,12.336,3.50656,21,0.5181,0,0,0,0,0.97269
E3-PPOLag-p003,36.4663,72,16,RLPolicy,0,0,0.0237669,13.8629,3.50656,21,0.174456,0,0,0,0,1
E3-PPOLag-p003,36.468,224,70,RLPolicy,0,0,0.0237729,14.0453,3.50656,21,0.285648,0,0,0,0,1
E3-PPOLag-p003,36.4724,193,182,RLPolicy,0,0,0.0236795,13.8629,3.50656,21,0.640578,0,0,0,0,1
E3-PPOLag-p003,36.4806,85,501,RLPolicy,0,0,0.0237386,13.8629,3.50656,21,0.170185,0,0,0,0,1.02059
E3-PPOLag-p003,36.4809,18,46,RLPolicy,0,0,0.0237303,12.6414,3.50656,21,0.448119,0,0,0,0,1
E3-PPOLag-p003,36.4835,293,278,RLPolicy,0,0,0.023678,13.8629,3.50656,21,0.619839,0,0,0,0,1
E3-PPOLag-p003,36.4895,353,438,RLPolicy,0,0,0.00478482,2.77259,3.50656,5,0.068727,0,0,0,0,1
E3-PPOLag-p003,36.4896,184,489,RLPolicy,1,1,0.00196992,0.693147,3.50656,3,0.335343,0,0,0,0,0.985933
E3-PPOLag-p003,36.4917,219,22,RLPolicy,0,0,0.0236782,13.8629,3.50656,21,0.482314,0,0,0,0,1
E3-PPOLag-p003,36.493,309,119,RLPolicy,0,0,0.0232415,13.8629,3.50656,21,0.491403,0,0,0,0,1
E3-PPOLag-p003,36.5044,6,48,RLPolicy,0,0,0.0343106,13.2522,3.50656,21,0.576054,0,0,0,0,1.05475
E3-PPOLag-p003,36.5148,78,263,RLPolicy,0,0,0.0236786,13.8629,3.50656,21,0.585515,0,0,0,0,1.02059
E3-PPOLag-p003,36.5187,282,89,RLPolicy,1,1,0.00194723,0.693147,3.50656,3,0.304324,0,0,0,0,0.985933
E3-PPOLag-p003,36.525,299,145,RLPolicy,0,0,0.0236788,13.8629,3.50656,21,0.418502,0,0,0,0,1
E3-PPOLag-p003,36.5277,147,248,RLPolicy,0,0,0.0232544,13.8629,3.50656,21,0.511149,0,0,0,0,1
E3-PPOLag-p003,36.5413,134,81,RLPolicy,1,0,0.0118704,6.23832,3.50656,11,0.153738,0,0,0,0,1.01366
E3-PPOLag-p003,36.5514,243,145,RLPolicy,0,0,0.0232513,13.8629,3.50656,21,0.553771,0,0,0,0,1
E3-PPOLag-p003,36.5684,119,372,RLPolicy,0,0,0.0233252,13.8629,3.50656,21,0.834567,0,0,0,0,0.985933
E3-PPOLag-p003,36.5857,155,145,RLPolicy,0,0,0.0232513,13.8629,3.50656,21,0.440229,0,0,0,0,1.04832
E3-PPOLag-p003,36.602,47,2,RLPolicy,0,0,0.0234251,13.2522,3.50656,21,0.411019,0,0,0,0,1
E3-PPOLag-p003,36.6026,13,460,RLPolicy,0,0,0.0406597,13.2522,3.50656,21,0.332314,0,0,0,0,1
E3-PPOLag-p003,36.6161,100,33,RLPolicy,0,0,0.0236962,13.8629,3.50656,21,0.401418,0,0,0,0,1
E3-PPOLag-p003,36.6167,274,12,RLPolicy,0,0,0.0236784,13.8629,3.50656,21,0.648976,0,0,0,0,1
E3-PPOLag-p003,36.6184,328,486,RLPolicy,0,0,0.0236816,13.8629,3.50656,21,1.13366,0,0,0,0,1
E3-PPOLag-p003,36.631,275,76,RLPolicy,0,0,0.0233252,13.8629,3.50656,21,0.776371,0,0,0,0,1
E3-PPOLag-p003,36.6323,97,489,RLPolicy,0,0,0.0232478,13.8629,3.50656,21,0.340872,0,0,0,0,0.99633
E3-PPOLag-p003,36.6328,251,479,RLPolicy,0,0,0.0236788,13.8629,3.50656,21,0.48901,0,0,0,0,1
E3-PPOLag-p003,36.6379,95,372,RLPolicy,0,0,0.0233252,13.8629,3.50656,21,0.557342,0,0,0,0,1
E3-PPOLag-p003,36.6406,240,483,RLPolicy,0,0,0.0236905,13.8629,3.50656,21,0.161429,0,0,0,0,1.04485
E3-PPOLag-p003,36.6426,341,68,RLPolicy,0,0,0.0237209,13.8629,3.50656,21,0.215937,0,0,0,0,1
E3-PPOLag-p003,36.6457,202,486,RLPolicy,0,0,0.0236809,13.8629,3.50656,21,0.575573,0,0,0,0,1
E3-PPOLag-p003,36.65,217,489,RLPolicy,0,0,0.0232478,13.8629,3.50656,21,0.524589,0,0,0,0,1
E3-PPOLag-p003,36.6521,90,298,RLPolicy,0,0,0.0236874,13.8629,3.50656,21,0.530368,0,0,0,0,1
E3-PPOLag-p003,36.6614,324,144,RLPolicy,0,0,0.0236785,13.8629,3.50656,21,0.401492,0,0,0,0,1.03445
E3-PPOLag-p003,36.6653,185,265,RLPolicy,0,0,0.0236813,13.8629,3.50656,21,0.444865,0,0,0,0,1
E3-PPOLag-p003,36.6735,164,451,RLPolicy,0,0,0.0236812,13.8629,3.50656,21,0.418769,0,0,0,0,1
E3-PPOLag-p003,36.6751,122,372,RLPolicy,0,0,0.0233252,13.8629,3.50656,21,0.573307,0,0,0,0,1
E3-PPOLag-p003,36.6805,146,417,RLPolicy,0,0,0.0676064,13.8629,3.50656,21,0.157483,0,0,0,0,1
E3-PPOLag-p003,36.6982,148,438,RLPolicy,0,0,0.0423111,2.77259,3.50656,5,0.025181,0,0,0,0,1
E3-PPOLag-p003,36.7045,280,217,RLPolicy,0,0,0.023733,13.8629,3.50656,21,0.295976,0,0,0,0,1
E3-PPOLag-p003,36.7049,140,29,RLPolicy,0,0,0.0237006,13.8629,3.50656,21,0.440924,0,0,0,0,1
E3-PPOLag-p003,36.7076,15,364,RLPolicy,0,0,0.0559532,12.9468,3.50656,21,0.124793,0,0,0,0,1
E3-PPOLag-p003,36.71,36,146,RLPolicy,0,0,0.0207164,7.62462,3.50656,12,0.196757,0,0,0,0,1
E3-PPOLag-p003,36.714,350,145,RLPolicy,0,0,0.023251,13.8629,3.50656,21,0.669949,0,0,0,0,1
E3-PPOLag-p003,36.7193,310,145,RLPolicy,0,0,0.0233874,13.8629,3.50656,21,0.424087,0,0,0,0,0.985933
E3-PPOLag-p003,36.7238,361,397,RLPolicy,0,0,0.0236978,13.8629,3.50656,21,0.461498,0,0,0,0,1
E3-PPOLag-p003,36.725,316,496,RLPolicy,0,0,0.0236801,13.8629,3.50656,21,0.321547,0,0,0,0,1
E3-PPOLag-p003,36.7312,254,416,RLPolicy,0,0,0.0232504,13.8629,3.50656,21,0.465611,0,0,0,0,1
E3-PPOLag-p003,36.7786,51,146,RLPolicy,0,0,0.0253678,7.62462,3.50656,12,0.070771,0,0,0,0,1
E3-PPOLag-p003,36.7823,88,487,RLPolicy,0,0,0.0236787,13.8629,3.50656,21,0.759774,0,0,0,0,1
E3-PPOLag-p003,36.7878,357,304,RLPolicy,0,0,0.105171,13.8629,3.50656,21,0.361944,0,0,0,0,1
E3-PPOLag-p003,36.7889,121,501,RLPolicy,0,0,0.0237481,13.8629,3.50656,21,0.195688,0,0,0,0,1
E3-PPOLag-p003,36.7895,351,153,RLPolicy,0,0,0.0236887,13.8629,3.50656,21,0.527707,0,0,0,0,1
E3-PPOLag-p003,36.7917,284,32,RLPolicy,0,0,0.023694,13.8629,3.50656,21,0.93123,0,0,0,0,1
E3-PPOLag-p003,36.7958,330,384,RLPolicy,0,0,0.0236779,13.8629,3.50656,21,0.500491,0,0,0,0,1
E3-PPOLag-p003,36.7959,101,77,RLPolicy,0,0,0.0236821,13.8629,3.50656,21,0.351407,0,0,0,0,0.992864
E3-PPOLag-p003,36.7974,362,343,RLPolicy,0,0,0.0236782,13.8629,3.50656,21,0.591754,0,0,0,0,1
E3-PPOLag-p003,36.7979,317,145,RLPolicy,0,0,0.0233874,13.8629,3.50656,21,0.693872,0,0,0,0,1
E3-PPOLag-p003,36.7994,315,483,RLPolicy,0,0,0.0236925,13.8629,3.50656,21,0.147252,0,0,0,0,1
E3-PPOLag-p003,36.8131,14,483,RLPolicy,0,0,0.0236925,13.8629,3.50656,21,0.358369,0,0,0,0,1
E3-PPOLag-p003,36.8149,16,155,RLPolicy,0,0,0.0546602,12.336,3.50656,21,0.363578,0,0,0,0,1
E3-PPOLag-p003,36.8169,198,75,RLPolicy,0,0,0.0236957,13.8629,3.50656,21,0.468541,0,0,0,0,1
E3-PPOLag-p003,36.817,196,129,RLPolicy,0,0,0.0236875,13.8629,3.50656,21,0.287395,0,0,0,0,1
E3-PPOLag-p003,36.8193,266,222,RLPolicy,0,0,0.023326,13.8629,3.50656,21,0.596955,0,0,0,0,0.985933
E3-PPOLag-p003,36.8224,141,367,RLPolicy,0,0,0.0233874,13.8629,3.50656,21,0.623868,0,0,0,0,1
E3-PPOLag-p003,36.8287,9,138,RLPolicy,0,0,0.0236809,13.2522,3.50656,21,0.700767,0,0,0,0,1.02793
E3-PPOLag-p003,36.8311,144,145,RLPolicy,0,0,0.0233875,13.8629,3.50656,21,1.06947,0,0,0,0,1
E3-PPOLag-p003,36.8342,178,371,RLPolicy,0,0,0.0236926,13.8629,3.50656,21,0.191799,0,0,0,0,1.00326
E3-PPOLag-p003,36.8373,336,2,RLPolicy,0,0,0.0236787,13.8629,3.50656,21,1.25444,0,0,0,0,1
E3-PPOLag-p003,36.8439,26,146,RLPolicy,0,0,0.0178195,10.3972,3.50656,16,0.229925,0,0,0,0,1.02059
E3-PPOLag-p003,36.8522,203,336,RLPolicy,0,0,0.0236887,13.8629,3.50656,21,0.664538,0,0,0,0,0.985933
E3-PPOLag-p003,36.8539,229,367,RLPolicy,0,0,0.0233875,13.8629,3.50656,21,0.429608,0,0,0,0,1
E3-PPOLag-p003,36.8568,205,145,RLPolicy,0,0,0.023251,13.8629,3.50656,21,0.777351,0,0,0,0,1
E3-PPOLag-p003,36.8589,342,379,RLPolicy,0,0,0.023326,13.8629,3.50656,21,1.43826,0,0,0,0,1
E3-PPOLag-p003,36.8595,199,367,RLPolicy,0,0,0.0233875,13.8629,3.50656,21,0.773362,0,0,0,0,1
E3-PPOLag-p003,36.8677,220,408,RLPolicy,0,0,0.0232478,13.8629,3.50656,21,0.475159,0,0,0,0,1
E3-PPOLag-p003,36.8685,250,385,RLPolicy,1,1,0.00239518,0.693147,3.50656,3,0.233692,0,0,0,0,0.985933
E3-PPOLag-p003,36.8695,213,265,RLPolicy,0,0,0.0236792,13.8629,3.50656,21,1.05965,0,0,0,0,1
E3-PPOLag-p003,36.8776,62,274,RLPolicy,0,0,0.0237267,13.5576,3.50656,21,0.46027,0,0,0,0,1.05546
E3-PPOLag-p003,36.8778,238,351,RLPolicy,0,0,0.0763647,13.8629,3.50656,21,0.086369,0,0,0,0,1.04832
E3-PPOLag-p003,36.8789,138,32,RLPolicy,0,0,0.0236797,13.8629,3.50656,21,0.837053,0,0,0,0,1
E3-PPOLag-p003,36.8789,313,416,RLPolicy,0,0,0.0232504,13.8629,3.50656,21,0.807908,0,0,0,0,1
E3-PPOLag-p003,36.8879,311,354,RLPolicy,0,0,0.0236839,13.8629,3.50656,21,0.461757,0,0,0,0,1
E3-PPOLag-p003,36.8896,248,9,RLPolicy,0,0,0.0236827,13.8629,3.50656,21,0.383244,0,0,0,0,1
E3-PPOLag-p003,36.8958,292,141,RLPolicy,0,0,0.0236811,13.8629,3.50656,21,0.714286,0,0,0,0,1
E3-PPOLag-p003,36.8976,207,488,RLPolicy,0,0,0.0236782,13.8629,3.50656,21,0.46254,0,0,0,0,1
E3-PPOLag-p003,36.8991,297,125,RLPolicy,0,0,0.0236787,13.8629,3.50656,21,0.50437,0,0,0,0,1
E3-PPOLag-p003,36.8992,171,408,RLPolicy,0,0,0.0232478,13.8629,3.50656,21,0.383505,0,0,0,0,1.02059
E3-PPOLag-p003,36.9077,307,362,RLPolicy,0,0,0.0236781,13.8629,3.50656,21,0.53473,0,0,0,0,1
E3-PPOLag-p003,36.9097,80,376,RLPolicy,0,0,0.0233883,13.8629,3.50656,21,0.494304,0,0,0,0,1
E3-PPOLag-p003,36.91,212,80,RLPolicy,0,0,0.0233883,13.8629,3.50656,21,0.719904,0,0,0,0,1
E3-PPOLag-p003,36.9163,191,80,RLPolicy,0,0,0.0233883,13.8629,3.50656,21,0.486462,0,0,0,0,0.985933
E3-PPOLag-p003,36.9255,314,173,RLPolicy,0,0,0.0232478,13.8629,3.50656,21,0.404832,0,0,0,0,0.985933
E3-PPOLag-p003,36.9294,278,207,RLPolicy,0,0,0.0236785,13.8629,3.50656,21,0.562238,0,0,0,0,1
E3-PPOLag-p003,36.9392,159,499,RLPolicy,0,0,0.0236895,13.8629,3.50656,21,0.140319,0,0,0,0,1
E3-PPOLag-p003,36.944,270,80,RLPolicy,0,0,0.0232519,13.8629,3.50656,21,0.91461,0,0,0,0,1.04138
E3-PPOLag-p003,36.9463,354,418,RLPolicy,0,0,0.0236793,13.8629,3.50656,21,0.783993,0,0,0,0,1
E3-PPOLag-p003,36.9473,296,177,RLPolicy,1,0,0.0142743,7.16217,3.50656,13,0.534229,0,0,0,0,1.01828
E3-PPOLag-p003,36.9561,360,68,RLPolicy,0,0,0.0237178,13.8629,3.50656,21,0.22182,0,0,0,0,1
E3-PPOLag-p003,36.9569,166,150,RLPolicy,0,0,0.0236786,13.8629,3.50656,21,0.491928,0,0,0,0,1
E3-PPOLag-p003,36.9605,130,459,RLPolicy,0,0,0.0237096,13.8629,3.50656,21,0.353776,0,0,0,0,1
E3-PPOLag-p003,36.9654,40,408,RLPolicy,0,0,0.0233836,12.336,3.50656,21,0.755041,0,0,0,0,1.00949
E3-PPOLag-p003,36.9675,158,169,RLPolicy,1,0,0.0154304,8.31777,3.50656,14,0.231947,0,0,0,0,1.02406
E3-PPOLag-p003,36.9679,56,80,RLPolicy,0,0,0.0232519,13.8629,3.50656,21,0.466228,0,0,0,0,1
E3-PPOLag-p003,36.978,117,293,RLPolicy,0,0,0.0236784,13.8629,3.50656,21,0.314324,0,0,0,0,1
E3-PPOLag-p003,36.9811,305,80,RLPolicy,0,0,0.0232519,13.8629,3.50656,21,0.423179,0,0,0,0,1
E3-PPOLag-p003,37.009,186,32,RLPolicy,0,0,0.0236809,13.8629,3.50656,21,0.642531,0,0,0,0,1.01019
E3-PPOLag-p003,37.0152,304,349,RLPolicy,0,0,0.0236836,13.8629,3.50656,21,0.386221,0,0,0,0,1
E3-PPOLag-p003,37.02,149,222,RLPolicy,0,0,0.0233258,13.8629,3.50656,21,1.04138,0,0,0,0,1
E3-PPOLag-p003,37.0251,281,106,RLPolicy,0,0,0.0237775,14.0453,3.50656,21,0.316885,0,0,0,0,1.01712
E3-PPOLag-p003,37.0302,294,462,RLPolicy,0,0,0.0236838,13.8629,3.50656,21,0.78208,0,0,0,0,1.04138
E3-PPOLag-p003,37.0358,116,9,RLPolicy,0,0,0.0236786,13.8629,3.50656,21,0.377243,0,0,0,0,1.03792
E3-PPOLag-p003,37.0404,333,222,RLPolicy,0,0,0.0233258,13.8629,3.50656,21,0.698076,0,0,0,0,1
E3-PPOLag-p003,37.0453,365,222,RLPolicy,0,0,0.0236792,13.8629,3.50656,21,0.709742,0,0,0,0,1
E3-PPOLag-p003,37.0541,255,382,RLPolicy,0,0,0.023248,13.8629,3.50656,21,0.314842,0,0,0,0,0.985933
E3-PPOLag-p003,37.0545,321,501,RLPolicy,0,0,0.0236928,13.8629,3.50656,21,0.222989,0,0,0,0,1
E3-PPOLag-p003,37.0587,20,200,RLPolicy,1,0,0.033742,6.70847,3.50656,13,0.373324,0,0,0,0,1.0151
E3-PPOLag-p003,37.06,3,57,RLPolicy,0,0,0.0349995,13.2522,3.50656,21,0.600313,0,0,0,0,1.02051
E3-PPOLag-p003,37.0602,19,424,RLPolicy,0,0,0.0558739,12.336,3.50656,21,0.722984,0,0,0,0,1
E3-PPOLag-p003,37.0878,233,150,RLPolicy,0,0,0.0236786,13.8629,3.50656,21,0.444016,0,0,0,0,1.00673
E3-PPOLag-p003,37.0879,231,291,RLPolicy,1,1,0.00205128,0.693147,3.50656,3,0.176088,0,0,0,0,0.985933
E3-PPOLag-p003,37.0895,45,281,RLPolicy,0,0,0.0238076,13.5576,3.50656,21,0.074417,0,0,0,0,1
E3-PPOLag-p003,37.092,111,222,RLPolicy,0,0,0.0233258,13.8629,3.50656,21,0.443077,0,0,0,0,1
E3-PPOLag-p003,37.0923,302,9,RLPolicy,0,0,0.0236789,13.8629,3.50656,21,0.579499,0,0,0,0,1
E3-PPOLag-p003,37.0973,260,278,RLPolicy,0,0,0.0236781,13.8629,3.50656,21,0.423233,0,0,0,0,1
E3-PPOLag-p003,37.0993,46,312,RLPolicy,0,0,0.0237431,12.9468,3.50656,21,0.376225,0,0,0,0,0.971866
E3-PPOLag-p003,37.1016,356,462,RLPolicy,0,0,0.0232555,13.8629,3.50656,21,0.611912,0,0,0,0,1
E3-PPOLag-p003,37.1041,168,291,RLPolicy,0,0,0.023326,13.8629,3.50656,21,0.505296,0,0,0,0,0.985933
E3-PPOLag-p003,37.105,247,486,RLPolicy,0,0,0.0236807,13.8629,3.50656,21,0.303569,0,0,0,0,1
E3-PPOLag-p003,37.1134,218,43,RLPolicy,0,0,0.0236792,13.8629,3.50656,21,0.856321,0,0,0,0,1
E3-PPOLag-p003,37.1136,43,295,RLPolicy,1,1,0.00684705,1.93883,3.50656,7,0.426886,0,0,0,0,0.992161
E3-PPOLag-p003,37.1206,227,128,RLPolicy,0,0,0.0236806,13.8629,3.50656,21,0.527674,0,0,0,0,1
E3-PPOLag-p003,37.129,303,140,RLPolicy,0,0,0.095888,13.8629,3.50656,21,0.11246,0,0,0,0,1
E3-PPOLag-p003,37.1394,12,285,RLPolicy,0,0,0.0236787,13.8629,3.50656,21,0.641112,0,0,0,0,1.0314
E3-PPOLag-p003,37.1454,63,27,RLPolicy,0,0,0.0236787,13.8629,3.50656,21,0.293667,0,0,0,0,1
E3-PPOLag-p003,37.1508,81,219,RLPolicy,0,0,0.0236818,13.8629,3.50656,21,0.501587,0,0,0,0,1
E3-PPOLag-p003,37.1626,25,220,RLPolicy,1,1,0.0353687,1.55106,3.50656,6,0.652847,0,0,0,0,1.02051
E3-PPOLag-p003,37.1706,216,340,RLPolicy,0,0,0.0233883,13.8629,3.50656,21,0.595457,0,0,0,0,0.989399
E3-PPOLag-p003,37.184,366,242,RLPolicy,0,0,0.0236786,13.8629,3.50656,21,0.860277,0,0,0,0,1
E3-PPOLag-p003,37.1985,235,291,RLPolicy,0,0,0.0232433,13.8629,3.50656,21,0.42057,0,0,0,0,1
E3-PPOLag-p003,37.1995,103,80,RLPolicy,0,0,0.023679,13.8629,3.50656,21,0.439481,0,0,0,0,1
E3-PPOLag-p003,37.2047,105,291,RLPolicy,0,0,0.0232433,13.8629,3.50656,21,0.480877,0,0,0,0,1
E3-PPOLag-p003,37.2053,76,291,RLPolicy,0,0,0.0232433,13.8629,3.50656,21,0.645291,0,0,0,0,1
E3-PPOLag-p003,37.2063,107,494,RLPolicy,0,0,0.0236784,13.8629,3.50656,21,0.423868,0,0,0,0,1
E3-PPOLag-p003,37.2078,230,410,RLPolicy,0,0,0.023803,13.8629,3.50656,21,0.161681,0,0,0,0,1
E3-PPOLag-p003,37.2092,210,452,RLPolicy,0,0,0.00476,2.77259,3.50656,5,0.139382,0,0,0,0,1
E3-PPOLag-p003,37.2159,268,70,RLPolicy,0,0,0.023678,13.8629,3.50656,21,0.399102,0,0,0,0,1.04832
E3-PPOLag-p003,37.2175,194,242,RLPolicy,0,0,0.0236787,13.8629,3.50656,21,0.636743,0,0,0,0,0.971866
E3-PPOLag-p003,37.2218,112,291,RLPolicy,0,0,0.0232433,13.8629,3.50656,21,0.458437,0,0,0,0,1
E3-PPOLag-p003,37.2259,54,497,RLPolicy,1,0,0.0166552,9.01091,3.50656,15,0.131479,0,0,0,0,1.02752
E3-PPOLag-p003,37.2279,327,158,RLPolicy,0,0,0.0236821,13.8629,3.50656,21,0.330531,0,0,0,0,1
E3-PPOLag-p003,37.2313,139,519,RLPolicy,0,0,0.0236793,13.8629,3.50656,21,0.555343,0,0,0,0,1
E3-PPOLag-p003,37.2315,38,202,RLPolicy,0,0,0.0600593,11.7253,3.50656,21,0.793248,0,0,0,0,1.00908
E3-PPOLag-p003,37.2362,162,93,RLPolicy,0,0,0.0236786,13.8629,3.50656,21,0.396084,0,0,0,0,1
E3-PPOLag-p003,37.237,66,366,RLPolicy,0,0,0.0232552,13.8629,3.50656,21,0.363479,0,0,0,0,1.03099
E3-PPOLag-p003,37.242,50,446,RLPolicy,1,0,0.0573449,9.39868,3.50656,16,0.410187,0,0,0,0,1.02946
E3-PPOLag-p003,37.2423,52,248,RLPolicy,0,0,0.0627224,13.5576,3.50656,21,0.404438,0,0,0,0,1.02059
E3-PPOLag-p003,37.247,114,438,RLPolicy,0,0,0.0392952,2.77259,3.50656,5,0.028532,0,0,0,0,1
E3-PPOLag-p003,37.2636,39,349,RLPolicy,0,0,0.0236784,13.8629,3.50656,21,0.522164,0,0,0,0,1
E3-PPOLag-p003,37.2764,287,42,RLPolicy,0,0,0.0236917,13.8629,3.50656,21,0.315991,0,0,0,0,1
E3-PPOLag-p003,37.2786,120,175,RLPolicy,0,0,0.0237535,13.8629,3.50656,21,0.090531,0,0,0,0,1
E3-PPOLag-p003,37.2872,59,2,RLPolicy,0,0,0.0236955,13.8629,3.50656,21,0.691776,0,0,0,0,1
E3-PPOLag-p003,37.2963,236,291,RLPolicy,0,0,0.0232433,13.8629,3.50656,21,0.479716,0,0,0,0,1
E3-PPOLag-p003,37.297,241,487,RLPolicy,0,0,0.0236958,13.8629,3.50656,21,0.233165,0,0,0,0,1.03099
E3-PPOLag-p003,37.3021,131,366,RLPolicy,0,0,0.0232551,13.8629,3.50656,21,0.51864,0,0,0,0,1
E3-PPOLag-p003,37.3116,49,68,RLPolicy,0,0,0.0237288,13.8629,3.50656,21,0.120496,0,0,0,0,1
E3-PPOLag-p003,37.3152,188,422,RLPolicy,0,0,0.0130437,7.62462,3.50656,12,0.049511,0,0,0,0,1.00673
E3-PPOLag-p003,37.3163,211,377,RLPolicy,0,0,0.0236802,13.8629,3.50656,21,0.468148,0,0,0,0,1.01712
E3-PPOLag-p003,37.317,68,459,RLPolicy,0,0,0.0237015,13.8629,3.50656,21,0.264432,0,0,0,0,1.02752
E3-PPOLag-p003,37.3184,86,344,RLPolicy,0,0,0.0237896,13.8629,3.50656,21,0.221349,0,0,0,0,1
E3-PPOLag-p003,37.3234,109,29,RLPolicy,0,0,0.0236903,13.8629,3.50656,21,0.39897,0,0,0,0,1
E3-PPOLag-p003,37.3245,339,462,RLPolicy,0,0,0.0232557,13.7088,3.50656,21,0.689939,0,0,0,0,1
E3-PPOLag-p003,37.3251,245,39,RLPolicy,0,0,0.023678,13.8629,3.50656,21,0.466095,0,0,0,0,1
E3-PPOLag-p003,37.3286,319,271,RLPolicy,0,0,0.0236792,13.8629,3.50656,21,0.272822,0,0,0,0,1
E3-PPOLag-p003,37.3304,273,291,RLPolicy,0,0,0.023326,13.8629,3.50656,21,0.620717,0,0,0,0,1
E3-PPOLag-p003,37.3306,272,8,RLPolicy,0,0,0.0232507,13.8629,3.50656,21,0.497409,0,0,0,0,1
E3-PPOLag-p003,37.3317,343,330,RLPolicy,0,0,0.0236781,13.8629,3.50656,21,0.700938,0,0,0,0,1
E3-PPOLag-p003,37.3471,1,410,RLPolicy,0,0,0.0297939,5.93294,3.50656,10,0.055166,0,0,0,0,1
E3-PPOLag-p003,37.357,156,291,RLPolicy,0,0,0.0232433,13.8629,3.50656,21,0.999379,0,0,0,0,1
E3-PPOLag-p003,37.3654,7,446,RLPolicy,0,0,0.0377792,13.2522,3.50656,21,0.521836,0,0,0,0,0.999097
E3-PPOLag-p003,37.3667,306,260,RLPolicy,0,0,0.0236872,13.8629,3.50656,21,0.310994,0,0,0,0,1
E3-PPOLag-p003,37.3673,318,277,RLPolicy,0,0,0.0793484,0.693147,3.50656,2,0.010422,0,0,0,0,1
E3-PPOLag-p003,37.388,358,8,RLPolicy,0,0,0.0233871,13.8629,3.50656,21,0.672551,0,0,0,0,1
E3-PPOLag-p003,37.3911,8,99,RLPolicy,0,0,0.0560047,12.9468,3.50656,21,0.58047,0,0,0,0,1
E3-PPOLag-p003,37.3919,201,186,RLPolicy,0,0,0.0236832,13.8629,3.50656,21,0.80109,0,0,0,0,1
E3-PPOLag-p003,37.3944,372,291,RLPolicy,0,0,0.0232433,13.8629,3.50656,21,0.677238,0,0,0,0,1
E3-PPOLag-p003,37.416,17,267,RLPolicy,1,1,0.0023948,0.387766,3.50656,3,0.101002,0,0,0,0,0.984406
E3-PPOLag-p003,37.4173,261,307,RLPolicy,0,0,0.0236785,13.8629,3.50656,21,0.318481,0,0,0,0,1
E3-PPOLag-p003,37.4243,177,116,RLPolicy,0,0,0.0236786,13.8629,3.50656,21,0.442254,0,0,0,0,1
E3-PPOLag-p003,37.4255,67,271,RLPolicy,0,0,0.0232433,13.8629,3.50656,21,0.410019,0,0,0,0,0.971866
E3-PPOLag-p003,37.4422,334,56,RLPolicy,0,0,0.0236825,13.8629,3.50656,21,0.377071,0,0,0,0,1
E3-PPOLag-p003,37.4436,323,173,RLPolicy,0,0,0.0232463,13.8629,3.50656,21,0.461167,0,0,0,0,1
E3-PPOLag-p003,37.4461,264,260,RLPolicy,0,0,0.0236899,13.8629,3.50656,21,0.268366,0,0,0,0,1
E3-PPOLag-p003,37.4553,94,63,RLPolicy,0,0,0.02368,13.8629,3.50656,21,0.831221,0,0,0,0,1
E3-PPOLag-p003,37.4573,74,377,RLPolicy,0,0,0.023682,13.8629,3.50656,21,0.638227,0,0,0,0,1
E3-PPOLag-p003,37.4588,234,377,RLPolicy,0,0,0.0236788,13.8629,3.50656,21,0.341728,0,0,0,0,1
E3-PPOLag-p003,37.4602,65,146,RLPolicy,0,0,0.0130437,7.62462,3.50656,12,0.079161,0,0,0,0,1.01366
E3-PPOLag-p003,37.4637,344,258,RLPolicy,1,0,0.0226027,12.4766,3.50656,20,0.269791,0,0,0,0,1.04485
E3-PPOLag-p003,37.4684,61,367,RLPolicy,0,0,0.0233874,13.8629,3.50656,21,0.48701,0,0,0,0,1
E3-PPOLag-p003,37.474,160,175,RLPolicy,0,0,0.0237419,13.8629,3.50656,21,0.184698,0,0,0,0,1
E3-PPOLag-p003,37.4817,48,74,RLPolicy,1,0,0.00832247,4.15888,3.50656,8,0.285365,0,0,0,0,1.00326
E3-PPOLag-p003,37.499,99,327,RLPolicy,0,0,0.0236806,13.8629,3.50656,21,0.52453,0,0,0,0,1
E3-PPOLag-p003,37.5034,55,133,RLPolicy,1,1,0.00551652,2.77259,3.50656,6,0.119011,0,0,0,0,0.99633
E3-PPOLag-p003,37.5114,335,128,RLPolicy,0,0,0.0236788,13.8629,3.50656,21,0.514593,0,0,0,0,1
E3-PPOLag-p003,37.5143,93,8,RLPolicy,0,0,0.0233871,13.8629,3.50656,21,0.658902,0,0,0,0,1
E3-PPOLag-p003,37.5147,53,8,RLPolicy,0,0,0.0236865,13.8629,3.50656,21,0.425482,0,0,0,0,1.01366
E3-PPOLag-p003,37.5196,113,343,RLPolicy,0,0,0.0236847,13.8629,3.50656,21,0.359223,0,0,0,0,1.00326
E3-PPOLag-p003,37.5226,44,259,RLPolicy,0,0,0.0576005,13.2522,3.50656,21,1.38495,0,0,0,0,1
E3-PPOLag-p003,37.5234,179,427,RLPolicy,0,0,0.0236791,13.8629,3.50656,21,0.532333,0,0,0,0,1.01366
E3-PPOLag-p003,37.5245,165,193,RLPolicy,1,1,0.00239741,0.693147,3.50656,3,0.253701,0,0,0,0,0.985933
E3-PPOLag-p003,37.5286,200,260,RLPolicy,0,0,0.0236787,13.8629,3.50656,21,0.324304,0,0,0,0,1.01366
E3-PPOLag-p003,37.5304,0,99,RLPolicy,0,0,0.052044,12.9468,3.50656,21,0.494588,0,0,0,0,1.00867
E3-PPOLag-p003,37.5349,124,8,RLPolicy,0,0,0.0232507,13.8629,3.50656,21,0.435023,0,0,0,0,1
E3-PPOLag-p003,37.5379,167,222,RLPolicy,0,0,0.0232433,13.8629,3.50656,21,0.43565,0,0,0,0,1
E3-PPOLag-p003,37.547,91,291,RLPolicy,0,0,0.0232435,13.8629,3.50656,21,0.636979,0,0,0,0,1.01345
E3-PPOLag-p003,37.5475,271,436,RLPolicy,0,0,0.0236791,13.8629,3.50656,21,0.356708,0,0,0,0,1
E3-PPOLag-p003,37.5478,150,8,RLPolicy,0,0,0.0233871,13.8629,3.50656,21,0.828608,0,0,0,0,0.985933
E3-PPOLag-p003,37.5524,153,70,RLPolicy,0,0,0.0236801,13.8629,3.50656,21,0.675127,0,0,0,0,1
E3-PPOLag-p003,37.5606,115,309,RLPolicy,0,0,0.023679,13.8629,3.50656,21,0.718416,0,0,0,0,1
E3-PPOLag-p003,37.5617,252,243,RLPolicy,0,0,0.0236787,13.8629,3.50656,21,0.471004,0,0,0,0,1
E3-PPOLag-p003,37.5672,232,50,RLPolicy,0,0,0.0236829,13.8629,3.50656,21,1.54414,0,0,0,0,0.985933
E3-PPOLag-p003,37.5775,118,222,RLPolicy,0,0,0.0232433,13.8629,3.50656,21,0.510057,0,0,0,0,1
E3-PPOLag-p003,37.5809,257,201,RLPolicy,0,0,0.0232549,13.8629,3.50656,21,0.656422,0,0,0,0,1
E3-PPOLag-p003,37.5875,127,9,RLPolicy,0,0,0.0236896,13.8629,3.50656,21,0.377774,0,0,0,0,0.985933
E3-PPOLag-p003,37.5963,221,43,RLPolicy,0,0,0.0236805,13.8629,3.50656,21,0.646141,0,0,0,0,1
E3-PPOLag-p003,37.6012,142,138,RLPolicy,0,0,0.0233674,13.8629,3.50656,21,0.594701,0,0,0,0,1
E3-PPOLag-p003,37.6071,326,367,RLPolicy,0,0,0.0233872,13.8629,3.50656,21,0.409308,0,0,0,0,1
E3-PPOLag-p003,37.611,277,318,RLPolicy,0,0,0.0831792,0.693147,3.50656,2,0.007226,0,0,0,0,1
E3-PPOLag-p003,37.6149,145,263,RLPolicy,0,0,0.0233872,13.8629,3.50656,21,0.649701,0,0,0,0,1
E3-PPOLag-p003,37.6284,246,414,RLPolicy,0,0,0.0236255,13.8629,3.50656,21,0.395636,0,0,0,0,1
E3-PPOLag-p003,37.6501,325,222,RLPolicy,0,0,0.0232433,13.7088,3.50656,21,0.482824,0,0,0,0,1
E3-PPOLag-p003,37.6516,89,332,RLPolicy,0,0,0.0232499,13.5546,3.50656,21,0.855452,0,0,0,0,1
E3-PPOLag-p003,37.6657,285,487,RLPolicy,0,0,0.0236811,13.8629,3.50656,21,0.644716,0,0,0,0,1
E3-PPOLag-p003,37.6706,376,138,RLPolicy,0,0,0.0233674,13.8629,3.50656,21,0.777326,0,0,0,0,1
E3-PPOLag-p003,37.6756,346,371,RLPolicy,0,0,0.0236843,13.8629,3.50656,21,0.274817,0,0,0,0,1
E3-PPOLag-p003,37.6757,83,222,RLPolicy,0,0,0.0232433,13.8629,3.50656,21,0.629989,0,0,0,0,0.985933
E3-PPOLag-p003,37.6803,60,262,RLPolicy,0,0,0.0232739,13.5576,3.50656,21,0.460045,0,0,0,0,0.992864
E3-PPOLag-p003,37.6825,295,201,RLPolicy,0,0,0.0232548,13.8629,3.50656,21,0.574881,0,0,0,0,1
E3-PPOLag-p003,37.6846,102,377,RLPolicy,0,0,0.0236787,13.8629,3.50656,21,0.467166,0,0,0,0,1.03792
E3-PPOLag-p003,37.6866,253,28,RLPolicy,0,0,0.0236839,13.8629,3.50656,21,0.397848,0,0,0,0,1
E3-PPOLag-p003,37.6869,35,216,RLPolicy,1,0,0.0535767,8.48253,3.50656,16,0.578132,0,0,0,0,1.03396
E3-PPOLag-p003,37.6923,195,276,RLPolicy,0,0,0.0236788,13.8629,3.50656,21,0.372825,0,0,0,0,1
E3-PPOLag-p003,37.6944,96,13,RLPolicy,0,0,0.0236779,13.8629,3.50656,21,0.485793,0,0,0,0,1
E3-PPOLag-p003,37.7,300,163,RLPolicy,0,0,0.0236841,13.8629,3.50656,21,0.564481,0,0,0,0,1
E3-PPOLag-p003,37.7018,11,146,RLPolicy,0,0,0.0142528,8.01238,3.50656,13,0.12922,0,0,0,0,1.02447
E3-PPOLag-p003,37.713,348,138,RLPolicy,0,0,0.0233672,13.8629,3.50656,21,0.888139,0,0,0,0,1
E3-PPOLag-p003,37.7179,126,274,RLPolicy,0,0,0.023687,13.8629,3.50656,21,0.320584,0,0,0,0,1
E3-PPOLag-p003,37.7272,128,394,RLPolicy,0,0,0.0236934,13.8629,3.50656,21,0.458576,0,0,0,0,1
E3-PPOLag-p003,37.7287,349,9,RLPolicy,0,0,0.0236802,13.8629,3.50656,21,0.605583,0,0,0,0,1
E3-PPOLag-p003,37.7314,355,222,RLPolicy,0,0,0.0232432,13.8629,3.50656,21,1.20526,0,0,0,0,1
E3-PPOLag-p003,37.7328,291,222,RLPolicy,0,0,0.023326,13.8629,3.50656,21,0.577413,0,0,0,0,1
E3-PPOLag-p003,37.7331,108,128,RLPolicy,0,0,0.0233673,13.8629,3.50656,21,0.598799,0,0,0,0,1
E3-PPOLag-p003,37.7341,290,493,RLPolicy,0,0,0.0233872,13.8629,3.50656,21,0.681764,0,0,0,0,1
E3-PPOLag-p003,37.7398,27,234,RLPolicy,0,0,0.0236788,13.8629,3.50656,21,0.389358,0,0,0,0,1
E3-PPOLag-p003,37.7478,152,429,RLPolicy,0,0,0.0236807,13.8629,3.50656,21,0.378848,0,0,0,0,1
E3-PPOLag-p003,37.7501,106,11,RLPolicy,0,0,0.0237147,13.8629,3.50656,21,0.811212,0,0,0,0,1
E3-PPOLag-p003,37.7595,262,128,RLPolicy,0,0,0.0236788,13.8629,3.50656,21,0.744477,0,0,0,0,1
E3-PPOLag-p003,37.7605,136,462,RLPolicy,0,0,0.0236855,13.8629,3.50656,21,0.856135,0,0,0,0,1.00326
E3-PPOLag-p003,37.7683,73,222,RLPolicy,0,0,0.0569008,13.7088,3.50656,21,0.814355,0,0,0,0,1
E3-PPOLag-p003,37.7693,82,21,RLPolicy,0,0,0.02368,13.8629,3.50656,21,0.689367,0,0,0,0,1
E3-PPOLag-p003,37.7745,123,145,RLPolicy,0,0,0.0236792,13.8629,3.50656,21,0.397908,0,0,0,0,1
E3-PPOLag-p003,37.7754,320,369,RLPolicy,0,0,0.0237674,13.8629,3.50656,21,0.265318,0,0,0,0,1
E3-PPOLag-p003,37.7854,189,222,RLPolicy,0,0,0.0232432,13.8629,3.50656,21,0.47342,0,0,0,0,1.01366
E3-PPOLag-p003,37.7959,286,298,RLPolicy,0,0,0.0236825,13.8629,3.50656,21,1.30914,0,0,0,0,1
E3-PPOLag-p003,37.7964,175,39,RLPolicy,0,0,0.0237079,13.8629,3.50656,21,0.278169,0,0,0,0,1
E3-PPOLag-p003,37.8148,276,291,RLPolicy,0,0,0.0232434,13.8629,3.50656,21,0.535755,0,0,0,0,1
E3-PPOLag-p003,37.819,129,197,RLPolicy,0,0,0.0236846,13.8629,3.50656,21,0.193635,0,0,0,0,1
E3-PPOLag-p003,37.8206,98,173,RLPolicy,1,1,0.00195248,0.693147,3.50656,3,0.268664,0,0,0,0,0.999592
E3-PPOLag-p003,37.8236,5,212,RLPolicy,0,0,0.0236958,13.2522,3.50656,21,0.445656,0,0,0,0,1.00714
E3-PPOLag-p003,37.83,329,8,RLPolicy,0,0,0.0236788,13.8629,3.50656,21,0.497728,0,0,0,0,1
E3-PPOLag-p003,37.8317,215,304,RLPolicy,0,0,0.0237721,13.8629,3.50656,21,0.512755,0,0,0,0,1
E3-PPOLag-p003,37.8346,92,315,RLPolicy,0,0,0.023691,13.8629,3.50656,21,0.269024,0,0,0,0,1
E3-PPOLag-p003,37.8562,22,488,RLPolicy,0,0,0.0236779,13.8629,3.50656,21,0.374444,0,0,0,0,1
E3-PPOLag-p003,37.8623,263,493,RLPolicy,0,0,0.0233873,13.8629,3.50656,21,0.448861,0,0,0,0,1
E3-PPOLag-p003,37.8632,34,296,RLPolicy,0,0,0.023314,12.336,3.50656,21,0.895135,0,0,0,0,0.988284
E3-PPOLag-p003,37.8664,367,493,RLPolicy,0,0,0.0233873,13.8629,3.50656,21,0.804499,0,0,0,0,1
E3-PPOLag-p003,37.8706,332,23,RLPolicy,1,1,0.00239811,0.693147,3.50656,3,0.15413,0,0,0,0,0.985933
E3-PPOLag-p003,37.878,347,271,RLPolicy,0,0,0.0236819,13.8629,3.50656,21,0.381635,0,0,0,0,1
E3-PPOLag-p003,37.8791,58,248,RLPolicy,0,0,0.0678768,13.5576,3.50656,21,0.478397,0,0,0,0,0.984406
E3-PPOLag-p003,37.8867,289,364,RLPolicy,0,0,0.0238148,13.8629,3.50656,21,0.217482,0,0,0,0,1
E3-PPOLag-p003,37.8889,172,222,RLPolicy,0,0,0.0232432,13.8629,3.50656,21,0.685583,0,0,0,0,1
E3-PPOLag-p003,37.8897,359,222,RLPolicy,0,0,0.0232432,13.8629,3.50656,21,0.750814,0,0,0,0,1
E3-PPOLag-p003,37.8942,181,453,RLPolicy,0,0,0.0236913,13.8629,3.50656,21,0.276134,0,0,0,0,1
E3-PPOLag-p003,37.9123,312,163,RLPolicy,0,0,0.0236825,13.8629,3.50656,21,0.437608,0,0,0,0,1
E3-PPOLag-p003,37.9225,197,129,RLPolicy,0,0,0.0236826,13.8629,3.50656,21,0.189988,0,0,0,0,1
E3-PPOLag-p003,37.9262,226,42,RLPolicy,0,0,0.0237068,13.8629,3.50656,21,0.519985,0,0,0,0,1
E3-PPOLag-p003,37.939,151,479,RLPolicy,0,0,0.0232433,13.7088,3.50656,21,0.637168,0,0,0,0,1
E3-PPOLag-p003,37.9394,170,332,RLPolicy,0,0,0.0236813,13.8629,3.50656,21,0.350967,0,0,0,0,1.02059
E3-PPOLag-p003,37.9586,154,106,RLPolicy,0,0,0.0237513,14.0453,3.50656,21,0.414509,0,0,0,0,1
E3-PPOLag-p003,37.9702,173,201,RLPolicy,0,0,0.0232543,13.8629,3.50656,21,0.652667,0,0,0,0,1
E3-PPOLag-p003,37.9719,41,296,RLPolicy,0,0,0.023763,12.336,3.50656,21,0.874208,0,0,0,0,0.980445
E3-PPOLag-p003,37.9815,69,531,RLPolicy,0,0,0.0236782,13.8629,3.50656,21,0.608461,0,0,0,0,1
E3-PPOLag-p003,37.9821,42,197,RLPolicy,0,0,0.0236845,13.8629,3.50656,21,0.171916,0,0,0,0,1
E3-PPOLag-p003,37.9851,244,519,RLPolicy,0,0,0.0232513,13.8629,3.50656,21,0.480849,0,0,0,0,1
E3-PPOLag-p003,37.9897,242,27,RLPolicy,0,0,0.0236802,13.8629,3.50656,21,0.574277,0,0,0,0,1
E3-PPOLag-p003,37.9922,163,138,RLPolicy,0,0,0.023367,13.8629,3.50656,21,0.415885,0,0,0,0,1
E3-PPOLag-p003,37.9987,364,138,RLPolicy,0,0,0.0237835,14.0453,3.50656,21,0.389041,0,0,0,0,1
E3-PPOLag-p003,38.0119,30,172,RLPolicy,0,0,0.0588001,12.0307,3.50656,21,0.463041,0,0,0,0,1.0307
E3-PPOLag-p003,38.0153,143,343,RLPolicy,0,0,0.0619925,13.8629,3.50656,21,0.500407,0,0,0,0,1
E3-PPOLag-p003,38.0153,21,487,RLPolicy,0,0,0.0562063,12.6414,3.50656,21,0.445287,0,0,0,0,1
E3-PPOLag-p003,38.0171,24,76,RLPolicy,0,0,0.0313796,12.336,3.50656,21,0.452478,0,0,0,0,1.03569
E3-PPOLag-p003,38.0188,135,338,RLPolicy,0,0,0.0236791,13.8629,3.50656,21,0.538596,0,0,0,0,1
E3-PPOLag-p003,38.0191,10,410,RLPolicy,0,0,0.0440108,5.93294,3.50656,10,0.115904,0,0,0,0,1
E3-PPOLag-p003,38.0209,174,519,RLPolicy,0,0,0.0233877,13.8629,3.50656,21,0.704247,0,0,0,0,1
E3-PPOLag-p003,38.0224,386,519,RLPolicy,0,0,0.0233877,13.8629,3.50656,21,0.695952,0,0,0,0,1
E3-PPOLag-p003,38.0273,2,157,RLPolicy,0,0,0.0224962,13.8629,3.50656,21,0.33245,0,0,0,0,1
E3-PPOLag-p003,38.0298,283,519,RLPolicy,0,0,0.0233877,13.8629,3.50656,21,0.400473,0,0,0,0,1
E3-PPOLag-p003,38.0348,4,150,RLPolicy,0,0,0.0237386,12.9468,3.50656,21,0.322191,0,0,0,0,1
E3-PPOLag-p003,38.035,338,296,RLPolicy,0,0,0.0232507,13.8629,3.50656,21,0.504903,0,0,0,0,1
E3-PPOLag-p003,38.0396,29,367,RLPolicy,0,0,0.0557383,12.6414,3.50656,21,0.430045,0,0,0,0,1
E3-PPOLag-p003,38.0517,298,138,RLPolicy,0,0,0.023367,13.8629,3.50656,21,0.608907,0,0,0,0,1
E3-PPOLag-p003,38.0519,64,338,RLPolicy,0,0,0.0232508,13.7088,3.50656,21,0.555052,0,0,0,0,0.985162
E3-PPOLag-p003,38.0754,223,519,RLPolicy,0,0,0.0232513,13.8629,3.50656,21,0.622299,0,0,0,0,0.985933
E3-PPOLag-p003,38.0795,187,173,RLPolicy,0,0,0.0236794,13.8629,3.50656,21,0.408645,0,0,0,0,1
E3-PPOLag-p003,38.0804,132,42,RLPolicy,0,0,0.0237422,13.8629,3.50656,21,0.157027,0,0,0,0,1
E3-PPOLag-p003,38.0874,368,46,RLPolicy,0,0,0.0236986,13.8629,3.50656,21,0.597658,0,0,0,0,1
E3-PPOLag-p003,38.0883,176,200,RLPolicy,1,0,0.0201977,11.0904,3.50656,18,0.173618,0,0,0,0,1.03792
E3-PPOLag-p003,38.0942,183,128,RLPolicy,0,0,0.0233693,13.8629,3.50656,21,0.368491,0,0,0,0,1
E3-PPOLag-p003,38.0976,157,325,RLPolicy,1,0,0.0210255,11.7835,3.50656,19,0.636342,0,0,0,0,1.04138
E3-PPOLag-p003,38.0992,340,138,RLPolicy,0,0,0.023367,13.8629,3.50656,21,0.395077,0,0,0,0,1
E3-PPOLag-p003,38.1025,75,460,RLPolicy,0,0,0.0236779,13.8629,3.50656,21,0.371641,0,0,0,0,1
E3-PPOLag-p003,38.1168,382,464,RLPolicy,0,0,0.0232461,13.8629,3.50656,21,0.647094,0,0,0,0,1
E3-PPOLag-p003,38.1201,182,138,RLPolicy,0,0,0.0233669,13.8629,3.50656,21,0.331543,0,0,0,0,1
E3-PPOLag-p003,38.1207,57,42,RLPolicy,0,0,0.0237157,13.8629,3.50656,21,0.135596,0,0,0,0,1
E3-PPOLag-p003,38.1281,161,264,RLPolicy,0,0,0.0236875,13.8629,3.50656,21,0.629896,0,0,0,0,1
E3-PPOLag-p003,38.1301,228,257,RLPolicy,0,0,0.074994,13.8629,3.50656,21,0.309927,0,0,0,0,1
E3-PPOLag-p003,38.1516,269,375,RLPolicy,0,0,0.0236257,13.8629,3.50656,21,0.427942,0,0,0,0,1
E3-PPOLag-p003,38.1634,208,297,RLPolicy,0,0,0.0236811,13.8629,3.50656,21,0.199266,0,0,0,0,1.04832
E3-PPOLag-p003,38.1657,379,291,RLPolicy,0,0,0.0232433,13.8629,3.50656,21,0.896529,0,0,0,0,1
E3-PPOLag-p003,38.1691,331,158,RLPolicy,1,1,0.00448052,2.07944,3.50656,5,0.201255,0,0,0,0,0.992864
E3-PPOLag-p003,38.1764,259,328,RLPolicy,0,0,0.0232513,13.8629,3.50656,21,0.430729,0,0,0,0,1
E3-PPOLag-p003,38.1793,110,42,RLPolicy,0,0,0.0237319,13.8629,3.50656,21,0.425131,0,0,0,0,1
E3-PPOLag-p003,38.1811,322,445,RLPolicy,1,0,0.0225203,12.4766,3.50656,20,0.258628,0,0,0,0,1.04485
E3-PPOLag-p003,38.1834,31,530,RLPolicy,0,0,0.0586644,12.6414,3.50656,21,0.574655,0,0,0,0,0.988284
E3-PPOLag-p003,38.1929,267,375,RLPolicy,0,0,0.0948353,13.7088,3.50656,21,0.583415,0,0,0,0,1
E3-PPOLag-p003,38.1997,137,146,RLPolicy,0,0,0.0130397,7.62462,3.50656,12,0.089276,0,0,0,0,1
E3-PPOLag-p003,38.2007,192,9,RLPolicy,0,0,0.0715937,13.8629,3.50656,21,0.202935,0,0,0,0,1
E3-PPOLag-p003,38.2109,33,305,RLPolicy,0,0,0.0612365,13.2522,3.50656,21,0.472057,0,0,0,0,1.00867
E3-PPOLag-p003,38.2193,180,200,RLPolicy,0,0,0.0236814,13.8629,3.50656,21,0.253304,0,0,0,0,1
E3-PPOLag-p003,38.2264,352,511,RLPolicy,1,0,0.008323,4.15888,3.50656,8,0.169606,0,0,0,0,1.00326
E3-PPOLag-p003,38.233,225,328,RLPolicy,0,0,0.0232514,13.8629,3.50656,21,1.21092,0,0,0,0,1
E3-PPOLag-p003,38.2357,71,369,RLPolicy,0,0,0.023766,13.8629,3.50656,21,0.114408,0,0,0,0,1
E3-PPOLag-p003,38.2413,190,479,RLPolicy,0,0,0.0232432,13.8629,3.50656,21,0.464736,0,0,0,0,1
E3-PPOLag-p003,38.2418,70,13,RLPolicy,0,0,0.0236778,13.8629,3.50656,21,0.333562,0,0,0,0,1
E3-PPOLag-p003,38.2538,125,264,RLPolicy,0,0,0.0236887,13.8629,3.50656,21,0.346586,0,0,0,0,1
E3-PPOLag-p003,38.2636,84,479,RLPolicy,0,0,0.0232432,13.8629,3.50656,21,0.917531,0,0,0,0,1
E3-PPOLag-p003,38.2672,209,114,RLPolicy,0,0,0.0496792,2.77259,3.50656,5,0.020143,0,0,0,0,1
E3-PPOLag-p003,38.2693,214,138,RLPolicy,0,0,0.0233668,13.8629,3.50656,21,0.404753,0,0,0,0,1
E3-PPOLag-p003,38.2805,345,464,RLPolicy,0,0,0.0232462,13.8629,3.50656,21,0.667647,0,0,0,0,1
E3-PPOLag-p003,38.2993,265,138,RLPolicy,0,0,0.0233668,13.8629,3.50656,21,0.341478,0,0,0,0,1
E3-PPOLag-p003,38.302,87,379,RLPolicy,0,0,0.0232431,13.8629,3.50656,21,0.858148,0,0,0,0,1.03792
E3-PPOLag-p003,38.3049,363,364,RLPolicy,0,0,0.0238265,13.8629,3.50656,21,0.110926,0,0,0,0,1
E3-PPOLag-p003,38.3166,104,381,RLPolicy,0,0,0.0236831,13.8629,3.50656,21,1.07568,0,0,0,0,1
E3-PPOLag-p003,38.3199,308,125,RLPolicy,0,0,0.023714,13.8629,3.50656,21,0.825023,0,0,0,0,1
E3-PPOLag-p003,38.3238,222,355,RLPolicy,1,1,0.00204921,0.693147,3.50656,3,0.230795,0,0,0,0,1.03425
E3-PPOLag-p003,38.3245,23,433,RLPolicy,0,0,0.0491499,12.9468,3.50656,21,0.455833,0,0,0,0,1.00429
E3-PPOLag-p003,38.3266,337,200,RLPolicy,0,0,0.0236878,13.8629,3.50656,21,0.394984,0,0,0,0,1
E3-PPOLag-p003,38.3289,77,264,RLPolicy,0,0,0.0236888,13.8629,3.50656,21,0.321592,0,0,0,0,1
E3-PPOLag-p003,38.335,258,125,RLPolicy,0,0,0.0236832,13.8629,3.50656,21,0.450125,0,0,0,0,1
E3-PPOLag-p003,38.3412,79,514,RLPolicy,0,0,0.0232517,13.7088,3.50656,21,0.519751,0,0,0,0,1.06891
E3-PPOLag-p003,38.3419,32,382,RLPolicy,0,0,0.0237558,12.336,3.50656,21,0.508213,0,0,0,0,1
E3-PPOLag-p003,38.3441,37,307,RLPolicy,0,0,0.0236955,13.5576,3.50656,21,0.255574,0,0,0,0,1
E3-PPOLag-p003,38.3535,206,22,RLPolicy,0,0,0.0237718,13.8629,3.50656,21,0.29192,0,0,0,0,1
E3-PPOLag-p003,38.3673,288,128,RLPolicy,0,0,0.0233675,13.8629,3.50656,21,0.409358,0,0,0,0,1.01366
E3-PPOLag-p003,38.4052,204,73,RLPolicy,0,0,0.0236785,13.8629,3.50656,21,0.566858,0,0,0,0,1
E3-PPOLag-p003,38.4106,249,452,RLPolicy,0,0,0.0178114,10.3972,3.50656,16,0.233143,0,0,0,0,1
E3-PPOLag-p003,38.416,256,101,RLPolicy,0,0,0.0236973,13.8629,3.50656,21,0.150633,0,0,0,0,1
E3-PPOLag-p003,38.4185,237,542,RLPolicy,0,0,0.0236864,13.8629,3.50656,21,0.942564,0,0,0,0,1
E3-PPOLag-p003,38.4188,169,434,RLPolicy,1,0,0.0118707,6.23832,3.50656,11,0.784386,0,0,0,0,1.03425
E3-PPOLag-p003,38.4215,239,101,RLPolicy,0,0,0.0236856,13.8629,3.50656,21,0.302934,0,0,0,0,1
E3-PPOLag-p003,38.4368,133,242,RLPolicy,0,0,0.0236793,13.8629,3.50656,21,0.631906,0,0,0,0,1.04138
E3-PPOLag-p003,38.4433,301,364,RLPolicy,0,0,0.0237937,13.8629,3.50656,21,0.30688,0,0,0,0,1
E3-PPOLag-p003,38.4532,28,8,RLPolicy,0,0,0.0232966,12.336,3.50656,21,0.425906,0,0,0,0,0.97269
E3-PPOLag-p003,38.4663,72,369,RLPolicy,0,0,0.023767,13.8629,3.50656,21,0.152251,0,0,0,0,1
E3-PPOLag-p003,38.468,224,22,RLPolicy,0,0,0.0237091,13.8629,3.50656,21,0.509378,0,0,0,0,1
E3-PPOLag-p003,38.4724,193,248,RLPolicy,1,0,0.0233921,13.1698,3.50656,21,0.378805,0,0,0,0,1.04832
E3-PPOLag-p003,38.4806,85,501,RLPolicy,0,0,0.0237036,13.8629,3.50656,21,0.51121,0,0,0,0,1.02059
E3-PPOLag-p003,38.4809,18,530,RLPolicy,0,0,0.0236653,12.6414,3.50656,21,0.412523,0,0,0,0,1
E3-PPOLag-p003,38.4835,293,264,RLPolicy,0,0,0.0236891,13.8629,3.50656,21,0.471375,0,0,0,0,1
E3-PPOLag-p003,38.4895,353,438,RLPolicy,0,0,0.00478798,2.77259,3.50656,5,0.030269,0,0,0,0,1
E3-PPOLag-p003,38.4896,184,149,RLPolicy,0,0,0.0236802,13.8629,3.50656,21,0.446485,0,0,0,0,0.985933
E3-PPOLag-p003,38.4917,219,278,RLPolicy,0,0,0.023678,13.8629,3.50656,21,0.348345,0,0,0,0,1
E3-PPOLag-p003,38.493,309,222,RLPolicy,0,0,0.0232432,13.8629,3.50656,21,0.985692,0,0,0,0,1
E3-PPOLag-p003,38.5044,6,210,RLPolicy,0,0,0.034335,13.2522,3.50656,21,0.260266,0,0,0,0,1.05475
E3-PPOLag-p003,38.5076,392,379,RLPolicy,0,0,0.0232428,13.8629,3.50656,21,1.04529,0,0,0,0,1
E3-PPOLag-p003,38.5148,78,396,RLPolicy,0,0,0.0236785,13.8629,3.50656,21,0.394056,0,0,0,0,1.02059
E3-PPOLag-p003,38.5187,282,332,RLPolicy,1,0,0.0149857,8.31777,3.50656,14,0.373613,0,0,0,0,1.00999
E3-PPOLag-p003,38.525,299,375,RLPolicy,0,0,0.0236257,13.8629,3.50656,21,0.604534,0,0,0,0,1
E3-PPOLag-p003,38.5277,147,462,RLPolicy,0,0,0.0232575,13.8629,3.50656,21,0.97276,0,0,0,0,1
E3-PPOLag-p003,38.5285,385,158,RLPolicy,0,0,0.0233621,13.8629,3.50656,21,0.642069,0,0,0,0,1
E3-PPOLag-p003,38.5413,134,101,RLPolicy,0,0,0.0236844,13.8629,3.50656,21,0.160941,0,0,0,0,1.01366
E3-PPOLag-p003,38.5514,243,191,RLPolicy,1,1,0.00233328,0.693147,3.50656,3,0.280006,0,0,0,0,0.985933
E3-PPOLag-p003,38.5588,384,460,RLPolicy,0,0,0.023678,13.8629,3.50656,21,0.765091,0,0,0,0,1
E3-PPOLag-p003,38.5629,369,443,RLPolicy,0,0,0.0213933,12.4766,3.50656,19,0.193491,0,0,0,0,1
E3-PPOLag-p003,38.5684,119,379,RLPolicy,0,0,0.0232431,13.8629,3.50656,21,0.549372,0,0,0,0,0.985933
E3-PPOLag-p003,38.5857,155,2,RLPolicy,0,0,0.0232512,13.8629,3.50656,21,0.894902,0,0,0,0,1.04832
E3-PPOLag-p003,38.602,47,486,RLPolicy,0,0,0.0234123,13.2522,3.50656,21,0.63074,0,0,0,0,1
E3-PPOLag-p003,38.6026,13,546,RLPolicy,0,0,0.0425267,13.2522,3.50656,21,0.561883,0,0,0,0,1
E3-PPOLag-p003,38.6161,100,50,RLPolicy,1,1,0.00238833,0.693147,3.50656,3,0.2232,0,0,0,0,0.985933
E3-PPOLag-p003,38.6167,274,94,RLPolicy,0,0,0.0236831,13.8629,3.50656,21,0.64822,0,0,0,0,1
E3-PPOLag-p003,38.6184,328,158,RLPolicy,0,0,0.023362,13.8629,3.50656,21,0.363057,0,0,0,0,1
E3-PPOLag-p003,38.631,275,231,RLPolicy,0,0,0.0232426,13.8629,3.50656,21,0.579271,0,0,0,0,1
E3-PPOLag-p003,38.6323,97,487,RLPolicy,0,0,0.0232462,13.8629,3.50656,21,1.21094,0,0,0,0,0.99633
E3-PPOLag-p003,38.6323,375,2,RLPolicy,0,0,0.0233876,13.8629,3.50656,21,0.703813,0,0,0,0,1
E3-PPOLag-p003,38.6328,251,372,RLPolicy,0,0,0.0236781,13.8629,3.50656,21,1.03008,0,0,0,0,1
E3-PPOLag-p003,38.6379,95,231,RLPolicy,0,0,0.0232426,13.8629,3.50656,21,0.739094,0,0,0,0,1
E3-PPOLag-p003,38.6406,240,297,RLPolicy,0,0,0.0236903,13.8629,3.50656,21,0.344775,0,0,0,0,1.04485
E3-PPOLag-p003,38.6426,341,369,RLPolicy,0,0,0.0237657,13.8629,3.50656,21,0.135501,0,0,0,0,1
E3-PPOLag-p003,38.6457,202,519,RLPolicy,0,0,0.023362,13.8629,3.50656,21,0.404037,0,0,0,0,1
E3-PPOLag-p003,38.65,217,487,RLPolicy,0,0,0.0232462,13.8629,3.50656,21,0.981954,0,0,0,0,1
E3-PPOLag-p003,38.6521,90,31,RLPolicy,0,0,0.0236908,13.8629,3.50656,21,0.91327,0,0,0,0,1
E3-PPOLag-p003,38.6614,324,8,RLPolicy,0,0,0.0236787,13.8629,3.50656,21,0.815323,0,0,0,0,1.03445
E3-PPOLag-p003,38.6653,185,158,RLPolicy,0,0,0.023362,13.8629,3.50656,21,0.67871,0,0,0,0,1
E3-PPOLag-p003,38.6751,122,231,RLPolicy,0,0,0.0232426,13.8629,3.50656,21,0.778483,0,0,0,0,1
E3-PPOLag-p003,38.6805,146,343,RLPolicy,1,0,0.0154526,8.31777,3.50656,14,0.476981,0,0,0,0,1.02406
E3-PPOLag-p003,38.6982,148,438,RLPolicy,0,0,0.0410586,2.77259,3.50656,5,0.056789,0,0,0,0,1
E3-PPOLag-p003,38.7045,280,228,RLPolicy,0,0,0.0745377,0.693147,3.50656,2,0.006959,0,0,0,0,1
E3-PPOLag-p003,38.7049,140,109,RLPolicy,0,0,0.023696,13.8629,3.50656,21,0.383279,0,0,0,0,1
E3-PPOLag-p003,38.7076,15,410,RLPolicy,0,0,0.0541396,12.2537,3.50656,20,0.354915,0,0,0,0,1
E3-PPOLag-p003,38.71,36,125,RLPolicy,0,0,0.0237476,13.5576,3.50656,21,0.206475,0,0,0,0,1
E3-PPOLag-p003,38.714,350,2,RLPolicy,0,0,0.0232511,13.8629,3.50656,21,0.415265,0,0,0,0,1
E3-PPOLag-p003,38.7193,310,2,RLPolicy,0,0,0.0233875,13.8629,3.50656,21,0.736214,0,0,0,0,0.985933
E3-PPOLag-p003,38.7204,371,197,RLPolicy,0,0,0.02368,13.8629,3.50656,21,0.395946,0,0,0,0,1
E3-PPOLag-p003,38.7238,361,323,RLPolicy,0,0,0.0236988,13.8629,3.50656,21,0.337057,0,0,0,0,1
E3-PPOLag-p003,38.725,316,187,RLPolicy,0,0,0.0236796,13.8629,3.50656,21,0.472001,0,0,0,0,1
E3-PPOLag-p003,38.7312,254,489,RLPolicy,0,0,0.023251,13.8629,3.50656,21,1.06335,0,0,0,0,1
E3-PPOLag-p003,38.7786,51,125,RLPolicy,0,0,0.0237103,13.8629,3.50656,21,0.42201,0,0,0,0,1
E3-PPOLag-p003,38.7823,88,487,RLPolicy,0,0,0.0236784,13.8629,3.50656,21,0.427002,0,0,0,0,1
E3-PPOLag-p003,38.7878,357,37,RLPolicy,0,0,0.105157,13.8629,3.50656,21,0.104998,0,0,0,0,1
E3-PPOLag-p003,38.7889,121,501,RLPolicy,0,0,0.0237154,13.8629,3.50656,21,0.343013,0,0,0,0,1
E3-PPOLag-p003,38.7895,351,302,RLPolicy,0,0,0.0236842,13.8629,3.50656,21,0.446644,0,0,0,0,1
E3-PPOLag-p003,38.7917,284,83,RLPolicy,0,0,0.0236828,13.8629,3.50656,21,0.563967,0,0,0,0,1
E3-PPOLag-p003,38.7958,330,307,RLPolicy,0,0,0.023678,13.8629,3.50656,21,0.334586,0,0,0,0,1
E3-PPOLag-p003,38.7959,101,197,RLPolicy,0,0,0.0236843,13.8629,3.50656,21,0.311084,0,0,0,0,0.992864
E3-PPOLag-p003,38.7974,362,260,RLPolicy,0,0,0.0236789,13.8629,3.50656,21,0.390043,0,0,0,0,1
E3-PPOLag-p003,38.7979,317,158,RLPolicy,0,0,0.023362,13.8629,3.50656,21,0.621811,0,0,0,0,1
E3-PPOLag-p003,38.7994,315,401,RLPolicy,0,0,0.0236816,13.8629,3.50656,21,0.433752,0,0,0,0,1
E3-PPOLag-p003,38.8131,14,152,RLPolicy,0,0,0.0236834,13.8629,3.50656,21,0.404209,0,0,0,0,1
E3-PPOLag-p003,38.8149,16,375,RLPolicy,0,0,0.0546259,12.6414,3.50656,21,0.721799,0,0,0,0,1
E3-PPOLag-p003,38.8169,198,260,RLPolicy,0,0,0.0236827,13.8629,3.50656,21,0.355275,0,0,0,0,1
E3-PPOLag-p003,38.817,196,504,RLPolicy,0,0,0.023688,13.8629,3.50656,21,0.193794,0,0,0,0,1
E3-PPOLag-p003,38.8193,266,505,RLPolicy,0,0,0.0232426,13.8629,3.50656,21,0.63527,0,0,0,0,0.985933
E3-PPOLag-p003,38.8224,141,2,RLPolicy,0,0,0.0233875,13.8629,3.50656,21,0.598664,0,0,0,0,1
E3-PPOLag-p003,38.8287,9,186,RLPolicy,0,0,0.0236854,13.2522,3.50656,21,0.412232,0,0,0,0,1.02793
E3-PPOLag-p003,38.8311,144,17,RLPolicy,0,0,0.023626,13.8629,3.50656,21,0.435248,0,0,0,0,1
E3-PPOLag-p003,38.8342,178,465,RLPolicy,1,0,0.01429,7.62462,3.50656,13,0.154088,0,0,0,0,1.02385
E3-PPOLag-p003,38.8373,336,244,RLPolicy,0,0,0.0233622,13.8629,3.50656,21,0.5194,0,0,0,0,1
E3-PPOLag-p003,38.8439,26,219,RLPolicy,0,0,0.0237336,13.5576,3.50656,21,0.299243,0,0,0,0,1.02059
E3-PPOLag-p003,38.8522,203,17,RLPolicy,0,0,0.023626,13.8629,3.50656,21,0.42539,0,0,0,0,0.985933
E3-PPOLag-p003,38.8539,229,2,RLPolicy,0,0,0.0233875,13.8629,3.50656,21,0.602672,0,0,0,0,1
E3-PPOLag-p003,38.8568,205,79,RLPolicy,0,0,0.0232539,13.8629,3.50656,21,0.548577,0,0,0,0,1
E3-PPOLag-p003,38.8589,342,372,RLPolicy,0,0,0.0232421,13.8629,3.50656,21,0.770536,0,0,0,0,1
E3-PPOLag-p003,38.8595,199,2,RLPolicy,0,0,0.0233875,13.8629,3.50656,21,0.410576,0,0,0,0,1
E3-PPOLag-p003,38.8677,220,487,RLPolicy,0,0,0.0232462,13.8629,3.50656,21,0.509295,0,0,0,0,1
E3-PPOLag-p003,38.8685,250,17,RLPolicy,0,0,0.023626,13.8629,3.50656,21,0.716277,0,0,0,0,0.985933
E3-PPOLag-p003,38.8695,213,158,RLPolicy,0,0,0.0233618,13.8629,3.50656,21,0.589946,0,0,0,0,1
E3-PPOLag-p003,38.8776,62,115,RLPolicy,0,0,0.0237268,13.5576,3.50656,21,1.21723,0,0,0,0,1.05546
E3-PPOLag-p003,38.8778,238,321,RLPolicy,0,0,0.0767735,13.8629,3.50656,21,0.202699,0,0,0,0,1.04832
E3-PPOLag-p003,38.8789,138,83,RLPolicy,0,0,0.0236786,13.8629,3.50656,21,0.666225,0,0,0,0,1
E3-PPOLag-p003,38.8789,313,489,RLPolicy,0,0,0.023251,13.8629,3.50656,21,1.18326,0,0,0,0,1
E3-PPOLag-p003,38.8879,311,173,RLPolicy,0,0,0.0236793,13.8629,3.50656,21,0.898737,0,0,0,0,1
E3-PPOLag-p003,38.8896,248,194,RLPolicy,0,0,0.0236803,13.8629,3.50656,21,0.792983,0,0,0,0,1
E3-PPOLag-p003,38.8958,292,17,RLPolicy,0,0,0.023626,13.8629,3.50656,21,0.437067,0,0,0,0,1
E3-PPOLag-p003,38.8976,207,446,RLPolicy,0,0,0.0236784,13.8629,3.50656,21,0.341023,0,0,0,0,1
E3-PPOLag-p003,38.8991,297,343,RLPolicy,0,0,0.0236788,13.8629,3.50656,21,0.392005,0,0,0,0,1
E3-PPOLag-p003,38.8992,171,408,RLPolicy,0,0,0.0232462,13.8629,3.50656,21,0.599867,0,0,0,0,1.02059
E3-PPOLag-p003,38.9077,307,15,RLPolicy,0,0,0.0236881,13.8629,3.50656,21,0.547905,0,0,0,0,1
E3-PPOLag-p003,38.9097,80,244,RLPolicy,0,0,0.0233622,13.8629,3.50656,21,0.523617,0,0,0,0,1
E3-PPOLag-p003,38.91,212,2,RLPolicy,0,0,0.0233875,13.8629,3.50656,21,0.422846,0,0,0,0,1
E3-PPOLag-p003,38.9163,191,244,RLPolicy,0,0,0.0233622,13.8629,3.50656,21,0.752447,0,0,0,0,0.985933
E3-PPOLag-p003,38.9255,314,487,RLPolicy,0,0,0.0232462,13.8629,3.50656,21,0.885958,0,0,0,0,0.985933
E3-PPOLag-p003,38.9294,278,354,RLPolicy,0,0,0.0236791,13.8629,3.50656,21,0.376563,0,0,0,0,1
E3-PPOLag-p003,38.9392,159,197,RLPolicy,0,0,0.0236836,13.8629,3.50656,21,0.314423,0,0,0,0,1
E3-PPOLag-p003,38.944,270,2,RLPolicy,0,0,0.0232511,13.8629,3.50656,21,0.466098,0,0,0,0,1.04138
E3-PPOLag-p003,38.9463,354,89,RLPolicy,1,0,0.010692,5.54518,3.50656,10,0.30362,0,0,0,0,1.01019
E3-PPOLag-p003,38.9473,296,349,RLPolicy,0,0,0.0237251,13.4005,3.50656,21,0.696801,0,0,0,0,1.01828
E3-PPOLag-p003,38.9561,360,411,RLPolicy,0,0,0.0237213,13.8629,3.50656,21,0.101631,0,0,0,0,1
E3-PPOLag-p003,38.9569,166,199,RLPolicy,0,0,0.0236785,13.8629,3.50656,21,0.573746,0,0,0,0,1
E3-PPOLag-p003,38.9586,397,408,RLPolicy,0,0,0.0232462,13.7088,3.50656,21,0.763888,0,0,0,0,1
E3-PPOLag-p003,38.9605,130,269,RLPolicy,0,0,0.0237103,13.8629,3.50656,21,0.206068,0,0,0,0,1
E3-PPOLag-p003,38.9632,402,425,RLPolicy,0,0,0.0236788,13.8629,3.50656,21,0.692278,0,0,0,0,1
E3-PPOLag-p003,38.9654,40,496,RLPolicy,0,0,0.0232994,12.336,3.50656,21,1.37751,0,0,0,0,1.00949
E3-PPOLag-p003,38.9675,158,244,RLPolicy,0,0,0.0233622,13.8629,3.50656,21,0.590674,0,0,0,0,1.02406
E3-PPOLag-p003,38.9679,56,2,RLPolicy,0,0,0.0232511,13.8629,3.50656,21,0.728143,0,0,0,0,1
E3-PPOLag-p003,38.978,117,278,RLPolicy,0,0,0.0236908,13.8629,3.50656,21,0.547998,0,0,0,0,1
E3-PPOLag-p003,38.9811,305,2,RLPolicy,0,0,0.0232511,13.8629,3.50656,21,0.719664,0,0,0,0,1
E3-PPOLag-p003,39.009,186,83,RLPolicy,0,0,0.0236786,13.8629,3.50656,21,0.945661,0,0,0,0,1.01019
E3-PPOLag-p003,39.0111,370,244,RLPolicy,0,0,0.0233621,13.8629,3.50656,21,1.07105,0,0,0,0,1
E3-PPOLag-p003,39.0152,304,302,RLPolicy,0,0,0.0236808,13.8629,3.50656,21,0.950374,0,0,0,0,1
E3-PPOLag-p003,39.02,149,275,RLPolicy,0,0,0.0232424,13.8629,3.50656,21,0.709579,0,0,0,0,1
E3-PPOLag-p003,39.0251,281,76,RLPolicy,0,0,0.0237455,13.8629,3.50656,21,0.314057,0,0,0,0,1.01712
E3-PPOLag-p003,39.0302,294,204,RLPolicy,0,0,0.0236825,13.8629,3.50656,21,0.609922,0,0,0,0,1.04138
E3-PPOLag-p003,39.0358,116,41,RLPolicy,0,0,0.0236795,13.8629,3.50656,21,0.810595,0,0,0,0,1.03792
E3-PPOLag-p003,39.0404,333,325,RLPolicy,0,0,0.0232422,13.8629,3.50656,21,0.593837,0,0,0,0,1
E3-PPOLag-p003,39.0453,365,507,RLPolicy,0,0,0.0236826,13.8629,3.50656,21,0.28017,0,0,0,0,1
E3-PPOLag-p003,39.0463,389,281,RLPolicy,0,0,0.023741,13.8629,3.50656,21,0.271395,0,0,0,0,1
E3-PPOLag-p003,39.0541,255,173,RLPolicy,0,0,0.023246,13.8629,3.50656,21,0.719335,0,0,0,0,0.985933
E3-PPOLag-p003,39.0545,321,424,RLPolicy,0,0,0.0236905,13.8629,3.50656,21,0.472865,0,0,0,0,1
E3-PPOLag-p003,39.0587,20,257,RLPolicy,0,0,0.0376685,12.336,3.50656,21,0.641131,0,0,0,0,1.0151
E3-PPOLag-p003,39.06,3,201,RLPolicy,0,0,0.0349793,13.2522,3.50656,21,0.399633,0,0,0,0,1.02051
E3-PPOLag-p003,39.0602,19,462,RLPolicy,0,0,0.023775,12.0307,3.50656,21,0.643845,0,0,0,0,1
E3-PPOLag-p003,39.0878,233,199,RLPolicy,0,0,0.0236785,13.8629,3.50656,21,0.674796,0,0,0,0,1.00673
E3-PPOLag-p003,39.0879,231,325,RLPolicy,0,0,0.0232424,13.8629,3.50656,21,0.947762,0,0,0,0,0.985933
E3-PPOLag-p003,39.0884,374,408,RLPolicy,0,0,0.0236806,13.8629,3.50656,21,0.680364,0,0,0,0,1
E3-PPOLag-p003,39.0895,45,37,RLPolicy,0,0,0.0238201,13.5576,3.50656,21,0.241304,0,0,0,0,1
E3-PPOLag-p003,39.0912,390,275,RLPolicy,0,0,0.0232424,13.8629,3.50656,21,0.855794,0,0,0,0,1
E3-PPOLag-p003,39.092,111,325,RLPolicy,0,0,0.0232422,13.8629,3.50656,21,0.867906,0,0,0,0,1
E3-PPOLag-p003,39.0923,302,77,RLPolicy,0,0,0.0236782,13.8629,3.50656,21,0.557789,0,0,0,0,1
E3-PPOLag-p003,39.0973,260,15,RLPolicy,0,0,0.023688,13.8629,3.50656,21,0.607104,0,0,0,0,1
E3-PPOLag-p003,39.0993,46,142,RLPolicy,0,0,0.0237384,12.9468,3.50656,21,0.591017,0,0,0,0,0.971866
E3-PPOLag-p003,39.1016,356,147,RLPolicy,0,0,0.0232522,13.8629,3.50656,21,0.590781,0,0,0,0,1
E3-PPOLag-p003,39.1041,168,372,RLPolicy,0,0,0.0232421,13.8629,3.50656,21,1.05982,0,0,0,0,0.985933
E3-PPOLag-p003,39.105,247,519,RLPolicy,0,0,0.0233622,13.8629,3.50656,21,0.689034,0,0,0,0,1
E3-PPOLag-p003,39.1134,218,41,RLPolicy,0,0,0.023678,13.8629,3.50656,21,0.608159,0,0,0,0,1
E3-PPOLag-p003,39.1136,43,47,RLPolicy,0,0,0.0594245,12.0307,3.50656,21,1.09779,0,0,0,0,0.992161
E3-PPOLag-p003,39.1182,378,372,RLPolicy,0,0,0.023242,13.8629,3.50656,21,0.872589,0,0,0,0,1
E3-PPOLag-p003,39.1206,227,138,RLPolicy,0,0,0.0236793,13.8629,3.50656,21,0.410779,0,0,0,0,1
E3-PPOLag-p003,39.1216,398,377,RLPolicy,0,0,0.0236787,13.8629,3.50656,21,0.582858,0,0,0,0,1
E3-PPOLag-p003,39.129,303,470,RLPolicy,0,0,0.023724,13.8629,3.50656,21,0.219187,0,0,0,0,1
E3-PPOLag-p003,39.1394,12,131,RLPolicy,0,0,0.0237096,13.2522,3.50656,21,0.545796,0,0,0,0,1.0314
E3-PPOLag-p003,39.1454,63,412,RLPolicy,0,0,0.0237143,13.5576,3.50656,21,0.636776,0,0,0,0,1
E3-PPOLag-p003,39.1508,81,197,RLPolicy,0,0,0.0236801,13.8629,3.50656,21,0.160688,0,0,0,0,1
E3-PPOLag-p003,39.1611,393,541,RLPolicy,0,0,0.0236867,13.8629,3.50656,21,0.840742,0,0,0,0,1
E3-PPOLag-p003,39.1626,25,67,RLPolicy,0,0,0.0531038,12.9468,3.50656,21,0.627818,0,0,0,0,1.02051
E3-PPOLag-p003,39.168,401,268,RLPolicy,0,0,0.0236839,13.8629,3.50656,21,0.693001,0,0,0,0,1
E3-PPOLag-p003,39.1706,216,108,RLPolicy,0,0,0.0233621,13.8629,3.50656,21,0.473177,0,0,0,0,0.989399
E3-PPOLag-p003,39.184,366,541,RLPolicy,0,0,0.0236867,13.8629,3.50656,21,0.459433,0,0,0,0,1
E3-PPOLag-p003,39.1985,235,325,RLPolicy,0,0,0.0232423,13.8629,3.50656,21,0.83434,0,0,0,0,1
E3-PPOLag-p003,39.1995,103,108,RLPolicy,0,0,0.0233621,13.8629,3.50656,21,0.548317,0,0,0,0,1
E3-PPOLag-p003,39.2047,105,325,RLPolicy,0,0,0.0232423,13.8629,3.50656,21,1.01535,0,0,0,0,1
E3-PPOLag-p003,39.2053,76,325,RLPolicy,0,0,0.0232423,13.8629,3.50656,21,0.651298,0,0,0,0,1
E3-PPOLag-p003,39.2063,107,64,RLPolicy,0,0,0.02368,13.8629,3.50656,21,0.856086,0,0,0,0,1
E3-PPOLag-p003,39.2078,230,364,RLPolicy,0,0,0.023814,13.8629,3.50656,21,0.085698,0,0,0,0,1
E3-PPOLag-p003,39.2092,210,440,RLPolicy,0,0,0.0237192,13.8629,3.50656,21,0.224516,0,0,0,0,1
E3-PPOLag-p003,39.212,391,2,RLPolicy,0,0,0.0233875,13.8629,3.50656,21,0.748538,0,0,0,0,1
E3-PPOLag-p003,39.2159,268,96,RLPolicy,0,0,0.0236779,13.8629,3.50656,21,0.627571,0,0,0,0,1.04832
E3-PPOLag-p003,39.2175,194,248,RLPolicy,0,0,0.0236875,13.8629,3.50656,21,0.850993,0,0,0,0,0.971866
E3-PPOLag-p003,39.2218,112,325,RLPolicy,0,0,0.023242,13.8629,3.50656,21,0.867604,0,0,0,0,1
E3-PPOLag-p003,39.2259,54,293,RLPolicy,0,0,0.0237472,13.8629,3.50656,21,0.345262,0,0,0,0,1.02752
E3-PPOLag-p003,39.2279,327,442,RLPolicy,0,0,0.0236801,13.8629,3.50656,21,0.703364,0,0,0,0,1
E3-PPOLag-p003,39.2313,139,108,RLPolicy,0,0,0.0233621,13.8629,3.50656,21,0.404827,0,0,0,0,1
E3-PPOLag-p003,39.2315,38,139,RLPolicy,1,0,0.0541272,8.17715,3.50656,16,0.451953,0,0,0,0,1.03243
E3-PPOLag-p003,39.2362,162,419,RLPolicy,0,0,0.0236786,13.8629,3.50656,21,0.504808,0,0,0,0,1
E3-PPOLag-p003,39.237,66,173,RLPolicy,0,0,0.023246,13.8629,3.50656,21,0.594689,0,0,0,0,1.03099
E3-PPOLag-p003,39.2392,373,240,RLPolicy,0,0,0.023686,13.8629,3.50656,21,0.316557,0,0,0,0,1
E3-PPOLag-p003,39.242,50,282,RLPolicy,0,0,0.0628633,13.4034,3.50656,21,0.873881,0,0,0,0,1.02946
E3-PPOLag-p003,39.2423,52,392,RLPolicy,1,1,0.0448863,2.46721,3.50656,6,0.43897,0,0,0,0,1.01539
E3-PPOLag-p003,39.247,114,438,RLPolicy,0,0,0.0359667,2.77259,3.50656,5,0.055771,0,0,0,0,1
E3-PPOLag-p003,39.2636,39,307,RLPolicy,0,0,0.0236797,13.8629,3.50656,21,0.405372,0,0,0,0,1
E3-PPOLag-p003,39.2764,287,101,RLPolicy,0,0,0.0236976,13.8629,3.50656,21,0.197501,0,0,0,0,1
E3-PPOLag-p003,39.2786,120,175,RLPolicy,0,0,0.0237433,13.8629,3.50656,21,0.200784,0,0,0,0,1
E3-PPOLag-p003,39.2872,59,169,RLPolicy,0,0,0.0237409,13.5576,3.50656,21,0.411261,0,0,0,0,1
E3-PPOLag-p003,39.2963,236,325,RLPolicy,0,0,0.0232423,13.8629,3.50656,21,0.857135,0,0,0,0,1
E3-PPOLag-p003,39.297,241,315,RLPolicy,0,0,0.0237458,13.8629,3.50656,21,0.343583,0,0,0,0,1.03099
E3-PPOLag-p003,39.3021,131,173,RLPolicy,0,0,0.023246,13.8629,3.50656,21,0.367178,0,0,0,0,1
E3-PPOLag-p003,39.3116,49,357,RLPolicy,0,0,0.0237308,13.8629,3.50656,21,0.287338,0,0,0,0,1
E3-PPOLag-p003,39.3152,188,357,RLPolicy,0,0,0.0237276,13.8629,3.50656,21,0.201718,0,0,0,0,1.00673
E3-PPOLag-p003,39.3163,211,27,RLPolicy,0,0,0.0236795,13.8629,3.50656,21,0.341212,0,0,0,0,1.01712
E3-PPOLag-p003,39.317,68,303,RLPolicy,0,0,0.0237342,13.8629,3.50656,21,0.223263,0,0,0,0,1.02752
E3-PPOLag-p003,39.3184,86,330,RLPolicy,0,0,0.0237267,13.8629,3.50656,21,0.288054,0,0,0,0,1
E3-PPOLag-p003,39.3216,383,500,RLPolicy,0,0,0.0237303,13.8629,3.50656,21,0.295377,0,0,0,0,1
E3-PPOLag-p003,39.3234,109,375,RLPolicy,0,0,0.0236894,13.8629,3.50656,21,0.860429,0,0,0,0,1
E3-PPOLag-p003,39.3245,339,338,RLPolicy,0,0,0.0232518,13.7088,3.50656,21,0.675684,0,0,0,0,1
E3-PPOLag-p003,39.3251,245,446,RLPolicy,0,0,0.0236784,13.8629,3.50656,21,0.618984,0,0,0,0,1
E3-PPOLag-p003,39.3269,377,325,RLPolicy,0,0,0.0232423,13.8629,3.50656,21,0.847922,0,0,0,0,1
E3-PPOLag-p003,39.3286,319,397,RLPolicy,0,0,0.0236877,13.8629,3.50656,21,1.04589,0,0,0,0,1
E3-PPOLag-p003,39.33,400,96,RLPolicy,0,0,0.0236885,13.8629,3.50656,21,0.396006,0,0,0,0,1
E3-PPOLag-p003,39.3304,273,325,RLPolicy,0,0,0.023325,13.8629,3.50656,21,1.02003,0,0,0,0,1
E3-PPOLag-p003,39.3306,272,514,RLPolicy,0,0,0.0232516,13.8629,3.50656,21,0.911913,0,0,0,0,1
E3-PPOLag-p003,39.3317,343,462,RLPolicy,0,0,0.0236788,13.8629,3.50656,21,0.365148,0,0,0,0,1
E3-PPOLag-p003,39.3465,380,96,RLPolicy,0,0,0.0236896,13.8629,3.50656,21,0.349301,0,0,0,0,1
E3-PPOLag-p003,39.3471,1,165,RLPolicy,0,0,0.042934,13.2522,3.50656,21,0.31459,0,0,0,0,1
E3-PPOLag-p003,39.357,156,372,RLPolicy,0,0,0.0232423,13.8629,3.50656,21,0.659171,0,0,0,0,1
E3-PPOLag-p003,39.3654,7,116,RLPolicy,0,0,0.0377791,13.2522,3.50656,21,0.381222,0,0,0,0,0.999097
E3-PPOLag-p003,39.3667,306,125,RLPolicy,0,0,0.0236887,13.8629,3.50656,21,0.423408,0,0,0,0,1
E3-PPOLag-p003,39.3673,318,277,RLPolicy,0,0,0.083767,0.693147,3.50656,2,0.033739,0,0,0,0,1
E3-PPOLag-p003,39.3705,388,152,RLPolicy,0,0,0.0236827,13.8629,3.50656,21,0.378184,0,0,0,0,1
E3-PPOLag-p003,39.388,358,469,RLPolicy,0,0,0.023626,13.8629,3.50656,21,0.481008,0,0,0,0,1
E3-PPOLag-p003,39.3911,8,469,RLPolicy,0,0,0.0559654,13.2522,3.50656,21,0.454392,0,0,0,0,1
E3-PPOLag-p003,39.3919,201,204,RLPolicy,0,0,0.0236839,13.8629,3.50656,21,0.56239,0,0,0,0,1
E3-PPOLag-p003,39.3944,372,325,RLPolicy,0,0,0.0232423,13.8629,3.50656,21,0.619198,0,0,0,0,1
E3-PPOLag-p003,39.416,17,16,RLPolicy,0,0,0.0236599,12.6414,3.50656,21,0.810544,0,0,0,0,0.984406
E3-PPOLag-p003,39.4173,261,424,RLPolicy,0,0,0.0236798,13.8629,3.50656,21,0.56154,0,0,0,0,1
E3-PPOLag-p003,39.4243,177,125,RLPolicy,0,0,0.0236783,13.8629,3.50656,21,0.558667,0,0,0,0,1
E3-PPOLag-p003,39.4255,67,271,RLPolicy,0,0,0.023243,13.8629,3.50656,21,0.598877,0,0,0,0,0.971866
E3-PPOLag-p003,39.4422,334,76,RLPolicy,0,0,0.0236782,13.8629,3.50656,21,0.779708,0,0,0,0,1
E3-PPOLag-p003,39.4436,323,416,RLPolicy,0,0,0.0236903,13.8629,3.50656,21,0.755612,0,0,0,0,1
E3-PPOLag-p003,39.4461,264,125,RLPolicy,0,0,0.023692,13.8629,3.50656,21,0.49544,0,0,0,0,1
E3-PPOLag-p003,39.4553,94,332,RLPolicy,0,0,0.0236794,13.8629,3.50656,21,0.778566,0,0,0,0,1
E3-PPOLag-p003,39.4573,74,347,RLPolicy,0,0,0.0236839,13.8629,3.50656,21,0.484268,0,0,0,0,1
E3-PPOLag-p003,39.4588,234,27,RLPolicy,0,0,0.0236786,13.8629,3.50656,21,0.864751,0,0,0,0,1
E3-PPOLag-p003,39.4592,409,483,RLPolicy,0,0,0.0237275,13.8629,3.50656,21,0.312242,0,0,0,0,1
E3-PPOLag-p003,39.4602,65,125,RLPolicy,0,0,0.0237054,13.8629,3.50656,21,0.814528,0,0,0,0,1.01366
E3-PPOLag-p003,39.4637,344,443,RLPolicy,0,0,0.0213757,12.4766,3.50656,19,0.158064,0,0,0,0,1.04485
E3-PPOLag-p003,39.4684,61,514,RLPolicy,0,0,0.0233881,13.8629,3.50656,21,1.00295,0,0,0,0,1
E3-PPOLag-p003,39.474,160,175,RLPolicy,0,0,0.0237323,13.8629,3.50656,21,0.147645,0,0,0,0,1
E3-PPOLag-p003,39.4817,48,253,RLPolicy,0,0,0.0236834,13.8629,3.50656,21,0.860174,0,0,0,0,1.00326
E3-PPOLag-p003,39.499,99,158,RLPolicy,0,0,0.0233619,13.8629,3.50656,21,0.402621,0,0,0,0,1
E3-PPOLag-p003,39.5034,55,173,RLPolicy,0,0,0.023246,13.8629,3.50656,21,0.532429,0,0,0,0,0.99633
E3-PPOLag-p003,39.5114,335,273,RLPolicy,0,0,0.0236813,13.8629,3.50656,21,1.50105,0,0,0,0,1
E3-PPOLag-p003,39.5143,93,469,RLPolicy,0,0,0.023626,13.8629,3.50656,21,0.425015,0,0,0,0,1
E3-PPOLag-p003,39.5147,53,79,RLPolicy,1,0,0.0130064,6.93147,3.50656,12,0.451866,0,0,0,0,1.03078
E3-PPOLag-p003,39.5196,113,293,RLPolicy,0,0,0.0236846,13.8629,3.50656,21,0.956395,0,0,0,0,1.00326
E3-PPOLag-p003,39.5226,44,265,RLPolicy,0,0,0.0576063,13.2522,3.50656,21,0.47367,0,0,0,0,1
E3-PPOLag-p003,39.5234,179,541,RLPolicy,0,0,0.0236873,13.8629,3.50656,21,0.743841,0,0,0,0,1.01366
E3-PPOLag-p003,39.5245,165,186,RLPolicy,0,0,0.0233672,13.8629,3.50656,21,0.377429,0,0,0,0,0.985933
E3-PPOLag-p003,39.5286,200,424,RLPolicy,0,0,0.0236781,13.8629,3.50656,21,0.577301,0,0,0,0,1.01366
E3-PPOLag-p003,39.5304,0,243,RLPolicy,0,0,0.0516221,13.2522,3.50656,21,0.688365,0,0,0,0,1.00867
E3-PPOLag-p003,39.5349,124,482,RLPolicy,0,0,0.0232517,13.8629,3.50656,21,0.708758,0,0,0,0,1
E3-PPOLag-p003,39.5379,167,291,RLPolicy,0,0,0.0232429,13.8629,3.50656,21,0.643906,0,0,0,0,1
E3-PPOLag-p003,39.547,91,271,RLPolicy,0,0,0.023243,13.8629,3.50656,21,0.417289,0,0,0,0,1.01345
E3-PPOLag-p003,39.5475,271,133,RLPolicy,1,1,0.00205052,0.693147,3.50656,3,0.239019,0,0,0,0,0.985933
E3-PPOLag-p003,39.5478,150,514,RLPolicy,0,0,0.0233881,13.8629,3.50656,21,0.625512,0,0,0,0,0.985933
E3-PPOLag-p003,39.5524,153,384,RLPolicy,0,0,0.0236821,13.8629,3.50656,21,0.393922,0,0,0,0,1
E3-PPOLag-p003,39.5606,115,44,RLPolicy,0,0,0.023684,13.8629,3.50656,21,0.682613,0,0,0,0,1
E3-PPOLag-p003,39.5617,252,292,RLPolicy,0,0,0.023678,13.8629,3.50656,21,0.670011,0,0,0,0,1
E3-PPOLag-p003,39.5672,232,83,RLPolicy,0,0,0.0236787,13.8629,3.50656,21,0.770791,0,0,0,0,0.985933
E3-PPOLag-p003,39.5775,118,291,RLPolicy,0,0,0.0232624,13.8629,3.50656,21,0.673007,0,0,0,0,1
E3-PPOLag-p003,39.5809,257,295,RLPolicy,0,0,0.0232461,13.8629,3.50656,21,0.532444,0,0,0,0,1
E3-PPOLag-p003,39.5875,127,177,RLPolicy,0,0,0.02368,13.8629,3.50656,21,0.568795,0,0,0,0,0.985933
E3-PPOLag-p003,39.5963,221,489,RLPolicy,1,1,0.00239659,0.693147,3.50656,3,0.137028,0,0,0,0,0.985933
E3-PPOLag-p003,39.6,403,125,RLPolicy,0,0,0.0236783,13.8629,3.50656,21,0.924553,0,0,0,0,1
E3-PPOLag-p003,39.6012,142,548,RLPolicy,0,0,0.0233629,13.8629,3.50656,21,0.674329,0,0,0,0,1
E3-PPOLag-p003,39.6071,326,514,RLPolicy,0,0,0.0233881,13.8629,3.50656,21,0.585624,0,0,0,0,1
E3-PPOLag-p003,39.611,277,318,RLPolicy,0,0,0.082965,0.693147,3.50656,2,0.024583,0,0,0,0,1
E3-PPOLag-p003,39.6149,145,514,RLPolicy,0,0,0.0233881,13.8629,3.50656,21,0.505705,0,0,0,0,1
E3-PPOLag-p003,39.6284,246,469,RLPolicy,0,0,0.023626,13.8629,3.50656,21,0.6671,0,0,0,0,1
E3-PPOLag-p003,39.6501,325,291,RLPolicy,0,0,0.0232624,13.7088,3.50656,21,0.712574,0,0,0,0,1
E3-PPOLag-p003,39.6516,89,63,RLPolicy,0,0,0.0232693,13.5546,3.50656,21,0.391147,0,0,0,0,1
E3-PPOLag-p003,39.6576,381,510,RLPolicy,0,0,0.0236796,13.8629,3.50656,21,1.12806,0,0,0,0,1
E3-PPOLag-p003,39.6657,285,135,RLPolicy,0,0,0.0236868,13.8629,3.50656,21,0.522929,0,0,0,0,1
E3-PPOLag-p003,39.6706,376,298,RLPolicy,0,0,0.0233628,13.8629,3.50656,21,0.421612,0,0,0,0,1
E3-PPOLag-p003,39.6756,346,556,RLPolicy,0,0,0.0236828,13.8629,3.50656,21,0.183175,0,0,0,0,1
E3-PPOLag-p003,39.6757,83,291,RLPolicy,0,0,0.023243,13.8629,3.50656,21,0.726751,0,0,0,0,0.985933
E3-PPOLag-p003,39.6803,60,518,RLPolicy,0,0,0.023246,13.8629,3.50656,21,0.555551,0,0,0,0,0.992864
E3-PPOLag-p003,39.6825,295,518,RLPolicy,0,0,0.023246,13.8629,3.50656,21,0.507959,0,0,0,0,1
E3-PPOLag-p003,39.6846,102,27,RLPolicy,0,0,0.0236785,13.8629,3.50656,21,0.316534,0,0,0,0,1.03792
E3-PPOLag-p003,39.6866,253,332,RLPolicy,0,0,0.0236793,13.8629,3.50656,21,0.624829,0,0,0,0,1
E3-PPOLag-p003,39.6869,35,385,RLPolicy,1,0,0.0535796,8.17715,3.50656,16,0.449693,0,0,0,0,1.05731
E3-PPOLag-p003,39.6923,195,201,RLPolicy,1,1,0.0071397,3.46574,3.50656,7,0.399163,0,0,0,0,0.999796
E3-PPOLag-p003,39.6944,96,384,RLPolicy,0,0,0.0236779,13.8629,3.50656,21,0.399804,0,0,0,0,1
E3-PPOLag-p003,39.7,300,214,RLPolicy,0,0,0.0236804,13.8629,3.50656,21,0.331106,0,0,0,0,1
E3-PPOLag-p003,39.7018,11,146,RLPolicy,0,0,0.0142445,8.01238,3.50656,13,0.078136,0,0,0,0,1.02447
E3-PPOLag-p003,39.713,348,298,RLPolicy,0,0,0.0233628,13.8629,3.50656,21,0.375074,0,0,0,0,1
E3-PPOLag-p003,39.7179,126,64,RLPolicy,0,0,0.0236783,13.8629,3.50656,21,0.615887,0,0,0,0,1
E3-PPOLag-p003,39.7272,128,224,RLPolicy,0,0,0.0236874,13.8629,3.50656,21,0.691763,0,0,0,0,1
E3-PPOLag-p003,39.7287,349,125,RLPolicy,0,0,0.0236782,13.8629,3.50656,21,0.558108,0,0,0,0,1
E3-PPOLag-p003,39.7314,355,214,RLPolicy,0,0,0.0236806,13.8629,3.50656,21,0.488659,0,0,0,0,1
E3-PPOLag-p003,39.7328,291,271,RLPolicy,0,0,0.0232625,13.8629,3.50656,21,0.496836,0,0,0,0,1
E3-PPOLag-p003,39.7331,108,298,RLPolicy,0,0,0.0233628,13.8629,3.50656,21,0.552745,0,0,0,0,1
E3-PPOLag-p003,39.7341,290,514,RLPolicy,0,0,0.0233881,13.8629,3.50656,21,0.603805,0,0,0,0,1
E3-PPOLag-p003,39.7398,27,167,RLPolicy,0,0,0.0236814,13.8629,3.50656,21,0.757683,0,0,0,0,1
E3-PPOLag-p003,39.7478,152,417,RLPolicy,1,0,0.0154234,8.31777,3.50656,14,0.181129,0,0,0,0,1.02406
E3-PPOLag-p003,39.7486,387,371,RLPolicy,0,0,0.0236862,13.8629,3.50656,21,0.295938,0,0,0,0,1
E3-PPOLag-p003,39.7501,106,460,RLPolicy,0,0,0.0236783,13.8629,3.50656,21,0.519799,0,0,0,0,1
E3-PPOLag-p003,39.7595,262,273,RLPolicy,0,0,0.0236815,13.8629,3.50656,21,0.650392,0,0,0,0,1
E3-PPOLag-p003,39.7605,136,381,RLPolicy,0,0,0.0236813,13.8629,3.50656,21,0.668962,0,0,0,0,1.00326
E3-PPOLag-p003,39.7683,73,291,RLPolicy,0,0,0.0569005,13.7088,3.50656,21,0.785682,0,0,0,0,1
E3-PPOLag-p003,39.7693,82,481,RLPolicy,0,0,0.0236793,13.8629,3.50656,21,0.858748,0,0,0,0,1
E3-PPOLag-p003,39.7745,123,162,RLPolicy,0,0,0.0236951,13.8629,3.50656,21,0.503847,0,0,0,0,1
E3-PPOLag-p003,39.7754,320,443,RLPolicy,0,0,0.0213624,12.4766,3.50656,19,0.196,0,0,0,0,1
E3-PPOLag-p003,39.7825,399,473,RLPolicy,0,0,0.0236787,13.8629,3.50656,21,0.538271,0,0,0,0,1
E3-PPOLag-p003,39.7854,189,291,RLPolicy,0,0,0.0232624,13.8629,3.50656,21,0.748913,0,0,0,0,1.01366
E3-PPOLag-p003,39.7959,286,449,RLPolicy,0,0,0.0236808,13.8629,3.50656,21,0.302421,0,0,0,0,1
E3-PPOLag-p003,39.7964,175,76,RLPolicy,0,0,0.0237527,13.8629,3.50656,21,0.677672,0,0,0,0,1
E3-PPOLag-p003,39.8148,276,291,RLPolicy,0,0,0.0232626,13.8629,3.50656,21,0.622767,0,0,0,0,1
E3-PPOLag-p003,39.8151,404,298,RLPolicy,0,0,0.0233629,13.8629,3.50656,21,0.928922,0,0,0,0,1
E3-PPOLag-p003,39.819,129,152,RLPolicy,0,0,0.0236945,13.8629,3.50656,21,0.441547,0,0,0,0,1
E3-PPOLag-p003,39.8206,98,518,RLPolicy,0,0,0.023246,13.8629,3.50656,21,0.428893,0,0,0,0,0.999592
E3-PPOLag-p003,39.8236,5,243,RLPolicy,0,0,0.0529617,13.2522,3.50656,21,0.634474,0,0,0,0,1.00714
E3-PPOLag-p003,39.83,329,123,RLPolicy,0,0,0.0236788,13.8629,3.50656,21,0.538537,0,0,0,0,1
E3-PPOLag-p003,39.8317,215,230,RLPolicy,0,0,0.0237777,13.8629,3.50656,21,0.115781,0,0,0,0,1
E3-PPOLag-p003,39.8346,92,538,RLPolicy,0,0,0.023685,13.8629,3.50656,21,0.27851,0,0,0,0,1
E3-PPOLag-p003,39.8562,22,98,RLPolicy,0,0,0.0237783,11.7253,3.50656,21,0.870182,0,0,0,0,1
E3-PPOLag-p003,39.8623,263,150,RLPolicy,0,0,0.0236256,13.8629,3.50656,21,0.585143,0,0,0,0,1
E3-PPOLag-p003,39.8632,34,64,RLPolicy,0,0,0.0233211,12.336,3.50656,21,0.653209,0,0,0,0,0.988284
E3-PPOLag-p003,39.8664,367,514,RLPolicy,0,0,0.0233881,13.8629,3.50656,21,0.700063,0,0,0,0,1
E3-PPOLag-p003,39.8706,332,135,RLPolicy,0,0,0.023686,13.8629,3.50656,21,0.611298,0,0,0,0,0.985933
E3-PPOLag-p003,39.8741,396,514,RLPolicy,0,0,0.0232517,13.7088,3.50656,21,1.3375,0,0,0,0,1
E3-PPOLag-p003,39.878,347,171,RLPolicy,0,0,0.0236861,13.8629,3.50656,21,0.258298,0,0,0,0,1
E3-PPOLag-p003,39.8791,58,541,RLPolicy,0,0,0.0658633,13.5576,3.50656,21,0.648463,0,0,0,0,0.984406
E3-PPOLag-p003,39.8867,289,443,RLPolicy,0,0,0.0130765,7.62462,3.50656,12,0.062035,0,0,0,0,1
E3-PPOLag-p003,39.8889,172,271,RLPolicy,0,0,0.0232625,13.8629,3.50656,21,0.487499,0,0,0,0,1
E3-PPOLag-p003,39.8897,359,271,RLPolicy,0,0,0.0232431,13.8629,3.50656,21,0.420243,0,0,0,0,1
E3-PPOLag-p003,39.8942,181,556,RLPolicy,0,0,0.0236891,13.8629,3.50656,21,0.284082,0,0,0,0,1
E3-PPOLag-p003,39.9123,312,27,RLPolicy,0,0,0.0236805,13.8629,3.50656,21,0.886884,0,0,0,0,1
E3-PPOLag-p003,39.9147,405,180,RLPolicy,0,0,0.0236811,13.8629,3.50656,21,0.583076,0,0,0,0,1
E3-PPOLag-p003,39.9225,197,240,RLPolicy,0,0,0.0236881,13.8629,3.50656,21,0.323327,0,0,0,0,1
E3-PPOLag-p003,39.9262,226,249,RLPolicy,1,1,0.0024063,0.693147,3.50656,3,0.039473,0,0,0,0,0.985933
E3-PPOLag-p003,39.939,151,271,RLPolicy,0,0,0.0232431,13.7088,3.50656,21,0.468785,0,0,0,0,1
E3-PPOLag-p003,39.9394,170,255,RLPolicy,0,0,0.0236821,13.8629,3.50656,21,0.280333,0,0,0,0,1.02059
E3-PPOLag-p003,39.9586,154,125,RLPolicy,0,0,0.0237094,13.8629,3.50656,21,0.296307,0,0,0,0,1
E3-PPOLag-p003,39.9702,173,534,RLPolicy,0,0,0.023246,13.8629,3.50656,21,0.411105,0,0,0,0,1
E3-PPOLag-p003,39.9719,41,64,RLPolicy,0,0,0.0237652,12.336,3.50656,21,0.622236,0,0,0,0,0.980445
E3-PPOLag-p003,39.9815,69,532,RLPolicy,0,0,0.0236794,13.8629,3.50656,21,0.573108,0,0,0,0,1
E3-PPOLag-p003,39.9821,42,129,RLPolicy,0,0,0.0232688,13.8629,3.50656,21,0.284973,0,0,0,0,1
E3-PPOLag-p003,39.9851,244,514,RLPolicy,0,0,0.0232517,13.8629,3.50656,21,0.761899,0,0,0,0,1
E3-PPOLag-p003,39.9897,242,332,RLPolicy,0,0,0.0236827,13.8629,3.50656,21,0.49666,0,0,0,0,1
E3-PPOLag-p003,39.9922,163,519,RLPolicy,0,0,0.0233619,13.8629,3.50656,21,0.696296,0,0,0,0,1
E3-PPOLag-p003,39.9987,364,22,RLPolicy,0,0,0.0236965,13.8629,3.50656,21,0.456218,0,0,0,0,1
E3-PPOLag-p003,40.0119,30,546,RLPolicy,0,0,0.0237612,12.0307,3.50656,21,0.600558,0,0,0,0,1.0307
E3-PPOLag-p003,40.0153,143,219,RLPolicy,0,0,0.0237219,13.8629,3.50656,21,0.285539,0,0,0,0,1
E3-PPOLag-p003,40.0153,21,522,RLPolicy,0,0,0.0562013,12.6414,3.50656,21,0.69625,0,0,0,0,1
E3-PPOLag-p003,40.0171,24,427,RLPolicy,0,0,0.0314092,12.0307,3.50656,21,0.621637,0,0,0,0,1.03569
E3-PPOLag-p003,40.0188,135,248,RLPolicy,0,0,0.0236884,13.8629,3.50656,21,0.660538,0,0,0,0,1
E3-PPOLag-p003,40.0191,10,33,RLPolicy,0,0,0.0571494,13.2522,3.50656,21,0.208858,0,0,0,0,1
E3-PPOLag-p003,40.0209,174,560,RLPolicy,0,0,0.0236258,13.8629,3.50656,21,0.520454,0,0,0,0,1
E3-PPOLag-p003,40.0224,386,486,RLPolicy,1,1,0.00210554,0.693147,3.50656,3,0.100197,0,0,0,0,0.985933
E3-PPOLag-p003,40.0273,2,329,RLPolicy,0,0,0.0232782,12.9468,3.50656,21,0.681418,0,0,0,0,1
E3-PPOLag-p003,40.0298,283,375,RLPolicy,0,0,0.0236258,13.8629,3.50656,21,0.604965,0,0,0,0,1
E3-PPOLag-p003,40.0348,4,61,RLPolicy,0,0,0.0229466,12.9468,3.50656,21,0.388106,0,0,0,0,1
E3-PPOLag-p003,40.035,338,546,RLPolicy,0,0,0.0232601,13.8629,3.50656,21,0.620058,0,0,0,0,1
E3-PPOLag-p003,40.0396,29,367,RLPolicy,0,0,0.0557364,12.6414,3.50656,21,0.590458,0,0,0,0,1
E3-PPOLag-p003,40.0517,298,514,RLPolicy,0,0,0.0232501,13.8629,3.50656,21,0.603286,0,0,0,0,1
E3-PPOLag-p003,40.0519,64,231,RLPolicy,1,1,0.00196916,0.538997,3.50656,3,0.345453,0,0,0,0,0.970324
E3-PPOLag-p003,40.0754,223,163,RLPolicy,0,0,0.0232495,13.8629,3.50656,21,0.502592,0,0,0,0,0.985933
E3-PPOLag-p003,40.0795,187,487,RLPolicy,0,0,0.023679,13.8629,3.50656,21,0.935544,0,0,0,0,1
E3-PPOLag-p003,40.0804,132,239,RLPolicy,0,0,0.0237086,13.8629,3.50656,21,0.317795,0,0,0,0,1
E3-PPOLag-p003,40.0874,368,5,RLPolicy,0,0,0.0236981,13.8629,3.50656,21,0.450142,0,0,0,0,1
E3-PPOLag-p003,40.0883,176,129,RLPolicy,0,0,0.0232689,13.8629,3.50656,21,0.305278,0,0,0,0,1.03792
E3-PPOLag-p003,40.0942,183,108,RLPolicy,0,0,0.0233618,13.8629,3.50656,21,0.784215,0,0,0,0,1
E3-PPOLag-p003,40.0966,407,271,RLPolicy,0,0,0.0232625,13.8629,3.50656,21,0.942926,0,0,0,0,1
E3-PPOLag-p003,40.0976,157,99,RLPolicy,0,0,0.0236854,13.8629,3.50656,21,0.553264,0,0,0,0,1.04138
E3-PPOLag-p003,40.0992,340,53,RLPolicy,1,0,0.0161688,9.01091,3.50656,15,0.502943,0,0,0,0,1.02752
E3-PPOLag-p003,40.1025,75,541,RLPolicy,0,0,0.0236789,13.8629,3.50656,21,0.835091,0,0,0,0,1
E3-PPOLag-p003,40.1168,382,173,RLPolicy,0,0,0.023246,13.8629,3.50656,21,0.388748,0,0,0,0,1
E3-PPOLag-p003,40.1201,182,519,RLPolicy,0,0,0.0233619,13.8629,3.50656,21,0.527184,0,0,0,0,1
E3-PPOLag-p003,40.1207,57,152,RLPolicy,0,0,0.0237074,13.8629,3.50656,21,0.282912,0,0,0,0,1
E3-PPOLag-p003,40.1281,161,15,RLPolicy,0,0,0.0236848,13.8629,3.50656,21,0.390756,0,0,0,0,1
E3-PPOLag-p003,40.1301,228,280,RLPolicy,0,0,0.0524446,0.693147,3.50656,2,0.010579,0,0,0,0,1
E3-PPOLag-p003,40.1516,269,375,RLPolicy,0,0,0.0236258,13.8629,3.50656,21,0.666003,0,0,0,0,1
E3-PPOLag-p003,40.1634,208,465,RLPolicy,0,0,0.023689,13.8629,3.50656,21,0.32188,0,0,0,0,1.04832
E3-PPOLag-p003,40.1657,379,91,RLPolicy,0,0,0.0232626,13.8629,3.50656,21,0.589537,0,0,0,0,1
E3-PPOLag-p003,40.1691,331,375,RLPolicy,0,0,0.0236258,13.8629,3.50656,21,0.751066,0,0,0,0,0.992864
E3-PPOLag-p003,40.1764,259,514,RLPolicy,0,0,0.0232508,13.8629,3.50656,21,0.857732,0,0,0,0,1
E3-PPOLag-p003,40.1793,110,152,RLPolicy,0,0,0.0237197,13.8629,3.50656,21,0.195457,0,0,0,0,1
E3-PPOLag-p003,40.1811,322,101,RLPolicy,0,0,0.0236843,13.8629,3.50656,21,0.435654,0,0,0,0,1.04485
E3-PPOLag-p003,40.1834,31,508,RLPolicy,0,0,0.058664,12.6414,3.50656,21,0.418789,0,0,0,0,0.988284
E3-PPOLag-p003,40.1929,267,375,RLPolicy,0,0,0.0948354,13.7088,3.50656,21,0.443119,0,0,0,0,1
E3-PPOLag-p003,40.1997,137,146,RLPolicy,0,0,0.0130376,7.62462,3.50656,12,0.192822,0,0,0,0,1
E3-PPOLag-p003,40.2007,192,219,RLPolicy,0,0,0.0237235,13.8629,3.50656,21,0.396195,0,0,0,0,1
E3-PPOLag-p003,40.2109,33,326,RLPolicy,0,0,0.0625069,13.2522,3.50656,21,0.75111,0,0,0,0,1.00867
E3-PPOLag-p003,40.2193,180,536,RLPolicy,0,0,0.0236856,13.8629,3.50656,21,0.57166,0,0,0,0,1
E3-PPOLag-p003,40.2264,352,94,RLPolicy,0,0,0.0236792,13.8629,3.50656,21,0.767381,0,0,0,0,1.00326
E3-PPOLag-p003,40.233,225,514,RLPolicy,0,0,0.0232501,13.8629,3.50656,21,1.01979,0,0,0,0,1
E3-PPOLag-p003,40.2357,71,369,RLPolicy,0,0,0.0237279,13.8629,3.50656,21,0.180282,0,0,0,0,1
E3-PPOLag-p003,40.2413,190,91,RLPolicy,0,0,0.0232626,13.8629,3.50656,21,0.728324,0,0,0,0,1
E3-PPOLag-p003,40.2418,70,417,RLPolicy,0,0,0.0236782,13.8629,3.50656,21,0.491326,0,0,0,0,1
E3-PPOLag-p003,40.2538,125,424,RLPolicy,0,0,0.023678,13.8629,3.50656,21,0.864309,0,0,0,0,1
E3-PPOLag-p003,40.2636,84,91,RLPolicy,0,0,0.0232431,13.8629,3.50656,21,0.593191,0,0,0,0,1
E3-PPOLag-p003,40.2672,209,114,RLPolicy,0,0,0.0496793,2.77259,3.50656,5,0.051922,0,0,0,0,1
E3-PPOLag-p003,40.2693,214,560,RLPolicy,1,1,0.00315628,1.38629,3.50656,4,0.337094,0,0,0,0,0.989399
E3-PPOLag-p003,40.2805,345,487,RLPolicy,0,0,0.023246,13.8629,3.50656,21,0.539584,0,0,0,0,1
E3-PPOLag-p003,40.2966,394,161,RLPolicy,0,0,0.0236783,13.8629,3.50656,21,0.798923,0,0,0,0,1
E3-PPOLag-p003,40.2993,265,519,RLPolicy,0,0,0.0233619,13.8629,3.50656,21,0.595468,0,0,0,0,1
E3-PPOLag-p003,40.302,87,91,RLPolicy,0,0,0.0232431,13.8629,3.50656,21,0.546054,0,0,0,0,1.03792
E3-PPOLag-p003,40.3049,363,360,RLPolicy,0,0,0.0237751,13.8629,3.50656,21,0.081637,0,0,0,0,1
E3-PPOLag-p003,40.3166,104,296,RLPolicy,0,0,0.0236786,13.8629,3.50656,21,0.538245,0,0,0,0,1
E3-PPOLag-p003,40.3168,395,67,RLPolicy,0,0,0.0232626,13.8629,3.50656,21,0.952636,0,0,0,0,1
E3-PPOLag-p003,40.3199,308,559,RLPolicy,0,0,0.0237166,13.8629,3.50656,21,0.221757,0,0,0,0,1
E3-PPOLag-p003,40.3238,222,309,RLPolicy,0,0,0.0232626,13.8629,3.50656,21,0.82722,0,0,0,0,1.03425
E3-PPOLag-p003,40.3245,23,397,RLPolicy,0,0,0.0491426,12.9468,3.50656,21,0.563657,0,0,0,0,1.00429
E3-PPOLag-p003,40.3266,337,117,RLPolicy,0,0,0.0236943,13.8629,3.50656,21,0.370026,0,0,0,0,1
E3-PPOLag-p003,40.3289,77,384,RLPolicy,0,0,0.023678,13.8629,3.50656,21,0.488076,0,0,0,0,1
E3-PPOLag-p003,40.3331,415,91,RLPolicy,0,0,0.0232626,13.8629,3.50656,21,0.840215,0,0,0,0,1
E3-PPOLag-p003,40.335,258,15,RLPolicy,0,0,0.0236846,13.8629,3.50656,21,0.489653,0,0,0,0,1
E3-PPOLag-p003,40.3412,79,514,RLPolicy,0,0,0.0232501,13.7088,3.50656,21,0.766729,0,0,0,0,1.06891
E3-PPOLag-p003,40.3419,32,444,RLPolicy,0,0,0.0237638,12.336,3.50656,21,0.937401,0,0,0,0,1
E3-PPOLag-p003,40.3441,37,439,RLPolicy,0,0,0.0238101,12.9468,3.50656,21,0.688362,0,0,0,0,1
E3-PPOLag-p003,40.3535,206,531,RLPolicy,0,0,0.023765,13.8629,3.50656,21,0.833452,0,0,0,0,1
E3-PPOLag-p003,40.3673,288,519,RLPolicy,0,0,0.0233619,13.8629,3.50656,21,0.616482,0,0,0,0,1.01366
E3-PPOLag-p003,40.4052,204,285,RLPolicy,0,0,0.0236796,13.8629,3.50656,21,0.706567,0,0,0,0,1
E3-PPOLag-p003,40.4106,249,256,RLPolicy,0,0,0.0232853,13.7088,3.50656,21,0.332599,0,0,0,0,1
E3-PPOLag-p003,40.416,256,81,RLPolicy,0,0,0.0236893,13.8629,3.50656,21,0.23767,0,0,0,0,1
E3-PPOLag-p003,40.4185,237,542,RLPolicy,0,0,0.0236905,13.8629,3.50656,21,0.431465,0,0,0,0,1
E3-PPOLag-p003,40.4188,169,296,RLPolicy,0,0,0.0236785,13.8629,3.50656,21,0.615065,0,0,0,0,1.03425
E3-PPOLag-p003,40.4215,239,240,RLPolicy,0,0,0.0236904,13.8629,3.50656,21,0.322945,0,0,0,0,1
E3-PPOLag-p003,40.4368,133,91,RLPolicy,0,0,0.0233258,13.7088,3.50656,21,0.757216,0,0,0,0,1.04138
E3-PPOLag-p003,40.4433,301,360,RLPolicy,0,0,0.0237473,13.8629,3.50656,21,0.109778,0,0,0,0,1
E3-PPOLag-p003,40.4532,28,519,RLPolicy,0,0,0.0233619,13.8629,3.50656,21,0.594499,0,0,0,0,0.97269
E3-PPOLag-p003,40.4663,72,413,RLPolicy,0,0,0.0237311,13.8629,3.50656,21,0.265484,0,0,0,0,1
E3-PPOLag-p003,40.468,224,384,RLPolicy,0,0,0.0236867,13.8629,3.50656,21,0.472465,0,0,0,0,1
E3-PPOLag-p003,40.4724,193,519,RLPolicy,0,0,0.0233619,13.8629,3.50656,21,0.546203,0,0,0,0,1.04832
E3-PPOLag-p003,40.4806,85,460,RLPolicy,0,0,0.0236967,13.8629,3.50656,21,0.22635,0,0,0,0,1.02059
E3-PPOLag-p003,40.4809,18,508,RLPolicy,0,0,0.0236626,12.6414,3.50656,21,0.575155,0,0,0,0,1
E3-PPOLag-p003,40.4835,293,153,RLPolicy,0,0,0.0236783,13.8629,3.50656,21,0.452056,0,0,0,0,1
E3-PPOLag-p003,40.4895,353,438,RLPolicy,0,0,0.00478939,2.77259,3.50656,5,0.060435,0,0,0,0,1
E3-PPOLag-p003,40.4896,184,32,RLPolicy,0,0,0.0236815,13.8629,3.50656,21,0.8594,0,0,0,0,0.985933
E3-PPOLag-p003,40.4917,219,517,RLPolicy,0,0,0.0236809,13.8629,3.50656,21,0.484245,0,0,0,0,1
E3-PPOLag-p003,40.493,309,492,RLPolicy,0,0,0.0232626,13.8629,3.50656,21,0.519432,0,0,0,0,1
E3-PPOLag-p003,40.5044,6,366,RLPolicy,0,0,0.0365892,13.2522,3.50656,21,0.703123,0,0,0,0,1.05475
E3-PPOLag-p003,40.5076,392,492,RLPolicy,0,0,0.0232626,13.8629,3.50656,21,0.660545,0,0,0,0,1
E3-PPOLag-p003,40.508,418,492,RLPolicy,0,0,0.0232626,13.8629,3.50656,21,0.998406,0,0,0,0,1
E3-PPOLag-p003,40.5148,78,530,RLPolicy,0,0,0.0236786,13.8629,3.50656,21,0.651297,0,0,0,0,1.02059
E3-PPOLag-p003,40.5187,282,492,RLPolicy,0,0,0.0232431,13.8629,3.50656,21,0.922083,0,0,0,0,1.00999
E3-PPOLag-p003,40.525,299,243,RLPolicy,0,0,0.0236255,13.8629,3.50656,21,0.48875,0,0,0,0,1
E3-PPOLag-p003,40.5277,147,195,RLPolicy,0,0,0.0232505,13.8629,3.50656,21,0.571328,0,0,0,0,1
E3-PPOLag-p003,40.5285,385,482,RLPolicy,0,0,0.0232501,13.8629,3.50656,21,0.613104,0,0,0,0,1
E3-PPOLag-p003,40.5379,420,397,RLPolicy,1,0,0.0106892,5.54518,3.50656,10,0.429344,0,0,0,0,1.01019
E3-PPOLag-p003,40.5413,134,240,RLPolicy,1,0,0.00831542,4.15888,3.50656,8,0.152463,0,0,0,0,1.01692
E3-PPOLag-p003,40.5514,243,375,RLPolicy,0,0,0.0236256,13.8629,3.50656,21,0.444722,0,0,0,0,0.985933
E3-PPOLag-p003,40.5522,408,487,RLPolicy,0,0,0.0232459,13.8629,3.50656,21,0.591522,0,0,0,0,1
E3-PPOLag-p003,40.5588,384,25,RLPolicy,0,0,0.0236792,13.8629,3.50656,21,0.39887,0,0,0,0,1
E3-PPOLag-p003,40.5629,369,360,RLPolicy,0,0,0.0237622,13.8629,3.50656,21,0.110501,0,0,0,0,1
E3-PPOLag-p003,40.5684,119,492,RLPolicy,0,0,0.0232626,13.8629,3.50656,21,0.75286,0,0,0,0,0.985933
E3-PPOLag-p003,40.5857,155,514,RLPolicy,0,0,0.0232501,13.8629,3.50656,21,0.556692,0,0,0,0,1.04832
E3-PPOLag-p003,40.602,47,225,RLPolicy,0,0,0.0232672,13.2522,3.50656,21,0.451288,0,0,0,0,1
E3-PPOLag-p003,40.6026,13,202,RLPolicy,0,0,0.0426801,12.336,3.50656,21,0.244031,0,0,0,0,1
E3-PPOLag-p003,40.6161,100,412,RLPolicy,1,0,0.0201659,11.0904,3.50656,18,0.529939,0,0,0,0,1.02385
E3-PPOLag-p003,40.6167,274,66,RLPolicy,0,0,0.0236902,13.8629,3.50656,21,0.580502,0,0,0,0,1
E3-PPOLag-p003,40.6184,328,519,RLPolicy,0,0,0.0233619,13.8629,3.50656,21,0.901681,0,0,0,0,1
E3-PPOLag-p003,40.631,275,492,RLPolicy,0,0,0.0232626,13.8629,3.50656,21,1.33494,0,0,0,0,1
E3-PPOLag-p003,40.6323,97,542,RLPolicy,0,0,0.023246,13.8629,3.50656,21,0.37736,0,0,0,0,0.99633
E3-PPOLag-p003,40.6323,375,243,RLPolicy,0,0,0.0236255,13.8629,3.50656,21,0.7443,0,0,0,0,1
E3-PPOLag-p003,40.6328,251,325,RLPolicy,0,0,0.0236781,13.8629,3.50656,21,0.638218,0,0,0,0,1
E3-PPOLag-p003,40.6379,95,492,RLPolicy,0,0,0.0232626,13.8629,3.50656,21,0.641102,0,0,0,0,1
E3-PPOLag-p003,40.6406,240,197,RLPolicy,0,0,0.0232697,13.8629,3.50656,21,0.171238,0,0,0,0,1.04485
E3-PPOLag-p003,40.6426,341,369,RLPolicy,0,0,0.023726,13.8629,3.50656,21,0.196902,0,0,0,0,1
E3-PPOLag-p003,40.6457,202,459,RLPolicy,1,1,0.00434297,2.07944,3.50656,5,0.376156,0,0,0,0,0.992864
E3-PPOLag-p003,40.65,217,408,RLPolicy,0,0,0.0232459,13.8629,3.50656,21,0.604981,0,0,0,0,1
E3-PPOLag-p003,40.6521,90,109,RLPolicy,0,0,0.0236942,13.8629,3.50656,21,0.392135,0,0,0,0,1
E3-PPOLag-p003,40.6653,185,31,RLPolicy,1,1,0.00204875,0.693147,3.50656,3,0.152946,0,0,0,0,0.985933
E3-PPOLag-p003,40.6751,122,492,RLPolicy,0,0,0.0232626,13.8629,3.50656,21,0.541019,0,0,0,0,1
E3-PPOLag-p003,40.6805,146,460,RLPolicy,0,0,0.023718,13.8629,3.50656,21,0.247995,0,0,0,0,1.02406
E3-PPOLag-p003,40.6975,419,29,RLPolicy,0,0,0.0236789,13.8629,3.50656,21,0.628146,0,0,0,0,1
E3-PPOLag-p003,40.6982,148,438,RLPolicy,0,0,0.0410587,2.77259,3.50656,5,0.0328,0,0,0,0,1
E3-PPOLag-p003,40.7045,280,228,RLPolicy,0,0,0.0747956,0.693147,3.50656,2,0.024408,0,0,0,0,1
E3-PPOLag-p003,40.7049,140,109,RLPolicy,0,0,0.023693,13.8629,3.50656,21,0.446019,0,0,0,0,1
E3-PPOLag-p003,40.7076,15,403,RLPolicy,0,0,0.0553764,12.0307,3.50656,21,0.335146,0,0,0,0,1
E3-PPOLag-p003,40.71,36,536,RLPolicy,0,0,0.0237344,13.5576,3.50656,21,0.462016,0,0,0,0,1
E3-PPOLag-p003,40.714,350,47,RLPolicy,0,0,0.0233441,13.8629,3.50656,21,1.03203,0,0,0,0,1
E3-PPOLag-p003,40.7193,310,47,RLPolicy,0,0,0.0233441,13.8629,3.50656,21,0.467516,0,0,0,0,0.985933
E3-PPOLag-p003,40.7204,371,77,RLPolicy,0,0,0.0236821,13.8629,3.50656,21,0.34449,0,0,0,0,1
E3-PPOLag-p003,40.7238,361,66,RLPolicy,0,0,0.0236968,13.8629,3.50656,21,0.518233,0,0,0,0,1
E3-PPOLag-p003,40.725,316,374,RLPolicy,1,0,0.0189827,10.3972,3.50656,17,0.217071,0,0,0,0,1.03445
E3-PPOLag-p003,40.7312,254,195,RLPolicy,0,0,0.0232505,13.8629,3.50656,21,0.554152,0,0,0,0,1
E3-PPOLag-p003,40.7345,422,413,RLPolicy,0,0,0.0237185,13.8629,3.50656,21,0.247178,0,0,0,0,1
E3-PPOLag-p003,40.7449,412,12,RLPolicy,0,0,0.0236812,13.8629,3.50656,21,1.22868,0,0,0,0,1
E3-PPOLag-p003,40.7786,51,531,RLPolicy,0,0,0.0236938,13.8629,3.50656,21,0.308664,0,0,0,0,1
E3-PPOLag-p003,40.7823,88,276,RLPolicy,0,0,0.0236801,13.8629,3.50656,21,0.720237,0,0,0,0,1
E3-PPOLag-p003,40.7878,357,410,RLPolicy,0,0,0.105314,13.8629,3.50656,21,0.324144,0,0,0,0,1
E3-PPOLag-p003,40.7889,121,501,RLPolicy,0,0,0.0237069,13.8629,3.50656,21,0.241909,0,0,0,0,1
E3-PPOLag-p003,40.7895,351,197,RLPolicy,0,0,0.0236826,13.8629,3.50656,21,0.62467,0,0,0,0,1
E3-PPOLag-p003,40.7917,284,138,RLPolicy,0,0,0.0236788,13.8629,3.50656,21,1.07221,0,0,0,0,1
E3-PPOLag-p003,40.7958,330,197,RLPolicy,0,0,0.0236821,13.8629,3.50656,21,0.500503,0,0,0,0,1
E3-PPOLag-p003,40.7959,101,57,RLPolicy,0,0,0.0236823,13.8629,3.50656,21,0.218047,0,0,0,0,0.992864
E3-PPOLag-p003,40.7974,362,308,RLPolicy,0,0,0.0236853,13.8629,3.50656,21,0.630343,0,0,0,0,1
E3-PPOLag-p003,40.7979,317,514,RLPolicy,0,0,0.0233442,13.8629,3.50656,21,0.562054,0,0,0,0,1
E3-PPOLag-p003,40.7994,315,495,RLPolicy,0,0,0.02327,13.8629,3.50656,21,0.162584,0,0,0,0,1
E3-PPOLag-p003,40.8131,14,197,RLPolicy,0,0,0.0232698,13.8629,3.50656,21,0.201779,0,0,0,0,1
E3-PPOLag-p003,40.8149,16,493,RLPolicy,0,0,0.0546243,12.6414,3.50656,21,0.440641,0,0,0,0,1
E3-PPOLag-p003,40.8169,198,146,RLPolicy,0,0,0.0142183,8.31777,3.50656,13,0.331492,0,0,0,0,1
E3-PPOLag-p003,40.817,196,239,RLPolicy,0,0,0.0232699,13.8629,3.50656,21,0.752629,0,0,0,0,1
E3-PPOLag-p003,40.8193,266,309,RLPolicy,0,0,0.0232627,13.8629,3.50656,21,0.650688,0,0,0,0,0.985933
E3-PPOLag-p003,40.8224,141,47,RLPolicy,0,0,0.0233441,13.8629,3.50656,21,0.657297,0,0,0,0,1
E3-PPOLag-p003,40.8287,9,321,RLPolicy,0,0,0.0398561,12.6414,3.50656,21,0.478573,0,0,0,0,1.02793
E3-PPOLag-p003,40.8311,144,93,RLPolicy,0,0,0.023626,13.8629,3.50656,21,1.06059,0,0,0,0,1
E3-PPOLag-p003,40.8342,178,261,RLPolicy,0,0,0.0237068,13.8629,3.50656,21,0.436363,0,0,0,0,1.02385
E3-PPOLag-p003,40.8373,336,35,RLPolicy,0,0,0.0233682,13.8629,3.50656,21,0.549778,0,0,0,0,1
E3-PPOLag-p003,40.8391,406,578,RLPolicy,0,0,0.0232433,13.8629,3.50656,21,0.853994,0,0,0,0,1
E3-PPOLag-p003,40.8439,26,69,RLPolicy,0,0,0.0237428,13.5576,3.50656,21,0.690484,0,0,0,0,1.02059
E3-PPOLag-p003,40.8522,203,243,RLPolicy,0,0,0.0236255,13.8629,3.50656,21,0.692084,0,0,0,0,0.985933
E3-PPOLag-p003,40.8539,229,93,RLPolicy,0,0,0.023626,13.8629,3.50656,21,0.536153,0,0,0,0,1
E3-PPOLag-p003,40.8568,205,514,RLPolicy,0,0,0.0233441,13.8629,3.50656,21,0.855906,0,0,0,0,1
E3-PPOLag-p003,40.8589,342,578,RLPolicy,0,0,0.0232628,13.8629,3.50656,21,0.925307,0,0,0,0,1
E3-PPOLag-p003,40.8595,199,61,RLPolicy,0,0,0.0236781,13.8629,3.50656,21,0.908351,0,0,0,0,1
E3-PPOLag-p003,40.8677,220,485,RLPolicy,0,0,0.0232458,13.8629,3.50656,21,1.11413,0,0,0,0,1
E3-PPOLag-p003,40.8685,250,243,RLPolicy,0,0,0.0236255,13.8629,3.50656,21,0.437543,0,0,0,0,0.985933
E3-PPOLag-p003,40.8695,213,47,RLPolicy,0,0,0.0233441,13.8629,3.50656,21,1.56986,0,0,0,0,1
E3-PPOLag-p003,40.8776,62,38,RLPolicy,1,0,0.0107225,5.2398,3.50656,10,0.283676,0,0,0,0,1.06412
E3-PPOLag-p003,40.8778,238,410,RLPolicy,0,0,0.0767628,13.8629,3.50656,21,0.115965,0,0,0,0,1.04832
E3-PPOLag-p003,40.8789,138,403,RLPolicy,0,0,0.0236795,13.8629,3.50656,21,0.719428,0,0,0,0,1
E3-PPOLag-p003,40.8789,313,195,RLPolicy,0,0,0.0232505,13.8629,3.50656,21,0.613514,0,0,0,0,1
E3-PPOLag-p003,40.8879,311,407,RLPolicy,0,0,0.0236784,13.8629,3.50656,21,0.873482,0,0,0,0,1
E3-PPOLag-p003,40.8896,248,384,RLPolicy,0,0,0.0236789,13.8629,3.50656,21,0.401575,0,0,0,0,1
E3-PPOLag-p003,40.8958,292,243,RLPolicy,0,0,0.0236255,13.8629,3.50656,21,0.658445,0,0,0,0,1
E3-PPOLag-p003,40.8976,207,546,RLPolicy,0,0,0.0236786,13.8629,3.50656,21,0.557687,0,0,0,0,1
E3-PPOLag-p003,40.8991,297,240,RLPolicy,0,0,0.0236815,13.8629,3.50656,21,0.460653,0,0,0,0,1
E3-PPOLag-p003,40.8992,171,487,RLPolicy,0,0,0.0232458,13.8629,3.50656,21,0.399883,0,0,0,0,1.02059
E3-PPOLag-p003,40.9003,421,35,RLPolicy,0,0,0.0233683,13.8629,3.50656,21,0.617023,0,0,0,0,1
E3-PPOLag-p003,40.9077,307,538,RLPolicy,0,0,0.0236808,13.8629,3.50656,21,0.432682,0,0,0,0,1
E3-PPOLag-p003,40.9097,80,514,RLPolicy,0,0,0.0233442,13.8629,3.50656,21,0.718669,0,0,0,0,1
E3-PPOLag-p003,40.91,212,93,RLPolicy,0,0,0.0236257,13.8629,3.50656,21,0.766093,0,0,0,0,1
E3-PPOLag-p003,40.9163,191,47,RLPolicy,0,0,0.0233442,13.8629,3.50656,21,0.524021,0,0,0,0,0.985933
E3-PPOLag-p003,40.9255,314,408,RLPolicy,0,0,0.0232459,13.8629,3.50656,21,0.398792,0,0,0,0,0.985933
E3-PPOLag-p003,40.9294,278,307,RLPolicy,0,0,0.0236785,13.8629,3.50656,21,1.18548,0,0,0,0,1
E3-PPOLag-p003,40.9392,159,571,RLPolicy,0,0,0.0236825,13.8629,3.50656,21,0.324372,0,0,0,0,1
E3-PPOLag-p003,40.944,270,47,RLPolicy,0,0,0.0233441,13.8629,3.50656,21,0.655924,0,0,0,0,1.04138
E3-PPOLag-p003,40.9463,354,282,RLPolicy,0,0,0.0236788,13.8629,3.50656,21,0.928419,0,0,0,0,1.01019
E3-PPOLag-p003,40.9473,296,251,RLPolicy,0,0,0.0237795,12.938,3.50656,21,0.816058,0,0,0,0,1.01828
E3-PPOLag-p003,40.9552,410,258,RLPolicy,0,0,0.0236873,13.8629,3.50656,21,0.417727,0,0,0,0,1
E3-PPOLag-p003,40.9561,360,369,RLPolicy,0,0,0.0237183,13.8629,3.50656,21,0.205339,0,0,0,0,1
E3-PPOLag-p003,40.9569,166,29,RLPolicy,0,0,0.0236793,13.8629,3.50656,21,0.374282,0,0,0,0,1
E3-PPOLag-p003,40.9586,397,485,RLPolicy,0,0,0.0232459,13.7088,3.50656,21,0.661005,0,0,0,0,1
E3-PPOLag-p003,40.9605,130,577,RLPolicy,0,0,0.0237315,13.8629,3.50656,21,0.218606,0,0,0,0,1
E3-PPOLag-p003,40.9632,402,47,RLPolicy,0,0,0.0233441,13.8629,3.50656,21,0.601306,0,0,0,0,1
E3-PPOLag-p003,40.9654,40,74,RLPolicy,0,0,0.023343,12.0307,3.50656,21,1.11564,0,0,0,0,1.00949
E3-PPOLag-p003,40.9675,158,232,RLPolicy,0,0,0.0233685,13.8629,3.50656,21,0.416243,0,0,0,0,1.02406
E3-PPOLag-p003,40.9679,56,47,RLPolicy,0,0,0.0233441,13.8629,3.50656,21,0.488125,0,0,0,0,1
E3-PPOLag-p003,40.978,117,573,RLPolicy,0,0,0.0236876,13.8629,3.50656,21,0.413454,0,0,0,0,1
E3-PPOLag-p003,40.9811,305,519,RLPolicy,0,0,0.0233443,13.8629,3.50656,21,0.463612,0,0,0,0,1
E3-PPOLag-p003,41.009,186,128,RLPolicy,0,0,0.0236786,13.8629,3.50656,21,0.7525,0,0,0,0,1.01019
E3-PPOLag-p003,41.0111,370,47,RLPolicy,0,0,0.0233441,13.8629,3.50656,21,0.520171,0,0,0,0,1
E3-PPOLag-p003,41.0152,304,197,RLPolicy,0,0,0.0236806,13.8629,3.50656,21,0.446058,0,0,0,0,1
E3-PPOLag-p003,41.02,149,578,RLPolicy,0,0,0.0232433,13.8629,3.50656,21,0.992779,0,0,0,0,1
E3-PPOLag-p003,41.0251,281,449,RLPolicy,0,0,0.0237395,13.8629,3.50656,21,0.442192,0,0,0,0,1.01712
E3-PPOLag-p003,41.0302,294,432,RLPolicy,0,0,0.023691,13.8629,3.50656,21,0.756957,0,0,0,0,1.04138
E3-PPOLag-p003,41.0358,116,275,RLPolicy,0,0,0.0236795,13.8629,3.50656,21,0.457406,0,0,0,0,1.03792
E3-PPOLag-p003,41.0404,333,372,RLPolicy,0,0,0.0232618,13.8629,3.50656,21,0.916109,0,0,0,0,1
E3-PPOLag-p003,41.0453,365,472,RLPolicy,0,0,0.0236867,13.8629,3.50656,21,0.47027,0,0,0,0,1
E3-PPOLag-p003,41.0463,389,364,RLPolicy,0,0,0.0237328,13.8629,3.50656,21,0.099949,0,0,0,0,1
E3-PPOLag-p003,41.0541,255,408,RLPolicy,0,0,0.0232459,13.8629,3.50656,21,0.473346,0,0,0,0,0.985933
E3-PPOLag-p003,41.0545,321,297,RLPolicy,0,0,0.0236875,13.8629,3.50656,21,0.33515,0,0,0,0,1
E3-PPOLag-p003,41.0587,20,529,RLPolicy,0,0,0.0376622,12.336,3.50656,21,0.490754,0,0,0,0,1.0151
E3-PPOLag-p003,41.06,3,366,RLPolicy,0,0,0.0381508,13.2522,3.50656,21,0.664287,0,0,0,0,1.02051
E3-PPOLag-p003,41.0602,19,232,RLPolicy,0,0,0.0237663,12.0307,3.50656,21,0.58897,0,0,0,0,1
E3-PPOLag-p003,41.0878,233,29,RLPolicy,0,0,0.0236795,13.8629,3.50656,21,0.445851,0,0,0,0,1.00673
E3-PPOLag-p003,41.0879,231,578,RLPolicy,0,0,0.0232628,13.8629,3.50656,21,0.69263,0,0,0,0,0.985933
E3-PPOLag-p003,41.0884,374,295,RLPolicy,0,0,0.0236847,13.8629,3.50656,21,0.426271,0,0,0,0,1
E3-PPOLag-p003,41.0895,45,554,RLPolicy,0,0,0.023727,13.8629,3.50656,21,0.108902,0,0,0,0,1
E3-PPOLag-p003,41.0912,390,578,RLPolicy,0,0,0.0232433,13.8629,3.50656,21,0.563723,0,0,0,0,1
E3-PPOLag-p003,41.092,111,578,RLPolicy,0,0,0.0232628,13.8629,3.50656,21,0.605198,0,0,0,0,1
E3-PPOLag-p003,41.0923,302,186,RLPolicy,0,0,0.02368,13.8629,3.50656,21,0.57982,0,0,0,0,1
E3-PPOLag-p003,41.0973,260,499,RLPolicy,0,0,0.0236809,13.8629,3.50656,21,0.355954,0,0,0,0,1
E3-PPOLag-p003,41.0993,46,370,RLPolicy,0,0,0.0237129,13.5576,3.50656,21,0.450597,0,0,0,0,0.971866
E3-PPOLag-p003,41.1016,356,195,RLPolicy,0,0,0.0232505,13.8629,3.50656,21,0.766891,0,0,0,0,1
E3-PPOLag-p003,41.1041,168,578,RLPolicy,0,0,0.0232628,13.8629,3.50656,21,0.548333,0,0,0,0,0.985933
E3-PPOLag-p003,41.105,247,47,RLPolicy,0,0,0.0233441,13.8629,3.50656,21,0.542192,0,0,0,0,1
E3-PPOLag-p003,41.1115,416,195,RLPolicy,0,0,0.0232505,13.8629,3.50656,21,1.44404,0,0,0,0,1
E3-PPOLag-p003,41.1134,218,32,RLPolicy,0,0,0.0236788,13.8629,3.50656,21,1.441,0,0,0,0,1
E3-PPOLag-p003,41.1136,43,366,RLPolicy,0,0,0.0593896,12.6414,3.50656,21,0.781374,0,0,0,0,0.992161
E3-PPOLag-p003,41.1182,378,578,RLPolicy,0,0,0.0232628,13.8629,3.50656,21,0.599522,0,0,0,0,1
E3-PPOLag-p003,41.1206,227,207,RLPolicy,0,0,0.0236868,13.8629,3.50656,21,0.6501,0,0,0,0,1
E3-PPOLag-p003,41.1216,398,473,RLPolicy,0,0,0.0236787,13.8629,3.50656,21,0.471816,0,0,0,0,1
E3-PPOLag-p003,41.1229,414,17,RLPolicy,0,0,0.0236799,13.8629,3.50656,21,0.769699,0,0,0,0,1
E3-PPOLag-p003,41.129,303,512,RLPolicy,0,0,0.0237214,13.8629,3.50656,21,0.135069,0,0,0,0,1
E3-PPOLag-p003,41.1394,12,332,RLPolicy,0,0,0.0236796,13.8629,3.50656,21,0.733666,0,0,0,0,1.0314
E3-PPOLag-p003,41.1454,63,50,RLPolicy,1,0,0.0106942,5.2398,3.50656,10,0.244339,0,0,0,0,1.00867
E3-PPOLag-p003,41.1508,81,346,RLPolicy,0,0,0.0236813,13.8629,3.50656,21,0.402688,0,0,0,0,1
E3-PPOLag-p003,41.1611,393,478,RLPolicy,0,0,0.0236905,13.8629,3.50656,21,0.583504,0,0,0,0,1
E3-PPOLag-p003,41.1625,433,485,RLPolicy,0,0,0.0232459,13.8629,3.50656,21,1.00931,0,0,0,0,1
E3-PPOLag-p003,41.1626,25,366,RLPolicy,1,1,0.0317578,0.387766,3.50656,3,0.311313,0,0,0,0,1.00491
E3-PPOLag-p003,41.168,401,503,RLPolicy,0,0,0.0236811,13.8629,3.50656,21,0.331625,0,0,0,0,1
E3-PPOLag-p003,41.1706,216,514,RLPolicy,0,0,0.0233442,13.8629,3.50656,21,0.871143,0,0,0,0,0.989399
E3-PPOLag-p003,41.184,366,407,RLPolicy,0,0,0.0236785,13.8629,3.50656,21,0.9224,0,0,0,0,1
E3-PPOLag-p003,41.1985,235,578,RLPolicy,0,0,0.0232628,13.8629,3.50656,21,0.503369,0,0,0,0,1
E3-PPOLag-p003,41.1985,413,109,RLPolicy,0,0,0.0237204,13.8629,3.50656,21,0.371778,0,0,0,0,1
E3-PPOLag-p003,41.1995,103,560,RLPolicy,0,0,0.0236791,13.8629,3.50656,21,0.560529,0,0,0,0,1
E3-PPOLag-p003,41.2047,105,578,RLPolicy,0,0,0.0232434,13.8629,3.50656,21,0.550227,0,0,0,0,1
E3-PPOLag-p003,41.2053,76,578,RLPolicy,0,0,0.0232628,13.8629,3.50656,21,0.95697,0,0,0,0,1
E3-PPOLag-p003,41.2063,107,82,RLPolicy,0,0,0.0236789,13.8629,3.50656,21,0.583701,0,0,0,0,1
E3-PPOLag-p003,41.2078,230,264,RLPolicy,0,0,0.0237673,13.8629,3.50656,21,0.202723,0,0,0,0,1
E3-PPOLag-p003,41.2092,210,208,RLPolicy,0,0,0.0237007,13.8629,3.50656,21,0.282026,0,0,0,0,1
E3-PPOLag-p003,41.212,391,439,RLPolicy,0,0,0.023344,13.8629,3.50656,21,0.440883,0,0,0,0,1
E3-PPOLag-p003,41.2159,268,536,RLPolicy,0,0,0.0236781,13.8629,3.50656,21,0.504759,0,0,0,0,1.04832
E3-PPOLag-p003,41.2175,194,505,RLPolicy,0,0,0.0236809,13.8629,3.50656,21,0.605882,0,0,0,0,0.971866
E3-PPOLag-p003,41.2218,112,578,RLPolicy,0,0,0.0232628,13.8629,3.50656,21,0.592942,0,0,0,0,1
E3-PPOLag-p003,41.2259,54,219,RLPolicy,0,0,0.023721,13.8629,3.50656,21,0.274644,0,0,0,0,1.02752
E3-PPOLag-p003,41.2279,327,402,RLPolicy,0,0,0.0236794,13.8629,3.50656,21,0.319815,0,0,0,0,1
E3-PPOLag-p003,41.2313,139,439,RLPolicy,0,0,0.023344,13.8629,3.50656,21,0.850915,0,0,0,0,1
E3-PPOLag-p003,41.2315,38,94,RLPolicy,0,0,0.0237385,12.336,3.50656,21,0.912007,0,0,0,0,1.03243
E3-PPOLag-p003,41.2362,162,329,RLPolicy,0,0,0.023683,13.8629,3.50656,21,0.374275,0,0,0,0,1
E3-PPOLag-p003,41.237,66,542,RLPolicy,0,0,0.0232458,13.8629,3.50656,21,0.390357,0,0,0,0,1.03099
E3-PPOLag-p003,41.2392,373,452,RLPolicy,0,0,0.0237256,13.8629,3.50656,21,0.143119,0,0,0,0,1
E3-PPOLag-p003,41.242,50,446,RLPolicy,0,0,0.0628621,13.4034,3.50656,21,0.490173,0,0,0,0,1.02946
E3-PPOLag-p003,41.2423,52,343,RLPolicy,0,0,0.0236839,13.8629,3.50656,21,0.424704,0,0,0,0,1.01539
E3-PPOLag-p003,41.247,114,291,RLPolicy,0,0,0.0237124,13.8629,3.50656,21,0.254441,0,0,0,0,1
E3-PPOLag-p003,41.2636,39,42,RLPolicy,0,0,0.0237084,13.5576,3.50656,21,0.998727,0,0,0,0,1
E3-PPOLag-p003,41.2764,287,197,RLPolicy,0,0,0.0232703,13.8629,3.50656,21,0.619364,0,0,0,0,1
E3-PPOLag-p003,41.2786,120,264,RLPolicy,0,0,0.0237529,13.8629,3.50656,21,0.100967,0,0,0,0,1
E3-PPOLag-p003,41.2872,59,416,RLPolicy,0,0,0.023737,13.5576,3.50656,21,0.653083,0,0,0,0,1
E3-PPOLag-p003,41.2963,236,578,RLPolicy,0,0,0.0232628,13.8629,3.50656,21,0.609289,0,0,0,0,1
E3-PPOLag-p003,41.297,241,397,RLPolicy,0,0,0.0236868,13.8629,3.50656,21,0.338195,0,0,0,0,1.03099
E3-PPOLag-p003,41.3021,131,397,RLPolicy,0,0,0.0232459,13.8629,3.50656,21,0.638379,0,0,0,0,1
E3-PPOLag-p003,41.3116,49,230,RLPolicy,0,0,0.0237036,13.8629,3.50656,21,0.129644,0,0,0,0,1
E3-PPOLag-p003,41.3129,411,422,RLPolicy,0,0,0.121538,13.8629,3.50656,21,0.313998,0,0,0,0,1
E3-PPOLag-p003,41.3152,188,230,RLPolicy,0,0,0.0237008,13.8629,3.50656,21,0.11289,0,0,0,0,1.00673
E3-PPOLag-p003,41.3163,211,266,RLPolicy,0,0,0.0236793,13.8629,3.50656,21,0.511768,0,0,0,0,1.01712
E3-PPOLag-p003,41.317,68,422,RLPolicy,0,0,0.023729,13.8629,3.50656,21,0.209058,0,0,0,0,1.02752
E3-PPOLag-p003,41.3184,86,531,RLPolicy,0,0,0.0236993,13.8629,3.50656,21,0.49708,0,0,0,0,1
E3-PPOLag-p003,41.3216,383,301,RLPolicy,0,0,0.0237253,13.8629,3.50656,21,0.122473,0,0,0,0,1
E3-PPOLag-p003,41.3234,109,560,RLPolicy,0,0,0.0236828,13.8629,3.50656,21,0.447167,0,0,0,0,1
E3-PPOLag-p003,41.3245,339,338,RLPolicy,0,0,0.0232505,13.7088,3.50656,21,0.889238,0,0,0,0,1
E3-PPOLag-p003,41.3251,245,446,RLPolicy,0,0,0.0236782,13.8629,3.50656,21,0.458384,0,0,0,0,1
E3-PPOLag-p003,41.3269,377,325,RLPolicy,0,0,0.0232619,13.8629,3.50656,21,0.646539,0,0,0,0,1
E3-PPOLag-p003,41.3286,319,361,RLPolicy,1,0,0.0154288,8.31777,3.50656,14,0.190653,0,0,0,0,1.02406
E3-PPOLag-p003,41.3288,427,458,RLPolicy,0,0,0.0236788,13.8629,3.50656,21,0.87964,0,0,0,0,1
E3-PPOLag-p003,41.33,400,559,RLPolicy,0,0,0.0236862,13.8629,3.50656,21,0.23761,0,0,0,0,1
E3-PPOLag-p003,41.3304,273,325,RLPolicy,0,0,0.0233252,13.8629,3.50656,21,0.637726,0,0,0,0,1
E3-PPOLag-p003,41.3306,272,543,RLPolicy,0,0,0.0233435,13.8629,3.50656,21,0.416049,0,0,0,0,1
E3-PPOLag-p003,41.3317,343,430,RLPolicy,0,0,0.0236876,13.8629,3.50656,21,0.553982,0,0,0,0,1
E3-PPOLag-p003,41.3465,380,559,RLPolicy,0,0,0.0236811,13.8629,3.50656,21,0.381169,0,0,0,0,1
E3-PPOLag-p003,41.3471,1,48,RLPolicy,1,0,0.0225881,11.5605,3.50656,20,0.417663,0,0,0,0,1.04027
E3-PPOLag-p003,41.357,156,372,RLPolicy,0,0,0.0232619,13.8629,3.50656,21,0.960544,0,0,0,0,1
E3-PPOLag-p003,41.3654,7,572,RLPolicy,1,0,0.0260098,5.0168,3.50656,11,0.733971,0,0,0,0,1.00665
E3-PPOLag-p003,41.3667,306,531,RLPolicy,0,0,0.0236921,13.8629,3.50656,21,0.477521,0,0,0,0,1
E3-PPOLag-p003,41.3673,318,277,RLPolicy,0,0,0.083767,0.693147,3.50656,2,0.006805,0,0,0,0,1
E3-PPOLag-p003,41.3705,388,483,RLPolicy,1,1,0.00238513,0.693147,3.50656,3,0.049447,0,0,0,0,0.985933
E3-PPOLag-p003,41.3827,425,543,RLPolicy,0,0,0.0233435,13.8629,3.50656,21,0.688266,0,0,0,0,1
E3-PPOLag-p003,41.388,358,53,RLPolicy,0,0,0.0236258,13.8629,3.50656,21,0.937827,0,0,0,0,1
E3-PPOLag-p003,41.3911,8,317,RLPolicy,0,0,0.0538364,13.2522,3.50656,21,0.674675,0,0,0,0,1
E3-PPOLag-p003,41.3919,201,339,RLPolicy,0,0,0.023679,13.8629,3.50656,21,0.936376,0,0,0,0,1
E3-PPOLag-p003,41.3944,372,325,RLPolicy,0,0,0.0232619,13.8629,3.50656,21,1.51488,0,0,0,0,1
E3-PPOLag-p003,41.416,17,150,RLPolicy,0,0,0.0236264,13.2522,3.50656,21,0.45842,0,0,0,0,0.984406
E3-PPOLag-p003,41.4173,261,465,RLPolicy,0,0,0.0236806,13.8629,3.50656,21,0.359767,0,0,0,0,1
E3-PPOLag-p003,41.4243,177,571,RLPolicy,0,0,0.023678,13.8629,3.50656,21,0.46464,0,0,0,0,1
E3-PPOLag-p003,41.4255,67,393,RLPolicy,1,0,0.012643,6.93147,3.50656,12,0.433317,0,0,0,0,0.98899
E3-PPOLag-p003,41.4324,435,109,RLPolicy,0,0,0.0237146,13.8629,3.50656,21,0.310415,0,0,0,0,1
E3-PPOLag-p003,41.4422,334,407,RLPolicy,0,0,0.0236784,13.8629,3.50656,21,0.75767,0,0,0,0,1
E3-PPOLag-p003,41.4436,323,43,RLPolicy,0,0,0.0236877,13.8629,3.50656,21,0.470826,0,0,0,0,1
E3-PPOLag-p003,41.4461,264,125,RLPolicy,0,0,0.023696,13.8629,3.50656,21,0.335029,0,0,0,0,1
E3-PPOLag-p003,41.4553,94,381,RLPolicy,0,0,0.023679,13.8629,3.50656,21,0.995779,0,0,0,0,1
E3-PPOLag-p003,41.4573,74,266,RLPolicy,0,0,0.0236824,13.8629,3.50656,21,0.568859,0,0,0,0,1
E3-PPOLag-p003,41.4588,234,266,RLPolicy,0,0,0.0236786,13.8629,3.50656,21,0.396184,0,0,0,0,1
E3-PPOLag-p003,41.4592,409,483,RLPolicy,0,0,0.0237278,13.8629,3.50656,21,0.136115,0,0,0,0,1
E3-PPOLag-p003,41.4602,65,207,RLPolicy,1,0,0.0201861,11.0904,3.50656,18,0.168938,0,0,0,0,1.05158
E3-PPOLag-p003,41.4637,344,363,RLPolicy,1,0,0.0119114,6.23832,3.50656,11,0.214936,0,0,0,0,1.05851
E3-PPOLag-p003,41.4684,61,543,RLPolicy,0,0,0.0233435,13.8629,3.50656,21,0.574686,0,0,0,0,1
E3-PPOLag-p003,41.4711,432,408,RLPolicy,0,0,0.0236861,13.8629,3.50656,21,0.774828,0,0,0,0,1
E3-PPOLag-p003,41.474,160,524,RLPolicy,1,0,0.0107082,5.54518,3.50656,10,0.128505,0,0,0,0,1.01019
E3-PPOLag-p003,41.4817,48,147,RLPolicy,0,0,0.0236788,13.8629,3.50656,21,0.605446,0,0,0,0,1.00326
E3-PPOLag-p003,41.499,99,213,RLPolicy,0,0,0.0233435,13.8629,3.50656,21,0.687176,0,0,0,0,1
E3-PPOLag-p003,41.5034,55,485,RLPolicy,0,0,0.0232458,13.8629,3.50656,21,0.392392,0,0,0,0,0.99633
E3-PPOLag-p003,41.5098,426,443,RLPolicy,0,0,0.0237666,13.8629,3.50656,21,0.528121,0,0,0,0,1
E3-PPOLag-p003,41.5114,335,296,RLPolicy,1,0,0.0201673,11.0904,3.50656,18,0.393819,0,0,0,0,1.03792
E3-PPOLag-p003,41.5143,93,174,RLPolicy,0,0,0.0236256,13.8629,3.50656,21,0.782923,0,0,0,0,1
E3-PPOLag-p003,41.5147,53,174,RLPolicy,0,0,0.0236256,13.8629,3.50656,21,0.443439,0,0,0,0,1.03078
E3-PPOLag-p003,41.5196,113,424,RLPolicy,0,0,0.023681,13.8629,3.50656,21,0.492897,0,0,0,0,1.00326
E3-PPOLag-p003,41.5226,44,370,RLPolicy,0,0,0.0561257,13.2522,3.50656,21,1.21837,0,0,0,0,1
E3-PPOLag-p003,41.5234,179,325,RLPolicy,0,0,0.0233252,13.8629,3.50656,21,0.628851,0,0,0,0,1.01366
E3-PPOLag-p003,41.5245,165,213,RLPolicy,0,0,0.0233435,13.8629,3.50656,21,1.27989,0,0,0,0,0.985933
E3-PPOLag-p003,41.5286,200,580,RLPolicy,0,0,0.0236803,13.8629,3.50656,21,0.365842,0,0,0,0,1.01366
E3-PPOLag-p003,41.5304,0,396,RLPolicy,0,0,0.0516224,13.2522,3.50656,21,0.455034,0,0,0,0,1.00867
E3-PPOLag-p003,41.5349,124,213,RLPolicy,0,0,0.0233435,13.8629,3.50656,21,0.450201,0,0,0,0,1
E3-PPOLag-p003,41.5379,167,325,RLPolicy,0,0,0.0232619,13.8629,3.50656,21,0.645131,0,0,0,0,1
E3-PPOLag-p003,41.547,91,325,RLPolicy,0,0,0.0232619,13.8629,3.50656,21,0.946465,0,0,0,0,1.01345
E3-PPOLag-p003,41.5475,271,325,RLPolicy,0,0,0.0232619,13.8629,3.50656,21,0.56997,0,0,0,0,0.985933
E3-PPOLag-p003,41.5478,150,543,RLPolicy,0,0,0.0233435,13.8629,3.50656,21,0.78688,0,0,0,0,0.985933
E3-PPOLag-p003,41.5524,153,325,RLPolicy,0,0,0.0236802,13.8629,3.50656,21,0.676177,0,0,0,0,1
E3-PPOLag-p003,41.5606,115,156,RLPolicy,0,0,0.0236786,13.8629,3.50656,21,0.617201,0,0,0,0,1
E3-PPOLag-p003,41.5617,252,263,RLPolicy,0,0,0.0236783,13.8629,3.50656,21,0.679391,0,0,0,0,1
E3-PPOLag-p003,41.5672,232,446,RLPolicy,0,0,0.0236794,13.8629,3.50656,21,0.626509,0,0,0,0,0.985933
E3-PPOLag-p003,41.5775,118,325,RLPolicy,0,0,0.0232619,13.8629,3.50656,21,0.615395,0,0,0,0,1
E3-PPOLag-p003,41.5809,257,487,RLPolicy,0,0,0.0232459,13.8629,3.50656,21,0.665038,0,0,0,0,1
E3-PPOLag-p003,41.5875,127,268,RLPolicy,0,0,0.0236786,13.8629,3.50656,21,0.968946,0,0,0,0,0.985933
E3-PPOLag-p003,41.5963,221,296,RLPolicy,0,0,0.0236787,13.8629,3.50656,21,1.22213,0,0,0,0,0.985933
E3-PPOLag-p003,41.6,403,260,RLPolicy,0,0,0.0236782,13.8629,3.50656,21,0.466535,0,0,0,0,1
E3-PPOLag-p003,41.6012,142,543,RLPolicy,0,0,0.0233436,13.8629,3.50656,21,0.722054,0,0,0,0,1
E3-PPOLag-p003,41.6071,326,2,RLPolicy,0,0,0.0233435,13.8629,3.50656,21,0.435787,0,0,0,0,1
E3-PPOLag-p003,41.611,277,318,RLPolicy,0,0,0.082965,0.693147,3.50656,2,0.00742,0,0,0,0,1
E3-PPOLag-p003,41.6149,145,439,RLPolicy,0,0,0.0236781,13.8629,3.50656,21,0.723801,0,0,0,0,1
E3-PPOLag-p003,41.628,424,39,RLPolicy,0,0,0.0236779,13.8629,3.50656,21,0.706487,0,0,0,0,1
E3-PPOLag-p003,41.6284,246,292,RLPolicy,0,0,0.0236254,13.8629,3.50656,21,0.447908,0,0,0,0,1
E3-PPOLag-p003,41.6501,325,372,RLPolicy,0,0,0.023262,13.7088,3.50656,21,0.654812,0,0,0,0,1
E3-PPOLag-p003,41.6516,89,91,RLPolicy,0,0,0.0232696,13.5546,3.50656,21,0.653644,0,0,0,0,1
E3-PPOLag-p003,41.6576,381,156,RLPolicy,0,0,0.0236786,13.8629,3.50656,21,0.575423,0,0,0,0,1
E3-PPOLag-p003,41.6657,285,234,RLPolicy,0,0,0.0236827,13.8629,3.50656,21,0.508707,0,0,0,0,1
E3-PPOLag-p003,41.6706,376,2,RLPolicy,0,0,0.0233435,13.8629,3.50656,21,0.661426,0,0,0,0,1
E3-PPOLag-p003,41.6756,346,440,RLPolicy,0,0,0.0237003,13.8629,3.50656,21,0.296028,0,0,0,0,1
E3-PPOLag-p003,41.6757,83,325,RLPolicy,0,0,0.0232425,13.8629,3.50656,21,0.688048,0,0,0,0,0.985933
E3-PPOLag-p003,41.6803,60,542,RLPolicy,0,0,0.0232458,13.8629,3.50656,21,0.37892,0,0,0,0,0.992864
E3-PPOLag-p003,41.682,437,433,RLPolicy,0,0,0.02368,13.8629,3.50656,21,0.53314,0,0,0,0,1
E3-PPOLag-p003,41.6825,295,542,RLPolicy,0,0,0.0232458,13.8629,3.50656,21,0.603853,0,0,0,0,1
E3-PPOLag-p003,41.6846,102,377,RLPolicy,0,0,0.023679,13.8629,3.50656,21,0.516941,0,0,0,0,1.03792
E3-PPOLag-p003,41.6866,253,211,RLPolicy,0,0,0.0236802,13.8629,3.50656,21,0.769051,0,0,0,0,1
E3-PPOLag-p003,41.6869,35,58,RLPolicy,0,0,0.0600322,12.336,3.50656,21,0.849476,0,0,0,0,1.05731
E3-PPOLag-p003,41.6923,195,104,RLPolicy,0,0,0.0236789,13.8629,3.50656,21,0.477098,0,0,0,0,0.999796
E3-PPOLag-p003,41.6944,96,261,RLPolicy,0,0,0.0236782,13.8629,3.50656,21,0.570567,0,0,0,0,1
E3-PPOLag-p003,41.7,300,450,RLPolicy,0,0,0.0236809,13.8629,3.50656,21,0.512901,0,0,0,0,1
E3-PPOLag-p003,41.7018,11,146,RLPolicy,0,0,0.0142405,8.01238,3.50656,13,0.212633,0,0,0,0,1.02447
E3-PPOLag-p003,41.713,348,2,RLPolicy,0,0,0.0233435,13.8629,3.50656,21,0.510098,0,0,0,0,1
E3-PPOLag-p003,41.7179,126,356,RLPolicy,0,0,0.0236781,13.8629,3.50656,21,0.45951,0,0,0,0,1
E3-PPOLag-p003,41.7258,439,2,RLPolicy,0,0,0.0233435,13.8629,3.50656,21,0.935388,0,0,0,0,1
E3-PPOLag-p003,41.7272,128,111,RLPolicy,0,0,0.023678,13.8629,3.50656,21,0.669114,0,0,0,0,1
E3-PPOLag-p003,41.7287,349,546,RLPolicy,0,0,0.0236786,13.8629,3.50656,21,0.642344,0,0,0,0,1
E3-PPOLag-p003,41.7314,355,450,RLPolicy,0,0,0.0236862,13.8629,3.50656,21,0.521186,0,0,0,0,1
E3-PPOLag-p003,41.7328,291,325,RLPolicy,0,0,0.0232619,13.8629,3.50656,21,0.764679,0,0,0,0,1
E3-PPOLag-p003,41.7331,108,486,RLPolicy,0,0,0.0233618,13.8629,3.50656,21,0.500374,0,0,0,0,1
E3-PPOLag-p003,41.7341,290,203,RLPolicy,0,0,0.0236783,13.8629,3.50656,21,0.593513,0,0,0,0,1
E3-PPOLag-p003,41.7374,431,225,RLPolicy,0,0,0.0237529,13.8629,3.50656,21,0.432517,0,0,0,0,1
E3-PPOLag-p003,41.7398,27,211,RLPolicy,0,0,0.02368,13.8629,3.50656,21,0.457592,0,0,0,0,1
E3-PPOLag-p003,41.7478,152,453,RLPolicy,0,0,0.0232688,13.8629,3.50656,21,0.365971,0,0,0,0,1.02406
E3-PPOLag-p003,41.7486,387,371,RLPolicy,0,0,0.0236825,13.8629,3.50656,21,0.169696,0,0,0,0,1
E3-PPOLag-p003,41.7501,106,69,RLPolicy,0,0,0.023678,13.8629,3.50656,21,0.370569,0,0,0,0,1
E3-PPOLag-p003,41.7595,262,311,RLPolicy,0,0,0.0236842,13.8629,3.50656,21,0.604684,0,0,0,0,1
E3-PPOLag-p003,41.7605,136,73,RLPolicy,0,0,0.0236784,13.8629,3.50656,21,1.05648,0,0,0,0,1.00326
E3-PPOLag-p003,41.7683,73,325,RLPolicy,0,0,0.0569,13.7088,3.50656,21,0.904868,0,0,0,0,1
E3-PPOLag-p003,41.7693,82,294,RLPolicy,0,0,0.0236783,13.8629,3.50656,21,0.659489,0,0,0,0,1
E3-PPOLag-p003,41.7745,123,560,RLPolicy,0,0,0.0236952,13.8629,3.50656,21,0.3794,0,0,0,0,1
E3-PPOLag-p003,41.7754,320,413,RLPolicy,0,0,0.0237258,13.8629,3.50656,21,0.132151,0,0,0,0,1
E3-PPOLag-p003,41.7825,399,95,RLPolicy,0,0,0.023679,13.8629,3.50656,21,0.35016,0,0,0,0,1
E3-PPOLag-p003,41.7854,189,325,RLPolicy,0,0,0.0232619,13.8629,3.50656,21,0.573818,0,0,0,0,1.01366
E3-PPOLag-p003,41.7959,286,381,RLPolicy,1,1,0.00238781,0.693147,3.50656,3,0.174611,0,0,0,0,0.985933
E3-PPOLag-p003,41.7964,175,77,RLPolicy,0,0,0.0237378,13.8629,3.50656,21,0.360335,0,0,0,0,1
E3-PPOLag-p003,41.798,441,395,RLPolicy,1,0,0.0154223,8.31777,3.50656,14,0.437456,0,0,0,0,1.02406
E3-PPOLag-p003,41.8061,443,484,RLPolicy,0,0,0.123245,0.693147,3.50656,2,0.017326,0,0,0,0,1
E3-PPOLag-p003,41.8102,434,485,RLPolicy,0,0,0.0232458,13.8629,3.50656,21,0.782264,0,0,0,0,1
E3-PPOLag-p003,41.8148,276,325,RLPolicy,0,0,0.0232619,13.8629,3.50656,21,0.609814,0,0,0,0,1
E3-PPOLag-p003,41.8151,404,158,RLPolicy,0,0,0.0233437,13.8629,3.50656,21,0.379829,0,0,0,0,1
E3-PPOLag-p003,41.819,129,181,RLPolicy,0,0,0.0236858,13.8629,3.50656,21,0.21004,0,0,0,0,1
E3-PPOLag-p003,41.8206,98,397,RLPolicy,0,0,0.0232458,13.8629,3.50656,21,0.740864,0,0,0,0,0.999592
E3-PPOLag-p003,41.8236,5,53,RLPolicy,0,0,0.0529603,13.2522,3.50656,21,0.475718,0,0,0,0,1.00714
E3-PPOLag-p003,41.83,329,140,RLPolicy,0,0,0.0236787,13.8629,3.50656,21,0.349995,0,0,0,0,1
E3-PPOLag-p003,41.8317,215,1,RLPolicy,0,0,0.023768,13.8629,3.50656,21,0.239415,0,0,0,0,1
E3-PPOLag-p003,41.8346,92,453,RLPolicy,0,0,0.023269,13.8629,3.50656,21,0.564189,0,0,0,0,1
E3-PPOLag-p003,41.8421,444,434,RLPolicy,0,0,0.0236783,13.8629,3.50656,21,0.733951,0,0,0,0,1
E3-PPOLag-p003,41.846,417,161,RLPolicy,0,0,0.0236813,13.8629,3.50656,21,0.57174,0,0,0,0,1
E3-PPOLag-p003,41.8562,22,19,RLPolicy,0,0,0.0237781,12.336,3.50656,21,0.482179,0,0,0,0,1
E3-PPOLag-p003,41.8623,263,292,RLPolicy,0,0,0.0236254,13.8629,3.50656,21,0.468274,0,0,0,0,1
E3-PPOLag-p003,41.8632,34,88,RLPolicy,0,0,0.0233509,12.0307,3.50656,21,0.975877,0,0,0,0,0.988284
E3-PPOLag-p003,41.8664,367,358,RLPolicy,0,0,0.0236253,13.8629,3.50656,21,0.687192,0,0,0,0,1
E3-PPOLag-p003,41.8706,332,107,RLPolicy,0,0,0.0236836,13.8629,3.50656,21,0.537434,0,0,0,0,0.985933
E3-PPOLag-p003,41.8741,396,108,RLPolicy,0,0,0.0236481,13.7088,3.50656,21,0.425079,0,0,0,0,1
E3-PPOLag-p003,41.878,347,107,RLPolicy,0,0,0.023683,13.8629,3.50656,21,0.583782,0,0,0,0,1
E3-PPOLag-p003,41.8791,58,390,RLPolicy,0,0,0.0658538,13.5576,3.50656,21,0.685734,0,0,0,0,0.984406
E3-PPOLag-p003,41.8867,289,264,RLPolicy,0,0,0.0237688,13.8629,3.50656,21,0.204282,0,0,0,0,1
E3-PPOLag-p003,41.8889,172,325,RLPolicy,0,0,0.0232619,13.8629,3.50656,21,1.13607,0,0,0,0,1
E3-PPOLag-p003,41.8897,359,325,RLPolicy,0,0,0.0232425,13.8629,3.50656,21,0.794834,0,0,0,0,1
E3-PPOLag-p003,41.8942,181,556,RLPolicy,0,0,0.0236905,13.8629,3.50656,21,0.181164,0,0,0,0,1
E3-PPOLag-p003,41.9123,312,486,RLPolicy,0,0,0.0236787,13.8629,3.50656,21,0.803476,0,0,0,0,1
E3-PPOLag-p003,41.9147,405,22,RLPolicy,0,0,0.0236782,13.8629,3.50656,21,0.36057,0,0,0,0,1
E3-PPOLag-p003,41.9225,197,110,RLPolicy,0,0,0.0236841,13.8629,3.50656,21,0.236643,0,0,0,0,1
E3-PPOLag-p003,41.9262,226,495,RLPolicy,0,0,0.0232711,13.8629,3.50656,21,0.289349,0,0,0,0,0.985933
E3-PPOLag-p003,41.939,151,325,RLPolicy,0,0,0.0232424,13.7088,3.50656,21,0.922746,0,0,0,0,1
E3-PPOLag-p003,41.9394,170,472,RLPolicy,0,0,0.0236816,13.8629,3.50656,21,0.522642,0,0,0,0,1.02059
E3-PPOLag-p003,41.958,430,384,RLPolicy,0,0,0.0236797,13.8629,3.50656,21,1.26888,0,0,0,0,1
E3-PPOLag-p003,41.9586,154,77,RLPolicy,0,0,0.0237025,13.8629,3.50656,21,0.517254,0,0,0,0,1
E3-PPOLag-p003,41.9702,173,397,RLPolicy,0,0,0.0232458,13.8629,3.50656,21,0.620212,0,0,0,0,1
E3-PPOLag-p003,41.9719,41,64,RLPolicy,0,0,0.0237715,12.336,3.50656,21,1.01198,0,0,0,0,0.980445
E3-PPOLag-p003,41.9768,423,21,RLPolicy,0,0,0.0236846,13.8629,3.50656,21,0.743047,0,0,0,0,1
E3-PPOLag-p003,41.9815,69,546,RLPolicy,0,0,0.0236786,13.8629,3.50656,21,0.550309,0,0,0,0,1
E3-PPOLag-p003,41.9821,42,495,RLPolicy,0,0,0.0232711,13.8629,3.50656,21,0.218513,0,0,0,0,1
E3-PPOLag-p003,41.9851,244,543,RLPolicy,0,0,0.0233435,13.8629,3.50656,21,0.502181,0,0,0,0,1
E3-PPOLag-p003,41.9897,242,276,RLPolicy,0,0,0.023679,13.8629,3.50656,21,0.662118,0,0,0,0,1
E3-PPOLag-p003,41.9922,163,213,RLPolicy,0,0,0.0233436,13.8629,3.50656,21,0.483249,0,0,0,0,1
E3-PPOLag-p003,41.9987,364,225,RLPolicy,0,0,0.0237562,13.8629,3.50656,21,0.52254,0,0,0,0,1
E3-PPOLag-p003,42.0119,30,153,RLPolicy,0,0,0.0237537,12.0307,3.50656,21,0.443616,0,0,0,0,1.0307
E3-PPOLag-p003,42.0153,143,219,RLPolicy,0,0,0.023723,13.8629,3.50656,21,0.823737,0,0,0,0,1
E3-PPOLag-p003,42.0153,21,408,RLPolicy,0,0,0.0561988,12.6414,3.50656,21,0.425218,0,0,0,0,1
E3-PPOLag-p003,42.0171,24,541,RLPolicy,0,0,0.0314023,12.0307,3.50656,21,0.463103,0,0,0,0,1.03569
E3-PPOLag-p003,42.0188,135,41,RLPolicy,0,0,0.0236785,13.8629,3.50656,21,0.59871,0,0,0,0,1
E3-PPOLag-p003,42.0191,10,446,RLPolicy,0,0,0.054537,12.6414,3.50656,21,0.506067,0,0,0,0,1
E3-PPOLag-p003,42.0209,174,292,RLPolicy,0,0,0.0236254,13.8629,3.50656,21,0.635498,0,0,0,0,1
E3-PPOLag-p003,42.0224,386,543,RLPolicy,0,0,0.0233435,13.8629,3.50656,21,0.680536,0,0,0,0,0.985933
E3-PPOLag-p003,42.0273,2,193,RLPolicy,1,1,0.00203819,0.693147,3.50656,3,0.221012,0,0,0,0,0.985933
E3-PPOLag-p003,42.0298,283,292,RLPolicy,0,0,0.0236254,13.8629,3.50656,21,0.520534,0,0,0,0,1
E3-PPOLag-p003,42.0348,4,31,RLPolicy,0,0,0.0229553,12.9468,3.50656,21,0.250854,0,0,0,0,1
E3-PPOLag-p003,42.035,338,282,RLPolicy,0,0,0.0232504,13.8629,3.50656,21,0.531294,0,0,0,0,1
E3-PPOLag-p003,42.0396,29,93,RLPolicy,0,0,0.0557365,12.6414,3.50656,21,0.414637,0,0,0,0,1
E3-PPOLag-p003,42.0517,298,543,RLPolicy,0,0,0.0232454,13.8629,3.50656,21,0.850484,0,0,0,0,1
E3-PPOLag-p003,42.0519,64,282,RLPolicy,0,0,0.0232504,13.7088,3.50656,21,0.557042,0,0,0,0,0.970324
E3-PPOLag-p003,42.0754,223,213,RLPolicy,0,0,0.0232454,13.8629,3.50656,21,0.649934,0,0,0,0,0.985933
E3-PPOLag-p003,42.0795,187,485,RLPolicy,0,0,0.023678,13.8629,3.50656,21,0.488379,0,0,0,0,1
E3-PPOLag-p003,42.0804,132,261,RLPolicy,0,0,0.0236961,13.8629,3.50656,21,0.232964,0,0,0,0,1
E3-PPOLag-p003,42.0874,368,358,RLPolicy,0,0,0.0236253,13.8629,3.50656,21,0.650879,0,0,0,0,1
E3-PPOLag-p003,42.0883,176,495,RLPolicy,0,0,0.0232713,13.8629,3.50656,21,0.16195,0,0,0,0,1.03792
E3-PPOLag-p003,42.0942,183,450,RLPolicy,0,0,0.0233617,13.8629,3.50656,21,0.52713,0,0,0,0,1
E3-PPOLag-p003,42.0966,407,372,RLPolicy,0,0,0.0232619,13.8629,3.50656,21,0.544814,0,0,0,0,1
E3-PPOLag-p003,42.0976,157,142,RLPolicy,0,0,0.0236896,13.8629,3.50656,21,0.519322,0,0,0,0,1.04138
E3-PPOLag-p003,42.0992,340,543,RLPolicy,0,0,0.0232454,13.8629,3.50656,21,0.577592,0,0,0,0,1.02752
E3-PPOLag-p003,42.1025,75,153,RLPolicy,0,0,0.0236783,13.8629,3.50656,21,0.405133,0,0,0,0,1
E3-PPOLag-p003,42.1032,440,256,RLPolicy,0,0,0.0225063,13.1698,3.50656,20,0.321818,0,0,0,0,1
E3-PPOLag-p003,42.1168,382,397,RLPolicy,0,0,0.0232457,13.8629,3.50656,21,0.747276,0,0,0,0,1
E3-PPOLag-p003,42.1201,182,174,RLPolicy,0,0,0.0236782,13.8629,3.50656,21,0.477344,0,0,0,0,1
E3-PPOLag-p003,42.1207,57,440,RLPolicy,0,0,0.0236909,13.8629,3.50656,21,0.149967,0,0,0,0,1
E3-PPOLag-p003,42.1281,161,293,RLPolicy,0,0,0.023678,13.8629,3.50656,21,0.617737,0,0,0,0,1
E3-PPOLag-p003,42.1301,228,280,RLPolicy,0,0,0.0548591,0.693147,3.50656,2,0.024902,0,0,0,0,1
E3-PPOLag-p003,42.1516,269,419,RLPolicy,0,0,0.0236828,13.8629,3.50656,21,0.420123,0,0,0,0,1
E3-PPOLag-p003,42.1634,208,134,RLPolicy,0,0,0.0236816,13.8629,3.50656,21,0.206331,0,0,0,0,1.04832
E3-PPOLag-p003,42.1657,379,275,RLPolicy,0,0,0.0232619,13.8629,3.50656,21,1.01038,0,0,0,0,1
E3-PPOLag-p003,42.1691,331,358,RLPolicy,0,0,0.0236253,13.8629,3.50656,21,0.499566,0,0,0,0,0.992864
E3-PPOLag-p003,42.1764,259,213,RLPolicy,0,0,0.0232455,13.8629,3.50656,21,0.515065,0,0,0,0,1
E3-PPOLag-p003,42.1793,110,440,RLPolicy,0,0,0.0237002,13.8629,3.50656,21,0.333583,0,0,0,0,1
E3-PPOLag-p003,42.1811,322,117,RLPolicy,0,0,0.0236903,13.8629,3.50656,21,0.207384,0,0,0,0,1.04485
E3-PPOLag-p003,42.1834,31,5,RLPolicy,0,0,0.0598009,13.2522,3.50656,21,0.626336,0,0,0,0,0.988284
E3-PPOLag-p003,42.1929,267,358,RLPolicy,0,0,0.100432,13.7088,3.50656,21,0.651391,0,0,0,0,1
E3-PPOLag-p003,42.1997,137,501,RLPolicy,0,0,0.0236799,13.8629,3.50656,21,0.247915,0,0,0,0,1
E3-PPOLag-p003,42.2007,192,146,RLPolicy,0,0,0.0178079,10.3972,3.50656,16,0.113285,0,0,0,0,1
E3-PPOLag-p003,42.2109,33,267,RLPolicy,0,0,0.0625035,13.2522,3.50656,21,0.680109,0,0,0,0,1.00867
E3-PPOLag-p003,42.2193,180,261,RLPolicy,0,0,0.0236863,13.8629,3.50656,21,0.290357,0,0,0,0,1
E3-PPOLag-p003,42.2264,352,275,RLPolicy,0,0,0.0233251,13.8629,3.50656,21,0.826638,0,0,0,0,1.00326
E3-PPOLag-p003,42.233,225,543,RLPolicy,0,0,0.0232454,13.8629,3.50656,21,0.712311,0,0,0,0,1
E3-PPOLag-p003,42.2357,71,411,RLPolicy,0,0,0.0237214,13.8629,3.50656,21,0.146983,0,0,0,0,1
E3-PPOLag-p003,42.2413,190,275,RLPolicy,0,0,0.0232619,13.8629,3.50656,21,0.605476,0,0,0,0,1
E3-PPOLag-p003,42.2418,70,293,RLPolicy,0,0,0.0236779,13.8629,3.50656,21,0.365021,0,0,0,0,1
E3-PPOLag-p003,42.2538,125,343,RLPolicy,0,0,0.023678,13.8629,3.50656,21,0.479729,0,0,0,0,1
E3-PPOLag-p003,42.2636,84,549,RLPolicy,0,0,0.0236834,13.8629,3.50656,21,1.18201,0,0,0,0,1
E3-PPOLag-p003,42.2672,209,398,RLPolicy,0,0,0.0686497,13.8629,3.50656,21,0.211798,0,0,0,0,1
E3-PPOLag-p003,42.2693,214,213,RLPolicy,0,0,0.0232455,13.8629,3.50656,21,0.495634,0,0,0,0,0.989399
E3-PPOLag-p003,42.2713,446,52,RLPolicy,0,0,0.0236866,13.8629,3.50656,21,1.14441,0,0,0,0,1
E3-PPOLag-p003,42.2805,345,397,RLPolicy,0,0,0.0232457,13.8629,3.50656,21,0.432251,0,0,0,0,1
E3-PPOLag-p003,42.2966,394,571,RLPolicy,0,0,0.023678,13.8629,3.50656,21,0.419596,0,0,0,0,1
E3-PPOLag-p003,42.2993,265,450,RLPolicy,0,0,0.0233617,13.8629,3.50656,21,0.40875,0,0,0,0,1
E3-PPOLag-p003,42.302,87,549,RLPolicy,0,0,0.0236864,13.8629,3.50656,21,1.06016,0,0,0,0,1.03792
E3-PPOLag-p003,42.3049,363,264,RLPolicy,0,0,0.0237727,13.8629,3.50656,21,0.154618,0,0,0,0,1
E3-PPOLag-p003,42.3166,104,84,RLPolicy,1,1,0.00239952,0.693147,3.50656,3,0.33112,0,0,0,0,0.985933
E3-PPOLag-p003,42.3168,395,407,RLPolicy,0,0,0.023262,13.8629,3.50656,21,0.738278,0,0,0,0,1
E3-PPOLag-p003,42.3199,308,13,RLPolicy,1,0,0.0177998,9.70406,3.50656,16,0.260602,0,0,0,0,1.03099
E3-PPOLag-p003,42.3238,222,378,RLPolicy,0,0,0.023262,13.8629,3.50656,21,0.663327,0,0,0,0,1.03425
E3-PPOLag-p003,42.3245,23,542,RLPolicy,0,0,0.0491403,12.9468,3.50656,21,0.537593,0,0,0,0,1.00429
E3-PPOLag-p003,42.3266,337,417,RLPolicy,1,0,0.0237276,13.1698,3.50656,21,0.222818,0,0,0,0,1.04832
E3-PPOLag-p003,42.3289,77,343,RLPolicy,0,0,0.023678,13.8629,3.50656,21,0.399859,0,0,0,0,1
E3-PPOLag-p003,42.3331,415,378,RLPolicy,0,0,0.023262,13.8629,3.50656,21,0.597491,0,0,0,0,1
E3-PPOLag-p003,42.335,258,69,RLPolicy,0,0,0.023678,13.8629,3.50656,21,0.381633,0,0,0,0,1
E3-PPOLag-p003,42.3412,79,213,RLPolicy,0,0,0.0232455,13.7088,3.50656,21,0.554611,0,0,0,0,1.06891
E3-PPOLag-p003,42.3419,32,294,RLPolicy,0,0,0.0237583,12.336,3.50656,21,0.702818,0,0,0,0,1
E3-PPOLag-p003,42.3441,37,260,RLPolicy,0,0,0.0237409,13.5576,3.50656,21,0.26135,0,0,0,0,1
E3-PPOLag-p003,42.3464,447,384,RLPolicy,0,0,0.0236787,13.8629,3.50656,21,0.676226,0,0,0,0,1
E3-PPOLag-p003,42.3535,206,77,RLPolicy,0,0,0.0237045,13.8629,3.50656,21,0.353849,0,0,0,0,1
E3-PPOLag-p003,42.3673,288,450,RLPolicy,0,0,0.0233617,13.8629,3.50656,21,0.493937,0,0,0,0,1.01366
E3-PPOLag-p003,42.3833,445,22,RLPolicy,0,0,0.0236785,13.8629,3.50656,21,1.0719,0,0,0,0,1
E3-PPOLag-p003,42.4052,204,111,RLPolicy,0,0,0.0236794,13.8629,3.50656,21,0.578733,0,0,0,0,1
E3-PPOLag-p003,42.4106,249,197,RLPolicy,0,0,0.0232737,13.7088,3.50656,21,0.343118,0,0,0,0,1
E3-PPOLag-p003,42.416,256,440,RLPolicy,0,0,0.0236845,13.8629,3.50656,21,0.379372,0,0,0,0,1
E3-PPOLag-p003,42.4185,237,487,RLPolicy,1,1,0.00358477,1.38629,3.50656,4,0.294757,0,0,0,0,0.989399
E3-PPOLag-p003,42.4188,169,549,RLPolicy,0,0,0.023698,13.8629,3.50656,21,0.981636,0,0,0,0,1.03425
E3-PPOLag-p003,42.4215,239,110,RLPolicy,0,0,0.0236856,13.8629,3.50656,21,0.320102,0,0,0,0,1
E3-PPOLag-p003,42.4368,133,378,RLPolicy,0,0,0.0233252,13.7088,3.50656,21,0.667077,0,0,0,0,1.04138
E3-PPOLag-p003,42.4398,429,117,RLPolicy,0,0,0.0232757,13.8629,3.50656,21,0.421547,0,0,0,0,1
E3-PPOLag-p003,42.4433,301,264,RLPolicy,0,0,0.0237419,13.8629,3.50656,21,0.249132,0,0,0,0,1
E3-PPOLag-p003,42.4532,28,450,RLPolicy,0,0,0.0233617,13.8629,3.50656,21,0.415181,0,0,0,0,0.97269
E3-PPOLag-p003,42.4539,454,264,RLPolicy,0,0,0.0237266,13.8629,3.50656,21,0.23898,0,0,0,0,1
E3-PPOLag-p003,42.4663,72,301,RLPolicy,0,0,0.0237152,13.8629,3.50656,21,0.150578,0,0,0,0,1
E3-PPOLag-p003,42.468,224,75,RLPolicy,1,0,0.0106923,5.54518,3.50656,10,0.339996,0,0,0,0,1.01019
E3-PPOLag-p003,42.4724,193,174,RLPolicy,0,0,0.0236781,13.8629,3.50656,21,0.514423,0,0,0,0,1.04832
E3-PPOLag-p003,42.4806,85,501,RLPolicy,0,0,0.0236857,13.8629,3.50656,21,0.358113,0,0,0,0,1.02059
E3-PPOLag-p003,42.4809,18,46,RLPolicy,0,0,0.0236659,12.6414,3.50656,21,0.386848,0,0,0,0,1
E3-PPOLag-p003,42.4835,293,106,RLPolicy,0,0,0.023678,13.8629,3.50656,21,0.593001,0,0,0,0,1
E3-PPOLag-p003,42.4895,353,438,RLPolicy,0,0,0.00478918,2.77259,3.50656,5,0.03026,0,0,0,0,1
E3-PPOLag-p003,42.4896,184,583,RLPolicy,0,0,0.0236789,13.8629,3.50656,21,0.548381,0,0,0,0,0.985933
E3-PPOLag-p003,42.4917,219,293,RLPolicy,0,0,0.0236779,13.8629,3.50656,21,0.380809,0,0,0,0,1
E3-PPOLag-p003,42.493,309,378,RLPolicy,0,0,0.023262,13.8629,3.50656,21,0.865198,0,0,0,0,1
E3-PPOLag-p003,42.5044,6,136,RLPolicy,0,0,0.0365903,13.2522,3.50656,21,0.49733,0,0,0,0,1.05475
E3-PPOLag-p003,42.5076,392,156,RLPolicy,0,0,0.023262,13.8629,3.50656,21,1.36092,0,0,0,0,1
E3-PPOLag-p003,42.508,418,378,RLPolicy,0,0,0.023262,13.8629,3.50656,21,0.667316,0,0,0,0,1
E3-PPOLag-p003,42.5148,78,53,RLPolicy,0,0,0.0236787,13.8629,3.50656,21,0.521693,0,0,0,0,1.02059
E3-PPOLag-p003,42.5187,282,378,RLPolicy,0,0,0.0232425,13.8629,3.50656,21,0.707306,0,0,0,0,1.00999
E3-PPOLag-p003,42.525,299,18,RLPolicy,0,0,0.0236254,13.8629,3.50656,21,1.04202,0,0,0,0,1
E3-PPOLag-p003,42.5277,147,282,RLPolicy,0,0,0.0232506,13.8629,3.50656,21,0.965269,0,0,0,0,1
E3-PPOLag-p003,42.5285,385,543,RLPolicy,0,0,0.0232454,13.8629,3.50656,21,0.653493,0,0,0,0,1
E3-PPOLag-p003,42.5379,420,217,RLPolicy,0,0,0.0236845,13.8629,3.50656,21,0.261768,0,0,0,0,1.01019
E3-PPOLag-p003,42.5413,134,81,RLPolicy,0,0,0.0236888,13.8629,3.50656,21,0.174657,0,0,0,0,1.01692
E3-PPOLag-p003,42.5514,243,375,RLPolicy,0,0,0.0236257,13.8629,3.50656,21,0.770853,0,0,0,0,0.985933
E3-PPOLag-p003,42.5522,408,485,RLPolicy,0,0,0.0232458,13.8629,3.50656,21,0.429894,0,0,0,0,1
E3-PPOLag-p003,42.5588,384,7,RLPolicy,0,0,0.0236785,13.8629,3.50656,21,0.57539,0,0,0,0,1
E3-PPOLag-p003,42.5629,369,264,RLPolicy,0,0,0.0237542,13.8629,3.50656,21,0.233093,0,0,0,0,1
E3-PPOLag-p003,42.5684,119,254,RLPolicy,0,0,0.0232443,13.8629,3.50656,21,0.649982,0,0,0,0,0.985933
E3-PPOLag-p003,42.5686,449,213,RLPolicy,0,0,0.0232455,13.8629,3.50656,21,0.865816,0,0,0,0,1
E3-PPOLag-p003,42.5857,155,543,RLPolicy,0,0,0.0232454,13.8629,3.50656,21,0.639002,0,0,0,0,1.04832
E3-PPOLag-p003,42.602,47,555,RLPolicy,0,0,0.023257,13.2522,3.50656,21,0.591432,0,0,0,0,1
E3-PPOLag-p003,42.6026,13,425,RLPolicy,1,0,0.0514745,10.1742,3.50656,18,0.398996,0,0,0,0,1.03334
E3-PPOLag-p003,42.6097,451,450,RLPolicy,0,0,0.0233617,13.8629,3.50656,21,0.933523,0,0,0,0,1
E3-PPOLag-p003,42.6161,100,43,RLPolicy,0,0,0.0236814,13.8629,3.50656,21,0.79693,0,0,0,0,1.02385
E3-PPOLag-p003,42.6167,274,408,RLPolicy,0,0,0.0234906,13.8629,3.50656,21,0.516114,0,0,0,0,1
E3-PPOLag-p003,42.6184,328,450,RLPolicy,0,0,0.0233617,13.8629,3.50656,21,0.433327,0,0,0,0,1
E3-PPOLag-p003,42.6211,438,64,RLPolicy,0,0,0.0237303,13.8629,3.50656,21,0.379488,0,0,0,0,1
E3-PPOLag-p003,42.631,275,378,RLPolicy,0,0,0.023262,13.8629,3.50656,21,0.658131,0,0,0,0,1
E3-PPOLag-p003,42.6323,97,173,RLPolicy,0,0,0.0232458,13.8629,3.50656,21,0.683221,0,0,0,0,0.99633
E3-PPOLag-p003,42.6323,375,18,RLPolicy,0,0,0.0236254,13.8629,3.50656,21,0.556052,0,0,0,0,1
E3-PPOLag-p003,42.6328,251,168,RLPolicy,0,0,0.0236784,13.8629,3.50656,21,0.934561,0,0,0,0,1
E3-PPOLag-p003,42.6379,95,378,RLPolicy,0,0,0.023262,13.8629,3.50656,21,0.847477,0,0,0,0,1
E3-PPOLag-p003,42.6406,240,239,RLPolicy,0,0,0.0232753,13.8629,3.50656,21,0.334342,0,0,0,0,1.04485
E3-PPOLag-p003,42.6426,341,470,RLPolicy,0,0,0.0237217,13.8629,3.50656,21,0.139201,0,0,0,0,1
E3-PPOLag-p003,42.6457,202,582,RLPolicy,0,0,0.0232454,13.8629,3.50656,21,0.434365,0,0,0,0,0.992864
E3-PPOLag-p003,42.65,217,485,RLPolicy,0,0,0.0232458,13.8629,3.50656,21,0.413041,0,0,0,0,1
E3-PPOLag-p003,42.6521,90,53,RLPolicy,0,0,0.0236894,13.8629,3.50656,21,0.925243,0,0,0,0,1
E3-PPOLag-p003,42.6653,185,213,RLPolicy,0,0,0.0232453,13.8629,3.50656,21,1.33051,0,0,0,0,0.985933
E3-PPOLag-p003,42.6751,122,378,RLPolicy,0,0,0.023262,13.8629,3.50656,21,1.07459,0,0,0,0,1
E3-PPOLag-p003,42.6805,146,559,RLPolicy,0,0,0.0237024,13.8629,3.50656,21,0.405343,0,0,0,0,1.02406
E3-PPOLag-p003,42.692,428,470,RLPolicy,0,0,0.0237135,13.8629,3.50656,21,0.277366,0,0,0,0,1
E3-PPOLag-p003,42.6975,419,53,RLPolicy,0,0,0.0236787,13.8629,3.50656,21,0.643324,0,0,0,0,1
E3-PPOLag-p003,42.6982,148,339,RLPolicy,0,0,0.0597043,13.8629,3.50656,21,0.491707,0,0,0,0,1
E3-PPOLag-p003,42.7045,280,228,RLPolicy,0,0,0.0747956,0.693147,3.50656,2,0.009892,0,0,0,0,1
E3-PPOLag-p003,42.7049,140,53,RLPolicy,0,0,0.0236885,13.8629,3.50656,21,0.364792,0,0,0,0,1
E3-PPOLag-p003,42.7076,15,462,RLPolicy,0,0,0.0555919,12.0307,3.50656,21,0.586462,0,0,0,0,1
E3-PPOLag-p003,42.71,36,125,RLPolicy,0,0,0.0237339,13.5576,3.50656,21,0.238361,0,0,0,0,1
E3-PPOLag-p003,42.714,350,213,RLPolicy,0,0,0.0232453,13.8629,3.50656,21,0.434261,0,0,0,0,1
E3-PPOLag-p003,42.7193,310,174,RLPolicy,0,0,0.0236813,13.8629,3.50656,21,0.816254,0,0,0,0,0.985933
E3-PPOLag-p003,42.7204,371,134,RLPolicy,0,0,0.0236826,13.8629,3.50656,21,0.384075,0,0,0,0,1
E3-PPOLag-p003,42.7238,361,463,RLPolicy,0,0,0.0237036,13.8629,3.50656,21,0.29503,0,0,0,0,1
E3-PPOLag-p003,42.725,316,489,RLPolicy,0,0,0.0236782,13.8629,3.50656,21,0.654706,0,0,0,0,1.03445
E3-PPOLag-p003,42.7312,254,282,RLPolicy,0,0,0.0232507,13.8629,3.50656,21,0.988217,0,0,0,0,1
E3-PPOLag-p003,42.7345,422,470,RLPolicy,0,0,0.0237158,13.8629,3.50656,21,0.172209,0,0,0,0,1
E3-PPOLag-p003,42.7449,412,408,RLPolicy,0,0,0.0234908,13.8629,3.50656,21,0.675742,0,0,0,0,1
E3-PPOLag-p003,42.7786,51,146,RLPolicy,0,0,0.0154008,9.01091,3.50656,14,0.262498,0,0,0,0,1
E3-PPOLag-p003,42.7823,88,379,RLPolicy,0,0,0.0236788,13.8629,3.50656,21,0.425127,0,0,0,0,1
E3-PPOLag-p003,42.7878,357,264,RLPolicy,0,0,0.105304,13.8629,3.50656,21,0.095638,0,0,0,0,1
E3-PPOLag-p003,42.7889,121,559,RLPolicy,0,0,0.0236925,13.8629,3.50656,21,0.339424,0,0,0,0,1
E3-PPOLag-p003,42.7895,351,268,RLPolicy,0,0,0.0236784,13.8629,3.50656,21,0.363603,0,0,0,0,1
E3-PPOLag-p003,42.7917,284,254,RLPolicy,0,0,0.0232443,13.8629,3.50656,21,0.56776,0,0,0,0,1
E3-PPOLag-p003,42.7958,330,146,RLPolicy,0,0,0.0165841,9.70406,3.50656,15,0.134353,0,0,0,0,1
E3-PPOLag-p003,42.7959,101,239,RLPolicy,0,0,0.0232752,13.8629,3.50656,21,0.69237,0,0,0,0,0.992864
E3-PPOLag-p003,42.7974,362,77,RLPolicy,0,0,0.0236814,13.8629,3.50656,21,0.341671,0,0,0,0,1
E3-PPOLag-p003,42.7979,317,213,RLPolicy,0,0,0.0232453,13.8629,3.50656,21,0.772806,0,0,0,0,1
E3-PPOLag-p003,42.7994,315,495,RLPolicy,0,0,0.0232725,13.8629,3.50656,21,0.340328,0,0,0,0,1
E3-PPOLag-p003,42.801,458,222,RLPolicy,0,0,0.0232627,13.8629,3.50656,21,1.10205,0,0,0,0,1
E3-PPOLag-p003,42.8131,14,197,RLPolicy,0,0,0.0232752,13.8629,3.50656,21,0.349536,0,0,0,0,1
E3-PPOLag-p003,42.8149,16,367,RLPolicy,0,0,0.054625,12.6414,3.50656,21,0.903879,0,0,0,0,1
E3-PPOLag-p003,42.8169,198,146,RLPolicy,0,0,0.014211,8.31777,3.50656,13,0.088681,0,0,0,0,1
E3-PPOLag-p003,42.817,196,197,RLPolicy,0,0,0.0232751,13.8629,3.50656,21,0.219952,0,0,0,0,1
E3-PPOLag-p003,42.8193,266,271,RLPolicy,0,0,0.0232628,13.8629,3.50656,21,0.521145,0,0,0,0,0.985933
E3-PPOLag-p003,42.8224,141,103,RLPolicy,0,0,0.0232459,13.8629,3.50656,21,0.575731,0,0,0,0,1
E3-PPOLag-p003,42.8287,9,550,RLPolicy,0,0,0.0398946,12.6414,3.50656,21,0.227064,0,0,0,0,1.02793
E3-PPOLag-p003,42.8311,144,375,RLPolicy,0,0,0.0236257,13.8629,3.50656,21,0.548673,0,0,0,0,1
E3-PPOLag-p003,42.8342,178,261,RLPolicy,0,0,0.0236988,13.8629,3.50656,21,0.359573,0,0,0,0,1.02385
E3-PPOLag-p003,42.8373,336,450,RLPolicy,0,0,0.0233617,13.8629,3.50656,21,0.413371,0,0,0,0,1
E3-PPOLag-p003,42.8391,406,222,RLPolicy,0,0,0.0232432,13.8629,3.50656,21,0.633674,0,0,0,0,1
E3-PPOLag-p003,42.8439,26,146,RLPolicy,0,0,0.0130534,7.62462,3.50656,12,0.120334,0,0,0,0,1.02059
E3-PPOLag-p003,42.8522,203,375,RLPolicy,0,0,0.0236257,13.8629,3.50656,21,0.476033,0,0,0,0,0.985933
E3-PPOLag-p003,42.8539,229,375,RLPolicy,0,0,0.0236784,13.8629,3.50656,21,0.717939,0,0,0,0,1
E3-PPOLag-p003,42.8568,205,103,RLPolicy,0,0,0.0232459,13.8629,3.50656,21,0.58504,0,0,0,0,1
E3-PPOLag-p003,42.8589,342,222,RLPolicy,0,0,0.0232627,13.8629,3.50656,21,0.9114,0,0,0,0,1
E3-PPOLag-p003,42.8595,199,46,RLPolicy,0,0,0.0236783,13.8629,3.50656,21,0.577103,0,0,0,0,1
E3-PPOLag-p003,42.8677,220,487,RLPolicy,0,0,0.0232458,13.8629,3.50656,21,0.460934,0,0,0,0,1
E3-PPOLag-p003,42.8685,250,375,RLPolicy,0,0,0.0236257,13.8629,3.50656,21,0.659834,0,0,0,0,0.985933
E3-PPOLag-p003,42.8685,436,271,RLPolicy,0,0,0.0232628,13.8629,3.50656,21,0.764186,0,0,0,0,1
E3-PPOLag-p003,42.8695,213,103,RLPolicy,0,0,0.0232459,13.8629,3.50656,21,0.567647,0,0,0,0,1
E3-PPOLag-p003,42.8776,62,128,RLPolicy,0,0,0.0237121,13.5576,3.50656,21,0.795929,0,0,0,0,1.06412
E3-PPOLag-p003,42.8778,238,435,RLPolicy,1,0,0.0190088,10.3972,3.50656,17,0.191966,0,0,0,0,1.08277
E3-PPOLag-p003,42.8789,138,418,RLPolicy,0,0,0.0232444,13.8629,3.50656,21,0.716946,0,0,0,0,1
E3-PPOLag-p003,42.8789,313,418,RLPolicy,0,0,0.0232444,13.8629,3.50656,21,0.827036,0,0,0,0,1
E3-PPOLag-p003,42.8879,311,333,RLPolicy,0,0,0.0236907,13.8629,3.50656,21,0.904801,0,0,0,0,1
E3-PPOLag-p003,42.8896,248,207,RLPolicy,0,0,0.0236788,13.8629,3.50656,21,0.891397,0,0,0,0,1
E3-PPOLag-p003,42.8958,292,375,RLPolicy,0,0,0.0236257,13.8629,3.50656,21,0.519614,0,0,0,0,1
E3-PPOLag-p003,42.8976,207,571,RLPolicy,0,0,0.0236779,13.8629,3.50656,21,0.425302,0,0,0,0,1
E3-PPOLag-p003,42.8991,297,503,RLPolicy,0,0,0.0236828,13.8629,3.50656,21,0.38315,0,0,0,0,1
E3-PPOLag-p003,42.8992,171,173,RLPolicy,0,0,0.0232458,13.8629,3.50656,21,0.647818,0,0,0,0,1.02059
E3-PPOLag-p003,42.9003,421,519,RLPolicy,0,0,0.0233618,13.8629,3.50656,21,0.610269,0,0,0,0,1
E3-PPOLag-p003,42.9077,307,351,RLPolicy,0,0,0.0236783,13.8629,3.50656,21,0.514232,0,0,0,0,1
E3-PPOLag-p003,42.9097,80,326,RLPolicy,0,0,0.0232461,13.8629,3.50656,21,0.456362,0,0,0,0,1
E3-PPOLag-p003,42.91,212,203,RLPolicy,0,0,0.0236258,13.8629,3.50656,21,0.466902,0,0,0,0,1
E3-PPOLag-p003,42.9163,191,213,RLPolicy,0,0,0.0232454,13.8629,3.50656,21,0.945754,0,0,0,0,0.985933
E3-PPOLag-p003,42.9255,314,485,RLPolicy,0,0,0.0232458,13.8629,3.50656,21,0.651047,0,0,0,0,0.985933
E3-PPOLag-p003,42.9294,278,13,RLPolicy,0,0,0.0236782,13.8629,3.50656,21,0.480758,0,0,0,0,1
E3-PPOLag-p003,42.9392,159,346,RLPolicy,0,0,0.0236827,13.8629,3.50656,21,0.519837,0,0,0,0,1
E3-PPOLag-p003,42.944,270,103,RLPolicy,0,0,0.023246,13.8629,3.50656,21,0.550378,0,0,0,0,1.04138
E3-PPOLag-p003,42.9463,354,450,RLPolicy,0,0,0.0236863,13.8629,3.50656,21,0.419445,0,0,0,0,1.01019
E3-PPOLag-p003,42.9473,296,274,RLPolicy,1,1,0.00241378,0.538997,3.50656,3,0.136783,0,0,0,0,1.00344
E3-PPOLag-p003,42.9552,410,307,RLPolicy,0,0,0.0236845,13.8629,3.50656,21,0.640019,0,0,0,0,1
E3-PPOLag-p003,42.9561,360,344,RLPolicy,0,0,0.0237103,13.8629,3.50656,21,0.109754,0,0,0,0,1
E3-PPOLag-p003,42.9569,166,193,RLPolicy,1,1,0.00239743,0.693147,3.50656,3,0.264201,0,0,0,0,0.985933
E3-PPOLag-p003,42.9586,397,173,RLPolicy,0,0,0.0232458,13.7088,3.50656,21,0.721144,0,0,0,0,1
E3-PPOLag-p003,42.9605,130,175,RLPolicy,0,0,0.0237658,13.8629,3.50656,21,0.135434,0,0,0,0,1
E3-PPOLag-p003,42.9632,402,31,RLPolicy,1,1,0.00196244,0.693147,3.50656,3,0.302319,0,0,0,0,0.985933
E3-PPOLag-p003,42.9654,40,339,RLPolicy,0,0,0.0233448,12.0307,3.50656,21,0.607974,0,0,0,0,1.00949
E3-PPOLag-p003,42.9675,158,519,RLPolicy,0,0,0.0233618,13.8629,3.50656,21,0.951486,0,0,0,0,1.02406
E3-PPOLag-p003,42.9679,56,103,RLPolicy,0,0,0.023246,13.8629,3.50656,21,0.736462,0,0,0,0,1
E3-PPOLag-p003,42.978,117,245,RLPolicy,0,0,0.0236961,13.8629,3.50656,21,0.52659,0,0,0,0,1
E3-PPOLag-p003,42.9811,305,103,RLPolicy,0,0,0.023246,13.8629,3.50656,21,0.777443,0,0,0,0,1
E3-PPOLag-p003,42.9858,453,210,RLPolicy,0,0,0.0236824,13.8629,3.50656,21,0.365484,0,0,0,0,1
E3-PPOLag-p003,43.009,186,418,RLPolicy,0,0,0.0232445,13.8629,3.50656,21,0.925321,0,0,0,0,1.01019
E3-PPOLag-p003,43.0111,370,165,RLPolicy,0,0,0.0232464,13.8629,3.50656,21,0.689541,0,0,0,0,1
E3-PPOLag-p003,43.0152,304,445,RLPolicy,0,0,0.0236783,13.8629,3.50656,21,0.711338,0,0,0,0,1
E3-PPOLag-p003,43.02,149,222,RLPolicy,0,0,0.0232431,13.8629,3.50656,21,1.05244,0,0,0,0,1
E3-PPOLag-p003,43.0251,281,531,RLPolicy,0,0,0.0237331,13.8629,3.50656,21,0.306485,0,0,0,0,1.01712
E3-PPOLag-p003,43.0302,294,418,RLPolicy,0,0,0.0236791,13.8629,3.50656,21,0.61907,0,0,0,0,1.04138
E3-PPOLag-p003,43.0358,116,232,RLPolicy,0,0,0.0236842,13.8629,3.50656,21,0.704286,0,0,0,0,1.03792
E3-PPOLag-p003,43.0404,333,271,RLPolicy,0,0,0.0232628,13.8629,3.50656,21,0.612422,0,0,0,0,1
E3-PPOLag-p003,43.0453,365,195,RLPolicy,0,0,0.0236862,13.8629,3.50656,21,0.251657,0,0,0,0,1
E3-PPOLag-p003,43.0463,389,264,RLPolicy,0,0,0.0237756,13.8629,3.50656,21,0.213978,0,0,0,0,1
E3-PPOLag-p003,43.0541,255,485,RLPolicy,0,0,0.0232457,13.8629,3.50656,21,0.58836,0,0,0,0,0.985933
E3-PPOLag-p003,43.0545,321,411,RLPolicy,0,0,0.0237495,13.8629,3.50656,21,0.277031,0,0,0,0,1
E3-PPOLag-p003,43.0587,20,511,RLPolicy,0,0,0.0376664,12.336,3.50656,21,0.670534,0,0,0,0,1.0151
E3-PPOLag-p003,43.06,3,296,RLPolicy,0,0,0.0381509,13.2522,3.50656,21,0.549447,0,0,0,0,1.02051
E3-PPOLag-p003,43.0602,19,573,RLPolicy,0,0,0.0237921,11.7253,3.50656,21,0.728852,0,0,0,0,1
E3-PPOLag-p003,43.0878,233,331,RLPolicy,0,0,0.0236876,13.8629,3.50656,21,0.665171,0,0,0,0,1.00673
E3-PPOLag-p003,43.0879,231,222,RLPolicy,0,0,0.0232626,13.8629,3.50656,21,0.93861,0,0,0,0,0.985933
E3-PPOLag-p003,43.0884,374,542,RLPolicy,1,1,0.0024079,0.693147,3.50656,3,0.217189,0,0,0,0,0.985933
E3-PPOLag-p003,43.0895,45,422,RLPolicy,0,0,0.0201495,11.7835,3.50656,18,0.2062,0,0,0,0,1
E3-PPOLag-p003,43.0912,390,222,RLPolicy,0,0,0.0232431,13.8629,3.50656,21,0.903111,0,0,0,0,1
E3-PPOLag-p003,43.092,111,222,RLPolicy,0,0,0.0232626,13.8629,3.50656,21,0.803722,0,0,0,0,1
E3-PPOLag-p003,43.0923,302,113,RLPolicy,0,0,0.0236789,13.8629,3.50656,21,0.458229,0,0,0,0,1
E3-PPOLag-p003,43.0973,260,351,RLPolicy,0,0,0.0236783,13.8629,3.50656,21,0.57535,0,0,0,0,1
E3-PPOLag-p003,43.0993,46,252,RLPolicy,0,0,0.0237039,13.5576,3.50656,21,0.738823,0,0,0,0,0.971866
E3-PPOLag-p003,43.1016,356,418,RLPolicy,0,0,0.0232445,13.8629,3.50656,21,0.699513,0,0,0,0,1
E3-PPOLag-p003,43.1041,168,222,RLPolicy,0,0,0.0232626,13.8629,3.50656,21,0.835145,0,0,0,0,0.985933
E3-PPOLag-p003,43.105,247,165,RLPolicy,0,0,0.0232463,13.8629,3.50656,21,0.508358,0,0,0,0,1
E3-PPOLag-p003,43.1115,416,282,RLPolicy,0,0,0.0232506,13.8629,3.50656,21,0.67654,0,0,0,0,1
E3-PPOLag-p003,43.1134,218,189,RLPolicy,0,0,0.02368,13.8629,3.50656,21,0.534336,0,0,0,0,1
E3-PPOLag-p003,43.1136,43,395,RLPolicy,0,0,0.0589167,12.336,3.50656,21,1.22089,0,0,0,0,0.992161
E3-PPOLag-p003,43.1182,378,222,RLPolicy,0,0,0.0232626,13.8629,3.50656,21,0.816319,0,0,0,0,1
E3-PPOLag-p003,43.1206,227,13,RLPolicy,0,0,0.0236786,13.8629,3.50656,21,0.498037,0,0,0,0,1
E3-PPOLag-p003,43.1216,398,251,RLPolicy,0,0,0.0236789,13.8629,3.50656,21,0.702038,0,0,0,0,1
E3-PPOLag-p003,43.1229,414,17,RLPolicy,0,0,0.0236782,13.8629,3.50656,21,0.533676,0,0,0,0,1
E3-PPOLag-p003,43.129,303,238,RLPolicy,0,0,0.0237027,13.8629,3.50656,21,0.23312,0,0,0,0,1
E3-PPOLag-p003,43.1394,12,475,RLPolicy,0,0,0.023679,13.8629,3.50656,21,0.472661,0,0,0,0,1.0314
E3-PPOLag-p003,43.1454,63,334,RLPolicy,0,0,0.0236823,13.8629,3.50656,21,0.66269,0,0,0,0,1.00867
E3-PPOLag-p003,43.1472,442,486,RLPolicy,0,0,0.0232464,13.8629,3.50656,21,1.20832,0,0,0,0,1
E3-PPOLag-p003,43.1508,81,346,RLPolicy,0,0,0.0236815,13.8629,3.50656,21,0.290406,0,0,0,0,1
E3-PPOLag-p003,43.1611,393,82,RLPolicy,0,0,0.023244,13.8629,3.50656,21,0.862884,0,0,0,0,1
E3-PPOLag-p003,43.1625,433,496,RLPolicy,0,0,0.0232458,13.8629,3.50656,21,0.486046,0,0,0,0,1
E3-PPOLag-p003,43.1626,25,520,RLPolicy,0,0,0.0577108,12.0307,3.50656,21,0.513094,0,0,0,0,1.00491
E3-PPOLag-p003,43.168,401,465,RLPolicy,0,0,0.0236835,13.8629,3.50656,21,0.513571,0,0,0,0,1
E3-PPOLag-p003,43.1706,216,158,RLPolicy,0,0,0.0232456,13.8629,3.50656,21,0.42594,0,0,0,0,0.989399
E3-PPOLag-p003,43.1833,459,212,RLPolicy,0,0,0.0236255,13.8629,3.50656,21,0.758043,0,0,0,0,1
E3-PPOLag-p003,43.184,366,253,RLPolicy,0,0,0.0232447,13.8629,3.50656,21,0.702086,0,0,0,0,1
E3-PPOLag-p003,43.1985,235,222,RLPolicy,0,0,0.0232626,13.8629,3.50656,21,0.85276,0,0,0,0,1
E3-PPOLag-p003,43.1985,413,175,RLPolicy,0,0,0.0237587,13.8629,3.50656,21,0.195662,0,0,0,0,1
E3-PPOLag-p003,43.1995,103,530,RLPolicy,0,0,0.023678,13.8629,3.50656,21,0.661754,0,0,0,0,1
E3-PPOLag-p003,43.2047,105,418,RLPolicy,0,0,0.0232445,13.8629,3.50656,21,1.03604,0,0,0,0,1
E3-PPOLag-p003,43.2053,76,418,RLPolicy,0,0,0.0232445,13.8629,3.50656,21,0.775382,0,0,0,0,1
E3-PPOLag-p003,43.2063,107,253,RLPolicy,0,0,0.0232447,13.8629,3.50656,21,1.13846,0,0,0,0,1
E3-PPOLag-p003,43.2078,230,72,RLPolicy,0,0,0.0237673,13.8629,3.50656,21,0.410637,0,0,0,0,1
E3-PPOLag-p003,43.2092,210,440,RLPolicy,0,0,0.0236898,13.8629,3.50656,21,0.330432,0,0,0,0,1
E3-PPOLag-p003,43.212,391,555,RLPolicy,1,1,0.00195735,0.693147,3.50656,3,0.214807,0,0,0,0,0.985933
E3-PPOLag-p003,43.215,460,349,RLPolicy,0,0,0.0236815,13.8629,3.50656,21,0.650622,0,0,0,0,1
E3-PPOLag-p003,43.2159,268,153,RLPolicy,0,0,0.0236784,13.8629,3.50656,21,0.708205,0,0,0,0,1.04832
E3-PPOLag-p003,43.2175,194,505,RLPolicy,0,0,0.0236821,13.8629,3.50656,21,0.988475,0,0,0,0,0.971866
E3-PPOLag-p003,43.2218,112,473,RLPolicy,0,0,0.0236788,13.8629,3.50656,21,0.870894,0,0,0,0,1
E3-PPOLag-p003,43.2259,54,258,RLPolicy,0,0,0.0237233,13.8629,3.50656,21,0.423662,0,0,0,0,1.02752
E3-PPOLag-p003,43.2279,327,543,RLPolicy,0,0,0.0236811,13.8629,3.50656,21,0.565826,0,0,0,0,1
E3-PPOLag-p003,43.2313,139,165,RLPolicy,0,0,0.0232462,13.8629,3.50656,21,0.528271,0,0,0,0,1
E3-PPOLag-p003,43.2315,38,520,RLPolicy,0,0,0.0236792,13.8629,3.50656,21,0.276298,0,0,0,0,1.03243
E3-PPOLag-p003,43.2362,162,396,RLPolicy,0,0,0.0236958,13.8629,3.50656,21,0.589389,0,0,0,0,1
E3-PPOLag-p003,43.237,66,496,RLPolicy,0,0,0.0232458,13.8629,3.50656,21,0.688405,0,0,0,0,1.03099
E3-PPOLag-p003,43.2392,373,387,RLPolicy,0,0,0.0236834,13.8629,3.50656,21,0.522861,0,0,0,0,1
E3-PPOLag-p003,43.242,50,73,RLPolicy,0,0,0.0587499,13.4034,3.50656,21,1.08836,0,0,0,0,1.02946
E3-PPOLag-p003,43.2423,52,282,RLPolicy,0,0,0.0232447,13.5576,3.50656,21,0.998934,0,0,0,0,1.01539
E3-PPOLag-p003,43.247,114,254,RLPolicy,0,0,0.023701,13.8629,3.50656,21,0.471091,0,0,0,0,1
E3-PPOLag-p003,43.2636,39,424,RLPolicy,0,0,0.0236779,13.8629,3.50656,21,0.368247,0,0,0,0,1
E3-PPOLag-p003,43.2764,287,239,RLPolicy,0,0,0.0232748,13.8629,3.50656,21,0.192893,0,0,0,0,1
E3-PPOLag-p003,43.2786,120,306,RLPolicy,0,0,0.0237381,13.8629,3.50656,21,0.253826,0,0,0,0,1
E3-PPOLag-p003,43.2872,59,128,RLPolicy,0,0,0.0237329,13.5576,3.50656,21,0.544493,0,0,0,0,1
E3-PPOLag-p003,43.2918,455,238,RLPolicy,0,0,0.0237063,13.8629,3.50656,21,0.292902,0,0,0,0,1
E3-PPOLag-p003,43.2963,236,222,RLPolicy,0,0,0.0232626,13.8629,3.50656,21,0.897009,0,0,0,0,1
E3-PPOLag-p003,43.297,241,433,RLPolicy,0,0,0.0236874,13.8629,3.50656,21,0.546667,0,0,0,0,1.03099
E3-PPOLag-p003,43.3021,131,485,RLPolicy,0,0,0.0232457,13.8629,3.50656,21,0.453851,0,0,0,0,1
E3-PPOLag-p003,43.3116,49,215,RLPolicy,0,0,0.0237223,13.8629,3.50656,21,0.178406,0,0,0,0,1
E3-PPOLag-p003,43.3129,411,175,RLPolicy,0,0,0.023739,13.8629,3.50656,21,0.196969,0,0,0,0,1
E3-PPOLag-p003,43.3146,448,146,RLPolicy,0,0,0.0165811,9.70406,3.50656,15,0.50249,0,0,0,0,1
E3-PPOLag-p003,43.3152,188,426,RLPolicy,0,0,0.0236858,13.8629,3.50656,21,0.50654,0,0,0,0,1.00673
E3-PPOLag-p003,43.3163,211,173,RLPolicy,0,0,0.0236789,13.8629,3.50656,21,0.493132,0,0,0,0,1.01712
E3-PPOLag-p003,43.317,68,72,RLPolicy,0,0,0.0237404,13.8629,3.50656,21,0.317564,0,0,0,0,1.02752
E3-PPOLag-p003,43.3184,86,146,RLPolicy,0,0,0.0154035,9.01091,3.50656,14,0.112035,0,0,0,0,1
E3-PPOLag-p003,43.3216,383,215,RLPolicy,0,0,0.0237223,13.8629,3.50656,21,0.225912,0,0,0,0,1
E3-PPOLag-p003,43.3234,109,212,RLPolicy,0,0,0.0236255,13.8629,3.50656,21,1.0121,0,0,0,0,1
E3-PPOLag-p003,43.3245,339,87,RLPolicy,1,1,0.00197333,0.538997,3.50656,3,0.143262,0,0,0,0,0.985162
E3-PPOLag-p003,43.3251,245,302,RLPolicy,0,0,0.0236779,13.8629,3.50656,21,0.634991,0,0,0,0,1
E3-PPOLag-p003,43.3269,377,271,RLPolicy,0,0,0.0232627,13.8629,3.50656,21,0.723753,0,0,0,0,1
E3-PPOLag-p003,43.3286,319,173,RLPolicy,0,0,0.023685,13.8629,3.50656,21,0.603716,0,0,0,0,1.02406
E3-PPOLag-p003,43.3288,427,407,RLPolicy,0,0,0.0236793,13.8629,3.50656,21,0.711325,0,0,0,0,1
E3-PPOLag-p003,43.33,400,146,RLPolicy,0,0,0.0154049,9.01091,3.50656,14,0.221963,0,0,0,0,1
E3-PPOLag-p003,43.3304,273,253,RLPolicy,0,0,0.0232448,13.8629,3.50656,21,1.75949,0,0,0,0,1
E3-PPOLag-p003,43.3306,272,165,RLPolicy,0,0,0.0232461,13.8629,3.50656,21,0.788988,0,0,0,0,1
E3-PPOLag-p003,43.3317,343,571,RLPolicy,0,0,0.0236779,13.8629,3.50656,21,0.40809,0,0,0,0,1
E3-PPOLag-p003,43.3319,462,284,RLPolicy,0,0,0.0236887,13.8629,3.50656,21,1.06679,0,0,0,0,1
E3-PPOLag-p003,43.3465,380,146,RLPolicy,0,0,0.0154088,9.01091,3.50656,14,0.354283,0,0,0,0,1
E3-PPOLag-p003,43.3471,1,186,RLPolicy,0,0,0.0237362,12.9468,3.50656,21,0.979177,0,0,0,0,1.04027
E3-PPOLag-p003,43.357,156,418,RLPolicy,0,0,0.0232445,13.8629,3.50656,21,0.769689,0,0,0,0,1
E3-PPOLag-p003,43.3654,7,175,RLPolicy,1,1,0.0354743,1.1633,3.50656,5,0.157774,0,0,0,0,0.994931
E3-PPOLag-p003,43.3667,306,401,RLPolicy,0,0,0.0236954,13.8629,3.50656,21,0.499257,0,0,0,0,1
E3-PPOLag-p003,43.3673,318,277,RLPolicy,0,0,0.0818342,0.693147,3.50656,2,0.023607,0,0,0,0,1
E3-PPOLag-p003,43.3705,388,261,RLPolicy,0,0,0.023693,13.8629,3.50656,21,0.358689,0,0,0,0,0.985933
E3-PPOLag-p003,43.3827,425,486,RLPolicy,0,0,0.0232461,13.8629,3.50656,21,0.514905,0,0,0,0,1
E3-PPOLag-p003,43.388,358,212,RLPolicy,0,0,0.0236255,13.8629,3.50656,21,0.479573,0,0,0,0,1
E3-PPOLag-p003,43.3911,8,317,RLPolicy,0,0,0.0538343,13.2522,3.50656,21,0.596976,0,0,0,0,1
E3-PPOLag-p003,43.3919,201,151,RLPolicy,1,1,0.00315326,1.38629,3.50656,4,0.251965,0,0,0,0,0.989399
E3-PPOLag-p003,43.3944,372,222,RLPolicy,0,0,0.0232626,13.8629,3.50656,21,0.628479,0,0,0,0,1
E3-PPOLag-p003,43.416,17,212,RLPolicy,0,0,0.023626,13.2522,3.50656,21,0.970775,0,0,0,0,0.984406
E3-PPOLag-p003,43.4173,261,467,RLPolicy,0,0,0.0236782,13.8629,3.50656,21,0.700212,0,0,0,0,1
E3-PPOLag-p003,43.4243,177,7,RLPolicy,0,0,0.0236827,13.8629,3.50656,21,0.613429,0,0,0,0,1
E3-PPOLag-p003,43.4255,67,266,RLPolicy,0,0,0.0232627,13.8629,3.50656,21,0.762009,0,0,0,0,0.98899
E3-PPOLag-p003,43.4324,435,154,RLPolicy,1,0,0.0178149,9.70406,3.50656,16,0.138496,0,0,0,0,1.03099
E3-PPOLag-p003,43.4422,334,398,RLPolicy,0,0,0.0236791,13.8629,3.50656,21,0.672442,0,0,0,0,1
E3-PPOLag-p003,43.4436,323,107,RLPolicy,0,0,0.0236858,13.8629,3.50656,21,0.631979,0,0,0,0,1
E3-PPOLag-p003,43.4461,264,161,RLPolicy,0,0,0.023699,13.8629,3.50656,21,0.462381,0,0,0,0,1
E3-PPOLag-p003,43.4553,94,251,RLPolicy,0,0,0.0236787,13.8629,3.50656,21,0.479974,0,0,0,0,1
E3-PPOLag-p003,43.4573,74,295,RLPolicy,0,0,0.0236822,13.8629,3.50656,21,0.459147,0,0,0,0,1
E3-PPOLag-p003,43.4588,234,542,RLPolicy,1,1,0.00240244,0.693147,3.50656,3,0.17937,0,0,0,0,0.985933
E3-PPOLag-p003,43.4592,409,452,RLPolicy,0,0,0.114667,1.38629,3.50656,3,0.100587,0,0,0,0,1
E3-PPOLag-p003,43.4602,65,537,RLPolicy,0,0,0.023694,13.8629,3.50656,21,0.338159,0,0,0,0,1.05158
E3-PPOLag-p003,43.4637,344,454,RLPolicy,0,0,0.0201751,11.7835,3.50656,18,0.096686,0,0,0,0,1.05851
E3-PPOLag-p003,43.4684,61,450,RLPolicy,0,0,0.0232455,13.8629,3.50656,21,0.62283,0,0,0,0,1
E3-PPOLag-p003,43.4711,432,66,RLPolicy,0,0,0.0234926,13.8629,3.50656,21,0.611874,0,0,0,0,1
E3-PPOLag-p003,43.474,160,422,RLPolicy,0,0,0.023702,13.8629,3.50656,21,0.123372,0,0,0,0,1.01019
E3-PPOLag-p003,43.4817,48,505,RLPolicy,0,0,0.0232441,13.8629,3.50656,21,1.31456,0,0,0,0,1.00326
E3-PPOLag-p003,43.4931,450,555,RLPolicy,0,0,0.0232455,13.8629,3.50656,21,0.833133,0,0,0,0,1
E3-PPOLag-p003,43.499,99,450,RLPolicy,0,0,0.0232455,13.8629,3.50656,21,0.539197,0,0,0,0,1
E3-PPOLag-p003,43.5034,55,397,RLPolicy,0,0,0.0232459,13.8629,3.50656,21,0.608375,0,0,0,0,0.99633
E3-PPOLag-p003,43.5098,426,454,RLPolicy,0,0,0.0154309,9.01091,3.50656,14,0.094831,0,0,0,0,1
E3-PPOLag-p003,43.51,457,131,RLPolicy,0,0,0.0236857,13.8629,3.50656,21,0.671589,0,0,0,0,1
E3-PPOLag-p003,43.5114,335,282,RLPolicy,0,0,0.0232457,13.8629,3.50656,21,0.802331,0,0,0,0,1.03792
E3-PPOLag-p003,43.5143,93,212,RLPolicy,0,0,0.0236255,13.8629,3.50656,21,0.440808,0,0,0,0,1
E3-PPOLag-p003,43.5147,53,212,RLPolicy,0,0,0.0236255,13.8629,3.50656,21,0.674062,0,0,0,0,1.03078
E3-PPOLag-p003,43.5196,113,592,RLPolicy,1,1,0.00240325,0.693147,3.50656,3,0.362979,0,0,0,0,0.989195
E3-PPOLag-p003,43.5226,44,193,RLPolicy,0,0,0.0561212,13.2522,3.50656,21,0.518509,0,0,0,0,1
E3-PPOLag-p003,43.5234,179,266,RLPolicy,0,0,0.0233259,13.8629,3.50656,21,0.804982,0,0,0,0,1.01366
E3-PPOLag-p003,43.5245,165,142,RLPolicy,0,0,0.0232455,13.8629,3.50656,21,0.707305,0,0,0,0,0.985933
E3-PPOLag-p003,43.5286,200,207,RLPolicy,0,0,0.023678,13.8629,3.50656,21,0.531091,0,0,0,0,1.01366
E3-PPOLag-p003,43.5304,0,103,RLPolicy,0,0,0.0524599,13.2522,3.50656,21,0.662821,0,0,0,0,1.00867
E3-PPOLag-p003,43.5349,124,555,RLPolicy,0,0,0.0232455,13.8629,3.50656,21,0.639615,0,0,0,0,1
E3-PPOLag-p003,43.5379,167,266,RLPolicy,0,0,0.0232627,13.8629,3.50656,21,1.02107,0,0,0,0,1
E3-PPOLag-p003,43.547,91,325,RLPolicy,1,1,0.00195571,0.693147,3.50656,3,0.095532,0,0,0,0,0.999388
E3-PPOLag-p003,43.5475,271,266,RLPolicy,0,0,0.0232627,13.8629,3.50656,21,0.775555,0,0,0,0,0.985933
E3-PPOLag-p003,43.5478,150,450,RLPolicy,0,0,0.0232455,13.8629,3.50656,21,0.541351,0,0,0,0,0.985933
E3-PPOLag-p003,43.552,452,586,RLPolicy,0,0,0.121984,1.38629,3.50656,3,0.055611,0,0,0,0,1
E3-PPOLag-p003,43.5524,153,207,RLPolicy,0,0,0.0236789,13.8629,3.50656,21,0.591486,0,0,0,0,1
E3-PPOLag-p003,43.5606,115,398,RLPolicy,0,0,0.0236787,13.8629,3.50656,21,1.64625,0,0,0,0,1
E3-PPOLag-p003,43.5617,252,299,RLPolicy,0,0,0.0236784,13.8629,3.50656,21,0.81562,0,0,0,0,1
E3-PPOLag-p003,43.5632,467,571,RLPolicy,0,0,0.023678,13.8629,3.50656,21,5.66079,0,0,0,0,1
E3-PPOLag-p003,43.5672,232,266,RLPolicy,0,0,0.023481,13.8629,3.50656,21,0.689871,0,0,0,0,0.985933
E3-PPOLag-p003,43.5775,118,291,RLPolicy,0,0,0.0232448,13.8629,3.50656,21,1.10366,0,0,0,0,1
E3-PPOLag-p003,43.5809,257,485,RLPolicy,0,0,0.023246,13.8629,3.50656,21,0.458586,0,0,0,0,1
E3-PPOLag-p003,43.5875,127,284,RLPolicy,0,0,0.0232624,13.8629,3.50656,21,0.479036,0,0,0,0,0.985933
E3-PPOLag-p003,43.5963,221,406,RLPolicy,0,0,0.0236783,13.8629,3.50656,21,0.675857,0,0,0,0,0.985933
E3-PPOLag-p003,43.6,403,113,RLPolicy,0,0,0.0236792,13.8629,3.50656,21,0.632556,0,0,0,0,1
E3-PPOLag-p003,43.6012,142,450,RLPolicy,0,0,0.0232455,13.8629,3.50656,21,0.52749,0,0,0,0,1
E3-PPOLag-p003,43.6071,326,450,RLPolicy,0,0,0.0232455,13.8629,3.50656,21,0.945177,0,0,0,0,1
E3-PPOLag-p003,43.611,277,318,RLPolicy,0,0,0.0828632,0.693147,3.50656,2,0.033247,0,0,0,0,1
E3-PPOLag-p003,43.6149,145,514,RLPolicy,0,0,0.023678,13.8629,3.50656,21,0.469972,0,0,0,0,1
E3-PPOLag-p003,43.628,424,541,RLPolicy,0,0,0.0236786,13.8629,3.50656,21,0.384595,0,0,0,0,1
E3-PPOLag-p003,43.6284,246,212,RLPolicy,0,0,0.0236255,13.8629,3.50656,21,0.796825,0,0,0,0,1
E3-PPOLag-p003,43.6501,325,266,RLPolicy,0,0,0.023481,13.7088,3.50656,21,1.62394,0,0,0,0,1
E3-PPOLag-p003,43.6516,89,104,RLPolicy,0,0,0.0235202,13.4005,3.50656,21,0.583791,0,0,0,0,1
E3-PPOLag-p003,43.6576,381,398,RLPolicy,0,0,0.0236788,13.8629,3.50656,21,1.37641,0,0,0,0,1
E3-PPOLag-p003,43.6581,456,559,RLPolicy,0,0,0.0237197,13.8629,3.50656,21,0.711234,0,0,0,0,1
E3-PPOLag-p003,43.6657,285,115,RLPolicy,0,0,0.0236796,13.8629,3.50656,21,0.423689,0,0,0,0,1
E3-PPOLag-p003,43.6706,376,450,RLPolicy,0,0,0.0232455,13.8629,3.50656,21,0.410865,0,0,0,0,1
E3-PPOLag-p003,43.6756,346,371,RLPolicy,0,0,0.0236888,13.8629,3.50656,21,0.160575,0,0,0,0,1
E3-PPOLag-p003,43.6757,83,418,RLPolicy,0,0,0.0232446,13.8629,3.50656,21,1.13882,0,0,0,0,0.985933
E3-PPOLag-p003,43.6803,60,397,RLPolicy,0,0,0.0232459,13.8629,3.50656,21,0.671903,0,0,0,0,0.992864
E3-PPOLag-p003,43.682,437,522,RLPolicy,0,0,0.0236805,13.8629,3.50656,21,0.299198,0,0,0,0,1
E3-PPOLag-p003,43.6825,295,418,RLPolicy,0,0,0.0232446,13.8629,3.50656,21,0.638202,0,0,0,0,1
E3-PPOLag-p003,43.6846,102,377,RLPolicy,0,0,0.0236793,13.8629,3.50656,21,0.393396,0,0,0,0,1.03792
E3-PPOLag-p003,43.6866,253,32,RLPolicy,0,0,0.0236787,13.8629,3.50656,21,0.641222,0,0,0,0,1
E3-PPOLag-p003,43.6869,35,111,RLPolicy,0,0,0.0600288,12.336,3.50656,21,0.845869,0,0,0,0,1.05731
E3-PPOLag-p003,43.6923,195,420,RLPolicy,0,0,0.0236827,13.8629,3.50656,21,0.922322,0,0,0,0,0.999796
E3-PPOLag-p003,43.6944,96,239,RLPolicy,0,0,0.0236834,13.8629,3.50656,21,0.526665,0,0,0,0,1
E3-PPOLag-p003,43.7,300,442,RLPolicy,0,0,0.0236799,13.8629,3.50656,21,0.352949,0,0,0,0,1
E3-PPOLag-p003,43.7018,11,525,RLPolicy,0,0,0.0238045,12.336,3.50656,21,0.207869,0,0,0,0,1.02447
E3-PPOLag-p003,43.713,348,450,RLPolicy,0,0,0.0232455,13.8629,3.50656,21,0.415724,0,0,0,0,1
E3-PPOLag-p003,43.7179,126,444,RLPolicy,0,0,0.0236781,13.8629,3.50656,21,0.631934,0,0,0,0,1
E3-PPOLag-p003,43.7258,439,450,RLPolicy,0,0,0.0232455,13.8629,3.50656,21,0.447479,0,0,0,0,1
E3-PPOLag-p003,43.7272,128,418,RLPolicy,0,0,0.0232446,13.8629,3.50656,21,1.63051,0,0,0,0,1
E3-PPOLag-p003,43.7287,349,7,RLPolicy,0,0,0.0236786,13.8629,3.50656,21,0.44075,0,0,0,0,1
E3-PPOLag-p003,43.7314,355,334,RLPolicy,0,0,0.0237174,13.7088,3.50656,21,0.446528,0,0,0,0,1
E3-PPOLag-p003,43.7328,291,407,RLPolicy,1,1,0.00217409,0.693147,3.50656,3,0.124109,0,0,0,0,0.985933
E3-PPOLag-p003,43.7331,108,35,RLPolicy,0,0,0.0233689,13.8629,3.50656,21,1.08942,0,0,0,0,1
E3-PPOLag-p003,43.7341,290,31,RLPolicy,0,0,0.0236781,13.8629,3.50656,21,0.437351,0,0,0,0,1
E3-PPOLag-p003,43.7374,431,411,RLPolicy,0,0,0.0237457,13.8629,3.50656,21,0.161239,0,0,0,0,1
E3-PPOLag-p003,43.7398,27,32,RLPolicy,0,0,0.0236801,13.8629,3.50656,21,0.745066,0,0,0,0,1
E3-PPOLag-p003,43.7478,152,256,RLPolicy,0,0,0.0232765,13.8629,3.50656,21,0.162616,0,0,0,0,1.02406
E3-PPOLag-p003,43.7486,387,453,RLPolicy,0,0,0.0236878,13.8629,3.50656,21,0.426998,0,0,0,0,1
E3-PPOLag-p003,43.7501,106,22,RLPolicy,0,0,0.023682,13.8629,3.50656,21,0.652623,0,0,0,0,1
E3-PPOLag-p003,43.7594,461,518,RLPolicy,0,0,0.0232461,13.8629,3.50656,21,0.75547,0,0,0,0,1
E3-PPOLag-p003,43.7595,262,282,RLPolicy,0,0,0.0232457,13.8629,3.50656,21,0.816596,0,0,0,0,1
E3-PPOLag-p003,43.7605,136,73,RLPolicy,0,0,0.0236782,13.8629,3.50656,21,0.943492,0,0,0,0,1.00326
E3-PPOLag-p003,43.7683,73,266,RLPolicy,0,0,0.0569008,13.7088,3.50656,21,0.633874,0,0,0,0,1
E3-PPOLag-p003,43.7693,82,418,RLPolicy,0,0,0.0232446,13.8629,3.50656,21,1.37291,0,0,0,0,1
E3-PPOLag-p003,43.7745,123,596,RLPolicy,0,0,0.0236916,13.8629,3.50656,21,0.533986,0,0,0,0,1
E3-PPOLag-p003,43.7754,320,572,RLPolicy,0,0,0.0237012,13.8629,3.50656,21,0.30729,0,0,0,0,1
E3-PPOLag-p003,43.7825,399,266,RLPolicy,0,0,0.02325,13.8629,3.50656,21,0.906212,0,0,0,0,1
E3-PPOLag-p003,43.7854,189,266,RLPolicy,0,0,0.02325,13.8629,3.50656,21,0.79443,0,0,0,0,1.01366
E3-PPOLag-p003,43.7959,286,91,RLPolicy,0,0,0.0236791,13.8629,3.50656,21,0.397059,0,0,0,0,0.985933
E3-PPOLag-p003,43.7964,175,160,RLPolicy,0,0,0.0237641,13.8629,3.50656,21,0.361209,0,0,0,0,1
E3-PPOLag-p003,43.798,441,295,RLPolicy,0,0,0.0236785,13.8629,3.50656,21,0.527995,0,0,0,0,1.02406
E3-PPOLag-p003,43.8038,469,33,RLPolicy,0,0,0.0232454,13.8629,3.50656,21,1.14587,0,0,0,0,1
E3-PPOLag-p003,43.8061,443,484,RLPolicy,0,0,0.123245,0.693147,3.50656,2,0.010163,0,0,0,0,1
E3-PPOLag-p003,43.8102,434,397,RLPolicy,0,0,0.0232461,13.8629,3.50656,21,0.426107,0,0,0,0,1
E3-PPOLag-p003,43.8148,276,266,RLPolicy,0,0,0.02325,13.8629,3.50656,21,0.855996,0,0,0,0,1
E3-PPOLag-p003,43.8151,404,33,RLPolicy,0,0,0.0232454,13.8629,3.50656,21,0.63766,0,0,0,0,1
E3-PPOLag-p003,43.819,129,346,RLPolicy,0,0,0.0236821,13.8629,3.50656,21,0.44153,0,0,0,0,1
E3-PPOLag-p003,43.8206,98,542,RLPolicy,0,0,0.023246,13.8629,3.50656,21,0.465491,0,0,0,0,0.999592
E3-PPOLag-p003,43.8236,5,103,RLPolicy,0,0,0.052959,13.2522,3.50656,21,0.89032,0,0,0,0,1.00714
E3-PPOLag-p003,43.83,329,53,RLPolicy,0,0,0.0236781,13.8629,3.50656,21,0.577692,0,0,0,0,1
E3-PPOLag-p003,43.8317,215,330,RLPolicy,0,0,0.0237177,13.8629,3.50656,21,0.203674,0,0,0,0,1
E3-PPOLag-p003,43.8346,92,81,RLPolicy,0,0,0.02327,13.8629,3.50656,21,0.192316,0,0,0,0,1
E3-PPOLag-p003,43.8421,444,505,RLPolicy,0,0,0.0232441,13.8629,3.50656,21,0.746227,0,0,0,0,1
E3-PPOLag-p003,43.846,417,344,RLPolicy,0,0,0.023743,13.8629,3.50656,21,0.167847,0,0,0,0,1
E3-PPOLag-p003,43.847,464,76,RLPolicy,1,1,0.00196179,0.693147,3.50656,3,0.447342,0,0,0,0,0.985933
E3-PPOLag-p003,43.8562,22,345,RLPolicy,1,1,0.00959577,3.32512,3.50656,9,0.559617,0,0,0,0,0.999093
E3-PPOLag-p003,43.8623,263,53,RLPolicy,0,0,0.0236256,13.8629,3.50656,21,0.629313,0,0,0,0,1
E3-PPOLag-p003,43.8632,34,311,RLPolicy,0,0,0.0233206,12.336,3.50656,21,0.792561,0,0,0,0,0.988284
E3-PPOLag-p003,43.8664,367,53,RLPolicy,0,0,0.0236256,13.8629,3.50656,21,0.488123,0,0,0,0,1
E3-PPOLag-p003,43.8706,332,242,RLPolicy,0,0,0.0236822,13.8629,3.50656,21,0.584532,0,0,0,0,0.985933
E3-PPOLag-p003,43.8741,396,99,RLPolicy,0,0,0.0236581,13.7088,3.50656,21,1.11932,0,0,0,0,1
E3-PPOLag-p003,43.878,347,173,RLPolicy,0,0,0.023681,13.8629,3.50656,21,0.734059,0,0,0,0,1
E3-PPOLag-p003,43.8791,58,282,RLPolicy,0,0,0.0643756,13.5576,3.50656,21,0.837405,0,0,0,0,0.984406
E3-PPOLag-p003,43.8867,289,428,RLPolicy,0,0,0.0237582,13.8629,3.50656,21,0.121636,0,0,0,0,1
E3-PPOLag-p003,43.8889,172,266,RLPolicy,0,0,0.02325,13.8629,3.50656,21,0.639627,0,0,0,0,1
E3-PPOLag-p003,43.8897,359,266,RLPolicy,0,0,0.02325,13.8629,3.50656,21,0.808779,0,0,0,0,1
E3-PPOLag-p003,43.8942,181,483,RLPolicy,0,0,0.0237055,13.8629,3.50656,21,0.283299,0,0,0,0,1
E3-PPOLag-p003,43.9123,312,298,RLPolicy,0,0,0.0233629,13.8629,3.50656,21,0.542042,0,0,0,0,1
E3-PPOLag-p003,43.9147,405,180,RLPolicy,0,0,0.0236812,13.8629,3.50656,21,1.40385,0,0,0,0,1
E3-PPOLag-p003,43.9225,197,110,RLPolicy,0,0,0.0236848,13.8629,3.50656,21,0.49881,0,0,0,0,1
E3-PPOLag-p003,43.9262,226,256,RLPolicy,0,0,0.0232761,13.8629,3.50656,21,0.166866,0,0,0,0,0.985933
E3-PPOLag-p003,43.939,151,473,RLPolicy,0,0,0.02325,13.7088,3.50656,21,0.586764,0,0,0,0,1
E3-PPOLag-p003,43.9394,170,187,RLPolicy,0,0,0.0236851,13.8629,3.50656,21,0.353975,0,0,0,0,1.02059
E3-PPOLag-p003,43.958,430,151,RLPolicy,0,0,0.0232526,13.8629,3.50656,21,0.430726,0,0,0,0,1
E3-PPOLag-p003,43.9586,154,307,RLPolicy,0,0,0.023698,13.8629,3.50656,21,0.393254,0,0,0,0,1
E3-PPOLag-p003,43.9702,173,282,RLPolicy,0,0,0.0232457,13.8629,3.50656,21,0.636301,0,0,0,0,1
E3-PPOLag-p003,43.9719,41,151,RLPolicy,0,0,0.0237784,12.336,3.50656,21,0.567465,0,0,0,0,0.980445
E3-PPOLag-p003,43.9768,423,505,RLPolicy,0,0,0.0232503,13.8629,3.50656,21,0.595467,0,0,0,0,1
E3-PPOLag-p003,43.9815,69,227,RLPolicy,0,0,0.0236786,13.8629,3.50656,21,0.625755,0,0,0,0,1
E3-PPOLag-p003,43.9821,42,256,RLPolicy,0,0,0.0232761,13.8629,3.50656,21,0.475963,0,0,0,0,1
E3-PPOLag-p003,43.9851,244,142,RLPolicy,0,0,0.0232454,13.8629,3.50656,21,0.842891,0,0,0,0,1
E3-PPOLag-p003,43.9897,242,476,RLPolicy,0,0,0.0236791,13.8629,3.50656,21,0.296593,0,0,0,0,1
E3-PPOLag-p003,43.9922,163,425,RLPolicy,0,0,0.0232457,13.8629,3.50656,21,1.10548,0,0,0,0,1
E3-PPOLag-p003,43.9987,364,512,RLPolicy,0,0,0.0237462,13.8629,3.50656,21,0.165608,0,0,0,0,1
E3-PPOLag-p003,44.0119,30,35,RLPolicy,0,0,0.0237538,12.0307,3.50656,21,0.660145,0,0,0,0,1.0307
E3-PPOLag-p003,44.0153,143,70,RLPolicy,0,0,0.0237236,13.8629,3.50656,21,0.238923,0,0,0,0,1
E3-PPOLag-p003,44.0153,21,241,RLPolicy,1,1,0.0384471,1.55106,3.50656,6,0.670433,0,0,0,0,0.990223
E3-PPOLag-p003,44.0171,24,463,RLPolicy,0,0,0.0337,13.2522,3.50656,21,1.00322,0,0,0,0,1.03569
E3-PPOLag-p003,44.0188,135,505,RLPolicy,0,0,0.0232502,13.8629,3.50656,21,0.825322,0,0,0,0,1
E3-PPOLag-p003,44.0191,10,35,RLPolicy,0,0,0.0545272,12.6414,3.50656,21,0.332361,0,0,0,0,1
E3-PPOLag-p003,44.0209,174,53,RLPolicy,0,0,0.0236256,13.8629,3.50656,21,0.47096,0,0,0,0,1
E3-PPOLag-p003,44.0224,386,53,RLPolicy,1,1,0.00232405,0.693147,3.50656,3,0.115511,0,0,0,0,0.971866
E3-PPOLag-p003,44.0273,2,216,RLPolicy,0,0,0.0224955,13.8629,3.50656,21,0.760392,0,0,0,0,0.985933
E3-PPOLag-p003,44.0298,283,212,RLPolicy,0,0,0.0236255,13.8629,3.50656,21,0.684387,0,0,0,0,1
E3-PPOLag-p003,44.0348,4,9,RLPolicy,0,0,0.0226038,12.6414,3.50656,21,0.397562,0,0,0,0,1
E3-PPOLag-p003,44.035,338,282,RLPolicy,0,0,0.0232507,13.8629,3.50656,21,1.47527,0,0,0,0,1
E3-PPOLag-p003,44.0396,29,250,RLPolicy,0,0,0.0557379,12.6414,3.50656,21,0.629222,0,0,0,0,1
E3-PPOLag-p003,44.0517,298,142,RLPolicy,0,0,0.0232454,13.8629,3.50656,21,0.624974,0,0,0,0,1
E3-PPOLag-p003,44.0519,64,194,RLPolicy,0,0,0.0237077,13.7088,3.50656,21,0.960051,0,0,0,0,0.970324
E3-PPOLag-p003,44.0754,223,99,RLPolicy,0,0,0.0232454,13.8629,3.50656,21,0.47398,0,0,0,0,0.985933
E3-PPOLag-p003,44.0795,187,83,RLPolicy,0,0,0.0233069,13.8629,3.50656,21,0.941813,0,0,0,0,1
E3-PPOLag-p003,44.0804,132,499,RLPolicy,0,0,0.023686,13.8629,3.50656,21,0.344684,0,0,0,0,1
E3-PPOLag-p003,44.0874,368,212,RLPolicy,0,0,0.0236255,13.8629,3.50656,21,0.42803,0,0,0,0,1
E3-PPOLag-p003,44.0883,176,256,RLPolicy,0,0,0.0232759,13.8629,3.50656,21,0.37297,0,0,0,0,1.03792
E3-PPOLag-p003,44.0942,183,202,RLPolicy,0,0,0.0236884,13.8629,3.50656,21,0.664317,0,0,0,0,1
E3-PPOLag-p003,44.0966,407,492,RLPolicy,0,0,0.02325,13.7088,3.50656,21,0.938517,0,0,0,0,1
E3-PPOLag-p003,44.0976,157,202,RLPolicy,0,0,0.0236978,13.8629,3.50656,21,0.379447,0,0,0,0,1.04138
E3-PPOLag-p003,44.0992,340,142,RLPolicy,0,0,0.0232456,13.8629,3.50656,21,0.64543,0,0,0,0,1.02752
E3-PPOLag-p003,44.1025,75,589,RLPolicy,0,0,0.0236788,13.8629,3.50656,21,0.572911,0,0,0,0,1
E3-PPOLag-p003,44.1032,440,256,RLPolicy,0,0,0.0225019,13.1698,3.50656,20,0.192038,0,0,0,0,1
E3-PPOLag-p003,44.1168,382,423,RLPolicy,0,0,0.0232559,13.8629,3.50656,21,0.436405,0,0,0,0,1
E3-PPOLag-p003,44.1201,182,391,RLPolicy,0,0,0.0236901,13.8629,3.50656,21,1.24537,0,0,0,0,1
E3-PPOLag-p003,44.1207,57,453,RLPolicy,0,0,0.0363773,13.8629,3.50656,21,0.289879,0,0,0,0,1
E3-PPOLag-p003,44.1281,161,424,RLPolicy,0,0,0.023678,13.8629,3.50656,21,0.374361,0,0,0,0,1
E3-PPOLag-p003,44.1301,228,280,RLPolicy,0,0,0.0548591,0.693147,3.50656,2,0.011676,0,0,0,0,1
E3-PPOLag-p003,44.135,472,423,RLPolicy,0,0,0.0232559,13.8629,3.50656,21,0.854257,0,0,0,0,1
E3-PPOLag-p003,44.1516,269,570,RLPolicy,1,1,0.00238233,0.693147,3.50656,3,0.217566,0,0,0,0,0.985933
E3-PPOLag-p003,44.1634,208,57,RLPolicy,0,0,0.0236836,13.8629,3.50656,21,0.363632,0,0,0,0,1.04832
E3-PPOLag-p003,44.1657,379,492,RLPolicy,0,0,0.02325,13.8629,3.50656,21,0.667905,0,0,0,0,1
E3-PPOLag-p003,44.1691,331,212,RLPolicy,0,0,0.0236255,13.8629,3.50656,21,0.976735,0,0,0,0,0.992864
E3-PPOLag-p003,44.1698,465,453,RLPolicy,0,0,0.0232705,13.8629,3.50656,21,0.387596,0,0,0,0,1
E3-PPOLag-p003,44.1764,259,99,RLPolicy,0,0,0.0232454,13.8629,3.50656,21,0.765395,0,0,0,0,1
E3-PPOLag-p003,44.1793,110,208,RLPolicy,0,0,0.0236911,13.8629,3.50656,21,0.168088,0,0,0,0,1
E3-PPOLag-p003,44.1811,322,557,RLPolicy,0,0,0.0236837,13.8629,3.50656,21,0.348765,0,0,0,0,1.04485
E3-PPOLag-p003,44.1834,31,103,RLPolicy,0,0,0.0597979,13.2522,3.50656,21,0.521423,0,0,0,0,0.988284
E3-PPOLag-p003,44.1857,480,131,RLPolicy,0,0,0.0236844,13.8629,3.50656,21,0.426988,0,0,0,0,1
E3-PPOLag-p003,44.1929,267,212,RLPolicy,0,0,0.100432,13.7088,3.50656,21,0.527718,0,0,0,0,1
E3-PPOLag-p003,44.1997,137,456,RLPolicy,0,0,0.0237487,13.8629,3.50656,21,0.244445,0,0,0,0,1
E3-PPOLag-p003,44.2007,192,70,RLPolicy,0,0,0.0237233,13.8629,3.50656,21,0.4531,0,0,0,0,1
E3-PPOLag-p003,44.208,479,492,RLPolicy,0,0,0.02325,13.8629,3.50656,21,1.59871,0,0,0,0,1
E3-PPOLag-p003,44.2109,33,514,RLPolicy,0,0,0.0650061,13.2522,3.50656,21,0.741716,0,0,0,0,1.00867
E3-PPOLag-p003,44.2193,180,401,RLPolicy,0,0,0.0236821,13.8629,3.50656,21,0.440551,0,0,0,0,1
E3-PPOLag-p003,44.2264,352,492,RLPolicy,0,0,0.02325,13.8629,3.50656,21,0.55654,0,0,0,0,1.00326
E3-PPOLag-p003,44.233,225,450,RLPolicy,0,0,0.0232454,13.8629,3.50656,21,0.491963,0,0,0,0,1
E3-PPOLag-p003,44.2357,71,572,RLPolicy,0,0,0.0237019,13.8629,3.50656,21,0.240864,0,0,0,0,1
E3-PPOLag-p003,44.2413,190,492,RLPolicy,0,0,0.02325,13.8629,3.50656,21,0.824541,0,0,0,0,1
E3-PPOLag-p003,44.2418,70,447,RLPolicy,0,0,0.0236783,13.8629,3.50656,21,0.598536,0,0,0,0,1
E3-PPOLag-p003,44.2538,125,445,RLPolicy,0,0,0.0236782,13.8629,3.50656,21,0.548532,0,0,0,0,1
E3-PPOLag-p003,44.2627,485,423,RLPolicy,0,0,0.0232559,13.8629,3.50656,21,1.16644,0,0,0,0,1
E3-PPOLag-p003,44.2636,84,505,RLPolicy,0,0,0.0232502,13.8629,3.50656,21,0.711994,0,0,0,0,1
E3-PPOLag-p003,44.2672,209,64,RLPolicy,0,0,0.06864,13.8629,3.50656,21,0.353664,0,0,0,0,1
E3-PPOLag-p003,44.2693,214,99,RLPolicy,0,0,0.0232454,13.8629,3.50656,21,0.758776,0,0,0,0,0.989399
E3-PPOLag-p003,44.2713,446,307,RLPolicy,0,0,0.0236783,13.8629,3.50656,21,0.529425,0,0,0,0,1
E3-PPOLag-p003,44.2805,345,423,RLPolicy,0,0,0.0232559,13.8629,3.50656,21,0.611723,0,0,0,0,1
E3-PPOLag-p003,44.2966,394,52,RLPolicy,0,0,0.0236788,13.8629,3.50656,21,0.644586,0,0,0,0,1
E3-PPOLag-p003,44.2993,265,202,RLPolicy,0,0,0.023363,13.8629,3.50656,21,0.683086,0,0,0,0,1
E3-PPOLag-p003,44.302,87,194,RLPolicy,0,0,0.0387324,13.7088,3.50656,21,0.58892,0,0,0,0,1.03792
E3-PPOLag-p003,44.3049,363,599,RLPolicy,0,0,0.00239854,1.38629,3.50656,3,0.0379,0,0,0,0,1
E3-PPOLag-p003,44.3166,104,505,RLPolicy,0,0,0.0232502,13.8629,3.50656,21,0.642599,0,0,0,0,0.985933
E3-PPOLag-p003,44.3168,395,309,RLPolicy,0,0,0.02325,13.8629,3.50656,21,1.19409,0,0,0,0,1
E3-PPOLag-p003,44.3199,308,523,RLPolicy,0,0,0.0236907,13.8629,3.50656,21,0.355434,0,0,0,0,1.03099
E3-PPOLag-p003,44.3238,222,309,RLPolicy,0,0,0.02325,13.8629,3.50656,21,0.895357,0,0,0,0,1.03425
E3-PPOLag-p003,44.3245,23,476,RLPolicy,1,0,0.038507,6.01533,3.50656,12,0.54834,0,0,0,0,1.01684
E3-PPOLag-p003,44.3266,337,445,RLPolicy,0,0,0.0236881,13.8629,3.50656,21,0.386627,0,0,0,0,1.04832
E3-PPOLag-p003,44.3289,77,445,RLPolicy,0,0,0.0236783,13.8629,3.50656,21,0.845843,0,0,0,0,1
E3-PPOLag-p003,44.3331,415,492,RLPolicy,0,0,0.02325,13.8629,3.50656,21,0.81557,0,0,0,0,1
E3-PPOLag-p003,44.335,258,384,RLPolicy,0,0,0.0236779,13.8629,3.50656,21,0.56926,0,0,0,0,1
E3-PPOLag-p003,44.3412,79,450,RLPolicy,0,0,0.0232454,13.7088,3.50656,21,0.706209,0,0,0,0,1.06891
E3-PPOLag-p003,44.3419,32,153,RLPolicy,1,1,0.0048108,1.1633,3.50656,5,0.627732,0,0,0,0,0.988284
E3-PPOLag-p003,44.3441,37,13,RLPolicy,0,0,0.0237273,13.5576,3.50656,21,1.01275,0,0,0,0,1
E3-PPOLag-p003,44.3464,447,384,RLPolicy,0,0,0.0236782,13.8629,3.50656,21,0.401297,0,0,0,0,1
E3-PPOLag-p003,44.3535,206,411,RLPolicy,0,0,0.0237601,13.8629,3.50656,21,0.273614,0,0,0,0,1
E3-PPOLag-p003,44.3673,288,597,RLPolicy,0,0,0.0233691,13.8629,3.50656,21,0.674921,0,0,0,0,1.01366
E3-PPOLag-p003,44.3833,445,75,RLPolicy,0,0,0.0236805,13.8629,3.50656,21,0.494558,0,0,0,0,1
E3-PPOLag-p003,44.4052,204,347,RLPolicy,0,0,0.0236795,13.8629,3.50656,21,0.620577,0,0,0,0,1
E3-PPOLag-p003,44.4106,249,580,RLPolicy,0,0,0.023269,13.7088,3.50656,21,0.258936,0,0,0,0,1
E3-PPOLag-p003,44.416,256,517,RLPolicy,0,0,0.0236882,13.8629,3.50656,21,0.271952,0,0,0,0,1
E3-PPOLag-p003,44.4184,478,433,RLPolicy,0,0,0.0234929,13.8629,3.50656,21,0.794717,0,0,0,0,1
E3-PPOLag-p003,44.4185,237,194,RLPolicy,0,0,0.0232457,13.8629,3.50656,21,0.60319,0,0,0,0,0.989399
E3-PPOLag-p003,44.4188,169,583,RLPolicy,0,0,0.0236784,13.8629,3.50656,21,0.623589,0,0,0,0,1.03425
E3-PPOLag-p003,44.4215,239,346,RLPolicy,0,0,0.0236847,13.8629,3.50656,21,0.280316,0,0,0,0,1
E3-PPOLag-p003,44.4368,133,492,RLPolicy,0,0,0.02325,13.7088,3.50656,21,0.825031,0,0,0,0,1.04138
E3-PPOLag-p003,44.4398,429,580,RLPolicy,0,0,0.0232688,13.8629,3.50656,21,0.293053,0,0,0,0,1
E3-PPOLag-p003,44.442,486,244,RLPolicy,0,0,0.0232457,13.8629,3.50656,21,0.940708,0,0,0,0,1
E3-PPOLag-p003,44.4433,301,341,RLPolicy,0,0,0.0236867,13.8629,3.50656,21,0.137545,0,0,0,0,1
E3-PPOLag-p003,44.4532,28,20,RLPolicy,0,0,0.0233788,13.5576,3.50656,21,0.625373,0,0,0,0,0.97269
E3-PPOLag-p003,44.4537,466,580,RLPolicy,0,0,0.0236835,13.8629,3.50656,21,0.403247,0,0,0,0,1
E3-PPOLag-p003,44.4539,454,306,RLPolicy,0,0,0.0237241,13.8629,3.50656,21,2.24401,0,0,0,0,1
E3-PPOLag-p003,44.4663,72,264,RLPolicy,0,0,0.023714,13.8629,3.50656,21,0.245148,0,0,0,0,1
E3-PPOLag-p003,44.468,224,84,RLPolicy,0,0,0.0232525,13.8629,3.50656,21,0.468473,0,0,0,0,1.01019
E3-PPOLag-p003,44.4724,193,150,RLPolicy,0,0,0.0236891,13.8629,3.50656,21,0.685816,0,0,0,0,1.04832
E3-PPOLag-p003,44.4806,85,501,RLPolicy,0,0,0.0236808,13.8629,3.50656,21,0.226292,0,0,0,0,1.02059
E3-PPOLag-p003,44.4809,18,581,RLPolicy,0,0,0.023668,12.6414,3.50656,21,0.612781,0,0,0,0,1
E3-PPOLag-p003,44.4835,293,219,RLPolicy,0,0,0.0236779,13.8629,3.50656,21,0.487129,0,0,0,0,1
E3-PPOLag-p003,44.4895,353,438,RLPolicy,0,0,0.0047892,2.77259,3.50656,5,0.14943,0,0,0,0,1
E3-PPOLag-p003,44.4896,184,282,RLPolicy,0,0,0.0232458,13.8629,3.50656,21,0.945851,0,0,0,0,0.985933
E3-PPOLag-p003,44.4917,219,445,RLPolicy,0,0,0.0236782,13.8629,3.50656,21,0.616347,0,0,0,0,1
E3-PPOLag-p003,44.493,309,492,RLPolicy,0,0,0.02325,13.8629,3.50656,21,0.593984,0,0,0,0,1
E3-PPOLag-p003,44.5044,6,195,RLPolicy,0,0,0.040758,13.2522,3.50656,21,0.732124,0,0,0,0,1.05475
E3-PPOLag-p003,44.5076,392,492,RLPolicy,0,0,0.02325,13.8629,3.50656,21,0.589284,0,0,0,0,1
E3-PPOLag-p003,44.508,418,492,RLPolicy,0,0,0.02325,13.8629,3.50656,21,0.929343,0,0,0,0,1
E3-PPOLag-p003,44.5132,483,256,RLPolicy,0,0,0.0225019,13.1698,3.50656,20,0.347476,0,0,0,0,1
E3-PPOLag-p003,44.5148,78,587,RLPolicy,0,0,0.0236847,13.8629,3.50656,21,0.693721,0,0,0,0,1.02059
E3-PPOLag-p003,44.5187,282,492,RLPolicy,0,0,0.02325,13.8629,3.50656,21,0.80241,0,0,0,0,1.00999
E3-PPOLag-p003,44.525,299,212,RLPolicy,0,0,0.0236255,13.8629,3.50656,21,0.623481,0,0,0,0,1
E3-PPOLag-p003,44.5277,147,546,RLPolicy,1,0,0.0197347,11.0904,3.50656,18,0.468399,0,0,0,0,1.03792
E3-PPOLag-p003,44.5285,385,588,RLPolicy,0,0,0.0232454,13.8629,3.50656,21,0.443102,0,0,0,0,1
E3-PPOLag-p003,44.5379,420,217,RLPolicy,0,0,0.0236885,13.8629,3.50656,21,0.419239,0,0,0,0,1.01019
E3-PPOLag-p003,44.5413,134,256,RLPolicy,0,0,0.00949099,5.54518,3.50656,9,0.102633,0,0,0,0,1.01692
E3-PPOLag-p003,44.5514,243,53,RLPolicy,0,0,0.0236256,13.8629,3.50656,21,0.500057,0,0,0,0,0.985933
E3-PPOLag-p003,44.5522,408,485,RLPolicy,0,0,0.0232458,13.8629,3.50656,21,0.694677,0,0,0,0,1
E3-PPOLag-p003,44.5588,384,219,RLPolicy,0,0,0.023678,13.8629,3.50656,21,0.441239,0,0,0,0,1
E3-PPOLag-p003,44.5629,369,320,RLPolicy,0,0,0.0236945,13.8629,3.50656,21,0.135609,0,0,0,0,1
E3-PPOLag-p003,44.5684,119,492,RLPolicy,0,0,0.02325,13.8629,3.50656,21,0.921304,0,0,0,0,0.985933
E3-PPOLag-p003,44.5686,449,555,RLPolicy,0,0,0.0232454,13.8629,3.50656,21,0.729168,0,0,0,0,1
E3-PPOLag-p003,44.5857,155,555,RLPolicy,0,0,0.0232454,13.8629,3.50656,21,0.44598,0,0,0,0,1.04832
E3-PPOLag-p003,44.602,47,214,RLPolicy,0,0,0.0232523,13.2522,3.50656,21,0.427175,0,0,0,0,1
E3-PPOLag-p003,44.6026,13,2,RLPolicy,0,0,0.055067,12.6414,3.50656,21,0.229466,0,0,0,0,1.03334
E3-PPOLag-p003,44.6097,451,244,RLPolicy,0,0,0.0233625,13.8629,3.50656,21,0.766818,0,0,0,0,1
E3-PPOLag-p003,44.6161,100,343,RLPolicy,0,0,0.02368,13.8629,3.50656,21,0.456762,0,0,0,0,1.02385
E3-PPOLag-p003,44.6167,274,412,RLPolicy,0,0,0.0232542,13.7088,3.50656,21,0.902489,0,0,0,0,1
E3-PPOLag-p003,44.6184,328,244,RLPolicy,0,0,0.0233625,13.8629,3.50656,21,0.847765,0,0,0,0,1
E3-PPOLag-p003,44.6211,438,339,RLPolicy,0,0,0.0237202,13.8629,3.50656,21,0.204373,0,0,0,0,1
E3-PPOLag-p003,44.631,275,492,RLPolicy,0,0,0.02325,13.8629,3.50656,21,1.14458,0,0,0,0,1
E3-PPOLag-p003,44.6323,97,173,RLPolicy,0,0,0.0232458,13.8629,3.50656,21,0.54708,0,0,0,0,0.99633
E3-PPOLag-p003,44.6323,375,17,RLPolicy,0,0,0.0236255,13.8629,3.50656,21,0.6156,0,0,0,0,1
E3-PPOLag-p003,44.6328,251,540,RLPolicy,0,0,0.0236787,13.8629,3.50656,21,0.456692,0,0,0,0,1
E3-PPOLag-p003,44.6379,95,473,RLPolicy,0,0,0.02325,13.8629,3.50656,21,0.576666,0,0,0,0,1
E3-PPOLag-p003,44.6406,240,101,RLPolicy,0,0,0.0232687,13.8629,3.50656,21,0.252852,0,0,0,0,1.04485
E3-PPOLag-p003,44.6426,341,572,RLPolicy,0,0,0.0237032,13.8629,3.50656,21,0.513302,0,0,0,0,1
E3-PPOLag-p003,44.6457,202,33,RLPolicy,0,0,0.0232454,13.8629,3.50656,21,0.742108,0,0,0,0,0.992864
E3-PPOLag-p003,44.6465,463,339,RLPolicy,0,0,0.0236806,13.8629,3.50656,21,0.576383,0,0,0,0,1
E3-PPOLag-p003,44.65,217,412,RLPolicy,0,0,0.0233072,13.8629,3.50656,21,1.83926,0,0,0,0,1
E3-PPOLag-p003,44.6521,90,263,RLPolicy,0,0,0.0236813,13.8629,3.50656,21,0.434093,0,0,0,0,1
E3-PPOLag-p003,44.6653,185,99,RLPolicy,0,0,0.0232454,13.8629,3.50656,21,0.508459,0,0,0,0,0.985933
E3-PPOLag-p003,44.6751,122,492,RLPolicy,0,0,0.02325,13.8629,3.50656,21,0.558593,0,0,0,0,1
E3-PPOLag-p003,44.6777,481,309,RLPolicy,0,0,0.02325,13.8629,3.50656,21,0.86425,0,0,0,0,1
E3-PPOLag-p003,44.6805,146,501,RLPolicy,0,0,0.0236915,13.8629,3.50656,21,0.21979,0,0,0,0,1.02406
E3-PPOLag-p003,44.692,428,572,RLPolicy,0,0,0.0236988,13.8629,3.50656,21,0.12581,0,0,0,0,1
E3-PPOLag-p003,44.6975,419,243,RLPolicy,0,0,0.023682,13.8629,3.50656,21,0.657599,0,0,0,0,1
E3-PPOLag-p003,44.6982,148,149,RLPolicy,1,0,0.0142672,7.62462,3.50656,13,0.173633,0,0,0,0,1.02059
E3-PPOLag-p003,44.7045,280,228,RLPolicy,0,0,0.0740437,0.693147,3.50656,2,0.016327,0,0,0,0,1
E3-PPOLag-p003,44.7049,140,263,RLPolicy,0,0,0.0236807,13.8629,3.50656,21,0.693015,0,0,0,0,1
E3-PPOLag-p003,44.7076,15,127,RLPolicy,0,0,0.0555646,12.0307,3.50656,21,0.279203,0,0,0,0,1
E3-PPOLag-p003,44.71,36,37,RLPolicy,0,0,0.0237793,13.5576,3.50656,21,0.286616,0,0,0,0,1
E3-PPOLag-p003,44.714,350,99,RLPolicy,0,0,0.0232454,13.8629,3.50656,21,0.625267,0,0,0,0,1
E3-PPOLag-p003,44.7153,468,425,RLPolicy,0,0,0.0233628,13.8629,3.50656,21,0.922,0,0,0,0,1
E3-PPOLag-p003,44.7193,310,53,RLPolicy,0,0,0.0236833,13.8629,3.50656,21,0.439722,0,0,0,0,0.985933
E3-PPOLag-p003,44.7204,371,495,RLPolicy,0,0,0.0236841,13.8629,3.50656,21,0.193273,0,0,0,0,1
E3-PPOLag-p003,44.7209,482,99,RLPolicy,0,0,0.0232454,13.8629,3.50656,21,1.06068,0,0,0,0,1
E3-PPOLag-p003,44.7238,361,365,RLPolicy,0,0,0.0236986,13.8629,3.50656,21,0.462055,0,0,0,0,1
E3-PPOLag-p003,44.725,316,423,RLPolicy,0,0,0.023688,13.8629,3.50656,21,0.435255,0,0,0,0,1.03445
E3-PPOLag-p003,44.7312,254,237,RLPolicy,0,0,0.0232504,13.8629,3.50656,21,1.29315,0,0,0,0,1
E3-PPOLag-p003,44.7345,422,369,RLPolicy,0,0,0.0236864,13.8629,3.50656,21,0.268274,0,0,0,0,1
E3-PPOLag-p003,44.7449,412,194,RLPolicy,0,0,0.023246,13.8629,3.50656,21,0.857133,0,0,0,0,1
E3-PPOLag-p003,44.7453,470,450,RLPolicy,0,0,0.023735,13.8629,3.50656,21,0.290355,0,0,0,0,1
E3-PPOLag-p003,44.7786,51,585,RLPolicy,0,0,0.0236801,13.8629,3.50656,21,0.292409,0,0,0,0,1
E3-PPOLag-p003,44.7823,88,420,RLPolicy,0,0,0.023679,13.8629,3.50656,21,0.680607,0,0,0,0,1
E3-PPOLag-p003,44.7878,357,599,RLPolicy,0,0,0.00240007,1.38629,3.50656,3,0.104067,0,0,0,0,1
E3-PPOLag-p003,44.7889,121,448,RLPolicy,1,1,0.00596079,2.77259,3.50656,6,0.052403,0,0,0,0,0.99633
E3-PPOLag-p003,44.7895,351,293,RLPolicy,0,0,0.023678,13.8629,3.50656,21,0.603343,0,0,0,0,1
E3-PPOLag-p003,44.7917,284,492,RLPolicy,0,0,0.02325,13.8629,3.50656,21,0.919917,0,0,0,0,1
E3-PPOLag-p003,44.7958,330,344,RLPolicy,1,0,0.0225611,12.4766,3.50656,20,0.207099,0,0,0,0,1.04485
E3-PPOLag-p003,44.7959,101,129,RLPolicy,0,0,0.0232684,13.8629,3.50656,21,0.250572,0,0,0,0,0.992864
E3-PPOLag-p003,44.7974,362,77,RLPolicy,0,0,0.0236793,13.8629,3.50656,21,0.782849,0,0,0,0,1
E3-PPOLag-p003,44.7979,317,99,RLPolicy,0,0,0.0232454,13.8629,3.50656,21,0.522441,0,0,0,0,1
E3-PPOLag-p003,44.7994,315,101,RLPolicy,0,0,0.0232686,13.8629,3.50656,21,0.269499,0,0,0,0,1
E3-PPOLag-p003,44.801,458,492,RLPolicy,0,0,0.02325,13.8629,3.50656,21,0.790353,0,0,0,0,1
E3-PPOLag-p003,44.8131,14,101,RLPolicy,0,0,0.0232685,13.8629,3.50656,21,0.222188,0,0,0,0,1
E3-PPOLag-p003,44.8149,16,150,RLPolicy,0,0,0.0546264,12.6414,3.50656,21,0.451101,0,0,0,0,1
E3-PPOLag-p003,44.8169,198,15,RLPolicy,0,0,0.0237519,13.8629,3.50656,21,0.249324,0,0,0,0,1
E3-PPOLag-p003,44.817,196,129,RLPolicy,0,0,0.0232683,13.8629,3.50656,21,0.562349,0,0,0,0,1
E3-PPOLag-p003,44.8193,266,492,RLPolicy,0,0,0.02325,13.8629,3.50656,21,0.769276,0,0,0,0,0.985933
E3-PPOLag-p003,44.8224,141,17,RLPolicy,0,0,0.023678,13.8629,3.50656,21,0.714825,0,0,0,0,1
E3-PPOLag-p003,44.8268,474,215,RLPolicy,0,0,0.0237379,13.8629,3.50656,21,0.640938,0,0,0,0,1
E3-PPOLag-p003,44.8287,9,108,RLPolicy,0,0,0.0330749,12.6414,3.50656,21,0.436967,0,0,0,0,1.02793
E3-PPOLag-p003,44.8311,144,212,RLPolicy,0,0,0.0236256,13.8629,3.50656,21,0.66629,0,0,0,0,1
E3-PPOLag-p003,44.8342,178,197,RLPolicy,0,0,0.0236923,13.8629,3.50656,21,0.215974,0,0,0,0,1.02385
E3-PPOLag-p003,44.8373,336,298,RLPolicy,0,0,0.0233624,13.8629,3.50656,21,0.720871,0,0,0,0,1
E3-PPOLag-p003,44.8391,406,492,RLPolicy,0,0,0.02325,13.8629,3.50656,21,0.851815,0,0,0,0,1
E3-PPOLag-p003,44.8439,26,349,RLPolicy,0,0,0.023731,13.5576,3.50656,21,0.58468,0,0,0,0,1.02059
E3-PPOLag-p003,44.8522,203,17,RLPolicy,0,0,0.0236255,13.8629,3.50656,21,0.661416,0,0,0,0,0.985933
E3-PPOLag-p003,44.8539,229,17,RLPolicy,0,0,0.0236782,13.8629,3.50656,21,0.551239,0,0,0,0,1
E3-PPOLag-p003,44.8568,205,214,RLPolicy,0,0,0.023246,13.8629,3.50656,21,1.51938,0,0,0,0,1
E3-PPOLag-p003,44.8589,342,492,RLPolicy,0,0,0.02325,13.8629,3.50656,21,0.7371,0,0,0,0,1
E3-PPOLag-p003,44.8595,199,17,RLPolicy,0,0,0.0236782,13.8629,3.50656,21,0.963621,0,0,0,0,1
E3-PPOLag-p003,44.8677,220,338,RLPolicy,0,0,0.0232457,13.8629,3.50656,21,0.651225,0,0,0,0,1
E3-PPOLag-p003,44.8685,250,17,RLPolicy,0,0,0.0236255,13.8629,3.50656,21,0.524474,0,0,0,0,0.985933
E3-PPOLag-p003,44.8685,436,275,RLPolicy,0,0,0.0232492,13.8629,3.50656,21,0.693813,0,0,0,0,1
E3-PPOLag-p003,44.8695,213,205,RLPolicy,0,0,0.0232459,13.8629,3.50656,21,0.76888,0,0,0,0,1
E3-PPOLag-p003,44.8776,62,274,RLPolicy,0,0,0.0237119,13.5576,3.50656,21,1.03708,0,0,0,0,1.06412
E3-PPOLag-p003,44.8778,238,51,RLPolicy,0,0,0.0237428,13.8629,3.50656,21,0.164717,0,0,0,0,1.08277
E3-PPOLag-p003,44.8789,138,82,RLPolicy,0,0,0.0232501,13.8629,3.50656,21,0.933699,0,0,0,0,1
E3-PPOLag-p003,44.8789,313,237,RLPolicy,0,0,0.0232504,13.8629,3.50656,21,0.998277,0,0,0,0,1
E3-PPOLag-p003,44.8879,311,412,RLPolicy,0,0,0.0233073,13.8629,3.50656,21,0.781719,0,0,0,0,1
E3-PPOLag-p003,44.8896,248,100,RLPolicy,0,0,0.0232524,13.8629,3.50656,21,0.472407,0,0,0,0,1
E3-PPOLag-p003,44.8958,292,17,RLPolicy,0,0,0.0236255,13.8629,3.50656,21,0.589965,0,0,0,0,1
E3-PPOLag-p003,44.8976,207,7,RLPolicy,0,0,0.0236815,13.8629,3.50656,21,0.74362,0,0,0,0,1
E3-PPOLag-p003,44.8991,297,75,RLPolicy,0,0,0.0236804,13.8629,3.50656,21,0.633763,0,0,0,0,1
E3-PPOLag-p003,44.8992,171,173,RLPolicy,0,0,0.0232457,13.8629,3.50656,21,0.61537,0,0,0,0,1.02059
E3-PPOLag-p003,44.9003,421,298,RLPolicy,0,0,0.0233624,13.8629,3.50656,21,0.767611,0,0,0,0,1
E3-PPOLag-p003,44.9077,307,445,RLPolicy,0,0,0.0236781,13.8629,3.50656,21,0.449251,0,0,0,0,1
E3-PPOLag-p003,44.9097,80,205,RLPolicy,0,0,0.0232459,13.8629,3.50656,21,1.03614,0,0,0,0,1
E3-PPOLag-p003,44.91,212,17,RLPolicy,0,0,0.0236255,13.8629,3.50656,21,0.65175,0,0,0,0,1
E3-PPOLag-p003,44.9163,191,158,RLPolicy,1,0,0.0185452,10.3972,3.50656,17,0.494255,0,0,0,0,1.02039
E3-PPOLag-p003,44.9255,314,496,RLPolicy,0,0,0.0232459,13.8629,3.50656,21,0.46087,0,0,0,0,0.985933
E3-PPOLag-p003,44.9294,278,302,RLPolicy,0,0,0.0232544,13.8629,3.50656,21,0.655119,0,0,0,0,1
E3-PPOLag-p003,44.9335,473,266,RLPolicy,0,0,0.0232501,13.8629,3.50656,21,1.0145,0,0,0,0,1
E3-PPOLag-p003,44.9392,159,387,RLPolicy,0,0,0.0236841,13.8629,3.50656,21,0.348306,0,0,0,0,1
E3-PPOLag-p003,44.944,270,205,RLPolicy,0,0,0.0232459,13.8629,3.50656,21,0.758263,0,0,0,0,1.04138
E3-PPOLag-p003,44.9463,354,291,RLPolicy,1,0,0.0173642,9.70406,3.50656,16,0.813062,0,0,0,0,1.04118
E3-PPOLag-p003,44.9473,296,436,RLPolicy,0,0,0.0233554,13.0922,3.50656,21,1.42312,0,0,0,0,1.00344
E3-PPOLag-p003,44.9552,410,411,RLPolicy,0,0,0.0237391,13.8629,3.50656,21,0.300581,0,0,0,0,1
E3-PPOLag-p003,44.9561,360,456,RLPolicy,0,0,0.0237114,13.8629,3.50656,21,0.281915,0,0,0,0,1
E3-PPOLag-p003,44.9569,166,17,RLPolicy,0,0,0.0236781,13.8629,3.50656,21,0.556426,0,0,0,0,0.985933
E3-PPOLag-p003,44.9586,397,496,RLPolicy,0,0,0.0232459,13.7088,3.50656,21,0.438844,0,0,0,0,1
E3-PPOLag-p003,44.9605,130,450,RLPolicy,0,0,0.0237449,13.8629,3.50656,21,0.624241,0,0,0,0,1
E3-PPOLag-p003,44.9632,402,259,RLPolicy,0,0,0.023246,13.8629,3.50656,21,0.555508,0,0,0,0,0.985933
E3-PPOLag-p003,44.9654,40,21,RLPolicy,0,0,0.0233053,12.336,3.50656,21,1.13958,0,0,0,0,1.00949
E3-PPOLag-p003,44.9675,158,244,RLPolicy,0,0,0.0233625,13.8629,3.50656,21,0.634583,0,0,0,0,1.02406
E3-PPOLag-p003,44.9679,56,205,RLPolicy,0,0,0.0232459,13.8629,3.50656,21,0.616184,0,0,0,0,1
E3-PPOLag-p003,44.978,117,268,RLPolicy,0,0,0.0236938,13.8629,3.50656,21,0.572254,0,0,0,0,1
E3-PPOLag-p003,44.9811,305,205,RLPolicy,0,0,0.0232459,13.8629,3.50656,21,0.68619,0,0,0,0,1
E3-PPOLag-p003,44.9855,477,266,RLPolicy,0,0,0.0232501,13.8629,3.50656,21,0.918593,0,0,0,0,1
E3-PPOLag-p003,44.9858,453,180,RLPolicy,0,0,0.0236815,13.8629,3.50656,21,1.06098,0,0,0,0,1
E3-PPOLag-p003,45.009,186,82,RLPolicy,0,0,0.0232501,13.8629,3.50656,21,0.597664,0,0,0,0,1.01019
E3-PPOLag-p003,45.0111,370,205,RLPolicy,0,0,0.0232459,13.8629,3.50656,21,0.893279,0,0,0,0,1
E3-PPOLag-p003,45.0152,304,384,RLPolicy,0,0,0.0236779,13.8629,3.50656,21,0.456471,0,0,0,0,1
E3-PPOLag-p003,45.02,149,266,RLPolicy,0,0,0.0232501,13.8629,3.50656,21,1.1045,0,0,0,0,1
E3-PPOLag-p003,45.0251,281,161,RLPolicy,0,0,0.0237179,13.8629,3.50656,21,0.472804,0,0,0,0,1.01712
E3-PPOLag-p003,45.0302,294,149,RLPolicy,0,0,0.0236787,13.8629,3.50656,21,0.848378,0,0,0,0,1.04138
E3-PPOLag-p003,45.0358,116,302,RLPolicy,0,0,0.0236822,13.8629,3.50656,21,0.407789,0,0,0,0,1.03792
E3-PPOLag-p003,45.0404,333,381,RLPolicy,0,0,0.0236791,13.8629,3.50656,21,1.17633,0,0,0,0,1
E3-PPOLag-p003,45.0453,365,339,RLPolicy,0,0,0.0236837,13.8629,3.50656,21,0.455863,0,0,0,0,1
E3-PPOLag-p003,45.0463,389,86,RLPolicy,0,0,0.112375,13.8629,3.50656,21,0.162114,0,0,0,0,1
E3-PPOLag-p003,45.0541,255,496,RLPolicy,0,0,0.0232458,13.8629,3.50656,21,0.456457,0,0,0,0,0.985933
E3-PPOLag-p003,45.0545,321,411,RLPolicy,0,0,0.0237353,13.8629,3.50656,21,0.171966,0,0,0,0,1
E3-PPOLag-p003,45.0587,20,457,RLPolicy,0,0,0.0376503,12.336,3.50656,21,0.450076,0,0,0,0,1.0151
E3-PPOLag-p003,45.06,3,339,RLPolicy,1,0,0.0239444,4.24127,3.50656,9,0.553483,0,0,0,0,1.02418
E3-PPOLag-p003,45.0602,19,9,RLPolicy,0,0,0.0237853,11.7253,3.50656,21,0.658301,0,0,0,0,1
E3-PPOLag-p003,45.0755,471,266,RLPolicy,0,0,0.0232501,13.8629,3.50656,21,0.977778,0,0,0,0,1
E3-PPOLag-p003,45.0878,233,17,RLPolicy,0,0,0.0236781,13.8629,3.50656,21,0.477657,0,0,0,0,1.00673
E3-PPOLag-p003,45.0879,231,266,RLPolicy,0,0,0.0232501,13.8629,3.50656,21,0.674789,0,0,0,0,0.985933
E3-PPOLag-p003,45.0884,374,38,RLPolicy,0,0,0.0236828,13.8629,3.50656,21,0.504552,0,0,0,0,0.985933
E3-PPOLag-p003,45.0895,45,550,RLPolicy,0,0,0.023717,13.8629,3.50656,21,0.158525,0,0,0,0,1
E3-PPOLag-p003,45.0912,390,266,RLPolicy,0,0,0.0232501,13.8629,3.50656,21,0.608887,0,0,0,0,1
E3-PPOLag-p003,45.092,111,266,RLPolicy,0,0,0.0232501,13.8629,3.50656,21,0.689607,0,0,0,0,1
E3-PPOLag-p003,45.0923,302,7,RLPolicy,0,0,0.0236791,13.8629,3.50656,21,0.768871,0,0,0,0,1
E3-PPOLag-p003,45.0973,260,536,RLPolicy,0,0,0.0236784,13.8629,3.50656,21,0.43911,0,0,0,0,1
E3-PPOLag-p003,45.0993,46,252,RLPolicy,0,0,0.0236324,13.5576,3.50656,21,0.616146,0,0,0,0,0.971866
E3-PPOLag-p003,45.1016,356,406,RLPolicy,0,0,0.023245,13.8629,3.50656,21,1.18736,0,0,0,0,1
E3-PPOLag-p003,45.1041,168,122,RLPolicy,0,0,0.0232501,13.8629,3.50656,21,0.616515,0,0,0,0,0.985933
E3-PPOLag-p003,45.105,247,205,RLPolicy,0,0,0.0232459,13.8629,3.50656,21,0.582815,0,0,0,0,1
E3-PPOLag-p003,45.1061,475,3,RLPolicy,0,0,0.0236854,13.8629,3.50656,21,0.621471,0,0,0,0,1
E3-PPOLag-p003,45.1115,416,406,RLPolicy,0,0,0.02325,13.8629,3.50656,21,0.998974,0,0,0,0,1
E3-PPOLag-p003,45.1134,218,479,RLPolicy,0,0,0.0236787,13.8629,3.50656,21,0.903175,0,0,0,0,1
E3-PPOLag-p003,45.1136,43,50,RLPolicy,0,0,0.0588787,12.9468,3.50656,21,0.959245,0,0,0,0,0.992161
E3-PPOLag-p003,45.1182,378,122,RLPolicy,0,0,0.0232501,13.8629,3.50656,21,0.717873,0,0,0,0,1
E3-PPOLag-p003,45.1206,227,62,RLPolicy,0,0,0.0236804,13.8629,3.50656,21,0.650336,0,0,0,0,1
E3-PPOLag-p003,45.1216,398,122,RLPolicy,0,0,0.0232501,13.8629,3.50656,21,0.536449,0,0,0,0,1
E3-PPOLag-p003,45.1229,414,419,RLPolicy,0,0,0.0236782,13.8629,3.50656,21,0.567974,0,0,0,0,1
E3-PPOLag-p003,45.129,303,572,RLPolicy,0,0,0.0237004,13.8629,3.50656,21,0.124063,0,0,0,0,1
E3-PPOLag-p003,45.1394,12,475,RLPolicy,0,0,0.0236788,13.8629,3.50656,21,0.689234,0,0,0,0,1.0314
E3-PPOLag-p003,45.1454,63,38,RLPolicy,0,0,0.0236799,13.8629,3.50656,21,0.467101,0,0,0,0,1.00867
E3-PPOLag-p003,45.1472,442,259,RLPolicy,0,0,0.023246,13.8629,3.50656,21,0.500071,0,0,0,0,1
E3-PPOLag-p003,45.1508,81,13,RLPolicy,0,0,0.0236819,13.8629,3.50656,21,0.551702,0,0,0,0,1
E3-PPOLag-p003,45.1611,393,583,RLPolicy,0,0,0.0232501,13.8629,3.50656,21,0.663056,0,0,0,0,1
E3-PPOLag-p003,45.1625,433,397,RLPolicy,0,0,0.0232458,13.8629,3.50656,21,0.753348,0,0,0,0,1
E3-PPOLag-p003,45.1626,25,566,RLPolicy,0,0,0.023331,12.0307,3.50656,21,0.781099,0,0,0,0,1.00491
E3-PPOLag-p003,45.168,401,9,RLPolicy,0,0,0.0236782,13.8629,3.50656,21,0.457852,0,0,0,0,1
E3-PPOLag-p003,45.1706,216,298,RLPolicy,0,0,0.0233625,13.8629,3.50656,21,0.738076,0,0,0,0,0.989399
E3-PPOLag-p003,45.1833,459,243,RLPolicy,0,0,0.0236788,13.8629,3.50656,21,0.452709,0,0,0,0,1
E3-PPOLag-p003,45.184,366,583,RLPolicy,0,0,0.0232501,13.8629,3.50656,21,1.02522,0,0,0,0,1
E3-PPOLag-p003,45.1985,235,122,RLPolicy,0,0,0.0232501,13.8629,3.50656,21,0.606406,0,0,0,0,1
E3-PPOLag-p003,45.1985,413,459,RLPolicy,0,0,0.0237137,13.8629,3.50656,21,0.324647,0,0,0,0,1
E3-PPOLag-p003,45.1995,103,259,RLPolicy,0,0,0.0236792,13.8629,3.50656,21,0.562072,0,0,0,0,1
E3-PPOLag-p003,45.2047,105,282,RLPolicy,0,0,0.0232502,13.8629,3.50656,21,0.531516,0,0,0,0,1
E3-PPOLag-p003,45.2053,76,282,RLPolicy,0,0,0.0232502,13.7088,3.50656,21,1.20729,0,0,0,0,1
E3-PPOLag-p003,45.2063,107,82,RLPolicy,0,0,0.0232502,13.8629,3.50656,21,0.685625,0,0,0,0,1
E3-PPOLag-p003,45.2078,230,599,RLPolicy,0,0,0.0023964,1.38629,3.50656,3,0.07598,0,0,0,0,1
E3-PPOLag-p003,45.2092,210,256,RLPolicy,0,0,0.00948143,5.54518,3.50656,9,0.141627,0,0,0,0,1
E3-PPOLag-p003,45.212,391,205,RLPolicy,0,0,0.023246,13.8629,3.50656,21,0.476338,0,0,0,0,0.985933
E3-PPOLag-p003,45.215,460,215,RLPolicy,0,0,0.0237354,13.8629,3.50656,21,0.161401,0,0,0,0,1
E3-PPOLag-p003,45.2159,268,349,RLPolicy,0,0,0.0236781,13.8629,3.50656,21,0.472676,0,0,0,0,1.04832
E3-PPOLag-p003,45.2175,194,168,RLPolicy,0,0,0.0236782,13.8629,3.50656,21,0.840734,0,0,0,0,0.971866
E3-PPOLag-p003,45.2218,112,156,RLPolicy,0,0,0.023678,13.8629,3.50656,21,0.743512,0,0,0,0,1
E3-PPOLag-p003,45.2259,54,143,RLPolicy,0,0,0.0237512,13.8629,3.50656,21,0.157662,0,0,0,0,1.02752
E3-PPOLag-p003,45.2279,327,309,RLPolicy,0,0,0.0236792,13.8629,3.50656,21,0.39606,0,0,0,0,1
E3-PPOLag-p003,45.2313,139,205,RLPolicy,0,0,0.023246,13.8629,3.50656,21,0.764619,0,0,0,0,1
E3-PPOLag-p003,45.2315,38,3,RLPolicy,0,0,0.0236865,13.8629,3.50656,21,0.412879,0,0,0,0,1.03243
E3-PPOLag-p003,45.2362,162,328,RLPolicy,0,0,0.0237537,13.8629,3.50656,21,0.173533,0,0,0,0,1
E3-PPOLag-p003,45.237,66,397,RLPolicy,0,0,0.0232458,13.8629,3.50656,21,0.475251,0,0,0,0,1.03099
E3-PPOLag-p003,45.2392,373,240,RLPolicy,0,0,0.0236914,13.8629,3.50656,21,0.225286,0,0,0,0,1
E3-PPOLag-p003,45.242,50,390,RLPolicy,0,0,0.0587495,13.4034,3.50656,21,0.870425,0,0,0,0,1.02946
E3-PPOLag-p003,45.2423,52,302,RLPolicy,0,0,0.0232531,13.8629,3.50656,21,0.507213,0,0,0,0,1.01539
E3-PPOLag-p003,45.247,114,438,RLPolicy,0,0,0.00594289,3.46574,3.50656,6,0.060539,0,0,0,0,1
E3-PPOLag-p003,45.2636,39,447,RLPolicy,0,0,0.0236782,13.8629,3.50656,21,0.721743,0,0,0,0,1
E3-PPOLag-p003,45.2764,287,499,RLPolicy,0,0,0.0232681,13.8629,3.50656,21,0.355665,0,0,0,0,1
E3-PPOLag-p003,45.2786,120,36,RLPolicy,0,0,0.0237352,13.8629,3.50656,21,0.203352,0,0,0,0,1
E3-PPOLag-p003,45.2872,59,82,RLPolicy,0,0,0.0237241,13.5576,3.50656,21,0.867239,0,0,0,0,1
E3-PPOLag-p003,45.2918,455,51,RLPolicy,0,0,0.0237303,13.8629,3.50656,21,0.368921,0,0,0,0,1
E3-PPOLag-p003,45.2963,236,122,RLPolicy,0,0,0.0232501,13.8629,3.50656,21,0.798299,0,0,0,0,1
E3-PPOLag-p003,45.297,241,472,RLPolicy,0,0,0.0236865,13.8629,3.50656,21,0.337614,0,0,0,0,1.03099
E3-PPOLag-p003,45.3021,131,542,RLPolicy,0,0,0.0232457,13.8629,3.50656,21,0.773706,0,0,0,0,1
E3-PPOLag-p003,45.3116,49,572,RLPolicy,0,0,0.0237067,13.8629,3.50656,21,0.227614,0,0,0,0,1
E3-PPOLag-p003,45.3129,411,396,RLPolicy,0,0,0.12213,13.8629,3.50656,21,0.688904,0,0,0,0,1
E3-PPOLag-p003,45.3146,448,215,RLPolicy,0,0,0.0237315,13.8629,3.50656,21,1.24519,0,0,0,0,1
E3-PPOLag-p003,45.3152,188,369,RLPolicy,0,0,0.023681,13.8629,3.50656,21,0.34909,0,0,0,0,1.00673
E3-PPOLag-p003,45.3163,211,194,RLPolicy,0,0,0.0233073,13.8629,3.50656,21,0.922226,0,0,0,0,1.01712
E3-PPOLag-p003,45.317,68,320,RLPolicy,0,0,0.0237576,13.8629,3.50656,21,0.202898,0,0,0,0,1.02752
E3-PPOLag-p003,45.3184,86,264,RLPolicy,0,0,0.0237359,13.8629,3.50656,21,0.27715,0,0,0,0,1
E3-PPOLag-p003,45.3216,383,572,RLPolicy,0,0,0.0237067,13.8629,3.50656,21,0.164395,0,0,0,0,1
E3-PPOLag-p003,45.3234,109,17,RLPolicy,0,0,0.0236255,13.8629,3.50656,21,0.615769,0,0,0,0,1
E3-PPOLag-p003,45.3245,339,82,RLPolicy,0,0,0.0233142,13.7088,3.50656,21,1.10456,0,0,0,0,0.985162
E3-PPOLag-p003,45.3248,496,194,RLPolicy,0,0,0.0233073,13.8629,3.50656,21,1.39989,0,0,0,0,1
E3-PPOLag-p003,45.3251,245,394,RLPolicy,0,0,0.0236779,13.8629,3.50656,21,0.424674,0,0,0,0,1
E3-PPOLag-p003,45.3269,377,122,RLPolicy,0,0,0.0232501,13.8629,3.50656,21,0.595977,0,0,0,0,1
E3-PPOLag-p003,45.3286,319,67,RLPolicy,0,0,0.0236854,13.8629,3.50656,21,0.395093,0,0,0,0,1.02406
E3-PPOLag-p003,45.3288,427,471,RLPolicy,0,0,0.0236797,13.8629,3.50656,21,1.04814,0,0,0,0,1
E3-PPOLag-p003,45.33,400,523,RLPolicy,0,0,0.0236886,13.8629,3.50656,21,0.179543,0,0,0,0,1
E3-PPOLag-p003,45.3304,273,122,RLPolicy,0,0,0.0232501,13.8629,3.50656,21,0.666694,0,0,0,0,1
E3-PPOLag-p003,45.3306,272,205,RLPolicy,0,0,0.023246,13.8629,3.50656,21,0.59741,0,0,0,0,1
E3-PPOLag-p003,45.3317,343,302,RLPolicy,0,0,0.0232531,13.8629,3.50656,21,0.660586,0,0,0,0,1
E3-PPOLag-p003,45.3319,462,100,RLPolicy,0,0,0.0232532,13.8629,3.50656,21,0.416131,0,0,0,0,1
E3-PPOLag-p003,45.3465,380,523,RLPolicy,0,0,0.0236861,13.8629,3.50656,21,0.195265,0,0,0,0,1
E3-PPOLag-p003,45.3471,1,561,RLPolicy,0,0,0.023769,12.9468,3.50656,21,0.301165,0,0,0,0,1.04027
E3-PPOLag-p003,45.357,156,122,RLPolicy,0,0,0.0232501,13.8629,3.50656,21,0.818953,0,0,0,0,1
E3-PPOLag-p003,45.3654,7,431,RLPolicy,0,0,0.0232917,12.6414,3.50656,21,0.640691,0,0,0,0,0.994931
E3-PPOLag-p003,45.3667,306,215,RLPolicy,0,0,0.023748,13.8629,3.50656,21,0.13832,0,0,0,0,1
E3-PPOLag-p003,45.3673,318,277,RLPolicy,0,0,0.0818342,0.693147,3.50656,2,0.013151,0,0,0,0,1
E3-PPOLag-p003,45.3705,388,197,RLPolicy,0,0,0.0236799,13.8629,3.50656,21,0.199928,0,0,0,0,0.985933
E3-PPOLag-p003,45.3827,425,259,RLPolicy,0,0,0.0232473,13.8629,3.50656,21,0.894464,0,0,0,0,1
E3-PPOLag-p003,45.388,358,17,RLPolicy,0,0,0.0236255,13.8629,3.50656,21,0.662032,0,0,0,0,1
E3-PPOLag-p003,45.3911,8,575,RLPolicy,0,0,0.0538329,13.2522,3.50656,21,1.6709,0,0,0,0,1
E3-PPOLag-p003,45.3919,201,82,RLPolicy,0,0,0.0232502,13.8629,3.50656,21,0.990668,0,0,0,0,0.989399
E3-PPOLag-p003,45.3944,372,122,RLPolicy,0,0,0.0232501,13.8629,3.50656,21,0.9514,0,0,0,0,1
E3-PPOLag-p003,45.416,17,530,RLPolicy,0,0,0.0236256,13.2522,3.50656,21,0.47666,0,0,0,0,0.984406
E3-PPOLag-p003,45.4173,261,384,RLPolicy,0,0,0.0236782,13.8629,3.50656,21,0.422953,0,0,0,0,1
E3-PPOLag-p003,45.4243,177,537,RLPolicy,1,1,0.00239145,0.693147,3.50656,3,0.163141,0,0,0,0,0.985933
E3-PPOLag-p003,45.4255,67,309,RLPolicy,0,0,0.0232499,13.8629,3.50656,21,0.501512,0,0,0,0,0.98899
E3-PPOLag-p003,45.4259,497,536,RLPolicy,0,0,0.02325,13.8629,3.50656,21,0.745299,0,0,0,0,1
E3-PPOLag-p003,45.4324,435,459,RLPolicy,0,0,0.0237091,13.8629,3.50656,21,1.0553,0,0,0,0,1.03099
E3-PPOLag-p003,45.4422,334,347,RLPolicy,0,0,0.0236812,13.8629,3.50656,21,0.591176,0,0,0,0,1
E3-PPOLag-p003,45.4436,323,169,RLPolicy,0,0,0.0236848,13.8629,3.50656,21,0.612774,0,0,0,0,1
E3-PPOLag-p003,45.4461,264,215,RLPolicy,0,0,0.0237522,13.8629,3.50656,21,0.12648,0,0,0,0,1
E3-PPOLag-p003,45.4553,94,234,RLPolicy,0,0,0.0236806,13.8629,3.50656,21,0.668725,0,0,0,0,1
E3-PPOLag-p003,45.4573,74,420,RLPolicy,0,0,0.0236829,13.8629,3.50656,21,0.724857,0,0,0,0,1
E3-PPOLag-p003,45.4588,234,319,RLPolicy,0,0,0.0233063,13.8629,3.50656,21,0.656336,0,0,0,0,0.985933
E3-PPOLag-p003,45.4592,409,452,RLPolicy,0,0,0.114669,1.38629,3.50656,3,0.025315,0,0,0,0,1
E3-PPOLag-p003,45.4602,65,523,RLPolicy,0,0,0.0236859,13.8629,3.50656,21,0.242684,0,0,0,0,1.05158
E3-PPOLag-p003,45.4637,344,454,RLPolicy,0,0,0.0201867,11.7835,3.50656,18,0.20513,0,0,0,0,1.05851
E3-PPOLag-p003,45.4684,61,31,RLPolicy,0,0,0.0236781,13.8629,3.50656,21,0.517608,0,0,0,0,1
E3-PPOLag-p003,45.4711,432,136,RLPolicy,0,0,0.0234963,13.8629,3.50656,21,0.779231,0,0,0,0,1
E3-PPOLag-p003,45.474,160,306,RLPolicy,0,0,0.0237297,13.8629,3.50656,21,0.291447,0,0,0,0,1.01019
E3-PPOLag-p003,45.4817,48,138,RLPolicy,0,0,0.0232503,13.8629,3.50656,21,0.720898,0,0,0,0,1.00326
E3-PPOLag-p003,45.4817,487,583,RLPolicy,0,0,0.023245,13.8629,3.50656,21,1.04744,0,0,0,0,1
E3-PPOLag-p003,45.4931,450,205,RLPolicy,0,0,0.023246,13.8629,3.50656,21,0.555238,0,0,0,0,1
E3-PPOLag-p003,45.499,99,205,RLPolicy,0,0,0.023246,13.8629,3.50656,21,0.68264,0,0,0,0,1
E3-PPOLag-p003,45.5034,55,542,RLPolicy,0,0,0.0232457,13.8629,3.50656,21,0.424704,0,0,0,0,0.99633
E3-PPOLag-p003,45.5064,476,171,RLPolicy,0,0,0.0236879,13.8629,3.50656,21,0.597705,0,0,0,0,1
E3-PPOLag-p003,45.5098,426,572,RLPolicy,0,0,0.0237083,13.8629,3.50656,21,0.239744,0,0,0,0,1
E3-PPOLag-p003,45.51,457,254,RLPolicy,0,0,0.0236806,13.8629,3.50656,21,0.345188,0,0,0,0,1
E3-PPOLag-p003,45.5114,335,406,RLPolicy,0,0,0.023245,13.8629,3.50656,21,0.773963,0,0,0,0,1.03792
E3-PPOLag-p003,45.5143,93,17,RLPolicy,0,0,0.0236255,13.8629,3.50656,21,0.731358,0,0,0,0,1
E3-PPOLag-p003,45.5147,53,212,RLPolicy,0,0,0.0236256,13.7088,3.50656,21,0.495764,0,0,0,0,1.03078
E3-PPOLag-p003,45.5196,113,403,RLPolicy,0,0,0.0232525,13.8629,3.50656,21,0.321965,0,0,0,0,0.989195
E3-PPOLag-p003,45.5226,44,439,RLPolicy,0,0,0.0511638,13.2522,3.50656,21,0.785388,0,0,0,0,1
E3-PPOLag-p003,45.5234,179,309,RLPolicy,0,0,0.0232499,13.8629,3.50656,21,0.791543,0,0,0,0,1.01366
E3-PPOLag-p003,45.5245,165,514,RLPolicy,0,0,0.0232457,13.8629,3.50656,21,1.1459,0,0,0,0,0.985933
E3-PPOLag-p003,45.5286,200,497,RLPolicy,0,0,0.02325,13.8629,3.50656,21,0.446393,0,0,0,0,1.01366
E3-PPOLag-p003,45.5304,0,331,RLPolicy,0,0,0.0524604,13.2522,3.50656,21,0.492396,0,0,0,0,1.00867
E3-PPOLag-p003,45.5327,484,330,RLPolicy,0,0,0.15077,13.8629,3.50656,21,0.552117,0,0,0,0,1
E3-PPOLag-p003,45.5349,124,47,RLPolicy,0,0,0.0232457,13.8629,3.50656,21,0.5708,0,0,0,0,1
E3-PPOLag-p003,45.5379,167,309,RLPolicy,0,0,0.0232499,13.8629,3.50656,21,0.67165,0,0,0,0,1
E3-PPOLag-p003,45.547,91,325,RLPolicy,1,1,0.00194303,0.693147,3.50656,3,0.323487,0,0,0,0,0.985321
E3-PPOLag-p003,45.5475,271,473,RLPolicy,0,0,0.02325,13.8629,3.50656,21,0.584141,0,0,0,0,0.985933
E3-PPOLag-p003,45.5478,150,47,RLPolicy,0,0,0.0232457,13.8629,3.50656,21,1.0388,0,0,0,0,0.985933
E3-PPOLag-p003,45.552,452,586,RLPolicy,0,0,0.121987,1.38629,3.50656,3,0.026151,0,0,0,0,1
E3-PPOLag-p003,45.5524,153,424,RLPolicy,0,0,0.0236785,13.8629,3.50656,21,0.850056,0,0,0,0,1
E3-PPOLag-p003,45.5606,115,451,RLPolicy,0,0,0.0236795,13.8629,3.50656,21,0.547747,0,0,0,0,1
E3-PPOLag-p003,45.5617,252,31,RLPolicy,0,0,0.0236779,13.8629,3.50656,21,0.508131,0,0,0,0,1
E3-PPOLag-p003,45.5632,467,536,RLPolicy,0,0,0.02325,13.8629,3.50656,21,0.561876,0,0,0,0,1
E3-PPOLag-p003,45.5672,232,309,RLPolicy,0,0,0.0232499,13.8629,3.50656,21,1.05355,0,0,0,0,0.985933
E3-PPOLag-p003,45.5775,118,406,RLPolicy,0,0,0.023245,13.8629,3.50656,21,0.714109,0,0,0,0,1
E3-PPOLag-p003,45.5809,257,347,RLPolicy,0,0,0.023306,13.8629,3.50656,21,1.22339,0,0,0,0,1
E3-PPOLag-p003,45.5875,127,35,RLPolicy,0,0,0.023684,13.8629,3.50656,21,0.817365,0,0,0,0,0.985933
E3-PPOLag-p003,45.5963,221,347,RLPolicy,0,0,0.023306,13.8629,3.50656,21,0.969396,0,0,0,0,0.985933
E3-PPOLag-p003,45.6,403,536,RLPolicy,0,0,0.02325,13.8629,3.50656,21,0.471546,0,0,0,0,1
E3-PPOLag-p003,45.6012,142,514,RLPolicy,0,0,0.0232456,13.8629,3.50656,21,1.26151,0,0,0,0,1
E3-PPOLag-p003,45.6071,326,47,RLPolicy,0,0,0.0232457,13.8629,3.50656,21,0.499394,0,0,0,0,1
E3-PPOLag-p003,45.611,277,318,RLPolicy,0,0,0.0828632,0.693147,3.50656,2,0.014029,0,0,0,0,1
E3-PPOLag-p003,45.6149,145,414,RLPolicy,0,0,0.0236779,13.8629,3.50656,21,0.917273,0,0,0,0,1
E3-PPOLag-p003,45.628,424,7,RLPolicy,0,0,0.0232512,13.8629,3.50656,21,1.27291,0,0,0,0,1
E3-PPOLag-p003,45.6284,246,17,RLPolicy,0,0,0.0236255,13.8629,3.50656,21,0.507536,0,0,0,0,1
E3-PPOLag-p003,45.6501,325,222,RLPolicy,0,0,0.0232499,13.6398,3.50656,21,0.717506,0,0,0,0,1
E3-PPOLag-p003,45.6516,89,63,RLPolicy,0,0,0.023255,13.5546,3.50656,21,0.791459,0,0,0,0,1
E3-PPOLag-p003,45.6576,381,540,RLPolicy,0,0,0.0236786,13.8629,3.50656,21,0.464687,0,0,0,0,1
E3-PPOLag-p003,45.6581,456,426,RLPolicy,0,0,0.0236935,13.8629,3.50656,21,0.154519,0,0,0,0,1
E3-PPOLag-p003,45.6657,285,222,RLPolicy,0,0,0.0232499,13.8629,3.50656,21,1.04529,0,0,0,0,1
E3-PPOLag-p003,45.6706,376,514,RLPolicy,0,0,0.0232456,13.8629,3.50656,21,1.24455,0,0,0,0,1
E3-PPOLag-p003,45.6756,346,579,RLPolicy,0,0,0.0237062,13.8629,3.50656,21,0.333222,0,0,0,0,1
E3-PPOLag-p003,45.6757,83,412,RLPolicy,0,0,0.0232451,13.8629,3.50656,21,0.767633,0,0,0,0,0.985933
E3-PPOLag-p003,45.6803,60,338,RLPolicy,0,0,0.0232457,13.8629,3.50656,21,0.529716,0,0,0,0,0.992864
E3-PPOLag-p003,45.682,437,408,RLPolicy,0,0,0.0236847,13.8629,3.50656,21,0.749407,0,0,0,0,1
E3-PPOLag-p003,45.6825,295,406,RLPolicy,0,0,0.023245,13.8629,3.50656,21,0.995117,0,0,0,0,1
E3-PPOLag-p003,45.6846,102,204,RLPolicy,0,0,0.0236788,13.8629,3.50656,21,0.551793,0,0,0,0,1.03792
E3-PPOLag-p003,45.6869,35,335,RLPolicy,0,0,0.0560013,12.9468,3.50656,21,0.881017,0,0,0,0,1.05731
E3-PPOLag-p003,45.6923,195,319,RLPolicy,0,0,0.0233063,13.8629,3.50656,21,0.439108,0,0,0,0,0.999796
E3-PPOLag-p003,45.6944,96,227,RLPolicy,0,0,0.0232511,13.8629,3.50656,21,1.21245,0,0,0,0,1
E3-PPOLag-p003,45.7,300,223,RLPolicy,0,0,0.0233618,13.8629,3.50656,21,0.881585,0,0,0,0,1
E3-PPOLag-p003,45.7018,11,264,RLPolicy,0,0,0.02378,13.5576,3.50656,21,0.476235,0,0,0,0,1.02447
E3-PPOLag-p003,45.713,348,514,RLPolicy,0,0,0.0232456,13.8629,3.50656,21,0.966589,0,0,0,0,1
E3-PPOLag-p003,45.7179,126,147,RLPolicy,0,0,0.0236781,13.8629,3.50656,21,0.67777,0,0,0,0,1
E3-PPOLag-p003,45.7258,439,47,RLPolicy,0,0,0.0232457,13.8629,3.50656,21,1.01311,0,0,0,0,1
E3-PPOLag-p003,45.7272,128,262,RLPolicy,0,0,0.0232452,13.8629,3.50656,21,0.647377,0,0,0,0,1
E3-PPOLag-p003,45.7287,349,536,RLPolicy,0,0,0.02325,13.8629,3.50656,21,0.709975,0,0,0,0,1
E3-PPOLag-p003,45.7314,355,481,RLPolicy,0,0,0.0237158,13.7088,3.50656,21,0.626865,0,0,0,0,1
E3-PPOLag-p003,45.7328,291,172,RLPolicy,0,0,0.0232493,13.8629,3.50656,21,0.801839,0,0,0,0,0.985933
E3-PPOLag-p003,45.7331,108,223,RLPolicy,0,0,0.0233618,13.8629,3.50656,21,0.486783,0,0,0,0,1
E3-PPOLag-p003,45.7341,290,53,RLPolicy,0,0,0.0236782,13.8629,3.50656,21,0.655735,0,0,0,0,1
E3-PPOLag-p003,45.7374,431,411,RLPolicy,0,0,0.0237351,13.8629,3.50656,21,0.258064,0,0,0,0,1
E3-PPOLag-p003,45.7398,27,399,RLPolicy,0,0,0.0236801,13.8629,3.50656,21,0.55274,0,0,0,0,1
E3-PPOLag-p003,45.7478,152,499,RLPolicy,0,0,0.023268,13.8629,3.50656,21,0.392446,0,0,0,0,1.02406
E3-PPOLag-p003,45.7486,387,134,RLPolicy,0,0,0.00948066,5.54518,3.50656,9,0.048066,0,0,0,0,1
E3-PPOLag-p003,45.7501,106,153,RLPolicy,1,0,0.00907994,4.85203,3.50656,9,0.247579,0,0,0,0,1.00673
E3-PPOLag-p003,45.7594,461,542,RLPolicy,0,0,0.0232457,13.8629,3.50656,21,0.563515,0,0,0,0,1
E3-PPOLag-p003,45.7595,262,583,RLPolicy,0,0,0.023245,13.8629,3.50656,21,0.657581,0,0,0,0,1
E3-PPOLag-p003,45.7605,136,311,RLPolicy,0,0,0.0236784,13.8629,3.50656,21,0.915643,0,0,0,0,1.00326
E3-PPOLag-p003,45.765,500,288,RLPolicy,0,0,0.0237435,13.8629,3.50656,21,0.335337,0,0,0,0,1
E3-PPOLag-p003,45.7683,73,172,RLPolicy,0,0,0.0569001,13.7088,3.50656,21,1.00283,0,0,0,0,1
E3-PPOLag-p003,45.7693,82,282,RLPolicy,0,0,0.0232501,13.8629,3.50656,21,0.881405,0,0,0,0,1
E3-PPOLag-p003,45.7745,123,402,RLPolicy,1,0,0.0237755,13.1698,3.50656,21,0.294655,0,0,0,0,1.04832
E3-PPOLag-p003,45.7754,320,428,RLPolicy,0,0,0.0237097,13.8629,3.50656,21,0.131192,0,0,0,0,1
E3-PPOLag-p003,45.7825,399,172,RLPolicy,0,0,0.0232493,13.8629,3.50656,21,0.701209,0,0,0,0,1
E3-PPOLag-p003,45.7854,189,172,RLPolicy,0,0,0.0232493,13.8629,3.50656,21,0.639913,0,0,0,0,1.01366
E3-PPOLag-p003,45.7959,286,172,RLPolicy,0,0,0.0232493,13.8629,3.50656,21,1.03457,0,0,0,0,0.985933
E3-PPOLag-p003,45.7964,175,565,RLPolicy,0,0,0.023755,13.8629,3.50656,21,0.166406,0,0,0,0,1
E3-PPOLag-p003,45.798,441,295,RLPolicy,0,0,0.0236788,13.8629,3.50656,21,1.64663,0,0,0,0,1.02406
E3-PPOLag-p003,45.8038,469,514,RLPolicy,0,0,0.0232456,13.8629,3.50656,21,0.796839,0,0,0,0,1
E3-PPOLag-p003,45.8061,443,474,RLPolicy,0,0,0.126088,13.8629,3.50656,21,0.346052,0,0,0,0,1
E3-PPOLag-p003,45.8102,434,338,RLPolicy,0,0,0.0232457,13.8629,3.50656,21,0.783465,0,0,0,0,1
E3-PPOLag-p003,45.8148,276,172,RLPolicy,0,0,0.0232493,13.8629,3.50656,21,0.669678,0,0,0,0,1
E3-PPOLag-p003,45.8151,404,514,RLPolicy,0,0,0.0232456,13.8629,3.50656,21,0.491988,0,0,0,0,1
E3-PPOLag-p003,45.819,129,557,RLPolicy,0,0,0.0232679,13.8629,3.50656,21,0.246398,0,0,0,0,1
E3-PPOLag-p003,45.8206,98,542,RLPolicy,0,0,0.023678,13.8629,3.50656,21,0.692799,0,0,0,0,0.999592
E3-PPOLag-p003,45.8236,5,508,RLPolicy,0,0,0.0529584,13.2522,3.50656,21,0.556758,0,0,0,0,1.00714
E3-PPOLag-p003,45.83,329,109,RLPolicy,0,0,0.023678,13.8629,3.50656,21,0.447238,0,0,0,0,1
E3-PPOLag-p003,45.8317,215,426,RLPolicy,0,0,0.0237144,13.8629,3.50656,21,0.253868,0,0,0,0,1
E3-PPOLag-p003,45.8346,92,499,RLPolicy,0,0,0.023268,13.8629,3.50656,21,0.312728,0,0,0,0,1
E3-PPOLag-p003,45.8421,444,583,RLPolicy,0,0,0.023245,13.8629,3.50656,21,0.898809,0,0,0,0,1
E3-PPOLag-p003,45.846,417,215,RLPolicy,0,0,0.0237286,13.8629,3.50656,21,0.325042,0,0,0,0,1
E3-PPOLag-p003,45.847,464,583,RLPolicy,0,0,0.023245,13.8629,3.50656,21,0.577546,0,0,0,0,0.985933
E3-PPOLag-p003,45.8562,22,518,RLPolicy,0,0,0.0237872,11.7253,3.50656,21,0.47238,0,0,0,0,0.999093
E3-PPOLag-p003,45.8623,263,53,RLPolicy,0,0,0.0236256,13.8629,3.50656,21,0.507654,0,0,0,0,1
E3-PPOLag-p003,45.8632,34,237,RLPolicy,0,0,0.0569399,12.9468,3.50656,21,0.884843,0,0,0,0,0.988284
E3-PPOLag-p003,45.8664,367,493,RLPolicy,0,0,0.0236255,13.8629,3.50656,21,0.995235,0,0,0,0,1
E3-PPOLag-p003,45.8706,332,172,RLPolicy,0,0,0.0232493,13.8629,3.50656,21,0.583452,0,0,0,0,0.985933
E3-PPOLag-p003,45.8741,396,53,RLPolicy,0,0,0.0236256,13.8629,3.50656,21,0.480009,0,0,0,0,1
E3-PPOLag-p003,45.878,347,558,RLPolicy,0,0,0.0236815,13.8629,3.50656,21,0.536453,0,0,0,0,1
E3-PPOLag-p003,45.8791,58,583,RLPolicy,0,0,0.0643749,13.5576,3.50656,21,0.60931,0,0,0,0,0.984406
E3-PPOLag-p003,45.8835,488,227,RLPolicy,0,0,0.0232513,13.8629,3.50656,21,0.86827,0,0,0,0,1
E3-PPOLag-p003,45.8867,289,599,RLPolicy,0,0,0.00239505,1.38629,3.50656,3,0.093641,0,0,0,0,1
E3-PPOLag-p003,45.8889,172,156,RLPolicy,0,0,0.0232493,13.8629,3.50656,21,0.884849,0,0,0,0,1
E3-PPOLag-p003,45.8897,359,202,RLPolicy,0,0,0.0236905,13.8629,3.50656,21,0.925278,0,0,0,0,1
E3-PPOLag-p003,45.8942,181,134,RLPolicy,0,0,0.00949067,5.54518,3.50656,9,0.05921,0,0,0,0,1
E3-PPOLag-p003,45.9123,312,317,RLPolicy,0,0,0.0233636,13.8629,3.50656,21,0.747421,0,0,0,0,1
E3-PPOLag-p003,45.9147,405,227,RLPolicy,0,0,0.0232514,13.8629,3.50656,21,0.410413,0,0,0,0,1
E3-PPOLag-p003,45.9225,197,178,RLPolicy,0,0,0.0236798,13.8629,3.50656,21,0.265653,0,0,0,0,1
E3-PPOLag-p003,45.9262,226,483,RLPolicy,1,0,0.00789221,4.15888,3.50656,8,0.184483,0,0,0,0,0.989195
E3-PPOLag-p003,45.9273,491,227,RLPolicy,0,0,0.0232514,13.8629,3.50656,21,0.602436,0,0,0,0,1
E3-PPOLag-p003,45.939,151,502,RLPolicy,0,0,0.023285,13.7088,3.50656,21,1.14251,0,0,0,0,1
E3-PPOLag-p003,45.9394,170,242,RLPolicy,0,0,0.0236824,13.8629,3.50656,21,0.455266,0,0,0,0,1.02059
E3-PPOLag-p003,45.958,430,446,RLPolicy,0,0,0.0232637,13.8629,3.50656,21,0.842752,0,0,0,0,1
E3-PPOLag-p003,45.9586,154,411,RLPolicy,0,0,0.0237513,13.8629,3.50656,21,0.276169,0,0,0,0,1
E3-PPOLag-p003,45.9702,173,406,RLPolicy,0,0,0.023245,13.8629,3.50656,21,0.977551,0,0,0,0,1
E3-PPOLag-p003,45.9719,41,184,RLPolicy,0,0,0.0232894,12.6414,3.50656,21,0.869075,0,0,0,0,0.980445
E3-PPOLag-p003,45.9768,423,282,RLPolicy,0,0,0.02325,13.8629,3.50656,21,0.769187,0,0,0,0,1
E3-PPOLag-p003,45.9805,498,172,RLPolicy,0,0,0.0232493,13.8629,3.50656,21,1.27619,0,0,0,0,1
E3-PPOLag-p003,45.9815,69,7,RLPolicy,0,0,0.0232515,13.8629,3.50656,21,0.414584,0,0,0,0,1
E3-PPOLag-p003,45.9821,42,557,RLPolicy,0,0,0.0232679,13.8629,3.50656,21,0.290673,0,0,0,0,1
E3-PPOLag-p003,45.9851,244,514,RLPolicy,0,0,0.0232456,13.8629,3.50656,21,0.721268,0,0,0,0,1
E3-PPOLag-p003,45.9897,242,24,RLPolicy,0,0,0.0233056,13.8629,3.50656,21,1.0031,0,0,0,0,1
E3-PPOLag-p003,45.9922,163,514,RLPolicy,0,0,0.0232456,13.8629,3.50656,21,0.650272,0,0,0,0,1
E3-PPOLag-p003,45.9987,364,411,RLPolicy,0,0,0.0237353,13.8629,3.50656,21,0.408673,0,0,0,0,1
E3-PPOLag-p003,46.0119,30,266,RLPolicy,0,0,0.0237487,12.0307,3.50656,21,0.764885,0,0,0,0,1.0307
E3-PPOLag-p003,46.0153,143,54,RLPolicy,0,0,0.0237481,13.8629,3.50656,21,0.274887,0,0,0,0,1
E3-PPOLag-p003,46.0153,21,542,RLPolicy,0,0,0.0561839,12.6414,3.50656,21,0.612088,0,0,0,0,0.990223
E3-PPOLag-p003,46.0171,24,390,RLPolicy,0,0,0.0337329,12.336,3.50656,21,0.514638,0,0,0,0,1.03569
E3-PPOLag-p003,46.0188,135,82,RLPolicy,0,0,0.02325,13.8629,3.50656,21,0.555376,0,0,0,0,1
E3-PPOLag-p003,46.0191,10,448,RLPolicy,0,0,0.0238515,12.336,3.50656,21,0.560082,0,0,0,0,1
E3-PPOLag-p003,46.0209,174,53,RLPolicy,0,0,0.0236256,13.8629,3.50656,21,1.43483,0,0,0,0,1
E3-PPOLag-p003,46.0224,386,608,RLPolicy,0,0,0.0236253,13.8629,3.50656,21,0.825738,0,0,0,0,0.971866
E3-PPOLag-p003,46.0273,2,265,RLPolicy,0,0,0.0224952,13.8629,3.50656,21,0.447326,0,0,0,0,0.985933
E3-PPOLag-p003,46.0298,283,608,RLPolicy,0,0,0.0236253,13.8629,3.50656,21,0.460173,0,0,0,0,1
E3-PPOLag-p003,46.0348,4,328,RLPolicy,0,0,0.0225612,13.8629,3.50656,21,0.188099,0,0,0,0,1
E3-PPOLag-p003,46.035,338,408,RLPolicy,0,0,0.0233056,13.8629,3.50656,21,0.550745,0,0,0,0,1
E3-PPOLag-p003,46.0396,29,290,RLPolicy,0,0,0.05574,12.6414,3.50656,21,0.586069,0,0,0,0,1
E3-PPOLag-p003,46.0486,489,282,RLPolicy,0,0,0.02325,13.8629,3.50656,21,1.0574,0,0,0,0,1
E3-PPOLag-p003,46.0517,298,386,RLPolicy,1,0,0.0126097,6.93147,3.50656,12,0.495476,0,0,0,0,1.01712
E3-PPOLag-p003,46.0519,64,262,RLPolicy,0,0,0.0237087,13.7088,3.50656,21,0.652665,0,0,0,0,0.970324
E3-PPOLag-p003,46.0754,223,514,RLPolicy,0,0,0.0232456,13.8629,3.50656,21,0.754372,0,0,0,0,0.985933
E3-PPOLag-p003,46.0795,187,24,RLPolicy,0,0,0.0233056,13.8629,3.50656,21,0.471676,0,0,0,0,1
E3-PPOLag-p003,46.0804,132,197,RLPolicy,0,0,0.0236856,13.8629,3.50656,21,0.231473,0,0,0,0,1
E3-PPOLag-p003,46.0874,368,608,RLPolicy,0,0,0.0236253,13.8629,3.50656,21,0.878418,0,0,0,0,1
E3-PPOLag-p003,46.0883,176,580,RLPolicy,0,0,0.0751747,13.8629,3.50656,21,0.424905,0,0,0,0,1.03792
E3-PPOLag-p003,46.0942,183,216,RLPolicy,0,0,0.0236949,13.8629,3.50656,21,0.401302,0,0,0,0,1
E3-PPOLag-p003,46.0966,407,172,RLPolicy,0,0,0.0232493,13.7088,3.50656,21,0.716444,0,0,0,0,1
E3-PPOLag-p003,46.0976,157,216,RLPolicy,0,0,0.0237076,13.8629,3.50656,21,0.513097,0,0,0,0,1.04138
E3-PPOLag-p003,46.0992,340,47,RLPolicy,0,0,0.0232456,13.8629,3.50656,21,0.678168,0,0,0,0,1.02752
E3-PPOLag-p003,46.1025,75,585,RLPolicy,0,0,0.023678,13.8629,3.50656,21,0.697633,0,0,0,0,1
E3-PPOLag-p003,46.1032,440,611,RLPolicy,0,0,0.0236873,13.8629,3.50656,21,0.391165,0,0,0,0,1
E3-PPOLag-p003,46.1168,382,434,RLPolicy,0,0,0.0232457,13.8629,3.50656,21,1.12685,0,0,0,0,1
E3-PPOLag-p003,46.1201,182,5,RLPolicy,0,0,0.0236894,13.8629,3.50656,21,0.517542,0,0,0,0,1
E3-PPOLag-p003,46.1207,57,134,RLPolicy,0,0,0.0221791,5.54518,3.50656,9,0.067671,0,0,0,0,1
E3-PPOLag-p003,46.1281,161,7,RLPolicy,0,0,0.0232505,13.8629,3.50656,21,0.739389,0,0,0,0,1
E3-PPOLag-p003,46.1301,228,211,RLPolicy,0,0,0.0755691,13.8629,3.50656,21,0.33781,0,0,0,0,1
E3-PPOLag-p003,46.135,472,338,RLPolicy,0,0,0.0232458,13.8629,3.50656,21,0.41798,0,0,0,0,1
E3-PPOLag-p003,46.1516,269,166,RLPolicy,0,0,0.0236868,13.8629,3.50656,21,0.6063,0,0,0,0,0.985933
E3-PPOLag-p003,46.1634,208,557,RLPolicy,0,0,0.0236793,13.8629,3.50656,21,0.27362,0,0,0,0,1.04832
E3-PPOLag-p003,46.1657,379,477,RLPolicy,0,0,0.0232493,13.8629,3.50656,21,1.35526,0,0,0,0,1
E3-PPOLag-p003,46.1691,331,584,RLPolicy,0,0,0.0236789,13.8629,3.50656,21,0.76581,0,0,0,0,0.992864
E3-PPOLag-p003,46.1698,465,453,RLPolicy,0,0,0.0232682,13.8629,3.50656,21,0.243966,0,0,0,0,1
E3-PPOLag-p003,46.1757,493,608,RLPolicy,0,0,0.0236253,13.8629,3.50656,21,0.903318,0,0,0,0,1
E3-PPOLag-p003,46.1764,259,514,RLPolicy,0,0,0.0232456,13.8629,3.50656,21,0.497954,0,0,0,0,1
E3-PPOLag-p003,46.1793,110,579,RLPolicy,0,0,0.0237039,13.8629,3.50656,21,0.48019,0,0,0,0,1
E3-PPOLag-p003,46.1811,322,81,RLPolicy,0,0,0.0236923,13.8629,3.50656,21,0.258062,0,0,0,0,1.04485
E3-PPOLag-p003,46.1834,31,141,RLPolicy,0,0,0.0597953,13.2522,3.50656,21,1.05819,0,0,0,0,0.988284
E3-PPOLag-p003,46.1857,480,313,RLPolicy,0,0,0.023679,13.8629,3.50656,21,0.394588,0,0,0,0,1
E3-PPOLag-p003,46.1929,267,608,RLPolicy,0,0,0.100432,13.7088,3.50656,21,0.655665,0,0,0,0,1
E3-PPOLag-p003,46.1997,137,219,RLPolicy,0,0,0.0236851,13.8629,3.50656,21,0.391818,0,0,0,0,1
E3-PPOLag-p003,46.2007,192,54,RLPolicy,0,0,0.0237471,13.8629,3.50656,21,0.155443,0,0,0,0,1
E3-PPOLag-p003,46.208,479,477,RLPolicy,0,0,0.0232493,13.8629,3.50656,21,1.01071,0,0,0,0,1
E3-PPOLag-p003,46.2109,33,482,RLPolicy,0,0,0.0650055,13.2522,3.50656,21,0.713331,0,0,0,0,1.00867
E3-PPOLag-p003,46.2193,180,208,RLPolicy,0,0,0.0236799,13.8629,3.50656,21,0.285209,0,0,0,0,1
E3-PPOLag-p003,46.2264,352,477,RLPolicy,0,0,0.0232493,13.8629,3.50656,21,0.60983,0,0,0,0,1.00326
E3-PPOLag-p003,46.233,225,514,RLPolicy,0,0,0.0232457,13.8629,3.50656,21,0.721995,0,0,0,0,1
E3-PPOLag-p003,46.2357,71,620,RLPolicy,0,0,0.0236999,13.8629,3.50656,21,0.146571,0,0,0,0,1
E3-PPOLag-p003,46.2413,190,477,RLPolicy,0,0,0.0232495,13.8629,3.50656,21,0.701266,0,0,0,0,1
E3-PPOLag-p003,46.2418,70,7,RLPolicy,0,0,0.0232505,13.8629,3.50656,21,0.407136,0,0,0,0,1
E3-PPOLag-p003,46.2496,494,412,RLPolicy,0,0,0.023245,13.8629,3.50656,21,1.05114,0,0,0,0,1
E3-PPOLag-p003,46.2538,125,7,RLPolicy,0,0,0.0232505,13.8629,3.50656,21,0.365925,0,0,0,0,1
E3-PPOLag-p003,46.2627,485,434,RLPolicy,0,0,0.0232458,13.8629,3.50656,21,0.419727,0,0,0,0,1
E3-PPOLag-p003,46.2636,84,282,RLPolicy,0,0,0.02325,13.8629,3.50656,21,0.798142,0,0,0,0,1
E3-PPOLag-p003,46.2672,209,438,RLPolicy,0,0,0.00355468,2.07944,3.50656,4,0.029822,0,0,0,0,1
E3-PPOLag-p003,46.2675,490,535,RLPolicy,0,0,0.0237186,13.8629,3.50656,21,0.331487,0,0,0,0,1
E3-PPOLag-p003,46.2693,214,514,RLPolicy,0,0,0.0232457,13.8629,3.50656,21,0.582329,0,0,0,0,0.989399
E3-PPOLag-p003,46.2713,446,25,RLPolicy,0,0,0.0232505,13.8629,3.50656,21,0.607369,0,0,0,0,1
E3-PPOLag-p003,46.2805,345,434,RLPolicy,0,0,0.0232458,13.8629,3.50656,21,0.371749,0,0,0,0,1
E3-PPOLag-p003,46.2966,394,25,RLPolicy,0,0,0.0232505,13.8629,3.50656,21,0.433763,0,0,0,0,1
E3-PPOLag-p003,46.2993,265,182,RLPolicy,0,0,0.0233623,13.8629,3.50656,21,0.524274,0,0,0,0,1
E3-PPOLag-p003,46.302,87,406,RLPolicy,0,0,0.0387317,13.7088,3.50656,21,1.4976,0,0,0,0,1.03792
E3-PPOLag-p003,46.3049,363,599,RLPolicy,0,0,0.00239395,1.38629,3.50656,3,0.083894,0,0,0,0,1
E3-PPOLag-p003,46.3166,104,583,RLPolicy,0,0,0.0232499,13.8629,3.50656,21,0.75844,0,0,0,0,0.985933
E3-PPOLag-p003,46.3168,395,156,RLPolicy,0,0,0.0232493,13.8629,3.50656,21,0.865171,0,0,0,0,1
E3-PPOLag-p003,46.3199,308,219,RLPolicy,0,0,0.0236853,13.8629,3.50656,21,0.490911,0,0,0,0,1.03099
E3-PPOLag-p003,46.3238,222,477,RLPolicy,0,0,0.0232493,13.8629,3.50656,21,0.664004,0,0,0,0,1.03425
E3-PPOLag-p003,46.3245,23,496,RLPolicy,0,0,0.0491377,12.9468,3.50656,21,0.432188,0,0,0,0,1.01684
E3-PPOLag-p003,46.3266,337,453,RLPolicy,0,0,0.0236889,13.8629,3.50656,21,0.403182,0,0,0,0,1.04832
E3-PPOLag-p003,46.3289,77,25,RLPolicy,0,0,0.0232505,13.8629,3.50656,21,0.712245,0,0,0,0,1
E3-PPOLag-p003,46.3331,415,477,RLPolicy,0,0,0.0232493,13.8629,3.50656,21,0.606496,0,0,0,0,1
E3-PPOLag-p003,46.335,258,25,RLPolicy,0,0,0.0232505,13.8629,3.50656,21,0.413013,0,0,0,0,1
E3-PPOLag-p003,46.3412,79,514,RLPolicy,0,0,0.0232458,13.7088,3.50656,21,0.508027,0,0,0,0,1.06891
E3-PPOLag-p003,46.3419,32,128,RLPolicy,0,0,0.0233107,12.336,3.50656,21,0.968279,0,0,0,0,0.988284
E3-PPOLag-p003,46.3441,37,238,RLPolicy,0,0,0.0237771,13.5576,3.50656,21,0.168642,0,0,0,0,1
E3-PPOLag-p003,46.3464,447,25,RLPolicy,0,0,0.0232505,13.8629,3.50656,21,0.593563,0,0,0,0,1
E3-PPOLag-p003,46.3535,206,554,RLPolicy,0,0,0.0237526,13.8629,3.50656,21,0.190588,0,0,0,0,1
E3-PPOLag-p003,46.3673,288,103,RLPolicy,0,0,0.0233623,13.8629,3.50656,21,0.606302,0,0,0,0,1.01366
E3-PPOLag-p003,46.3833,445,25,RLPolicy,0,0,0.0232505,13.8629,3.50656,21,0.570131,0,0,0,0,1
E3-PPOLag-p003,46.3865,495,208,RLPolicy,0,0,0.0236952,13.8629,3.50656,21,0.268998,0,0,0,0,1
E3-PPOLag-p003,46.4052,204,32,RLPolicy,0,0,0.0236787,13.8629,3.50656,21,0.47194,0,0,0,0,1
E3-PPOLag-p003,46.4106,249,239,RLPolicy,0,0,0.02327,13.7088,3.50656,21,0.398422,0,0,0,0,1
E3-PPOLag-p003,46.416,256,134,RLPolicy,0,0,0.00947967,5.54518,3.50656,9,0.070772,0,0,0,0,1
E3-PPOLag-p003,46.4184,478,66,RLPolicy,0,0,0.0234945,13.8629,3.50656,21,0.348373,0,0,0,0,1
E3-PPOLag-p003,46.4185,237,406,RLPolicy,0,0,0.023245,13.8629,3.50656,21,0.890564,0,0,0,0,0.989399
E3-PPOLag-p003,46.4188,169,282,RLPolicy,0,0,0.0236783,13.8629,3.50656,21,1.08084,0,0,0,0,1.03425
E3-PPOLag-p003,46.4215,239,580,RLPolicy,0,0,0.02368,13.8629,3.50656,21,0.51365,0,0,0,0,1
E3-PPOLag-p003,46.4254,506,574,RLPolicy,0,0,0.149897,0.693147,3.50656,2,0.027434,0,0,0,0,1
E3-PPOLag-p003,46.4368,133,477,RLPolicy,0,0,0.0232493,13.7088,3.50656,21,0.648458,0,0,0,0,1.04138
E3-PPOLag-p003,46.4398,429,134,RLPolicy,0,0,0.0220995,13.1698,3.50656,20,0.410649,0,0,0,0,1
E3-PPOLag-p003,46.442,486,47,RLPolicy,0,0,0.0232458,13.8629,3.50656,21,0.5145,0,0,0,0,1
E3-PPOLag-p003,46.4433,301,590,RLPolicy,0,0,0.0237099,13.8629,3.50656,21,0.528217,0,0,0,0,1
E3-PPOLag-p003,46.4532,28,79,RLPolicy,0,0,0.0236809,13.8629,3.50656,21,0.36676,0,0,0,0,0.97269
E3-PPOLag-p003,46.4537,466,134,RLPolicy,0,0,0.0225181,13.1698,3.50656,20,0.250284,0,0,0,0,1
E3-PPOLag-p003,46.4539,454,303,RLPolicy,0,0,0.023708,13.8629,3.50656,21,0.206269,0,0,0,0,1
E3-PPOLag-p003,46.4663,72,448,RLPolicy,0,0,0.0237108,13.8629,3.50656,21,0.202651,0,0,0,0,1
E3-PPOLag-p003,46.468,224,403,RLPolicy,0,0,0.0232546,13.8629,3.50656,21,0.658192,0,0,0,0,1.01019
E3-PPOLag-p003,46.4724,193,5,RLPolicy,0,0,0.0236877,13.8629,3.50656,21,0.467032,0,0,0,0,1.04832
E3-PPOLag-p003,46.4806,85,302,RLPolicy,1,0,0.0225302,12.4766,3.50656,20,0.370102,0,0,0,0,1.06544
E3-PPOLag-p003,46.4809,18,609,RLPolicy,0,0,0.0236669,12.6414,3.50656,21,0.506285,0,0,0,0,1
E3-PPOLag-p003,46.4835,293,260,RLPolicy,0,0,0.023687,13.8629,3.50656,21,0.652121,0,0,0,0,1
E3-PPOLag-p003,46.4895,353,234,RLPolicy,0,0,0.0236914,13.8629,3.50656,21,0.224464,0,0,0,0,1
E3-PPOLag-p003,46.4896,184,406,RLPolicy,0,0,0.023245,13.8629,3.50656,21,0.816838,0,0,0,0,0.985933
E3-PPOLag-p003,46.4917,219,25,RLPolicy,0,0,0.0232505,13.8629,3.50656,21,0.360678,0,0,0,0,1
E3-PPOLag-p003,46.493,309,477,RLPolicy,0,0,0.0232493,13.8629,3.50656,21,1.26449,0,0,0,0,1
E3-PPOLag-p003,46.5044,6,254,RLPolicy,0,0,0.0407631,13.2522,3.50656,21,0.401607,0,0,0,0,1.05475
E3-PPOLag-p003,46.5076,392,235,RLPolicy,0,0,0.0232502,13.8629,3.50656,21,1.22271,0,0,0,0,1
E3-PPOLag-p003,46.508,418,235,RLPolicy,0,0,0.0232502,13.8629,3.50656,21,0.515656,0,0,0,0,1
E3-PPOLag-p003,46.5132,483,197,RLPolicy,0,0,0.0236791,13.8629,3.50656,21,0.229754,0,0,0,0,1
E3-PPOLag-p003,46.5148,78,109,RLPolicy,0,0,0.0236783,13.8629,3.50656,21,0.490896,0,0,0,0,1.02059
E3-PPOLag-p003,46.5187,282,235,RLPolicy,0,0,0.0232502,13.8629,3.50656,21,0.59461,0,0,0,0,1.00999
E3-PPOLag-p003,46.525,299,608,RLPolicy,0,0,0.0236253,13.8629,3.50656,21,0.970517,0,0,0,0,1
E3-PPOLag-p003,46.5277,147,382,RLPolicy,0,0,0.023681,13.8629,3.50656,21,0.688099,0,0,0,0,1.03792
E3-PPOLag-p003,46.5285,385,80,RLPolicy,0,0,0.0232459,13.8629,3.50656,21,1.45385,0,0,0,0,1
E3-PPOLag-p003,46.5379,420,42,RLPolicy,0,0,0.0237224,13.8629,3.50656,21,0.33682,0,0,0,0,1.01019
E3-PPOLag-p003,46.5413,134,256,RLPolicy,0,0,0.00948736,5.54518,3.50656,9,0.081301,0,0,0,0,1.01692
E3-PPOLag-p003,46.5514,243,283,RLPolicy,0,0,0.0236253,13.8629,3.50656,21,0.763791,0,0,0,0,0.985933
E3-PPOLag-p003,46.5522,408,338,RLPolicy,0,0,0.0232457,13.8629,3.50656,21,0.44843,0,0,0,0,1
E3-PPOLag-p003,46.5588,384,7,RLPolicy,0,0,0.0232505,13.8629,3.50656,21,0.669933,0,0,0,0,1
E3-PPOLag-p003,46.5629,369,590,RLPolicy,0,0,0.0237148,13.8629,3.50656,21,0.267269,0,0,0,0,1
E3-PPOLag-p003,46.5684,119,235,RLPolicy,0,0,0.0232502,13.8629,3.50656,21,0.764419,0,0,0,0,0.985933
E3-PPOLag-p003,46.5686,449,247,RLPolicy,0,0,0.023246,13.8629,3.50656,21,1.33009,0,0,0,0,1
E3-PPOLag-p003,46.5857,155,213,RLPolicy,0,0,0.023246,13.8629,3.50656,21,0.817257,0,0,0,0,1.04832
E3-PPOLag-p003,46.602,47,348,RLPolicy,0,0,0.0232519,13.2522,3.50656,21,0.74299,0,0,0,0,1
E3-PPOLag-p003,46.6026,13,460,RLPolicy,0,0,0.0237576,12.6414,3.50656,21,0.603879,0,0,0,0,1.03334
E3-PPOLag-p003,46.6097,451,103,RLPolicy,0,0,0.023363,13.8629,3.50656,21,0.938873,0,0,0,0,1
E3-PPOLag-p003,46.6147,511,313,RLPolicy,0,0,0.0236796,13.8629,3.50656,21,0.708772,0,0,0,0,1
E3-PPOLag-p003,46.6161,100,407,RLPolicy,0,0,0.0236788,13.8629,3.50656,21,0.855963,0,0,0,0,1.02385
E3-PPOLag-p003,46.6167,274,66,RLPolicy,0,0,0.0232555,13.7088,3.50656,21,0.50716,0,0,0,0,1
E3-PPOLag-p003,46.6184,328,193,RLPolicy,1,1,0.00563251,2.77259,3.50656,6,0.234559,0,0,0,0,0.99633
E3-PPOLag-p003,46.6211,438,234,RLPolicy,0,0,0.0237021,13.8629,3.50656,21,0.568463,0,0,0,0,1
E3-PPOLag-p003,46.631,275,235,RLPolicy,0,0,0.0232502,13.8629,3.50656,21,0.607105,0,0,0,0,1
E3-PPOLag-p003,46.6323,97,434,RLPolicy,0,0,0.0236779,13.8629,3.50656,21,0.91838,0,0,0,0,0.99633
E3-PPOLag-p003,46.6323,375,348,RLPolicy,0,0,0.0236271,13.8629,3.50656,21,0.503353,0,0,0,0,1
E3-PPOLag-p003,46.6328,251,563,RLPolicy,0,0,0.0236804,13.8629,3.50656,21,1.08723,0,0,0,0,1
E3-PPOLag-p003,46.6379,95,235,RLPolicy,0,0,0.0232502,13.8629,3.50656,21,0.736271,0,0,0,0,1
E3-PPOLag-p003,46.6406,240,81,RLPolicy,0,0,0.0232702,13.8629,3.50656,21,0.390855,0,0,0,0,1.04485
E3-PPOLag-p003,46.6426,341,488,RLPolicy,0,0,0.0237162,13.8629,3.50656,21,0.338857,0,0,0,0,1
E3-PPOLag-p003,46.6457,202,142,RLPolicy,0,0,0.023246,13.8629,3.50656,21,0.509616,0,0,0,0,0.992864
E3-PPOLag-p003,46.6465,463,42,RLPolicy,0,0,0.0237216,13.8629,3.50656,21,0.28491,0,0,0,0,1
E3-PPOLag-p003,46.65,217,24,RLPolicy,0,0,0.0233055,13.8629,3.50656,21,0.507595,0,0,0,0,1
E3-PPOLag-p003,46.6521,90,358,RLPolicy,0,0,0.0236904,13.8629,3.50656,21,1.04493,0,0,0,0,1
E3-PPOLag-p003,46.6653,185,202,RLPolicy,0,0,0.023246,13.8629,3.50656,21,0.67992,0,0,0,0,0.985933
E3-PPOLag-p003,46.6751,122,235,RLPolicy,0,0,0.0232502,13.8629,3.50656,21,0.692193,0,0,0,0,1
E3-PPOLag-p003,46.6777,481,286,RLPolicy,0,0,0.0232506,13.8629,3.50656,21,0.826985,0,0,0,0,1
E3-PPOLag-p003,46.6805,146,474,RLPolicy,0,0,0.023752,13.8629,3.50656,21,0.350797,0,0,0,0,1.02406
E3-PPOLag-p003,46.692,428,604,RLPolicy,0,0,0.0237233,13.8629,3.50656,21,0.255791,0,0,0,0,1
E3-PPOLag-p003,46.6975,419,109,RLPolicy,0,0,0.0236782,13.8629,3.50656,21,0.415299,0,0,0,0,1
E3-PPOLag-p003,46.6982,148,254,RLPolicy,0,0,0.0236981,13.8629,3.50656,21,0.497584,0,0,0,0,1.02059
E3-PPOLag-p003,46.7045,280,228,RLPolicy,0,0,0.00237069,1.38629,3.50656,3,0.020927,0,0,0,0,1
E3-PPOLag-p003,46.7049,140,550,RLPolicy,0,0,0.0236873,13.8629,3.50656,21,0.330756,0,0,0,0,1
E3-PPOLag-p003,46.7076,15,130,RLPolicy,0,0,0.0237825,12.336,3.50656,21,0.55754,0,0,0,0,1
E3-PPOLag-p003,46.71,36,349,RLPolicy,0,0,0.0237105,13.5576,3.50656,21,0.381949,0,0,0,0,1
E3-PPOLag-p003,46.714,350,202,RLPolicy,0,0,0.023246,13.8629,3.50656,21,0.435924,0,0,0,0,1
E3-PPOLag-p003,46.7153,468,439,RLPolicy,0,0,0.0233631,13.8629,3.50656,21,0.927798,0,0,0,0,1
E3-PPOLag-p003,46.7193,504,25,RLPolicy,0,0,0.0232505,13.8629,3.50656,21,0.644678,0,0,0,0,1
E3-PPOLag-p003,46.7193,310,610,RLPolicy,0,0,0.0236832,13.8629,3.50656,21,0.748564,0,0,0,0,0.985933
E3-PPOLag-p003,46.7204,371,538,RLPolicy,0,0,0.0236899,13.8629,3.50656,21,0.466187,0,0,0,0,1
E3-PPOLag-p003,46.7209,482,202,RLPolicy,0,0,0.023246,13.8629,3.50656,21,0.489176,0,0,0,0,1
E3-PPOLag-p003,46.7238,361,416,RLPolicy,0,0,0.0236925,13.8629,3.50656,21,0.350782,0,0,0,0,1
E3-PPOLag-p003,46.725,316,24,RLPolicy,0,0,0.0233055,13.8629,3.50656,21,0.955866,0,0,0,0,1.03445
E3-PPOLag-p003,46.7312,254,406,RLPolicy,0,0,0.0232499,13.8629,3.50656,21,0.798599,0,0,0,0,1
E3-PPOLag-p003,46.7345,422,306,RLPolicy,0,0,0.0236939,13.8629,3.50656,21,0.157026,0,0,0,0,1
E3-PPOLag-p003,46.7449,412,406,RLPolicy,0,0,0.023245,13.8629,3.50656,21,0.723853,0,0,0,0,1
E3-PPOLag-p003,46.7453,470,459,RLPolicy,0,0,0.0236956,13.8629,3.50656,21,0.376417,0,0,0,0,1
E3-PPOLag-p003,46.7748,492,235,RLPolicy,0,0,0.0232502,13.8629,3.50656,21,0.745073,0,0,0,0,1
E3-PPOLag-p003,46.7786,51,125,RLPolicy,0,0,0.0236806,13.8629,3.50656,21,0.804883,0,0,0,0,1
E3-PPOLag-p003,46.7823,88,262,RLPolicy,1,1,0.00194416,0.693147,3.50656,3,0.229441,0,0,0,0,0.985933
E3-PPOLag-p003,46.7835,503,81,RLPolicy,0,0,0.0232705,13.8629,3.50656,21,0.519029,0,0,0,0,1
E3-PPOLag-p003,46.7878,357,599,RLPolicy,0,0,0.00239183,1.38629,3.50656,3,0.047524,0,0,0,0,1
E3-PPOLag-p003,46.7889,121,474,RLPolicy,0,0,0.0237518,13.8629,3.50656,21,0.513444,0,0,0,0,0.99633
E3-PPOLag-p003,46.7895,351,25,RLPolicy,0,0,0.0232505,13.8629,3.50656,21,0.334427,0,0,0,0,1
E3-PPOLag-p003,46.7917,284,235,RLPolicy,0,0,0.0232502,13.8629,3.50656,21,0.936838,0,0,0,0,1
E3-PPOLag-p003,46.7958,330,25,RLPolicy,0,0,0.0232505,13.8629,3.50656,21,0.40955,0,0,0,0,1.04485
E3-PPOLag-p003,46.7959,101,81,RLPolicy,0,0,0.0232705,13.8629,3.50656,21,0.385058,0,0,0,0,0.992864
E3-PPOLag-p003,46.7974,362,306,RLPolicy,0,0,0.023726,13.8629,3.50656,21,0.163457,0,0,0,0,1
E3-PPOLag-p003,46.7979,317,202,RLPolicy,0,0,0.023246,13.8629,3.50656,21,0.639853,0,0,0,0,1
E3-PPOLag-p003,46.7994,315,556,RLPolicy,0,0,0.0232798,13.8629,3.50656,21,0.392638,0,0,0,0,1
E3-PPOLag-p003,46.801,458,235,RLPolicy,0,0,0.0232502,13.8629,3.50656,21,0.965649,0,0,0,0,1
E3-PPOLag-p003,46.8131,14,465,RLPolicy,0,0,0.023279,13.8629,3.50656,21,0.506044,0,0,0,0,1
E3-PPOLag-p003,46.8149,16,290,RLPolicy,0,0,0.0546293,12.6414,3.50656,21,0.707782,0,0,0,0,1
E3-PPOLag-p003,46.8169,198,585,RLPolicy,0,0,0.0236794,13.8629,3.50656,21,0.342077,0,0,0,0,1
E3-PPOLag-p003,46.817,196,81,RLPolicy,0,0,0.0232708,13.8629,3.50656,21,0.200724,0,0,0,0,1
E3-PPOLag-p003,46.8193,266,235,RLPolicy,0,0,0.0232502,13.8629,3.50656,21,0.653411,0,0,0,0,0.985933
E3-PPOLag-p003,46.8224,141,608,RLPolicy,0,0,0.0236778,13.8629,3.50656,21,0.476073,0,0,0,0,1
E3-PPOLag-p003,46.8268,474,227,RLPolicy,0,0,0.0232505,13.8629,3.50656,21,0.346941,0,0,0,0,1
E3-PPOLag-p003,46.8287,9,108,RLPolicy,0,0,0.0330422,12.6414,3.50656,21,0.247337,0,0,0,0,1.02793
E3-PPOLag-p003,46.8311,144,348,RLPolicy,0,0,0.0236272,13.8629,3.50656,21,0.50667,0,0,0,0,1
E3-PPOLag-p003,46.8342,178,517,RLPolicy,0,0,0.0236822,13.8629,3.50656,21,0.401111,0,0,0,0,1.02385
E3-PPOLag-p003,46.8373,336,247,RLPolicy,0,0,0.0233627,13.8629,3.50656,21,0.484816,0,0,0,0,1
E3-PPOLag-p003,46.8391,406,235,RLPolicy,0,0,0.0232502,13.8629,3.50656,21,0.784927,0,0,0,0,1
E3-PPOLag-p003,46.8439,26,227,RLPolicy,0,0,0.0237529,13.2522,3.50656,21,0.248764,0,0,0,0,1.02059
E3-PPOLag-p003,46.8522,203,348,RLPolicy,0,0,0.0236272,13.8629,3.50656,21,0.670727,0,0,0,0,0.985933
E3-PPOLag-p003,46.8539,229,608,RLPolicy,0,0,0.0236779,13.8629,3.50656,21,0.78402,0,0,0,0,1
E3-PPOLag-p003,46.8568,205,247,RLPolicy,0,0,0.0232461,13.8629,3.50656,21,0.514754,0,0,0,0,1
E3-PPOLag-p003,46.8588,515,371,RLPolicy,0,0,0.0236899,13.8629,3.50656,21,0.476313,0,0,0,0,1
E3-PPOLag-p003,46.8589,342,235,RLPolicy,0,0,0.0232502,13.8629,3.50656,21,1.16417,0,0,0,0,1
E3-PPOLag-p003,46.8595,199,358,RLPolicy,0,0,0.0236779,13.8629,3.50656,21,0.500912,0,0,0,0,1
E3-PPOLag-p003,46.8677,220,542,RLPolicy,0,0,0.0232457,13.8629,3.50656,21,0.452759,0,0,0,0,1
E3-PPOLag-p003,46.8685,250,348,RLPolicy,0,0,0.0236272,13.8629,3.50656,21,0.736265,0,0,0,0,0.985933
E3-PPOLag-p003,46.8685,436,372,RLPolicy,0,0,0.0232494,13.8629,3.50656,21,0.94792,0,0,0,0,1
E3-PPOLag-p003,46.8695,213,247,RLPolicy,0,0,0.0232461,13.8629,3.50656,21,0.876083,0,0,0,0,1
E3-PPOLag-p003,46.8776,62,82,RLPolicy,0,0,0.0237106,13.5576,3.50656,21,1.05024,0,0,0,0,1.06412
E3-PPOLag-p003,46.8778,238,72,RLPolicy,0,0,0.0237107,13.8629,3.50656,21,0.268515,0,0,0,0,1.08277
E3-PPOLag-p003,46.8789,138,235,RLPolicy,0,0,0.0232502,13.8629,3.50656,21,0.651665,0,0,0,0,1
E3-PPOLag-p003,46.8789,313,406,RLPolicy,0,0,0.0232499,13.8629,3.50656,21,1.42017,0,0,0,0,1
E3-PPOLag-p003,46.8879,311,168,RLPolicy,0,0,0.0236782,13.8629,3.50656,21,1.36247,0,0,0,0,1
E3-PPOLag-p003,46.8896,248,302,RLPolicy,0,0,0.0236784,13.8629,3.50656,21,0.83336,0,0,0,0,1
E3-PPOLag-p003,46.8958,292,283,RLPolicy,0,0,0.0236252,13.8629,3.50656,21,0.566939,0,0,0,0,1
E3-PPOLag-p003,46.8976,207,7,RLPolicy,0,0,0.0232506,13.8629,3.50656,21,0.535546,0,0,0,0,1
E3-PPOLag-p003,46.8991,297,227,RLPolicy,0,0,0.0232505,13.8629,3.50656,21,0.584165,0,0,0,0,1
E3-PPOLag-p003,46.8992,171,24,RLPolicy,0,0,0.0233055,13.8629,3.50656,21,1.32703,0,0,0,0,1.02059
E3-PPOLag-p003,46.9003,421,193,RLPolicy,0,0,0.0233634,13.8629,3.50656,21,0.580165,0,0,0,0,1
E3-PPOLag-p003,46.9016,502,172,RLPolicy,0,0,0.0236781,13.8629,3.50656,21,1.33059,0,0,0,0,1
E3-PPOLag-p003,46.9061,499,81,RLPolicy,0,0,0.023271,13.8629,3.50656,21,0.402085,0,0,0,0,1
E3-PPOLag-p003,46.9077,307,531,RLPolicy,0,0,0.0236785,13.8629,3.50656,21,1.08966,0,0,0,0,1
E3-PPOLag-p003,46.9097,80,213,RLPolicy,0,0,0.0232461,13.8629,3.50656,21,0.399627,0,0,0,0,1
E3-PPOLag-p003,46.91,212,348,RLPolicy,0,0,0.0236272,13.8629,3.50656,21,0.574092,0,0,0,0,1
E3-PPOLag-p003,46.9163,191,103,RLPolicy,0,0,0.0233632,13.8629,3.50656,21,0.801215,0,0,0,0,1.02039
E3-PPOLag-p003,46.9255,314,338,RLPolicy,0,0,0.0232457,13.8629,3.50656,21,0.613948,0,0,0,0,0.985933
E3-PPOLag-p003,46.9294,278,405,RLPolicy,0,0,0.0232556,13.8629,3.50656,21,0.649447,0,0,0,0,1
E3-PPOLag-p003,46.9335,473,89,RLPolicy,0,0,0.0232502,13.8629,3.50656,21,0.959049,0,0,0,0,1
E3-PPOLag-p003,46.9392,159,152,RLPolicy,0,0,0.0236913,13.8629,3.50656,21,0.345858,0,0,0,0,1
E3-PPOLag-p003,46.944,270,213,RLPolicy,0,0,0.0232461,13.8629,3.50656,21,0.704788,0,0,0,0,1.04138
E3-PPOLag-p003,46.9463,354,282,RLPolicy,0,0,0.02325,13.8629,3.50656,21,0.877171,0,0,0,0,1.04118
E3-PPOLag-p003,46.9473,296,218,RLPolicy,0,0,0.0233559,13.4005,3.50656,21,0.769963,0,0,0,0,1.00344
E3-PPOLag-p003,46.9552,410,554,RLPolicy,0,0,0.0237325,13.8629,3.50656,21,0.127623,0,0,0,0,1
E3-PPOLag-p003,46.9561,360,620,RLPolicy,0,0,0.0236984,13.8629,3.50656,21,0.131315,0,0,0,0,1
E3-PPOLag-p003,46.9569,166,109,RLPolicy,0,0,0.02369,13.8629,3.50656,21,0.729013,0,0,0,0,0.985933
E3-PPOLag-p003,46.9586,397,338,RLPolicy,0,0,0.0232457,13.7088,3.50656,21,1.13615,0,0,0,0,1
E3-PPOLag-p003,46.9605,130,422,RLPolicy,0,0,0.0237228,13.8629,3.50656,21,0.156469,0,0,0,0,1
E3-PPOLag-p003,46.9632,402,247,RLPolicy,0,0,0.0232461,13.8629,3.50656,21,1.11042,0,0,0,0,0.985933
E3-PPOLag-p003,46.9654,40,83,RLPolicy,0,0,0.0233037,12.336,3.50656,21,0.711719,0,0,0,0,1.00949
E3-PPOLag-p003,46.9675,158,336,RLPolicy,0,0,0.0236908,13.8629,3.50656,21,0.759377,0,0,0,0,1.02406
E3-PPOLag-p003,46.9679,56,193,RLPolicy,0,0,0.0233632,13.8629,3.50656,21,0.744744,0,0,0,0,1
E3-PPOLag-p003,46.978,117,196,RLPolicy,0,0,0.0236901,13.8629,3.50656,21,0.439388,0,0,0,0,1
E3-PPOLag-p003,46.9811,305,213,RLPolicy,0,0,0.0232461,13.8629,3.50656,21,1.12163,0,0,0,0,1
E3-PPOLag-p003,46.9855,477,94,RLPolicy,0,0,0.0232499,13.8629,3.50656,21,0.726394,0,0,0,0,1
E3-PPOLag-p003,46.9858,453,580,RLPolicy,0,0,0.0236895,13.8629,3.50656,21,0.444823,0,0,0,0,1
E3-PPOLag-p003,47.009,186,282,RLPolicy,0,0,0.02325,13.8629,3.50656,21,1.21764,0,0,0,0,1.01019
E3-PPOLag-p003,47.0111,370,252,RLPolicy,0,0,0.0236787,13.8629,3.50656,21,0.827178,0,0,0,0,1
E3-PPOLag-p003,47.0152,304,227,RLPolicy,0,0,0.0232505,13.8629,3.50656,21,0.579499,0,0,0,0,1
E3-PPOLag-p003,47.02,149,605,RLPolicy,0,0,0.0232501,13.8629,3.50656,21,0.722734,0,0,0,0,1
E3-PPOLag-p003,47.0251,281,96,RLPolicy,0,0,0.0237208,13.8629,3.50656,21,0.48433,0,0,0,0,1.01712
E3-PPOLag-p003,47.0302,294,128,RLPolicy,0,0,0.0236779,13.8629,3.50656,21,0.660056,0,0,0,0,1.04138
E3-PPOLag-p003,47.0358,116,151,RLPolicy,0,0,0.0236794,13.8629,3.50656,21,1.08443,0,0,0,0,1.03792
E3-PPOLag-p003,47.0404,333,28,RLPolicy,1,0,0.0118666,6.23832,3.50656,11,0.363514,0,0,0,0,1.01366
E3-PPOLag-p003,47.0453,365,129,RLPolicy,0,0,0.0237036,13.8629,3.50656,21,0.304684,0,0,0,0,1
E3-PPOLag-p003,47.0463,389,599,RLPolicy,0,0,0.0023928,1.38629,3.50656,3,0.18265,0,0,0,0,1
E3-PPOLag-p003,47.0541,255,338,RLPolicy,0,0,0.0232457,13.8629,3.50656,21,0.888369,0,0,0,0,0.985933
E3-PPOLag-p003,47.0545,321,96,RLPolicy,0,0,0.0237166,13.8629,3.50656,21,0.400285,0,0,0,0,1
E3-PPOLag-p003,47.0587,20,126,RLPolicy,0,0,0.0376399,12.336,3.50656,21,0.782972,0,0,0,0,1.0151
E3-PPOLag-p003,47.06,3,195,RLPolicy,0,0,0.0381446,13.2522,3.50656,21,0.553396,0,0,0,0,1.02418
E3-PPOLag-p003,47.0602,19,204,RLPolicy,0,0,0.0237539,12.0307,3.50656,21,1.11804,0,0,0,0,1
E3-PPOLag-p003,47.0696,507,24,RLPolicy,0,0,0.0233056,13.8629,3.50656,21,1.33642,0,0,0,0,1
E3-PPOLag-p003,47.0755,471,359,RLPolicy,1,0,0.0221009,12.4766,3.50656,20,0.780008,0,0,0,0,1.04485
E3-PPOLag-p003,47.0878,233,109,RLPolicy,0,0,0.0236905,13.8629,3.50656,21,0.621199,0,0,0,0,1.00673
E3-PPOLag-p003,47.0879,231,605,RLPolicy,0,0,0.0232501,13.8629,3.50656,21,0.916216,0,0,0,0,0.985933
E3-PPOLag-p003,47.0884,374,605,RLPolicy,0,0,0.0232501,13.8629,3.50656,21,0.976101,0,0,0,0,0.985933
E3-PPOLag-p003,47.0895,45,175,RLPolicy,0,0,0.0237231,13.5576,3.50656,21,0.281763,0,0,0,0,1
E3-PPOLag-p003,47.0912,390,605,RLPolicy,0,0,0.0232501,13.8629,3.50656,21,0.947624,0,0,0,0,1
E3-PPOLag-p003,47.092,111,605,RLPolicy,0,0,0.0232501,13.8629,3.50656,21,0.981032,0,0,0,0,1
E3-PPOLag-p003,47.0923,302,7,RLPolicy,0,0,0.0232506,13.8629,3.50656,21,0.448372,0,0,0,0,1
E3-PPOLag-p003,47.0973,260,87,RLPolicy,1,0,0.0220944,12.4766,3.50656,20,0.961315,0,0,0,0,1.04485
E3-PPOLag-p003,47.0993,46,33,RLPolicy,0,0,0.0236592,12.9468,3.50656,21,0.725205,0,0,0,0,0.971866
E3-PPOLag-p003,47.1016,356,406,RLPolicy,0,0,0.023245,13.8629,3.50656,21,0.723871,0,0,0,0,1
E3-PPOLag-p003,47.1041,168,89,RLPolicy,0,0,0.0232501,13.8629,3.50656,21,1.03706,0,0,0,0,0.985933
E3-PPOLag-p003,47.105,247,588,RLPolicy,0,0,0.0232461,13.8629,3.50656,21,0.706757,0,0,0,0,1
E3-PPOLag-p003,47.1061,475,382,RLPolicy,0,0,0.0236798,13.8629,3.50656,21,0.405581,0,0,0,0,1
E3-PPOLag-p003,47.1115,416,406,RLPolicy,0,0,0.0232499,13.8629,3.50656,21,0.702155,0,0,0,0,1
E3-PPOLag-p003,47.1134,218,526,RLPolicy,0,0,0.0236797,13.8629,3.50656,21,0.423784,0,0,0,0,1
E3-PPOLag-p003,47.1136,43,377,RLPolicy,0,0,0.0582107,12.6414,3.50656,21,1.28372,0,0,0,0,0.992161
E3-PPOLag-p003,47.1182,378,89,RLPolicy,0,0,0.0232501,13.8629,3.50656,21,1.44848,0,0,0,0,1
E3-PPOLag-p003,47.1206,227,186,RLPolicy,0,0,0.0236796,13.8629,3.50656,21,0.545085,0,0,0,0,1
E3-PPOLag-p003,47.1216,398,89,RLPolicy,0,0,0.0232501,13.8629,3.50656,21,0.78381,0,0,0,0,1
E3-PPOLag-p003,47.1229,414,596,RLPolicy,0,0,0.0236783,13.8629,3.50656,21,0.546395,0,0,0,0,1
E3-PPOLag-p003,47.129,303,448,RLPolicy,0,0,0.0237129,13.8629,3.50656,21,0.412485,0,0,0,0,1
E3-PPOLag-p003,47.1394,12,19,RLPolicy,0,0,0.0237131,13.2522,3.50656,21,0.687068,0,0,0,0,1.0314
E3-PPOLag-p003,47.1454,63,89,RLPolicy,0,0,0.0232501,13.8629,3.50656,21,1.07077,0,0,0,0,1.00867
E3-PPOLag-p003,47.1472,442,588,RLPolicy,0,0,0.0232461,13.8629,3.50656,21,0.733045,0,0,0,0,1
E3-PPOLag-p003,47.1508,81,180,RLPolicy,0,0,0.0236898,13.8629,3.50656,21,0.337042,0,0,0,0,1
E3-PPOLag-p003,47.1513,510,235,RLPolicy,0,0,0.0232505,13.8629,3.50656,21,0.833527,0,0,0,0,1
E3-PPOLag-p003,47.1611,393,82,RLPolicy,0,0,0.02325,13.8629,3.50656,21,0.875037,0,0,0,0,1
E3-PPOLag-p003,47.1625,433,338,RLPolicy,0,0,0.0232458,13.8629,3.50656,21,0.490206,0,0,0,0,1
E3-PPOLag-p003,47.1626,25,462,RLPolicy,0,0,0.0579441,13.5576,3.50656,21,0.670276,0,0,0,0,1.00491
E3-PPOLag-p003,47.168,401,22,RLPolicy,0,0,0.0232501,13.8629,3.50656,21,0.738652,0,0,0,0,1
E3-PPOLag-p003,47.1706,216,0,RLPolicy,1,0,0.019841,11.0904,3.50656,18,0.754832,0,0,0,0,1.02732
E3-PPOLag-p003,47.1833,459,243,RLPolicy,0,0,0.0236789,13.8629,3.50656,21,0.71774,0,0,0,0,1
E3-PPOLag-p003,47.184,366,82,RLPolicy,0,0,0.0232501,13.8629,3.50656,21,0.827589,0,0,0,0,1
E3-PPOLag-p003,47.1985,235,89,RLPolicy,0,0,0.0232501,13.8629,3.50656,21,1.09514,0,0,0,0,1
E3-PPOLag-p003,47.1985,413,459,RLPolicy,0,0,0.0236949,13.8629,3.50656,21,0.295023,0,0,0,0,1
E3-PPOLag-p003,47.1995,103,5,RLPolicy,0,0,0.0236836,13.8629,3.50656,21,0.890769,0,0,0,0,1
E3-PPOLag-p003,47.2006,505,89,RLPolicy,0,0,0.0232501,13.8629,3.50656,21,1.69652,0,0,0,0,1
E3-PPOLag-p003,47.2047,105,82,RLPolicy,0,0,0.02325,13.8629,3.50656,21,0.642813,0,0,0,0,1
E3-PPOLag-p003,47.2053,76,82,RLPolicy,0,0,0.02325,13.7088,3.50656,21,0.73758,0,0,0,0,1
E3-PPOLag-p003,47.2063,107,82,RLPolicy,0,0,0.0232501,13.8629,3.50656,21,0.983042,0,0,0,0,1
E3-PPOLag-p003,47.2078,230,599,RLPolicy,0,0,0.00238845,1.38629,3.50656,3,0.031645,0,0,0,0,1
E3-PPOLag-p003,47.2092,210,134,RLPolicy,0,0,0.00947863,5.54518,3.50656,9,0.111764,0,0,0,0,1
E3-PPOLag-p003,47.212,391,588,RLPolicy,0,0,0.0232462,13.8629,3.50656,21,0.724122,0,0,0,0,0.985933
E3-PPOLag-p003,47.215,460,22,RLPolicy,0,0,0.0232501,13.8629,3.50656,21,0.684127,0,0,0,0,1
E3-PPOLag-p003,47.2159,268,227,RLPolicy,0,0,0.0232505,13.8629,3.50656,21,0.857164,0,0,0,0,1.04832
E3-PPOLag-p003,47.2175,194,248,RLPolicy,0,0,0.0236788,13.8629,3.50656,21,0.844972,0,0,0,0,0.971866
E3-PPOLag-p003,47.2218,112,526,RLPolicy,0,0,0.0236796,13.8629,3.50656,21,0.740695,0,0,0,0,1
E3-PPOLag-p003,47.2259,54,219,RLPolicy,0,0,0.0237337,13.8629,3.50656,21,0.983298,0,0,0,0,1.02752
E3-PPOLag-p003,47.2279,327,202,RLPolicy,0,0,0.0236866,13.8629,3.50656,21,1.3654,0,0,0,0,1
E3-PPOLag-p003,47.2313,139,588,RLPolicy,0,0,0.0232462,13.8629,3.50656,21,0.524409,0,0,0,0,1
E3-PPOLag-p003,47.2315,38,115,RLPolicy,0,0,0.0237661,12.0307,3.50656,21,0.607547,0,0,0,0,1.03243
E3-PPOLag-p003,47.2362,162,459,RLPolicy,0,0,0.0237107,13.8629,3.50656,21,0.379927,0,0,0,0,1
E3-PPOLag-p003,47.237,66,338,RLPolicy,0,0,0.0232457,13.8629,3.50656,21,0.681048,0,0,0,0,1.03099
E3-PPOLag-p003,47.2392,373,129,RLPolicy,0,0,0.0236885,13.8629,3.50656,21,0.402751,0,0,0,0,1
E3-PPOLag-p003,47.242,50,272,RLPolicy,0,0,0.0681495,13.4034,3.50656,21,0.890086,0,0,0,0,1.02946
E3-PPOLag-p003,47.2423,52,384,RLPolicy,0,0,0.0232527,13.8629,3.50656,21,0.611453,0,0,0,0,1.01539
E3-PPOLag-p003,47.247,114,129,RLPolicy,0,0,0.0237077,13.8629,3.50656,21,0.70748,0,0,0,0,1
E3-PPOLag-p003,47.2636,39,75,RLPolicy,0,0,0.0232501,13.8629,3.50656,21,0.391742,0,0,0,0,1
E3-PPOLag-p003,47.2764,287,483,RLPolicy,0,0,0.0232781,13.8629,3.50656,21,0.401483,0,0,0,0,1
E3-PPOLag-p003,47.2786,120,417,RLPolicy,0,0,0.0237102,13.8629,3.50656,21,0.577432,0,0,0,0,1
E3-PPOLag-p003,47.2872,59,274,RLPolicy,1,1,0.00360631,1.08091,3.50656,4,0.303359,0,0,0,0,0.987872
E3-PPOLag-p003,47.2918,455,572,RLPolicy,0,0,0.0236947,13.8629,3.50656,21,0.293677,0,0,0,0,1
E3-PPOLag-p003,47.2935,517,483,RLPolicy,0,0,0.0232781,13.8629,3.50656,21,0.498529,0,0,0,0,1
E3-PPOLag-p003,47.2963,236,89,RLPolicy,0,0,0.0232503,13.8629,3.50656,21,0.987702,0,0,0,0,1
E3-PPOLag-p003,47.297,241,401,RLPolicy,0,0,0.0236903,13.8629,3.50656,21,0.841165,0,0,0,0,1.03099
E3-PPOLag-p003,47.3021,131,338,RLPolicy,0,0,0.0232457,13.8629,3.50656,21,0.516811,0,0,0,0,1
E3-PPOLag-p003,47.3116,49,417,RLPolicy,0,0,0.0237152,13.8629,3.50656,21,0.335799,0,0,0,0,1
E3-PPOLag-p003,47.3129,411,459,RLPolicy,0,0,0.0236946,13.8629,3.50656,21,0.198193,0,0,0,0,1
E3-PPOLag-p003,47.3146,448,304,RLPolicy,0,0,0.0236804,13.8629,3.50656,21,0.556289,0,0,0,0,1
E3-PPOLag-p003,47.3152,188,488,RLPolicy,0,0,0.0237163,13.8629,3.50656,21,0.637394,0,0,0,0,1.00673
E3-PPOLag-p003,47.3163,211,66,RLPolicy,0,0,0.0233056,13.8629,3.50656,21,0.47387,0,0,0,0,1.01712
E3-PPOLag-p003,47.317,68,383,RLPolicy,0,0,0.0237296,13.8629,3.50656,21,0.284333,0,0,0,0,1.02752
E3-PPOLag-p003,47.3184,86,304,RLPolicy,0,0,0.0236797,13.8629,3.50656,21,0.356339,0,0,0,0,1
E3-PPOLag-p003,47.3216,383,417,RLPolicy,0,0,0.0237149,13.8629,3.50656,21,0.302674,0,0,0,0,1
E3-PPOLag-p003,47.3234,109,283,RLPolicy,0,0,0.0236253,13.8629,3.50656,21,1.64871,0,0,0,0,1
E3-PPOLag-p003,47.3245,339,406,RLPolicy,0,0,0.0233174,13.7088,3.50656,21,0.585939,0,0,0,0,0.985162
E3-PPOLag-p003,47.3248,496,24,RLPolicy,0,0,0.0233056,13.8629,3.50656,21,0.449456,0,0,0,0,1
E3-PPOLag-p003,47.3251,245,260,RLPolicy,0,0,0.0236789,13.8629,3.50656,21,0.722137,0,0,0,0,1
E3-PPOLag-p003,47.3269,377,235,RLPolicy,0,0,0.0232503,13.8629,3.50656,21,0.917764,0,0,0,0,1
E3-PPOLag-p003,47.3286,319,397,RLPolicy,0,0,0.0236797,13.8629,3.50656,21,0.664111,0,0,0,0,1.02406
E3-PPOLag-p003,47.3288,427,52,RLPolicy,0,0,0.0236788,13.8629,3.50656,21,0.524226,0,0,0,0,1
E3-PPOLag-p003,47.33,400,537,RLPolicy,0,0,0.0236822,13.8629,3.50656,21,0.377802,0,0,0,0,1
E3-PPOLag-p003,47.3304,273,89,RLPolicy,0,0,0.0232501,13.8629,3.50656,21,0.938131,0,0,0,0,1
E3-PPOLag-p003,47.3306,272,588,RLPolicy,0,0,0.0232462,13.8629,3.50656,21,1.15101,0,0,0,0,1
E3-PPOLag-p003,47.3317,343,22,RLPolicy,0,0,0.0232501,13.8629,3.50656,21,0.548157,0,0,0,0,1
E3-PPOLag-p003,47.3319,462,467,RLPolicy,0,0,0.0236787,13.8629,3.50656,21,0.775432,0,0,0,0,1
E3-PPOLag-p003,47.3465,380,537,RLPolicy,0,0,0.0236812,13.8629,3.50656,21,0.696956,0,0,0,0,1
E3-PPOLag-p003,47.3471,1,108,RLPolicy,0,0,0.0237946,12.6414,3.50656,21,0.350967,0,0,0,0,1.04027
E3-PPOLag-p003,47.357,156,89,RLPolicy,0,0,0.0232501,13.8629,3.50656,21,0.799922,0,0,0,0,1
E3-PPOLag-p003,47.3654,7,157,RLPolicy,1,1,0.00197221,0.693147,3.50656,3,0.181037,0,0,0,0,0.980864
E3-PPOLag-p003,47.3667,306,207,RLPolicy,1,0,0.0166247,9.01091,3.50656,15,0.405557,0,0,0,0,1.02752
E3-PPOLag-p003,47.3673,318,277,RLPolicy,0,0,0.0831323,0.693147,3.50656,2,0.030816,0,0,0,0,1
E3-PPOLag-p003,47.3705,388,440,RLPolicy,0,0,0.0236964,13.8629,3.50656,21,0.365882,0,0,0,0,0.985933
E3-PPOLag-p003,47.3827,425,588,RLPolicy,0,0,0.0232462,13.8629,3.50656,21,0.540112,0,0,0,0,1
E3-PPOLag-p003,47.388,358,18,RLPolicy,0,0,0.0236253,13.8629,3.50656,21,0.626017,0,0,0,0,1
E3-PPOLag-p003,47.3911,8,358,RLPolicy,0,0,0.0538313,13.2522,3.50656,21,0.555649,0,0,0,0,1
E3-PPOLag-p003,47.3919,201,406,RLPolicy,0,0,0.0232501,13.8629,3.50656,21,0.72187,0,0,0,0,0.989399
E3-PPOLag-p003,47.3944,372,89,RLPolicy,0,0,0.0232501,13.8629,3.50656,21,0.611832,0,0,0,0,1
E3-PPOLag-p003,47.416,17,141,RLPolicy,0,0,0.0236254,13.2522,3.50656,21,0.594953,0,0,0,0,0.984406
E3-PPOLag-p003,47.4173,261,22,RLPolicy,0,0,0.02325,13.8629,3.50656,21,0.574071,0,0,0,0,1
E3-PPOLag-p003,47.4243,177,22,RLPolicy,0,0,0.02325,13.8629,3.50656,21,1.27654,0,0,0,0,0.985933
E3-PPOLag-p003,47.4255,67,89,RLPolicy,0,0,0.0232501,13.8629,3.50656,21,1.30942,0,0,0,0,0.98899
E3-PPOLag-p003,47.4259,497,22,RLPolicy,0,0,0.02325,13.8629,3.50656,21,0.439,0,0,0,0,1
E3-PPOLag-p003,47.4324,435,331,RLPolicy,0,0,0.023712,13.8629,3.50656,21,0.22094,0,0,0,0,1.03099
E3-PPOLag-p003,47.4422,334,104,RLPolicy,0,0,0.0236788,13.8629,3.50656,21,1.45869,0,0,0,0,1
E3-PPOLag-p003,47.4436,323,161,RLPolicy,0,0,0.0236863,13.8629,3.50656,21,0.609452,0,0,0,0,1
E3-PPOLag-p003,47.4461,264,77,RLPolicy,0,0,0.0237058,13.8629,3.50656,21,0.523256,0,0,0,0,1
E3-PPOLag-p003,47.4553,94,204,RLPolicy,0,0,0.0236806,13.8629,3.50656,21,0.757161,0,0,0,0,1
E3-PPOLag-p003,47.4573,74,487,RLPolicy,0,0,0.0236828,13.8629,3.50656,21,0.521651,0,0,0,0,1
E3-PPOLag-p003,47.4588,234,220,RLPolicy,1,1,0.00202534,0.693147,3.50656,3,0.312221,0,0,0,0,0.971866
E3-PPOLag-p003,47.4592,409,452,RLPolicy,0,0,0.115052,2.07944,3.50656,4,0.059519,0,0,0,0,1
E3-PPOLag-p003,47.4602,65,537,RLPolicy,0,0,0.023683,13.8629,3.50656,21,0.38294,0,0,0,0,1.05158
E3-PPOLag-p003,47.4637,344,572,RLPolicy,0,0,0.104435,13.8629,3.50656,21,0.14147,0,0,0,0,1.05851
E3-PPOLag-p003,47.4684,61,252,RLPolicy,0,0,0.023678,13.8629,3.50656,21,1.0639,0,0,0,0,1
E3-PPOLag-p003,47.4711,432,260,RLPolicy,0,0,0.0234979,13.8629,3.50656,21,0.422825,0,0,0,0,1
E3-PPOLag-p003,47.474,160,627,RLPolicy,0,0,0.0237126,13.8629,3.50656,21,0.136253,0,0,0,0,1.01019
E3-PPOLag-p003,47.4817,48,21,RLPolicy,0,0,0.0236863,13.8629,3.50656,21,0.77914,0,0,0,0,1.00326
E3-PPOLag-p003,47.4817,487,262,RLPolicy,0,0,0.023245,13.8629,3.50656,21,0.559877,0,0,0,0,1
E3-PPOLag-p003,47.4931,450,247,RLPolicy,0,0,0.0232462,13.8629,3.50656,21,0.834103,0,0,0,0,1
E3-PPOLag-p003,47.4975,512,331,RLPolicy,0,0,0.0237165,13.8629,3.50656,21,0.42593,0,0,0,0,1
E3-PPOLag-p003,47.499,99,247,RLPolicy,0,0,0.0232462,13.8629,3.50656,21,0.845151,0,0,0,0,1
E3-PPOLag-p003,47.5034,55,338,RLPolicy,0,0,0.0232457,13.8629,3.50656,21,0.584034,0,0,0,0,0.99633
E3-PPOLag-p003,47.5064,476,64,RLPolicy,0,0,0.0236803,13.8629,3.50656,21,0.346077,0,0,0,0,1
E3-PPOLag-p003,47.5098,426,572,RLPolicy,0,0,0.0236911,13.8629,3.50656,21,0.133099,0,0,0,0,1
E3-PPOLag-p003,47.51,457,313,RLPolicy,0,0,0.0236826,13.8629,3.50656,21,0.521573,0,0,0,0,1
E3-PPOLag-p003,47.5114,335,625,RLPolicy,0,0,0.023245,13.8629,3.50656,21,1.0513,0,0,0,0,1.03792
E3-PPOLag-p003,47.5133,526,575,RLPolicy,0,0,0.0233643,13.8629,3.50656,21,1.07641,0,0,0,0,1
E3-PPOLag-p003,47.5143,93,18,RLPolicy,0,0,0.0236252,13.8629,3.50656,21,0.459765,0,0,0,0,1
E3-PPOLag-p003,47.5147,53,283,RLPolicy,0,0,0.0236252,13.7088,3.50656,21,0.695284,0,0,0,0,1.03078
E3-PPOLag-p003,47.5196,113,403,RLPolicy,0,0,0.0232524,13.8629,3.50656,21,0.518721,0,0,0,0,0.989195
E3-PPOLag-p003,47.5223,501,22,RLPolicy,0,0,0.02325,13.8629,3.50656,21,0.540516,0,0,0,0,1
E3-PPOLag-p003,47.5226,44,267,RLPolicy,0,0,0.0511591,13.2522,3.50656,21,0.549195,0,0,0,0,1
E3-PPOLag-p003,47.5234,179,89,RLPolicy,0,0,0.0232502,13.8629,3.50656,21,1.0935,0,0,0,0,1.01366
E3-PPOLag-p003,47.5245,165,213,RLPolicy,0,0,0.0232462,13.8629,3.50656,21,0.502795,0,0,0,0,0.985933
E3-PPOLag-p003,47.5286,200,75,RLPolicy,0,0,0.02325,13.8629,3.50656,21,1.07264,0,0,0,0,1.01366
E3-PPOLag-p003,47.5304,0,358,RLPolicy,0,0,0.0426026,13.2522,3.50656,21,0.662752,0,0,0,0,1.00867
E3-PPOLag-p003,47.5327,484,417,RLPolicy,0,0,0.150779,13.8629,3.50656,21,0.245858,0,0,0,0,1
E3-PPOLag-p003,47.5349,124,202,RLPolicy,0,0,0.0236783,13.8629,3.50656,21,0.827047,0,0,0,0,1
E3-PPOLag-p003,47.5379,167,89,RLPolicy,0,0,0.0232502,13.8629,3.50656,21,1.03099,0,0,0,0,1
E3-PPOLag-p003,47.547,91,89,RLPolicy,0,0,0.0232502,13.8629,3.50656,21,0.555411,0,0,0,0,0.985321
E3-PPOLag-p003,47.5475,271,89,RLPolicy,0,0,0.0232502,13.8629,3.50656,21,1.16688,0,0,0,0,0.985933
E3-PPOLag-p003,47.5478,150,213,RLPolicy,0,0,0.0232462,13.8629,3.50656,21,0.44564,0,0,0,0,0.985933
E3-PPOLag-p003,47.552,452,616,RLPolicy,0,0,0.120972,2.07944,3.50656,4,0.061525,0,0,0,0,1
E3-PPOLag-p003,47.5524,153,394,RLPolicy,0,0,0.0236786,13.8629,3.50656,21,0.544967,0,0,0,0,1
E3-PPOLag-p003,47.5606,115,526,RLPolicy,0,0,0.0236797,13.8629,3.50656,21,0.862879,0,0,0,0,1
E3-PPOLag-p003,47.5617,252,31,RLPolicy,0,0,0.0236778,13.8629,3.50656,21,1.00985,0,0,0,0,1
E3-PPOLag-p003,47.5632,467,22,RLPolicy,0,0,0.02325,13.8629,3.50656,21,0.782422,0,0,0,0,1
E3-PPOLag-p003,47.5672,232,89,RLPolicy,0,0,0.0232502,13.8629,3.50656,21,0.856168,0,0,0,0,0.985933
E3-PPOLag-p003,47.5775,118,282,RLPolicy,0,0,0.02325,13.8629,3.50656,21,0.949309,0,0,0,0,1
E3-PPOLag-p003,47.5809,257,66,RLPolicy,0,0,0.0233055,13.8629,3.50656,21,0.656042,0,0,0,0,1
E3-PPOLag-p003,47.5875,127,62,RLPolicy,0,0,0.0236805,13.8629,3.50656,21,0.517576,0,0,0,0,0.985933
E3-PPOLag-p003,47.5963,221,66,RLPolicy,0,0,0.0233055,13.8629,3.50656,21,0.787235,0,0,0,0,0.985933
E3-PPOLag-p003,47.6,403,22,RLPolicy,0,0,0.02325,13.8629,3.50656,21,0.724813,0,0,0,0,1
E3-PPOLag-p003,47.6012,142,213,RLPolicy,0,0,0.0232461,13.8629,3.50656,21,0.619437,0,0,0,0,1
E3-PPOLag-p003,47.6071,326,213,RLPolicy,0,0,0.0232461,13.8629,3.50656,21,0.794852,0,0,0,0,1
E3-PPOLag-p003,47.611,277,318,RLPolicy,0,0,0.0828182,0.693147,3.50656,2,0.023272,0,0,0,0,1
E3-PPOLag-p003,47.6149,145,31,RLPolicy,0,0,0.0236777,13.8629,3.50656,21,0.561634,0,0,0,0,1
E3-PPOLag-p003,47.628,424,571,RLPolicy,0,0,0.02325,13.8629,3.50656,21,0.409963,0,0,0,0,1
E3-PPOLag-p003,47.6284,246,283,RLPolicy,0,0,0.0236252,13.8629,3.50656,21,1.09853,0,0,0,0,1
E3-PPOLag-p003,47.6362,520,74,RLPolicy,0,0,0.0236809,13.8629,3.50656,21,0.427477,0,0,0,0,1
E3-PPOLag-p003,47.6501,325,235,RLPolicy,0,0,0.0232502,13.6398,3.50656,21,1.64405,0,0,0,0,1
E3-PPOLag-p003,47.6516,89,169,RLPolicy,0,0,0.023287,13.4005,3.50656,21,0.815236,0,0,0,0,1
E3-PPOLag-p003,47.6576,381,563,RLPolicy,0,0,0.0236796,13.8629,3.50656,21,0.664886,0,0,0,0,1
E3-PPOLag-p003,47.6581,456,49,RLPolicy,0,0,0.0236957,13.8629,3.50656,21,0.244189,0,0,0,0,1
E3-PPOLag-p003,47.6657,285,235,RLPolicy,0,0,0.0232502,13.8629,3.50656,21,0.740224,0,0,0,0,1
E3-PPOLag-p003,47.6706,376,213,RLPolicy,0,0,0.0232461,13.8629,3.50656,21,0.594686,0,0,0,0,1
E3-PPOLag-p003,47.6756,346,371,RLPolicy,0,0,0.0237037,13.8629,3.50656,21,0.237916,0,0,0,0,1
E3-PPOLag-p003,47.6757,83,612,RLPolicy,0,0,0.0232501,13.8629,3.50656,21,0.976757,0,0,0,0,0.985933
E3-PPOLag-p003,47.6803,60,601,RLPolicy,0,0,0.0233187,13.5576,3.50656,21,0.94443,0,0,0,0,0.992864
E3-PPOLag-p003,47.682,437,81,RLPolicy,0,0,0.0236863,13.8629,3.50656,21,0.364413,0,0,0,0,1
E3-PPOLag-p003,47.6825,295,625,RLPolicy,0,0,0.023245,13.8629,3.50656,21,0.709975,0,0,0,0,1
E3-PPOLag-p003,47.6846,102,149,RLPolicy,0,0,0.023681,13.8629,3.50656,21,0.865239,0,0,0,0,1.03792
E3-PPOLag-p003,47.6869,35,138,RLPolicy,0,0,0.0237445,12.336,3.50656,21,0.716505,0,0,0,0,1.05731
E3-PPOLag-p003,47.6923,195,24,RLPolicy,0,0,0.0233056,13.8629,3.50656,21,1.05734,0,0,0,0,0.999796
E3-PPOLag-p003,47.6944,96,258,RLPolicy,0,0,0.02325,13.8629,3.50656,21,0.455333,0,0,0,0,1
E3-PPOLag-p003,47.7,300,575,RLPolicy,0,0,0.0233642,13.8629,3.50656,21,0.731459,0,0,0,0,1
E3-PPOLag-p003,47.7018,11,130,RLPolicy,0,0,0.0238132,12.0307,3.50656,21,0.190314,0,0,0,0,1.02447
E3-PPOLag-p003,47.713,348,213,RLPolicy,0,0,0.023246,13.8629,3.50656,21,0.484301,0,0,0,0,1
E3-PPOLag-p003,47.7179,126,491,RLPolicy,0,0,0.0236858,13.8629,3.50656,21,0.80197,0,0,0,0,1
E3-PPOLag-p003,47.7258,439,213,RLPolicy,0,0,0.023246,13.8629,3.50656,21,0.59935,0,0,0,0,1
E3-PPOLag-p003,47.7272,128,416,RLPolicy,1,1,0.00196972,0.693147,3.50656,3,0.480078,0,0,0,0,0.985933
E3-PPOLag-p003,47.7287,349,75,RLPolicy,0,0,0.02325,13.8629,3.50656,21,0.561199,0,0,0,0,1
E3-PPOLag-p003,47.7314,355,79,RLPolicy,0,0,0.0236799,13.8629,3.50656,21,0.567146,0,0,0,0,1
E3-PPOLag-p003,47.7328,291,235,RLPolicy,0,0,0.0232503,13.8629,3.50656,21,0.743792,0,0,0,0,0.985933
E3-PPOLag-p003,47.7331,108,213,RLPolicy,0,0,0.023246,13.8629,3.50656,21,1.34458,0,0,0,0,1
E3-PPOLag-p003,47.7341,290,31,RLPolicy,0,0,0.0236777,13.8629,3.50656,21,0.522318,0,0,0,0,1
E3-PPOLag-p003,47.7374,431,470,RLPolicy,0,0,0.0237316,13.8629,3.50656,21,0.145341,0,0,0,0,1
E3-PPOLag-p003,47.7398,27,202,RLPolicy,0,0,0.0237041,13.5576,3.50656,21,0.764921,0,0,0,0,1
E3-PPOLag-p003,47.7478,152,483,RLPolicy,0,0,0.0232778,13.8629,3.50656,21,0.303475,0,0,0,0,1.02406
E3-PPOLag-p003,47.7486,387,134,RLPolicy,0,0,0.00947937,5.54518,3.50656,9,0.095815,0,0,0,0,1
E3-PPOLag-p003,47.7501,106,75,RLPolicy,0,0,0.02325,13.8629,3.50656,21,0.833598,0,0,0,0,1.00673
E3-PPOLag-p003,47.7594,461,338,RLPolicy,0,0,0.0232457,13.8629,3.50656,21,0.524579,0,0,0,0,1
E3-PPOLag-p003,47.7595,262,625,RLPolicy,0,0,0.0232498,13.8629,3.50656,21,1.41222,0,0,0,0,1
E3-PPOLag-p003,47.7605,136,612,RLPolicy,0,0,0.0236787,13.8629,3.50656,21,0.781923,0,0,0,0,1.00326
E3-PPOLag-p003,47.761,528,78,RLPolicy,0,0,0.0236782,13.8629,3.50656,21,1.27606,0,0,0,0,1
E3-PPOLag-p003,47.7626,509,286,RLPolicy,0,0,0.023251,13.8629,3.50656,21,1.43344,0,0,0,0,1
E3-PPOLag-p003,47.765,500,459,RLPolicy,0,0,0.0236943,13.8629,3.50656,21,0.193856,0,0,0,0,1
E3-PPOLag-p003,47.7683,73,235,RLPolicy,0,0,0.0569011,13.7088,3.50656,21,0.673804,0,0,0,0,1
E3-PPOLag-p003,47.7693,82,625,RLPolicy,0,0,0.0232498,13.8629,3.50656,21,1.02501,0,0,0,0,1
E3-PPOLag-p003,47.7745,123,422,RLPolicy,0,0,0.0237157,13.8629,3.50656,21,0.39832,0,0,0,0,1.04832
E3-PPOLag-p003,47.7754,320,15,RLPolicy,0,0,0.023714,13.8629,3.50656,21,0.314553,0,0,0,0,1
E3-PPOLag-p003,47.7825,399,235,RLPolicy,0,0,0.0232503,13.8629,3.50656,21,1.03232,0,0,0,0,1
E3-PPOLag-p003,47.7854,189,442,RLPolicy,0,0,0.0236803,13.8629,3.50656,21,0.539579,0,0,0,0,1.01366
E3-PPOLag-p003,47.7959,286,235,RLPolicy,0,0,0.0232503,13.8629,3.50656,21,0.680149,0,0,0,0,0.985933
E3-PPOLag-p003,47.7964,175,125,RLPolicy,0,0,0.0237232,13.8629,3.50656,21,0.408201,0,0,0,0,1
E3-PPOLag-p003,47.798,441,487,RLPolicy,0,0,0.0236799,13.8629,3.50656,21,0.830529,0,0,0,0,1.02406
E3-PPOLag-p003,47.8038,469,213,RLPolicy,0,0,0.023246,13.8629,3.50656,21,0.682531,0,0,0,0,1
E3-PPOLag-p003,47.8061,443,448,RLPolicy,0,0,0.126098,13.8629,3.50656,21,0.129841,0,0,0,0,1
E3-PPOLag-p003,47.8102,434,472,RLPolicy,0,0,0.0232457,13.8629,3.50656,21,0.779908,0,0,0,0,1
E3-PPOLag-p003,47.8133,514,213,RLPolicy,0,0,0.023246,13.8629,3.50656,21,0.77324,0,0,0,0,1
E3-PPOLag-p003,47.8148,276,235,RLPolicy,0,0,0.0232503,13.8629,3.50656,21,0.743049,0,0,0,0,1
E3-PPOLag-p003,47.8151,404,213,RLPolicy,0,0,0.023246,13.8629,3.50656,21,0.667227,0,0,0,0,1
E3-PPOLag-p003,47.819,129,483,RLPolicy,0,0,0.0232778,13.8629,3.50656,21,0.636235,0,0,0,0,1
E3-PPOLag-p003,47.8206,98,24,RLPolicy,0,0,0.0233055,13.8629,3.50656,21,0.56464,0,0,0,0,0.999592
E3-PPOLag-p003,47.8236,5,547,RLPolicy,0,0,0.0529584,13.2522,3.50656,21,0.67224,0,0,0,0,1.00714
E3-PPOLag-p003,47.825,529,24,RLPolicy,0,0,0.0233055,13.8629,3.50656,21,0.898883,0,0,0,0,1
E3-PPOLag-p003,47.83,329,109,RLPolicy,0,0,0.0236867,13.8629,3.50656,21,0.65147,0,0,0,0,1
E3-PPOLag-p003,47.8317,215,455,RLPolicy,1,0,0.00833174,4.15888,3.50656,8,0.096976,0,0,0,0,1.00326
E3-PPOLag-p003,47.8324,524,564,RLPolicy,0,0,0.0236865,13.8629,3.50656,21,0.232163,0,0,0,0,1
E3-PPOLag-p003,47.8346,92,556,RLPolicy,0,0,0.0232795,13.8629,3.50656,21,0.243357,0,0,0,0,1
E3-PPOLag-p003,47.8421,444,625,RLPolicy,0,0,0.0232497,13.8629,3.50656,21,0.794517,0,0,0,0,1
E3-PPOLag-p003,47.846,417,260,RLPolicy,0,0,0.0236799,13.8629,3.50656,21,0.70301,0,0,0,0,1
E3-PPOLag-p003,47.847,464,472,RLPolicy,0,0,0.0232457,13.8629,3.50656,21,0.651328,0,0,0,0,0.985933
E3-PPOLag-p003,47.8562,22,393,RLPolicy,1,0,0.0413039,3.54812,3.50656,8,0.735288,0,0,0,0,0.999301
E3-PPOLag-p003,47.8623,263,18,RLPolicy,0,0,0.0236252,13.8629,3.50656,21,0.77843,0,0,0,0,1
E3-PPOLag-p003,47.8632,34,136,RLPolicy,0,0,0.0569734,12.336,3.50656,21,0.778272,0,0,0,0,0.988284
E3-PPOLag-p003,47.8664,367,283,RLPolicy,0,0,0.0236252,13.8629,3.50656,21,0.674845,0,0,0,0,1
E3-PPOLag-p003,47.8706,332,235,RLPolicy,0,0,0.0232503,13.8629,3.50656,21,0.895816,0,0,0,0,0.985933
E3-PPOLag-p003,47.8741,396,283,RLPolicy,0,0,0.0236252,13.8629,3.50656,21,0.946837,0,0,0,0,1
E3-PPOLag-p003,47.878,347,397,RLPolicy,0,0,0.0236796,13.8629,3.50656,21,0.510065,0,0,0,0,1
E3-PPOLag-p003,47.8791,58,625,RLPolicy,0,0,0.0651894,13.5576,3.50656,21,0.935826,0,0,0,0,0.984406
E3-PPOLag-p003,47.8835,488,22,RLPolicy,0,0,0.02325,13.8629,3.50656,21,0.387789,0,0,0,0,1
E3-PPOLag-p003,47.8867,289,524,RLPolicy,0,0,0.0237481,13.8629,3.50656,21,0.120093,0,0,0,0,1
E3-PPOLag-p003,47.8889,172,235,RLPolicy,0,0,0.0232503,13.8629,3.50656,21,0.625045,0,0,0,0,1
E3-PPOLag-p003,47.8897,359,163,RLPolicy,0,0,0.0236819,13.8629,3.50656,21,0.347446,0,0,0,0,1
E3-PPOLag-p003,47.8942,181,579,RLPolicy,0,0,0.023722,13.8629,3.50656,21,0.318151,0,0,0,0,1
E3-PPOLag-p003,47.9084,519,247,RLPolicy,0,0,0.0232459,13.8629,3.50656,21,0.915872,0,0,0,0,1
E3-PPOLag-p003,47.9123,312,247,RLPolicy,0,0,0.0232459,13.8629,3.50656,21,0.546259,0,0,0,0,1
E3-PPOLag-p003,47.9147,405,22,RLPolicy,0,0,0.02325,13.8629,3.50656,21,0.653549,0,0,0,0,1
E3-PPOLag-p003,47.9225,197,553,RLPolicy,0,0,0.0232778,13.8629,3.50656,21,0.46361,0,0,0,0,1
E3-PPOLag-p003,47.9262,226,553,RLPolicy,0,0,0.0232778,13.8629,3.50656,21,0.223485,0,0,0,0,0.989195
E3-PPOLag-p003,47.9273,491,22,RLPolicy,0,0,0.02325,13.8629,3.50656,21,0.453928,0,0,0,0,1
E3-PPOLag-p003,47.939,151,625,RLPolicy,0,0,0.0232497,13.8629,3.50656,21,0.70256,0,0,0,0,1
E3-PPOLag-p003,47.9394,170,74,RLPolicy,0,0,0.0236822,13.8629,3.50656,21,0.705784,0,0,0,0,1.02059
E3-PPOLag-p003,47.9572,522,66,RLPolicy,0,0,0.0233055,13.8629,3.50656,21,0.982398,0,0,0,0,1
E3-PPOLag-p003,47.958,430,403,RLPolicy,0,0,0.0232524,13.8629,3.50656,21,0.46405,0,0,0,0,1
E3-PPOLag-p003,47.9586,154,470,RLPolicy,0,0,0.0237492,13.8629,3.50656,21,0.196405,0,0,0,0,1
E3-PPOLag-p003,47.9594,508,283,RLPolicy,0,0,0.0236252,13.8629,3.50656,21,0.836632,0,0,0,0,1
E3-PPOLag-p003,47.9702,173,472,RLPolicy,0,0,0.0232457,13.8629,3.50656,21,0.465457,0,0,0,0,1
E3-PPOLag-p003,47.9719,41,169,RLPolicy,0,0,0.0232912,12.6414,3.50656,21,0.795262,0,0,0,0,0.980445
E3-PPOLag-p003,47.9768,423,625,RLPolicy,0,0,0.0232497,13.8629,3.50656,21,0.679747,0,0,0,0,1
E3-PPOLag-p003,47.9805,498,286,RLPolicy,0,0,0.0232504,13.8629,3.50656,21,0.655597,0,0,0,0,1
E3-PPOLag-p003,47.9815,69,22,RLPolicy,0,0,0.02325,13.8629,3.50656,21,0.928061,0,0,0,0,1
E3-PPOLag-p003,47.9821,42,553,RLPolicy,0,0,0.0232778,13.8629,3.50656,21,0.464988,0,0,0,0,1
E3-PPOLag-p003,47.9851,244,247,RLPolicy,0,0,0.0232459,13.8629,3.50656,21,0.766611,0,0,0,0,1
E3-PPOLag-p003,47.9897,242,66,RLPolicy,0,0,0.0233055,13.8629,3.50656,21,0.515858,0,0,0,0,1
E3-PPOLag-p003,47.9922,163,247,RLPolicy,0,0,0.023246,13.8629,3.50656,21,1.04585,0,0,0,0,1
E3-PPOLag-p003,47.9987,364,90,RLPolicy,1,0,0.0190262,10.3972,3.50656,17,0.15354,0,0,0,0,1.03445
E3-PPOLag-p003,48.0005,525,336,RLPolicy,1,0,0.0130769,6.93147,3.50656,12,0.37274,0,0,0,0,1.01712
E3-PPOLag-p003,48.0119,30,271,RLPolicy,0,0,0.0237485,12.0307,3.50656,21,1.19525,0,0,0,0,1.0307
E3-PPOLag-p003,48.0153,143,585,RLPolicy,0,0,0.023737,13.8629,3.50656,21,0.28374,0,0,0,0,1
E3-PPOLag-p003,48.0153,21,257,RLPolicy,1,1,0.0348769,0.387766,3.50656,3,0.314331,0,0,0,0,0.974629
E3-PPOLag-p003,48.0171,24,94,RLPolicy,0,0,0.0469846,12.0307,3.50656,21,0.901101,0,0,0,0,1.03569
E3-PPOLag-p003,48.0188,135,282,RLPolicy,0,0,0.02325,13.8629,3.50656,21,0.922029,0,0,0,0,1
E3-PPOLag-p003,48.0191,10,585,RLPolicy,0,0,0.023748,12.6414,3.50656,21,0.437125,0,0,0,0,1
E3-PPOLag-p003,48.0209,174,18,RLPolicy,0,0,0.0236252,13.8629,3.50656,21,0.614141,0,0,0,0,1
E3-PPOLag-p003,48.0224,386,283,RLPolicy,0,0,0.0236252,13.8629,3.50656,21,0.548817,0,0,0,0,0.971866
E3-PPOLag-p003,48.0273,2,124,RLPolicy,0,0,0.0224953,13.8629,3.50656,21,0.912808,0,0,0,0,0.985933
E3-PPOLag-p003,48.0298,283,608,RLPolicy,0,0,0.0236778,13.8629,3.50656,21,0.740842,0,0,0,0,1
E3-PPOLag-p003,48.0348,4,331,RLPolicy,0,0,0.0230345,13.8629,3.50656,21,0.31026,0,0,0,0,1
E3-PPOLag-p003,48.035,338,66,RLPolicy,0,0,0.0233055,13.8629,3.50656,21,1.0852,0,0,0,0,1
E3-PPOLag-p003,48.0396,29,145,RLPolicy,0,0,0.0557387,12.6414,3.50656,21,0.668974,0,0,0,0,1
E3-PPOLag-p003,48.0486,489,625,RLPolicy,0,0,0.0232497,13.8629,3.50656,21,0.727901,0,0,0,0,1
E3-PPOLag-p003,48.0517,298,247,RLPolicy,0,0,0.0232458,13.8629,3.50656,21,0.603911,0,0,0,0,1.01712
E3-PPOLag-p003,48.0519,64,601,RLPolicy,0,0,0.0236979,13.7088,3.50656,21,0.86132,0,0,0,0,0.970324
E3-PPOLag-p003,48.0754,223,47,RLPolicy,0,0,0.0232476,13.8629,3.50656,21,0.65268,0,0,0,0,0.985933
E3-PPOLag-p003,48.0795,187,24,RLPolicy,0,0,0.0233055,13.8629,3.50656,21,0.904095,0,0,0,0,1
E3-PPOLag-p003,48.0804,132,239,RLPolicy,0,0,0.0236795,13.8629,3.50656,21,0.407064,0,0,0,0,1
E3-PPOLag-p003,48.0874,368,283,RLPolicy,0,0,0.0236252,13.8629,3.50656,21,0.657053,0,0,0,0,1
E3-PPOLag-p003,48.0883,176,556,RLPolicy,0,0,0.0786385,13.8629,3.50656,21,0.616105,0,0,0,0,1.03792
E3-PPOLag-p003,48.0942,183,336,RLPolicy,0,0,0.0237025,13.8629,3.50656,21,0.785726,0,0,0,0,1
E3-PPOLag-p003,48.0966,407,286,RLPolicy,0,0,0.0232505,13.7088,3.50656,21,0.959388,0,0,0,0,1
E3-PPOLag-p003,48.0976,157,248,RLPolicy,0,0,0.0236995,13.8629,3.50656,21,0.477452,0,0,0,0,1.04138
E3-PPOLag-p003,48.0992,340,2,RLPolicy,0,0,0.0233629,13.8629,3.50656,21,1.00506,0,0,0,0,1.02752
E3-PPOLag-p003,48.1025,75,22,RLPolicy,0,0,0.0236781,13.8629,3.50656,21,0.840959,0,0,0,0,1
E3-PPOLag-p003,48.1032,440,557,RLPolicy,0,0,0.0236867,13.8629,3.50656,21,0.241106,0,0,0,0,1
E3-PPOLag-p003,48.1168,382,338,RLPolicy,0,0,0.0232457,13.8629,3.50656,21,0.518748,0,0,0,0,1
E3-PPOLag-p003,48.1201,182,229,RLPolicy,0,0,0.0236796,13.8629,3.50656,21,0.672803,0,0,0,0,1
E3-PPOLag-p003,48.1207,57,134,RLPolicy,0,0,0.0217438,5.54518,3.50656,9,0.103241,0,0,0,0,1
E3-PPOLag-p003,48.1281,161,22,RLPolicy,0,0,0.0232501,13.8629,3.50656,21,0.46148,0,0,0,0,1
E3-PPOLag-p003,48.1301,228,347,RLPolicy,0,0,0.075565,13.8629,3.50656,21,0.219557,0,0,0,0,1
E3-PPOLag-p003,48.135,472,338,RLPolicy,0,0,0.0232457,13.8629,3.50656,21,0.653149,0,0,0,0,1
E3-PPOLag-p003,48.1375,518,24,RLPolicy,0,0,0.0233055,13.8629,3.50656,21,0.85194,0,0,0,0,1
E3-PPOLag-p003,48.1516,269,596,RLPolicy,0,0,0.0236882,13.8629,3.50656,21,1.01271,0,0,0,0,0.985933
E3-PPOLag-p003,48.1634,208,580,RLPolicy,0,0,0.0236872,13.8629,3.50656,21,0.559742,0,0,0,0,1.04832
E3-PPOLag-p003,48.1646,531,9,RLPolicy,0,0,0.0232501,13.8629,3.50656,21,0.776707,0,0,0,0,1
E3-PPOLag-p003,48.1657,379,286,RLPolicy,0,0,0.0232505,13.8629,3.50656,21,0.717576,0,0,0,0,1
E3-PPOLag-p003,48.1691,331,263,RLPolicy,0,0,0.0236846,13.8629,3.50656,21,0.793074,0,0,0,0,0.992864
E3-PPOLag-p003,48.1698,465,453,RLPolicy,0,0,0.0232778,13.8629,3.50656,21,0.368095,0,0,0,0,1
E3-PPOLag-p003,48.1757,493,283,RLPolicy,0,0,0.0236252,13.8629,3.50656,21,0.938786,0,0,0,0,1
E3-PPOLag-p003,48.1764,259,600,RLPolicy,0,0,0.0232453,13.8629,3.50656,21,0.996079,0,0,0,0,1
E3-PPOLag-p003,48.1793,110,579,RLPolicy,0,0,0.023707,13.8629,3.50656,21,0.239401,0,0,0,0,1
E3-PPOLag-p003,48.1811,322,445,RLPolicy,0,0,0.0236893,13.8629,3.50656,21,0.432629,0,0,0,0,1.04485
E3-PPOLag-p003,48.1834,31,141,RLPolicy,0,0,0.0597932,13.2522,3.50656,21,0.503861,0,0,0,0,0.988284
E3-PPOLag-p003,48.1857,480,55,RLPolicy,0,0,0.0236932,13.8629,3.50656,21,0.402224,0,0,0,0,1
E3-PPOLag-p003,48.1902,523,9,RLPolicy,0,0,0.0232501,13.8629,3.50656,21,0.653419,0,0,0,0,1
E3-PPOLag-p003,48.1929,267,283,RLPolicy,0,0,0.100432,13.7088,3.50656,21,0.547603,0,0,0,0,1
E3-PPOLag-p003,48.1997,137,523,RLPolicy,0,0,0.023682,13.8629,3.50656,21,0.364136,0,0,0,0,1
E3-PPOLag-p003,48.2007,192,585,RLPolicy,0,0,0.0237369,13.8629,3.50656,21,0.553217,0,0,0,0,1
E3-PPOLag-p003,48.2062,513,470,RLPolicy,0,0,0.0237324,13.8629,3.50656,21,0.487282,0,0,0,0,1
E3-PPOLag-p003,48.208,479,286,RLPolicy,0,0,0.0232506,13.8629,3.50656,21,0.838266,0,0,0,0,1
E3-PPOLag-p003,48.2109,33,299,RLPolicy,0,0,0.0629116,12.9468,3.50656,21,1.27995,0,0,0,0,1.00867
E3-PPOLag-p003,48.2193,180,261,RLPolicy,0,0,0.0236834,13.8629,3.50656,21,0.513222,0,0,0,0,1
E3-PPOLag-p003,48.2264,352,286,RLPolicy,0,0,0.0232506,13.8629,3.50656,21,1.06685,0,0,0,0,1.00326
E3-PPOLag-p003,48.233,225,139,RLPolicy,0,0,0.0232451,13.8629,3.50656,21,0.610641,0,0,0,0,1
E3-PPOLag-p003,48.2357,71,454,RLPolicy,0,0,0.0236971,13.8629,3.50656,21,0.265154,0,0,0,0,1
E3-PPOLag-p003,48.2413,190,286,RLPolicy,0,0,0.0232508,13.8629,3.50656,21,0.821858,0,0,0,0,1
E3-PPOLag-p003,48.2418,70,22,RLPolicy,0,0,0.0232501,13.8629,3.50656,21,0.577171,0,0,0,0,1
E3-PPOLag-p003,48.2496,494,625,RLPolicy,0,0,0.0232497,13.8629,3.50656,21,0.638159,0,0,0,0,1
E3-PPOLag-p003,48.2538,125,22,RLPolicy,0,0,0.0232501,13.8629,3.50656,21,0.685175,0,0,0,0,1
E3-PPOLag-p003,48.2627,485,472,RLPolicy,0,0,0.0232456,13.8629,3.50656,21,0.702774,0,0,0,0,1
E3-PPOLag-p003,48.2636,84,625,RLPolicy,0,0,0.0232497,13.8629,3.50656,21,0.94179,0,0,0,0,1
E3-PPOLag-p003,48.2672,209,19,RLPolicy,1,0,0.0118963,6.23832,3.50656,11,0.225723,0,0,0,0,1.01366
E3-PPOLag-p003,48.2675,490,363,RLPolicy,0,0,0.0236936,13.8629,3.50656,21,0.179793,0,0,0,0,1
E3-PPOLag-p003,48.2693,214,139,RLPolicy,0,0,0.0232451,13.8629,3.50656,21,0.93807,0,0,0,0,0.989399
E3-PPOLag-p003,48.2713,446,9,RLPolicy,0,0,0.0232501,13.8629,3.50656,21,0.446591,0,0,0,0,1
E3-PPOLag-p003,48.2805,345,197,RLPolicy,0,0,0.0236943,13.8629,3.50656,21,0.57692,0,0,0,0,1
E3-PPOLag-p003,48.2966,394,9,RLPolicy,0,0,0.0232501,13.8629,3.50656,21,0.670404,0,0,0,0,1
E3-PPOLag-p003,48.297,533,625,RLPolicy,0,0,0.0232497,13.8629,3.50656,21,1.00877,0,0,0,0,1
E3-PPOLag-p003,48.2993,265,44,RLPolicy,0,0,0.0233635,13.8629,3.50656,21,1.11104,0,0,0,0,1
E3-PPOLag-p003,48.302,87,625,RLPolicy,0,0,0.02325,13.7088,3.50656,21,0.764473,0,0,0,0,1.03792
E3-PPOLag-p003,48.3049,363,490,RLPolicy,0,0,0.0237098,13.8629,3.50656,21,0.153304,0,0,0,0,1
E3-PPOLag-p003,48.3061,540,172,RLPolicy,0,0,0.0232494,13.8629,3.50656,21,0.865579,0,0,0,0,1
E3-PPOLag-p003,48.3166,104,82,RLPolicy,0,0,0.0232499,13.8629,3.50656,21,0.795601,0,0,0,0,0.985933
E3-PPOLag-p003,48.3168,395,471,RLPolicy,0,0,0.0236781,13.8629,3.50656,21,1.20662,0,0,0,0,1
E3-PPOLag-p003,48.3199,308,620,RLPolicy,0,0,0.0237251,13.8629,3.50656,21,0.18121,0,0,0,0,1.03099
E3-PPOLag-p003,48.3238,222,172,RLPolicy,0,0,0.0232494,13.8629,3.50656,21,0.969766,0,0,0,0,1.03425
E3-PPOLag-p003,48.3245,23,345,RLPolicy,1,1,0.0278558,0.387766,3.50656,3,0.358439,0,0,0,0,1.00124
E3-PPOLag-p003,48.3266,337,504,RLPolicy,0,0,0.0236922,13.8629,3.50656,21,0.377009,0,0,0,0,1.04832
E3-PPOLag-p003,48.3289,77,22,RLPolicy,0,0,0.0232501,13.8629,3.50656,21,0.948075,0,0,0,0,1
E3-PPOLag-p003,48.3331,415,172,RLPolicy,0,0,0.0232494,13.8629,3.50656,21,0.891593,0,0,0,0,1
E3-PPOLag-p003,48.335,258,9,RLPolicy,0,0,0.0232501,13.8629,3.50656,21,0.575783,0,0,0,0,1
E3-PPOLag-p003,48.3412,79,288,RLPolicy,0,0,0.0232458,13.7088,3.50656,21,0.709311,0,0,0,0,1.06891
E3-PPOLag-p003,48.3419,32,50,RLPolicy,0,0,0.0233013,12.336,3.50656,21,1.24741,0,0,0,0,0.988284
E3-PPOLag-p003,48.3441,37,125,RLPolicy,0,0,0.0237223,13.5576,3.50656,21,0.794323,0,0,0,0,1
E3-PPOLag-p003,48.3464,447,9,RLPolicy,0,0,0.0232501,13.8629,3.50656,21,0.412286,0,0,0,0,1
E3-PPOLag-p003,48.3535,206,268,RLPolicy,0,0,0.0237473,14.0453,3.50656,21,0.497886,0,0,0,0,1
E3-PPOLag-p003,48.3673,288,202,RLPolicy,0,0,0.0233626,13.8629,3.50656,21,0.724529,0,0,0,0,1.01366
E3-PPOLag-p003,48.3833,445,9,RLPolicy,0,0,0.0232501,13.8629,3.50656,21,0.585355,0,0,0,0,1
E3-PPOLag-p003,48.3865,495,579,RLPolicy,0,0,0.0237064,13.8629,3.50656,21,0.163815,0,0,0,0,1
E3-PPOLag-p003,48.4052,204,122,RLPolicy,0,0,0.0236793,13.8629,3.50656,21,1.34824,0,0,0,0,1
E3-PPOLag-p003,48.4106,249,556,RLPolicy,0,0,0.0237104,13.7088,3.50656,21,0.288153,0,0,0,0,1
E3-PPOLag-p003,48.416,256,134,RLPolicy,0,0,0.00947804,5.54518,3.50656,9,0.149856,0,0,0,0,1
E3-PPOLag-p003,48.4184,478,224,RLPolicy,0,0,0.0234956,13.8629,3.50656,21,0.622148,0,0,0,0,1
E3-PPOLag-p003,48.4185,237,625,RLPolicy,0,0,0.0232497,13.8629,3.50656,21,0.691538,0,0,0,0,0.989399
E3-PPOLag-p003,48.4188,169,207,RLPolicy,0,0,0.0236909,13.8629,3.50656,21,0.55009,0,0,0,0,1.03425
E3-PPOLag-p003,48.4215,239,316,RLPolicy,0,0,0.0236848,13.8629,3.50656,21,0.383651,0,0,0,0,1
E3-PPOLag-p003,48.4254,506,574,RLPolicy,0,0,0.149897,0.693147,3.50656,2,0.008564,0,0,0,0,1
E3-PPOLag-p003,48.4368,133,172,RLPolicy,0,0,0.0232494,13.7088,3.50656,21,1.0985,0,0,0,0,1.04138
E3-PPOLag-p003,48.4398,429,556,RLPolicy,0,0,0.0232793,13.8629,3.50656,21,0.333279,0,0,0,0,1
E3-PPOLag-p003,48.442,486,288,RLPolicy,0,0,0.0232458,13.8629,3.50656,21,0.585687,0,0,0,0,1
E3-PPOLag-p003,48.4433,301,599,RLPolicy,0,0,0.0166154,9.70406,3.50656,15,0.132666,0,0,0,0,1
E3-PPOLag-p003,48.4532,28,334,RLPolicy,0,0,0.0237155,13.5576,3.50656,21,0.91075,0,0,0,0,0.97269
E3-PPOLag-p003,48.4537,466,629,RLPolicy,0,0,0.0236882,13.8629,3.50656,21,0.476914,0,0,0,0,1
E3-PPOLag-p003,48.4539,454,360,RLPolicy,0,0,0.0236842,13.8629,3.50656,21,0.205461,0,0,0,0,1
E3-PPOLag-p003,48.4663,72,599,RLPolicy,0,0,0.0237193,13.8629,3.50656,21,0.357862,0,0,0,0,1
E3-PPOLag-p003,48.468,224,427,RLPolicy,0,0,0.0232523,13.8629,3.50656,21,0.454402,0,0,0,0,1.01019
E3-PPOLag-p003,48.4724,193,229,RLPolicy,0,0,0.02368,13.8629,3.50656,21,0.755795,0,0,0,0,1.04832
E3-PPOLag-p003,48.4806,85,537,RLPolicy,0,0,0.023679,13.8629,3.50656,21,0.277785,0,0,0,0,1.06544
E3-PPOLag-p003,48.4809,18,203,RLPolicy,0,0,0.0445214,12.6414,3.50656,21,0.673179,0,0,0,0,1
E3-PPOLag-p003,48.4835,293,448,RLPolicy,1,0,0.0130686,6.93147,3.50656,12,0.38048,0,0,0,0,1.01712
E3-PPOLag-p003,48.4895,353,438,RLPolicy,0,0,0.00595778,3.46574,3.50656,6,0.137196,0,0,0,0,1
E3-PPOLag-p003,48.4896,184,24,RLPolicy,0,0,0.0233054,13.8629,3.50656,21,1.02828,0,0,0,0,0.985933
E3-PPOLag-p003,48.4917,219,22,RLPolicy,0,0,0.0232501,13.8629,3.50656,21,0.726368,0,0,0,0,1
E3-PPOLag-p003,48.493,309,172,RLPolicy,0,0,0.0232494,13.8629,3.50656,21,0.736741,0,0,0,0,1
E3-PPOLag-p003,48.5044,6,621,RLPolicy,0,0,0.0380846,13.2522,3.50656,21,0.566415,0,0,0,0,1.05475
E3-PPOLag-p003,48.5076,392,471,RLPolicy,0,0,0.0232493,13.8629,3.50656,21,0.642852,0,0,0,0,1
E3-PPOLag-p003,48.508,418,172,RLPolicy,0,0,0.0232493,13.8629,3.50656,21,1.35153,0,0,0,0,1
E3-PPOLag-p003,48.5132,483,13,RLPolicy,0,0,0.0236822,13.8629,3.50656,21,0.609963,0,0,0,0,1
E3-PPOLag-p003,48.5148,78,144,RLPolicy,0,0,0.0236851,13.8629,3.50656,21,0.610501,0,0,0,0,1.02059
E3-PPOLag-p003,48.5187,282,291,RLPolicy,1,1,0.00194918,0.693147,3.50656,3,0.440953,0,0,0,0,0.995922
E3-PPOLag-p003,48.525,299,18,RLPolicy,0,0,0.0236252,13.8629,3.50656,21,0.512192,0,0,0,0,1
E3-PPOLag-p003,48.5277,147,489,RLPolicy,0,0,0.0236796,13.8629,3.50656,21,0.862822,0,0,0,0,1.03792
E3-PPOLag-p003,48.5285,385,603,RLPolicy,0,0,0.0232452,13.8629,3.50656,21,0.458924,0,0,0,0,1
E3-PPOLag-p003,48.5379,420,499,RLPolicy,1,0,0.0225211,12.4766,3.50656,20,0.456163,0,0,0,0,1.05504
E3-PPOLag-p003,48.5413,134,387,RLPolicy,0,0,0.00948748,5.54518,3.50656,9,0.103218,0,0,0,0,1.01692
E3-PPOLag-p003,48.5514,243,93,RLPolicy,0,0,0.0236251,13.8629,3.50656,21,0.477006,0,0,0,0,0.985933
E3-PPOLag-p003,48.5522,408,433,RLPolicy,0,0,0.0232457,13.8629,3.50656,21,0.659519,0,0,0,0,1
E3-PPOLag-p003,48.5539,527,289,RLPolicy,0,0,0.0236935,13.8629,3.50656,21,0.563317,0,0,0,0,1
E3-PPOLag-p003,48.5588,384,69,RLPolicy,0,0,0.02325,13.8629,3.50656,21,0.718871,0,0,0,0,1
E3-PPOLag-p003,48.5629,369,599,RLPolicy,0,0,0.0166169,9.70406,3.50656,15,0.138949,0,0,0,0,1
E3-PPOLag-p003,48.5684,119,172,RLPolicy,0,0,0.0232493,13.8629,3.50656,21,1.00857,0,0,0,0,0.985933
E3-PPOLag-p003,48.5686,449,603,RLPolicy,0,0,0.0232452,13.8629,3.50656,21,0.4755,0,0,0,0,1
E3-PPOLag-p003,48.5779,516,147,RLPolicy,0,0,0.0236805,13.8629,3.50656,21,0.483311,0,0,0,0,1
E3-PPOLag-p003,48.5857,155,603,RLPolicy,0,0,0.0232452,13.8629,3.50656,21,0.524931,0,0,0,0,1.04832
E3-PPOLag-p003,48.602,47,555,RLPolicy,0,0,0.0232507,13.2522,3.50656,21,0.544586,0,0,0,0,1
E3-PPOLag-p003,48.6026,13,54,RLPolicy,0,0,0.0237794,12.336,3.50656,21,0.483338,0,0,0,0,1.03334
E3-PPOLag-p003,48.6097,451,543,RLPolicy,0,0,0.0233637,13.8629,3.50656,21,0.575749,0,0,0,0,1
E3-PPOLag-p003,48.6147,511,313,RLPolicy,0,0,0.0236803,13.8629,3.50656,21,0.300985,0,0,0,0,1
E3-PPOLag-p003,48.6161,100,119,RLPolicy,0,0,0.0236784,13.8629,3.50656,21,0.900424,0,0,0,0,1.02385
E3-PPOLag-p003,48.6167,274,496,RLPolicy,0,0,0.0232639,13.7088,3.50656,21,0.95528,0,0,0,0,1
E3-PPOLag-p003,48.6184,328,543,RLPolicy,0,0,0.0233637,13.8629,3.50656,21,0.665775,0,0,0,0,0.99633
E3-PPOLag-p003,48.6211,438,3,RLPolicy,0,0,0.0237078,13.8629,3.50656,21,0.207428,0,0,0,0,1
E3-PPOLag-p003,48.631,275,63,RLPolicy,1,1,0.00196417,0.693147,3.50656,3,0.398416,0,0,0,0,0.985933
E3-PPOLag-p003,48.6323,97,487,RLPolicy,0,0,0.0236779,13.8629,3.50656,21,0.503117,0,0,0,0,0.99633
E3-PPOLag-p003,48.6323,375,547,RLPolicy,0,0,0.0236809,13.8629,3.50656,21,1.06944,0,0,0,0,1
E3-PPOLag-p003,48.6328,251,172,RLPolicy,0,0,0.0236785,13.8629,3.50656,21,0.701459,0,0,0,0,1
E3-PPOLag-p003,48.6334,532,384,RLPolicy,0,0,0.0232527,13.8629,3.50656,21,0.638621,0,0,0,0,1
E3-PPOLag-p003,48.6379,95,172,RLPolicy,0,0,0.0232729,13.8629,3.50656,21,0.78584,0,0,0,0,1
E3-PPOLag-p003,48.6406,240,159,RLPolicy,0,0,0.0232705,13.8629,3.50656,21,0.253079,0,0,0,0,1.04485
E3-PPOLag-p003,48.6426,341,454,RLPolicy,0,0,0.0236954,13.8629,3.50656,21,0.317663,0,0,0,0,1
E3-PPOLag-p003,48.6457,202,213,RLPolicy,0,0,0.0232455,13.8629,3.50656,21,0.585942,0,0,0,0,0.992864
E3-PPOLag-p003,48.6465,463,129,RLPolicy,0,0,0.0236931,13.8629,3.50656,21,0.486801,0,0,0,0,1
E3-PPOLag-p003,48.65,217,24,RLPolicy,0,0,0.0233054,13.8629,3.50656,21,0.817366,0,0,0,0,1
E3-PPOLag-p003,48.6521,90,166,RLPolicy,0,0,0.023686,13.8629,3.50656,21,0.457629,0,0,0,0,1
E3-PPOLag-p003,48.6554,542,625,RLPolicy,0,0,0.0232498,13.8629,3.50656,21,0.900944,0,0,0,0,1
E3-PPOLag-p003,48.6653,185,213,RLPolicy,0,0,0.0232455,13.8629,3.50656,21,0.58469,0,0,0,0,0.985933
E3-PPOLag-p003,48.6751,122,172,RLPolicy,0,0,0.0232729,13.8629,3.50656,21,0.73484,0,0,0,0,1
E3-PPOLag-p003,48.6777,481,471,RLPolicy,0,0,0.0232729,13.8629,3.50656,21,1.02724,0,0,0,0,1
E3-PPOLag-p003,48.6805,146,523,RLPolicy,0,0,0.0236863,13.8629,3.50656,21,0.276599,0,0,0,0,1.02406
E3-PPOLag-p003,48.692,428,426,RLPolicy,0,0,0.0236849,13.8629,3.50656,21,0.230559,0,0,0,0,1
E3-PPOLag-p003,48.6975,419,53,RLPolicy,0,0,0.0236884,13.8629,3.50656,21,1.13442,0,0,0,0,1
E3-PPOLag-p003,48.6982,148,101,RLPolicy,0,0,0.0237037,13.8629,3.50656,21,0.28711,0,0,0,0,1.02059
E3-PPOLag-p003,48.7045,280,347,RLPolicy,0,0,0.097311,13.8629,3.50656,21,0.264524,0,0,0,0,1
E3-PPOLag-p003,48.7049,140,166,RLPolicy,0,0,0.023685,13.8629,3.50656,21,0.415172,0,0,0,0,1
E3-PPOLag-p003,48.7076,15,158,RLPolicy,0,0,0.0237891,12.336,3.50656,21,0.241293,0,0,0,0,1
E3-PPOLag-p003,48.71,36,268,RLPolicy,0,0,0.0237098,13.5576,3.50656,21,0.502595,0,0,0,0,1
E3-PPOLag-p003,48.714,350,588,RLPolicy,0,0,0.0232455,13.8629,3.50656,21,0.748976,0,0,0,0,1
E3-PPOLag-p003,48.7153,468,213,RLPolicy,0,0,0.0233637,13.8629,3.50656,21,0.735297,0,0,0,0,1
E3-PPOLag-p003,48.7193,504,219,RLPolicy,0,0,0.023679,13.8629,3.50656,21,0.43454,0,0,0,0,1
E3-PPOLag-p003,48.7193,310,53,RLPolicy,0,0,0.023683,13.8629,3.50656,21,0.590186,0,0,0,0,0.985933
E3-PPOLag-p003,48.7204,371,466,RLPolicy,0,0,0.0236969,13.8629,3.50656,21,0.239586,0,0,0,0,1
E3-PPOLag-p003,48.7209,482,588,RLPolicy,0,0,0.0232455,13.8629,3.50656,21,0.918753,0,0,0,0,1
E3-PPOLag-p003,48.7238,361,81,RLPolicy,0,0,0.0236932,13.8629,3.50656,21,0.505216,0,0,0,0,1
E3-PPOLag-p003,48.725,316,24,RLPolicy,0,0,0.0233054,13.8629,3.50656,21,0.623997,0,0,0,0,1.03445
E3-PPOLag-p003,48.7312,254,24,RLPolicy,0,0,0.0233054,13.8629,3.50656,21,0.665138,0,0,0,0,1
E3-PPOLag-p003,48.7345,422,454,RLPolicy,0,0,0.0236932,13.8629,3.50656,21,0.270437,0,0,0,0,1
E3-PPOLag-p003,48.7449,412,625,RLPolicy,0,0,0.0232498,13.8629,3.50656,21,1.19111,0,0,0,0,1
E3-PPOLag-p003,48.7453,470,331,RLPolicy,0,0,0.0237176,13.8629,3.50656,21,0.48549,0,0,0,0,1
E3-PPOLag-p003,48.7748,492,172,RLPolicy,0,0,0.0232729,13.8629,3.50656,21,0.678953,0,0,0,0,1
E3-PPOLag-p003,48.7786,51,304,RLPolicy,0,0,0.0236807,13.8629,3.50656,21,0.376095,0,0,0,0,1
E3-PPOLag-p003,48.7823,88,625,RLPolicy,0,0,0.0232498,13.8629,3.50656,21,1.2781,0,0,0,0,0.985933
E3-PPOLag-p003,48.7835,503,159,RLPolicy,0,0,0.0232706,13.8629,3.50656,21,0.457693,0,0,0,0,1
E3-PPOLag-p003,48.7875,530,53,RLPolicy,0,0,0.0236843,13.8629,3.50656,21,0.688813,0,0,0,0,1
E3-PPOLag-p003,48.7878,357,562,RLPolicy,0,0,0.02375,13.8629,3.50656,21,0.235295,0,0,0,0,1
E3-PPOLag-p003,48.7889,121,501,RLPolicy,0,0,0.0236801,13.8629,3.50656,21,0.241301,0,0,0,0,0.99633
E3-PPOLag-p003,48.7895,351,302,RLPolicy,0,0,0.0232499,13.8629,3.50656,21,0.614374,0,0,0,0,1
E3-PPOLag-p003,48.7917,284,172,RLPolicy,0,0,0.0232729,13.8629,3.50656,21,0.726977,0,0,0,0,1
E3-PPOLag-p003,48.7958,330,585,RLPolicy,0,0,0.023681,13.8629,3.50656,21,0.454544,0,0,0,0,1.04485
E3-PPOLag-p003,48.7959,101,159,RLPolicy,0,0,0.0232706,13.8629,3.50656,21,0.291508,0,0,0,0,0.992864
E3-PPOLag-p003,48.7974,362,572,RLPolicy,0,0,0.0237217,13.8629,3.50656,21,0.338946,0,0,0,0,1
E3-PPOLag-p003,48.7979,317,588,RLPolicy,0,0,0.0232455,13.8629,3.50656,21,0.576521,0,0,0,0,1
E3-PPOLag-p003,48.7994,315,159,RLPolicy,0,0,0.0232706,13.8629,3.50656,21,0.283508,0,0,0,0,1
E3-PPOLag-p003,48.801,458,471,RLPolicy,0,0,0.0232729,13.8629,3.50656,21,0.764011,0,0,0,0,1
E3-PPOLag-p003,48.8131,14,556,RLPolicy,0,0,0.0232783,13.8629,3.50656,21,0.221507,0,0,0,0,1
E3-PPOLag-p003,48.8149,16,243,RLPolicy,0,0,0.0546182,12.6414,3.50656,21,0.505564,0,0,0,0,1
E3-PPOLag-p003,48.8169,198,490,RLPolicy,0,0,0.0237249,13.8629,3.50656,21,0.334901,0,0,0,0,1
E3-PPOLag-p003,48.817,196,261,RLPolicy,0,0,0.0236837,13.8629,3.50656,21,0.415306,0,0,0,0,1
E3-PPOLag-p003,48.8193,266,172,RLPolicy,0,0,0.0232729,13.8629,3.50656,21,0.966711,0,0,0,0,0.985933
E3-PPOLag-p003,48.8224,141,53,RLPolicy,0,0,0.0236781,13.8629,3.50656,21,0.849435,0,0,0,0,1
E3-PPOLag-p003,48.8268,474,585,RLPolicy,0,0,0.0236809,13.8629,3.50656,21,0.784575,0,0,0,0,1
E3-PPOLag-p003,48.8287,9,620,RLPolicy,0,0,0.0238102,12.336,3.50656,21,0.665154,0,0,0,0,1.02793
E3-PPOLag-p003,48.8311,144,18,RLPolicy,0,0,0.0236252,13.8629,3.50656,21,0.722455,0,0,0,0,1
E3-PPOLag-p003,48.8342,178,81,RLPolicy,0,0,0.0236801,13.8629,3.50656,21,0.251861,0,0,0,0,1.02385
E3-PPOLag-p003,48.8373,336,202,RLPolicy,0,0,0.0233627,13.8629,3.50656,21,0.902009,0,0,0,0,1
E3-PPOLag-p003,48.8391,406,625,RLPolicy,0,0,0.0232498,13.8629,3.50656,21,1.52322,0,0,0,0,1
E3-PPOLag-p003,48.8439,26,428,RLPolicy,0,0,0.02374,13.8629,3.50656,21,0.256459,0,0,0,0,1.02059
E3-PPOLag-p003,48.8522,203,283,RLPolicy,0,0,0.0236252,13.8629,3.50656,21,0.65725,0,0,0,0,0.985933
E3-PPOLag-p003,48.8539,229,283,RLPolicy,0,0,0.0236778,13.8629,3.50656,21,0.601386,0,0,0,0,1
E3-PPOLag-p003,48.8568,205,202,RLPolicy,0,0,0.0232455,13.8629,3.50656,21,0.78373,0,0,0,0,1
E3-PPOLag-p003,48.8588,515,261,RLPolicy,0,0,0.023684,13.8629,3.50656,21,0.492473,0,0,0,0,1
E3-PPOLag-p003,48.8589,342,471,RLPolicy,0,0,0.0232729,13.8629,3.50656,21,0.939271,0,0,0,0,1
E3-PPOLag-p003,48.8595,199,283,RLPolicy,0,0,0.0236778,13.8629,3.50656,21,1.25744,0,0,0,0,1
E3-PPOLag-p003,48.8677,220,24,RLPolicy,0,0,0.0233053,13.8629,3.50656,21,0.745866,0,0,0,0,1
E3-PPOLag-p003,48.8685,250,18,RLPolicy,0,0,0.0236252,13.8629,3.50656,21,0.500148,0,0,0,0,0.985933
E3-PPOLag-p003,48.8685,436,471,RLPolicy,0,0,0.0232729,13.8629,3.50656,21,0.787812,0,0,0,0,1
E3-PPOLag-p003,48.8695,213,202,RLPolicy,0,0,0.0232454,13.8629,3.50656,21,0.776084,0,0,0,0,1
E3-PPOLag-p003,48.8776,62,601,RLPolicy,0,0,0.0237107,13.5576,3.50656,21,0.977811,0,0,0,0,1.06412
E3-PPOLag-p003,48.8778,238,599,RLPolicy,0,0,0.0166104,9.70406,3.50656,15,0.121613,0,0,0,0,1.08277
E3-PPOLag-p003,48.8789,138,625,RLPolicy,0,0,0.0232498,13.8629,3.50656,21,1.03144,0,0,0,0,1
E3-PPOLag-p003,48.8789,313,625,RLPolicy,0,0,0.0232498,13.8629,3.50656,21,0.965944,0,0,0,0,1
E3-PPOLag-p003,48.8879,311,549,RLPolicy,0,0,0.0236779,13.8629,3.50656,21,1.05102,0,0,0,0,1
E3-PPOLag-p003,48.8896,248,384,RLPolicy,0,0,0.0236793,13.8629,3.50656,21,0.522466,0,0,0,0,1
E3-PPOLag-p003,48.8958,292,243,RLPolicy,0,0,0.0236794,13.8629,3.50656,21,0.832897,0,0,0,0,1
E3-PPOLag-p003,48.8976,207,69,RLPolicy,0,0,0.0232499,13.8629,3.50656,21,0.862415,0,0,0,0,1
E3-PPOLag-p003,48.8991,297,69,RLPolicy,0,0,0.0232499,13.8629,3.50656,21,0.741566,0,0,0,0,1
E3-PPOLag-p003,48.8992,171,24,RLPolicy,0,0,0.0233053,13.8629,3.50656,21,0.526073,0,0,0,0,1.02059
E3-PPOLag-p003,48.9003,421,519,RLPolicy,0,0,0.0233617,13.8629,3.50656,21,0.794745,0,0,0,0,1
E3-PPOLag-p003,48.9016,502,471,RLPolicy,0,0,0.023678,13.8629,3.50656,21,0.975139,0,0,0,0,1
E3-PPOLag-p003,48.9061,499,371,RLPolicy,0,0,0.023278,13.8629,3.50656,21,0.519271,0,0,0,0,1
E3-PPOLag-p003,48.9077,307,571,RLPolicy,0,0,0.0236779,13.8629,3.50656,21,0.629102,0,0,0,0,1
E3-PPOLag-p003,48.9097,80,247,RLPolicy,0,0,0.0232454,13.8629,3.50656,21,1.30217,0,0,0,0,1
E3-PPOLag-p003,48.91,212,283,RLPolicy,0,0,0.0236252,13.8629,3.50656,21,0.808616,0,0,0,0,1
E3-PPOLag-p003,48.9163,191,202,RLPolicy,0,0,0.0233626,13.8629,3.50656,21,0.454953,0,0,0,0,1.02039
E3-PPOLag-p003,48.9255,314,624,RLPolicy,0,0,0.0232456,13.8629,3.50656,21,0.438295,0,0,0,0,0.985933
E3-PPOLag-p003,48.9294,278,62,RLPolicy,0,0,0.0232523,13.8629,3.50656,21,0.946294,0,0,0,0,1
E3-PPOLag-p003,48.9335,473,172,RLPolicy,0,0,0.0232729,13.8629,3.50656,21,1.17655,0,0,0,0,1
E3-PPOLag-p003,48.9392,159,349,RLPolicy,0,0,0.0236877,13.8629,3.50656,21,0.367384,0,0,0,0,1
E3-PPOLag-p003,48.942,550,524,RLPolicy,0,0,0.0237155,13.8629,3.50656,21,0.391564,0,0,0,0,1
E3-PPOLag-p003,48.944,270,628,RLPolicy,1,1,0.00194489,0.693147,3.50656,3,0.303943,0,0,0,0,1.02732
E3-PPOLag-p003,48.9463,354,84,RLPolicy,0,0,0.0232501,13.8629,3.50656,21,1.52363,0,0,0,0,1.04118
E3-PPOLag-p003,48.9473,296,262,RLPolicy,0,0,0.0233258,13.5546,3.50656,21,1.10771,0,0,0,0,1.00344
E3-PPOLag-p003,48.9552,410,206,RLPolicy,0,0,0.0106676,6.23832,3.50656,10,0.163047,0,0,0,0,1
E3-PPOLag-p003,48.9561,360,36,RLPolicy,0,0,0.0237135,13.8629,3.50656,21,0.600652,0,0,0,0,1
E3-PPOLag-p003,48.9569,166,78,RLPolicy,0,0,0.0236848,13.8629,3.50656,21,0.500544,0,0,0,0,0.985933
E3-PPOLag-p003,48.9586,397,624,RLPolicy,0,0,0.0232456,13.7088,3.50656,21,0.615407,0,0,0,0,1
E3-PPOLag-p003,48.9605,130,341,RLPolicy,0,0,0.0237288,13.8629,3.50656,21,0.632848,0,0,0,0,1
E3-PPOLag-p003,48.9632,402,202,RLPolicy,0,0,0.0232486,13.8629,3.50656,21,0.578942,0,0,0,0,0.985933
E3-PPOLag-p003,48.9654,40,50,RLPolicy,0,0,0.0233303,12.336,3.50656,21,0.955646,0,0,0,0,1.00949
E3-PPOLag-p003,48.9675,158,383,RLPolicy,0,0,0.0237254,13.8629,3.50656,21,0.227588,0,0,0,0,1.02406
E3-PPOLag-p003,48.9679,56,205,RLPolicy,0,0,0.0236793,13.8629,3.50656,21,0.505363,0,0,0,0,1
E3-PPOLag-p003,48.978,117,437,RLPolicy,0,0,0.0236862,13.8629,3.50656,21,0.401065,0,0,0,0,1
E3-PPOLag-p003,48.9811,305,163,RLPolicy,0,0,0.0232484,13.8629,3.50656,21,0.715633,0,0,0,0,1
E3-PPOLag-p003,48.9855,477,625,RLPolicy,0,0,0.0232498,13.8629,3.50656,21,0.889321,0,0,0,0,1
E3-PPOLag-p003,48.9858,453,580,RLPolicy,0,0,0.0236959,13.8629,3.50656,21,0.267907,0,0,0,0,1
E3-PPOLag-p003,49.009,186,625,RLPolicy,0,0,0.0232498,13.8629,3.50656,21,0.673824,0,0,0,0,1.01019
E3-PPOLag-p003,49.0111,370,570,RLPolicy,0,0,0.0236784,13.8629,3.50656,21,0.622837,0,0,0,0,1
E3-PPOLag-p003,49.0124,543,202,RLPolicy,0,0,0.0232486,13.8629,3.50656,21,0.916351,0,0,0,0,1
E3-PPOLag-p003,49.0152,304,22,RLPolicy,0,0,0.0232508,13.8629,3.50656,21,0.436549,0,0,0,0,1
E3-PPOLag-p003,49.02,149,172,RLPolicy,0,0,0.0232729,13.8629,3.50656,21,1.06834,0,0,0,0,1
E3-PPOLag-p003,49.0251,281,106,RLPolicy,0,0,0.0237235,13.8629,3.50656,21,0.44541,0,0,0,0,1.01712
E3-PPOLag-p003,49.0302,294,50,RLPolicy,0,0,0.0236782,13.8629,3.50656,21,1.33614,0,0,0,0,1.04138
E3-PPOLag-p003,49.0358,116,424,RLPolicy,0,0,0.0236795,13.8629,3.50656,21,0.411256,0,0,0,0,1.03792
E3-PPOLag-p003,49.0363,521,254,RLPolicy,0,0,0.0236823,13.8629,3.50656,21,0.599919,0,0,0,0,1
E3-PPOLag-p003,49.0404,333,395,RLPolicy,0,0,0.0236794,13.8629,3.50656,21,1.52837,0,0,0,0,1.01366
E3-PPOLag-p003,49.0453,365,382,RLPolicy,0,0,0.0236837,13.8629,3.50656,21,0.829917,0,0,0,0,1
E3-PPOLag-p003,49.0463,389,595,RLPolicy,0,0,0.0237324,13.8629,3.50656,21,0.177004,0,0,0,0,1
E3-PPOLag-p003,49.0541,255,624,RLPolicy,0,0,0.0232456,13.8629,3.50656,21,0.448083,0,0,0,0,0.985933
E3-PPOLag-p003,49.0545,321,106,RLPolicy,0,0,0.0237201,13.8629,3.50656,21,0.293311,0,0,0,0,1
E3-PPOLag-p003,49.0587,20,338,RLPolicy,0,0,0.0376383,12.336,3.50656,21,0.604337,0,0,0,0,1.0151
E3-PPOLag-p003,49.06,3,201,RLPolicy,1,0,0.022774,3.54812,3.50656,8,0.373504,0,0,0,0,1.02439
E3-PPOLag-p003,49.0602,19,285,RLPolicy,1,0,0.0213875,9.95121,3.50656,19,0.854446,0,0,0,0,1.03222
E3-PPOLag-p003,49.0696,507,60,RLPolicy,0,0,0.0233054,13.8629,3.50656,21,0.573922,0,0,0,0,1
E3-PPOLag-p003,49.0755,471,625,RLPolicy,0,0,0.0232498,13.8629,3.50656,21,0.889389,0,0,0,0,1.04485
E3-PPOLag-p003,49.0878,233,596,RLPolicy,0,0,0.0236848,13.8629,3.50656,21,0.79199,0,0,0,0,1.00673
E3-PPOLag-p003,49.0879,231,625,RLPolicy,0,0,0.0232498,13.8629,3.50656,21,0.768645,0,0,0,0,0.985933
E3-PPOLag-p003,49.0884,374,172,RLPolicy,0,0,0.0232729,13.8629,3.50656,21,0.81242,0,0,0,0,0.985933
E3-PPOLag-p003,49.0895,45,175,RLPolicy,0,0,0.0237188,13.5576,3.50656,21,0.175662,0,0,0,0,1
E3-PPOLag-p003,49.0912,390,625,RLPolicy,0,0,0.0232498,13.8629,3.50656,21,0.615881,0,0,0,0,1
E3-PPOLag-p003,49.092,111,623,RLPolicy,1,1,0.00195759,0.693147,3.50656,3,0.192129,0,0,0,0,0.985933
E3-PPOLag-p003,49.0923,302,22,RLPolicy,0,0,0.0232508,13.8629,3.50656,21,0.634957,0,0,0,0,1
E3-PPOLag-p003,49.0973,260,22,RLPolicy,0,0,0.0232508,13.8629,3.50656,21,0.439785,0,0,0,0,1.04485
E3-PPOLag-p003,49.0993,46,614,RLPolicy,0,0,0.0236281,13.5576,3.50656,21,0.54498,0,0,0,0,0.971866
E3-PPOLag-p003,49.1016,356,282,RLPolicy,0,0,0.0232498,13.8629,3.50656,21,1.07612,0,0,0,0,1
E3-PPOLag-p003,49.1041,168,282,RLPolicy,0,0,0.0232498,13.8629,3.50656,21,0.820395,0,0,0,0,0.985933
E3-PPOLag-p003,49.105,247,202,RLPolicy,0,0,0.0232486,13.8629,3.50656,21,0.549105,0,0,0,0,1
E3-PPOLag-p003,49.1061,475,295,RLPolicy,1,1,0.00712522,3.46574,3.50656,7,0.332063,0,0,0,0,0.999796
E3-PPOLag-p003,49.1115,416,496,RLPolicy,0,0,0.0233056,13.8629,3.50656,21,0.697767,0,0,0,0,1
E3-PPOLag-p003,49.1134,218,471,RLPolicy,0,0,0.023678,13.8629,3.50656,21,1.01481,0,0,0,0,1
E3-PPOLag-p003,49.1136,43,168,RLPolicy,0,0,0.0582002,12.6414,3.50656,21,0.786458,0,0,0,0,0.992161
E3-PPOLag-p003,49.1182,378,282,RLPolicy,0,0,0.0232498,13.8629,3.50656,21,0.992777,0,0,0,0,1
E3-PPOLag-p003,49.1206,227,100,RLPolicy,0,0,0.0236788,13.8629,3.50656,21,0.987747,0,0,0,0,1
E3-PPOLag-p003,49.1216,398,172,RLPolicy,0,0,0.0232729,13.8629,3.50656,21,0.692166,0,0,0,0,1
E3-PPOLag-p003,49.1229,414,17,RLPolicy,0,0,0.0236845,13.8629,3.50656,21,0.632993,0,0,0,0,1
E3-PPOLag-p003,49.129,303,36,RLPolicy,0,0,0.0237166,13.8629,3.50656,21,0.18096,0,0,0,0,1
E3-PPOLag-p003,49.1394,12,374,RLPolicy,0,0,0.023682,13.8629,3.50656,21,0.706344,0,0,0,0,1.0314
E3-PPOLag-p003,49.1454,63,169,RLPolicy,0,0,0.0233076,13.4034,3.50656,21,0.734749,0,0,0,0,1.00867
E3-PPOLag-p003,49.1472,442,202,RLPolicy,0,0,0.0232486,13.8629,3.50656,21,0.520826,0,0,0,0,1
E3-PPOLag-p003,49.1508,81,437,RLPolicy,0,0,0.0236845,13.8629,3.50656,21,0.430372,0,0,0,0,1
E3-PPOLag-p003,49.1513,510,471,RLPolicy,0,0,0.0232729,13.8629,3.50656,21,0.92384,0,0,0,0,1
E3-PPOLag-p003,49.1611,393,633,RLPolicy,0,0,0.02325,13.8629,3.50656,21,0.647168,0,0,0,0,1
E3-PPOLag-p003,49.1625,433,624,RLPolicy,0,0,0.0232456,13.8629,3.50656,21,1.22508,0,0,0,0,1
E3-PPOLag-p003,49.1626,25,200,RLPolicy,0,0,0.057498,13.5576,3.50656,21,0.883776,0,0,0,0,1.00491
E3-PPOLag-p003,49.168,401,75,RLPolicy,0,0,0.0232508,13.8629,3.50656,21,0.482105,0,0,0,0,1
E3-PPOLag-p003,49.1706,216,202,RLPolicy,0,0,0.0233625,13.8629,3.50656,21,1.21114,0,0,0,0,1.02732
E3-PPOLag-p003,49.1833,459,547,RLPolicy,0,0,0.0236788,13.8629,3.50656,21,0.487791,0,0,0,0,1
E3-PPOLag-p003,49.184,366,25,RLPolicy,0,0,0.0236901,13.8629,3.50656,21,0.704125,0,0,0,0,1
E3-PPOLag-p003,49.1985,235,172,RLPolicy,0,0,0.0232729,13.8629,3.50656,21,0.694643,0,0,0,0,1
E3-PPOLag-p003,49.1985,413,331,RLPolicy,0,0,0.0237227,13.8629,3.50656,21,0.400279,0,0,0,0,1
E3-PPOLag-p003,49.1995,103,290,RLPolicy,0,0,0.023681,13.8629,3.50656,21,0.717215,0,0,0,0,1
E3-PPOLag-p003,49.2006,505,282,RLPolicy,0,0,0.0232498,13.8629,3.50656,21,0.953711,0,0,0,0,1
E3-PPOLag-p003,49.2047,105,311,RLPolicy,0,0,0.0232499,13.8629,3.50656,21,0.800377,0,0,0,0,1
E3-PPOLag-p003,49.2053,76,311,RLPolicy,0,0,0.0232499,13.7088,3.50656,21,1.0977,0,0,0,0,1
E3-PPOLag-p003,49.2063,107,311,RLPolicy,0,0,0.0232502,13.8629,3.50656,21,0.759001,0,0,0,0,1
E3-PPOLag-p003,49.2078,230,595,RLPolicy,0,0,0.02373,13.8629,3.50656,21,0.313641,0,0,0,0,1
E3-PPOLag-p003,49.2084,545,577,RLPolicy,0,0,0.0236963,13.8629,3.50656,21,0.347655,0,0,0,0,1
E3-PPOLag-p003,49.2092,210,134,RLPolicy,0,0,0.00947616,5.54518,3.50656,9,0.113376,0,0,0,0,1
E3-PPOLag-p003,49.212,391,247,RLPolicy,0,0,0.0232486,13.8629,3.50656,21,0.632368,0,0,0,0,0.985933
E3-PPOLag-p003,49.215,460,22,RLPolicy,0,0,0.0232508,13.8629,3.50656,21,0.378803,0,0,0,0,1
E3-PPOLag-p003,49.2159,268,22,RLPolicy,0,0,0.0232508,13.8629,3.50656,21,0.48552,0,0,0,0,1.04832
E3-PPOLag-p003,49.2175,194,116,RLPolicy,0,0,0.0236793,13.8629,3.50656,21,0.607162,0,0,0,0,0.971866
E3-PPOLag-p003,49.2218,112,471,RLPolicy,0,0,0.023678,13.8629,3.50656,21,1.0624,0,0,0,0,1
E3-PPOLag-p003,49.2259,54,428,RLPolicy,0,0,0.0237533,13.8629,3.50656,21,0.163219,0,0,0,0,1.02752
E3-PPOLag-p003,49.2279,327,172,RLPolicy,0,0,0.0232729,13.8629,3.50656,21,0.770639,0,0,0,0,1
E3-PPOLag-p003,49.2313,139,247,RLPolicy,0,0,0.0232486,13.8629,3.50656,21,0.639664,0,0,0,0,1
E3-PPOLag-p003,49.2315,38,50,RLPolicy,1,0,0.0126613,6.62609,3.50656,12,0.545667,0,0,0,0,1.04803
E3-PPOLag-p003,49.2362,162,422,RLPolicy,0,0,0.0237151,13.8629,3.50656,21,0.183384,0,0,0,0,1
E3-PPOLag-p003,49.237,66,416,RLPolicy,0,0,0.0232457,13.8629,3.50656,21,0.436309,0,0,0,0,1.03099
E3-PPOLag-p003,49.2392,373,152,RLPolicy,0,0,0.0236938,13.8629,3.50656,21,0.247882,0,0,0,0,1
E3-PPOLag-p003,49.242,50,100,RLPolicy,0,0,0.0681429,13.4034,3.50656,21,0.831234,0,0,0,0,1.02946
E3-PPOLag-p003,49.2423,52,75,RLPolicy,1,0,0.0114482,6.23832,3.50656,11,0.327342,0,0,0,0,1.02905
E3-PPOLag-p003,49.247,114,147,RLPolicy,0,0,0.0236841,13.8629,3.50656,21,0.330054,0,0,0,0,1
E3-PPOLag-p003,49.2602,551,282,RLPolicy,0,0,0.0232498,13.8629,3.50656,21,1.29455,0,0,0,0,1
E3-PPOLag-p003,49.2636,39,22,RLPolicy,0,0,0.0232508,13.8629,3.50656,21,0.638993,0,0,0,0,1
E3-PPOLag-p003,49.2764,287,371,RLPolicy,0,0,0.023278,13.8629,3.50656,21,0.350876,0,0,0,0,1
E3-PPOLag-p003,49.2786,120,599,RLPolicy,0,0,0.0166059,9.70406,3.50656,15,0.122394,0,0,0,0,1
E3-PPOLag-p003,49.2872,59,633,RLPolicy,0,0,0.0237137,13.5576,3.50656,21,1.0551,0,0,0,0,0.987872
E3-PPOLag-p003,49.2918,455,527,RLPolicy,0,0,0.023687,13.8629,3.50656,21,0.158266,0,0,0,0,1
E3-PPOLag-p003,49.2935,517,39,RLPolicy,0,0,0.0236796,13.8629,3.50656,21,0.385865,0,0,0,0,1
E3-PPOLag-p003,49.2963,236,172,RLPolicy,0,0,0.0232729,13.8629,3.50656,21,0.998451,0,0,0,0,1
E3-PPOLag-p003,49.297,241,24,RLPolicy,0,0,0.0236814,13.8629,3.50656,21,0.422655,0,0,0,0,1.03099
E3-PPOLag-p003,49.3021,131,472,RLPolicy,0,0,0.0232456,13.8629,3.50656,21,0.693671,0,0,0,0,1
E3-PPOLag-p003,49.3116,49,454,RLPolicy,0,0,0.0236922,13.8629,3.50656,21,0.192742,0,0,0,0,1
E3-PPOLag-p003,49.3129,411,508,RLPolicy,0,0,0.0237138,13.8629,3.50656,21,1.33091,0,0,0,0,1
E3-PPOLag-p003,49.3146,448,77,RLPolicy,0,0,0.0236812,13.8629,3.50656,21,0.341608,0,0,0,0,1
E3-PPOLag-p003,49.3152,188,454,RLPolicy,0,0,0.023693,13.8629,3.50656,21,0.146089,0,0,0,0,1.00673
E3-PPOLag-p003,49.3163,211,24,RLPolicy,0,0,0.0233056,13.8629,3.50656,21,0.934236,0,0,0,0,1.01712
E3-PPOLag-p003,49.317,68,188,RLPolicy,1,0,0.0213472,11.7835,3.50656,19,0.125417,0,0,0,0,1.06891
E3-PPOLag-p003,49.3184,86,585,RLPolicy,0,0,0.0236815,13.8629,3.50656,21,0.451306,0,0,0,0,1
E3-PPOLag-p003,49.3216,383,454,RLPolicy,0,0,0.0236916,13.8629,3.50656,21,0.156874,0,0,0,0,1
E3-PPOLag-p003,49.3234,109,283,RLPolicy,0,0,0.0236252,13.8629,3.50656,21,0.600643,0,0,0,0,1
E3-PPOLag-p003,49.3245,339,633,RLPolicy,0,0,0.0233212,13.7088,3.50656,21,1.01379,0,0,0,0,0.985162
E3-PPOLag-p003,49.3248,496,24,RLPolicy,0,0,0.0233056,13.8629,3.50656,21,1.22364,0,0,0,0,1
E3-PPOLag-p003,49.3251,245,260,RLPolicy,0,0,0.0236784,13.8629,3.50656,21,0.47268,0,0,0,0,1
E3-PPOLag-p003,49.3269,377,172,RLPolicy,0,0,0.0232729,13.8629,3.50656,21,0.91717,0,0,0,0,1
E3-PPOLag-p003,49.3286,319,382,RLPolicy,0,0,0.023679,13.8629,3.50656,21,0.449228,0,0,0,0,1.02406
E3-PPOLag-p003,49.3288,427,549,RLPolicy,0,0,0.0236808,13.8629,3.50656,21,0.998372,0,0,0,0,1
E3-PPOLag-p003,49.33,400,501,RLPolicy,0,0,0.02368,13.8629,3.50656,21,0.230789,0,0,0,0,1
E3-PPOLag-p003,49.3304,273,282,RLPolicy,0,0,0.0232499,13.8629,3.50656,21,0.717496,0,0,0,0,1
E3-PPOLag-p003,49.3306,272,247,RLPolicy,0,0,0.0232454,13.8629,3.50656,21,0.521299,0,0,0,0,1
E3-PPOLag-p003,49.3317,343,22,RLPolicy,0,0,0.0232508,13.8629,3.50656,21,0.649742,0,0,0,0,1
E3-PPOLag-p003,49.3319,462,424,RLPolicy,0,0,0.0236798,13.8629,3.50656,21,0.47,0,0,0,0,1
E3-PPOLag-p003,49.3465,380,501,RLPolicy,0,0,0.02368,13.8629,3.50656,21,0.208685,0,0,0,0,1
E3-PPOLag-p003,49.3471,1,206,RLPolicy,0,0,0.0154325,8.09477,3.50656,14,0.524071,0,0,0,0,1.04027
E3-PPOLag-p003,49.357,156,274,RLPolicy,1,1,0.00195608,0.693147,3.50656,3,0.734464,0,0,0,0,0.985933
E3-PPOLag-p003,49.3654,7,364,RLPolicy,0,0,0.0225372,12.6414,3.50656,21,0.5496,0,0,0,0,0.980864
E3-PPOLag-p003,49.3667,306,474,RLPolicy,0,0,0.0237105,13.8629,3.50656,21,0.195914,0,0,0,0,1.02752
E3-PPOLag-p003,49.3673,318,277,RLPolicy,0,0,0.0831323,0.693147,3.50656,2,0.013555,0,0,0,0,1
E3-PPOLag-p003,49.3705,388,504,RLPolicy,0,0,0.0236911,13.8629,3.50656,21,0.288475,0,0,0,0,0.985933
E3-PPOLag-p003,49.3827,425,247,RLPolicy,0,0,0.0232486,13.8629,3.50656,21,0.756231,0,0,0,0,1
E3-PPOLag-p003,49.388,358,141,RLPolicy,0,0,0.0236781,13.8629,3.50656,21,0.818928,0,0,0,0,1
E3-PPOLag-p003,49.3911,8,628,RLPolicy,0,0,0.0538305,13.2522,3.50656,21,0.847066,0,0,0,0,1
E3-PPOLag-p003,49.3919,201,446,RLPolicy,1,0,0.0177828,9.70406,3.50656,16,0.803688,0,0,0,0,1.02039
E3-PPOLag-p003,49.3944,372,82,RLPolicy,0,0,0.0232497,13.8629,3.50656,21,1.1137,0,0,0,0,1
E3-PPOLag-p003,49.416,17,5,RLPolicy,0,0,0.0236254,13.2522,3.50656,21,0.469505,0,0,0,0,0.984406
E3-PPOLag-p003,49.4173,261,22,RLPolicy,0,0,0.0232508,13.8629,3.50656,21,0.503458,0,0,0,0,1
E3-PPOLag-p003,49.4243,177,424,RLPolicy,0,0,0.0236821,13.8629,3.50656,21,0.463254,0,0,0,0,0.985933
E3-PPOLag-p003,49.4255,67,172,RLPolicy,0,0,0.0232729,13.8629,3.50656,21,0.677916,0,0,0,0,0.98899
E3-PPOLag-p003,49.4259,497,75,RLPolicy,0,0,0.0232506,13.8629,3.50656,21,0.627072,0,0,0,0,1
E3-PPOLag-p003,49.4309,541,424,RLPolicy,0,0,0.0236798,13.8629,3.50656,21,0.732944,0,0,0,0,1
E3-PPOLag-p003,49.4324,435,369,RLPolicy,0,0,0.0236996,13.8629,3.50656,21,0.32859,0,0,0,0,1.03099
E3-PPOLag-p003,49.4422,334,473,RLPolicy,0,0,0.023679,13.8629,3.50656,21,0.499892,0,0,0,0,1
E3-PPOLag-p003,49.4436,323,589,RLPolicy,0,0,0.0236822,13.8629,3.50656,21,0.35706,0,0,0,0,1
E3-PPOLag-p003,49.4461,264,474,RLPolicy,0,0,0.0237104,13.8629,3.50656,21,0.218152,0,0,0,0,1
E3-PPOLag-p003,49.4553,94,185,RLPolicy,0,0,0.0236816,13.8629,3.50656,21,0.623313,0,0,0,0,1
E3-PPOLag-p003,49.4573,74,382,RLPolicy,0,0,0.0232844,13.8629,3.50656,21,0.80361,0,0,0,0,1
E3-PPOLag-p003,49.4588,234,24,RLPolicy,0,0,0.0233056,13.8629,3.50656,21,0.563755,0,0,0,0,0.971866
E3-PPOLag-p003,49.4592,409,452,RLPolicy,0,0,0.00476209,2.77259,3.50656,5,0.025696,0,0,0,0,1
E3-PPOLag-p003,49.4602,65,620,RLPolicy,0,0,0.02372,13.8629,3.50656,21,0.161974,0,0,0,0,1.05158
E3-PPOLag-p003,49.4637,344,490,RLPolicy,0,0,0.103711,13.8629,3.50656,21,0.485919,0,0,0,0,1.05851
E3-PPOLag-p003,49.4684,61,141,RLPolicy,0,0,0.0236779,13.8629,3.50656,21,0.524254,0,0,0,0,1
E3-PPOLag-p003,49.4711,432,224,RLPolicy,0,0,0.0234936,13.8629,3.50656,21,0.768275,0,0,0,0,1
E3-PPOLag-p003,49.474,160,360,RLPolicy,0,0,0.0237003,13.8629,3.50656,21,0.295116,0,0,0,0,1.01019
E3-PPOLag-p003,49.4817,48,74,RLPolicy,1,0,0.023723,13.1698,3.50656,21,0.645936,0,0,0,0,1.05158
E3-PPOLag-p003,49.4817,487,472,RLPolicy,0,0,0.0232456,13.8629,3.50656,21,0.740894,0,0,0,0,1
E3-PPOLag-p003,49.4931,450,247,RLPolicy,0,0,0.0232454,13.8629,3.50656,21,0.577442,0,0,0,0,1
E3-PPOLag-p003,49.4975,512,331,RLPolicy,0,0,0.0237255,13.8629,3.50656,21,0.240251,0,0,0,0,1
E3-PPOLag-p003,49.499,99,247,RLPolicy,0,0,0.0232486,13.8629,3.50656,21,0.797744,0,0,0,0,1
E3-PPOLag-p003,49.5034,55,472,RLPolicy,0,0,0.0232456,13.8629,3.50656,21,0.471921,0,0,0,0,0.99633
E3-PPOLag-p003,49.5064,476,234,RLPolicy,0,0,0.0236805,13.8629,3.50656,21,0.493906,0,0,0,0,1
E3-PPOLag-p003,49.5098,426,527,RLPolicy,0,0,0.0236847,13.8629,3.50656,21,0.26976,0,0,0,0,1
E3-PPOLag-p003,49.51,457,64,RLPolicy,0,0,0.0236806,13.8629,3.50656,21,0.415334,0,0,0,0,1
E3-PPOLag-p003,49.5114,335,633,RLPolicy,0,0,0.0232499,13.8629,3.50656,21,0.738646,0,0,0,0,1.03792
E3-PPOLag-p003,49.5133,526,247,RLPolicy,0,0,0.0233624,13.8629,3.50656,21,0.551179,0,0,0,0,1
E3-PPOLag-p003,49.5143,93,358,RLPolicy,0,0,0.0236252,13.8629,3.50656,21,0.949275,0,0,0,0,1
E3-PPOLag-p003,49.5147,53,358,RLPolicy,0,0,0.0236252,13.7088,3.50656,21,0.557544,0,0,0,0,1.03078
E3-PPOLag-p003,49.5196,113,467,RLPolicy,0,0,0.0232535,13.8629,3.50656,21,0.569317,0,0,0,0,0.989195
E3-PPOLag-p003,49.5223,501,9,RLPolicy,0,0,0.0232517,13.8629,3.50656,21,0.40927,0,0,0,0,1
E3-PPOLag-p003,49.5226,44,493,RLPolicy,0,0,0.064613,12.9468,3.50656,21,0.707475,0,0,0,0,1
E3-PPOLag-p003,49.5234,179,172,RLPolicy,0,0,0.0232729,13.8629,3.50656,21,0.787827,0,0,0,0,1.01366
E3-PPOLag-p003,49.5245,165,247,RLPolicy,0,0,0.0232486,13.8629,3.50656,21,1.1199,0,0,0,0,0.985933
E3-PPOLag-p003,49.526,536,394,RLPolicy,0,0,0.0232507,13.8629,3.50656,21,0.632515,0,0,0,0,1
E3-PPOLag-p003,49.5286,200,9,RLPolicy,0,0,0.0232517,13.8629,3.50656,21,0.473725,0,0,0,0,1.01366
E3-PPOLag-p003,49.5304,0,628,RLPolicy,0,0,0.0426028,13.2522,3.50656,21,0.697709,0,0,0,0,1.00867
E3-PPOLag-p003,49.5327,484,330,RLPolicy,0,0,0.150346,13.8629,3.50656,21,0.299299,0,0,0,0,1
E3-PPOLag-p003,49.5349,124,202,RLPolicy,0,0,0.0236782,13.8629,3.50656,21,0.535454,0,0,0,0,1
E3-PPOLag-p003,49.5379,167,172,RLPolicy,0,0,0.0232729,13.8629,3.50656,21,0.729546,0,0,0,0,1
E3-PPOLag-p003,49.547,91,172,RLPolicy,0,0,0.0232729,13.8629,3.50656,21,0.890888,0,0,0,0,0.985321
E3-PPOLag-p003,49.5475,271,172,RLPolicy,0,0,0.0232729,13.8629,3.50656,21,0.753484,0,0,0,0,0.985933
E3-PPOLag-p003,49.5478,150,247,RLPolicy,0,0,0.0232486,13.8629,3.50656,21,0.747754,0,0,0,0,0.985933
E3-PPOLag-p003,49.552,452,409,RLPolicy,0,0,0.00476178,2.77259,3.50656,5,0.025321,0,0,0,0,1
E3-PPOLag-p003,49.5524,153,583,RLPolicy,0,0,0.0236805,13.8629,3.50656,21,0.974156,0,0,0,0,1
E3-PPOLag-p003,49.5606,115,156,RLPolicy,0,0,0.023678,13.8629,3.50656,21,0.851382,0,0,0,0,1
E3-PPOLag-p003,49.5617,252,5,RLPolicy,0,0,0.0236779,13.8629,3.50656,21,0.525058,0,0,0,0,1
E3-PPOLag-p003,49.5632,467,384,RLPolicy,0,0,0.0232517,13.8629,3.50656,21,0.430155,0,0,0,0,1
E3-PPOLag-p003,49.5672,232,172,RLPolicy,0,0,0.0232729,13.8629,3.50656,21,1.06168,0,0,0,0,0.985933
E3-PPOLag-p003,49.5775,118,282,RLPolicy,0,0,0.0232502,13.8629,3.50656,21,0.661134,0,0,0,0,1
E3-PPOLag-p003,49.5809,257,24,RLPolicy,0,0,0.0233056,13.8629,3.50656,21,0.806457,0,0,0,0,1
E3-PPOLag-p003,49.5875,127,427,RLPolicy,0,0,0.0236788,13.8629,3.50656,21,0.758679,0,0,0,0,0.985933
E3-PPOLag-p003,49.5963,221,24,RLPolicy,0,0,0.0233056,13.8629,3.50656,21,1.56178,0,0,0,0,0.985933
E3-PPOLag-p003,49.6,403,9,RLPolicy,0,0,0.0232519,13.8629,3.50656,21,0.471248,0,0,0,0,1
E3-PPOLag-p003,49.6012,142,214,RLPolicy,0,0,0.0232487,13.8629,3.50656,21,1.11761,0,0,0,0,1
E3-PPOLag-p003,49.6071,326,214,RLPolicy,0,0,0.0232487,13.8629,3.50656,21,0.482264,0,0,0,0,1
E3-PPOLag-p003,49.611,277,318,RLPolicy,0,0,0.0828182,0.693147,3.50656,2,0.011754,0,0,0,0,1
E3-PPOLag-p003,49.6149,145,141,RLPolicy,0,0,0.0236778,13.8629,3.50656,21,0.748099,0,0,0,0,1
E3-PPOLag-p003,49.628,424,580,RLPolicy,0,0,0.0232521,13.8629,3.50656,21,0.650795,0,0,0,0,1
E3-PPOLag-p003,49.6284,246,358,RLPolicy,0,0,0.0236252,13.8629,3.50656,21,0.472467,0,0,0,0,1
E3-PPOLag-p003,49.6362,520,38,RLPolicy,0,0,0.0236811,13.8629,3.50656,21,0.580009,0,0,0,0,1
E3-PPOLag-p003,49.6417,534,633,RLPolicy,0,0,0.02325,13.8629,3.50656,21,0.897307,0,0,0,0,1
E3-PPOLag-p003,49.6501,325,172,RLPolicy,0,0,0.0232729,13.6398,3.50656,21,0.670141,0,0,0,0,1
E3-PPOLag-p003,49.6516,89,63,RLPolicy,0,0,0.0232756,13.5546,3.50656,21,0.865953,0,0,0,0,1
E3-PPOLag-p003,49.6576,381,156,RLPolicy,0,0,0.023678,13.8629,3.50656,21,0.714465,0,0,0,0,1
E3-PPOLag-p003,49.6581,456,426,RLPolicy,0,0,0.0237046,13.8629,3.50656,21,0.181247,0,0,0,0,1
E3-PPOLag-p003,49.6657,285,172,RLPolicy,0,0,0.0232729,13.8629,3.50656,21,1.04282,0,0,0,0,1
E3-PPOLag-p003,49.6706,376,214,RLPolicy,0,0,0.0232487,13.8629,3.50656,21,0.83331,0,0,0,0,1
E3-PPOLag-p003,49.6756,346,14,RLPolicy,0,0,0.0237021,13.8629,3.50656,21,0.433762,0,0,0,0,1
E3-PPOLag-p003,49.6757,83,282,RLPolicy,0,0,0.0232502,13.8629,3.50656,21,0.839848,0,0,0,0,0.985933
E3-PPOLag-p003,49.6803,60,282,RLPolicy,0,0,0.0233231,13.5576,3.50656,21,0.65358,0,0,0,0,0.992864
E3-PPOLag-p003,49.682,437,24,RLPolicy,0,0,0.0233056,13.8629,3.50656,21,0.767855,0,0,0,0,1
E3-PPOLag-p003,49.6825,295,472,RLPolicy,0,0,0.0232456,13.8629,3.50656,21,1.10986,0,0,0,0,1
E3-PPOLag-p003,49.6846,102,172,RLPolicy,0,0,0.0232729,13.8629,3.50656,21,1.16984,0,0,0,0,1.03792
E3-PPOLag-p003,49.6869,35,138,RLPolicy,0,0,0.0237381,12.336,3.50656,21,1.16977,0,0,0,0,1.05731
E3-PPOLag-p003,49.6923,195,382,RLPolicy,0,0,0.0232845,13.8629,3.50656,21,0.79621,0,0,0,0,0.999796
E3-PPOLag-p003,49.6944,96,580,RLPolicy,0,0,0.0232521,13.8629,3.50656,21,0.914878,0,0,0,0,1
E3-PPOLag-p003,49.7,300,214,RLPolicy,0,0,0.0232454,13.8629,3.50656,21,1.16781,0,0,0,0,1
E3-PPOLag-p003,49.7018,11,302,RLPolicy,0,0,0.023754,12.336,3.50656,21,0.573056,0,0,0,0,1.02447
E3-PPOLag-p003,49.713,348,214,RLPolicy,0,0,0.0232487,13.8629,3.50656,21,1.26205,0,0,0,0,1
E3-PPOLag-p003,49.7179,126,432,RLPolicy,0,0,0.0236785,13.8629,3.50656,21,0.542688,0,0,0,0,1
E3-PPOLag-p003,49.7258,439,214,RLPolicy,0,0,0.0232487,13.8629,3.50656,21,0.728174,0,0,0,0,1
E3-PPOLag-p003,49.7271,548,214,RLPolicy,0,0,0.0232487,13.8629,3.50656,21,0.839849,0,0,0,0,1
E3-PPOLag-p003,49.7272,128,612,RLPolicy,0,0,0.0232498,13.8629,3.50656,21,0.890444,0,0,0,0,0.985933
E3-PPOLag-p003,49.7287,349,401,RLPolicy,0,0,0.0236785,13.8629,3.50656,21,0.687405,0,0,0,0,1
E3-PPOLag-p003,49.7314,355,247,RLPolicy,0,0,0.0233622,13.8629,3.50656,21,0.804384,0,0,0,0,1
E3-PPOLag-p003,49.7328,291,633,RLPolicy,0,0,0.02325,13.8629,3.50656,21,1.33602,0,0,0,0,0.985933
E3-PPOLag-p003,49.7331,108,214,RLPolicy,0,0,0.0232454,13.8629,3.50656,21,0.594864,0,0,0,0,1
E3-PPOLag-p003,49.7341,290,61,RLPolicy,0,0,0.0236777,13.8629,3.50656,21,0.926602,0,0,0,0,1
E3-PPOLag-p003,49.7374,431,125,RLPolicy,0,0,0.0237199,13.8629,3.50656,21,0.454575,0,0,0,0,1
E3-PPOLag-p003,49.7398,27,202,RLPolicy,0,0,0.0237044,13.5576,3.50656,21,0.650605,0,0,0,0,1
E3-PPOLag-p003,49.7478,152,611,RLPolicy,0,0,0.0232715,13.8629,3.50656,21,0.630671,0,0,0,0,1.02406
E3-PPOLag-p003,49.7486,387,14,RLPolicy,0,0,0.0237222,13.8629,3.50656,21,0.182659,0,0,0,0,1
E3-PPOLag-p003,49.7501,106,580,RLPolicy,0,0,0.0232521,13.8629,3.50656,21,0.365976,0,0,0,0,1.00673
E3-PPOLag-p003,49.7594,461,416,RLPolicy,0,0,0.0232456,13.8629,3.50656,21,0.391492,0,0,0,0,1
E3-PPOLag-p003,49.7595,262,633,RLPolicy,0,0,0.02325,13.8629,3.50656,21,0.714077,0,0,0,0,1
E3-PPOLag-p003,49.7605,136,314,RLPolicy,1,0,0.0165925,9.01091,3.50656,15,0.777368,0,0,0,0,1.03078
E3-PPOLag-p003,49.761,528,212,RLPolicy,0,0,0.0236848,13.8629,3.50656,21,0.75261,0,0,0,0,1
E3-PPOLag-p003,49.7626,509,172,RLPolicy,0,0,0.0232729,13.8629,3.50656,21,1.02666,0,0,0,0,1
E3-PPOLag-p003,49.765,500,331,RLPolicy,0,0,0.0237265,13.8629,3.50656,21,0.478609,0,0,0,0,1
E3-PPOLag-p003,49.7683,73,172,RLPolicy,0,0,0.0569001,13.7088,3.50656,21,0.960948,0,0,0,0,1
E3-PPOLag-p003,49.7693,82,633,RLPolicy,0,0,0.02325,13.8629,3.50656,21,0.91965,0,0,0,0,1
E3-PPOLag-p003,49.7745,123,422,RLPolicy,0,0,0.0237055,13.8629,3.50656,21,0.238186,0,0,0,0,1.04832
E3-PPOLag-p003,49.7754,320,454,RLPolicy,0,0,0.0236896,13.8629,3.50656,21,0.165695,0,0,0,0,1
E3-PPOLag-p003,49.7825,399,172,RLPolicy,0,0,0.0232729,13.8629,3.50656,21,0.783639,0,0,0,0,1
E3-PPOLag-p003,49.7854,189,543,RLPolicy,0,0,0.0236793,13.8629,3.50656,21,0.41521,0,0,0,0,1.01366
E3-PPOLag-p003,49.7959,286,172,RLPolicy,0,0,0.0232729,13.8629,3.50656,21,1.25463,0,0,0,0,0.985933
E3-PPOLag-p003,49.7964,175,125,RLPolicy,0,0,0.0237242,13.8629,3.50656,21,0.269424,0,0,0,0,1
E3-PPOLag-p003,49.798,441,114,RLPolicy,1,1,0.00358051,1.38629,3.50656,4,0.311333,0,0,0,0,1.01345
E3-PPOLag-p003,49.8038,469,183,RLPolicy,0,0,0.0232539,13.8629,3.50656,21,0.407749,0,0,0,0,1
E3-PPOLag-p003,49.8061,443,474,RLPolicy,0,0,0.0237258,13.8629,3.50656,21,0.288982,0,0,0,0,1
E3-PPOLag-p003,49.8102,434,416,RLPolicy,0,0,0.0232456,13.8629,3.50656,21,0.897402,0,0,0,0,1
E3-PPOLag-p003,49.8133,514,183,RLPolicy,0,0,0.0232539,13.8629,3.50656,21,0.401225,0,0,0,0,1
E3-PPOLag-p003,49.8148,276,172,RLPolicy,0,0,0.0232728,13.8629,3.50656,21,0.799051,0,0,0,0,1
E3-PPOLag-p003,49.8151,404,183,RLPolicy,0,0,0.0232539,13.8629,3.50656,21,0.397074,0,0,0,0,1
E3-PPOLag-p003,49.819,129,611,RLPolicy,0,0,0.0232716,13.8629,3.50656,21,0.24163,0,0,0,0,1
E3-PPOLag-p003,49.8206,98,291,RLPolicy,1,1,0.00203001,0.693147,3.50656,3,0.332679,0,0,0,0,0.985525
E3-PPOLag-p003,49.8236,5,419,RLPolicy,0,0,0.0529583,13.2522,3.50656,21,0.606577,0,0,0,0,1.00714
E3-PPOLag-p003,49.8236,537,268,RLPolicy,0,0,0.0232498,13.7088,3.50656,21,0.567547,0,0,0,0,1
E3-PPOLag-p003,49.825,529,224,RLPolicy,0,0,0.0234934,13.8629,3.50656,21,0.364833,0,0,0,0,1
E3-PPOLag-p003,49.83,329,263,RLPolicy,0,0,0.0236855,13.8629,3.50656,21,0.49658,0,0,0,0,1
E3-PPOLag-p003,49.8317,215,369,RLPolicy,0,0,0.0237071,13.8629,3.50656,21,0.347626,0,0,0,0,1.00326
E3-PPOLag-p003,49.8324,524,545,RLPolicy,0,0,0.0237047,13.8629,3.50656,21,0.163858,0,0,0,0,1
E3-PPOLag-p003,49.8346,92,159,RLPolicy,0,0,0.0232718,13.8629,3.50656,21,0.75289,0,0,0,0,1
E3-PPOLag-p003,49.8421,444,633,RLPolicy,0,0,0.02325,13.8629,3.50656,21,0.878047,0,0,0,0,1
E3-PPOLag-p003,49.846,417,572,RLPolicy,0,0,0.023717,13.8629,3.50656,21,0.314558,0,0,0,0,1
E3-PPOLag-p003,49.847,464,416,RLPolicy,0,0,0.0232456,13.8629,3.50656,21,0.478012,0,0,0,0,0.985933
E3-PPOLag-p003,49.8562,22,316,RLPolicy,0,0,0.0567231,11.7253,3.50656,21,0.605295,0,0,0,0,0.999301
E3-PPOLag-p003,49.8593,539,331,RLPolicy,0,0,0.0237253,13.8629,3.50656,21,0.647328,0,0,0,0,1
E3-PPOLag-p003,49.8623,263,425,RLPolicy,1,1,0.00234866,0.693147,3.50656,3,0.164798,0,0,0,0,0.985933
E3-PPOLag-p003,49.8632,34,393,RLPolicy,0,0,0.0583646,12.336,3.50656,21,0.95016,0,0,0,0,0.988284
E3-PPOLag-p003,49.8664,367,358,RLPolicy,0,0,0.0236252,13.8629,3.50656,21,0.759268,0,0,0,0,1
E3-PPOLag-p003,49.8706,332,172,RLPolicy,0,0,0.0232728,13.8629,3.50656,21,0.662342,0,0,0,0,0.985933
E3-PPOLag-p003,49.8741,396,358,RLPolicy,0,0,0.0236252,13.8629,3.50656,21,0.486077,0,0,0,0,1
E3-PPOLag-p003,49.878,347,511,RLPolicy,1,1,0.0023977,0.693147,3.50656,3,0.345733,0,0,0,0,0.985933
E3-PPOLag-p003,49.8791,58,633,RLPolicy,0,0,0.0651896,13.5576,3.50656,21,0.665369,0,0,0,0,0.984406
E3-PPOLag-p003,49.8835,488,77,RLPolicy,0,0,0.0236826,13.8629,3.50656,21,0.526903,0,0,0,0,1
E3-PPOLag-p003,49.8867,289,562,RLPolicy,0,0,0.0237255,13.8629,3.50656,21,0.254293,0,0,0,0,1
E3-PPOLag-p003,49.8889,172,633,RLPolicy,0,0,0.02325,13.8629,3.50656,21,1.00142,0,0,0,0,1
E3-PPOLag-p003,49.8897,359,205,RLPolicy,0,0,0.0236798,13.8629,3.50656,21,0.675548,0,0,0,0,1
E3-PPOLag-p003,49.8942,181,180,RLPolicy,0,0,0.0237109,13.8629,3.50656,21,0.26173,0,0,0,0,1
E3-PPOLag-p003,49.9012,547,367,RLPolicy,0,0,0.0236865,13.8629,3.50656,21,1.29739,0,0,0,0,1
E3-PPOLag-p003,49.9084,519,600,RLPolicy,0,0,0.0232483,13.8629,3.50656,21,0.753786,0,0,0,0,1
E3-PPOLag-p003,49.9117,544,396,RLPolicy,0,0,0.0236855,13.8629,3.50656,21,0.765243,0,0,0,0,1
E3-PPOLag-p003,49.9123,312,183,RLPolicy,0,0,0.0232507,13.8629,3.50656,21,0.566089,0,0,0,0,1
E3-PPOLag-p003,49.9147,405,268,RLPolicy,0,0,0.0232498,13.8629,3.50656,21,0.375659,0,0,0,0,1
E3-PPOLag-p003,49.9225,197,208,RLPolicy,0,0,0.0232717,13.8629,3.50656,21,0.246928,0,0,0,0,1
E3-PPOLag-p003,49.9262,226,249,RLPolicy,1,1,0.00435787,2.07944,3.50656,5,0.13426,0,0,0,0,0.982059
E3-PPOLag-p003,49.9273,491,268,RLPolicy,0,0,0.0232498,13.8629,3.50656,21,0.686909,0,0,0,0,1
E3-PPOLag-p003,49.939,151,32,RLPolicy,0,0,0.0232844,13.7088,3.50656,21,1.18508,0,0,0,0,1
E3-PPOLag-p003,49.9394,170,242,RLPolicy,0,0,0.0236817,13.8629,3.50656,21,0.293246,0,0,0,0,1.02059
E3-PPOLag-p003,49.9572,522,496,RLPolicy,0,0,0.0233053,13.8629,3.50656,21,0.548432,0,0,0,0,1
E3-PPOLag-p003,49.958,430,424,RLPolicy,0,0,0.0232539,13.8629,3.50656,21,0.835484,0,0,0,0,1
E3-PPOLag-p003,49.9586,154,10,RLPolicy,1,1,0.0023858,0.693147,3.50656,3,0.109013,0,0,0,0,0.985933
E3-PPOLag-p003,49.9594,508,358,RLPolicy,0,0,0.0236252,13.8629,3.50656,21,0.693234,0,0,0,0,1
E3-PPOLag-p003,49.9702,173,507,RLPolicy,0,0,0.0232457,13.8629,3.50656,21,1.71694,0,0,0,0,1
E3-PPOLag-p003,49.9719,41,366,RLPolicy,0,0,0.0232934,12.6414,3.50656,21,1.34446,0,0,0,0,0.980445
E3-PPOLag-p003,49.9768,423,633,RLPolicy,0,0,0.02325,13.8629,3.50656,21,1.3558,0,0,0,0,1
E3-PPOLag-p003,49.9805,498,172,RLPolicy,0,0,0.0232728,13.8629,3.50656,21,1.22791,0,0,0,0,1
E3-PPOLag-p003,49.9815,69,268,RLPolicy,0,0,0.0232498,13.8629,3.50656,21,0.549812,0,0,0,0,1
E3-PPOLag-p003,49.9821,42,208,RLPolicy,0,0,0.0232737,13.8629,3.50656,21,0.252785,0,0,0,0,1
E3-PPOLag-p003,49.9851,244,183,RLPolicy,0,0,0.0232539,13.8629,3.50656,21,0.416041,0,0,0,0,1
E3-PPOLag-p003,49.9897,242,382,RLPolicy,0,0,0.0232847,13.8629,3.50656,21,0.687684,0,0,0,0,1
E3-PPOLag-p003,49.9922,163,185,RLPolicy,0,0,0.0232482,13.8629,3.50656,21,0.554257,0,0,0,0,1
E3-PPOLag-p003,49.9987,364,125,RLPolicy,0,0,0.0237198,13.8629,3.50656,21,0.439065,0,0,0,0,1.03445
