configName,simTime,src,dst,policyMode,reachable,feasible,totalDelay,totalTrustCost,budget,hops,computeTimeMs,pipMasked,pipCandidates,pipDijkstraMs,pipNodesExpanded,lambda
E3-Strict-p030,11.06,3,3,RLPolicy,0,0,0,0,1.20397,1,0.139265,7,7,0.133008,45,1
E3-Strict-p030,11.3471,1,1,RLPolicy,0,0,0,0,1.20397,1,0.27386,4,4,0.262277,4,1
E3-Strict-p030,11.5304,0,0,RLPolicy,0,0,0,0,1.20397,1,0.227892,13,13,0.218275,56,1
E3-Strict-p030,11.8236,5,5,RLPolicy,0,0,0,0,1.20397,1,0.231219,10,10,0.221917,1,1
E3-Strict-p030,12.0273,2,2,RLPolicy,0,0,0,0,1.20397,1,0.272793,11,11,0.263236,60,1
E3-Strict-p030,12.0348,4,4,RLPolicy,0,0,0,0,1.20397,1,0.452594,14,14,0.435141,5,1
E3-Strict-p030,12.5044,6,6,RLPolicy,0,0,0,0,1.20397,1,0.39724,9,9,0.382998,30,1
E3-Strict-p030,12.8287,9,9,RLPolicy,0,0,0,0,1.20397,1,0.329455,14,14,0.316741,71,1
E3-Strict-p030,13.06,3,3,RLPolicy,0,0,0,0,1.20397,1,0.192513,9,9,0.183606,1,1
E3-Strict-p030,13.1394,12,115,RLPolicy,1,1,0.0324907,0.693147,1.20397,3,0.637,20,22,0.503725,71,0.997446
E3-Strict-p030,13.3471,1,1,RLPolicy,0,0,0,0,1.20397,1,0.185641,4,4,0.177618,2,1
E3-Strict-p030,13.3654,7,7,RLPolicy,0,0,0,0,1.20397,1,0.336972,18,18,0.324876,73,1
E3-Strict-p030,13.3911,8,8,RLPolicy,0,0,0,0,1.20397,1,0.37503,20,20,0.362667,73,1
E3-Strict-p030,13.5304,0,0,RLPolicy,0,0,0,0,1.20397,1,0.255081,12,12,0.246501,80,1
E3-Strict-p030,13.7018,11,11,RLPolicy,0,0,0,0,1.20397,1,0.28044,2,2,0.270901,81,1
E3-Strict-p030,13.8236,5,5,RLPolicy,0,0,0,0,1.20397,1,0.194934,12,12,0.186907,2,1
E3-Strict-p030,14.0191,10,10,RLPolicy,0,0,0,0,1.20397,1,0.353304,4,4,0.343987,85,1
E3-Strict-p030,14.0273,2,2,RLPolicy,0,0,0,0,1.20397,1,0.218937,12,12,0.21045,3,1
E3-Strict-p030,14.0348,4,4,RLPolicy,0,0,0,0,1.20397,1,0.29801,14,14,0.288417,85,1
E3-Strict-p030,14.4809,18,18,RLPolicy,0,0,0,0,1.20397,1,0.336178,17,17,0.324642,87,1
E3-Strict-p030,14.5044,6,6,RLPolicy,0,0,0,0,1.20397,1,0.271467,10,10,0.258419,1,1
E3-Strict-p030,14.6026,13,13,RLPolicy,0,0,0,0,1.20397,1,0.422551,9,9,0.391062,40,1
E3-Strict-p030,14.7076,15,15,RLPolicy,0,0,0,0,1.20397,1,0.488266,9,9,0.476778,88,1
E3-Strict-p030,14.8131,14,14,RLPolicy,0,0,0,0,1.20397,1,0.329045,2,2,0.318885,41,1
E3-Strict-p030,14.8149,16,16,RLPolicy,0,0,0,0,1.20397,1,0.465629,19,19,0.449917,90,1
E3-Strict-p030,14.8287,9,9,RLPolicy,0,0,0,0,1.20397,1,0.301514,17,17,0.292135,90,1
E3-Strict-p030,15.0587,20,20,RLPolicy,0,0,0,0,1.20397,1,0.474164,26,26,0.456447,93,1
E3-Strict-p030,15.06,3,3,RLPolicy,0,0,0,0,1.20397,1,0.515671,11,11,0.50093,93,1
E3-Strict-p030,15.0602,19,19,RLPolicy,0,0,0,0,1.20397,1,0.413976,11,11,0.400937,43,1
E3-Strict-p030,15.1394,12,32,RLPolicy,1,1,0.0324854,0.693147,1.20397,3,0.353312,28,30,0.330133,94,0.994892
E3-Strict-p030,15.3471,1,1,RLPolicy,0,0,0,0,1.20397,1,0.466876,2,2,0.442276,47,1
E3-Strict-p030,15.3654,7,7,RLPolicy,0,0,0,0,1.20397,1,0.33225,21,21,0.316812,47,1
E3-Strict-p030,15.3911,8,8,RLPolicy,0,0,0,0,1.20397,1,0.309519,26,26,0.298221,5,1
E3-Strict-p030,15.416,17,17,RLPolicy,0,0,0,0,1.20397,1,0.418437,16,16,0.404902,97,1
E3-Strict-p030,15.5304,0,0,RLPolicy,0,0,0,0,1.20397,1,0.446788,16,16,0.431752,97,1
E3-Strict-p030,15.7018,11,11,RLPolicy,0,0,0,0,1.20397,1,0.31639,3,3,0.306774,103,1
E3-Strict-p030,15.7398,27,27,RLPolicy,0,0,0,0,1.20397,1,0.593878,32,32,0.567742,49,1
E3-Strict-p030,15.8236,5,28,RLPolicy,1,1,0.0319959,0.387766,1.20397,3,1.07336,14,47,0.945952,49,0.995919
E3-Strict-p030,15.8562,22,22,RLPolicy,0,0,0,0,1.20397,1,0.526913,18,18,0.511043,104,1
E3-Strict-p030,16.0119,30,30,RLPolicy,0,0,0,0,1.20397,1,0.455667,7,7,0.423251,50,1
E3-Strict-p030,16.0153,21,21,RLPolicy,0,0,0,0,1.20397,1,0.496652,29,29,0.479969,104,1
E3-Strict-p030,16.0171,24,24,RLPolicy,0,0,0,0,1.20397,1,0.403809,5,5,0.389084,3,1
E3-Strict-p030,16.0191,10,10,RLPolicy,0,0,0,0,1.20397,1,0.341054,5,5,0.330591,104,1
E3-Strict-p030,16.0273,2,2,RLPolicy,0,0,0,0,1.20397,1,0.492055,17,17,0.477939,50,1
E3-Strict-p030,16.0348,4,4,RLPolicy,0,0,0,0,1.20397,1,0.48947,12,12,0.476265,104,1
E3-Strict-p030,16.0396,29,29,RLPolicy,0,0,0,0,1.20397,1,0.494948,23,23,0.478109,104,1
E3-Strict-p030,16.1834,31,31,RLPolicy,0,0,0,0,1.20397,1,0.464069,22,22,0.446551,4,1
E3-Strict-p030,16.2109,33,33,RLPolicy,0,0,0,0,1.20397,1,1.0458,24,24,1.01875,106,1
E3-Strict-p030,16.3245,23,23,RLPolicy,0,0,0,0,1.20397,1,0.523176,19,19,0.506578,50,1
E3-Strict-p030,16.3419,32,32,RLPolicy,0,0,0,0,1.20397,1,0.524273,31,31,0.505883,50,1
E3-Strict-p030,16.3441,37,37,RLPolicy,0,0,0,0,1.20397,1,0.61977,5,5,0.597649,107,1
E3-Strict-p030,16.4532,28,28,RLPolicy,0,0,0,0,1.20397,1,0.448583,19,19,0.434578,3,1
E3-Strict-p030,16.4809,18,18,RLPolicy,0,0,0,0,1.20397,1,0.496254,21,21,0.479388,109,1
E3-Strict-p030,16.5044,6,6,RLPolicy,0,0,0,0,1.20397,1,0.65203,14,14,0.630813,53,1
E3-Strict-p030,16.6026,13,13,RLPolicy,0,0,0,0,1.20397,1,0.429264,14,14,0.417311,111,1
E3-Strict-p030,16.7076,15,15,RLPolicy,0,0,0,0,1.20397,1,0.375096,9,9,0.362381,112,1
E3-Strict-p030,16.71,36,36,RLPolicy,0,0,0,0,1.20397,1,0.842879,16,16,0.807553,56,1
E3-Strict-p030,16.8131,14,14,RLPolicy,0,0,0,0,1.20397,1,0.433954,3,3,0.42193,112,1
E3-Strict-p030,16.8149,16,16,RLPolicy,0,0,0,0,1.20397,1,0.39323,16,16,0.380886,112,1
E3-Strict-p030,16.8287,9,9,RLPolicy,0,0,0,0,1.20397,1,0.757446,20,20,0.739394,57,1
E3-Strict-p030,16.8439,26,26,RLPolicy,0,0,0,0,1.20397,1,0.516394,3,3,0.503408,112,1
E3-Strict-p030,17.0587,20,20,RLPolicy,0,0,0,0,1.20397,1,0.415876,33,33,0.403143,115,1
E3-Strict-p030,17.06,3,3,RLPolicy,0,0,0,0,1.20397,1,0.564604,14,14,0.534429,59,1
E3-Strict-p030,17.0602,19,19,RLPolicy,0,0,0,0,1.20397,1,0.421338,14,14,0.410458,115,1
E3-Strict-p030,17.1394,12,12,RLPolicy,0,0,0,0,1.20397,1,1.03102,19,19,0.976995,59,0.994892
E3-Strict-p030,17.1626,25,25,RLPolicy,0,0,0,0,1.20397,1,0.548568,30,30,0.527416,6,1
E3-Strict-p030,17.2315,38,38,RLPolicy,0,0,0,0,1.20397,1,0.707801,17,17,0.685973,59,1
E3-Strict-p030,17.2636,39,39,RLPolicy,0,0,0,0,1.20397,1,0.606582,22,22,0.588783,118,1
E3-Strict-p030,17.3471,1,1,RLPolicy,0,0,0,0,1.20397,1,0.382628,3,3,0.372088,119,1
E3-Strict-p030,17.3654,7,7,RLPolicy,0,0,0,0,1.20397,1,0.706873,23,23,0.679108,119,1
E3-Strict-p030,17.3911,8,8,RLPolicy,0,0,0,0,1.20397,1,0.680647,29,29,0.656852,119,1
E3-Strict-p030,17.416,17,17,RLPolicy,0,0,0,0,1.20397,1,0.491931,19,19,0.473458,119,1
E3-Strict-p030,17.5226,44,44,RLPolicy,0,0,0,0,1.20397,1,0.64224,20,20,0.61208,4,1
E3-Strict-p030,17.5304,0,0,RLPolicy,0,0,0,0,1.20397,1,0.627416,20,20,0.612415,120,1
E3-Strict-p030,17.6869,35,35,RLPolicy,0,0,0,0,1.20397,1,0.593801,17,17,0.578132,121,1
E3-Strict-p030,17.7018,11,11,RLPolicy,0,0,0,0,1.20397,1,0.55453,4,4,0.537851,123,1
E3-Strict-p030,17.7398,27,27,RLPolicy,0,0,0,0,1.20397,1,0.48559,35,35,0.469682,64,1
E3-Strict-p030,17.8236,5,5,RLPolicy,0,0,0,0,1.20397,1,0.771777,30,30,0.75588,124,0.995919
E3-Strict-p030,17.8562,22,22,RLPolicy,0,0,0,0,1.20397,1,0.677028,23,23,0.659955,124,1
E3-Strict-p030,17.8632,34,34,RLPolicy,0,0,0,0,1.20397,1,0.597075,8,8,0.57943,4,1
E3-Strict-p030,17.9719,41,41,RLPolicy,0,0,0,0,1.20397,1,0.780684,32,32,0.757902,66,1
E3-Strict-p030,17.9821,42,42,RLPolicy,0,0,0,0,1.20397,1,1.30984,26,26,1.28332,130,1
E3-Strict-p030,18.0119,30,30,RLPolicy,0,0,0,0,1.20397,1,0.418998,13,13,0.405393,3,1
E3-Strict-p030,18.0153,21,21,RLPolicy,0,0,0,0,1.20397,1,0.532775,32,32,0.516498,67,1
E3-Strict-p030,18.0171,24,24,RLPolicy,0,0,0,0,1.20397,1,0.520816,8,8,0.506444,67,1
E3-Strict-p030,18.0191,10,10,RLPolicy,0,0,0,0,1.20397,1,0.613154,3,3,0.595063,130,1
E3-Strict-p030,18.0273,2,2,RLPolicy,0,0,0,0,1.20397,1,0.588346,20,20,0.571862,130,1
E3-Strict-p030,18.0348,4,4,RLPolicy,0,0,0,0,1.20397,1,0.449633,14,14,0.436539,130,1
E3-Strict-p030,18.0396,29,29,RLPolicy,0,0,0,0,1.20397,1,0.516585,22,22,0.501349,130,1
E3-Strict-p030,18.1834,31,31,RLPolicy,0,0,0,0,1.20397,1,0.692304,31,31,0.670845,133,1
E3-Strict-p030,18.2109,33,33,RLPolicy,0,0,0,0,1.20397,1,0.580435,27,27,0.563165,136,1
E3-Strict-p030,18.3245,23,23,RLPolicy,0,0,0,0,1.20397,1,0.552279,26,26,0.535478,68,1
E3-Strict-p030,18.3419,32,32,RLPolicy,0,0,0,0,1.20397,1,0.868978,34,34,0.846372,137,1
E3-Strict-p030,18.3441,37,37,RLPolicy,0,0,0,0,1.20397,1,0.749575,5,5,0.727521,68,1
E3-Strict-p030,18.4532,28,28,RLPolicy,0,0,0,0,1.20397,1,0.575601,26,26,0.554384,137,1
E3-Strict-p030,18.4809,18,18,RLPolicy,0,0,0,0,1.20397,1,0.791917,27,27,0.772053,137,1
E3-Strict-p030,18.5044,6,6,RLPolicy,0,0,0,0,1.20397,1,0.72056,18,18,0.704116,137,1
E3-Strict-p030,18.602,47,47,RLPolicy,0,0,0,0,1.20397,1,0.755968,37,37,0.726651,137,1
E3-Strict-p030,18.6026,13,13,RLPolicy,0,0,0,0,1.20397,1,0.654376,18,18,0.635817,71,1
E3-Strict-p030,18.7076,15,15,RLPolicy,0,0,0,0,1.20397,1,1.07877,9,9,0.975794,137,1
E3-Strict-p030,18.71,36,36,RLPolicy,0,0,0,0,1.20397,1,0.590188,18,18,0.574504,137,1
E3-Strict-p030,18.7786,51,51,RLPolicy,0,0,0,0,1.20397,1,0.665518,15,15,0.643436,3,1
E3-Strict-p030,18.8131,14,14,RLPolicy,0,0,0,0,1.20397,1,0.709327,5,5,0.690871,138,1
E3-Strict-p030,18.8149,16,16,RLPolicy,0,0,0,0,1.20397,1,0.627208,16,16,0.605976,6,1
E3-Strict-p030,18.8287,9,9,RLPolicy,0,0,0,0,1.20397,1,0.510944,23,23,0.494629,1,1
E3-Strict-p030,18.8439,26,26,RLPolicy,0,0,0,0,1.20397,1,0.492592,4,4,0.479292,71,1
E3-Strict-p030,18.8776,62,62,RLPolicy,0,0,0,0,1.20397,1,0.751841,20,20,0.732221,138,1
E3-Strict-p030,18.9654,40,40,RLPolicy,0,0,0,0,1.20397,1,0.811162,17,17,0.785078,139,1
E3-Strict-p030,18.9679,56,56,RLPolicy,0,0,0,0,1.20397,1,0.661793,26,26,0.637404,6,1
E3-Strict-p030,19.0587,20,170,RLPolicy,1,1,0.0356379,1.08091,1.20397,4,1.10119,87,91,0.972353,139,0.999385
E3-Strict-p030,19.06,3,3,RLPolicy,0,0,0,0,1.20397,1,0.674498,19,19,0.655294,3,1
E3-Strict-p030,19.0602,19,19,RLPolicy,0,0,0,0,1.20397,1,0.741399,18,18,0.718811,3,1
E3-Strict-p030,19.0895,45,45,RLPolicy,0,0,0,0,1.20397,1,0.68948,2,2,0.673745,139,1
E3-Strict-p030,19.0993,46,46,RLPolicy,0,0,0,0,1.20397,1,0.75585,21,21,0.73749,139,1
E3-Strict-p030,19.1136,43,43,RLPolicy,0,0,0,0,1.20397,1,0.759191,26,26,0.73329,72,1
E3-Strict-p030,19.1394,12,115,RLPolicy,1,1,0.0326371,0.693147,1.20397,3,0.568409,45,54,0.501228,139,0.992338
E3-Strict-p030,19.1454,63,63,RLPolicy,0,0,0,0,1.20397,1,0.643473,6,6,0.625893,72,1
E3-Strict-p030,19.1626,25,25,RLPolicy,0,0,0,0,1.20397,1,0.534621,32,32,0.519823,72,1
E3-Strict-p030,19.2259,54,54,RLPolicy,0,0,0,0,1.20397,1,0.699172,4,4,0.680714,140,1
E3-Strict-p030,19.2315,38,38,RLPolicy,0,0,0,0,1.20397,1,0.520734,19,19,0.506699,72,1
E3-Strict-p030,19.237,66,66,RLPolicy,0,0,0,0,1.20397,1,0.759251,21,21,0.733714,140,1
E3-Strict-p030,19.242,50,50,RLPolicy,0,0,0,0,1.20397,1,0.786781,33,33,0.767416,140,1
E3-Strict-p030,19.2423,52,52,RLPolicy,0,0,0,0,1.20397,1,0.769354,32,32,0.750077,140,1
E3-Strict-p030,19.2636,39,39,RLPolicy,0,0,0,0,1.20397,1,0.620809,27,27,0.604822,140,1
E3-Strict-p030,19.2872,59,59,RLPolicy,0,0,0,0,1.20397,1,1.17129,33,33,1.02347,140,1
E3-Strict-p030,19.3116,49,49,RLPolicy,0,0,0,0,1.20397,1,0.840072,2,2,0.823523,72,1
E3-Strict-p030,19.317,68,68,RLPolicy,0,0,0,0,1.20397,1,0.707927,15,15,0.687252,141,1
E3-Strict-p030,19.3471,1,1,RLPolicy,0,0,0,0,1.20397,1,0.759096,3,3,0.734516,72,1
E3-Strict-p030,19.3654,7,7,RLPolicy,0,0,0,0,1.20397,1,0.576687,27,27,0.561085,72,1
E3-Strict-p030,19.3911,8,8,RLPolicy,0,0,0,0,1.20397,1,0.5528,34,34,0.539378,141,1
E3-Strict-p030,19.416,17,17,RLPolicy,0,0,0,0,1.20397,1,0.826396,24,24,0.786002,141,1
E3-Strict-p030,19.4255,67,67,RLPolicy,0,0,0,0,1.20397,1,0.76796,18,18,0.747315,73,1
E3-Strict-p030,19.4602,65,65,RLPolicy,0,0,0,0,1.20397,1,0.848891,21,21,0.830153,141,1
E3-Strict-p030,19.4684,61,61,RLPolicy,0,0,0,0,1.20397,1,0.782695,33,33,0.76183,141,1
E3-Strict-p030,19.4817,48,48,RLPolicy,0,0,0,0,1.20397,1,0.648808,25,25,0.625598,5,1
E3-Strict-p030,19.5034,55,55,RLPolicy,0,0,0,0,1.20397,1,0.540506,13,13,0.523226,3,1
E3-Strict-p030,19.5147,53,53,RLPolicy,0,0,0,0,1.20397,1,0.805347,8,8,0.786048,143,1
E3-Strict-p030,19.5226,44,44,RLPolicy,0,0,0,0,1.20397,1,0.658653,24,24,0.640412,143,1
E3-Strict-p030,19.5304,0,0,RLPolicy,0,0,0,0,1.20397,1,0.751075,24,24,0.727986,143,1
E3-Strict-p030,19.6803,60,60,RLPolicy,0,0,0,0,1.20397,1,0.824095,10,10,0.799638,73,1
E3-Strict-p030,19.6869,35,35,RLPolicy,0,0,0,0,1.20397,1,0.632515,20,20,0.616224,143,1
E3-Strict-p030,19.7018,11,11,RLPolicy,0,0,0,0,1.20397,1,0.51236,4,4,0.498773,73,1
E3-Strict-p030,19.7398,27,27,RLPolicy,0,0,0,0,1.20397,1,0.864464,40,40,0.840836,144,1
E3-Strict-p030,19.8236,5,5,RLPolicy,0,0,0,0,1.20397,1,0.841019,34,34,0.813643,147,0.995919
E3-Strict-p030,19.8562,22,22,RLPolicy,0,0,0,0,1.20397,1,0.785168,26,26,0.763156,73,1
E3-Strict-p030,19.8632,34,34,RLPolicy,0,0,0,0,1.20397,1,0.601421,10,10,0.579978,73,1
E3-Strict-p030,19.8791,58,126,RLPolicy,1,1,0.0451734,1.08091,1.20397,4,1.0527,52,65,0.942551,147,0.999385
E3-Strict-p030,19.9719,41,41,RLPolicy,0,0,0,0,1.20397,1,0.645322,37,37,0.629946,147,1
E3-Strict-p030,19.9815,69,69,RLPolicy,0,0,0,0,1.20397,1,1.3592,20,20,1.32882,73,1
E3-Strict-p030,19.9821,42,42,RLPolicy,0,0,0,0,1.20397,1,0.579145,26,26,0.562067,3,1
E3-Strict-p030,20.0119,30,30,RLPolicy,0,0,0,0,1.20397,1,0.968902,14,14,0.946609,149,1
E3-Strict-p030,20.0153,21,21,RLPolicy,0,0,0,0,1.20397,1,0.701434,36,36,0.680971,73,1
E3-Strict-p030,20.0171,24,24,RLPolicy,0,0,0,0,1.20397,1,0.887118,9,9,0.858539,149,1
E3-Strict-p030,20.0191,10,10,RLPolicy,0,0,0,0,1.20397,1,0.579374,3,3,0.558092,73,1
E3-Strict-p030,20.0273,2,2,RLPolicy,0,0,0,0,1.20397,1,0.836672,21,21,0.815481,149,1
E3-Strict-p030,20.0348,4,4,RLPolicy,0,0,0,0,1.20397,1,1.02117,16,16,0.996309,5,1
E3-Strict-p030,20.0396,29,29,RLPolicy,0,0,0,0,1.20397,1,0.81375,21,21,0.778646,149,1
E3-Strict-p030,20.0519,64,64,RLPolicy,0,0,0,0,1.20397,1,0.73111,23,23,0.708499,73,1
E3-Strict-p030,20.1025,75,75,RLPolicy,0,0,0,0,1.20397,1,0.667519,26,26,0.642689,3,1
E3-Strict-p030,20.1207,57,57,RLPolicy,0,0,0,0,1.20397,1,0.717771,10,10,0.69997,149,1
E3-Strict-p030,20.1834,31,31,RLPolicy,0,0,0,0,1.20397,1,0.949642,35,35,0.927793,149,1
E3-Strict-p030,20.2109,33,33,RLPolicy,0,0,0,0,1.20397,1,1.00828,27,27,0.977142,150,1
E3-Strict-p030,20.2357,71,71,RLPolicy,0,0,0,0,1.20397,1,0.743754,2,2,0.72812,150,1
E3-Strict-p030,20.2418,70,70,RLPolicy,0,0,0,0,1.20397,1,0.838356,26,26,0.812671,150,1
E3-Strict-p030,20.3245,23,23,RLPolicy,0,0,0,0,1.20397,1,1.03531,35,35,0.999536,152,1
E3-Strict-p030,20.3289,77,77,RLPolicy,0,0,0,0,1.20397,1,0.830194,27,27,0.790298,77,1
E3-Strict-p030,20.3412,79,79,RLPolicy,0,0,0,0,1.20397,1,0.746277,39,39,0.714453,5,1
E3-Strict-p030,20.3419,32,32,RLPolicy,0,0,0,0,1.20397,1,0.864011,37,37,0.836292,77,1
E3-Strict-p030,20.3441,37,37,RLPolicy,0,0,0,0,1.20397,1,1.93065,5,5,1.89063,152,1
E3-Strict-p030,20.4532,28,28,RLPolicy,0,0,0,0,1.20397,1,0.843266,27,27,0.813005,153,1
E3-Strict-p030,20.4663,72,72,RLPolicy,0,0,0,0,1.20397,1,3.80951,3,3,3.768,153,1
E3-Strict-p030,20.4809,18,18,RLPolicy,0,0,0,0,1.20397,1,0.768363,33,33,0.743157,153,1
E3-Strict-p030,20.5044,6,6,RLPolicy,0,0,0,0,1.20397,1,0.832142,19,19,0.808349,3,1
E3-Strict-p030,20.5148,78,78,RLPolicy,0,0,0,0,1.20397,1,2.80655,25,25,2.74941,154,1
E3-Strict-p030,20.602,47,47,RLPolicy,0,0,0,0,1.20397,1,0.68254,36,36,0.661206,156,1
E3-Strict-p030,20.6026,13,13,RLPolicy,0,0,0,0,1.20397,1,0.605233,21,21,0.590851,79,1
E3-Strict-p030,20.7076,15,15,RLPolicy,0,0,0,0,1.20397,1,0.698435,9,9,0.682073,157,1
E3-Strict-p030,20.71,36,36,RLPolicy,0,0,0,0,1.20397,1,0.989085,19,19,0.966123,79,1
E3-Strict-p030,20.7786,51,51,RLPolicy,0,0,0,0,1.20397,1,0.648366,10,10,0.633567,79,1
E3-Strict-p030,20.7823,88,88,RLPolicy,0,0,0,0,1.20397,1,0.762462,6,6,0.742247,157,1
E3-Strict-p030,20.8131,14,14,RLPolicy,0,0,0,0,1.20397,1,0.660276,6,6,0.645724,157,1
E3-Strict-p030,20.8149,16,16,RLPolicy,0,0,0,0,1.20397,1,0.650405,18,18,0.608904,6,1
E3-Strict-p030,20.8287,9,9,RLPolicy,0,0,0,0,1.20397,1,1.06716,27,27,1.01891,79,1
E3-Strict-p030,20.8439,26,26,RLPolicy,0,0,0,0,1.20397,1,0.939838,4,4,0.91756,157,1
E3-Strict-p030,20.8776,62,62,RLPolicy,0,0,0,0,1.20397,1,0.834795,22,22,0.816638,157,1
E3-Strict-p030,20.9097,80,80,RLPolicy,0,0,0,0,1.20397,1,0.774161,37,37,0.75023,6,1
E3-Strict-p030,20.9654,40,40,RLPolicy,0,0,0,0,1.20397,1,0.694529,20,20,0.678681,162,1
E3-Strict-p030,20.9679,56,56,RLPolicy,0,0,0,0,1.20397,1,0.700294,31,31,0.676777,162,1
E3-Strict-p030,21.0587,20,20,RLPolicy,0,0,0,0,1.20397,1,0.767888,37,37,0.74821,81,0.999385
E3-Strict-p030,21.06,3,3,RLPolicy,0,0,0,0,1.20397,1,0.933696,24,24,0.906643,81,1
E3-Strict-p030,21.0602,19,19,RLPolicy,0,0,0,0,1.20397,1,0.780342,23,23,0.763538,162,1
E3-Strict-p030,21.0895,45,45,RLPolicy,0,0,0,0,1.20397,1,0.849698,3,3,0.833465,162,1
E3-Strict-p030,21.0993,46,157,RLPolicy,1,1,0.0426888,1.08091,1.20397,4,0.843702,85,98,0.740456,81,0.999385
E3-Strict-p030,21.1136,43,43,RLPolicy,0,0,0,0,1.20397,1,0.719922,32,32,0.7015,84,1
E3-Strict-p030,21.1394,12,12,RLPolicy,0,0,0,0,1.20397,1,1.05828,36,36,1.01885,84,0.992338
E3-Strict-p030,21.1454,63,63,RLPolicy,0,0,0,0,1.20397,1,0.788212,7,7,0.772092,164,1
E3-Strict-p030,21.1508,81,81,RLPolicy,0,0,0,0,1.20397,1,0.854924,14,14,0.831574,84,1
E3-Strict-p030,21.1626,25,25,RLPolicy,0,0,0,0,1.20397,1,1.06099,36,36,1.03552,164,1
E3-Strict-p030,21.2053,76,76,RLPolicy,0,0,0,0,1.20397,1,0.981874,39,39,0.957225,165,1
E3-Strict-p030,21.2259,54,54,RLPolicy,0,0,0,0,1.20397,1,0.734031,4,4,0.717666,165,1
E3-Strict-p030,21.2315,38,38,RLPolicy,0,0,0,0,1.20397,1,0.942933,24,24,0.912032,86,1
E3-Strict-p030,21.237,66,66,RLPolicy,0,0,0,0,1.20397,1,0.840285,22,22,0.822605,165,1
E3-Strict-p030,21.242,50,50,RLPolicy,0,0,0,0,1.20397,1,0.75187,36,36,0.733182,86,1
E3-Strict-p030,21.2423,52,52,RLPolicy,0,0,0,0,1.20397,1,0.742633,36,36,0.725714,165,1
E3-Strict-p030,21.2636,39,39,RLPolicy,0,0,0,0,1.20397,1,1.04748,31,31,1.01553,86,1
E3-Strict-p030,21.2872,59,59,RLPolicy,0,0,0,0,1.20397,1,0.883776,29,29,0.860386,165,1
E3-Strict-p030,21.3116,49,49,RLPolicy,0,0,0,0,1.20397,1,0.72307,1,1,0.70763,86,1
E3-Strict-p030,21.317,68,68,RLPolicy,0,0,0,0,1.20397,1,0.719453,19,19,0.703113,86,1
E3-Strict-p030,21.3184,86,86,RLPolicy,0,0,0,0,1.20397,1,1.13725,17,17,1.11754,166,1
E3-Strict-p030,21.3471,1,1,RLPolicy,0,0,0,0,1.20397,1,0.711353,3,3,0.697264,166,1
E3-Strict-p030,21.3654,7,7,RLPolicy,0,0,0,0,1.20397,1,1.07462,31,31,1.05176,166,1
E3-Strict-p030,21.3911,8,8,RLPolicy,0,0,0,0,1.20397,1,0.919008,37,37,0.891403,5,1
E3-Strict-p030,21.416,17,17,RLPolicy,0,0,0,0,1.20397,1,0.953659,29,29,0.931374,168,1
E3-Strict-p030,21.4255,67,67,RLPolicy,0,0,0,0,1.20397,1,0.795739,23,23,0.778923,168,1
E3-Strict-p030,21.4553,94,94,RLPolicy,0,0,0,0,1.20397,1,1.06018,43,43,1.03057,86,1
E3-Strict-p030,21.4573,74,74,RLPolicy,0,0,0,0,1.20397,1,1.00824,24,24,0.976378,86,1
E3-Strict-p030,21.4602,65,65,RLPolicy,0,0,0,0,1.20397,1,0.868582,21,21,0.849738,168,1
E3-Strict-p030,21.4684,61,61,RLPolicy,0,0,0,0,1.20397,1,0.910834,39,39,0.891394,168,1
E3-Strict-p030,21.4817,48,48,RLPolicy,0,0,0,0,1.20397,1,0.848696,37,37,0.828461,86,1
E3-Strict-p030,21.499,99,99,RLPolicy,0,0,0,0,1.20397,1,0.975045,32,32,0.951879,168,1
E3-Strict-p030,21.5034,55,55,RLPolicy,0,0,0,0,1.20397,1,0.638587,16,16,0.623349,86,1
E3-Strict-p030,21.5143,93,93,RLPolicy,0,0,0,0,1.20397,1,1.2492,37,37,1.22093,170,1
E3-Strict-p030,21.5147,53,53,RLPolicy,0,0,0,0,1.20397,1,0.755441,9,9,0.738617,86,1
E3-Strict-p030,21.5226,44,44,RLPolicy,0,0,0,0,1.20397,1,1.20927,26,26,1.17276,170,1
E3-Strict-p030,21.5304,0,0,RLPolicy,0,0,0,0,1.20397,1,0.753732,31,31,0.737031,170,1
E3-Strict-p030,21.547,91,91,RLPolicy,0,0,0,0,1.20397,1,0.974644,23,23,0.948154,170,1
E3-Strict-p030,21.6516,89,89,RLPolicy,0,0,0,0,1.20397,1,1.47253,20,20,1.43068,87,1
E3-Strict-p030,21.6757,83,83,RLPolicy,0,0,0,0,1.20397,1,0.935032,37,37,0.91178,170,1
E3-Strict-p030,21.6803,60,60,RLPolicy,0,0,0,0,1.20397,1,0.763023,9,9,0.744783,87,1
E3-Strict-p030,21.6846,102,102,RLPolicy,0,0,0,0,1.20397,1,0.855866,8,8,0.834364,87,1
E3-Strict-p030,21.6869,35,35,RLPolicy,0,0,0,0,1.20397,1,1.10698,20,20,1.0306,170,1
E3-Strict-p030,21.6944,96,96,RLPolicy,0,0,0,0,1.20397,1,1.05282,14,14,0.887695,170,1
E3-Strict-p030,21.7018,11,11,RLPolicy,0,0,0,0,1.20397,1,0.924252,4,4,0.905812,170,1
E3-Strict-p030,21.7398,27,27,RLPolicy,0,0,0,0,1.20397,1,0.835999,45,45,0.811134,87,1
E3-Strict-p030,21.7683,73,73,RLPolicy,0,0,0,0,1.20397,1,1.35716,42,42,1.30503,170,1
E3-Strict-p030,21.7693,82,82,RLPolicy,0,0,0,0,1.20397,1,0.979238,46,46,0.954294,170,1
E3-Strict-p030,21.8206,98,98,RLPolicy,0,0,0,0,1.20397,1,0.919123,11,11,0.893202,88,1
E3-Strict-p030,21.8236,5,270,RLPolicy,1,1,0.0314432,0.693147,1.20397,3,0.808838,65,83,0.738864,88,0.993365
E3-Strict-p030,21.8346,92,92,RLPolicy,0,0,0,0,1.20397,1,1.08627,5,5,1.06263,171,1
E3-Strict-p030,21.8562,22,22,RLPolicy,0,0,0,0,1.20397,1,0.781853,33,33,0.763514,88,1
E3-Strict-p030,21.8632,34,34,RLPolicy,0,0,0,0,1.20397,1,1.20195,15,15,1.16534,88,1
E3-Strict-p030,21.8791,58,58,RLPolicy,0,0,0,0,1.20397,1,0.84272,29,29,0.8205,5,0.999385
E3-Strict-p030,21.9719,41,41,RLPolicy,0,0,0,0,1.20397,1,1.28677,42,42,1.23683,171,1
E3-Strict-p030,21.9815,69,69,RLPolicy,0,0,0,0,1.20397,1,1.42736,27,27,1.38008,171,1
E3-Strict-p030,21.9821,42,42,RLPolicy,0,0,0,0,1.20397,1,1.23273,28,28,1.19961,171,1
E3-Strict-p030,22.0119,30,30,RLPolicy,0,0,0,0,1.20397,1,0.843419,15,15,0.818812,88,1
E3-Strict-p030,22.0153,21,66,RLPolicy,1,1,0.0377674,0.775531,1.20397,4,0.894269,89,107,0.765074,172,0.997858
E3-Strict-p030,22.0171,24,24,RLPolicy,0,0,0,0,1.20397,1,1.50294,9,9,1.47651,88,1
E3-Strict-p030,22.0191,10,10,RLPolicy,0,0,0,0,1.20397,1,1.86463,4,4,1.82754,172,1
E3-Strict-p030,22.0273,2,2,RLPolicy,0,0,0,0,1.20397,1,0.87902,23,23,0.85687,172,1
E3-Strict-p030,22.0348,4,4,RLPolicy,0,0,0,0,1.20397,1,0.840301,19,19,0.815642,172,1
E3-Strict-p030,22.0396,29,29,RLPolicy,0,0,0,0,1.20397,1,0.953743,22,22,0.913415,172,1
E3-Strict-p030,22.0519,64,64,RLPolicy,0,0,0,0,1.20397,1,0.903108,27,27,0.88082,88,1
E3-Strict-p030,22.1025,75,75,RLPolicy,0,0,0,0,1.20397,1,1.00667,32,32,0.975035,89,1
E3-Strict-p030,22.1207,57,57,RLPolicy,0,0,0,0,1.20397,1,1.05363,10,10,1.02458,89,1
E3-Strict-p030,22.1793,110,110,RLPolicy,0,0,0,0,1.20397,1,1.06757,11,11,0.95016,89,1
E3-Strict-p030,22.1834,31,31,RLPolicy,0,0,0,0,1.20397,1,1.1897,40,40,1.16223,174,1
E3-Strict-p030,22.2109,33,33,RLPolicy,0,0,0,0,1.20397,1,0.977333,32,32,0.957513,174,1
E3-Strict-p030,22.2357,71,71,RLPolicy,0,0,0,0,1.20397,1,0.776958,1,1,0.759193,90,1
E3-Strict-p030,22.2418,70,70,RLPolicy,0,0,0,0,1.20397,1,0.96125,32,32,0.930303,174,1
E3-Strict-p030,22.2636,84,84,RLPolicy,0,0,0,0,1.20397,1,1.1399,34,34,1.11535,174,1
E3-Strict-p030,22.302,87,87,RLPolicy,0,0,0,0,1.20397,1,0.974885,34,34,0.952676,174,1
E3-Strict-p030,22.3166,104,262,RLPolicy,1,1,0.0497739,0.693147,1.20397,3,1.45074,63,68,1.30463,174,0.997446
E3-Strict-p030,22.3245,23,23,RLPolicy,0,0,0,0,1.20397,1,0.866042,44,44,0.847186,174,1
E3-Strict-p030,22.3289,77,77,RLPolicy,0,0,0,0,1.20397,1,0.898649,30,30,0.877678,90,1
E3-Strict-p030,22.3412,79,79,RLPolicy,0,0,0,0,1.20397,1,0.900802,39,39,0.877997,6,1
E3-Strict-p030,22.3419,32,32,RLPolicy,0,0,0,0,1.20397,1,0.954241,45,45,0.935385,174,1
E3-Strict-p030,22.3441,37,37,RLPolicy,0,0,0,0,1.20397,1,0.908164,4,4,0.890231,174,1
E3-Strict-p030,22.4532,28,28,RLPolicy,0,0,0,0,1.20397,1,1.24877,39,39,1.2201,174,1
E3-Strict-p030,22.4663,72,72,RLPolicy,0,0,0,0,1.20397,1,0.862635,2,2,0.845031,174,1
E3-Strict-p030,22.4806,85,85,RLPolicy,0,0,0,0,1.20397,1,0.903396,3,3,0.869873,5,1
E3-Strict-p030,22.4809,18,18,RLPolicy,0,0,0,0,1.20397,1,1.51775,41,41,1.47277,174,1
E3-Strict-p030,22.5044,6,6,RLPolicy,0,0,0,0,1.20397,1,1.01705,24,24,0.992785,176,1
E3-Strict-p030,22.5148,78,78,RLPolicy,0,0,0,0,1.20397,1,0.886278,29,29,0.867641,176,1
E3-Strict-p030,22.602,47,47,RLPolicy,0,0,0,0,1.20397,1,1.09482,47,47,1.0629,177,1
E3-Strict-p030,22.6026,13,13,RLPolicy,0,0,0,0,1.20397,1,1.14662,28,28,1.11821,92,1
E3-Strict-p030,22.6161,100,100,RLPolicy,0,0,0,0,1.20397,1,2.36464,24,24,2.28654,177,1
E3-Strict-p030,22.6323,97,97,RLPolicy,0,0,0,0,1.20397,1,1.01555,16,16,0.937513,92,1
E3-Strict-p030,22.6379,95,95,RLPolicy,0,0,0,0,1.20397,1,1.01608,31,31,0.989932,2,1
E3-Strict-p030,22.6521,90,202,RLPolicy,1,1,0.0465496,0.693147,1.20397,3,1.06643,72,81,0.959082,92,0.997446
E3-Strict-p030,22.6751,122,122,RLPolicy,0,0,0,0,1.20397,1,1.0649,33,33,1.02511,92,1
E3-Strict-p030,22.7076,15,15,RLPolicy,0,0,0,0,1.20397,1,1.2991,9,9,1.27024,179,1
E3-Strict-p030,22.71,36,36,RLPolicy,0,0,0,0,1.20397,1,0.929498,17,17,0.909783,92,1
E3-Strict-p030,22.7786,51,51,RLPolicy,0,0,0,0,1.20397,1,1.39827,8,8,1.36667,179,1
E3-Strict-p030,22.7823,88,88,RLPolicy,0,0,0,0,1.20397,1,1.0524,9,9,1.02959,179,1
E3-Strict-p030,22.7889,121,121,RLPolicy,0,0,0,0,1.20397,1,1.1557,3,3,1.12509,179,1
E3-Strict-p030,22.7959,101,101,RLPolicy,0,0,0,0,1.20397,1,1.13845,31,31,1.10727,92,1
E3-Strict-p030,22.8131,14,14,RLPolicy,0,0,0,0,1.20397,1,1.09014,7,7,1.06393,180,1
E3-Strict-p030,22.8149,16,16,RLPolicy,0,0,0,0,1.20397,1,1.10178,20,20,1.07754,180,1
E3-Strict-p030,22.8287,9,9,RLPolicy,0,0,0,0,1.20397,1,1.06542,34,34,1.04066,93,1
E3-Strict-p030,22.8439,26,26,RLPolicy,0,0,0,0,1.20397,1,0.96718,4,4,0.944207,93,1
E3-Strict-p030,22.8776,62,62,RLPolicy,0,0,0,0,1.20397,1,1.24882,24,24,1.20445,5,1
E3-Strict-p030,22.9097,80,80,RLPolicy,0,0,0,0,1.20397,1,1.2277,46,46,1.17783,180,1
E3-Strict-p030,22.9654,40,40,RLPolicy,0,0,0,0,1.20397,1,1.22674,24,24,1.19444,180,1
E3-Strict-p030,22.9679,56,56,RLPolicy,0,0,0,0,1.20397,1,1.26022,35,35,1.22277,5,1
E3-Strict-p030,22.978,117,117,RLPolicy,0,0,0,0,1.20397,1,4.36454,35,35,4.24509,6,1
E3-Strict-p030,23.0358,116,274,RLPolicy,1,1,0.0546565,0.693147,1.20397,3,1.33942,54,56,1.23387,180,0.997446
E3-Strict-p030,23.0587,20,20,RLPolicy,0,0,0,0,1.20397,1,1.38994,43,43,1.3274,94,0.999385
E3-Strict-p030,23.06,3,3,RLPolicy,0,0,0,0,1.20397,1,1.25355,26,26,1.19043,3,1
E3-Strict-p030,23.0602,19,19,RLPolicy,0,0,0,0,1.20397,1,1.21027,28,28,1.18236,94,1
E3-Strict-p030,23.0895,45,45,RLPolicy,0,0,0,0,1.20397,1,1.34211,4,4,1.31274,180,1
E3-Strict-p030,23.092,111,111,RLPolicy,0,0,0,0,1.20397,1,1.1262,37,37,1.09834,180,1
E3-Strict-p030,23.0993,46,47,RLPolicy,1,1,0.0387301,0.693147,1.20397,3,1.23212,60,76,1.13267,94,0.996831
E3-Strict-p030,23.1136,43,43,RLPolicy,0,0,0,0,1.20397,1,1.11171,38,38,1.07734,94,1
E3-Strict-p030,23.1394,12,12,RLPolicy,0,0,0,0,1.20397,1,0.923263,46,46,0.896197,94,0.992338
E3-Strict-p030,23.1454,63,63,RLPolicy,0,0,0,0,1.20397,1,3.73628,9,9,3.71038,94,1
E3-Strict-p030,23.1508,81,81,RLPolicy,0,0,0,0,1.20397,1,0.862272,12,12,0.843811,94,1
E3-Strict-p030,23.1626,25,25,RLPolicy,0,0,0,0,1.20397,1,1.18478,39,39,1.15437,181,1
E3-Strict-p030,23.1995,103,103,RLPolicy,0,0,0,0,1.20397,1,1.09775,44,44,1.06841,181,1
E3-Strict-p030,23.2047,105,105,RLPolicy,0,0,0,0,1.20397,1,1.1347,34,34,1.0895,94,1
E3-Strict-p030,23.2053,76,76,RLPolicy,0,0,0,0,1.20397,1,1.00251,44,44,0.94585,94,1
E3-Strict-p030,23.2063,107,262,RLPolicy,1,1,0.0527782,0.693147,1.20397,3,1.30809,68,73,1.19316,182,0.997446
E3-Strict-p030,23.2218,112,112,RLPolicy,0,0,0,0,1.20397,1,1.23064,42,42,1.19437,94,1
E3-Strict-p030,23.2259,54,54,RLPolicy,0,0,0,0,1.20397,1,1.36679,5,5,1.32278,182,1
E3-Strict-p030,23.2315,38,38,RLPolicy,0,0,0,0,1.20397,1,0.947822,27,27,0.922771,94,1
E3-Strict-p030,23.237,66,66,RLPolicy,0,0,0,0,1.20397,1,1.18574,24,24,1.15858,182,1
E3-Strict-p030,23.242,50,50,RLPolicy,0,0,0,0,1.20397,1,1.22301,39,39,1.18571,94,1
E3-Strict-p030,23.2423,52,52,RLPolicy,0,0,0,0,1.20397,1,1.42927,39,39,1.38705,182,1
E3-Strict-p030,23.247,114,114,RLPolicy,0,0,0,0,1.20397,1,1.89707,2,2,1.85734,182,1
E3-Strict-p030,23.2636,39,39,RLPolicy,0,0,0,0,1.20397,1,1.13515,33,33,1.10665,182,1
E3-Strict-p030,23.2786,120,120,RLPolicy,0,0,0,0,1.20397,1,1.13664,2,2,1.11068,182,1
E3-Strict-p030,23.2872,59,59,RLPolicy,0,0,0,0,1.20397,1,1.42714,25,25,1.38811,182,1
E3-Strict-p030,23.3116,49,49,RLPolicy,0,0,0,0,1.20397,1,1.4225,1,1,1.38763,94,1
E3-Strict-p030,23.317,68,68,RLPolicy,0,0,0,0,1.20397,1,1.55228,15,15,1.50518,6,1
E3-Strict-p030,23.3184,86,86,RLPolicy,0,0,0,0,1.20397,1,0.888911,12,12,0.871117,182,1
E3-Strict-p030,23.3234,109,109,RLPolicy,0,0,0,0,1.20397,1,1.03117,8,8,1.0059,6,1
E3-Strict-p030,23.3471,1,1,RLPolicy,0,0,0,0,1.20397,1,1.03962,4,4,1.01207,6,1
E3-Strict-p030,23.3654,7,7,RLPolicy,0,0,0,0,1.20397,1,0.962861,30,30,0.943536,182,1
E3-Strict-p030,23.3911,8,8,RLPolicy,0,0,0,0,1.20397,1,0.966454,37,37,0.945098,182,1
E3-Strict-p030,23.416,17,17,RLPolicy,0,0,0,0,1.20397,1,1.45597,34,34,1.42212,188,1
E3-Strict-p030,23.4255,67,67,RLPolicy,0,0,0,0,1.20397,1,1.37499,24,24,1.33467,188,1
E3-Strict-p030,23.4553,94,94,RLPolicy,0,0,0,0,1.20397,1,0.918628,48,48,0.88594,1,1
E3-Strict-p030,23.4573,74,74,RLPolicy,0,0,0,0,1.20397,1,1.14571,26,26,1.11993,95,1
E3-Strict-p030,23.4602,65,65,RLPolicy,0,0,0,0,1.20397,1,1.3358,21,21,1.30698,2,1
E3-Strict-p030,23.4684,61,61,RLPolicy,0,0,0,0,1.20397,1,1.35188,42,42,1.32063,188,1
E3-Strict-p030,23.4817,48,48,RLPolicy,0,0,0,0,1.20397,1,1.2525,42,42,1.21006,95,1
E3-Strict-p030,23.499,99,99,RLPolicy,0,0,0,0,1.20397,1,1.1444,34,34,1.12001,188,1
E3-Strict-p030,23.5034,55,55,RLPolicy,0,0,0,0,1.20397,1,1.30345,17,17,1.27204,189,1
E3-Strict-p030,23.5143,93,93,RLPolicy,0,0,0,0,1.20397,1,1.09161,44,44,1.05471,189,1
E3-Strict-p030,23.5147,53,53,RLPolicy,0,0,0,0,1.20397,1,1.13534,10,10,1.06406,6,1
E3-Strict-p030,23.5196,113,257,RLPolicy,1,1,0.0548661,0.693147,1.20397,3,1.47819,74,77,1.34078,189,0.997446
E3-Strict-p030,23.5226,44,44,RLPolicy,0,0,0,0,1.20397,1,1.02788,29,29,1.00387,189,1
E3-Strict-p030,23.5304,0,0,RLPolicy,0,0,0,0,1.20397,1,2.18566,37,37,2.09692,189,1
E3-Strict-p030,23.5349,124,124,RLPolicy,0,0,0,0,1.20397,1,1.15819,50,50,1.12742,189,1
E3-Strict-p030,23.547,91,91,RLPolicy,0,0,0,0,1.20397,1,0.955673,24,24,0.936794,189,1
E3-Strict-p030,23.5606,115,115,RLPolicy,0,0,0,0,1.20397,1,1.16546,47,47,1.13206,95,1
E3-Strict-p030,23.5775,118,118,RLPolicy,0,0,0,0,1.20397,1,1.15892,17,17,1.12898,95,1
E3-Strict-p030,23.5875,127,127,RLPolicy,0,0,0,0,1.20397,1,1.43959,6,6,1.41666,189,1
E3-Strict-p030,23.6516,89,89,RLPolicy,0,0,0,0,1.20397,1,0.90295,25,25,0.883592,95,1
E3-Strict-p030,23.6757,83,83,RLPolicy,0,0,0,0,1.20397,1,1.15782,39,39,1.10982,192,1
E3-Strict-p030,23.6803,60,60,RLPolicy,0,0,0,0,1.20397,1,1.42833,10,10,1.39985,192,1
E3-Strict-p030,23.6846,102,102,RLPolicy,0,0,0,0,1.20397,1,1.10133,9,9,1.07486,192,1
E3-Strict-p030,23.6869,35,35,RLPolicy,0,0,0,0,1.20397,1,1.16334,19,19,1.14294,192,1
E3-Strict-p030,23.6944,96,96,RLPolicy,0,0,0,0,1.20397,1,1.07795,18,18,1.04109,192,1
E3-Strict-p030,23.7018,11,11,RLPolicy,0,0,0,0,1.20397,1,0.924062,5,5,0.903969,96,1
E3-Strict-p030,23.7179,126,126,RLPolicy,0,0,0,0,1.20397,1,1.78572,24,24,1.75185,96,1
E3-Strict-p030,23.7331,108,108,RLPolicy,0,0,0,0,1.20397,1,1.64948,36,36,1.61809,193,1
E3-Strict-p030,23.7398,27,27,RLPolicy,0,0,0,0,1.20397,1,1.66257,49,49,1.58325,96,1
E3-Strict-p030,23.7501,106,106,RLPolicy,0,0,0,0,1.20397,1,1.64938,31,31,1.61281,96,1
E3-Strict-p030,23.7683,73,73,RLPolicy,0,0,0,0,1.20397,1,1.03648,47,47,1.00677,96,1
E3-Strict-p030,23.7693,82,222,RLPolicy,1,1,0.0414186,0.693147,1.20397,3,1.0878,65,72,1.00336,193,0.997446
E3-Strict-p030,23.7745,123,123,RLPolicy,0,0,0,0,1.20397,1,1.39575,48,48,1.3616,193,1
E3-Strict-p030,23.7909,131,131,RLPolicy,0,0,0,0,1.20397,1,1.05497,11,11,1.03223,96,1
E3-Strict-p030,23.8206,98,98,RLPolicy,0,0,0,0,1.20397,1,1.03997,10,10,1.01707,195,1
E3-Strict-p030,23.8236,5,5,RLPolicy,0,0,0,0,1.20397,1,1.31367,47,47,1.27817,195,0.993365
E3-Strict-p030,23.8346,92,92,RLPolicy,0,0,0,0,1.20397,1,1.08621,6,6,1.05169,195,1
E3-Strict-p030,23.8393,128,128,RLPolicy,0,0,0,0,1.20397,1,1.18501,40,40,1.14665,96,1
E3-Strict-p030,23.8562,22,22,RLPolicy,0,0,0,0,1.20397,1,1.48958,37,37,1.44095,96,1
E3-Strict-p030,23.8632,34,34,RLPolicy,0,0,0,0,1.20397,1,1.07687,20,20,1.05304,96,1
E3-Strict-p030,23.8791,58,58,RLPolicy,0,0,0,0,1.20397,1,1.26632,39,39,1.23089,3,0.999385
E3-Strict-p030,23.9719,41,41,RLPolicy,0,0,0,0,1.20397,1,1.87675,48,48,1.84741,197,1
E3-Strict-p030,23.9815,69,69,RLPolicy,0,0,0,0,1.20397,1,3.40676,29,29,3.33217,197,1
E3-Strict-p030,23.9821,42,42,RLPolicy,0,0,0,0,1.20397,1,1.0317,15,15,1.01355,197,1
E3-Strict-p030,24.0119,30,30,RLPolicy,0,0,0,0,1.20397,1,1.31646,13,13,1.28569,198,1
E3-Strict-p030,24.0153,21,21,RLPolicy,0,0,0,0,1.20397,1,1.61133,39,39,1.54313,198,0.997858
E3-Strict-p030,24.0171,24,24,RLPolicy,0,0,0,0,1.20397,1,1.27528,8,8,1.2437,96,1
E3-Strict-p030,24.0191,10,10,RLPolicy,0,0,0,0,1.20397,1,1.05489,4,4,1.02741,96,1
E3-Strict-p030,24.0273,2,2,RLPolicy,0,0,0,0,1.20397,1,1.42946,26,26,1.39587,198,1
E3-Strict-p030,24.0348,4,4,RLPolicy,0,0,0,0,1.20397,1,1.31962,20,20,1.29089,198,1
E3-Strict-p030,24.0396,29,29,RLPolicy,0,0,0,0,1.20397,1,1.50768,22,22,1.43776,198,1
E3-Strict-p030,24.0519,64,64,RLPolicy,0,0,0,0,1.20397,1,1.49804,32,32,1.45782,198,1
E3-Strict-p030,24.0581,139,139,RLPolicy,0,0,0,0,1.20397,1,1.22825,30,30,1.19854,198,1
E3-Strict-p030,24.0981,129,129,RLPolicy,0,0,0,0,1.20397,1,1.31644,33,33,1.28103,198,1
E3-Strict-p030,24.1025,75,75,RLPolicy,0,0,0,0,1.20397,1,1.83017,37,37,1.79404,97,1
E3-Strict-p030,24.1207,57,57,RLPolicy,0,0,0,0,1.20397,1,2.75904,11,11,2.72074,198,1
E3-Strict-p030,24.1691,130,130,RLPolicy,0,0,0,0,1.20397,1,1.19197,22,22,1.1624,97,1
E3-Strict-p030,24.1793,110,110,RLPolicy,0,0,0,0,1.20397,1,1.15417,13,13,1.12766,97,1
E3-Strict-p030,24.1834,31,31,RLPolicy,0,0,0,0,1.20397,1,1.28236,44,44,1.25443,198,1
E3-Strict-p030,24.2109,33,33,RLPolicy,0,0,0,0,1.20397,1,1.75184,32,32,1.72214,199,1
E3-Strict-p030,24.2357,71,71,RLPolicy,0,0,0,0,1.20397,1,1.22964,2,2,1.19963,97,1
E3-Strict-p030,24.2418,70,70,RLPolicy,0,0,0,0,1.20397,1,1.48678,36,36,1.4511,199,1
E3-Strict-p030,24.2538,125,125,RLPolicy,0,0,0,0,1.20397,1,1.47136,34,34,1.44634,97,1
E3-Strict-p030,24.2636,84,84,RLPolicy,0,0,0,0,1.20397,1,1.12487,37,37,1.10121,199,1
E3-Strict-p030,24.302,87,89,RLPolicy,1,1,0.0365739,0.693147,1.20397,3,1.11152,72,85,0.983732,200,0.997446
E3-Strict-p030,24.3166,104,104,RLPolicy,0,0,0,0,1.20397,1,0.971134,30,30,0.947518,6,0.997446
E3-Strict-p030,24.3245,23,23,RLPolicy,0,0,0,0,1.20397,1,1.5366,49,49,1.49016,200,1
E3-Strict-p030,24.3289,77,77,RLPolicy,0,0,0,0,1.20397,1,1.51627,34,34,1.48415,97,1
E3-Strict-p030,24.3412,79,243,RLPolicy,1,1,0.0388495,0.693147,1.20397,3,1.57575,89,96,1.24737,97,0.997446
E3-Strict-p030,24.3419,32,32,RLPolicy,0,0,0,0,1.20397,1,1.05775,47,47,1.01946,2,1
E3-Strict-p030,24.3441,37,37,RLPolicy,0,0,0,0,1.20397,1,1.91338,5,5,1.87516,200,1
E3-Strict-p030,24.4532,28,225,RLPolicy,1,1,0.0378659,0.693147,1.20397,3,1.54752,55,89,1.40541,97,0.997446
E3-Strict-p030,24.4663,72,72,RLPolicy,0,0,0,0,1.20397,1,1.31059,1,1,1.28511,201,1
E3-Strict-p030,24.4806,85,85,RLPolicy,0,0,0,0,1.20397,1,1.53565,3,3,1.49421,201,1
E3-Strict-p030,24.4809,18,18,RLPolicy,0,0,0,0,1.20397,1,1.02677,44,44,0.994166,201,1
E3-Strict-p030,24.4816,132,132,RLPolicy,0,0,0,0,1.20397,1,1.55137,5,5,1.52269,97,1
E3-Strict-p030,24.5044,6,6,RLPolicy,0,0,0,0,1.20397,1,1.03452,27,27,1.00925,3,1
E3-Strict-p030,24.5125,142,142,RLPolicy,0,0,0,0,1.20397,1,1.62638,43,43,1.54643,202,1
E3-Strict-p030,24.5148,78,78,RLPolicy,0,0,0,0,1.20397,1,1.33054,31,31,1.29844,202,1
E3-Strict-p030,24.5684,119,119,RLPolicy,0,0,0,0,1.20397,1,1.27608,46,46,1.24202,202,1
E3-Strict-p030,24.602,47,47,RLPolicy,0,0,0,0,1.20397,1,0.9907,53,53,0.959567,6,1
E3-Strict-p030,24.6026,13,13,RLPolicy,0,0,0,0,1.20397,1,1.15999,37,37,1.13823,98,1
E3-Strict-p030,24.6161,100,100,RLPolicy,0,0,0,0,1.20397,1,1.08716,26,26,1.06227,202,1
E3-Strict-p030,24.6323,97,97,RLPolicy,0,0,0,0,1.20397,1,1.51759,22,22,1.49191,98,1
E3-Strict-p030,24.6379,95,95,RLPolicy,0,0,0,0,1.20397,1,1.00343,33,33,0.976201,6,1
E3-Strict-p030,24.6521,90,90,RLPolicy,0,0,0,0,1.20397,1,1.15155,31,31,1.12775,202,0.997446
E3-Strict-p030,24.6751,122,122,RLPolicy,0,0,0,0,1.20397,1,1.31099,35,35,1.27089,202,1
E3-Strict-p030,24.7003,140,140,RLPolicy,0,0,0,0,1.20397,1,1.05994,45,45,1.03327,203,1
E3-Strict-p030,24.7076,15,15,RLPolicy,0,0,0,0,1.20397,1,1.10602,12,12,1.08526,203,1
E3-Strict-p030,24.71,36,36,RLPolicy,0,0,0,0,1.20397,1,1.35956,12,12,1.33352,100,1
E3-Strict-p030,24.7118,137,137,RLPolicy,0,0,0,0,1.20397,1,1.17921,29,29,1.15042,100,1
E3-Strict-p030,24.7297,134,134,RLPolicy,0,0,0,0,1.20397,1,1.07109,1,1,1.04935,203,1
E3-Strict-p030,24.7364,141,141,RLPolicy,0,0,0,0,1.20397,1,1.42875,44,44,1.39605,203,1
E3-Strict-p030,24.7643,135,135,RLPolicy,0,0,0,0,1.20397,1,1.47581,29,29,1.43746,203,1
E3-Strict-p030,24.7786,51,51,RLPolicy,0,0,0,0,1.20397,1,1.02232,10,10,0.997985,3,1
E3-Strict-p030,24.7823,88,88,RLPolicy,0,0,0,0,1.20397,1,1.5644,9,9,1.53779,100,1
E3-Strict-p030,24.7889,121,121,RLPolicy,0,0,0,0,1.20397,1,0.961771,3,3,0.942378,100,1
E3-Strict-p030,24.7959,101,101,RLPolicy,0,0,0,0,1.20397,1,0.984364,34,34,0.963407,100,1
E3-Strict-p030,24.8131,14,14,RLPolicy,0,0,0,0,1.20397,1,0.982668,9,9,0.963774,203,1
E3-Strict-p030,24.8149,16,16,RLPolicy,0,0,0,0,1.20397,1,1.12087,22,22,1.09432,203,1
E3-Strict-p030,24.8287,9,9,RLPolicy,0,0,0,0,1.20397,1,1.5622,35,35,1.52886,203,1
E3-Strict-p030,24.8439,26,26,RLPolicy,0,0,0,0,1.20397,1,1.68118,5,5,1.62868,203,1
E3-Strict-p030,24.8776,62,62,RLPolicy,0,0,0,0,1.20397,1,1.23285,23,23,1.20497,203,1
E3-Strict-p030,24.9097,80,80,RLPolicy,0,0,0,0,1.20397,1,1.45447,54,54,1.40809,6,1
E3-Strict-p030,24.9569,149,149,RLPolicy,0,0,0,0,1.20397,1,1.48793,37,37,1.44941,205,1
E3-Strict-p030,24.9654,40,40,RLPolicy,0,0,0,0,1.20397,1,1.15795,24,24,1.13573,205,1
E3-Strict-p030,24.9679,56,56,RLPolicy,0,0,0,0,1.20397,1,1.04083,45,45,1.01945,205,1
E3-Strict-p030,24.978,117,117,RLPolicy,0,0,0,0,1.20397,1,1.123,38,38,1.09916,103,1
E3-Strict-p030,25.0259,150,150,RLPolicy,0,0,0,0,1.20397,1,1.42741,30,30,1.38258,205,1
E3-Strict-p030,25.0358,116,116,RLPolicy,0,0,0,0,1.20397,1,1.11915,35,35,1.09088,205,0.997446
E3-Strict-p030,25.0587,20,20,RLPolicy,0,0,0,0,1.20397,1,1.14694,45,45,1.1102,205,0.999385
E3-Strict-p030,25.06,3,3,RLPolicy,0,0,0,0,1.20397,1,1.56908,28,28,1.52708,107,1
E3-Strict-p030,25.0602,19,19,RLPolicy,0,0,0,0,1.20397,1,2.08369,31,31,2.04091,205,1
E3-Strict-p030,25.0895,45,45,RLPolicy,0,0,0,0,1.20397,1,1.06475,5,5,1.04199,205,1
E3-Strict-p030,25.092,111,111,RLPolicy,0,0,0,0,1.20397,1,1.10619,42,42,1.08387,205,1
E3-Strict-p030,25.0993,46,46,RLPolicy,0,0,0,0,1.20397,1,1.14037,32,32,1.11511,205,0.996831
E3-Strict-p030,25.1136,43,43,RLPolicy,0,0,0,0,1.20397,1,1.07693,45,45,1.05326,107,1
E3-Strict-p030,25.1314,145,145,RLPolicy,0,0,0,0,1.20397,1,1.27584,52,52,1.24154,205,1
E3-Strict-p030,25.1394,12,12,RLPolicy,0,0,0,0,1.20397,1,2.06108,51,51,1.97604,107,0.992338
E3-Strict-p030,25.1454,63,63,RLPolicy,0,0,0,0,1.20397,1,1.1348,10,10,1.11383,205,1
E3-Strict-p030,25.1508,81,81,RLPolicy,0,0,0,0,1.20397,1,1.49426,12,12,1.42107,107,1
E3-Strict-p030,25.1626,25,314,RLPolicy,1,1,0.0351417,1.08091,1.20397,4,1.89946,106,110,1.70988,205,0.999385
E3-Strict-p030,25.1995,103,103,RLPolicy,0,0,0,0,1.20397,1,1.17537,48,48,1.14378,205,1
E3-Strict-p030,25.2047,105,105,RLPolicy,0,0,0,0,1.20397,1,0.978498,39,39,0.958279,208,1
E3-Strict-p030,25.2053,76,76,RLPolicy,0,0,0,0,1.20397,1,1.11003,50,50,1.08291,107,1
E3-Strict-p030,25.2063,107,168,RLPolicy,1,1,0.0431496,0.693147,1.20397,3,1.28281,62,70,1.17047,208,0.994892
E3-Strict-p030,25.2211,147,147,RLPolicy,0,0,0,0,1.20397,1,1.35835,33,33,1.30685,208,1
E3-Strict-p030,25.2218,112,112,RLPolicy,0,0,0,0,1.20397,1,1.38659,49,49,1.35835,107,1
E3-Strict-p030,25.2259,54,54,RLPolicy,0,0,0,0,1.20397,1,0.986799,5,5,0.967922,107,1
E3-Strict-p030,25.2315,38,38,RLPolicy,0,0,0,0,1.20397,1,1.40068,30,30,1.36452,107,1
E3-Strict-p030,25.237,66,66,RLPolicy,0,0,0,0,1.20397,1,0.992171,26,26,0.957193,6,1
E3-Strict-p030,25.242,50,50,RLPolicy,0,0,0,0,1.20397,1,1.12859,39,39,1.09738,6,1
E3-Strict-p030,25.2423,52,52,RLPolicy,0,0,0,0,1.20397,1,1.32359,43,43,1.29301,208,1
E3-Strict-p030,25.247,114,114,RLPolicy,0,0,0,0,1.20397,1,1.07515,2,2,1.04455,107,1
E3-Strict-p030,25.2636,39,39,RLPolicy,0,0,0,0,1.20397,1,1.67212,37,37,1.6298,208,1
E3-Strict-p030,25.2692,152,152,RLPolicy,0,0,0,0,1.20397,1,1.25117,19,19,1.22431,208,1
E3-Strict-p030,25.2786,120,120,RLPolicy,0,0,0,0,1.20397,1,1.57787,3,3,1.54881,208,1
E3-Strict-p030,25.2872,59,47,RLPolicy,1,1,0.0367347,0.693147,1.20397,3,1.17634,59,70,1.07576,107,0.997446
E3-Strict-p030,25.3116,49,49,RLPolicy,0,0,0,0,1.20397,1,0.976376,4,4,0.956792,208,1
E3-Strict-p030,25.317,68,68,RLPolicy,0,0,0,0,1.20397,1,1.0894,11,11,1.06848,208,1
E3-Strict-p030,25.3184,86,86,RLPolicy,0,0,0,0,1.20397,1,1.29879,9,9,1.25901,3,1
E3-Strict-p030,25.3234,109,109,RLPolicy,0,0,0,0,1.20397,1,1.08042,9,9,1.06048,208,1
E3-Strict-p030,25.3471,1,1,RLPolicy,0,0,0,0,1.20397,1,0.980118,6,6,0.961023,108,1
E3-Strict-p030,25.3654,7,7,RLPolicy,0,0,0,0,1.20397,1,1.44068,34,34,1.40667,108,1
E3-Strict-p030,25.3911,8,8,RLPolicy,0,0,0,0,1.20397,1,2.22995,41,41,2.19901,208,1
E3-Strict-p030,25.4006,151,151,RLPolicy,0,0,0,0,1.20397,1,1.22826,38,38,1.19579,211,1
E3-Strict-p030,25.416,17,108,RLPolicy,1,1,0.0355837,0.775531,1.20397,4,1.44336,106,135,1.18005,108,0.997858
E3-Strict-p030,25.4255,67,67,RLPolicy,0,0,0,0,1.20397,1,1.17246,28,28,1.14981,211,1
E3-Strict-p030,25.4553,94,94,RLPolicy,0,0,0,0,1.20397,1,1.68517,52,52,1.63763,211,1
E3-Strict-p030,25.4573,74,74,RLPolicy,0,0,0,0,1.20397,1,1.64128,32,32,1.60492,108,1
E3-Strict-p030,25.4602,65,65,RLPolicy,0,0,0,0,1.20397,1,1.26926,17,17,1.24348,211,1
E3-Strict-p030,25.4684,61,61,RLPolicy,0,0,0,0,1.20397,1,1.39831,48,48,1.33312,211,1
E3-Strict-p030,25.4817,48,48,RLPolicy,0,0,0,0,1.20397,1,1.14614,48,48,1.12159,6,1
E3-Strict-p030,25.499,99,99,RLPolicy,0,0,0,0,1.20397,1,1.58684,36,36,1.55137,108,1
E3-Strict-p030,25.5034,55,55,RLPolicy,0,0,0,0,1.20397,1,1.03417,16,16,1.00896,110,1
E3-Strict-p030,25.5143,93,93,RLPolicy,0,0,0,0,1.20397,1,1.71827,49,49,1.65566,211,1
E3-Strict-p030,25.5147,53,53,RLPolicy,0,0,0,0,1.20397,1,1.2635,14,14,1.2402,211,1
E3-Strict-p030,25.5196,113,113,RLPolicy,0,0,0,0,1.20397,1,1.17694,30,30,1.15432,211,0.997446
E3-Strict-p030,25.5226,44,44,RLPolicy,0,0,0,0,1.20397,1,1.62777,31,31,1.58775,110,1
E3-Strict-p030,25.5304,0,0,RLPolicy,0,0,0,0,1.20397,1,1.36052,42,42,1.32089,211,1
E3-Strict-p030,25.5349,124,124,RLPolicy,0,0,0,0,1.20397,1,1.42194,63,63,1.38975,211,1
E3-Strict-p030,25.547,91,91,RLPolicy,0,0,0,0,1.20397,1,1.49366,28,28,1.44884,6,1
E3-Strict-p030,25.5606,115,115,RLPolicy,0,0,0,0,1.20397,1,1.23321,50,50,1.20497,110,1
E3-Strict-p030,25.5775,118,118,RLPolicy,0,0,0,0,1.20397,1,1.26446,23,23,1.23538,211,1
E3-Strict-p030,25.5875,127,127,RLPolicy,0,0,0,0,1.20397,1,1.54354,6,6,1.50904,211,1
E3-Strict-p030,25.6262,143,143,RLPolicy,0,0,0,0,1.20397,1,4.32823,5,5,4.29462,212,1
E3-Strict-p030,25.6418,133,73,RLPolicy,1,1,0.0551518,0.693147,1.20397,3,1.49686,72,77,1.39139,212,0.997446
E3-Strict-p030,25.6516,89,89,RLPolicy,0,0,0,0,1.20397,1,1.44349,28,28,1.40661,110,1
E3-Strict-p030,25.6757,83,83,RLPolicy,0,0,0,0,1.20397,1,1.70536,44,44,1.66563,212,1
E3-Strict-p030,25.6803,60,60,RLPolicy,0,0,0,0,1.20397,1,1.31862,10,10,1.29536,212,1
E3-Strict-p030,25.6846,102,102,RLPolicy,0,0,0,0,1.20397,1,1.65676,11,11,1.62217,212,1
E3-Strict-p030,25.6869,35,35,RLPolicy,0,0,0,0,1.20397,1,1.65157,17,17,1.61119,212,1
E3-Strict-p030,25.6944,96,96,RLPolicy,0,0,0,0,1.20397,1,1.69642,35,35,1.63498,212,1
E3-Strict-p030,25.6981,154,154,RLPolicy,0,0,0,0,1.20397,1,1.32566,3,3,1.30153,212,1
E3-Strict-p030,25.7018,11,11,RLPolicy,0,0,0,0,1.20397,1,1.2782,5,5,1.25264,213,1
E3-Strict-p030,25.7179,126,126,RLPolicy,0,0,0,0,1.20397,1,1.48506,26,26,1.45271,213,1
E3-Strict-p030,25.725,136,136,RLPolicy,0,0,0,0,1.20397,1,1.50311,29,29,1.46099,213,1
E3-Strict-p030,25.7331,108,108,RLPolicy,0,0,0,0,1.20397,1,1.33434,47,47,1.30317,213,1
E3-Strict-p030,25.7398,27,27,RLPolicy,0,0,0,0,1.20397,1,1.36644,52,52,1.33941,110,1
E3-Strict-p030,25.7501,106,106,RLPolicy,0,0,0,0,1.20397,1,1.15493,38,38,1.12687,110,1
E3-Strict-p030,25.7683,73,73,RLPolicy,0,0,0,0,1.20397,1,1.83821,53,53,1.78622,110,1
E3-Strict-p030,25.7693,82,82,RLPolicy,0,0,0,0,1.20397,1,2.84912,49,49,2.7898,110,0.997446
E3-Strict-p030,25.7745,123,123,RLPolicy,0,0,0,0,1.20397,1,1.26863,56,56,1.23616,213,1
E3-Strict-p030,25.7909,131,131,RLPolicy,0,0,0,0,1.20397,1,1.38653,15,15,1.35502,213,1
E3-Strict-p030,25.8206,98,98,RLPolicy,0,0,0,0,1.20397,1,1.42615,11,11,1.38735,110,1
E3-Strict-p030,25.8236,5,5,RLPolicy,0,0,0,0,1.20397,1,1.24697,49,49,1.21665,221,0.993365
E3-Strict-p030,25.8346,92,92,RLPolicy,0,0,0,0,1.20397,1,2.33777,7,7,2.29185,221,1
E3-Strict-p030,25.8393,128,128,RLPolicy,0,0,0,0,1.20397,1,1.23158,44,44,1.20505,221,1
E3-Strict-p030,25.8562,22,22,RLPolicy,0,0,0,0,1.20397,1,1.56356,37,37,1.50749,221,1
E3-Strict-p030,25.8632,34,325,RLPolicy,1,1,0.0376417,0.693147,1.20397,3,1.7115,59,79,1.56287,221,0.997446
E3-Strict-p030,25.8635,162,162,RLPolicy,0,0,0,0,1.20397,1,1.37974,55,55,1.34214,221,1
E3-Strict-p030,25.87,138,138,RLPolicy,0,0,0,0,1.20397,1,1.3701,31,31,1.34113,110,1
E3-Strict-p030,25.8791,58,58,RLPolicy,0,0,0,0,1.20397,1,1.32694,45,45,1.30004,110,0.999385
E3-Strict-p030,25.8833,168,168,RLPolicy,0,0,0,0,1.20397,1,1.47863,46,46,1.43104,110,1
E3-Strict-p030,25.928,155,155,RLPolicy,0,0,0,0,1.20397,1,1.51998,44,44,1.47189,222,1
E3-Strict-p030,25.9719,41,41,RLPolicy,0,0,0,0,1.20397,1,1.96213,53,53,1.88977,222,1
E3-Strict-p030,25.9815,69,69,RLPolicy,0,0,0,0,1.20397,1,1.29328,29,29,1.26408,110,1
E3-Strict-p030,25.9821,42,42,RLPolicy,0,0,0,0,1.20397,1,1.48844,13,13,1.45717,110,1
E3-Strict-p030,25.9879,144,31,RLPolicy,1,1,0.0536493,0.693147,1.20397,3,1.41513,80,102,1.29397,110,0.997446
E3-Strict-p030,26.0119,30,30,RLPolicy,0,0,0,0,1.20397,1,1.46762,13,13,1.41891,112,1
E3-Strict-p030,26.0153,21,21,RLPolicy,0,0,0,0,1.20397,1,1.6064,46,46,1.57024,112,0.997858
E3-Strict-p030,26.0171,24,24,RLPolicy,0,0,0,0,1.20397,1,1.1941,11,11,1.17312,225,1
E3-Strict-p030,26.0191,10,10,RLPolicy,0,0,0,0,1.20397,1,1.78144,6,6,1.73434,225,1
E3-Strict-p030,26.0273,2,2,RLPolicy,0,0,0,0,1.20397,1,1.31886,31,31,1.29436,225,1
E3-Strict-p030,26.0348,4,4,RLPolicy,0,0,0,0,1.20397,1,1.32309,16,16,1.3008,225,1
E3-Strict-p030,26.0396,29,29,RLPolicy,0,0,0,0,1.20397,1,1.20433,26,26,1.17247,225,1
E3-Strict-p030,26.0461,165,165,RLPolicy,0,0,0,0,1.20397,1,1.3114,37,37,1.26789,6,1
E3-Strict-p030,26.0519,64,64,RLPolicy,0,0,0,0,1.20397,1,1.23342,35,35,1.20424,112,1
E3-Strict-p030,26.0581,139,139,RLPolicy,0,0,0,0,1.20397,1,1.37118,31,31,1.34093,225,1
E3-Strict-p030,26.0981,129,129,RLPolicy,0,0,0,0,1.20397,1,1.68379,35,35,1.65102,225,1
E3-Strict-p030,26.1025,75,75,RLPolicy,0,0,0,0,1.20397,1,1.18605,39,39,1.1606,228,1
E3-Strict-p030,26.1207,57,57,RLPolicy,0,0,0,0,1.20397,1,1.43086,14,14,1.40062,228,1
E3-Strict-p030,26.1282,148,148,RLPolicy,0,0,0,0,1.20397,1,1.2025,3,3,1.17747,228,1
E3-Strict-p030,26.1691,130,130,RLPolicy,0,0,0,0,1.20397,1,1.2584,23,23,1.23603,228,1
E3-Strict-p030,26.1793,110,110,RLPolicy,0,0,0,0,1.20397,1,1.33685,15,15,1.30332,6,1
E3-Strict-p030,26.1834,31,31,RLPolicy,0,0,0,0,1.20397,1,1.75118,43,43,1.72005,228,1
E3-Strict-p030,26.2083,167,309,RLPolicy,1,1,0.0568735,0.693147,1.20397,3,1.57823,62,65,1.46753,228,0.997446
E3-Strict-p030,26.2109,33,33,RLPolicy,0,0,0,0,1.20397,1,1.52205,36,36,1.48045,228,1
E3-Strict-p030,26.2149,156,156,RLPolicy,0,0,0,0,1.20397,1,1.44145,50,50,1.40554,112,1
E3-Strict-p030,26.2357,71,71,RLPolicy,0,0,0,0,1.20397,1,1.67706,5,5,1.62545,228,1
E3-Strict-p030,26.2418,70,70,RLPolicy,0,0,0,0,1.20397,1,1.27477,38,38,1.24403,112,1
E3-Strict-p030,26.2501,176,176,RLPolicy,0,0,0,0,1.20397,1,1.4244,13,13,1.3901,228,1
E3-Strict-p030,26.2538,125,125,RLPolicy,0,0,0,0,1.20397,1,1.64023,37,37,1.60823,228,1
E3-Strict-p030,26.2636,84,84,RLPolicy,0,0,0,0,1.20397,1,2.13461,43,43,2.0581,112,1
E3-Strict-p030,26.302,87,87,RLPolicy,0,0,0,0,1.20397,1,1.50883,45,45,1.47022,112,0.997446
E3-Strict-p030,26.3166,104,104,RLPolicy,0,0,0,0,1.20397,1,1.71085,37,37,1.64799,112,0.997446
E3-Strict-p030,26.3245,23,23,RLPolicy,0,0,0,0,1.20397,1,1.19312,55,55,1.16807,112,1
E3-Strict-p030,26.3289,77,77,RLPolicy,0,0,0,0,1.20397,1,1.33538,36,36,1.30839,228,1
E3-Strict-p030,26.3412,79,79,RLPolicy,0,0,0,0,1.20397,1,1.26547,50,50,1.23303,228,0.997446
E3-Strict-p030,26.3419,32,32,RLPolicy,0,0,0,0,1.20397,1,1.39022,54,54,1.35766,112,1
E3-Strict-p030,26.3441,37,37,RLPolicy,0,0,0,0,1.20397,1,1.19768,5,5,1.16806,112,1
E3-Strict-p030,26.3826,157,157,RLPolicy,0,0,0,0,1.20397,1,1.70548,34,34,1.66724,228,1
E3-Strict-p030,26.3841,170,170,RLPolicy,0,0,0,0,1.20397,1,1.72523,32,32,1.69424,228,1
E3-Strict-p030,26.3957,158,158,RLPolicy,0,0,0,0,1.20397,1,2.18655,48,48,2.06502,228,1
E3-Strict-p030,26.4532,28,28,RLPolicy,0,0,0,0,1.20397,1,1.55775,46,46,1.52241,113,0.997446
E3-Strict-p030,26.4663,72,72,RLPolicy,0,0,0,0,1.20397,1,1.26581,6,6,1.24175,230,1
E3-Strict-p030,26.4806,85,85,RLPolicy,0,0,0,0,1.20397,1,1.74682,3,3,1.7036,230,1
E3-Strict-p030,26.4809,18,18,RLPolicy,0,0,0,0,1.20397,1,1.56941,51,51,1.53057,230,1
E3-Strict-p030,26.4816,132,132,RLPolicy,0,0,0,0,1.20397,1,1.3215,7,7,1.29363,230,1
E3-Strict-p030,26.501,171,171,RLPolicy,0,0,0,0,1.20397,1,1.35682,20,20,1.32645,114,1
E3-Strict-p030,26.5044,6,6,RLPolicy,0,0,0,0,1.20397,1,1.30324,31,31,1.28028,230,1
E3-Strict-p030,26.5125,142,142,RLPolicy,0,0,0,0,1.20397,1,1.43169,39,39,1.39965,230,1
E3-Strict-p030,26.5148,78,223,RLPolicy,1,1,0.0479056,0.693147,1.20397,3,1.51076,40,61,1.39503,114,0.997446
E3-Strict-p030,26.5684,119,119,RLPolicy,0,0,0,0,1.20397,1,1.40384,52,52,1.37101,114,1
E3-Strict-p030,26.5908,146,146,RLPolicy,0,0,0,0,1.20397,1,1.39362,4,4,1.36153,230,1
E3-Strict-p030,26.602,47,47,RLPolicy,0,0,0,0,1.20397,1,1.86394,58,58,1.81549,231,1
E3-Strict-p030,26.6026,13,13,RLPolicy,0,0,0,0,1.20397,1,1.69947,40,40,1.65471,114,1
E3-Strict-p030,26.6161,100,100,RLPolicy,0,0,0,0,1.20397,1,1.73071,25,25,1.68989,114,1
E3-Strict-p030,26.6323,97,97,RLPolicy,0,0,0,0,1.20397,1,1.76353,23,23,1.71895,114,1
E3-Strict-p030,26.6336,175,175,RLPolicy,0,0,0,0,1.20397,1,2.28538,5,5,2.21924,114,1
E3-Strict-p030,26.6379,95,95,RLPolicy,0,0,0,0,1.20397,1,1.81871,37,37,1.77216,231,1
E3-Strict-p030,26.6521,90,90,RLPolicy,0,0,0,0,1.20397,1,1.86619,28,28,1.81028,231,0.997446
E3-Strict-p030,26.6751,122,122,RLPolicy,0,0,0,0,1.20397,1,1.74822,37,37,1.7107,231,1
E3-Strict-p030,26.7003,140,140,RLPolicy,0,0,0,0,1.20397,1,1.62909,39,39,1.5938,232,1
E3-Strict-p030,26.7076,15,15,RLPolicy,0,0,0,0,1.20397,1,1.75712,12,12,1.70316,114,1
E3-Strict-p030,26.71,36,36,RLPolicy,0,0,0,0,1.20397,1,1.58868,10,10,1.54921,232,1
E3-Strict-p030,26.7118,137,137,RLPolicy,0,0,0,0,1.20397,1,1.43876,28,28,1.40875,114,1
E3-Strict-p030,26.7297,134,134,RLPolicy,0,0,0,0,1.20397,1,1.10756,1,1,1.08935,114,1
E3-Strict-p030,26.7337,159,159,RLPolicy,0,0,0,0,1.20397,1,2.20734,13,13,2.16094,232,1
E3-Strict-p030,26.7364,141,141,RLPolicy,0,0,0,0,1.20397,1,1.42091,46,46,1.39818,232,1
E3-Strict-p030,26.7478,153,153,RLPolicy,0,0,0,0,1.20397,1,1.35583,37,37,1.3166,7,1
E3-Strict-p030,26.7548,160,160,RLPolicy,0,0,0,0,1.20397,1,1.40927,3,3,1.37442,232,1
E3-Strict-p030,26.7643,135,135,RLPolicy,0,0,0,0,1.20397,1,1.37733,36,36,1.34718,2,1
E3-Strict-p030,26.7716,163,163,RLPolicy,0,0,0,0,1.20397,1,1.61143,31,31,1.56335,232,1
E3-Strict-p030,26.7786,51,51,RLPolicy,0,0,0,0,1.20397,1,1.55638,10,10,1.52611,232,1
E3-Strict-p030,26.7823,88,88,RLPolicy,0,0,0,0,1.20397,1,1.41798,15,15,1.39253,232,1
E3-Strict-p030,26.7889,121,121,RLPolicy,0,0,0,0,1.20397,1,2.66759,3,3,2.54284,114,1
E3-Strict-p030,26.7959,101,101,RLPolicy,0,0,0,0,1.20397,1,1.89901,30,30,1.86089,114,1
E3-Strict-p030,26.8131,14,14,RLPolicy,0,0,0,0,1.20397,1,2.14094,13,13,2.10726,114,1
E3-Strict-p030,26.8149,16,16,RLPolicy,0,0,0,0,1.20397,1,1.66894,25,25,1.63024,232,1
E3-Strict-p030,26.8287,9,9,RLPolicy,0,0,0,0,1.20397,1,1.26519,39,39,1.23608,114,1
E3-Strict-p030,26.8439,26,26,RLPolicy,0,0,0,0,1.20397,1,2.1953,5,5,2.16882,232,1
E3-Strict-p030,26.8572,164,164,RLPolicy,0,0,0,0,1.20397,1,2.1748,56,56,2.13434,114,1
E3-Strict-p030,26.8776,62,62,RLPolicy,0,0,0,0,1.20397,1,1.9007,20,20,1.85817,232,1
E3-Strict-p030,26.9097,80,80,RLPolicy,0,0,0,0,1.20397,1,1.37775,58,58,1.34826,233,1
E3-Strict-p030,26.9569,149,149,RLPolicy,0,0,0,0,1.20397,1,1.3254,46,46,1.29864,233,1
E3-Strict-p030,26.9654,40,40,RLPolicy,0,0,0,0,1.20397,1,1.50932,27,27,1.48116,233,1
E3-Strict-p030,26.9679,56,56,RLPolicy,0,0,0,0,1.20397,1,1.61901,52,52,1.58172,233,1
E3-Strict-p030,26.978,117,117,RLPolicy,0,0,0,0,1.20397,1,1.62466,40,40,1.58835,233,1
E3-Strict-p030,27.0064,166,166,RLPolicy,0,0,0,0,1.20397,1,1.56191,35,35,1.52281,235,1
E3-Strict-p030,27.0125,161,161,RLPolicy,0,0,0,0,1.20397,1,1.47883,38,38,1.4216,115,1
E3-Strict-p030,27.0259,150,150,RLPolicy,0,0,0,0,1.20397,1,1.40353,34,34,1.37809,235,1
E3-Strict-p030,27.0358,116,116,RLPolicy,0,0,0,0,1.20397,1,1.64791,38,38,1.60882,115,0.997446
E3-Strict-p030,27.045,177,177,RLPolicy,0,0,0,0,1.20397,1,1.39068,38,38,1.35935,115,1
E3-Strict-p030,27.0512,180,180,RLPolicy,0,0,0,0,1.20397,1,1.30921,12,12,1.27553,4,1
E3-Strict-p030,27.0587,20,20,RLPolicy,0,0,0,0,1.20397,1,1.81991,47,47,1.77859,235,0.999385
E3-Strict-p030,27.06,3,3,RLPolicy,0,0,0,0,1.20397,1,1.4462,28,28,1.42203,235,1
E3-Strict-p030,27.0602,19,19,RLPolicy,0,0,0,0,1.20397,1,1.86078,38,38,1.82104,235,1
E3-Strict-p030,27.0895,45,45,RLPolicy,0,0,0,0,1.20397,1,1.69349,7,7,1.65575,235,1
E3-Strict-p030,27.092,111,111,RLPolicy,0,0,0,0,1.20397,1,1.86673,48,48,1.80142,235,1
E3-Strict-p030,27.0993,46,46,RLPolicy,0,0,0,0,1.20397,1,2.2997,34,34,2.22674,235,0.996831
E3-Strict-p030,27.1136,43,43,RLPolicy,0,0,0,0,1.20397,1,1.75998,53,53,1.71288,236,1
E3-Strict-p030,27.1179,179,179,RLPolicy,0,0,0,0,1.20397,1,1.78288,32,32,1.7396,116,1
E3-Strict-p030,27.1314,145,157,RLPolicy,1,1,0.0589508,0.693147,1.20397,3,1.23602,113,118,1.11056,116,0.997446
E3-Strict-p030,27.1394,12,12,RLPolicy,0,0,0,0,1.20397,1,1.50701,56,56,1.46703,116,0.992338
E3-Strict-p030,27.1454,63,63,RLPolicy,0,0,0,0,1.20397,1,1.98103,15,15,1.73862,116,1
E3-Strict-p030,27.1508,81,81,RLPolicy,0,0,0,0,1.20397,1,1.3972,14,14,1.37123,116,1
E3-Strict-p030,27.16,178,178,RLPolicy,0,0,0,0,1.20397,1,2.42764,7,7,2.39322,236,1
E3-Strict-p030,27.1626,25,25,RLPolicy,0,0,0,0,1.20397,1,1.51117,39,39,1.48436,236,0.999385
E3-Strict-p030,27.1995,103,103,RLPolicy,0,0,0,0,1.20397,1,1.68779,53,53,1.64199,236,1
E3-Strict-p030,27.2047,105,105,RLPolicy,0,0,0,0,1.20397,1,1.98456,44,44,1.9207,117,1
E3-Strict-p030,27.2053,76,76,RLPolicy,0,0,0,0,1.20397,1,1.50162,53,53,1.46981,236,1
E3-Strict-p030,27.2063,107,107,RLPolicy,0,0,0,0,1.20397,1,1.7706,41,41,1.72795,236,0.994892
E3-Strict-p030,27.2106,172,172,RLPolicy,0,0,0,0,1.20397,1,2.21366,50,50,2.16649,117,1
E3-Strict-p030,27.2211,147,147,RLPolicy,0,0,0,0,1.20397,1,1.4973,42,42,1.46918,117,1
E3-Strict-p030,27.2216,174,174,RLPolicy,0,0,0,0,1.20397,1,1.53054,56,56,1.49149,236,1
E3-Strict-p030,27.2218,112,112,RLPolicy,0,0,0,0,1.20397,1,1.7781,54,54,1.72658,117,1
E3-Strict-p030,27.2259,54,54,RLPolicy,0,0,0,0,1.20397,1,1.48983,7,7,1.4452,117,1
E3-Strict-p030,27.2315,38,38,RLPolicy,0,0,0,0,1.20397,1,1.81289,40,40,1.78256,117,1
E3-Strict-p030,27.237,66,66,RLPolicy,0,0,0,0,1.20397,1,2.03408,29,29,2.0002,117,1
E3-Strict-p030,27.242,50,50,RLPolicy,0,0,0,0,1.20397,1,1.71599,42,42,1.67412,117,1
E3-Strict-p030,27.2423,52,52,RLPolicy,0,0,0,0,1.20397,1,1.85615,47,47,1.80549,117,1
E3-Strict-p030,27.2432,190,190,RLPolicy,0,0,0,0,1.20397,1,1.32935,38,38,1.2959,8,1
E3-Strict-p030,27.247,114,114,RLPolicy,0,0,0,0,1.20397,1,1.85911,3,3,1.8321,236,1
E3-Strict-p030,27.2636,39,39,RLPolicy,0,0,0,0,1.20397,1,1.41647,38,38,1.38219,117,1
E3-Strict-p030,27.2692,152,152,RLPolicy,0,0,0,0,1.20397,1,1.23675,20,20,1.21481,236,1
E3-Strict-p030,27.2786,120,120,RLPolicy,0,0,0,0,1.20397,1,1.47104,6,6,1.44255,236,1
E3-Strict-p030,27.2872,59,59,RLPolicy,0,0,0,0,1.20397,1,1.79318,24,24,1.68717,236,0.997446
E3-Strict-p030,27.3116,49,49,RLPolicy,0,0,0,0,1.20397,1,1.61023,6,6,1.57713,240,1
E3-Strict-p030,27.317,68,68,RLPolicy,0,0,0,0,1.20397,1,1.61956,11,11,1.58964,240,1
E3-Strict-p030,27.3184,86,86,RLPolicy,0,0,0,0,1.20397,1,1.40132,9,9,1.37654,240,1
E3-Strict-p030,27.3234,109,265,RLPolicy,1,1,0.0422336,0.693147,1.20397,3,1.87587,45,49,1.69743,117,0.997446
E3-Strict-p030,27.3471,1,1,RLPolicy,0,0,0,0,1.20397,1,1.64847,8,8,1.6085,117,1
E3-Strict-p030,27.3654,7,7,RLPolicy,0,0,0,0,1.20397,1,1.40897,38,38,1.37878,240,1
E3-Strict-p030,27.3911,8,8,RLPolicy,0,0,0,0,1.20397,1,1.43332,46,46,1.40257,240,1
E3-Strict-p030,27.4006,151,151,RLPolicy,0,0,0,0,1.20397,1,1.46298,41,41,1.43013,242,1
E3-Strict-p030,27.4012,182,182,RLPolicy,0,0,0,0,1.20397,1,1.48962,57,57,1.45114,242,1
E3-Strict-p030,27.416,17,17,RLPolicy,0,0,0,0,1.20397,1,2.16513,41,41,2.13143,242,0.997858
E3-Strict-p030,27.4255,67,217,RLPolicy,1,1,0.00243423,0.693147,1.20397,3,1.83458,64,68,1.69094,242,0.997446
E3-Strict-p030,27.4553,94,94,RLPolicy,0,0,0,0,1.20397,1,1.67944,57,57,1.63998,242,1
E3-Strict-p030,27.4573,74,74,RLPolicy,0,0,0,0,1.20397,1,1.46247,38,38,1.43771,242,1
E3-Strict-p030,27.4602,65,65,RLPolicy,0,0,0,0,1.20397,1,2.43185,11,11,2.38849,242,1
E3-Strict-p030,27.4684,61,279,RLPolicy,1,1,0.0328679,0.693147,1.20397,3,2.26788,96,106,1.89547,117,0.997446
E3-Strict-p030,27.4817,48,48,RLPolicy,0,0,0,0,1.20397,1,2.21904,53,53,2.12976,117,1
E3-Strict-p030,27.499,99,99,RLPolicy,0,0,0,0,1.20397,1,1.3012,37,37,1.27214,8,1
E3-Strict-p030,27.5034,55,55,RLPolicy,0,0,0,0,1.20397,1,1.4981,16,16,1.4705,242,1
E3-Strict-p030,27.5143,93,93,RLPolicy,0,0,0,0,1.20397,1,1.45495,54,54,1.41001,242,1
E3-Strict-p030,27.5147,53,53,RLPolicy,0,0,0,0,1.20397,1,3.91554,23,23,3.84927,242,1
E3-Strict-p030,27.5196,113,113,RLPolicy,0,0,0,0,1.20397,1,1.93675,29,29,1.88466,119,0.997446
E3-Strict-p030,27.5226,44,44,RLPolicy,0,0,0,0,1.20397,1,1.66633,30,30,1.63064,242,1
E3-Strict-p030,27.5304,0,0,RLPolicy,0,0,0,0,1.20397,1,1.82692,50,50,1.78908,242,1
E3-Strict-p030,27.5349,124,68,RLPolicy,1,1,0.00242531,0.693147,1.20397,3,2.50009,103,105,2.32182,119,0.997446
E3-Strict-p030,27.5365,186,186,RLPolicy,0,0,0,0,1.20397,1,1.71242,32,32,1.67045,119,1
E3-Strict-p030,27.546,169,153,RLPolicy,1,1,0.0457286,0.693147,1.20397,3,1.76792,59,62,1.66887,242,0.997446
E3-Strict-p030,27.547,91,91,RLPolicy,0,0,0,0,1.20397,1,1.51935,29,29,1.49064,242,1
E3-Strict-p030,27.5606,115,115,RLPolicy,0,0,0,0,1.20397,1,1.98517,55,55,1.92714,119,1
E3-Strict-p030,27.5775,118,118,RLPolicy,0,0,0,0,1.20397,1,1.95781,31,31,1.91341,242,1
E3-Strict-p030,27.5875,127,127,RLPolicy,0,0,0,0,1.20397,1,2.13987,6,6,2.10432,242,1
E3-Strict-p030,27.5961,193,193,RLPolicy,0,0,0,0,1.20397,1,1.97566,56,56,1.67807,242,1
E3-Strict-p030,27.6262,143,143,RLPolicy,0,0,0,0,1.20397,1,1.45299,7,7,1.42769,245,1
E3-Strict-p030,27.6418,133,133,RLPolicy,0,0,0,0,1.20397,1,1.55751,35,35,1.52947,245,0.997446
E3-Strict-p030,27.6516,89,89,RLPolicy,0,0,0,0,1.20397,1,1.4331,31,31,1.40761,245,1
E3-Strict-p030,27.6757,83,83,RLPolicy,0,0,0,0,1.20397,1,2.07851,46,46,2.02564,245,1
E3-Strict-p030,27.6803,60,60,RLPolicy,0,0,0,0,1.20397,1,2.09537,12,12,2.05502,119,1
E3-Strict-p030,27.6821,173,173,RLPolicy,0,0,0,0,1.20397,1,2.24128,39,39,2.14728,8,1
E3-Strict-p030,27.6846,102,102,RLPolicy,0,0,0,0,1.20397,1,1.51116,15,15,1.48765,245,1
E3-Strict-p030,27.6869,35,35,RLPolicy,0,0,0,0,1.20397,1,1.45952,14,14,1.43442,245,1
E3-Strict-p030,27.6944,96,96,RLPolicy,0,0,0,0,1.20397,1,1.35379,36,36,1.32519,245,1
E3-Strict-p030,27.6949,183,183,RLPolicy,0,0,0,0,1.20397,1,2.30478,38,38,2.26213,245,1
E3-Strict-p030,27.6981,154,154,RLPolicy,0,0,0,0,1.20397,1,1.70271,3,3,1.67718,245,1
E3-Strict-p030,27.7018,11,11,RLPolicy,0,0,0,0,1.20397,1,1.33419,6,6,1.30017,119,1
E3-Strict-p030,27.7179,126,126,RLPolicy,0,0,0,0,1.20397,1,1.78195,28,28,1.74316,119,1
E3-Strict-p030,27.725,136,136,RLPolicy,0,0,0,0,1.20397,1,1.45447,33,33,1.42447,8,1
E3-Strict-p030,27.7331,108,108,RLPolicy,0,0,0,0,1.20397,1,1.97535,49,49,1.93559,238,1
E3-Strict-p030,27.7398,27,27,RLPolicy,0,0,0,0,1.20397,1,2.03301,55,55,1.98935,238,1
E3-Strict-p030,27.7501,106,106,RLPolicy,0,0,0,0,1.20397,1,2.21029,37,37,2.17603,238,1
E3-Strict-p030,27.7683,73,73,RLPolicy,0,0,0,0,1.20397,1,1.63807,58,58,1.6087,238,1
E3-Strict-p030,27.7693,82,82,RLPolicy,0,0,0,0,1.20397,1,1.41354,57,57,1.38409,119,0.997446
E3-Strict-p030,27.7745,123,123,RLPolicy,0,0,0,0,1.20397,1,1.80581,61,61,1.76459,238,1
E3-Strict-p030,27.7909,131,131,RLPolicy,0,0,0,0,1.20397,1,1.70514,18,18,1.66423,4,1
E3-Strict-p030,27.8206,98,98,RLPolicy,0,0,0,0,1.20397,1,1.46541,12,12,1.44108,240,1
E3-Strict-p030,27.8236,5,5,RLPolicy,0,0,0,0,1.20397,1,1.90072,51,51,1.8685,240,0.993365
E3-Strict-p030,27.8346,92,92,RLPolicy,0,0,0,0,1.20397,1,1.28554,8,8,1.26371,240,1
E3-Strict-p030,27.8393,128,128,RLPolicy,0,0,0,0,1.20397,1,2.38975,50,50,2.35575,120,1
E3-Strict-p030,27.847,184,184,RLPolicy,0,0,0,0,1.20397,1,1.67101,32,32,1.63984,240,1
E3-Strict-p030,27.8562,22,22,RLPolicy,0,0,0,0,1.20397,1,2.052,38,38,2.01181,240,1
E3-Strict-p030,27.8632,34,34,RLPolicy,0,0,0,0,1.20397,1,1.64492,37,37,1.60958,120,0.997446
E3-Strict-p030,27.8635,162,162,RLPolicy,0,0,0,0,1.20397,1,1.36764,60,60,1.33762,240,1
E3-Strict-p030,27.87,138,138,RLPolicy,0,0,0,0,1.20397,1,1.81907,40,40,1.77965,120,1
E3-Strict-p030,27.8791,58,115,RLPolicy,1,1,0.0424424,0.693147,1.20397,3,2.59569,90,110,2.48352,240,0.996831
E3-Strict-p030,27.8833,168,168,RLPolicy,0,0,0,0,1.20397,1,1.51294,52,52,1.48061,120,1
E3-Strict-p030,27.9248,204,204,RLPolicy,0,0,0,0,1.20397,1,5.35832,61,61,5.29186,241,1
E3-Strict-p030,27.928,155,155,RLPolicy,0,0,0,0,1.20397,1,1.73735,48,48,1.67077,8,1
E3-Strict-p030,27.9403,181,181,RLPolicy,0,0,0,0,1.20397,1,2.49644,18,18,2.46523,241,1
E3-Strict-p030,27.9719,41,41,RLPolicy,0,0,0,0,1.20397,1,1.61783,59,59,1.5793,120,1
E3-Strict-p030,27.981,187,187,RLPolicy,0,0,0,0,1.20397,1,1.91822,16,16,1.88453,241,1
E3-Strict-p030,27.9815,69,69,RLPolicy,0,0,0,0,1.20397,1,2.06514,34,34,2.02828,120,1
E3-Strict-p030,27.9821,42,42,RLPolicy,0,0,0,0,1.20397,1,1.42662,17,17,1.39448,2,1
E3-Strict-p030,27.9879,144,144,RLPolicy,0,0,0,0,1.20397,1,1.53118,55,55,1.50191,241,0.997446
E3-Strict-p030,28.0054,194,242,RLPolicy,1,1,0.0483389,0.693147,1.20397,3,2.13299,80,89,2.0087,241,0.997446
E3-Strict-p030,28.0119,30,30,RLPolicy,0,0,0,0,1.20397,1,1.71945,13,13,1.68911,241,1
E3-Strict-p030,28.0153,21,21,RLPolicy,0,0,0,0,1.20397,1,2.184,54,54,2.13232,241,0.997858
E3-Strict-p030,28.0171,24,24,RLPolicy,0,0,0,0,1.20397,1,2.8338,14,14,2.80081,241,1
E3-Strict-p030,28.0191,10,10,RLPolicy,0,0,0,0,1.20397,1,1.44515,7,7,1.41428,122,1
E3-Strict-p030,28.0261,198,198,RLPolicy,0,0,0,0,1.20397,1,1.83868,39,39,1.79214,241,1
E3-Strict-p030,28.0273,2,2,RLPolicy,0,0,0,0,1.20397,1,1.88979,35,35,1.85138,241,1
E3-Strict-p030,28.0348,4,4,RLPolicy,0,0,0,0,1.20397,1,1.92625,12,12,1.88629,241,1
E3-Strict-p030,28.0396,29,29,RLPolicy,0,0,0,0,1.20397,1,1.96753,26,26,1.92687,241,1
E3-Strict-p030,28.0461,165,165,RLPolicy,0,0,0,0,1.20397,1,1.55006,37,37,1.5099,122,1
E3-Strict-p030,28.0519,64,64,RLPolicy,0,0,0,0,1.20397,1,2.05272,42,42,1.99745,122,1
E3-Strict-p030,28.058,207,207,RLPolicy,0,0,0,0,1.20397,1,1.96546,39,39,1.91472,241,1
E3-Strict-p030,28.0581,139,139,RLPolicy,0,0,0,0,1.20397,1,2.48553,29,29,2.45023,241,1
E3-Strict-p030,28.0981,211,211,RLPolicy,0,0,0,0,1.20397,1,1.60855,14,14,1.57753,241,1
E3-Strict-p030,28.0981,129,129,RLPolicy,0,0,0,0,1.20397,1,2.46485,36,36,2.42695,122,1
E3-Strict-p030,28.1025,75,75,RLPolicy,0,0,0,0,1.20397,1,1.63941,40,40,1.60146,122,1
E3-Strict-p030,28.1207,57,57,RLPolicy,0,0,0,0,1.20397,1,1.84977,15,15,1.81218,122,1
E3-Strict-p030,28.1282,148,148,RLPolicy,0,0,0,0,1.20397,1,1.29814,3,3,1.27081,122,1
E3-Strict-p030,28.1691,130,130,RLPolicy,0,0,0,0,1.20397,1,1.74236,16,16,1.70134,8,1
E3-Strict-p030,28.1793,110,110,RLPolicy,0,0,0,0,1.20397,1,1.60293,18,18,1.57925,243,1
E3-Strict-p030,28.1834,31,31,RLPolicy,0,0,0,0,1.20397,1,2.05164,63,63,2.00711,243,1
E3-Strict-p030,28.1837,185,185,RLPolicy,0,0,0,0,1.20397,1,1.95736,30,30,1.91837,243,1
E3-Strict-p030,28.2045,202,202,RLPolicy,0,0,0,0,1.20397,1,1.58739,45,45,1.55246,365,1
E3-Strict-p030,28.2083,167,167,RLPolicy,0,0,0,0,1.20397,1,1.64857,43,43,1.61567,365,0.997446
E3-Strict-p030,28.2109,33,33,RLPolicy,0,0,0,0,1.20397,1,2.03931,37,37,1.99802,365,1
E3-Strict-p030,28.2147,219,219,RLPolicy,0,0,0,0,1.20397,1,2.4215,38,38,2.36359,365,1
E3-Strict-p030,28.2149,156,156,RLPolicy,0,0,0,0,1.20397,1,1.99985,57,57,1.96455,365,1
E3-Strict-p030,28.2357,71,71,RLPolicy,0,0,0,0,1.20397,1,2.05247,7,7,2.0201,365,1
E3-Strict-p030,28.2418,70,70,RLPolicy,0,0,0,0,1.20397,1,1.96403,38,38,1.92822,365,1
E3-Strict-p030,28.2501,176,176,RLPolicy,0,0,0,0,1.20397,1,1.6711,15,15,1.64576,365,1
E3-Strict-p030,28.2538,125,125,RLPolicy,0,0,0,0,1.20397,1,2.10845,38,38,2.06917,365,1
E3-Strict-p030,28.2636,84,84,RLPolicy,0,0,0,0,1.20397,1,2.00065,51,51,1.97097,365,1
E3-Strict-p030,28.302,87,87,RLPolicy,0,0,0,0,1.20397,1,1.58538,52,52,1.55825,368,0.997446
E3-Strict-p030,28.3166,104,390,RLPolicy,1,1,0.049792,0.693147,1.20397,3,1.92632,95,102,1.75504,368,0.994892
E3-Strict-p030,28.3245,23,23,RLPolicy,0,0,0,0,1.20397,1,1.97047,58,58,1.93545,368,1
E3-Strict-p030,28.3271,195,195,RLPolicy,0,0,0,0,1.20397,1,2.06608,36,36,2.03296,368,1
E3-Strict-p030,28.3289,77,77,RLPolicy,0,0,0,0,1.20397,1,2.20518,38,38,2.16418,368,1
E3-Strict-p030,28.3412,79,79,RLPolicy,0,0,0,0,1.20397,1,2.24245,54,54,2.1963,368,0.997446
E3-Strict-p030,28.3419,32,32,RLPolicy,0,0,0,0,1.20397,1,2.78422,62,62,2.54378,368,1
E3-Strict-p030,28.3441,37,37,RLPolicy,0,0,0,0,1.20397,1,2.92929,6,6,2.90178,368,1
E3-Strict-p030,28.3826,157,157,RLPolicy,0,0,0,0,1.20397,1,2.29414,31,31,2.24443,368,1
E3-Strict-p030,28.3841,170,170,RLPolicy,0,0,0,0,1.20397,1,1.80698,31,31,1.77776,368,1
E3-Strict-p030,28.3957,158,158,RLPolicy,0,0,0,0,1.20397,1,1.85196,48,48,1.79994,4,1
E3-Strict-p030,28.4308,215,215,RLPolicy,0,0,0,0,1.20397,1,2.31242,15,15,2.28408,368,1
E3-Strict-p030,28.4504,191,191,RLPolicy,0,0,0,0,1.20397,1,1.90279,69,69,1.87004,368,1
E3-Strict-p030,28.4532,28,28,RLPolicy,0,0,0,0,1.20397,1,2.12584,48,48,2.09074,368,0.997446
E3-Strict-p030,28.4663,72,72,RLPolicy,0,0,0,0,1.20397,1,1.86847,8,8,1.83934,368,1
E3-Strict-p030,28.4682,197,197,RLPolicy,0,0,0,0,1.20397,1,1.8532,37,37,1.81631,368,1
E3-Strict-p030,28.4806,85,85,RLPolicy,0,0,0,0,1.20397,1,1.30676,3,3,1.2645,17,1
E3-Strict-p030,28.4809,18,18,RLPolicy,0,0,0,0,1.20397,1,1.576,55,55,1.54704,368,1
E3-Strict-p030,28.4816,132,132,RLPolicy,0,0,0,0,1.20397,1,2.46694,9,9,2.43264,368,1
E3-Strict-p030,28.501,171,171,RLPolicy,0,0,0,0,1.20397,1,1.59529,21,21,1.57058,368,1
E3-Strict-p030,28.5044,6,6,RLPolicy,0,0,0,0,1.20397,1,1.90331,31,31,1.87317,368,1
E3-Strict-p030,28.5125,142,142,RLPolicy,0,0,0,0,1.20397,1,2.48335,38,38,2.43618,368,1
E3-Strict-p030,28.5148,78,78,RLPolicy,0,0,0,0,1.20397,1,2.35557,35,35,2.3118,368,0.997446
E3-Strict-p030,28.568,188,53,RLPolicy,1,1,0.0668645,0.693147,1.20397,3,2.05902,10,12,1.97748,368,0.997446
E3-Strict-p030,28.5684,119,119,RLPolicy,0,0,0,0,1.20397,1,2.86773,59,59,2.78978,368,1
E3-Strict-p030,28.5853,199,199,RLPolicy,0,0,0,0,1.20397,1,1.75557,62,62,1.71964,368,1
E3-Strict-p030,28.5908,146,146,RLPolicy,0,0,0,0,1.20397,1,1.66415,4,4,1.63814,368,1
E3-Strict-p030,28.6015,213,213,RLPolicy,0,0,0,0,1.20397,1,2.1646,29,29,2.03762,372,1
E3-Strict-p030,28.602,47,47,RLPolicy,0,0,0,0,1.20397,1,1.73623,65,65,1.70871,372,1
E3-Strict-p030,28.6026,13,172,RLPolicy,1,1,0.00364233,1.08091,1.20397,4,1.71484,132,135,1.56908,372,0.999385
E3-Strict-p030,28.6137,223,223,RLPolicy,0,0,0,0,1.20397,1,2.65112,63,63,2.61119,372,1
E3-Strict-p030,28.6161,100,100,RLPolicy,0,0,0,0,1.20397,1,1.86071,21,21,1.82173,2,1
E3-Strict-p030,28.6323,97,97,RLPolicy,0,0,0,0,1.20397,1,1.75591,25,25,1.73064,372,1
E3-Strict-p030,28.6336,175,175,RLPolicy,0,0,0,0,1.20397,1,1.85099,7,7,1.82569,372,1
E3-Strict-p030,28.6379,95,95,RLPolicy,0,0,0,0,1.20397,1,1.78876,46,46,1.75889,372,1
E3-Strict-p030,28.6521,90,90,RLPolicy,0,0,0,0,1.20397,1,1.78751,28,28,1.76155,372,0.997446
E3-Strict-p030,28.6686,221,285,RLPolicy,1,1,0.0705139,0.693147,1.20397,3,2.87963,77,79,2.6845,372,0.997446
E3-Strict-p030,28.6751,122,122,RLPolicy,0,0,0,0,1.20397,1,1.79756,44,44,1.76702,372,1
E3-Strict-p030,28.6879,206,206,RLPolicy,0,0,0,0,1.20397,1,2.69783,3,3,2.66319,372,1
E3-Strict-p030,28.6888,189,189,RLPolicy,0,0,0,0,1.20397,1,2.26186,49,49,2.22492,372,1
E3-Strict-p030,28.7003,140,140,RLPolicy,0,0,0,0,1.20397,1,1.78653,31,31,1.75248,376,1
E3-Strict-p030,28.7076,15,15,RLPolicy,0,0,0,0,1.20397,1,1.64213,14,14,1.61692,376,1
E3-Strict-p030,28.71,36,36,RLPolicy,0,0,0,0,1.20397,1,2.01263,11,11,1.97221,376,1
E3-Strict-p030,28.7118,137,137,RLPolicy,0,0,0,0,1.20397,1,2.32911,24,24,2.29164,17,1
E3-Strict-p030,28.7297,134,134,RLPolicy,0,0,0,0,1.20397,1,1.85427,3,3,1.82168,376,1
E3-Strict-p030,28.7337,159,159,RLPolicy,0,0,0,0,1.20397,1,1.80509,16,16,1.76836,376,1
E3-Strict-p030,28.7364,141,141,RLPolicy,0,0,0,0,1.20397,1,3.44601,52,52,3.39102,376,1
E3-Strict-p030,28.7478,153,153,RLPolicy,0,0,0,0,1.20397,1,1.48045,40,40,1.44752,4,1
E3-Strict-p030,28.7548,160,160,RLPolicy,0,0,0,0,1.20397,1,1.61435,6,6,1.59001,376,1
E3-Strict-p030,28.7643,135,135,RLPolicy,0,0,0,0,1.20397,1,2.41685,45,45,2.34142,376,1
E3-Strict-p030,28.7716,163,163,RLPolicy,0,0,0,0,1.20397,1,2.01354,30,30,1.97753,17,1
E3-Strict-p030,28.7786,51,51,RLPolicy,0,0,0,0,1.20397,1,1.63958,12,12,1.61296,376,1
E3-Strict-p030,28.7823,88,88,RLPolicy,0,0,0,0,1.20397,1,3.35469,24,24,3.31131,376,1
E3-Strict-p030,28.7889,121,121,RLPolicy,0,0,0,0,1.20397,1,1.77929,3,3,1.75066,376,1
E3-Strict-p030,28.7959,101,101,RLPolicy,0,0,0,0,1.20397,1,1.75761,15,15,1.73089,376,1
E3-Strict-p030,28.8131,14,14,RLPolicy,0,0,0,0,1.20397,1,1.85131,16,16,1.82035,377,1
E3-Strict-p030,28.8149,16,16,RLPolicy,0,0,0,0,1.20397,1,1.96237,25,25,1.92979,377,1
E3-Strict-p030,28.8287,9,9,RLPolicy,0,0,0,0,1.20397,1,2.41937,40,40,2.36648,377,1
E3-Strict-p030,28.8364,192,192,RLPolicy,0,0,0,0,1.20397,1,1.87369,7,7,1.84069,377,1
E3-Strict-p030,28.8439,26,26,RLPolicy,0,0,0,0,1.20397,1,2.88032,6,6,2.81226,377,1
E3-Strict-p030,28.8562,200,200,RLPolicy,0,0,0,0,1.20397,1,2.56841,17,17,2.53426,377,1
E3-Strict-p030,28.8572,164,164,RLPolicy,0,0,0,0,1.20397,1,1.9145,61,61,1.87942,377,1
E3-Strict-p030,28.8776,62,62,RLPolicy,0,0,0,0,1.20397,1,1.79722,16,16,1.77339,377,1
E3-Strict-p030,28.8881,222,222,RLPolicy,0,0,0,0,1.20397,1,1.97118,32,32,1.93813,377,1
E3-Strict-p030,28.8959,212,212,RLPolicy,0,0,0,0,1.20397,1,1.94574,64,64,1.90556,377,1
E3-Strict-p030,28.9097,80,80,RLPolicy,0,0,0,0,1.20397,1,2.05518,65,65,2.01639,379,1
E3-Strict-p030,28.9219,203,203,RLPolicy,0,0,0,0,1.20397,1,2.88939,39,39,2.83814,379,1
E3-Strict-p030,28.9569,149,149,RLPolicy,0,0,0,0,1.20397,1,2.33057,54,54,2.28931,379,1
E3-Strict-p030,28.9654,40,40,RLPolicy,0,0,0,0,1.20397,1,1.89999,48,48,1.87074,379,1
E3-Strict-p030,28.9679,56,56,RLPolicy,0,0,0,0,1.20397,1,1.84863,52,52,1.81879,379,1
E3-Strict-p030,28.978,117,117,RLPolicy,0,0,0,0,1.20397,1,1.94386,40,40,1.91325,379,1
E3-Strict-p030,28.9785,208,208,RLPolicy,0,0,0,0,1.20397,1,2.01177,17,17,1.98062,379,1
E3-Strict-p030,28.98,218,218,RLPolicy,0,0,0,0,1.20397,1,2.08608,63,63,2.04833,379,1
E3-Strict-p030,28.986,205,205,RLPolicy,0,0,0,0,1.20397,1,2.01847,51,51,1.97737,379,1
E3-Strict-p030,29.0064,166,166,RLPolicy,0,0,0,0,1.20397,1,1.9506,36,36,1.91915,380,1
E3-Strict-p030,29.0125,161,161,RLPolicy,0,0,0,0,1.20397,1,1.77502,42,42,1.74523,380,1
E3-Strict-p030,29.0259,150,150,RLPolicy,0,0,0,0,1.20397,1,1.74931,39,39,1.69821,17,1
E3-Strict-p030,29.0289,220,220,RLPolicy,0,0,0,0,1.20397,1,2.40814,21,21,2.37067,380,1
E3-Strict-p030,29.0345,196,196,RLPolicy,0,0,0,0,1.20397,1,1.81857,17,17,1.78969,380,1
E3-Strict-p030,29.0358,116,116,RLPolicy,0,0,0,0,1.20397,1,1.68793,43,43,1.65724,380,0.997446
E3-Strict-p030,29.045,177,177,RLPolicy,0,0,0,0,1.20397,1,1.8394,39,39,1.80974,380,1
E3-Strict-p030,29.0512,180,180,RLPolicy,0,0,0,0,1.20397,1,1.75636,13,13,1.7313,380,1
E3-Strict-p030,29.0587,20,20,RLPolicy,0,0,0,0,1.20397,1,2.04402,57,57,2.00551,380,0.999385
E3-Strict-p030,29.06,3,3,RLPolicy,0,0,0,0,1.20397,1,2.1949,26,26,2.14588,380,1
E3-Strict-p030,29.0602,19,19,RLPolicy,0,0,0,0,1.20397,1,2.027,43,43,1.99137,380,1
E3-Strict-p030,29.0895,45,45,RLPolicy,0,0,0,0,1.20397,1,1.87486,8,8,1.85058,380,1
E3-Strict-p030,29.092,111,111,RLPolicy,0,0,0,0,1.20397,1,1.87086,61,61,1.84068,380,1
E3-Strict-p030,29.0993,46,46,RLPolicy,0,0,0,0,1.20397,1,1.66623,35,35,1.6419,380,0.996831
E3-Strict-p030,29.1089,209,209,RLPolicy,0,0,0,0,1.20397,1,1.51034,3,3,1.48708,381,1
E3-Strict-p030,29.1136,43,43,RLPolicy,0,0,0,0,1.20397,1,1.80751,62,62,1.77195,381,1
E3-Strict-p030,29.1179,179,179,RLPolicy,0,0,0,0,1.20397,1,1.79765,35,35,1.76708,381,1
E3-Strict-p030,29.1314,145,145,RLPolicy,0,0,0,0,1.20397,1,2.33998,61,61,2.27562,381,0.997446
E3-Strict-p030,29.1394,12,12,RLPolicy,0,0,0,0,1.20397,1,2.57094,57,57,2.51611,381,0.992338
E3-Strict-p030,29.1454,63,63,RLPolicy,0,0,0,0,1.20397,1,2.38022,22,22,2.34497,381,1
E3-Strict-p030,29.1508,81,81,RLPolicy,0,0,0,0,1.20397,1,2.36478,16,16,2.30876,381,1
E3-Strict-p030,29.16,178,178,RLPolicy,0,0,0,0,1.20397,1,1.72709,10,10,1.70051,381,1
E3-Strict-p030,29.1626,25,313,RLPolicy,1,1,0.0355575,0.693147,1.20397,3,2.60386,77,106,2.48575,381,0.996831
E3-Strict-p030,29.1995,103,103,RLPolicy,0,0,0,0,1.20397,1,1.9374,57,57,1.90503,381,1
E3-Strict-p030,29.2047,105,105,RLPolicy,0,0,0,0,1.20397,1,1.69948,55,55,1.66212,383,1
E3-Strict-p030,29.2053,76,76,RLPolicy,0,0,0,0,1.20397,1,4.41816,65,65,4.327,383,1
E3-Strict-p030,29.2056,210,210,RLPolicy,0,0,0,0,1.20397,1,1.63603,8,8,1.60377,383,1
E3-Strict-p030,29.2063,107,107,RLPolicy,0,0,0,0,1.20397,1,2.16113,45,45,2.10465,383,0.994892
E3-Strict-p030,29.2106,172,133,RLPolicy,1,1,0.0499204,0.693147,1.20397,3,1.97235,99,116,1.853,383,0.997446
E3-Strict-p030,29.2211,147,147,RLPolicy,0,0,0,0,1.20397,1,2.58699,45,45,2.53619,383,1
E3-Strict-p030,29.2216,174,174,RLPolicy,0,0,0,0,1.20397,1,1.72976,60,60,1.70093,383,1
E3-Strict-p030,29.2218,112,112,RLPolicy,0,0,0,0,1.20397,1,1.80553,65,65,1.77724,383,1
E3-Strict-p030,29.225,225,225,RLPolicy,0,0,0,0,1.20397,1,2.09862,49,49,2.06551,383,1
E3-Strict-p030,29.2259,54,54,RLPolicy,0,0,0,0,1.20397,1,2.02482,7,7,1.98498,383,1
E3-Strict-p030,29.2315,38,38,RLPolicy,0,0,0,0,1.20397,1,2.47714,44,44,2.43606,383,1
E3-Strict-p030,29.237,66,66,RLPolicy,0,0,0,0,1.20397,1,2.28827,33,33,2.25618,383,1
E3-Strict-p030,29.242,50,50,RLPolicy,0,0,0,0,1.20397,1,2.10862,53,53,2.07262,383,1
E3-Strict-p030,29.2423,52,52,RLPolicy,0,0,0,0,1.20397,1,1.88062,52,52,1.85021,383,1
E3-Strict-p030,29.2432,190,190,RLPolicy,0,0,0,0,1.20397,1,1.60429,45,45,1.56576,17,1
E3-Strict-p030,29.247,114,114,RLPolicy,0,0,0,0,1.20397,1,1.6805,3,3,1.6554,383,1
E3-Strict-p030,29.2636,39,39,RLPolicy,0,0,0,0,1.20397,1,2.64769,40,40,2.5933,383,1
E3-Strict-p030,29.2692,152,152,RLPolicy,0,0,0,0,1.20397,1,2.45623,19,19,2.40972,383,1
E3-Strict-p030,29.2786,120,120,RLPolicy,0,0,0,0,1.20397,1,2.09393,7,7,2.05902,383,1
E3-Strict-p030,29.2872,59,59,RLPolicy,0,0,0,0,1.20397,1,2.10143,26,26,2.06729,383,0.997446
E3-Strict-p030,29.3116,49,49,RLPolicy,0,0,0,0,1.20397,1,1.89098,7,7,1.85956,384,1
E3-Strict-p030,29.317,68,68,RLPolicy,0,0,0,0,1.20397,1,2.12251,10,10,2.09364,384,1
E3-Strict-p030,29.3184,86,86,RLPolicy,0,0,0,0,1.20397,1,1.90541,11,11,1.87824,384,1
E3-Strict-p030,29.3234,109,109,RLPolicy,0,0,0,0,1.20397,1,1.76861,15,15,1.74129,384,0.997446
E3-Strict-p030,29.3471,1,1,RLPolicy,0,0,0,0,1.20397,1,1.97705,9,9,1.94755,384,1
E3-Strict-p030,29.3654,7,7,RLPolicy,0,0,0,0,1.20397,1,3.08809,43,43,3.04038,384,1
E3-Strict-p030,29.3752,228,228,RLPolicy,0,0,0,0,1.20397,1,1.84856,1,1,1.81914,384,1
E3-Strict-p030,29.3795,214,214,RLPolicy,0,0,0,0,1.20397,1,2.29425,39,39,2.24116,384,1
E3-Strict-p030,29.3911,8,8,RLPolicy,0,0,0,0,1.20397,1,2.35406,57,57,2.28904,384,1
E3-Strict-p030,29.4006,151,151,RLPolicy,0,0,0,0,1.20397,1,2.48387,53,53,2.44812,385,1
E3-Strict-p030,29.4012,182,182,RLPolicy,0,0,0,0,1.20397,1,2.00011,64,64,1.96535,385,1
E3-Strict-p030,29.416,17,17,RLPolicy,0,0,0,0,1.20397,1,2.1044,45,45,2.06903,385,0.997858
E3-Strict-p030,29.4246,201,201,RLPolicy,0,0,0,0,1.20397,1,2.17384,47,47,2.12106,385,1
E3-Strict-p030,29.4255,67,67,RLPolicy,0,0,0,0,1.20397,1,1.71012,37,37,1.6854,385,0.997446
E3-Strict-p030,29.4553,94,94,RLPolicy,0,0,0,0,1.20397,1,2.35175,63,63,2.29406,385,1
E3-Strict-p030,29.4573,74,74,RLPolicy,0,0,0,0,1.20397,1,2.3648,45,45,2.30948,17,1
E3-Strict-p030,29.4602,65,65,RLPolicy,0,0,0,0,1.20397,1,1.92705,12,12,1.89851,385,1
E3-Strict-p030,29.4684,61,61,RLPolicy,0,0,0,0,1.20397,1,2.01718,58,58,1.98354,385,0.997446
E3-Strict-p030,29.4817,48,48,RLPolicy,0,0,0,0,1.20397,1,1.7986,63,63,1.76301,17,1
E3-Strict-p030,29.4905,216,216,RLPolicy,0,0,0,0,1.20397,1,2.00215,72,72,1.95716,385,1
E3-Strict-p030,29.499,99,99,RLPolicy,0,0,0,0,1.20397,1,2.16374,36,36,2.12716,385,1
E3-Strict-p030,29.5034,55,55,RLPolicy,0,0,0,0,1.20397,1,2.6014,14,14,2.57266,385,1
E3-Strict-p030,29.5143,93,93,RLPolicy,0,0,0,0,1.20397,1,2.03789,58,58,1.99523,385,1
E3-Strict-p030,29.5147,53,53,RLPolicy,0,0,0,0,1.20397,1,1.75727,25,25,1.73134,385,1
E3-Strict-p030,29.5196,113,113,RLPolicy,0,0,0,0,1.20397,1,1.94168,33,33,1.90734,385,0.997446
E3-Strict-p030,29.5226,44,44,RLPolicy,0,0,0,0,1.20397,1,3.09895,27,27,3.05696,385,1
E3-Strict-p030,29.5304,0,0,RLPolicy,0,0,0,0,1.20397,1,1.84528,56,56,1.8082,385,1
E3-Strict-p030,29.5349,124,124,RLPolicy,0,0,0,0,1.20397,1,1.97609,58,58,1.94302,385,0.997446
E3-Strict-p030,29.5365,186,186,RLPolicy,0,0,0,0,1.20397,1,1.97826,39,39,1.94543,385,1
E3-Strict-p030,29.546,169,169,RLPolicy,0,0,0,0,1.20397,1,2.37717,37,37,2.3413,385,0.997446
E3-Strict-p030,29.547,91,91,RLPolicy,0,0,0,0,1.20397,1,2.3685,37,37,2.32296,385,1
E3-Strict-p030,29.5606,115,115,RLPolicy,0,0,0,0,1.20397,1,2.11078,64,64,2.05751,385,1
E3-Strict-p030,29.5775,118,118,RLPolicy,0,0,0,0,1.20397,1,1.86897,43,43,1.83697,385,1
E3-Strict-p030,29.5875,127,127,RLPolicy,0,0,0,0,1.20397,1,2.21208,7,7,2.16433,17,1
E3-Strict-p030,29.5961,193,193,RLPolicy,0,0,0,0,1.20397,1,1.96342,61,61,1.9266,385,1
E3-Strict-p030,29.6262,143,143,RLPolicy,0,0,0,0,1.20397,1,2.10526,7,7,2.07315,386,1
E3-Strict-p030,29.6418,133,73,RLPolicy,1,1,0.0357425,0.538997,1.20397,3,3.41105,86,98,3.20596,386,0.994121
E3-Strict-p030,29.6516,89,21,RLPolicy,1,1,0.0414148,0.693147,1.20397,3,3.55693,78,98,3.3817,386,0.997446
E3-Strict-p030,29.6757,83,83,RLPolicy,0,0,0,0,1.20397,1,3.12961,51,51,3.04527,386,1
E3-Strict-p030,29.6803,60,60,RLPolicy,0,0,0,0,1.20397,1,1.81714,13,13,1.79217,386,1
E3-Strict-p030,29.6821,173,173,RLPolicy,0,0,0,0,1.20397,1,2.02689,43,43,1.99451,386,1
E3-Strict-p030,29.6846,102,102,RLPolicy,0,0,0,0,1.20397,1,2.18711,18,18,2.15332,386,1
E3-Strict-p030,29.6869,35,35,RLPolicy,0,0,0,0,1.20397,1,2.19919,16,16,2.07896,17,1
E3-Strict-p030,29.6944,96,96,RLPolicy,0,0,0,0,1.20397,1,3.28312,38,38,3.18798,386,1
E3-Strict-p030,29.6949,183,183,RLPolicy,0,0,0,0,1.20397,1,2.24273,35,35,2.20301,386,1
E3-Strict-p030,29.6981,154,154,RLPolicy,0,0,0,0,1.20397,1,2.4065,4,4,2.37674,386,1
E3-Strict-p030,29.7018,11,11,RLPolicy,0,0,0,0,1.20397,1,1.93748,5,5,1.90617,387,1
E3-Strict-p030,29.7179,126,126,RLPolicy,0,0,0,0,1.20397,1,1.77775,31,31,1.74556,387,1
E3-Strict-p030,29.725,136,74,RLPolicy,1,1,0.0357746,0.693147,1.20397,3,5.83068,86,97,5.53782,387,0.997446
E3-Strict-p030,29.7331,108,108,RLPolicy,0,0,0,0,1.20397,1,1.92588,52,52,1.89173,387,1
E3-Strict-p030,29.7398,27,27,RLPolicy,0,0,0,0,1.20397,1,1.96814,57,57,1.93491,387,1
E3-Strict-p030,29.7501,106,106,RLPolicy,0,0,0,0,1.20397,1,2.00589,42,42,1.96874,387,1
E3-Strict-p030,29.7683,73,73,RLPolicy,0,0,0,0,1.20397,1,3.37036,66,66,3.32439,387,1
E3-Strict-p030,29.7693,82,82,RLPolicy,0,0,0,0,1.20397,1,6.12696,67,67,6.06537,387,0.997446
E3-Strict-p030,29.7745,123,123,RLPolicy,0,0,0,0,1.20397,1,2.06295,63,63,2.02602,387,1
E3-Strict-p030,29.7892,234,234,RLPolicy,0,0,0,0,1.20397,1,2.41157,18,18,2.37273,387,1
E3-Strict-p030,29.7909,131,64,RLPolicy,1,1,0.0462023,0.693147,1.20397,3,2.12649,43,55,2.00548,387,0.997446
E3-Strict-p030,29.8206,98,98,RLPolicy,0,0,0,0,1.20397,1,2.26546,13,13,2.22499,388,1
E3-Strict-p030,29.8236,5,5,RLPolicy,0,0,0,0,1.20397,1,2.12336,55,55,2.08239,388,0.993365
E3-Strict-p030,29.8346,92,92,RLPolicy,0,0,0,0,1.20397,1,6.84925,8,8,6.66484,388,1
E3-Strict-p030,29.8383,217,217,RLPolicy,0,0,0,0,1.20397,1,5.29545,36,36,5.23934,388,1
E3-Strict-p030,29.8393,128,128,RLPolicy,0,0,0,0,1.20397,1,1.64805,56,56,1.61172,17,1
E3-Strict-p030,29.847,184,184,RLPolicy,0,0,0,0,1.20397,1,2.12775,36,36,2.09829,388,1
E3-Strict-p030,29.8562,22,22,RLPolicy,0,0,0,0,1.20397,1,2.04448,42,42,2.01044,17,1
E3-Strict-p030,29.8632,34,34,RLPolicy,0,0,0,0,1.20397,1,2.82709,49,49,2.73738,388,0.997446
E3-Strict-p030,29.8635,162,162,RLPolicy,0,0,0,0,1.20397,1,1.96326,66,66,1.90699,2,1
E3-Strict-p030,29.87,138,138,RLPolicy,0,0,0,0,1.20397,1,2.97689,45,45,2.93086,388,1
E3-Strict-p030,29.8791,58,58,RLPolicy,0,0,0,0,1.20397,1,2.0354,65,65,2.00351,388,0.996831
E3-Strict-p030,29.8833,168,168,RLPolicy,0,0,0,0,1.20397,1,2.68209,59,59,2.63435,388,1
E3-Strict-p030,29.8973,230,230,RLPolicy,0,0,0,0,1.20397,1,1.87596,8,8,1.83834,388,1
E3-Strict-p030,29.9248,204,204,RLPolicy,0,0,0,0,1.20397,1,1.92674,65,65,1.89771,388,1
E3-Strict-p030,29.928,155,155,RLPolicy,0,0,0,0,1.20397,1,5.94747,53,53,5.82566,388,1
E3-Strict-p030,29.9403,181,181,RLPolicy,0,0,0,0,1.20397,1,1.75331,20,20,1.72557,388,1
E3-Strict-p030,29.9719,41,41,RLPolicy,0,0,0,0,1.20397,1,2.77642,66,66,2.69243,388,1
E3-Strict-p030,29.981,187,187,RLPolicy,0,0,0,0,1.20397,1,1.97178,21,21,1.94251,388,1
E3-Strict-p030,29.9815,69,69,RLPolicy,0,0,0,0,1.20397,1,2.44114,41,41,2.39033,388,1
E3-Strict-p030,29.9821,42,42,RLPolicy,0,0,0,0,1.20397,1,2.65754,16,16,2.61831,388,1
E3-Strict-p030,29.9879,144,144,RLPolicy,0,0,0,0,1.20397,1,2.25935,62,62,2.21928,388,0.997446
E3-Strict-p030,30.002,229,229,RLPolicy,0,0,0,0,1.20397,1,1.81331,64,64,1.77813,390,1
E3-Strict-p030,30.0054,194,332,RLPolicy,1,1,0.0640303,0.693147,1.20397,3,2.7969,83,91,2.72565,390,0.994892
E3-Strict-p030,30.0119,30,30,RLPolicy,0,0,0,0,1.20397,1,1.71539,12,12,1.69198,390,1
E3-Strict-p030,30.0153,21,21,RLPolicy,0,0,0,0,1.20397,1,2.16543,67,67,2.12966,390,0.997858
E3-Strict-p030,30.0171,24,24,RLPolicy,0,0,0,0,1.20397,1,1.66294,15,15,1.62461,17,1
E3-Strict-p030,30.0191,10,154,RLPolicy,1,1,0.0374441,0.387766,1.20397,3,6.68597,8,18,6.56572,390,0.995919
E3-Strict-p030,30.0261,198,198,RLPolicy,0,0,0,0,1.20397,1,1.87961,42,42,1.85033,390,1
E3-Strict-p030,30.0273,2,2,RLPolicy,0,0,0,0,1.20397,1,2.37288,35,35,2.33997,390,1
E3-Strict-p030,30.0348,4,4,RLPolicy,0,0,0,0,1.20397,1,1.81764,12,12,1.79116,390,1
E3-Strict-p030,30.0396,29,29,RLPolicy,0,0,0,0,1.20397,1,2.03349,27,27,2.00558,390,1
E3-Strict-p030,30.0461,165,165,RLPolicy,0,0,0,0,1.20397,1,2.0933,38,38,2.0416,17,1
E3-Strict-p030,30.0519,64,64,RLPolicy,0,0,0,0,1.20397,1,2.01322,48,48,1.97799,390,1
E3-Strict-p030,30.058,207,207,RLPolicy,0,0,0,0,1.20397,1,1.89202,42,42,1.86613,390,1
E3-Strict-p030,30.0581,139,139,RLPolicy,0,0,0,0,1.20397,1,2.84877,29,29,2.81295,390,1
E3-Strict-p030,30.0981,211,211,RLPolicy,0,0,0,0,1.20397,1,1.83804,16,16,1.81182,390,1
E3-Strict-p030,30.0981,129,129,RLPolicy,0,0,0,0,1.20397,1,1.96603,32,32,1.93497,390,1
E3-Strict-p030,30.1025,75,75,RLPolicy,0,0,0,0,1.20397,1,1.89247,44,44,1.86036,392,1
E3-Strict-p030,30.1207,57,57,RLPolicy,0,0,0,0,1.20397,1,2.00384,13,13,1.96511,392,1
E3-Strict-p030,30.1282,148,148,RLPolicy,0,0,0,0,1.20397,1,1.96782,3,3,1.93445,392,1
E3-Strict-p030,30.1691,130,130,RLPolicy,0,0,0,0,1.20397,1,1.48005,12,12,1.45057,17,1
E3-Strict-p030,30.1793,110,110,RLPolicy,0,0,0,0,1.20397,1,2.32667,18,18,2.28928,392,1
E3-Strict-p030,30.1834,31,31,RLPolicy,0,0,0,0,1.20397,1,2.35281,61,61,2.28451,392,1
E3-Strict-p030,30.1837,185,185,RLPolicy,0,0,0,0,1.20397,1,2.01989,31,31,1.98893,392,1
E3-Strict-p030,30.2045,202,202,RLPolicy,0,0,0,0,1.20397,1,1.43952,40,40,1.40744,17,1
E3-Strict-p030,30.2083,167,167,RLPolicy,0,0,0,0,1.20397,1,3.2869,46,46,3.14405,392,0.997446
E3-Strict-p030,30.2109,33,33,RLPolicy,0,0,0,0,1.20397,1,2.56552,36,36,2.51751,392,1
E3-Strict-p030,30.2147,219,219,RLPolicy,0,0,0,0,1.20397,1,2.20481,40,40,2.16875,392,1
E3-Strict-p030,30.2149,156,156,RLPolicy,0,0,0,0,1.20397,1,6.21739,67,67,6.10352,392,1
E3-Strict-p030,30.2357,71,71,RLPolicy,0,0,0,0,1.20397,1,1.37472,7,7,1.34579,17,1
E3-Strict-p030,30.2389,238,238,RLPolicy,0,0,0,0,1.20397,1,1.95214,8,8,1.91844,392,1
E3-Strict-p030,30.2418,70,70,RLPolicy,0,0,0,0,1.20397,1,1.95821,43,43,1.90503,392,1
E3-Strict-p030,30.2501,176,176,RLPolicy,0,0,0,0,1.20397,1,2.09527,11,11,2.03797,17,1
E3-Strict-p030,30.2538,125,125,RLPolicy,0,0,0,0,1.20397,1,2.2082,41,41,2.17681,392,1
E3-Strict-p030,30.2636,84,84,RLPolicy,0,0,0,0,1.20397,1,2.46528,57,57,2.42153,392,1
E3-Strict-p030,30.2779,231,231,RLPolicy,0,0,0,0,1.20397,1,2.1542,61,61,2.11435,392,1
E3-Strict-p030,30.302,87,87,RLPolicy,0,0,0,0,1.20397,1,1.80421,57,57,1.76198,2,0.997446
E3-Strict-p030,30.3166,104,104,RLPolicy,0,0,0,0,1.20397,1,2.38769,49,49,2.326,395,0.994892
E3-Strict-p030,30.3245,23,23,RLPolicy,0,0,0,0,1.20397,1,2.20286,63,63,2.16788,395,1
E3-Strict-p030,30.3271,195,195,RLPolicy,0,0,0,0,1.20397,1,2.45658,44,44,2.38957,395,1
E3-Strict-p030,30.3289,77,77,RLPolicy,0,0,0,0,1.20397,1,2.08556,41,41,2.05248,395,1
E3-Strict-p030,30.3318,224,224,RLPolicy,0,0,0,0,1.20397,1,2.48285,7,7,2.42624,395,1
E3-Strict-p030,30.3412,79,79,RLPolicy,0,0,0,0,1.20397,1,2.00185,56,56,1.97058,395,0.997446
E3-Strict-p030,30.3419,32,32,RLPolicy,0,0,0,0,1.20397,1,2.53325,66,66,2.45681,395,1
E3-Strict-p030,30.3441,37,37,RLPolicy,0,0,0,0,1.20397,1,2.01465,7,7,1.98485,395,1
E3-Strict-p030,30.373,236,236,RLPolicy,0,0,0,0,1.20397,1,2.21675,46,46,2.18162,395,1
E3-Strict-p030,30.3826,157,157,RLPolicy,0,0,0,0,1.20397,1,2.51738,28,28,2.47254,395,1
E3-Strict-p030,30.3841,170,170,RLPolicy,0,0,0,0,1.20397,1,2.36472,32,32,2.32579,395,1
E3-Strict-p030,30.3957,158,158,RLPolicy,0,0,0,0,1.20397,1,3.25956,50,50,3.20319,395,1
E3-Strict-p030,30.4308,215,215,RLPolicy,0,0,0,0,1.20397,1,1.7397,13,13,1.71297,396,1
E3-Strict-p030,30.4504,191,191,RLPolicy,0,0,0,0,1.20397,1,1.89247,71,71,1.86185,396,1
E3-Strict-p030,30.4532,28,28,RLPolicy,0,0,0,0,1.20397,1,1.92376,54,54,1.89043,396,0.997446
E3-Strict-p030,30.4663,72,72,RLPolicy,0,0,0,0,1.20397,1,1.94285,10,10,1.91445,396,1
E3-Strict-p030,30.4682,197,197,RLPolicy,0,0,0,0,1.20397,1,1.94688,38,38,1.91625,396,1
E3-Strict-p030,30.4806,85,85,RLPolicy,0,0,0,0,1.20397,1,1.99279,3,3,1.95657,396,1
E3-Strict-p030,30.4809,18,18,RLPolicy,0,0,0,0,1.20397,1,2.3167,60,60,2.27406,396,1
E3-Strict-p030,30.4816,132,132,RLPolicy,0,0,0,0,1.20397,1,1.82885,9,9,1.80165,396,1
E3-Strict-p030,30.501,171,171,RLPolicy,0,0,0,0,1.20397,1,2.57473,24,24,2.53647,396,1
E3-Strict-p030,30.5044,6,6,RLPolicy,0,0,0,0,1.20397,1,1.81509,31,31,1.78767,396,1
E3-Strict-p030,30.5125,142,142,RLPolicy,0,0,0,0,1.20397,1,2.47019,39,39,2.43154,396,1
E3-Strict-p030,30.5148,78,78,RLPolicy,0,0,0,0,1.20397,1,2.22785,37,37,2.18146,396,0.997446
E3-Strict-p030,30.5245,233,233,RLPolicy,0,0,0,0,1.20397,1,2.2201,40,40,2.17917,396,1
E3-Strict-p030,30.5295,227,227,RLPolicy,0,0,0,0,1.20397,1,2.09774,42,42,2.06087,396,1
E3-Strict-p030,30.541,226,226,RLPolicy,0,0,0,0,1.20397,1,2.10305,14,14,2.05474,396,1
E3-Strict-p030,30.568,188,188,RLPolicy,0,0,0,0,1.20397,1,1.84768,4,4,1.82368,396,0.997446
E3-Strict-p030,30.5684,119,119,RLPolicy,0,0,0,0,1.20397,1,2.01457,68,68,1.98442,396,1
E3-Strict-p030,30.5853,199,199,RLPolicy,0,0,0,0,1.20397,1,1.8417,64,64,1.81304,396,1
E3-Strict-p030,30.5908,146,146,RLPolicy,0,0,0,0,1.20397,1,2.23177,4,4,2.1956,396,1
E3-Strict-p030,30.6015,213,213,RLPolicy,0,0,0,0,1.20397,1,1.83164,33,33,1.80264,400,1
E3-Strict-p030,30.602,47,47,RLPolicy,0,0,0,0,1.20397,1,2.74058,70,70,2.69868,400,1
E3-Strict-p030,30.6026,13,13,RLPolicy,0,0,0,0,1.20397,1,2.19183,44,44,2.15575,400,0.999385
E3-Strict-p030,30.6137,223,223,RLPolicy,0,0,0,0,1.20397,1,1.92975,61,61,1.89946,400,1
E3-Strict-p030,30.6161,100,100,RLPolicy,0,0,0,0,1.20397,1,5.71347,17,17,5.66903,400,1
E3-Strict-p030,30.6323,97,97,RLPolicy,0,0,0,0,1.20397,1,3.35189,28,28,3.30727,400,1
E3-Strict-p030,30.6336,175,175,RLPolicy,0,0,0,0,1.20397,1,2.87565,10,10,2.8353,400,1
E3-Strict-p030,30.6379,95,95,RLPolicy,0,0,0,0,1.20397,1,2.71542,47,47,2.64715,400,1
E3-Strict-p030,30.6521,90,90,RLPolicy,0,0,0,0,1.20397,1,2.64901,27,27,2.60236,400,0.997446
E3-Strict-p030,30.6686,221,221,RLPolicy,0,0,0,0,1.20397,1,2.38001,37,37,2.32923,400,0.997446
E3-Strict-p030,30.6751,122,122,RLPolicy,0,0,0,0,1.20397,1,2.58898,45,45,2.53581,400,1
E3-Strict-p030,30.6773,248,248,RLPolicy,0,0,0,0,1.20397,1,2.38842,42,42,2.34577,400,1
E3-Strict-p030,30.6879,206,206,RLPolicy,0,0,0,0,1.20397,1,2.82978,3,3,2.79309,400,1
E3-Strict-p030,30.6888,189,189,RLPolicy,0,0,0,0,1.20397,1,2.27242,56,56,2.22836,400,1
E3-Strict-p030,30.7003,140,140,RLPolicy,0,0,0,0,1.20397,1,2.14812,30,30,2.11659,402,1
E3-Strict-p030,30.7076,15,15,RLPolicy,0,0,0,0,1.20397,1,2.26111,13,13,2.21906,402,1
E3-Strict-p030,30.71,36,36,RLPolicy,0,0,0,0,1.20397,1,2.04376,11,11,2.0125,402,1
E3-Strict-p030,30.7118,137,137,RLPolicy,0,0,0,0,1.20397,1,1.96699,21,21,1.93905,402,1
E3-Strict-p030,30.7291,243,243,RLPolicy,0,0,0,0,1.20397,1,2.59736,65,65,2.55952,402,1
E3-Strict-p030,30.7297,134,134,RLPolicy,0,0,0,0,1.20397,1,1.70651,6,6,1.68091,402,1
E3-Strict-p030,30.7337,159,159,RLPolicy,0,0,0,0,1.20397,1,2.49479,17,17,2.44215,402,1
E3-Strict-p030,30.7364,141,141,RLPolicy,0,0,0,0,1.20397,1,2.20884,57,57,2.16884,402,1
E3-Strict-p030,30.7478,153,153,RLPolicy,0,0,0,0,1.20397,1,2.5668,46,46,2.52808,402,1
E3-Strict-p030,30.7548,160,160,RLPolicy,0,0,0,0,1.20397,1,2.20543,7,7,2.17065,402,1
E3-Strict-p030,30.756,237,237,RLPolicy,0,0,0,0,1.20397,1,2.66557,44,44,2.61501,402,1
E3-Strict-p030,30.7643,135,135,RLPolicy,0,0,0,0,1.20397,1,2.25351,51,51,2.21222,402,1
E3-Strict-p030,30.7716,163,163,RLPolicy,0,0,0,0,1.20397,1,3.54133,36,36,3.46441,402,1
E3-Strict-p030,30.7786,51,51,RLPolicy,0,0,0,0,1.20397,1,2.63423,12,12,2.48843,4,1
E3-Strict-p030,30.7823,88,88,RLPolicy,0,0,0,0,1.20397,1,2.30065,29,29,2.25078,402,1
E3-Strict-p030,30.7889,121,121,RLPolicy,0,0,0,0,1.20397,1,2.40046,3,3,2.36247,402,1
E3-Strict-p030,30.7959,101,98,RLPolicy,1,1,0.0281225,0.693147,1.20397,3,2.74751,27,31,2.65001,402,0.997446
E3-Strict-p030,30.8089,232,232,RLPolicy,0,0,0,0,1.20397,1,5.25657,40,40,5.20335,404,1
E3-Strict-p030,30.8131,14,14,RLPolicy,0,0,0,0,1.20397,1,6.29981,20,20,6.25185,404,1
E3-Strict-p030,30.8149,16,16,RLPolicy,0,0,0,0,1.20397,1,3.20624,27,27,3.15676,404,1
E3-Strict-p030,30.8287,9,9,RLPolicy,0,0,0,0,1.20397,1,2.07141,45,45,2.0396,404,1
E3-Strict-p030,30.8364,192,192,RLPolicy,0,0,0,0,1.20397,1,1.7131,8,8,1.6789,2,1
E3-Strict-p030,30.8439,26,26,RLPolicy,0,0,0,0,1.20397,1,2.03654,7,7,1.98187,404,1
E3-Strict-p030,30.8562,200,200,RLPolicy,0,0,0,0,1.20397,1,2.13951,32,32,2.10358,404,1
E3-Strict-p030,30.8572,164,164,RLPolicy,0,0,0,0,1.20397,1,6.58538,63,63,6.48452,404,1
E3-Strict-p030,30.8736,235,235,RLPolicy,0,0,0,0,1.20397,1,2.50928,51,51,2.46519,404,1
E3-Strict-p030,30.8776,62,62,RLPolicy,0,0,0,0,1.20397,1,3.43449,12,12,3.38832,404,1
E3-Strict-p030,30.8881,222,222,RLPolicy,0,0,0,0,1.20397,1,1.98323,34,34,1.88375,404,1
E3-Strict-p030,30.8959,212,212,RLPolicy,0,0,0,0,1.20397,1,2.23133,67,67,2.17805,404,1
E3-Strict-p030,30.9097,80,80,RLPolicy,0,0,0,0,1.20397,1,1.99922,72,72,1.96381,405,1
E3-Strict-p030,30.9144,240,240,RLPolicy,0,0,0,0,1.20397,1,2.06144,19,19,2.03217,405,1
E3-Strict-p030,30.9219,203,203,RLPolicy,0,0,0,0,1.20397,1,2.04647,46,46,2.01388,405,1
E3-Strict-p030,30.9569,149,149,RLPolicy,0,0,0,0,1.20397,1,2.40536,65,65,2.35177,405,1
E3-Strict-p030,30.9654,40,332,RLPolicy,1,1,0.0410678,1.08091,1.20397,4,3.53399,86,152,3.28028,405,0.999385
E3-Strict-p030,30.9679,56,56,RLPolicy,0,0,0,0,1.20397,1,2.95948,55,55,2.86488,405,1
E3-Strict-p030,30.978,117,117,RLPolicy,0,0,0,0,1.20397,1,2.53095,44,44,2.48204,405,1
E3-Strict-p030,30.9785,208,208,RLPolicy,0,0,0,0,1.20397,1,2.74995,17,17,2.71035,405,1
E3-Strict-p030,30.98,218,218,RLPolicy,0,0,0,0,1.20397,1,2.18194,65,65,2.14456,405,1
E3-Strict-p030,30.9819,247,247,RLPolicy,0,0,0,0,1.20397,1,2.44998,48,48,2.40723,405,1
E3-Strict-p030,30.986,205,205,RLPolicy,0,0,0,0,1.20397,1,1.83842,58,58,1.79848,18,1
E3-Strict-p030,31.0064,166,166,RLPolicy,0,0,0,0,1.20397,1,2.61865,38,38,2.57938,405,1
E3-Strict-p030,31.0125,161,161,RLPolicy,0,0,0,0,1.20397,1,2.72172,44,44,2.66782,405,1
E3-Strict-p030,31.0259,150,150,RLPolicy,0,0,0,0,1.20397,1,2.12225,48,48,2.09122,405,1
E3-Strict-p030,31.0289,220,220,RLPolicy,0,0,0,0,1.20397,1,2.16753,22,22,2.13628,405,1
E3-Strict-p030,31.0345,196,196,RLPolicy,0,0,0,0,1.20397,1,2.14771,17,17,2.11007,405,1
E3-Strict-p030,31.0358,116,116,RLPolicy,0,0,0,0,1.20397,1,2.69902,45,45,2.6297,405,0.997446
E3-Strict-p030,31.045,177,177,RLPolicy,0,0,0,0,1.20397,1,2.53375,42,42,2.49109,405,1
E3-Strict-p030,31.0512,180,180,RLPolicy,0,0,0,0,1.20397,1,3.05597,13,13,3.00932,405,1
E3-Strict-p030,31.0587,20,20,RLPolicy,0,0,0,0,1.20397,1,2.72044,66,66,2.66592,405,0.999385
E3-Strict-p030,31.06,3,423,RLPolicy,1,1,0.0259451,0.693147,1.20397,3,2.52043,39,48,2.40915,405,0.997446
E3-Strict-p030,31.0602,19,19,RLPolicy,0,0,0,0,1.20397,1,3.20181,44,44,3.12743,405,1
E3-Strict-p030,31.0895,45,45,RLPolicy,0,0,0,0,1.20397,1,2.58919,7,7,2.52703,405,1
E3-Strict-p030,31.092,111,111,RLPolicy,0,0,0,0,1.20397,1,2.76491,71,71,2.71401,405,1
E3-Strict-p030,31.0993,46,46,RLPolicy,0,0,0,0,1.20397,1,2.42656,37,37,2.38098,405,0.996831
E3-Strict-p030,31.1068,249,249,RLPolicy,0,0,0,0,1.20397,1,3.94841,17,17,3.9099,409,1
E3-Strict-p030,31.1089,209,209,RLPolicy,0,0,0,0,1.20397,1,1.64381,3,3,1.60521,409,1
E3-Strict-p030,31.1136,43,43,RLPolicy,0,0,0,0,1.20397,1,4.15757,69,69,4.11346,409,1
E3-Strict-p030,31.1179,179,179,RLPolicy,0,0,0,0,1.20397,1,7.49906,43,43,7.41061,409,1
E3-Strict-p030,31.1314,145,145,RLPolicy,0,0,0,0,1.20397,1,2.24338,65,65,2.20794,409,0.997446
E3-Strict-p030,31.1394,12,12,RLPolicy,0,0,0,0,1.20397,1,2.92835,58,58,2.88767,409,0.992338
E3-Strict-p030,31.1454,63,63,RLPolicy,0,0,0,0,1.20397,1,5.76662,26,26,5.70613,409,1
E3-Strict-p030,31.1508,81,81,RLPolicy,0,0,0,0,1.20397,1,2.51336,16,16,2.4805,409,1
E3-Strict-p030,31.16,178,178,RLPolicy,0,0,0,0,1.20397,1,2.4598,9,9,2.40763,409,1
E3-Strict-p030,31.1626,25,25,RLPolicy,0,0,0,0,1.20397,1,2.5247,55,55,2.45303,409,0.996831
E3-Strict-p030,31.1741,264,264,RLPolicy,0,0,0,0,1.20397,1,2.3594,17,17,2.31617,18,1
E3-Strict-p030,31.1995,103,103,RLPolicy,0,0,0,0,1.20397,1,2.80355,59,59,2.76133,409,1
E3-Strict-p030,31.1999,244,244,RLPolicy,0,0,0,0,1.20397,1,3.18331,49,49,3.12933,409,1
E3-Strict-p030,31.2047,105,105,RLPolicy,0,0,0,0,1.20397,1,3.91915,59,59,3.85217,411,1
E3-Strict-p030,31.2053,76,76,RLPolicy,0,0,0,0,1.20397,1,2.23729,72,72,2.19729,411,1
E3-Strict-p030,31.2056,210,210,RLPolicy,0,0,0,0,1.20397,1,1.77812,9,9,1.75122,411,1
E3-Strict-p030,31.2063,107,107,RLPolicy,0,0,0,0,1.20397,1,2.72531,52,52,2.64869,411,0.994892
E3-Strict-p030,31.2104,245,245,RLPolicy,0,0,0,0,1.20397,1,2.06161,44,44,2.01646,18,1
E3-Strict-p030,31.2106,172,172,RLPolicy,0,0,0,0,1.20397,1,2.43129,65,65,2.37473,18,0.997446
E3-Strict-p030,31.2211,147,147,RLPolicy,0,0,0,0,1.20397,1,1.81694,52,52,1.78566,2,1
E3-Strict-p030,31.2216,174,174,RLPolicy,0,0,0,0,1.20397,1,2.23393,64,64,2.19378,411,1
E3-Strict-p030,31.2218,112,112,RLPolicy,0,0,0,0,1.20397,1,2.43036,69,69,2.38959,411,1
E3-Strict-p030,31.225,225,225,RLPolicy,0,0,0,0,1.20397,1,2.40222,54,54,2.36937,411,1
E3-Strict-p030,31.2259,54,54,RLPolicy,0,0,0,0,1.20397,1,2.54997,8,8,2.48404,411,1
E3-Strict-p030,31.2315,38,38,RLPolicy,0,0,0,0,1.20397,1,2.25165,48,48,2.2199,411,1
E3-Strict-p030,31.237,66,66,RLPolicy,0,0,0,0,1.20397,1,2.65601,38,38,2.61052,411,1
E3-Strict-p030,31.242,50,50,RLPolicy,0,0,0,0,1.20397,1,2.9718,58,58,2.92032,411,1
E3-Strict-p030,31.2423,52,52,RLPolicy,0,0,0,0,1.20397,1,6.63709,53,53,6.53141,411,1
E3-Strict-p030,31.2432,190,190,RLPolicy,0,0,0,0,1.20397,1,2.89013,46,46,2.82688,411,1
E3-Strict-p030,31.247,114,114,RLPolicy,0,0,0,0,1.20397,1,2.44444,3,3,2.40546,411,1
E3-Strict-p030,31.2636,39,39,RLPolicy,0,0,0,0,1.20397,1,2.21097,44,44,2.16352,411,1
E3-Strict-p030,31.2692,152,152,RLPolicy,0,0,0,0,1.20397,1,2.51932,20,20,2.46432,411,1
E3-Strict-p030,31.2738,258,258,RLPolicy,0,0,0,0,1.20397,1,2.42339,42,42,2.38282,411,1
E3-Strict-p030,31.2786,120,120,RLPolicy,0,0,0,0,1.20397,1,2.12266,8,8,2.08768,411,1
E3-Strict-p030,31.2872,59,28,RLPolicy,1,1,0.0431657,0.693147,1.20397,3,2.68748,45,64,2.48696,411,0.994892
E3-Strict-p030,31.3116,49,49,RLPolicy,0,0,0,0,1.20397,1,2.99757,9,9,2.95005,412,1
E3-Strict-p030,31.317,68,68,RLPolicy,0,0,0,0,1.20397,1,2.58471,12,12,2.54638,412,1
E3-Strict-p030,31.3184,86,86,RLPolicy,0,0,0,0,1.20397,1,1.96277,11,11,1.93444,412,1
E3-Strict-p030,31.3234,109,109,RLPolicy,0,0,0,0,1.20397,1,3.03121,29,29,2.91479,412,0.997446
E3-Strict-p030,31.3471,1,1,RLPolicy,0,0,0,0,1.20397,1,2.69945,12,12,2.63017,412,1
E3-Strict-p030,31.3654,7,7,RLPolicy,0,0,0,0,1.20397,1,2.42953,44,44,2.39255,412,1
E3-Strict-p030,31.3752,228,228,RLPolicy,0,0,0,0,1.20397,1,1.78347,1,1,1.75866,412,1
E3-Strict-p030,31.3795,214,214,RLPolicy,0,0,0,0,1.20397,1,2.1792,40,40,2.14866,412,1
E3-Strict-p030,31.3911,8,8,RLPolicy,0,0,0,0,1.20397,1,2.21578,60,60,2.18023,412,1
E3-Strict-p030,31.4006,151,151,RLPolicy,0,0,0,0,1.20397,1,2.16652,55,55,2.11921,415,1
E3-Strict-p030,31.4012,182,182,RLPolicy,0,0,0,0,1.20397,1,5.49579,66,66,5.43184,415,1
E3-Strict-p030,31.416,17,17,RLPolicy,0,0,0,0,1.20397,1,2.69184,54,54,2.64341,415,0.997858
E3-Strict-p030,31.4246,201,201,RLPolicy,0,0,0,0,1.20397,1,2.25747,52,52,2.22579,415,1
E3-Strict-p030,31.4255,67,67,RLPolicy,0,0,0,0,1.20397,1,2.51649,41,41,2.47624,415,0.997446
E3-Strict-p030,31.4394,255,255,RLPolicy,0,0,0,0,1.20397,1,2.50572,23,23,2.46759,415,1
E3-Strict-p030,31.4553,94,38,RLPolicy,1,1,0.0339026,0.693147,1.20397,3,2.75065,98,103,2.59732,415,0.997446
E3-Strict-p030,31.4573,74,74,RLPolicy,0,0,0,0,1.20397,1,2.6078,51,51,2.53766,415,1
E3-Strict-p030,31.4602,65,65,RLPolicy,0,0,0,0,1.20397,1,2.72258,12,12,2.63209,415,1
E3-Strict-p030,31.4684,61,61,RLPolicy,0,0,0,0,1.20397,1,2.84909,69,69,2.80898,415,0.997446
E3-Strict-p030,31.4817,48,38,RLPolicy,1,1,0.0458921,0.693147,1.20397,3,3.27274,101,122,2.8058,415,0.997446
E3-Strict-p030,31.4905,216,216,RLPolicy,0,0,0,0,1.20397,1,2.72383,68,68,2.68277,415,1
E3-Strict-p030,31.499,99,99,RLPolicy,0,0,0,0,1.20397,1,2.29609,40,40,2.26242,415,1
E3-Strict-p030,31.5034,55,55,RLPolicy,0,0,0,0,1.20397,1,2.15757,13,13,2.12673,419,1
E3-Strict-p030,31.5143,93,93,RLPolicy,0,0,0,0,1.20397,1,2.19458,62,62,2.15979,419,1
E3-Strict-p030,31.5147,53,53,RLPolicy,0,0,0,0,1.20397,1,2.69843,28,28,2.62369,419,1
E3-Strict-p030,31.5196,113,7,RLPolicy,1,1,0.0376926,0.693147,1.20397,3,2.93626,61,76,2.79079,419,0.994892
E3-Strict-p030,31.5226,44,44,RLPolicy,0,0,0,0,1.20397,1,2.30433,30,30,2.27021,419,1
E3-Strict-p030,31.5226,268,268,RLPolicy,0,0,0,0,1.20397,1,2.884,45,45,2.82533,419,1
E3-Strict-p030,31.5267,274,274,RLPolicy,0,0,0,0,1.20397,1,2.9945,41,41,2.95898,2,1
E3-Strict-p030,31.5304,0,0,RLPolicy,0,0,0,0,1.20397,1,2.57339,60,60,2.52066,419,1
E3-Strict-p030,31.5349,124,124,RLPolicy,0,0,0,0,1.20397,1,2.68749,57,57,2.62498,419,0.997446
E3-Strict-p030,31.5365,186,186,RLPolicy,0,0,0,0,1.20397,1,2.83555,49,49,2.78141,419,1
E3-Strict-p030,31.546,169,349,RLPolicy,1,1,0.0426232,0.693147,1.20397,3,3.4957,71,85,3.36301,419,0.994892
E3-Strict-p030,31.547,91,91,RLPolicy,0,0,0,0,1.20397,1,2.3338,42,42,2.29401,419,1
E3-Strict-p030,31.5542,273,273,RLPolicy,0,0,0,0,1.20397,1,2.76588,55,55,2.719,419,1
E3-Strict-p030,31.5606,115,115,RLPolicy,0,0,0,0,1.20397,1,2.99754,66,66,2.93064,419,1
E3-Strict-p030,31.5775,118,118,RLPolicy,0,0,0,0,1.20397,1,4.98388,58,58,4.9426,419,1
E3-Strict-p030,31.5875,127,213,RLPolicy,1,1,0.057256,0.693147,1.20397,3,2.60365,25,29,2.49031,419,0.997446
E3-Strict-p030,31.5961,193,193,RLPolicy,0,0,0,0,1.20397,1,2.56497,63,63,2.52215,419,1
E3-Strict-p030,31.597,242,242,RLPolicy,0,0,0,0,1.20397,1,2.68801,50,50,2.62948,419,1
E3-Strict-p030,31.5972,260,260,RLPolicy,0,0,0,0,1.20397,1,2.55377,48,48,2.50502,19,1
E3-Strict-p030,31.6055,241,241,RLPolicy,0,0,0,0,1.20397,1,2.28274,10,10,2.24585,419,1
E3-Strict-p030,31.6262,143,143,RLPolicy,0,0,0,0,1.20397,1,2.14931,8,8,2.11693,419,1
E3-Strict-p030,31.6316,253,253,RLPolicy,0,0,0,0,1.20397,1,2.64004,64,64,2.59865,419,1
E3-Strict-p030,31.6365,251,332,RLPolicy,1,1,0.0677558,0.693147,1.20397,3,2.66917,97,106,2.55009,419,0.997446
E3-Strict-p030,31.6418,133,133,RLPolicy,0,0,0,0,1.20397,1,2.54034,48,48,2.50349,419,0.994121
E3-Strict-p030,31.6516,89,89,RLPolicy,0,0,0,0,1.20397,1,2.35025,42,42,2.31187,419,0.997446
E3-Strict-p030,31.6757,83,83,RLPolicy,0,0,0,0,1.20397,1,2.76677,53,53,2.72143,419,1
E3-Strict-p030,31.6803,60,60,RLPolicy,0,0,0,0,1.20397,1,2.78789,19,19,2.74263,419,1
E3-Strict-p030,31.6821,173,173,RLPolicy,0,0,0,0,1.20397,1,3.1677,48,48,3.09973,419,1
E3-Strict-p030,31.6846,102,102,RLPolicy,0,0,0,0,1.20397,1,2.16577,23,23,2.13607,419,1
E3-Strict-p030,31.685,246,246,RLPolicy,0,0,0,0,1.20397,1,2.54563,41,41,2.4932,419,1
E3-Strict-p030,31.6869,35,154,RLPolicy,1,1,0.0221187,0.693147,1.20397,3,2.68632,19,22,2.58257,419,0.997446
E3-Strict-p030,31.6944,96,96,RLPolicy,0,0,0,0,1.20397,1,2.59047,40,40,2.5406,419,1
E3-Strict-p030,31.6949,183,183,RLPolicy,0,0,0,0,1.20397,1,2.55381,34,34,2.51786,419,1
E3-Strict-p030,31.6981,154,154,RLPolicy,0,0,0,0,1.20397,1,2.74745,5,5,2.71162,419,1
E3-Strict-p030,31.7015,267,267,RLPolicy,0,0,0,0,1.20397,1,2.65855,57,57,2.61927,419,1
E3-Strict-p030,31.7018,11,11,RLPolicy,0,0,0,0,1.20397,1,2.28857,5,5,2.25621,419,1
E3-Strict-p030,31.7095,266,266,RLPolicy,0,0,0,0,1.20397,1,2.48276,44,44,2.41949,419,1
E3-Strict-p030,31.7179,126,126,RLPolicy,0,0,0,0,1.20397,1,2.89134,37,37,2.84632,419,1
E3-Strict-p030,31.7213,239,239,RLPolicy,0,0,0,0,1.20397,1,2.63561,41,41,2.59286,419,1
E3-Strict-p030,31.725,136,136,RLPolicy,0,0,0,0,1.20397,1,2.53377,41,41,2.49808,419,0.997446
E3-Strict-p030,31.7331,108,108,RLPolicy,0,0,0,0,1.20397,1,3.44948,54,54,3.32574,419,1
E3-Strict-p030,31.7354,257,91,RLPolicy,1,1,0.0590452,0.693147,1.20397,3,2.84067,96,98,2.71109,419,0.997446
E3-Strict-p030,31.7398,27,27,RLPolicy,0,0,0,0,1.20397,1,2.92392,58,58,2.85775,419,1
E3-Strict-p030,31.7501,106,106,RLPolicy,0,0,0,0,1.20397,1,2.68922,44,44,2.62876,419,1
E3-Strict-p030,31.7543,262,262,RLPolicy,0,0,0,0,1.20397,1,2.26662,38,38,2.20699,2,1
E3-Strict-p030,31.7683,73,73,RLPolicy,0,0,0,0,1.20397,1,2.36192,69,69,2.32239,419,1
E3-Strict-p030,31.7693,82,82,RLPolicy,0,0,0,0,1.20397,1,4.31609,72,72,4.24028,419,0.997446
E3-Strict-p030,31.7726,271,271,RLPolicy,0,0,0,0,1.20397,1,2.35011,37,37,2.3154,419,1
E3-Strict-p030,31.7745,123,123,RLPolicy,0,0,0,0,1.20397,1,2.64677,64,64,2.59811,419,1
E3-Strict-p030,31.7892,234,234,RLPolicy,0,0,0,0,1.20397,1,2.57722,23,23,2.54575,419,1
E3-Strict-p030,31.7909,131,131,RLPolicy,0,0,0,0,1.20397,1,2.48222,26,26,2.44573,419,0.997446
E3-Strict-p030,31.7917,275,275,RLPolicy,0,0,0,0,1.20397,1,2.58378,70,70,2.54486,419,1
E3-Strict-p030,31.8192,252,252,RLPolicy,0,0,0,0,1.20397,1,2.34896,59,59,2.31011,420,1
E3-Strict-p030,31.8206,98,98,RLPolicy,0,0,0,0,1.20397,1,2.18558,15,15,2.15631,420,1
E3-Strict-p030,31.8236,5,5,RLPolicy,0,0,0,0,1.20397,1,2.6325,59,59,2.58486,420,0.993365
E3-Strict-p030,31.8346,92,92,RLPolicy,0,0,0,0,1.20397,1,2.24236,14,14,2.20947,420,1
E3-Strict-p030,31.8383,217,217,RLPolicy,0,0,0,0,1.20397,1,2.40574,41,41,2.37261,420,1
E3-Strict-p030,31.8393,128,128,RLPolicy,0,0,0,0,1.20397,1,3.3593,51,51,3.30783,19,1
E3-Strict-p030,31.847,184,184,RLPolicy,0,0,0,0,1.20397,1,3.25926,41,41,3.205,420,1
E3-Strict-p030,31.8562,22,22,RLPolicy,0,0,0,0,1.20397,1,2.76438,48,48,2.71027,420,1
E3-Strict-p030,31.8632,34,34,RLPolicy,0,0,0,0,1.20397,1,2.26114,73,73,2.2207,420,0.997446
E3-Strict-p030,31.8635,162,162,RLPolicy,0,0,0,0,1.20397,1,2.52678,68,68,2.45723,420,1
E3-Strict-p030,31.87,138,138,RLPolicy,0,0,0,0,1.20397,1,2.01846,49,49,1.95596,19,1
E3-Strict-p030,31.8787,254,254,RLPolicy,0,0,0,0,1.20397,1,2.40687,55,55,2.36596,420,1
E3-Strict-p030,31.8791,58,66,RLPolicy,1,1,0.0405165,0.693147,1.20397,3,3.4713,105,121,3.30007,420,0.994276
E3-Strict-p030,31.8833,168,168,RLPolicy,0,0,0,0,1.20397,1,2.36942,72,72,2.32459,420,1
E3-Strict-p030,31.8863,269,269,RLPolicy,0,0,0,0,1.20397,1,2.3442,71,71,2.30297,420,1
E3-Strict-p030,31.8973,230,230,RLPolicy,0,0,0,0,1.20397,1,1.90252,8,8,1.87611,420,1
E3-Strict-p030,31.9248,204,204,RLPolicy,0,0,0,0,1.20397,1,3.02268,65,65,2.98295,422,1
E3-Strict-p030,31.928,155,155,RLPolicy,0,0,0,0,1.20397,1,2.26567,57,57,2.23118,422,1
E3-Strict-p030,31.9403,181,181,RLPolicy,0,0,0,0,1.20397,1,2.65779,21,21,2.61631,422,1
E3-Strict-p030,31.9719,41,41,RLPolicy,0,0,0,0,1.20397,1,2.86607,69,69,2.81923,422,1
E3-Strict-p030,31.981,187,187,RLPolicy,0,0,0,0,1.20397,1,2.92708,29,29,2.88707,422,1
E3-Strict-p030,31.9815,69,69,RLPolicy,0,0,0,0,1.20397,1,2.97543,46,46,2.93849,422,1
E3-Strict-p030,31.9821,42,42,RLPolicy,0,0,0,0,1.20397,1,2.2734,16,16,2.24431,422,1
E3-Strict-p030,31.9879,144,144,RLPolicy,0,0,0,0,1.20397,1,1.986,65,65,1.93416,19,0.997446
E3-Strict-p030,32.002,229,270,RLPolicy,1,1,0.0660517,0.693147,1.20397,3,2.1408,108,138,2.01396,425,0.997446
E3-Strict-p030,32.0054,194,194,RLPolicy,0,0,0,0,1.20397,1,5.80611,53,53,5.74387,425,0.994892
E3-Strict-p030,32.0119,30,30,RLPolicy,0,0,0,0,1.20397,1,5.85367,14,14,5.77237,425,1
E3-Strict-p030,32.0153,21,21,RLPolicy,0,0,0,0,1.20397,1,3.17212,70,70,3.0957,425,0.997858
E3-Strict-p030,32.0171,24,24,RLPolicy,0,0,0,0,1.20397,1,2.79947,21,21,2.71942,19,1
E3-Strict-p030,32.0191,10,10,RLPolicy,0,0,0,0,1.20397,1,2.50565,11,11,2.46444,425,0.995919
E3-Strict-p030,32.0214,256,256,RLPolicy,0,0,0,0,1.20397,1,2.18899,3,3,2.14588,425,1
E3-Strict-p030,32.0261,198,198,RLPolicy,0,0,0,0,1.20397,1,3.4995,43,43,3.43205,425,1
E3-Strict-p030,32.0273,2,2,RLPolicy,0,0,0,0,1.20397,1,3.08576,43,43,3.02054,425,1
E3-Strict-p030,32.0348,4,4,RLPolicy,0,0,0,0,1.20397,1,2.69093,12,12,2.64298,425,1
E3-Strict-p030,32.0396,29,199,RLPolicy,1,1,0.0310063,0.775531,1.20397,4,2.84503,71,142,2.59575,425,0.997858
E3-Strict-p030,32.0461,165,165,RLPolicy,0,0,0,0,1.20397,1,2.38366,43,43,2.34916,425,1
E3-Strict-p030,32.0519,64,64,RLPolicy,0,0,0,0,1.20397,1,2.85129,53,53,2.79862,19,1
E3-Strict-p030,32.058,207,207,RLPolicy,0,0,0,0,1.20397,1,3.17008,45,45,3.0855,425,1
E3-Strict-p030,32.0581,139,139,RLPolicy,0,0,0,0,1.20397,1,2.88864,34,34,2.82004,425,1
E3-Strict-p030,32.0981,211,211,RLPolicy,0,0,0,0,1.20397,1,3.19783,21,21,3.12569,425,1
E3-Strict-p030,32.0981,129,129,RLPolicy,0,0,0,0,1.20397,1,3.2645,16,16,3.21544,425,1
E3-Strict-p030,32.1025,75,75,RLPolicy,0,0,0,0,1.20397,1,3.06211,49,49,2.97911,426,1
E3-Strict-p030,32.1207,57,57,RLPolicy,0,0,0,0,1.20397,1,5.95541,9,9,5.8795,20,1
E3-Strict-p030,32.1282,148,148,RLPolicy,0,0,0,0,1.20397,1,1.96619,4,4,1.93762,426,1
E3-Strict-p030,32.1384,283,283,RLPolicy,0,0,0,0,1.20397,1,2.61557,60,60,2.56793,426,1
E3-Strict-p030,32.168,282,282,RLPolicy,0,0,0,0,1.20397,1,3.18068,65,65,3.13343,426,1
E3-Strict-p030,32.1691,130,130,RLPolicy,0,0,0,0,1.20397,1,2.85803,13,13,2.80111,426,1
E3-Strict-p030,32.1793,110,110,RLPolicy,0,0,0,0,1.20397,1,2.09773,19,19,2.05984,426,1
E3-Strict-p030,32.1834,31,31,RLPolicy,0,0,0,0,1.20397,1,2.8452,61,61,2.78842,426,1
E3-Strict-p030,32.1837,185,185,RLPolicy,0,0,0,0,1.20397,1,3.06564,34,34,2.99722,426,1
E3-Strict-p030,32.2045,202,202,RLPolicy,0,0,0,0,1.20397,1,2.02318,45,45,1.97512,20,1
E3-Strict-p030,32.2083,167,167,RLPolicy,0,0,0,0,1.20397,1,2.98035,47,47,2.91906,427,0.997446
E3-Strict-p030,32.2109,33,33,RLPolicy,0,0,0,0,1.20397,1,2.74804,43,43,2.70035,427,1
E3-Strict-p030,32.2147,219,219,RLPolicy,0,0,0,0,1.20397,1,2.77964,45,45,2.72537,427,1
E3-Strict-p030,32.2149,156,156,RLPolicy,0,0,0,0,1.20397,1,2.61769,72,72,2.57391,427,1
E3-Strict-p030,32.2357,71,71,RLPolicy,0,0,0,0,1.20397,1,2.60579,10,10,2.53968,427,1
E3-Strict-p030,32.2389,238,238,RLPolicy,0,0,0,0,1.20397,1,1.9502,9,9,1.92055,427,1
E3-Strict-p030,32.2418,70,70,RLPolicy,0,0,0,0,1.20397,1,2.98756,46,46,2.89163,427,1
E3-Strict-p030,32.2501,176,176,RLPolicy,0,0,0,0,1.20397,1,2.56773,9,9,2.53255,427,1
E3-Strict-p030,32.2538,125,125,RLPolicy,0,0,0,0,1.20397,1,3.09374,47,47,3.0445,427,1
E3-Strict-p030,32.2636,84,84,RLPolicy,0,0,0,0,1.20397,1,2.28676,59,59,2.23803,427,1
E3-Strict-p030,32.2779,231,231,RLPolicy,0,0,0,0,1.20397,1,2.49288,66,66,2.4548,427,1
E3-Strict-p030,32.2965,250,250,RLPolicy,0,0,0,0,1.20397,1,2.56346,32,32,2.46692,427,1
E3-Strict-p030,32.2985,285,285,RLPolicy,0,0,0,0,1.20397,1,2.60612,41,41,2.55408,427,1
E3-Strict-p030,32.302,87,87,RLPolicy,0,0,0,0,1.20397,1,2.78508,60,60,2.73005,427,0.997446
E3-Strict-p030,32.3072,276,276,RLPolicy,0,0,0,0,1.20397,1,2.52268,41,41,2.46101,427,1
E3-Strict-p030,32.3166,104,104,RLPolicy,0,0,0,0,1.20397,1,2.2722,53,53,2.23792,427,0.994892
E3-Strict-p030,32.3245,23,23,RLPolicy,0,0,0,0,1.20397,1,2.61867,63,63,2.55871,427,1
E3-Strict-p030,32.3271,195,195,RLPolicy,0,0,0,0,1.20397,1,2.80974,50,50,2.75772,427,1
E3-Strict-p030,32.3289,77,77,RLPolicy,0,0,0,0,1.20397,1,2.69372,46,46,2.65102,427,1
E3-Strict-p030,32.3318,224,224,RLPolicy,0,0,0,0,1.20397,1,2.32847,7,7,2.29784,427,1
E3-Strict-p030,32.3412,79,79,RLPolicy,0,0,0,0,1.20397,1,2.47202,61,61,2.41635,20,0.997446
E3-Strict-p030,32.3419,32,213,RLPolicy,1,1,0.0389267,1.08091,1.20397,4,3.01011,135,141,2.77704,427,0.999385
E3-Strict-p030,32.3441,37,37,RLPolicy,0,0,0,0,1.20397,1,1.71084,8,8,1.67835,20,1
E3-Strict-p030,32.373,236,236,RLPolicy,0,0,0,0,1.20397,1,2.32561,48,48,2.28498,427,1
E3-Strict-p030,32.3826,157,157,RLPolicy,0,0,0,0,1.20397,1,2.35002,28,28,2.31395,427,1
E3-Strict-p030,32.3841,170,170,RLPolicy,0,0,0,0,1.20397,1,2.32916,32,32,2.29615,427,1
E3-Strict-p030,32.3916,270,411,RLPolicy,1,1,0.0843092,0.693147,1.20397,3,2.3928,62,68,2.22877,427,0.997446
E3-Strict-p030,32.3957,158,158,RLPolicy,0,0,0,0,1.20397,1,2.40852,52,52,2.36753,427,1
E3-Strict-p030,32.4142,261,261,RLPolicy,0,0,0,0,1.20397,1,5.68679,51,51,5.59166,448,1
E3-Strict-p030,32.4308,215,215,RLPolicy,0,0,0,0,1.20397,1,2.61733,13,13,2.57433,448,1
E3-Strict-p030,32.4504,191,191,RLPolicy,0,0,0,0,1.20397,1,2.63068,80,80,2.58901,448,1
E3-Strict-p030,32.4532,28,28,RLPolicy,0,0,0,0,1.20397,1,2.68281,57,57,2.63856,448,0.997446
E3-Strict-p030,32.4538,278,278,RLPolicy,0,0,0,0,1.20397,1,3.25286,48,48,3.19455,448,1
E3-Strict-p030,32.4663,72,72,RLPolicy,0,0,0,0,1.20397,1,2.4682,9,9,2.4347,448,1
E3-Strict-p030,32.4682,197,197,RLPolicy,0,0,0,0,1.20397,1,2.96625,40,40,2.93127,448,1
E3-Strict-p030,32.4806,85,85,RLPolicy,0,0,0,0,1.20397,1,2.08868,2,2,2.02991,448,1
E3-Strict-p030,32.4809,18,18,RLPolicy,0,0,0,0,1.20397,1,2.27257,61,61,2.23517,448,1
E3-Strict-p030,32.4816,132,132,RLPolicy,0,0,0,0,1.20397,1,2.3679,9,9,2.33079,448,1
E3-Strict-p030,32.501,171,171,RLPolicy,0,0,0,0,1.20397,1,2.21897,29,29,2.17934,450,1
E3-Strict-p030,32.5044,6,6,RLPolicy,0,0,0,0,1.20397,1,4.85512,29,29,4.77823,450,1
E3-Strict-p030,32.5077,281,351,RLPolicy,1,1,0.0693517,0.693147,1.20397,3,2.7153,15,19,2.58737,450,0.997446
E3-Strict-p030,32.5125,142,142,RLPolicy,0,0,0,0,1.20397,1,2.7634,44,44,2.71894,450,1
E3-Strict-p030,32.5148,78,78,RLPolicy,0,0,0,0,1.20397,1,2.6869,36,36,2.64532,450,0.997446
E3-Strict-p030,32.5245,233,233,RLPolicy,0,0,0,0,1.20397,1,2.57467,39,39,2.53593,450,1
E3-Strict-p030,32.5295,227,227,RLPolicy,0,0,0,0,1.20397,1,2.61805,49,49,2.57609,450,1
E3-Strict-p030,32.541,226,226,RLPolicy,0,0,0,0,1.20397,1,2.45696,11,11,2.42424,450,1
E3-Strict-p030,32.568,188,188,RLPolicy,0,0,0,0,1.20397,1,2.73541,10,10,2.6913,450,0.997446
E3-Strict-p030,32.5684,119,338,RLPolicy,1,1,0.0542123,0.693147,1.20397,3,3.16807,138,143,2.98277,450,0.997446
E3-Strict-p030,32.5853,199,199,RLPolicy,0,0,0,0,1.20397,1,2.82387,66,66,2.77072,450,1
E3-Strict-p030,32.5908,146,146,RLPolicy,0,0,0,0,1.20397,1,2.71526,4,4,2.6775,450,1
E3-Strict-p030,32.6015,213,213,RLPolicy,0,0,0,0,1.20397,1,2.91273,39,39,2.86502,450,1
E3-Strict-p030,32.602,47,47,RLPolicy,0,0,0,0,1.20397,1,2.51385,72,72,2.4734,450,1
E3-Strict-p030,32.6026,13,13,RLPolicy,0,0,0,0,1.20397,1,2.37286,48,48,2.33436,450,0.999385
E3-Strict-p030,32.6137,223,223,RLPolicy,0,0,0,0,1.20397,1,2.8877,64,64,2.83096,450,1
E3-Strict-p030,32.6161,100,100,RLPolicy,0,0,0,0,1.20397,1,2.71008,12,12,2.67152,450,1
E3-Strict-p030,32.6323,97,97,RLPolicy,0,0,0,0,1.20397,1,2.55422,32,32,2.51924,450,1
E3-Strict-p030,32.6336,175,175,RLPolicy,0,0,0,0,1.20397,1,2.44438,12,12,2.40913,450,1
E3-Strict-p030,32.6379,95,95,RLPolicy,0,0,0,0,1.20397,1,3.32691,51,51,3.27614,450,1
E3-Strict-p030,32.6521,90,90,RLPolicy,0,0,0,0,1.20397,1,2.31264,28,28,2.27282,450,0.997446
E3-Strict-p030,32.6686,221,332,RLPolicy,1,1,0.00243365,0.693147,1.20397,3,3.69737,95,97,3.40577,450,0.994892
E3-Strict-p030,32.6751,122,122,RLPolicy,0,0,0,0,1.20397,1,3.99945,49,49,3.91721,450,1
E3-Strict-p030,32.6773,248,248,RLPolicy,0,0,0,0,1.20397,1,2.23728,46,46,2.18681,2,1
E3-Strict-p030,32.6791,263,263,RLPolicy,0,0,0,0,1.20397,1,2.95292,65,65,2.85499,450,1
E3-Strict-p030,32.6879,206,206,RLPolicy,0,0,0,0,1.20397,1,2.79472,5,5,2.7491,450,1
E3-Strict-p030,32.6888,189,189,RLPolicy,0,0,0,0,1.20397,1,3.09126,59,59,3.03654,450,1
E3-Strict-p030,32.6947,265,292,RLPolicy,1,1,0.0697084,0.693147,1.20397,3,2.61704,122,144,2.45345,450,0.997446
E3-Strict-p030,32.7003,140,140,RLPolicy,0,0,0,0,1.20397,1,2.73659,29,29,2.66636,450,1
E3-Strict-p030,32.7076,15,15,RLPolicy,0,0,0,0,1.20397,1,2.35832,11,11,2.32107,450,1
E3-Strict-p030,32.71,36,36,RLPolicy,0,0,0,0,1.20397,1,2.43687,11,11,2.40393,450,1
E3-Strict-p030,32.7118,137,137,RLPolicy,0,0,0,0,1.20397,1,2.9553,15,15,2.87631,450,1
E3-Strict-p030,32.7291,243,243,RLPolicy,0,0,0,0,1.20397,1,2.27443,68,68,2.23697,450,1
E3-Strict-p030,32.7297,134,134,RLPolicy,0,0,0,0,1.20397,1,2.50014,8,8,2.46218,450,1
E3-Strict-p030,32.7309,272,272,RLPolicy,0,0,0,0,1.20397,1,2.61086,57,57,2.56531,450,1
E3-Strict-p030,32.7337,159,159,RLPolicy,0,0,0,0,1.20397,1,2.16205,19,19,2.13439,450,1
E3-Strict-p030,32.7364,141,141,RLPolicy,0,0,0,0,1.20397,1,3.13879,57,57,3.06268,450,1
E3-Strict-p030,32.7478,153,153,RLPolicy,0,0,0,0,1.20397,1,2.6278,48,48,2.59208,450,1
E3-Strict-p030,32.7548,160,160,RLPolicy,0,0,0,0,1.20397,1,2.54453,7,7,2.50789,450,1
E3-Strict-p030,32.756,237,237,RLPolicy,0,0,0,0,1.20397,1,2.76962,43,43,2.72444,450,1
E3-Strict-p030,32.7643,135,135,RLPolicy,0,0,0,0,1.20397,1,3.48357,55,55,3.43089,450,1
E3-Strict-p030,32.7716,163,163,RLPolicy,0,0,0,0,1.20397,1,2.48068,41,41,2.44671,450,1
E3-Strict-p030,32.7767,259,259,RLPolicy,0,0,0,0,1.20397,1,2.70501,60,60,2.66111,450,1
E3-Strict-p030,32.7769,277,277,RLPolicy,0,0,0,0,1.20397,1,2.09966,1,1,2.0734,450,1
E3-Strict-p030,32.7786,51,51,RLPolicy,0,0,0,0,1.20397,1,2.2246,11,11,2.19721,450,1
E3-Strict-p030,32.7823,88,88,RLPolicy,0,0,0,0,1.20397,1,2.96233,32,32,2.91419,450,1
E3-Strict-p030,32.7889,121,121,RLPolicy,0,0,0,0,1.20397,1,2.15343,2,2,2.12346,450,1
E3-Strict-p030,32.7916,291,291,RLPolicy,0,0,0,0,1.20397,1,1.96193,38,38,1.92304,5,1
E3-Strict-p030,32.7959,101,101,RLPolicy,0,0,0,0,1.20397,1,2.54043,17,17,2.50313,450,0.997446
E3-Strict-p030,32.8089,232,232,RLPolicy,0,0,0,0,1.20397,1,2.85449,43,43,2.7841,450,1
E3-Strict-p030,32.8131,14,14,RLPolicy,0,0,0,0,1.20397,1,2.34641,21,21,2.31683,450,1
E3-Strict-p030,32.8149,16,16,RLPolicy,0,0,0,0,1.20397,1,2.41937,29,29,2.37559,450,1
E3-Strict-p030,32.8287,9,9,RLPolicy,0,0,0,0,1.20397,1,3.0014,50,50,2.93447,450,1
E3-Strict-p030,32.8364,192,192,RLPolicy,0,0,0,0,1.20397,1,3.05584,9,9,3.01432,450,1
E3-Strict-p030,32.8439,26,26,RLPolicy,0,0,0,0,1.20397,1,3.32826,6,6,3.2681,450,1
E3-Strict-p030,32.8562,200,351,RLPolicy,1,1,0.0579104,0.693147,1.20397,3,2.96768,65,86,2.8248,450,0.997446
E3-Strict-p030,32.8572,164,164,RLPolicy,0,0,0,0,1.20397,1,2.57841,64,64,2.53483,450,1
E3-Strict-p030,32.8736,235,235,RLPolicy,0,0,0,0,1.20397,1,2.52466,56,56,2.47207,450,1
E3-Strict-p030,32.8776,62,62,RLPolicy,0,0,0,0,1.20397,1,2.42968,16,16,2.39937,450,1
E3-Strict-p030,32.8881,222,218,RLPolicy,1,1,0.0633656,0.693147,1.20397,3,3.0304,80,93,2.88897,450,0.997446
E3-Strict-p030,32.8959,212,212,RLPolicy,0,0,0,0,1.20397,1,2.90849,67,67,2.86581,450,1
E3-Strict-p030,32.9097,80,80,RLPolicy,0,0,0,0,1.20397,1,3.06168,73,73,2.85225,450,1
E3-Strict-p030,32.9144,240,240,RLPolicy,0,0,0,0,1.20397,1,2.62606,21,21,2.58248,450,1
E3-Strict-p030,32.9219,203,396,RLPolicy,1,1,0.0500977,0.693147,1.20397,3,3.4915,87,121,3.26684,450,0.997446
E3-Strict-p030,32.9569,149,149,RLPolicy,0,0,0,0,1.20397,1,3.47915,69,69,3.4008,450,1
E3-Strict-p030,32.9654,40,40,RLPolicy,0,0,0,0,1.20397,1,2.83745,58,58,2.79679,450,0.999385
E3-Strict-p030,32.9679,56,56,RLPolicy,0,0,0,0,1.20397,1,1.92551,60,60,1.87891,2,1
E3-Strict-p030,32.978,117,117,RLPolicy,0,0,0,0,1.20397,1,2.44871,46,46,2.41014,450,1
E3-Strict-p030,32.9785,208,208,RLPolicy,0,0,0,0,1.20397,1,2.73317,20,20,2.69128,450,1
E3-Strict-p030,32.98,218,218,RLPolicy,0,0,0,0,1.20397,1,3.71579,68,68,3.65956,450,1
E3-Strict-p030,32.9819,247,247,RLPolicy,0,0,0,0,1.20397,1,2.44763,48,48,2.40604,450,1
E3-Strict-p030,32.986,205,205,RLPolicy,0,0,0,0,1.20397,1,3.21214,61,61,3.11976,450,1
E3-Strict-p030,33.0064,166,166,RLPolicy,0,0,0,0,1.20397,1,3.14463,38,38,3.09612,452,1
E3-Strict-p030,33.0125,161,161,RLPolicy,0,0,0,0,1.20397,1,2.51781,48,48,2.45829,452,1
E3-Strict-p030,33.0259,150,124,RLPolicy,1,1,0.0482699,0.693147,1.20397,3,3.05416,111,129,2.89642,452,0.997446
E3-Strict-p030,33.0289,220,220,RLPolicy,0,0,0,0,1.20397,1,3.24842,27,27,3.20074,452,1
E3-Strict-p030,33.0345,196,196,RLPolicy,0,0,0,0,1.20397,1,2.79215,22,22,2.75224,452,1
E3-Strict-p030,33.0358,116,294,RLPolicy,1,1,0.0484342,0.693147,1.20397,3,2.71041,83,86,2.57224,452,0.994892
E3-Strict-p030,33.045,177,177,RLPolicy,0,0,0,0,1.20397,1,2.63228,48,48,2.58522,452,1
E3-Strict-p030,33.0512,180,180,RLPolicy,0,0,0,0,1.20397,1,2.28794,14,14,2.25359,452,1
E3-Strict-p030,33.0587,20,416,RLPolicy,1,1,0.0351618,0.693147,1.20397,3,2.54568,119,129,2.43617,452,0.996831
E3-Strict-p030,33.06,3,3,RLPolicy,0,0,0,0,1.20397,1,3.13912,26,26,3.08797,452,0.997446
E3-Strict-p030,33.0602,19,19,RLPolicy,0,0,0,0,1.20397,1,2.75596,45,45,2.71189,452,1
E3-Strict-p030,33.0895,45,45,RLPolicy,0,0,0,0,1.20397,1,2.17031,8,8,2.13507,452,1
E3-Strict-p030,33.092,111,111,RLPolicy,0,0,0,0,1.20397,1,3.50327,72,72,3.44211,452,1
E3-Strict-p030,33.0993,46,46,RLPolicy,0,0,0,0,1.20397,1,2.70416,37,37,2.63066,452,0.996831
E3-Strict-p030,33.1068,249,249,RLPolicy,0,0,0,0,1.20397,1,2.45964,19,19,2.42085,454,1
E3-Strict-p030,33.1089,209,209,RLPolicy,0,0,0,0,1.20397,1,2.54018,4,4,2.49307,454,1
E3-Strict-p030,33.1136,43,43,RLPolicy,0,0,0,0,1.20397,1,3.13517,71,71,3.08782,454,1
E3-Strict-p030,33.1179,179,179,RLPolicy,0,0,0,0,1.20397,1,2.80921,47,47,2.75671,454,1
E3-Strict-p030,33.1218,290,290,RLPolicy,0,0,0,0,1.20397,1,2.94402,67,67,2.88023,454,1
E3-Strict-p030,33.1314,145,145,RLPolicy,0,0,0,0,1.20397,1,3.15518,66,66,3.11109,454,0.997446
E3-Strict-p030,33.1394,12,12,RLPolicy,0,0,0,0,1.20397,1,3.69154,57,57,3.63403,454,0.992338
E3-Strict-p030,33.1454,63,63,RLPolicy,0,0,0,0,1.20397,1,2.98604,30,30,2.94849,454,1
E3-Strict-p030,33.1508,81,81,RLPolicy,0,0,0,0,1.20397,1,4.6015,18,18,4.53436,454,1
E3-Strict-p030,33.16,178,240,RLPolicy,1,1,0.0425018,0.693147,1.20397,3,2.43895,17,23,2.33111,454,0.997446
E3-Strict-p030,33.1626,25,25,RLPolicy,0,0,0,0,1.20397,1,3.99359,54,54,3.88804,454,0.996831
E3-Strict-p030,33.1741,264,264,RLPolicy,0,0,0,0,1.20397,1,2.83475,16,16,2.7885,454,1
E3-Strict-p030,33.1995,103,103,RLPolicy,0,0,0,0,1.20397,1,3.04569,60,60,2.98034,454,1
E3-Strict-p030,33.1999,244,244,RLPolicy,0,0,0,0,1.20397,1,3.11167,57,57,3.06202,454,1
E3-Strict-p030,33.2047,105,105,RLPolicy,0,0,0,0,1.20397,1,2.56828,60,60,2.51762,455,1
E3-Strict-p030,33.2053,76,76,RLPolicy,0,0,0,0,1.20397,1,7.65381,76,76,7.05928,455,1
E3-Strict-p030,33.2056,210,210,RLPolicy,0,0,0,0,1.20397,1,1.97346,9,9,1.92917,5,1
E3-Strict-p030,33.2063,107,107,RLPolicy,0,0,0,0,1.20397,1,2.2899,53,53,2.23338,5,0.994892
E3-Strict-p030,33.2104,245,448,RLPolicy,1,1,0.0677748,0.693147,1.20397,3,3.05444,61,95,2.88186,455,0.997446
E3-Strict-p030,33.2106,172,172,RLPolicy,0,0,0,0,1.20397,1,7.88598,71,71,7.80141,455,0.997446
E3-Strict-p030,33.2211,147,147,RLPolicy,0,0,0,0,1.20397,1,6.90977,54,54,6.86235,455,1
E3-Strict-p030,33.2216,174,174,RLPolicy,0,0,0,0,1.20397,1,2.32093,65,65,2.27849,455,1
E3-Strict-p030,33.2218,112,112,RLPolicy,0,0,0,0,1.20397,1,2.91363,74,74,2.85473,455,1
E3-Strict-p030,33.225,225,225,RLPolicy,0,0,0,0,1.20397,1,4.39823,57,57,4.35137,455,1
E3-Strict-p030,33.2259,54,54,RLPolicy,0,0,0,0,1.20397,1,2.45442,7,7,2.41985,455,1
E3-Strict-p030,33.2315,38,38,RLPolicy,0,0,0,0,1.20397,1,4.06146,50,50,3.97896,455,1
E3-Strict-p030,33.2348,280,280,RLPolicy,0,0,0,0,1.20397,1,3.13253,1,1,3.09166,455,1
E3-Strict-p030,33.237,66,66,RLPolicy,0,0,0,0,1.20397,1,2.40279,40,40,2.37098,455,1
E3-Strict-p030,33.242,50,50,RLPolicy,0,0,0,0,1.20397,1,2.51194,66,66,2.47639,455,1
E3-Strict-p030,33.2423,52,52,RLPolicy,0,0,0,0,1.20397,1,3.1006,56,56,3.04952,455,1
E3-Strict-p030,33.2432,190,190,RLPolicy,0,0,0,0,1.20397,1,2.61659,49,49,2.57926,455,1
E3-Strict-p030,33.247,114,114,RLPolicy,0,0,0,0,1.20397,1,2.07148,3,3,2.0434,455,1
E3-Strict-p030,33.2636,39,248,RLPolicy,1,1,0.0321807,0.693147,1.20397,3,6.36764,86,94,6.18985,455,0.997446
E3-Strict-p030,33.2692,152,152,RLPolicy,0,0,0,0,1.20397,1,6.10466,21,21,6.03238,455,1
E3-Strict-p030,33.2738,258,258,RLPolicy,0,0,0,0,1.20397,1,2.75967,47,47,2.70601,455,1
E3-Strict-p030,33.2786,120,120,RLPolicy,0,0,0,0,1.20397,1,2.15155,9,9,2.11917,455,1
E3-Strict-p030,33.2872,59,59,RLPolicy,0,0,0,0,1.20397,1,2.4935,26,26,2.4604,455,0.994892
E3-Strict-p030,33.3116,49,49,RLPolicy,0,0,0,0,1.20397,1,2.76187,11,11,2.72734,462,1
E3-Strict-p030,33.317,68,68,RLPolicy,0,0,0,0,1.20397,1,2.99704,12,12,2.95038,462,1
E3-Strict-p030,33.3184,86,86,RLPolicy,0,0,0,0,1.20397,1,3.28291,11,11,3.20655,462,1
E3-Strict-p030,33.3234,109,109,RLPolicy,0,0,0,0,1.20397,1,2.62651,31,31,2.58874,462,0.997446
E3-Strict-p030,33.3471,1,1,RLPolicy,0,0,0,0,1.20397,1,2.48039,12,12,2.44575,462,1
E3-Strict-p030,33.3607,293,293,RLPolicy,0,0,0,0,1.20397,1,3.15964,48,48,3.09703,462,1
E3-Strict-p030,33.3654,7,7,RLPolicy,0,0,0,0,1.20397,1,3.0907,51,51,3.03719,462,1
E3-Strict-p030,33.3752,228,228,RLPolicy,0,0,0,0,1.20397,1,2.63587,1,1,2.59324,462,1
E3-Strict-p030,33.3795,214,214,RLPolicy,0,0,0,0,1.20397,1,3.04235,43,43,2.98384,462,1
E3-Strict-p030,33.3911,8,56,RLPolicy,1,1,0.0336963,0.693147,1.20397,3,3.31095,95,128,3.10081,462,0.997446
E3-Strict-p030,33.4006,151,151,RLPolicy,0,0,0,0,1.20397,1,3.09436,60,60,3.04358,462,1
E3-Strict-p030,33.4012,182,182,RLPolicy,0,0,0,0,1.20397,1,2.67001,69,69,2.62674,462,1
E3-Strict-p030,33.416,17,17,RLPolicy,0,0,0,0,1.20397,1,2.34762,60,60,2.31297,462,0.997858
E3-Strict-p030,33.4246,201,201,RLPolicy,0,0,0,0,1.20397,1,3.63727,59,59,3.58712,462,1
E3-Strict-p030,33.4255,67,67,RLPolicy,0,0,0,0,1.20397,1,2.52861,46,46,2.49073,462,0.997446
E3-Strict-p030,33.4394,255,255,RLPolicy,0,0,0,0,1.20397,1,3.19671,28,28,3.13223,462,1
E3-Strict-p030,33.446,279,279,RLPolicy,0,0,0,0,1.20397,1,3.61277,43,43,3.54303,462,1
E3-Strict-p030,33.4553,94,94,RLPolicy,0,0,0,0,1.20397,1,3.28067,63,63,3.22525,462,0.997446
E3-Strict-p030,33.4573,74,74,RLPolicy,0,0,0,0,1.20397,1,3.58781,52,52,3.50324,462,1
E3-Strict-p030,33.4602,65,65,RLPolicy,0,0,0,0,1.20397,1,2.51158,12,12,2.47075,462,1
E3-Strict-p030,33.4684,61,61,RLPolicy,0,0,0,0,1.20397,1,3.2195,66,66,3.1682,462,0.997446
E3-Strict-p030,33.4817,48,48,RLPolicy,0,0,0,0,1.20397,1,2.83251,69,69,2.79055,462,0.997446
E3-Strict-p030,33.4905,216,216,RLPolicy,0,0,0,0,1.20397,1,3.20911,70,70,3.14602,462,1
E3-Strict-p030,33.4959,298,298,RLPolicy,0,0,0,0,1.20397,1,2.8043,53,53,2.75538,462,1
E3-Strict-p030,33.499,99,99,RLPolicy,0,0,0,0,1.20397,1,3.02241,43,43,2.9772,462,1
E3-Strict-p030,33.5034,55,55,RLPolicy,0,0,0,0,1.20397,1,2.39637,17,17,2.36682,464,1
E3-Strict-p030,33.5143,93,93,RLPolicy,0,0,0,0,1.20397,1,3.37776,63,63,3.30705,464,1
E3-Strict-p030,33.5147,53,53,RLPolicy,0,0,0,0,1.20397,1,2.61837,30,30,2.58361,464,1
E3-Strict-p030,33.5196,113,154,RLPolicy,1,1,0.052575,0.693147,1.20397,3,2.89338,56,58,2.8041,464,0.992338
E3-Strict-p030,33.5226,44,157,RLPolicy,1,1,0.0415412,1.08091,1.20397,4,3.60744,40,100,3.27358,464,0.999385
E3-Strict-p030,33.5226,268,268,RLPolicy,0,0,0,0,1.20397,1,2.78677,51,51,2.75051,464,1
E3-Strict-p030,33.5267,274,75,RLPolicy,1,1,0.0718017,0.693147,1.20397,3,2.94341,75,80,2.79434,464,0.997446
E3-Strict-p030,33.5304,0,0,RLPolicy,0,0,0,0,1.20397,1,2.53955,66,66,2.48994,464,1
E3-Strict-p030,33.5349,124,124,RLPolicy,0,0,0,0,1.20397,1,2.7496,64,64,2.70804,464,0.997446
E3-Strict-p030,33.5365,186,186,RLPolicy,0,0,0,0,1.20397,1,3.61115,54,54,3.54549,464,1
E3-Strict-p030,33.546,169,169,RLPolicy,0,0,0,0,1.20397,1,3.26013,44,44,3.21581,464,0.994892
E3-Strict-p030,33.547,91,372,RLPolicy,1,1,0.041853,0.693147,1.20397,3,3.89511,80,110,3.71535,464,0.997446
E3-Strict-p030,33.5542,273,273,RLPolicy,0,0,0,0,1.20397,1,3.21097,69,69,3.15167,464,1
E3-Strict-p030,33.5567,287,287,RLPolicy,0,0,0,0,1.20397,1,4.14609,17,17,4.1026,464,1
E3-Strict-p030,33.5606,115,115,RLPolicy,0,0,0,0,1.20397,1,2.60147,69,69,2.53128,464,1
E3-Strict-p030,33.5775,118,118,RLPolicy,0,0,0,0,1.20397,1,2.60304,80,80,2.55362,464,1
E3-Strict-p030,33.5875,127,127,RLPolicy,0,0,0,0,1.20397,1,3.16658,19,19,3.12334,464,0.997446
E3-Strict-p030,33.5961,193,193,RLPolicy,0,0,0,0,1.20397,1,2.582,65,65,2.53705,464,1
E3-Strict-p030,33.597,242,242,RLPolicy,0,0,0,0,1.20397,1,2.48881,47,47,2.45572,464,1
E3-Strict-p030,33.5972,260,260,RLPolicy,0,0,0,0,1.20397,1,2.52906,52,52,2.4809,464,1
E3-Strict-p030,33.6055,241,241,RLPolicy,0,0,0,0,1.20397,1,2.24633,13,13,2.21803,467,1
E3-Strict-p030,33.6262,143,143,RLPolicy,0,0,0,0,1.20397,1,3.42498,8,8,3.38419,467,1
E3-Strict-p030,33.6316,253,253,RLPolicy,0,0,0,0,1.20397,1,3.03138,66,66,2.9837,467,1
E3-Strict-p030,33.6365,251,251,RLPolicy,0,0,0,0,1.20397,1,2.61746,67,67,2.58097,467,0.997446
E3-Strict-p030,33.6418,133,133,RLPolicy,0,0,0,0,1.20397,1,7.67295,54,54,7.57481,467,0.994121
E3-Strict-p030,33.6516,89,89,RLPolicy,0,0,0,0,1.20397,1,3.5289,59,59,3.41956,467,0.997446
E3-Strict-p030,33.6757,83,83,RLPolicy,0,0,0,0,1.20397,1,3.2856,62,62,3.22254,467,1
E3-Strict-p030,33.6803,60,60,RLPolicy,0,0,0,0,1.20397,1,2.75267,22,22,2.71219,467,1
E3-Strict-p030,33.6821,173,173,RLPolicy,0,0,0,0,1.20397,1,2.7622,53,53,2.71228,467,1
E3-Strict-p030,33.6846,102,102,RLPolicy,0,0,0,0,1.20397,1,3.55875,30,30,3.48064,467,1
E3-Strict-p030,33.685,246,246,RLPolicy,0,0,0,0,1.20397,1,2.70886,45,45,2.66274,467,1
E3-Strict-p030,33.6869,35,35,RLPolicy,0,0,0,0,1.20397,1,3.56571,21,21,3.51979,467,0.997446
E3-Strict-p030,33.6944,96,96,RLPolicy,0,0,0,0,1.20397,1,4.11992,46,46,4.05838,467,1
E3-Strict-p030,33.6949,183,183,RLPolicy,0,0,0,0,1.20397,1,2.65994,32,32,2.62469,467,1
E3-Strict-p030,33.6981,154,154,RLPolicy,0,0,0,0,1.20397,1,3.04704,6,6,3.0018,467,1
E3-Strict-p030,33.7015,267,267,RLPolicy,0,0,0,0,1.20397,1,2.43179,58,58,2.39608,469,1
E3-Strict-p030,33.7018,11,11,RLPolicy,0,0,0,0,1.20397,1,2.79911,6,6,2.76313,469,1
E3-Strict-p030,33.708,288,288,RLPolicy,0,0,0,0,1.20397,1,4.1878,43,43,4.13848,469,1
E3-Strict-p030,33.7095,266,266,RLPolicy,0,0,0,0,1.20397,1,2.64642,48,48,2.59929,469,1
E3-Strict-p030,33.7179,126,104,RLPolicy,1,1,0.0444384,0.693147,1.20397,3,2.82101,77,98,2.65563,469,0.997446
E3-Strict-p030,33.7208,284,284,RLPolicy,0,0,0,0,1.20397,1,3.07132,41,41,3.01536,469,1
E3-Strict-p030,33.7213,239,239,RLPolicy,0,0,0,0,1.20397,1,2.79267,45,45,2.75463,469,1
E3-Strict-p030,33.725,136,136,RLPolicy,0,0,0,0,1.20397,1,3.92414,43,43,3.87921,469,0.997446
E3-Strict-p030,33.7331,108,108,RLPolicy,0,0,0,0,1.20397,1,3.02408,53,53,2.98149,469,1
E3-Strict-p030,33.7354,257,257,RLPolicy,0,0,0,0,1.20397,1,2.77961,46,46,2.73646,469,0.997446
E3-Strict-p030,33.7398,27,27,RLPolicy,0,0,0,0,1.20397,1,2.87014,60,60,2.81841,469,1
E3-Strict-p030,33.7501,106,106,RLPolicy,0,0,0,0,1.20397,1,2.86855,49,49,2.82117,469,1
E3-Strict-p030,33.7543,262,262,RLPolicy,0,0,0,0,1.20397,1,2.91077,42,42,2.86693,469,1
E3-Strict-p030,33.7683,73,73,RLPolicy,0,0,0,0,1.20397,1,5.10034,74,74,5.03353,469,1
E3-Strict-p030,33.7693,82,82,RLPolicy,0,0,0,0,1.20397,1,2.98183,71,71,2.93572,469,0.997446
E3-Strict-p030,33.7726,271,271,RLPolicy,0,0,0,0,1.20397,1,2.54155,38,38,2.50886,469,1
E3-Strict-p030,33.7745,123,123,RLPolicy,0,0,0,0,1.20397,1,2.67933,48,48,2.63033,469,1
E3-Strict-p030,33.7892,234,234,RLPolicy,0,0,0,0,1.20397,1,4.85723,27,27,4.80901,469,1
E3-Strict-p030,33.7909,131,131,RLPolicy,0,0,0,0,1.20397,1,2.69735,29,29,2.663,469,0.997446
E3-Strict-p030,33.7917,275,275,RLPolicy,0,0,0,0,1.20397,1,2.89468,75,75,2.83286,469,1
E3-Strict-p030,33.7944,300,300,RLPolicy,0,0,0,0,1.20397,1,3.21889,50,50,3.16183,469,1
E3-Strict-p030,33.8192,252,252,RLPolicy,0,0,0,0,1.20397,1,2.6878,61,61,2.63675,470,1
E3-Strict-p030,33.8206,98,98,RLPolicy,0,0,0,0,1.20397,1,2.80366,21,21,2.75594,470,1
E3-Strict-p030,33.8236,5,5,RLPolicy,0,0,0,0,1.20397,1,2.62692,62,62,2.5848,470,0.993365
E3-Strict-p030,33.8346,92,92,RLPolicy,0,0,0,0,1.20397,1,7.03725,18,18,6.96365,470,1
E3-Strict-p030,33.8383,217,217,RLPolicy,0,0,0,0,1.20397,1,6.65397,41,41,6.60287,470,1
E3-Strict-p030,33.8393,128,128,RLPolicy,0,0,0,0,1.20397,1,2.98247,59,59,2.93709,470,1
E3-Strict-p030,33.847,184,184,RLPolicy,0,0,0,0,1.20397,1,2.9273,44,44,2.88451,470,1
E3-Strict-p030,33.8562,22,22,RLPolicy,0,0,0,0,1.20397,1,3.19415,53,53,3.15407,470,1
E3-Strict-p030,33.8632,34,126,RLPolicy,1,1,0.0348124,0.693147,1.20397,3,3.73953,107,145,3.53208,470,0.994892
E3-Strict-p030,33.8635,162,162,RLPolicy,0,0,0,0,1.20397,1,3.52989,68,68,3.47866,470,1
E3-Strict-p030,33.87,138,138,RLPolicy,0,0,0,0,1.20397,1,3.76815,55,55,3.70019,470,1
E3-Strict-p030,33.8787,254,254,RLPolicy,0,0,0,0,1.20397,1,3.73852,56,56,3.6844,470,1
E3-Strict-p030,33.8791,58,115,RLPolicy,1,1,0.0438941,0.693147,1.20397,3,2.78725,112,142,2.68721,470,0.991722
E3-Strict-p030,33.8833,168,168,RLPolicy,0,0,0,0,1.20397,1,3.58471,80,80,3.52166,470,1
E3-Strict-p030,33.8863,269,269,RLPolicy,0,0,0,0,1.20397,1,3.27671,76,76,3.22056,470,1
E3-Strict-p030,33.8973,230,230,RLPolicy,0,0,0,0,1.20397,1,3.55188,9,9,3.4963,470,1
E3-Strict-p030,33.9181,286,286,RLPolicy,0,0,0,0,1.20397,1,6.43142,26,26,6.38167,473,1
E3-Strict-p030,33.9248,204,204,RLPolicy,0,0,0,0,1.20397,1,3.26382,67,67,3.19803,473,1
E3-Strict-p030,33.928,155,243,RLPolicy,1,1,0.0492686,0.693147,1.20397,3,2.96414,113,135,2.79073,473,0.997446
E3-Strict-p030,33.9403,181,181,RLPolicy,0,0,0,0,1.20397,1,2.43154,22,22,2.40053,473,1
E3-Strict-p030,33.9546,295,412,RLPolicy,1,1,0.0822139,0.693147,1.20397,3,3.02626,102,110,2.88979,473,0.997446
E3-Strict-p030,33.9719,41,41,RLPolicy,0,0,0,0,1.20397,1,3.26647,76,76,3.21651,473,1
E3-Strict-p030,33.9791,304,304,RLPolicy,0,0,0,0,1.20397,1,3.7249,40,40,3.68101,473,1
E3-Strict-p030,33.981,187,187,RLPolicy,0,0,0,0,1.20397,1,2.94659,35,35,2.85319,473,1
E3-Strict-p030,33.9815,69,69,RLPolicy,0,0,0,0,1.20397,1,2.94286,50,50,2.90167,473,1
E3-Strict-p030,33.9821,42,42,RLPolicy,0,0,0,0,1.20397,1,3.17669,18,18,3.13103,473,1
E3-Strict-p030,33.9879,144,144,RLPolicy,0,0,0,0,1.20397,1,2.86715,67,67,2.82146,473,0.997446
E3-Strict-p030,34.002,229,229,RLPolicy,0,0,0,0,1.20397,1,2.77292,69,69,2.72746,475,0.997446
E3-Strict-p030,34.0054,194,194,RLPolicy,0,0,0,0,1.20397,1,2.57206,66,66,2.53383,475,0.994892
E3-Strict-p030,34.0119,30,30,RLPolicy,0,0,0,0,1.20397,1,2.50429,16,16,2.47135,475,1
E3-Strict-p030,34.0153,21,21,RLPolicy,0,0,0,0,1.20397,1,3.05382,77,77,2.99592,475,0.997858
E3-Strict-p030,34.0171,24,313,RLPolicy,1,1,0.0353792,0.693147,1.20397,3,2.98487,47,72,2.81117,475,0.997446
E3-Strict-p030,34.0191,10,10,RLPolicy,0,0,0,0,1.20397,1,6.58148,12,12,6.54253,475,0.995919
E3-Strict-p030,34.0214,256,256,RLPolicy,0,0,0,0,1.20397,1,2.16725,3,3,2.13816,475,1
E3-Strict-p030,34.0261,198,198,RLPolicy,0,0,0,0,1.20397,1,3.04688,43,43,2.99468,475,1
E3-Strict-p030,34.0273,2,2,RLPolicy,0,0,0,0,1.20397,1,3.08596,42,42,3.03794,475,1
E3-Strict-p030,34.0348,4,4,RLPolicy,0,0,0,0,1.20397,1,2.78949,12,12,2.73927,475,1
E3-Strict-p030,34.0396,29,29,RLPolicy,0,0,0,0,1.20397,1,3.55604,30,30,3.48047,475,0.997858
E3-Strict-p030,34.0461,165,165,RLPolicy,0,0,0,0,1.20397,1,3.51619,48,48,3.46534,475,1
E3-Strict-p030,34.0519,64,64,RLPolicy,0,0,0,0,1.20397,1,2.88215,58,58,2.83523,475,1
E3-Strict-p030,34.058,207,207,RLPolicy,0,0,0,0,1.20397,1,2.82585,50,50,2.77234,475,1
E3-Strict-p030,34.0581,139,139,RLPolicy,0,0,0,0,1.20397,1,3.39349,36,36,3.33899,475,1
E3-Strict-p030,34.0802,289,289,RLPolicy,0,0,0,0,1.20397,1,3.36707,9,9,3.3256,475,1
E3-Strict-p030,34.0883,299,299,RLPolicy,0,0,0,0,1.20397,1,2.55491,43,43,2.51662,475,1
E3-Strict-p030,34.0981,211,211,RLPolicy,0,0,0,0,1.20397,1,2.46588,26,26,2.43147,475,1
E3-Strict-p030,34.0981,129,129,RLPolicy,0,0,0,0,1.20397,1,3.06844,16,16,3.00482,475,1
E3-Strict-p030,34.1025,75,75,RLPolicy,0,0,0,0,1.20397,1,2.60332,53,53,2.5626,476,1
E3-Strict-p030,34.1207,57,57,RLPolicy,0,0,0,0,1.20397,1,2.93439,9,9,2.8963,476,1
E3-Strict-p030,34.1282,148,148,RLPolicy,0,0,0,0,1.20397,1,2.62601,4,4,2.58836,476,1
E3-Strict-p030,34.1384,283,283,RLPolicy,0,0,0,0,1.20397,1,2.62066,62,62,2.55871,476,1
E3-Strict-p030,34.168,282,274,RLPolicy,1,1,0.0668953,0.693147,1.20397,3,2.89441,120,147,2.73249,476,0.997446
E3-Strict-p030,34.1691,130,130,RLPolicy,0,0,0,0,1.20397,1,3.01529,12,12,2.97897,476,1
E3-Strict-p030,34.1793,110,110,RLPolicy,0,0,0,0,1.20397,1,3.53174,17,17,3.46488,476,1
E3-Strict-p030,34.1834,31,31,RLPolicy,0,0,0,0,1.20397,1,2.61943,63,63,2.57908,476,1
E3-Strict-p030,34.1837,185,185,RLPolicy,0,0,0,0,1.20397,1,3.271,36,36,3.23142,476,1
E3-Strict-p030,34.2045,202,202,RLPolicy,0,0,0,0,1.20397,1,2.40046,47,47,2.35557,478,1
E3-Strict-p030,34.2083,167,167,RLPolicy,0,0,0,0,1.20397,1,7.03093,52,52,6.89978,478,0.997446
E3-Strict-p030,34.2109,33,33,RLPolicy,0,0,0,0,1.20397,1,3.15616,43,43,3.09069,478,1
E3-Strict-p030,34.2113,307,307,RLPolicy,0,0,0,0,1.20397,1,6.44988,53,53,6.39033,478,1
E3-Strict-p030,34.2147,219,219,RLPolicy,0,0,0,0,1.20397,1,2.66816,49,49,2.62576,478,1
E3-Strict-p030,34.2149,156,156,RLPolicy,0,0,0,0,1.20397,1,8.02657,77,77,7.74864,2,1
E3-Strict-p030,34.225,313,313,RLPolicy,0,0,0,0,1.20397,1,2.94254,57,57,2.89595,478,1
E3-Strict-p030,34.2357,71,71,RLPolicy,0,0,0,0,1.20397,1,2.71432,11,11,2.68021,478,1
E3-Strict-p030,34.2389,238,238,RLPolicy,0,0,0,0,1.20397,1,4.09814,9,9,4.05917,478,1
E3-Strict-p030,34.2418,70,70,RLPolicy,0,0,0,0,1.20397,1,2.7417,49,49,2.69955,478,1
E3-Strict-p030,34.2481,296,296,RLPolicy,0,0,0,0,1.20397,1,3.09484,53,53,3.04362,478,1
E3-Strict-p030,34.2501,176,176,RLPolicy,0,0,0,0,1.20397,1,6.80666,8,8,6.75816,478,1
E3-Strict-p030,34.2538,125,125,RLPolicy,0,0,0,0,1.20397,1,3.36211,50,50,3.29182,478,1
E3-Strict-p030,34.2636,84,84,RLPolicy,0,0,0,0,1.20397,1,4.04919,65,65,3.96426,478,1
E3-Strict-p030,34.274,294,294,RLPolicy,0,0,0,0,1.20397,1,7.37025,52,52,7.32287,478,1
E3-Strict-p030,34.2779,231,248,RLPolicy,1,1,0.0620148,0.693147,1.20397,3,6.71016,125,145,6.49854,478,0.997446
E3-Strict-p030,34.2965,250,250,RLPolicy,0,0,0,0,1.20397,1,2.69376,39,39,2.63056,478,1
E3-Strict-p030,34.2985,285,171,RLPolicy,1,1,0.0826679,0.693147,1.20397,3,2.97895,97,102,2.82395,478,0.997446
E3-Strict-p030,34.302,87,87,RLPolicy,0,0,0,0,1.20397,1,3.86403,64,64,3.81586,478,0.997446
E3-Strict-p030,34.3072,276,276,RLPolicy,0,0,0,0,1.20397,1,3.04603,50,50,2.99106,478,1
E3-Strict-p030,34.3166,104,104,RLPolicy,0,0,0,0,1.20397,1,7.03434,58,58,6.98311,478,0.994892
E3-Strict-p030,34.3245,23,23,RLPolicy,0,0,0,0,1.20397,1,3.03859,61,61,2.99825,478,1
E3-Strict-p030,34.3271,195,291,RLPolicy,1,1,0.0475841,0.693147,1.20397,3,3.11295,95,119,2.96421,478,0.997446
E3-Strict-p030,34.3289,77,77,RLPolicy,0,0,0,0,1.20397,1,2.66424,50,50,2.62753,478,1
E3-Strict-p030,34.3292,292,292,RLPolicy,0,0,0,0,1.20397,1,3.19027,40,40,3.14384,478,1
E3-Strict-p030,34.3318,224,248,RLPolicy,1,1,0.0568691,0.693147,1.20397,3,4.90828,43,47,4.69492,478,0.997446
E3-Strict-p030,34.3412,79,79,RLPolicy,0,0,0,0,1.20397,1,2.76826,62,62,2.7036,2,0.997446
E3-Strict-p030,34.3419,32,32,RLPolicy,0,0,0,0,1.20397,1,2.82148,71,71,2.77104,478,0.999385
E3-Strict-p030,34.3441,37,37,RLPolicy,0,0,0,0,1.20397,1,2.97419,9,9,2.94218,478,1
E3-Strict-p030,34.3624,297,297,RLPolicy,0,0,0,0,1.20397,1,2.94243,47,47,2.89559,478,1
E3-Strict-p030,34.3647,309,338,RLPolicy,1,1,0.071729,0.693147,1.20397,3,2.93686,92,112,2.78787,478,0.997446
E3-Strict-p030,34.367,319,319,RLPolicy,0,0,0,0,1.20397,1,3.47687,23,23,3.43912,478,1
E3-Strict-p030,34.373,236,236,RLPolicy,0,0,0,0,1.20397,1,3.44195,53,53,3.36915,478,1
E3-Strict-p030,34.3826,157,157,RLPolicy,0,0,0,0,1.20397,1,3.37665,29,29,3.33063,478,1
E3-Strict-p030,34.3841,170,416,RLPolicy,1,1,0.0410235,0.693147,1.20397,3,3.85864,63,82,3.6949,478,0.997446
E3-Strict-p030,34.3916,270,270,RLPolicy,0,0,0,0,1.20397,1,2.68641,50,50,2.6435,478,0.997446
E3-Strict-p030,34.3957,158,158,RLPolicy,0,0,0,0,1.20397,1,2.98101,53,53,2.91007,5,1
E3-Strict-p030,34.3998,306,306,RLPolicy,0,0,0,0,1.20397,1,2.62314,17,17,2.59011,478,1
E3-Strict-p030,34.4142,261,261,RLPolicy,0,0,0,0,1.20397,1,3.2081,52,52,3.16225,479,1
E3-Strict-p030,34.4308,215,215,RLPolicy,0,0,0,0,1.20397,1,3.71813,15,15,3.68079,479,1
E3-Strict-p030,34.4504,191,191,RLPolicy,0,0,0,0,1.20397,1,2.54295,76,76,2.50143,479,1
E3-Strict-p030,34.4532,28,28,RLPolicy,0,0,0,0,1.20397,1,2.74423,44,44,2.70956,479,0.997446
E3-Strict-p030,34.4538,278,278,RLPolicy,0,0,0,0,1.20397,1,3.09553,52,52,3.05578,479,1
E3-Strict-p030,34.4663,72,281,RLPolicy,1,1,0.00240715,0.693147,1.20397,3,2.62289,16,18,2.5323,479,0.997446
E3-Strict-p030,34.4682,197,197,RLPolicy,0,0,0,0,1.20397,1,2.98906,32,32,2.94034,479,1
E3-Strict-p030,34.4806,85,85,RLPolicy,0,0,0,0,1.20397,1,5.90883,3,3,5.80371,479,1
E3-Strict-p030,34.4809,18,18,RLPolicy,0,0,0,0,1.20397,1,3.22267,62,62,3.17541,479,1
E3-Strict-p030,34.4816,132,132,RLPolicy,0,0,0,0,1.20397,1,2.68768,9,9,2.64481,479,1
E3-Strict-p030,34.501,171,171,RLPolicy,0,0,0,0,1.20397,1,3.25549,40,40,3.20097,480,1
E3-Strict-p030,34.5044,6,6,RLPolicy,0,0,0,0,1.20397,1,2.97946,34,34,2.9114,5,1
E3-Strict-p030,34.5077,281,281,RLPolicy,0,0,0,0,1.20397,1,2.76646,9,9,2.72861,480,0.997446
E3-Strict-p030,34.5125,142,142,RLPolicy,0,0,0,0,1.20397,1,3.1415,46,46,3.09524,480,1
E3-Strict-p030,34.5148,78,78,RLPolicy,0,0,0,0,1.20397,1,3.00356,37,37,2.93875,480,0.997446
E3-Strict-p030,34.5245,233,233,RLPolicy,0,0,0,0,1.20397,1,7.72484,41,41,7.67105,480,1
E3-Strict-p030,34.5295,227,227,RLPolicy,0,0,0,0,1.20397,1,3.78343,52,52,3.72813,480,1
E3-Strict-p030,34.541,226,226,RLPolicy,0,0,0,0,1.20397,1,3.18355,12,12,3.13822,480,1
E3-Strict-p030,34.568,188,188,RLPolicy,0,0,0,0,1.20397,1,2.99027,11,11,2.93397,480,0.997446
E3-Strict-p030,34.5684,119,464,RLPolicy,1,1,0.0473214,0.693147,1.20397,3,2.91578,141,143,2.81412,480,0.994892
E3-Strict-p030,34.5853,199,199,RLPolicy,0,0,0,0,1.20397,1,2.60218,67,67,2.56037,480,1
E3-Strict-p030,34.5908,146,146,RLPolicy,0,0,0,0,1.20397,1,3.10507,3,3,3.05324,480,1
E3-Strict-p030,34.6015,213,300,RLPolicy,1,1,0.0570025,0.693147,1.20397,3,3.1781,72,79,3.03229,480,0.997446
E3-Strict-p030,34.602,47,47,RLPolicy,0,0,0,0,1.20397,1,3.62836,76,76,3.53606,480,1
E3-Strict-p030,34.6026,13,13,RLPolicy,0,0,0,0,1.20397,1,5.3829,53,53,5.2701,480,0.999385
E3-Strict-p030,34.6137,223,223,RLPolicy,0,0,0,0,1.20397,1,3.5744,65,65,3.52072,480,1
E3-Strict-p030,34.6146,314,314,RLPolicy,0,0,0,0,1.20397,1,3.25239,16,16,3.0171,480,1
E3-Strict-p030,34.6161,100,100,RLPolicy,0,0,0,0,1.20397,1,3.32901,17,17,3.28548,480,1
E3-Strict-p030,34.6323,97,97,RLPolicy,0,0,0,0,1.20397,1,4.11386,39,39,4.04273,480,1
E3-Strict-p030,34.6336,175,175,RLPolicy,0,0,0,0,1.20397,1,3.63463,12,12,3.5853,480,1
E3-Strict-p030,34.6379,95,95,RLPolicy,0,0,0,0,1.20397,1,3.40526,63,63,3.34312,480,1
E3-Strict-p030,34.6521,90,90,RLPolicy,0,0,0,0,1.20397,1,3.16176,29,29,3.10027,480,0.997446
E3-Strict-p030,34.6686,221,221,RLPolicy,0,0,0,0,1.20397,1,3.40273,43,43,3.34306,480,0.994892
E3-Strict-p030,34.6751,122,122,RLPolicy,0,0,0,0,1.20397,1,4.28282,53,53,4.21115,480,1
E3-Strict-p030,34.6773,248,248,RLPolicy,0,0,0,0,1.20397,1,4.14371,49,49,4.03457,480,1
E3-Strict-p030,34.6791,263,263,RLPolicy,0,0,0,0,1.20397,1,2.57486,66,66,2.53279,480,1
E3-Strict-p030,34.6879,206,206,RLPolicy,0,0,0,0,1.20397,1,2.41049,6,6,2.36578,5,1
E3-Strict-p030,34.6888,189,189,RLPolicy,0,0,0,0,1.20397,1,2.7942,64,64,2.75409,480,1
E3-Strict-p030,34.6947,265,265,RLPolicy,0,0,0,0,1.20397,1,2.75546,78,78,2.70235,480,0.997446
E3-Strict-p030,34.7003,140,140,RLPolicy,0,0,0,0,1.20397,1,2.73903,28,28,2.70123,481,1
E3-Strict-p030,34.7076,15,15,RLPolicy,0,0,0,0,1.20397,1,2.44472,11,11,2.39704,5,1
E3-Strict-p030,34.71,36,36,RLPolicy,0,0,0,0,1.20397,1,2.54121,11,11,2.50767,481,1
E3-Strict-p030,34.7118,137,137,RLPolicy,0,0,0,0,1.20397,1,3.20394,16,16,3.1544,481,1
E3-Strict-p030,34.7291,243,243,RLPolicy,0,0,0,0,1.20397,1,6.34649,73,73,6.29266,481,1
E3-Strict-p030,34.7297,134,134,RLPolicy,0,0,0,0,1.20397,1,2.40645,7,7,2.37183,481,1
E3-Strict-p030,34.7309,272,272,RLPolicy,0,0,0,0,1.20397,1,2.81455,59,59,2.76851,481,1
E3-Strict-p030,34.7337,159,159,RLPolicy,0,0,0,0,1.20397,1,7.6154,19,19,7.54427,481,1
E3-Strict-p030,34.7364,141,141,RLPolicy,0,0,0,0,1.20397,1,3.40335,61,61,3.34522,481,1
E3-Strict-p030,34.7478,153,153,RLPolicy,0,0,0,0,1.20397,1,3.79662,49,49,3.71959,481,1
E3-Strict-p030,34.7548,160,160,RLPolicy,0,0,0,0,1.20397,1,3.04052,9,9,2.97582,481,1
E3-Strict-p030,34.756,237,171,RLPolicy,1,1,0.0685966,0.693147,1.20397,3,3.9029,81,84,3.75606,481,0.997446
E3-Strict-p030,34.7643,135,135,RLPolicy,0,0,0,0,1.20397,1,3.08784,60,60,3.02547,481,1
E3-Strict-p030,34.7716,163,163,RLPolicy,0,0,0,0,1.20397,1,3.70441,43,43,3.63619,481,1
E3-Strict-p030,34.7767,259,259,RLPolicy,0,0,0,0,1.20397,1,2.75057,66,66,2.70336,481,1
E3-Strict-p030,34.7769,277,277,RLPolicy,0,0,0,0,1.20397,1,2.85896,1,1,2.81801,481,1
E3-Strict-p030,34.7772,303,303,RLPolicy,0,0,0,0,1.20397,1,3.22016,10,10,3.17087,481,1
E3-Strict-p030,34.7786,51,51,RLPolicy,0,0,0,0,1.20397,1,3.14018,12,12,3.09294,481,1
E3-Strict-p030,34.7823,88,88,RLPolicy,0,0,0,0,1.20397,1,2.87723,43,43,2.83735,481,1
E3-Strict-p030,34.7889,121,121,RLPolicy,0,0,0,0,1.20397,1,4.37326,2,2,4.32072,481,1
E3-Strict-p030,34.7916,291,291,RLPolicy,0,0,0,0,1.20397,1,2.96591,43,43,2.91449,481,1
E3-Strict-p030,34.7959,101,101,RLPolicy,0,0,0,0,1.20397,1,3.19375,18,18,3.14724,481,0.997446
E3-Strict-p030,34.8089,232,232,RLPolicy,0,0,0,0,1.20397,1,7.15248,53,53,7.09348,484,1
E3-Strict-p030,34.8131,14,14,RLPolicy,0,0,0,0,1.20397,1,7.58605,23,23,7.51851,484,1
E3-Strict-p030,34.8149,16,16,RLPolicy,0,0,0,0,1.20397,1,3.64877,30,30,3.58487,484,1
E3-Strict-p030,34.8287,9,9,RLPolicy,0,0,0,0,1.20397,1,3.58113,53,53,3.50759,484,1
E3-Strict-p030,34.8364,192,490,RLPolicy,1,1,0.0561159,0.693147,1.20397,3,2.62745,14,18,2.52632,484,0.997446
E3-Strict-p030,34.8439,26,26,RLPolicy,0,0,0,0,1.20397,1,2.54357,5,5,2.51081,484,1
E3-Strict-p030,34.8562,200,200,RLPolicy,0,0,0,0,1.20397,1,2.89276,46,46,2.85236,484,0.997446
E3-Strict-p030,34.8572,164,164,RLPolicy,0,0,0,0,1.20397,1,3.73702,66,66,3.67978,484,1
E3-Strict-p030,34.8736,235,235,RLPolicy,0,0,0,0,1.20397,1,3.51307,62,62,3.46723,484,1
E3-Strict-p030,34.8776,62,62,RLPolicy,0,0,0,0,1.20397,1,3.84978,18,18,3.79405,484,1
E3-Strict-p030,34.8881,222,222,RLPolicy,0,0,0,0,1.20397,1,2.777,38,38,2.73534,484,0.997446
E3-Strict-p030,34.8959,212,212,RLPolicy,0,0,0,0,1.20397,1,2.80965,71,71,2.76054,484,1
E3-Strict-p030,34.9097,80,80,RLPolicy,0,0,0,0,1.20397,1,3.07771,76,76,3.02787,484,1
E3-Strict-p030,34.9144,240,240,RLPolicy,0,0,0,0,1.20397,1,6.37463,25,25,6.3262,484,1
E3-Strict-p030,34.9219,203,203,RLPolicy,0,0,0,0,1.20397,1,3.70317,59,59,3.56288,484,0.997446
E3-Strict-p030,34.9564,325,325,RLPolicy,0,0,0,0,1.20397,1,3.47238,79,79,3.41792,484,1
E3-Strict-p030,34.9569,149,149,RLPolicy,0,0,0,0,1.20397,1,3.2881,75,75,3.24351,484,1
E3-Strict-p030,34.9654,40,40,RLPolicy,0,0,0,0,1.20397,1,3.50159,63,63,3.44692,484,0.999385
E3-Strict-p030,34.9679,56,56,RLPolicy,0,0,0,0,1.20397,1,3.2854,57,57,3.23245,484,1
E3-Strict-p030,34.978,117,117,RLPolicy,0,0,0,0,1.20397,1,3.49606,49,49,3.4438,484,1
E3-Strict-p030,34.9785,208,208,RLPolicy,0,0,0,0,1.20397,1,2.92963,21,21,2.89497,484,1
E3-Strict-p030,34.98,218,218,RLPolicy,0,0,0,0,1.20397,1,3.68495,75,75,3.63133,484,1
E3-Strict-p030,34.9819,247,247,RLPolicy,0,0,0,0,1.20397,1,4.864,48,48,4.80886,484,1
E3-Strict-p030,34.986,205,205,RLPolicy,0,0,0,0,1.20397,1,2.6886,63,63,2.64788,484,1
E3-Strict-p030,34.9971,301,301,RLPolicy,0,0,0,0,1.20397,1,2.80869,7,7,2.77282,484,1
E3-Strict-p030,35.0027,322,322,RLPolicy,0,0,0,0,1.20397,1,3.3588,14,14,3.31497,486,1
E3-Strict-p030,35.0064,166,166,RLPolicy,0,0,0,0,1.20397,1,7.19222,39,39,7.14757,486,1
E3-Strict-p030,35.0123,310,310,RLPolicy,0,0,0,0,1.20397,1,6.54964,50,50,6.51033,486,1
E3-Strict-p030,35.0125,161,161,RLPolicy,0,0,0,0,1.20397,1,3.59074,52,52,3.53228,486,1
E3-Strict-p030,35.0259,150,150,RLPolicy,0,0,0,0,1.20397,1,2.74341,66,66,2.69467,486,0.997446
E3-Strict-p030,35.0289,220,332,RLPolicy,1,1,0.0665383,0.693147,1.20397,3,2.87021,98,103,2.76011,486,0.997446
E3-Strict-p030,35.0345,196,196,RLPolicy,0,0,0,0,1.20397,1,2.61917,24,24,2.58642,486,1
E3-Strict-p030,35.0358,116,116,RLPolicy,0,0,0,0,1.20397,1,6.62343,43,43,6.57035,486,0.994892
E3-Strict-p030,35.0403,302,302,RLPolicy,0,0,0,0,1.20397,1,3.14393,47,47,3.10372,486,1
E3-Strict-p030,35.045,177,177,RLPolicy,0,0,0,0,1.20397,1,3.73885,53,53,3.63378,486,1
E3-Strict-p030,35.046,323,323,RLPolicy,0,0,0,0,1.20397,1,3.18595,42,42,3.14328,486,1
E3-Strict-p030,35.0512,180,180,RLPolicy,0,0,0,0,1.20397,1,3.17789,17,17,3.12958,486,1
E3-Strict-p030,35.0514,320,320,RLPolicy,0,0,0,0,1.20397,1,2.65187,11,11,2.54503,486,1
E3-Strict-p030,35.0587,20,20,RLPolicy,0,0,0,0,1.20397,1,3.57314,79,79,3.51911,486,0.996831
E3-Strict-p030,35.06,3,3,RLPolicy,0,0,0,0,1.20397,1,2.57895,33,33,2.49967,5,0.997446
E3-Strict-p030,35.0602,19,19,RLPolicy,0,0,0,0,1.20397,1,3.81089,53,53,3.75693,486,1
E3-Strict-p030,35.0895,45,45,RLPolicy,0,0,0,0,1.20397,1,3.15073,9,9,3.10685,486,1
E3-Strict-p030,35.092,111,111,RLPolicy,0,0,0,0,1.20397,1,3.57314,75,75,3.53195,486,1
E3-Strict-p030,35.0993,46,46,RLPolicy,0,0,0,0,1.20397,1,4.11421,37,37,4.07199,486,0.996831
E3-Strict-p030,35.1068,249,249,RLPolicy,0,0,0,0,1.20397,1,3.2552,24,24,3.19184,489,1
E3-Strict-p030,35.1089,209,209,RLPolicy,0,0,0,0,1.20397,1,2.50249,4,4,2.46992,489,1
E3-Strict-p030,35.1136,43,43,RLPolicy,0,0,0,0,1.20397,1,3.6167,78,78,3.55987,489,1
E3-Strict-p030,35.1179,179,179,RLPolicy,0,0,0,0,1.20397,1,4.68642,59,59,4.642,489,1
E3-Strict-p030,35.1218,290,290,RLPolicy,0,0,0,0,1.20397,1,3.18995,68,68,3.13394,489,1
E3-Strict-p030,35.1314,145,145,RLPolicy,0,0,0,0,1.20397,1,2.84007,68,68,2.78857,489,0.997446
E3-Strict-p030,35.1394,12,115,RLPolicy,1,1,0.0323354,0.693147,1.20397,3,3.21724,126,136,3.1252,489,0.989783
E3-Strict-p030,35.1454,63,63,RLPolicy,0,0,0,0,1.20397,1,6.61199,36,36,6.55381,489,1
E3-Strict-p030,35.1508,81,81,RLPolicy,0,0,0,0,1.20397,1,3.02606,19,19,2.99026,489,1
E3-Strict-p030,35.16,178,178,RLPolicy,0,0,0,0,1.20397,1,6.14607,9,9,6.08216,489,0.997446
E3-Strict-p030,35.1626,25,25,RLPolicy,0,0,0,0,1.20397,1,3.03999,57,57,2.99939,489,0.996831
E3-Strict-p030,35.1668,308,308,RLPolicy,0,0,0,0,1.20397,1,2.80289,12,12,2.76678,489,1
E3-Strict-p030,35.1741,264,264,RLPolicy,0,0,0,0,1.20397,1,3.47442,18,18,3.42815,489,1
E3-Strict-p030,35.1834,312,312,RLPolicy,0,0,0,0,1.20397,1,3.05854,24,24,2.94277,489,1
E3-Strict-p030,35.1995,103,103,RLPolicy,0,0,0,0,1.20397,1,3.25942,64,64,3.21237,489,1
E3-Strict-p030,35.1999,244,244,RLPolicy,0,0,0,0,1.20397,1,3.43592,62,62,3.38661,489,1
E3-Strict-p030,35.2047,105,105,RLPolicy,0,0,0,0,1.20397,1,9.11354,67,67,9.05217,490,1
E3-Strict-p030,35.2053,76,76,RLPolicy,0,0,0,0,1.20397,1,3.36215,81,81,3.31261,490,1
E3-Strict-p030,35.2056,210,210,RLPolicy,0,0,0,0,1.20397,1,2.56095,11,11,2.51136,490,1
E3-Strict-p030,35.2063,107,107,RLPolicy,0,0,0,0,1.20397,1,4.42842,61,61,4.37926,490,0.994892
E3-Strict-p030,35.2104,245,245,RLPolicy,0,0,0,0,1.20397,1,4.01075,54,54,3.92077,490,0.997446
E3-Strict-p030,35.2106,172,355,RLPolicy,1,1,0.0549371,0.693147,1.20397,3,3.83801,111,155,3.6279,490,0.994892
E3-Strict-p030,35.2211,147,147,RLPolicy,0,0,0,0,1.20397,1,3.23653,64,64,3.18293,490,1
E3-Strict-p030,35.2216,174,174,RLPolicy,0,0,0,0,1.20397,1,3.82985,67,67,3.77683,490,1
E3-Strict-p030,35.2218,112,112,RLPolicy,0,0,0,0,1.20397,1,3.63181,81,81,3.56835,490,1
E3-Strict-p030,35.225,225,225,RLPolicy,0,0,0,0,1.20397,1,3.15109,58,58,3.09886,490,1
E3-Strict-p030,35.2259,54,54,RLPolicy,0,0,0,0,1.20397,1,3.51366,7,7,3.45664,490,1
E3-Strict-p030,35.2315,38,38,RLPolicy,0,0,0,0,1.20397,1,4.32473,53,53,4.27641,490,1
E3-Strict-p030,35.2348,280,280,RLPolicy,0,0,0,0,1.20397,1,3.23036,2,2,3.18476,490,1
E3-Strict-p030,35.2361,335,335,RLPolicy,0,0,0,0,1.20397,1,3.38637,44,44,3.30583,490,1
E3-Strict-p030,35.237,66,66,RLPolicy,0,0,0,0,1.20397,1,3.24803,50,50,3.20288,490,1
E3-Strict-p030,35.242,50,50,RLPolicy,0,0,0,0,1.20397,1,4.15619,79,79,4.111,490,1
E3-Strict-p030,35.2423,52,399,RLPolicy,1,1,0.0425634,1.08091,1.20397,4,3.16884,216,228,2.94704,490,0.999385
E3-Strict-p030,35.2432,190,291,RLPolicy,1,1,0.0646886,0.693147,1.20397,3,3.87868,119,125,3.71957,490,0.997446
E3-Strict-p030,35.247,114,114,RLPolicy,0,0,0,0,1.20397,1,3.57963,3,3,3.48618,490,1
E3-Strict-p030,35.2636,39,39,RLPolicy,0,0,0,0,1.20397,1,3.01564,49,49,2.96401,490,0.997446
E3-Strict-p030,35.2692,152,152,RLPolicy,0,0,0,0,1.20397,1,2.63085,24,24,2.59027,490,1
E3-Strict-p030,35.2738,258,258,RLPolicy,0,0,0,0,1.20397,1,3.59898,52,52,3.54239,490,1
E3-Strict-p030,35.2786,120,120,RLPolicy,0,0,0,0,1.20397,1,3.30627,9,9,3.22647,490,1
E3-Strict-p030,35.2872,59,59,RLPolicy,0,0,0,0,1.20397,1,4.20844,21,21,4.14766,490,0.994892
E3-Strict-p030,35.3116,49,49,RLPolicy,0,0,0,0,1.20397,1,3.03678,11,11,2.99336,492,1
E3-Strict-p030,35.317,68,68,RLPolicy,0,0,0,0,1.20397,1,3.1968,11,11,3.15602,492,1
E3-Strict-p030,35.3184,86,86,RLPolicy,0,0,0,0,1.20397,1,3.55063,12,12,3.50897,492,1
E3-Strict-p030,35.3234,109,109,RLPolicy,0,0,0,0,1.20397,1,3.3305,28,28,3.28262,492,0.997446
E3-Strict-p030,35.3296,305,305,RLPolicy,0,0,0,0,1.20397,1,2.928,69,69,2.88061,492,1
E3-Strict-p030,35.3471,1,1,RLPolicy,0,0,0,0,1.20397,1,4.1636,11,11,4.1133,492,1
E3-Strict-p030,35.3607,293,293,RLPolicy,0,0,0,0,1.20397,1,2.92702,52,52,2.88846,492,1
E3-Strict-p030,35.3654,7,7,RLPolicy,0,0,0,0,1.20397,1,3.06333,51,51,3.02147,492,1
E3-Strict-p030,35.3752,228,228,RLPolicy,0,0,0,0,1.20397,1,2.75745,1,1,2.72365,492,1
E3-Strict-p030,35.3795,214,214,RLPolicy,0,0,0,0,1.20397,1,3.34395,48,48,3.28751,492,1
E3-Strict-p030,35.3911,8,8,RLPolicy,0,0,0,0,1.20397,1,2.84755,69,69,2.79649,492,0.997446
E3-Strict-p030,35.4006,151,151,RLPolicy,0,0,0,0,1.20397,1,3.47305,65,65,3.41852,492,1
E3-Strict-p030,35.4012,182,182,RLPolicy,0,0,0,0,1.20397,1,3.38763,68,68,3.33204,492,1
E3-Strict-p030,35.416,17,17,RLPolicy,0,0,0,0,1.20397,1,4.29271,65,65,4.22389,492,0.997858
E3-Strict-p030,35.4246,201,201,RLPolicy,0,0,0,0,1.20397,1,3.73321,72,72,3.6677,492,1
E3-Strict-p030,35.4255,67,73,RLPolicy,1,1,0.0455576,0.693147,1.20397,3,4.1515,114,148,3.96882,492,0.994892
E3-Strict-p030,35.4394,255,255,RLPolicy,0,0,0,0,1.20397,1,3.72778,35,35,3.67057,492,1
E3-Strict-p030,35.446,279,279,RLPolicy,0,0,0,0,1.20397,1,2.94945,45,45,2.89507,492,1
E3-Strict-p030,35.4553,94,94,RLPolicy,0,0,0,0,1.20397,1,3.17234,72,72,3.11864,492,0.997446
E3-Strict-p030,35.4573,74,74,RLPolicy,0,0,0,0,1.20397,1,3.24594,55,55,3.16951,492,1
E3-Strict-p030,35.4578,326,326,RLPolicy,0,0,0,0,1.20397,1,3.30416,60,60,3.25109,492,1
E3-Strict-p030,35.4602,65,65,RLPolicy,0,0,0,0,1.20397,1,3.34332,13,13,3.28082,492,1
E3-Strict-p030,35.4684,61,61,RLPolicy,0,0,0,0,1.20397,1,2.85069,65,65,2.79132,492,0.997446
E3-Strict-p030,35.4742,331,331,RLPolicy,0,0,0,0,1.20397,1,3.19707,75,75,3.11531,492,1
E3-Strict-p030,35.4817,48,48,RLPolicy,0,0,0,0,1.20397,1,3.89403,74,74,3.85121,492,0.997446
E3-Strict-p030,35.4905,216,216,RLPolicy,0,0,0,0,1.20397,1,2.92599,66,66,2.87052,492,1
E3-Strict-p030,35.4951,315,315,RLPolicy,0,0,0,0,1.20397,1,3.27409,22,22,3.23848,492,1
E3-Strict-p030,35.4959,298,298,RLPolicy,0,0,0,0,1.20397,1,2.89908,58,58,2.86161,492,1
E3-Strict-p030,35.499,99,99,RLPolicy,0,0,0,0,1.20397,1,2.81604,45,45,2.76136,492,1
E3-Strict-p030,35.5034,55,55,RLPolicy,0,0,0,0,1.20397,1,3.93242,16,16,3.89668,492,1
E3-Strict-p030,35.5143,93,93,RLPolicy,0,0,0,0,1.20397,1,2.6775,65,65,2.63562,492,1
E3-Strict-p030,35.5147,53,53,RLPolicy,0,0,0,0,1.20397,1,4.9613,33,33,4.88536,492,1
E3-Strict-p030,35.5196,113,113,RLPolicy,0,0,0,0,1.20397,1,7.10759,42,42,7.0653,492,0.992338
E3-Strict-p030,35.5226,44,44,RLPolicy,0,0,0,0,1.20397,1,3.1178,38,38,3.076,492,0.999385
E3-Strict-p030,35.5226,268,268,RLPolicy,0,0,0,0,1.20397,1,6.67309,51,51,6.62392,492,1
E3-Strict-p030,35.5267,274,274,RLPolicy,0,0,0,0,1.20397,1,3.57031,44,44,3.51791,492,0.997446
E3-Strict-p030,35.5304,0,0,RLPolicy,0,0,0,0,1.20397,1,3.75069,71,71,3.6687,492,1
E3-Strict-p030,35.5349,124,124,RLPolicy,0,0,0,0,1.20397,1,3.86262,63,63,3.77334,492,0.997446
E3-Strict-p030,35.5365,186,186,RLPolicy,0,0,0,0,1.20397,1,6.30088,55,55,6.21861,492,1
E3-Strict-p030,35.5425,324,324,RLPolicy,0,0,0,0,1.20397,1,2.92261,45,45,2.85001,492,1
E3-Strict-p030,35.546,169,169,RLPolicy,0,0,0,0,1.20397,1,4.09214,49,49,4.03144,492,0.994892
E3-Strict-p030,35.547,91,91,RLPolicy,0,0,0,0,1.20397,1,2.91466,54,54,2.86725,492,0.997446
E3-Strict-p030,35.5542,273,273,RLPolicy,0,0,0,0,1.20397,1,5.40307,77,77,5.34512,492,1
E3-Strict-p030,35.5567,287,287,RLPolicy,0,0,0,0,1.20397,1,2.80533,16,16,2.77057,492,1
E3-Strict-p030,35.5606,115,115,RLPolicy,0,0,0,0,1.20397,1,4.12317,74,74,4.04507,492,1
E3-Strict-p030,35.5775,118,457,RLPolicy,1,1,0.0427978,0.693147,1.20397,3,4.30166,134,143,4.09256,492,0.997446
E3-Strict-p030,35.5875,127,75,RLPolicy,1,1,0.0371284,0.693147,1.20397,3,3.60601,49,57,3.41167,492,0.994892
E3-Strict-p030,35.5961,193,193,RLPolicy,0,0,0,0,1.20397,1,4.06454,65,65,3.99877,492,1
E3-Strict-p030,35.597,242,255,RLPolicy,1,1,0.0667186,0.693147,1.20397,3,4.47655,102,107,4.28643,492,0.997446
E3-Strict-p030,35.5972,260,260,RLPolicy,0,0,0,0,1.20397,1,5.07594,54,54,5.00891,492,1
E3-Strict-p030,35.6055,241,241,RLPolicy,0,0,0,0,1.20397,1,7.05972,13,13,7.00119,494,1
E3-Strict-p030,35.6262,143,143,RLPolicy,0,0,0,0,1.20397,1,2.72507,7,7,2.6717,494,1
E3-Strict-p030,35.6316,253,253,RLPolicy,0,0,0,0,1.20397,1,3.61401,71,71,3.56473,494,1
E3-Strict-p030,35.6365,251,251,RLPolicy,0,0,0,0,1.20397,1,3.66477,72,72,3.59605,494,0.997446
E3-Strict-p030,35.6376,338,338,RLPolicy,0,0,0,0,1.20397,1,2.92756,59,59,2.87577,494,1
E3-Strict-p030,35.6418,133,91,RLPolicy,1,1,0.0406505,0.693147,1.20397,3,3.60713,150,159,3.50191,494,0.991567
E3-Strict-p030,35.6516,89,89,RLPolicy,0,0,0,0,1.20397,1,3.70724,63,63,3.64782,494,0.997446
E3-Strict-p030,35.6584,311,311,RLPolicy,0,0,0,0,1.20397,1,3.28877,52,52,3.23714,494,1
E3-Strict-p030,35.6757,83,83,RLPolicy,0,0,0,0,1.20397,1,3.06364,70,70,3.01078,494,1
E3-Strict-p030,35.6803,60,60,RLPolicy,0,0,0,0,1.20397,1,3.60723,26,26,3.55151,494,1
E3-Strict-p030,35.6821,173,173,RLPolicy,0,0,0,0,1.20397,1,3.65612,60,60,3.60715,494,1
E3-Strict-p030,35.6846,102,476,RLPolicy,1,1,0.0397024,0.693147,1.20397,3,2.95342,45,54,2.83374,494,0.997446
E3-Strict-p030,35.685,246,246,RLPolicy,0,0,0,0,1.20397,1,3.5042,52,52,3.45451,494,1
E3-Strict-p030,35.6869,35,35,RLPolicy,0,0,0,0,1.20397,1,3.49296,37,37,3.44826,494,0.997446
E3-Strict-p030,35.6944,96,96,RLPolicy,0,0,0,0,1.20397,1,3.00229,51,51,2.95394,494,1
E3-Strict-p030,35.6949,183,183,RLPolicy,0,0,0,0,1.20397,1,3.56797,28,28,3.52085,494,1
E3-Strict-p030,35.6981,154,154,RLPolicy,0,0,0,0,1.20397,1,3.14887,8,8,3.10276,494,1
E3-Strict-p030,35.7015,267,267,RLPolicy,0,0,0,0,1.20397,1,3.32218,61,61,3.27237,495,1
E3-Strict-p030,35.7018,11,11,RLPolicy,0,0,0,0,1.20397,1,2.79794,12,12,2.76851,495,1
E3-Strict-p030,35.708,288,56,RLPolicy,1,1,0.0674561,0.693147,1.20397,3,3.52969,55,90,3.36298,495,0.997446
E3-Strict-p030,35.7095,266,266,RLPolicy,0,0,0,0,1.20397,1,6.59071,51,51,6.52405,495,1
E3-Strict-p030,35.7179,126,126,RLPolicy,0,0,0,0,1.20397,1,4.23592,47,47,4.13588,495,0.997446
E3-Strict-p030,35.7208,284,284,RLPolicy,0,0,0,0,1.20397,1,3.4274,47,47,3.36367,495,1
E3-Strict-p030,35.7213,239,239,RLPolicy,0,0,0,0,1.20397,1,3.84693,43,43,3.78131,495,1
E3-Strict-p030,35.725,136,136,RLPolicy,0,0,0,0,1.20397,1,3.08027,47,47,3.03534,495,0.997446
E3-Strict-p030,35.7285,332,332,RLPolicy,0,0,0,0,1.20397,1,3.16737,45,45,3.10143,495,1
E3-Strict-p030,35.7331,108,108,RLPolicy,0,0,0,0,1.20397,1,3.71284,54,54,3.65289,495,1
E3-Strict-p030,35.7354,257,257,RLPolicy,0,0,0,0,1.20397,1,3.86341,46,46,3.78317,495,0.997446
E3-Strict-p030,35.7398,27,27,RLPolicy,0,0,0,0,1.20397,1,3.56649,62,62,3.48492,495,1
E3-Strict-p030,35.7501,106,106,RLPolicy,0,0,0,0,1.20397,1,3.69368,52,52,3.63529,495,1
E3-Strict-p030,35.7543,262,262,RLPolicy,0,0,0,0,1.20397,1,3.67674,44,44,3.62392,495,1
E3-Strict-p030,35.7683,73,73,RLPolicy,0,0,0,0,1.20397,1,3.2398,80,80,3.1939,495,1
E3-Strict-p030,35.7693,82,82,RLPolicy,0,0,0,0,1.20397,1,3.74956,78,78,3.6899,495,0.997446
E3-Strict-p030,35.7726,271,271,RLPolicy,0,0,0,0,1.20397,1,3.86863,44,44,3.77166,495,1
E3-Strict-p030,35.7745,123,468,RLPolicy,1,1,0.0398131,0.693147,1.20397,3,4.23931,89,104,4.02019,495,0.997446
E3-Strict-p030,35.7892,234,234,RLPolicy,0,0,0,0,1.20397,1,3.22578,32,32,3.17402,495,1
E3-Strict-p030,35.7909,131,131,RLPolicy,0,0,0,0,1.20397,1,3.69822,33,33,3.65218,495,0.997446
E3-Strict-p030,35.7917,275,275,RLPolicy,0,0,0,0,1.20397,1,4.48227,81,81,4.35302,495,1
E3-Strict-p030,35.7944,300,300,RLPolicy,0,0,0,0,1.20397,1,2.91847,34,34,2.87999,495,1
E3-Strict-p030,35.8046,333,333,RLPolicy,0,0,0,0,1.20397,1,3.39487,70,70,3.34301,5,1
E3-Strict-p030,35.8192,252,252,RLPolicy,0,0,0,0,1.20397,1,5.78433,62,62,5.70974,495,1
E3-Strict-p030,35.8206,98,98,RLPolicy,0,0,0,0,1.20397,1,3.3635,26,26,3.29535,495,1
E3-Strict-p030,35.8236,5,5,RLPolicy,0,0,0,0,1.20397,1,4.11427,63,63,4.05909,495,0.993365
E3-Strict-p030,35.8346,92,92,RLPolicy,0,0,0,0,1.20397,1,2.90706,21,21,2.84972,495,1
E3-Strict-p030,35.8383,217,217,RLPolicy,0,0,0,0,1.20397,1,3.80945,43,43,3.75871,495,1
E3-Strict-p030,35.8393,128,128,RLPolicy,0,0,0,0,1.20397,1,4.49194,61,61,4.3768,495,1
E3-Strict-p030,35.847,184,408,RLPolicy,1,1,0.0510849,0.693147,1.20397,3,8.45967,105,120,8.30452,495,0.997446
E3-Strict-p030,35.8562,22,22,RLPolicy,0,0,0,0,1.20397,1,4.77535,56,56,4.66823,495,1
E3-Strict-p030,35.8632,34,34,RLPolicy,0,0,0,0,1.20397,1,3.95929,99,99,3.88523,495,0.994892
E3-Strict-p030,35.8635,162,162,RLPolicy,0,0,0,0,1.20397,1,2.46942,52,52,2.3933,5,1
E3-Strict-p030,35.87,138,138,RLPolicy,0,0,0,0,1.20397,1,3.4233,60,60,3.36313,495,1
E3-Strict-p030,35.8787,254,254,RLPolicy,0,0,0,0,1.20397,1,3.93856,65,65,3.88617,495,1
E3-Strict-p030,35.8791,58,58,RLPolicy,0,0,0,0,1.20397,1,9.11904,72,72,9.0519,495,0.991722
E3-Strict-p030,35.8833,168,168,RLPolicy,0,0,0,0,1.20397,1,3.22744,79,79,3.16828,495,1
E3-Strict-p030,35.8863,269,269,RLPolicy,0,0,0,0,1.20397,1,3.2797,75,75,3.22759,495,1
E3-Strict-p030,35.8973,230,230,RLPolicy,0,0,0,0,1.20397,1,2.58826,9,9,2.54756,495,1
E3-Strict-p030,35.9075,318,318,RLPolicy,0,0,0,0,1.20397,1,3.18984,1,1,3.15466,497,1
E3-Strict-p030,35.9181,286,286,RLPolicy,0,0,0,0,1.20397,1,2.9597,28,28,2.92348,497,1
E3-Strict-p030,35.9225,316,316,RLPolicy,0,0,0,0,1.20397,1,6.45859,35,35,6.32298,497,1
E3-Strict-p030,35.9248,204,204,RLPolicy,0,0,0,0,1.20397,1,3.84356,72,72,3.79707,497,1
E3-Strict-p030,35.928,155,155,RLPolicy,0,0,0,0,1.20397,1,3.2129,60,60,3.17544,497,0.997446
E3-Strict-p030,35.9403,181,181,RLPolicy,0,0,0,0,1.20397,1,6.59601,20,20,6.5396,497,1
E3-Strict-p030,35.9546,295,222,RLPolicy,1,1,0.0709594,0.693147,1.20397,3,3.23725,108,114,3.14418,497,0.994892
E3-Strict-p030,35.9613,342,342,RLPolicy,0,0,0,0,1.20397,1,3.40719,80,80,3.35783,497,1
E3-Strict-p030,35.9719,41,41,RLPolicy,0,0,0,0,1.20397,1,2.80804,84,84,2.74261,5,1
E3-Strict-p030,35.9791,304,304,RLPolicy,0,0,0,0,1.20397,1,3.21743,49,49,3.1588,497,1
E3-Strict-p030,35.981,187,187,RLPolicy,0,0,0,0,1.20397,1,7.30513,43,43,7.25886,497,1
E3-Strict-p030,35.9815,69,69,RLPolicy,0,0,0,0,1.20397,1,6.78348,52,52,6.73651,497,1
E3-Strict-p030,35.9821,42,42,RLPolicy,0,0,0,0,1.20397,1,2.95766,21,21,2.92264,497,1
E3-Strict-p030,35.9879,144,144,RLPolicy,0,0,0,0,1.20397,1,3.052,67,67,2.98359,497,0.997446
E3-Strict-p030,36.002,229,229,RLPolicy,0,0,0,0,1.20397,1,2.89136,67,67,2.85192,498,0.997446
E3-Strict-p030,36.0054,194,194,RLPolicy,0,0,0,0,1.20397,1,6.5367,77,77,6.49415,498,0.994892
E3-Strict-p030,36.0119,30,30,RLPolicy,0,0,0,0,1.20397,1,9.31022,25,25,9.24714,498,1
E3-Strict-p030,36.0153,21,21,RLPolicy,0,0,0,0,1.20397,1,7.06572,81,81,7.00057,498,0.997858
E3-Strict-p030,36.0171,24,24,RLPolicy,0,0,0,0,1.20397,1,7.38831,34,34,7.34131,498,0.997446
E3-Strict-p030,36.0191,10,10,RLPolicy,0,0,0,0,1.20397,1,3.43443,12,12,3.39026,498,0.995919
E3-Strict-p030,36.0214,256,256,RLPolicy,0,0,0,0,1.20397,1,3.54475,6,6,3.49181,498,1
E3-Strict-p030,36.0261,198,198,RLPolicy,0,0,0,0,1.20397,1,7.02569,44,44,6.94135,498,1
E3-Strict-p030,36.0273,2,2,RLPolicy,0,0,0,0,1.20397,1,5.64093,45,45,5.5488,498,1
E3-Strict-p030,36.0327,317,317,RLPolicy,0,0,0,0,1.20397,1,3.83472,80,80,3.78829,498,1
E3-Strict-p030,36.0348,4,4,RLPolicy,0,0,0,0,1.20397,1,3.17307,12,12,3.13193,498,1
E3-Strict-p030,36.0396,29,29,RLPolicy,0,0,0,0,1.20397,1,3.75726,31,31,3.69574,498,0.997858
E3-Strict-p030,36.0461,165,165,RLPolicy,0,0,0,0,1.20397,1,3.01533,57,57,2.97579,498,1
E3-Strict-p030,36.0519,64,64,RLPolicy,0,0,0,0,1.20397,1,4.52722,66,66,4.4368,498,1
E3-Strict-p030,36.058,207,207,RLPolicy,0,0,0,0,1.20397,1,4.1254,56,56,4.03976,498,1
E3-Strict-p030,36.0581,139,139,RLPolicy,0,0,0,0,1.20397,1,4.85069,37,37,4.78516,498,1
E3-Strict-p030,36.0802,289,289,RLPolicy,0,0,0,0,1.20397,1,2.67647,9,9,2.63839,498,1
E3-Strict-p030,36.0883,299,265,RLPolicy,1,1,0.0740617,0.693147,1.20397,3,3.07458,103,117,2.9157,498,0.997446
E3-Strict-p030,36.0981,211,211,RLPolicy,0,0,0,0,1.20397,1,4.1349,29,29,4.06706,498,1
E3-Strict-p030,36.0981,129,129,RLPolicy,0,0,0,0,1.20397,1,3.07023,18,18,3.03271,498,1
E3-Strict-p030,36.1025,75,75,RLPolicy,0,0,0,0,1.20397,1,3.39332,57,57,3.33897,501,1
E3-Strict-p030,36.1079,321,321,RLPolicy,0,0,0,0,1.20397,1,3.11937,9,9,3.07894,501,1
E3-Strict-p030,36.1207,57,57,RLPolicy,0,0,0,0,1.20397,1,7.60658,11,11,7.53727,501,1
E3-Strict-p030,36.1282,148,148,RLPolicy,0,0,0,0,1.20397,1,3.22379,4,4,3.19161,501,1
E3-Strict-p030,36.1384,283,283,RLPolicy,0,0,0,0,1.20397,1,4.69672,63,63,4.6221,501,1
E3-Strict-p030,36.168,282,164,RLPolicy,1,1,0.0717673,0.693147,1.20397,3,4.40617,116,161,4.17665,501,0.994892
E3-Strict-p030,36.1691,130,130,RLPolicy,0,0,0,0,1.20397,1,3.41974,12,12,3.36818,501,1
E3-Strict-p030,36.1793,110,110,RLPolicy,0,0,0,0,1.20397,1,2.9726,13,13,2.92445,501,1
E3-Strict-p030,36.1834,31,31,RLPolicy,0,0,0,0,1.20397,1,3.75013,60,60,3.54723,501,1
E3-Strict-p030,36.1837,185,185,RLPolicy,0,0,0,0,1.20397,1,4.23485,37,37,4.16399,501,1
E3-Strict-p030,36.1952,344,344,RLPolicy,0,0,0,0,1.20397,1,2.85827,8,8,2.8239,501,1
E3-Strict-p030,36.2045,202,202,RLPolicy,0,0,0,0,1.20397,1,8.20437,48,48,8.16925,501,1
E3-Strict-p030,36.2083,167,167,RLPolicy,0,0,0,0,1.20397,1,3.72173,54,54,3.66917,501,0.997446
E3-Strict-p030,36.2109,33,33,RLPolicy,0,0,0,0,1.20397,1,4.10029,46,46,3.99696,501,1
E3-Strict-p030,36.2113,307,307,RLPolicy,0,0,0,0,1.20397,1,3.38765,57,57,3.33554,501,1
E3-Strict-p030,36.2142,337,337,RLPolicy,0,0,0,0,1.20397,1,3.22924,19,19,3.19285,501,1
E3-Strict-p030,36.2147,219,219,RLPolicy,0,0,0,0,1.20397,1,5.02303,53,53,4.95025,501,1
E3-Strict-p030,36.2149,156,156,RLPolicy,0,0,0,0,1.20397,1,3.11561,83,83,3.0713,501,1
E3-Strict-p030,36.225,313,313,RLPolicy,0,0,0,0,1.20397,1,3.14865,65,65,3.10556,501,1
E3-Strict-p030,36.2286,328,328,RLPolicy,0,0,0,0,1.20397,1,3.76762,45,45,3.5029,501,1
E3-Strict-p030,36.2357,71,71,RLPolicy,0,0,0,0,1.20397,1,6.45388,11,11,6.38753,501,1
E3-Strict-p030,36.2389,238,238,RLPolicy,0,0,0,0,1.20397,1,2.5827,9,9,2.54584,501,1
E3-Strict-p030,36.2418,70,70,RLPolicy,0,0,0,0,1.20397,1,3.77021,53,53,3.71662,501,1
E3-Strict-p030,36.2481,296,296,RLPolicy,0,0,0,0,1.20397,1,4.61034,67,67,4.5453,501,1
E3-Strict-p030,36.2501,176,176,RLPolicy,0,0,0,0,1.20397,1,2.84825,10,10,2.81171,501,1
E3-Strict-p030,36.2538,125,125,RLPolicy,0,0,0,0,1.20397,1,4.22908,54,54,4.12921,501,1
E3-Strict-p030,36.2636,84,84,RLPolicy,0,0,0,0,1.20397,1,3.43635,67,67,3.37962,501,1
E3-Strict-p030,36.274,294,294,RLPolicy,0,0,0,0,1.20397,1,3.67719,55,55,3.51139,501,1
E3-Strict-p030,36.2779,231,231,RLPolicy,0,0,0,0,1.20397,1,2.70332,84,84,2.65392,1,0.997446
E3-Strict-p030,36.2965,250,250,RLPolicy,0,0,0,0,1.20397,1,4.12618,45,45,4.02678,501,1
E3-Strict-p030,36.2985,285,285,RLPolicy,0,0,0,0,1.20397,1,3.97031,46,46,3.92494,501,0.997446
E3-Strict-p030,36.302,87,87,RLPolicy,0,0,0,0,1.20397,1,3.44982,63,63,3.40262,501,0.997446
E3-Strict-p030,36.3072,276,276,RLPolicy,0,0,0,0,1.20397,1,3.97716,54,54,3.91297,501,1
E3-Strict-p030,36.3166,104,104,RLPolicy,0,0,0,0,1.20397,1,3.18818,68,68,3.13761,501,0.994892
E3-Strict-p030,36.3173,339,339,RLPolicy,0,0,0,0,1.20397,1,3.21706,67,67,3.17243,501,1
E3-Strict-p030,36.3207,351,351,RLPolicy,0,0,0,0,1.20397,1,3.61461,44,44,3.55038,501,1
E3-Strict-p030,36.3245,23,23,RLPolicy,0,0,0,0,1.20397,1,3.22993,63,63,3.18862,501,1
E3-Strict-p030,36.3271,195,40,RLPolicy,1,1,0.0655376,0.693147,1.20397,3,4.02367,156,159,3.86784,501,0.994892
E3-Strict-p030,36.3289,77,77,RLPolicy,0,0,0,0,1.20397,1,5.3,53,53,5.195,501,1
E3-Strict-p030,36.3292,292,292,RLPolicy,0,0,0,0,1.20397,1,2.76916,46,46,2.73092,501,1
E3-Strict-p030,36.3318,224,224,RLPolicy,0,0,0,0,1.20397,1,3.17856,12,12,3.1386,501,0.997446
E3-Strict-p030,36.3412,79,79,RLPolicy,0,0,0,0,1.20397,1,3.72672,60,60,3.63307,501,0.997446
E3-Strict-p030,36.3419,32,32,RLPolicy,0,0,0,0,1.20397,1,4.64647,76,76,4.53215,501,0.999385
E3-Strict-p030,36.3441,37,37,RLPolicy,0,0,0,0,1.20397,1,3.48144,11,11,3.4339,501,1
E3-Strict-p030,36.3624,297,297,RLPolicy,0,0,0,0,1.20397,1,3.32133,52,52,3.26503,501,1
E3-Strict-p030,36.3647,309,309,RLPolicy,0,0,0,0,1.20397,1,3.7157,54,54,3.65634,501,0.997446
E3-Strict-p030,36.367,319,319,RLPolicy,0,0,0,0,1.20397,1,2.91003,24,24,2.86616,501,1
E3-Strict-p030,36.373,236,236,RLPolicy,0,0,0,0,1.20397,1,4.20862,56,56,4.12278,501,1
E3-Strict-p030,36.3826,157,157,RLPolicy,0,0,0,0,1.20397,1,3.54843,27,27,3.48856,501,1
E3-Strict-p030,36.3841,170,170,RLPolicy,0,0,0,0,1.20397,1,3.92725,32,32,3.85373,501,0.997446
E3-Strict-p030,36.3916,270,270,RLPolicy,0,0,0,0,1.20397,1,3.55981,53,53,3.49181,501,0.997446
E3-Strict-p030,36.3957,158,158,RLPolicy,0,0,0,0,1.20397,1,3.30024,50,50,3.24425,501,1
E3-Strict-p030,36.3998,306,306,RLPolicy,0,0,0,0,1.20397,1,3.50268,21,21,3.4387,501,1
E3-Strict-p030,36.4142,261,261,RLPolicy,0,0,0,0,1.20397,1,4.21919,54,54,4.07988,502,1
E3-Strict-p030,36.4308,215,215,RLPolicy,0,0,0,0,1.20397,1,6.86899,10,10,6.7706,502,1
E3-Strict-p030,36.4431,354,354,RLPolicy,0,0,0,0,1.20397,1,3.96129,32,32,3.91228,502,1
E3-Strict-p030,36.4504,191,191,RLPolicy,0,0,0,0,1.20397,1,6.69048,69,69,6.63479,502,1
E3-Strict-p030,36.4532,28,28,RLPolicy,0,0,0,0,1.20397,1,7.92597,38,38,7.81269,502,0.997446
E3-Strict-p030,36.4538,278,278,RLPolicy,0,0,0,0,1.20397,1,4.601,54,54,4.53119,502,1
E3-Strict-p030,36.4663,72,72,RLPolicy,0,0,0,0,1.20397,1,7.13453,10,10,7.09344,502,0.997446
E3-Strict-p030,36.4682,197,197,RLPolicy,0,0,0,0,1.20397,1,4.0303,18,18,3.94628,502,1
E3-Strict-p030,36.4701,349,349,RLPolicy,0,0,0,0,1.20397,1,3.71058,48,48,3.65468,502,1
E3-Strict-p030,36.4737,329,329,RLPolicy,0,0,0,0,1.20397,1,2.9765,46,46,2.92992,502,1
E3-Strict-p030,36.4806,85,85,RLPolicy,0,0,0,0,1.20397,1,2.71463,5,5,2.68034,502,1
E3-Strict-p030,36.4809,18,18,RLPolicy,0,0,0,0,1.20397,1,2.96238,64,64,2.92062,502,1
E3-Strict-p030,36.4816,132,132,RLPolicy,0,0,0,0,1.20397,1,3.79311,9,9,3.67814,502,1
E3-Strict-p030,36.4885,330,330,RLPolicy,0,0,0,0,1.20397,1,8.36894,51,51,8.23083,502,1
E3-Strict-p030,36.4955,345,412,RLPolicy,1,1,0.0858465,0.693147,1.20397,3,3.28866,89,92,3.13329,502,0.997446
E3-Strict-p030,36.501,171,171,RLPolicy,0,0,0,0,1.20397,1,3.20612,43,43,3.16002,503,1
E3-Strict-p030,36.5044,6,6,RLPolicy,0,0,0,0,1.20397,1,4.34914,37,37,4.23136,503,1
E3-Strict-p030,36.5077,281,281,RLPolicy,0,0,0,0,1.20397,1,3.64599,10,10,3.59321,503,0.997446
E3-Strict-p030,36.5125,142,142,RLPolicy,0,0,0,0,1.20397,1,8.98292,48,48,8.88513,503,1
E3-Strict-p030,36.5148,78,78,RLPolicy,0,0,0,0,1.20397,1,3.96326,40,40,3.83885,503,0.997446
E3-Strict-p030,36.5245,233,233,RLPolicy,0,0,0,0,1.20397,1,3.4915,44,44,3.44264,503,1
E3-Strict-p030,36.5295,227,227,RLPolicy,0,0,0,0,1.20397,1,3.16284,57,57,3.11224,503,1
E3-Strict-p030,36.541,226,226,RLPolicy,0,0,0,0,1.20397,1,2.93083,9,9,2.89092,503,1
E3-Strict-p030,36.568,188,188,RLPolicy,0,0,0,0,1.20397,1,7.73953,9,9,7.65947,503,0.997446
E3-Strict-p030,36.5684,119,119,RLPolicy,0,0,0,0,1.20397,1,4.51286,87,87,4.41122,503,0.994892
E3-Strict-p030,36.5746,353,353,RLPolicy,0,0,0,0,1.20397,1,3.01943,4,4,2.96849,503,1
E3-Strict-p030,36.5853,199,199,RLPolicy,0,0,0,0,1.20397,1,4.54017,69,69,4.43363,503,1
E3-Strict-p030,36.5908,346,346,RLPolicy,0,0,0,0,1.20397,1,2.92356,9,9,2.88238,503,1
E3-Strict-p030,36.5908,146,146,RLPolicy,0,0,0,0,1.20397,1,3.27206,2,2,3.23344,503,1
E3-Strict-p030,36.6015,213,213,RLPolicy,0,0,0,0,1.20397,1,3.28385,43,43,3.24287,505,0.997446
E3-Strict-p030,36.602,47,47,RLPolicy,0,0,0,0,1.20397,1,3.06192,77,77,3.02106,505,1
E3-Strict-p030,36.6026,13,13,RLPolicy,0,0,0,0,1.20397,1,3.67734,55,55,3.63536,505,0.999385
E3-Strict-p030,36.6137,223,223,RLPolicy,0,0,0,0,1.20397,1,5.12541,58,58,5.05315,505,1
E3-Strict-p030,36.6146,314,314,RLPolicy,0,0,0,0,1.20397,1,3.07233,24,24,3.03626,505,1
E3-Strict-p030,36.6161,100,100,RLPolicy,0,0,0,0,1.20397,1,3.12139,19,19,3.0846,505,1
E3-Strict-p030,36.6323,97,97,RLPolicy,0,0,0,0,1.20397,1,3.1902,42,42,3.13947,505,1
E3-Strict-p030,36.6336,175,175,RLPolicy,0,0,0,0,1.20397,1,3.1343,13,13,3.09695,505,1
E3-Strict-p030,36.6343,327,436,RLPolicy,1,1,0.00240769,0.693147,1.20397,3,4.37101,53,56,4.27272,505,0.997446
E3-Strict-p030,36.6379,95,139,RLPolicy,1,1,0.0314412,0.693147,1.20397,3,3.33128,93,95,3.19084,505,0.997446
E3-Strict-p030,36.6521,90,90,RLPolicy,0,0,0,0,1.20397,1,2.97627,31,31,2.93087,505,0.997446
E3-Strict-p030,36.6564,341,341,RLPolicy,0,0,0,0,1.20397,1,2.84776,11,11,2.81112,505,1
E3-Strict-p030,36.6686,221,221,RLPolicy,0,0,0,0,1.20397,1,4.01383,48,48,3.96518,505,0.994892
E3-Strict-p030,36.6751,122,122,RLPolicy,0,0,0,0,1.20397,1,2.93956,59,59,2.8988,505,1
E3-Strict-p030,36.6773,248,248,RLPolicy,0,0,0,0,1.20397,1,3.23159,49,49,3.1904,505,1
E3-Strict-p030,36.6791,263,263,RLPolicy,0,0,0,0,1.20397,1,3.87989,68,68,3.79143,505,1
E3-Strict-p030,36.6879,206,206,RLPolicy,0,0,0,0,1.20397,1,4.39584,8,8,4.2813,505,1
E3-Strict-p030,36.6888,189,286,RLPolicy,1,1,0.0546828,0.693147,1.20397,3,6.39454,74,83,6.23357,505,0.997446
E3-Strict-p030,36.6947,265,265,RLPolicy,0,0,0,0,1.20397,1,7.76519,74,74,7.70906,505,0.997446
E3-Strict-p030,36.7003,140,140,RLPolicy,0,0,0,0,1.20397,1,3.39352,29,29,3.34796,507,1
E3-Strict-p030,36.7076,15,15,RLPolicy,0,0,0,0,1.20397,1,2.26918,12,12,2.23105,5,1
E3-Strict-p030,36.71,36,36,RLPolicy,0,0,0,0,1.20397,1,3.65106,12,12,3.59322,507,1
E3-Strict-p030,36.7118,137,137,RLPolicy,0,0,0,0,1.20397,1,3.5529,16,16,3.50117,507,1
E3-Strict-p030,36.7291,243,243,RLPolicy,0,0,0,0,1.20397,1,3.1193,74,74,3.07243,507,1
E3-Strict-p030,36.7297,134,134,RLPolicy,0,0,0,0,1.20397,1,3.33511,9,9,3.27698,507,1
E3-Strict-p030,36.7309,272,272,RLPolicy,0,0,0,0,1.20397,1,4.93408,58,58,4.81459,507,1
E3-Strict-p030,36.7337,159,159,RLPolicy,0,0,0,0,1.20397,1,2.71961,17,17,2.66037,2,1
E3-Strict-p030,36.7364,141,141,RLPolicy,0,0,0,0,1.20397,1,7.41414,64,64,7.23261,507,1
E3-Strict-p030,36.7478,153,153,RLPolicy,0,0,0,0,1.20397,1,3.51543,46,46,3.45496,507,1
E3-Strict-p030,36.7548,160,160,RLPolicy,0,0,0,0,1.20397,1,2.886,9,9,2.84142,507,1
E3-Strict-p030,36.756,237,237,RLPolicy,0,0,0,0,1.20397,1,3.41597,44,44,3.36849,507,0.997446
E3-Strict-p030,36.7643,135,168,RLPolicy,1,1,0.0475716,0.693147,1.20397,3,4.58664,118,138,4.24363,507,0.997446
E3-Strict-p030,36.7716,163,163,RLPolicy,0,0,0,0,1.20397,1,3.45039,47,47,3.40094,507,1
E3-Strict-p030,36.7767,259,259,RLPolicy,0,0,0,0,1.20397,1,6.20378,65,65,6.14194,507,1
E3-Strict-p030,36.7769,277,277,RLPolicy,0,0,0,0,1.20397,1,3.87778,1,1,3.67389,507,1
E3-Strict-p030,36.7772,303,303,RLPolicy,0,0,0,0,1.20397,1,2.78275,10,10,2.74101,507,1
E3-Strict-p030,36.7786,51,51,RLPolicy,0,0,0,0,1.20397,1,3.97617,12,12,3.9018,507,1
E3-Strict-p030,36.7823,88,88,RLPolicy,0,0,0,0,1.20397,1,4.08109,45,45,3.90915,507,1
E3-Strict-p030,36.7889,121,121,RLPolicy,0,0,0,0,1.20397,1,2.76217,3,3,2.72511,507,1
E3-Strict-p030,36.7916,291,407,RLPolicy,1,1,0.0734377,0.693147,1.20397,3,3.95248,77,98,3.73002,507,0.997446
E3-Strict-p030,36.7959,101,101,RLPolicy,0,0,0,0,1.20397,1,3.38901,20,20,3.32953,507,0.997446
E3-Strict-p030,36.8089,232,232,RLPolicy,0,0,0,0,1.20397,1,4.00924,52,52,3.94213,508,1
E3-Strict-p030,36.8131,14,14,RLPolicy,0,0,0,0,1.20397,1,6.99378,24,24,6.88756,508,1
E3-Strict-p030,36.8149,16,16,RLPolicy,0,0,0,0,1.20397,1,3.08995,32,32,3.03145,508,1
E3-Strict-p030,36.8201,334,334,RLPolicy,0,0,0,0,1.20397,1,6.77228,75,75,6.71647,508,1
E3-Strict-p030,36.8287,9,9,RLPolicy,0,0,0,0,1.20397,1,3.89599,56,56,3.82593,508,1
E3-Strict-p030,36.8364,192,192,RLPolicy,0,0,0,0,1.20397,1,3.85596,7,7,3.81454,508,0.997446
E3-Strict-p030,36.8439,26,26,RLPolicy,0,0,0,0,1.20397,1,4.06736,5,5,3.99315,508,1
E3-Strict-p030,36.8562,200,200,RLPolicy,0,0,0,0,1.20397,1,4.4248,51,51,4.35083,508,0.997446
E3-Strict-p030,36.8572,164,164,RLPolicy,0,0,0,0,1.20397,1,3.45237,73,73,3.38625,508,1
E3-Strict-p030,36.8736,235,235,RLPolicy,0,0,0,0,1.20397,1,3.38879,67,67,3.33741,508,1
E3-Strict-p030,36.8776,62,62,RLPolicy,0,0,0,0,1.20397,1,3.48219,23,23,3.43283,508,1
E3-Strict-p030,36.8881,222,222,RLPolicy,0,0,0,0,1.20397,1,3.84898,47,47,3.78854,508,0.997446
E3-Strict-p030,36.8959,212,450,RLPolicy,1,1,0.0599411,0.693147,1.20397,3,5.73419,133,150,5.47026,508,0.997446
E3-Strict-p030,36.9097,80,80,RLPolicy,0,0,0,0,1.20397,1,4.87124,78,78,4.78782,511,1
E3-Strict-p030,36.9144,240,240,RLPolicy,0,0,0,0,1.20397,1,3.22384,27,27,3.17879,511,1
E3-Strict-p030,36.9219,203,203,RLPolicy,0,0,0,0,1.20397,1,3.85824,62,62,3.7755,511,0.997446
E3-Strict-p030,36.9308,355,355,RLPolicy,0,0,0,0,1.20397,1,3.70504,53,53,3.65616,511,1
E3-Strict-p030,36.9564,325,325,RLPolicy,0,0,0,0,1.20397,1,3.27355,85,85,3.21122,511,1
E3-Strict-p030,36.9569,149,149,RLPolicy,0,0,0,0,1.20397,1,4.97329,85,85,4.84353,511,1
E3-Strict-p030,36.9654,40,40,RLPolicy,0,0,0,0,1.20397,1,3.8288,66,66,3.7755,511,0.999385
E3-Strict-p030,36.9679,56,56,RLPolicy,0,0,0,0,1.20397,1,3.23409,45,45,3.17036,511,1
E3-Strict-p030,36.97,356,356,RLPolicy,0,0,0,0,1.20397,1,4.4544,67,67,4.4079,511,1
E3-Strict-p030,36.978,117,117,RLPolicy,0,0,0,0,1.20397,1,3.27688,52,52,3.2296,511,1
E3-Strict-p030,36.9785,208,208,RLPolicy,0,0,0,0,1.20397,1,3.48258,18,18,3.43036,511,1
E3-Strict-p030,36.98,218,218,RLPolicy,0,0,0,0,1.20397,1,4.34157,77,77,4.28948,511,1
E3-Strict-p030,36.9819,247,247,RLPolicy,0,0,0,0,1.20397,1,3.19798,49,49,3.15342,511,1
E3-Strict-p030,36.986,205,205,RLPolicy,0,0,0,0,1.20397,1,5.03531,65,65,4.97209,511,1
E3-Strict-p030,36.9971,301,301,RLPolicy,0,0,0,0,1.20397,1,2.88064,7,7,2.83945,511,1
E3-Strict-p030,37.0027,322,322,RLPolicy,0,0,0,0,1.20397,1,3.04477,18,18,3.00471,511,1
E3-Strict-p030,37.0064,166,166,RLPolicy,0,0,0,0,1.20397,1,2.98152,40,40,2.93476,511,1
E3-Strict-p030,37.0123,310,310,RLPolicy,0,0,0,0,1.20397,1,3.69197,46,46,3.62717,511,1
E3-Strict-p030,37.0125,161,161,RLPolicy,0,0,0,0,1.20397,1,3.56799,56,56,3.50088,511,1
E3-Strict-p030,37.0227,362,362,RLPolicy,0,0,0,0,1.20397,1,4.08418,44,44,3.88356,511,1
E3-Strict-p030,37.0259,150,150,RLPolicy,0,0,0,0,1.20397,1,3.79033,61,61,3.73444,511,0.997446
E3-Strict-p030,37.0289,220,220,RLPolicy,0,0,0,0,1.20397,1,3.93805,47,47,3.87516,511,0.997446
E3-Strict-p030,37.0345,196,196,RLPolicy,0,0,0,0,1.20397,1,4.03874,27,27,3.97402,511,1
E3-Strict-p030,37.0358,116,116,RLPolicy,0,0,0,0,1.20397,1,3.6306,39,39,3.5765,511,0.994892
E3-Strict-p030,37.0403,302,50,RLPolicy,1,1,0.0702626,0.693147,1.20397,3,3.8566,84,89,3.69327,511,0.997446
E3-Strict-p030,37.045,177,177,RLPolicy,0,0,0,0,1.20397,1,4.11674,56,56,4.01461,511,1
E3-Strict-p030,37.046,323,323,RLPolicy,0,0,0,0,1.20397,1,3.68075,44,44,3.62233,511,1
E3-Strict-p030,37.0486,343,343,RLPolicy,0,0,0,0,1.20397,1,3.87513,56,56,3.81476,511,1
E3-Strict-p030,37.0512,180,180,RLPolicy,0,0,0,0,1.20397,1,3.4436,20,20,3.38143,511,1
E3-Strict-p030,37.0514,320,320,RLPolicy,0,0,0,0,1.20397,1,2.81712,11,11,2.77535,511,1
E3-Strict-p030,37.0587,20,20,RLPolicy,0,0,0,0,1.20397,1,3.5248,84,84,3.46859,511,0.996831
E3-Strict-p030,37.06,3,3,RLPolicy,0,0,0,0,1.20397,1,5.07344,35,35,5.00074,511,0.997446
E3-Strict-p030,37.0602,19,19,RLPolicy,0,0,0,0,1.20397,1,3.92095,53,53,3.83427,511,1
E3-Strict-p030,37.0895,45,426,RLPolicy,1,1,0.0233662,0.693147,1.20397,3,3.04938,19,22,2.94646,511,0.997446
E3-Strict-p030,37.092,111,111,RLPolicy,0,0,0,0,1.20397,1,4.64304,83,83,4.49383,511,1
E3-Strict-p030,37.0993,46,46,RLPolicy,0,0,0,0,1.20397,1,3.12876,39,39,3.07092,511,0.996831
E3-Strict-p030,37.1068,249,249,RLPolicy,0,0,0,0,1.20397,1,3.91574,27,27,3.83908,510,1
E3-Strict-p030,37.1089,209,209,RLPolicy,0,0,0,0,1.20397,1,6.90411,4,4,6.81718,510,1
E3-Strict-p030,37.1136,43,43,RLPolicy,0,0,0,0,1.20397,1,3.75535,80,80,3.6821,510,1
E3-Strict-p030,37.1179,179,179,RLPolicy,0,0,0,0,1.20397,1,3.73991,73,73,3.65967,510,1
E3-Strict-p030,37.1218,290,290,RLPolicy,0,0,0,0,1.20397,1,8.00808,69,69,7.79521,510,1
E3-Strict-p030,37.1233,347,347,RLPolicy,0,0,0,0,1.20397,1,4.20525,28,28,4.1065,510,1
E3-Strict-p030,37.1314,145,145,RLPolicy,0,0,0,0,1.20397,1,5.14396,68,68,5.07051,510,0.997446
E3-Strict-p030,37.1354,340,340,RLPolicy,0,0,0,0,1.20397,1,4.07196,85,85,4.00286,510,1
E3-Strict-p030,37.1394,12,12,RLPolicy,0,0,0,0,1.20397,1,5.77845,62,62,5.69642,510,0.989783
E3-Strict-p030,37.1454,63,63,RLPolicy,0,0,0,0,1.20397,1,2.95031,44,44,2.90457,510,1
E3-Strict-p030,37.1508,81,81,RLPolicy,0,0,0,0,1.20397,1,3.6175,20,20,3.56235,510,1
E3-Strict-p030,37.16,178,178,RLPolicy,0,0,0,0,1.20397,1,3.34983,9,9,3.30144,510,0.997446
E3-Strict-p030,37.1626,25,285,RLPolicy,1,1,0.0377085,1.08091,1.20397,4,5.41416,230,236,5.23756,510,0.996215
E3-Strict-p030,37.1668,308,308,RLPolicy,0,0,0,0,1.20397,1,2.89398,12,12,2.84427,510,1
E3-Strict-p030,37.1741,264,264,RLPolicy,0,0,0,0,1.20397,1,2.95885,21,21,2.91858,510,1
E3-Strict-p030,37.1834,312,312,RLPolicy,0,0,0,0,1.20397,1,3.15388,18,18,3.09762,510,1
E3-Strict-p030,37.1995,103,103,RLPolicy,0,0,0,0,1.20397,1,3.05316,65,65,3.01019,510,1
E3-Strict-p030,37.1999,244,244,RLPolicy,0,0,0,0,1.20397,1,3.39201,60,60,3.34194,510,1
E3-Strict-p030,37.2047,105,105,RLPolicy,0,0,0,0,1.20397,1,2.92128,71,71,2.88205,512,1
E3-Strict-p030,37.2053,76,76,RLPolicy,0,0,0,0,1.20397,1,3.97994,85,85,3.92012,512,1
E3-Strict-p030,37.2056,210,210,RLPolicy,0,0,0,0,1.20397,1,3.35901,11,11,3.30958,512,1
E3-Strict-p030,37.2063,107,204,RLPolicy,1,1,0.0348798,0.693147,1.20397,3,3.53751,132,145,3.44442,512,0.992338
E3-Strict-p030,37.2079,357,357,RLPolicy,0,0,0,0,1.20397,1,3.11753,8,8,3.07418,512,1
E3-Strict-p030,37.2104,245,430,RLPolicy,1,1,0.0627262,0.693147,1.20397,3,3.60048,83,97,3.47296,512,0.994892
E3-Strict-p030,37.2106,172,509,RLPolicy,1,1,0.0521348,0.693147,1.20397,3,4.57717,122,169,4.33448,512,0.992338
E3-Strict-p030,37.2193,336,183,RLPolicy,1,1,0.0836095,0.693147,1.20397,3,3.57924,124,149,3.41072,512,0.997446
E3-Strict-p030,37.2211,147,147,RLPolicy,0,0,0,0,1.20397,1,6.14391,66,66,6.09516,512,1
E3-Strict-p030,37.2216,174,174,RLPolicy,0,0,0,0,1.20397,1,2.82475,68,68,2.78666,512,1
E3-Strict-p030,37.2218,112,112,RLPolicy,0,0,0,0,1.20397,1,3.5584,91,91,3.50372,512,1
E3-Strict-p030,37.225,225,246,RLPolicy,1,1,0.0585416,0.693147,1.20397,3,5.22748,126,133,5.05244,512,0.997446
E3-Strict-p030,37.2259,54,54,RLPolicy,0,0,0,0,1.20397,1,2.98989,6,6,2.94478,512,1
E3-Strict-p030,37.2315,38,38,RLPolicy,0,0,0,0,1.20397,1,5.47396,56,56,5.41439,512,1
E3-Strict-p030,37.2348,280,280,RLPolicy,0,0,0,0,1.20397,1,3.39628,2,2,3.35441,512,1
E3-Strict-p030,37.2361,335,335,RLPolicy,0,0,0,0,1.20397,1,3.97646,43,43,3.91471,512,1
E3-Strict-p030,37.237,66,66,RLPolicy,0,0,0,0,1.20397,1,3.37213,55,55,3.32408,512,1
E3-Strict-p030,37.2391,370,370,RLPolicy,0,0,0,0,1.20397,1,3.43128,67,67,3.39252,512,1
E3-Strict-p030,37.242,50,50,RLPolicy,0,0,0,0,1.20397,1,3.37039,85,85,3.31393,512,1
E3-Strict-p030,37.2423,52,149,RLPolicy,1,1,0.0425785,1.08091,1.20397,4,5.9057,83,198,5.57031,512,0.998769
E3-Strict-p030,37.2432,190,190,RLPolicy,0,0,0,0,1.20397,1,3.42625,59,59,3.36714,512,0.997446
E3-Strict-p030,37.247,114,114,RLPolicy,0,0,0,0,1.20397,1,2.91727,3,3,2.88075,512,1
E3-Strict-p030,37.2499,368,368,RLPolicy,0,0,0,0,1.20397,1,3.42771,29,29,3.35979,512,1
E3-Strict-p030,37.2636,39,39,RLPolicy,0,0,0,0,1.20397,1,4.19876,52,52,4.10788,512,0.997446
E3-Strict-p030,37.2692,152,152,RLPolicy,0,0,0,0,1.20397,1,3.94626,28,28,3.85959,512,1
E3-Strict-p030,37.2738,258,258,RLPolicy,0,0,0,0,1.20397,1,3.59309,55,55,3.5316,512,1
E3-Strict-p030,37.2786,120,120,RLPolicy,0,0,0,0,1.20397,1,2.56239,10,10,2.51684,512,1
E3-Strict-p030,37.2872,59,430,RLPolicy,1,1,0.0405348,0.693147,1.20397,3,3.54833,35,40,3.44109,512,0.992338
E3-Strict-p030,37.2977,350,350,RLPolicy,0,0,0,0,1.20397,1,3.18401,46,46,3.13536,512,1
E3-Strict-p030,37.3116,49,49,RLPolicy,0,0,0,0,1.20397,1,2.63713,11,11,2.60174,514,1
E3-Strict-p030,37.317,68,68,RLPolicy,0,0,0,0,1.20397,1,3.55989,12,12,3.5135,514,1
E3-Strict-p030,37.3184,86,86,RLPolicy,0,0,0,0,1.20397,1,6.67179,11,11,6.61609,514,1
E3-Strict-p030,37.3234,109,109,RLPolicy,0,0,0,0,1.20397,1,3.08423,29,29,3.03682,514,0.997446
E3-Strict-p030,37.3296,305,305,RLPolicy,0,0,0,0,1.20397,1,3.06062,71,71,3.01199,514,1
E3-Strict-p030,37.3471,1,1,RLPolicy,0,0,0,0,1.20397,1,3.14013,12,12,3.09228,514,1
E3-Strict-p030,37.3607,293,293,RLPolicy,0,0,0,0,1.20397,1,4.77217,55,55,4.69888,514,1
E3-Strict-p030,37.3654,7,7,RLPolicy,0,0,0,0,1.20397,1,4.40892,49,49,4.33496,514,1
E3-Strict-p030,37.3752,228,228,RLPolicy,0,0,0,0,1.20397,1,3.67016,1,1,3.6056,514,1
E3-Strict-p030,37.3795,214,214,RLPolicy,0,0,0,0,1.20397,1,4.50655,59,59,4.45161,514,1
E3-Strict-p030,37.3911,8,8,RLPolicy,0,0,0,0,1.20397,1,4.31207,70,70,4.22934,514,0.997446
E3-Strict-p030,37.4006,151,151,RLPolicy,0,0,0,0,1.20397,1,4.22899,72,72,4.14228,515,1
E3-Strict-p030,37.4012,182,182,RLPolicy,0,0,0,0,1.20397,1,3.36826,68,68,3.30873,515,1
E3-Strict-p030,37.416,17,470,RLPolicy,1,1,0.034709,0.387766,1.20397,3,3.12945,66,99,2.95183,515,0.993777
E3-Strict-p030,37.4246,201,201,RLPolicy,0,0,0,0,1.20397,1,5.83979,77,77,5.77887,515,1
E3-Strict-p030,37.4255,67,67,RLPolicy,0,0,0,0,1.20397,1,3.60596,55,55,3.54146,515,0.994892
E3-Strict-p030,37.4394,255,255,RLPolicy,0,0,0,0,1.20397,1,3.8136,36,36,3.73987,515,1
E3-Strict-p030,37.4535,359,359,RLPolicy,0,0,0,0,1.20397,1,4.02739,56,56,3.95132,515,1
E3-Strict-p030,37.4553,94,94,RLPolicy,0,0,0,0,1.20397,1,4.07101,73,73,4.00189,515,0.997446
E3-Strict-p030,37.4573,74,74,RLPolicy,0,0,0,0,1.20397,1,4.50484,59,59,4.45169,515,1
E3-Strict-p030,37.4578,326,326,RLPolicy,0,0,0,0,1.20397,1,2.83067,62,62,2.78784,515,1
E3-Strict-p030,37.4602,65,65,RLPolicy,0,0,0,0,1.20397,1,3.30968,12,12,3.27115,515,1
E3-Strict-p030,37.4684,61,61,RLPolicy,0,0,0,0,1.20397,1,3.70466,63,63,3.64855,515,0.997446
E3-Strict-p030,37.4742,331,331,RLPolicy,0,0,0,0,1.20397,1,2.96498,75,75,2.91313,515,1
E3-Strict-p030,37.4812,348,348,RLPolicy,0,0,0,0,1.20397,1,3.2398,85,85,3.18738,515,1
E3-Strict-p030,37.4817,48,48,RLPolicy,0,0,0,0,1.20397,1,3.53401,77,77,3.49121,515,0.997446
E3-Strict-p030,37.4905,216,216,RLPolicy,0,0,0,0,1.20397,1,3.90531,68,68,3.83855,515,1
E3-Strict-p030,37.4951,315,315,RLPolicy,0,0,0,0,1.20397,1,3.04287,26,26,2.97612,515,1
E3-Strict-p030,37.4959,298,298,RLPolicy,0,0,0,0,1.20397,1,3.79557,62,62,3.72238,515,1
E3-Strict-p030,37.499,99,99,RLPolicy,0,0,0,0,1.20397,1,3.84055,49,49,3.79027,515,1
E3-Strict-p030,37.5034,55,55,RLPolicy,0,0,0,0,1.20397,1,3.04384,23,23,3.0104,518,1
E3-Strict-p030,37.5143,93,93,RLPolicy,0,0,0,0,1.20397,1,8.63173,63,63,8.53562,518,1
E3-Strict-p030,37.5147,53,53,RLPolicy,0,0,0,0,1.20397,1,3.76164,49,49,3.69102,518,1
E3-Strict-p030,37.5196,113,179,RLPolicy,1,1,0.0412349,0.693147,1.20397,3,3.65669,73,86,3.52544,518,0.989783
E3-Strict-p030,37.5226,44,44,RLPolicy,0,0,0,0,1.20397,1,5.71104,43,43,5.65538,518,0.999385
E3-Strict-p030,37.5226,268,268,RLPolicy,0,0,0,0,1.20397,1,3.4547,56,56,3.41268,518,1
E3-Strict-p030,37.5267,274,274,RLPolicy,0,0,0,0,1.20397,1,3.4537,41,41,3.4069,518,0.997446
E3-Strict-p030,37.5304,0,0,RLPolicy,0,0,0,0,1.20397,1,3.52575,73,73,3.48106,518,1
E3-Strict-p030,37.5349,124,124,RLPolicy,0,0,0,0,1.20397,1,3.1419,67,67,3.10042,518,0.997446
E3-Strict-p030,37.5365,186,186,RLPolicy,0,0,0,0,1.20397,1,3.76937,60,60,3.71316,518,1
E3-Strict-p030,37.5425,324,324,RLPolicy,0,0,0,0,1.20397,1,2.54872,47,47,2.51912,518,1
E3-Strict-p030,37.546,169,432,RLPolicy,1,1,0.00241675,0.693147,1.20397,3,4.87646,82,85,4.70012,518,0.992338
E3-Strict-p030,37.547,91,91,RLPolicy,0,0,0,0,1.20397,1,3.71878,55,55,3.65391,518,0.997446
E3-Strict-p030,37.5542,273,273,RLPolicy,0,0,0,0,1.20397,1,3.5028,87,87,3.43402,518,1
E3-Strict-p030,37.5567,287,287,RLPolicy,0,0,0,0,1.20397,1,4.53117,16,16,4.44975,518,1
E3-Strict-p030,37.5606,115,115,RLPolicy,0,0,0,0,1.20397,1,3.63248,79,79,3.55057,518,1
E3-Strict-p030,37.5775,118,118,RLPolicy,0,0,0,0,1.20397,1,4.17821,102,102,4.11764,518,0.997446
E3-Strict-p030,37.5875,127,127,RLPolicy,0,0,0,0,1.20397,1,5.08602,26,26,4.99466,518,0.994892
E3-Strict-p030,37.5884,361,361,RLPolicy,0,0,0,0,1.20397,1,3.35291,12,12,3.30936,518,1
E3-Strict-p030,37.5961,193,193,RLPolicy,0,0,0,0,1.20397,1,3.11163,67,67,3.06468,518,1
E3-Strict-p030,37.597,242,242,RLPolicy,0,0,0,0,1.20397,1,3.44913,55,55,3.38487,518,0.997446
E3-Strict-p030,37.5972,260,260,RLPolicy,0,0,0,0,1.20397,1,3.19751,57,57,3.15193,518,1
E3-Strict-p030,37.6055,241,126,RLPolicy,1,1,0.00240774,0.693147,1.20397,3,3.8277,42,48,3.65647,518,0.997446
E3-Strict-p030,37.6262,143,143,RLPolicy,0,0,0,0,1.20397,1,3.91607,6,6,3.85725,518,1
E3-Strict-p030,37.6316,253,253,RLPolicy,0,0,0,0,1.20397,1,3.83377,74,74,3.74149,518,1
E3-Strict-p030,37.6365,251,251,RLPolicy,0,0,0,0,1.20397,1,4.14004,76,76,4.08597,518,0.997446
E3-Strict-p030,37.6376,338,338,RLPolicy,0,0,0,0,1.20397,1,4.26139,70,70,4.19173,518,1
E3-Strict-p030,37.6418,133,133,RLPolicy,0,0,0,0,1.20397,1,5.2636,78,78,5.20168,518,0.991567
E3-Strict-p030,37.6516,89,89,RLPolicy,0,0,0,0,1.20397,1,5.25833,67,67,5.16721,518,0.997446
E3-Strict-p030,37.6584,311,311,RLPolicy,0,0,0,0,1.20397,1,3.98374,66,66,3.92306,518,1
E3-Strict-p030,37.6637,372,372,RLPolicy,0,0,0,0,1.20397,1,4.04319,82,82,3.95408,518,1
E3-Strict-p030,37.664,360,360,RLPolicy,0,0,0,0,1.20397,1,3.13978,11,11,3.05403,518,1
E3-Strict-p030,37.6757,83,83,RLPolicy,0,0,0,0,1.20397,1,4.81493,85,85,4.71278,518,1
E3-Strict-p030,37.6803,60,60,RLPolicy,0,0,0,0,1.20397,1,3.29037,36,36,3.2449,518,1
E3-Strict-p030,37.6821,173,60,RLPolicy,1,1,0.0440223,0.693147,1.20397,3,3.51579,78,106,3.3692,518,0.997446
E3-Strict-p030,37.6846,102,102,RLPolicy,0,0,0,0,1.20397,1,4.1175,39,39,4.06917,518,0.997446
E3-Strict-p030,37.685,246,246,RLPolicy,0,0,0,0,1.20397,1,3.23619,57,57,3.18203,518,1
E3-Strict-p030,37.6869,35,35,RLPolicy,0,0,0,0,1.20397,1,6.63818,42,42,6.58333,518,0.997446
E3-Strict-p030,37.6944,96,96,RLPolicy,0,0,0,0,1.20397,1,3.95298,53,53,3.85715,518,1
E3-Strict-p030,37.6949,183,124,RLPolicy,1,1,0.0594603,0.538997,1.20397,3,3.855,64,91,3.63534,518,0.996675
E3-Strict-p030,37.6981,154,154,RLPolicy,0,0,0,0,1.20397,1,3.93877,11,11,3.89317,518,1
E3-Strict-p030,37.6998,379,167,RLPolicy,1,1,0.0898742,0.693147,1.20397,3,3.61009,101,128,3.26411,518,0.997446
E3-Strict-p030,37.7015,267,267,RLPolicy,0,0,0,0,1.20397,1,3.11848,62,62,3.05052,522,1
E3-Strict-p030,37.7018,11,11,RLPolicy,0,0,0,0,1.20397,1,3.53886,15,15,3.50638,522,1
E3-Strict-p030,37.708,288,288,RLPolicy,0,0,0,0,1.20397,1,8.01349,37,37,7.97063,522,0.997446
E3-Strict-p030,37.7095,266,266,RLPolicy,0,0,0,0,1.20397,1,3.02794,55,55,2.97593,522,1
E3-Strict-p030,37.7179,126,126,RLPolicy,0,0,0,0,1.20397,1,3.49657,58,58,3.43079,522,0.997446
E3-Strict-p030,37.7208,284,284,RLPolicy,0,0,0,0,1.20397,1,6.69271,52,52,6.40732,522,1
E3-Strict-p030,37.7213,239,239,RLPolicy,0,0,0,0,1.20397,1,3.32448,22,22,3.26729,522,1
E3-Strict-p030,37.725,136,136,RLPolicy,0,0,0,0,1.20397,1,5.06166,53,53,5.01408,522,0.997446
E3-Strict-p030,37.7285,332,332,RLPolicy,0,0,0,0,1.20397,1,3.93534,44,44,3.83082,522,1
E3-Strict-p030,37.7331,108,108,RLPolicy,0,0,0,0,1.20397,1,3.48695,51,51,3.43467,522,1
E3-Strict-p030,37.7354,257,257,RLPolicy,0,0,0,0,1.20397,1,3.67419,50,50,3.6276,522,0.997446
E3-Strict-p030,37.7398,27,27,RLPolicy,0,0,0,0,1.20397,1,4.30065,63,63,4.19591,522,1
E3-Strict-p030,37.7442,367,367,RLPolicy,0,0,0,0,1.20397,1,3.18894,71,71,3.14405,522,1
E3-Strict-p030,37.7501,106,106,RLPolicy,0,0,0,0,1.20397,1,3.79288,53,53,3.74743,522,1
E3-Strict-p030,37.7543,262,262,RLPolicy,0,0,0,0,1.20397,1,3.93724,40,40,3.88789,522,1
E3-Strict-p030,37.7683,73,73,RLPolicy,0,0,0,0,1.20397,1,4.81807,88,88,4.74264,522,1
E3-Strict-p030,37.7693,82,82,RLPolicy,0,0,0,0,1.20397,1,4.28118,83,83,4.20708,522,0.997446
E3-Strict-p030,37.7726,271,271,RLPolicy,0,0,0,0,1.20397,1,3.33094,42,42,3.2819,522,1
E3-Strict-p030,37.7745,123,123,RLPolicy,0,0,0,0,1.20397,1,3.3985,31,31,3.35653,522,0.997446
E3-Strict-p030,37.7892,234,294,RLPolicy,1,1,0.00243462,0.693147,1.20397,3,4.42898,101,104,4.10108,522,0.997446
E3-Strict-p030,37.7909,131,131,RLPolicy,0,0,0,0,1.20397,1,4.19171,37,37,4.12368,522,0.997446
E3-Strict-p030,37.7917,275,275,RLPolicy,0,0,0,0,1.20397,1,3.96875,84,84,3.88764,522,1
E3-Strict-p030,37.7944,300,99,RLPolicy,1,1,0.0755247,0.693147,1.20397,3,4.97529,44,52,4.81939,522,0.997446
E3-Strict-p030,37.7966,352,352,RLPolicy,0,0,0,0,1.20397,1,5.26912,45,45,5.13778,522,1
E3-Strict-p030,37.8046,333,333,RLPolicy,0,0,0,0,1.20397,1,3.25443,80,80,3.1976,522,1
E3-Strict-p030,37.8192,252,252,RLPolicy,0,0,0,0,1.20397,1,3.85985,65,65,3.80819,522,1
E3-Strict-p030,37.8206,98,98,RLPolicy,0,0,0,0,1.20397,1,7.42001,32,32,7.36091,522,1
E3-Strict-p030,37.8213,364,426,RLPolicy,1,1,0.0934842,0.693147,1.20397,3,3.68657,15,18,3.59066,522,0.997446
E3-Strict-p030,37.8236,5,5,RLPolicy,0,0,0,0,1.20397,1,3.23238,65,65,3.19231,522,0.993365
E3-Strict-p030,37.8346,92,92,RLPolicy,0,0,0,0,1.20397,1,9.02418,22,22,8.94065,522,1
E3-Strict-p030,37.8383,217,217,RLPolicy,0,0,0,0,1.20397,1,4.57043,47,47,4.50061,522,1
E3-Strict-p030,37.8393,128,128,RLPolicy,0,0,0,0,1.20397,1,3.45327,71,71,3.40666,522,1
E3-Strict-p030,37.847,184,184,RLPolicy,0,0,0,0,1.20397,1,3.43516,49,49,3.38381,522,0.997446
E3-Strict-p030,37.8562,22,22,RLPolicy,0,0,0,0,1.20397,1,5.01863,56,56,4.92768,522,1
E3-Strict-p030,37.8632,34,34,RLPolicy,0,0,0,0,1.20397,1,6.49427,102,102,6.38511,5,0.994892
E3-Strict-p030,37.8635,162,162,RLPolicy,0,0,0,0,1.20397,1,7.30452,37,37,7.15049,522,1
E3-Strict-p030,37.87,138,138,RLPolicy,0,0,0,0,1.20397,1,7.66085,68,68,7.59746,522,1
E3-Strict-p030,37.8787,254,254,RLPolicy,0,0,0,0,1.20397,1,3.69971,69,69,3.63201,522,1
E3-Strict-p030,37.8791,58,515,RLPolicy,1,1,0.0312898,0.693147,1.20397,3,9.12089,119,130,8.8976,522,0.989168
E3-Strict-p030,37.8833,168,168,RLPolicy,0,0,0,0,1.20397,1,4.45302,84,84,4.3451,522,1
E3-Strict-p030,37.8863,269,269,RLPolicy,0,0,0,0,1.20397,1,2.65557,73,73,2.59559,5,1
E3-Strict-p030,37.8973,230,230,RLPolicy,0,0,0,0,1.20397,1,3.46046,9,9,3.37781,5,1
E3-Strict-p030,37.9075,318,318,RLPolicy,0,0,0,0,1.20397,1,3.40496,1,1,3.32538,522,1
E3-Strict-p030,37.9181,286,286,RLPolicy,0,0,0,0,1.20397,1,8.32518,25,25,8.26033,522,1
E3-Strict-p030,37.9225,316,316,RLPolicy,0,0,0,0,1.20397,1,4.14088,45,45,4.09443,522,1
E3-Strict-p030,37.9248,204,204,RLPolicy,0,0,0,0,1.20397,1,3.77964,74,74,3.72442,522,1
E3-Strict-p030,37.928,155,155,RLPolicy,0,0,0,0,1.20397,1,7.39936,59,59,7.31494,522,0.997446
E3-Strict-p030,37.9403,181,181,RLPolicy,0,0,0,0,1.20397,1,3.13193,17,17,3.08507,522,1
E3-Strict-p030,37.9546,295,295,RLPolicy,0,0,0,0,1.20397,1,6.76355,57,57,6.70381,522,0.994892
E3-Strict-p030,37.9613,342,342,RLPolicy,0,0,0,0,1.20397,1,3.57457,84,84,3.51693,522,1
E3-Strict-p030,37.9719,41,41,RLPolicy,0,0,0,0,1.20397,1,4.87031,88,88,4.78078,522,1
E3-Strict-p030,37.9791,304,304,RLPolicy,0,0,0,0,1.20397,1,5.16091,53,53,5.10552,522,1
E3-Strict-p030,37.981,187,187,RLPolicy,0,0,0,0,1.20397,1,2.95104,49,49,2.89376,5,1
E3-Strict-p030,37.9815,69,69,RLPolicy,0,0,0,0,1.20397,1,3.8343,55,55,3.75113,522,1
E3-Strict-p030,37.9821,42,42,RLPolicy,0,0,0,0,1.20397,1,4.97068,22,22,4.9122,522,1
E3-Strict-p030,37.9879,144,144,RLPolicy,0,0,0,0,1.20397,1,4.31076,69,69,4.19363,522,0.997446
E3-Strict-p030,38.002,229,229,RLPolicy,0,0,0,0,1.20397,1,3.59654,70,70,3.54507,525,0.997446
E3-Strict-p030,38.0054,194,194,RLPolicy,0,0,0,0,1.20397,1,3.54855,76,76,3.48764,525,0.994892
E3-Strict-p030,38.0119,30,30,RLPolicy,0,0,0,0,1.20397,1,3.72562,31,31,3.67824,525,1
E3-Strict-p030,38.0153,21,257,RLPolicy,1,1,0.0345804,0.775531,1.20397,4,4.15083,177,208,3.83437,525,0.995716
E3-Strict-p030,38.0171,24,24,RLPolicy,0,0,0,0,1.20397,1,4.23512,41,41,4.17506,525,0.997446
E3-Strict-p030,38.0191,10,10,RLPolicy,0,0,0,0,1.20397,1,3.91155,13,13,3.85638,525,0.995919
E3-Strict-p030,38.0214,256,256,RLPolicy,0,0,0,0,1.20397,1,2.97926,8,8,2.93856,525,1
E3-Strict-p030,38.0261,198,198,RLPolicy,0,0,0,0,1.20397,1,3.14473,41,41,3.10116,525,1
E3-Strict-p030,38.0273,2,166,RLPolicy,1,1,0.00362096,1.08091,1.20397,4,4.04258,186,194,3.70521,525,0.999385
E3-Strict-p030,38.0327,317,317,RLPolicy,0,0,0,0,1.20397,1,3.83326,79,79,3.77984,525,1
E3-Strict-p030,38.0348,4,4,RLPolicy,0,0,0,0,1.20397,1,3.71946,12,12,3.67535,525,1
E3-Strict-p030,38.0354,369,369,RLPolicy,0,0,0,0,1.20397,1,3.40185,8,8,3.34632,525,1
E3-Strict-p030,38.0396,29,29,RLPolicy,0,0,0,0,1.20397,1,3.41215,32,32,3.36854,525,0.997858
E3-Strict-p030,38.0461,165,165,RLPolicy,0,0,0,0,1.20397,1,4.36613,60,60,4.27288,525,1
E3-Strict-p030,38.0519,64,64,RLPolicy,0,0,0,0,1.20397,1,3.71969,69,69,3.66598,525,1
E3-Strict-p030,38.0545,383,383,RLPolicy,0,0,0,0,1.20397,1,3.19936,12,12,3.15698,525,1
E3-Strict-p030,38.058,207,207,RLPolicy,0,0,0,0,1.20397,1,3.38685,58,58,3.28701,525,1
E3-Strict-p030,38.0581,139,139,RLPolicy,0,0,0,0,1.20397,1,3.29477,43,43,3.2533,525,1
E3-Strict-p030,38.0802,289,289,RLPolicy,0,0,0,0,1.20397,1,3.47575,9,9,3.42955,525,1
E3-Strict-p030,38.0883,299,299,RLPolicy,0,0,0,0,1.20397,1,3.77949,53,53,3.60795,525,0.997446
E3-Strict-p030,38.0981,211,211,RLPolicy,0,0,0,0,1.20397,1,3.32769,38,38,3.2894,525,1
E3-Strict-p030,38.0981,129,129,RLPolicy,0,0,0,0,1.20397,1,4.41356,21,21,4.32858,525,1
E3-Strict-p030,38.1025,75,75,RLPolicy,0,0,0,0,1.20397,1,3.00453,58,58,2.96041,528,1
E3-Strict-p030,38.1079,321,321,RLPolicy,0,0,0,0,1.20397,1,3.23298,11,11,3.18058,528,1
E3-Strict-p030,38.1207,57,196,RLPolicy,1,1,0.0311771,0.693147,1.20397,3,3.34885,29,33,3.19275,528,0.997446
E3-Strict-p030,38.1215,358,358,RLPolicy,0,0,0,0,1.20397,1,6.46844,64,64,6.40329,528,1
E3-Strict-p030,38.1282,148,148,RLPolicy,0,0,0,0,1.20397,1,6.79559,3,3,6.7058,528,1
E3-Strict-p030,38.1384,283,283,RLPolicy,0,0,0,0,1.20397,1,3.20764,64,64,3.16088,528,1
E3-Strict-p030,38.1603,384,384,RLPolicy,0,0,0,0,1.20397,1,4.38082,58,58,4.33134,528,1
E3-Strict-p030,38.168,282,282,RLPolicy,0,0,0,0,1.20397,1,3.64842,83,83,3.58996,528,0.994892
E3-Strict-p030,38.1691,130,130,RLPolicy,0,0,0,0,1.20397,1,3.10435,13,13,3.06482,528,1
E3-Strict-p030,38.1793,110,110,RLPolicy,0,0,0,0,1.20397,1,5.81069,9,9,5.67489,528,1
E3-Strict-p030,38.1834,31,31,RLPolicy,0,0,0,0,1.20397,1,3.32927,65,65,3.2743,528,1
E3-Strict-p030,38.1837,185,185,RLPolicy,0,0,0,0,1.20397,1,3.57144,40,40,3.52559,528,1
E3-Strict-p030,38.1952,344,344,RLPolicy,0,0,0,0,1.20397,1,2.95643,9,9,2.92083,528,1
E3-Strict-p030,38.1987,365,365,RLPolicy,0,0,0,0,1.20397,1,3.55201,26,26,3.50441,528,1
E3-Strict-p030,38.2045,202,202,RLPolicy,0,0,0,0,1.20397,1,2.92544,50,50,2.88777,529,1
E3-Strict-p030,38.2066,375,375,RLPolicy,0,0,0,0,1.20397,1,6.21155,75,75,6.14888,529,1
E3-Strict-p030,38.2083,167,167,RLPolicy,0,0,0,0,1.20397,1,3.7286,56,56,3.67473,529,0.997446
E3-Strict-p030,38.2109,33,33,RLPolicy,0,0,0,0,1.20397,1,3.4815,51,51,3.43688,529,1
E3-Strict-p030,38.2113,307,307,RLPolicy,0,0,0,0,1.20397,1,3.84227,60,60,3.77937,529,1
E3-Strict-p030,38.2142,337,337,RLPolicy,0,0,0,0,1.20397,1,3.68135,19,19,3.61683,529,1
E3-Strict-p030,38.2147,219,219,RLPolicy,0,0,0,0,1.20397,1,3.5079,56,56,3.44876,529,1
E3-Strict-p030,38.2149,156,156,RLPolicy,0,0,0,0,1.20397,1,5.66768,86,86,5.54166,529,1
E3-Strict-p030,38.225,313,313,RLPolicy,0,0,0,0,1.20397,1,4.77474,68,68,4.70578,529,1
E3-Strict-p030,38.2286,328,328,RLPolicy,0,0,0,0,1.20397,1,3.6768,40,40,3.63235,529,1
E3-Strict-p030,38.2357,71,71,RLPolicy,0,0,0,0,1.20397,1,3.09257,12,12,3.05339,529,1
E3-Strict-p030,38.2389,238,238,RLPolicy,0,0,0,0,1.20397,1,4.44513,10,10,4.39974,529,1
E3-Strict-p030,38.2418,70,70,RLPolicy,0,0,0,0,1.20397,1,3.4594,55,55,3.39278,529,1
E3-Strict-p030,38.2481,296,296,RLPolicy,0,0,0,0,1.20397,1,4.8678,68,68,4.75684,529,1
E3-Strict-p030,38.2501,176,176,RLPolicy,0,0,0,0,1.20397,1,4.72005,7,7,4.66784,529,1
E3-Strict-p030,38.2538,125,125,RLPolicy,0,0,0,0,1.20397,1,3.81044,58,58,3.73714,529,1
E3-Strict-p030,38.2636,84,338,RLPolicy,1,1,0.0387546,0.693147,1.20397,3,4.77391,145,149,4.46612,529,0.997446
E3-Strict-p030,38.274,294,294,RLPolicy,0,0,0,0,1.20397,1,4.51727,58,58,4.45284,529,1
E3-Strict-p030,38.2779,231,231,RLPolicy,0,0,0,0,1.20397,1,4.84049,88,88,4.76848,529,0.997446
E3-Strict-p030,38.2965,250,250,RLPolicy,0,0,0,0,1.20397,1,3.39068,49,49,3.33118,529,1
E3-Strict-p030,38.2985,285,285,RLPolicy,0,0,0,0,1.20397,1,4.02486,44,44,3.9011,529,0.997446
E3-Strict-p030,38.302,87,87,RLPolicy,0,0,0,0,1.20397,1,4.02357,63,63,3.87736,531,0.997446
E3-Strict-p030,38.3072,276,276,RLPolicy,0,0,0,0,1.20397,1,3.43866,55,55,3.33117,531,1
E3-Strict-p030,38.3166,104,87,RLPolicy,1,1,0.0457714,0.693147,1.20397,3,8.30237,125,155,8.08872,531,0.992338
E3-Strict-p030,38.3173,339,339,RLPolicy,0,0,0,0,1.20397,1,3.47825,70,70,3.43279,531,1
E3-Strict-p030,38.3207,351,351,RLPolicy,0,0,0,0,1.20397,1,4.01707,52,52,3.97101,531,1
E3-Strict-p030,38.3245,23,23,RLPolicy,0,0,0,0,1.20397,1,3.64308,68,68,3.58174,531,1
E3-Strict-p030,38.3271,195,253,RLPolicy,1,1,0.0578087,0.693147,1.20397,3,4.05186,99,109,3.87664,531,0.992338
E3-Strict-p030,38.3289,77,77,RLPolicy,0,0,0,0,1.20397,1,3.14073,58,58,3.09931,531,1
E3-Strict-p030,38.3292,292,292,RLPolicy,0,0,0,0,1.20397,1,7.01813,53,53,6.95895,531,1
E3-Strict-p030,38.3318,224,224,RLPolicy,0,0,0,0,1.20397,1,8.58036,18,18,8.46548,531,0.997446
E3-Strict-p030,38.3412,79,79,RLPolicy,0,0,0,0,1.20397,1,4.23306,61,61,4.1543,531,0.997446
E3-Strict-p030,38.3419,32,32,RLPolicy,0,0,0,0,1.20397,1,3.9212,81,81,3.81517,531,0.999385
E3-Strict-p030,38.3441,37,37,RLPolicy,0,0,0,0,1.20397,1,3.3796,11,11,3.33243,531,1
E3-Strict-p030,38.3624,297,153,RLPolicy,1,1,0.070583,0.693147,1.20397,3,7.72163,85,113,7.52392,531,0.997446
E3-Strict-p030,38.3647,309,309,RLPolicy,0,0,0,0,1.20397,1,4.69437,54,54,4.55618,531,0.997446
E3-Strict-p030,38.367,319,319,RLPolicy,0,0,0,0,1.20397,1,5.05719,29,29,4.97152,531,1
E3-Strict-p030,38.373,236,236,RLPolicy,0,0,0,0,1.20397,1,4.64184,58,58,4.53118,531,1
E3-Strict-p030,38.3751,373,373,RLPolicy,0,0,0,0,1.20397,1,3.61456,20,20,3.5698,531,1
E3-Strict-p030,38.3826,157,157,RLPolicy,0,0,0,0,1.20397,1,4.3635,27,27,4.31124,531,1
E3-Strict-p030,38.3841,170,23,RLPolicy,1,1,0.0554532,0.693147,1.20397,3,5.19039,77,80,5.01398,531,0.994892
E3-Strict-p030,38.3916,270,270,RLPolicy,0,0,0,0,1.20397,1,3.28829,54,54,3.23494,531,0.997446
E3-Strict-p030,38.3957,158,158,RLPolicy,0,0,0,0,1.20397,1,5.40159,47,47,5.31405,531,1
E3-Strict-p030,38.3998,306,143,RLPolicy,1,1,0.0818049,0.693147,1.20397,3,4.66213,29,32,4.52597,531,0.997446
E3-Strict-p030,38.4142,261,261,RLPolicy,0,0,0,0,1.20397,1,3.804,57,57,3.75496,533,1
E3-Strict-p030,38.4307,366,366,RLPolicy,0,0,0,0,1.20397,1,8.77193,76,76,8.71032,533,1
E3-Strict-p030,38.4308,215,215,RLPolicy,0,0,0,0,1.20397,1,3.29643,10,10,3.25914,533,1
E3-Strict-p030,38.4431,354,354,RLPolicy,0,0,0,0,1.20397,1,3.87965,39,39,3.83864,533,1
E3-Strict-p030,38.4504,191,191,RLPolicy,0,0,0,0,1.20397,1,3.31241,68,68,3.24714,533,1
E3-Strict-p030,38.4532,28,28,RLPolicy,0,0,0,0,1.20397,1,3.57344,37,37,3.52439,533,0.997446
E3-Strict-p030,38.4538,278,278,RLPolicy,0,0,0,0,1.20397,1,3.85234,61,61,3.79256,533,1
E3-Strict-p030,38.4663,72,72,RLPolicy,0,0,0,0,1.20397,1,3.24766,12,12,3.20258,533,0.997446
E3-Strict-p030,38.4682,197,197,RLPolicy,0,0,0,0,1.20397,1,4.42226,20,20,4.37285,533,1
E3-Strict-p030,38.4701,349,349,RLPolicy,0,0,0,0,1.20397,1,3.51889,56,56,3.4586,533,1
E3-Strict-p030,38.4737,329,329,RLPolicy,0,0,0,0,1.20397,1,3.15942,46,46,3.11246,533,1
E3-Strict-p030,38.4806,85,85,RLPolicy,0,0,0,0,1.20397,1,4.00774,7,7,3.95733,533,1
E3-Strict-p030,38.4809,18,18,RLPolicy,0,0,0,0,1.20397,1,3.82308,65,65,3.7675,533,1
E3-Strict-p030,38.4816,132,132,RLPolicy,0,0,0,0,1.20397,1,3.06113,15,15,3.0224,533,1
E3-Strict-p030,38.4885,330,330,RLPolicy,0,0,0,0,1.20397,1,3.62008,52,52,3.55556,533,1
E3-Strict-p030,38.4955,345,345,RLPolicy,0,0,0,0,1.20397,1,3.39527,57,57,3.34577,533,0.997446
E3-Strict-p030,38.501,171,171,RLPolicy,0,0,0,0,1.20397,1,7.33559,50,50,7.28419,532,1
E3-Strict-p030,38.5044,6,6,RLPolicy,0,0,0,0,1.20397,1,4.69175,40,40,4.57376,532,1
E3-Strict-p030,38.5077,281,281,RLPolicy,0,0,0,0,1.20397,1,3.45343,11,11,3.38893,532,0.997446
E3-Strict-p030,38.5125,142,142,RLPolicy,0,0,0,0,1.20397,1,3.67911,52,52,3.63004,532,1
E3-Strict-p030,38.5148,78,78,RLPolicy,0,0,0,0,1.20397,1,3.23466,42,42,3.19264,532,0.997446
E3-Strict-p030,38.5245,233,233,RLPolicy,0,0,0,0,1.20397,1,4.69073,45,45,4.62243,532,1
E3-Strict-p030,38.5295,227,227,RLPolicy,0,0,0,0,1.20397,1,4.63636,56,56,4.54721,532,1
E3-Strict-p030,38.541,226,226,RLPolicy,0,0,0,0,1.20397,1,3.93128,11,11,3.8819,532,1
E3-Strict-p030,38.568,188,188,RLPolicy,0,0,0,0,1.20397,1,3.74339,7,7,3.68478,532,0.997446
E3-Strict-p030,38.5684,119,119,RLPolicy,0,0,0,0,1.20397,1,3.7077,87,87,3.657,532,0.994892
E3-Strict-p030,38.5746,353,353,RLPolicy,0,0,0,0,1.20397,1,2.92699,4,4,2.88535,532,1
E3-Strict-p030,38.5853,199,199,RLPolicy,0,0,0,0,1.20397,1,3.85834,70,70,3.79391,532,1
E3-Strict-p030,38.5908,346,346,RLPolicy,0,0,0,0,1.20397,1,4.19585,11,11,4.1299,532,1
E3-Strict-p030,38.5908,146,146,RLPolicy,0,0,0,0,1.20397,1,4.29173,3,3,4.23574,532,1
E3-Strict-p030,38.5972,382,382,RLPolicy,0,0,0,0,1.20397,1,4.76394,65,65,4.71226,532,1
E3-Strict-p030,38.6015,213,213,RLPolicy,0,0,0,0,1.20397,1,3.17997,48,48,3.14257,534,0.997446
E3-Strict-p030,38.602,47,47,RLPolicy,0,0,0,0,1.20397,1,3.66555,78,78,3.59583,534,1
E3-Strict-p030,38.6026,13,13,RLPolicy,0,0,0,0,1.20397,1,4.08642,58,58,4.02217,534,0.999385
E3-Strict-p030,38.6137,223,223,RLPolicy,0,0,0,0,1.20397,1,3.67591,62,62,3.62655,534,1
E3-Strict-p030,38.6146,314,314,RLPolicy,0,0,0,0,1.20397,1,5.50117,38,38,5.44985,534,1
E3-Strict-p030,38.6161,100,100,RLPolicy,0,0,0,0,1.20397,1,4.63159,24,24,4.56649,534,1
E3-Strict-p030,38.6323,97,135,RLPolicy,1,1,0.0447467,0.693147,1.20397,3,4.56422,100,120,4.37749,534,0.997446
E3-Strict-p030,38.6336,175,175,RLPolicy,0,0,0,0,1.20397,1,4.24129,13,13,4.17956,534,1
E3-Strict-p030,38.6343,327,327,RLPolicy,0,0,0,0,1.20397,1,3.5686,28,28,3.52097,534,0.997446
E3-Strict-p030,38.6379,95,95,RLPolicy,0,0,0,0,1.20397,1,4.80787,63,63,4.72732,534,0.997446
E3-Strict-p030,38.6521,90,90,RLPolicy,0,0,0,0,1.20397,1,4.71066,33,33,4.65756,534,0.997446
E3-Strict-p030,38.6564,341,341,RLPolicy,0,0,0,0,1.20397,1,3.18512,12,12,3.14128,534,1
E3-Strict-p030,38.6686,221,221,RLPolicy,0,0,0,0,1.20397,1,3.97267,54,54,3.91571,534,0.994892
E3-Strict-p030,38.6691,376,376,RLPolicy,0,0,0,0,1.20397,1,3.49299,78,78,3.44045,534,1
E3-Strict-p030,38.6751,122,122,RLPolicy,0,0,0,0,1.20397,1,4.0402,64,64,3.96418,534,1
E3-Strict-p030,38.6773,248,248,RLPolicy,0,0,0,0,1.20397,1,4.29128,50,50,4.23768,534,1
E3-Strict-p030,38.6791,263,263,RLPolicy,0,0,0,0,1.20397,1,3.27849,70,70,3.23595,534,1
E3-Strict-p030,38.6879,206,206,RLPolicy,0,0,0,0,1.20397,1,3.27105,11,11,3.2333,534,1
E3-Strict-p030,38.6888,189,189,RLPolicy,0,0,0,0,1.20397,1,4.12381,59,59,4.05123,534,0.997446
E3-Strict-p030,38.6947,265,265,RLPolicy,0,0,0,0,1.20397,1,3.57185,71,71,3.50631,534,0.997446
E3-Strict-p030,38.7003,140,250,RLPolicy,1,1,0.0411686,0.693147,1.20397,3,3.8247,72,94,3.60722,537,0.997446
E3-Strict-p030,38.7076,15,15,RLPolicy,0,0,0,0,1.20397,1,4.07764,13,13,4.01514,537,1
E3-Strict-p030,38.71,36,36,RLPolicy,0,0,0,0,1.20397,1,3.59891,12,12,3.54931,537,1
E3-Strict-p030,38.7118,137,137,RLPolicy,0,0,0,0,1.20397,1,3.30952,15,15,3.27195,537,1
E3-Strict-p030,38.7251,363,363,RLPolicy,0,0,0,0,1.20397,1,4.44782,9,9,4.41026,537,1
E3-Strict-p030,38.7291,243,243,RLPolicy,0,0,0,0,1.20397,1,4.20403,74,74,4.10183,537,1
E3-Strict-p030,38.7297,134,134,RLPolicy,0,0,0,0,1.20397,1,3.22712,10,10,3.1886,537,1
E3-Strict-p030,38.7309,272,272,RLPolicy,0,0,0,0,1.20397,1,3.80675,57,57,3.74954,537,1
E3-Strict-p030,38.7337,159,159,RLPolicy,0,0,0,0,1.20397,1,3.90759,17,17,3.8592,537,1
E3-Strict-p030,38.7364,141,141,RLPolicy,0,0,0,0,1.20397,1,3.65905,68,68,3.60656,537,1
E3-Strict-p030,38.7478,153,153,RLPolicy,0,0,0,0,1.20397,1,4.64898,41,41,4.57888,537,1
E3-Strict-p030,38.7548,160,160,RLPolicy,0,0,0,0,1.20397,1,3.71916,10,10,3.64737,537,1
E3-Strict-p030,38.756,237,237,RLPolicy,0,0,0,0,1.20397,1,4.69682,39,39,4.63125,537,0.997446
E3-Strict-p030,38.7643,135,135,RLPolicy,0,0,0,0,1.20397,1,3.88204,68,68,3.82098,537,0.997446
E3-Strict-p030,38.7716,163,163,RLPolicy,0,0,0,0,1.20397,1,5.592,53,53,5.50278,537,1
E3-Strict-p030,38.7767,259,259,RLPolicy,0,0,0,0,1.20397,1,4.44116,66,66,4.322,537,1
E3-Strict-p030,38.7769,277,277,RLPolicy,0,0,0,0,1.20397,1,3.24942,1,1,3.2048,537,1
E3-Strict-p030,38.7772,303,303,RLPolicy,0,0,0,0,1.20397,1,4.63893,11,11,4.57121,537,1
E3-Strict-p030,38.7786,51,51,RLPolicy,0,0,0,0,1.20397,1,4.12342,13,13,4.04934,5,1
E3-Strict-p030,38.7794,374,374,RLPolicy,0,0,0,0,1.20397,1,3.82044,46,46,3.75578,537,1
E3-Strict-p030,38.7823,88,88,RLPolicy,0,0,0,0,1.20397,1,3.58706,54,54,3.54075,537,1
E3-Strict-p030,38.7889,121,121,RLPolicy,0,0,0,0,1.20397,1,4.04287,5,5,3.97943,537,1
E3-Strict-p030,38.7916,291,436,RLPolicy,1,1,0.0707903,0.693147,1.20397,3,4.41171,72,105,4.23451,537,0.994892
E3-Strict-p030,38.7959,101,101,RLPolicy,0,0,0,0,1.20397,1,4.307,20,20,4.20973,537,0.997446
E3-Strict-p030,38.8089,232,232,RLPolicy,0,0,0,0,1.20397,1,5.28125,60,60,5.21492,537,1
E3-Strict-p030,38.8131,14,14,RLPolicy,0,0,0,0,1.20397,1,4.90059,25,25,4.74078,537,1
E3-Strict-p030,38.8149,16,16,RLPolicy,0,0,0,0,1.20397,1,4.40824,35,35,4.33472,537,1
E3-Strict-p030,38.8201,334,334,RLPolicy,0,0,0,0,1.20397,1,4.09318,75,75,3.9686,537,1
E3-Strict-p030,38.8287,9,9,RLPolicy,0,0,0,0,1.20397,1,4.52285,58,58,4.32215,537,1
E3-Strict-p030,38.8364,192,192,RLPolicy,0,0,0,0,1.20397,1,3.23659,7,7,3.19396,537,0.997446
E3-Strict-p030,38.8437,393,393,RLPolicy,0,0,0,0,1.20397,1,4.19084,82,82,4.13204,537,1
E3-Strict-p030,38.8439,26,26,RLPolicy,0,0,0,0,1.20397,1,3.17546,7,7,3.13527,537,1
E3-Strict-p030,38.8562,200,200,RLPolicy,0,0,0,0,1.20397,1,3.75885,56,56,3.69934,537,0.997446
E3-Strict-p030,38.8736,235,235,RLPolicy,0,0,0,0,1.20397,1,4.39873,65,65,4.33502,537,1
E3-Strict-p030,38.8776,62,62,RLPolicy,0,0,0,0,1.20397,1,4.5118,36,36,4.4537,537,1
E3-Strict-p030,38.8881,222,222,RLPolicy,0,0,0,0,1.20397,1,3.58898,53,53,3.52927,537,0.997446
E3-Strict-p030,38.8959,212,449,RLPolicy,1,1,0.0611944,0.693147,1.20397,3,3.4421,147,155,3.34935,537,0.994892
E3-Strict-p030,38.9097,80,80,RLPolicy,0,0,0,0,1.20397,1,3.61845,79,79,3.56053,538,1
E3-Strict-p030,38.9144,240,240,RLPolicy,0,0,0,0,1.20397,1,3.87888,28,28,3.81982,538,1
E3-Strict-p030,38.9219,203,550,RLPolicy,1,1,0.0736115,0.693147,1.20397,3,3.33852,100,103,3.20908,538,0.994892
E3-Strict-p030,38.9308,355,355,RLPolicy,0,0,0,0,1.20397,1,3.96063,31,31,3.89788,538,1
E3-Strict-p030,38.9564,325,248,RLPolicy,1,1,0.0829528,0.693147,1.20397,3,5.4955,155,170,5.27548,538,0.997446
E3-Strict-p030,38.9569,149,149,RLPolicy,0,0,0,0,1.20397,1,4.07517,95,95,4.01104,538,1
E3-Strict-p030,38.9654,40,40,RLPolicy,0,0,0,0,1.20397,1,4.2197,63,63,4.1561,538,0.999385
E3-Strict-p030,38.9679,56,56,RLPolicy,0,0,0,0,1.20397,1,5.66608,44,44,5.41593,538,1
E3-Strict-p030,38.97,356,356,RLPolicy,0,0,0,0,1.20397,1,5.58167,71,71,5.49869,538,1
E3-Strict-p030,38.978,117,117,RLPolicy,0,0,0,0,1.20397,1,4.82368,50,50,4.70438,538,1
E3-Strict-p030,38.9785,208,208,RLPolicy,0,0,0,0,1.20397,1,3.23621,16,16,3.19387,538,1
E3-Strict-p030,38.98,218,218,RLPolicy,0,0,0,0,1.20397,1,3.8831,82,82,3.82668,538,1
E3-Strict-p030,38.9819,247,247,RLPolicy,0,0,0,0,1.20397,1,4.60029,52,52,4.53124,538,1
E3-Strict-p030,38.986,205,205,RLPolicy,0,0,0,0,1.20397,1,3.57835,65,65,3.52388,538,1
E3-Strict-p030,38.9971,301,301,RLPolicy,0,0,0,0,1.20397,1,3.82344,11,11,3.76122,538,1
E3-Strict-p030,39.0027,322,322,RLPolicy,0,0,0,0,1.20397,1,4.50787,20,20,4.43337,538,1
E3-Strict-p030,39.0064,166,166,RLPolicy,0,0,0,0,1.20397,1,4.43848,45,45,4.36073,538,1
E3-Strict-p030,39.0123,310,310,RLPolicy,0,0,0,0,1.20397,1,4.1668,47,47,4.09893,538,1
E3-Strict-p030,39.0125,161,161,RLPolicy,0,0,0,0,1.20397,1,5.51973,59,59,5.42785,538,1
E3-Strict-p030,39.0198,389,389,RLPolicy,0,0,0,0,1.20397,1,3.43845,12,12,3.35988,538,1
E3-Strict-p030,39.0227,362,362,RLPolicy,0,0,0,0,1.20397,1,3.54078,41,41,3.4842,538,1
E3-Strict-p030,39.0259,150,150,RLPolicy,0,0,0,0,1.20397,1,3.34145,66,66,3.28753,538,0.997446
E3-Strict-p030,39.0289,220,220,RLPolicy,0,0,0,0,1.20397,1,4.07082,51,51,4.01603,538,0.997446
E3-Strict-p030,39.0345,196,196,RLPolicy,0,0,0,0,1.20397,1,3.72732,29,29,3.67275,538,1
E3-Strict-p030,39.0358,116,116,RLPolicy,0,0,0,0,1.20397,1,4.75744,43,43,4.69686,538,0.994892
E3-Strict-p030,39.0403,302,302,RLPolicy,0,0,0,0,1.20397,1,4.65315,57,57,4.49767,538,0.997446
E3-Strict-p030,39.045,177,177,RLPolicy,0,0,0,0,1.20397,1,4.4355,58,58,4.3666,538,1
E3-Strict-p030,39.046,323,323,RLPolicy,0,0,0,0,1.20397,1,4.54274,44,44,4.47349,538,1
E3-Strict-p030,39.0475,381,381,RLPolicy,0,0,0,0,1.20397,1,3.84856,82,82,3.7992,538,1
E3-Strict-p030,39.0486,343,343,RLPolicy,0,0,0,0,1.20397,1,4.02733,58,58,3.88891,538,1
E3-Strict-p030,39.0512,180,180,RLPolicy,0,0,0,0,1.20397,1,4.16568,28,28,4.10391,538,1
E3-Strict-p030,39.0514,320,320,RLPolicy,0,0,0,0,1.20397,1,4.55332,12,12,4.46861,538,1
E3-Strict-p030,39.0587,20,20,RLPolicy,0,0,0,0,1.20397,1,4.64532,88,88,4.58145,538,0.996831
E3-Strict-p030,39.0596,397,285,RLPolicy,1,1,0.0946103,0.693147,1.20397,3,4.21235,117,130,4.03664,538,0.997446
E3-Strict-p030,39.06,3,3,RLPolicy,0,0,0,0,1.20397,1,4.04738,41,41,3.9951,538,0.997446
E3-Strict-p030,39.0602,19,19,RLPolicy,0,0,0,0,1.20397,1,5.73073,56,56,5.57329,538,1
E3-Strict-p030,39.074,390,390,RLPolicy,0,0,0,0,1.20397,1,3.89053,87,87,3.83187,538,1
E3-Strict-p030,39.083,377,377,RLPolicy,0,0,0,0,1.20397,1,3.58714,65,65,3.54296,538,1
E3-Strict-p030,39.0895,45,45,RLPolicy,0,0,0,0,1.20397,1,4.20592,12,12,4.1563,538,0.997446
E3-Strict-p030,39.092,111,111,RLPolicy,0,0,0,0,1.20397,1,3.83093,85,85,3.77821,538,1
E3-Strict-p030,39.0993,46,46,RLPolicy,0,0,0,0,1.20397,1,3.86717,50,50,3.81391,538,0.996831
E3-Strict-p030,39.1068,249,249,RLPolicy,0,0,0,0,1.20397,1,4.05827,30,30,4.00479,540,1
E3-Strict-p030,39.1089,209,209,RLPolicy,0,0,0,0,1.20397,1,3.27214,4,4,3.23957,540,1
E3-Strict-p030,39.1136,43,43,RLPolicy,0,0,0,0,1.20397,1,4.39495,78,78,4.33484,540,1
E3-Strict-p030,39.1179,179,179,RLPolicy,0,0,0,0,1.20397,1,4.71454,83,83,4.66054,540,1
E3-Strict-p030,39.1218,290,290,RLPolicy,0,0,0,0,1.20397,1,3.68958,72,72,3.63884,540,1
E3-Strict-p030,39.1233,347,347,RLPolicy,0,0,0,0,1.20397,1,4.51175,33,33,4.43543,540,1
E3-Strict-p030,39.1283,378,378,RLPolicy,0,0,0,0,1.20397,1,3.89274,89,89,3.83244,540,1
E3-Strict-p030,39.1314,145,145,RLPolicy,0,0,0,0,1.20397,1,3.4455,72,72,3.38629,540,0.997446
E3-Strict-p030,39.1354,340,340,RLPolicy,0,0,0,0,1.20397,1,3.56925,82,82,3.52559,540,1
E3-Strict-p030,39.1394,12,32,RLPolicy,1,1,0.0296755,0.693147,1.20397,3,4.00243,151,161,3.85068,540,0.987229
E3-Strict-p030,39.1442,371,371,RLPolicy,0,0,0,0,1.20397,1,3.86264,25,25,3.80931,540,1
E3-Strict-p030,39.1454,63,534,RLPolicy,1,1,0.0357741,0.693147,1.20397,3,6.84844,96,109,6.65325,540,0.997446
E3-Strict-p030,39.1508,81,346,RLPolicy,1,1,0.00241596,0.693147,1.20397,3,3.96592,46,49,3.79792,540,0.997446
E3-Strict-p030,39.16,178,178,RLPolicy,0,0,0,0,1.20397,1,4.40195,11,11,4.32187,540,0.997446
E3-Strict-p030,39.1626,25,25,RLPolicy,0,0,0,0,1.20397,1,3.95997,51,51,3.90527,540,0.996215
E3-Strict-p030,39.1668,308,308,RLPolicy,0,0,0,0,1.20397,1,5.3115,13,13,5.24962,540,1
E3-Strict-p030,39.1741,264,264,RLPolicy,0,0,0,0,1.20397,1,4.4603,21,21,4.41067,540,1
E3-Strict-p030,39.1834,312,312,RLPolicy,0,0,0,0,1.20397,1,4.8162,26,26,4.75718,540,1
E3-Strict-p030,39.1908,386,386,RLPolicy,0,0,0,0,1.20397,1,3.89463,52,52,3.83359,540,1
E3-Strict-p030,39.1995,103,103,RLPolicy,0,0,0,0,1.20397,1,4.33671,69,69,4.25181,540,1
E3-Strict-p030,39.1999,244,229,RLPolicy,1,1,0.0652015,0.693147,1.20397,3,5.64122,123,143,5.46782,540,0.997446
E3-Strict-p030,39.2047,105,105,RLPolicy,0,0,0,0,1.20397,1,5.81596,64,64,5.76054,540,1
E3-Strict-p030,39.2053,76,76,RLPolicy,0,0,0,0,1.20397,1,5.10811,90,90,5.02937,540,1
E3-Strict-p030,39.2056,210,210,RLPolicy,0,0,0,0,1.20397,1,3.14486,11,11,3.09194,540,1
E3-Strict-p030,39.2063,107,107,RLPolicy,0,0,0,0,1.20397,1,6.72579,76,76,6.66472,540,0.992338
E3-Strict-p030,39.2079,357,357,RLPolicy,0,0,0,0,1.20397,1,3.22194,8,8,3.17171,540,1
E3-Strict-p030,39.2104,245,245,RLPolicy,0,0,0,0,1.20397,1,4.76456,58,58,4.67629,540,0.994892
E3-Strict-p030,39.2106,172,172,RLPolicy,0,0,0,0,1.20397,1,3.97126,91,91,3.91956,540,0.992338
E3-Strict-p030,39.2193,336,336,RLPolicy,0,0,0,0,1.20397,1,4.30256,84,84,4.23606,540,0.997446
E3-Strict-p030,39.2211,147,147,RLPolicy,0,0,0,0,1.20397,1,5.05931,73,73,4.94992,540,1
E3-Strict-p030,39.2216,174,174,RLPolicy,0,0,0,0,1.20397,1,4.48265,68,68,4.41747,540,1
E3-Strict-p030,39.2218,112,112,RLPolicy,0,0,0,0,1.20397,1,4.59338,96,96,4.5121,540,1
E3-Strict-p030,39.225,225,225,RLPolicy,0,0,0,0,1.20397,1,3.6663,57,57,3.62249,540,0.997446
E3-Strict-p030,39.2259,54,54,RLPolicy,0,0,0,0,1.20397,1,4.05358,6,6,3.99678,540,1
E3-Strict-p030,39.2315,38,38,RLPolicy,0,0,0,0,1.20397,1,4.08873,59,59,4.03442,540,1
E3-Strict-p030,39.2348,280,280,RLPolicy,0,0,0,0,1.20397,1,3.29163,1,1,3.24515,540,1
E3-Strict-p030,39.2361,335,335,RLPolicy,0,0,0,0,1.20397,1,5.10764,43,43,5.00772,540,1
E3-Strict-p030,39.237,66,66,RLPolicy,0,0,0,0,1.20397,1,4.97211,61,61,4.88558,540,1
E3-Strict-p030,39.2391,370,370,RLPolicy,0,0,0,0,1.20397,1,3.14584,67,67,3.10592,540,1
E3-Strict-p030,39.2402,392,392,RLPolicy,0,0,0,0,1.20397,1,4.07731,86,86,4.02052,540,1
E3-Strict-p030,39.242,50,50,RLPolicy,0,0,0,0,1.20397,1,5.06353,87,87,4.96939,540,1
E3-Strict-p030,39.2423,52,52,RLPolicy,0,0,0,0,1.20397,1,3.8261,61,61,3.76247,540,0.998769
E3-Strict-p030,39.2432,190,190,RLPolicy,0,0,0,0,1.20397,1,4.53395,60,60,4.43806,540,0.997446
E3-Strict-p030,39.247,114,114,RLPolicy,0,0,0,0,1.20397,1,4.19946,3,3,4.15076,540,1
E3-Strict-p030,39.2499,368,386,RLPolicy,1,1,0.0876149,0.693147,1.20397,3,4.09551,71,96,3.8715,540,0.997446
E3-Strict-p030,39.2578,380,448,RLPolicy,1,1,0.08704,0.693147,1.20397,3,4.23986,21,27,4.14737,540,0.997446
E3-Strict-p030,39.2636,39,39,RLPolicy,0,0,0,0,1.20397,1,3.61142,57,57,3.56048,540,0.997446
E3-Strict-p030,39.2692,152,152,RLPolicy,0,0,0,0,1.20397,1,3.42276,29,29,3.37668,540,1
E3-Strict-p030,39.2738,258,258,RLPolicy,0,0,0,0,1.20397,1,4.6632,58,58,4.58797,540,1
E3-Strict-p030,39.2786,120,120,RLPolicy,0,0,0,0,1.20397,1,4.67914,11,11,4.6336,540,1
E3-Strict-p030,39.2872,59,59,RLPolicy,0,0,0,0,1.20397,1,5.23266,16,16,5.13713,540,0.992338
E3-Strict-p030,39.2886,387,387,RLPolicy,0,0,0,0,1.20397,1,3.41534,7,7,3.36691,540,1
E3-Strict-p030,39.2954,396,396,RLPolicy,0,0,0,0,1.20397,1,3.45775,72,72,3.40641,540,1
E3-Strict-p030,39.2977,350,350,RLPolicy,0,0,0,0,1.20397,1,3.56574,54,54,3.52607,540,1
E3-Strict-p030,39.3116,49,49,RLPolicy,0,0,0,0,1.20397,1,4.45815,12,12,4.39097,540,1
E3-Strict-p030,39.317,68,68,RLPolicy,0,0,0,0,1.20397,1,4.40108,15,15,4.32504,540,1
E3-Strict-p030,39.3183,406,406,RLPolicy,0,0,0,0,1.20397,1,3.93258,84,84,3.87187,540,1
E3-Strict-p030,39.3184,86,86,RLPolicy,0,0,0,0,1.20397,1,2.78897,13,13,2.73893,5,1
E3-Strict-p030,39.3234,109,109,RLPolicy,0,0,0,0,1.20397,1,4.30269,38,38,4.25331,540,0.997446
E3-Strict-p030,39.3296,305,305,RLPolicy,0,0,0,0,1.20397,1,3.81955,66,66,3.7528,5,1
E3-Strict-p030,39.3471,1,1,RLPolicy,0,0,0,0,1.20397,1,3.62354,24,24,3.56909,2,1
E3-Strict-p030,39.3607,293,293,RLPolicy,0,0,0,0,1.20397,1,3.77494,59,59,3.73087,540,1
E3-Strict-p030,39.3654,7,7,RLPolicy,0,0,0,0,1.20397,1,4.48787,47,47,4.43874,540,1
E3-Strict-p030,39.3752,228,228,RLPolicy,0,0,0,0,1.20397,1,3.72412,1,1,3.67996,540,1
E3-Strict-p030,39.3795,214,182,RLPolicy,1,1,0.0595716,0.693147,1.20397,3,4.08237,111,139,3.92613,540,0.997446
E3-Strict-p030,39.3911,8,8,RLPolicy,0,0,0,0,1.20397,1,3.83192,73,73,3.77937,540,0.997446
E3-Strict-p030,39.4006,151,151,RLPolicy,0,0,0,0,1.20397,1,4.34017,71,71,4.25685,541,1
E3-Strict-p030,39.4012,182,182,RLPolicy,0,0,0,0,1.20397,1,4.30006,71,71,4.21984,541,1
E3-Strict-p030,39.4064,404,404,RLPolicy,0,0,0,0,1.20397,1,8.07775,80,80,8.01644,541,1
E3-Strict-p030,39.4119,407,407,RLPolicy,0,0,0,0,1.20397,1,4.59464,86,86,4.54247,541,1
E3-Strict-p030,39.416,17,17,RLPolicy,0,0,0,0,1.20397,1,5.46433,71,71,5.40445,541,0.993777
E3-Strict-p030,39.4246,201,201,RLPolicy,0,0,0,0,1.20397,1,3.75908,78,78,3.71314,541,1
E3-Strict-p030,39.4255,67,67,RLPolicy,0,0,0,0,1.20397,1,4.81538,59,59,4.7207,541,0.994892
E3-Strict-p030,39.4394,255,255,RLPolicy,0,0,0,0,1.20397,1,4.20148,40,40,4.14417,541,1
E3-Strict-p030,39.4535,359,359,RLPolicy,0,0,0,0,1.20397,1,4.04524,53,53,3.986,541,1
E3-Strict-p030,39.4553,94,94,RLPolicy,0,0,0,0,1.20397,1,4.7431,77,77,4.64769,541,0.997446
E3-Strict-p030,39.4573,74,74,RLPolicy,0,0,0,0,1.20397,1,3.75201,62,62,3.70307,541,1
E3-Strict-p030,39.4578,326,326,RLPolicy,0,0,0,0,1.20397,1,3.97749,61,61,3.92021,541,1
E3-Strict-p030,39.4602,65,65,RLPolicy,0,0,0,0,1.20397,1,4.38703,15,15,4.16534,541,1
E3-Strict-p030,39.4684,61,61,RLPolicy,0,0,0,0,1.20397,1,3.91515,67,67,3.85476,541,0.997446
E3-Strict-p030,39.4742,331,331,RLPolicy,0,0,0,0,1.20397,1,3.50497,78,78,3.43318,5,1
E3-Strict-p030,39.4812,348,348,RLPolicy,0,0,0,0,1.20397,1,3.60802,86,86,3.55009,541,1
E3-Strict-p030,39.4817,48,48,RLPolicy,0,0,0,0,1.20397,1,5.25569,82,82,5.16121,541,0.997446
E3-Strict-p030,39.4905,216,216,RLPolicy,0,0,0,0,1.20397,1,3.64108,68,68,3.59178,541,1
E3-Strict-p030,39.4951,315,315,RLPolicy,0,0,0,0,1.20397,1,5.37675,30,30,5.17439,541,1
E3-Strict-p030,39.4959,298,298,RLPolicy,0,0,0,0,1.20397,1,3.54761,64,64,3.50057,541,1
E3-Strict-p030,39.499,99,99,RLPolicy,0,0,0,0,1.20397,1,4.13137,53,53,4.08785,541,1
E3-Strict-p030,39.5034,55,55,RLPolicy,0,0,0,0,1.20397,1,4.52131,29,29,4.46668,541,1
E3-Strict-p030,39.5143,93,93,RLPolicy,0,0,0,0,1.20397,1,4.97582,66,66,4.92387,541,1
E3-Strict-p030,39.5147,53,53,RLPolicy,0,0,0,0,1.20397,1,7.75411,65,65,7.68675,541,1
E3-Strict-p030,39.516,385,385,RLPolicy,0,0,0,0,1.20397,1,3.87527,89,89,3.80597,541,1
E3-Strict-p030,39.5175,391,391,RLPolicy,0,0,0,0,1.20397,1,4.51374,61,61,4.45997,541,1
E3-Strict-p030,39.5196,113,113,RLPolicy,0,0,0,0,1.20397,1,4.98101,34,34,4.88359,541,0.989783
E3-Strict-p030,39.5226,44,44,RLPolicy,0,0,0,0,1.20397,1,3.82681,47,47,3.7787,541,0.999385
E3-Strict-p030,39.5226,268,268,RLPolicy,0,0,0,0,1.20397,1,4.84061,61,61,4.76517,541,1
E3-Strict-p030,39.5267,274,274,RLPolicy,0,0,0,0,1.20397,1,11.741,43,43,11.6571,541,0.997446
E3-Strict-p030,39.5304,0,0,RLPolicy,0,0,0,0,1.20397,1,4.39962,74,74,4.3247,541,1
E3-Strict-p030,39.5349,124,124,RLPolicy,0,0,0,0,1.20397,1,4.96642,67,67,4.88809,541,0.997446
E3-Strict-p030,39.5365,186,186,RLPolicy,0,0,0,0,1.20397,1,5.03717,69,69,4.94676,541,1
E3-Strict-p030,39.546,169,169,RLPolicy,0,0,0,0,1.20397,1,6.02753,77,77,5.88655,541,0.992338
E3-Strict-p030,39.547,91,91,RLPolicy,0,0,0,0,1.20397,1,4.08152,58,58,4.01812,541,0.997446
E3-Strict-p030,39.5542,273,399,RLPolicy,1,1,0.0733319,0.693147,1.20397,3,5.48934,135,153,5.26832,541,0.997446
E3-Strict-p030,39.5567,287,287,RLPolicy,0,0,0,0,1.20397,1,3.71936,15,15,3.67196,541,1
E3-Strict-p030,39.5606,115,115,RLPolicy,0,0,0,0,1.20397,1,5.21964,82,82,5.11364,541,1
E3-Strict-p030,39.5775,118,118,RLPolicy,0,0,0,0,1.20397,1,5.21246,110,110,5.07174,541,0.997446
E3-Strict-p030,39.5866,399,399,RLPolicy,0,0,0,0,1.20397,1,4.80807,45,45,4.74491,541,1
E3-Strict-p030,39.5875,127,127,RLPolicy,0,0,0,0,1.20397,1,3.93846,31,31,3.88004,5,0.994892
E3-Strict-p030,39.5884,361,361,RLPolicy,0,0,0,0,1.20397,1,3.21855,15,15,3.17668,541,1
E3-Strict-p030,39.5961,193,193,RLPolicy,0,0,0,0,1.20397,1,5.31571,70,70,5.1583,541,1
E3-Strict-p030,39.597,242,242,RLPolicy,0,0,0,0,1.20397,1,4.30876,58,58,4.23872,541,0.997446
E3-Strict-p030,39.5972,260,260,RLPolicy,0,0,0,0,1.20397,1,5.27836,60,60,5.22188,541,1
E3-Strict-p030,39.6055,241,241,RLPolicy,0,0,0,0,1.20397,1,8.05773,14,14,8.00716,544,0.997446
E3-Strict-p030,39.6262,143,143,RLPolicy,0,0,0,0,1.20397,1,4.18569,6,6,4.12729,544,1
E3-Strict-p030,39.6316,253,253,RLPolicy,0,0,0,0,1.20397,1,7.15207,77,77,7.01239,544,1
E3-Strict-p030,39.6365,251,251,RLPolicy,0,0,0,0,1.20397,1,8.04158,75,75,7.98186,544,0.997446
E3-Strict-p030,39.6376,338,338,RLPolicy,0,0,0,0,1.20397,1,4.9488,74,74,4.88561,544,1
E3-Strict-p030,39.6418,133,133,RLPolicy,0,0,0,0,1.20397,1,3.95838,91,91,3.90737,544,0.991567
E3-Strict-p030,39.6516,89,89,RLPolicy,0,0,0,0,1.20397,1,5.03601,66,66,4.93687,544,0.997446
E3-Strict-p030,39.6584,311,151,RLPolicy,1,1,0.0763338,0.693147,1.20397,3,4.91203,123,161,4.69196,544,0.997446
E3-Strict-p030,39.6637,372,372,RLPolicy,0,0,0,0,1.20397,1,4.07361,88,88,3.99407,544,1
E3-Strict-p030,39.664,360,360,RLPolicy,0,0,0,0,1.20397,1,4.05157,11,11,3.98724,544,1
E3-Strict-p030,39.6757,83,83,RLPolicy,0,0,0,0,1.20397,1,5.66596,89,89,5.52717,544,1
E3-Strict-p030,39.6803,60,60,RLPolicy,0,0,0,0,1.20397,1,5.11388,42,42,5.04948,544,1
E3-Strict-p030,39.6821,173,173,RLPolicy,0,0,0,0,1.20397,1,5.20898,68,68,5.11314,544,0.997446
E3-Strict-p030,39.6846,102,102,RLPolicy,0,0,0,0,1.20397,1,3.80117,47,47,3.7397,544,0.997446
E3-Strict-p030,39.685,246,246,RLPolicy,0,0,0,0,1.20397,1,4.24498,63,63,4.18053,544,1
E3-Strict-p030,39.6869,35,222,RLPolicy,1,1,0.0226549,0.693147,1.20397,3,5.06173,108,142,4.87171,544,0.994892
E3-Strict-p030,39.6944,96,96,RLPolicy,0,0,0,0,1.20397,1,4.07612,57,57,4.01171,544,1
E3-Strict-p030,39.6949,183,183,RLPolicy,0,0,0,0,1.20397,1,6.56343,31,31,6.38629,544,0.996675
E3-Strict-p030,39.6981,154,154,RLPolicy,0,0,0,0,1.20397,1,4.46718,11,11,4.35216,544,1
E3-Strict-p030,39.6998,379,379,RLPolicy,0,0,0,0,1.20397,1,3.86895,58,58,3.78226,544,0.997446
E3-Strict-p030,39.7015,267,267,RLPolicy,0,0,0,0,1.20397,1,4.87414,64,64,4.7578,544,1
E3-Strict-p030,39.7018,11,11,RLPolicy,0,0,0,0,1.20397,1,3.61207,16,16,3.57028,544,1
E3-Strict-p030,39.708,288,288,RLPolicy,0,0,0,0,1.20397,1,4.83699,40,40,4.74381,544,0.997446
E3-Strict-p030,39.7095,266,355,RLPolicy,1,1,0.0655712,0.693147,1.20397,3,7.30421,131,147,7.06588,544,0.997446
E3-Strict-p030,39.7179,126,126,RLPolicy,0,0,0,0,1.20397,1,8.94136,62,62,8.84407,544,0.997446
E3-Strict-p030,39.7208,284,284,RLPolicy,0,0,0,0,1.20397,1,4.05542,58,58,3.9914,544,1
E3-Strict-p030,39.7213,239,239,RLPolicy,0,0,0,0,1.20397,1,5.90547,20,20,5.81246,544,1
E3-Strict-p030,39.725,136,136,RLPolicy,0,0,0,0,1.20397,1,4.18083,67,67,4.09715,544,0.997446
E3-Strict-p030,39.7285,332,332,RLPolicy,0,0,0,0,1.20397,1,7.46159,46,46,7.36624,5,1
E3-Strict-p030,39.7331,108,108,RLPolicy,0,0,0,0,1.20397,1,7.08655,52,52,6.97421,544,1
E3-Strict-p030,39.7354,257,257,RLPolicy,0,0,0,0,1.20397,1,9.41503,52,52,9.29187,544,0.997446
E3-Strict-p030,39.7398,27,27,RLPolicy,0,0,0,0,1.20397,1,9.71716,66,66,9.6446,544,1
E3-Strict-p030,39.7442,367,367,RLPolicy,0,0,0,0,1.20397,1,3.68572,72,72,3.62042,544,1
E3-Strict-p030,39.7501,106,106,RLPolicy,0,0,0,0,1.20397,1,8.25366,57,57,8.15832,544,1
E3-Strict-p030,39.7543,262,434,RLPolicy,1,1,0.0703894,0.693147,1.20397,3,5.06341,52,87,4.86312,544,0.997446
E3-Strict-p030,39.7683,73,157,RLPolicy,1,1,0.0450728,0.693147,1.20397,3,4.33638,130,132,4.2289,544,0.997446
E3-Strict-p030,39.7693,82,534,RLPolicy,1,1,0.0479127,0.693147,1.20397,3,5.65373,152,156,5.38984,544,0.994892
E3-Strict-p030,39.7726,271,271,RLPolicy,0,0,0,0,1.20397,1,5.49814,51,51,5.37882,544,1
E3-Strict-p030,39.7745,123,123,RLPolicy,0,0,0,0,1.20397,1,5.13194,31,31,5.05129,544,0.997446
E3-Strict-p030,39.7892,234,234,RLPolicy,0,0,0,0,1.20397,1,3.87223,39,39,3.80112,544,0.997446
E3-Strict-p030,39.7909,131,131,RLPolicy,0,0,0,0,1.20397,1,5.3073,40,40,5.20769,544,0.997446
E3-Strict-p030,39.7917,275,275,RLPolicy,0,0,0,0,1.20397,1,4.43663,89,89,4.34268,1,1
E3-Strict-p030,39.7944,300,300,RLPolicy,0,0,0,0,1.20397,1,3.97708,20,20,3.90871,544,0.997446
E3-Strict-p030,39.7966,352,352,RLPolicy,0,0,0,0,1.20397,1,3.85189,44,44,3.79122,544,1
E3-Strict-p030,39.8046,333,333,RLPolicy,0,0,0,0,1.20397,1,6.96643,88,88,6.91263,545,1
E3-Strict-p030,39.8192,252,252,RLPolicy,0,0,0,0,1.20397,1,4.77162,67,67,4.63761,545,1
E3-Strict-p030,39.8206,98,98,RLPolicy,0,0,0,0,1.20397,1,4.56768,40,40,4.49578,545,1
E3-Strict-p030,39.8213,364,364,RLPolicy,0,0,0,0,1.20397,1,3.74548,11,11,3.67923,545,0.997446
E3-Strict-p030,39.8236,5,5,RLPolicy,0,0,0,0,1.20397,1,7.03215,67,67,6.95639,545,0.993365
E3-Strict-p030,39.8346,92,92,RLPolicy,0,0,0,0,1.20397,1,3.63608,25,25,3.57819,545,1
E3-Strict-p030,39.8383,217,217,RLPolicy,0,0,0,0,1.20397,1,3.91162,48,48,3.865,545,1
E3-Strict-p030,39.8393,128,128,RLPolicy,0,0,0,0,1.20397,1,4.98058,80,80,4.88308,545,1
E3-Strict-p030,39.847,184,491,RLPolicy,1,1,0.0455088,0.693147,1.20397,3,5.19925,97,100,5.02563,545,0.994892
E3-Strict-p030,39.8562,22,22,RLPolicy,0,0,0,0,1.20397,1,5.97816,58,58,5.87105,545,1
E3-Strict-p030,39.8632,34,34,RLPolicy,0,0,0,0,1.20397,1,4.39546,106,106,4.28438,545,0.994892
E3-Strict-p030,39.8635,162,162,RLPolicy,0,0,0,0,1.20397,1,4.1086,33,33,4.03737,545,1
E3-Strict-p030,39.87,138,416,RLPolicy,1,1,0.0498699,0.693147,1.20397,3,4.45993,169,173,4.22488,545,0.997446
E3-Strict-p030,39.8787,254,436,RLPolicy,1,1,0.0684072,0.693147,1.20397,3,6.70498,175,181,5.99675,545,0.997446
E3-Strict-p030,39.8791,58,58,RLPolicy,0,0,0,0,1.20397,1,4.76661,73,73,4.66274,545,0.989168
E3-Strict-p030,39.8833,168,168,RLPolicy,0,0,0,0,1.20397,1,4.81615,86,86,4.68749,545,1
E3-Strict-p030,39.8863,269,269,RLPolicy,0,0,0,0,1.20397,1,6.67173,63,63,6.44599,545,1
E3-Strict-p030,39.8973,230,230,RLPolicy,0,0,0,0,1.20397,1,3.42437,10,10,3.3643,545,1
E3-Strict-p030,39.9075,318,318,RLPolicy,0,0,0,0,1.20397,1,3.91408,1,1,3.85085,548,1
E3-Strict-p030,39.9181,286,286,RLPolicy,0,0,0,0,1.20397,1,3.78125,22,22,3.71942,548,1
E3-Strict-p030,39.9225,316,316,RLPolicy,0,0,0,0,1.20397,1,4.64707,46,46,4.52514,548,1
E3-Strict-p030,39.9248,204,204,RLPolicy,0,0,0,0,1.20397,1,5.12139,76,76,5.04352,548,1
E3-Strict-p030,39.928,155,155,RLPolicy,0,0,0,0,1.20397,1,5.20079,61,61,5.01981,548,0.997446
E3-Strict-p030,39.9403,181,181,RLPolicy,0,0,0,0,1.20397,1,7.73112,14,14,7.67155,548,1
E3-Strict-p030,39.9546,295,295,RLPolicy,0,0,0,0,1.20397,1,4.08939,66,66,4.02146,548,0.994892
E3-Strict-p030,39.9613,342,342,RLPolicy,0,0,0,0,1.20397,1,5.8415,89,89,5.64475,548,1
E3-Strict-p030,39.9666,395,395,RLPolicy,0,0,0,0,1.20397,1,4.33173,83,83,4.26648,548,1
E3-Strict-p030,39.9719,41,41,RLPolicy,0,0,0,0,1.20397,1,4.15666,91,91,4.07378,548,1
E3-Strict-p030,39.9791,304,304,RLPolicy,0,0,0,0,1.20397,1,3.87957,58,58,3.82401,548,1
E3-Strict-p030,39.981,187,187,RLPolicy,0,0,0,0,1.20397,1,4.95028,50,50,4.87512,548,1
E3-Strict-p030,39.9815,69,69,RLPolicy,0,0,0,0,1.20397,1,5.16234,60,60,5.0819,548,1
E3-Strict-p030,39.9821,42,217,RLPolicy,1,1,0.0401407,0.693147,1.20397,3,3.675,53,56,3.54011,548,0.997446
E3-Strict-p030,39.9879,144,144,RLPolicy,0,0,0,0,1.20397,1,3.70967,68,68,3.65903,548,0.997446
E3-Strict-p030,40.002,229,229,RLPolicy,0,0,0,0,1.20397,1,4.0095,71,71,3.94125,549,0.997446
E3-Strict-p030,40.0034,412,412,RLPolicy,0,0,0,0,1.20397,1,4.01931,51,51,3.89723,549,1
E3-Strict-p030,40.0054,194,408,RLPolicy,1,1,0.0595942,0.693147,1.20397,3,5.40082,142,149,5.21202,549,0.992338
E3-Strict-p030,40.0119,30,30,RLPolicy,0,0,0,0,1.20397,1,4.73391,30,30,4.65365,549,1
E3-Strict-p030,40.0153,21,21,RLPolicy,0,0,0,0,1.20397,1,5.14395,83,83,5.04884,549,0.995716
E3-Strict-p030,40.0171,24,24,RLPolicy,0,0,0,0,1.20397,1,5.06206,46,46,4.98963,549,0.997446
E3-Strict-p030,40.0191,10,10,RLPolicy,0,0,0,0,1.20397,1,3.85023,13,13,3.79768,549,0.995919
E3-Strict-p030,40.0214,256,92,RLPolicy,1,1,0.0820334,0.693147,1.20397,3,7.38695,15,19,7.29078,549,0.997446
E3-Strict-p030,40.0261,198,198,RLPolicy,0,0,0,0,1.20397,1,7.85035,38,38,7.78234,549,1
E3-Strict-p030,40.0273,2,2,RLPolicy,0,0,0,0,1.20397,1,4.98483,53,53,4.90685,549,0.999385
E3-Strict-p030,40.0327,317,317,RLPolicy,0,0,0,0,1.20397,1,4.79094,84,84,4.7315,549,1
E3-Strict-p030,40.0348,4,4,RLPolicy,0,0,0,0,1.20397,1,5.00046,17,17,4.86837,549,1
E3-Strict-p030,40.0354,369,369,RLPolicy,0,0,0,0,1.20397,1,3.45945,10,10,3.41764,549,1
E3-Strict-p030,40.0396,29,29,RLPolicy,0,0,0,0,1.20397,1,14.7559,38,38,14.582,549,0.997858
E3-Strict-p030,40.0461,165,53,RLPolicy,1,1,0.0451238,0.693147,1.20397,3,4.24599,126,136,4.07479,549,0.997446
E3-Strict-p030,40.0519,64,64,RLPolicy,0,0,0,0,1.20397,1,5.90424,70,70,5.66552,549,1
E3-Strict-p030,40.0545,383,383,RLPolicy,0,0,0,0,1.20397,1,3.78914,13,13,3.71251,549,1
E3-Strict-p030,40.0559,388,388,RLPolicy,0,0,0,0,1.20397,1,3.85551,22,22,3.81028,549,1
E3-Strict-p030,40.058,207,207,RLPolicy,0,0,0,0,1.20397,1,5.3538,60,60,5.17724,549,1
E3-Strict-p030,40.0581,139,139,RLPolicy,0,0,0,0,1.20397,1,4.99102,48,48,4.89449,549,1
E3-Strict-p030,40.0703,394,394,RLPolicy,0,0,0,0,1.20397,1,4.25321,56,56,4.19689,549,1
E3-Strict-p030,40.0802,289,289,RLPolicy,0,0,0,0,1.20397,1,3.03886,9,9,3.00027,549,1
E3-Strict-p030,40.0883,299,299,RLPolicy,0,0,0,0,1.20397,1,4.0781,61,61,4.01753,549,0.997446
E3-Strict-p030,40.0981,211,211,RLPolicy,0,0,0,0,1.20397,1,4.32987,41,41,4.27112,549,1
E3-Strict-p030,40.0981,129,129,RLPolicy,0,0,0,0,1.20397,1,3.53066,23,23,3.48229,549,1
E3-Strict-p030,40.1025,75,75,RLPolicy,0,0,0,0,1.20397,1,5.23999,59,59,5.16616,551,1
E3-Strict-p030,40.1079,321,321,RLPolicy,0,0,0,0,1.20397,1,3.8678,11,11,3.80399,551,1
E3-Strict-p030,40.1207,57,57,RLPolicy,0,0,0,0,1.20397,1,3.92578,11,11,3.87444,551,0.997446
E3-Strict-p030,40.1215,358,358,RLPolicy,0,0,0,0,1.20397,1,3.37748,64,64,3.33465,551,1
E3-Strict-p030,40.1282,148,148,RLPolicy,0,0,0,0,1.20397,1,3.24206,3,3,3.20419,551,1
E3-Strict-p030,40.1384,283,283,RLPolicy,0,0,0,0,1.20397,1,4.70008,64,64,4.57654,551,1
E3-Strict-p030,40.1603,384,384,RLPolicy,0,0,0,0,1.20397,1,3.92191,59,59,3.87322,551,1
E3-Strict-p030,40.168,282,282,RLPolicy,0,0,0,0,1.20397,1,5.29426,88,88,5.18255,551,0.994892
E3-Strict-p030,40.1691,130,130,RLPolicy,0,0,0,0,1.20397,1,5.32435,17,17,5.26375,551,1
E3-Strict-p030,40.1793,110,110,RLPolicy,0,0,0,0,1.20397,1,3.5329,11,11,3.48652,551,1
E3-Strict-p030,40.1831,403,403,RLPolicy,0,0,0,0,1.20397,1,4.31487,56,56,4.2527,551,1
E3-Strict-p030,40.1834,31,139,RLPolicy,1,1,0.0326084,0.693147,1.20397,3,4.24736,126,135,4.07297,551,0.997446
E3-Strict-p030,40.1837,185,185,RLPolicy,0,0,0,0,1.20397,1,5.76961,47,47,5.55137,551,1
E3-Strict-p030,40.1952,344,344,RLPolicy,0,0,0,0,1.20397,1,4.16743,10,10,4.1088,551,1
E3-Strict-p030,40.1987,365,365,RLPolicy,0,0,0,0,1.20397,1,3.47146,28,28,3.42879,551,1
E3-Strict-p030,40.2045,202,202,RLPolicy,0,0,0,0,1.20397,1,4.78619,54,54,4.72686,554,1
E3-Strict-p030,40.2066,375,375,RLPolicy,0,0,0,0,1.20397,1,4.11428,78,78,4.05311,554,1
E3-Strict-p030,40.2083,167,87,RLPolicy,1,1,0.0415421,0.693147,1.20397,3,4.57697,112,145,4.26371,554,0.994892
E3-Strict-p030,40.2109,33,33,RLPolicy,0,0,0,0,1.20397,1,8.33732,54,54,8.26962,554,1
E3-Strict-p030,40.2113,307,307,RLPolicy,0,0,0,0,1.20397,1,4.52369,60,60,4.45519,554,1
E3-Strict-p030,40.2142,337,337,RLPolicy,0,0,0,0,1.20397,1,7.14858,21,21,7.09073,554,1
E3-Strict-p030,40.2147,219,219,RLPolicy,0,0,0,0,1.20397,1,8.25893,58,58,8.15411,554,1
E3-Strict-p030,40.2149,156,156,RLPolicy,0,0,0,0,1.20397,1,4.32919,91,91,4.25583,554,1
E3-Strict-p030,40.225,313,313,RLPolicy,0,0,0,0,1.20397,1,4.54829,72,72,4.4789,554,1
E3-Strict-p030,40.2286,328,328,RLPolicy,0,0,0,0,1.20397,1,7.99506,42,42,7.92972,554,1
E3-Strict-p030,40.2357,71,71,RLPolicy,0,0,0,0,1.20397,1,8.2452,14,14,8.1801,554,1
E3-Strict-p030,40.2389,238,238,RLPolicy,0,0,0,0,1.20397,1,3.5519,11,11,3.49879,554,1
E3-Strict-p030,40.2418,70,70,RLPolicy,0,0,0,0,1.20397,1,7.11972,58,58,7.05729,554,1
E3-Strict-p030,40.2481,296,296,RLPolicy,0,0,0,0,1.20397,1,4.64942,67,67,4.55545,554,1
E3-Strict-p030,40.2501,176,176,RLPolicy,0,0,0,0,1.20397,1,4.29768,5,5,4.25549,554,1
E3-Strict-p030,40.2538,125,125,RLPolicy,0,0,0,0,1.20397,1,5.62782,60,60,5.53494,554,1
E3-Strict-p030,40.2636,84,84,RLPolicy,0,0,0,0,1.20397,1,4.34761,70,70,4.287,554,0.997446
E3-Strict-p030,40.274,294,294,RLPolicy,0,0,0,0,1.20397,1,4.39326,61,61,4.33932,554,1
E3-Strict-p030,40.2765,411,411,RLPolicy,0,0,0,0,1.20397,1,4.2446,12,12,4.19645,554,1
E3-Strict-p030,40.2779,231,231,RLPolicy,0,0,0,0,1.20397,1,4.08908,91,91,4.00518,554,0.997446
E3-Strict-p030,40.2965,250,250,RLPolicy,0,0,0,0,1.20397,1,4.33627,60,60,4.28429,554,1
E3-Strict-p030,40.2985,285,285,RLPolicy,0,0,0,0,1.20397,1,5.93941,47,47,5.88732,554,0.997446
E3-Strict-p030,40.302,87,87,RLPolicy,0,0,0,0,1.20397,1,4.03011,71,71,3.9775,555,0.997446
E3-Strict-p030,40.3072,276,276,RLPolicy,0,0,0,0,1.20397,1,9.7323,57,57,9.61365,555,1
E3-Strict-p030,40.3166,104,104,RLPolicy,0,0,0,0,1.20397,1,3.98147,79,79,3.92818,555,0.992338
E3-Strict-p030,40.3173,339,339,RLPolicy,0,0,0,0,1.20397,1,4.51661,74,74,4.45215,555,1
E3-Strict-p030,40.3207,351,351,RLPolicy,0,0,0,0,1.20397,1,4.72703,55,55,4.62006,555,1
E3-Strict-p030,40.3243,402,286,RLPolicy,1,1,0.0977664,0.693147,1.20397,3,4.09091,98,105,3.92531,555,0.997446
E3-Strict-p030,40.3245,23,23,RLPolicy,0,0,0,0,1.20397,1,4.20213,71,71,4.1475,555,1
E3-Strict-p030,40.3271,195,195,RLPolicy,0,0,0,0,1.20397,1,8.74667,65,65,8.67538,555,0.992338
E3-Strict-p030,40.3289,77,77,RLPolicy,0,0,0,0,1.20397,1,7.98995,59,59,7.93042,555,1
E3-Strict-p030,40.3292,292,292,RLPolicy,0,0,0,0,1.20397,1,3.45426,61,61,3.40991,555,1
E3-Strict-p030,40.3318,224,224,RLPolicy,0,0,0,0,1.20397,1,4.09931,23,23,4.05161,555,0.997446
E3-Strict-p030,40.3412,79,79,RLPolicy,0,0,0,0,1.20397,1,4.84381,63,63,4.72533,555,0.997446
E3-Strict-p030,40.3419,32,32,RLPolicy,0,0,0,0,1.20397,1,4.94601,81,81,4.83959,555,0.999385
E3-Strict-p030,40.3441,37,37,RLPolicy,0,0,0,0,1.20397,1,4.45151,11,11,4.37664,555,1
E3-Strict-p030,40.3624,297,297,RLPolicy,0,0,0,0,1.20397,1,5.05222,58,58,4.92558,555,0.997446
E3-Strict-p030,40.3647,309,309,RLPolicy,0,0,0,0,1.20397,1,4.39634,57,57,4.30459,555,0.997446
E3-Strict-p030,40.367,319,319,RLPolicy,0,0,0,0,1.20397,1,4.40341,30,30,4.33003,555,1
E3-Strict-p030,40.373,236,236,RLPolicy,0,0,0,0,1.20397,1,4.32371,59,59,4.25484,555,1
E3-Strict-p030,40.3751,373,373,RLPolicy,0,0,0,0,1.20397,1,3.95615,25,25,3.89731,555,1
E3-Strict-p030,40.3826,157,325,RLPolicy,1,1,0.0638814,0.693147,1.20397,3,5.04811,61,64,4.88114,555,0.997446
E3-Strict-p030,40.3841,170,170,RLPolicy,0,0,0,0,1.20397,1,4.49373,20,20,4.42655,555,0.994892
E3-Strict-p030,40.3916,270,270,RLPolicy,0,0,0,0,1.20397,1,4.76961,51,51,4.52318,555,0.997446
E3-Strict-p030,40.3957,158,493,RLPolicy,1,1,0.0441438,0.693147,1.20397,3,4.29931,120,123,4.11649,555,0.997446
E3-Strict-p030,40.3998,306,306,RLPolicy,0,0,0,0,1.20397,1,4.96141,22,22,4.90615,555,0.997446
E3-Strict-p030,40.4142,261,261,RLPolicy,0,0,0,0,1.20397,1,7.18499,57,57,7.08441,558,1
E3-Strict-p030,40.4307,366,366,RLPolicy,0,0,0,0,1.20397,1,4.02401,80,80,3.9617,558,1
E3-Strict-p030,40.4308,215,215,RLPolicy,0,0,0,0,1.20397,1,5.54285,8,8,5.41766,558,1
E3-Strict-p030,40.4431,354,342,RLPolicy,1,1,0.0874645,0.693147,1.20397,3,5.20418,81,113,4.99029,558,0.997446
E3-Strict-p030,40.4504,191,191,RLPolicy,0,0,0,0,1.20397,1,8.25975,70,70,8.17581,558,1
E3-Strict-p030,40.4532,28,28,RLPolicy,0,0,0,0,1.20397,1,4.5923,40,40,4.52531,558,0.997446
E3-Strict-p030,40.4538,278,278,RLPolicy,0,0,0,0,1.20397,1,4.77782,56,56,4.69461,558,1
E3-Strict-p030,40.466,400,400,RLPolicy,0,0,0,0,1.20397,1,3.25205,14,14,3.19206,5,1
E3-Strict-p030,40.4661,401,401,RLPolicy,0,0,0,0,1.20397,1,5.19351,59,59,4.99017,558,1
E3-Strict-p030,40.4663,72,72,RLPolicy,0,0,0,0,1.20397,1,3.99389,14,14,3.94878,558,0.997446
E3-Strict-p030,40.4682,197,197,RLPolicy,0,0,0,0,1.20397,1,5.68593,24,24,5.61803,558,1
E3-Strict-p030,40.4701,349,349,RLPolicy,0,0,0,0,1.20397,1,5.04874,60,60,4.97466,558,1
E3-Strict-p030,40.4737,329,329,RLPolicy,0,0,0,0,1.20397,1,4.30534,51,51,4.25371,558,1
E3-Strict-p030,40.4806,85,85,RLPolicy,0,0,0,0,1.20397,1,3.99707,11,11,3.95643,558,1
E3-Strict-p030,40.4809,18,18,RLPolicy,0,0,0,0,1.20397,1,3.72607,65,65,3.6751,558,1
E3-Strict-p030,40.4816,132,132,RLPolicy,0,0,0,0,1.20397,1,3.95931,18,18,3.9102,558,1
E3-Strict-p030,40.4885,330,330,RLPolicy,0,0,0,0,1.20397,1,4.3864,53,53,4.32815,558,1
E3-Strict-p030,40.4955,345,345,RLPolicy,0,0,0,0,1.20397,1,4.7033,64,64,4.6136,558,0.997446
E3-Strict-p030,40.501,171,171,RLPolicy,0,0,0,0,1.20397,1,5.04094,52,52,4.95434,558,1
E3-Strict-p030,40.5044,6,6,RLPolicy,0,0,0,0,1.20397,1,8.4648,45,45,8.4076,558,1
E3-Strict-p030,40.5077,281,281,RLPolicy,0,0,0,0,1.20397,1,8.18259,11,11,8.0957,2,0.997446
E3-Strict-p030,40.5125,142,142,RLPolicy,0,0,0,0,1.20397,1,5.19063,53,53,5.10935,558,1
E3-Strict-p030,40.5148,78,78,RLPolicy,0,0,0,0,1.20397,1,5.40329,46,46,5.34102,558,0.997446
E3-Strict-p030,40.5245,233,233,RLPolicy,0,0,0,0,1.20397,1,3.97736,50,50,3.92922,558,1
E3-Strict-p030,40.5295,227,227,RLPolicy,0,0,0,0,1.20397,1,5.08446,57,57,5.00734,558,1
E3-Strict-p030,40.541,226,226,RLPolicy,0,0,0,0,1.20397,1,3.75121,7,7,3.70718,558,1
E3-Strict-p030,40.568,188,188,RLPolicy,0,0,0,0,1.20397,1,4.66277,8,8,4.60796,558,0.997446
E3-Strict-p030,40.5684,119,119,RLPolicy,0,0,0,0,1.20397,1,5.40004,92,92,5.305,558,0.994892
E3-Strict-p030,40.5746,353,353,RLPolicy,0,0,0,0,1.20397,1,4.83345,4,4,4.76526,558,1
E3-Strict-p030,40.5853,199,199,RLPolicy,0,0,0,0,1.20397,1,4.90585,71,71,4.79922,558,1
E3-Strict-p030,40.5902,417,417,RLPolicy,0,0,0,0,1.20397,1,3.96323,50,50,3.91073,558,1
E3-Strict-p030,40.5908,346,346,RLPolicy,0,0,0,0,1.20397,1,4.99535,10,10,4.92724,558,1
E3-Strict-p030,40.5908,146,146,RLPolicy,0,0,0,0,1.20397,1,3.66155,5,5,3.62105,558,1
E3-Strict-p030,40.5972,382,382,RLPolicy,0,0,0,0,1.20397,1,4.07427,69,69,4.0019,558,1
E3-Strict-p030,40.6015,213,213,RLPolicy,0,0,0,0,1.20397,1,5.80853,54,54,5.76018,560,0.997446
E3-Strict-p030,40.602,47,47,RLPolicy,0,0,0,0,1.20397,1,3.47899,85,85,3.43258,560,1
E3-Strict-p030,40.6026,13,13,RLPolicy,0,0,0,0,1.20397,1,5.23716,62,62,5.18527,560,0.999385
E3-Strict-p030,40.6137,223,223,RLPolicy,0,0,0,0,1.20397,1,4.98419,64,64,4.89606,560,1
E3-Strict-p030,40.6146,314,294,RLPolicy,1,1,0.0735868,0.693147,1.20397,3,4.06725,77,87,3.90993,560,0.997446
E3-Strict-p030,40.6161,100,561,RLPolicy,1,1,0.00242741,0.693147,1.20397,3,4.55817,65,68,4.4131,560,0.997446
E3-Strict-p030,40.6323,97,97,RLPolicy,0,0,0,0,1.20397,1,4.12625,52,52,4.06491,560,0.997446
E3-Strict-p030,40.6336,175,175,RLPolicy,0,0,0,0,1.20397,1,4.62265,13,13,4.56343,560,1
E3-Strict-p030,40.6343,327,327,RLPolicy,0,0,0,0,1.20397,1,4.61504,31,31,4.56014,560,0.997446
E3-Strict-p030,40.6379,95,95,RLPolicy,0,0,0,0,1.20397,1,4.4375,66,66,4.37564,560,0.997446
E3-Strict-p030,40.6521,90,90,RLPolicy,0,0,0,0,1.20397,1,3.9152,35,35,3.73771,560,0.997446
E3-Strict-p030,40.6543,398,398,RLPolicy,0,0,0,0,1.20397,1,4.39614,51,51,4.33808,560,1
E3-Strict-p030,40.6564,341,341,RLPolicy,0,0,0,0,1.20397,1,4.24259,14,14,4.17828,560,1
E3-Strict-p030,40.6616,413,413,RLPolicy,0,0,0,0,1.20397,1,4.18988,16,16,4.01891,560,1
E3-Strict-p030,40.6686,221,221,RLPolicy,0,0,0,0,1.20397,1,5.06551,64,64,4.98907,560,0.994892
E3-Strict-p030,40.6691,376,213,RLPolicy,1,1,0.0885783,0.693147,1.20397,3,4.68163,119,149,4.44848,560,0.997446
E3-Strict-p030,40.6751,122,122,RLPolicy,0,0,0,0,1.20397,1,4.50012,65,65,4.41653,560,1
E3-Strict-p030,40.6773,248,248,RLPolicy,0,0,0,0,1.20397,1,4.38511,49,49,4.30206,560,1
E3-Strict-p030,40.6791,263,263,RLPolicy,0,0,0,0,1.20397,1,4.54441,70,70,4.41095,560,1
E3-Strict-p030,40.6879,206,206,RLPolicy,0,0,0,0,1.20397,1,5.0247,12,12,4.94967,560,1
E3-Strict-p030,40.6888,189,189,RLPolicy,0,0,0,0,1.20397,1,3.90672,58,58,3.83637,560,0.997446
E3-Strict-p030,40.6943,415,415,RLPolicy,0,0,0,0,1.20397,1,4.1825,64,64,4.12671,560,1
E3-Strict-p030,40.6947,265,53,RLPolicy,1,1,0.0632747,0.693147,1.20397,3,5.38222,114,138,5.12415,560,0.994892
E3-Strict-p030,40.7003,140,140,RLPolicy,0,0,0,0,1.20397,1,3.73472,32,32,3.69074,567,0.997446
E3-Strict-p030,40.7076,15,15,RLPolicy,0,0,0,0,1.20397,1,3.45696,19,19,3.40926,567,1
E3-Strict-p030,40.71,36,36,RLPolicy,0,0,0,0,1.20397,1,4.64184,14,14,4.53398,567,1
E3-Strict-p030,40.7118,137,137,RLPolicy,0,0,0,0,1.20397,1,4.29087,15,15,4.2355,567,1
E3-Strict-p030,40.7251,363,363,RLPolicy,0,0,0,0,1.20397,1,3.43427,9,9,3.3568,567,1
E3-Strict-p030,40.7291,243,243,RLPolicy,0,0,0,0,1.20397,1,3.90964,72,72,3.86509,567,1
E3-Strict-p030,40.7297,134,134,RLPolicy,0,0,0,0,1.20397,1,5.22149,9,9,5.15911,567,1
E3-Strict-p030,40.7309,272,272,RLPolicy,0,0,0,0,1.20397,1,5.05953,59,59,4.94776,567,1
E3-Strict-p030,40.7337,159,503,RLPolicy,1,1,0.040755,0.693147,1.20397,3,4.10627,35,53,3.95332,567,0.997446
E3-Strict-p030,40.7364,141,141,RLPolicy,0,0,0,0,1.20397,1,5.12747,70,70,5.05598,567,1
E3-Strict-p030,40.7478,153,153,RLPolicy,0,0,0,0,1.20397,1,4.75144,42,42,4.68965,567,1
E3-Strict-p030,40.7548,160,160,RLPolicy,0,0,0,0,1.20397,1,3.46557,11,11,3.41476,567,1
E3-Strict-p030,40.756,237,237,RLPolicy,0,0,0,0,1.20397,1,4.31935,42,42,4.25169,567,0.997446
E3-Strict-p030,40.7581,420,420,RLPolicy,0,0,0,0,1.20397,1,4.18561,23,23,4.11922,567,1
E3-Strict-p030,40.7581,408,408,RLPolicy,0,0,0,0,1.20397,1,6.17263,68,68,6.10792,567,1
E3-Strict-p030,40.7643,135,314,RLPolicy,1,1,0.0378481,0.693147,1.20397,3,4.88042,124,141,4.70811,567,0.994892
E3-Strict-p030,40.7716,163,163,RLPolicy,0,0,0,0,1.20397,1,3.87156,55,55,3.81192,567,1
E3-Strict-p030,40.7767,259,259,RLPolicy,0,0,0,0,1.20397,1,4.91897,67,67,4.84947,567,1
E3-Strict-p030,40.7769,277,277,RLPolicy,0,0,0,0,1.20397,1,4.27722,1,1,4.22338,567,1
E3-Strict-p030,40.7772,303,303,RLPolicy,0,0,0,0,1.20397,1,3.54716,14,14,3.50295,567,1
E3-Strict-p030,40.7786,51,51,RLPolicy,0,0,0,0,1.20397,1,4.21376,15,15,4.16831,567,1
E3-Strict-p030,40.7794,374,374,RLPolicy,0,0,0,0,1.20397,1,3.94949,43,43,3.89572,567,1
E3-Strict-p030,40.7823,88,88,RLPolicy,0,0,0,0,1.20397,1,5.31763,61,61,5.10201,567,1
E3-Strict-p030,40.7889,121,121,RLPolicy,0,0,0,0,1.20397,1,3.46962,7,7,3.41567,567,1
E3-Strict-p030,40.7916,291,291,RLPolicy,0,0,0,0,1.20397,1,4.8922,58,58,4.82336,567,0.994892
E3-Strict-p030,40.7959,101,101,RLPolicy,0,0,0,0,1.20397,1,4.59642,24,24,4.53645,567,0.997446
E3-Strict-p030,40.8089,232,232,RLPolicy,0,0,0,0,1.20397,1,3.98031,67,67,3.93256,569,1
E3-Strict-p030,40.8131,14,14,RLPolicy,0,0,0,0,1.20397,1,3.8865,30,30,3.80502,569,1
E3-Strict-p030,40.8149,16,16,RLPolicy,0,0,0,0,1.20397,1,4.08426,37,37,3.95319,569,1
E3-Strict-p030,40.8201,334,334,RLPolicy,0,0,0,0,1.20397,1,8.37818,78,78,8.29256,569,1
E3-Strict-p030,40.8287,9,9,RLPolicy,0,0,0,0,1.20397,1,4.78579,62,62,4.72147,569,1
E3-Strict-p030,40.8364,192,192,RLPolicy,0,0,0,0,1.20397,1,4.38146,7,7,4.32817,569,0.997446
E3-Strict-p030,40.8437,393,393,RLPolicy,0,0,0,0,1.20397,1,5.1785,87,87,5.10158,569,1
E3-Strict-p030,40.8439,26,26,RLPolicy,0,0,0,0,1.20397,1,4.67517,14,14,4.61317,569,1
E3-Strict-p030,40.8562,200,200,RLPolicy,0,0,0,0,1.20397,1,5.15413,60,60,5.05261,569,0.997446
E3-Strict-p030,40.8736,235,235,RLPolicy,0,0,0,0,1.20397,1,4.48707,66,66,4.42352,569,1
E3-Strict-p030,40.8776,62,62,RLPolicy,0,0,0,0,1.20397,1,5.67835,43,43,5.60696,569,1
E3-Strict-p030,40.8881,222,222,RLPolicy,0,0,0,0,1.20397,1,5.7663,60,60,5.68881,569,0.997446
E3-Strict-p030,40.8959,212,212,RLPolicy,0,0,0,0,1.20397,1,5.2459,76,76,5.14958,569,0.994892
E3-Strict-p030,40.9097,80,80,RLPolicy,0,0,0,0,1.20397,1,8.53152,86,86,8.40485,571,1
E3-Strict-p030,40.9144,240,240,RLPolicy,0,0,0,0,1.20397,1,4.45023,34,34,4.39155,571,1
E3-Strict-p030,40.9149,409,409,RLPolicy,0,0,0,0,1.20397,1,6.60297,2,2,6.55645,571,1
E3-Strict-p030,40.9219,203,203,RLPolicy,0,0,0,0,1.20397,1,8.02347,70,70,7.95927,571,0.994892
E3-Strict-p030,40.9294,405,405,RLPolicy,0,0,0,0,1.20397,1,4.63266,59,59,4.57609,571,1
E3-Strict-p030,40.9308,355,355,RLPolicy,0,0,0,0,1.20397,1,4.79121,26,26,4.7081,571,1
E3-Strict-p030,40.9564,325,325,RLPolicy,0,0,0,0,1.20397,1,4.28918,91,91,4.22518,571,0.997446
E3-Strict-p030,40.9569,149,149,RLPolicy,0,0,0,0,1.20397,1,5.18222,104,104,5.08613,571,1
E3-Strict-p030,40.9654,40,40,RLPolicy,0,0,0,0,1.20397,1,4.32008,59,59,4.26503,571,0.999385
E3-Strict-p030,40.9679,56,56,RLPolicy,0,0,0,0,1.20397,1,4.31229,45,45,4.10896,571,1
E3-Strict-p030,40.97,356,60,RLPolicy,1,1,0.0832526,0.693147,1.20397,3,4.90483,121,143,4.66748,571,0.997446
E3-Strict-p030,40.978,117,351,RLPolicy,1,1,0.0395877,0.693147,1.20397,3,4.63659,69,111,4.39734,571,0.997446
E3-Strict-p030,40.9785,208,208,RLPolicy,0,0,0,0,1.20397,1,4.89794,18,18,4.81812,571,1
E3-Strict-p030,40.98,218,218,RLPolicy,0,0,0,0,1.20397,1,5.13912,83,83,5.06074,571,1
E3-Strict-p030,40.9819,247,247,RLPolicy,0,0,0,0,1.20397,1,4.38901,56,56,4.33041,571,1
E3-Strict-p030,40.986,205,205,RLPolicy,0,0,0,0,1.20397,1,5.04832,65,65,4.96608,571,1
E3-Strict-p030,40.9971,301,301,RLPolicy,0,0,0,0,1.20397,1,3.82148,14,14,3.77423,571,1
E3-Strict-p030,41.0027,322,322,RLPolicy,0,0,0,0,1.20397,1,4.42892,23,23,4.36783,571,1
E3-Strict-p030,41.0064,166,166,RLPolicy,0,0,0,0,1.20397,1,3.75331,48,48,3.68644,571,1
E3-Strict-p030,41.0123,310,310,RLPolicy,0,0,0,0,1.20397,1,4.17644,47,47,4.12132,571,1
E3-Strict-p030,41.0125,161,161,RLPolicy,0,0,0,0,1.20397,1,4.64799,61,61,4.58678,571,1
E3-Strict-p030,41.0198,389,389,RLPolicy,0,0,0,0,1.20397,1,4.36935,11,11,4.32002,571,1
E3-Strict-p030,41.0227,362,362,RLPolicy,0,0,0,0,1.20397,1,5.49331,42,42,5.39051,571,1
E3-Strict-p030,41.0259,150,150,RLPolicy,0,0,0,0,1.20397,1,4.64913,66,66,4.58501,571,0.997446
E3-Strict-p030,41.0289,220,220,RLPolicy,0,0,0,0,1.20397,1,5.64398,53,53,5.5205,571,0.997446
E3-Strict-p030,41.0345,196,196,RLPolicy,0,0,0,0,1.20397,1,5.59017,35,35,5.48181,571,1
E3-Strict-p030,41.0358,116,116,RLPolicy,0,0,0,0,1.20397,1,5.04286,40,40,4.97348,571,0.994892
E3-Strict-p030,41.0403,302,302,RLPolicy,0,0,0,0,1.20397,1,4.25035,61,61,4.18864,571,0.997446
E3-Strict-p030,41.045,177,177,RLPolicy,0,0,0,0,1.20397,1,4.2329,63,63,4.17734,571,1
E3-Strict-p030,41.046,323,323,RLPolicy,0,0,0,0,1.20397,1,4.53741,40,40,4.44975,571,1
E3-Strict-p030,41.0475,381,381,RLPolicy,0,0,0,0,1.20397,1,4.4917,82,82,4.42945,571,1
E3-Strict-p030,41.0486,343,343,RLPolicy,0,0,0,0,1.20397,1,7.01222,61,61,6.89298,571,1
E3-Strict-p030,41.0512,180,180,RLPolicy,0,0,0,0,1.20397,1,4.05901,34,34,3.98746,571,1
E3-Strict-p030,41.0514,320,320,RLPolicy,0,0,0,0,1.20397,1,3.95505,15,15,3.89674,571,1
E3-Strict-p030,41.0587,20,309,RLPolicy,1,1,0.0346569,0.693147,1.20397,3,5.04178,139,171,4.84791,571,0.994276
E3-Strict-p030,41.0596,397,74,RLPolicy,1,1,0.0945883,0.693147,1.20397,3,5.0463,112,141,4.87125,571,0.994892
E3-Strict-p030,41.06,3,3,RLPolicy,0,0,0,0,1.20397,1,5.38275,42,42,5.2708,571,0.997446
E3-Strict-p030,41.0602,19,19,RLPolicy,0,0,0,0,1.20397,1,4.80744,59,59,4.7248,571,1
E3-Strict-p030,41.074,390,390,RLPolicy,0,0,0,0,1.20397,1,4.96852,86,86,4.88861,571,1
E3-Strict-p030,41.083,377,254,RLPolicy,1,1,0.0903517,0.693147,1.20397,3,4.7308,114,120,4.57576,571,0.997446
E3-Strict-p030,41.0895,45,45,RLPolicy,0,0,0,0,1.20397,1,4.01195,16,16,3.95661,571,0.997446
E3-Strict-p030,41.092,111,111,RLPolicy,0,0,0,0,1.20397,1,6.28059,89,89,6.20732,571,1
E3-Strict-p030,41.0993,46,46,RLPolicy,0,0,0,0,1.20397,1,4.61858,52,52,4.54816,571,0.996831
E3-Strict-p030,41.1068,249,249,RLPolicy,0,0,0,0,1.20397,1,4.31647,35,35,4.25661,571,1
E3-Strict-p030,41.1089,209,209,RLPolicy,0,0,0,0,1.20397,1,4.79275,4,4,4.73174,571,1
E3-Strict-p030,41.1136,43,43,RLPolicy,0,0,0,0,1.20397,1,5.62274,80,80,5.54535,571,1
E3-Strict-p030,41.1179,179,179,RLPolicy,0,0,0,0,1.20397,1,5.08465,93,93,4.97645,2,1
E3-Strict-p030,41.1218,290,290,RLPolicy,0,0,0,0,1.20397,1,4.78928,73,73,4.69831,571,1
E3-Strict-p030,41.1233,347,347,RLPolicy,0,0,0,0,1.20397,1,5.40686,38,38,5.30783,571,1
E3-Strict-p030,41.1283,378,378,RLPolicy,0,0,0,0,1.20397,1,5.20995,91,91,5.09788,571,1
E3-Strict-p030,41.1314,145,223,RLPolicy,1,1,0.0383249,0.693147,1.20397,3,5.19291,120,138,4.95834,571,0.994892
E3-Strict-p030,41.1354,340,340,RLPolicy,0,0,0,0,1.20397,1,4.91482,78,78,4.84218,571,1
E3-Strict-p030,41.1394,12,12,RLPolicy,0,0,0,0,1.20397,1,5.33147,74,74,5.17333,571,0.987229
E3-Strict-p030,41.1442,371,371,RLPolicy,0,0,0,0,1.20397,1,4.75178,31,31,4.69247,571,1
E3-Strict-p030,41.1454,63,63,RLPolicy,0,0,0,0,1.20397,1,4.16867,46,46,4.09177,571,0.997446
E3-Strict-p030,41.1508,81,81,RLPolicy,0,0,0,0,1.20397,1,5.21401,30,30,5.10866,571,0.997446
E3-Strict-p030,41.16,178,178,RLPolicy,0,0,0,0,1.20397,1,4.08425,16,16,4.01994,571,0.997446
E3-Strict-p030,41.1626,25,25,RLPolicy,0,0,0,0,1.20397,1,6.41355,49,49,6.34447,571,0.996215
E3-Strict-p030,41.1668,308,308,RLPolicy,0,0,0,0,1.20397,1,4.26295,15,15,4.20057,571,1
E3-Strict-p030,41.174,421,421,RLPolicy,0,0,0,0,1.20397,1,4.98677,70,70,4.93221,571,1
E3-Strict-p030,41.1741,264,264,RLPolicy,0,0,0,0,1.20397,1,3.76138,22,22,3.71456,571,1
E3-Strict-p030,41.1834,312,312,RLPolicy,0,0,0,0,1.20397,1,3.68246,31,31,3.62152,2,1
E3-Strict-p030,41.1871,416,416,RLPolicy,0,0,0,0,1.20397,1,5.42733,73,73,5.36701,571,1
E3-Strict-p030,41.1908,386,386,RLPolicy,0,0,0,0,1.20397,1,3.72303,51,51,3.67299,571,1
E3-Strict-p030,41.1995,103,103,RLPolicy,0,0,0,0,1.20397,1,3.99852,72,72,3.94684,571,1
E3-Strict-p030,41.1999,244,244,RLPolicy,0,0,0,0,1.20397,1,4.17194,63,63,4.0457,2,0.997446
E3-Strict-p030,41.2047,105,105,RLPolicy,0,0,0,0,1.20397,1,3.65791,68,68,3.61431,571,1
E3-Strict-p030,41.2053,76,76,RLPolicy,0,0,0,0,1.20397,1,6.56639,94,94,6.37051,571,1
E3-Strict-p030,41.2056,210,210,RLPolicy,0,0,0,0,1.20397,1,4.91848,10,10,4.84574,571,1
E3-Strict-p030,41.2063,107,107,RLPolicy,0,0,0,0,1.20397,1,4.23714,76,76,4.14959,571,0.992338
E3-Strict-p030,41.2079,357,357,RLPolicy,0,0,0,0,1.20397,1,5.24133,8,8,5.15323,571,1
E3-Strict-p030,41.2104,245,245,RLPolicy,0,0,0,0,1.20397,1,4.61969,62,62,4.55249,571,0.994892
E3-Strict-p030,41.2106,172,172,RLPolicy,0,0,0,0,1.20397,1,6.75124,97,97,6.67226,571,0.992338
E3-Strict-p030,41.2193,336,292,RLPolicy,1,1,0.0851421,0.693147,1.20397,3,5.43548,118,148,5.21382,571,0.994892
E3-Strict-p030,41.2211,147,147,RLPolicy,0,0,0,0,1.20397,1,5.01149,75,75,4.93332,571,1
E3-Strict-p030,41.2216,174,174,RLPolicy,0,0,0,0,1.20397,1,4.65577,70,70,4.58938,571,1
E3-Strict-p030,41.2218,112,462,RLPolicy,1,1,0.0388023,0.693147,1.20397,3,4.91287,176,184,4.67756,571,0.997446
E3-Strict-p030,41.225,225,225,RLPolicy,0,0,0,0,1.20397,1,5.63034,59,59,5.53885,571,0.997446
E3-Strict-p030,41.2259,54,54,RLPolicy,0,0,0,0,1.20397,1,3.78891,6,6,3.73853,571,1
E3-Strict-p030,41.2315,38,38,RLPolicy,0,0,0,0,1.20397,1,7.01499,56,56,6.86163,571,1
E3-Strict-p030,41.2336,410,410,RLPolicy,0,0,0,0,1.20397,1,4.64771,12,12,4.58392,571,1
E3-Strict-p030,41.2348,280,280,RLPolicy,0,0,0,0,1.20397,1,4.30406,1,1,4.20064,571,1
E3-Strict-p030,41.2361,335,335,RLPolicy,0,0,0,0,1.20397,1,4.1758,44,44,4.12223,571,1
E3-Strict-p030,41.237,66,66,RLPolicy,0,0,0,0,1.20397,1,4.10467,63,63,4.03868,571,1
E3-Strict-p030,41.2391,370,370,RLPolicy,0,0,0,0,1.20397,1,4.62166,69,69,4.55621,571,1
E3-Strict-p030,41.2402,392,392,RLPolicy,0,0,0,0,1.20397,1,4.32423,89,89,4.26917,571,1
E3-Strict-p030,41.242,50,295,RLPolicy,1,1,0.0432837,0.693147,1.20397,3,5.24883,87,154,4.89422,571,0.997446
E3-Strict-p030,41.2423,52,52,RLPolicy,0,0,0,0,1.20397,1,4.41984,59,59,4.36866,571,0.998769
E3-Strict-p030,41.2432,190,190,RLPolicy,0,0,0,0,1.20397,1,4.2797,63,63,4.21559,571,0.997446
E3-Strict-p030,41.247,114,114,RLPolicy,0,0,0,0,1.20397,1,3.62974,7,7,3.58319,571,1
E3-Strict-p030,41.2499,368,368,RLPolicy,0,0,0,0,1.20397,1,4.52219,45,45,4.45848,571,0.997446
E3-Strict-p030,41.2578,380,380,RLPolicy,0,0,0,0,1.20397,1,4.09033,15,15,4.01376,571,0.997446
E3-Strict-p030,41.2636,39,39,RLPolicy,0,0,0,0,1.20397,1,6.07247,60,60,5.88873,571,0.997446
E3-Strict-p030,41.2692,152,152,RLPolicy,0,0,0,0,1.20397,1,5.14736,35,35,5.05418,571,1
E3-Strict-p030,41.2738,258,237,RLPolicy,1,1,0.00242164,0.693147,1.20397,3,4.96228,117,119,4.75094,571,0.997446
E3-Strict-p030,41.2786,120,120,RLPolicy,0,0,0,0,1.20397,1,3.88674,14,14,3.75312,571,1
E3-Strict-p030,41.2872,59,59,RLPolicy,0,0,0,0,1.20397,1,4.61859,21,21,4.5341,571,0.992338
E3-Strict-p030,41.2886,387,387,RLPolicy,0,0,0,0,1.20397,1,3.54664,8,8,3.50131,571,1
E3-Strict-p030,41.2954,396,396,RLPolicy,0,0,0,0,1.20397,1,4.63334,74,74,4.56397,571,1
E3-Strict-p030,41.2977,350,350,RLPolicy,0,0,0,0,1.20397,1,4.89337,59,59,4.83297,571,1
E3-Strict-p030,41.3027,429,429,RLPolicy,0,0,0,0,1.20397,1,3.78243,25,25,3.73144,572,1
E3-Strict-p030,41.3116,49,49,RLPolicy,0,0,0,0,1.20397,1,3.58358,15,15,3.52132,572,1
E3-Strict-p030,41.317,68,68,RLPolicy,0,0,0,0,1.20397,1,4.02676,17,17,3.97055,572,1
E3-Strict-p030,41.3183,406,153,RLPolicy,1,1,0.0989089,0.693147,1.20397,3,5.00026,118,123,4.77926,572,0.997446
E3-Strict-p030,41.3184,86,86,RLPolicy,0,0,0,0,1.20397,1,4.75916,16,16,4.69761,572,1
E3-Strict-p030,41.3234,109,109,RLPolicy,0,0,0,0,1.20397,1,3.96896,55,55,3.91594,572,0.997446
E3-Strict-p030,41.3296,305,305,RLPolicy,0,0,0,0,1.20397,1,4.0445,64,64,3.99511,572,1
E3-Strict-p030,41.3405,425,425,RLPolicy,0,0,0,0,1.20397,1,4.47379,60,60,4.36746,572,1
E3-Strict-p030,41.3461,418,430,RLPolicy,1,1,0.0994982,0.693147,1.20397,3,4.92075,184,190,4.74244,572,0.997446
E3-Strict-p030,41.3467,430,430,RLPolicy,0,0,0,0,1.20397,1,4.22407,41,41,4.17937,572,1
E3-Strict-p030,41.3471,1,1,RLPolicy,0,0,0,0,1.20397,1,4.09657,42,42,4.04877,572,1
E3-Strict-p030,41.3607,293,293,RLPolicy,0,0,0,0,1.20397,1,5.02778,62,62,4.90569,572,1
E3-Strict-p030,41.3654,7,7,RLPolicy,0,0,0,0,1.20397,1,4.88372,40,40,4.80294,572,1
E3-Strict-p030,41.3752,228,228,RLPolicy,0,0,0,0,1.20397,1,5.14156,1,1,5.05959,572,1
E3-Strict-p030,41.3795,214,214,RLPolicy,0,0,0,0,1.20397,1,4.77764,62,62,4.70988,572,0.997446
E3-Strict-p030,41.3911,8,8,RLPolicy,0,0,0,0,1.20397,1,4.75855,74,74,4.68477,572,0.997446
E3-Strict-p030,41.4006,151,151,RLPolicy,0,0,0,0,1.20397,1,5.03501,71,71,4.95327,573,1
E3-Strict-p030,41.4012,182,182,RLPolicy,0,0,0,0,1.20397,1,4.19181,75,75,4.12401,573,1
E3-Strict-p030,41.4064,404,404,RLPolicy,0,0,0,0,1.20397,1,3.85951,85,85,3.78947,573,1
E3-Strict-p030,41.4119,407,492,RLPolicy,1,1,0.0473163,0.693147,1.20397,3,5.38507,144,177,5.1531,573,0.997446
E3-Strict-p030,41.416,17,17,RLPolicy,0,0,0,0,1.20397,1,4.27207,76,76,4.2106,573,0.993777
E3-Strict-p030,41.4246,201,201,RLPolicy,0,0,0,0,1.20397,1,6.58795,81,81,6.5148,573,1
E3-Strict-p030,41.4255,67,179,RLPolicy,1,1,0.0454528,0.693147,1.20397,3,4.32023,130,155,4.16021,573,0.992338
E3-Strict-p030,41.4394,255,255,RLPolicy,0,0,0,0,1.20397,1,5.2561,43,43,5.18646,573,1
E3-Strict-p030,41.4535,359,139,RLPolicy,1,1,0.0844511,0.693147,1.20397,3,5.72584,70,77,5.54834,573,0.997446
E3-Strict-p030,41.4553,94,94,RLPolicy,0,0,0,0,1.20397,1,6.32761,80,80,6.23959,573,0.997446
E3-Strict-p030,41.4573,74,74,RLPolicy,0,0,0,0,1.20397,1,5.92305,61,61,5.79752,573,1
E3-Strict-p030,41.4578,326,326,RLPolicy,0,0,0,0,1.20397,1,3.98236,64,64,3.91559,573,1
E3-Strict-p030,41.4602,65,65,RLPolicy,0,0,0,0,1.20397,1,3.95936,15,15,3.90895,573,1
E3-Strict-p030,41.4684,61,61,RLPolicy,0,0,0,0,1.20397,1,5.01009,70,70,4.92992,573,0.997446
E3-Strict-p030,41.4742,331,158,RLPolicy,1,1,0.0798773,0.693147,1.20397,3,4.13339,127,131,3.97253,573,0.997446
E3-Strict-p030,41.4812,348,348,RLPolicy,0,0,0,0,1.20397,1,6.40319,86,86,6.32027,573,1
E3-Strict-p030,41.4817,48,48,RLPolicy,0,0,0,0,1.20397,1,4.8642,83,83,4.77207,573,0.997446
E3-Strict-p030,41.4905,216,216,RLPolicy,0,0,0,0,1.20397,1,5.80372,69,69,5.71063,573,1
E3-Strict-p030,41.4951,315,315,RLPolicy,0,0,0,0,1.20397,1,4.49044,35,35,4.40271,573,1
E3-Strict-p030,41.4959,298,298,RLPolicy,0,0,0,0,1.20397,1,6.14863,65,65,6.04091,573,1
E3-Strict-p030,41.499,99,99,RLPolicy,0,0,0,0,1.20397,1,5.62841,57,57,5.53606,573,1
E3-Strict-p030,41.5034,55,55,RLPolicy,0,0,0,0,1.20397,1,4.03923,35,35,3.9811,573,1
E3-Strict-p030,41.5096,441,441,RLPolicy,0,0,0,0,1.20397,1,3.77633,46,46,3.72229,573,1
E3-Strict-p030,41.5143,93,93,RLPolicy,0,0,0,0,1.20397,1,9.17081,65,65,9.02607,573,1
E3-Strict-p030,41.5147,53,53,RLPolicy,0,0,0,0,1.20397,1,3.96447,75,75,3.89825,573,1
E3-Strict-p030,41.516,385,385,RLPolicy,0,0,0,0,1.20397,1,3.92736,84,84,3.86605,573,1
E3-Strict-p030,41.5175,391,140,RLPolicy,1,1,0.0923025,0.693147,1.20397,3,4.71662,128,137,4.42594,573,0.997446
E3-Strict-p030,41.5196,113,113,RLPolicy,0,0,0,0,1.20397,1,5.09255,31,31,4.95912,573,0.989783
E3-Strict-p030,41.5226,44,44,RLPolicy,0,0,0,0,1.20397,1,5.93021,53,53,5.69106,573,0.999385
E3-Strict-p030,41.5226,268,268,RLPolicy,0,0,0,0,1.20397,1,4.52041,61,61,4.45539,573,1
E3-Strict-p030,41.5267,274,274,RLPolicy,0,0,0,0,1.20397,1,5.11924,44,44,5.03201,573,0.997446
E3-Strict-p030,41.5304,0,0,RLPolicy,0,0,0,0,1.20397,1,4.49824,75,75,4.4366,573,1
E3-Strict-p030,41.5349,124,124,RLPolicy,0,0,0,0,1.20397,1,4.25595,70,70,4.18006,573,0.997446
E3-Strict-p030,41.5365,186,186,RLPolicy,0,0,0,0,1.20397,1,4.44495,70,70,4.36855,573,1
E3-Strict-p030,41.546,169,169,RLPolicy,0,0,0,0,1.20397,1,4.53543,83,83,4.4574,573,0.992338
E3-Strict-p030,41.547,91,91,RLPolicy,0,0,0,0,1.20397,1,6.00653,60,60,5.9113,573,0.997446
E3-Strict-p030,41.5542,273,273,RLPolicy,0,0,0,0,1.20397,1,5.0094,98,98,4.93404,573,0.997446
E3-Strict-p030,41.5567,287,287,RLPolicy,0,0,0,0,1.20397,1,4.88322,17,17,4.81266,573,1
E3-Strict-p030,41.5606,115,115,RLPolicy,0,0,0,0,1.20397,1,4.61263,84,84,4.52108,573,1
E3-Strict-p030,41.5775,118,118,RLPolicy,0,0,0,0,1.20397,1,4.73124,111,111,4.61456,573,0.997446
E3-Strict-p030,41.5866,399,399,RLPolicy,0,0,0,0,1.20397,1,4.67398,48,48,4.60141,573,1
E3-Strict-p030,41.5875,127,127,RLPolicy,0,0,0,0,1.20397,1,10.1536,32,32,10.0722,573,0.994892
E3-Strict-p030,41.5884,361,361,RLPolicy,0,0,0,0,1.20397,1,6.74977,17,17,6.63064,573,1
E3-Strict-p030,41.5961,193,193,RLPolicy,0,0,0,0,1.20397,1,4.31876,72,72,4.21205,573,1
E3-Strict-p030,41.597,242,567,RLPolicy,1,1,0.0652623,0.693147,1.20397,3,4.70754,121,130,4.51131,573,0.994892
E3-Strict-p030,41.5972,260,260,RLPolicy,0,0,0,0,1.20397,1,5.5716,60,60,5.43016,573,1
E3-Strict-p030,41.6055,241,241,RLPolicy,0,0,0,0,1.20397,1,3.6253,14,14,3.58803,574,0.997446
E3-Strict-p030,41.6195,427,427,RLPolicy,0,0,0,0,1.20397,1,5.2022,41,41,5.13538,574,1
E3-Strict-p030,41.6262,143,143,RLPolicy,0,0,0,0,1.20397,1,5.35071,6,6,5.26477,574,1
E3-Strict-p030,41.6292,437,437,RLPolicy,0,0,0,0,1.20397,1,4.00667,44,44,3.95355,574,1
E3-Strict-p030,41.6316,253,253,RLPolicy,0,0,0,0,1.20397,1,4.9585,80,80,4.90269,574,1
E3-Strict-p030,41.6365,251,251,RLPolicy,0,0,0,0,1.20397,1,4.31519,78,78,4.25484,574,0.997446
E3-Strict-p030,41.6376,338,338,RLPolicy,0,0,0,0,1.20397,1,3.97226,70,70,3.92608,574,1
E3-Strict-p030,41.6418,133,133,RLPolicy,0,0,0,0,1.20397,1,5.55938,94,94,5.4961,574,0.991567
E3-Strict-p030,41.6516,89,89,RLPolicy,0,0,0,0,1.20397,1,6.02494,67,67,5.90068,574,0.997446
E3-Strict-p030,41.6584,311,311,RLPolicy,0,0,0,0,1.20397,1,4.8888,80,80,4.81139,574,0.997446
E3-Strict-p030,41.6637,372,372,RLPolicy,0,0,0,0,1.20397,1,5.53183,92,92,5.45664,574,1
E3-Strict-p030,41.664,360,360,RLPolicy,0,0,0,0,1.20397,1,4.42439,16,16,4.35917,574,1
E3-Strict-p030,41.6757,83,224,RLPolicy,1,1,0.0375058,0.693147,1.20397,3,5.45608,131,141,5.23137,574,0.997446
E3-Strict-p030,41.6803,60,60,RLPolicy,0,0,0,0,1.20397,1,4.64813,49,49,4.5535,574,1
E3-Strict-p030,41.6821,173,173,RLPolicy,0,0,0,0,1.20397,1,4.97972,71,71,4.89452,574,0.997446
E3-Strict-p030,41.6846,102,102,RLPolicy,0,0,0,0,1.20397,1,4.80565,43,43,4.7367,574,0.997446
E3-Strict-p030,41.685,246,246,RLPolicy,0,0,0,0,1.20397,1,4.06474,69,69,3.99555,574,1
E3-Strict-p030,41.6869,35,35,RLPolicy,0,0,0,0,1.20397,1,5.57803,57,57,5.48554,574,0.994892
E3-Strict-p030,41.6888,426,426,RLPolicy,0,0,0,0,1.20397,1,3.7718,7,7,3.72736,574,1
E3-Strict-p030,41.6944,96,96,RLPolicy,0,0,0,0,1.20397,1,5.11373,60,60,4.94527,574,1
E3-Strict-p030,41.6949,183,183,RLPolicy,0,0,0,0,1.20397,1,4.11695,28,28,4.06516,574,0.996675
E3-Strict-p030,41.6981,154,154,RLPolicy,0,0,0,0,1.20397,1,6.29299,12,12,6.14576,574,1
E3-Strict-p030,41.6998,379,379,RLPolicy,0,0,0,0,1.20397,1,5.27828,59,59,5.09855,574,0.997446
E3-Strict-p030,41.7015,267,519,RLPolicy,1,1,0.0696215,0.693147,1.20397,3,4.30804,132,154,3.89561,574,0.997446
E3-Strict-p030,41.7018,11,11,RLPolicy,0,0,0,0,1.20397,1,5.23624,17,17,5.16404,574,1
E3-Strict-p030,41.708,288,288,RLPolicy,0,0,0,0,1.20397,1,5.88992,36,36,5.79656,574,0.997446
E3-Strict-p030,41.7095,266,266,RLPolicy,0,0,0,0,1.20397,1,4.1356,69,69,4.0702,574,0.997446
E3-Strict-p030,41.7105,439,439,RLPolicy,0,0,0,0,1.20397,1,4.39759,75,75,4.32654,574,1
E3-Strict-p030,41.7179,126,126,RLPolicy,0,0,0,0,1.20397,1,4.16922,67,67,4.1083,574,0.997446
E3-Strict-p030,41.7208,284,284,RLPolicy,0,0,0,0,1.20397,1,5.80585,65,65,5.70007,574,1
E3-Strict-p030,41.7213,239,55,RLPolicy,1,1,0.0638883,0.693147,1.20397,3,3.86211,52,57,3.73705,574,0.997446
E3-Strict-p030,41.725,136,136,RLPolicy,0,0,0,0,1.20397,1,5.74741,80,80,5.65708,574,0.997446
E3-Strict-p030,41.7285,332,332,RLPolicy,0,0,0,0,1.20397,1,4.85754,48,48,4.77307,574,1
E3-Strict-p030,41.7331,108,203,RLPolicy,1,1,0.0398476,0.693147,1.20397,3,4.405,124,128,4.21081,574,0.997446
E3-Strict-p030,41.7354,257,257,RLPolicy,0,0,0,0,1.20397,1,4.52759,56,56,4.45959,574,0.997446
E3-Strict-p030,41.7398,27,27,RLPolicy,0,0,0,0,1.20397,1,4.05708,67,67,4.00019,574,1
E3-Strict-p030,41.7442,367,367,RLPolicy,0,0,0,0,1.20397,1,5.09457,75,75,5.02883,574,1
E3-Strict-p030,41.7501,106,106,RLPolicy,0,0,0,0,1.20397,1,4.38061,61,61,4.32375,574,1
E3-Strict-p030,41.7543,262,204,RLPolicy,1,1,0.0636819,0.693147,1.20397,3,5.27413,136,141,5.09042,574,0.994892
E3-Strict-p030,41.7683,73,73,RLPolicy,0,0,0,0,1.20397,1,6.20921,95,95,6.11872,574,0.997446
E3-Strict-p030,41.7693,82,38,RLPolicy,1,1,0.0329846,0.693147,1.20397,3,5.0427,190,195,4.8064,574,0.992338
E3-Strict-p030,41.7726,271,271,RLPolicy,0,0,0,0,1.20397,1,4.65569,57,57,4.58524,574,1
E3-Strict-p030,41.7745,123,123,RLPolicy,0,0,0,0,1.20397,1,4.81417,39,39,4.7276,574,0.997446
E3-Strict-p030,41.7892,234,234,RLPolicy,0,0,0,0,1.20397,1,5.22881,51,51,5.14279,574,0.997446
E3-Strict-p030,41.7909,131,131,RLPolicy,0,0,0,0,1.20397,1,4.63883,43,43,4.56186,574,0.997446
E3-Strict-p030,41.7917,275,275,RLPolicy,0,0,0,0,1.20397,1,4.99369,95,95,4.91141,574,1
E3-Strict-p030,41.7932,440,440,RLPolicy,0,0,0,0,1.20397,1,4.33579,25,25,4.24095,574,1
E3-Strict-p030,41.7944,300,300,RLPolicy,0,0,0,0,1.20397,1,4.85377,26,26,4.78028,574,0.997446
E3-Strict-p030,41.7966,352,352,RLPolicy,0,0,0,0,1.20397,1,4.95357,52,52,4.87088,574,1
E3-Strict-p030,41.802,434,434,RLPolicy,0,0,0,0,1.20397,1,4.67145,62,62,4.61182,573,1
E3-Strict-p030,41.8046,333,333,RLPolicy,0,0,0,0,1.20397,1,3.81735,92,92,3.76049,573,1
E3-Strict-p030,41.8192,252,252,RLPolicy,0,0,0,0,1.20397,1,3.92069,72,72,3.85976,573,1
E3-Strict-p030,41.8206,98,136,RLPolicy,1,1,0.0369337,0.693147,1.20397,3,5.17812,118,121,4.97793,573,0.997446
E3-Strict-p030,41.8213,364,364,RLPolicy,0,0,0,0,1.20397,1,4.16216,11,11,4.1145,573,0.997446
E3-Strict-p030,41.8215,428,428,RLPolicy,0,0,0,0,1.20397,1,3.74336,18,18,3.69144,573,1
E3-Strict-p030,41.8236,5,5,RLPolicy,0,0,0,0,1.20397,1,4.55348,71,71,4.46204,573,0.993365
E3-Strict-p030,41.8346,92,92,RLPolicy,0,0,0,0,1.20397,1,4.85174,26,26,4.76747,573,1
E3-Strict-p030,41.8383,217,217,RLPolicy,0,0,0,0,1.20397,1,5.10005,53,53,5.02818,573,1
E3-Strict-p030,41.8393,128,416,RLPolicy,1,1,0.0409242,0.693147,1.20397,3,5.32436,156,172,4.98066,573,0.997446
E3-Strict-p030,41.847,184,184,RLPolicy,0,0,0,0,1.20397,1,5.09165,59,59,5.00279,573,0.994892
E3-Strict-p030,41.8562,22,22,RLPolicy,0,0,0,0,1.20397,1,4.33521,62,62,4.27758,573,1
E3-Strict-p030,41.8632,34,257,RLPolicy,1,1,0.0319868,0.693147,1.20397,3,5.6591,157,170,5.4043,573,0.992338
E3-Strict-p030,41.8635,162,162,RLPolicy,0,0,0,0,1.20397,1,4.77977,33,33,4.70854,573,1
E3-Strict-p030,41.87,138,222,RLPolicy,1,1,0.0355169,0.693147,1.20397,3,5.45634,154,173,5.24742,573,0.994892
E3-Strict-p030,41.8787,254,254,RLPolicy,0,0,0,0,1.20397,1,4.31841,74,74,4.25957,573,0.997446
E3-Strict-p030,41.8791,58,58,RLPolicy,0,0,0,0,1.20397,1,5.65511,77,77,5.53035,573,0.989168
E3-Strict-p030,41.8833,168,168,RLPolicy,0,0,0,0,1.20397,1,4.86699,93,93,4.75557,2,1
E3-Strict-p030,41.8863,269,269,RLPolicy,0,0,0,0,1.20397,1,4.64291,44,44,4.54571,573,1
E3-Strict-p030,41.8973,230,230,RLPolicy,0,0,0,0,1.20397,1,4.09304,10,10,4.0248,573,1
E3-Strict-p030,41.9075,318,318,RLPolicy,0,0,0,0,1.20397,1,4.51505,1,1,4.4486,574,1
E3-Strict-p030,41.9181,286,286,RLPolicy,0,0,0,0,1.20397,1,5.74418,22,22,5.68122,574,1
E3-Strict-p030,41.9225,316,242,RLPolicy,1,1,0.0785297,0.693147,1.20397,3,4.52522,110,122,4.31302,574,0.997446
E3-Strict-p030,41.9248,204,204,RLPolicy,0,0,0,0,1.20397,1,4.63143,78,78,4.52339,574,1
E3-Strict-p030,41.928,155,155,RLPolicy,0,0,0,0,1.20397,1,5.04911,67,67,4.97551,574,0.997446
E3-Strict-p030,41.9301,432,432,RLPolicy,0,0,0,0,1.20397,1,5.12654,50,50,5.04772,574,1
E3-Strict-p030,41.9403,181,181,RLPolicy,0,0,0,0,1.20397,1,3.90094,12,12,3.84615,574,1
E3-Strict-p030,41.95,414,414,RLPolicy,0,0,0,0,1.20397,1,4.60794,73,73,4.53306,574,1
E3-Strict-p030,41.9534,424,424,RLPolicy,0,0,0,0,1.20397,1,4.84555,61,61,4.7724,574,1
E3-Strict-p030,41.9546,295,295,RLPolicy,0,0,0,0,1.20397,1,6.43142,70,70,6.35851,574,0.994892
E3-Strict-p030,41.9613,342,342,RLPolicy,0,0,0,0,1.20397,1,5.14979,92,92,5.05139,574,1
E3-Strict-p030,41.9666,395,395,RLPolicy,0,0,0,0,1.20397,1,5.4432,91,91,5.36616,574,1
E3-Strict-p030,41.9719,41,41,RLPolicy,0,0,0,0,1.20397,1,6.48247,88,88,6.39138,574,1
E3-Strict-p030,41.9791,304,304,RLPolicy,0,0,0,0,1.20397,1,5.14587,61,61,5.07352,574,1
E3-Strict-p030,41.981,187,187,RLPolicy,0,0,0,0,1.20397,1,4.57316,51,51,4.51379,574,1
E3-Strict-p030,41.9815,69,69,RLPolicy,0,0,0,0,1.20397,1,4.35847,62,62,4.30006,574,1
E3-Strict-p030,41.9821,42,42,RLPolicy,0,0,0,0,1.20397,1,4.77455,26,26,4.68788,574,0.997446
E3-Strict-p030,41.9879,144,144,RLPolicy,0,0,0,0,1.20397,1,4.76165,69,69,4.6867,574,0.997446
E3-Strict-p030,42.002,229,229,RLPolicy,0,0,0,0,1.20397,1,4.95115,72,72,4.86411,574,0.997446
E3-Strict-p030,42.0034,412,502,RLPolicy,1,1,0.0968251,0.693147,1.20397,3,4.63198,156,158,4.45974,574,0.997446
E3-Strict-p030,42.0054,194,194,RLPolicy,0,0,0,0,1.20397,1,4.57995,87,87,4.53374,574,0.992338
E3-Strict-p030,42.0119,30,30,RLPolicy,0,0,0,0,1.20397,1,4.40036,41,41,4.34655,574,1
E3-Strict-p030,42.0153,21,170,RLPolicy,1,1,0.0346042,1.08091,1.20397,4,4.77086,213,217,4.54411,574,0.9951
E3-Strict-p030,42.0171,24,24,RLPolicy,0,0,0,0,1.20397,1,4.65684,50,50,4.59947,574,0.997446
E3-Strict-p030,42.0191,10,10,RLPolicy,0,0,0,0,1.20397,1,5.74357,14,14,5.50948,574,0.995919
E3-Strict-p030,42.0214,256,256,RLPolicy,0,0,0,0,1.20397,1,3.55883,9,9,3.51416,574,0.997446
E3-Strict-p030,42.0261,198,198,RLPolicy,0,0,0,0,1.20397,1,4.30775,30,30,4.24933,574,1
E3-Strict-p030,42.0273,2,2,RLPolicy,0,0,0,0,1.20397,1,4.77754,55,55,4.7201,574,0.999385
E3-Strict-p030,42.0327,317,317,RLPolicy,0,0,0,0,1.20397,1,4.96895,89,89,4.86983,574,1
E3-Strict-p030,42.0348,4,4,RLPolicy,0,0,0,0,1.20397,1,4.36545,17,17,4.29944,574,1
E3-Strict-p030,42.0354,369,369,RLPolicy,0,0,0,0,1.20397,1,4.9714,12,12,4.8763,574,1
E3-Strict-p030,42.0396,29,29,RLPolicy,0,0,0,0,1.20397,1,5.25443,37,37,5.18948,574,0.997858
E3-Strict-p030,42.0461,165,439,RLPolicy,1,1,0.0426482,0.693147,1.20397,3,6.11213,96,126,5.78113,574,0.994892
E3-Strict-p030,42.0519,64,64,RLPolicy,0,0,0,0,1.20397,1,4.85767,73,73,4.76678,574,1
E3-Strict-p030,42.0545,383,383,RLPolicy,0,0,0,0,1.20397,1,5.48695,15,15,5.41274,574,1
E3-Strict-p030,42.0551,445,445,RLPolicy,0,0,0,0,1.20397,1,8.79528,60,60,8.71776,574,1
E3-Strict-p030,42.0559,388,388,RLPolicy,0,0,0,0,1.20397,1,4.27727,24,24,4.21621,574,1
E3-Strict-p030,42.058,207,207,RLPolicy,0,0,0,0,1.20397,1,4.48459,60,60,4.41377,574,1
E3-Strict-p030,42.0581,139,139,RLPolicy,0,0,0,0,1.20397,1,4.34056,52,52,4.28447,574,1
E3-Strict-p030,42.0703,394,394,RLPolicy,0,0,0,0,1.20397,1,4.51553,59,59,4.45163,574,1
E3-Strict-p030,42.0802,289,289,RLPolicy,0,0,0,0,1.20397,1,4.71915,10,10,4.63778,574,1
E3-Strict-p030,42.0883,299,299,RLPolicy,0,0,0,0,1.20397,1,5.11684,66,66,5.02803,574,0.997446
E3-Strict-p030,42.0931,442,442,RLPolicy,0,0,0,0,1.20397,1,4.87404,60,60,4.79478,574,1
E3-Strict-p030,42.0981,211,211,RLPolicy,0,0,0,0,1.20397,1,4.16593,48,48,4.10422,574,1
E3-Strict-p030,42.0981,129,129,RLPolicy,0,0,0,0,1.20397,1,6.05298,25,25,5.99246,574,1
E3-Strict-p030,42.1025,75,75,RLPolicy,0,0,0,0,1.20397,1,4.15658,63,63,4.09916,572,1
E3-Strict-p030,42.1044,450,450,RLPolicy,0,0,0,0,1.20397,1,5.01,53,53,4.95067,572,1
E3-Strict-p030,42.1079,321,321,RLPolicy,0,0,0,0,1.20397,1,3.72017,11,11,3.63657,2,1
E3-Strict-p030,42.1207,57,57,RLPolicy,0,0,0,0,1.20397,1,4.10073,10,10,4.04927,572,0.997446
E3-Strict-p030,42.1215,358,358,RLPolicy,0,0,0,0,1.20397,1,8.4206,65,65,8.34439,572,1
E3-Strict-p030,42.1282,148,148,RLPolicy,0,0,0,0,1.20397,1,7.74106,3,3,7.66787,572,1
E3-Strict-p030,42.1384,283,283,RLPolicy,0,0,0,0,1.20397,1,5.07405,65,65,4.98761,572,1
E3-Strict-p030,42.1603,384,384,RLPolicy,0,0,0,0,1.20397,1,6.30734,61,61,6.23062,572,1
E3-Strict-p030,42.168,282,282,RLPolicy,0,0,0,0,1.20397,1,4.6961,89,89,4.62171,572,0.994892
E3-Strict-p030,42.1691,130,130,RLPolicy,0,0,0,0,1.20397,1,3.94442,18,18,3.88693,572,1
E3-Strict-p030,42.1793,110,110,RLPolicy,0,0,0,0,1.20397,1,4.54818,11,11,4.48929,572,1
E3-Strict-p030,42.1831,403,403,RLPolicy,0,0,0,0,1.20397,1,4.65799,59,59,4.54633,572,1
E3-Strict-p030,42.1834,31,31,RLPolicy,0,0,0,0,1.20397,1,4.37528,70,70,4.31259,572,0.997446
E3-Strict-p030,42.1837,185,185,RLPolicy,0,0,0,0,1.20397,1,4.34761,52,52,4.29463,572,1
E3-Strict-p030,42.1952,344,344,RLPolicy,0,0,0,0,1.20397,1,4.31721,11,11,4.21702,572,1
E3-Strict-p030,42.1987,365,365,RLPolicy,0,0,0,0,1.20397,1,4.79171,28,28,4.71626,572,1
E3-Strict-p030,42.2045,202,202,RLPolicy,0,0,0,0,1.20397,1,3.69234,57,57,3.64161,575,1
E3-Strict-p030,42.2066,375,158,RLPolicy,1,1,0.0890835,0.693147,1.20397,3,5.3697,132,136,5.13087,575,0.997446
E3-Strict-p030,42.2083,167,167,RLPolicy,0,0,0,0,1.20397,1,5.04628,66,66,4.95797,575,0.994892
E3-Strict-p030,42.2109,33,33,RLPolicy,0,0,0,0,1.20397,1,4.5734,58,58,4.47189,575,1
E3-Strict-p030,42.2113,307,307,RLPolicy,0,0,0,0,1.20397,1,6.72197,61,61,6.65397,575,1
E3-Strict-p030,42.2142,337,337,RLPolicy,0,0,0,0,1.20397,1,3.75761,25,25,3.7115,575,1
E3-Strict-p030,42.2147,219,219,RLPolicy,0,0,0,0,1.20397,1,4.28639,61,61,4.22066,575,1
E3-Strict-p030,42.2149,156,156,RLPolicy,0,0,0,0,1.20397,1,5.54187,95,95,5.43501,575,1
E3-Strict-p030,42.225,313,313,RLPolicy,0,0,0,0,1.20397,1,5.79929,77,77,5.68076,575,1
E3-Strict-p030,42.2286,328,328,RLPolicy,0,0,0,0,1.20397,1,4.64676,42,42,4.58577,575,1
E3-Strict-p030,42.2357,71,71,RLPolicy,0,0,0,0,1.20397,1,3.6359,15,15,3.59376,575,1
E3-Strict-p030,42.2389,238,238,RLPolicy,0,0,0,0,1.20397,1,4.86089,12,12,4.78074,575,1
E3-Strict-p030,42.2418,70,224,RLPolicy,1,1,0.0285642,0.693147,1.20397,3,6.15577,114,118,5.98893,575,0.997446
E3-Strict-p030,42.2481,296,251,RLPolicy,1,1,0.0739928,0.693147,1.20397,3,5.38318,105,116,5.19403,575,0.997446
E3-Strict-p030,42.2501,176,176,RLPolicy,0,0,0,0,1.20397,1,5.83823,4,4,5.7479,575,1
E3-Strict-p030,42.2538,125,125,RLPolicy,0,0,0,0,1.20397,1,4.69617,62,62,4.62331,575,1
E3-Strict-p030,42.2636,84,84,RLPolicy,0,0,0,0,1.20397,1,6.35361,77,77,6.20943,575,0.997446
E3-Strict-p030,42.2726,419,419,RLPolicy,0,0,0,0,1.20397,1,4.73324,53,53,4.64114,1,1
E3-Strict-p030,42.274,294,294,RLPolicy,0,0,0,0,1.20397,1,5.17227,61,61,5.1111,575,1
E3-Strict-p030,42.2765,411,411,RLPolicy,0,0,0,0,1.20397,1,4.50402,14,14,4.45749,575,1
E3-Strict-p030,42.2779,231,231,RLPolicy,0,0,0,0,1.20397,1,6.58069,96,96,6.46387,575,0.997446
E3-Strict-p030,42.2965,250,250,RLPolicy,0,0,0,0,1.20397,1,4.21447,70,70,4.15228,575,1
E3-Strict-p030,42.2985,285,285,RLPolicy,0,0,0,0,1.20397,1,4.19574,52,52,4.11633,575,0.997446
E3-Strict-p030,42.302,87,87,RLPolicy,0,0,0,0,1.20397,1,5.69585,74,74,5.58928,575,0.997446
E3-Strict-p030,42.3072,276,276,RLPolicy,0,0,0,0,1.20397,1,5.23834,59,59,5.14286,575,1
E3-Strict-p030,42.3166,104,104,RLPolicy,0,0,0,0,1.20397,1,9.67173,81,81,9.52504,575,0.992338
E3-Strict-p030,42.3173,339,339,RLPolicy,0,0,0,0,1.20397,1,4.47411,71,71,4.40212,575,1
E3-Strict-p030,42.3207,351,351,RLPolicy,0,0,0,0,1.20397,1,4.36354,59,59,4.3008,575,1
E3-Strict-p030,42.3243,402,402,RLPolicy,0,0,0,0,1.20397,1,4.85469,63,63,4.78536,575,0.997446
E3-Strict-p030,42.3245,23,23,RLPolicy,0,0,0,0,1.20397,1,4.21823,72,72,4.16883,575,1
E3-Strict-p030,42.3271,195,195,RLPolicy,0,0,0,0,1.20397,1,4.59724,62,62,4.51636,575,0.992338
E3-Strict-p030,42.3289,77,77,RLPolicy,0,0,0,0,1.20397,1,4.91318,62,62,4.84738,575,1
E3-Strict-p030,42.3292,292,292,RLPolicy,0,0,0,0,1.20397,1,8.59135,70,70,8.48521,575,1
E3-Strict-p030,42.3318,224,224,RLPolicy,0,0,0,0,1.20397,1,5.95091,25,25,5.79612,575,0.997446
E3-Strict-p030,42.3412,79,79,RLPolicy,0,0,0,0,1.20397,1,5.19658,64,64,5.02486,575,0.997446
E3-Strict-p030,42.3419,32,551,RLPolicy,1,1,0.0359523,0.387766,1.20397,3,4.89443,65,176,4.57509,575,0.995304
E3-Strict-p030,42.3441,37,37,RLPolicy,0,0,0,0,1.20397,1,4.58086,11,11,4.52474,575,1
E3-Strict-p030,42.3624,297,297,RLPolicy,0,0,0,0,1.20397,1,5.85586,58,58,5.76224,575,0.997446
E3-Strict-p030,42.3647,309,309,RLPolicy,0,0,0,0,1.20397,1,8.44778,59,59,8.36595,575,0.997446
E3-Strict-p030,42.367,319,319,RLPolicy,0,0,0,0,1.20397,1,5.89813,32,32,5.78526,575,1
E3-Strict-p030,42.373,236,236,RLPolicy,0,0,0,0,1.20397,1,5.32717,61,61,5.08618,2,1
E3-Strict-p030,42.3751,373,373,RLPolicy,0,0,0,0,1.20397,1,5.29776,33,33,5.21752,575,1
E3-Strict-p030,42.3826,157,157,RLPolicy,0,0,0,0,1.20397,1,5.98204,20,20,5.87817,575,0.997446
E3-Strict-p030,42.3841,170,170,RLPolicy,0,0,0,0,1.20397,1,7.48582,18,18,7.4165,575,0.994892
E3-Strict-p030,42.3916,270,451,RLPolicy,1,1,0.0698608,0.693147,1.20397,3,4.99833,96,114,4.80819,575,0.994892
E3-Strict-p030,42.3957,158,570,RLPolicy,1,1,0.00243536,0.693147,1.20397,3,5.75913,125,127,5.44684,575,0.994892
E3-Strict-p030,42.3998,306,306,RLPolicy,0,0,0,0,1.20397,1,5.00812,23,23,4.9144,575,0.997446
E3-Strict-p030,42.4142,261,261,RLPolicy,0,0,0,0,1.20397,1,5.58996,59,59,5.51947,576,1
E3-Strict-p030,42.4307,366,366,RLPolicy,0,0,0,0,1.20397,1,9.25187,84,84,9.16749,576,1
E3-Strict-p030,42.4308,215,215,RLPolicy,0,0,0,0,1.20397,1,4.3147,10,10,4.24812,576,1
E3-Strict-p030,42.4407,423,423,RLPolicy,0,0,0,0,1.20397,1,5.68191,43,43,5.43393,576,1
E3-Strict-p030,42.4431,354,354,RLPolicy,0,0,0,0,1.20397,1,4.73564,57,57,4.65623,576,0.997446
E3-Strict-p030,42.4504,191,191,RLPolicy,0,0,0,0,1.20397,1,4.68184,71,71,4.62359,576,1
E3-Strict-p030,42.4513,435,435,RLPolicy,0,0,0,0,1.20397,1,4.58874,13,13,4.53687,576,1
E3-Strict-p030,42.4532,28,28,RLPolicy,0,0,0,0,1.20397,1,4.77452,35,35,4.71969,576,0.997446
E3-Strict-p030,42.4538,278,278,RLPolicy,0,0,0,0,1.20397,1,4.66694,58,58,4.59369,576,1
E3-Strict-p030,42.466,400,400,RLPolicy,0,0,0,0,1.20397,1,4.04929,15,15,4.00111,576,1
E3-Strict-p030,42.4661,401,401,RLPolicy,0,0,0,0,1.20397,1,4.41615,59,59,4.3495,576,1
E3-Strict-p030,42.4663,72,72,RLPolicy,0,0,0,0,1.20397,1,3.91109,15,15,3.85839,576,0.997446
E3-Strict-p030,42.4682,197,197,RLPolicy,0,0,0,0,1.20397,1,4.09451,27,27,4.04414,576,1
E3-Strict-p030,42.4701,349,349,RLPolicy,0,0,0,0,1.20397,1,4.81854,58,58,4.73514,576,1
E3-Strict-p030,42.4737,329,329,RLPolicy,0,0,0,0,1.20397,1,4.49167,53,53,4.41182,576,1
E3-Strict-p030,42.4806,85,85,RLPolicy,0,0,0,0,1.20397,1,4.90679,11,11,4.84631,576,1
E3-Strict-p030,42.4809,18,18,RLPolicy,0,0,0,0,1.20397,1,5.47127,68,68,5.36159,576,1
E3-Strict-p030,42.4816,132,132,RLPolicy,0,0,0,0,1.20397,1,4.29146,20,20,4.22061,576,1
E3-Strict-p030,42.4885,330,330,RLPolicy,0,0,0,0,1.20397,1,4.41474,52,52,4.32407,576,1
E3-Strict-p030,42.4955,345,345,RLPolicy,0,0,0,0,1.20397,1,5.00162,62,62,4.86025,576,0.997446
E3-Strict-p030,42.501,171,171,RLPolicy,0,0,0,0,1.20397,1,5.9622,54,54,5.87454,576,1
E3-Strict-p030,42.5044,6,6,RLPolicy,0,0,0,0,1.20397,1,5.53467,43,43,5.38872,576,1
E3-Strict-p030,42.5077,281,281,RLPolicy,0,0,0,0,1.20397,1,5.41439,11,11,5.34703,576,0.997446
E3-Strict-p030,42.5099,431,431,RLPolicy,0,0,0,0,1.20397,1,7.88592,12,12,7.67634,576,1
E3-Strict-p030,42.5125,142,509,RLPolicy,1,1,0.0476302,0.693147,1.20397,3,4.92446,81,84,4.7609,576,0.997446
E3-Strict-p030,42.5148,78,78,RLPolicy,0,0,0,0,1.20397,1,4.39265,49,49,4.33699,576,0.997446
E3-Strict-p030,42.5245,233,233,RLPolicy,0,0,0,0,1.20397,1,4.8233,51,51,4.7426,576,1
E3-Strict-p030,42.5295,227,151,RLPolicy,1,1,0.0526452,0.693147,1.20397,3,5.76479,81,85,5.45333,576,0.997446
E3-Strict-p030,42.541,226,226,RLPolicy,0,0,0,0,1.20397,1,5.37453,5,5,5.27108,576,1
E3-Strict-p030,42.5592,422,422,RLPolicy,0,0,0,0,1.20397,1,4.03601,16,16,3.97188,576,1
E3-Strict-p030,42.568,188,188,RLPolicy,0,0,0,0,1.20397,1,3.84289,13,13,3.79142,576,0.997446
E3-Strict-p030,42.5684,119,119,RLPolicy,0,0,0,0,1.20397,1,4.63479,94,94,4.54669,576,0.994892
E3-Strict-p030,42.5746,353,353,RLPolicy,0,0,0,0,1.20397,1,3.66807,4,4,3.60544,576,1
E3-Strict-p030,42.5853,199,199,RLPolicy,0,0,0,0,1.20397,1,4.32204,73,73,4.24482,576,1
E3-Strict-p030,42.5902,417,417,RLPolicy,0,0,0,0,1.20397,1,4.36925,48,48,4.29686,576,1
E3-Strict-p030,42.5908,346,346,RLPolicy,0,0,0,0,1.20397,1,4.32502,11,11,4.21606,576,1
E3-Strict-p030,42.5908,146,146,RLPolicy,0,0,0,0,1.20397,1,4.7825,7,7,4.67371,576,1
E3-Strict-p030,42.5972,382,382,RLPolicy,0,0,0,0,1.20397,1,5.30209,73,73,5.23303,576,1
E3-Strict-p030,42.6015,213,213,RLPolicy,0,0,0,0,1.20397,1,4.56111,58,58,4.48301,576,0.997446
E3-Strict-p030,42.602,47,47,RLPolicy,0,0,0,0,1.20397,1,4.74243,85,85,4.67375,576,1
E3-Strict-p030,42.6026,13,13,RLPolicy,0,0,0,0,1.20397,1,4.65825,60,60,4.59936,576,0.999385
E3-Strict-p030,42.6137,223,223,RLPolicy,0,0,0,0,1.20397,1,4.33321,67,67,4.25927,576,1
E3-Strict-p030,42.6146,314,314,RLPolicy,0,0,0,0,1.20397,1,4.79055,48,48,4.70242,2,0.997446
E3-Strict-p030,42.6161,100,100,RLPolicy,0,0,0,0,1.20397,1,6.01872,48,48,5.93199,576,0.997446
E3-Strict-p030,42.6323,97,97,RLPolicy,0,0,0,0,1.20397,1,5.83454,54,54,5.76565,576,0.997446
E3-Strict-p030,42.6336,175,175,RLPolicy,0,0,0,0,1.20397,1,4.68724,13,13,4.62578,576,1
E3-Strict-p030,42.6343,327,327,RLPolicy,0,0,0,0,1.20397,1,4.21405,23,23,4.16357,576,0.997446
E3-Strict-p030,42.6379,95,95,RLPolicy,0,0,0,0,1.20397,1,5.3512,63,63,5.26285,576,0.997446
E3-Strict-p030,42.6521,90,214,RLPolicy,1,1,0.0389309,0.693147,1.20397,3,8.68751,91,93,8.36014,576,0.994892
E3-Strict-p030,42.6543,398,398,RLPolicy,0,0,0,0,1.20397,1,4.51264,51,51,4.43499,576,1
E3-Strict-p030,42.6564,341,341,RLPolicy,0,0,0,0,1.20397,1,4.01804,15,15,3.93683,576,1
E3-Strict-p030,42.6616,413,413,RLPolicy,0,0,0,0,1.20397,1,4.42205,17,17,4.34701,576,1
E3-Strict-p030,42.6686,221,221,RLPolicy,0,0,0,0,1.20397,1,5.02979,73,73,4.94604,576,0.994892
E3-Strict-p030,42.6691,376,376,RLPolicy,0,0,0,0,1.20397,1,4.97436,88,88,4.89391,576,0.997446
E3-Strict-p030,42.6751,122,122,RLPolicy,0,0,0,0,1.20397,1,5.58273,65,65,5.49854,576,1
E3-Strict-p030,42.6773,248,248,RLPolicy,0,0,0,0,1.20397,1,6.09877,47,47,6.0217,576,1
E3-Strict-p030,42.6791,263,263,RLPolicy,0,0,0,0,1.20397,1,4.10589,70,70,4.04686,576,1
E3-Strict-p030,42.6861,444,444,RLPolicy,0,0,0,0,1.20397,1,4.72963,75,75,4.65198,576,1
E3-Strict-p030,42.6879,206,206,RLPolicy,0,0,0,0,1.20397,1,4.43592,12,12,4.34758,576,1
E3-Strict-p030,42.6888,189,189,RLPolicy,0,0,0,0,1.20397,1,5.56169,54,54,5.49769,576,0.997446
E3-Strict-p030,42.6943,415,415,RLPolicy,0,0,0,0,1.20397,1,4.37168,66,66,4.30478,576,1
E3-Strict-p030,42.6947,265,265,RLPolicy,0,0,0,0,1.20397,1,4.42328,69,69,4.36476,576,0.994892
E3-Strict-p030,42.6955,449,140,RLPolicy,1,1,0.104478,0.693147,1.20397,3,4.48724,120,122,4.31669,576,0.997446
E3-Strict-p030,42.7003,140,140,RLPolicy,0,0,0,0,1.20397,1,3.97458,35,35,3.92084,576,0.997446
E3-Strict-p030,42.7049,438,438,RLPolicy,0,0,0,0,1.20397,1,5.47924,2,2,5.40635,576,1
E3-Strict-p030,42.7076,15,15,RLPolicy,0,0,0,0,1.20397,1,5.0461,24,24,4.96911,576,1
E3-Strict-p030,42.71,36,36,RLPolicy,0,0,0,0,1.20397,1,3.85044,15,15,3.80183,576,1
E3-Strict-p030,42.7118,137,330,RLPolicy,1,1,0.0347061,0.693147,1.20397,3,4.5075,28,37,4.36277,576,0.997446
E3-Strict-p030,42.7251,363,363,RLPolicy,0,0,0,0,1.20397,1,5.16735,11,11,5.00797,576,1
E3-Strict-p030,42.7291,243,243,RLPolicy,0,0,0,0,1.20397,1,5.10555,71,71,4.97148,576,1
E3-Strict-p030,42.7297,134,134,RLPolicy,0,0,0,0,1.20397,1,3.69475,8,8,3.6507,576,1
E3-Strict-p030,42.7301,433,433,RLPolicy,0,0,0,0,1.20397,1,4.50788,63,63,4.44906,576,1
E3-Strict-p030,42.7309,272,272,RLPolicy,0,0,0,0,1.20397,1,5.04511,59,59,4.91501,576,1
E3-Strict-p030,42.7337,159,159,RLPolicy,0,0,0,0,1.20397,1,5.3983,27,27,5.31819,576,0.997446
E3-Strict-p030,42.7364,141,141,RLPolicy,0,0,0,0,1.20397,1,4.35798,72,72,4.2918,576,1
E3-Strict-p030,42.7377,436,436,RLPolicy,0,0,0,0,1.20397,1,5.87085,88,88,5.77527,576,1
E3-Strict-p030,42.7478,153,417,RLPolicy,1,1,0.0519889,0.693147,1.20397,3,5.88822,100,104,5.70652,576,0.997446
E3-Strict-p030,42.7548,160,160,RLPolicy,0,0,0,0,1.20397,1,4.19422,13,13,4.0968,2,1
E3-Strict-p030,42.756,237,237,RLPolicy,0,0,0,0,1.20397,1,5.30152,48,48,5.19048,576,0.997446
E3-Strict-p030,42.7581,420,420,RLPolicy,0,0,0,0,1.20397,1,4.26911,24,24,4.19903,576,1
E3-Strict-p030,42.7581,408,408,RLPolicy,0,0,0,0,1.20397,1,5.37895,62,62,5.3015,576,1
E3-Strict-p030,42.7643,135,332,RLPolicy,1,1,0.0366328,0.693147,1.20397,3,4.76934,134,151,4.56629,576,0.992338
E3-Strict-p030,42.7716,163,163,RLPolicy,0,0,0,0,1.20397,1,6.14502,62,62,6.03245,576,1
E3-Strict-p030,42.7767,259,259,RLPolicy,0,0,0,0,1.20397,1,4.94691,66,66,4.82125,576,1
E3-Strict-p030,42.7769,277,277,RLPolicy,0,0,0,0,1.20397,1,3.8816,1,1,3.81021,576,1
E3-Strict-p030,42.7772,303,303,RLPolicy,0,0,0,0,1.20397,1,4.36959,18,18,4.3081,576,1
E3-Strict-p030,42.7786,51,51,RLPolicy,0,0,0,0,1.20397,1,5.76213,19,19,5.69589,576,1
E3-Strict-p030,42.7794,374,374,RLPolicy,0,0,0,0,1.20397,1,5.91643,48,48,5.80825,576,1
E3-Strict-p030,42.7823,88,237,RLPolicy,1,1,0.0353778,0.693147,1.20397,3,4.9446,136,141,4.74672,576,0.997446
E3-Strict-p030,42.7889,121,121,RLPolicy,0,0,0,0,1.20397,1,5.13854,10,10,5.06485,576,1
E3-Strict-p030,42.7916,291,291,RLPolicy,0,0,0,0,1.20397,1,4.49556,69,69,4.41068,576,0.994892
E3-Strict-p030,42.7959,101,101,RLPolicy,0,0,0,0,1.20397,1,5.14948,27,27,4.96105,576,0.997446
E3-Strict-p030,42.8089,232,232,RLPolicy,0,0,0,0,1.20397,1,9.00523,64,64,8.92112,576,1
E3-Strict-p030,42.8131,14,14,RLPolicy,0,0,0,0,1.20397,1,5.0782,33,33,4.99603,576,1
E3-Strict-p030,42.8149,16,16,RLPolicy,0,0,0,0,1.20397,1,4.82269,38,38,4.74831,576,1
E3-Strict-p030,42.8201,334,334,RLPolicy,0,0,0,0,1.20397,1,4.65307,79,79,4.52602,576,1
E3-Strict-p030,42.8287,9,9,RLPolicy,0,0,0,0,1.20397,1,4.43325,62,62,4.37007,576,1
E3-Strict-p030,42.8364,192,564,RLPolicy,1,1,0.0528484,0.693147,1.20397,3,4.07025,10,14,3.96595,576,0.994892
E3-Strict-p030,42.8437,393,393,RLPolicy,0,0,0,0,1.20397,1,6.46522,82,82,6.35542,576,1
E3-Strict-p030,42.8439,26,26,RLPolicy,0,0,0,0,1.20397,1,4.02986,16,16,3.96708,576,1
E3-Strict-p030,42.8562,200,200,RLPolicy,0,0,0,0,1.20397,1,5.82461,61,61,5.74589,576,0.997446
E3-Strict-p030,42.869,458,458,RLPolicy,0,0,0,0,1.20397,1,4.8617,96,96,4.7877,576,1
E3-Strict-p030,42.8736,235,235,RLPolicy,0,0,0,0,1.20397,1,5.16232,57,57,5.04903,576,1
E3-Strict-p030,42.8776,62,62,RLPolicy,0,0,0,0,1.20397,1,5.61042,55,55,5.52231,576,1
E3-Strict-p030,42.8881,222,222,RLPolicy,0,0,0,0,1.20397,1,3.98627,60,60,3.93661,576,0.997446
E3-Strict-p030,42.8959,212,212,RLPolicy,0,0,0,0,1.20397,1,3.49814,75,75,3.42933,3,0.994892
E3-Strict-p030,42.9097,80,80,RLPolicy,0,0,0,0,1.20397,1,4.52859,89,89,4.46036,578,1
E3-Strict-p030,42.9144,240,240,RLPolicy,0,0,0,0,1.20397,1,7.92649,35,35,7.84238,578,1
E3-Strict-p030,42.9149,409,409,RLPolicy,0,0,0,0,1.20397,1,3.41153,2,2,3.37247,578,1
E3-Strict-p030,42.9219,203,203,RLPolicy,0,0,0,0,1.20397,1,3.90764,73,73,3.85752,578,0.994892
E3-Strict-p030,42.9294,405,405,RLPolicy,0,0,0,0,1.20397,1,4.68918,61,61,4.57838,578,1
E3-Strict-p030,42.9308,355,355,RLPolicy,0,0,0,0,1.20397,1,4.67587,20,20,4.60854,578,1
E3-Strict-p030,42.9564,325,325,RLPolicy,0,0,0,0,1.20397,1,6.95447,91,91,6.85843,578,0.997446
E3-Strict-p030,42.9569,149,149,RLPolicy,0,0,0,0,1.20397,1,5.16772,115,115,5.08596,578,1
E3-Strict-p030,42.9579,453,453,RLPolicy,0,0,0,0,1.20397,1,6.99735,31,31,6.93237,578,1
E3-Strict-p030,42.9654,40,40,RLPolicy,0,0,0,0,1.20397,1,8.00905,58,58,7.94833,578,0.999385
E3-Strict-p030,42.9679,56,56,RLPolicy,0,0,0,0,1.20397,1,8.49636,42,42,8.38075,578,1
E3-Strict-p030,42.97,356,356,RLPolicy,0,0,0,0,1.20397,1,4.66811,74,74,4.55843,578,0.997446
E3-Strict-p030,42.978,117,117,RLPolicy,0,0,0,0,1.20397,1,7.63615,24,24,7.44717,578,0.997446
E3-Strict-p030,42.9785,208,208,RLPolicy,0,0,0,0,1.20397,1,4.40989,22,22,4.33446,578,1
E3-Strict-p030,42.98,218,218,RLPolicy,0,0,0,0,1.20397,1,4.66768,82,82,4.51345,578,1
E3-Strict-p030,42.9819,247,247,RLPolicy,0,0,0,0,1.20397,1,5.64304,58,58,5.51291,578,1
E3-Strict-p030,42.986,205,205,RLPolicy,0,0,0,0,1.20397,1,4.53189,66,66,4.46582,578,1
E3-Strict-p030,42.9971,301,301,RLPolicy,0,0,0,0,1.20397,1,4.83111,16,16,4.70533,578,1
E3-Strict-p030,43.0027,322,322,RLPolicy,0,0,0,0,1.20397,1,5.36077,24,24,5.24538,578,1
E3-Strict-p030,43.0064,166,166,RLPolicy,0,0,0,0,1.20397,1,8.4839,49,49,8.34206,578,1
E3-Strict-p030,43.0123,310,310,RLPolicy,0,0,0,0,1.20397,1,8.3386,47,47,8.2565,578,1
E3-Strict-p030,43.0125,161,10,RLPolicy,1,1,0.0665568,0.693147,1.20397,3,9.54487,109,113,9.35823,578,0.997446
E3-Strict-p030,43.0198,389,389,RLPolicy,0,0,0,0,1.20397,1,8.87989,11,11,8.62233,578,1
E3-Strict-p030,43.0227,362,362,RLPolicy,0,0,0,0,1.20397,1,4.73185,30,30,4.65305,578,1
E3-Strict-p030,43.0259,150,150,RLPolicy,0,0,0,0,1.20397,1,4.94737,66,66,4.82158,578,0.997446
E3-Strict-p030,43.0289,220,294,RLPolicy,1,1,0.066683,0.693147,1.20397,3,5.0406,121,126,4.81909,578,0.994892
E3-Strict-p030,43.0345,196,196,RLPolicy,0,0,0,0,1.20397,1,4.59619,33,33,4.50702,578,1
E3-Strict-p030,43.0358,116,116,RLPolicy,0,0,0,0,1.20397,1,9.18209,45,45,9.09892,578,0.994892
E3-Strict-p030,43.0403,302,302,RLPolicy,0,0,0,0,1.20397,1,6.16812,65,65,6.09738,578,0.997446
E3-Strict-p030,43.045,177,177,RLPolicy,0,0,0,0,1.20397,1,5.47198,61,61,5.39372,578,1
E3-Strict-p030,43.046,323,323,RLPolicy,0,0,0,0,1.20397,1,8.878,31,31,8.80394,578,1
E3-Strict-p030,43.0475,381,381,RLPolicy,0,0,0,0,1.20397,1,5.59158,84,84,5.50729,578,1
E3-Strict-p030,43.0486,343,343,RLPolicy,0,0,0,0,1.20397,1,4.54433,62,62,4.42909,578,1
E3-Strict-p030,43.0512,180,180,RLPolicy,0,0,0,0,1.20397,1,9.4902,35,35,9.40062,578,1
E3-Strict-p030,43.0514,320,320,RLPolicy,0,0,0,0,1.20397,1,6.90977,16,16,6.8364,578,1
E3-Strict-p030,43.0587,20,20,RLPolicy,0,0,0,0,1.20397,1,5.66441,90,90,5.51942,2,0.994276
E3-Strict-p030,43.0596,397,397,RLPolicy,0,0,0,0,1.20397,1,6.03804,68,68,5.90227,578,0.994892
E3-Strict-p030,43.06,3,3,RLPolicy,0,0,0,0,1.20397,1,5.09086,42,42,5.02571,578,0.997446
E3-Strict-p030,43.0602,19,19,RLPolicy,0,0,0,0,1.20397,1,5.98447,58,58,5.89227,578,1
E3-Strict-p030,43.074,390,390,RLPolicy,0,0,0,0,1.20397,1,5.88019,85,85,5.70575,578,1
E3-Strict-p030,43.083,377,377,RLPolicy,0,0,0,0,1.20397,1,6.26316,69,69,6.18436,578,0.997446
E3-Strict-p030,43.0895,45,45,RLPolicy,0,0,0,0,1.20397,1,4.48452,20,20,4.41511,578,0.997446
E3-Strict-p030,43.092,111,111,RLPolicy,0,0,0,0,1.20397,1,4.58214,95,95,4.48611,578,1
E3-Strict-p030,43.0961,446,446,RLPolicy,0,0,0,0,1.20397,1,4.95459,59,59,4.8838,578,1
E3-Strict-p030,43.0993,46,46,RLPolicy,0,0,0,0,1.20397,1,4.69701,56,56,4.6285,578,0.996831
E3-Strict-p030,43.104,448,448,RLPolicy,0,0,0,0,1.20397,1,4.08272,48,48,4.03102,579,1
E3-Strict-p030,43.1068,249,249,RLPolicy,0,0,0,0,1.20397,1,5.51533,34,34,5.38445,579,1
E3-Strict-p030,43.1089,209,209,RLPolicy,0,0,0,0,1.20397,1,4.89077,4,4,4.80294,579,1
E3-Strict-p030,43.1136,43,43,RLPolicy,0,0,0,0,1.20397,1,5.40775,86,86,5.09402,2,1
E3-Strict-p030,43.1179,179,179,RLPolicy,0,0,0,0,1.20397,1,4.5704,93,93,4.4859,3,1
E3-Strict-p030,43.1218,290,290,RLPolicy,0,0,0,0,1.20397,1,3.84936,73,73,3.8039,579,1
E3-Strict-p030,43.1233,347,347,RLPolicy,0,0,0,0,1.20397,1,4.32629,39,39,4.2712,579,1
E3-Strict-p030,43.1283,378,378,RLPolicy,0,0,0,0,1.20397,1,6.23988,97,97,6.12403,579,1
E3-Strict-p030,43.1314,145,145,RLPolicy,0,0,0,0,1.20397,1,5.00743,70,70,4.93353,579,0.994892
E3-Strict-p030,43.1354,340,340,RLPolicy,0,0,0,0,1.20397,1,4.75762,70,70,4.67809,579,1
E3-Strict-p030,43.1394,12,461,RLPolicy,1,1,0.0346322,0.693147,1.20397,3,5.09809,107,136,4.86034,579,0.984675
E3-Strict-p030,43.1442,371,371,RLPolicy,0,0,0,0,1.20397,1,4.33762,28,28,4.29379,579,1
E3-Strict-p030,43.1454,63,63,RLPolicy,0,0,0,0,1.20397,1,5.59389,49,49,5.48195,579,0.997446
E3-Strict-p030,43.1508,81,81,RLPolicy,0,0,0,0,1.20397,1,4.96498,31,31,4.71318,579,0.997446
E3-Strict-p030,43.16,178,178,RLPolicy,0,0,0,0,1.20397,1,5.88675,17,17,5.76942,579,0.997446
E3-Strict-p030,43.1626,25,25,RLPolicy,0,0,0,0,1.20397,1,5.35406,50,50,5.28047,579,0.996215
E3-Strict-p030,43.1668,308,308,RLPolicy,0,0,0,0,1.20397,1,7.3568,15,15,7.2549,579,1
E3-Strict-p030,43.174,421,421,RLPolicy,0,0,0,0,1.20397,1,4.61102,69,69,4.5412,579,1
E3-Strict-p030,43.1741,264,264,RLPolicy,0,0,0,0,1.20397,1,5.55731,19,19,5.44426,579,1
E3-Strict-p030,43.1834,312,312,RLPolicy,0,0,0,0,1.20397,1,6.06009,32,32,5.95472,579,1
E3-Strict-p030,43.1871,416,416,RLPolicy,0,0,0,0,1.20397,1,5.02982,75,75,4.93154,579,1
E3-Strict-p030,43.1908,386,386,RLPolicy,0,0,0,0,1.20397,1,5.5748,48,48,5.41803,579,1
E3-Strict-p030,43.1995,103,103,RLPolicy,0,0,0,0,1.20397,1,5.66804,71,71,5.51207,579,1
E3-Strict-p030,43.1999,244,244,RLPolicy,0,0,0,0,1.20397,1,5.29174,65,65,5.1987,579,0.997446
E3-Strict-p030,43.2047,105,105,RLPolicy,0,0,0,0,1.20397,1,6.35791,78,78,6.23729,579,1
E3-Strict-p030,43.2053,76,76,RLPolicy,0,0,0,0,1.20397,1,5.04706,96,96,4.97755,579,1
E3-Strict-p030,43.2056,210,210,RLPolicy,0,0,0,0,1.20397,1,4.02155,10,10,3.95848,579,1
E3-Strict-p030,43.2063,107,107,RLPolicy,0,0,0,0,1.20397,1,5.76787,80,80,5.68828,579,0.992338
E3-Strict-p030,43.2079,357,357,RLPolicy,0,0,0,0,1.20397,1,3.69657,8,8,3.64313,579,1
E3-Strict-p030,43.2104,245,245,RLPolicy,0,0,0,0,1.20397,1,7.73285,62,62,7.62192,579,0.994892
E3-Strict-p030,43.2106,172,172,RLPolicy,0,0,0,0,1.20397,1,4.14587,95,95,4.04829,2,0.992338
E3-Strict-p030,43.2193,336,336,RLPolicy,0,0,0,0,1.20397,1,4.46828,69,69,4.40716,579,0.994892
E3-Strict-p030,43.2211,147,147,RLPolicy,0,0,0,0,1.20397,1,4.48544,70,70,4.42299,579,1
E3-Strict-p030,43.2216,174,174,RLPolicy,0,0,0,0,1.20397,1,6.53547,71,71,6.45927,579,1
E3-Strict-p030,43.2218,112,112,RLPolicy,0,0,0,0,1.20397,1,6.27828,90,90,6.147,579,0.997446
E3-Strict-p030,43.225,225,225,RLPolicy,0,0,0,0,1.20397,1,4.72702,54,54,4.63872,579,0.997446
E3-Strict-p030,43.2259,54,54,RLPolicy,0,0,0,0,1.20397,1,5.08005,8,8,4.96974,579,1
E3-Strict-p030,43.2315,38,378,RLPolicy,1,1,0.030968,0.693147,1.20397,3,5.15831,141,172,4.87455,579,0.997446
E3-Strict-p030,43.2336,410,410,RLPolicy,0,0,0,0,1.20397,1,5.1591,10,10,5.0804,579,1
E3-Strict-p030,43.2348,280,280,RLPolicy,0,0,0,0,1.20397,1,4.21745,1,1,4.1694,579,1
E3-Strict-p030,43.2361,335,335,RLPolicy,0,0,0,0,1.20397,1,5.3019,48,48,5.21009,579,1
E3-Strict-p030,43.237,66,66,RLPolicy,0,0,0,0,1.20397,1,5.71972,62,62,5.61863,579,1
E3-Strict-p030,43.2391,370,370,RLPolicy,0,0,0,0,1.20397,1,4.64881,73,73,4.56791,579,1
E3-Strict-p030,43.2402,392,392,RLPolicy,0,0,0,0,1.20397,1,7.21591,96,96,7.09845,579,1
E3-Strict-p030,43.242,50,50,RLPolicy,0,0,0,0,1.20397,1,5.06445,83,83,4.9554,2,0.997446
E3-Strict-p030,43.2423,52,52,RLPolicy,0,0,0,0,1.20397,1,5.08588,55,55,4.97328,579,0.998769
E3-Strict-p030,43.2432,190,190,RLPolicy,0,0,0,0,1.20397,1,5.56984,66,66,5.48629,579,0.997446
E3-Strict-p030,43.2469,443,443,RLPolicy,0,0,0,0,1.20397,1,4.13716,1,1,4.08885,579,1
E3-Strict-p030,43.247,114,114,RLPolicy,0,0,0,0,1.20397,1,4.36291,13,13,4.30371,579,1
E3-Strict-p030,43.2499,368,368,RLPolicy,0,0,0,0,1.20397,1,5.47832,53,53,5.38637,579,0.997446
E3-Strict-p030,43.2564,451,451,RLPolicy,0,0,0,0,1.20397,1,4.4639,34,34,4.40824,579,1
E3-Strict-p030,43.2578,380,380,RLPolicy,0,0,0,0,1.20397,1,4.47244,15,15,4.41164,579,0.997446
E3-Strict-p030,43.2636,39,39,RLPolicy,0,0,0,0,1.20397,1,4.10984,61,61,4.04828,579,0.997446
E3-Strict-p030,43.2692,152,152,RLPolicy,0,0,0,0,1.20397,1,3.80336,34,34,3.75329,579,1
E3-Strict-p030,43.2738,258,258,RLPolicy,0,0,0,0,1.20397,1,5.61802,61,61,5.47337,579,0.997446
E3-Strict-p030,43.2769,455,455,RLPolicy,0,0,0,0,1.20397,1,3.94587,22,22,3.88937,579,1
E3-Strict-p030,43.2786,120,120,RLPolicy,0,0,0,0,1.20397,1,4.13121,15,15,4.07351,579,1
E3-Strict-p030,43.2872,59,59,RLPolicy,0,0,0,0,1.20397,1,4.66084,20,20,4.59044,2,0.992338
E3-Strict-p030,43.2886,387,387,RLPolicy,0,0,0,0,1.20397,1,5.97078,8,8,5.8342,579,1
E3-Strict-p030,43.2954,396,468,RLPolicy,1,1,0.0926451,0.693147,1.20397,3,4.82751,112,143,4.61152,579,0.997446
E3-Strict-p030,43.2977,350,350,RLPolicy,0,0,0,0,1.20397,1,4.74066,55,55,4.61623,579,1
E3-Strict-p030,43.3027,429,429,RLPolicy,0,0,0,0,1.20397,1,3.70209,22,22,3.65546,581,1
E3-Strict-p030,43.3116,49,49,RLPolicy,0,0,0,0,1.20397,1,5.89688,16,16,5.83221,581,1
E3-Strict-p030,43.317,68,188,RLPolicy,1,1,0.0255878,0.693147,1.20397,3,5.83728,26,28,5.68368,581,0.997446
E3-Strict-p030,43.3183,406,406,RLPolicy,0,0,0,0,1.20397,1,4.7511,84,84,4.68255,581,0.997446
E3-Strict-p030,43.3184,86,86,RLPolicy,0,0,0,0,1.20397,1,4.54146,18,18,4.49493,581,1
E3-Strict-p030,43.3234,109,109,RLPolicy,0,0,0,0,1.20397,1,5.19024,69,69,5.09973,581,0.997446
E3-Strict-p030,43.3296,305,355,RLPolicy,1,1,0.0862619,0.693147,1.20397,3,6.04477,111,117,5.7666,581,0.997446
E3-Strict-p030,43.3405,425,425,RLPolicy,0,0,0,0,1.20397,1,5.05647,63,63,4.9548,581,1
E3-Strict-p030,43.3461,418,418,RLPolicy,0,0,0,0,1.20397,1,4.77019,103,103,4.68445,581,0.997446
E3-Strict-p030,43.3467,430,430,RLPolicy,0,0,0,0,1.20397,1,4.79441,43,43,4.71972,581,1
E3-Strict-p030,43.3471,1,1,RLPolicy,0,0,0,0,1.20397,1,4.92726,52,52,4.85421,581,1
E3-Strict-p030,43.3607,293,448,RLPolicy,1,1,0.0745976,0.693147,1.20397,3,4.56704,83,118,4.32965,581,0.997446
E3-Strict-p030,43.3654,7,217,RLPolicy,1,1,0.0246764,1.08091,1.20397,4,4.86008,173,176,4.61518,581,0.999385
E3-Strict-p030,43.3752,228,228,RLPolicy,0,0,0,0,1.20397,1,4.16859,1,1,4.09683,581,1
E3-Strict-p030,43.3795,214,214,RLPolicy,0,0,0,0,1.20397,1,6.02723,62,62,5.86725,581,0.997446
E3-Strict-p030,43.3911,8,8,RLPolicy,0,0,0,0,1.20397,1,4.98806,72,72,4.88948,581,0.997446
E3-Strict-p030,43.4006,151,151,RLPolicy,0,0,0,0,1.20397,1,5.18765,72,72,5.08701,581,1
E3-Strict-p030,43.4012,182,182,RLPolicy,0,0,0,0,1.20397,1,5.33039,73,73,5.2328,581,1
E3-Strict-p030,43.4064,404,404,RLPolicy,0,0,0,0,1.20397,1,7.45338,83,83,7.36857,581,1
E3-Strict-p030,43.4119,407,407,RLPolicy,0,0,0,0,1.20397,1,5.98095,95,95,5.86959,581,0.997446
E3-Strict-p030,43.416,17,17,RLPolicy,0,0,0,0,1.20397,1,5.36974,75,75,5.27757,581,0.993777
E3-Strict-p030,43.4246,201,201,RLPolicy,0,0,0,0,1.20397,1,4.92977,84,84,4.84477,581,1
E3-Strict-p030,43.4255,67,67,RLPolicy,0,0,0,0,1.20397,1,5.73355,61,61,5.62738,581,0.992338
E3-Strict-p030,43.4394,255,255,RLPolicy,0,0,0,0,1.20397,1,5.64202,43,43,5.5517,581,1
E3-Strict-p030,43.4525,463,463,RLPolicy,0,0,0,0,1.20397,1,5.00632,23,23,4.89341,581,1
E3-Strict-p030,43.4535,359,359,RLPolicy,0,0,0,0,1.20397,1,4.65688,37,37,4.56681,581,0.997446
E3-Strict-p030,43.4553,94,94,RLPolicy,0,0,0,0,1.20397,1,5.15693,78,78,5.05682,581,0.997446
E3-Strict-p030,43.4573,74,74,RLPolicy,0,0,0,0,1.20397,1,5.30448,60,60,5.1909,581,1
E3-Strict-p030,43.4578,326,326,RLPolicy,0,0,0,0,1.20397,1,5.13565,69,69,5.00433,581,1
E3-Strict-p030,43.4602,65,65,RLPolicy,0,0,0,0,1.20397,1,5.38354,15,15,5.27835,581,1
E3-Strict-p030,43.4684,61,61,RLPolicy,0,0,0,0,1.20397,1,5.97029,71,71,5.83299,581,0.997446
E3-Strict-p030,43.4742,331,331,RLPolicy,0,0,0,0,1.20397,1,5.12108,68,68,5.0295,581,0.997446
E3-Strict-p030,43.4812,348,348,RLPolicy,0,0,0,0,1.20397,1,4.47712,87,87,4.36962,581,1
E3-Strict-p030,43.4817,48,48,RLPolicy,0,0,0,0,1.20397,1,6.276,85,85,6.09274,581,0.997446
E3-Strict-p030,43.4905,216,216,RLPolicy,0,0,0,0,1.20397,1,4.87425,68,68,4.79317,581,1
E3-Strict-p030,43.4951,315,315,RLPolicy,0,0,0,0,1.20397,1,5.50134,36,36,5.43509,581,1
E3-Strict-p030,43.4959,298,298,RLPolicy,0,0,0,0,1.20397,1,4.67617,66,66,4.58313,581,1
E3-Strict-p030,43.499,99,99,RLPolicy,0,0,0,0,1.20397,1,4.94152,57,57,4.83887,581,1
E3-Strict-p030,43.5034,55,55,RLPolicy,0,0,0,0,1.20397,1,8.05739,37,37,7.97759,582,1
E3-Strict-p030,43.5058,447,447,RLPolicy,0,0,0,0,1.20397,1,5.7482,60,60,5.62333,582,1
E3-Strict-p030,43.5096,441,441,RLPolicy,0,0,0,0,1.20397,1,4.67958,47,47,4.62988,582,1
E3-Strict-p030,43.5143,93,93,RLPolicy,0,0,0,0,1.20397,1,4.63911,67,67,4.56963,582,1
E3-Strict-p030,43.5147,53,53,RLPolicy,0,0,0,0,1.20397,1,6.49195,76,76,6.40947,582,1
E3-Strict-p030,43.516,385,385,RLPolicy,0,0,0,0,1.20397,1,6.58157,71,71,6.521,582,1
E3-Strict-p030,43.5175,391,391,RLPolicy,0,0,0,0,1.20397,1,6.55362,64,64,6.47157,2,0.997446
E3-Strict-p030,43.5196,113,113,RLPolicy,0,0,0,0,1.20397,1,5.84232,29,29,5.75916,582,0.989783
E3-Strict-p030,43.5226,44,44,RLPolicy,0,0,0,0,1.20397,1,5.47878,53,53,5.3764,582,0.999385
E3-Strict-p030,43.5226,268,268,RLPolicy,0,0,0,0,1.20397,1,5.1761,61,61,5.09661,582,1
E3-Strict-p030,43.5267,274,274,RLPolicy,0,0,0,0,1.20397,1,6.62465,45,45,6.54455,582,0.997446
E3-Strict-p030,43.5304,0,0,RLPolicy,0,0,0,0,1.20397,1,7.19963,73,73,7.1118,582,1
E3-Strict-p030,43.5349,124,124,RLPolicy,0,0,0,0,1.20397,1,5.23248,68,68,5.13664,582,0.997446
E3-Strict-p030,43.5365,186,186,RLPolicy,0,0,0,0,1.20397,1,5.81928,73,73,5.74534,582,1
E3-Strict-p030,43.544,452,452,RLPolicy,0,0,0,0,1.20397,1,4.18147,2,2,4.13085,582,1
E3-Strict-p030,43.546,169,169,RLPolicy,0,0,0,0,1.20397,1,5.89403,87,87,5.78583,582,0.992338
E3-Strict-p030,43.547,91,91,RLPolicy,0,0,0,0,1.20397,1,4.42841,59,59,4.35929,582,0.997446
E3-Strict-p030,43.5542,273,273,RLPolicy,0,0,0,0,1.20397,1,6.02333,114,114,5.91391,582,0.997446
E3-Strict-p030,43.5567,287,287,RLPolicy,0,0,0,0,1.20397,1,4.11185,6,6,4.05714,582,1
E3-Strict-p030,43.5606,115,115,RLPolicy,0,0,0,0,1.20397,1,5.33974,83,83,5.20479,2,1
E3-Strict-p030,43.5775,118,118,RLPolicy,0,0,0,0,1.20397,1,5.94441,98,98,5.79573,582,0.997446
E3-Strict-p030,43.5866,399,399,RLPolicy,0,0,0,0,1.20397,1,7.21843,47,47,7.08882,582,1
E3-Strict-p030,43.5875,127,571,RLPolicy,1,1,0.0371276,0.693147,1.20397,3,6.22003,87,98,6.01065,582,0.992338
E3-Strict-p030,43.5884,361,361,RLPolicy,0,0,0,0,1.20397,1,5.15566,14,14,5.07692,582,1
E3-Strict-p030,43.5937,471,471,RLPolicy,0,0,0,0,1.20397,1,4.74125,102,102,4.66015,582,1
E3-Strict-p030,43.5961,193,193,RLPolicy,0,0,0,0,1.20397,1,5.31562,71,71,5.23527,582,1
E3-Strict-p030,43.597,242,242,RLPolicy,0,0,0,0,1.20397,1,5.06977,61,61,5.00374,582,0.994892
E3-Strict-p030,43.5972,260,260,RLPolicy,0,0,0,0,1.20397,1,5.82931,60,60,5.73123,582,1
E3-Strict-p030,43.6055,241,241,RLPolicy,0,0,0,0,1.20397,1,7.7117,14,14,7.40431,584,0.997446
E3-Strict-p030,43.6119,469,469,RLPolicy,0,0,0,0,1.20397,1,3.90195,85,85,3.80667,2,1
E3-Strict-p030,43.6121,461,461,RLPolicy,0,0,0,0,1.20397,1,4.98185,39,39,4.93397,584,1
E3-Strict-p030,43.6195,427,427,RLPolicy,0,0,0,0,1.20397,1,4.63747,49,49,4.57066,584,1
E3-Strict-p030,43.6262,143,143,RLPolicy,0,0,0,0,1.20397,1,4.05909,8,8,4.00661,584,1
E3-Strict-p030,43.6292,437,437,RLPolicy,0,0,0,0,1.20397,1,5.12302,53,53,5.02519,584,1
E3-Strict-p030,43.6316,253,253,RLPolicy,0,0,0,0,1.20397,1,5.35845,79,79,5.21951,584,1
E3-Strict-p030,43.6365,251,251,RLPolicy,0,0,0,0,1.20397,1,6.59071,77,77,6.48622,584,0.997446
E3-Strict-p030,43.6376,338,338,RLPolicy,0,0,0,0,1.20397,1,5.35352,66,66,5.25307,584,1
E3-Strict-p030,43.6418,133,133,RLPolicy,0,0,0,0,1.20397,1,5.00362,103,103,4.91179,584,0.991567
E3-Strict-p030,43.6516,89,89,RLPolicy,0,0,0,0,1.20397,1,5.06276,60,60,4.96265,584,0.997446
E3-Strict-p030,43.6584,311,311,RLPolicy,0,0,0,0,1.20397,1,6.49831,81,81,6.3658,584,0.997446
E3-Strict-p030,43.6637,372,372,RLPolicy,0,0,0,0,1.20397,1,5.82273,92,92,5.72093,584,1
E3-Strict-p030,43.664,360,360,RLPolicy,0,0,0,0,1.20397,1,3.8644,20,20,3.80025,584,1
E3-Strict-p030,43.6757,83,83,RLPolicy,0,0,0,0,1.20397,1,6.06869,87,87,5.95441,584,0.997446
E3-Strict-p030,43.6803,60,60,RLPolicy,0,0,0,0,1.20397,1,4.68846,51,51,4.60119,3,1
E3-Strict-p030,43.6821,173,173,RLPolicy,0,0,0,0,1.20397,1,6.1234,71,71,6.01935,584,0.997446
E3-Strict-p030,43.6846,102,102,RLPolicy,0,0,0,0,1.20397,1,4.73666,47,47,4.61595,584,0.997446
E3-Strict-p030,43.685,246,246,RLPolicy,0,0,0,0,1.20397,1,5.35348,70,70,5.25398,584,1
E3-Strict-p030,43.6869,35,35,RLPolicy,0,0,0,0,1.20397,1,4.55837,61,61,4.47787,584,0.994892
E3-Strict-p030,43.6888,426,426,RLPolicy,0,0,0,0,1.20397,1,3.86837,10,10,3.81396,584,1
E3-Strict-p030,43.6944,96,96,RLPolicy,0,0,0,0,1.20397,1,4.66087,60,60,4.58659,584,1
E3-Strict-p030,43.6949,183,336,RLPolicy,1,1,0.057449,0.693147,1.20397,3,5.60241,65,80,5.37741,584,0.994121
E3-Strict-p030,43.6981,154,154,RLPolicy,0,0,0,0,1.20397,1,4.67929,12,12,4.59429,584,1
E3-Strict-p030,43.6998,379,379,RLPolicy,0,0,0,0,1.20397,1,4.9416,59,59,4.87531,584,0.997446
E3-Strict-p030,43.7015,267,267,RLPolicy,0,0,0,0,1.20397,1,9.39696,70,70,9.26367,585,0.997446
E3-Strict-p030,43.7018,11,11,RLPolicy,0,0,0,0,1.20397,1,4.53894,18,18,4.42588,585,1
E3-Strict-p030,43.7053,454,454,RLPolicy,0,0,0,0,1.20397,1,6.95451,11,11,6.90452,585,1
E3-Strict-p030,43.708,288,288,RLPolicy,0,0,0,0,1.20397,1,5.69878,37,37,5.62073,585,0.997446
E3-Strict-p030,43.7095,266,266,RLPolicy,0,0,0,0,1.20397,1,5.88524,72,72,5.82368,585,0.997446
E3-Strict-p030,43.7105,439,439,RLPolicy,0,0,0,0,1.20397,1,4.4195,78,78,4.34602,585,1
E3-Strict-p030,43.7179,126,126,RLPolicy,0,0,0,0,1.20397,1,8.62546,64,64,8.53504,585,0.997446
E3-Strict-p030,43.7208,284,300,RLPolicy,1,1,0.0801269,0.693147,1.20397,3,5.19165,131,134,5.00677,585,0.997446
E3-Strict-p030,43.7213,239,239,RLPolicy,0,0,0,0,1.20397,1,10.0233,30,30,9.96706,585,0.997446
E3-Strict-p030,43.725,136,136,RLPolicy,0,0,0,0,1.20397,1,4.80415,81,81,4.71225,585,0.997446
E3-Strict-p030,43.7285,332,332,RLPolicy,0,0,0,0,1.20397,1,6.1024,49,49,5.89799,585,1
E3-Strict-p030,43.7331,108,108,RLPolicy,0,0,0,0,1.20397,1,6.77936,43,43,6.70033,585,0.997446
E3-Strict-p030,43.7354,257,257,RLPolicy,0,0,0,0,1.20397,1,6.76956,56,56,6.65122,585,0.997446
E3-Strict-p030,43.7398,27,151,RLPolicy,1,1,0.0358453,0.693147,1.20397,3,8.87403,119,154,8.63729,585,0.997446
E3-Strict-p030,43.7442,367,367,RLPolicy,0,0,0,0,1.20397,1,5.27744,75,75,5.18558,585,1
E3-Strict-p030,43.7501,106,106,RLPolicy,0,0,0,0,1.20397,1,7.11405,60,60,6.99825,585,1
E3-Strict-p030,43.7543,262,262,RLPolicy,0,0,0,0,1.20397,1,6.46272,55,55,6.32103,585,0.994892
E3-Strict-p030,43.7547,476,476,RLPolicy,0,0,0,0,1.20397,1,6.69067,30,30,6.56558,585,1
E3-Strict-p030,43.7683,73,73,RLPolicy,0,0,0,0,1.20397,1,5.47144,90,90,5.35101,585,0.997446
E3-Strict-p030,43.7693,82,82,RLPolicy,0,0,0,0,1.20397,1,7.61298,85,85,7.42225,585,0.992338
E3-Strict-p030,43.7726,271,271,RLPolicy,0,0,0,0,1.20397,1,6.31346,60,60,6.15838,585,1
E3-Strict-p030,43.7745,123,123,RLPolicy,0,0,0,0,1.20397,1,6.18638,32,32,5.8691,585,0.997446
E3-Strict-p030,43.7892,234,234,RLPolicy,0,0,0,0,1.20397,1,4.82716,53,53,4.71005,585,0.997446
E3-Strict-p030,43.7909,131,101,RLPolicy,1,1,0.0585805,0.693147,1.20397,3,6.11684,59,61,5.9767,585,0.994892
E3-Strict-p030,43.7917,275,275,RLPolicy,0,0,0,0,1.20397,1,6.3135,97,97,6.20121,585,1
E3-Strict-p030,43.7932,440,440,RLPolicy,0,0,0,0,1.20397,1,4.72959,31,31,4.64703,585,1
E3-Strict-p030,43.7944,300,300,RLPolicy,0,0,0,0,1.20397,1,4.22579,32,32,4.14814,2,0.997446
E3-Strict-p030,43.7966,352,352,RLPolicy,0,0,0,0,1.20397,1,4.54423,57,57,4.46653,585,1
E3-Strict-p030,43.802,434,434,RLPolicy,0,0,0,0,1.20397,1,4.95576,68,68,4.87662,585,1
E3-Strict-p030,43.8046,333,441,RLPolicy,1,1,0.0782553,0.693147,1.20397,3,6.13035,139,152,5.87555,585,0.997446
E3-Strict-p030,43.8192,252,252,RLPolicy,0,0,0,0,1.20397,1,6.65882,72,72,6.57627,585,1
E3-Strict-p030,43.8206,98,98,RLPolicy,0,0,0,0,1.20397,1,5.09035,47,47,5.00407,585,0.997446
E3-Strict-p030,43.8213,364,364,RLPolicy,0,0,0,0,1.20397,1,4.12265,11,11,4.06944,585,0.997446
E3-Strict-p030,43.8215,428,428,RLPolicy,0,0,0,0,1.20397,1,4.62062,22,22,4.56004,585,1
E3-Strict-p030,43.8236,5,5,RLPolicy,0,0,0,0,1.20397,1,5.33126,71,71,5.247,585,0.993365
E3-Strict-p030,43.8346,92,92,RLPolicy,0,0,0,0,1.20397,1,4.59826,27,27,4.52455,585,1
E3-Strict-p030,43.8383,217,217,RLPolicy,0,0,0,0,1.20397,1,5.11259,53,53,4.97659,585,1
E3-Strict-p030,43.8393,128,128,RLPolicy,0,0,0,0,1.20397,1,6.60902,89,89,6.4926,585,0.997446
E3-Strict-p030,43.847,184,184,RLPolicy,0,0,0,0,1.20397,1,6.21085,72,72,6.1391,585,0.994892
E3-Strict-p030,43.8562,22,22,RLPolicy,0,0,0,0,1.20397,1,6.35746,60,60,6.2437,585,1
E3-Strict-p030,43.8632,34,34,RLPolicy,0,0,0,0,1.20397,1,5.44977,97,97,5.37118,585,0.992338
E3-Strict-p030,43.8635,162,162,RLPolicy,0,0,0,0,1.20397,1,5.0883,40,40,4.98494,585,1
E3-Strict-p030,43.87,138,138,RLPolicy,0,0,0,0,1.20397,1,5.90133,86,86,5.8124,585,0.994892
E3-Strict-p030,43.8787,254,254,RLPolicy,0,0,0,0,1.20397,1,6.9567,76,76,6.7674,585,0.997446
E3-Strict-p030,43.8791,58,204,RLPolicy,1,1,0.03653,0.693147,1.20397,3,7.42555,179,190,7.12756,585,0.986614
E3-Strict-p030,43.8833,168,168,RLPolicy,0,0,0,0,1.20397,1,5.64491,96,96,5.52218,585,1
E3-Strict-p030,43.8863,269,158,RLPolicy,1,1,0.071766,0.693147,1.20397,3,6.15477,90,93,5.76317,585,0.997446
E3-Strict-p030,43.8973,230,230,RLPolicy,0,0,0,0,1.20397,1,5.46995,11,11,5.38172,585,1
E3-Strict-p030,43.9075,318,318,RLPolicy,0,0,0,0,1.20397,1,9.66956,1,1,9.58046,585,1
E3-Strict-p030,43.9181,286,286,RLPolicy,0,0,0,0,1.20397,1,9.29636,23,23,9.09793,585,1
E3-Strict-p030,43.9225,316,316,RLPolicy,0,0,0,0,1.20397,1,8.9484,54,54,8.751,585,0.997446
E3-Strict-p030,43.9248,204,204,RLPolicy,0,0,0,0,1.20397,1,8.10558,79,79,7.93287,585,1
E3-Strict-p030,43.928,155,155,RLPolicy,0,0,0,0,1.20397,1,6.48005,65,65,6.31557,585,0.997446
E3-Strict-p030,43.9301,432,432,RLPolicy,0,0,0,0,1.20397,1,6.38883,49,49,6.29752,585,1
E3-Strict-p030,43.9403,181,181,RLPolicy,0,0,0,0,1.20397,1,6.34755,11,11,6.22228,585,1
E3-Strict-p030,43.95,414,414,RLPolicy,0,0,0,0,1.20397,1,5.64294,74,74,5.51953,585,1
E3-Strict-p030,43.9534,424,424,RLPolicy,0,0,0,0,1.20397,1,5.71686,58,58,5.60403,585,1
E3-Strict-p030,43.9546,295,295,RLPolicy,0,0,0,0,1.20397,1,6.85319,75,75,6.65129,585,0.994892
E3-Strict-p030,43.9613,342,342,RLPolicy,0,0,0,0,1.20397,1,8.45582,97,97,8.15896,585,1
E3-Strict-p030,43.9666,395,395,RLPolicy,0,0,0,0,1.20397,1,6.26187,93,93,6.00198,585,1
E3-Strict-p030,43.9719,41,507,RLPolicy,1,1,0.0411872,1.08091,1.20397,4,6.18558,237,258,5.78676,585,0.999385
E3-Strict-p030,43.9732,475,475,RLPolicy,0,0,0,0,1.20397,1,5.39201,27,27,5.30832,585,1
E3-Strict-p030,43.9791,304,304,RLPolicy,0,0,0,0,1.20397,1,4.50516,61,61,4.42156,585,1
E3-Strict-p030,43.981,187,187,RLPolicy,0,0,0,0,1.20397,1,6.79636,54,54,6.46992,585,1
E3-Strict-p030,43.9815,69,69,RLPolicy,0,0,0,0,1.20397,1,6.38421,58,58,6.28611,585,1
E3-Strict-p030,43.9821,42,42,RLPolicy,0,0,0,0,1.20397,1,5.91238,22,22,5.83557,585,0.997446
E3-Strict-p030,43.9873,457,104,RLPolicy,1,1,0.108345,0.693147,1.20397,3,6.81315,97,100,6.58163,585,0.997446
E3-Strict-p030,43.9879,144,144,RLPolicy,0,0,0,0,1.20397,1,4.52574,73,73,4.44315,585,0.997446
E3-Strict-p030,44.002,229,229,RLPolicy,0,0,0,0,1.20397,1,5.26353,72,72,5.18755,586,0.997446
E3-Strict-p030,44.0034,412,412,RLPolicy,0,0,0,0,1.20397,1,8.34408,59,59,8.26596,586,0.997446
E3-Strict-p030,44.0054,194,194,RLPolicy,0,0,0,0,1.20397,1,7.63374,89,89,7.5198,586,0.992338
E3-Strict-p030,44.0119,30,30,RLPolicy,0,0,0,0,1.20397,1,5.6394,45,45,5.55325,586,1
E3-Strict-p030,44.0153,21,21,RLPolicy,0,0,0,0,1.20397,1,6.25518,83,83,6.17085,586,0.9951
E3-Strict-p030,44.0171,24,24,RLPolicy,0,0,0,0,1.20397,1,5.58243,58,58,5.43535,586,0.997446
E3-Strict-p030,44.0191,10,10,RLPolicy,0,0,0,0,1.20397,1,4.51937,14,14,4.45757,586,0.995919
E3-Strict-p030,44.0214,256,256,RLPolicy,0,0,0,0,1.20397,1,7.60039,8,8,7.49892,586,0.997446
E3-Strict-p030,44.0261,198,198,RLPolicy,0,0,0,0,1.20397,1,6.97123,23,23,6.86064,2,1
E3-Strict-p030,44.0273,2,2,RLPolicy,0,0,0,0,1.20397,1,7.92861,58,58,7.73286,586,0.999385
E3-Strict-p030,44.0327,317,317,RLPolicy,0,0,0,0,1.20397,1,8.12533,89,89,8.0051,586,1
E3-Strict-p030,44.0348,4,4,RLPolicy,0,0,0,0,1.20397,1,8.00936,20,20,7.92211,586,1
E3-Strict-p030,44.0354,369,369,RLPolicy,0,0,0,0,1.20397,1,4.8489,16,16,4.77107,586,1
E3-Strict-p030,44.0396,29,29,RLPolicy,0,0,0,0,1.20397,1,7.06178,38,38,6.93649,586,0.997858
E3-Strict-p030,44.0461,165,165,RLPolicy,0,0,0,0,1.20397,1,5.53973,61,61,5.32964,586,0.994892
E3-Strict-p030,44.0503,473,332,RLPolicy,1,1,0.106533,0.693147,1.20397,3,5.45261,101,129,5.22488,586,0.997446
E3-Strict-p030,44.0519,64,64,RLPolicy,0,0,0,0,1.20397,1,6.75241,71,71,6.65613,586,1
E3-Strict-p030,44.0545,383,383,RLPolicy,0,0,0,0,1.20397,1,3.88781,17,17,3.83454,586,1
E3-Strict-p030,44.0551,445,445,RLPolicy,0,0,0,0,1.20397,1,6.48239,60,60,6.40788,586,1
E3-Strict-p030,44.0559,388,388,RLPolicy,0,0,0,0,1.20397,1,7.19405,26,26,6.98169,586,1
E3-Strict-p030,44.058,207,207,RLPolicy,0,0,0,0,1.20397,1,10.4307,61,61,10.3004,586,1
E3-Strict-p030,44.0581,139,139,RLPolicy,0,0,0,0,1.20397,1,5.76662,53,53,5.65181,586,1
E3-Strict-p030,44.0703,394,394,RLPolicy,0,0,0,0,1.20397,1,6.68311,63,63,6.56839,586,1
E3-Strict-p030,44.0802,289,289,RLPolicy,0,0,0,0,1.20397,1,4.3722,11,11,4.29667,586,1
E3-Strict-p030,44.0883,299,299,RLPolicy,0,0,0,0,1.20397,1,4.89032,68,68,4.81776,586,0.997446
E3-Strict-p030,44.0931,442,442,RLPolicy,0,0,0,0,1.20397,1,5.24806,64,64,5.16116,586,1
E3-Strict-p030,44.0981,211,481,RLPolicy,1,1,0.0567332,0.693147,1.20397,3,7.81722,98,107,7.52883,586,0.997446
E3-Strict-p030,44.0981,129,129,RLPolicy,0,0,0,0,1.20397,1,5.2207,27,27,5.13561,586,1
E3-Strict-p030,44.1025,75,75,RLPolicy,0,0,0,0,1.20397,1,7.54528,60,60,7.38473,586,1
E3-Strict-p030,44.1044,450,450,RLPolicy,0,0,0,0,1.20397,1,6.35477,53,53,6.22371,586,1
E3-Strict-p030,44.1079,321,321,RLPolicy,0,0,0,0,1.20397,1,7.00959,11,11,6.91767,586,1
E3-Strict-p030,44.1207,57,57,RLPolicy,0,0,0,0,1.20397,1,7.31611,9,9,7.16268,586,0.997446
E3-Strict-p030,44.1215,358,358,RLPolicy,0,0,0,0,1.20397,1,5.12927,67,67,5.05081,586,1
E3-Strict-p030,44.1282,148,148,RLPolicy,0,0,0,0,1.20397,1,4.35491,8,8,4.29352,586,1
E3-Strict-p030,44.1384,283,283,RLPolicy,0,0,0,0,1.20397,1,5.98568,66,66,5.84079,586,1
E3-Strict-p030,44.1603,384,274,RLPolicy,1,1,0.0933811,0.693147,1.20397,3,5.89102,94,98,5.6938,586,0.997446
E3-Strict-p030,44.168,282,282,RLPolicy,0,0,0,0,1.20397,1,6.13751,91,91,6.04123,586,0.994892
E3-Strict-p030,44.1691,130,130,RLPolicy,0,0,0,0,1.20397,1,6.23255,19,19,6.15069,586,1
E3-Strict-p030,44.1793,110,110,RLPolicy,0,0,0,0,1.20397,1,5.44255,10,10,5.36363,586,1
E3-Strict-p030,44.1831,403,403,RLPolicy,0,0,0,0,1.20397,1,8.40602,61,61,8.20927,586,1
E3-Strict-p030,44.1834,31,31,RLPolicy,0,0,0,0,1.20397,1,7.39998,72,72,7.25008,586,0.997446
E3-Strict-p030,44.1837,185,185,RLPolicy,0,0,0,0,1.20397,1,6.77381,53,53,6.62249,586,1
E3-Strict-p030,44.1952,344,344,RLPolicy,0,0,0,0,1.20397,1,5.21393,9,9,5.11731,586,1
E3-Strict-p030,44.1987,365,365,RLPolicy,0,0,0,0,1.20397,1,5.59896,28,28,5.48424,586,1
E3-Strict-p030,44.2045,202,202,RLPolicy,0,0,0,0,1.20397,1,5.91586,59,59,5.82715,586,1
E3-Strict-p030,44.2066,375,375,RLPolicy,0,0,0,0,1.20397,1,5.91443,78,78,5.82975,586,0.997446
E3-Strict-p030,44.2083,167,167,RLPolicy,0,0,0,0,1.20397,1,6.53788,68,68,6.44222,586,0.994892
E3-Strict-p030,44.2109,33,172,RLPolicy,1,1,0.0253569,1.08091,1.20397,4,13.2003,146,150,12.8539,586,0.999385
E3-Strict-p030,44.2113,307,453,RLPolicy,1,1,0.0833939,0.693147,1.20397,3,6.38162,107,109,5.82252,586,0.997446
E3-Strict-p030,44.2142,337,337,RLPolicy,0,0,0,0,1.20397,1,10.6013,26,26,10.5054,586,1
E3-Strict-p030,44.2147,219,219,RLPolicy,0,0,0,0,1.20397,1,6.3516,59,59,6.1742,586,1
E3-Strict-p030,44.2149,156,156,RLPolicy,0,0,0,0,1.20397,1,7.12197,98,98,6.98612,586,1
E3-Strict-p030,44.225,313,313,RLPolicy,0,0,0,0,1.20397,1,5.16286,76,76,5.06944,586,1
E3-Strict-p030,44.2286,328,328,RLPolicy,0,0,0,0,1.20397,1,6.63137,38,38,6.53691,586,1
E3-Strict-p030,44.2357,71,71,RLPolicy,0,0,0,0,1.20397,1,6.6442,16,16,6.45536,586,1
E3-Strict-p030,44.2389,238,238,RLPolicy,0,0,0,0,1.20397,1,4.6697,14,14,4.55894,586,1
E3-Strict-p030,44.2418,70,70,RLPolicy,0,0,0,0,1.20397,1,10.8558,59,59,10.7542,586,0.997446
E3-Strict-p030,44.2481,296,296,RLPolicy,0,0,0,0,1.20397,1,6.01306,63,63,5.93017,586,0.997446
E3-Strict-p030,44.2501,176,176,RLPolicy,0,0,0,0,1.20397,1,4.88595,4,4,4.82574,586,1
E3-Strict-p030,44.2538,125,125,RLPolicy,0,0,0,0,1.20397,1,9.4051,60,60,9.27081,586,1
E3-Strict-p030,44.2636,84,84,RLPolicy,0,0,0,0,1.20397,1,6.22861,81,81,6.11214,586,0.997446
E3-Strict-p030,44.2688,456,456,RLPolicy,0,0,0,0,1.20397,1,8.83062,9,9,8.73919,586,1
E3-Strict-p030,44.2726,419,419,RLPolicy,0,0,0,0,1.20397,1,6.62237,54,54,6.27634,586,1
E3-Strict-p030,44.274,294,294,RLPolicy,0,0,0,0,1.20397,1,6.49957,57,57,6.37632,586,1
E3-Strict-p030,44.2765,411,411,RLPolicy,0,0,0,0,1.20397,1,8.81485,17,17,8.62786,586,1
E3-Strict-p030,44.2779,231,231,RLPolicy,0,0,0,0,1.20397,1,5.34889,98,98,5.26475,586,0.997446
E3-Strict-p030,44.2965,250,250,RLPolicy,0,0,0,0,1.20397,1,5.37152,71,71,5.23286,586,1
E3-Strict-p030,44.2985,285,285,RLPolicy,0,0,0,0,1.20397,1,7.92635,53,53,7.74397,586,0.997446
E3-Strict-p030,44.302,87,87,RLPolicy,0,0,0,0,1.20397,1,5.42324,75,75,5.35138,587,0.997446
E3-Strict-p030,44.3072,276,276,RLPolicy,0,0,0,0,1.20397,1,6.75971,58,58,6.62421,587,1
E3-Strict-p030,44.3166,104,430,RLPolicy,1,1,0.0397436,0.693147,1.20397,3,6.6443,151,170,6.36905,587,0.989783
E3-Strict-p030,44.3173,339,339,RLPolicy,0,0,0,0,1.20397,1,5.99167,71,71,5.85282,587,1
E3-Strict-p030,44.3207,351,351,RLPolicy,0,0,0,0,1.20397,1,6.28916,59,59,6.16622,587,1
E3-Strict-p030,44.3243,402,402,RLPolicy,0,0,0,0,1.20397,1,5.60778,71,71,5.52952,587,0.997446
E3-Strict-p030,44.3245,23,23,RLPolicy,0,0,0,0,1.20397,1,5.85186,81,81,5.73639,587,1
E3-Strict-p030,44.3271,195,195,RLPolicy,0,0,0,0,1.20397,1,6.71349,62,62,6.61608,587,0.992338
E3-Strict-p030,44.3289,77,77,RLPolicy,0,0,0,0,1.20397,1,7.95388,60,60,7.85811,587,1
E3-Strict-p030,44.3292,292,292,RLPolicy,0,0,0,0,1.20397,1,5.93717,66,66,5.8359,587,1
E3-Strict-p030,44.3318,224,224,RLPolicy,0,0,0,0,1.20397,1,5.89253,31,31,5.79759,587,0.997446
E3-Strict-p030,44.3412,79,79,RLPolicy,0,0,0,0,1.20397,1,7.23537,67,67,7.05054,587,0.997446
E3-Strict-p030,44.3419,32,32,RLPolicy,0,0,0,0,1.20397,1,6.08481,85,85,5.95703,2,0.995304
E3-Strict-p030,44.3441,37,585,RLPolicy,1,1,0.0390238,0.693147,1.20397,3,6.30489,60,63,6.0963,587,0.997446
E3-Strict-p030,44.3614,480,480,RLPolicy,0,0,0,0,1.20397,1,5.51573,27,27,5.39468,587,1
E3-Strict-p030,44.3624,297,297,RLPolicy,0,0,0,0,1.20397,1,5.23118,55,55,5.13569,587,0.997446
E3-Strict-p030,44.3647,309,309,RLPolicy,0,0,0,0,1.20397,1,5.37182,55,55,5.27021,587,0.997446
E3-Strict-p030,44.367,319,319,RLPolicy,0,0,0,0,1.20397,1,5.32238,35,35,5.23507,587,1
E3-Strict-p030,44.373,236,236,RLPolicy,0,0,0,0,1.20397,1,5.38115,66,66,5.28465,587,1
E3-Strict-p030,44.3751,373,373,RLPolicy,0,0,0,0,1.20397,1,4.82782,35,35,4.75109,587,1
E3-Strict-p030,44.3826,157,157,RLPolicy,0,0,0,0,1.20397,1,5.78763,19,19,5.68664,587,0.997446
E3-Strict-p030,44.3841,170,170,RLPolicy,0,0,0,0,1.20397,1,6.85646,15,15,6.71243,587,0.994892
E3-Strict-p030,44.3855,479,479,RLPolicy,0,0,0,0,1.20397,1,6.70131,52,52,6.55699,587,1
E3-Strict-p030,44.3916,270,270,RLPolicy,0,0,0,0,1.20397,1,7.15465,53,53,7.04741,587,0.994892
E3-Strict-p030,44.3957,158,158,RLPolicy,0,0,0,0,1.20397,1,5.33196,41,41,5.25995,587,0.994892
E3-Strict-p030,44.3981,481,481,RLPolicy,0,0,0,0,1.20397,1,4.80593,87,87,4.73868,587,1
E3-Strict-p030,44.3998,306,306,RLPolicy,0,0,0,0,1.20397,1,4.66499,21,21,4.61862,587,0.997446
E3-Strict-p030,44.4142,261,261,RLPolicy,0,0,0,0,1.20397,1,5.43088,60,60,5.29486,588,1
E3-Strict-p030,44.4307,366,366,RLPolicy,0,0,0,0,1.20397,1,5.29509,86,86,5.21776,588,1
E3-Strict-p030,44.4308,215,215,RLPolicy,0,0,0,0,1.20397,1,5.12246,11,11,5.01668,588,1
E3-Strict-p030,44.4407,423,423,RLPolicy,0,0,0,0,1.20397,1,5.9425,50,50,5.8769,588,1
E3-Strict-p030,44.4431,354,354,RLPolicy,0,0,0,0,1.20397,1,5.21125,70,70,5.09131,2,0.997446
E3-Strict-p030,44.4504,191,191,RLPolicy,0,0,0,0,1.20397,1,7.81967,69,69,7.64242,588,1
E3-Strict-p030,44.4513,435,435,RLPolicy,0,0,0,0,1.20397,1,6.72248,14,14,6.64467,588,1
E3-Strict-p030,44.4532,28,28,RLPolicy,0,0,0,0,1.20397,1,6.53354,32,32,6.44813,588,0.997446
E3-Strict-p030,44.4538,278,278,RLPolicy,0,0,0,0,1.20397,1,6.40808,47,47,6.28867,588,1
E3-Strict-p030,44.466,400,400,RLPolicy,0,0,0,0,1.20397,1,5.24313,17,17,5.15912,588,1
E3-Strict-p030,44.4661,401,401,RLPolicy,0,0,0,0,1.20397,1,6.78129,60,60,6.70846,588,1
E3-Strict-p030,44.4663,72,72,RLPolicy,0,0,0,0,1.20397,1,4.98769,18,18,4.9201,588,0.997446
E3-Strict-p030,44.4682,197,197,RLPolicy,0,0,0,0,1.20397,1,5.97341,27,27,5.85641,588,1
E3-Strict-p030,44.4701,349,349,RLPolicy,0,0,0,0,1.20397,1,5.99097,58,58,5.84939,588,1
E3-Strict-p030,44.4706,462,462,RLPolicy,0,0,0,0,1.20397,1,5.32998,47,47,5.25175,588,1
E3-Strict-p030,44.4737,329,329,RLPolicy,0,0,0,0,1.20397,1,5.95051,52,52,5.8617,588,1
E3-Strict-p030,44.4806,85,85,RLPolicy,0,0,0,0,1.20397,1,4.63017,12,12,4.56002,588,1
E3-Strict-p030,44.4809,18,18,RLPolicy,0,0,0,0,1.20397,1,5.05571,68,68,4.95891,588,1
E3-Strict-p030,44.4816,132,132,RLPolicy,0,0,0,0,1.20397,1,4.59278,21,21,4.52668,588,1
E3-Strict-p030,44.4885,330,330,RLPolicy,0,0,0,0,1.20397,1,5.58936,48,48,5.5122,588,1
E3-Strict-p030,44.4955,345,345,RLPolicy,0,0,0,0,1.20397,1,5.75729,57,57,5.67342,588,0.997446
E3-Strict-p030,44.501,171,171,RLPolicy,0,0,0,0,1.20397,1,5.2252,55,55,5.15969,588,1
E3-Strict-p030,44.5044,6,6,RLPolicy,0,0,0,0,1.20397,1,9.02677,40,40,8.85045,588,1
E3-Strict-p030,44.5077,281,281,RLPolicy,0,0,0,0,1.20397,1,5.6621,11,11,5.57862,588,0.997446
E3-Strict-p030,44.5099,431,431,RLPolicy,0,0,0,0,1.20397,1,4.7092,11,11,4.6345,588,1
E3-Strict-p030,44.5125,142,142,RLPolicy,0,0,0,0,1.20397,1,7.39733,58,58,7.26648,588,0.997446
E3-Strict-p030,44.5148,78,78,RLPolicy,0,0,0,0,1.20397,1,5.22008,48,48,5.14483,588,0.997446
E3-Strict-p030,44.5245,233,233,RLPolicy,0,0,0,0,1.20397,1,4.80495,51,51,4.7416,588,1
E3-Strict-p030,44.5295,227,227,RLPolicy,0,0,0,0,1.20397,1,5.38963,42,42,5.32125,588,0.997446
E3-Strict-p030,44.541,226,226,RLPolicy,0,0,0,0,1.20397,1,4.89429,6,6,4.80401,588,1
E3-Strict-p030,44.5592,422,422,RLPolicy,0,0,0,0,1.20397,1,5.58049,18,18,5.5078,588,1
E3-Strict-p030,44.5645,459,459,RLPolicy,0,0,0,0,1.20397,1,5.37219,57,57,5.18647,588,1
E3-Strict-p030,44.568,188,188,RLPolicy,0,0,0,0,1.20397,1,5.46098,16,16,5.16844,588,0.997446
E3-Strict-p030,44.5684,119,119,RLPolicy,0,0,0,0,1.20397,1,5.29568,97,97,5.20992,588,0.994892
E3-Strict-p030,44.5746,353,353,RLPolicy,0,0,0,0,1.20397,1,5.32752,4,4,5.2546,588,1
E3-Strict-p030,44.5853,199,199,RLPolicy,0,0,0,0,1.20397,1,5.06337,72,72,4.98239,588,1
E3-Strict-p030,44.5902,417,417,RLPolicy,0,0,0,0,1.20397,1,6.01413,45,45,5.93525,588,1
E3-Strict-p030,44.5908,346,346,RLPolicy,0,0,0,0,1.20397,1,5.75546,10,10,5.68449,588,1
E3-Strict-p030,44.5908,146,146,RLPolicy,0,0,0,0,1.20397,1,4.46712,10,10,4.39805,588,1
E3-Strict-p030,44.5972,382,382,RLPolicy,0,0,0,0,1.20397,1,4.99319,75,75,4.92126,588,1
E3-Strict-p030,44.6015,213,213,RLPolicy,0,0,0,0,1.20397,1,6.34827,60,60,6.25526,588,0.997446
E3-Strict-p030,44.602,47,47,RLPolicy,0,0,0,0,1.20397,1,4.49558,83,83,4.42034,588,1
E3-Strict-p030,44.6026,13,13,RLPolicy,0,0,0,0,1.20397,1,5.60626,60,60,5.53191,588,0.999385
E3-Strict-p030,44.6077,470,470,RLPolicy,0,0,0,0,1.20397,1,4.27876,14,14,4.0461,3,1
E3-Strict-p030,44.6137,223,223,RLPolicy,0,0,0,0,1.20397,1,6.90529,69,69,6.80299,3,1
E3-Strict-p030,44.6146,314,314,RLPolicy,0,0,0,0,1.20397,1,4.82353,54,54,4.74592,588,0.997446
E3-Strict-p030,44.6161,100,225,RLPolicy,1,1,0.00241183,0.693147,1.20397,3,5.10698,74,77,4.95277,588,0.994892
E3-Strict-p030,44.6323,97,97,RLPolicy,0,0,0,0,1.20397,1,5.19122,54,54,5.12545,588,0.997446
E3-Strict-p030,44.6336,175,175,RLPolicy,0,0,0,0,1.20397,1,4.16039,13,13,4.10177,588,1
E3-Strict-p030,44.6343,327,327,RLPolicy,0,0,0,0,1.20397,1,4.80574,19,19,4.75231,588,0.997446
E3-Strict-p030,44.6379,95,95,RLPolicy,0,0,0,0,1.20397,1,4.75357,58,58,4.67278,588,0.997446
E3-Strict-p030,44.6521,90,90,RLPolicy,0,0,0,0,1.20397,1,4.42263,37,37,4.36788,588,0.994892
E3-Strict-p030,44.6543,398,398,RLPolicy,0,0,0,0,1.20397,1,5.32793,56,56,5.21602,588,1
E3-Strict-p030,44.6564,341,341,RLPolicy,0,0,0,0,1.20397,1,4.87596,16,16,4.80305,588,1
E3-Strict-p030,44.6616,413,413,RLPolicy,0,0,0,0,1.20397,1,6.68019,19,19,6.56611,588,1
E3-Strict-p030,44.6686,221,221,RLPolicy,0,0,0,0,1.20397,1,6.48103,82,82,6.34871,588,0.994892
E3-Strict-p030,44.6691,376,376,RLPolicy,0,0,0,0,1.20397,1,3.87139,89,89,3.78205,2,0.997446
E3-Strict-p030,44.6751,122,122,RLPolicy,0,0,0,0,1.20397,1,6.51195,71,71,6.39995,588,1
E3-Strict-p030,44.6773,248,248,RLPolicy,0,0,0,0,1.20397,1,5.89631,49,49,5.80119,588,1
E3-Strict-p030,44.6791,263,263,RLPolicy,0,0,0,0,1.20397,1,5.56084,73,73,5.44765,588,1
E3-Strict-p030,44.6861,444,444,RLPolicy,0,0,0,0,1.20397,1,5.0067,75,75,4.92885,588,1
E3-Strict-p030,44.6879,206,206,RLPolicy,0,0,0,0,1.20397,1,6.94124,12,12,6.5847,588,1
E3-Strict-p030,44.6888,189,189,RLPolicy,0,0,0,0,1.20397,1,5.63792,51,51,5.54106,588,0.997446
E3-Strict-p030,44.6943,415,415,RLPolicy,0,0,0,0,1.20397,1,5.93527,65,65,5.84432,588,1
E3-Strict-p030,44.6947,265,265,RLPolicy,0,0,0,0,1.20397,1,6.10023,68,68,5.99018,588,0.994892
E3-Strict-p030,44.6955,449,449,RLPolicy,0,0,0,0,1.20397,1,5.83971,67,67,5.72997,588,0.997446
E3-Strict-p030,44.7003,140,140,RLPolicy,0,0,0,0,1.20397,1,5.7995,35,35,5.65447,588,0.997446
E3-Strict-p030,44.7049,438,438,RLPolicy,0,0,0,0,1.20397,1,3.29565,2,2,3.22655,3,1
E3-Strict-p030,44.7076,15,15,RLPolicy,0,0,0,0,1.20397,1,5.01025,24,24,4.8662,588,1
E3-Strict-p030,44.71,36,36,RLPolicy,0,0,0,0,1.20397,1,5.74493,17,17,5.67541,588,1
E3-Strict-p030,44.7118,137,137,RLPolicy,0,0,0,0,1.20397,1,6.91963,17,17,6.73897,588,0.997446
E3-Strict-p030,44.7251,363,363,RLPolicy,0,0,0,0,1.20397,1,4.58533,12,12,4.51253,588,1
E3-Strict-p030,44.7287,464,464,RLPolicy,0,0,0,0,1.20397,1,6.67978,80,80,6.52626,588,1
E3-Strict-p030,44.7291,243,243,RLPolicy,0,0,0,0,1.20397,1,5.23709,72,72,5.15944,588,1
E3-Strict-p030,44.7297,134,134,RLPolicy,0,0,0,0,1.20397,1,5.75605,8,8,5.63268,588,1
E3-Strict-p030,44.7301,433,433,RLPolicy,0,0,0,0,1.20397,1,4.80441,63,63,4.72402,588,1
E3-Strict-p030,44.7309,272,386,RLPolicy,1,1,0.0661001,0.693147,1.20397,3,5.80957,117,120,5.60748,588,0.997446
E3-Strict-p030,44.7337,159,159,RLPolicy,0,0,0,0,1.20397,1,6.32761,30,30,6.02499,588,0.997446
E3-Strict-p030,44.7364,141,141,RLPolicy,0,0,0,0,1.20397,1,5.94698,70,70,5.85746,588,1
E3-Strict-p030,44.7377,436,436,RLPolicy,0,0,0,0,1.20397,1,5.49136,93,93,5.30672,588,1
E3-Strict-p030,44.7478,153,153,RLPolicy,0,0,0,0,1.20397,1,6.37085,44,44,6.28496,588,0.997446
E3-Strict-p030,44.7509,465,465,RLPolicy,0,0,0,0,1.20397,1,5.3648,37,37,5.29104,588,1
E3-Strict-p030,44.7548,160,160,RLPolicy,0,0,0,0,1.20397,1,3.8871,14,14,3.82442,588,1
E3-Strict-p030,44.756,237,237,RLPolicy,0,0,0,0,1.20397,1,4.82381,54,54,4.73618,588,0.997446
E3-Strict-p030,44.7581,420,420,RLPolicy,0,0,0,0,1.20397,1,5.46836,23,23,5.35857,588,1
E3-Strict-p030,44.7581,408,408,RLPolicy,0,0,0,0,1.20397,1,4.87973,61,61,4.79071,588,1
E3-Strict-p030,44.7643,135,135,RLPolicy,0,0,0,0,1.20397,1,6.44206,82,82,6.33996,588,0.992338
E3-Strict-p030,44.7716,163,163,RLPolicy,0,0,0,0,1.20397,1,5.86963,66,66,5.78532,588,1
E3-Strict-p030,44.7767,259,259,RLPolicy,0,0,0,0,1.20397,1,5.71816,68,68,5.59986,588,1
E3-Strict-p030,44.7769,277,277,RLPolicy,0,0,0,0,1.20397,1,5.08416,1,1,5.00645,588,1
E3-Strict-p030,44.7772,303,303,RLPolicy,0,0,0,0,1.20397,1,4.09603,21,21,4.02997,588,1
E3-Strict-p030,44.7786,51,51,RLPolicy,0,0,0,0,1.20397,1,4.30141,24,24,4.2143,588,1
E3-Strict-p030,44.7794,374,374,RLPolicy,0,0,0,0,1.20397,1,5.21525,51,51,5.11867,588,1
E3-Strict-p030,44.7823,88,88,RLPolicy,0,0,0,0,1.20397,1,7.01012,68,68,6.84636,588,0.997446
E3-Strict-p030,44.7889,121,121,RLPolicy,0,0,0,0,1.20397,1,5.30825,11,11,5.22475,588,1
E3-Strict-p030,44.7916,291,291,RLPolicy,0,0,0,0,1.20397,1,6.01781,74,74,5.9096,588,0.994892
E3-Strict-p030,44.7959,101,101,RLPolicy,0,0,0,0,1.20397,1,4.93878,30,30,4.83757,588,0.997446
E3-Strict-p030,44.8089,232,232,RLPolicy,0,0,0,0,1.20397,1,5.46953,63,63,5.41136,588,1
E3-Strict-p030,44.8109,460,460,RLPolicy,0,0,0,0,1.20397,1,8.93262,49,49,8.87694,588,1
E3-Strict-p030,44.8131,14,14,RLPolicy,0,0,0,0,1.20397,1,3.83867,35,35,3.79386,588,1
E3-Strict-p030,44.8149,16,16,RLPolicy,0,0,0,0,1.20397,1,3.29386,40,40,3.24555,2,1
E3-Strict-p030,44.8201,334,334,RLPolicy,0,0,0,0,1.20397,1,4.7947,79,79,4.73954,588,1
E3-Strict-p030,44.8287,9,9,RLPolicy,0,0,0,0,1.20397,1,5.97177,57,57,5.90771,588,1
E3-Strict-p030,44.8363,490,490,RLPolicy,0,0,0,0,1.20397,1,4.30781,10,10,4.2518,588,1
E3-Strict-p030,44.8364,192,192,RLPolicy,0,0,0,0,1.20397,1,5.16659,9,9,5.11148,588,0.994892
E3-Strict-p030,44.8437,393,7,RLPolicy,1,1,0.094158,0.693147,1.20397,3,4.8785,130,140,4.70823,588,0.997446
E3-Strict-p030,44.8439,26,26,RLPolicy,0,0,0,0,1.20397,1,7.70726,17,17,7.65126,588,1
E3-Strict-p030,44.8459,477,477,RLPolicy,0,0,0,0,1.20397,1,5.57992,99,99,5.49863,588,1
E3-Strict-p030,44.8562,200,200,RLPolicy,0,0,0,0,1.20397,1,6.40619,59,59,6.31994,588,0.997446
E3-Strict-p030,44.8563,484,484,RLPolicy,0,0,0,0,1.20397,1,5.70472,1,1,5.63973,588,1
E3-Strict-p030,44.8575,488,488,RLPolicy,0,0,0,0,1.20397,1,6.1593,50,50,6.01051,588,1
E3-Strict-p030,44.8689,482,482,RLPolicy,0,0,0,0,1.20397,1,4.31779,79,79,4.25347,588,1
E3-Strict-p030,44.869,458,458,RLPolicy,0,0,0,0,1.20397,1,4.44095,95,95,4.38485,588,1
E3-Strict-p030,44.8736,235,235,RLPolicy,0,0,0,0,1.20397,1,4.4277,54,54,4.37349,588,1
E3-Strict-p030,44.8776,62,62,RLPolicy,0,0,0,0,1.20397,1,4.71441,60,60,4.64322,588,1
E3-Strict-p030,44.8881,222,222,RLPolicy,0,0,0,0,1.20397,1,5.95073,72,72,5.8933,588,0.997446
E3-Strict-p030,44.8959,212,212,RLPolicy,0,0,0,0,1.20397,1,5.51957,77,77,5.43354,588,0.994892
E3-Strict-p030,44.9097,80,80,RLPolicy,0,0,0,0,1.20397,1,8.66671,85,85,8.55343,588,1
E3-Strict-p030,44.9144,240,240,RLPolicy,0,0,0,0,1.20397,1,4.25618,36,36,4.20039,588,1
E3-Strict-p030,44.9149,409,409,RLPolicy,0,0,0,0,1.20397,1,5.84462,2,2,5.78912,588,1
E3-Strict-p030,44.9219,203,203,RLPolicy,0,0,0,0,1.20397,1,9.76671,74,74,9.68289,588,0.994892
E3-Strict-p030,44.9294,405,405,RLPolicy,0,0,0,0,1.20397,1,5.4647,55,55,5.3785,588,1
E3-Strict-p030,44.9308,355,214,RLPolicy,1,1,0.0909769,0.693147,1.20397,3,8.67759,72,88,8.38423,588,0.997446
E3-Strict-p030,44.9553,467,467,RLPolicy,0,0,0,0,1.20397,1,9.81586,57,57,9.75425,588,1
E3-Strict-p030,44.9564,325,157,RLPolicy,1,1,0.0780071,0.693147,1.20397,3,4.84191,152,160,4.73176,588,0.994892
E3-Strict-p030,44.9569,149,149,RLPolicy,0,0,0,0,1.20397,1,11.7365,116,116,11.6126,588,1
E3-Strict-p030,44.9579,453,453,RLPolicy,0,0,0,0,1.20397,1,4.31741,31,31,4.25908,588,1
E3-Strict-p030,44.9654,40,40,RLPolicy,0,0,0,0,1.20397,1,5.1398,60,60,5.07202,588,0.999385
E3-Strict-p030,44.9679,56,56,RLPolicy,0,0,0,0,1.20397,1,4.48658,38,38,4.42122,588,1
E3-Strict-p030,44.97,356,356,RLPolicy,0,0,0,0,1.20397,1,5.55279,80,80,5.46336,588,0.997446
E3-Strict-p030,44.978,117,117,RLPolicy,0,0,0,0,1.20397,1,4.91223,26,26,4.84409,588,0.997446
E3-Strict-p030,44.9785,208,208,RLPolicy,0,0,0,0,1.20397,1,4.72024,28,28,4.65863,588,1
E3-Strict-p030,44.98,218,218,RLPolicy,0,0,0,0,1.20397,1,5.74006,83,83,5.62169,588,1
E3-Strict-p030,44.9819,247,247,RLPolicy,0,0,0,0,1.20397,1,5.151,60,60,4.92002,588,1
E3-Strict-p030,44.986,205,205,RLPolicy,0,0,0,0,1.20397,1,5.56957,67,67,5.49304,588,1
E3-Strict-p030,44.9872,466,466,RLPolicy,0,0,0,0,1.20397,1,5.24113,28,28,5.19365,588,1
E3-Strict-p030,44.9883,487,487,RLPolicy,0,0,0,0,1.20397,1,5.1325,72,72,5.05629,588,1
E3-Strict-p030,44.9971,301,301,RLPolicy,0,0,0,0,1.20397,1,3.76239,17,17,3.7157,588,1
E3-Strict-p030,45.0027,322,322,RLPolicy,0,0,0,0,1.20397,1,3.7228,29,29,3.67943,589,1
E3-Strict-p030,45.0064,166,166,RLPolicy,0,0,0,0,1.20397,1,4.82754,48,48,4.77188,589,1
E3-Strict-p030,45.0123,310,310,RLPolicy,0,0,0,0,1.20397,1,4.23856,46,46,4.15267,589,1
E3-Strict-p030,45.0125,161,161,RLPolicy,0,0,0,0,1.20397,1,4.20116,60,60,4.14832,589,0.997446
E3-Strict-p030,45.0198,389,389,RLPolicy,0,0,0,0,1.20397,1,3.89582,10,10,3.85315,589,1
E3-Strict-p030,45.0227,362,362,RLPolicy,0,0,0,0,1.20397,1,7.75239,23,23,7.68952,589,1
E3-Strict-p030,45.0259,150,225,RLPolicy,1,1,0.0449375,0.693147,1.20397,3,9.41571,131,149,9.24154,589,0.994892
E3-Strict-p030,45.0289,220,220,RLPolicy,0,0,0,0,1.20397,1,5.95575,54,54,5.88082,589,0.994892
E3-Strict-p030,45.0345,196,196,RLPolicy,0,0,0,0,1.20397,1,6.06978,29,29,5.97688,589,1
E3-Strict-p030,45.0358,116,116,RLPolicy,0,0,0,0,1.20397,1,5.03728,47,47,4.96346,589,0.994892
E3-Strict-p030,45.0403,302,302,RLPolicy,0,0,0,0,1.20397,1,5.02694,59,59,4.93934,589,0.997446
E3-Strict-p030,45.045,177,474,RLPolicy,1,1,0.0470218,0.693147,1.20397,3,5.3443,93,119,5.10751,589,0.997446
E3-Strict-p030,45.046,323,323,RLPolicy,0,0,0,0,1.20397,1,5.32262,17,17,5.24119,589,1
E3-Strict-p030,45.0475,381,381,RLPolicy,0,0,0,0,1.20397,1,5.00886,85,85,4.9188,589,1
E3-Strict-p030,45.0486,343,343,RLPolicy,0,0,0,0,1.20397,1,8.7646,62,62,8.61931,589,1
E3-Strict-p030,45.0512,180,180,RLPolicy,0,0,0,0,1.20397,1,4.01087,36,36,3.96515,589,1
E3-Strict-p030,45.0514,320,320,RLPolicy,0,0,0,0,1.20397,1,3.85191,16,16,3.80126,589,1
E3-Strict-p030,45.0587,20,20,RLPolicy,0,0,0,0,1.20397,1,4.67696,96,96,4.6183,589,0.994276
E3-Strict-p030,45.0596,397,397,RLPolicy,0,0,0,0,1.20397,1,4.65245,69,69,4.59417,589,0.994892
E3-Strict-p030,45.06,3,3,RLPolicy,0,0,0,0,1.20397,1,5.55276,44,44,5.45628,589,0.997446
E3-Strict-p030,45.0602,19,19,RLPolicy,0,0,0,0,1.20397,1,5.57001,55,55,5.42922,589,1
E3-Strict-p030,45.074,390,390,RLPolicy,0,0,0,0,1.20397,1,4.76847,86,86,4.68985,589,1
E3-Strict-p030,45.083,377,377,RLPolicy,0,0,0,0,1.20397,1,4.7335,69,69,4.64805,589,0.997446
E3-Strict-p030,45.0895,45,45,RLPolicy,0,0,0,0,1.20397,1,3.96849,19,19,3.90325,589,0.997446
E3-Strict-p030,45.092,111,111,RLPolicy,0,0,0,0,1.20397,1,6.19516,96,96,6.05783,589,1
E3-Strict-p030,45.0961,446,446,RLPolicy,0,0,0,0,1.20397,1,5.29239,61,61,5.14942,589,1
E3-Strict-p030,45.0993,46,597,RLPolicy,1,1,0.0416892,0.693147,1.20397,3,4.61608,91,133,4.41748,589,0.994276
E3-Strict-p030,45.104,448,448,RLPolicy,0,0,0,0,1.20397,1,4.38792,45,45,4.33015,590,1
E3-Strict-p030,45.1068,249,249,RLPolicy,0,0,0,0,1.20397,1,5.20778,34,34,5.14306,590,1
E3-Strict-p030,45.1089,209,209,RLPolicy,0,0,0,0,1.20397,1,4.12176,4,4,4.06267,590,1
E3-Strict-p030,45.1136,43,43,RLPolicy,0,0,0,0,1.20397,1,4.92163,86,86,4.82389,590,1
E3-Strict-p030,45.117,468,468,RLPolicy,0,0,0,0,1.20397,1,4.37575,72,72,4.30693,590,1
E3-Strict-p030,45.1179,179,179,RLPolicy,0,0,0,0,1.20397,1,4.64791,104,104,4.56732,590,1
E3-Strict-p030,45.1218,290,290,RLPolicy,0,0,0,0,1.20397,1,5.23435,70,70,5.1578,590,1
E3-Strict-p030,45.1233,347,347,RLPolicy,0,0,0,0,1.20397,1,5.40531,46,46,5.3153,590,1
E3-Strict-p030,45.1283,378,378,RLPolicy,0,0,0,0,1.20397,1,5.30216,100,100,5.19444,590,1
E3-Strict-p030,45.1314,145,145,RLPolicy,0,0,0,0,1.20397,1,5.50062,71,71,5.22236,590,0.994892
E3-Strict-p030,45.1354,340,340,RLPolicy,0,0,0,0,1.20397,1,5.74579,71,71,5.64345,590,1
E3-Strict-p030,45.1394,12,12,RLPolicy,0,0,0,0,1.20397,1,6.24195,81,81,6.15152,590,0.984675
E3-Strict-p030,45.1442,371,371,RLPolicy,0,0,0,0,1.20397,1,4.51202,31,31,4.43083,590,1
E3-Strict-p030,45.1454,63,63,RLPolicy,0,0,0,0,1.20397,1,5.10419,47,47,5.02107,590,0.997446
E3-Strict-p030,45.1508,81,81,RLPolicy,0,0,0,0,1.20397,1,8.45711,31,31,8.37992,590,0.997446
E3-Strict-p030,45.16,178,178,RLPolicy,0,0,0,0,1.20397,1,4.30419,19,19,4.25156,590,0.997446
E3-Strict-p030,45.1626,25,25,RLPolicy,0,0,0,0,1.20397,1,6.40458,45,45,6.29135,590,0.996215
E3-Strict-p030,45.1635,494,494,RLPolicy,0,0,0,0,1.20397,1,5.13134,52,52,5.0421,590,1
E3-Strict-p030,45.1668,308,308,RLPolicy,0,0,0,0,1.20397,1,4.34825,16,16,4.26757,590,1
E3-Strict-p030,45.1698,491,294,RLPolicy,1,1,0.115879,0.693147,1.20397,3,4.68453,73,81,4.54884,590,0.997446
E3-Strict-p030,45.174,421,421,RLPolicy,0,0,0,0,1.20397,1,5.61381,67,67,5.5438,590,1
E3-Strict-p030,45.1741,264,264,RLPolicy,0,0,0,0,1.20397,1,4.10942,20,20,4.05704,590,1
E3-Strict-p030,45.1834,312,312,RLPolicy,0,0,0,0,1.20397,1,4.47183,38,38,4.40868,590,1
E3-Strict-p030,45.1871,416,416,RLPolicy,0,0,0,0,1.20397,1,5.53289,72,72,5.47051,590,1
E3-Strict-p030,45.1908,386,386,RLPolicy,0,0,0,0,1.20397,1,4.31977,48,48,4.2717,590,1
E3-Strict-p030,45.1995,103,103,RLPolicy,0,0,0,0,1.20397,1,4.67143,74,74,4.59534,590,1
E3-Strict-p030,45.1999,244,244,RLPolicy,0,0,0,0,1.20397,1,5.05134,67,67,4.96963,590,0.997446
E3-Strict-p030,45.2047,105,105,RLPolicy,0,0,0,0,1.20397,1,4.4017,75,75,4.35684,593,1
E3-Strict-p030,45.2053,76,38,RLPolicy,1,1,0.0313354,0.693147,1.20397,3,11.5448,206,213,11.3381,593,0.997446
E3-Strict-p030,45.2056,210,210,RLPolicy,0,0,0,0,1.20397,1,7.67197,8,8,7.61469,593,1
E3-Strict-p030,45.2063,107,462,RLPolicy,1,1,0.0392653,0.693147,1.20397,3,4.64554,121,135,4.47558,593,0.989783
E3-Strict-p030,45.2079,357,357,RLPolicy,0,0,0,0,1.20397,1,5.49729,11,11,5.41398,593,1
E3-Strict-p030,45.2104,245,245,RLPolicy,0,0,0,0,1.20397,1,5.1368,60,60,5.07184,593,0.994892
E3-Strict-p030,45.2106,172,172,RLPolicy,0,0,0,0,1.20397,1,5.56949,100,100,5.48283,593,0.992338
E3-Strict-p030,45.2193,336,336,RLPolicy,0,0,0,0,1.20397,1,5.25923,71,71,5.18083,593,0.994892
E3-Strict-p030,45.2211,147,335,RLPolicy,1,1,0.0461598,0.693147,1.20397,3,6.93808,142,154,6.70709,593,0.997446
E3-Strict-p030,45.2216,174,174,RLPolicy,0,0,0,0,1.20397,1,4.52629,71,71,4.45663,593,1
E3-Strict-p030,45.2218,112,112,RLPolicy,0,0,0,0,1.20397,1,4.42898,91,91,4.35173,3,0.997446
E3-Strict-p030,45.225,225,225,RLPolicy,0,0,0,0,1.20397,1,6.15922,55,55,6.04505,593,0.997446
E3-Strict-p030,45.2259,54,54,RLPolicy,0,0,0,0,1.20397,1,3.94785,7,7,3.89825,593,1
E3-Strict-p030,45.2315,38,38,RLPolicy,0,0,0,0,1.20397,1,5.62564,61,61,5.22102,593,0.997446
E3-Strict-p030,45.2336,410,410,RLPolicy,0,0,0,0,1.20397,1,5.30377,10,10,5.22897,593,1
E3-Strict-p030,45.2348,280,280,RLPolicy,0,0,0,0,1.20397,1,6.14706,1,1,6.08729,593,1
E3-Strict-p030,45.2361,335,335,RLPolicy,0,0,0,0,1.20397,1,5.46919,49,49,5.32541,593,1
E3-Strict-p030,45.237,66,66,RLPolicy,0,0,0,0,1.20397,1,5.64039,61,61,5.54429,593,1
E3-Strict-p030,45.2391,370,370,RLPolicy,0,0,0,0,1.20397,1,5.96622,71,71,5.84951,593,1
E3-Strict-p030,45.2402,392,392,RLPolicy,0,0,0,0,1.20397,1,5.14997,98,98,5.0787,593,1
E3-Strict-p030,45.242,50,38,RLPolicy,1,1,0.0352731,0.693147,1.20397,3,6.09043,186,198,5.92696,593,0.994892
E3-Strict-p030,45.2423,52,52,RLPolicy,0,0,0,0,1.20397,1,5.19642,53,53,5.134,593,0.998769
E3-Strict-p030,45.2432,190,28,RLPolicy,1,1,0.053553,0.693147,1.20397,3,4.85483,96,103,4.68511,593,0.994892
E3-Strict-p030,45.2469,443,443,RLPolicy,0,0,0,0,1.20397,1,3.36783,1,1,3.30493,2,1
E3-Strict-p030,45.247,114,114,RLPolicy,0,0,0,0,1.20397,1,3.96065,15,15,3.90025,593,1
E3-Strict-p030,45.2499,368,124,RLPolicy,1,1,0.0864534,0.693147,1.20397,3,5.71859,121,127,5.52301,593,0.994892
E3-Strict-p030,45.2564,451,451,RLPolicy,0,0,0,0,1.20397,1,5.29035,36,36,5.21904,593,1
E3-Strict-p030,45.2578,380,380,RLPolicy,0,0,0,0,1.20397,1,4.50198,15,15,4.44131,593,0.997446
E3-Strict-p030,45.2636,39,39,RLPolicy,0,0,0,0,1.20397,1,6.32769,60,60,6.24967,593,0.997446
E3-Strict-p030,45.2692,152,152,RLPolicy,0,0,0,0,1.20397,1,6.89301,35,35,6.67004,593,1
E3-Strict-p030,45.2738,258,258,RLPolicy,0,0,0,0,1.20397,1,5.03233,60,60,4.96333,593,0.997446
E3-Strict-p030,45.2769,455,455,RLPolicy,0,0,0,0,1.20397,1,4.30073,18,18,4.23106,593,1
E3-Strict-p030,45.2786,120,120,RLPolicy,0,0,0,0,1.20397,1,4.12995,17,17,4.06823,593,1
E3-Strict-p030,45.2872,59,59,RLPolicy,0,0,0,0,1.20397,1,4.99347,27,27,4.92877,593,0.992338
E3-Strict-p030,45.2886,387,387,RLPolicy,0,0,0,0,1.20397,1,3.95983,8,8,3.90519,593,1
E3-Strict-p030,45.2954,396,396,RLPolicy,0,0,0,0,1.20397,1,4.50746,76,76,4.43351,593,0.997446
E3-Strict-p030,45.2977,350,350,RLPolicy,0,0,0,0,1.20397,1,6.00258,53,53,5.85018,593,1
E3-Strict-p030,45.3027,429,429,RLPolicy,0,0,0,0,1.20397,1,5.52224,25,25,5.39818,593,1
E3-Strict-p030,45.3116,49,49,RLPolicy,0,0,0,0,1.20397,1,4.15843,16,16,4.10675,593,1
E3-Strict-p030,45.317,68,68,RLPolicy,0,0,0,0,1.20397,1,5.05112,13,13,4.95835,593,0.997446
E3-Strict-p030,45.3183,406,406,RLPolicy,0,0,0,0,1.20397,1,5.9228,86,86,5.75108,593,0.997446
E3-Strict-p030,45.3184,86,86,RLPolicy,0,0,0,0,1.20397,1,5.32497,23,23,5.24632,593,1
E3-Strict-p030,45.3234,109,109,RLPolicy,0,0,0,0,1.20397,1,4.42127,76,76,4.34213,593,0.997446
E3-Strict-p030,45.3296,305,305,RLPolicy,0,0,0,0,1.20397,1,4.98195,69,69,4.90378,593,0.997446
E3-Strict-p030,45.3405,425,425,RLPolicy,0,0,0,0,1.20397,1,10.5677,68,68,10.4309,593,1
E3-Strict-p030,45.3461,418,418,RLPolicy,0,0,0,0,1.20397,1,6.14561,79,79,6.01518,593,0.997446
E3-Strict-p030,45.3467,430,430,RLPolicy,0,0,0,0,1.20397,1,6.38991,51,51,6.29587,593,1
E3-Strict-p030,45.3471,1,1,RLPolicy,0,0,0,0,1.20397,1,4.94904,54,54,4.86657,593,1
E3-Strict-p030,45.355,485,485,RLPolicy,0,0,0,0,1.20397,1,6.19703,73,73,6.03097,593,1
E3-Strict-p030,45.3607,293,293,RLPolicy,0,0,0,0,1.20397,1,6.13996,61,61,6.06498,593,0.997446
E3-Strict-p030,45.3654,7,7,RLPolicy,0,0,0,0,1.20397,1,6.30934,41,41,6.1663,593,0.999385
E3-Strict-p030,45.3752,228,228,RLPolicy,0,0,0,0,1.20397,1,4.77224,1,1,4.71305,593,1
E3-Strict-p030,45.3795,214,214,RLPolicy,0,0,0,0,1.20397,1,6.11975,64,64,6.01516,593,0.997446
E3-Strict-p030,45.3911,8,8,RLPolicy,0,0,0,0,1.20397,1,6.02937,74,74,5.92689,593,0.997446
E3-Strict-p030,45.4006,151,412,RLPolicy,1,1,0.0459678,0.693147,1.20397,3,5.55782,129,166,5.28486,594,0.997446
E3-Strict-p030,45.4012,182,182,RLPolicy,0,0,0,0,1.20397,1,4.74069,75,75,4.66811,594,1
E3-Strict-p030,45.4064,404,404,RLPolicy,0,0,0,0,1.20397,1,6.05123,79,79,5.96983,594,1
E3-Strict-p030,45.4119,407,407,RLPolicy,0,0,0,0,1.20397,1,5.00491,100,100,4.89869,594,0.997446
E3-Strict-p030,45.416,17,17,RLPolicy,0,0,0,0,1.20397,1,5.33263,77,77,5.2356,594,0.993777
E3-Strict-p030,45.4246,201,201,RLPolicy,0,0,0,0,1.20397,1,6.36305,87,87,6.27133,594,1
E3-Strict-p030,45.4255,67,67,RLPolicy,0,0,0,0,1.20397,1,4.87199,60,60,4.79262,594,0.992338
E3-Strict-p030,45.4394,255,255,RLPolicy,0,0,0,0,1.20397,1,5.36466,43,43,5.28091,594,1
E3-Strict-p030,45.4493,472,472,RLPolicy,0,0,0,0,1.20397,1,7.5995,61,61,7.52885,594,1
E3-Strict-p030,45.4525,463,463,RLPolicy,0,0,0,0,1.20397,1,4.46377,25,25,4.40888,594,1
E3-Strict-p030,45.4535,359,471,RLPolicy,1,1,0.0838349,0.693147,1.20397,3,6.20597,61,75,5.9343,594,0.994892
E3-Strict-p030,45.4553,94,94,RLPolicy,0,0,0,0,1.20397,1,5.74292,73,73,5.64091,594,0.997446
E3-Strict-p030,45.4573,74,74,RLPolicy,0,0,0,0,1.20397,1,6.26401,61,61,6.16729,594,1
E3-Strict-p030,45.4578,326,326,RLPolicy,0,0,0,0,1.20397,1,5.0713,72,72,4.99542,594,1
E3-Strict-p030,45.4602,65,65,RLPolicy,0,0,0,0,1.20397,1,4.57093,15,15,4.51192,594,1
E3-Strict-p030,45.4684,61,61,RLPolicy,0,0,0,0,1.20397,1,5.54126,71,71,5.46865,594,0.997446
E3-Strict-p030,45.4742,331,449,RLPolicy,1,1,0.0801758,0.693147,1.20397,3,4.60124,120,126,4.4086,594,0.994892
E3-Strict-p030,45.4812,348,348,RLPolicy,0,0,0,0,1.20397,1,5.53283,83,83,5.43702,594,1
E3-Strict-p030,45.4817,48,48,RLPolicy,0,0,0,0,1.20397,1,6.10651,85,85,5.99479,594,0.997446
E3-Strict-p030,45.4905,216,216,RLPolicy,0,0,0,0,1.20397,1,6.09901,69,69,6.0291,594,1
E3-Strict-p030,45.4924,474,474,RLPolicy,0,0,0,0,1.20397,1,4.6834,46,46,4.59291,594,1
E3-Strict-p030,45.4951,315,315,RLPolicy,0,0,0,0,1.20397,1,4.39948,36,36,4.32942,594,1
E3-Strict-p030,45.4959,298,298,RLPolicy,0,0,0,0,1.20397,1,5.29495,68,68,5.21126,594,1
E3-Strict-p030,45.499,99,99,RLPolicy,0,0,0,0,1.20397,1,6.14319,59,59,6.03192,594,1
E3-Strict-p030,45.5034,55,55,RLPolicy,0,0,0,0,1.20397,1,4.56572,41,41,4.49843,598,1
E3-Strict-p030,45.5058,447,447,RLPolicy,0,0,0,0,1.20397,1,4.75589,57,57,4.68256,598,1
E3-Strict-p030,45.5096,441,441,RLPolicy,0,0,0,0,1.20397,1,7.71981,47,47,7.65196,598,1
E3-Strict-p030,45.5143,93,93,RLPolicy,0,0,0,0,1.20397,1,5.68174,71,71,5.5996,598,1
E3-Strict-p030,45.5147,53,53,RLPolicy,0,0,0,0,1.20397,1,4.54071,79,79,4.44565,598,1
E3-Strict-p030,45.516,385,385,RLPolicy,0,0,0,0,1.20397,1,4.56983,72,72,4.50247,598,1
E3-Strict-p030,45.5175,391,391,RLPolicy,0,0,0,0,1.20397,1,4.26461,70,70,4.17394,598,0.997446
E3-Strict-p030,45.5196,113,113,RLPolicy,0,0,0,0,1.20397,1,5.18953,30,30,5.12773,598,0.989783
E3-Strict-p030,45.5226,44,44,RLPolicy,0,0,0,0,1.20397,1,6.16929,56,56,6.04319,598,0.999385
E3-Strict-p030,45.5226,268,268,RLPolicy,0,0,0,0,1.20397,1,4.97658,60,60,4.89118,598,1
E3-Strict-p030,45.5267,274,274,RLPolicy,0,0,0,0,1.20397,1,4.91671,50,50,4.84779,598,0.997446
E3-Strict-p030,45.5304,0,0,RLPolicy,0,0,0,0,1.20397,1,5.10508,78,78,5.02027,598,1
E3-Strict-p030,45.5349,124,124,RLPolicy,0,0,0,0,1.20397,1,5.37037,68,68,5.29654,598,0.997446
E3-Strict-p030,45.5365,186,186,RLPolicy,0,0,0,0,1.20397,1,5.04706,76,76,4.96243,598,1
E3-Strict-p030,45.544,452,452,RLPolicy,0,0,0,0,1.20397,1,4.21507,2,2,4.14621,598,1
E3-Strict-p030,45.546,169,169,RLPolicy,0,0,0,0,1.20397,1,5.29103,87,87,5.19323,598,0.992338
E3-Strict-p030,45.547,91,91,RLPolicy,0,0,0,0,1.20397,1,6.21928,58,58,6.14469,598,0.997446
E3-Strict-p030,45.5542,273,273,RLPolicy,0,0,0,0,1.20397,1,6.07311,116,116,5.98609,598,0.997446
E3-Strict-p030,45.5567,287,287,RLPolicy,0,0,0,0,1.20397,1,5.50189,7,7,5.41767,598,1
E3-Strict-p030,45.5606,115,115,RLPolicy,0,0,0,0,1.20397,1,4.89426,87,87,4.80123,598,1
E3-Strict-p030,45.5775,118,248,RLPolicy,1,1,0.0444047,0.693147,1.20397,3,4.88216,137,155,4.67356,598,0.994892
E3-Strict-p030,45.5866,399,399,RLPolicy,0,0,0,0,1.20397,1,4.58117,55,55,4.50987,598,1
E3-Strict-p030,45.5875,127,571,RLPolicy,1,1,0.03712,0.693147,1.20397,3,6.50765,98,107,6.30462,598,0.989783
E3-Strict-p030,45.5884,361,361,RLPolicy,0,0,0,0,1.20397,1,6.34112,12,12,5.81829,598,1
E3-Strict-p030,45.5932,478,478,RLPolicy,0,0,0,0,1.20397,1,5.48493,50,50,5.40543,598,1
E3-Strict-p030,45.5937,471,471,RLPolicy,0,0,0,0,1.20397,1,5.14927,97,97,5.07023,598,1
E3-Strict-p030,45.5961,193,193,RLPolicy,0,0,0,0,1.20397,1,4.15787,75,75,4.10681,598,1
E3-Strict-p030,45.597,242,242,RLPolicy,0,0,0,0,1.20397,1,4.45929,62,62,4.39574,598,0.994892
E3-Strict-p030,45.5972,260,260,RLPolicy,0,0,0,0,1.20397,1,4.98932,61,61,4.93071,598,1
E3-Strict-p030,45.6055,241,241,RLPolicy,0,0,0,0,1.20397,1,4.94955,20,20,4.89426,599,0.997446
E3-Strict-p030,45.6119,469,469,RLPolicy,0,0,0,0,1.20397,1,5.43479,86,86,5.36801,599,1
E3-Strict-p030,45.6121,461,461,RLPolicy,0,0,0,0,1.20397,1,4.56536,34,34,4.49997,599,1
E3-Strict-p030,45.6195,427,427,RLPolicy,0,0,0,0,1.20397,1,9.69542,55,55,9.58752,599,1
E3-Strict-p030,45.6262,143,143,RLPolicy,0,0,0,0,1.20397,1,5.15643,8,8,5.08956,599,1
E3-Strict-p030,45.6292,437,437,RLPolicy,0,0,0,0,1.20397,1,5.97136,52,52,5.89795,599,1
E3-Strict-p030,45.6365,251,251,RLPolicy,0,0,0,0,1.20397,1,5.1986,79,79,5.10871,599,0.997446
E3-Strict-p030,45.6376,338,338,RLPolicy,0,0,0,0,1.20397,1,4.77418,68,68,4.7048,599,1
E3-Strict-p030,45.6418,133,133,RLPolicy,0,0,0,0,1.20397,1,8.28485,118,118,8.06074,599,0.991567
E3-Strict-p030,45.6516,89,89,RLPolicy,0,0,0,0,1.20397,1,6.43386,57,57,6.36302,599,0.997446
E3-Strict-p030,45.6584,311,529,RLPolicy,1,1,0.0739482,0.693147,1.20397,3,5.11298,133,136,4.91022,599,0.994892
E3-Strict-p030,45.6637,372,372,RLPolicy,0,0,0,0,1.20397,1,5.90554,96,96,5.82258,599,1
E3-Strict-p030,45.664,360,360,RLPolicy,0,0,0,0,1.20397,1,4.91543,21,21,4.85446,599,1
E3-Strict-p030,45.6757,83,83,RLPolicy,0,0,0,0,1.20397,1,5.33545,85,85,5.24803,599,0.997446
E3-Strict-p030,45.6803,60,60,RLPolicy,0,0,0,0,1.20397,1,5.04432,57,57,4.95986,599,1
E3-Strict-p030,45.6821,173,423,RLPolicy,1,1,0.0509775,0.693147,1.20397,3,5.28479,141,162,5.04736,599,0.994892
E3-Strict-p030,45.6846,102,102,RLPolicy,0,0,0,0,1.20397,1,5.87976,52,52,5.77891,599,0.997446
E3-Strict-p030,45.685,246,246,RLPolicy,0,0,0,0,1.20397,1,5.01376,73,73,4.9217,599,1
E3-Strict-p030,45.6869,35,38,RLPolicy,1,1,0.0396903,1.08091,1.20397,4,6.64392,263,269,6.31217,599,0.994276
E3-Strict-p030,45.6888,426,426,RLPolicy,0,0,0,0,1.20397,1,6.92627,12,12,6.80362,599,1
E3-Strict-p030,45.6944,96,96,RLPolicy,0,0,0,0,1.20397,1,7.29623,60,60,7.17958,599,1
E3-Strict-p030,45.6949,183,183,RLPolicy,0,0,0,0,1.20397,1,6.19621,20,20,6.10805,599,0.994121
E3-Strict-p030,45.6981,154,154,RLPolicy,0,0,0,0,1.20397,1,6.25824,12,12,5.94859,599,1
E3-Strict-p030,45.6998,379,379,RLPolicy,0,0,0,0,1.20397,1,6.47065,57,57,6.38989,599,0.997446
E3-Strict-p030,45.7015,267,267,RLPolicy,0,0,0,0,1.20397,1,5.48931,73,73,5.40604,600,0.997446
E3-Strict-p030,45.7018,11,11,RLPolicy,0,0,0,0,1.20397,1,5.40502,20,20,5.33021,600,1
E3-Strict-p030,45.7053,454,454,RLPolicy,0,0,0,0,1.20397,1,5.7868,11,11,5.67072,600,1
E3-Strict-p030,45.708,288,288,RLPolicy,0,0,0,0,1.20397,1,9.25512,39,39,9.18238,600,0.997446
E3-Strict-p030,45.7095,266,266,RLPolicy,0,0,0,0,1.20397,1,4.81932,73,73,4.76368,600,0.997446
E3-Strict-p030,45.7105,439,439,RLPolicy,0,0,0,0,1.20397,1,6.56534,77,77,6.44617,600,1
E3-Strict-p030,45.7179,126,126,RLPolicy,0,0,0,0,1.20397,1,6.12198,62,62,6.03194,600,0.997446
E3-Strict-p030,45.7208,284,284,RLPolicy,0,0,0,0,1.20397,1,9.02259,66,66,8.81857,600,0.997446
E3-Strict-p030,45.7213,239,239,RLPolicy,0,0,0,0,1.20397,1,5.70909,29,29,5.61459,600,0.997446
E3-Strict-p030,45.725,136,136,RLPolicy,0,0,0,0,1.20397,1,8.05449,89,89,7.91082,600,0.997446
E3-Strict-p030,45.7285,332,332,RLPolicy,0,0,0,0,1.20397,1,5.6417,55,55,5.53973,600,1
E3-Strict-p030,45.7331,108,108,RLPolicy,0,0,0,0,1.20397,1,5.40068,39,39,5.30657,600,0.997446
E3-Strict-p030,45.7354,257,257,RLPolicy,0,0,0,0,1.20397,1,6.01311,56,56,5.86949,600,0.997446
E3-Strict-p030,45.7398,27,27,RLPolicy,0,0,0,0,1.20397,1,5.31992,72,72,5.24846,600,0.997446
E3-Strict-p030,45.7442,367,367,RLPolicy,0,0,0,0,1.20397,1,5.66642,80,80,5.59081,600,1
E3-Strict-p030,45.7501,106,106,RLPolicy,0,0,0,0,1.20397,1,5.26037,60,60,5.18938,600,1
E3-Strict-p030,45.7543,262,262,RLPolicy,0,0,0,0,1.20397,1,6.88821,61,61,6.7454,600,0.994892
E3-Strict-p030,45.7547,476,476,RLPolicy,0,0,0,0,1.20397,1,5.47099,31,31,5.35374,600,1
E3-Strict-p030,45.7683,73,73,RLPolicy,0,0,0,0,1.20397,1,7.68247,87,87,7.53582,600,0.997446
E3-Strict-p030,45.7693,82,82,RLPolicy,0,0,0,0,1.20397,1,5.87155,90,90,5.7874,600,0.992338
E3-Strict-p030,45.7726,271,271,RLPolicy,0,0,0,0,1.20397,1,4.81437,61,61,4.73914,600,1
E3-Strict-p030,45.7745,123,123,RLPolicy,0,0,0,0,1.20397,1,4.93544,23,23,4.86367,600,0.997446
E3-Strict-p030,45.7892,234,234,RLPolicy,0,0,0,0,1.20397,1,8.18847,57,57,8.0669,600,0.997446
E3-Strict-p030,45.7909,131,131,RLPolicy,0,0,0,0,1.20397,1,5.58075,33,33,5.47641,600,0.994892
E3-Strict-p030,45.7917,275,275,RLPolicy,0,0,0,0,1.20397,1,5.71615,99,99,5.56744,2,1
E3-Strict-p030,45.7932,440,429,RLPolicy,1,1,0.102479,0.693147,1.20397,3,5.89405,48,70,5.66891,600,0.997446
E3-Strict-p030,45.7944,300,300,RLPolicy,0,0,0,0,1.20397,1,6.97073,35,35,6.88006,600,0.997446
E3-Strict-p030,45.7966,352,352,RLPolicy,0,0,0,0,1.20397,1,6.40502,59,59,6.2629,600,1
E3-Strict-p030,45.802,434,434,RLPolicy,0,0,0,0,1.20397,1,5.80517,69,69,5.73721,604,1
E3-Strict-p030,45.8046,333,333,RLPolicy,0,0,0,0,1.20397,1,4.42825,95,95,4.35064,604,0.997446
E3-Strict-p030,45.8059,483,483,RLPolicy,0,0,0,0,1.20397,1,9.21136,28,28,9.10446,604,1
E3-Strict-p030,45.8099,492,492,RLPolicy,0,0,0,0,1.20397,1,7.92488,57,57,7.81769,604,1
E3-Strict-p030,45.8192,252,252,RLPolicy,0,0,0,0,1.20397,1,5.15954,72,72,5.08183,604,1
E3-Strict-p030,45.8206,98,98,RLPolicy,0,0,0,0,1.20397,1,9.52548,50,50,9.44857,604,0.997446
E3-Strict-p030,45.8213,364,364,RLPolicy,0,0,0,0,1.20397,1,11.1726,11,11,11.0386,604,0.997446
E3-Strict-p030,45.8215,428,428,RLPolicy,0,0,0,0,1.20397,1,4.67124,22,22,4.60392,604,1
E3-Strict-p030,45.8236,5,5,RLPolicy,0,0,0,0,1.20397,1,5.86241,70,70,5.79718,604,0.993365
E3-Strict-p030,45.8346,92,92,RLPolicy,0,0,0,0,1.20397,1,5.6029,29,29,5.5027,604,1
E3-Strict-p030,45.8383,217,217,RLPolicy,0,0,0,0,1.20397,1,6.66728,53,53,6.54681,604,1
E3-Strict-p030,45.8393,128,128,RLPolicy,0,0,0,0,1.20397,1,5.51764,89,89,5.44814,604,0.997446
E3-Strict-p030,45.847,184,184,RLPolicy,0,0,0,0,1.20397,1,6.26723,82,82,6.17083,604,0.994892
E3-Strict-p030,45.8562,22,532,RLPolicy,1,1,0.0341631,0.693147,1.20397,3,5.95054,97,114,5.61873,604,0.997446
E3-Strict-p030,45.8632,34,257,RLPolicy,1,1,0.038433,0.693147,1.20397,3,6.76023,155,172,6.5194,604,0.989783
E3-Strict-p030,45.8635,162,162,RLPolicy,0,0,0,0,1.20397,1,5.43548,36,36,5.36082,604,1
E3-Strict-p030,45.87,138,138,RLPolicy,0,0,0,0,1.20397,1,7.63939,96,96,7.44086,604,0.994892
E3-Strict-p030,45.8787,254,254,RLPolicy,0,0,0,0,1.20397,1,5.63409,69,69,5.54915,604,0.997446
E3-Strict-p030,45.8791,58,58,RLPolicy,0,0,0,0,1.20397,1,6.20931,78,78,6.13397,604,0.986614
E3-Strict-p030,45.8833,168,168,RLPolicy,0,0,0,0,1.20397,1,6.47391,97,97,6.37155,604,1
E3-Strict-p030,45.8863,269,530,RLPolicy,1,1,0.0627288,0.693147,1.20397,3,4.8223,58,89,4.67691,604,0.994892
E3-Strict-p030,45.8973,230,230,RLPolicy,0,0,0,0,1.20397,1,5.7841,11,11,5.62258,604,1
E3-Strict-p030,45.9075,318,318,RLPolicy,0,0,0,0,1.20397,1,6.54206,1,1,6.45059,605,1
E3-Strict-p030,45.9181,286,286,RLPolicy,0,0,0,0,1.20397,1,9.15907,37,37,9.06423,1,1
E3-Strict-p030,45.9225,316,316,RLPolicy,0,0,0,0,1.20397,1,5.31915,55,55,5.24324,605,0.997446
E3-Strict-p030,45.9248,204,204,RLPolicy,0,0,0,0,1.20397,1,5.34177,79,79,5.23435,605,1
E3-Strict-p030,45.928,155,155,RLPolicy,0,0,0,0,1.20397,1,10.63,77,77,10.508,605,0.997446
E3-Strict-p030,45.9301,432,487,RLPolicy,1,1,0.100852,0.693147,1.20397,3,7.609,69,102,7.40229,605,0.997446
E3-Strict-p030,45.9403,181,181,RLPolicy,0,0,0,0,1.20397,1,5.76636,11,11,5.69411,605,1
E3-Strict-p030,45.95,414,414,RLPolicy,0,0,0,0,1.20397,1,5.45284,78,78,5.37265,605,1
E3-Strict-p030,45.9534,424,424,RLPolicy,0,0,0,0,1.20397,1,7.1263,56,56,6.86958,605,1
E3-Strict-p030,45.9546,295,295,RLPolicy,0,0,0,0,1.20397,1,12.3772,80,80,12.0715,605,0.994892
E3-Strict-p030,45.9613,342,342,RLPolicy,0,0,0,0,1.20397,1,6.69517,100,100,6.57021,605,1
E3-Strict-p030,45.9666,395,395,RLPolicy,0,0,0,0,1.20397,1,6.35964,98,98,6.2274,605,1
E3-Strict-p030,45.9719,41,7,RLPolicy,1,1,0.0299253,0.693147,1.20397,3,7.68311,140,152,7.46449,605,0.996831
E3-Strict-p030,45.9732,475,475,RLPolicy,0,0,0,0,1.20397,1,5.53798,28,28,5.45118,605,1
E3-Strict-p030,45.9791,304,304,RLPolicy,0,0,0,0,1.20397,1,8.10608,59,59,8.01768,605,1
E3-Strict-p030,45.981,187,187,RLPolicy,0,0,0,0,1.20397,1,6.05164,55,55,5.95191,605,1
E3-Strict-p030,45.9815,69,462,RLPolicy,1,1,0.0499282,0.693147,1.20397,3,6.50903,102,114,6.24065,605,0.997446
E3-Strict-p030,45.9821,42,42,RLPolicy,0,0,0,0,1.20397,1,7.22903,21,21,7.0866,605,0.997446
E3-Strict-p030,45.9873,457,457,RLPolicy,0,0,0,0,1.20397,1,4.76731,30,30,4.69531,605,0.997446
E3-Strict-p030,45.9879,144,144,RLPolicy,0,0,0,0,1.20397,1,6.73805,74,74,6.52159,605,0.997446
E3-Strict-p030,45.9963,486,486,RLPolicy,0,0,0,0,1.20397,1,7.03991,63,63,6.95545,1,1
E3-Strict-p030,46.002,229,229,RLPolicy,0,0,0,0,1.20397,1,5.37859,76,76,5.30912,608,0.997446
E3-Strict-p030,46.0034,412,412,RLPolicy,0,0,0,0,1.20397,1,5.1124,62,62,5.03924,608,0.997446
E3-Strict-p030,46.0054,194,194,RLPolicy,0,0,0,0,1.20397,1,5.04577,94,94,4.9857,608,0.992338
E3-Strict-p030,46.0119,30,480,RLPolicy,1,1,0.0384804,1.08091,1.20397,4,5.55333,157,161,5.23865,608,0.999385
E3-Strict-p030,46.0153,21,217,RLPolicy,1,1,0.0333993,0.387766,1.20397,3,5.70772,92,170,5.40564,608,0.991019
E3-Strict-p030,46.0171,24,291,RLPolicy,1,1,0.0143506,0.693147,1.20397,3,5.21848,125,137,4.98872,608,0.994892
E3-Strict-p030,46.0191,10,10,RLPolicy,0,0,0,0,1.20397,1,4.83868,29,29,4.77043,608,0.995919
E3-Strict-p030,46.0214,256,256,RLPolicy,0,0,0,0,1.20397,1,4.30988,8,8,4.25597,608,0.997446
E3-Strict-p030,46.0261,198,198,RLPolicy,0,0,0,0,1.20397,1,6.2758,25,25,6.09225,608,1
E3-Strict-p030,46.0273,2,2,RLPolicy,0,0,0,0,1.20397,1,4.99415,58,58,4.927,608,0.999385
E3-Strict-p030,46.0327,317,317,RLPolicy,0,0,0,0,1.20397,1,5.24384,92,92,5.15786,608,1
E3-Strict-p030,46.0348,4,4,RLPolicy,0,0,0,0,1.20397,1,4.95843,19,19,4.87633,608,1
E3-Strict-p030,46.0354,369,369,RLPolicy,0,0,0,0,1.20397,1,5.00017,18,18,4.86766,608,1
E3-Strict-p030,46.0378,495,495,RLPolicy,0,0,0,0,1.20397,1,5.97186,8,8,5.8643,608,1
E3-Strict-p030,46.0396,29,29,RLPolicy,0,0,0,0,1.20397,1,5.60098,40,40,5.53572,608,0.997858
E3-Strict-p030,46.0461,165,165,RLPolicy,0,0,0,0,1.20397,1,6.43686,57,57,6.2908,608,0.994892
E3-Strict-p030,46.0503,473,284,RLPolicy,1,1,0.108069,0.693147,1.20397,3,5.02076,111,145,4.8377,608,0.994892
E3-Strict-p030,46.0519,64,64,RLPolicy,0,0,0,0,1.20397,1,5.33786,66,66,5.25759,608,1
E3-Strict-p030,46.0545,383,383,RLPolicy,0,0,0,0,1.20397,1,6.54491,16,16,6.43128,608,1
E3-Strict-p030,46.0551,445,445,RLPolicy,0,0,0,0,1.20397,1,5.63486,57,57,5.5084,608,1
E3-Strict-p030,46.0559,388,388,RLPolicy,0,0,0,0,1.20397,1,4.43958,25,25,4.37768,608,1
E3-Strict-p030,46.058,207,207,RLPolicy,0,0,0,0,1.20397,1,6.56788,61,61,6.48844,608,1
E3-Strict-p030,46.0581,139,139,RLPolicy,0,0,0,0,1.20397,1,5.96849,56,56,5.86749,608,1
E3-Strict-p030,46.0703,394,394,RLPolicy,0,0,0,0,1.20397,1,5.26556,56,56,5.14541,608,1
E3-Strict-p030,46.0802,289,289,RLPolicy,0,0,0,0,1.20397,1,6.28795,11,11,6.16518,608,1
E3-Strict-p030,46.0883,299,299,RLPolicy,0,0,0,0,1.20397,1,6.08084,71,71,5.99183,608,0.997446
E3-Strict-p030,46.0931,442,442,RLPolicy,0,0,0,0,1.20397,1,6.86973,69,69,6.76677,608,1
E3-Strict-p030,46.0981,211,211,RLPolicy,0,0,0,0,1.20397,1,4.5751,57,57,4.35203,4,0.997446
E3-Strict-p030,46.0981,129,129,RLPolicy,0,0,0,0,1.20397,1,8.37974,31,31,8.29423,608,1
E3-Strict-p030,46.1025,75,75,RLPolicy,0,0,0,0,1.20397,1,5.19704,55,55,5.11473,608,1
E3-Strict-p030,46.1044,450,355,RLPolicy,1,1,0.10444,0.693147,1.20397,3,5.14116,96,112,4.94242,608,0.997446
E3-Strict-p030,46.1079,321,321,RLPolicy,0,0,0,0,1.20397,1,4.93713,11,11,4.86555,608,1
E3-Strict-p030,46.1207,57,57,RLPolicy,0,0,0,0,1.20397,1,4.61188,8,8,4.55226,608,0.997446
E3-Strict-p030,46.1215,358,358,RLPolicy,0,0,0,0,1.20397,1,12.698,72,72,12.6064,608,1
E3-Strict-p030,46.1282,148,148,RLPolicy,0,0,0,0,1.20397,1,5.06675,15,15,4.99364,608,1
E3-Strict-p030,46.1384,283,283,RLPolicy,0,0,0,0,1.20397,1,4.89877,68,68,4.79946,608,1
E3-Strict-p030,46.1603,384,384,RLPolicy,0,0,0,0,1.20397,1,6.66072,56,56,6.54366,608,0.997446
E3-Strict-p030,46.168,282,282,RLPolicy,0,0,0,0,1.20397,1,5.3476,98,98,5.25743,608,0.994892
E3-Strict-p030,46.1691,130,130,RLPolicy,0,0,0,0,1.20397,1,5.63243,23,23,5.45388,608,1
E3-Strict-p030,46.1793,110,110,RLPolicy,0,0,0,0,1.20397,1,5.78293,10,10,5.68674,608,1
E3-Strict-p030,46.1831,403,403,RLPolicy,0,0,0,0,1.20397,1,5.9299,60,60,5.84839,608,1
E3-Strict-p030,46.1834,31,31,RLPolicy,0,0,0,0,1.20397,1,5.47591,71,71,5.37051,608,0.997446
E3-Strict-p030,46.1837,185,185,RLPolicy,0,0,0,0,1.20397,1,5.85625,55,55,5.71662,608,1
E3-Strict-p030,46.1898,493,493,RLPolicy,0,0,0,0,1.20397,1,5.35296,82,82,5.27563,608,1
E3-Strict-p030,46.1952,344,344,RLPolicy,0,0,0,0,1.20397,1,4.65073,8,8,4.58827,608,1
E3-Strict-p030,46.1987,365,365,RLPolicy,0,0,0,0,1.20397,1,5.75923,29,29,5.67138,608,1
E3-Strict-p030,46.2045,202,202,RLPolicy,0,0,0,0,1.20397,1,5.13755,60,60,5.0179,608,1
E3-Strict-p030,46.2066,375,375,RLPolicy,0,0,0,0,1.20397,1,9.5449,68,68,9.43364,608,0.997446
E3-Strict-p030,46.2083,167,167,RLPolicy,0,0,0,0,1.20397,1,6.31916,73,73,6.16925,608,0.994892
E3-Strict-p030,46.2109,33,172,RLPolicy,1,1,0.00361347,1.08091,1.20397,4,5.49864,152,155,5.22068,608,0.998769
E3-Strict-p030,46.2113,307,307,RLPolicy,0,0,0,0,1.20397,1,6.15855,60,60,6.03856,608,0.997446
E3-Strict-p030,46.2142,337,337,RLPolicy,0,0,0,0,1.20397,1,5.06972,27,27,4.98458,608,1
E3-Strict-p030,46.2147,219,219,RLPolicy,0,0,0,0,1.20397,1,4.88259,60,60,4.80616,608,1
E3-Strict-p030,46.2149,156,156,RLPolicy,0,0,0,0,1.20397,1,5.6791,101,101,5.52784,2,1
E3-Strict-p030,46.225,313,313,RLPolicy,0,0,0,0,1.20397,1,6.33475,75,75,6.25094,608,1
E3-Strict-p030,46.2286,328,328,RLPolicy,0,0,0,0,1.20397,1,5.26426,38,38,5.19568,608,1
E3-Strict-p030,46.2357,71,71,RLPolicy,0,0,0,0,1.20397,1,4.30525,16,16,4.23677,608,1
E3-Strict-p030,46.2389,238,238,RLPolicy,0,0,0,0,1.20397,1,4.83645,15,15,4.76699,608,1
E3-Strict-p030,46.2418,70,70,RLPolicy,0,0,0,0,1.20397,1,5.01035,61,61,4.92816,608,0.997446
E3-Strict-p030,46.2481,296,296,RLPolicy,0,0,0,0,1.20397,1,12.2842,64,64,12.1898,608,0.997446
E3-Strict-p030,46.2501,176,176,RLPolicy,0,0,0,0,1.20397,1,11.285,2,2,11.2236,608,1
E3-Strict-p030,46.2538,125,125,RLPolicy,0,0,0,0,1.20397,1,6.57637,60,60,6.43667,608,1
E3-Strict-p030,46.2636,84,84,RLPolicy,0,0,0,0,1.20397,1,5.68825,88,88,5.53922,2,0.997446
E3-Strict-p030,46.2688,456,456,RLPolicy,0,0,0,0,1.20397,1,3.69189,10,10,3.61453,2,1
E3-Strict-p030,46.2726,419,419,RLPolicy,0,0,0,0,1.20397,1,6.92951,54,54,6.84885,608,1
E3-Strict-p030,46.274,294,294,RLPolicy,0,0,0,0,1.20397,1,7.32026,62,62,7.22769,608,1
E3-Strict-p030,46.2765,411,411,RLPolicy,0,0,0,0,1.20397,1,4.77919,20,20,4.71205,608,1
E3-Strict-p030,46.2773,497,497,RLPolicy,0,0,0,0,1.20397,1,7.02386,58,58,6.93474,608,1
E3-Strict-p030,46.2779,231,231,RLPolicy,0,0,0,0,1.20397,1,6.19851,101,101,6.07504,608,0.997446
E3-Strict-p030,46.2965,250,250,RLPolicy,0,0,0,0,1.20397,1,5.47716,73,73,5.34929,608,1
E3-Strict-p030,46.2985,285,485,RLPolicy,1,1,0.0746635,0.693147,1.20397,3,6.59755,112,125,6.35451,608,0.994892
E3-Strict-p030,46.302,87,87,RLPolicy,0,0,0,0,1.20397,1,6.03404,75,75,5.92311,608,0.997446
E3-Strict-p030,46.3072,276,89,RLPolicy,1,1,0.0686164,0.693147,1.20397,3,4.81996,102,133,4.6114,608,0.997446
E3-Strict-p030,46.3166,104,104,RLPolicy,0,0,0,0,1.20397,1,9.36077,88,88,9.14595,608,0.989783
E3-Strict-p030,46.3173,339,204,RLPolicy,1,1,0.0822077,0.693147,1.20397,3,5.54101,105,119,5.27224,608,0.997446
E3-Strict-p030,46.3207,351,351,RLPolicy,0,0,0,0,1.20397,1,4.60145,59,59,4.54305,608,1
E3-Strict-p030,46.3243,402,402,RLPolicy,0,0,0,0,1.20397,1,5.41087,68,68,5.32564,608,0.997446
E3-Strict-p030,46.3245,23,23,RLPolicy,0,0,0,0,1.20397,1,4.7587,84,84,4.70378,608,1
E3-Strict-p030,46.3271,195,195,RLPolicy,0,0,0,0,1.20397,1,5.51679,63,63,5.42884,608,0.992338
E3-Strict-p030,46.3289,77,77,RLPolicy,0,0,0,0,1.20397,1,5.6119,60,60,5.52586,608,1
E3-Strict-p030,46.3292,292,292,RLPolicy,0,0,0,0,1.20397,1,9.08887,65,65,9.0157,608,1
E3-Strict-p030,46.3318,224,224,RLPolicy,0,0,0,0,1.20397,1,9.85908,32,32,9.67356,608,0.997446
E3-Strict-p030,46.337,498,498,RLPolicy,0,0,0,0,1.20397,1,5.81176,112,112,5.73212,608,1
E3-Strict-p030,46.3412,79,79,RLPolicy,0,0,0,0,1.20397,1,4.47011,68,68,4.40866,608,0.997446
E3-Strict-p030,46.3419,32,551,RLPolicy,1,1,0.0412665,0.693147,1.20397,3,5.52443,89,143,5.33669,608,0.99275
E3-Strict-p030,46.3441,37,37,RLPolicy,0,0,0,0,1.20397,1,3.15539,12,12,3.11229,1,0.997446
E3-Strict-p030,46.3614,480,480,RLPolicy,0,0,0,0,1.20397,1,4.65662,26,26,4.59076,608,1
E3-Strict-p030,46.3624,297,297,RLPolicy,0,0,0,0,1.20397,1,6.26098,55,55,6.13566,608,0.997446
E3-Strict-p030,46.3647,309,309,RLPolicy,0,0,0,0,1.20397,1,6.03865,57,57,5.8987,608,0.997446
E3-Strict-p030,46.367,319,319,RLPolicy,0,0,0,0,1.20397,1,5.75005,35,35,5.65366,608,1
E3-Strict-p030,46.373,236,236,RLPolicy,0,0,0,0,1.20397,1,6.90685,72,72,6.80859,608,1
E3-Strict-p030,46.3751,373,373,RLPolicy,0,0,0,0,1.20397,1,5.35466,33,33,5.24666,608,1
E3-Strict-p030,46.3826,157,157,RLPolicy,0,0,0,0,1.20397,1,6.79761,22,22,6.73256,608,0.997446
E3-Strict-p030,46.3841,170,38,RLPolicy,1,1,0.0432402,0.693147,1.20397,3,5.32894,36,43,5.15878,608,0.992338
E3-Strict-p030,46.3855,479,479,RLPolicy,0,0,0,0,1.20397,1,4.95328,57,57,4.86664,608,1
E3-Strict-p030,46.3916,270,270,RLPolicy,0,0,0,0,1.20397,1,5.06697,53,53,4.97133,608,0.994892
E3-Strict-p030,46.3957,158,158,RLPolicy,0,0,0,0,1.20397,1,6.36353,26,26,6.24764,608,0.994892
E3-Strict-p030,46.3981,481,481,RLPolicy,0,0,0,0,1.20397,1,5.11064,86,86,5.04583,608,1
E3-Strict-p030,46.3998,306,306,RLPolicy,0,0,0,0,1.20397,1,6.13961,21,21,6.07147,608,0.997446
E3-Strict-p030,46.4142,261,453,RLPolicy,1,1,0.0773613,0.693147,1.20397,3,7.22641,76,81,6.95418,608,0.997446
E3-Strict-p030,46.4307,366,366,RLPolicy,0,0,0,0,1.20397,1,10.2097,89,89,9.91254,608,1
E3-Strict-p030,46.4308,215,215,RLPolicy,0,0,0,0,1.20397,1,5.32742,12,12,5.15347,608,1
E3-Strict-p030,46.4407,423,423,RLPolicy,0,0,0,0,1.20397,1,6.45346,57,57,6.35359,608,1
E3-Strict-p030,46.4431,354,354,RLPolicy,0,0,0,0,1.20397,1,5.82722,76,76,5.69722,608,0.997446
E3-Strict-p030,46.4504,191,250,RLPolicy,1,1,0.0456998,0.693147,1.20397,3,5.42012,120,140,5.19877,608,0.997446
E3-Strict-p030,46.4513,435,561,RLPolicy,1,1,0.11022,0.693147,1.20397,3,9.87961,34,36,9.67287,608,0.997446
E3-Strict-p030,46.4532,28,28,RLPolicy,0,0,0,0,1.20397,1,5.86562,32,32,5.57191,608,0.997446
E3-Strict-p030,46.4538,278,278,RLPolicy,0,0,0,0,1.20397,1,5.76064,41,41,5.64801,608,1
E3-Strict-p030,46.466,400,400,RLPolicy,0,0,0,0,1.20397,1,4.97237,17,17,4.87528,608,1
E3-Strict-p030,46.4661,401,401,RLPolicy,0,0,0,0,1.20397,1,5.70194,54,54,5.57574,608,1
E3-Strict-p030,46.4663,72,72,RLPolicy,0,0,0,0,1.20397,1,5.39113,19,19,5.27099,608,0.997446
E3-Strict-p030,46.4682,197,197,RLPolicy,0,0,0,0,1.20397,1,5.27352,29,29,5.18994,608,1
E3-Strict-p030,46.4701,349,349,RLPolicy,0,0,0,0,1.20397,1,5.45519,56,56,5.35676,608,1
E3-Strict-p030,46.4706,462,462,RLPolicy,0,0,0,0,1.20397,1,5.24122,48,48,5.14446,608,1
E3-Strict-p030,46.4737,329,329,RLPolicy,0,0,0,0,1.20397,1,5.33654,54,54,5.22952,608,1
E3-Strict-p030,46.4806,85,85,RLPolicy,0,0,0,0,1.20397,1,5.84484,14,14,5.1722,608,1
E3-Strict-p030,46.4809,18,18,RLPolicy,0,0,0,0,1.20397,1,5.63481,68,68,5.52566,608,1
E3-Strict-p030,46.4816,132,132,RLPolicy,0,0,0,0,1.20397,1,10.7115,22,22,10.5437,608,1
E3-Strict-p030,46.4885,330,330,RLPolicy,0,0,0,0,1.20397,1,6.22429,45,45,6.0948,608,1
E3-Strict-p030,46.4931,489,489,RLPolicy,0,0,0,0,1.20397,1,5.45609,75,75,5.25988,608,1
E3-Strict-p030,46.4955,345,345,RLPolicy,0,0,0,0,1.20397,1,5.39225,56,56,5.29941,608,0.997446
E3-Strict-p030,46.4993,500,500,RLPolicy,0,0,0,0,1.20397,1,5.34763,15,15,5.23538,608,1
E3-Strict-p030,46.501,171,171,RLPolicy,0,0,0,0,1.20397,1,6.22193,55,55,6.0869,609,1
E3-Strict-p030,46.5044,6,6,RLPolicy,0,0,0,0,1.20397,1,5.99546,40,40,5.82846,609,1
E3-Strict-p030,46.5077,281,281,RLPolicy,0,0,0,0,1.20397,1,4.26888,12,12,4.22038,609,0.997446
E3-Strict-p030,46.5099,431,431,RLPolicy,0,0,0,0,1.20397,1,10.584,12,12,10.4777,609,1
E3-Strict-p030,46.5125,142,142,RLPolicy,0,0,0,0,1.20397,1,5.80419,60,60,5.72792,609,0.997446
E3-Strict-p030,46.5148,78,78,RLPolicy,0,0,0,0,1.20397,1,4.81284,49,49,4.74083,609,0.997446
E3-Strict-p030,46.5245,233,233,RLPolicy,0,0,0,0,1.20397,1,6.36713,51,51,6.25209,609,1
E3-Strict-p030,46.5295,227,227,RLPolicy,0,0,0,0,1.20397,1,8.46825,43,43,8.29608,609,0.997446
E3-Strict-p030,46.541,226,226,RLPolicy,0,0,0,0,1.20397,1,6.27306,5,5,6.12467,609,1
E3-Strict-p030,46.5592,422,422,RLPolicy,0,0,0,0,1.20397,1,5.51636,18,18,5.40806,609,1
E3-Strict-p030,46.5645,459,459,RLPolicy,0,0,0,0,1.20397,1,5.36383,43,43,5.29921,609,1
E3-Strict-p030,46.568,188,188,RLPolicy,0,0,0,0,1.20397,1,5.23648,17,17,5.17831,609,0.997446
E3-Strict-p030,46.5684,119,74,RLPolicy,1,1,0.0423978,0.693147,1.20397,3,5.74938,201,208,5.4923,609,0.992338
E3-Strict-p030,46.5746,353,353,RLPolicy,0,0,0,0,1.20397,1,5.01721,5,5,4.94439,609,1
E3-Strict-p030,46.5853,199,199,RLPolicy,0,0,0,0,1.20397,1,5.7697,75,75,5.67128,609,1
E3-Strict-p030,46.5902,417,417,RLPolicy,0,0,0,0,1.20397,1,5.9793,43,43,5.84084,609,1
E3-Strict-p030,46.5908,346,346,RLPolicy,0,0,0,0,1.20397,1,5.06183,10,10,4.97516,609,1
E3-Strict-p030,46.5908,146,146,RLPolicy,0,0,0,0,1.20397,1,5.35396,11,11,5.22651,609,1
E3-Strict-p030,46.5925,503,503,RLPolicy,0,0,0,0,1.20397,1,6.66207,39,39,6.56961,609,1
E3-Strict-p030,46.5972,382,382,RLPolicy,0,0,0,0,1.20397,1,6.73033,76,76,6.62896,609,1
E3-Strict-p030,46.6015,213,213,RLPolicy,0,0,0,0,1.20397,1,5.52422,61,61,5.46055,610,0.997446
E3-Strict-p030,46.602,47,47,RLPolicy,0,0,0,0,1.20397,1,11.4826,87,87,11.4,610,1
E3-Strict-p030,46.6026,13,13,RLPolicy,0,0,0,0,1.20397,1,5.75654,58,58,5.68135,610,0.999385
E3-Strict-p030,46.6077,470,470,RLPolicy,0,0,0,0,1.20397,1,4.81108,18,18,4.75246,610,1
E3-Strict-p030,46.6137,223,223,RLPolicy,0,0,0,0,1.20397,1,5.1338,70,70,5.05105,610,1
E3-Strict-p030,46.6146,314,314,RLPolicy,0,0,0,0,1.20397,1,8.76978,58,58,8.6661,610,0.997446
E3-Strict-p030,46.6161,100,100,RLPolicy,0,0,0,0,1.20397,1,6.26378,62,62,6.1652,610,0.994892
E3-Strict-p030,46.6323,97,97,RLPolicy,0,0,0,0,1.20397,1,5.91001,55,55,5.82161,610,0.997446
E3-Strict-p030,46.6336,175,175,RLPolicy,0,0,0,0,1.20397,1,5.36529,12,12,5.275,610,1
E3-Strict-p030,46.6343,327,327,RLPolicy,0,0,0,0,1.20397,1,5.00852,22,22,4.95668,610,0.997446
E3-Strict-p030,46.6379,95,95,RLPolicy,0,0,0,0,1.20397,1,6.58631,56,56,6.52135,610,0.997446
E3-Strict-p030,46.6521,90,90,RLPolicy,0,0,0,0,1.20397,1,5.46759,38,38,5.39287,610,0.994892
E3-Strict-p030,46.6543,398,398,RLPolicy,0,0,0,0,1.20397,1,4.70703,61,61,4.62624,610,1
E3-Strict-p030,46.6564,341,341,RLPolicy,0,0,0,0,1.20397,1,4.37006,17,17,4.30794,610,1
E3-Strict-p030,46.6616,413,413,RLPolicy,0,0,0,0,1.20397,1,4.76451,21,21,4.69785,610,1
E3-Strict-p030,46.6686,221,30,RLPolicy,1,1,0.0606787,0.693147,1.20397,3,5.34324,159,166,5.1432,610,0.992338
E3-Strict-p030,46.6691,376,376,RLPolicy,0,0,0,0,1.20397,1,6.43597,89,89,6.28277,610,0.997446
E3-Strict-p030,46.6751,122,122,RLPolicy,0,0,0,0,1.20397,1,6.37929,69,69,6.26509,610,1
E3-Strict-p030,46.6773,248,248,RLPolicy,0,0,0,0,1.20397,1,6.18431,50,50,6.09164,610,1
E3-Strict-p030,46.6791,263,263,RLPolicy,0,0,0,0,1.20397,1,4.74924,75,75,4.66024,610,1
E3-Strict-p030,46.6842,506,506,RLPolicy,0,0,0,0,1.20397,1,3.91717,1,1,3.859,610,1
E3-Strict-p030,46.6861,444,444,RLPolicy,0,0,0,0,1.20397,1,5.86075,79,79,5.77924,610,1
E3-Strict-p030,46.6879,206,206,RLPolicy,0,0,0,0,1.20397,1,4.61712,12,12,4.5686,610,1
E3-Strict-p030,46.6888,189,189,RLPolicy,0,0,0,0,1.20397,1,5.44132,35,35,5.35953,610,0.997446
E3-Strict-p030,46.6943,415,415,RLPolicy,0,0,0,0,1.20397,1,5.26448,70,70,5.15564,610,1
E3-Strict-p030,46.6947,265,265,RLPolicy,0,0,0,0,1.20397,1,4.80803,69,69,4.7261,610,0.994892
E3-Strict-p030,46.6955,449,449,RLPolicy,0,0,0,0,1.20397,1,10.8339,65,65,10.6985,610,0.997446
E3-Strict-p030,46.7003,140,140,RLPolicy,0,0,0,0,1.20397,1,4.73805,37,37,4.66241,610,0.997446
E3-Strict-p030,46.7049,438,438,RLPolicy,0,0,0,0,1.20397,1,5.11656,3,3,5.06736,4,1
E3-Strict-p030,46.7076,15,15,RLPolicy,0,0,0,0,1.20397,1,11.4002,29,29,8.27038,610,1
E3-Strict-p030,46.71,36,36,RLPolicy,0,0,0,0,1.20397,1,4.27094,21,21,4.21996,610,1
E3-Strict-p030,46.7118,137,137,RLPolicy,0,0,0,0,1.20397,1,4.9878,19,19,4.91814,610,0.997446
E3-Strict-p030,46.7251,363,363,RLPolicy,0,0,0,0,1.20397,1,5.58278,14,14,5.49788,610,1
E3-Strict-p030,46.7287,464,464,RLPolicy,0,0,0,0,1.20397,1,5.76117,81,81,5.59099,610,1
E3-Strict-p030,46.7291,243,243,RLPolicy,0,0,0,0,1.20397,1,5.60659,76,76,5.51326,610,1
E3-Strict-p030,46.7297,134,134,RLPolicy,0,0,0,0,1.20397,1,4.54341,8,8,4.47073,610,1
E3-Strict-p030,46.7301,433,433,RLPolicy,0,0,0,0,1.20397,1,6.02632,66,66,5.94747,610,1
E3-Strict-p030,46.7309,272,272,RLPolicy,0,0,0,0,1.20397,1,4.91768,52,52,4.76966,610,0.997446
E3-Strict-p030,46.7337,159,159,RLPolicy,0,0,0,0,1.20397,1,6.18893,34,34,6.09584,610,0.997446
E3-Strict-p030,46.7364,141,141,RLPolicy,0,0,0,0,1.20397,1,5.67818,70,70,5.60242,610,1
E3-Strict-p030,46.7377,436,441,RLPolicy,1,1,0.101645,0.693147,1.20397,3,7.56543,143,158,7.27949,610,0.997446
E3-Strict-p030,46.7478,508,508,RLPolicy,0,0,0,0,1.20397,1,5.2072,61,61,5.10731,610,1
E3-Strict-p030,46.7478,153,153,RLPolicy,0,0,0,0,1.20397,1,5.28663,45,45,5.23031,610,0.997446
E3-Strict-p030,46.7509,465,465,RLPolicy,0,0,0,0,1.20397,1,4.25224,39,39,4.1996,610,1
E3-Strict-p030,46.7548,160,160,RLPolicy,0,0,0,0,1.20397,1,8.62526,16,16,8.54571,610,1
E3-Strict-p030,46.756,237,237,RLPolicy,0,0,0,0,1.20397,1,6.78198,63,63,6.71504,610,0.997446
E3-Strict-p030,46.7581,420,420,RLPolicy,0,0,0,0,1.20397,1,4.42337,28,28,4.35438,610,1
E3-Strict-p030,46.7581,408,408,RLPolicy,0,0,0,0,1.20397,1,5.9296,59,59,5.84896,610,1
E3-Strict-p030,46.7643,135,135,RLPolicy,0,0,0,0,1.20397,1,5.37514,88,88,5.22941,610,0.992338
E3-Strict-p030,46.7716,163,163,RLPolicy,0,0,0,0,1.20397,1,5.80064,67,67,5.71501,610,1
E3-Strict-p030,46.7767,259,259,RLPolicy,0,0,0,0,1.20397,1,6.20409,68,68,6.12644,610,1
E3-Strict-p030,46.7769,277,277,RLPolicy,0,0,0,0,1.20397,1,4.2301,1,1,4.17879,610,1
E3-Strict-p030,46.7772,303,303,RLPolicy,0,0,0,0,1.20397,1,10.5529,22,22,10.3957,610,1
E3-Strict-p030,46.7786,51,51,RLPolicy,0,0,0,0,1.20397,1,7.91763,26,26,7.84858,610,1
E3-Strict-p030,46.7794,374,374,RLPolicy,0,0,0,0,1.20397,1,9.35893,54,54,9.25324,610,1
E3-Strict-p030,46.7823,88,88,RLPolicy,0,0,0,0,1.20397,1,5.3271,73,73,5.25855,610,0.997446
E3-Strict-p030,46.7889,121,121,RLPolicy,0,0,0,0,1.20397,1,6.33264,11,11,6.27014,610,1
E3-Strict-p030,46.7916,291,291,RLPolicy,0,0,0,0,1.20397,1,5.30795,98,98,5.20157,610,0.994892
E3-Strict-p030,46.7959,101,101,RLPolicy,0,0,0,0,1.20397,1,9.37481,31,31,9.29125,610,0.997446
E3-Strict-p030,46.7986,509,294,RLPolicy,1,1,0.00243598,0.693147,1.20397,3,10.8233,160,162,10.4665,610,0.997446
E3-Strict-p030,46.8089,232,232,RLPolicy,0,0,0,0,1.20397,1,7.59128,68,68,7.50874,611,1
E3-Strict-p030,46.8109,460,460,RLPolicy,0,0,0,0,1.20397,1,5.05824,45,45,4.97595,611,1
E3-Strict-p030,46.8131,14,14,RLPolicy,0,0,0,0,1.20397,1,8.67553,39,39,8.60149,611,1
E3-Strict-p030,46.8149,16,16,RLPolicy,0,0,0,0,1.20397,1,8.09791,40,40,8.03445,611,1
E3-Strict-p030,46.8201,334,444,RLPolicy,1,1,0.085101,0.693147,1.20397,3,5.75989,190,199,5.52038,611,0.997446
E3-Strict-p030,46.8287,9,9,RLPolicy,0,0,0,0,1.20397,1,5.29984,55,55,5.23796,611,1
E3-Strict-p030,46.8363,490,490,RLPolicy,0,0,0,0,1.20397,1,4.73027,13,13,4.64766,611,1
E3-Strict-p030,46.8364,192,192,RLPolicy,0,0,0,0,1.20397,1,4.32914,10,10,4.27002,611,0.994892
E3-Strict-p030,46.8437,393,393,RLPolicy,0,0,0,0,1.20397,1,6.63545,89,89,6.47499,611,0.997446
E3-Strict-p030,46.8439,26,26,RLPolicy,0,0,0,0,1.20397,1,4.33187,18,18,4.28155,611,1
E3-Strict-p030,46.8459,477,477,RLPolicy,0,0,0,0,1.20397,1,5.39281,102,102,5.294,611,1
E3-Strict-p030,46.8562,200,200,RLPolicy,0,0,0,0,1.20397,1,4.80037,58,58,4.72653,611,0.997446
E3-Strict-p030,46.8563,484,484,RLPolicy,0,0,0,0,1.20397,1,4.36946,1,1,4.31372,611,1
E3-Strict-p030,46.8575,488,488,RLPolicy,0,0,0,0,1.20397,1,4.60006,46,46,4.52752,611,1
E3-Strict-p030,46.8689,482,482,RLPolicy,0,0,0,0,1.20397,1,4.86736,80,80,4.78403,611,1
E3-Strict-p030,46.869,458,458,RLPolicy,0,0,0,0,1.20397,1,6.26736,99,99,6.14416,611,1
E3-Strict-p030,46.8736,235,235,RLPolicy,0,0,0,0,1.20397,1,6.54583,54,54,6.46345,611,1
E3-Strict-p030,46.8776,62,62,RLPolicy,0,0,0,0,1.20397,1,6.90331,65,65,6.77965,611,1
E3-Strict-p030,46.8881,222,222,RLPolicy,0,0,0,0,1.20397,1,5.07771,74,74,4.98945,611,0.997446
E3-Strict-p030,46.8959,212,212,RLPolicy,0,0,0,0,1.20397,1,5.71282,79,79,5.58247,611,0.994892
E3-Strict-p030,46.9097,80,80,RLPolicy,0,0,0,0,1.20397,1,5.06847,87,87,4.98688,613,1
E3-Strict-p030,46.9144,240,240,RLPolicy,0,0,0,0,1.20397,1,6.65787,39,39,6.53787,613,1
E3-Strict-p030,46.9149,409,409,RLPolicy,0,0,0,0,1.20397,1,4.45015,3,3,4.36768,613,1
E3-Strict-p030,46.9219,203,203,RLPolicy,0,0,0,0,1.20397,1,5.01624,77,77,4.94112,613,0.994892
E3-Strict-p030,46.929,514,514,RLPolicy,0,0,0,0,1.20397,1,5.46406,82,82,5.38351,613,1
E3-Strict-p030,46.9294,405,405,RLPolicy,0,0,0,0,1.20397,1,4.87164,52,52,4.75974,613,1
E3-Strict-p030,46.9308,355,355,RLPolicy,0,0,0,0,1.20397,1,5.77844,32,32,5.71783,613,0.997446
E3-Strict-p030,46.9553,467,467,RLPolicy,0,0,0,0,1.20397,1,5.48029,54,54,5.42119,613,1
E3-Strict-p030,46.9564,325,325,RLPolicy,0,0,0,0,1.20397,1,6.1796,100,100,6.04911,613,0.994892
E3-Strict-p030,46.9569,149,149,RLPolicy,0,0,0,0,1.20397,1,5.16359,119,119,5.00473,613,1
E3-Strict-p030,46.9579,453,453,RLPolicy,0,0,0,0,1.20397,1,6.39432,34,34,6.31645,613,1
E3-Strict-p030,46.9654,40,40,RLPolicy,0,0,0,0,1.20397,1,6.11727,71,71,5.97021,613,0.999385
E3-Strict-p030,46.9679,56,56,RLPolicy,0,0,0,0,1.20397,1,8.05927,34,34,7.98145,613,1
E3-Strict-p030,46.97,356,437,RLPolicy,1,1,0.0820964,0.693147,1.20397,3,8.31047,121,157,7.91951,613,0.994892
E3-Strict-p030,46.978,117,117,RLPolicy,0,0,0,0,1.20397,1,7.13607,31,31,7.05091,613,0.997446
E3-Strict-p030,46.9785,208,208,RLPolicy,0,0,0,0,1.20397,1,5.20175,35,35,5.08605,613,1
E3-Strict-p030,46.98,218,218,RLPolicy,0,0,0,0,1.20397,1,5.51117,87,87,5.41883,613,1
E3-Strict-p030,46.9819,247,250,RLPolicy,1,1,0.061991,0.693147,1.20397,3,6.01086,144,147,5.79552,613,0.997446
E3-Strict-p030,46.986,205,205,RLPolicy,0,0,0,0,1.20397,1,5.31561,67,67,5.21087,613,1
E3-Strict-p030,46.9872,466,466,RLPolicy,0,0,0,0,1.20397,1,4.3318,27,27,4.26824,613,1
E3-Strict-p030,46.9883,487,487,RLPolicy,0,0,0,0,1.20397,1,5.00606,77,77,4.91793,613,1
E3-Strict-p030,46.9971,301,301,RLPolicy,0,0,0,0,1.20397,1,5.98327,17,17,5.85595,613,1
E3-Strict-p030,47.0027,322,322,RLPolicy,0,0,0,0,1.20397,1,6.24186,37,37,5.9748,614,1
E3-Strict-p030,47.0064,166,166,RLPolicy,0,0,0,0,1.20397,1,4.72804,50,50,4.67535,614,1
E3-Strict-p030,47.0123,310,310,RLPolicy,0,0,0,0,1.20397,1,5.96175,48,48,5.89417,614,1
E3-Strict-p030,47.0125,161,154,RLPolicy,1,1,0.00242811,0.875469,1.20397,3,7.11758,87,89,6.93329,614,0.995803
E3-Strict-p030,47.0134,501,501,RLPolicy,0,0,0,0,1.20397,1,4.94163,52,52,4.85894,614,1
E3-Strict-p030,47.0198,389,389,RLPolicy,0,0,0,0,1.20397,1,6.26852,12,12,6.16307,614,1
E3-Strict-p030,47.0227,362,362,RLPolicy,0,0,0,0,1.20397,1,5.59902,25,25,5.46009,614,1
E3-Strict-p030,47.0259,150,150,RLPolicy,0,0,0,0,1.20397,1,4.71467,76,76,4.65495,614,0.994892
E3-Strict-p030,47.0289,220,220,RLPolicy,0,0,0,0,1.20397,1,5.87113,56,56,5.80989,614,0.994892
E3-Strict-p030,47.0345,196,196,RLPolicy,0,0,0,0,1.20397,1,5.21889,29,29,5.13796,614,1
E3-Strict-p030,47.0358,116,116,RLPolicy,0,0,0,0,1.20397,1,9.30844,49,49,9.14403,614,0.994892
E3-Strict-p030,47.0403,302,302,RLPolicy,0,0,0,0,1.20397,1,8.98256,55,55,8.83491,614,0.997446
E3-Strict-p030,47.045,177,177,RLPolicy,0,0,0,0,1.20397,1,7.69001,51,51,7.60554,614,0.997446
E3-Strict-p030,47.046,323,323,RLPolicy,0,0,0,0,1.20397,1,6.67993,21,21,6.53083,614,1
E3-Strict-p030,47.0475,381,381,RLPolicy,0,0,0,0,1.20397,1,6.39947,88,88,6.25039,614,1
E3-Strict-p030,47.0486,343,343,RLPolicy,0,0,0,0,1.20397,1,6.03493,59,59,5.9373,614,1
E3-Strict-p030,47.0512,180,180,RLPolicy,0,0,0,0,1.20397,1,5.95078,40,40,5.82962,614,1
E3-Strict-p030,47.0514,320,320,RLPolicy,0,0,0,0,1.20397,1,6.53145,17,17,6.44052,614,1
E3-Strict-p030,47.0587,20,20,RLPolicy,0,0,0,0,1.20397,1,6.26035,100,100,6.14874,614,0.994276
E3-Strict-p030,47.0596,397,397,RLPolicy,0,0,0,0,1.20397,1,6.76943,74,74,6.61401,614,0.994892
E3-Strict-p030,47.06,3,3,RLPolicy,0,0,0,0,1.20397,1,6.68679,45,45,6.5814,614,0.997446
E3-Strict-p030,47.0602,19,19,RLPolicy,0,0,0,0,1.20397,1,6.97977,58,58,6.87216,614,1
E3-Strict-p030,47.074,390,390,RLPolicy,0,0,0,0,1.20397,1,6.08615,90,90,5.99872,614,1
E3-Strict-p030,47.083,377,377,RLPolicy,0,0,0,0,1.20397,1,7.30048,71,71,7.14206,614,0.997446
E3-Strict-p030,47.0869,496,496,RLPolicy,0,0,0,0,1.20397,1,5.07899,65,65,5.01997,614,1
E3-Strict-p030,47.0895,45,45,RLPolicy,0,0,0,0,1.20397,1,6.13341,19,19,6.05445,614,0.997446
E3-Strict-p030,47.092,111,551,RLPolicy,1,1,0.0384877,0.693147,1.20397,3,6.42542,164,188,6.15834,614,0.997446
E3-Strict-p030,47.0961,446,446,RLPolicy,0,0,0,0,1.20397,1,7.97222,60,60,7.86916,614,1
E3-Strict-p030,47.0993,46,46,RLPolicy,0,0,0,0,1.20397,1,6.59248,63,63,6.52086,614,0.994276
E3-Strict-p030,47.104,448,448,RLPolicy,0,0,0,0,1.20397,1,5.72406,40,40,5.60074,614,1
E3-Strict-p030,47.1068,249,249,RLPolicy,0,0,0,0,1.20397,1,5.09316,33,33,5.00895,614,1
E3-Strict-p030,47.1089,209,209,RLPolicy,0,0,0,0,1.20397,1,4.88134,9,9,4.81255,614,1
E3-Strict-p030,47.1122,510,510,RLPolicy,0,0,0,0,1.20397,1,5.82395,90,90,5.61455,614,1
E3-Strict-p030,47.1136,43,43,RLPolicy,0,0,0,0,1.20397,1,5.93003,92,92,5.83624,614,1
E3-Strict-p030,47.117,468,468,RLPolicy,0,0,0,0,1.20397,1,6.6261,70,70,6.54629,614,1
E3-Strict-p030,47.1179,179,179,RLPolicy,0,0,0,0,1.20397,1,5.92807,121,121,5.82633,614,1
E3-Strict-p030,47.1218,290,290,RLPolicy,0,0,0,0,1.20397,1,5.59337,76,76,5.52372,614,1
E3-Strict-p030,47.1233,347,347,RLPolicy,0,0,0,0,1.20397,1,4.59258,47,47,4.49816,614,1
E3-Strict-p030,47.1283,378,612,RLPolicy,1,1,0.0881324,0.693147,1.20397,3,7.51077,147,191,7.14777,614,0.997446
E3-Strict-p030,47.1314,145,145,RLPolicy,0,0,0,0,1.20397,1,5.0873,75,75,4.87878,614,0.994892
E3-Strict-p030,47.1354,340,340,RLPolicy,0,0,0,0,1.20397,1,4.48879,69,69,4.43619,614,1
E3-Strict-p030,47.1394,12,115,RLPolicy,1,1,0.0324356,0.693147,1.20397,3,5.41358,198,204,5.1722,614,0.982121
E3-Strict-p030,47.1442,371,371,RLPolicy,0,0,0,0,1.20397,1,7.88352,34,34,7.76301,614,1
E3-Strict-p030,47.1454,63,63,RLPolicy,0,0,0,0,1.20397,1,5.74463,60,60,5.63467,614,0.997446
E3-Strict-p030,47.1508,81,81,RLPolicy,0,0,0,0,1.20397,1,5.02648,33,33,4.95441,614,0.997446
E3-Strict-p030,47.16,178,178,RLPolicy,0,0,0,0,1.20397,1,5.31047,23,23,5.20862,614,0.997446
E3-Strict-p030,47.1626,25,25,RLPolicy,0,0,0,0,1.20397,1,5.22604,44,44,5.15542,614,0.996215
E3-Strict-p030,47.1635,494,494,RLPolicy,0,0,0,0,1.20397,1,5.15047,57,57,5.07083,614,1
E3-Strict-p030,47.1668,308,308,RLPolicy,0,0,0,0,1.20397,1,5.16927,21,21,5.10232,614,1
E3-Strict-p030,47.1698,491,491,RLPolicy,0,0,0,0,1.20397,1,5.12943,62,62,5.04157,614,0.997446
E3-Strict-p030,47.1721,499,499,RLPolicy,0,0,0,0,1.20397,1,4.85224,36,36,4.79411,614,1
E3-Strict-p030,47.174,421,421,RLPolicy,0,0,0,0,1.20397,1,4.80791,68,68,4.73417,614,1
E3-Strict-p030,47.1741,264,576,RLPolicy,1,1,0.0686128,0.693147,1.20397,3,5.42395,51,63,5.23508,614,0.997446
E3-Strict-p030,47.1834,312,312,RLPolicy,0,0,0,0,1.20397,1,6.0672,43,43,6.00051,614,1
E3-Strict-p030,47.1871,416,416,RLPolicy,0,0,0,0,1.20397,1,4.92101,71,71,4.86177,614,1
E3-Strict-p030,47.1908,386,386,RLPolicy,0,0,0,0,1.20397,1,6.06499,49,49,6.00105,614,1
E3-Strict-p030,47.1995,103,103,RLPolicy,0,0,0,0,1.20397,1,5.84486,76,76,5.73609,614,1
E3-Strict-p030,47.1999,244,244,RLPolicy,0,0,0,0,1.20397,1,6.18278,68,68,6.08135,614,0.997446
E3-Strict-p030,47.2047,105,105,RLPolicy,0,0,0,0,1.20397,1,5.53959,79,79,5.44564,616,1
E3-Strict-p030,47.2053,76,339,RLPolicy,1,1,0.0313365,0.693147,1.20397,3,5.10801,200,210,4.85362,616,0.994892
E3-Strict-p030,47.2056,210,210,RLPolicy,0,0,0,0,1.20397,1,4.24609,8,8,4.20077,616,1
E3-Strict-p030,47.2063,107,107,RLPolicy,0,0,0,0,1.20397,1,7.0395,89,89,6.8996,616,0.989783
E3-Strict-p030,47.2079,357,357,RLPolicy,0,0,0,0,1.20397,1,3.89832,11,11,3.8557,616,1
E3-Strict-p030,47.2104,245,245,RLPolicy,0,0,0,0,1.20397,1,6.73515,58,58,6.62555,616,0.994892
E3-Strict-p030,47.2106,172,172,RLPolicy,0,0,0,0,1.20397,1,4.44194,103,103,4.33589,4,0.992338
E3-Strict-p030,47.2193,336,336,RLPolicy,0,0,0,0,1.20397,1,5.28293,70,70,5.21569,616,0.994892
E3-Strict-p030,47.2211,147,147,RLPolicy,0,0,0,0,1.20397,1,5.04392,68,68,4.97426,616,0.997446
E3-Strict-p030,47.2216,174,174,RLPolicy,0,0,0,0,1.20397,1,6.27615,77,77,6.20011,616,1
E3-Strict-p030,47.2218,112,112,RLPolicy,0,0,0,0,1.20397,1,6.71222,85,85,6.62746,616,0.997446
E3-Strict-p030,47.225,225,225,RLPolicy,0,0,0,0,1.20397,1,4.87427,50,50,4.8127,616,0.997446
E3-Strict-p030,47.2259,54,54,RLPolicy,0,0,0,0,1.20397,1,5.90044,8,8,5.82036,616,1
E3-Strict-p030,47.2301,502,502,RLPolicy,0,0,0,0,1.20397,1,6.30671,93,93,6.20599,616,1
E3-Strict-p030,47.2315,38,598,RLPolicy,1,1,0.0379805,0.693147,1.20397,3,4.91264,104,122,4.70969,616,0.994892
E3-Strict-p030,47.2336,410,410,RLPolicy,0,0,0,0,1.20397,1,4.61711,10,10,4.5616,616,1
E3-Strict-p030,47.2348,280,280,RLPolicy,0,0,0,0,1.20397,1,4.97131,2,2,4.91328,616,1
E3-Strict-p030,47.2361,335,335,RLPolicy,0,0,0,0,1.20397,1,5.87389,56,56,5.77527,616,1
E3-Strict-p030,47.237,66,66,RLPolicy,0,0,0,0,1.20397,1,6.33556,62,62,6.21661,616,1
E3-Strict-p030,47.2391,370,370,RLPolicy,0,0,0,0,1.20397,1,4.77225,75,75,4.68219,616,1
E3-Strict-p030,47.2402,392,392,RLPolicy,0,0,0,0,1.20397,1,6.54872,100,100,6.44369,616,1
E3-Strict-p030,47.242,50,338,RLPolicy,1,1,0.0437036,0.693147,1.20397,3,7.38727,166,179,6.99174,616,0.992338
E3-Strict-p030,47.2423,52,52,RLPolicy,0,0,0,0,1.20397,1,5.0268,54,54,4.95691,616,0.998769
E3-Strict-p030,47.2432,190,190,RLPolicy,0,0,0,0,1.20397,1,6.56598,74,74,6.42745,616,0.994892
E3-Strict-p030,47.2469,443,443,RLPolicy,0,0,0,0,1.20397,1,7.38968,2,2,7.31044,616,1
E3-Strict-p030,47.247,114,114,RLPolicy,0,0,0,0,1.20397,1,6.52654,16,16,6.39955,616,1
E3-Strict-p030,47.2499,368,368,RLPolicy,0,0,0,0,1.20397,1,4.75696,70,70,4.68713,616,0.994892
E3-Strict-p030,47.2564,451,451,RLPolicy,0,0,0,0,1.20397,1,6.73524,38,38,6.62566,616,1
E3-Strict-p030,47.2578,380,380,RLPolicy,0,0,0,0,1.20397,1,6.22638,17,17,5.99871,616,0.997446
E3-Strict-p030,47.2636,39,39,RLPolicy,0,0,0,0,1.20397,1,5.51772,58,58,5.41598,616,0.997446
E3-Strict-p030,47.2692,152,152,RLPolicy,0,0,0,0,1.20397,1,4.89295,38,38,4.76706,616,1
E3-Strict-p030,47.2738,258,258,RLPolicy,0,0,0,0,1.20397,1,6.68093,60,60,6.57461,616,0.997446
E3-Strict-p030,47.2769,455,455,RLPolicy,0,0,0,0,1.20397,1,6.25276,19,19,5.98556,616,1
E3-Strict-p030,47.2786,120,120,RLPolicy,0,0,0,0,1.20397,1,5.45749,22,22,5.37133,616,1
E3-Strict-p030,47.2872,59,59,RLPolicy,0,0,0,0,1.20397,1,6.30752,44,44,6.2184,616,0.992338
E3-Strict-p030,47.2886,387,387,RLPolicy,0,0,0,0,1.20397,1,5.78672,8,8,5.71407,616,1
E3-Strict-p030,47.2954,396,396,RLPolicy,0,0,0,0,1.20397,1,6.11627,81,81,6.01374,616,0.997446
E3-Strict-p030,47.2977,350,350,RLPolicy,0,0,0,0,1.20397,1,5.52962,53,53,5.46307,616,1
E3-Strict-p030,47.3027,429,429,RLPolicy,0,0,0,0,1.20397,1,5.06917,27,27,4.95272,616,1
E3-Strict-p030,47.3116,49,49,RLPolicy,0,0,0,0,1.20397,1,7.31425,18,18,6.77086,616,1
E3-Strict-p030,47.317,68,68,RLPolicy,0,0,0,0,1.20397,1,8.10701,12,12,8.00228,616,0.997446
E3-Strict-p030,47.3183,406,406,RLPolicy,0,0,0,0,1.20397,1,7.97881,92,92,7.85015,616,0.997446
E3-Strict-p030,47.3184,86,86,RLPolicy,0,0,0,0,1.20397,1,4.88875,27,27,4.79094,616,1
E3-Strict-p030,47.3234,109,109,RLPolicy,0,0,0,0,1.20397,1,6.16514,78,78,6.05536,616,0.997446
E3-Strict-p030,47.3296,305,305,RLPolicy,0,0,0,0,1.20397,1,6.28002,71,71,6.15469,616,0.997446
E3-Strict-p030,47.3405,425,425,RLPolicy,0,0,0,0,1.20397,1,5.5545,67,67,5.49065,616,1
E3-Strict-p030,47.3461,418,418,RLPolicy,0,0,0,0,1.20397,1,5.3571,70,70,5.28637,616,0.997446
E3-Strict-p030,47.3467,430,75,RLPolicy,1,1,0.112976,0.693147,1.20397,3,6.19492,98,100,6.01655,616,0.997446
E3-Strict-p030,47.3471,1,1,RLPolicy,0,0,0,0,1.20397,1,5.46359,52,52,5.34361,616,1
E3-Strict-p030,47.355,485,274,RLPolicy,1,1,0.111098,0.693147,1.20397,3,6.25808,144,164,5.9527,616,0.997446
E3-Strict-p030,47.3607,293,293,RLPolicy,0,0,0,0,1.20397,1,6.44187,60,60,6.31312,616,0.997446
E3-Strict-p030,47.3654,7,7,RLPolicy,0,0,0,0,1.20397,1,6.14795,44,44,6.0525,616,0.999385
E3-Strict-p030,47.3751,504,10,RLPolicy,1,1,0.119246,0.693147,1.20397,3,6.69477,81,83,6.45728,616,0.997446
E3-Strict-p030,47.3752,228,228,RLPolicy,0,0,0,0,1.20397,1,4.09344,3,3,4.04453,616,1
E3-Strict-p030,47.3795,214,214,RLPolicy,0,0,0,0,1.20397,1,5.10765,60,60,4.99741,616,0.997446
E3-Strict-p030,47.3911,8,8,RLPolicy,0,0,0,0,1.20397,1,4.81344,78,78,4.739,616,0.997446
E3-Strict-p030,47.4006,151,151,RLPolicy,0,0,0,0,1.20397,1,4.77021,79,79,4.70996,618,0.997446
E3-Strict-p030,47.4012,182,182,RLPolicy,0,0,0,0,1.20397,1,6.83257,77,77,6.77116,618,1
E3-Strict-p030,47.4064,404,404,RLPolicy,0,0,0,0,1.20397,1,5.36899,73,73,5.29876,618,1
E3-Strict-p030,47.4119,407,355,RLPolicy,1,1,0.108297,0.693147,1.20397,3,6.57275,153,156,6.3454,618,0.994892
E3-Strict-p030,47.416,17,411,RLPolicy,1,1,0.0300309,0.693147,1.20397,3,9.30476,84,116,8.98038,618,0.991223
E3-Strict-p030,47.4246,201,478,RLPolicy,1,1,0.0454918,0.693147,1.20397,3,6.79417,137,156,6.52789,618,0.997446
E3-Strict-p030,47.4255,67,67,RLPolicy,0,0,0,0,1.20397,1,9.63014,64,64,9.28918,618,0.992338
E3-Strict-p030,47.4394,255,255,RLPolicy,0,0,0,0,1.20397,1,6.40429,43,43,6.32845,618,1
E3-Strict-p030,47.4493,472,472,RLPolicy,0,0,0,0,1.20397,1,4.39553,68,68,4.31812,4,1
E3-Strict-p030,47.4525,463,463,RLPolicy,0,0,0,0,1.20397,1,9.48357,28,28,9.37215,618,1
E3-Strict-p030,47.4535,359,359,RLPolicy,0,0,0,0,1.20397,1,4.96291,20,20,4.89898,618,0.994892
E3-Strict-p030,47.4553,94,94,RLPolicy,0,0,0,0,1.20397,1,5.07262,68,68,4.99103,618,0.997446
E3-Strict-p030,47.4573,74,74,RLPolicy,0,0,0,0,1.20397,1,5.42037,62,62,5.35848,618,1
E3-Strict-p030,47.4578,326,326,RLPolicy,0,0,0,0,1.20397,1,9.75027,74,74,9.59722,618,1
E3-Strict-p030,47.4602,65,65,RLPolicy,0,0,0,0,1.20397,1,7.25571,20,20,7.16081,618,1
E3-Strict-p030,47.4684,61,61,RLPolicy,0,0,0,0,1.20397,1,5.28681,72,72,5.2114,618,0.997446
E3-Strict-p030,47.4742,331,331,RLPolicy,0,0,0,0,1.20397,1,7.66487,39,39,7.53674,618,0.994892
E3-Strict-p030,47.4812,348,348,RLPolicy,0,0,0,0,1.20397,1,5.60075,85,85,5.51464,618,1
E3-Strict-p030,47.4817,48,48,RLPolicy,0,0,0,0,1.20397,1,7.72645,94,94,7.55535,618,0.997446
E3-Strict-p030,47.4905,216,216,RLPolicy,0,0,0,0,1.20397,1,5.7697,69,69,5.69621,618,1
E3-Strict-p030,47.4924,474,474,RLPolicy,0,0,0,0,1.20397,1,5.33171,46,46,5.24063,618,1
E3-Strict-p030,47.4951,315,315,RLPolicy,0,0,0,0,1.20397,1,6.66599,38,38,6.53484,618,1
E3-Strict-p030,47.4959,298,298,RLPolicy,0,0,0,0,1.20397,1,5.9318,67,67,5.84883,618,1
E3-Strict-p030,47.499,99,99,RLPolicy,0,0,0,0,1.20397,1,6.08606,60,60,6.00378,618,1
E3-Strict-p030,47.5034,55,55,RLPolicy,0,0,0,0,1.20397,1,10.0732,46,46,9.9218,618,1
E3-Strict-p030,47.5058,447,447,RLPolicy,0,0,0,0,1.20397,1,7.18542,55,55,7.12982,618,1
E3-Strict-p030,47.5096,441,441,RLPolicy,0,0,0,0,1.20397,1,5.08224,48,48,4.94918,618,1
E3-Strict-p030,47.5143,93,93,RLPolicy,0,0,0,0,1.20397,1,5.39471,74,74,5.25619,618,1
E3-Strict-p030,47.5147,53,53,RLPolicy,0,0,0,0,1.20397,1,6.79006,77,77,6.51019,618,1
E3-Strict-p030,47.516,385,385,RLPolicy,0,0,0,0,1.20397,1,6.30391,73,73,6.1126,618,1
E3-Strict-p030,47.5175,391,391,RLPolicy,0,0,0,0,1.20397,1,6.61629,74,74,6.53014,618,0.997446
E3-Strict-p030,47.5196,113,113,RLPolicy,0,0,0,0,1.20397,1,7.495,26,26,7.40542,618,0.989783
E3-Strict-p030,47.5226,44,44,RLPolicy,0,0,0,0,1.20397,1,6.53689,57,57,6.45241,618,0.999385
E3-Strict-p030,47.5226,268,268,RLPolicy,0,0,0,0,1.20397,1,7.50113,58,58,7.41924,618,1
E3-Strict-p030,47.5267,274,211,RLPolicy,1,1,0.0870832,0.693147,1.20397,3,7.38311,142,144,7.10278,618,0.994892
E3-Strict-p030,47.5293,519,570,RLPolicy,1,1,0.121977,0.693147,1.20397,3,5.89273,145,154,5.67382,618,0.997446
E3-Strict-p030,47.5304,0,0,RLPolicy,0,0,0,0,1.20397,1,5.30665,78,78,5.22614,618,1
E3-Strict-p030,47.5349,124,124,RLPolicy,0,0,0,0,1.20397,1,9.71428,69,69,9.60172,618,0.997446
E3-Strict-p030,47.5365,186,186,RLPolicy,0,0,0,0,1.20397,1,7.00875,79,79,6.81104,618,1
E3-Strict-p030,47.5411,507,507,RLPolicy,0,0,0,0,1.20397,1,6.20898,63,63,6.12902,618,1
E3-Strict-p030,47.544,452,452,RLPolicy,0,0,0,0,1.20397,1,4.94773,3,3,4.88506,618,1
E3-Strict-p030,47.546,169,478,RLPolicy,1,1,0.039694,0.693147,1.20397,3,6.16584,143,159,5.92192,618,0.989783
E3-Strict-p030,47.547,91,91,RLPolicy,0,0,0,0,1.20397,1,4.36165,61,61,4.30573,618,0.997446
E3-Strict-p030,47.5542,273,273,RLPolicy,0,0,0,0,1.20397,1,6.14153,122,122,5.99763,618,0.997446
E3-Strict-p030,47.5567,287,287,RLPolicy,0,0,0,0,1.20397,1,5.0624,7,7,5.00206,618,1
E3-Strict-p030,47.5606,115,115,RLPolicy,0,0,0,0,1.20397,1,6.19235,88,88,6.1072,618,1
E3-Strict-p030,47.5652,505,505,RLPolicy,0,0,0,0,1.20397,1,5.63717,95,95,5.5396,618,1
E3-Strict-p030,47.5775,118,118,RLPolicy,0,0,0,0,1.20397,1,6.48424,97,97,6.2605,618,0.994892
E3-Strict-p030,47.5866,399,399,RLPolicy,0,0,0,0,1.20397,1,6.47727,61,61,6.30038,618,1
E3-Strict-p030,47.5875,127,127,RLPolicy,0,0,0,0,1.20397,1,6.33943,47,47,6.27229,618,0.989783
E3-Strict-p030,47.5884,361,361,RLPolicy,0,0,0,0,1.20397,1,4.80774,12,12,4.75257,618,1
E3-Strict-p030,47.5932,478,478,RLPolicy,0,0,0,0,1.20397,1,5.47179,51,51,5.40239,618,1
E3-Strict-p030,47.5937,471,471,RLPolicy,0,0,0,0,1.20397,1,7.56685,103,103,7.38703,618,1
E3-Strict-p030,47.5961,193,193,RLPolicy,0,0,0,0,1.20397,1,6.68606,77,77,6.56806,618,1
E3-Strict-p030,47.597,242,529,RLPolicy,1,1,0.0686228,0.538997,1.20397,3,7.66684,132,146,7.47991,618,0.991567
E3-Strict-p030,47.5972,260,260,RLPolicy,0,0,0,0,1.20397,1,7.33117,59,59,7.16591,618,1
E3-Strict-p030,47.6017,526,526,RLPolicy,0,0,0,0,1.20397,1,5.45344,38,38,5.39511,618,1
E3-Strict-p030,47.6055,241,241,RLPolicy,0,0,0,0,1.20397,1,9.36314,22,22,9.26583,618,0.997446
E3-Strict-p030,47.6119,469,469,RLPolicy,0,0,0,0,1.20397,1,9.07347,78,78,8.93785,618,1
E3-Strict-p030,47.6121,461,461,RLPolicy,0,0,0,0,1.20397,1,5.74449,37,37,5.65756,618,1
E3-Strict-p030,47.6195,427,427,RLPolicy,0,0,0,0,1.20397,1,6.13501,65,65,6.03825,618,1
E3-Strict-p030,47.6262,143,143,RLPolicy,0,0,0,0,1.20397,1,4.59384,8,8,4.52258,618,1
E3-Strict-p030,47.6292,437,437,RLPolicy,0,0,0,0,1.20397,1,4.79123,54,54,4.73149,618,1
E3-Strict-p030,47.6365,251,251,RLPolicy,0,0,0,0,1.20397,1,6.297,79,79,6.20245,618,0.997446
E3-Strict-p030,47.6376,338,338,RLPolicy,0,0,0,0,1.20397,1,6.06331,69,69,5.97638,618,1
E3-Strict-p030,47.6418,133,87,RLPolicy,1,1,0.0411361,0.693147,1.20397,3,5.77728,188,224,5.5755,618,0.989013
E3-Strict-p030,47.6516,89,89,RLPolicy,0,0,0,0,1.20397,1,5.385,59,59,5.31318,618,0.997446
E3-Strict-p030,47.6584,311,311,RLPolicy,0,0,0,0,1.20397,1,9.24002,96,96,9.11607,618,0.994892
E3-Strict-p030,47.6637,372,372,RLPolicy,0,0,0,0,1.20397,1,6.25182,98,98,6.13963,618,1
E3-Strict-p030,47.664,360,360,RLPolicy,0,0,0,0,1.20397,1,4.49146,23,23,4.41747,618,1
E3-Strict-p030,47.6757,83,83,RLPolicy,0,0,0,0,1.20397,1,6.86796,93,93,6.74347,618,0.997446
E3-Strict-p030,47.6803,60,60,RLPolicy,0,0,0,0,1.20397,1,6.8217,59,59,6.70063,618,1
E3-Strict-p030,47.6821,173,173,RLPolicy,0,0,0,0,1.20397,1,6.58706,80,80,6.49152,618,0.994892
E3-Strict-p030,47.6846,102,102,RLPolicy,0,0,0,0,1.20397,1,5.24683,50,50,5.15703,618,0.997446
E3-Strict-p030,47.685,246,246,RLPolicy,0,0,0,0,1.20397,1,6.48639,77,77,6.39832,618,1
E3-Strict-p030,47.6869,35,35,RLPolicy,0,0,0,0,1.20397,1,5.71728,65,65,5.63778,618,0.994276
E3-Strict-p030,47.6888,426,426,RLPolicy,0,0,0,0,1.20397,1,5.03866,15,15,4.96051,618,1
E3-Strict-p030,47.6944,96,96,RLPolicy,0,0,0,0,1.20397,1,5.10661,58,58,5.01844,618,1
E3-Strict-p030,47.6949,183,183,RLPolicy,0,0,0,0,1.20397,1,6.60963,22,22,6.51161,618,0.994121
E3-Strict-p030,47.6981,154,154,RLPolicy,0,0,0,0,1.20397,1,5.31291,11,11,5.24283,618,1
E3-Strict-p030,47.6998,379,379,RLPolicy,0,0,0,0,1.20397,1,6.33579,58,58,6.23748,618,0.997446
E3-Strict-p030,47.7015,267,267,RLPolicy,0,0,0,0,1.20397,1,7.56161,76,76,7.45123,618,0.997446
E3-Strict-p030,47.7018,11,11,RLPolicy,0,0,0,0,1.20397,1,5.69225,19,19,5.59381,618,1
E3-Strict-p030,47.7021,512,512,RLPolicy,0,0,0,0,1.20397,1,5.07715,14,14,5.00586,618,1
E3-Strict-p030,47.7053,454,454,RLPolicy,0,0,0,0,1.20397,1,5.17434,12,12,5.05674,618,1
E3-Strict-p030,47.708,288,288,RLPolicy,0,0,0,0,1.20397,1,6.83019,34,34,6.75198,618,0.997446
E3-Strict-p030,47.7095,266,266,RLPolicy,0,0,0,0,1.20397,1,5.69305,74,74,5.63395,618,0.997446
E3-Strict-p030,47.7105,439,142,RLPolicy,1,1,0.102745,0.693147,1.20397,3,5.54952,126,149,5.26881,618,0.997446
E3-Strict-p030,47.7179,126,126,RLPolicy,0,0,0,0,1.20397,1,7.77326,63,63,7.67337,618,0.997446
E3-Strict-p030,47.7208,284,284,RLPolicy,0,0,0,0,1.20397,1,6.71043,65,65,6.62175,618,0.997446
E3-Strict-p030,47.7213,239,239,RLPolicy,0,0,0,0,1.20397,1,6.9859,30,30,6.89041,618,0.997446
E3-Strict-p030,47.725,136,136,RLPolicy,0,0,0,0,1.20397,1,4.93798,94,94,4.83789,2,0.997446
E3-Strict-p030,47.7285,332,332,RLPolicy,0,0,0,0,1.20397,1,7.09929,63,63,6.97272,618,1
E3-Strict-p030,47.7331,108,108,RLPolicy,0,0,0,0,1.20397,1,7.05609,40,40,6.96789,618,0.997446
E3-Strict-p030,47.7354,257,257,RLPolicy,0,0,0,0,1.20397,1,6.37134,57,57,6.26793,618,0.997446
E3-Strict-p030,47.7398,27,622,RLPolicy,1,1,0.0370602,1.08091,1.20397,4,6.77605,223,260,6.38072,618,0.996831
E3-Strict-p030,47.7442,367,367,RLPolicy,0,0,0,0,1.20397,1,5.47265,79,79,5.3993,618,1
E3-Strict-p030,47.7501,106,106,RLPolicy,0,0,0,0,1.20397,1,8.50775,59,59,7.97899,618,1
E3-Strict-p030,47.7543,262,262,RLPolicy,0,0,0,0,1.20397,1,7.06715,64,64,6.95323,618,0.994892
E3-Strict-p030,47.7547,476,476,RLPolicy,0,0,0,0,1.20397,1,5.87122,31,31,5.77452,618,1
E3-Strict-p030,47.7683,73,73,RLPolicy,0,0,0,0,1.20397,1,5.90884,95,95,5.82676,618,0.997446
E3-Strict-p030,47.7693,82,82,RLPolicy,0,0,0,0,1.20397,1,7.08582,95,95,6.94989,618,0.992338
E3-Strict-p030,47.7726,271,271,RLPolicy,0,0,0,0,1.20397,1,6.765,72,72,6.61512,618,1
E3-Strict-p030,47.7745,123,123,RLPolicy,0,0,0,0,1.20397,1,6.72212,24,24,6.51644,618,0.997446
E3-Strict-p030,47.7892,234,234,RLPolicy,0,0,0,0,1.20397,1,5.34436,64,64,5.24865,618,0.997446
E3-Strict-p030,47.7909,131,131,RLPolicy,0,0,0,0,1.20397,1,7.14574,35,35,7.00083,618,0.994892
E3-Strict-p030,47.7917,275,551,RLPolicy,1,1,0.0708868,0.693147,1.20397,3,9.28218,166,193,8.81365,618,0.997446
E3-Strict-p030,47.7932,440,440,RLPolicy,0,0,0,0,1.20397,1,5.6549,38,38,5.56663,618,0.997446
E3-Strict-p030,47.7944,300,377,RLPolicy,1,1,0.0738484,0.693147,1.20397,3,6.01494,80,86,5.81466,618,0.994892
E3-Strict-p030,47.7966,352,352,RLPolicy,0,0,0,0,1.20397,1,5.87026,59,59,5.78052,618,1
E3-Strict-p030,47.802,434,434,RLPolicy,0,0,0,0,1.20397,1,5.93748,72,72,5.83242,618,1
E3-Strict-p030,47.8046,333,333,RLPolicy,0,0,0,0,1.20397,1,8.6343,91,91,8.53368,618,0.997446
E3-Strict-p030,47.8059,483,483,RLPolicy,0,0,0,0,1.20397,1,5.43956,32,32,5.34203,618,1
E3-Strict-p030,47.8099,492,492,RLPolicy,0,0,0,0,1.20397,1,5.87584,59,59,5.78639,618,1
E3-Strict-p030,47.8192,252,252,RLPolicy,0,0,0,0,1.20397,1,6.5082,70,70,6.39781,618,1
E3-Strict-p030,47.8206,98,197,RLPolicy,1,1,0.0369644,0.693147,1.20397,3,5.58912,91,93,5.39304,618,0.994892
E3-Strict-p030,47.8213,364,364,RLPolicy,0,0,0,0,1.20397,1,4.58955,11,11,4.54115,618,0.997446
E3-Strict-p030,47.8215,428,428,RLPolicy,0,0,0,0,1.20397,1,4.86325,24,24,4.76229,618,1
E3-Strict-p030,47.8236,5,108,RLPolicy,1,1,0.00328024,1.08091,1.20397,4,11.081,211,215,10.6734,618,0.99275
E3-Strict-p030,47.8346,92,92,RLPolicy,0,0,0,0,1.20397,1,4.93481,36,36,4.824,618,1
E3-Strict-p030,47.8383,217,118,RLPolicy,1,1,0.0561944,0.693147,1.20397,3,5.45315,118,134,5.24842,618,0.997446
E3-Strict-p030,47.8393,128,128,RLPolicy,0,0,0,0,1.20397,1,7.0191,91,91,6.85483,618,0.997446
E3-Strict-p030,47.847,184,184,RLPolicy,0,0,0,0,1.20397,1,7.48914,90,90,7.34321,618,0.994892
E3-Strict-p030,47.8562,22,22,RLPolicy,0,0,0,0,1.20397,1,10.9824,56,56,10.7215,618,0.997446
E3-Strict-p030,47.8632,34,34,RLPolicy,0,0,0,0,1.20397,1,6.21572,92,92,6.11044,618,0.989783
E3-Strict-p030,47.8635,162,162,RLPolicy,0,0,0,0,1.20397,1,5.37477,27,27,5.29695,618,1
E3-Strict-p030,47.87,138,138,RLPolicy,0,0,0,0,1.20397,1,5.91908,98,98,5.81131,618,0.994892
E3-Strict-p030,47.8787,254,254,RLPolicy,0,0,0,0,1.20397,1,6.93914,70,70,6.79021,618,0.997446
E3-Strict-p030,47.8791,58,461,RLPolicy,1,1,0.0432888,0.693147,1.20397,3,6.02526,129,151,5.74636,618,0.98406
E3-Strict-p030,47.8833,168,168,RLPolicy,0,0,0,0,1.20397,1,6.54659,101,101,6.32327,618,1
E3-Strict-p030,47.8863,269,269,RLPolicy,0,0,0,0,1.20397,1,6.74323,38,38,6.64463,618,0.994892
E3-Strict-p030,47.8973,230,230,RLPolicy,0,0,0,0,1.20397,1,4.38004,13,13,4.30141,618,1
E3-Strict-p030,47.9075,318,318,RLPolicy,0,0,0,0,1.20397,1,6.93118,1,1,6.85038,618,1
E3-Strict-p030,47.9181,286,286,RLPolicy,0,0,0,0,1.20397,1,6.13275,49,49,6.02215,618,1
E3-Strict-p030,47.9225,316,316,RLPolicy,0,0,0,0,1.20397,1,6.91223,56,56,6.76279,618,0.997446
E3-Strict-p030,47.9248,204,204,RLPolicy,0,0,0,0,1.20397,1,6.48251,75,75,6.37453,618,1
E3-Strict-p030,47.928,155,155,RLPolicy,0,0,0,0,1.20397,1,6.0993,86,86,6.00085,618,0.997446
E3-Strict-p030,47.9295,516,516,RLPolicy,0,0,0,0,1.20397,1,7.48932,28,28,7.23023,618,1
E3-Strict-p030,47.9301,432,432,RLPolicy,0,0,0,0,1.20397,1,4.89027,46,46,4.82488,618,0.997446
E3-Strict-p030,47.9403,181,181,RLPolicy,0,0,0,0,1.20397,1,5.51196,11,11,5.43817,618,1
E3-Strict-p030,47.95,414,414,RLPolicy,0,0,0,0,1.20397,1,5.84582,79,79,5.71532,618,1
E3-Strict-p030,47.9534,424,424,RLPolicy,0,0,0,0,1.20397,1,5.17054,53,53,5.09099,618,1
E3-Strict-p030,47.9546,295,295,RLPolicy,0,0,0,0,1.20397,1,5.63059,87,87,5.55102,618,0.994892
E3-Strict-p030,47.9613,342,342,RLPolicy,0,0,0,0,1.20397,1,8.73075,101,101,8.57502,618,1
E3-Strict-p030,47.9666,395,395,RLPolicy,0,0,0,0,1.20397,1,7.93421,97,97,7.80026,618,1
E3-Strict-p030,47.9713,530,530,RLPolicy,0,0,0,0,1.20397,1,5.59501,81,81,5.49786,618,1
E3-Strict-p030,47.9719,41,41,RLPolicy,0,0,0,0,1.20397,1,5.92896,92,92,5.80417,618,0.996831
E3-Strict-p030,47.9732,475,475,RLPolicy,0,0,0,0,1.20397,1,5.40012,32,32,5.28371,618,1
E3-Strict-p030,47.9789,521,521,RLPolicy,0,0,0,0,1.20397,1,4.87218,31,31,4.81794,618,1
E3-Strict-p030,47.9791,304,304,RLPolicy,0,0,0,0,1.20397,1,4.8392,60,60,4.74881,618,1
E3-Strict-p030,47.981,187,187,RLPolicy,0,0,0,0,1.20397,1,6.19543,57,57,6.08185,618,1
E3-Strict-p030,47.9815,69,69,RLPolicy,0,0,0,0,1.20397,1,6.38559,54,54,6.25931,618,0.997446
E3-Strict-p030,47.9821,42,42,RLPolicy,0,0,0,0,1.20397,1,4.94448,22,22,4.84318,618,0.997446
E3-Strict-p030,47.9873,457,457,RLPolicy,0,0,0,0,1.20397,1,8.16309,33,33,8.07782,618,0.997446
E3-Strict-p030,47.9879,144,144,RLPolicy,0,0,0,0,1.20397,1,4.86814,76,76,4.79037,618,0.997446
E3-Strict-p030,47.9963,486,486,RLPolicy,0,0,0,0,1.20397,1,5.36054,69,69,5.28366,618,1
E3-Strict-p030,48.0016,513,513,RLPolicy,0,0,0,0,1.20397,1,4.97961,12,12,4.91182,618,1
E3-Strict-p030,48.002,229,229,RLPolicy,0,0,0,0,1.20397,1,4.92319,75,75,4.86057,618,0.997446
E3-Strict-p030,48.0034,412,412,RLPolicy,0,0,0,0,1.20397,1,6.57979,66,66,6.42866,618,0.997446
E3-Strict-p030,48.0054,194,194,RLPolicy,0,0,0,0,1.20397,1,10.7092,90,90,10.4452,618,0.992338
E3-Strict-p030,48.0119,30,30,RLPolicy,0,0,0,0,1.20397,1,11.7623,51,51,11.6864,618,0.999385
E3-Strict-p030,48.012,511,511,RLPolicy,0,0,0,0,1.20397,1,6.47421,29,29,6.41836,618,1
E3-Strict-p030,48.0153,21,248,RLPolicy,1,1,0.0364585,1.08091,1.20397,4,9.04531,140,254,8.6268,618,0.990404
E3-Strict-p030,48.0171,24,24,RLPolicy,0,0,0,0,1.20397,1,6.44983,61,61,6.33356,618,0.994892
E3-Strict-p030,48.0191,10,10,RLPolicy,0,0,0,0,1.20397,1,5.4729,39,39,5.39092,618,0.995919
E3-Strict-p030,48.0214,256,256,RLPolicy,0,0,0,0,1.20397,1,8.49287,8,8,8.41804,618,0.997446
E3-Strict-p030,48.0261,198,198,RLPolicy,0,0,0,0,1.20397,1,6.28385,27,27,6.08079,618,1
E3-Strict-p030,48.0273,2,2,RLPolicy,0,0,0,0,1.20397,1,6.13966,60,60,6.00447,618,0.999385
E3-Strict-p030,48.0327,317,317,RLPolicy,0,0,0,0,1.20397,1,7.22317,94,94,7.12654,618,1
E3-Strict-p030,48.0348,4,4,RLPolicy,0,0,0,0,1.20397,1,9.8391,14,14,9.77365,618,1
E3-Strict-p030,48.0354,369,369,RLPolicy,0,0,0,0,1.20397,1,4.53361,17,17,4.47396,618,1
E3-Strict-p030,48.0378,495,495,RLPolicy,0,0,0,0,1.20397,1,4.26547,8,8,4.21079,618,1
E3-Strict-p030,48.0396,29,29,RLPolicy,0,0,0,0,1.20397,1,10.1309,38,38,10.0249,618,0.997858
E3-Strict-p030,48.0461,165,165,RLPolicy,0,0,0,0,1.20397,1,6.05444,54,54,5.95728,618,0.994892
E3-Strict-p030,48.0503,473,473,RLPolicy,0,0,0,0,1.20397,1,9.50844,74,74,9.38063,618,0.994892
E3-Strict-p030,48.0519,64,64,RLPolicy,0,0,0,0,1.20397,1,9.4027,64,64,9.28377,618,1
E3-Strict-p030,48.0545,383,383,RLPolicy,0,0,0,0,1.20397,1,4.95914,18,18,4.84238,618,1
E3-Strict-p030,48.0551,445,445,RLPolicy,0,0,0,0,1.20397,1,6.01739,52,52,5.90693,618,1
E3-Strict-p030,48.0559,388,388,RLPolicy,0,0,0,0,1.20397,1,5.39294,27,27,5.30088,618,1
E3-Strict-p030,48.058,207,207,RLPolicy,0,0,0,0,1.20397,1,5.44837,61,61,5.36754,618,1
E3-Strict-p030,48.0581,139,139,RLPolicy,0,0,0,0,1.20397,1,6.19137,58,58,6.09971,618,1
E3-Strict-p030,48.0703,394,394,RLPolicy,0,0,0,0,1.20397,1,6.80134,56,56,6.68519,618,1
E3-Strict-p030,48.0802,289,289,RLPolicy,0,0,0,0,1.20397,1,4.09759,13,13,4.03892,618,1
E3-Strict-p030,48.0883,299,299,RLPolicy,0,0,0,0,1.20397,1,5.0942,74,74,4.99141,618,0.997446
E3-Strict-p030,48.0931,442,442,RLPolicy,0,0,0,0,1.20397,1,5.37209,72,72,5.28916,618,1
E3-Strict-p030,48.0981,211,211,RLPolicy,0,0,0,0,1.20397,1,6.45327,59,59,6.38072,618,0.997446
E3-Strict-p030,48.0981,129,129,RLPolicy,0,0,0,0,1.20397,1,5.41068,35,35,5.32838,618,1
E3-Strict-p030,48.1025,75,75,RLPolicy,0,0,0,0,1.20397,1,6.35485,57,57,6.24519,619,1
E3-Strict-p030,48.1044,450,450,RLPolicy,0,0,0,0,1.20397,1,5.39345,46,46,5.30891,619,0.997446
E3-Strict-p030,48.1079,321,321,RLPolicy,0,0,0,0,1.20397,1,6.0646,11,11,5.95166,619,1
E3-Strict-p030,48.1207,57,57,RLPolicy,0,0,0,0,1.20397,1,5.69593,8,8,5.57399,619,0.997446
E3-Strict-p030,48.1215,358,358,RLPolicy,0,0,0,0,1.20397,1,5.51136,72,72,5.42934,619,1
E3-Strict-p030,48.1282,148,148,RLPolicy,0,0,0,0,1.20397,1,4.60159,15,15,4.518,619,1
E3-Strict-p030,48.1326,529,529,RLPolicy,0,0,0,0,1.20397,1,5.30341,59,59,5.22399,619,1
E3-Strict-p030,48.1384,283,305,RLPolicy,1,1,0.0718487,0.693147,1.20397,3,5.65344,124,143,5.4083,619,0.997446
E3-Strict-p030,48.1543,523,523,RLPolicy,0,0,0,0,1.20397,1,8.52881,51,51,8.41973,619,1
E3-Strict-p030,48.1603,384,384,RLPolicy,0,0,0,0,1.20397,1,5.4659,55,55,5.33866,619,0.997446
E3-Strict-p030,48.168,282,282,RLPolicy,0,0,0,0,1.20397,1,6.42835,101,101,6.33038,619,0.994892
E3-Strict-p030,48.1691,130,130,RLPolicy,0,0,0,0,1.20397,1,6.42696,17,17,6.33949,619,1
E3-Strict-p030,48.1793,110,110,RLPolicy,0,0,0,0,1.20397,1,4.34422,9,9,4.28699,619,1
E3-Strict-p030,48.1831,525,525,RLPolicy,0,0,0,0,1.20397,1,5.37492,5,5,5.29976,619,1
E3-Strict-p030,48.1831,403,403,RLPolicy,0,0,0,0,1.20397,1,5.97552,55,55,5.87824,619,1
E3-Strict-p030,48.1834,31,31,RLPolicy,0,0,0,0,1.20397,1,5.45444,70,70,5.34363,619,0.997446
E3-Strict-p030,48.1837,185,185,RLPolicy,0,0,0,0,1.20397,1,5.95663,56,56,5.85936,619,1
E3-Strict-p030,48.1898,493,493,RLPolicy,0,0,0,0,1.20397,1,4.49929,80,80,4.4366,619,1
E3-Strict-p030,48.1952,344,344,RLPolicy,0,0,0,0,1.20397,1,5.53536,2,2,5.46894,619,1
E3-Strict-p030,48.1987,365,365,RLPolicy,0,0,0,0,1.20397,1,4.4746,30,30,4.42718,619,1
E3-Strict-p030,48.2045,202,202,RLPolicy,0,0,0,0,1.20397,1,8.033,62,62,7.94157,620,1
E3-Strict-p030,48.2066,375,375,RLPolicy,0,0,0,0,1.20397,1,4.38456,42,42,4.32911,620,0.997446
E3-Strict-p030,48.2083,167,167,RLPolicy,0,0,0,0,1.20397,1,4.84498,69,69,4.78111,620,0.994892
E3-Strict-p030,48.2109,33,509,RLPolicy,1,1,0.0390065,1.08091,1.20397,4,8.30644,155,159,8.0664,620,0.998154
E3-Strict-p030,48.2113,307,307,RLPolicy,0,0,0,0,1.20397,1,5.42132,60,60,5.34401,620,0.997446
E3-Strict-p030,48.2142,337,337,RLPolicy,0,0,0,0,1.20397,1,6.21507,29,29,6.11316,620,1
E3-Strict-p030,48.2147,219,546,RLPolicy,1,1,0.0538502,0.693147,1.20397,3,6.5633,114,120,6.32251,620,0.997446
E3-Strict-p030,48.2149,156,156,RLPolicy,0,0,0,0,1.20397,1,5.63166,102,102,5.53349,620,1
E3-Strict-p030,48.225,313,423,RLPolicy,1,1,0.0781602,0.693147,1.20397,3,6.05789,150,162,5.79514,620,0.997446
E3-Strict-p030,48.2286,328,328,RLPolicy,0,0,0,0,1.20397,1,6.55428,36,36,6.44957,620,1
E3-Strict-p030,48.2357,71,71,RLPolicy,0,0,0,0,1.20397,1,6.01342,18,18,5.87445,620,1
E3-Strict-p030,48.2389,238,238,RLPolicy,0,0,0,0,1.20397,1,4.74797,17,17,4.67973,620,1
E3-Strict-p030,48.2396,524,524,RLPolicy,0,0,0,0,1.20397,1,6.05785,21,21,5.99162,620,1
E3-Strict-p030,48.2418,70,70,RLPolicy,0,0,0,0,1.20397,1,5.71078,59,59,5.63914,620,0.997446
E3-Strict-p030,48.2481,296,296,RLPolicy,0,0,0,0,1.20397,1,5.27519,63,63,5.19504,620,0.997446
E3-Strict-p030,48.2501,176,176,RLPolicy,0,0,0,0,1.20397,1,5.17273,2,2,5.11259,620,1
E3-Strict-p030,48.2538,125,125,RLPolicy,0,0,0,0,1.20397,1,7.24165,59,59,7.12772,620,1
E3-Strict-p030,48.2554,515,515,RLPolicy,0,0,0,0,1.20397,1,4.93875,38,38,4.83627,2,1
E3-Strict-p030,48.2636,84,89,RLPolicy,1,1,0.0391875,0.693147,1.20397,3,5.29282,140,175,5.11507,620,0.994892
E3-Strict-p030,48.2688,456,456,RLPolicy,0,0,0,0,1.20397,1,4.87116,7,7,4.81172,620,1
E3-Strict-p030,48.2726,419,419,RLPolicy,0,0,0,0,1.20397,1,4.83805,54,54,4.76518,620,1
E3-Strict-p030,48.274,294,294,RLPolicy,0,0,0,0,1.20397,1,5.23638,63,63,5.15932,620,1
E3-Strict-p030,48.2765,411,411,RLPolicy,0,0,0,0,1.20397,1,5.79633,21,21,5.73599,620,1
E3-Strict-p030,48.2773,497,497,RLPolicy,0,0,0,0,1.20397,1,5.58794,55,55,5.52448,620,1
E3-Strict-p030,48.2779,231,231,RLPolicy,0,0,0,0,1.20397,1,5.4447,101,101,5.31967,620,0.997446
E3-Strict-p030,48.2965,250,250,RLPolicy,0,0,0,0,1.20397,1,5.74564,74,74,5.65106,620,1
E3-Strict-p030,48.2985,285,285,RLPolicy,0,0,0,0,1.20397,1,5.43399,63,63,5.3653,620,0.994892
E3-Strict-p030,48.302,87,87,RLPolicy,0,0,0,0,1.20397,1,5.00786,71,71,4.95146,621,0.997446
E3-Strict-p030,48.3072,276,276,RLPolicy,0,0,0,0,1.20397,1,6.95418,62,62,6.84946,621,0.997446
E3-Strict-p030,48.3166,104,104,RLPolicy,0,0,0,0,1.20397,1,5.28486,94,94,5.12892,621,0.989783
E3-Strict-p030,48.3173,339,339,RLPolicy,0,0,0,0,1.20397,1,6.7137,64,64,6.62284,621,0.997446
E3-Strict-p030,48.3207,351,351,RLPolicy,0,0,0,0,1.20397,1,5.95244,59,59,5.85997,621,1
E3-Strict-p030,48.3243,402,402,RLPolicy,0,0,0,0,1.20397,1,6.84044,67,67,6.68563,621,0.997446
E3-Strict-p030,48.3245,23,23,RLPolicy,0,0,0,0,1.20397,1,7.40804,89,89,7.28999,621,1
E3-Strict-p030,48.3271,195,195,RLPolicy,0,0,0,0,1.20397,1,6.30911,65,65,6.23002,621,0.992338
E3-Strict-p030,48.3289,77,77,RLPolicy,0,0,0,0,1.20397,1,6.47141,59,59,6.37631,621,1
E3-Strict-p030,48.3292,292,292,RLPolicy,0,0,0,0,1.20397,1,4.88909,68,68,4.78828,621,1
E3-Strict-p030,48.3318,224,224,RLPolicy,0,0,0,0,1.20397,1,5.64132,33,33,5.53313,621,0.997446
E3-Strict-p030,48.3332,517,517,RLPolicy,0,0,0,0,1.20397,1,5.39105,35,35,5.29713,621,1
E3-Strict-p030,48.337,498,498,RLPolicy,0,0,0,0,1.20397,1,6.08117,106,106,5.97434,621,1
E3-Strict-p030,48.3412,79,79,RLPolicy,0,0,0,0,1.20397,1,6.10558,69,69,5.9332,2,0.997446
E3-Strict-p030,48.3419,32,32,RLPolicy,0,0,0,0,1.20397,1,7.17856,89,89,7.09257,621,0.99275
E3-Strict-p030,48.3441,37,37,RLPolicy,0,0,0,0,1.20397,1,5.75718,12,12,5.65929,621,0.997446
E3-Strict-p030,48.3614,480,480,RLPolicy,0,0,0,0,1.20397,1,5.52928,25,25,5.44396,621,1
E3-Strict-p030,48.3624,297,297,RLPolicy,0,0,0,0,1.20397,1,5.11969,55,55,5.03743,621,0.997446
E3-Strict-p030,48.3647,309,309,RLPolicy,0,0,0,0,1.20397,1,4.96016,60,60,4.87556,621,0.997446
E3-Strict-p030,48.367,319,319,RLPolicy,0,0,0,0,1.20397,1,5.76898,41,41,5.66699,621,1
E3-Strict-p030,48.373,236,236,RLPolicy,0,0,0,0,1.20397,1,5.56935,75,75,5.49052,621,1
E3-Strict-p030,48.3751,373,373,RLPolicy,0,0,0,0,1.20397,1,5.06667,34,34,4.99243,621,1
E3-Strict-p030,48.3826,157,157,RLPolicy,0,0,0,0,1.20397,1,5.48205,21,21,5.39396,621,0.997446
E3-Strict-p030,48.3841,170,170,RLPolicy,0,0,0,0,1.20397,1,6.41622,18,18,6.31432,621,0.992338
E3-Strict-p030,48.3855,479,479,RLPolicy,0,0,0,0,1.20397,1,6.04862,57,57,5.90724,621,1
E3-Strict-p030,48.3916,270,270,RLPolicy,0,0,0,0,1.20397,1,8.9999,51,51,8.76886,621,0.994892
E3-Strict-p030,48.3957,158,158,RLPolicy,0,0,0,0,1.20397,1,5.62744,18,18,5.52661,621,0.994892
E3-Strict-p030,48.3981,481,481,RLPolicy,0,0,0,0,1.20397,1,6.87491,90,90,6.73312,621,1
E3-Strict-p030,48.3998,306,306,RLPolicy,0,0,0,0,1.20397,1,5.22822,22,22,5.15779,621,0.997446
E3-Strict-p030,48.4142,261,261,RLPolicy,0,0,0,0,1.20397,1,6.87683,54,54,6.7627,621,0.997446
E3-Strict-p030,48.4307,366,366,RLPolicy,0,0,0,0,1.20397,1,7.28187,93,93,7.13791,621,1
E3-Strict-p030,48.4308,215,215,RLPolicy,0,0,0,0,1.20397,1,5.45318,11,11,5.38532,621,1
E3-Strict-p030,48.4407,423,423,RLPolicy,0,0,0,0,1.20397,1,6.90996,59,59,6.81524,621,1
E3-Strict-p030,48.4431,354,207,RLPolicy,1,1,0.0868584,0.693147,1.20397,3,7.53377,96,108,7.29597,621,0.994892
E3-Strict-p030,48.4504,191,191,RLPolicy,0,0,0,0,1.20397,1,7.10369,71,71,7.00929,621,0.997446
E3-Strict-p030,48.4513,435,435,RLPolicy,0,0,0,0,1.20397,1,5.92127,19,19,5.83394,621,0.997446
E3-Strict-p030,48.4532,28,418,RLPolicy,1,1,0.0275103,1.08091,1.20397,4,7.98436,141,146,7.55553,621,0.996831
E3-Strict-p030,48.4538,278,278,RLPolicy,0,0,0,0,1.20397,1,7.2706,42,42,7.10954,621,1
E3-Strict-p030,48.4575,531,531,RLPolicy,0,0,0,0,1.20397,1,5.5962,59,59,5.51386,621,1
E3-Strict-p030,48.466,400,400,RLPolicy,0,0,0,0,1.20397,1,5.53703,19,19,5.35828,621,1
E3-Strict-p030,48.4661,401,401,RLPolicy,0,0,0,0,1.20397,1,6.92526,54,54,6.80338,621,1
E3-Strict-p030,48.4663,72,72,RLPolicy,0,0,0,0,1.20397,1,6.52631,25,25,6.35807,621,0.997446
E3-Strict-p030,48.4682,197,197,RLPolicy,0,0,0,0,1.20397,1,6.84735,36,36,6.70873,621,1
E3-Strict-p030,48.4701,349,349,RLPolicy,0,0,0,0,1.20397,1,6.33369,57,57,6.23627,621,1
E3-Strict-p030,48.4706,462,462,RLPolicy,0,0,0,0,1.20397,1,6.13903,48,48,6.05131,621,1
E3-Strict-p030,48.4737,329,329,RLPolicy,0,0,0,0,1.20397,1,6.95704,52,52,6.85695,621,1
E3-Strict-p030,48.4806,85,85,RLPolicy,0,0,0,0,1.20397,1,5.06235,16,16,4.97202,621,1
E3-Strict-p030,48.4809,18,18,RLPolicy,0,0,0,0,1.20397,1,5.09805,68,68,5.03149,621,1
E3-Strict-p030,48.4816,132,132,RLPolicy,0,0,0,0,1.20397,1,7.07254,23,23,6.98449,621,1
E3-Strict-p030,48.4885,330,330,RLPolicy,0,0,0,0,1.20397,1,6.28121,39,39,6.13332,621,1
E3-Strict-p030,48.4931,489,489,RLPolicy,0,0,0,0,1.20397,1,5.46149,76,76,5.35552,621,1
E3-Strict-p030,48.4955,345,345,RLPolicy,0,0,0,0,1.20397,1,6.85637,49,49,6.7769,621,0.997446
E3-Strict-p030,48.4993,500,500,RLPolicy,0,0,0,0,1.20397,1,4.95413,14,14,4.89595,621,1
E3-Strict-p030,48.501,171,171,RLPolicy,0,0,0,0,1.20397,1,4.89342,56,56,4.83833,621,1
E3-Strict-p030,48.5044,6,6,RLPolicy,0,0,0,0,1.20397,1,7.46474,41,41,7.15958,621,1
E3-Strict-p030,48.5077,281,281,RLPolicy,0,0,0,0,1.20397,1,5.89995,11,11,5.81681,621,0.997446
E3-Strict-p030,48.5099,431,431,RLPolicy,0,0,0,0,1.20397,1,5.20454,12,12,5.09234,621,1
E3-Strict-p030,48.5125,142,142,RLPolicy,0,0,0,0,1.20397,1,6.65997,61,61,6.54319,621,0.997446
E3-Strict-p030,48.5148,78,78,RLPolicy,0,0,0,0,1.20397,1,6.07261,49,49,5.93611,621,0.997446
E3-Strict-p030,48.5245,233,233,RLPolicy,0,0,0,0,1.20397,1,4.73247,51,51,4.6472,621,1
E3-Strict-p030,48.5295,227,227,RLPolicy,0,0,0,0,1.20397,1,5.46509,43,43,5.39485,621,0.997446
E3-Strict-p030,48.541,226,226,RLPolicy,0,0,0,0,1.20397,1,5.30419,5,5,5.21467,621,1
E3-Strict-p030,48.5592,422,422,RLPolicy,0,0,0,0,1.20397,1,4.57278,19,19,4.50756,621,1
E3-Strict-p030,48.5645,459,459,RLPolicy,0,0,0,0,1.20397,1,9.39089,39,39,9.23011,621,1
E3-Strict-p030,48.568,188,188,RLPolicy,0,0,0,0,1.20397,1,5.95593,18,18,5.85419,621,0.997446
E3-Strict-p030,48.5684,119,119,RLPolicy,0,0,0,0,1.20397,1,8.17195,101,101,7.96643,621,0.992338
E3-Strict-p030,48.5746,353,353,RLPolicy,0,0,0,0,1.20397,1,6.41722,5,5,6.33993,621,1
E3-Strict-p030,48.5788,518,518,RLPolicy,0,0,0,0,1.20397,1,5.29726,68,68,5.22174,621,1
E3-Strict-p030,48.5853,199,199,RLPolicy,0,0,0,0,1.20397,1,5.70339,75,75,5.6231,621,1
E3-Strict-p030,48.5902,417,417,RLPolicy,0,0,0,0,1.20397,1,5.55654,30,30,5.48885,621,1
E3-Strict-p030,48.5908,346,346,RLPolicy,0,0,0,0,1.20397,1,5.79479,8,8,5.73631,621,1
E3-Strict-p030,48.5908,146,146,RLPolicy,0,0,0,0,1.20397,1,4.63063,11,11,4.58,621,1
E3-Strict-p030,48.5925,503,503,RLPolicy,0,0,0,0,1.20397,1,4.81074,40,40,4.75537,621,1
E3-Strict-p030,48.5972,382,479,RLPolicy,1,1,0.00242808,0.693147,1.20397,3,5.19234,197,200,4.92852,621,0.997446
E3-Strict-p030,48.6015,213,213,RLPolicy,0,0,0,0,1.20397,1,6.11325,68,68,5.99022,623,0.997446
E3-Strict-p030,48.602,47,47,RLPolicy,0,0,0,0,1.20397,1,4.55249,84,84,4.49167,623,1
E3-Strict-p030,48.6026,13,13,RLPolicy,0,0,0,0,1.20397,1,4.98684,58,58,4.88861,4,0.999385
E3-Strict-p030,48.6077,470,470,RLPolicy,0,0,0,0,1.20397,1,9.01543,20,20,8.91571,623,1
E3-Strict-p030,48.6137,223,223,RLPolicy,0,0,0,0,1.20397,1,6.42339,70,70,6.29282,623,1
E3-Strict-p030,48.6146,314,314,RLPolicy,0,0,0,0,1.20397,1,5.18705,54,54,5.12572,623,0.997446
E3-Strict-p030,48.6161,100,100,RLPolicy,0,0,0,0,1.20397,1,5.58508,64,64,5.50288,623,0.994892
E3-Strict-p030,48.619,534,534,RLPolicy,0,0,0,0,1.20397,1,7.07114,84,84,6.9764,623,1
E3-Strict-p030,48.6232,522,522,RLPolicy,0,0,0,0,1.20397,1,5.01973,59,59,4.90198,623,1
E3-Strict-p030,48.6323,97,97,RLPolicy,0,0,0,0,1.20397,1,5.58146,56,56,5.49932,623,0.997446
E3-Strict-p030,48.6336,175,175,RLPolicy,0,0,0,0,1.20397,1,5.03794,11,11,4.96907,623,1
E3-Strict-p030,48.6343,327,327,RLPolicy,0,0,0,0,1.20397,1,5.27715,35,35,5.19545,1,0.997446
E3-Strict-p030,48.6379,95,95,RLPolicy,0,0,0,0,1.20397,1,5.29706,55,55,5.20863,623,0.997446
E3-Strict-p030,48.6399,527,527,RLPolicy,0,0,0,0,1.20397,1,4.84291,14,14,4.78778,623,1
E3-Strict-p030,48.6521,90,90,RLPolicy,0,0,0,0,1.20397,1,4.81025,39,39,4.74242,623,0.994892
E3-Strict-p030,48.6543,398,398,RLPolicy,0,0,0,0,1.20397,1,7.709,71,71,7.52306,623,1
E3-Strict-p030,48.6564,341,341,RLPolicy,0,0,0,0,1.20397,1,5.05448,19,19,4.97239,623,1
E3-Strict-p030,48.6616,413,413,RLPolicy,0,0,0,0,1.20397,1,5.76696,22,22,5.68634,623,1
E3-Strict-p030,48.6686,221,221,RLPolicy,0,0,0,0,1.20397,1,6.2338,94,94,6.1288,623,0.992338
E3-Strict-p030,48.6691,376,376,RLPolicy,0,0,0,0,1.20397,1,4.91308,90,90,4.80195,623,0.997446
E3-Strict-p030,48.6751,122,122,RLPolicy,0,0,0,0,1.20397,1,5.01966,60,60,4.94003,623,1
E3-Strict-p030,48.6773,248,248,RLPolicy,0,0,0,0,1.20397,1,5.60937,51,51,5.51645,623,1
E3-Strict-p030,48.6791,263,263,RLPolicy,0,0,0,0,1.20397,1,5.66759,76,76,5.56149,623,1
E3-Strict-p030,48.6842,506,506,RLPolicy,0,0,0,0,1.20397,1,4.02617,1,1,3.97397,623,1
E3-Strict-p030,48.6861,444,444,RLPolicy,0,0,0,0,1.20397,1,5.3552,83,83,5.26332,623,1
E3-Strict-p030,48.6879,206,206,RLPolicy,0,0,0,0,1.20397,1,6.07876,10,10,5.97886,623,1
E3-Strict-p030,48.6888,189,481,RLPolicy,1,1,0.0446121,0.693147,1.20397,3,5.50326,80,94,5.29901,623,0.994892
E3-Strict-p030,48.6943,415,415,RLPolicy,0,0,0,0,1.20397,1,6.70303,74,74,6.60912,623,1
E3-Strict-p030,48.6947,265,265,RLPolicy,0,0,0,0,1.20397,1,6.60504,72,72,6.46292,623,0.994892
E3-Strict-p030,48.6955,449,449,RLPolicy,0,0,0,0,1.20397,1,5.65914,62,62,5.5622,623,0.997446
E3-Strict-p030,48.7003,140,140,RLPolicy,0,0,0,0,1.20397,1,6.56761,37,37,6.43191,622,0.997446
E3-Strict-p030,48.7049,438,438,RLPolicy,0,0,0,0,1.20397,1,4.19473,3,3,4.14637,622,1
E3-Strict-p030,48.7076,15,15,RLPolicy,0,0,0,0,1.20397,1,6.01134,45,45,5.86702,622,1
E3-Strict-p030,48.71,36,36,RLPolicy,0,0,0,0,1.20397,1,11.1285,25,25,11.0111,622,1
E3-Strict-p030,48.7118,137,137,RLPolicy,0,0,0,0,1.20397,1,7.13962,22,22,7.03481,622,0.997446
E3-Strict-p030,48.7251,363,363,RLPolicy,0,0,0,0,1.20397,1,5.82894,14,14,5.73863,622,1
E3-Strict-p030,48.7287,464,630,RLPolicy,1,1,0.107207,0.693147,1.20397,3,6.88315,132,172,6.61632,622,0.997446
E3-Strict-p030,48.7291,243,243,RLPolicy,0,0,0,0,1.20397,1,5.14332,77,77,5.07483,622,1
E3-Strict-p030,48.7297,134,134,RLPolicy,0,0,0,0,1.20397,1,7.46165,8,8,7.36504,622,1
E3-Strict-p030,48.7301,433,433,RLPolicy,0,0,0,0,1.20397,1,5.56169,71,71,5.45976,1,1
E3-Strict-p030,48.7309,272,272,RLPolicy,0,0,0,0,1.20397,1,10.8614,51,51,10.2913,622,0.997446
E3-Strict-p030,48.7337,159,159,RLPolicy,0,0,0,0,1.20397,1,6.15003,34,34,6.06753,622,0.997446
E3-Strict-p030,48.7364,141,141,RLPolicy,0,0,0,0,1.20397,1,7.82513,69,69,7.51844,622,1
E3-Strict-p030,48.7377,436,436,RLPolicy,0,0,0,0,1.20397,1,7.35297,101,101,7.23698,622,0.997446
E3-Strict-p030,48.7478,508,508,RLPolicy,0,0,0,0,1.20397,1,7.19989,61,61,7.07335,622,1
E3-Strict-p030,48.7478,153,135,RLPolicy,1,1,0.0399067,0.693147,1.20397,3,6.38243,93,105,6.11802,622,0.994892
E3-Strict-p030,48.7509,465,465,RLPolicy,0,0,0,0,1.20397,1,8.19781,40,40,7.92083,622,1
E3-Strict-p030,48.7548,160,160,RLPolicy,0,0,0,0,1.20397,1,5.41985,19,19,5.29554,622,1
E3-Strict-p030,48.7581,420,420,RLPolicy,0,0,0,0,1.20397,1,7.45994,30,30,7.30963,622,1
E3-Strict-p030,48.7581,408,408,RLPolicy,0,0,0,0,1.20397,1,6.22182,59,59,6.12426,622,1
E3-Strict-p030,48.7643,135,135,RLPolicy,0,0,0,0,1.20397,1,8.63822,91,91,8.44978,622,0.992338
E3-Strict-p030,48.7716,163,163,RLPolicy,0,0,0,0,1.20397,1,8.08277,68,68,7.85045,622,1
E3-Strict-p030,48.7767,259,259,RLPolicy,0,0,0,0,1.20397,1,8.227,70,70,8.05217,622,1
E3-Strict-p030,48.7769,277,277,RLPolicy,0,0,0,0,1.20397,1,7.34574,1,1,7.19829,622,1
E3-Strict-p030,48.7772,303,303,RLPolicy,0,0,0,0,1.20397,1,5.7104,24,24,5.61428,622,1
E3-Strict-p030,48.7786,51,51,RLPolicy,0,0,0,0,1.20397,1,5.79624,25,25,5.693,622,1
E3-Strict-p030,48.7794,374,194,RLPolicy,1,1,0.00243338,0.693147,1.20397,3,5.77457,159,164,5.52445,622,0.997446
E3-Strict-p030,48.7823,88,88,RLPolicy,0,0,0,0,1.20397,1,7.47106,77,77,7.30327,622,0.997446
E3-Strict-p030,48.7889,121,121,RLPolicy,0,0,0,0,1.20397,1,5.35264,14,14,5.23445,622,1
E3-Strict-p030,48.7916,291,291,RLPolicy,0,0,0,0,1.20397,1,7.68117,112,112,7.4913,622,0.994892
E3-Strict-p030,48.7959,101,101,RLPolicy,0,0,0,0,1.20397,1,6.06414,24,24,5.96392,622,0.997446
E3-Strict-p030,48.7986,509,509,RLPolicy,0,0,0,0,1.20397,1,6.26985,68,68,6.16155,622,0.997446
E3-Strict-p030,48.8089,232,232,RLPolicy,0,0,0,0,1.20397,1,6.2394,71,71,6.12063,623,1
E3-Strict-p030,48.8109,460,491,RLPolicy,1,1,0.106344,0.693147,1.20397,3,9.77816,89,101,9.56148,623,0.997446
E3-Strict-p030,48.8131,14,14,RLPolicy,0,0,0,0,1.20397,1,5.60932,39,39,5.52137,623,1
E3-Strict-p030,48.8149,16,16,RLPolicy,0,0,0,0,1.20397,1,6.25632,41,41,6.14554,623,1
E3-Strict-p030,48.8201,334,334,RLPolicy,0,0,0,0,1.20397,1,6.86241,79,79,6.63066,623,0.997446
E3-Strict-p030,48.8287,9,9,RLPolicy,0,0,0,0,1.20397,1,9.84518,55,55,9.72029,623,1
E3-Strict-p030,48.8363,490,490,RLPolicy,0,0,0,0,1.20397,1,5.86956,16,16,5.75911,623,1
E3-Strict-p030,48.8364,192,192,RLPolicy,0,0,0,0,1.20397,1,5.74316,8,8,5.64733,623,0.994892
E3-Strict-p030,48.8437,393,7,RLPolicy,1,1,0.092593,0.693147,1.20397,3,6.41124,158,181,6.12775,623,0.994892
E3-Strict-p030,48.8439,26,26,RLPolicy,0,0,0,0,1.20397,1,5.61487,17,17,5.51261,623,1
E3-Strict-p030,48.8459,477,477,RLPolicy,0,0,0,0,1.20397,1,8.37315,103,103,8.24796,623,1
E3-Strict-p030,48.8562,200,200,RLPolicy,0,0,0,0,1.20397,1,9.83699,59,59,9.72819,623,0.997446
E3-Strict-p030,48.8563,484,484,RLPolicy,0,0,0,0,1.20397,1,9.40644,1,1,9.23426,623,1
E3-Strict-p030,48.8575,488,488,RLPolicy,0,0,0,0,1.20397,1,6.35045,44,44,6.22915,623,1
E3-Strict-p030,48.8689,482,482,RLPolicy,0,0,0,0,1.20397,1,7.24602,80,80,6.89402,623,1
E3-Strict-p030,48.869,458,458,RLPolicy,0,0,0,0,1.20397,1,5.74979,103,103,5.63895,623,1
E3-Strict-p030,48.8736,235,235,RLPolicy,0,0,0,0,1.20397,1,5.72327,38,38,5.56634,623,1
E3-Strict-p030,48.8776,62,218,RLPolicy,1,1,0.0444669,0.693147,1.20397,3,6.24275,131,167,5.99239,623,0.997446
E3-Strict-p030,48.8881,222,222,RLPolicy,0,0,0,0,1.20397,1,6.70465,77,77,6.59364,623,0.997446
E3-Strict-p030,48.8903,541,541,RLPolicy,0,0,0,0,1.20397,1,6.79078,48,48,6.63775,623,1
E3-Strict-p030,48.8922,520,520,RLPolicy,0,0,0,0,1.20397,1,5.75489,19,19,5.67009,623,1
E3-Strict-p030,48.8959,212,212,RLPolicy,0,0,0,0,1.20397,1,7.56446,77,77,7.47758,623,0.994892
E3-Strict-p030,48.9097,80,80,RLPolicy,0,0,0,0,1.20397,1,6.01411,88,88,5.90019,624,1
E3-Strict-p030,48.9144,240,240,RLPolicy,0,0,0,0,1.20397,1,5.68264,40,40,5.48517,624,1
E3-Strict-p030,48.9149,409,409,RLPolicy,0,0,0,0,1.20397,1,9.33332,3,3,9.24954,624,1
E3-Strict-p030,48.9219,203,203,RLPolicy,0,0,0,0,1.20397,1,7.07236,77,77,6.99032,624,0.994892
E3-Strict-p030,48.929,514,514,RLPolicy,0,0,0,0,1.20397,1,5.02314,83,83,4.93681,624,1
E3-Strict-p030,48.9294,405,405,RLPolicy,0,0,0,0,1.20397,1,6.41993,54,54,6.31938,624,1
E3-Strict-p030,48.9308,355,355,RLPolicy,0,0,0,0,1.20397,1,6.33629,36,36,6.25989,624,0.997446
E3-Strict-p030,48.9553,467,467,RLPolicy,0,0,0,0,1.20397,1,6.56564,53,53,6.42753,624,1
E3-Strict-p030,48.9564,325,325,RLPolicy,0,0,0,0,1.20397,1,6.12237,100,100,5.98696,624,0.994892
E3-Strict-p030,48.9569,149,149,RLPolicy,0,0,0,0,1.20397,1,6.91242,110,110,6.78674,624,1
E3-Strict-p030,48.9579,453,453,RLPolicy,0,0,0,0,1.20397,1,5.70807,34,34,5.60776,624,1
E3-Strict-p030,48.9654,40,40,RLPolicy,0,0,0,0,1.20397,1,5.52081,77,77,5.43172,624,0.999385
E3-Strict-p030,48.9679,56,56,RLPolicy,0,0,0,0,1.20397,1,5.45239,31,31,5.38828,624,1
E3-Strict-p030,48.97,356,356,RLPolicy,0,0,0,0,1.20397,1,6.52246,75,75,6.41732,624,0.994892
E3-Strict-p030,48.971,543,543,RLPolicy,0,0,0,0,1.20397,1,6.69064,69,69,6.59001,624,1
E3-Strict-p030,48.978,117,117,RLPolicy,0,0,0,0,1.20397,1,5.16545,31,31,5.08267,624,0.997446
E3-Strict-p030,48.9785,208,208,RLPolicy,0,0,0,0,1.20397,1,5.78206,36,36,5.65493,624,1
E3-Strict-p030,48.98,218,218,RLPolicy,0,0,0,0,1.20397,1,7.89354,92,92,7.75335,624,1
E3-Strict-p030,48.9819,247,247,RLPolicy,0,0,0,0,1.20397,1,5.71436,61,61,5.6023,624,0.997446
E3-Strict-p030,48.986,205,205,RLPolicy,0,0,0,0,1.20397,1,6.61292,72,72,6.5147,624,1
E3-Strict-p030,48.9872,466,466,RLPolicy,0,0,0,0,1.20397,1,6.0428,25,25,5.95912,624,1
E3-Strict-p030,48.9883,487,487,RLPolicy,0,0,0,0,1.20397,1,7.47019,80,80,7.34198,624,1
E3-Strict-p030,48.9971,301,301,RLPolicy,0,0,0,0,1.20397,1,5.31464,18,18,5.23562,624,1
E3-Strict-p030,49.0027,322,322,RLPolicy,0,0,0,0,1.20397,1,4.71864,37,37,4.65449,624,1
E3-Strict-p030,49.0064,166,166,RLPolicy,0,0,0,0,1.20397,1,5.12563,51,51,5.03739,624,1
E3-Strict-p030,49.0123,310,310,RLPolicy,0,0,0,0,1.20397,1,6.07148,50,50,5.96983,624,1
E3-Strict-p030,49.0125,161,161,RLPolicy,0,0,0,0,1.20397,1,5.87162,56,56,5.75826,624,0.995803
E3-Strict-p030,49.0134,501,501,RLPolicy,0,0,0,0,1.20397,1,5.35543,48,48,5.2513,2,1
E3-Strict-p030,49.0198,389,389,RLPolicy,0,0,0,0,1.20397,1,4.94996,13,13,4.85135,624,1
E3-Strict-p030,49.0227,362,362,RLPolicy,0,0,0,0,1.20397,1,9.76227,25,25,9.66104,624,1
E3-Strict-p030,49.0259,150,150,RLPolicy,0,0,0,0,1.20397,1,9.28337,80,80,9.16605,624,0.994892
E3-Strict-p030,49.0289,220,220,RLPolicy,0,0,0,0,1.20397,1,8.84948,56,56,8.64274,624,0.994892
E3-Strict-p030,49.0345,196,196,RLPolicy,0,0,0,0,1.20397,1,6.28223,26,26,6.15284,624,1
E3-Strict-p030,49.0358,116,116,RLPolicy,0,0,0,0,1.20397,1,5.36071,46,46,5.2871,4,0.994892
E3-Strict-p030,49.0403,302,302,RLPolicy,0,0,0,0,1.20397,1,7.02936,56,56,6.88136,624,0.997446
E3-Strict-p030,49.045,177,177,RLPolicy,0,0,0,0,1.20397,1,6.04334,43,43,5.934,624,0.997446
E3-Strict-p030,49.046,323,171,RLPolicy,1,1,0.0778396,0.693147,1.20397,3,6.09106,101,106,5.9009,624,0.997446
E3-Strict-p030,49.0475,381,381,RLPolicy,0,0,0,0,1.20397,1,6.13451,92,92,6.00624,624,1
E3-Strict-p030,49.0486,343,343,RLPolicy,0,0,0,0,1.20397,1,8.46222,49,49,8.33434,624,1
E3-Strict-p030,49.0512,180,180,RLPolicy,0,0,0,0,1.20397,1,5.53117,41,41,5.43236,624,1
E3-Strict-p030,49.0514,320,320,RLPolicy,0,0,0,0,1.20397,1,4.71946,19,19,4.65288,624,1
E3-Strict-p030,49.0587,20,20,RLPolicy,0,0,0,0,1.20397,1,6.15604,104,104,6.04244,624,0.994276
E3-Strict-p030,49.0596,397,397,RLPolicy,0,0,0,0,1.20397,1,6.40064,79,79,6.32197,624,0.994892
E3-Strict-p030,49.06,3,3,RLPolicy,0,0,0,0,1.20397,1,7.09071,46,46,7.00236,624,0.997446
E3-Strict-p030,49.0602,19,19,RLPolicy,0,0,0,0,1.20397,1,6.21624,58,58,6.10618,624,1
E3-Strict-p030,49.074,390,390,RLPolicy,0,0,0,0,1.20397,1,5.73836,94,94,5.63513,624,1
E3-Strict-p030,49.083,377,377,RLPolicy,0,0,0,0,1.20397,1,5.49937,68,68,5.39231,624,0.997446
E3-Strict-p030,49.0869,496,496,RLPolicy,0,0,0,0,1.20397,1,6.41762,61,61,6.27347,624,1
E3-Strict-p030,49.0895,45,45,RLPolicy,0,0,0,0,1.20397,1,5.00735,25,25,4.89984,624,0.997446
E3-Strict-p030,49.092,111,111,RLPolicy,0,0,0,0,1.20397,1,7.12711,106,106,6.97992,624,0.997446
E3-Strict-p030,49.0961,446,446,RLPolicy,0,0,0,0,1.20397,1,6.10261,62,62,5.97564,624,1
E3-Strict-p030,49.0993,46,46,RLPolicy,0,0,0,0,1.20397,1,5.79383,67,67,5.69778,624,0.994276
E3-Strict-p030,49.104,448,448,RLPolicy,0,0,0,0,1.20397,1,5.20434,26,26,5.12612,625,1
E3-Strict-p030,49.1068,249,249,RLPolicy,0,0,0,0,1.20397,1,5.1013,28,28,5.0343,625,1
E3-Strict-p030,49.1089,209,209,RLPolicy,0,0,0,0,1.20397,1,5.73057,15,15,5.65389,625,1
E3-Strict-p030,49.1122,510,262,RLPolicy,1,1,0.117513,0.693147,1.20397,3,6.11923,173,191,5.77611,625,0.997446
E3-Strict-p030,49.1136,43,43,RLPolicy,0,0,0,0,1.20397,1,5.50416,95,95,5.42951,625,1
E3-Strict-p030,49.117,468,56,RLPolicy,1,1,0.106527,0.693147,1.20397,3,10.9594,106,126,10.7142,625,0.997446
E3-Strict-p030,49.1179,179,624,RLPolicy,1,1,0.0677092,0.538997,1.20397,3,6.21689,198,217,5.82373,625,0.996675
E3-Strict-p030,49.1218,290,290,RLPolicy,0,0,0,0,1.20397,1,6.4649,76,76,6.31032,625,1
E3-Strict-p030,49.1233,347,347,RLPolicy,0,0,0,0,1.20397,1,7.85581,54,54,7.72014,625,1
E3-Strict-p030,49.1283,378,378,RLPolicy,0,0,0,0,1.20397,1,6.83827,104,104,6.63757,625,0.997446
E3-Strict-p030,49.1314,145,145,RLPolicy,0,0,0,0,1.20397,1,7.9288,77,77,7.79746,625,0.994892
E3-Strict-p030,49.1354,340,340,RLPolicy,0,0,0,0,1.20397,1,7.43176,72,72,7.31825,625,1
E3-Strict-p030,49.1394,12,12,RLPolicy,0,0,0,0,1.20397,1,7.09436,86,86,6.97093,625,0.982121
E3-Strict-p030,49.1442,371,371,RLPolicy,0,0,0,0,1.20397,1,4.93511,36,36,4.7995,625,1
E3-Strict-p030,49.1454,63,63,RLPolicy,0,0,0,0,1.20397,1,5.42486,64,64,5.34752,625,0.997446
E3-Strict-p030,49.1508,81,81,RLPolicy,0,0,0,0,1.20397,1,7.25049,32,32,7.11998,625,0.997446
E3-Strict-p030,49.16,178,178,RLPolicy,0,0,0,0,1.20397,1,4.53842,23,23,4.42883,4,0.997446
E3-Strict-p030,49.1626,25,25,RLPolicy,0,0,0,0,1.20397,1,7.37684,41,41,7.25019,625,0.996215
E3-Strict-p030,49.1635,494,381,RLPolicy,1,1,0.114554,0.693147,1.20397,3,7.71296,157,163,7.39297,625,0.997446
E3-Strict-p030,49.1668,308,308,RLPolicy,0,0,0,0,1.20397,1,4.9283,25,25,4.84415,625,1
E3-Strict-p030,49.1698,491,491,RLPolicy,0,0,0,0,1.20397,1,7.47227,53,53,7.29732,625,0.997446
E3-Strict-p030,49.1721,499,499,RLPolicy,0,0,0,0,1.20397,1,5.50559,36,36,5.42228,625,1
E3-Strict-p030,49.174,421,421,RLPolicy,0,0,0,0,1.20397,1,6.78965,69,69,6.67841,625,1
E3-Strict-p030,49.1741,264,264,RLPolicy,0,0,0,0,1.20397,1,5.15327,15,15,5.08061,625,0.997446
E3-Strict-p030,49.1834,312,312,RLPolicy,0,0,0,0,1.20397,1,6.27508,51,51,6.14867,625,1
E3-Strict-p030,49.1871,416,416,RLPolicy,0,0,0,0,1.20397,1,7.92236,69,69,7.74946,625,1
E3-Strict-p030,49.1908,386,386,RLPolicy,0,0,0,0,1.20397,1,5.11571,50,50,5.04136,625,1
E3-Strict-p030,49.1995,103,103,RLPolicy,0,0,0,0,1.20397,1,5.40608,77,77,5.30223,625,1
E3-Strict-p030,49.1999,244,244,RLPolicy,0,0,0,0,1.20397,1,5.66866,68,68,5.55821,625,0.997446
E3-Strict-p030,49.2047,105,529,RLPolicy,1,1,0.0340034,0.693147,1.20397,3,4.63452,134,143,4.50161,625,0.997446
E3-Strict-p030,49.2053,76,76,RLPolicy,0,0,0,0,1.20397,1,8.70862,101,101,8.63431,625,0.994892
E3-Strict-p030,49.2056,210,210,RLPolicy,0,0,0,0,1.20397,1,6.03995,8,8,5.95798,625,1
E3-Strict-p030,49.2063,107,107,RLPolicy,0,0,0,0,1.20397,1,6.13,91,91,6.00568,625,0.989783
E3-Strict-p030,49.2079,357,357,RLPolicy,0,0,0,0,1.20397,1,5.80028,14,14,5.63163,625,1
E3-Strict-p030,49.2104,245,245,RLPolicy,0,0,0,0,1.20397,1,5.66528,56,56,5.57372,625,0.994892
E3-Strict-p030,49.2106,172,172,RLPolicy,0,0,0,0,1.20397,1,7.56532,104,104,7.43801,625,0.992338
E3-Strict-p030,49.2193,336,17,RLPolicy,1,1,0.0816727,0.693147,1.20397,3,8.01161,122,146,7.757,625,0.992338
E3-Strict-p030,49.2211,147,147,RLPolicy,0,0,0,0,1.20397,1,7.89512,70,70,7.78338,625,0.997446
E3-Strict-p030,49.2216,174,174,RLPolicy,0,0,0,0,1.20397,1,5.73871,78,78,5.616,625,1
E3-Strict-p030,49.2218,112,112,RLPolicy,0,0,0,0,1.20397,1,4.95665,90,90,4.83419,4,0.997446
E3-Strict-p030,49.225,225,225,RLPolicy,0,0,0,0,1.20397,1,6.93352,48,48,6.78333,625,0.997446
E3-Strict-p030,49.2259,54,54,RLPolicy,0,0,0,0,1.20397,1,5.88426,14,14,5.76415,625,1
E3-Strict-p030,49.2301,502,502,RLPolicy,0,0,0,0,1.20397,1,5.6702,107,107,5.5788,625,1
E3-Strict-p030,49.2315,38,38,RLPolicy,0,0,0,0,1.20397,1,6.74707,62,62,6.59224,625,0.994892
E3-Strict-p030,49.2336,410,410,RLPolicy,0,0,0,0,1.20397,1,6.12168,10,10,6.02506,625,1
E3-Strict-p030,49.2348,280,280,RLPolicy,0,0,0,0,1.20397,1,6.30757,2,2,6.18113,625,1
E3-Strict-p030,49.2361,335,335,RLPolicy,0,0,0,0,1.20397,1,6.11639,57,57,6.02048,625,1
E3-Strict-p030,49.237,66,66,RLPolicy,0,0,0,0,1.20397,1,6.63087,60,60,6.47639,625,1
E3-Strict-p030,49.2391,370,370,RLPolicy,0,0,0,0,1.20397,1,5.90159,73,73,5.77845,625,1
E3-Strict-p030,49.2402,392,392,RLPolicy,0,0,0,0,1.20397,1,7.07795,104,104,6.88205,625,1
E3-Strict-p030,49.242,50,624,RLPolicy,1,1,0.0458516,0.693147,1.20397,3,6.14102,171,184,5.90078,625,0.989783
E3-Strict-p030,49.2423,52,52,RLPolicy,0,0,0,0,1.20397,1,6.97265,46,46,6.88194,625,0.998769
E3-Strict-p030,49.2432,190,190,RLPolicy,0,0,0,0,1.20397,1,5.31646,75,75,5.24998,625,0.994892
E3-Strict-p030,49.2469,443,443,RLPolicy,0,0,0,0,1.20397,1,5.27803,3,3,5.19419,625,1
E3-Strict-p030,49.247,114,114,RLPolicy,0,0,0,0,1.20397,1,5.8163,18,18,5.71514,625,1
E3-Strict-p030,49.2499,368,368,RLPolicy,0,0,0,0,1.20397,1,6.74976,78,78,6.62833,625,0.994892
E3-Strict-p030,49.2564,451,451,RLPolicy,0,0,0,0,1.20397,1,6.12818,38,38,6.05021,625,1
E3-Strict-p030,49.2578,380,380,RLPolicy,0,0,0,0,1.20397,1,5.40636,21,21,5.25557,625,0.997446
E3-Strict-p030,49.2591,549,549,RLPolicy,0,0,0,0,1.20397,1,6.72878,106,106,6.6514,625,1
E3-Strict-p030,49.2613,528,528,RLPolicy,0,0,0,0,1.20397,1,6.50442,73,73,6.4236,625,1
E3-Strict-p030,49.2636,39,39,RLPolicy,0,0,0,0,1.20397,1,7.26222,58,58,7.03999,625,0.997446
E3-Strict-p030,49.2656,551,551,RLPolicy,0,0,0,0,1.20397,1,5.57257,87,87,5.47186,625,1
E3-Strict-p030,49.2692,152,152,RLPolicy,0,0,0,0,1.20397,1,6.62405,36,36,6.26556,625,1
E3-Strict-p030,49.2738,258,258,RLPolicy,0,0,0,0,1.20397,1,5.84355,56,56,5.75502,625,0.997446
E3-Strict-p030,49.2769,455,455,RLPolicy,0,0,0,0,1.20397,1,4.5005,23,23,4.39688,625,1
E3-Strict-p030,49.2786,120,120,RLPolicy,0,0,0,0,1.20397,1,4.37513,21,21,4.31272,625,1
E3-Strict-p030,49.2872,59,59,RLPolicy,0,0,0,0,1.20397,1,5.98956,56,56,5.89974,625,0.992338
E3-Strict-p030,49.2886,387,387,RLPolicy,0,0,0,0,1.20397,1,4.57794,8,8,4.49596,625,1
E3-Strict-p030,49.2954,396,396,RLPolicy,0,0,0,0,1.20397,1,5.61898,78,78,5.48029,625,0.997446
E3-Strict-p030,49.2977,350,350,RLPolicy,0,0,0,0,1.20397,1,6.52473,54,54,6.37899,625,1
E3-Strict-p030,49.3027,429,429,RLPolicy,0,0,0,0,1.20397,1,5.48443,28,28,5.39981,626,1
E3-Strict-p030,49.3116,49,49,RLPolicy,0,0,0,0,1.20397,1,5.81645,19,19,5.71415,626,1
E3-Strict-p030,49.317,68,68,RLPolicy,0,0,0,0,1.20397,1,5.6672,7,7,5.50068,626,0.997446
E3-Strict-p030,49.3183,406,406,RLPolicy,0,0,0,0,1.20397,1,5.68307,93,93,5.53751,626,0.997446
E3-Strict-p030,49.3184,86,86,RLPolicy,0,0,0,0,1.20397,1,6.13298,27,27,5.99246,626,1
E3-Strict-p030,49.3234,109,109,RLPolicy,0,0,0,0,1.20397,1,5.24178,80,80,5.16662,626,0.997446
E3-Strict-p030,49.3296,305,305,RLPolicy,0,0,0,0,1.20397,1,6.15935,70,70,6.05161,626,0.997446
E3-Strict-p030,49.3405,425,425,RLPolicy,0,0,0,0,1.20397,1,6.20865,69,69,6.11734,626,1
E3-Strict-p030,49.3461,418,418,RLPolicy,0,0,0,0,1.20397,1,7.98599,70,70,7.34294,626,0.997446
E3-Strict-p030,49.3467,430,430,RLPolicy,0,0,0,0,1.20397,1,7.80415,67,67,7.68714,626,0.997446
E3-Strict-p030,49.3471,1,1,RLPolicy,0,0,0,0,1.20397,1,5.58906,57,57,5.51143,626,1
E3-Strict-p030,49.355,485,485,RLPolicy,0,0,0,0,1.20397,1,6.73706,78,78,6.65466,626,0.997446
E3-Strict-p030,49.3607,293,293,RLPolicy,0,0,0,0,1.20397,1,6.99015,62,62,6.88377,626,0.997446
E3-Strict-p030,49.3654,7,7,RLPolicy,0,0,0,0,1.20397,1,7.1246,42,42,7.01135,626,0.999385
E3-Strict-p030,49.3751,504,504,RLPolicy,0,0,0,0,1.20397,1,5.69468,28,28,5.59438,626,0.997446
E3-Strict-p030,49.3752,228,228,RLPolicy,0,0,0,0,1.20397,1,6.2115,3,3,6.13946,626,1
E3-Strict-p030,49.3795,214,214,RLPolicy,0,0,0,0,1.20397,1,7.1197,55,55,6.97419,626,0.997446
E3-Strict-p030,49.3911,8,8,RLPolicy,0,0,0,0,1.20397,1,6.83795,78,78,6.6824,626,0.997446
E3-Strict-p030,49.3916,535,535,RLPolicy,0,0,0,0,1.20397,1,5.22378,16,16,5.15581,626,1
E3-Strict-p030,49.4006,151,151,RLPolicy,0,0,0,0,1.20397,1,7.6429,84,84,7.5406,627,0.997446
E3-Strict-p030,49.4012,182,182,RLPolicy,0,0,0,0,1.20397,1,4.89027,78,78,4.79709,627,1
E3-Strict-p030,49.4064,404,404,RLPolicy,0,0,0,0,1.20397,1,5.10952,69,69,4.99633,627,1
E3-Strict-p030,49.4119,407,407,RLPolicy,0,0,0,0,1.20397,1,6.58028,99,99,6.48573,627,0.994892
E3-Strict-p030,49.416,17,17,RLPolicy,0,0,0,0,1.20397,1,4.82857,80,80,4.74555,627,0.991223
E3-Strict-p030,49.4163,542,542,RLPolicy,0,0,0,0,1.20397,1,8.93089,76,76,8.81199,627,1
E3-Strict-p030,49.4246,201,201,RLPolicy,0,0,0,0,1.20397,1,6.42328,93,93,6.33595,5,0.997446
E3-Strict-p030,49.4255,67,338,RLPolicy,1,1,0.0225998,0.693147,1.20397,3,4.97306,154,157,4.72469,627,0.989783
E3-Strict-p030,49.4337,536,536,RLPolicy,0,0,0,0,1.20397,1,8.70141,55,55,8.63124,627,1
E3-Strict-p030,49.4394,255,255,RLPolicy,0,0,0,0,1.20397,1,5.25809,40,40,5.17446,627,1
E3-Strict-p030,49.4493,472,472,RLPolicy,0,0,0,0,1.20397,1,9.8155,68,68,9.75129,627,1
E3-Strict-p030,49.4525,463,463,RLPolicy,0,0,0,0,1.20397,1,5.02776,32,32,4.96326,627,1
E3-Strict-p030,49.4535,359,359,RLPolicy,0,0,0,0,1.20397,1,9.62089,26,26,9.50779,627,0.994892
E3-Strict-p030,49.4553,94,94,RLPolicy,0,0,0,0,1.20397,1,6.82461,67,67,6.73252,627,0.997446
E3-Strict-p030,49.4573,74,74,RLPolicy,0,0,0,0,1.20397,1,6.18598,64,64,6.09924,627,1
E3-Strict-p030,49.4578,326,326,RLPolicy,0,0,0,0,1.20397,1,5.23059,75,75,5.16406,627,1
E3-Strict-p030,49.4602,65,65,RLPolicy,0,0,0,0,1.20397,1,5.25406,25,25,5.16664,627,1
E3-Strict-p030,49.4684,61,61,RLPolicy,0,0,0,0,1.20397,1,6.94227,73,73,6.838,627,0.997446
E3-Strict-p030,49.4742,331,331,RLPolicy,0,0,0,0,1.20397,1,5.24488,36,36,5.17046,627,0.994892
E3-Strict-p030,49.4812,348,348,RLPolicy,0,0,0,0,1.20397,1,7.14409,90,90,6.95139,627,1
E3-Strict-p030,49.4817,48,48,RLPolicy,0,0,0,0,1.20397,1,6.65477,95,95,6.50802,627,0.997446
E3-Strict-p030,49.4905,216,216,RLPolicy,0,0,0,0,1.20397,1,7.14738,70,70,7.06534,627,1
E3-Strict-p030,49.4924,474,474,RLPolicy,0,0,0,0,1.20397,1,6.49901,33,33,6.39656,627,1
E3-Strict-p030,49.4951,315,315,RLPolicy,0,0,0,0,1.20397,1,4.82127,33,33,4.7471,627,1
E3-Strict-p030,49.4959,298,246,RLPolicy,1,1,0.0739042,0.693147,1.20397,3,6.88164,144,158,6.63901,627,0.997446
E3-Strict-p030,49.499,99,99,RLPolicy,0,0,0,0,1.20397,1,6.9425,62,62,6.80197,627,1
E3-Strict-p030,49.5034,55,55,RLPolicy,0,0,0,0,1.20397,1,6.19824,50,50,6.07524,627,1
E3-Strict-p030,49.5058,447,447,RLPolicy,0,0,0,0,1.20397,1,6.59269,55,55,6.46096,627,1
E3-Strict-p030,49.5096,441,441,RLPolicy,0,0,0,0,1.20397,1,10.1741,49,49,10.0734,627,1
E3-Strict-p030,49.5143,93,166,RLPolicy,1,1,0.0479201,0.693147,1.20397,3,6.74866,100,138,6.47272,627,0.997446
E3-Strict-p030,49.5147,53,53,RLPolicy,0,0,0,0,1.20397,1,4.53179,78,78,4.46703,627,1
E3-Strict-p030,49.516,385,385,RLPolicy,0,0,0,0,1.20397,1,5.37113,73,73,5.25632,627,1
E3-Strict-p030,49.5175,391,391,RLPolicy,0,0,0,0,1.20397,1,5.97446,72,72,5.887,627,0.997446
E3-Strict-p030,49.5196,113,405,RLPolicy,1,1,0.0432807,0.693147,1.20397,3,5.72089,65,70,5.52055,627,0.987229
E3-Strict-p030,49.5211,537,537,RLPolicy,0,0,0,0,1.20397,1,6.94075,50,50,6.83087,627,1
E3-Strict-p030,49.5226,44,44,RLPolicy,0,0,0,0,1.20397,1,7.16613,59,59,7.07503,627,0.999385
E3-Strict-p030,49.5226,268,268,RLPolicy,0,0,0,0,1.20397,1,6.1081,57,57,6.00755,627,1
E3-Strict-p030,49.5267,274,274,RLPolicy,0,0,0,0,1.20397,1,5.49563,55,55,5.42349,627,0.994892
E3-Strict-p030,49.5293,519,519,RLPolicy,0,0,0,0,1.20397,1,5.83012,68,68,5.75559,627,0.997446
E3-Strict-p030,49.5304,0,0,RLPolicy,0,0,0,0,1.20397,1,5.07952,77,77,5.01194,627,1
E3-Strict-p030,49.5349,124,124,RLPolicy,0,0,0,0,1.20397,1,6.04157,70,70,5.95898,627,0.997446
E3-Strict-p030,49.5365,186,186,RLPolicy,0,0,0,0,1.20397,1,5.64524,80,80,5.5136,1,1
E3-Strict-p030,49.5411,507,507,RLPolicy,0,0,0,0,1.20397,1,6.45033,68,68,6.35491,627,1
E3-Strict-p030,49.544,452,452,RLPolicy,0,0,0,0,1.20397,1,5.18861,4,4,5.09475,627,1
E3-Strict-p030,49.546,169,169,RLPolicy,0,0,0,0,1.20397,1,6.65961,98,98,6.55008,627,0.989783
E3-Strict-p030,49.547,91,91,RLPolicy,0,0,0,0,1.20397,1,10.8074,64,64,10.732,627,0.997446
E3-Strict-p030,49.5542,273,427,RLPolicy,1,1,0.067665,0.693147,1.20397,3,7.37185,181,216,6.95978,627,0.994892
E3-Strict-p030,49.5567,287,287,RLPolicy,0,0,0,0,1.20397,1,10.0104,6,6,9.9355,627,1
E3-Strict-p030,49.5606,115,115,RLPolicy,0,0,0,0,1.20397,1,6.10665,93,93,5.98868,627,1
E3-Strict-p030,49.5652,505,505,RLPolicy,0,0,0,0,1.20397,1,6.32175,98,98,6.2023,627,1
E3-Strict-p030,49.5775,118,118,RLPolicy,0,0,0,0,1.20397,1,5.60187,95,95,5.50979,627,0.994892
E3-Strict-p030,49.5866,399,390,RLPolicy,1,1,0.0951868,0.693147,1.20397,3,6.32815,138,156,6.08147,627,0.997446
E3-Strict-p030,49.5875,127,127,RLPolicy,0,0,0,0,1.20397,1,10.4403,44,44,10.3378,627,0.989783
E3-Strict-p030,49.5884,361,361,RLPolicy,0,0,0,0,1.20397,1,6.54435,11,11,6.44503,627,1
E3-Strict-p030,49.5932,478,478,RLPolicy,0,0,0,0,1.20397,1,6.40887,48,48,6.3184,627,1
E3-Strict-p030,49.5937,471,471,RLPolicy,0,0,0,0,1.20397,1,5.79601,104,104,5.63871,627,1
E3-Strict-p030,49.5961,193,193,RLPolicy,0,0,0,0,1.20397,1,5.11924,79,79,5.03037,627,1
E3-Strict-p030,49.597,242,242,RLPolicy,0,0,0,0,1.20397,1,5.28707,63,63,5.2152,627,0.991567
E3-Strict-p030,49.5972,260,260,RLPolicy,0,0,0,0,1.20397,1,5.49772,57,57,5.43024,627,1
E3-Strict-p030,49.6017,526,526,RLPolicy,0,0,0,0,1.20397,1,5.65067,37,37,5.58495,628,1
E3-Strict-p030,49.6055,241,241,RLPolicy,0,0,0,0,1.20397,1,4.23184,26,26,4.18313,628,0.997446
E3-Strict-p030,49.6119,469,469,RLPolicy,0,0,0,0,1.20397,1,6.03792,71,71,5.95902,628,1
E3-Strict-p030,49.6121,461,461,RLPolicy,0,0,0,0,1.20397,1,5.60623,38,38,5.53283,628,1
E3-Strict-p030,49.6195,427,427,RLPolicy,0,0,0,0,1.20397,1,6.68819,74,74,6.5967,628,1
E3-Strict-p030,49.6208,539,539,RLPolicy,0,0,0,0,1.20397,1,6.15623,15,15,6.08865,628,1
E3-Strict-p030,49.6262,143,143,RLPolicy,0,0,0,0,1.20397,1,5.62503,13,13,5.51717,628,1
E3-Strict-p030,49.6292,437,437,RLPolicy,0,0,0,0,1.20397,1,6.88159,54,54,6.67257,628,1
E3-Strict-p030,49.6365,251,251,RLPolicy,0,0,0,0,1.20397,1,5.62821,81,81,5.53816,628,0.997446
E3-Strict-p030,49.6376,338,338,RLPolicy,0,0,0,0,1.20397,1,4.93076,65,65,4.86715,628,1
E3-Strict-p030,49.6418,133,133,RLPolicy,0,0,0,0,1.20397,1,7.38052,119,119,7.25925,628,0.989013
E3-Strict-p030,49.6516,89,89,RLPolicy,0,0,0,0,1.20397,1,8.12922,62,62,8.04078,628,0.997446
E3-Strict-p030,49.6584,311,311,RLPolicy,0,0,0,0,1.20397,1,6.08349,99,99,5.98839,628,0.994892
E3-Strict-p030,49.6637,372,372,RLPolicy,0,0,0,0,1.20397,1,6.52464,98,98,6.41029,628,1
E3-Strict-p030,49.664,360,360,RLPolicy,0,0,0,0,1.20397,1,5.45393,24,24,5.37145,628,1
E3-Strict-p030,49.6757,83,83,RLPolicy,0,0,0,0,1.20397,1,6.61617,93,93,6.51561,628,0.997446
E3-Strict-p030,49.6803,60,60,RLPolicy,0,0,0,0,1.20397,1,6.49589,60,60,6.34756,628,1
E3-Strict-p030,49.6821,173,173,RLPolicy,0,0,0,0,1.20397,1,6.02538,78,78,5.92995,628,0.994892
E3-Strict-p030,49.6846,102,102,RLPolicy,0,0,0,0,1.20397,1,6.92492,61,61,6.77035,628,0.997446
E3-Strict-p030,49.685,246,246,RLPolicy,0,0,0,0,1.20397,1,5.63789,78,78,5.5308,628,1
E3-Strict-p030,49.6869,35,35,RLPolicy,0,0,0,0,1.20397,1,9.9198,67,67,9.83678,628,0.994276
E3-Strict-p030,49.6888,426,564,RLPolicy,1,1,0.104084,0.693147,1.20397,3,5.81261,22,24,5.63361,628,0.997446
E3-Strict-p030,49.6944,96,96,RLPolicy,0,0,0,0,1.20397,1,6.9388,57,57,6.8115,628,1
E3-Strict-p030,49.6949,183,183,RLPolicy,0,0,0,0,1.20397,1,5.03559,22,22,4.95713,2,0.994121
E3-Strict-p030,49.6981,154,154,RLPolicy,0,0,0,0,1.20397,1,6.37245,9,9,6.28483,628,1
E3-Strict-p030,49.6998,379,211,RLPolicy,1,1,0.0895961,0.693147,1.20397,3,6.32809,99,112,6.10655,628,0.994892
E3-Strict-p030,49.7015,267,267,RLPolicy,0,0,0,0,1.20397,1,5.02047,83,83,4.93766,628,0.997446
E3-Strict-p030,49.7018,11,11,RLPolicy,0,0,0,0,1.20397,1,5.85761,20,20,5.73925,628,1
E3-Strict-p030,49.7021,512,512,RLPolicy,0,0,0,0,1.20397,1,5.65087,16,16,5.48357,628,1
E3-Strict-p030,49.7053,454,454,RLPolicy,0,0,0,0,1.20397,1,4.04594,12,12,3.98098,628,1
E3-Strict-p030,49.708,288,288,RLPolicy,0,0,0,0,1.20397,1,7.04009,26,26,6.93512,628,0.997446
E3-Strict-p030,49.7095,266,266,RLPolicy,0,0,0,0,1.20397,1,5.10041,76,76,5.02937,628,0.997446
E3-Strict-p030,49.7105,439,213,RLPolicy,1,1,0.0984031,0.693147,1.20397,3,7.20975,137,166,6.76018,628,0.994892
E3-Strict-p030,49.7179,126,126,RLPolicy,0,0,0,0,1.20397,1,5.37062,63,63,5.29721,628,0.997446
E3-Strict-p030,49.7208,284,284,RLPolicy,0,0,0,0,1.20397,1,7.50425,73,73,7.36493,628,0.997446
E3-Strict-p030,49.7213,239,239,RLPolicy,0,0,0,0,1.20397,1,5.95388,36,36,5.81621,628,0.997446
E3-Strict-p030,49.725,136,136,RLPolicy,0,0,0,0,1.20397,1,6.93124,98,98,6.75448,628,0.997446
E3-Strict-p030,49.7285,332,332,RLPolicy,0,0,0,0,1.20397,1,5.78919,66,66,5.68935,628,1
E3-Strict-p030,49.7331,108,108,RLPolicy,0,0,0,0,1.20397,1,6.67068,38,38,6.52759,628,0.997446
E3-Strict-p030,49.7354,257,257,RLPolicy,0,0,0,0,1.20397,1,6.25938,56,56,6.16693,628,0.997446
E3-Strict-p030,49.7398,27,139,RLPolicy,1,1,0.0380853,1.08091,1.20397,4,6.26208,147,153,6.026,628,0.996215
E3-Strict-p030,49.7442,367,367,RLPolicy,0,0,0,0,1.20397,1,7.77975,78,78,7.64378,628,1
E3-Strict-p030,49.7501,106,106,RLPolicy,0,0,0,0,1.20397,1,5.03383,57,57,4.97487,628,1
E3-Strict-p030,49.7543,262,156,RLPolicy,1,1,0.0731962,0.538997,1.20397,3,8.39958,120,163,8.10368,628,0.991567
E3-Strict-p030,49.7547,476,476,RLPolicy,0,0,0,0,1.20397,1,6.98083,33,33,6.81323,628,1
E3-Strict-p030,49.7683,73,7,RLPolicy,1,1,0.037739,0.693147,1.20397,3,7.20076,157,175,6.75259,628,0.994892
E3-Strict-p030,49.7693,82,82,RLPolicy,0,0,0,0,1.20397,1,6.21948,95,95,6.117,628,0.992338
E3-Strict-p030,49.7726,271,271,RLPolicy,0,0,0,0,1.20397,1,5.31401,73,73,5.2409,628,1
E3-Strict-p030,49.7745,123,123,RLPolicy,0,0,0,0,1.20397,1,5.45281,23,23,5.32709,628,0.997446
E3-Strict-p030,49.7892,234,234,RLPolicy,0,0,0,0,1.20397,1,7.16303,69,69,7.0169,628,0.997446
E3-Strict-p030,49.7909,131,423,RLPolicy,1,1,0.0381565,0.693147,1.20397,3,6.29117,87,91,6.0783,628,0.992338
E3-Strict-p030,49.7917,275,275,RLPolicy,0,0,0,0,1.20397,1,7.06466,103,103,6.95449,628,0.997446
E3-Strict-p030,49.7932,440,440,RLPolicy,0,0,0,0,1.20397,1,6.16998,38,38,6.06262,628,0.997446
E3-Strict-p030,49.7944,300,300,RLPolicy,0,0,0,0,1.20397,1,6.89378,45,45,6.72876,628,0.994892
E3-Strict-p030,49.7966,352,352,RLPolicy,0,0,0,0,1.20397,1,6.39927,61,61,6.26008,628,1
E3-Strict-p030,49.802,434,434,RLPolicy,0,0,0,0,1.20397,1,7.39473,76,76,7.21652,630,1
E3-Strict-p030,49.8046,333,333,RLPolicy,0,0,0,0,1.20397,1,4.76613,93,93,4.70445,630,0.997446
E3-Strict-p030,49.8059,483,429,RLPolicy,1,1,0.10911,0.693147,1.20397,3,5.90785,36,58,5.71394,630,0.997446
E3-Strict-p030,49.8099,492,492,RLPolicy,0,0,0,0,1.20397,1,6.83089,60,60,6.74785,630,1
E3-Strict-p030,49.8192,252,252,RLPolicy,0,0,0,0,1.20397,1,5.64351,74,74,5.5511,630,1
E3-Strict-p030,49.8206,98,98,RLPolicy,0,0,0,0,1.20397,1,6.80011,57,57,6.69479,630,0.994892
E3-Strict-p030,49.8213,364,364,RLPolicy,0,0,0,0,1.20397,1,6.80539,11,11,6.60047,630,0.997446
E3-Strict-p030,49.8215,428,428,RLPolicy,0,0,0,0,1.20397,1,6.19216,24,24,6.04564,630,1
E3-Strict-p030,49.8236,5,5,RLPolicy,0,0,0,0,1.20397,1,4.70771,71,71,4.58061,5,0.99275
E3-Strict-p030,49.826,532,532,RLPolicy,0,0,0,0,1.20397,1,6.29727,49,49,6.17112,630,1
E3-Strict-p030,49.8346,92,92,RLPolicy,0,0,0,0,1.20397,1,5.39109,38,38,5.32175,630,1
E3-Strict-p030,49.8383,217,217,RLPolicy,0,0,0,0,1.20397,1,6.62576,55,55,6.53263,630,0.997446
E3-Strict-p030,49.8393,128,128,RLPolicy,0,0,0,0,1.20397,1,6.20864,92,92,6.13228,630,0.997446
E3-Strict-p030,49.847,184,184,RLPolicy,0,0,0,0,1.20397,1,6.05766,93,93,5.9559,630,0.994892
E3-Strict-p030,49.8562,22,378,RLPolicy,1,1,0.0365157,1.08091,1.20397,4,6.26933,177,180,5.95782,630,0.996831
E3-Strict-p030,49.8632,34,372,RLPolicy,1,1,0.0358884,0.693147,1.20397,3,7.30801,89,185,6.95886,630,0.987229
E3-Strict-p030,49.8635,162,162,RLPolicy,0,0,0,0,1.20397,1,6.33122,24,24,6.12883,630,1
E3-Strict-p030,49.87,138,138,RLPolicy,0,0,0,0,1.20397,1,7.29945,97,97,7.13297,630,0.994892
E3-Strict-p030,49.8787,254,254,RLPolicy,0,0,0,0,1.20397,1,5.92128,70,70,5.83978,630,0.997446
E3-Strict-p030,49.8791,58,32,RLPolicy,1,1,0.03396,0.693147,1.20397,3,7.63407,199,208,7.42851,630,0.981506
E3-Strict-p030,49.8833,168,168,RLPolicy,0,0,0,0,1.20397,1,7.14895,105,105,6.99476,630,1
E3-Strict-p030,49.8863,269,269,RLPolicy,0,0,0,0,1.20397,1,4.90742,43,43,4.82535,630,0.994892
E3-Strict-p030,49.8973,230,230,RLPolicy,0,0,0,0,1.20397,1,7.0579,14,14,6.86322,630,1
E3-Strict-p030,49.9033,533,480,RLPolicy,1,1,0.119145,0.693147,1.20397,3,6.35326,134,146,6.06755,630,0.997446
E3-Strict-p030,49.9075,318,318,RLPolicy,0,0,0,0,1.20397,1,4.92192,1,1,4.85434,630,1
E3-Strict-p030,49.9181,286,286,RLPolicy,0,0,0,0,1.20397,1,6.82102,49,49,6.69242,630,1
E3-Strict-p030,49.9225,316,316,RLPolicy,0,0,0,0,1.20397,1,5.92936,56,56,5.84239,630,0.997446
E3-Strict-p030,49.9248,204,204,RLPolicy,0,0,0,0,1.20397,1,4.96691,74,74,4.91064,630,1
E3-Strict-p030,49.928,155,155,RLPolicy,0,0,0,0,1.20397,1,6.21011,82,82,6.12017,630,0.997446
E3-Strict-p030,49.9295,516,516,RLPolicy,0,0,0,0,1.20397,1,4.9919,32,32,4.92296,630,1
E3-Strict-p030,49.9301,432,432,RLPolicy,0,0,0,0,1.20397,1,6.67159,34,34,6.59886,630,0.997446
E3-Strict-p030,49.9403,181,181,RLPolicy,0,0,0,0,1.20397,1,4.84754,11,11,4.78721,630,1
E3-Strict-p030,49.95,414,414,RLPolicy,0,0,0,0,1.20397,1,9.39221,79,79,9.31124,630,1
E3-Strict-p030,49.9534,424,424,RLPolicy,0,0,0,0,1.20397,1,9.05117,55,55,8.87036,630,1
E3-Strict-p030,49.9546,295,170,RLPolicy,1,1,0.0775093,0.693147,1.20397,3,8.26668,142,147,8.03755,630,0.992338
E3-Strict-p030,49.96,538,538,RLPolicy,0,0,0,0,1.20397,1,10.6196,38,38,10.5435,630,1
E3-Strict-p030,49.9613,342,87,RLPolicy,1,1,0.0812038,0.693147,1.20397,3,5.56024,171,199,5.31161,630,0.997446
E3-Strict-p030,49.9666,395,395,RLPolicy,0,0,0,0,1.20397,1,5.50914,92,92,5.42476,630,1
E3-Strict-p030,49.9713,530,530,RLPolicy,0,0,0,0,1.20397,1,5.02039,82,82,4.95127,630,1
E3-Strict-p030,49.9719,41,41,RLPolicy,0,0,0,0,1.20397,1,6.78107,95,95,6.66313,630,0.996831
E3-Strict-p030,49.9732,475,475,RLPolicy,0,0,0,0,1.20397,1,5.01066,33,33,4.94157,630,1
E3-Strict-p030,49.9789,521,521,RLPolicy,0,0,0,0,1.20397,1,5.44886,34,34,5.3388,630,1
E3-Strict-p030,49.9791,304,304,RLPolicy,0,0,0,0,1.20397,1,6.27812,57,57,6.15313,630,1
E3-Strict-p030,49.981,187,187,RLPolicy,0,0,0,0,1.20397,1,5.7816,56,56,5.70505,630,1
E3-Strict-p030,49.9815,69,69,RLPolicy,0,0,0,0,1.20397,1,5.38313,58,58,5.29698,5,0.997446
E3-Strict-p030,49.9821,42,42,RLPolicy,0,0,0,0,1.20397,1,6.39554,23,23,6.29235,630,0.997446
E3-Strict-p030,49.9873,457,457,RLPolicy,0,0,0,0,1.20397,1,5.0764,37,37,5.00646,630,0.997446
E3-Strict-p030,49.9879,144,144,RLPolicy,0,0,0,0,1.20397,1,6.99531,79,79,6.87556,630,0.997446
E3-Strict-p030,49.9963,486,486,RLPolicy,0,0,0,0,1.20397,1,6.87802,70,70,6.74626,630,1
