configName,simTime,src,dst,policyMode,reachable,feasible,totalDelay,totalTrustCost,budget,hops,computeTimeMs,pipMasked,pipCandidates,pipDijkstraMs,pipNodesExpanded,lambda
E3-LS-p030,11.06,-1,-1,ExactBaseline,0,0,0,0,1.20397,0,0.01646,0,0,0,0,1
E3-LS-p030,11.3471,-1,-1,ExactBaseline,0,0,0,0,1.20397,0,0.008675,0,0,0,0,1
E3-LS-p030,11.5304,-1,-1,ExactBaseline,0,0,0,0,1.20397,0,0.040387,0,0,0,0,1
E3-LS-p030,11.8236,-1,-1,ExactBaseline,0,0,0,0,1.20397,0,0.055308,0,0,0,0,1
E3-LS-p030,12.0273,-1,-1,ExactBaseline,0,0,0,0,1.20397,0,0.036988,0,0,0,0,1
E3-LS-p030,12.0348,-1,-1,ExactBaseline,0,0,0,0,1.20397,0,0.055933,0,0,0,0,1
E3-LS-p030,12.5044,-1,-1,ExactBaseline,0,0,0,0,1.20397,0,0.02234,0,0,0,0,1
E3-LS-p030,12.8287,-1,-1,ExactBaseline,0,0,0,0,1.20397,0,0.040706,0,0,0,0,1
E3-LS-p030,13.06,-1,-1,ExactBaseline,0,0,0,0,1.20397,0,0.021622,0,0,0,0,1
E3-LS-p030,13.1394,12,115,ExactBaseline,1,1,0.00240311,0.693147,1.20397,3,0.034905,0,0,0,0,0.997446
E3-LS-p030,13.3471,-1,-1,ExactBaseline,0,0,0,0,1.20397,0,0.009029,0,0,0,0,1
E3-LS-p030,13.3654,-1,-1,ExactBaseline,0,0,0,0,1.20397,0,0.055447,0,0,0,0,1
E3-LS-p030,13.3911,-1,-1,ExactBaseline,0,0,0,0,1.20397,0,0.066022,0,0,0,0,1
E3-LS-p030,13.5304,-1,-1,ExactBaseline,0,0,0,0,1.20397,0,0.047729,0,0,0,0,1
E3-LS-p030,13.7018,-1,-1,ExactBaseline,0,0,0,0,1.20397,0,0.006216,0,0,0,0,1
E3-LS-p030,13.8236,-1,-1,ExactBaseline,0,0,0,0,1.20397,0,0.112467,0,0,0,0,1
E3-LS-p030,14.0191,-1,-1,ExactBaseline,0,0,0,0,1.20397,0,0.00949,0,0,0,0,1
E3-LS-p030,14.0273,-1,-1,ExactBaseline,0,0,0,0,1.20397,0,0.058551,0,0,0,0,1
E3-LS-p030,14.0348,-1,-1,ExactBaseline,0,0,0,0,1.20397,0,0.051724,0,0,0,0,1
E3-LS-p030,14.4809,-1,-1,ExactBaseline,0,0,0,0,1.20397,0,0.072507,0,0,0,0,1
E3-LS-p030,14.5044,-1,-1,ExactBaseline,0,0,0,0,1.20397,0,0.027081,0,0,0,0,1
E3-LS-p030,14.6026,-1,-1,ExactBaseline,0,0,0,0,1.20397,0,0.055496,0,0,0,0,1
E3-LS-p030,14.7076,-1,-1,ExactBaseline,0,0,0,0,1.20397,0,0.056004,0,0,0,0,1
E3-LS-p030,14.8131,-1,-1,ExactBaseline,0,0,0,0,1.20397,0,0.008411,0,0,0,0,1
E3-LS-p030,14.8149,-1,-1,ExactBaseline,0,0,0,0,1.20397,0,0.084246,0,0,0,0,1
E3-LS-p030,14.8287,-1,-1,ExactBaseline,0,0,0,0,1.20397,0,0.056323,0,0,0,0,1
E3-LS-p030,15.0587,-1,-1,ExactBaseline,0,0,0,0,1.20397,0,0.095675,0,0,0,0,1
E3-LS-p030,15.06,-1,-1,ExactBaseline,0,0,0,0,1.20397,0,0.033947,0,0,0,0,1
E3-LS-p030,15.0602,-1,-1,ExactBaseline,0,0,0,0,1.20397,0,0.035597,0,0,0,0,1
E3-LS-p030,15.1394,12,32,ExactBaseline,1,1,0.00195071,0.693147,1.20397,3,0.030696,0,0,0,0,0.994892
E3-LS-p030,15.3471,-1,-1,ExactBaseline,0,0,0,0,1.20397,0,0.008043,0,0,0,0,1
E3-LS-p030,15.3654,-1,-1,ExactBaseline,0,0,0,0,1.20397,0,0.070756,0,0,0,0,1
E3-LS-p030,15.3911,-1,-1,ExactBaseline,0,0,0,0,1.20397,0,0.106302,0,0,0,0,1
E3-LS-p030,15.416,-1,-1,ExactBaseline,0,0,0,0,1.20397,0,0.086841,0,0,0,0,1
E3-LS-p030,15.5304,-1,-1,ExactBaseline,0,0,0,0,1.20397,0,0.075436,0,0,0,0,1
E3-LS-p030,15.7018,-1,-1,ExactBaseline,0,0,0,0,1.20397,0,0.012878,0,0,0,0,1
E3-LS-p030,15.7398,-1,-1,ExactBaseline,0,0,0,0,1.20397,0,0.134218,0,0,0,0,1
E3-LS-p030,15.8236,5,28,ExactBaseline,1,1,0.00238734,0.387766,1.20397,3,0.07578,0,0,0,0,0.995919
E3-LS-p030,15.8562,-1,-1,ExactBaseline,0,0,0,0,1.20397,0,0.056009,0,0,0,0,1
E3-LS-p030,16.0119,-1,-1,ExactBaseline,0,0,0,0,1.20397,0,0.015057,0,0,0,0,1
E3-LS-p030,16.0153,-1,-1,ExactBaseline,0,0,0,0,1.20397,0,0.116422,0,0,0,0,1
E3-LS-p030,16.0171,-1,-1,ExactBaseline,0,0,0,0,1.20397,0,0.013098,0,0,0,0,1
E3-LS-p030,16.0191,-1,-1,ExactBaseline,0,0,0,0,1.20397,0,0.008636,0,0,0,0,1
E3-LS-p030,16.0273,-1,-1,ExactBaseline,0,0,0,0,1.20397,0,0.094575,0,0,0,0,1
E3-LS-p030,16.0348,-1,-1,ExactBaseline,0,0,0,0,1.20397,0,0.063099,0,0,0,0,1
E3-LS-p030,16.0396,-1,-1,ExactBaseline,0,0,0,0,1.20397,0,0.091527,0,0,0,0,1
E3-LS-p030,16.1834,-1,-1,ExactBaseline,0,0,0,0,1.20397,0,0.085644,0,0,0,0,1
E3-LS-p030,16.2109,-1,-1,ExactBaseline,0,0,0,0,1.20397,0,0.138591,0,0,0,0,1
E3-LS-p030,16.3245,-1,-1,ExactBaseline,0,0,0,0,1.20397,0,0.05116,0,0,0,0,1
E3-LS-p030,16.3419,-1,-1,ExactBaseline,0,0,0,0,1.20397,0,0.137307,0,0,0,0,1
E3-LS-p030,16.3441,-1,-1,ExactBaseline,0,0,0,0,1.20397,0,0.009336,0,0,0,0,1
E3-LS-p030,16.4532,-1,-1,ExactBaseline,0,0,0,0,1.20397,0,0.112763,0,0,0,0,1
E3-LS-p030,16.4809,-1,-1,ExactBaseline,0,0,0,0,1.20397,0,0.271573,0,0,0,0,1
E3-LS-p030,16.5044,-1,-1,ExactBaseline,0,0,0,0,1.20397,0,0.045981,0,0,0,0,1
E3-LS-p030,16.6026,-1,-1,ExactBaseline,0,0,0,0,1.20397,0,0.098347,0,0,0,0,1
E3-LS-p030,16.7076,-1,-1,ExactBaseline,0,0,0,0,1.20397,0,0.031492,0,0,0,0,1
E3-LS-p030,16.71,-1,-1,ExactBaseline,0,0,0,0,1.20397,0,0.074978,0,0,0,0,1
E3-LS-p030,16.8131,-1,-1,ExactBaseline,0,0,0,0,1.20397,0,0.008049,0,0,0,0,1
E3-LS-p030,16.8149,-1,-1,ExactBaseline,0,0,0,0,1.20397,0,0.103305,0,0,0,0,1
E3-LS-p030,16.8287,-1,-1,ExactBaseline,0,0,0,0,1.20397,0,0.093172,0,0,0,0,1
E3-LS-p030,16.8439,-1,-1,ExactBaseline,0,0,0,0,1.20397,0,0.009315,0,0,0,0,1
E3-LS-p030,17.0587,-1,-1,ExactBaseline,0,0,0,0,1.20397,0,0.1634,0,0,0,0,1
E3-LS-p030,17.06,-1,-1,ExactBaseline,0,0,0,0,1.20397,0,0.051627,0,0,0,0,1
E3-LS-p030,17.0602,-1,-1,ExactBaseline,0,0,0,0,1.20397,0,0.06513,0,0,0,0,1
E3-LS-p030,17.1394,-1,-1,ExactBaseline,0,0,0,0,1.20397,0,0.069156,0,0,0,0,0.994892
E3-LS-p030,17.1626,-1,-1,ExactBaseline,0,0,0,0,1.20397,0,0.144355,0,0,0,0,1
E3-LS-p030,17.2315,-1,-1,ExactBaseline,0,0,0,0,1.20397,0,0.063923,0,0,0,0,1
E3-LS-p030,17.2636,-1,-1,ExactBaseline,0,0,0,0,1.20397,0,0.102269,0,0,0,0,1
E3-LS-p030,17.3471,-1,-1,ExactBaseline,0,0,0,0,1.20397,0,0.015342,0,0,0,0,1
E3-LS-p030,17.3654,-1,-1,ExactBaseline,0,0,0,0,1.20397,0,0.143117,0,0,0,0,1
E3-LS-p030,17.3911,-1,-1,ExactBaseline,0,0,0,0,1.20397,0,0.18345,0,0,0,0,1
E3-LS-p030,17.416,-1,-1,ExactBaseline,0,0,0,0,1.20397,0,0.123927,0,0,0,0,1
E3-LS-p030,17.5226,-1,-1,ExactBaseline,0,0,0,0,1.20397,0,0.110418,0,0,0,0,1
E3-LS-p030,17.5304,-1,-1,ExactBaseline,0,0,0,0,1.20397,0,0.081344,0,0,0,0,1
E3-LS-p030,17.6869,-1,-1,ExactBaseline,0,0,0,0,1.20397,0,0.124546,0,0,0,0,1
E3-LS-p030,17.7018,-1,-1,ExactBaseline,0,0,0,0,1.20397,0,0.012996,0,0,0,0,1
E3-LS-p030,17.7398,-1,-1,ExactBaseline,0,0,0,0,1.20397,0,0.153862,0,0,0,0,1
E3-LS-p030,17.8236,-1,-1,ExactBaseline,0,0,0,0,1.20397,0,0.19786,0,0,0,0,0.995919
E3-LS-p030,17.8562,-1,-1,ExactBaseline,0,0,0,0,1.20397,0,0.093026,0,0,0,0,1
E3-LS-p030,17.8632,-1,-1,ExactBaseline,0,0,0,0,1.20397,0,0.060281,0,0,0,0,1
E3-LS-p030,17.9719,-1,-1,ExactBaseline,0,0,0,0,1.20397,0,0.156527,0,0,0,0,1
E3-LS-p030,17.9821,-1,-1,ExactBaseline,0,0,0,0,1.20397,0,0.119263,0,0,0,0,1
E3-LS-p030,18.0119,-1,-1,ExactBaseline,0,0,0,0,1.20397,0,0.032325,0,0,0,0,1
E3-LS-p030,18.0153,-1,-1,ExactBaseline,0,0,0,0,1.20397,0,0.169305,0,0,0,0,1
E3-LS-p030,18.0171,-1,-1,ExactBaseline,0,0,0,0,1.20397,0,0.03052,0,0,0,0,1
E3-LS-p030,18.0191,-1,-1,ExactBaseline,0,0,0,0,1.20397,0,0.012653,0,0,0,0,1
E3-LS-p030,18.0273,-1,-1,ExactBaseline,0,0,0,0,1.20397,0,0.134113,0,0,0,0,1
E3-LS-p030,18.0348,-1,-1,ExactBaseline,0,0,0,0,1.20397,0,0.090258,0,0,0,0,1
E3-LS-p030,18.0396,-1,-1,ExactBaseline,0,0,0,0,1.20397,0,0.126428,0,0,0,0,1
E3-LS-p030,18.1834,-1,-1,ExactBaseline,0,0,0,0,1.20397,0,0.164056,0,0,0,0,1
E3-LS-p030,18.2109,-1,-1,ExactBaseline,0,0,0,0,1.20397,0,0.142325,0,0,0,0,1
E3-LS-p030,18.3245,-1,-1,ExactBaseline,0,0,0,0,1.20397,0,0.100936,0,0,0,0,1
E3-LS-p030,18.3419,-1,-1,ExactBaseline,0,0,0,0,1.20397,0,0.181146,0,0,0,0,1
E3-LS-p030,18.3441,-1,-1,ExactBaseline,0,0,0,0,1.20397,0,0.011592,0,0,0,0,1
E3-LS-p030,18.4532,-1,-1,ExactBaseline,0,0,0,0,1.20397,0,0.290146,0,0,0,0,1
E3-LS-p030,18.4809,-1,-1,ExactBaseline,0,0,0,0,1.20397,0,0.180225,0,0,0,0,1
E3-LS-p030,18.5044,-1,-1,ExactBaseline,0,0,0,0,1.20397,0,0.070572,0,0,0,0,1
E3-LS-p030,18.602,-1,-1,ExactBaseline,0,0,0,0,1.20397,0,0.215502,0,0,0,0,1
E3-LS-p030,18.6026,-1,-1,ExactBaseline,0,0,0,0,1.20397,0,0.132751,0,0,0,0,1
E3-LS-p030,18.7076,-1,-1,ExactBaseline,0,0,0,0,1.20397,0,0.037427,0,0,0,0,1
E3-LS-p030,18.71,-1,-1,ExactBaseline,0,0,0,0,1.20397,0,0.11268,0,0,0,0,1
E3-LS-p030,18.7786,-1,-1,ExactBaseline,0,0,0,0,1.20397,0,0.066417,0,0,0,0,1
E3-LS-p030,18.8131,-1,-1,ExactBaseline,0,0,0,0,1.20397,0,0.015844,0,0,0,0,1
E3-LS-p030,18.8149,-1,-1,ExactBaseline,0,0,0,0,1.20397,0,0.203591,0,0,0,0,1
E3-LS-p030,18.8287,-1,-1,ExactBaseline,0,0,0,0,1.20397,0,0.127945,0,0,0,0,1
E3-LS-p030,18.8439,-1,-1,ExactBaseline,0,0,0,0,1.20397,0,0.014266,0,0,0,0,1
E3-LS-p030,18.8776,-1,-1,ExactBaseline,0,0,0,0,1.20397,0,0.084197,0,0,0,0,1
E3-LS-p030,18.9654,-1,-1,ExactBaseline,0,0,0,0,1.20397,0,0.189067,0,0,0,0,1
E3-LS-p030,18.9679,-1,-1,ExactBaseline,0,0,0,0,1.20397,0,0.118898,0,0,0,0,1
E3-LS-p030,19.0587,20,170,ExactBaseline,1,1,0.00317477,1.08091,1.20397,4,0.220807,0,0,0,0,0.999385
E3-LS-p030,19.06,-1,-1,ExactBaseline,0,0,0,0,1.20397,0,0.094475,0,0,0,0,1
E3-LS-p030,19.0602,-1,-1,ExactBaseline,0,0,0,0,1.20397,0,0.115922,0,0,0,0,1
E3-LS-p030,19.0895,-1,-1,ExactBaseline,0,0,0,0,1.20397,0,0.032703,0,0,0,0,1
E3-LS-p030,19.0993,-1,-1,ExactBaseline,0,0,0,0,1.20397,0,0.100588,0,0,0,0,1
E3-LS-p030,19.1136,-1,-1,ExactBaseline,0,0,0,0,1.20397,0,0.190814,0,0,0,0,1
E3-LS-p030,19.1394,12,115,ExactBaseline,1,1,0.00194209,0.693147,1.20397,3,0.107941,0,0,0,0,0.992338
E3-LS-p030,19.1454,-1,-1,ExactBaseline,0,0,0,0,1.20397,0,0.021576,0,0,0,0,1
E3-LS-p030,19.1626,-1,-1,ExactBaseline,0,0,0,0,1.20397,0,0.20004,0,0,0,0,1
E3-LS-p030,19.2259,-1,-1,ExactBaseline,0,0,0,0,1.20397,0,0.011485,0,0,0,0,1
E3-LS-p030,19.2315,-1,-1,ExactBaseline,0,0,0,0,1.20397,0,0.08241,0,0,0,0,1
E3-LS-p030,19.237,-1,-1,ExactBaseline,0,0,0,0,1.20397,0,0.066447,0,0,0,0,1
E3-LS-p030,19.242,-1,-1,ExactBaseline,0,0,0,0,1.20397,0,0.148214,0,0,0,0,1
E3-LS-p030,19.2423,-1,-1,ExactBaseline,0,0,0,0,1.20397,0,0.13402,0,0,0,0,1
E3-LS-p030,19.2636,-1,-1,ExactBaseline,0,0,0,0,1.20397,0,0.126218,0,0,0,0,1
E3-LS-p030,19.2872,-1,-1,ExactBaseline,0,0,0,0,1.20397,0,0.151537,0,0,0,0,1
E3-LS-p030,19.3116,-1,-1,ExactBaseline,0,0,0,0,1.20397,0,0.076017,0,0,0,0,1
E3-LS-p030,19.317,-1,-1,ExactBaseline,0,0,0,0,1.20397,0,0.101521,0,0,0,0,1
E3-LS-p030,19.3471,-1,-1,ExactBaseline,0,0,0,0,1.20397,0,0.011129,0,0,0,0,1
E3-LS-p030,19.3654,-1,-1,ExactBaseline,0,0,0,0,1.20397,0,0.125164,0,0,0,0,1
E3-LS-p030,19.3911,-1,-1,ExactBaseline,0,0,0,0,1.20397,0,0.284249,0,0,0,0,1
E3-LS-p030,19.416,-1,-1,ExactBaseline,0,0,0,0,1.20397,0,0.170076,0,0,0,0,1
E3-LS-p030,19.4255,-1,-1,ExactBaseline,0,0,0,0,1.20397,0,0.083734,0,0,0,0,1
E3-LS-p030,19.4602,-1,-1,ExactBaseline,0,0,0,0,1.20397,0,0.100325,0,0,0,0,1
E3-LS-p030,19.4684,-1,-1,ExactBaseline,0,0,0,0,1.20397,0,0.1568,0,0,0,0,1
E3-LS-p030,19.4817,-1,-1,ExactBaseline,0,0,0,0,1.20397,0,0.09349,0,0,0,0,1
E3-LS-p030,19.5034,-1,-1,ExactBaseline,0,0,0,0,1.20397,0,0.044651,0,0,0,0,1
E3-LS-p030,19.5147,-1,-1,ExactBaseline,0,0,0,0,1.20397,0,0.026848,0,0,0,0,1
E3-LS-p030,19.5226,-1,-1,ExactBaseline,0,0,0,0,1.20397,0,0.160555,0,0,0,0,1
E3-LS-p030,19.5304,-1,-1,ExactBaseline,0,0,0,0,1.20397,0,0.121534,0,0,0,0,1
E3-LS-p030,19.6803,-1,-1,ExactBaseline,0,0,0,0,1.20397,0,0.032524,0,0,0,0,1
E3-LS-p030,19.6869,-1,-1,ExactBaseline,0,0,0,0,1.20397,0,0.133716,0,0,0,0,1
E3-LS-p030,19.7018,-1,-1,ExactBaseline,0,0,0,0,1.20397,0,0.034488,0,0,0,0,1
E3-LS-p030,19.7398,-1,-1,ExactBaseline,0,0,0,0,1.20397,0,0.236301,0,0,0,0,1
E3-LS-p030,19.8236,-1,-1,ExactBaseline,0,0,0,0,1.20397,0,0.240773,0,0,0,0,0.995919
E3-LS-p030,19.8562,-1,-1,ExactBaseline,0,0,0,0,1.20397,0,0.105575,0,0,0,0,1
E3-LS-p030,19.8632,-1,-1,ExactBaseline,0,0,0,0,1.20397,0,0.103441,0,0,0,0,1
E3-LS-p030,19.8791,58,126,ExactBaseline,1,1,0.00359963,1.08091,1.20397,4,0.198185,0,0,0,0,0.999385
E3-LS-p030,19.9719,-1,-1,ExactBaseline,0,0,0,0,1.20397,0,0.235308,0,0,0,0,1
E3-LS-p030,19.9815,-1,-1,ExactBaseline,0,0,0,0,1.20397,0,0.088791,0,0,0,0,1
E3-LS-p030,19.9821,-1,-1,ExactBaseline,0,0,0,0,1.20397,0,0.138486,0,0,0,0,1
E3-LS-p030,20.0119,-1,-1,ExactBaseline,0,0,0,0,1.20397,0,0.042896,0,0,0,0,1
E3-LS-p030,20.0153,-1,-1,ExactBaseline,0,0,0,0,1.20397,0,0.237796,0,0,0,0,1
E3-LS-p030,20.0171,-1,-1,ExactBaseline,0,0,0,0,1.20397,0,0.042245,0,0,0,0,1
E3-LS-p030,20.0191,-1,-1,ExactBaseline,0,0,0,0,1.20397,0,0.014382,0,0,0,0,1
E3-LS-p030,20.0273,-1,-1,ExactBaseline,0,0,0,0,1.20397,0,0.188947,0,0,0,0,1
E3-LS-p030,20.0348,-1,-1,ExactBaseline,0,0,0,0,1.20397,0,0.13724,0,0,0,0,1
E3-LS-p030,20.0396,-1,-1,ExactBaseline,0,0,0,0,1.20397,0,0.151285,0,0,0,0,1
E3-LS-p030,20.0519,-1,-1,ExactBaseline,0,0,0,0,1.20397,0,0.103936,0,0,0,0,1
E3-LS-p030,20.1025,-1,-1,ExactBaseline,0,0,0,0,1.20397,0,0.158751,0,0,0,0,1
E3-LS-p030,20.1207,-1,-1,ExactBaseline,0,0,0,0,1.20397,0,0.024608,0,0,0,0,1
E3-LS-p030,20.1834,-1,-1,ExactBaseline,0,0,0,0,1.20397,0,0.244631,0,0,0,0,1
E3-LS-p030,20.2109,-1,-1,ExactBaseline,0,0,0,0,1.20397,0,0.182103,0,0,0,0,1
E3-LS-p030,20.2357,-1,-1,ExactBaseline,0,0,0,0,1.20397,0,0.014878,0,0,0,0,1
E3-LS-p030,20.2418,-1,-1,ExactBaseline,0,0,0,0,1.20397,0,0.102987,0,0,0,0,1
E3-LS-p030,20.3245,-1,-1,ExactBaseline,0,0,0,0,1.20397,0,0.28911,0,0,0,0,1
E3-LS-p030,20.3289,-1,-1,ExactBaseline,0,0,0,0,1.20397,0,0.110364,0,0,0,0,1
E3-LS-p030,20.3412,-1,-1,ExactBaseline,0,0,0,0,1.20397,0,0.188661,0,0,0,0,1
E3-LS-p030,20.3419,-1,-1,ExactBaseline,0,0,0,0,1.20397,0,0.268133,0,0,0,0,1
E3-LS-p030,20.3441,-1,-1,ExactBaseline,0,0,0,0,1.20397,0,0.010748,0,0,0,0,1
E3-LS-p030,20.4532,-1,-1,ExactBaseline,0,0,0,0,1.20397,0,0.285746,0,0,0,0,1
E3-LS-p030,20.4663,-1,-1,ExactBaseline,0,0,0,0,1.20397,0,0.017641,0,0,0,0,1
E3-LS-p030,20.4809,-1,-1,ExactBaseline,0,0,0,0,1.20397,0,0.227341,0,0,0,0,1
E3-LS-p030,20.5044,-1,-1,ExactBaseline,0,0,0,0,1.20397,0,0.085284,0,0,0,0,1
E3-LS-p030,20.5148,-1,-1,ExactBaseline,0,0,0,0,1.20397,0,0.101716,0,0,0,0,1
E3-LS-p030,20.602,-1,-1,ExactBaseline,0,0,0,0,1.20397,0,0.221291,0,0,0,0,1
E3-LS-p030,20.6026,-1,-1,ExactBaseline,0,0,0,0,1.20397,0,0.174009,0,0,0,0,1
E3-LS-p030,20.7076,-1,-1,ExactBaseline,0,0,0,0,1.20397,0,0.037626,0,0,0,0,1
E3-LS-p030,20.71,-1,-1,ExactBaseline,0,0,0,0,1.20397,0,0.147205,0,0,0,0,1
E3-LS-p030,20.7786,-1,-1,ExactBaseline,0,0,0,0,1.20397,0,0.044424,0,0,0,0,1
E3-LS-p030,20.7823,-1,-1,ExactBaseline,0,0,0,0,1.20397,0,0.028967,0,0,0,0,1
E3-LS-p030,20.8131,-1,-1,ExactBaseline,0,0,0,0,1.20397,0,0.020179,0,0,0,0,1
E3-LS-p030,20.8149,-1,-1,ExactBaseline,0,0,0,0,1.20397,0,0.153518,0,0,0,0,1
E3-LS-p030,20.8287,-1,-1,ExactBaseline,0,0,0,0,1.20397,0,0.157041,0,0,0,0,1
E3-LS-p030,20.8439,-1,-1,ExactBaseline,0,0,0,0,1.20397,0,0.010386,0,0,0,0,1
E3-LS-p030,20.8776,-1,-1,ExactBaseline,0,0,0,0,1.20397,0,0.132061,0,0,0,0,1
E3-LS-p030,20.9097,-1,-1,ExactBaseline,0,0,0,0,1.20397,0,0.20838,0,0,0,0,1
E3-LS-p030,20.9654,-1,-1,ExactBaseline,0,0,0,0,1.20397,0,0.275167,0,0,0,0,1
E3-LS-p030,20.9679,-1,-1,ExactBaseline,0,0,0,0,1.20397,0,0.176443,0,0,0,0,1
E3-LS-p030,21.0587,-1,-1,ExactBaseline,0,0,0,0,1.20397,0,0.382365,0,0,0,0,0.999385
E3-LS-p030,21.06,-1,-1,ExactBaseline,0,0,0,0,1.20397,0,0.122557,0,0,0,0,1
E3-LS-p030,21.0602,-1,-1,ExactBaseline,0,0,0,0,1.20397,0,0.273964,0,0,0,0,1
E3-LS-p030,21.0895,-1,-1,ExactBaseline,0,0,0,0,1.20397,0,0.028165,0,0,0,0,1
E3-LS-p030,21.0993,46,157,ExactBaseline,1,1,0.00360355,1.08091,1.20397,4,0.186872,0,0,0,0,0.999385
E3-LS-p030,21.1136,-1,-1,ExactBaseline,0,0,0,0,1.20397,0,0.273191,0,0,0,0,1
E3-LS-p030,21.1394,-1,-1,ExactBaseline,0,0,0,0,1.20397,0,0.20242,0,0,0,0,0.992338
E3-LS-p030,21.1454,-1,-1,ExactBaseline,0,0,0,0,1.20397,0,0.036967,0,0,0,0,1
E3-LS-p030,21.1508,-1,-1,ExactBaseline,0,0,0,0,1.20397,0,0.054674,0,0,0,0,1
E3-LS-p030,21.1626,-1,-1,ExactBaseline,0,0,0,0,1.20397,0,0.316029,0,0,0,0,1
E3-LS-p030,21.2053,-1,-1,ExactBaseline,0,0,0,0,1.20397,0,0.217456,0,0,0,0,1
E3-LS-p030,21.2259,-1,-1,ExactBaseline,0,0,0,0,1.20397,0,0.022442,0,0,0,0,1
E3-LS-p030,21.2315,-1,-1,ExactBaseline,0,0,0,0,1.20397,0,0.139804,0,0,0,0,1
E3-LS-p030,21.237,-1,-1,ExactBaseline,0,0,0,0,1.20397,0,0.093913,0,0,0,0,1
E3-LS-p030,21.242,-1,-1,ExactBaseline,0,0,0,0,1.20397,0,0.230732,0,0,0,0,1
E3-LS-p030,21.2423,-1,-1,ExactBaseline,0,0,0,0,1.20397,0,0.242247,0,0,0,0,1
E3-LS-p030,21.2636,-1,-1,ExactBaseline,0,0,0,0,1.20397,0,0.216403,0,0,0,0,1
E3-LS-p030,21.2872,-1,-1,ExactBaseline,0,0,0,0,1.20397,0,0.184643,0,0,0,0,1
E3-LS-p030,21.3116,-1,-1,ExactBaseline,0,0,0,0,1.20397,0,0.004803,0,0,0,0,1
E3-LS-p030,21.317,-1,-1,ExactBaseline,0,0,0,0,1.20397,0,0.111162,0,0,0,0,1
E3-LS-p030,21.3184,-1,-1,ExactBaseline,0,0,0,0,1.20397,0,0.083897,0,0,0,0,1
E3-LS-p030,21.3471,-1,-1,ExactBaseline,0,0,0,0,1.20397,0,0.019958,0,0,0,0,1
E3-LS-p030,21.3654,-1,-1,ExactBaseline,0,0,0,0,1.20397,0,0.19579,0,0,0,0,1
E3-LS-p030,21.3911,-1,-1,ExactBaseline,0,0,0,0,1.20397,0,0.327945,0,0,0,0,1
E3-LS-p030,21.416,-1,-1,ExactBaseline,0,0,0,0,1.20397,0,0.29273,0,0,0,0,1
E3-LS-p030,21.4255,-1,-1,ExactBaseline,0,0,0,0,1.20397,0,0.129725,0,0,0,0,1
E3-LS-p030,21.4553,-1,-1,ExactBaseline,0,0,0,0,1.20397,0,0.225546,0,0,0,0,1
E3-LS-p030,21.4573,-1,-1,ExactBaseline,0,0,0,0,1.20397,0,0.112758,0,0,0,0,1
E3-LS-p030,21.4602,-1,-1,ExactBaseline,0,0,0,0,1.20397,0,0.123703,0,0,0,0,1
E3-LS-p030,21.4684,-1,-1,ExactBaseline,0,0,0,0,1.20397,0,0.212405,0,0,0,0,1
E3-LS-p030,21.4817,-1,-1,ExactBaseline,0,0,0,0,1.20397,0,0.203278,0,0,0,0,1
E3-LS-p030,21.499,-1,-1,ExactBaseline,0,0,0,0,1.20397,0,0.211462,0,0,0,0,1
E3-LS-p030,21.5034,-1,-1,ExactBaseline,0,0,0,0,1.20397,0,0.076361,0,0,0,0,1
E3-LS-p030,21.5143,-1,-1,ExactBaseline,0,0,0,0,1.20397,0,0.217402,0,0,0,0,1
E3-LS-p030,21.5147,-1,-1,ExactBaseline,0,0,0,0,1.20397,0,0.036421,0,0,0,0,1
E3-LS-p030,21.5226,-1,-1,ExactBaseline,0,0,0,0,1.20397,0,0.255226,0,0,0,0,1
E3-LS-p030,21.5304,-1,-1,ExactBaseline,0,0,0,0,1.20397,0,0.178835,0,0,0,0,1
E3-LS-p030,21.547,-1,-1,ExactBaseline,0,0,0,0,1.20397,0,0.165361,0,0,0,0,1
E3-LS-p030,21.6516,-1,-1,ExactBaseline,0,0,0,0,1.20397,0,0.09618,0,0,0,0,1
E3-LS-p030,21.6757,-1,-1,ExactBaseline,0,0,0,0,1.20397,0,0.222518,0,0,0,0,1
E3-LS-p030,21.6803,-1,-1,ExactBaseline,0,0,0,0,1.20397,0,0.032888,0,0,0,0,1
E3-LS-p030,21.6846,-1,-1,ExactBaseline,0,0,0,0,1.20397,0,0.038947,0,0,0,0,1
E3-LS-p030,21.6869,-1,-1,ExactBaseline,0,0,0,0,1.20397,0,0.18629,0,0,0,0,1
E3-LS-p030,21.6944,-1,-1,ExactBaseline,0,0,0,0,1.20397,0,0.066104,0,0,0,0,1
E3-LS-p030,21.7018,-1,-1,ExactBaseline,0,0,0,0,1.20397,0,0.016064,0,0,0,0,1
E3-LS-p030,21.7398,-1,-1,ExactBaseline,0,0,0,0,1.20397,0,0.346682,0,0,0,0,1
E3-LS-p030,21.7683,-1,-1,ExactBaseline,0,0,0,0,1.20397,0,0.256331,0,0,0,0,1
E3-LS-p030,21.7693,-1,-1,ExactBaseline,0,0,0,0,1.20397,0,0.265765,0,0,0,0,1
E3-LS-p030,21.8206,-1,-1,ExactBaseline,0,0,0,0,1.20397,0,0.039638,0,0,0,0,1
E3-LS-p030,21.8236,5,270,ExactBaseline,1,1,0.00239431,0.693147,1.20397,3,0.447268,0,0,0,0,0.993365
E3-LS-p030,21.8346,-1,-1,ExactBaseline,0,0,0,0,1.20397,0,0.020743,0,0,0,0,1
E3-LS-p030,21.8562,-1,-1,ExactBaseline,0,0,0,0,1.20397,0,0.155309,0,0,0,0,1
E3-LS-p030,21.8632,-1,-1,ExactBaseline,0,0,0,0,1.20397,0,0.147802,0,0,0,0,1
E3-LS-p030,21.8791,-1,-1,ExactBaseline,0,0,0,0,1.20397,0,0.207161,0,0,0,0,0.999385
E3-LS-p030,21.9719,41,217,ExactBaseline,1,1,0.00359704,1.08091,1.20397,4,0.346748,0,0,0,0,0.999385
E3-LS-p030,21.9815,-1,-1,ExactBaseline,0,0,0,0,1.20397,0,0.122948,0,0,0,0,1
E3-LS-p030,21.9821,-1,-1,ExactBaseline,0,0,0,0,1.20397,0,0.247032,0,0,0,0,1
E3-LS-p030,22.0119,-1,-1,ExactBaseline,0,0,0,0,1.20397,0,0.053422,0,0,0,0,1
E3-LS-p030,22.0153,-1,-1,ExactBaseline,0,0,0,0,1.20397,0,0.491188,0,0,0,0,1
E3-LS-p030,22.0171,-1,-1,ExactBaseline,0,0,0,0,1.20397,0,0.057614,0,0,0,0,1
E3-LS-p030,22.0191,-1,-1,ExactBaseline,0,0,0,0,1.20397,0,0.025109,0,0,0,0,1
E3-LS-p030,22.0273,-1,-1,ExactBaseline,0,0,0,0,1.20397,0,0.171211,0,0,0,0,1
E3-LS-p030,22.0348,-1,-1,ExactBaseline,0,0,0,0,1.20397,0,0.207544,0,0,0,0,1
E3-LS-p030,22.0396,-1,-1,ExactBaseline,0,0,0,0,1.20397,0,0.226478,0,0,0,0,1
E3-LS-p030,22.0519,-1,-1,ExactBaseline,0,0,0,0,1.20397,0,0.172293,0,0,0,0,1
E3-LS-p030,22.1025,-1,-1,ExactBaseline,0,0,0,0,1.20397,0,0.317273,0,0,0,0,1
E3-LS-p030,22.1207,-1,-1,ExactBaseline,0,0,0,0,1.20397,0,0.046956,0,0,0,0,1
E3-LS-p030,22.1793,-1,-1,ExactBaseline,0,0,0,0,1.20397,0,0.051894,0,0,0,0,1
E3-LS-p030,22.1834,-1,-1,ExactBaseline,0,0,0,0,1.20397,0,0.340899,0,0,0,0,1
E3-LS-p030,22.2109,-1,-1,ExactBaseline,0,0,0,0,1.20397,0,0.193946,0,0,0,0,1
E3-LS-p030,22.2357,-1,-1,ExactBaseline,0,0,0,0,1.20397,0,0.007728,0,0,0,0,1
E3-LS-p030,22.2418,-1,-1,ExactBaseline,0,0,0,0,1.20397,0,0.155626,0,0,0,0,1
E3-LS-p030,22.2636,-1,-1,ExactBaseline,0,0,0,0,1.20397,0,0.271966,0,0,0,0,1
E3-LS-p030,22.302,-1,-1,ExactBaseline,0,0,0,0,1.20397,0,0.230253,0,0,0,0,1
E3-LS-p030,22.3166,-1,-1,ExactBaseline,0,0,0,0,1.20397,0,0.131296,0,0,0,0,1
E3-LS-p030,22.3245,-1,-1,ExactBaseline,0,0,0,0,1.20397,0,0.475534,0,0,0,0,1
E3-LS-p030,22.3289,-1,-1,ExactBaseline,0,0,0,0,1.20397,0,0.19297,0,0,0,0,1
E3-LS-p030,22.3412,-1,-1,ExactBaseline,0,0,0,0,1.20397,0,0.287018,0,0,0,0,1
E3-LS-p030,22.3419,-1,-1,ExactBaseline,0,0,0,0,1.20397,0,0.332966,0,0,0,0,1
E3-LS-p030,22.3441,-1,-1,ExactBaseline,0,0,0,0,1.20397,0,0.034944,0,0,0,0,1
E3-LS-p030,22.4532,-1,-1,ExactBaseline,0,0,0,0,1.20397,0,0.429972,0,0,0,0,1
E3-LS-p030,22.4663,-1,-1,ExactBaseline,0,0,0,0,1.20397,0,0.024397,0,0,0,0,1
E3-LS-p030,22.4806,-1,-1,ExactBaseline,0,0,0,0,1.20397,0,0.016225,0,0,0,0,1
E3-LS-p030,22.4809,18,139,ExactBaseline,1,1,0.00315916,1.08091,1.20397,4,0.384132,0,0,0,0,0.999385
E3-LS-p030,22.5044,-1,-1,ExactBaseline,0,0,0,0,1.20397,0,0.109973,0,0,0,0,1
E3-LS-p030,22.5148,-1,-1,ExactBaseline,0,0,0,0,1.20397,0,0.190312,0,0,0,0,1
E3-LS-p030,22.602,-1,-1,ExactBaseline,0,0,0,0,1.20397,0,0.368437,0,0,0,0,1
E3-LS-p030,22.6026,13,23,ExactBaseline,1,1,0.00241997,0.693147,1.20397,3,0.296106,0,0,0,0,0.997446
E3-LS-p030,22.6161,-1,-1,ExactBaseline,0,0,0,0,1.20397,0,0.129617,0,0,0,0,1
E3-LS-p030,22.6323,-1,-1,ExactBaseline,0,0,0,0,1.20397,0,0.062733,0,0,0,0,1
E3-LS-p030,22.6379,-1,-1,ExactBaseline,0,0,0,0,1.20397,0,0.173506,0,0,0,0,1
E3-LS-p030,22.6521,-1,-1,ExactBaseline,0,0,0,0,1.20397,0,0.18678,0,0,0,0,1
E3-LS-p030,22.6751,-1,-1,ExactBaseline,0,0,0,0,1.20397,0,0.216729,0,0,0,0,1
E3-LS-p030,22.7076,-1,-1,ExactBaseline,0,0,0,0,1.20397,0,0.047055,0,0,0,0,1
E3-LS-p030,22.71,-1,-1,ExactBaseline,0,0,0,0,1.20397,0,0.188188,0,0,0,0,1
E3-LS-p030,22.7786,-1,-1,ExactBaseline,0,0,0,0,1.20397,0,0.037362,0,0,0,0,1
E3-LS-p030,22.7823,-1,-1,ExactBaseline,0,0,0,0,1.20397,0,0.040983,0,0,0,0,1
E3-LS-p030,22.7889,-1,-1,ExactBaseline,0,0,0,0,1.20397,0,0.015552,0,0,0,0,1
E3-LS-p030,22.7959,-1,-1,ExactBaseline,0,0,0,0,1.20397,0,0.144672,0,0,0,0,1
E3-LS-p030,22.8131,-1,-1,ExactBaseline,0,0,0,0,1.20397,0,0.036696,0,0,0,0,1
E3-LS-p030,22.8149,-1,-1,ExactBaseline,0,0,0,0,1.20397,0,0.217275,0,0,0,0,1
E3-LS-p030,22.8287,-1,-1,ExactBaseline,0,0,0,0,1.20397,0,0.224806,0,0,0,0,1
E3-LS-p030,22.8439,-1,-1,ExactBaseline,0,0,0,0,1.20397,0,0.020449,0,0,0,0,1
E3-LS-p030,22.8776,-1,-1,ExactBaseline,0,0,0,0,1.20397,0,0.14293,0,0,0,0,1
E3-LS-p030,22.9097,-1,-1,ExactBaseline,0,0,0,0,1.20397,0,0.302064,0,0,0,0,1
E3-LS-p030,22.9654,40,274,ExactBaseline,1,1,0.0036404,1.08091,1.20397,4,0.342793,0,0,0,0,0.999385
E3-LS-p030,22.9679,-1,-1,ExactBaseline,0,0,0,0,1.20397,0,0.229458,0,0,0,0,1
E3-LS-p030,22.978,-1,-1,ExactBaseline,0,0,0,0,1.20397,0,0.178568,0,0,0,0,1
E3-LS-p030,23.0358,-1,-1,ExactBaseline,0,0,0,0,1.20397,0,0.182122,0,0,0,0,1
E3-LS-p030,23.0587,-1,-1,ExactBaseline,0,0,0,0,1.20397,0,0.51123,0,0,0,0,0.999385
E3-LS-p030,23.06,-1,-1,ExactBaseline,0,0,0,0,1.20397,0,0.145921,0,0,0,0,1
E3-LS-p030,23.0602,-1,-1,ExactBaseline,0,0,0,0,1.20397,0,0.313219,0,0,0,0,1
E3-LS-p030,23.0895,-1,-1,ExactBaseline,0,0,0,0,1.20397,0,0.014598,0,0,0,0,1
E3-LS-p030,23.092,-1,-1,ExactBaseline,0,0,0,0,1.20397,0,0.221929,0,0,0,0,1
E3-LS-p030,23.0993,-1,-1,ExactBaseline,0,0,0,0,1.20397,0,0.225687,0,0,0,0,0.999385
E3-LS-p030,23.1136,-1,-1,ExactBaseline,0,0,0,0,1.20397,0,0.407217,0,0,0,0,1
E3-LS-p030,23.1394,12,115,ExactBaseline,1,1,0.00194752,0.693147,1.20397,3,0.299058,0,0,0,0,0.989783
E3-LS-p030,23.1454,-1,-1,ExactBaseline,0,0,0,0,1.20397,0,0.040126,0,0,0,0,1
E3-LS-p030,23.1508,-1,-1,ExactBaseline,0,0,0,0,1.20397,0,0.039702,0,0,0,0,1
E3-LS-p030,23.1626,-1,-1,ExactBaseline,0,0,0,0,1.20397,0,0.414255,0,0,0,0,1
E3-LS-p030,23.1995,103,213,ExactBaseline,1,1,0.00239967,0.693147,1.20397,3,0.281772,0,0,0,0,0.997446
E3-LS-p030,23.2047,-1,-1,ExactBaseline,0,0,0,0,1.20397,0,0.183518,0,0,0,0,1
E3-LS-p030,23.2053,-1,-1,ExactBaseline,0,0,0,0,1.20397,0,0.227837,0,0,0,0,1
E3-LS-p030,23.2063,-1,-1,ExactBaseline,0,0,0,0,1.20397,0,0.15278,0,0,0,0,1
E3-LS-p030,23.2218,-1,-1,ExactBaseline,0,0,0,0,1.20397,0,0.276455,0,0,0,0,1
E3-LS-p030,23.2259,-1,-1,ExactBaseline,0,0,0,0,1.20397,0,0.012175,0,0,0,0,1
E3-LS-p030,23.2315,-1,-1,ExactBaseline,0,0,0,0,1.20397,0,0.178844,0,0,0,0,1
E3-LS-p030,23.237,-1,-1,ExactBaseline,0,0,0,0,1.20397,0,0.156097,0,0,0,0,1
E3-LS-p030,23.242,-1,-1,ExactBaseline,0,0,0,0,1.20397,0,0.267937,0,0,0,0,1
E3-LS-p030,23.2423,-1,-1,ExactBaseline,0,0,0,0,1.20397,0,0.261801,0,0,0,0,1
E3-LS-p030,23.247,-1,-1,ExactBaseline,0,0,0,0,1.20397,0,0.029863,0,0,0,0,1
E3-LS-p030,23.2636,-1,-1,ExactBaseline,0,0,0,0,1.20397,0,0.219244,0,0,0,0,1
E3-LS-p030,23.2786,-1,-1,ExactBaseline,0,0,0,0,1.20397,0,0.025832,0,0,0,0,1
E3-LS-p030,23.2872,-1,-1,ExactBaseline,0,0,0,0,1.20397,0,0.173625,0,0,0,0,1
E3-LS-p030,23.3116,-1,-1,ExactBaseline,0,0,0,0,1.20397,0,0.004494,0,0,0,0,1
E3-LS-p030,23.317,-1,-1,ExactBaseline,0,0,0,0,1.20397,0,0.087465,0,0,0,0,1
E3-LS-p030,23.3184,-1,-1,ExactBaseline,0,0,0,0,1.20397,0,0.078028,0,0,0,0,1
E3-LS-p030,23.3234,-1,-1,ExactBaseline,0,0,0,0,1.20397,0,0.051465,0,0,0,0,1
E3-LS-p030,23.3471,-1,-1,ExactBaseline,0,0,0,0,1.20397,0,0.033512,0,0,0,0,1
E3-LS-p030,23.3654,-1,-1,ExactBaseline,0,0,0,0,1.20397,0,0.261962,0,0,0,0,1
E3-LS-p030,23.3911,-1,-1,ExactBaseline,0,0,0,0,1.20397,0,0.368081,0,0,0,0,1
E3-LS-p030,23.416,-1,-1,ExactBaseline,0,0,0,0,1.20397,0,0.427331,0,0,0,0,1
E3-LS-p030,23.4255,67,257,ExactBaseline,1,1,0.00242512,0.693147,1.20397,3,0.152816,0,0,0,0,0.997446
E3-LS-p030,23.4553,-1,-1,ExactBaseline,0,0,0,0,1.20397,0,0.278637,0,0,0,0,1
E3-LS-p030,23.4573,-1,-1,ExactBaseline,0,0,0,0,1.20397,0,0.119772,0,0,0,0,1
E3-LS-p030,23.4602,65,304,ExactBaseline,1,1,0.00241841,0.693147,1.20397,3,0.08944,0,0,0,0,0.997446
E3-LS-p030,23.4684,-1,-1,ExactBaseline,0,0,0,0,1.20397,0,0.254234,0,0,0,0,1
E3-LS-p030,23.4817,-1,-1,ExactBaseline,0,0,0,0,1.20397,0,0.198797,0,0,0,0,1
E3-LS-p030,23.499,-1,-1,ExactBaseline,0,0,0,0,1.20397,0,0.19068,0,0,0,0,1
E3-LS-p030,23.5034,-1,-1,ExactBaseline,0,0,0,0,1.20397,0,0.045507,0,0,0,0,1
E3-LS-p030,23.5143,-1,-1,ExactBaseline,0,0,0,0,1.20397,0,0.274443,0,0,0,0,1
E3-LS-p030,23.5147,53,203,ExactBaseline,1,1,0.00239094,0.693147,1.20397,3,0.050486,0,0,0,0,0.997446
E3-LS-p030,23.5196,-1,-1,ExactBaseline,0,0,0,0,1.20397,0,0.159691,0,0,0,0,1
E3-LS-p030,23.5226,-1,-1,ExactBaseline,0,0,0,0,1.20397,0,0.186289,0,0,0,0,1
E3-LS-p030,23.5304,-1,-1,ExactBaseline,0,0,0,0,1.20397,0,0.257282,0,0,0,0,1
E3-LS-p030,23.5349,-1,-1,ExactBaseline,0,0,0,0,1.20397,0,0.303985,0,0,0,0,1
E3-LS-p030,23.547,-1,-1,ExactBaseline,0,0,0,0,1.20397,0,0.146906,0,0,0,0,1
E3-LS-p030,23.5606,-1,-1,ExactBaseline,0,0,0,0,1.20397,0,0.335785,0,0,0,0,1
E3-LS-p030,23.5775,-1,-1,ExactBaseline,0,0,0,0,1.20397,0,0.093296,0,0,0,0,1
E3-LS-p030,23.5875,-1,-1,ExactBaseline,0,0,0,0,1.20397,0,0.033641,0,0,0,0,1
E3-LS-p030,23.6516,-1,-1,ExactBaseline,0,0,0,0,1.20397,0,0.13752,0,0,0,0,1
E3-LS-p030,23.6757,-1,-1,ExactBaseline,0,0,0,0,1.20397,0,0.24972,0,0,0,0,1
E3-LS-p030,23.6803,-1,-1,ExactBaseline,0,0,0,0,1.20397,0,0.033487,0,0,0,0,1
E3-LS-p030,23.6846,-1,-1,ExactBaseline,0,0,0,0,1.20397,0,0.037161,0,0,0,0,1
E3-LS-p030,23.6869,-1,-1,ExactBaseline,0,0,0,0,1.20397,0,0.380339,0,0,0,0,1
E3-LS-p030,23.6944,-1,-1,ExactBaseline,0,0,0,0,1.20397,0,0.097012,0,0,0,0,1
E3-LS-p030,23.7018,-1,-1,ExactBaseline,0,0,0,0,1.20397,0,0.020935,0,0,0,0,1
E3-LS-p030,23.7179,-1,-1,ExactBaseline,0,0,0,0,1.20397,0,0.089847,0,0,0,0,1
E3-LS-p030,23.7331,-1,-1,ExactBaseline,0,0,0,0,1.20397,0,0.189257,0,0,0,0,1
E3-LS-p030,23.7398,-1,-1,ExactBaseline,0,0,0,0,1.20397,0,0.346009,0,0,0,0,1
E3-LS-p030,23.7501,-1,-1,ExactBaseline,0,0,0,0,1.20397,0,0.197104,0,0,0,0,1
E3-LS-p030,23.7683,-1,-1,ExactBaseline,0,0,0,0,1.20397,0,0.297959,0,0,0,0,1
E3-LS-p030,23.7693,-1,-1,ExactBaseline,0,0,0,0,1.20397,0,0.260535,0,0,0,0,1
E3-LS-p030,23.7745,-1,-1,ExactBaseline,0,0,0,0,1.20397,0,0.288262,0,0,0,0,1
E3-LS-p030,23.7909,131,173,ExactBaseline,1,1,0.00238999,0.693147,1.20397,3,0.056601,0,0,0,0,0.997446
E3-LS-p030,23.8206,-1,-1,ExactBaseline,0,0,0,0,1.20397,0,0.046583,0,0,0,0,1
E3-LS-p030,23.8236,-1,-1,ExactBaseline,0,0,0,0,1.20397,0,0.35335,0,0,0,0,0.993365
E3-LS-p030,23.8346,-1,-1,ExactBaseline,0,0,0,0,1.20397,0,0.017186,0,0,0,0,1
E3-LS-p030,23.8393,-1,-1,ExactBaseline,0,0,0,0,1.20397,0,0.279659,0,0,0,0,1
E3-LS-p030,23.8562,-1,-1,ExactBaseline,0,0,0,0,1.20397,0,0.209479,0,0,0,0,1
E3-LS-p030,23.8632,-1,-1,ExactBaseline,0,0,0,0,1.20397,0,0.23171,0,0,0,0,1
E3-LS-p030,23.8791,-1,-1,ExactBaseline,0,0,0,0,1.20397,0,0.326017,0,0,0,0,0.999385
E3-LS-p030,23.9719,-1,-1,ExactBaseline,0,0,0,0,1.20397,0,0.454248,0,0,0,0,0.999385
E3-LS-p030,23.9815,-1,-1,ExactBaseline,0,0,0,0,1.20397,0,0.167322,0,0,0,0,1
E3-LS-p030,23.9821,-1,-1,ExactBaseline,0,0,0,0,1.20397,0,0.11434,0,0,0,0,1
E3-LS-p030,24.0119,-1,-1,ExactBaseline,0,0,0,0,1.20397,0,0.049499,0,0,0,0,1
E3-LS-p030,24.0153,-1,-1,ExactBaseline,0,0,0,0,1.20397,0,0.525642,0,0,0,0,1
E3-LS-p030,24.0171,-1,-1,ExactBaseline,0,0,0,0,1.20397,0,0.065078,0,0,0,0,1
E3-LS-p030,24.0191,-1,-1,ExactBaseline,0,0,0,0,1.20397,0,0.031734,0,0,0,0,1
E3-LS-p030,24.0273,2,265,ExactBaseline,1,1,0.0023985,0.693147,1.20397,3,0.190307,0,0,0,0,0.997446
E3-LS-p030,24.0348,-1,-1,ExactBaseline,0,0,0,0,1.20397,0,0.247621,0,0,0,0,1
E3-LS-p030,24.0396,-1,-1,ExactBaseline,0,0,0,0,1.20397,0,0.243026,0,0,0,0,1
E3-LS-p030,24.0519,-1,-1,ExactBaseline,0,0,0,0,1.20397,0,0.154153,0,0,0,0,1
E3-LS-p030,24.0581,-1,-1,ExactBaseline,0,0,0,0,1.20397,0,0.161458,0,0,0,0,1
E3-LS-p030,24.0981,-1,-1,ExactBaseline,0,0,0,0,1.20397,0,0.174008,0,0,0,0,1
E3-LS-p030,24.1025,-1,-1,ExactBaseline,0,0,0,0,1.20397,0,0.222848,0,0,0,0,1
E3-LS-p030,24.1207,-1,-1,ExactBaseline,0,0,0,0,1.20397,0,0.039074,0,0,0,0,1
E3-LS-p030,24.1691,-1,-1,ExactBaseline,0,0,0,0,1.20397,0,0.135403,0,0,0,0,1
E3-LS-p030,24.1793,-1,-1,ExactBaseline,0,0,0,0,1.20397,0,0.046373,0,0,0,0,1
E3-LS-p030,24.1834,-1,-1,ExactBaseline,0,0,0,0,1.20397,0,0.417382,0,0,0,0,1
E3-LS-p030,24.2109,-1,-1,ExactBaseline,0,0,0,0,1.20397,0,0.236363,0,0,0,0,1
E3-LS-p030,24.2357,-1,-1,ExactBaseline,0,0,0,0,1.20397,0,0.008754,0,0,0,0,1
E3-LS-p030,24.2418,-1,-1,ExactBaseline,0,0,0,0,1.20397,0,0.222833,0,0,0,0,1
E3-LS-p030,24.2538,-1,-1,ExactBaseline,0,0,0,0,1.20397,0,0.299508,0,0,0,0,1
E3-LS-p030,24.2636,-1,-1,ExactBaseline,0,0,0,0,1.20397,0,0.262948,0,0,0,0,1
E3-LS-p030,24.302,-1,-1,ExactBaseline,0,0,0,0,1.20397,0,0.257666,0,0,0,0,1
E3-LS-p030,24.3166,-1,-1,ExactBaseline,0,0,0,0,1.20397,0,0.19424,0,0,0,0,1
E3-LS-p030,24.3245,-1,-1,ExactBaseline,0,0,0,0,1.20397,0,0.497852,0,0,0,0,1
E3-LS-p030,24.3289,-1,-1,ExactBaseline,0,0,0,0,1.20397,0,0.205984,0,0,0,0,1
E3-LS-p030,24.3412,-1,-1,ExactBaseline,0,0,0,0,1.20397,0,0.294345,0,0,0,0,1
E3-LS-p030,24.3419,-1,-1,ExactBaseline,0,0,0,0,1.20397,0,0.380168,0,0,0,0,1
E3-LS-p030,24.3441,-1,-1,ExactBaseline,0,0,0,0,1.20397,0,0.042022,0,0,0,0,1
E3-LS-p030,24.4532,-1,-1,ExactBaseline,0,0,0,0,1.20397,0,0.46669,0,0,0,0,1
E3-LS-p030,24.4663,-1,-1,ExactBaseline,0,0,0,0,1.20397,0,0.009378,0,0,0,0,1
E3-LS-p030,24.4806,-1,-1,ExactBaseline,0,0,0,0,1.20397,0,0.017008,0,0,0,0,1
E3-LS-p030,24.4809,-1,-1,ExactBaseline,0,0,0,0,1.20397,0,0.41173,0,0,0,0,0.999385
E3-LS-p030,24.4816,-1,-1,ExactBaseline,0,0,0,0,1.20397,0,0.01874,0,0,0,0,1
E3-LS-p030,24.5044,-1,-1,ExactBaseline,0,0,0,0,1.20397,0,0.155772,0,0,0,0,1
E3-LS-p030,24.5125,-1,-1,ExactBaseline,0,0,0,0,1.20397,0,0.276975,0,0,0,0,1
E3-LS-p030,24.5148,-1,-1,ExactBaseline,0,0,0,0,1.20397,0,0.207677,0,0,0,0,1
E3-LS-p030,24.5684,-1,-1,ExactBaseline,0,0,0,0,1.20397,0,0.282358,0,0,0,0,1
E3-LS-p030,24.602,-1,-1,ExactBaseline,0,0,0,0,1.20397,0,0.421813,0,0,0,0,1
E3-LS-p030,24.6026,-1,-1,ExactBaseline,0,0,0,0,1.20397,0,0.274979,0,0,0,0,0.997446
E3-LS-p030,24.6161,-1,-1,ExactBaseline,0,0,0,0,1.20397,0,0.141942,0,0,0,0,1
E3-LS-p030,24.6323,-1,-1,ExactBaseline,0,0,0,0,1.20397,0,0.111702,0,0,0,0,1
E3-LS-p030,24.6379,-1,-1,ExactBaseline,0,0,0,0,1.20397,0,0.294843,0,0,0,0,1
E3-LS-p030,24.6521,-1,-1,ExactBaseline,0,0,0,0,1.20397,0,0.218245,0,0,0,0,1
E3-LS-p030,24.6751,-1,-1,ExactBaseline,0,0,0,0,1.20397,0,0.264642,0,0,0,0,1
E3-LS-p030,24.7003,-1,-1,ExactBaseline,0,0,0,0,1.20397,0,0.305462,0,0,0,0,1
E3-LS-p030,24.7076,-1,-1,ExactBaseline,0,0,0,0,1.20397,0,0.042534,0,0,0,0,1
E3-LS-p030,24.71,-1,-1,ExactBaseline,0,0,0,0,1.20397,0,0.076372,0,0,0,0,1
E3-LS-p030,24.7118,-1,-1,ExactBaseline,0,0,0,0,1.20397,0,0.145521,0,0,0,0,1
E3-LS-p030,24.7297,-1,-1,ExactBaseline,0,0,0,0,1.20397,0,0.023295,0,0,0,0,1
E3-LS-p030,24.7364,-1,-1,ExactBaseline,0,0,0,0,1.20397,0,0.345525,0,0,0,0,1
E3-LS-p030,24.7643,-1,-1,ExactBaseline,0,0,0,0,1.20397,0,0.174738,0,0,0,0,1
E3-LS-p030,24.7786,-1,-1,ExactBaseline,0,0,0,0,1.20397,0,0.072093,0,0,0,0,1
E3-LS-p030,24.7823,-1,-1,ExactBaseline,0,0,0,0,1.20397,0,0.05589,0,0,0,0,1
E3-LS-p030,24.7889,-1,-1,ExactBaseline,0,0,0,0,1.20397,0,0.033528,0,0,0,0,1
E3-LS-p030,24.7959,-1,-1,ExactBaseline,0,0,0,0,1.20397,0,0.214868,0,0,0,0,1
E3-LS-p030,24.8131,-1,-1,ExactBaseline,0,0,0,0,1.20397,0,0.032681,0,0,0,0,1
E3-LS-p030,24.8149,-1,-1,ExactBaseline,0,0,0,0,1.20397,0,0.313049,0,0,0,0,1
E3-LS-p030,24.8287,-1,-1,ExactBaseline,0,0,0,0,1.20397,0,0.343601,0,0,0,0,1
E3-LS-p030,24.8439,-1,-1,ExactBaseline,0,0,0,0,1.20397,0,0.024413,0,0,0,0,1
E3-LS-p030,24.8776,-1,-1,ExactBaseline,0,0,0,0,1.20397,0,0.158286,0,0,0,0,1
E3-LS-p030,24.9097,-1,-1,ExactBaseline,0,0,0,0,1.20397,0,0.41716,0,0,0,0,1
E3-LS-p030,24.9569,149,255,ExactBaseline,1,1,0.00243864,0.693147,1.20397,3,0.298559,0,0,0,0,0.997446
E3-LS-p030,24.9654,-1,-1,ExactBaseline,0,0,0,0,1.20397,0,0.425353,0,0,0,0,0.999385
E3-LS-p030,24.9679,-1,-1,ExactBaseline,0,0,0,0,1.20397,0,0.358885,0,0,0,0,1
E3-LS-p030,24.978,-1,-1,ExactBaseline,0,0,0,0,1.20397,0,0.229383,0,0,0,0,1
E3-LS-p030,25.0259,-1,-1,ExactBaseline,0,0,0,0,1.20397,0,0.199131,0,0,0,0,1
E3-LS-p030,25.0358,-1,-1,ExactBaseline,0,0,0,0,1.20397,0,0.203783,0,0,0,0,1
E3-LS-p030,25.0587,-1,-1,ExactBaseline,0,0,0,0,1.20397,0,0.602783,0,0,0,0,0.999385
E3-LS-p030,25.06,-1,-1,ExactBaseline,0,0,0,0,1.20397,0,0.20296,0,0,0,0,1
E3-LS-p030,25.0602,-1,-1,ExactBaseline,0,0,0,0,1.20397,0,0.366489,0,0,0,0,1
E3-LS-p030,25.0895,-1,-1,ExactBaseline,0,0,0,0,1.20397,0,0.049,0,0,0,0,1
E3-LS-p030,25.092,-1,-1,ExactBaseline,0,0,0,0,1.20397,0,0.363211,0,0,0,0,1
E3-LS-p030,25.0993,-1,-1,ExactBaseline,0,0,0,0,1.20397,0,0.289413,0,0,0,0,0.999385
E3-LS-p030,25.1136,-1,-1,ExactBaseline,0,0,0,0,1.20397,0,0.414949,0,0,0,0,1
E3-LS-p030,25.1314,-1,-1,ExactBaseline,0,0,0,0,1.20397,0,0.388032,0,0,0,0,1
E3-LS-p030,25.1394,-1,-1,ExactBaseline,0,0,0,0,1.20397,0,0.337418,0,0,0,0,0.989783
E3-LS-p030,25.1454,-1,-1,ExactBaseline,0,0,0,0,1.20397,0,0.037545,0,0,0,0,1
E3-LS-p030,25.1508,-1,-1,ExactBaseline,0,0,0,0,1.20397,0,0.036365,0,0,0,0,1
E3-LS-p030,25.1626,-1,-1,ExactBaseline,0,0,0,0,1.20397,0,0.425655,0,0,0,0,1
E3-LS-p030,25.1995,-1,-1,ExactBaseline,0,0,0,0,1.20397,0,0.34613,0,0,0,0,0.997446
E3-LS-p030,25.2047,-1,-1,ExactBaseline,0,0,0,0,1.20397,0,0.240993,0,0,0,0,1
E3-LS-p030,25.2053,-1,-1,ExactBaseline,0,0,0,0,1.20397,0,0.332208,0,0,0,0,1
E3-LS-p030,25.2063,-1,-1,ExactBaseline,0,0,0,0,1.20397,0,0.266077,0,0,0,0,1
E3-LS-p030,25.2211,-1,-1,ExactBaseline,0,0,0,0,1.20397,0,0.204055,0,0,0,0,1
E3-LS-p030,25.2218,-1,-1,ExactBaseline,0,0,0,0,1.20397,0,0.400366,0,0,0,0,1
E3-LS-p030,25.2259,-1,-1,ExactBaseline,0,0,0,0,1.20397,0,0.045647,0,0,0,0,1
E3-LS-p030,25.2315,-1,-1,ExactBaseline,0,0,0,0,1.20397,0,0.234634,0,0,0,0,1
E3-LS-p030,25.237,-1,-1,ExactBaseline,0,0,0,0,1.20397,0,0.176321,0,0,0,0,1
E3-LS-p030,25.242,-1,-1,ExactBaseline,0,0,0,0,1.20397,0,0.281578,0,0,0,0,1
E3-LS-p030,25.2423,-1,-1,ExactBaseline,0,0,0,0,1.20397,0,0.319072,0,0,0,0,1
E3-LS-p030,25.247,-1,-1,ExactBaseline,0,0,0,0,1.20397,0,0.008101,0,0,0,0,1
E3-LS-p030,25.2636,-1,-1,ExactBaseline,0,0,0,0,1.20397,0,0.215466,0,0,0,0,1
E3-LS-p030,25.2692,-1,-1,ExactBaseline,0,0,0,0,1.20397,0,0.098312,0,0,0,0,1
E3-LS-p030,25.2786,-1,-1,ExactBaseline,0,0,0,0,1.20397,0,0.012371,0,0,0,0,1
E3-LS-p030,25.2872,-1,-1,ExactBaseline,0,0,0,0,1.20397,0,0.168467,0,0,0,0,1
E3-LS-p030,25.3116,-1,-1,ExactBaseline,0,0,0,0,1.20397,0,0.027419,0,0,0,0,1
E3-LS-p030,25.317,-1,-1,ExactBaseline,0,0,0,0,1.20397,0,0.063625,0,0,0,0,1
E3-LS-p030,25.3184,-1,-1,ExactBaseline,0,0,0,0,1.20397,0,0.060182,0,0,0,0,1
E3-LS-p030,25.3234,109,203,ExactBaseline,1,1,0.00196344,0.693147,1.20397,3,0.077504,0,0,0,0,0.997446
E3-LS-p030,25.3471,-1,-1,ExactBaseline,0,0,0,0,1.20397,0,0.027615,0,0,0,0,1
E3-LS-p030,25.3654,7,248,ExactBaseline,1,1,0.0024228,0.387766,1.20397,3,0.269197,0,0,0,0,0.995919
E3-LS-p030,25.3911,-1,-1,ExactBaseline,0,0,0,0,1.20397,0,0.437385,0,0,0,0,1
E3-LS-p030,25.4006,-1,-1,ExactBaseline,0,0,0,0,1.20397,0,0.312585,0,0,0,0,1
E3-LS-p030,25.416,-1,-1,ExactBaseline,0,0,0,0,1.20397,0,0.407899,0,0,0,0,1
E3-LS-p030,25.4255,-1,-1,ExactBaseline,0,0,0,0,1.20397,0,0.207713,0,0,0,0,0.997446
E3-LS-p030,25.4553,-1,-1,ExactBaseline,0,0,0,0,1.20397,0,0.339244,0,0,0,0,1
E3-LS-p030,25.4573,74,184,ExactBaseline,1,1,0.00241254,0.693147,1.20397,3,0.216793,0,0,0,0,0.997446
E3-LS-p030,25.4602,-1,-1,ExactBaseline,0,0,0,0,1.20397,0,0.098317,0,0,0,0,0.997446
E3-LS-p030,25.4684,-1,-1,ExactBaseline,0,0,0,0,1.20397,0,0.327475,0,0,0,0,1
E3-LS-p030,25.4817,-1,-1,ExactBaseline,0,0,0,0,1.20397,0,0.328668,0,0,0,0,1
E3-LS-p030,25.499,-1,-1,ExactBaseline,0,0,0,0,1.20397,0,0.279007,0,0,0,0,1
E3-LS-p030,25.5034,-1,-1,ExactBaseline,0,0,0,0,1.20397,0,0.075601,0,0,0,0,1
E3-LS-p030,25.5143,-1,-1,ExactBaseline,0,0,0,0,1.20397,0,0.376164,0,0,0,0,1
E3-LS-p030,25.5147,-1,-1,ExactBaseline,0,0,0,0,1.20397,0,0.090737,0,0,0,0,0.997446
E3-LS-p030,25.5196,-1,-1,ExactBaseline,0,0,0,0,1.20397,0,0.201712,0,0,0,0,1
E3-LS-p030,25.5226,-1,-1,ExactBaseline,0,0,0,0,1.20397,0,0.313825,0,0,0,0,1
E3-LS-p030,25.5304,-1,-1,ExactBaseline,0,0,0,0,1.20397,0,0.484488,0,0,0,0,1
E3-LS-p030,25.5349,-1,-1,ExactBaseline,0,0,0,0,1.20397,0,0.499687,0,0,0,0,1
E3-LS-p030,25.547,-1,-1,ExactBaseline,0,0,0,0,1.20397,0,0.480083,0,0,0,0,1
E3-LS-p030,25.5606,-1,-1,ExactBaseline,0,0,0,0,1.20397,0,0.449873,0,0,0,0,1
E3-LS-p030,25.5775,-1,-1,ExactBaseline,0,0,0,0,1.20397,0,0.213377,0,0,0,0,1
E3-LS-p030,25.5875,-1,-1,ExactBaseline,0,0,0,0,1.20397,0,0.069488,0,0,0,0,1
E3-LS-p030,25.6262,-1,-1,ExactBaseline,0,0,0,0,1.20397,0,0.038974,0,0,0,0,1
E3-LS-p030,25.6418,-1,-1,ExactBaseline,0,0,0,0,1.20397,0,0.208954,0,0,0,0,1
E3-LS-p030,25.6516,-1,-1,ExactBaseline,0,0,0,0,1.20397,0,0.191397,0,0,0,0,1
E3-LS-p030,25.6757,-1,-1,ExactBaseline,0,0,0,0,1.20397,0,0.545542,0,0,0,0,1
E3-LS-p030,25.6803,-1,-1,ExactBaseline,0,0,0,0,1.20397,0,0.040843,0,0,0,0,1
E3-LS-p030,25.6846,102,235,ExactBaseline,1,1,0.00201809,0.693147,1.20397,3,0.082122,0,0,0,0,0.997446
E3-LS-p030,25.6869,-1,-1,ExactBaseline,0,0,0,0,1.20397,0,0.214454,0,0,0,0,1
E3-LS-p030,25.6944,-1,-1,ExactBaseline,0,0,0,0,1.20397,0,0.219827,0,0,0,0,1
E3-LS-p030,25.6981,-1,-1,ExactBaseline,0,0,0,0,1.20397,0,0.040838,0,0,0,0,1
E3-LS-p030,25.7018,-1,-1,ExactBaseline,0,0,0,0,1.20397,0,0.050597,0,0,0,0,1
E3-LS-p030,25.7179,-1,-1,ExactBaseline,0,0,0,0,1.20397,0,0.145711,0,0,0,0,1
E3-LS-p030,25.725,-1,-1,ExactBaseline,0,0,0,0,1.20397,0,0.181327,0,0,0,0,1
E3-LS-p030,25.7331,-1,-1,ExactBaseline,0,0,0,0,1.20397,0,0.30624,0,0,0,0,1
E3-LS-p030,25.7398,-1,-1,ExactBaseline,0,0,0,0,1.20397,0,0.503542,0,0,0,0,1
E3-LS-p030,25.7501,-1,-1,ExactBaseline,0,0,0,0,1.20397,0,0.292992,0,0,0,0,1
E3-LS-p030,25.7683,-1,-1,ExactBaseline,0,0,0,0,1.20397,0,0.350458,0,0,0,0,1
E3-LS-p030,25.7693,-1,-1,ExactBaseline,0,0,0,0,1.20397,0,0.544587,0,0,0,0,1
E3-LS-p030,25.7745,-1,-1,ExactBaseline,0,0,0,0,1.20397,0,0.429091,0,0,0,0,1
E3-LS-p030,25.7909,-1,-1,ExactBaseline,0,0,0,0,1.20397,0,0.080253,0,0,0,0,0.997446
E3-LS-p030,25.8206,-1,-1,ExactBaseline,0,0,0,0,1.20397,0,0.052398,0,0,0,0,1
E3-LS-p030,25.8236,-1,-1,ExactBaseline,0,0,0,0,1.20397,0,0.446275,0,0,0,0,0.993365
E3-LS-p030,25.8346,-1,-1,ExactBaseline,0,0,0,0,1.20397,0,0.050504,0,0,0,0,1
E3-LS-p030,25.8393,-1,-1,ExactBaseline,0,0,0,0,1.20397,0,0.502532,0,0,0,0,1
E3-LS-p030,25.8562,-1,-1,ExactBaseline,0,0,0,0,1.20397,0,0.227162,0,0,0,0,1
E3-LS-p030,25.8632,-1,-1,ExactBaseline,0,0,0,0,1.20397,0,0.43863,0,0,0,0,1
E3-LS-p030,25.8635,-1,-1,ExactBaseline,0,0,0,0,1.20397,0,0.359713,0,0,0,0,1
E3-LS-p030,25.87,-1,-1,ExactBaseline,0,0,0,0,1.20397,0,0.177007,0,0,0,0,1
E3-LS-p030,25.8791,58,126,ExactBaseline,1,1,0.00242174,0.693147,1.20397,3,0.40587,0,0,0,0,0.996831
E3-LS-p030,25.8833,-1,-1,ExactBaseline,0,0,0,0,1.20397,0,0.342055,0,0,0,0,1
E3-LS-p030,25.928,-1,-1,ExactBaseline,0,0,0,0,1.20397,0,0.283871,0,0,0,0,1
E3-LS-p030,25.9719,41,217,ExactBaseline,1,1,0.00243564,0.693147,1.20397,3,0.660355,0,0,0,0,0.996831
E3-LS-p030,25.9815,-1,-1,ExactBaseline,0,0,0,0,1.20397,0,0.192613,0,0,0,0,1
E3-LS-p030,25.9821,-1,-1,ExactBaseline,0,0,0,0,1.20397,0,0.080537,0,0,0,0,1
E3-LS-p030,25.9879,-1,-1,ExactBaseline,0,0,0,0,1.20397,0,0.410173,0,0,0,0,1
E3-LS-p030,26.0119,-1,-1,ExactBaseline,0,0,0,0,1.20397,0,0.061483,0,0,0,0,1
E3-LS-p030,26.0153,-1,-1,ExactBaseline,0,0,0,0,1.20397,0,0.655033,0,0,0,0,1
E3-LS-p030,26.0171,-1,-1,ExactBaseline,0,0,0,0,1.20397,0,0.106698,0,0,0,0,1
E3-LS-p030,26.0191,-1,-1,ExactBaseline,0,0,0,0,1.20397,0,0.026765,0,0,0,0,1
E3-LS-p030,26.0273,-1,-1,ExactBaseline,0,0,0,0,1.20397,0,0.234978,0,0,0,0,0.997446
E3-LS-p030,26.0348,-1,-1,ExactBaseline,0,0,0,0,1.20397,0,0.366484,0,0,0,0,1
E3-LS-p030,26.0396,-1,-1,ExactBaseline,0,0,0,0,1.20397,0,0.361653,0,0,0,0,1
E3-LS-p030,26.0461,-1,-1,ExactBaseline,0,0,0,0,1.20397,0,0.280495,0,0,0,0,1
E3-LS-p030,26.0519,-1,-1,ExactBaseline,0,0,0,0,1.20397,0,0.491389,0,0,0,0,1
E3-LS-p030,26.0581,-1,-1,ExactBaseline,0,0,0,0,1.20397,0,0.209668,0,0,0,0,1
E3-LS-p030,26.0981,-1,-1,ExactBaseline,0,0,0,0,1.20397,0,0.247715,0,0,0,0,1
E3-LS-p030,26.1025,-1,-1,ExactBaseline,0,0,0,0,1.20397,0,0.262197,0,0,0,0,1
E3-LS-p030,26.1207,-1,-1,ExactBaseline,0,0,0,0,1.20397,0,0.060343,0,0,0,0,1
E3-LS-p030,26.1282,-1,-1,ExactBaseline,0,0,0,0,1.20397,0,0.036177,0,0,0,0,1
E3-LS-p030,26.1691,-1,-1,ExactBaseline,0,0,0,0,1.20397,0,0.148893,0,0,0,0,1
E3-LS-p030,26.1793,-1,-1,ExactBaseline,0,0,0,0,1.20397,0,0.07903,0,0,0,0,1
E3-LS-p030,26.1834,-1,-1,ExactBaseline,0,0,0,0,1.20397,0,0.427095,0,0,0,0,1
E3-LS-p030,26.2083,-1,-1,ExactBaseline,0,0,0,0,1.20397,0,0.287661,0,0,0,0,1
E3-LS-p030,26.2109,-1,-1,ExactBaseline,0,0,0,0,1.20397,0,0.309538,0,0,0,0,1
E3-LS-p030,26.2149,-1,-1,ExactBaseline,0,0,0,0,1.20397,0,0.371936,0,0,0,0,1
E3-LS-p030,26.2357,-1,-1,ExactBaseline,0,0,0,0,1.20397,0,0.029355,0,0,0,0,1
E3-LS-p030,26.2418,-1,-1,ExactBaseline,0,0,0,0,1.20397,0,0.199368,0,0,0,0,1
E3-LS-p030,26.2501,-1,-1,ExactBaseline,0,0,0,0,1.20397,0,0.078688,0,0,0,0,1
E3-LS-p030,26.2538,-1,-1,ExactBaseline,0,0,0,0,1.20397,0,0.244021,0,0,0,0,1
E3-LS-p030,26.2636,-1,-1,ExactBaseline,0,0,0,0,1.20397,0,0.369423,0,0,0,0,1
E3-LS-p030,26.302,-1,-1,ExactBaseline,0,0,0,0,1.20397,0,0.393791,0,0,0,0,1
E3-LS-p030,26.3166,-1,-1,ExactBaseline,0,0,0,0,1.20397,0,0.254111,0,0,0,0,1
E3-LS-p030,26.3245,-1,-1,ExactBaseline,0,0,0,0,1.20397,0,0.666743,0,0,0,0,1
E3-LS-p030,26.3289,-1,-1,ExactBaseline,0,0,0,0,1.20397,0,0.261785,0,0,0,0,1
E3-LS-p030,26.3412,-1,-1,ExactBaseline,0,0,0,0,1.20397,0,0.380477,0,0,0,0,1
E3-LS-p030,26.3419,-1,-1,ExactBaseline,0,0,0,0,1.20397,0,0.575801,0,0,0,0,1
E3-LS-p030,26.3441,-1,-1,ExactBaseline,0,0,0,0,1.20397,0,0.050233,0,0,0,0,1
E3-LS-p030,26.3826,-1,-1,ExactBaseline,0,0,0,0,1.20397,0,0.268306,0,0,0,0,1
E3-LS-p030,26.3841,-1,-1,ExactBaseline,0,0,0,0,1.20397,0,0.188011,0,0,0,0,1
E3-LS-p030,26.3957,-1,-1,ExactBaseline,0,0,0,0,1.20397,0,0.374184,0,0,0,0,1
E3-LS-p030,26.4532,-1,-1,ExactBaseline,0,0,0,0,1.20397,0,0.577685,0,0,0,0,1
E3-LS-p030,26.4663,-1,-1,ExactBaseline,0,0,0,0,1.20397,0,0.016451,0,0,0,0,1
E3-LS-p030,26.4806,-1,-1,ExactBaseline,0,0,0,0,1.20397,0,0.044215,0,0,0,0,1
E3-LS-p030,26.4809,18,250,ExactBaseline,1,1,0.00238095,0.693147,1.20397,3,0.462372,0,0,0,0,0.996831
E3-LS-p030,26.4816,-1,-1,ExactBaseline,0,0,0,0,1.20397,0,0.022049,0,0,0,0,1
E3-LS-p030,26.501,-1,-1,ExactBaseline,0,0,0,0,1.20397,0,0.144622,0,0,0,0,1
E3-LS-p030,26.5044,-1,-1,ExactBaseline,0,0,0,0,1.20397,0,0.213155,0,0,0,0,1
E3-LS-p030,26.5125,-1,-1,ExactBaseline,0,0,0,0,1.20397,0,0.271769,0,0,0,0,1
E3-LS-p030,26.5148,-1,-1,ExactBaseline,0,0,0,0,1.20397,0,0.26771,0,0,0,0,1
E3-LS-p030,26.5684,-1,-1,ExactBaseline,0,0,0,0,1.20397,0,0.421977,0,0,0,0,1
E3-LS-p030,26.5908,-1,-1,ExactBaseline,0,0,0,0,1.20397,0,0.053495,0,0,0,0,1
E3-LS-p030,26.602,-1,-1,ExactBaseline,0,0,0,0,1.20397,0,0.540429,0,0,0,0,1
E3-LS-p030,26.6026,-1,-1,ExactBaseline,0,0,0,0,1.20397,0,0.378152,0,0,0,0,0.997446
E3-LS-p030,26.6161,-1,-1,ExactBaseline,0,0,0,0,1.20397,0,0.158019,0,0,0,0,1
E3-LS-p030,26.6323,-1,-1,ExactBaseline,0,0,0,0,1.20397,0,0.149377,0,0,0,0,1
E3-LS-p030,26.6336,-1,-1,ExactBaseline,0,0,0,0,1.20397,0,0.058675,0,0,0,0,1
E3-LS-p030,26.6379,-1,-1,ExactBaseline,0,0,0,0,1.20397,0,0.398476,0,0,0,0,1
E3-LS-p030,26.6521,-1,-1,ExactBaseline,0,0,0,0,1.20397,0,0.221445,0,0,0,0,1
E3-LS-p030,26.6751,-1,-1,ExactBaseline,0,0,0,0,1.20397,0,0.45846,0,0,0,0,1
E3-LS-p030,26.7003,-1,-1,ExactBaseline,0,0,0,0,1.20397,0,0.301295,0,0,0,0,1
E3-LS-p030,26.7076,-1,-1,ExactBaseline,0,0,0,0,1.20397,0,0.05934,0,0,0,0,1
E3-LS-p030,26.71,-1,-1,ExactBaseline,0,0,0,0,1.20397,0,0.05888,0,0,0,0,1
E3-LS-p030,26.7118,-1,-1,ExactBaseline,0,0,0,0,1.20397,0,0.162469,0,0,0,0,1
E3-LS-p030,26.7297,-1,-1,ExactBaseline,0,0,0,0,1.20397,0,0.00599,0,0,0,0,1
E3-LS-p030,26.7337,-1,-1,ExactBaseline,0,0,0,0,1.20397,0,0.068475,0,0,0,0,1
E3-LS-p030,26.7364,-1,-1,ExactBaseline,0,0,0,0,1.20397,0,0.419763,0,0,0,0,1
E3-LS-p030,26.7478,-1,-1,ExactBaseline,0,0,0,0,1.20397,0,0.245381,0,0,0,0,1
E3-LS-p030,26.7548,-1,-1,ExactBaseline,0,0,0,0,1.20397,0,0.049112,0,0,0,0,1
E3-LS-p030,26.7643,-1,-1,ExactBaseline,0,0,0,0,1.20397,0,0.255214,0,0,0,0,1
E3-LS-p030,26.7716,-1,-1,ExactBaseline,0,0,0,0,1.20397,0,0.232652,0,0,0,0,1
E3-LS-p030,26.7786,-1,-1,ExactBaseline,0,0,0,0,1.20397,0,0.064008,0,0,0,0,1
E3-LS-p030,26.7823,-1,-1,ExactBaseline,0,0,0,0,1.20397,0,0.095726,0,0,0,0,1
E3-LS-p030,26.7889,-1,-1,ExactBaseline,0,0,0,0,1.20397,0,0.054214,0,0,0,0,1
E3-LS-p030,26.7959,101,274,ExactBaseline,1,1,0.0024129,0.693147,1.20397,3,0.21481,0,0,0,0,0.997446
E3-LS-p030,26.8131,-1,-1,ExactBaseline,0,0,0,0,1.20397,0,0.045541,0,0,0,0,1
E3-LS-p030,26.8149,-1,-1,ExactBaseline,0,0,0,0,1.20397,0,0.380216,0,0,0,0,1
E3-LS-p030,26.8287,-1,-1,ExactBaseline,0,0,0,0,1.20397,0,0.306559,0,0,0,0,1
E3-LS-p030,26.8439,-1,-1,ExactBaseline,0,0,0,0,1.20397,0,0.021682,0,0,0,0,1
E3-LS-p030,26.8572,-1,-1,ExactBaseline,0,0,0,0,1.20397,0,0.391347,0,0,0,0,1
E3-LS-p030,26.8776,-1,-1,ExactBaseline,0,0,0,0,1.20397,0,0.139587,0,0,0,0,1
E3-LS-p030,26.9097,-1,-1,ExactBaseline,0,0,0,0,1.20397,0,0.455448,0,0,0,0,1
E3-LS-p030,26.9569,-1,-1,ExactBaseline,0,0,0,0,1.20397,0,0.311125,0,0,0,0,0.997446
E3-LS-p030,26.9654,-1,-1,ExactBaseline,0,0,0,0,1.20397,0,0.790558,0,0,0,0,0.999385
E3-LS-p030,26.9679,56,99,ExactBaseline,1,1,0.00194027,0.693147,1.20397,3,0.395446,0,0,0,0,0.997446
E3-LS-p030,26.978,-1,-1,ExactBaseline,0,0,0,0,1.20397,0,0.269783,0,0,0,0,1
E3-LS-p030,27.0064,-1,-1,ExactBaseline,0,0,0,0,1.20397,0,0.4655,0,0,0,0,1
E3-LS-p030,27.0125,-1,-1,ExactBaseline,0,0,0,0,1.20397,0,0.271793,0,0,0,0,1
E3-LS-p030,27.0259,-1,-1,ExactBaseline,0,0,0,0,1.20397,0,0.254474,0,0,0,0,1
E3-LS-p030,27.0358,-1,-1,ExactBaseline,0,0,0,0,1.20397,0,0.300476,0,0,0,0,1
E3-LS-p030,27.045,-1,-1,ExactBaseline,0,0,0,0,1.20397,0,0.258351,0,0,0,0,1
E3-LS-p030,27.0512,-1,-1,ExactBaseline,0,0,0,0,1.20397,0,0.08568,0,0,0,0,1
E3-LS-p030,27.0587,-1,-1,ExactBaseline,0,0,0,0,1.20397,0,0.683455,0,0,0,0,0.999385
E3-LS-p030,27.06,-1,-1,ExactBaseline,0,0,0,0,1.20397,0,0.244676,0,0,0,0,1
E3-LS-p030,27.0602,-1,-1,ExactBaseline,0,0,0,0,1.20397,0,0.471671,0,0,0,0,1
E3-LS-p030,27.0895,-1,-1,ExactBaseline,0,0,0,0,1.20397,0,0.020993,0,0,0,0,1
E3-LS-p030,27.092,-1,-1,ExactBaseline,0,0,0,0,1.20397,0,0.408627,0,0,0,0,1
E3-LS-p030,27.0993,-1,-1,ExactBaseline,0,0,0,0,1.20397,0,0.274541,0,0,0,0,0.999385
E3-LS-p030,27.1136,-1,-1,ExactBaseline,0,0,0,0,1.20397,0,0.711595,0,0,0,0,1
E3-LS-p030,27.1179,-1,-1,ExactBaseline,0,0,0,0,1.20397,0,0.244784,0,0,0,0,1
E3-LS-p030,27.1314,-1,-1,ExactBaseline,0,0,0,0,1.20397,0,0.482629,0,0,0,0,1
E3-LS-p030,27.1394,12,302,ExactBaseline,1,1,0.00241161,0.693147,1.20397,3,0.495636,0,0,0,0,0.987229
E3-LS-p030,27.1454,-1,-1,ExactBaseline,0,0,0,0,1.20397,0,0.088207,0,0,0,0,1
E3-LS-p030,27.1508,-1,-1,ExactBaseline,0,0,0,0,1.20397,0,0.048917,0,0,0,0,1
E3-LS-p030,27.16,-1,-1,ExactBaseline,0,0,0,0,1.20397,0,0.068299,0,0,0,0,1
E3-LS-p030,27.1626,-1,-1,ExactBaseline,0,0,0,0,1.20397,0,0.53072,0,0,0,0,1
E3-LS-p030,27.1995,-1,-1,ExactBaseline,0,0,0,0,1.20397,0,0.445306,0,0,0,0,0.997446
E3-LS-p030,27.2047,-1,-1,ExactBaseline,0,0,0,0,1.20397,0,0.308004,0,0,0,0,1
E3-LS-p030,27.2053,-1,-1,ExactBaseline,0,0,0,0,1.20397,0,0.410119,0,0,0,0,1
E3-LS-p030,27.2063,-1,-1,ExactBaseline,0,0,0,0,1.20397,0,0.298589,0,0,0,0,1
E3-LS-p030,27.2106,-1,-1,ExactBaseline,0,0,0,0,1.20397,0,0.462865,0,0,0,0,1
E3-LS-p030,27.2211,-1,-1,ExactBaseline,0,0,0,0,1.20397,0,0.342192,0,0,0,0,1
E3-LS-p030,27.2216,-1,-1,ExactBaseline,0,0,0,0,1.20397,0,0.384038,0,0,0,0,1
E3-LS-p030,27.2218,-1,-1,ExactBaseline,0,0,0,0,1.20397,0,0.405173,0,0,0,0,1
E3-LS-p030,27.2259,-1,-1,ExactBaseline,0,0,0,0,1.20397,0,0.05125,0,0,0,0,1
E3-LS-p030,27.2315,-1,-1,ExactBaseline,0,0,0,0,1.20397,0,0.269625,0,0,0,0,1
E3-LS-p030,27.237,-1,-1,ExactBaseline,0,0,0,0,1.20397,0,0.176651,0,0,0,0,1
E3-LS-p030,27.242,-1,-1,ExactBaseline,0,0,0,0,1.20397,0,0.389885,0,0,0,0,1
E3-LS-p030,27.2423,-1,-1,ExactBaseline,0,0,0,0,1.20397,0,0.370749,0,0,0,0,1
E3-LS-p030,27.2432,-1,-1,ExactBaseline,0,0,0,0,1.20397,0,0.377192,0,0,0,0,1
E3-LS-p030,27.247,-1,-1,ExactBaseline,0,0,0,0,1.20397,0,0.013389,0,0,0,0,1
E3-LS-p030,27.2636,-1,-1,ExactBaseline,0,0,0,0,1.20397,0,0.31394,0,0,0,0,1
E3-LS-p030,27.2692,152,101,ExactBaseline,1,1,0.00240944,0.693147,1.20397,3,0.100913,0,0,0,0,0.997446
E3-LS-p030,27.2786,-1,-1,ExactBaseline,0,0,0,0,1.20397,0,0.021118,0,0,0,0,1
E3-LS-p030,27.2872,-1,-1,ExactBaseline,0,0,0,0,1.20397,0,0.207811,0,0,0,0,1
E3-LS-p030,27.3116,-1,-1,ExactBaseline,0,0,0,0,1.20397,0,0.0347,0,0,0,0,1
E3-LS-p030,27.317,-1,-1,ExactBaseline,0,0,0,0,1.20397,0,0.130053,0,0,0,0,1
E3-LS-p030,27.3184,-1,-1,ExactBaseline,0,0,0,0,1.20397,0,0.049279,0,0,0,0,1
E3-LS-p030,27.3234,-1,-1,ExactBaseline,0,0,0,0,1.20397,0,0.067213,0,0,0,0,0.997446
E3-LS-p030,27.3471,-1,-1,ExactBaseline,0,0,0,0,1.20397,0,0.060362,0,0,0,0,1
E3-LS-p030,27.3654,-1,-1,ExactBaseline,0,0,0,0,1.20397,0,0.315396,0,0,0,0,0.995919
E3-LS-p030,27.3911,-1,-1,ExactBaseline,0,0,0,0,1.20397,0,0.522074,0,0,0,0,1
E3-LS-p030,27.4006,-1,-1,ExactBaseline,0,0,0,0,1.20397,0,0.344051,0,0,0,0,1
E3-LS-p030,27.4012,-1,-1,ExactBaseline,0,0,0,0,1.20397,0,0.469876,0,0,0,0,1
E3-LS-p030,27.416,-1,-1,ExactBaseline,0,0,0,0,1.20397,0,0.501888,0,0,0,0,1
E3-LS-p030,27.4255,-1,-1,ExactBaseline,0,0,0,0,1.20397,0,0.235245,0,0,0,0,0.997446
E3-LS-p030,27.4553,-1,-1,ExactBaseline,0,0,0,0,1.20397,0,0.413192,0,0,0,0,1
E3-LS-p030,27.4573,-1,-1,ExactBaseline,0,0,0,0,1.20397,0,0.258253,0,0,0,0,0.997446
E3-LS-p030,27.4602,-1,-1,ExactBaseline,0,0,0,0,1.20397,0,0.053056,0,0,0,0,0.997446
E3-LS-p030,27.4684,-1,-1,ExactBaseline,0,0,0,0,1.20397,0,0.383597,0,0,0,0,1
E3-LS-p030,27.4817,48,63,ExactBaseline,1,1,0.00243304,0.693147,1.20397,3,0.452392,0,0,0,0,0.997446
E3-LS-p030,27.499,-1,-1,ExactBaseline,0,0,0,0,1.20397,0,0.305123,0,0,0,0,1
E3-LS-p030,27.5034,-1,-1,ExactBaseline,0,0,0,0,1.20397,0,0.058741,0,0,0,0,1
E3-LS-p030,27.5143,-1,-1,ExactBaseline,0,0,0,0,1.20397,0,0.424974,0,0,0,0,1
E3-LS-p030,27.5147,-1,-1,ExactBaseline,0,0,0,0,1.20397,0,0.1377,0,0,0,0,0.997446
E3-LS-p030,27.5196,-1,-1,ExactBaseline,0,0,0,0,1.20397,0,0.185034,0,0,0,0,1
E3-LS-p030,27.5226,44,223,ExactBaseline,1,1,0.00194245,0.693147,1.20397,3,0.258697,0,0,0,0,0.997446
E3-LS-p030,27.5304,-1,-1,ExactBaseline,0,0,0,0,1.20397,0,0.473934,0,0,0,0,1
E3-LS-p030,27.5349,-1,-1,ExactBaseline,0,0,0,0,1.20397,0,0.673407,0,0,0,0,1
E3-LS-p030,27.5365,-1,-1,ExactBaseline,0,0,0,0,1.20397,0,0.285508,0,0,0,0,1
E3-LS-p030,27.546,-1,-1,ExactBaseline,0,0,0,0,1.20397,0,0.241748,0,0,0,0,1
E3-LS-p030,27.547,91,257,ExactBaseline,1,1,0.00242104,0.693147,1.20397,3,0.228676,0,0,0,0,0.997446
E3-LS-p030,27.5606,-1,-1,ExactBaseline,0,0,0,0,1.20397,0,0.489439,0,0,0,0,1
E3-LS-p030,27.5775,-1,-1,ExactBaseline,0,0,0,0,1.20397,0,0.280783,0,0,0,0,1
E3-LS-p030,27.5875,-1,-1,ExactBaseline,0,0,0,0,1.20397,0,0.031918,0,0,0,0,1
E3-LS-p030,27.5961,-1,-1,ExactBaseline,0,0,0,0,1.20397,0,0.461663,0,0,0,0,1
E3-LS-p030,27.6262,-1,-1,ExactBaseline,0,0,0,0,1.20397,0,0.022016,0,0,0,0,1
E3-LS-p030,27.6418,-1,-1,ExactBaseline,0,0,0,0,1.20397,0,0.284241,0,0,0,0,1
E3-LS-p030,27.6516,-1,-1,ExactBaseline,0,0,0,0,1.20397,0,0.251772,0,0,0,0,1
E3-LS-p030,27.6757,-1,-1,ExactBaseline,0,0,0,0,1.20397,0,0.387868,0,0,0,0,1
E3-LS-p030,27.6803,-1,-1,ExactBaseline,0,0,0,0,1.20397,0,0.042822,0,0,0,0,1
E3-LS-p030,27.6821,-1,-1,ExactBaseline,0,0,0,0,1.20397,0,0.235341,0,0,0,0,1
E3-LS-p030,27.6846,-1,-1,ExactBaseline,0,0,0,0,1.20397,0,0.073828,0,0,0,0,0.997446
E3-LS-p030,27.6869,-1,-1,ExactBaseline,0,0,0,0,1.20397,0,0.218394,0,0,0,0,1
E3-LS-p030,27.6944,-1,-1,ExactBaseline,0,0,0,0,1.20397,0,0.248435,0,0,0,0,1
E3-LS-p030,27.6949,-1,-1,ExactBaseline,0,0,0,0,1.20397,0,0.319409,0,0,0,0,1
E3-LS-p030,27.6981,-1,-1,ExactBaseline,0,0,0,0,1.20397,0,0.025036,0,0,0,0,1
E3-LS-p030,27.7018,-1,-1,ExactBaseline,0,0,0,0,1.20397,0,0.053786,0,0,0,0,1
E3-LS-p030,27.7179,-1,-1,ExactBaseline,0,0,0,0,1.20397,0,0.171999,0,0,0,0,1
E3-LS-p030,27.725,136,242,ExactBaseline,1,1,0.00240883,0.693147,1.20397,3,0.221621,0,0,0,0,0.997446
E3-LS-p030,27.7331,-1,-1,ExactBaseline,0,0,0,0,1.20397,0,0.382616,0,0,0,0,1
E3-LS-p030,27.7398,-1,-1,ExactBaseline,0,0,0,0,1.20397,0,0.592766,0,0,0,0,1
E3-LS-p030,27.7501,-1,-1,ExactBaseline,0,0,0,0,1.20397,0,0.221325,0,0,0,0,1
E3-LS-p030,27.7683,-1,-1,ExactBaseline,0,0,0,0,1.20397,0,0.57553,0,0,0,0,1
E3-LS-p030,27.7693,-1,-1,ExactBaseline,0,0,0,0,1.20397,0,0.509016,0,0,0,0,1
E3-LS-p030,27.7745,-1,-1,ExactBaseline,0,0,0,0,1.20397,0,0.44245,0,0,0,0,1
E3-LS-p030,27.7909,-1,-1,ExactBaseline,0,0,0,0,1.20397,0,0.138814,0,0,0,0,0.997446
E3-LS-p030,27.8206,-1,-1,ExactBaseline,0,0,0,0,1.20397,0,0.052293,0,0,0,0,1
E3-LS-p030,27.8236,-1,-1,ExactBaseline,0,0,0,0,1.20397,0,0.633149,0,0,0,0,0.993365
E3-LS-p030,27.8346,-1,-1,ExactBaseline,0,0,0,0,1.20397,0,0.031631,0,0,0,0,1
E3-LS-p030,27.8393,-1,-1,ExactBaseline,0,0,0,0,1.20397,0,0.483726,0,0,0,0,1
E3-LS-p030,27.847,-1,-1,ExactBaseline,0,0,0,0,1.20397,0,0.212827,0,0,0,0,1
E3-LS-p030,27.8562,-1,-1,ExactBaseline,0,0,0,0,1.20397,0,0.257917,0,0,0,0,1
E3-LS-p030,27.8632,34,179,ExactBaseline,1,1,0.00361011,1.08091,1.20397,4,0.698385,0,0,0,0,0.999385
E3-LS-p030,27.8635,-1,-1,ExactBaseline,0,0,0,0,1.20397,0,0.467169,0,0,0,0,1
E3-LS-p030,27.87,-1,-1,ExactBaseline,0,0,0,0,1.20397,0,0.291119,0,0,0,0,1
E3-LS-p030,27.8791,-1,-1,ExactBaseline,0,0,0,0,1.20397,0,0.539914,0,0,0,0,0.996831
E3-LS-p030,27.8833,168,284,ExactBaseline,1,1,0.00239175,0.693147,1.20397,3,0.509016,0,0,0,0,0.997446
E3-LS-p030,27.9248,-1,-1,ExactBaseline,0,0,0,0,1.20397,0,0.485854,0,0,0,0,1
E3-LS-p030,27.928,-1,-1,ExactBaseline,0,0,0,0,1.20397,0,0.352366,0,0,0,0,1
E3-LS-p030,27.9403,-1,-1,ExactBaseline,0,0,0,0,1.20397,0,0.08378,0,0,0,0,1
E3-LS-p030,27.9719,41,248,ExactBaseline,1,1,0.00240969,0.387766,1.20397,3,0.723165,0,0,0,0,0.99275
E3-LS-p030,27.981,-1,-1,ExactBaseline,0,0,0,0,1.20397,0,0.126641,0,0,0,0,1
E3-LS-p030,27.9815,-1,-1,ExactBaseline,0,0,0,0,1.20397,0,0.257577,0,0,0,0,1
E3-LS-p030,27.9821,-1,-1,ExactBaseline,0,0,0,0,1.20397,0,0.111498,0,0,0,0,1
E3-LS-p030,27.9879,-1,-1,ExactBaseline,0,0,0,0,1.20397,0,0.494613,0,0,0,0,1
E3-LS-p030,28.0054,-1,-1,ExactBaseline,0,0,0,0,1.20397,0,0.339436,0,0,0,0,1
E3-LS-p030,28.0119,-1,-1,ExactBaseline,0,0,0,0,1.20397,0,0.117463,0,0,0,0,1
E3-LS-p030,28.0153,-1,-1,ExactBaseline,0,0,0,0,1.20397,0,0.808288,0,0,0,0,1
E3-LS-p030,28.0171,-1,-1,ExactBaseline,0,0,0,0,1.20397,0,0.132775,0,0,0,0,1
E3-LS-p030,28.0191,-1,-1,ExactBaseline,0,0,0,0,1.20397,0,0.093512,0,0,0,0,1
E3-LS-p030,28.0261,-1,-1,ExactBaseline,0,0,0,0,1.20397,0,0.287649,0,0,0,0,1
E3-LS-p030,28.0273,-1,-1,ExactBaseline,0,0,0,0,1.20397,0,0.332565,0,0,0,0,0.997446
E3-LS-p030,28.0348,-1,-1,ExactBaseline,0,0,0,0,1.20397,0,0.140356,0,0,0,0,1
E3-LS-p030,28.0396,-1,-1,ExactBaseline,0,0,0,0,1.20397,0,0.426638,0,0,0,0,1
E3-LS-p030,28.0461,-1,-1,ExactBaseline,0,0,0,0,1.20397,0,0.42453,0,0,0,0,1
E3-LS-p030,28.0519,-1,-1,ExactBaseline,0,0,0,0,1.20397,0,0.313387,0,0,0,0,1
E3-LS-p030,28.058,-1,-1,ExactBaseline,0,0,0,0,1.20397,0,0.257249,0,0,0,0,1
E3-LS-p030,28.0581,-1,-1,ExactBaseline,0,0,0,0,1.20397,0,0.206659,0,0,0,0,1
E3-LS-p030,28.0981,-1,-1,ExactBaseline,0,0,0,0,1.20397,0,0.12258,0,0,0,0,1
E3-LS-p030,28.0981,129,81,ExactBaseline,1,1,0.00239992,0.693147,1.20397,3,0.262822,0,0,0,0,0.997446
E3-LS-p030,28.1025,-1,-1,ExactBaseline,0,0,0,0,1.20397,0,0.34859,0,0,0,0,1
E3-LS-p030,28.1207,-1,-1,ExactBaseline,0,0,0,0,1.20397,0,0.083294,0,0,0,0,1
E3-LS-p030,28.1282,-1,-1,ExactBaseline,0,0,0,0,1.20397,0,0.062234,0,0,0,0,1
E3-LS-p030,28.1691,-1,-1,ExactBaseline,0,0,0,0,1.20397,0,0.14037,0,0,0,0,1
E3-LS-p030,28.1793,-1,-1,ExactBaseline,0,0,0,0,1.20397,0,0.093616,0,0,0,0,1
E3-LS-p030,28.1834,31,139,ExactBaseline,1,1,0.0019632,0.693147,1.20397,3,0.588378,0,0,0,0,0.997446
E3-LS-p030,28.1837,-1,-1,ExactBaseline,0,0,0,0,1.20397,0,0.19335,0,0,0,0,1
E3-LS-p030,28.2045,-1,-1,ExactBaseline,0,0,0,0,1.20397,0,0.327868,0,0,0,0,1
E3-LS-p030,28.2083,-1,-1,ExactBaseline,0,0,0,0,1.20397,0,0.379952,0,0,0,0,1
E3-LS-p030,28.2109,-1,-1,ExactBaseline,0,0,0,0,1.20397,0,0.439595,0,0,0,0,1
E3-LS-p030,28.2147,219,349,ExactBaseline,1,1,0.00238389,0.693147,1.20397,3,0.267164,0,0,0,0,0.997446
E3-LS-p030,28.2149,-1,-1,ExactBaseline,0,0,0,0,1.20397,0,0.499087,0,0,0,0,1
E3-LS-p030,28.2357,-1,-1,ExactBaseline,0,0,0,0,1.20397,0,0.019444,0,0,0,0,1
E3-LS-p030,28.2418,-1,-1,ExactBaseline,0,0,0,0,1.20397,0,0.309789,0,0,0,0,1
E3-LS-p030,28.2501,-1,-1,ExactBaseline,0,0,0,0,1.20397,0,0.084709,0,0,0,0,1
E3-LS-p030,28.2538,-1,-1,ExactBaseline,0,0,0,0,1.20397,0,0.284393,0,0,0,0,1
E3-LS-p030,28.2636,84,294,ExactBaseline,1,1,0.00196729,0.693147,1.20397,3,0.623034,0,0,0,0,0.997446
E3-LS-p030,28.302,-1,-1,ExactBaseline,0,0,0,0,1.20397,0,0.64083,0,0,0,0,1
E3-LS-p030,28.3166,-1,-1,ExactBaseline,0,0,0,0,1.20397,0,0.460575,0,0,0,0,1
E3-LS-p030,28.3245,-1,-1,ExactBaseline,0,0,0,0,1.20397,0,0.880376,0,0,0,0,1
E3-LS-p030,28.3271,-1,-1,ExactBaseline,0,0,0,0,1.20397,0,0.274796,0,0,0,0,1
E3-LS-p030,28.3289,-1,-1,ExactBaseline,0,0,0,0,1.20397,0,0.279015,0,0,0,0,1
E3-LS-p030,28.3412,-1,-1,ExactBaseline,0,0,0,0,1.20397,0,0.474805,0,0,0,0,1
E3-LS-p030,28.3419,-1,-1,ExactBaseline,0,0,0,0,1.20397,0,0.822582,0,0,0,0,1
E3-LS-p030,28.3441,-1,-1,ExactBaseline,0,0,0,0,1.20397,0,0.023563,0,0,0,0,1
E3-LS-p030,28.3826,-1,-1,ExactBaseline,0,0,0,0,1.20397,0,0.28663,0,0,0,0,1
E3-LS-p030,28.3841,-1,-1,ExactBaseline,0,0,0,0,1.20397,0,0.165366,0,0,0,0,1
E3-LS-p030,28.3957,-1,-1,ExactBaseline,0,0,0,0,1.20397,0,0.476803,0,0,0,0,1
E3-LS-p030,28.4308,-1,-1,ExactBaseline,0,0,0,0,1.20397,0,0.114331,0,0,0,0,1
E3-LS-p030,28.4504,-1,-1,ExactBaseline,0,0,0,0,1.20397,0,0.686907,0,0,0,0,1
E3-LS-p030,28.4532,-1,-1,ExactBaseline,0,0,0,0,1.20397,0,0.690285,0,0,0,0,1
E3-LS-p030,28.4663,-1,-1,ExactBaseline,0,0,0,0,1.20397,0,0.031556,0,0,0,0,1
E3-LS-p030,28.4682,-1,-1,ExactBaseline,0,0,0,0,1.20397,0,0.268846,0,0,0,0,1
E3-LS-p030,28.4806,-1,-1,ExactBaseline,0,0,0,0,1.20397,0,0.027301,0,0,0,0,1
E3-LS-p030,28.4809,-1,-1,ExactBaseline,0,0,0,0,1.20397,0,1.16917,0,0,0,0,0.996831
E3-LS-p030,28.4816,-1,-1,ExactBaseline,0,0,0,0,1.20397,0,0.054842,0,0,0,0,1
E3-LS-p030,28.501,-1,-1,ExactBaseline,0,0,0,0,1.20397,0,0.172383,0,0,0,0,1
E3-LS-p030,28.5044,-1,-1,ExactBaseline,0,0,0,0,1.20397,0,0.279149,0,0,0,0,1
E3-LS-p030,28.5125,-1,-1,ExactBaseline,0,0,0,0,1.20397,0,0.462151,0,0,0,0,1
E3-LS-p030,28.5148,-1,-1,ExactBaseline,0,0,0,0,1.20397,0,0.355411,0,0,0,0,1
E3-LS-p030,28.568,-1,-1,ExactBaseline,0,0,0,0,1.20397,0,0.082286,0,0,0,0,1
E3-LS-p030,28.5684,-1,-1,ExactBaseline,0,0,0,0,1.20397,0,0.533428,0,0,0,0,1
E3-LS-p030,28.5853,-1,-1,ExactBaseline,0,0,0,0,1.20397,0,0.534346,0,0,0,0,1
E3-LS-p030,28.5908,-1,-1,ExactBaseline,0,0,0,0,1.20397,0,0.023347,0,0,0,0,1
E3-LS-p030,28.6015,-1,-1,ExactBaseline,0,0,0,0,1.20397,0,0.2492,0,0,0,0,1
E3-LS-p030,28.602,-1,-1,ExactBaseline,0,0,0,0,1.20397,0,0.623866,0,0,0,0,1
E3-LS-p030,28.6026,-1,-1,ExactBaseline,0,0,0,0,1.20397,0,0.37836,0,0,0,0,0.997446
E3-LS-p030,28.6137,-1,-1,ExactBaseline,0,0,0,0,1.20397,0,0.516202,0,0,0,0,1
E3-LS-p030,28.6161,-1,-1,ExactBaseline,0,0,0,0,1.20397,0,0.183529,0,0,0,0,1
E3-LS-p030,28.6323,-1,-1,ExactBaseline,0,0,0,0,1.20397,0,0.183006,0,0,0,0,1
E3-LS-p030,28.6336,-1,-1,ExactBaseline,0,0,0,0,1.20397,0,0.034145,0,0,0,0,1
E3-LS-p030,28.6379,-1,-1,ExactBaseline,0,0,0,0,1.20397,0,0.48841,0,0,0,0,1
E3-LS-p030,28.6521,-1,-1,ExactBaseline,0,0,0,0,1.20397,0,0.282018,0,0,0,0,1
E3-LS-p030,28.6686,-1,-1,ExactBaseline,0,0,0,0,1.20397,0,0.296097,0,0,0,0,1
E3-LS-p030,28.6751,-1,-1,ExactBaseline,0,0,0,0,1.20397,0,0.450689,0,0,0,0,1
E3-LS-p030,28.6879,-1,-1,ExactBaseline,0,0,0,0,1.20397,0,0.046777,0,0,0,0,1
E3-LS-p030,28.6888,-1,-1,ExactBaseline,0,0,0,0,1.20397,0,0.530707,0,0,0,0,1
E3-LS-p030,28.7003,-1,-1,ExactBaseline,0,0,0,0,1.20397,0,0.24947,0,0,0,0,1
E3-LS-p030,28.7076,-1,-1,ExactBaseline,0,0,0,0,1.20397,0,0.095188,0,0,0,0,1
E3-LS-p030,28.71,-1,-1,ExactBaseline,0,0,0,0,1.20397,0,0.077212,0,0,0,0,1
E3-LS-p030,28.7118,-1,-1,ExactBaseline,0,0,0,0,1.20397,0,0.148909,0,0,0,0,1
E3-LS-p030,28.7297,-1,-1,ExactBaseline,0,0,0,0,1.20397,0,0.014639,0,0,0,0,1
E3-LS-p030,28.7337,-1,-1,ExactBaseline,0,0,0,0,1.20397,0,0.077503,0,0,0,0,1
E3-LS-p030,28.7364,-1,-1,ExactBaseline,0,0,0,0,1.20397,0,0.504011,0,0,0,0,1
E3-LS-p030,28.7478,-1,-1,ExactBaseline,0,0,0,0,1.20397,0,0.242173,0,0,0,0,1
E3-LS-p030,28.7548,-1,-1,ExactBaseline,0,0,0,0,1.20397,0,0.046292,0,0,0,0,1
E3-LS-p030,28.7643,-1,-1,ExactBaseline,0,0,0,0,1.20397,0,0.363463,0,0,0,0,1
E3-LS-p030,28.7716,-1,-1,ExactBaseline,0,0,0,0,1.20397,0,0.248652,0,0,0,0,1
E3-LS-p030,28.7786,-1,-1,ExactBaseline,0,0,0,0,1.20397,0,0.050786,0,0,0,0,1
E3-LS-p030,28.7823,88,294,ExactBaseline,1,1,0.00243988,0.693147,1.20397,3,0.203982,0,0,0,0,0.997446
E3-LS-p030,28.7889,-1,-1,ExactBaseline,0,0,0,0,1.20397,0,0.018756,0,0,0,0,1
E3-LS-p030,28.7959,-1,-1,ExactBaseline,0,0,0,0,1.20397,0,0.110631,0,0,0,0,0.997446
E3-LS-p030,28.8131,-1,-1,ExactBaseline,0,0,0,0,1.20397,0,0.097322,0,0,0,0,1
E3-LS-p030,28.8149,16,158,ExactBaseline,1,1,0.00362919,1.08091,1.20397,4,0.398809,0,0,0,0,0.999385
E3-LS-p030,28.8287,-1,-1,ExactBaseline,0,0,0,0,1.20397,0,0.583837,0,0,0,0,1
E3-LS-p030,28.8364,-1,-1,ExactBaseline,0,0,0,0,1.20397,0,0.053024,0,0,0,0,1
E3-LS-p030,28.8439,-1,-1,ExactBaseline,0,0,0,0,1.20397,0,0.032479,0,0,0,0,1
E3-LS-p030,28.8562,-1,-1,ExactBaseline,0,0,0,0,1.20397,0,0.132742,0,0,0,0,1
E3-LS-p030,28.8572,-1,-1,ExactBaseline,0,0,0,0,1.20397,0,0.556537,0,0,0,0,1
E3-LS-p030,28.8776,-1,-1,ExactBaseline,0,0,0,0,1.20397,0,0.143073,0,0,0,0,1
E3-LS-p030,28.8881,-1,-1,ExactBaseline,0,0,0,0,1.20397,0,0.232321,0,0,0,0,1
E3-LS-p030,28.8959,-1,-1,ExactBaseline,0,0,0,0,1.20397,0,0.548679,0,0,0,0,1
E3-LS-p030,28.9097,-1,-1,ExactBaseline,0,0,0,0,1.20397,0,0.602946,0,0,0,0,1
E3-LS-p030,28.9219,-1,-1,ExactBaseline,0,0,0,0,1.20397,0,0.353865,0,0,0,0,1
E3-LS-p030,28.9569,-1,-1,ExactBaseline,0,0,0,0,1.20397,0,0.501488,0,0,0,0,0.997446
E3-LS-p030,28.9654,-1,-1,ExactBaseline,0,0,0,0,1.20397,0,0.808767,0,0,0,0,0.999385
E3-LS-p030,28.9679,-1,-1,ExactBaseline,0,0,0,0,1.20397,0,0.376881,0,0,0,0,0.997446
E3-LS-p030,28.978,-1,-1,ExactBaseline,0,0,0,0,1.20397,0,0.336743,0,0,0,0,1
E3-LS-p030,28.9785,-1,-1,ExactBaseline,0,0,0,0,1.20397,0,0.100293,0,0,0,0,1
E3-LS-p030,28.98,-1,-1,ExactBaseline,0,0,0,0,1.20397,0,0.598154,0,0,0,0,1
E3-LS-p030,28.986,-1,-1,ExactBaseline,0,0,0,0,1.20397,0,0.525563,0,0,0,0,1
E3-LS-p030,29.0064,-1,-1,ExactBaseline,0,0,0,0,1.20397,0,0.317297,0,0,0,0,1
E3-LS-p030,29.0125,-1,-1,ExactBaseline,0,0,0,0,1.20397,0,0.313861,0,0,0,0,1
E3-LS-p030,29.0259,-1,-1,ExactBaseline,0,0,0,0,1.20397,0,0.317479,0,0,0,0,1
E3-LS-p030,29.0289,-1,-1,ExactBaseline,0,0,0,0,1.20397,0,0.207571,0,0,0,0,1
E3-LS-p030,29.0345,-1,-1,ExactBaseline,0,0,0,0,1.20397,0,0.105213,0,0,0,0,1
E3-LS-p030,29.0358,116,248,ExactBaseline,1,1,0.00197645,0.693147,1.20397,3,0.301919,0,0,0,0,0.997446
E3-LS-p030,29.045,-1,-1,ExactBaseline,0,0,0,0,1.20397,0,0.276231,0,0,0,0,1
E3-LS-p030,29.0512,180,81,ExactBaseline,1,1,0.00238669,0.693147,1.20397,3,0.059942,0,0,0,0,0.997446
E3-LS-p030,29.0587,-1,-1,ExactBaseline,0,0,0,0,1.20397,0,0.901536,0,0,0,0,0.999385
E3-LS-p030,29.06,-1,-1,ExactBaseline,0,0,0,0,1.20397,0,0.247184,0,0,0,0,1
E3-LS-p030,29.0602,-1,-1,ExactBaseline,0,0,0,0,1.20397,0,0.770496,0,0,0,0,1
E3-LS-p030,29.0895,-1,-1,ExactBaseline,0,0,0,0,1.20397,0,0.059276,0,0,0,0,1
E3-LS-p030,29.092,-1,-1,ExactBaseline,0,0,0,0,1.20397,0,0.561722,0,0,0,0,1
E3-LS-p030,29.0993,-1,-1,ExactBaseline,0,0,0,0,1.20397,0,0.300826,0,0,0,0,0.999385
E3-LS-p030,29.1089,-1,-1,ExactBaseline,0,0,0,0,1.20397,0,0.023005,0,0,0,0,1
E3-LS-p030,29.1136,-1,-1,ExactBaseline,0,0,0,0,1.20397,0,0.829272,0,0,0,0,1
E3-LS-p030,29.1179,-1,-1,ExactBaseline,0,0,0,0,1.20397,0,0.289819,0,0,0,0,1
E3-LS-p030,29.1314,-1,-1,ExactBaseline,0,0,0,0,1.20397,0,0.554972,0,0,0,0,1
E3-LS-p030,29.1394,12,218,ExactBaseline,1,1,0.0019394,0.693147,1.20397,3,0.540378,0,0,0,0,0.984675
E3-LS-p030,29.1454,-1,-1,ExactBaseline,0,0,0,0,1.20397,0,0.205094,0,0,0,0,1
E3-LS-p030,29.1508,-1,-1,ExactBaseline,0,0,0,0,1.20397,0,0.066122,0,0,0,0,1
E3-LS-p030,29.16,-1,-1,ExactBaseline,0,0,0,0,1.20397,0,0.105794,0,0,0,0,1
E3-LS-p030,29.1626,-1,-1,ExactBaseline,0,0,0,0,1.20397,0,0.681357,0,0,0,0,1
E3-LS-p030,29.1995,-1,-1,ExactBaseline,0,0,0,0,1.20397,0,0.648704,0,0,0,0,0.997446
E3-LS-p030,29.2047,-1,-1,ExactBaseline,0,0,0,0,1.20397,0,0.477842,0,0,0,0,1
E3-LS-p030,29.2053,-1,-1,ExactBaseline,0,0,0,0,1.20397,0,0.653252,0,0,0,0,1
E3-LS-p030,29.2056,-1,-1,ExactBaseline,0,0,0,0,1.20397,0,0.089508,0,0,0,0,1
E3-LS-p030,29.2063,-1,-1,ExactBaseline,0,0,0,0,1.20397,0,0.385871,0,0,0,0,1
E3-LS-p030,29.2106,-1,-1,ExactBaseline,0,0,0,0,1.20397,0,0.586074,0,0,0,0,1
E3-LS-p030,29.2211,-1,-1,ExactBaseline,0,0,0,0,1.20397,0,0.376371,0,0,0,0,1
E3-LS-p030,29.2216,-1,-1,ExactBaseline,0,0,0,0,1.20397,0,0.573488,0,0,0,0,1
E3-LS-p030,29.2218,-1,-1,ExactBaseline,0,0,0,0,1.20397,0,0.642035,0,0,0,0,1
E3-LS-p030,29.225,-1,-1,ExactBaseline,0,0,0,0,1.20397,0,0.334762,0,0,0,0,1
E3-LS-p030,29.2259,-1,-1,ExactBaseline,0,0,0,0,1.20397,0,0.048189,0,0,0,0,1
E3-LS-p030,29.2315,-1,-1,ExactBaseline,0,0,0,0,1.20397,0,0.352874,0,0,0,0,1
E3-LS-p030,29.237,-1,-1,ExactBaseline,0,0,0,0,1.20397,0,0.227447,0,0,0,0,1
E3-LS-p030,29.242,-1,-1,ExactBaseline,0,0,0,0,1.20397,0,0.746628,0,0,0,0,1
E3-LS-p030,29.2423,-1,-1,ExactBaseline,0,0,0,0,1.20397,0,0.494077,0,0,0,0,1
E3-LS-p030,29.2432,-1,-1,ExactBaseline,0,0,0,0,1.20397,0,0.567012,0,0,0,0,1
E3-LS-p030,29.247,-1,-1,ExactBaseline,0,0,0,0,1.20397,0,0.015665,0,0,0,0,1
E3-LS-p030,29.2636,-1,-1,ExactBaseline,0,0,0,0,1.20397,0,0.273302,0,0,0,0,1
E3-LS-p030,29.2692,-1,-1,ExactBaseline,0,0,0,0,1.20397,0,0.120056,0,0,0,0,0.997446
E3-LS-p030,29.2786,-1,-1,ExactBaseline,0,0,0,0,1.20397,0,0.04917,0,0,0,0,1
E3-LS-p030,29.2872,59,139,ExactBaseline,1,1,0.00238689,0.693147,1.20397,3,0.25998,0,0,0,0,0.997446
E3-LS-p030,29.3116,-1,-1,ExactBaseline,0,0,0,0,1.20397,0,0.028178,0,0,0,0,1
E3-LS-p030,29.317,-1,-1,ExactBaseline,0,0,0,0,1.20397,0,0.050317,0,0,0,0,1
E3-LS-p030,29.3184,-1,-1,ExactBaseline,0,0,0,0,1.20397,0,0.043667,0,0,0,0,1
E3-LS-p030,29.3234,-1,-1,ExactBaseline,0,0,0,0,1.20397,0,0.099859,0,0,0,0,0.997446
E3-LS-p030,29.3471,-1,-1,ExactBaseline,0,0,0,0,1.20397,0,0.079529,0,0,0,0,1
E3-LS-p030,29.3654,-1,-1,ExactBaseline,0,0,0,0,1.20397,0,0.450962,0,0,0,0,0.995919
E3-LS-p030,29.3752,-1,-1,ExactBaseline,0,0,0,0,1.20397,0,0.056089,0,0,0,0,1
E3-LS-p030,29.3795,-1,-1,ExactBaseline,0,0,0,0,1.20397,0,0.362198,0,0,0,0,1
E3-LS-p030,29.3911,-1,-1,ExactBaseline,0,0,0,0,1.20397,0,0.766748,0,0,0,0,1
E3-LS-p030,29.4006,-1,-1,ExactBaseline,0,0,0,0,1.20397,0,0.47063,0,0,0,0,1
E3-LS-p030,29.4012,-1,-1,ExactBaseline,0,0,0,0,1.20397,0,0.653988,0,0,0,0,1
E3-LS-p030,29.416,-1,-1,ExactBaseline,0,0,0,0,1.20397,0,0.706967,0,0,0,0,1
E3-LS-p030,29.4246,-1,-1,ExactBaseline,0,0,0,0,1.20397,0,0.375147,0,0,0,0,1
E3-LS-p030,29.4255,-1,-1,ExactBaseline,0,0,0,0,1.20397,0,0.359893,0,0,0,0,0.997446
E3-LS-p030,29.4553,-1,-1,ExactBaseline,0,0,0,0,1.20397,0,0.559315,0,0,0,0,1
E3-LS-p030,29.4573,-1,-1,ExactBaseline,0,0,0,0,1.20397,0,0.442537,0,0,0,0,0.997446
E3-LS-p030,29.4602,-1,-1,ExactBaseline,0,0,0,0,1.20397,0,0.056234,0,0,0,0,0.997446
E3-LS-p030,29.4684,-1,-1,ExactBaseline,0,0,0,0,1.20397,0,0.516376,0,0,0,0,1
E3-LS-p030,29.4817,-1,-1,ExactBaseline,0,0,0,0,1.20397,0,0.615371,0,0,0,0,0.997446
E3-LS-p030,29.4905,-1,-1,ExactBaseline,0,0,0,0,1.20397,0,0.601616,0,0,0,0,1
E3-LS-p030,29.499,-1,-1,ExactBaseline,0,0,0,0,1.20397,0,0.302421,0,0,0,0,1
E3-LS-p030,29.5034,-1,-1,ExactBaseline,0,0,0,0,1.20397,0,0.089081,0,0,0,0,1
E3-LS-p030,29.5143,-1,-1,ExactBaseline,0,0,0,0,1.20397,0,0.568161,0,0,0,0,1
E3-LS-p030,29.5147,-1,-1,ExactBaseline,0,0,0,0,1.20397,0,0.198034,0,0,0,0,0.997446
E3-LS-p030,29.5196,-1,-1,ExactBaseline,0,0,0,0,1.20397,0,0.29308,0,0,0,0,1
E3-LS-p030,29.5226,-1,-1,ExactBaseline,0,0,0,0,1.20397,0,0.436141,0,0,0,0,0.997446
E3-LS-p030,29.5304,-1,-1,ExactBaseline,0,0,0,0,1.20397,0,0.657885,0,0,0,0,1
E3-LS-p030,29.5349,-1,-1,ExactBaseline,0,0,0,0,1.20397,0,0.526036,0,0,0,0,1
E3-LS-p030,29.5365,-1,-1,ExactBaseline,0,0,0,0,1.20397,0,0.309689,0,0,0,0,1
E3-LS-p030,29.546,-1,-1,ExactBaseline,0,0,0,0,1.20397,0,0.318932,0,0,0,0,1
E3-LS-p030,29.547,-1,-1,ExactBaseline,0,0,0,0,1.20397,0,0.349976,0,0,0,0,0.997446
E3-LS-p030,29.5606,-1,-1,ExactBaseline,0,0,0,0,1.20397,0,0.603072,0,0,0,0,1
E3-LS-p030,29.5775,-1,-1,ExactBaseline,0,0,0,0,1.20397,0,0.419724,0,0,0,0,1
E3-LS-p030,29.5875,-1,-1,ExactBaseline,0,0,0,0,1.20397,0,0.065891,0,0,0,0,1
E3-LS-p030,29.5961,193,288,ExactBaseline,1,1,0.00194026,0.693147,1.20397,3,0.686947,0,0,0,0,0.997446
E3-LS-p030,29.6262,-1,-1,ExactBaseline,0,0,0,0,1.20397,0,0.022564,0,0,0,0,1
E3-LS-p030,29.6418,-1,-1,ExactBaseline,0,0,0,0,1.20397,0,0.382483,0,0,0,0,1
E3-LS-p030,29.6516,-1,-1,ExactBaseline,0,0,0,0,1.20397,0,0.422864,0,0,0,0,1
E3-LS-p030,29.6757,-1,-1,ExactBaseline,0,0,0,0,1.20397,0,0.741999,0,0,0,0,1
E3-LS-p030,29.6803,-1,-1,ExactBaseline,0,0,0,0,1.20397,0,0.06169,0,0,0,0,1
E3-LS-p030,29.6821,-1,-1,ExactBaseline,0,0,0,0,1.20397,0,0.345188,0,0,0,0,1
E3-LS-p030,29.6846,-1,-1,ExactBaseline,0,0,0,0,1.20397,0,0.132791,0,0,0,0,0.997446
E3-LS-p030,29.6869,35,294,ExactBaseline,1,1,0.00242369,0.693147,1.20397,3,0.173588,0,0,0,0,0.997446
E3-LS-p030,29.6944,-1,-1,ExactBaseline,0,0,0,0,1.20397,0,0.309938,0,0,0,0,1
E3-LS-p030,29.6949,-1,-1,ExactBaseline,0,0,0,0,1.20397,0,0.306339,0,0,0,0,1
E3-LS-p030,29.6981,-1,-1,ExactBaseline,0,0,0,0,1.20397,0,0.042863,0,0,0,0,1
E3-LS-p030,29.7018,-1,-1,ExactBaseline,0,0,0,0,1.20397,0,0.025892,0,0,0,0,1
E3-LS-p030,29.7179,-1,-1,ExactBaseline,0,0,0,0,1.20397,0,0.227306,0,0,0,0,1
E3-LS-p030,29.725,136,168,ExactBaseline,1,1,0.0023934,0.693147,1.20397,3,0.314738,0,0,0,0,0.994892
E3-LS-p030,29.7331,-1,-1,ExactBaseline,0,0,0,0,1.20397,0,0.469976,0,0,0,0,1
E3-LS-p030,29.7398,-1,-1,ExactBaseline,0,0,0,0,1.20397,0,0.922243,0,0,0,0,1
E3-LS-p030,29.7501,-1,-1,ExactBaseline,0,0,0,0,1.20397,0,0.395219,0,0,0,0,1
E3-LS-p030,29.7683,-1,-1,ExactBaseline,0,0,0,0,1.20397,0,0.636269,0,0,0,0,1
E3-LS-p030,29.7693,-1,-1,ExactBaseline,0,0,0,0,1.20397,0,0.691717,0,0,0,0,1
E3-LS-p030,29.7745,-1,-1,ExactBaseline,0,0,0,0,1.20397,0,0.619131,0,0,0,0,1
E3-LS-p030,29.7892,-1,-1,ExactBaseline,0,0,0,0,1.20397,0,0.158681,0,0,0,0,1
E3-LS-p030,29.7909,-1,-1,ExactBaseline,0,0,0,0,1.20397,0,0.141866,0,0,0,0,0.997446
E3-LS-p030,29.8206,-1,-1,ExactBaseline,0,0,0,0,1.20397,0,0.05314,0,0,0,0,1
E3-LS-p030,29.8236,-1,-1,ExactBaseline,0,0,0,0,1.20397,0,0.653734,0,0,0,0,0.993365
E3-LS-p030,29.8346,-1,-1,ExactBaseline,0,0,0,0,1.20397,0,0.032814,0,0,0,0,1
E3-LS-p030,29.8383,-1,-1,ExactBaseline,0,0,0,0,1.20397,0,0.238138,0,0,0,0,1
E3-LS-p030,29.8393,-1,-1,ExactBaseline,0,0,0,0,1.20397,0,0.656181,0,0,0,0,1
E3-LS-p030,29.847,-1,-1,ExactBaseline,0,0,0,0,1.20397,0,0.310091,0,0,0,0,1
E3-LS-p030,29.8562,-1,-1,ExactBaseline,0,0,0,0,1.20397,0,0.309562,0,0,0,0,1
E3-LS-p030,29.8632,-1,-1,ExactBaseline,0,0,0,0,1.20397,0,0.799611,0,0,0,0,0.999385
E3-LS-p030,29.8635,-1,-1,ExactBaseline,0,0,0,0,1.20397,0,0.599536,0,0,0,0,1
E3-LS-p030,29.87,-1,-1,ExactBaseline,0,0,0,0,1.20397,0,0.377402,0,0,0,0,1
E3-LS-p030,29.8791,58,126,ExactBaseline,1,1,0.00241133,0.693147,1.20397,3,0.616229,0,0,0,0,0.994276
E3-LS-p030,29.8833,-1,-1,ExactBaseline,0,0,0,0,1.20397,0,0.630268,0,0,0,0,0.997446
E3-LS-p030,29.8973,-1,-1,ExactBaseline,0,0,0,0,1.20397,0,0.07146,0,0,0,0,1
E3-LS-p030,29.9248,-1,-1,ExactBaseline,0,0,0,0,1.20397,0,0.754523,0,0,0,0,1
E3-LS-p030,29.928,-1,-1,ExactBaseline,0,0,0,0,1.20397,0,0.504351,0,0,0,0,1
E3-LS-p030,29.9403,-1,-1,ExactBaseline,0,0,0,0,1.20397,0,0.107834,0,0,0,0,1
E3-LS-p030,29.9719,41,295,ExactBaseline,1,1,0.00363955,1.08091,1.20397,4,0.829146,0,0,0,0,0.992134
E3-LS-p030,29.981,-1,-1,ExactBaseline,0,0,0,0,1.20397,0,0.194024,0,0,0,0,1
E3-LS-p030,29.9815,-1,-1,ExactBaseline,0,0,0,0,1.20397,0,0.302789,0,0,0,0,1
E3-LS-p030,29.9821,-1,-1,ExactBaseline,0,0,0,0,1.20397,0,0.097942,0,0,0,0,1
E3-LS-p030,29.9879,-1,-1,ExactBaseline,0,0,0,0,1.20397,0,0.592924,0,0,0,0,1
E3-LS-p030,30.002,-1,-1,ExactBaseline,0,0,0,0,1.20397,0,0.579217,0,0,0,0,1
E3-LS-p030,30.0054,-1,-1,ExactBaseline,0,0,0,0,1.20397,0,0.372156,0,0,0,0,1
E3-LS-p030,30.0119,-1,-1,ExactBaseline,0,0,0,0,1.20397,0,0.133727,0,0,0,0,1
E3-LS-p030,30.0153,-1,-1,ExactBaseline,0,0,0,0,1.20397,0,0.826032,0,0,0,0,1
E3-LS-p030,30.0171,-1,-1,ExactBaseline,0,0,0,0,1.20397,0,0.138479,0,0,0,0,1
E3-LS-p030,30.0191,-1,-1,ExactBaseline,0,0,0,0,1.20397,0,0.074636,0,0,0,0,1
E3-LS-p030,30.0261,-1,-1,ExactBaseline,0,0,0,0,1.20397,0,0.29761,0,0,0,0,1
E3-LS-p030,30.0273,-1,-1,ExactBaseline,0,0,0,0,1.20397,0,0.649945,0,0,0,0,0.997446
E3-LS-p030,30.0348,-1,-1,ExactBaseline,0,0,0,0,1.20397,0,0.133408,0,0,0,0,1
E3-LS-p030,30.0396,-1,-1,ExactBaseline,0,0,0,0,1.20397,0,0.437476,0,0,0,0,1
E3-LS-p030,30.0461,-1,-1,ExactBaseline,0,0,0,0,1.20397,0,0.295189,0,0,0,0,1
E3-LS-p030,30.0519,-1,-1,ExactBaseline,0,0,0,0,1.20397,0,0.366376,0,0,0,0,1
E3-LS-p030,30.058,-1,-1,ExactBaseline,0,0,0,0,1.20397,0,0.305312,0,0,0,0,1
E3-LS-p030,30.0581,-1,-1,ExactBaseline,0,0,0,0,1.20397,0,0.254898,0,0,0,0,1
E3-LS-p030,30.0981,-1,-1,ExactBaseline,0,0,0,0,1.20397,0,0.146491,0,0,0,0,1
E3-LS-p030,30.0981,-1,-1,ExactBaseline,0,0,0,0,1.20397,0,0.247402,0,0,0,0,0.997446
E3-LS-p030,30.1025,-1,-1,ExactBaseline,0,0,0,0,1.20397,0,0.318178,0,0,0,0,1
E3-LS-p030,30.1207,-1,-1,ExactBaseline,0,0,0,0,1.20397,0,0.084013,0,0,0,0,1
E3-LS-p030,30.1282,-1,-1,ExactBaseline,0,0,0,0,1.20397,0,0.011206,0,0,0,0,1
E3-LS-p030,30.1691,-1,-1,ExactBaseline,0,0,0,0,1.20397,0,0.063508,0,0,0,0,1
E3-LS-p030,30.1793,-1,-1,ExactBaseline,0,0,0,0,1.20397,0,0.101487,0,0,0,0,1
E3-LS-p030,30.1834,-1,-1,ExactBaseline,0,0,0,0,1.20397,0,1.04636,0,0,0,0,0.997446
E3-LS-p030,30.1837,-1,-1,ExactBaseline,0,0,0,0,1.20397,0,0.215423,0,0,0,0,1
E3-LS-p030,30.2045,-1,-1,ExactBaseline,0,0,0,0,1.20397,0,0.242175,0,0,0,0,1
E3-LS-p030,30.2083,-1,-1,ExactBaseline,0,0,0,0,1.20397,0,0.489199,0,0,0,0,1
E3-LS-p030,30.2109,33,376,ExactBaseline,1,1,0.00194493,0.693147,1.20397,3,0.29927,0,0,0,0,0.997446
E3-LS-p030,30.2147,-1,-1,ExactBaseline,0,0,0,0,1.20397,0,0.267783,0,0,0,0,0.997446
E3-LS-p030,30.2149,-1,-1,ExactBaseline,0,0,0,0,1.20397,0,0.666367,0,0,0,0,1
E3-LS-p030,30.2357,-1,-1,ExactBaseline,0,0,0,0,1.20397,0,0.065978,0,0,0,0,1
E3-LS-p030,30.2389,-1,-1,ExactBaseline,0,0,0,0,1.20397,0,0.056937,0,0,0,0,1
E3-LS-p030,30.2418,-1,-1,ExactBaseline,0,0,0,0,1.20397,0,0.294564,0,0,0,0,1
E3-LS-p030,30.2501,-1,-1,ExactBaseline,0,0,0,0,1.20397,0,0.099012,0,0,0,0,1
E3-LS-p030,30.2538,-1,-1,ExactBaseline,0,0,0,0,1.20397,0,0.337531,0,0,0,0,1
E3-LS-p030,30.2636,-1,-1,ExactBaseline,0,0,0,0,1.20397,0,0.534995,0,0,0,0,0.997446
E3-LS-p030,30.2779,-1,-1,ExactBaseline,0,0,0,0,1.20397,0,0.514121,0,0,0,0,1
E3-LS-p030,30.302,-1,-1,ExactBaseline,0,0,0,0,1.20397,0,0.667669,0,0,0,0,1
E3-LS-p030,30.3166,-1,-1,ExactBaseline,0,0,0,0,1.20397,0,0.385917,0,0,0,0,1
E3-LS-p030,30.3245,-1,-1,ExactBaseline,0,0,0,0,1.20397,0,0.865808,0,0,0,0,1
E3-LS-p030,30.3271,-1,-1,ExactBaseline,0,0,0,0,1.20397,0,0.306147,0,0,0,0,1
E3-LS-p030,30.3289,-1,-1,ExactBaseline,0,0,0,0,1.20397,0,0.282424,0,0,0,0,1
E3-LS-p030,30.3318,224,157,ExactBaseline,1,1,0.00239235,0.693147,1.20397,3,0.075993,0,0,0,0,0.997446
E3-LS-p030,30.3412,-1,-1,ExactBaseline,0,0,0,0,1.20397,0,0.549309,0,0,0,0,1
E3-LS-p030,30.3419,-1,-1,ExactBaseline,0,0,0,0,1.20397,0,1.0815,0,0,0,0,1
E3-LS-p030,30.3441,-1,-1,ExactBaseline,0,0,0,0,1.20397,0,0.088868,0,0,0,0,1
E3-LS-p030,30.373,-1,-1,ExactBaseline,0,0,0,0,1.20397,0,0.475277,0,0,0,0,1
E3-LS-p030,30.3826,-1,-1,ExactBaseline,0,0,0,0,1.20397,0,0.236483,0,0,0,0,1
E3-LS-p030,30.3841,-1,-1,ExactBaseline,0,0,0,0,1.20397,0,0.255857,0,0,0,0,1
E3-LS-p030,30.3957,-1,-1,ExactBaseline,0,0,0,0,1.20397,0,0.458437,0,0,0,0,1
E3-LS-p030,30.4308,-1,-1,ExactBaseline,0,0,0,0,1.20397,0,0.084364,0,0,0,0,1
E3-LS-p030,30.4504,-1,-1,ExactBaseline,0,0,0,0,1.20397,0,0.631783,0,0,0,0,1
E3-LS-p030,30.4532,-1,-1,ExactBaseline,0,0,0,0,1.20397,0,0.748401,0,0,0,0,1
E3-LS-p030,30.4663,-1,-1,ExactBaseline,0,0,0,0,1.20397,0,0.083995,0,0,0,0,1
E3-LS-p030,30.4682,-1,-1,ExactBaseline,0,0,0,0,1.20397,0,0.281006,0,0,0,0,1
E3-LS-p030,30.4806,-1,-1,ExactBaseline,0,0,0,0,1.20397,0,0.085507,0,0,0,0,1
E3-LS-p030,30.4809,-1,-1,ExactBaseline,0,0,0,0,1.20397,0,0.785985,0,0,0,0,0.996831
E3-LS-p030,30.4816,-1,-1,ExactBaseline,0,0,0,0,1.20397,0,0.06069,0,0,0,0,1
E3-LS-p030,30.501,171,242,ExactBaseline,1,1,0.00239377,0.693147,1.20397,3,0.206566,0,0,0,0,0.997446
E3-LS-p030,30.5044,-1,-1,ExactBaseline,0,0,0,0,1.20397,0,0.239558,0,0,0,0,1
E3-LS-p030,30.5125,-1,-1,ExactBaseline,0,0,0,0,1.20397,0,0.324485,0,0,0,0,1
E3-LS-p030,30.5148,-1,-1,ExactBaseline,0,0,0,0,1.20397,0,0.320356,0,0,0,0,1
E3-LS-p030,30.5245,-1,-1,ExactBaseline,0,0,0,0,1.20397,0,0.390893,0,0,0,0,1
E3-LS-p030,30.5295,-1,-1,ExactBaseline,0,0,0,0,1.20397,0,0.32668,0,0,0,0,1
E3-LS-p030,30.541,-1,-1,ExactBaseline,0,0,0,0,1.20397,0,0.079044,0,0,0,0,1
E3-LS-p030,30.568,-1,-1,ExactBaseline,0,0,0,0,1.20397,0,0.030197,0,0,0,0,1
E3-LS-p030,30.5684,119,222,ExactBaseline,1,1,0.00241861,0.693147,1.20397,3,0.622263,0,0,0,0,0.997446
E3-LS-p030,30.5853,-1,-1,ExactBaseline,0,0,0,0,1.20397,0,0.63219,0,0,0,0,1
E3-LS-p030,30.5908,-1,-1,ExactBaseline,0,0,0,0,1.20397,0,0.077875,0,0,0,0,1
E3-LS-p030,30.6015,-1,-1,ExactBaseline,0,0,0,0,1.20397,0,0.289647,0,0,0,0,1
E3-LS-p030,30.602,-1,-1,ExactBaseline,0,0,0,0,1.20397,0,0.631461,0,0,0,0,1
E3-LS-p030,30.6026,-1,-1,ExactBaseline,0,0,0,0,1.20397,0,0.382156,0,0,0,0,0.997446
E3-LS-p030,30.6137,-1,-1,ExactBaseline,0,0,0,0,1.20397,0,0.527501,0,0,0,0,1
E3-LS-p030,30.6161,-1,-1,ExactBaseline,0,0,0,0,1.20397,0,0.14645,0,0,0,0,1
E3-LS-p030,30.6323,-1,-1,ExactBaseline,0,0,0,0,1.20397,0,0.219666,0,0,0,0,1
E3-LS-p030,30.6336,-1,-1,ExactBaseline,0,0,0,0,1.20397,0,0.107272,0,0,0,0,1
E3-LS-p030,30.6379,-1,-1,ExactBaseline,0,0,0,0,1.20397,0,0.538961,0,0,0,0,1
E3-LS-p030,30.6521,90,244,ExactBaseline,1,1,0.00243481,0.693147,1.20397,3,0.237933,0,0,0,0,0.997446
E3-LS-p030,30.6686,-1,-1,ExactBaseline,0,0,0,0,1.20397,0,0.349566,0,0,0,0,1
E3-LS-p030,30.6751,-1,-1,ExactBaseline,0,0,0,0,1.20397,0,0.47689,0,0,0,0,1
E3-LS-p030,30.6773,248,257,ExactBaseline,1,1,0.00243404,0.693147,1.20397,3,0.362092,0,0,0,0,0.997446
E3-LS-p030,30.6879,-1,-1,ExactBaseline,0,0,0,0,1.20397,0,0.084814,0,0,0,0,1
E3-LS-p030,30.6888,-1,-1,ExactBaseline,0,0,0,0,1.20397,0,0.643467,0,0,0,0,1
E3-LS-p030,30.7003,-1,-1,ExactBaseline,0,0,0,0,1.20397,0,0.278076,0,0,0,0,1
E3-LS-p030,30.7076,15,330,ExactBaseline,1,1,0.00242928,0.693147,1.20397,3,0.075836,0,0,0,0,0.997446
E3-LS-p030,30.71,-1,-1,ExactBaseline,0,0,0,0,1.20397,0,0.126941,0,0,0,0,1
E3-LS-p030,30.7118,-1,-1,ExactBaseline,0,0,0,0,1.20397,0,0.157462,0,0,0,0,1
E3-LS-p030,30.7291,-1,-1,ExactBaseline,0,0,0,0,1.20397,0,0.615641,0,0,0,0,1
E3-LS-p030,30.7297,-1,-1,ExactBaseline,0,0,0,0,1.20397,0,0.020849,0,0,0,0,1
E3-LS-p030,30.7337,-1,-1,ExactBaseline,0,0,0,0,1.20397,0,0.101657,0,0,0,0,1
E3-LS-p030,30.7364,-1,-1,ExactBaseline,0,0,0,0,1.20397,0,0.536405,0,0,0,0,1
E3-LS-p030,30.7478,-1,-1,ExactBaseline,0,0,0,0,1.20397,0,0.402009,0,0,0,0,1
E3-LS-p030,30.7548,-1,-1,ExactBaseline,0,0,0,0,1.20397,0,0.033852,0,0,0,0,1
E3-LS-p030,30.756,-1,-1,ExactBaseline,0,0,0,0,1.20397,0,0.428071,0,0,0,0,1
E3-LS-p030,30.7643,-1,-1,ExactBaseline,0,0,0,0,1.20397,0,0.467466,0,0,0,0,1
E3-LS-p030,30.7716,-1,-1,ExactBaseline,0,0,0,0,1.20397,0,0.345272,0,0,0,0,1
E3-LS-p030,30.7786,-1,-1,ExactBaseline,0,0,0,0,1.20397,0,0.047811,0,0,0,0,1
E3-LS-p030,30.7823,-1,-1,ExactBaseline,0,0,0,0,1.20397,0,0.235616,0,0,0,0,0.997446
E3-LS-p030,30.7889,-1,-1,ExactBaseline,0,0,0,0,1.20397,0,0.017018,0,0,0,0,1
E3-LS-p030,30.7959,-1,-1,ExactBaseline,0,0,0,0,1.20397,0,0.149984,0,0,0,0,0.997446
E3-LS-p030,30.8089,232,251,ExactBaseline,1,1,0.00240715,0.875469,1.20397,3,0.301321,0,0,0,0,0.998357
E3-LS-p030,30.8131,-1,-1,ExactBaseline,0,0,0,0,1.20397,0,0.141308,0,0,0,0,1
E3-LS-p030,30.8149,-1,-1,ExactBaseline,0,0,0,0,1.20397,0,0.543455,0,0,0,0,0.999385
E3-LS-p030,30.8287,-1,-1,ExactBaseline,0,0,0,0,1.20397,0,0.477407,0,0,0,0,1
E3-LS-p030,30.8364,-1,-1,ExactBaseline,0,0,0,0,1.20397,0,0.094164,0,0,0,0,1
E3-LS-p030,30.8439,-1,-1,ExactBaseline,0,0,0,0,1.20397,0,0.019641,0,0,0,0,1
E3-LS-p030,30.8562,-1,-1,ExactBaseline,0,0,0,0,1.20397,0,0.242556,0,0,0,0,1
E3-LS-p030,30.8572,-1,-1,ExactBaseline,0,0,0,0,1.20397,0,0.565549,0,0,0,0,1
E3-LS-p030,30.8736,-1,-1,ExactBaseline,0,0,0,0,1.20397,0,0.449577,0,0,0,0,1
E3-LS-p030,30.8776,-1,-1,ExactBaseline,0,0,0,0,1.20397,0,0.130781,0,0,0,0,1
E3-LS-p030,30.8881,-1,-1,ExactBaseline,0,0,0,0,1.20397,0,0.306865,0,0,0,0,1
E3-LS-p030,30.8959,-1,-1,ExactBaseline,0,0,0,0,1.20397,0,0.60821,0,0,0,0,1
E3-LS-p030,30.9097,-1,-1,ExactBaseline,0,0,0,0,1.20397,0,0.622176,0,0,0,0,1
E3-LS-p030,30.9144,-1,-1,ExactBaseline,0,0,0,0,1.20397,0,0.097744,0,0,0,0,1
E3-LS-p030,30.9219,-1,-1,ExactBaseline,0,0,0,0,1.20397,0,0.416467,0,0,0,0,1
E3-LS-p030,30.9569,-1,-1,ExactBaseline,0,0,0,0,1.20397,0,0.791047,0,0,0,0,0.997446
E3-LS-p030,30.9654,-1,-1,ExactBaseline,0,0,0,0,1.20397,0,0.867171,0,0,0,0,0.999385
E3-LS-p030,30.9679,-1,-1,ExactBaseline,0,0,0,0,1.20397,0,0.557084,0,0,0,0,0.997446
E3-LS-p030,30.978,-1,-1,ExactBaseline,0,0,0,0,1.20397,0,0.312125,0,0,0,0,1
E3-LS-p030,30.9785,-1,-1,ExactBaseline,0,0,0,0,1.20397,0,0.126108,0,0,0,0,1
E3-LS-p030,30.98,-1,-1,ExactBaseline,0,0,0,0,1.20397,0,0.845417,0,0,0,0,1
E3-LS-p030,30.9819,-1,-1,ExactBaseline,0,0,0,0,1.20397,0,0.417334,0,0,0,0,1
E3-LS-p030,30.986,-1,-1,ExactBaseline,0,0,0,0,1.20397,0,0.552534,0,0,0,0,1
E3-LS-p030,31.0064,-1,-1,ExactBaseline,0,0,0,0,1.20397,0,0.307187,0,0,0,0,1
E3-LS-p030,31.0125,-1,-1,ExactBaseline,0,0,0,0,1.20397,0,0.336011,0,0,0,0,1
E3-LS-p030,31.0259,-1,-1,ExactBaseline,0,0,0,0,1.20397,0,0.406529,0,0,0,0,1
E3-LS-p030,31.0289,-1,-1,ExactBaseline,0,0,0,0,1.20397,0,0.179467,0,0,0,0,1
E3-LS-p030,31.0345,-1,-1,ExactBaseline,0,0,0,0,1.20397,0,0.150245,0,0,0,0,1
E3-LS-p030,31.0358,-1,-1,ExactBaseline,0,0,0,0,1.20397,0,0.362284,0,0,0,0,0.997446
E3-LS-p030,31.045,-1,-1,ExactBaseline,0,0,0,0,1.20397,0,0.352839,0,0,0,0,1
E3-LS-p030,31.0512,-1,-1,ExactBaseline,0,0,0,0,1.20397,0,0.095387,0,0,0,0,0.997446
E3-LS-p030,31.0587,-1,-1,ExactBaseline,0,0,0,0,1.20397,0,1.09215,0,0,0,0,0.999385
E3-LS-p030,31.06,-1,-1,ExactBaseline,0,0,0,0,1.20397,0,0.232234,0,0,0,0,1
E3-LS-p030,31.0602,-1,-1,ExactBaseline,0,0,0,0,1.20397,0,0.693047,0,0,0,0,1
E3-LS-p030,31.0895,-1,-1,ExactBaseline,0,0,0,0,1.20397,0,0.06091,0,0,0,0,1
E3-LS-p030,31.092,-1,-1,ExactBaseline,0,0,0,0,1.20397,0,1.2716,0,0,0,0,1
E3-LS-p030,31.0993,-1,-1,ExactBaseline,0,0,0,0,1.20397,0,0.344129,0,0,0,0,0.999385
E3-LS-p030,31.1068,-1,-1,ExactBaseline,0,0,0,0,1.20397,0,0.145716,0,0,0,0,1
E3-LS-p030,31.1089,-1,-1,ExactBaseline,0,0,0,0,1.20397,0,0.011391,0,0,0,0,1
E3-LS-p030,31.1136,-1,-1,ExactBaseline,0,0,0,0,1.20397,0,1.14126,0,0,0,0,1
E3-LS-p030,31.1179,-1,-1,ExactBaseline,0,0,0,0,1.20397,0,0.39488,0,0,0,0,1
E3-LS-p030,31.1314,-1,-1,ExactBaseline,0,0,0,0,1.20397,0,0.687964,0,0,0,0,1
E3-LS-p030,31.1394,-1,-1,ExactBaseline,0,0,0,0,1.20397,0,0.589776,0,0,0,0,0.984675
E3-LS-p030,31.1454,-1,-1,ExactBaseline,0,0,0,0,1.20397,0,0.206848,0,0,0,0,1
E3-LS-p030,31.1508,81,287,ExactBaseline,1,1,0.00240711,0.693147,1.20397,3,0.086354,0,0,0,0,0.997446
E3-LS-p030,31.16,-1,-1,ExactBaseline,0,0,0,0,1.20397,0,0.051565,0,0,0,0,1
E3-LS-p030,31.1626,-1,-1,ExactBaseline,0,0,0,0,1.20397,0,0.801263,0,0,0,0,1
E3-LS-p030,31.1741,-1,-1,ExactBaseline,0,0,0,0,1.20397,0,0.113186,0,0,0,0,1
E3-LS-p030,31.1995,-1,-1,ExactBaseline,0,0,0,0,1.20397,0,0.673044,0,0,0,0,0.997446
E3-LS-p030,31.1999,-1,-1,ExactBaseline,0,0,0,0,1.20397,0,0.43653,0,0,0,0,1
E3-LS-p030,31.2047,-1,-1,ExactBaseline,0,0,0,0,1.20397,0,0.531653,0,0,0,0,1
E3-LS-p030,31.2053,-1,-1,ExactBaseline,0,0,0,0,1.20397,0,0.673303,0,0,0,0,1
E3-LS-p030,31.2056,-1,-1,ExactBaseline,0,0,0,0,1.20397,0,0.064299,0,0,0,0,1
E3-LS-p030,31.2063,-1,-1,ExactBaseline,0,0,0,0,1.20397,0,0.448345,0,0,0,0,1
E3-LS-p030,31.2104,-1,-1,ExactBaseline,0,0,0,0,1.20397,0,0.340374,0,0,0,0,1
E3-LS-p030,31.2106,-1,-1,ExactBaseline,0,0,0,0,1.20397,0,0.669998,0,0,0,0,1
E3-LS-p030,31.2211,-1,-1,ExactBaseline,0,0,0,0,1.20397,0,0.785919,0,0,0,0,1
E3-LS-p030,31.2216,-1,-1,ExactBaseline,0,0,0,0,1.20397,0,0.750414,0,0,0,0,1
E3-LS-p030,31.2218,-1,-1,ExactBaseline,0,0,0,0,1.20397,0,0.698136,0,0,0,0,1
E3-LS-p030,31.225,-1,-1,ExactBaseline,0,0,0,0,1.20397,0,0.554803,0,0,0,0,1
E3-LS-p030,31.2259,-1,-1,ExactBaseline,0,0,0,0,1.20397,0,0.05338,0,0,0,0,1
E3-LS-p030,31.2315,-1,-1,ExactBaseline,0,0,0,0,1.20397,0,0.806661,0,0,0,0,1
E3-LS-p030,31.237,-1,-1,ExactBaseline,0,0,0,0,1.20397,0,0.385398,0,0,0,0,1
E3-LS-p030,31.242,-1,-1,ExactBaseline,0,0,0,0,1.20397,0,0.763171,0,0,0,0,1
E3-LS-p030,31.2423,-1,-1,ExactBaseline,0,0,0,0,1.20397,0,0.82851,0,0,0,0,1
E3-LS-p030,31.2432,-1,-1,ExactBaseline,0,0,0,0,1.20397,0,0.469337,0,0,0,0,1
E3-LS-p030,31.247,-1,-1,ExactBaseline,0,0,0,0,1.20397,0,0.050811,0,0,0,0,1
E3-LS-p030,31.2636,-1,-1,ExactBaseline,0,0,0,0,1.20397,0,0.334458,0,0,0,0,1
E3-LS-p030,31.2692,-1,-1,ExactBaseline,0,0,0,0,1.20397,0,0.124941,0,0,0,0,0.997446
E3-LS-p030,31.2738,-1,-1,ExactBaseline,0,0,0,0,1.20397,0,0.31626,0,0,0,0,1
E3-LS-p030,31.2786,-1,-1,ExactBaseline,0,0,0,0,1.20397,0,0.034227,0,0,0,0,1
E3-LS-p030,31.2872,-1,-1,ExactBaseline,0,0,0,0,1.20397,0,0.247692,0,0,0,0,0.997446
E3-LS-p030,31.3116,-1,-1,ExactBaseline,0,0,0,0,1.20397,0,0.029373,0,0,0,0,1
E3-LS-p030,31.317,-1,-1,ExactBaseline,0,0,0,0,1.20397,0,0.076655,0,0,0,0,1
E3-LS-p030,31.3184,-1,-1,ExactBaseline,0,0,0,0,1.20397,0,0.059676,0,0,0,0,1
E3-LS-p030,31.3234,-1,-1,ExactBaseline,0,0,0,0,1.20397,0,0.21248,0,0,0,0,0.997446
E3-LS-p030,31.3471,-1,-1,ExactBaseline,0,0,0,0,1.20397,0,0.097452,0,0,0,0,1
E3-LS-p030,31.3654,-1,-1,ExactBaseline,0,0,0,0,1.20397,0,0.40183,0,0,0,0,0.995919
E3-LS-p030,31.3752,-1,-1,ExactBaseline,0,0,0,0,1.20397,0,0.007555,0,0,0,0,1
E3-LS-p030,31.3795,-1,-1,ExactBaseline,0,0,0,0,1.20397,0,0.33825,0,0,0,0,1
E3-LS-p030,31.3911,-1,-1,ExactBaseline,0,0,0,0,1.20397,0,0.854242,0,0,0,0,1
E3-LS-p030,31.4006,-1,-1,ExactBaseline,0,0,0,0,1.20397,0,0.590987,0,0,0,0,1
E3-LS-p030,31.4012,-1,-1,ExactBaseline,0,0,0,0,1.20397,0,0.612291,0,0,0,0,1
E3-LS-p030,31.416,-1,-1,ExactBaseline,0,0,0,0,1.20397,0,0.735967,0,0,0,0,1
E3-LS-p030,31.4246,201,309,ExactBaseline,1,1,0.00239571,0.693147,1.20397,3,0.56664,0,0,0,0,0.997446
E3-LS-p030,31.4255,67,133,ExactBaseline,1,1,0.00240762,0.693147,1.20397,3,0.369037,0,0,0,0,0.994892
E3-LS-p030,31.4394,-1,-1,ExactBaseline,0,0,0,0,1.20397,0,0.160226,0,0,0,0,1
E3-LS-p030,31.4553,-1,-1,ExactBaseline,0,0,0,0,1.20397,0,0.594226,0,0,0,0,1
E3-LS-p030,31.4573,-1,-1,ExactBaseline,0,0,0,0,1.20397,0,0.47366,0,0,0,0,0.997446
E3-LS-p030,31.4602,-1,-1,ExactBaseline,0,0,0,0,1.20397,0,0.099702,0,0,0,0,0.997446
E3-LS-p030,31.4684,-1,-1,ExactBaseline,0,0,0,0,1.20397,0,0.648988,0,0,0,0,1
E3-LS-p030,31.4817,-1,-1,ExactBaseline,0,0,0,0,1.20397,0,0.775773,0,0,0,0,0.997446
E3-LS-p030,31.4905,-1,-1,ExactBaseline,0,0,0,0,1.20397,0,0.654325,0,0,0,0,1
E3-LS-p030,31.499,-1,-1,ExactBaseline,0,0,0,0,1.20397,0,0.417676,0,0,0,0,1
E3-LS-p030,31.5034,-1,-1,ExactBaseline,0,0,0,0,1.20397,0,0.118655,0,0,0,0,1
E3-LS-p030,31.5143,-1,-1,ExactBaseline,0,0,0,0,1.20397,0,0.665837,0,0,0,0,1
E3-LS-p030,31.5147,-1,-1,ExactBaseline,0,0,0,0,1.20397,0,0.275485,0,0,0,0,0.997446
E3-LS-p030,31.5196,-1,-1,ExactBaseline,0,0,0,0,1.20397,0,0.306514,0,0,0,0,1
E3-LS-p030,31.5226,-1,-1,ExactBaseline,0,0,0,0,1.20397,0,0.342301,0,0,0,0,0.997446
E3-LS-p030,31.5226,-1,-1,ExactBaseline,0,0,0,0,1.20397,0,0.356683,0,0,0,0,1
E3-LS-p030,31.5267,-1,-1,ExactBaseline,0,0,0,0,1.20397,0,0.344863,0,0,0,0,1
E3-LS-p030,31.5304,-1,-1,ExactBaseline,0,0,0,0,1.20397,0,0.726984,0,0,0,0,1
E3-LS-p030,31.5349,-1,-1,ExactBaseline,0,0,0,0,1.20397,0,0.836662,0,0,0,0,1
E3-LS-p030,31.5365,-1,-1,ExactBaseline,0,0,0,0,1.20397,0,0.412516,0,0,0,0,1
E3-LS-p030,31.546,-1,-1,ExactBaseline,0,0,0,0,1.20397,0,0.388669,0,0,0,0,1
E3-LS-p030,31.547,-1,-1,ExactBaseline,0,0,0,0,1.20397,0,0.404686,0,0,0,0,0.997446
E3-LS-p030,31.5542,-1,-1,ExactBaseline,0,0,0,0,1.20397,0,0.469344,0,0,0,0,1
E3-LS-p030,31.5606,-1,-1,ExactBaseline,0,0,0,0,1.20397,0,0.748347,0,0,0,0,1
E3-LS-p030,31.5775,-1,-1,ExactBaseline,0,0,0,0,1.20397,0,0.581506,0,0,0,0,1
E3-LS-p030,31.5875,-1,-1,ExactBaseline,0,0,0,0,1.20397,0,0.146681,0,0,0,0,1
E3-LS-p030,31.5961,-1,-1,ExactBaseline,0,0,0,0,1.20397,0,0.631183,0,0,0,0,0.997446
E3-LS-p030,31.597,-1,-1,ExactBaseline,0,0,0,0,1.20397,0,0.678072,0,0,0,0,1
E3-LS-p030,31.5972,-1,-1,ExactBaseline,0,0,0,0,1.20397,0,0.381432,0,0,0,0,1
E3-LS-p030,31.6055,-1,-1,ExactBaseline,0,0,0,0,1.20397,0,0.055671,0,0,0,0,1
E3-LS-p030,31.6262,-1,-1,ExactBaseline,0,0,0,0,1.20397,0,0.073942,0,0,0,0,1
E3-LS-p030,31.6316,-1,-1,ExactBaseline,0,0,0,0,1.20397,0,0.657374,0,0,0,0,1
E3-LS-p030,31.6365,-1,-1,ExactBaseline,0,0,0,0,1.20397,0,0.648333,0,0,0,0,1
E3-LS-p030,31.6418,-1,-1,ExactBaseline,0,0,0,0,1.20397,0,0.48354,0,0,0,0,1
E3-LS-p030,31.6516,-1,-1,ExactBaseline,0,0,0,0,1.20397,0,0.438551,0,0,0,0,1
E3-LS-p030,31.6757,-1,-1,ExactBaseline,0,0,0,0,1.20397,0,0.576549,0,0,0,0,1
E3-LS-p030,31.6803,-1,-1,ExactBaseline,0,0,0,0,1.20397,0,0.141524,0,0,0,0,1
E3-LS-p030,31.6821,-1,-1,ExactBaseline,0,0,0,0,1.20397,0,0.474,0,0,0,0,1
E3-LS-p030,31.6846,-1,-1,ExactBaseline,0,0,0,0,1.20397,0,0.223454,0,0,0,0,0.997446
E3-LS-p030,31.685,-1,-1,ExactBaseline,0,0,0,0,1.20397,0,0.492282,0,0,0,0,1
E3-LS-p030,31.6869,-1,-1,ExactBaseline,0,0,0,0,1.20397,0,0.250795,0,0,0,0,0.997446
E3-LS-p030,31.6944,-1,-1,ExactBaseline,0,0,0,0,1.20397,0,0.343292,0,0,0,0,1
E3-LS-p030,31.6949,-1,-1,ExactBaseline,0,0,0,0,1.20397,0,0.318783,0,0,0,0,1
E3-LS-p030,31.6981,-1,-1,ExactBaseline,0,0,0,0,1.20397,0,0.084432,0,0,0,0,1
E3-LS-p030,31.7015,-1,-1,ExactBaseline,0,0,0,0,1.20397,0,0.615246,0,0,0,0,1
E3-LS-p030,31.7018,-1,-1,ExactBaseline,0,0,0,0,1.20397,0,0.046937,0,0,0,0,1
E3-LS-p030,31.7095,-1,-1,ExactBaseline,0,0,0,0,1.20397,0,0.38952,0,0,0,0,1
E3-LS-p030,31.7179,-1,-1,ExactBaseline,0,0,0,0,1.20397,0,0.328395,0,0,0,0,1
E3-LS-p030,31.7213,-1,-1,ExactBaseline,0,0,0,0,1.20397,0,0.319115,0,0,0,0,1
E3-LS-p030,31.725,-1,-1,ExactBaseline,0,0,0,0,1.20397,0,0.40737,0,0,0,0,0.994892
E3-LS-p030,31.7331,-1,-1,ExactBaseline,0,0,0,0,1.20397,0,0.41255,0,0,0,0,1
E3-LS-p030,31.7354,-1,-1,ExactBaseline,0,0,0,0,1.20397,0,0.331751,0,0,0,0,1
E3-LS-p030,31.7398,-1,-1,ExactBaseline,0,0,0,0,1.20397,0,0.611952,0,0,0,0,1
E3-LS-p030,31.7501,-1,-1,ExactBaseline,0,0,0,0,1.20397,0,0.348812,0,0,0,0,1
E3-LS-p030,31.7543,262,251,ExactBaseline,1,1,0.00242931,0.693147,1.20397,3,0.371998,0,0,0,0,0.997446
E3-LS-p030,31.7683,-1,-1,ExactBaseline,0,0,0,0,1.20397,0,0.719416,0,0,0,0,1
E3-LS-p030,31.7693,-1,-1,ExactBaseline,0,0,0,0,1.20397,0,0.733115,0,0,0,0,1
E3-LS-p030,31.7726,-1,-1,ExactBaseline,0,0,0,0,1.20397,0,0.293119,0,0,0,0,1
E3-LS-p030,31.7745,-1,-1,ExactBaseline,0,0,0,0,1.20397,0,0.52958,0,0,0,0,1
E3-LS-p030,31.7892,-1,-1,ExactBaseline,0,0,0,0,1.20397,0,0.189026,0,0,0,0,1
E3-LS-p030,31.7909,-1,-1,ExactBaseline,0,0,0,0,1.20397,0,0.300751,0,0,0,0,0.997446
E3-LS-p030,31.7917,-1,-1,ExactBaseline,0,0,0,0,1.20397,0,0.731513,0,0,0,0,1
E3-LS-p030,31.8192,-1,-1,ExactBaseline,0,0,0,0,1.20397,0,0.688825,0,0,0,0,1
E3-LS-p030,31.8206,-1,-1,ExactBaseline,0,0,0,0,1.20397,0,0.10964,0,0,0,0,1
E3-LS-p030,31.8236,-1,-1,ExactBaseline,0,0,0,0,1.20397,0,0.756235,0,0,0,0,0.993365
E3-LS-p030,31.8346,-1,-1,ExactBaseline,0,0,0,0,1.20397,0,0.115581,0,0,0,0,1
E3-LS-p030,31.8383,217,133,ExactBaseline,1,1,0.00200751,0.693147,1.20397,3,0.35372,0,0,0,0,0.997446
E3-LS-p030,31.8393,-1,-1,ExactBaseline,0,0,0,0,1.20397,0,0.545988,0,0,0,0,1
E3-LS-p030,31.847,-1,-1,ExactBaseline,0,0,0,0,1.20397,0,0.41643,0,0,0,0,1
E3-LS-p030,31.8562,-1,-1,ExactBaseline,0,0,0,0,1.20397,0,0.374659,0,0,0,0,1
E3-LS-p030,31.8632,-1,-1,ExactBaseline,0,0,0,0,1.20397,0,1.20946,0,0,0,0,0.999385
E3-LS-p030,31.8635,-1,-1,ExactBaseline,0,0,0,0,1.20397,0,0.697823,0,0,0,0,1
E3-LS-p030,31.87,-1,-1,ExactBaseline,0,0,0,0,1.20397,0,0.700959,0,0,0,0,1
E3-LS-p030,31.8787,-1,-1,ExactBaseline,0,0,0,0,1.20397,0,0.480523,0,0,0,0,1
E3-LS-p030,31.8791,-1,-1,ExactBaseline,0,0,0,0,1.20397,0,0.68086,0,0,0,0,0.994276
E3-LS-p030,31.8833,168,446,ExactBaseline,1,1,0.00241489,0.693147,1.20397,3,0.78714,0,0,0,0,0.994892
E3-LS-p030,31.8863,-1,-1,ExactBaseline,0,0,0,0,1.20397,0,0.819291,0,0,0,0,1
E3-LS-p030,31.8973,-1,-1,ExactBaseline,0,0,0,0,1.20397,0,0.029484,0,0,0,0,1
E3-LS-p030,31.9248,-1,-1,ExactBaseline,0,0,0,0,1.20397,0,0.675329,0,0,0,0,1
E3-LS-p030,31.928,-1,-1,ExactBaseline,0,0,0,0,1.20397,0,0.773275,0,0,0,0,1
E3-LS-p030,31.9403,-1,-1,ExactBaseline,0,0,0,0,1.20397,0,0.12165,0,0,0,0,1
E3-LS-p030,31.9719,-1,-1,ExactBaseline,0,0,0,0,1.20397,0,2.07358,0,0,0,0,0.992134
E3-LS-p030,31.981,-1,-1,ExactBaseline,0,0,0,0,1.20397,0,0.289324,0,0,0,0,1
E3-LS-p030,31.9815,-1,-1,ExactBaseline,0,0,0,0,1.20397,0,0.431565,0,0,0,0,1
E3-LS-p030,31.9821,-1,-1,ExactBaseline,0,0,0,0,1.20397,0,0.261086,0,0,0,0,1
E3-LS-p030,31.9879,-1,-1,ExactBaseline,0,0,0,0,1.20397,0,0.891801,0,0,0,0,1
E3-LS-p030,32.002,-1,-1,ExactBaseline,0,0,0,0,1.20397,0,0.714058,0,0,0,0,1
E3-LS-p030,32.0054,-1,-1,ExactBaseline,0,0,0,0,1.20397,0,0.520688,0,0,0,0,1
E3-LS-p030,32.0119,-1,-1,ExactBaseline,0,0,0,0,1.20397,0,0.268687,0,0,0,0,1
E3-LS-p030,32.0153,21,257,ExactBaseline,1,1,0.0020527,0.693147,1.20397,3,0.895141,0,0,0,0,0.997446
E3-LS-p030,32.0171,-1,-1,ExactBaseline,0,0,0,0,1.20397,0,0.264255,0,0,0,0,1
E3-LS-p030,32.0191,-1,-1,ExactBaseline,0,0,0,0,1.20397,0,0.117643,0,0,0,0,1
E3-LS-p030,32.0214,-1,-1,ExactBaseline,0,0,0,0,1.20397,0,0.055587,0,0,0,0,1
E3-LS-p030,32.0261,-1,-1,ExactBaseline,0,0,0,0,1.20397,0,0.35943,0,0,0,0,1
E3-LS-p030,32.0273,2,46,ExactBaseline,1,1,0.00362408,1.08091,1.20397,4,0.425679,0,0,0,0,0.996831
E3-LS-p030,32.0348,-1,-1,ExactBaseline,0,0,0,0,1.20397,0,0.148148,0,0,0,0,1
E3-LS-p030,32.0396,-1,-1,ExactBaseline,0,0,0,0,1.20397,0,0.527422,0,0,0,0,1
E3-LS-p030,32.0461,-1,-1,ExactBaseline,0,0,0,0,1.20397,0,0.427331,0,0,0,0,1
E3-LS-p030,32.0519,-1,-1,ExactBaseline,0,0,0,0,1.20397,0,0.51345,0,0,0,0,1
E3-LS-p030,32.058,-1,-1,ExactBaseline,0,0,0,0,1.20397,0,0.357555,0,0,0,0,1
E3-LS-p030,32.0581,-1,-1,ExactBaseline,0,0,0,0,1.20397,0,0.39089,0,0,0,0,1
E3-LS-p030,32.0981,211,356,ExactBaseline,1,1,0.00194626,0.693147,1.20397,3,0.230981,0,0,0,0,0.997446
E3-LS-p030,32.0981,-1,-1,ExactBaseline,0,0,0,0,1.20397,0,0.194859,0,0,0,0,0.997446
E3-LS-p030,32.1025,75,10,ExactBaseline,1,1,0.00243214,0.693147,1.20397,3,0.429864,0,0,0,0,0.997446
E3-LS-p030,32.1207,-1,-1,ExactBaseline,0,0,0,0,1.20397,0,0.042245,0,0,0,0,1
E3-LS-p030,32.1282,-1,-1,ExactBaseline,0,0,0,0,1.20397,0,0.020157,0,0,0,0,1
E3-LS-p030,32.1384,-1,-1,ExactBaseline,0,0,0,0,1.20397,0,0.68598,0,0,0,0,1
E3-LS-p030,32.168,-1,-1,ExactBaseline,0,0,0,0,1.20397,0,0.893988,0,0,0,0,1
E3-LS-p030,32.1691,-1,-1,ExactBaseline,0,0,0,0,1.20397,0,0.10534,0,0,0,0,1
E3-LS-p030,32.1793,-1,-1,ExactBaseline,0,0,0,0,1.20397,0,0.138226,0,0,0,0,1
E3-LS-p030,32.1834,31,279,ExactBaseline,1,1,0.0023968,0.693147,1.20397,3,0.955451,0,0,0,0,0.994892
E3-LS-p030,32.1837,-1,-1,ExactBaseline,0,0,0,0,1.20397,0,0.252081,0,0,0,0,1
E3-LS-p030,32.2045,-1,-1,ExactBaseline,0,0,0,0,1.20397,0,0.388893,0,0,0,0,1
E3-LS-p030,32.2083,-1,-1,ExactBaseline,0,0,0,0,1.20397,0,0.47355,0,0,0,0,1
E3-LS-p030,32.2109,-1,-1,ExactBaseline,0,0,0,0,1.20397,0,0.4223,0,0,0,0,0.997446
E3-LS-p030,32.2147,-1,-1,ExactBaseline,0,0,0,0,1.20397,0,0.333851,0,0,0,0,0.997446
E3-LS-p030,32.2149,-1,-1,ExactBaseline,0,0,0,0,1.20397,0,0.810926,0,0,0,0,1
E3-LS-p030,32.2357,-1,-1,ExactBaseline,0,0,0,0,1.20397,0,0.072646,0,0,0,0,1
E3-LS-p030,32.2389,-1,-1,ExactBaseline,0,0,0,0,1.20397,0,0.07998,0,0,0,0,1
E3-LS-p030,32.2418,-1,-1,ExactBaseline,0,0,0,0,1.20397,0,0.36653,0,0,0,0,1
E3-LS-p030,32.2501,-1,-1,ExactBaseline,0,0,0,0,1.20397,0,0.104947,0,0,0,0,1
E3-LS-p030,32.2538,-1,-1,ExactBaseline,0,0,0,0,1.20397,0,0.460595,0,0,0,0,1
E3-LS-p030,32.2636,-1,-1,ExactBaseline,0,0,0,0,1.20397,0,0.645735,0,0,0,0,0.997446
E3-LS-p030,32.2779,-1,-1,ExactBaseline,0,0,0,0,1.20397,0,0.808567,0,0,0,0,1
E3-LS-p030,32.2965,-1,-1,ExactBaseline,0,0,0,0,1.20397,0,0.335769,0,0,0,0,1
E3-LS-p030,32.302,87,194,ExactBaseline,1,1,0.001961,0.875469,1.20397,3,0.797126,0,0,0,0,0.998357
E3-LS-p030,32.3072,-1,-1,ExactBaseline,0,0,0,0,1.20397,0,0.379453,0,0,0,0,1
E3-LS-p030,32.3166,-1,-1,ExactBaseline,0,0,0,0,1.20397,0,0.647568,0,0,0,0,1
E3-LS-p030,32.3245,23,349,ExactBaseline,1,1,0.00241971,0.693147,1.20397,3,1.17902,0,0,0,0,0.997446
E3-LS-p030,32.3271,-1,-1,ExactBaseline,0,0,0,0,1.20397,0,0.460984,0,0,0,0,1
E3-LS-p030,32.3289,-1,-1,ExactBaseline,0,0,0,0,1.20397,0,0.402852,0,0,0,0,1
E3-LS-p030,32.3318,-1,-1,ExactBaseline,0,0,0,0,1.20397,0,0.06234,0,0,0,0,0.997446
E3-LS-p030,32.3412,-1,-1,ExactBaseline,0,0,0,0,1.20397,0,0.619689,0,0,0,0,1
E3-LS-p030,32.3419,-1,-1,ExactBaseline,0,0,0,0,1.20397,0,1.23117,0,0,0,0,1
E3-LS-p030,32.3441,-1,-1,ExactBaseline,0,0,0,0,1.20397,0,0.088183,0,0,0,0,1
E3-LS-p030,32.373,-1,-1,ExactBaseline,0,0,0,0,1.20397,0,0.575883,0,0,0,0,1
E3-LS-p030,32.3826,-1,-1,ExactBaseline,0,0,0,0,1.20397,0,0.345594,0,0,0,0,1
E3-LS-p030,32.3841,-1,-1,ExactBaseline,0,0,0,0,1.20397,0,0.293339,0,0,0,0,1
E3-LS-p030,32.3916,-1,-1,ExactBaseline,0,0,0,0,1.20397,0,0.481927,0,0,0,0,1
E3-LS-p030,32.3957,-1,-1,ExactBaseline,0,0,0,0,1.20397,0,0.502129,0,0,0,0,1
E3-LS-p030,32.4142,-1,-1,ExactBaseline,0,0,0,0,1.20397,0,0.410519,0,0,0,0,1
E3-LS-p030,32.4308,-1,-1,ExactBaseline,0,0,0,0,1.20397,0,0.107883,0,0,0,0,1
E3-LS-p030,32.4504,-1,-1,ExactBaseline,0,0,0,0,1.20397,0,0.894908,0,0,0,0,1
E3-LS-p030,32.4532,-1,-1,ExactBaseline,0,0,0,0,1.20397,0,0.867119,0,0,0,0,1
E3-LS-p030,32.4538,-1,-1,ExactBaseline,0,0,0,0,1.20397,0,0.577159,0,0,0,0,1
E3-LS-p030,32.4663,72,364,ExactBaseline,1,1,0.00240053,0.693147,1.20397,3,0.060942,0,0,0,0,0.997446
E3-LS-p030,32.4682,-1,-1,ExactBaseline,0,0,0,0,1.20397,0,0.503683,0,0,0,0,1
E3-LS-p030,32.4806,-1,-1,ExactBaseline,0,0,0,0,1.20397,0,0.08506,0,0,0,0,1
E3-LS-p030,32.4809,-1,-1,ExactBaseline,0,0,0,0,1.20397,0,0.921207,0,0,0,0,0.996831
E3-LS-p030,32.4816,-1,-1,ExactBaseline,0,0,0,0,1.20397,0,0.107482,0,0,0,0,1
E3-LS-p030,32.501,-1,-1,ExactBaseline,0,0,0,0,1.20397,0,0.289022,0,0,0,0,0.997446
E3-LS-p030,32.5044,-1,-1,ExactBaseline,0,0,0,0,1.20397,0,0.211334,0,0,0,0,1
E3-LS-p030,32.5077,-1,-1,ExactBaseline,0,0,0,0,1.20397,0,0.135349,0,0,0,0,1
E3-LS-p030,32.5125,-1,-1,ExactBaseline,0,0,0,0,1.20397,0,0.382011,0,0,0,0,1
E3-LS-p030,32.5148,78,270,ExactBaseline,1,1,0.00194592,0.693147,1.20397,3,0.356337,0,0,0,0,0.997446
E3-LS-p030,32.5245,-1,-1,ExactBaseline,0,0,0,0,1.20397,0,0.346454,0,0,0,0,1
E3-LS-p030,32.5295,-1,-1,ExactBaseline,0,0,0,0,1.20397,0,0.382843,0,0,0,0,1
E3-LS-p030,32.541,-1,-1,ExactBaseline,0,0,0,0,1.20397,0,0.056487,0,0,0,0,1
E3-LS-p030,32.568,-1,-1,ExactBaseline,0,0,0,0,1.20397,0,0.043841,0,0,0,0,1
E3-LS-p030,32.5684,-1,-1,ExactBaseline,0,0,0,0,1.20397,0,0.748129,0,0,0,0,0.997446
E3-LS-p030,32.5853,-1,-1,ExactBaseline,0,0,0,0,1.20397,0,0.704601,0,0,0,0,1
E3-LS-p030,32.5908,-1,-1,ExactBaseline,0,0,0,0,1.20397,0,0.039222,0,0,0,0,1
E3-LS-p030,32.6015,-1,-1,ExactBaseline,0,0,0,0,1.20397,0,0.338225,0,0,0,0,1
E3-LS-p030,32.602,-1,-1,ExactBaseline,0,0,0,0,1.20397,0,0.76529,0,0,0,0,1
E3-LS-p030,32.6026,-1,-1,ExactBaseline,0,0,0,0,1.20397,0,0.434609,0,0,0,0,0.997446
E3-LS-p030,32.6137,-1,-1,ExactBaseline,0,0,0,0,1.20397,0,0.615013,0,0,0,0,1
E3-LS-p030,32.6161,-1,-1,ExactBaseline,0,0,0,0,1.20397,0,0.127487,0,0,0,0,1
E3-LS-p030,32.6323,-1,-1,ExactBaseline,0,0,0,0,1.20397,0,0.255463,0,0,0,0,1
E3-LS-p030,32.6336,175,293,ExactBaseline,1,1,0.00241066,0.693147,1.20397,3,0.07969,0,0,0,0,0.997446
E3-LS-p030,32.6379,-1,-1,ExactBaseline,0,0,0,0,1.20397,0,0.556127,0,0,0,0,1
E3-LS-p030,32.6521,90,141,ExactBaseline,1,1,0.00240629,0.693147,1.20397,3,0.226478,0,0,0,0,0.994892
E3-LS-p030,32.6686,-1,-1,ExactBaseline,0,0,0,0,1.20397,0,0.469715,0,0,0,0,1
E3-LS-p030,32.6751,-1,-1,ExactBaseline,0,0,0,0,1.20397,0,0.674329,0,0,0,0,1
E3-LS-p030,32.6773,248,7,ExactBaseline,1,1,0.00193232,0.538997,1.20397,3,0.525594,0,0,0,0,0.994121
E3-LS-p030,32.6791,-1,-1,ExactBaseline,0,0,0,0,1.20397,0,0.583342,0,0,0,0,1
E3-LS-p030,32.6879,-1,-1,ExactBaseline,0,0,0,0,1.20397,0,0.104088,0,0,0,0,1
E3-LS-p030,32.6888,-1,-1,ExactBaseline,0,0,0,0,1.20397,0,0.668529,0,0,0,0,1
E3-LS-p030,32.6947,-1,-1,ExactBaseline,0,0,0,0,1.20397,0,0.884862,0,0,0,0,1
E3-LS-p030,32.7003,-1,-1,ExactBaseline,0,0,0,0,1.20397,0,0.329175,0,0,0,0,1
E3-LS-p030,32.7076,-1,-1,ExactBaseline,0,0,0,0,1.20397,0,0.133112,0,0,0,0,0.997446
E3-LS-p030,32.71,-1,-1,ExactBaseline,0,0,0,0,1.20397,0,0.06323,0,0,0,0,1
E3-LS-p030,32.7118,-1,-1,ExactBaseline,0,0,0,0,1.20397,0,0.178076,0,0,0,0,1
E3-LS-p030,32.7157,296,291,ExactBaseline,1,1,0.00193417,0.693147,1.20397,3,0.508071,0,0,0,0,0.997446
E3-LS-p030,32.7291,-1,-1,ExactBaseline,0,0,0,0,1.20397,0,0.578366,0,0,0,0,1
E3-LS-p030,32.7297,-1,-1,ExactBaseline,0,0,0,0,1.20397,0,0.061055,0,0,0,0,1
E3-LS-p030,32.7309,-1,-1,ExactBaseline,0,0,0,0,1.20397,0,0.758301,0,0,0,0,1
E3-LS-p030,32.7337,-1,-1,ExactBaseline,0,0,0,0,1.20397,0,0.13277,0,0,0,0,1
E3-LS-p030,32.7364,-1,-1,ExactBaseline,0,0,0,0,1.20397,0,0.634175,0,0,0,0,1
E3-LS-p030,32.7478,-1,-1,ExactBaseline,0,0,0,0,1.20397,0,0.439618,0,0,0,0,1
E3-LS-p030,32.7548,-1,-1,ExactBaseline,0,0,0,0,1.20397,0,0.101054,0,0,0,0,1
E3-LS-p030,32.756,-1,-1,ExactBaseline,0,0,0,0,1.20397,0,0.384216,0,0,0,0,1
E3-LS-p030,32.7643,-1,-1,ExactBaseline,0,0,0,0,1.20397,0,0.624617,0,0,0,0,1
E3-LS-p030,32.7716,-1,-1,ExactBaseline,0,0,0,0,1.20397,0,0.429326,0,0,0,0,1
E3-LS-p030,32.7767,-1,-1,ExactBaseline,0,0,0,0,1.20397,0,0.553615,0,0,0,0,1
E3-LS-p030,32.7769,-1,-1,ExactBaseline,0,0,0,0,1.20397,0,0.027524,0,0,0,0,1
E3-LS-p030,32.7786,-1,-1,ExactBaseline,0,0,0,0,1.20397,0,0.049604,0,0,0,0,1
E3-LS-p030,32.7823,-1,-1,ExactBaseline,0,0,0,0,1.20397,0,0.255796,0,0,0,0,0.997446
E3-LS-p030,32.7889,-1,-1,ExactBaseline,0,0,0,0,1.20397,0,0.052808,0,0,0,0,1
E3-LS-p030,32.7959,-1,-1,ExactBaseline,0,0,0,0,1.20397,0,0.154459,0,0,0,0,0.997446
E3-LS-p030,32.8089,-1,-1,ExactBaseline,0,0,0,0,1.20397,0,0.402529,0,0,0,0,0.998357
E3-LS-p030,32.8131,-1,-1,ExactBaseline,0,0,0,0,1.20397,0,0.135116,0,0,0,0,1
E3-LS-p030,32.8149,-1,-1,ExactBaseline,0,0,0,0,1.20397,0,0.53296,0,0,0,0,0.999385
E3-LS-p030,32.8287,9,154,ExactBaseline,1,1,0.00361823,1.08091,1.20397,4,0.524553,0,0,0,0,0.999385
E3-LS-p030,32.8364,-1,-1,ExactBaseline,0,0,0,0,1.20397,0,0.075289,0,0,0,0,1
E3-LS-p030,32.8439,-1,-1,ExactBaseline,0,0,0,0,1.20397,0,0.078015,0,0,0,0,1
E3-LS-p030,32.8562,-1,-1,ExactBaseline,0,0,0,0,1.20397,0,0.331249,0,0,0,0,1
E3-LS-p030,32.8572,-1,-1,ExactBaseline,0,0,0,0,1.20397,0,0.636213,0,0,0,0,1
E3-LS-p030,32.8736,-1,-1,ExactBaseline,0,0,0,0,1.20397,0,0.625947,0,0,0,0,1
E3-LS-p030,32.8776,-1,-1,ExactBaseline,0,0,0,0,1.20397,0,0.17983,0,0,0,0,1
E3-LS-p030,32.878,-1,-1,ExactBaseline,0,0,0,0,1.20397,0,0.704544,0,0,0,0,1
E3-LS-p030,32.8881,-1,-1,ExactBaseline,0,0,0,0,1.20397,0,0.34137,0,0,0,0,1
E3-LS-p030,32.8959,-1,-1,ExactBaseline,0,0,0,0,1.20397,0,0.647043,0,0,0,0,1
E3-LS-p030,32.9097,-1,-1,ExactBaseline,0,0,0,0,1.20397,0,0.754966,0,0,0,0,1
E3-LS-p030,32.9144,-1,-1,ExactBaseline,0,0,0,0,1.20397,0,0.136518,0,0,0,0,1
E3-LS-p030,32.9219,-1,-1,ExactBaseline,0,0,0,0,1.20397,0,0.762866,0,0,0,0,1
E3-LS-p030,32.9569,-1,-1,ExactBaseline,0,0,0,0,1.20397,0,0.888844,0,0,0,0,0.997446
E3-LS-p030,32.9654,-1,-1,ExactBaseline,0,0,0,0,1.20397,0,2.14571,0,0,0,0,0.999385
E3-LS-p030,32.9679,-1,-1,ExactBaseline,0,0,0,0,1.20397,0,0.701976,0,0,0,0,0.997446
E3-LS-p030,32.978,-1,-1,ExactBaseline,0,0,0,0,1.20397,0,0.749593,0,0,0,0,1
E3-LS-p030,32.9785,-1,-1,ExactBaseline,0,0,0,0,1.20397,0,0.161675,0,0,0,0,1
E3-LS-p030,32.98,-1,-1,ExactBaseline,0,0,0,0,1.20397,0,0.707532,0,0,0,0,1
E3-LS-p030,32.9819,-1,-1,ExactBaseline,0,0,0,0,1.20397,0,0.524323,0,0,0,0,1
E3-LS-p030,32.986,-1,-1,ExactBaseline,0,0,0,0,1.20397,0,0.669401,0,0,0,0,1
E3-LS-p030,33.0064,-1,-1,ExactBaseline,0,0,0,0,1.20397,0,0.424764,0,0,0,0,1
E3-LS-p030,33.0125,-1,-1,ExactBaseline,0,0,0,0,1.20397,0,0.498249,0,0,0,0,1
E3-LS-p030,33.0259,-1,-1,ExactBaseline,0,0,0,0,1.20397,0,0.542537,0,0,0,0,1
E3-LS-p030,33.0289,-1,-1,ExactBaseline,0,0,0,0,1.20397,0,0.244941,0,0,0,0,1
E3-LS-p030,33.0345,196,287,ExactBaseline,1,1,0.00239124,0.693147,1.20397,3,0.144184,0,0,0,0,0.997446
E3-LS-p030,33.0358,-1,-1,ExactBaseline,0,0,0,0,1.20397,0,0.495466,0,0,0,0,0.997446
E3-LS-p030,33.045,-1,-1,ExactBaseline,0,0,0,0,1.20397,0,0.431926,0,0,0,0,1
E3-LS-p030,33.0512,-1,-1,ExactBaseline,0,0,0,0,1.20397,0,0.065978,0,0,0,0,0.997446
E3-LS-p030,33.0587,-1,-1,ExactBaseline,0,0,0,0,1.20397,0,0.972834,0,0,0,0,0.999385
E3-LS-p030,33.06,-1,-1,ExactBaseline,0,0,0,0,1.20397,0,0.278414,0,0,0,0,1
E3-LS-p030,33.0602,-1,-1,ExactBaseline,0,0,0,0,1.20397,0,0.727076,0,0,0,0,1
E3-LS-p030,33.0825,-1,-1,ExactBaseline,0,0,0,0,1.20397,0,0.147904,0,0,0,0,1
E3-LS-p030,33.0889,-1,-1,ExactBaseline,0,0,0,0,1.20397,0,0.330391,0,0,0,0,1
E3-LS-p030,33.0895,-1,-1,ExactBaseline,0,0,0,0,1.20397,0,0.026008,0,0,0,0,1
E3-LS-p030,33.092,-1,-1,ExactBaseline,0,0,0,0,1.20397,0,0.894708,0,0,0,0,1
E3-LS-p030,33.0993,-1,-1,ExactBaseline,0,0,0,0,1.20397,0,0.383111,0,0,0,0,0.999385
E3-LS-p030,33.1039,-1,-1,ExactBaseline,0,0,0,0,1.20397,0,0.344671,0,0,0,0,1
E3-LS-p030,33.1068,-1,-1,ExactBaseline,0,0,0,0,1.20397,0,0.106247,0,0,0,0,1
E3-LS-p030,33.1089,-1,-1,ExactBaseline,0,0,0,0,1.20397,0,0.079222,0,0,0,0,1
E3-LS-p030,33.1136,-1,-1,ExactBaseline,0,0,0,0,1.20397,0,1.33187,0,0,0,0,1
E3-LS-p030,33.1179,179,257,ExactBaseline,1,1,0.00239133,0.693147,1.20397,3,0.55335,0,0,0,0,0.997446
E3-LS-p030,33.1314,-1,-1,ExactBaseline,0,0,0,0,1.20397,0,0.657649,0,0,0,0,1
E3-LS-p030,33.1394,12,441,ExactBaseline,1,1,0.00239781,0.693147,1.20397,3,0.646919,0,0,0,0,0.982121
E3-LS-p030,33.1454,-1,-1,ExactBaseline,0,0,0,0,1.20397,0,0.247108,0,0,0,0,1
E3-LS-p030,33.1508,-1,-1,ExactBaseline,0,0,0,0,1.20397,0,0.162562,0,0,0,0,0.997446
E3-LS-p030,33.16,-1,-1,ExactBaseline,0,0,0,0,1.20397,0,0.087743,0,0,0,0,1
E3-LS-p030,33.1626,-1,-1,ExactBaseline,0,0,0,0,1.20397,0,1.13813,0,0,0,0,1
E3-LS-p030,33.1712,-1,-1,ExactBaseline,0,0,0,0,1.20397,0,0.453452,0,0,0,0,1
E3-LS-p030,33.1741,-1,-1,ExactBaseline,0,0,0,0,1.20397,0,0.165188,0,0,0,0,1
E3-LS-p030,33.1995,-1,-1,ExactBaseline,0,0,0,0,1.20397,0,0.668768,0,0,0,0,0.997446
E3-LS-p030,33.1999,-1,-1,ExactBaseline,0,0,0,0,1.20397,0,0.618746,0,0,0,0,1
E3-LS-p030,33.2047,-1,-1,ExactBaseline,0,0,0,0,1.20397,0,0.484278,0,0,0,0,1
E3-LS-p030,33.2053,-1,-1,ExactBaseline,0,0,0,0,1.20397,0,0.874572,0,0,0,0,1
E3-LS-p030,33.2056,-1,-1,ExactBaseline,0,0,0,0,1.20397,0,0.104037,0,0,0,0,1
E3-LS-p030,33.2063,107,420,ExactBaseline,1,1,0.00242842,0.693147,1.20397,3,0.495916,0,0,0,0,0.997446
E3-LS-p030,33.2104,-1,-1,ExactBaseline,0,0,0,0,1.20397,0,0.460066,0,0,0,0,1
E3-LS-p030,33.2106,-1,-1,ExactBaseline,0,0,0,0,1.20397,0,0.706999,0,0,0,0,1
E3-LS-p030,33.2211,-1,-1,ExactBaseline,0,0,0,0,1.20397,0,0.488671,0,0,0,0,1
E3-LS-p030,33.2216,-1,-1,ExactBaseline,0,0,0,0,1.20397,0,0.649423,0,0,0,0,1
E3-LS-p030,33.2218,-1,-1,ExactBaseline,0,0,0,0,1.20397,0,0.757396,0,0,0,0,1
E3-LS-p030,33.225,-1,-1,ExactBaseline,0,0,0,0,1.20397,0,0.489325,0,0,0,0,1
E3-LS-p030,33.2259,-1,-1,ExactBaseline,0,0,0,0,1.20397,0,0.042573,0,0,0,0,1
E3-LS-p030,33.2315,-1,-1,ExactBaseline,0,0,0,0,1.20397,0,1.04914,0,0,0,0,1
E3-LS-p030,33.2348,-1,-1,ExactBaseline,0,0,0,0,1.20397,0,0.046182,0,0,0,0,1
E3-LS-p030,33.237,-1,-1,ExactBaseline,0,0,0,0,1.20397,0,0.398193,0,0,0,0,1
E3-LS-p030,33.242,-1,-1,ExactBaseline,0,0,0,0,1.20397,0,0.922031,0,0,0,0,1
E3-LS-p030,33.2423,-1,-1,ExactBaseline,0,0,0,0,1.20397,0,0.983888,0,0,0,0,1
E3-LS-p030,33.2432,-1,-1,ExactBaseline,0,0,0,0,1.20397,0,0.732435,0,0,0,0,1
E3-LS-p030,33.247,-1,-1,ExactBaseline,0,0,0,0,1.20397,0,0.07664,0,0,0,0,1
E3-LS-p030,33.2636,-1,-1,ExactBaseline,0,0,0,0,1.20397,0,0.447988,0,0,0,0,1
E3-LS-p030,33.2692,-1,-1,ExactBaseline,0,0,0,0,1.20397,0,0.116981,0,0,0,0,0.997446
E3-LS-p030,33.2738,-1,-1,ExactBaseline,0,0,0,0,1.20397,0,0.350546,0,0,0,0,1
E3-LS-p030,33.2786,-1,-1,ExactBaseline,0,0,0,0,1.20397,0,0.028106,0,0,0,0,1
E3-LS-p030,33.2872,-1,-1,ExactBaseline,0,0,0,0,1.20397,0,0.230364,0,0,0,0,0.997446
E3-LS-p030,33.3116,-1,-1,ExactBaseline,0,0,0,0,1.20397,0,0.073999,0,0,0,0,1
E3-LS-p030,33.317,-1,-1,ExactBaseline,0,0,0,0,1.20397,0,0.171194,0,0,0,0,1
E3-LS-p030,33.3184,-1,-1,ExactBaseline,0,0,0,0,1.20397,0,0.04566,0,0,0,0,1
E3-LS-p030,33.3234,-1,-1,ExactBaseline,0,0,0,0,1.20397,0,0.440815,0,0,0,0,0.997446
E3-LS-p030,33.3356,-1,-1,ExactBaseline,0,0,0,0,1.20397,0,0.369256,0,0,0,0,1
E3-LS-p030,33.3471,-1,-1,ExactBaseline,0,0,0,0,1.20397,0,0.148983,0,0,0,0,1
E3-LS-p030,33.3654,-1,-1,ExactBaseline,0,0,0,0,1.20397,0,0.520337,0,0,0,0,0.995919
E3-LS-p030,33.3752,-1,-1,ExactBaseline,0,0,0,0,1.20397,0,0.009634,0,0,0,0,1
E3-LS-p030,33.3795,-1,-1,ExactBaseline,0,0,0,0,1.20397,0,0.328138,0,0,0,0,1
E3-LS-p030,33.3911,-1,-1,ExactBaseline,0,0,0,0,1.20397,0,0.818749,0,0,0,0,1
E3-LS-p030,33.4006,-1,-1,ExactBaseline,0,0,0,0,1.20397,0,0.758011,0,0,0,0,1
E3-LS-p030,33.4012,-1,-1,ExactBaseline,0,0,0,0,1.20397,0,0.711513,0,0,0,0,1
E3-LS-p030,33.4095,-1,-1,ExactBaseline,0,0,0,0,1.20397,0,0.044763,0,0,0,0,1
E3-LS-p030,33.416,-1,-1,ExactBaseline,0,0,0,0,1.20397,0,0.826642,0,0,0,0,1
E3-LS-p030,33.4246,-1,-1,ExactBaseline,0,0,0,0,1.20397,0,0.620697,0,0,0,0,0.997446
E3-LS-p030,33.4255,-1,-1,ExactBaseline,0,0,0,0,1.20397,0,0.425802,0,0,0,0,0.994892
E3-LS-p030,33.432,-1,-1,ExactBaseline,0,0,0,0,1.20397,0,0.791108,0,0,0,0,1
E3-LS-p030,33.4394,-1,-1,ExactBaseline,0,0,0,0,1.20397,0,0.235516,0,0,0,0,1
E3-LS-p030,33.446,-1,-1,ExactBaseline,0,0,0,0,1.20397,0,0.440316,0,0,0,0,1
E3-LS-p030,33.4553,-1,-1,ExactBaseline,0,0,0,0,1.20397,0,0.778318,0,0,0,0,1
E3-LS-p030,33.4573,-1,-1,ExactBaseline,0,0,0,0,1.20397,0,0.542433,0,0,0,0,0.997446
E3-LS-p030,33.4602,-1,-1,ExactBaseline,0,0,0,0,1.20397,0,0.099322,0,0,0,0,0.997446
E3-LS-p030,33.4684,-1,-1,ExactBaseline,0,0,0,0,1.20397,0,0.688176,0,0,0,0,1
E3-LS-p030,33.4724,-1,-1,ExactBaseline,0,0,0,0,1.20397,0,0.058472,0,0,0,0,1
E3-LS-p030,33.4817,-1,-1,ExactBaseline,0,0,0,0,1.20397,0,0.808281,0,0,0,0,0.997446
E3-LS-p030,33.4905,-1,-1,ExactBaseline,0,0,0,0,1.20397,0,0.781975,0,0,0,0,1
E3-LS-p030,33.499,-1,-1,ExactBaseline,0,0,0,0,1.20397,0,0.401275,0,0,0,0,1
E3-LS-p030,33.5034,-1,-1,ExactBaseline,0,0,0,0,1.20397,0,0.162391,0,0,0,0,1
E3-LS-p030,33.5143,-1,-1,ExactBaseline,0,0,0,0,1.20397,0,0.692315,0,0,0,0,1
E3-LS-p030,33.5147,-1,-1,ExactBaseline,0,0,0,0,1.20397,0,0.272899,0,0,0,0,0.997446
E3-LS-p030,33.5196,-1,-1,ExactBaseline,0,0,0,0,1.20397,0,0.437172,0,0,0,0,1
E3-LS-p030,33.5226,-1,-1,ExactBaseline,0,0,0,0,1.20397,0,0.608396,0,0,0,0,0.997446
E3-LS-p030,33.5226,-1,-1,ExactBaseline,0,0,0,0,1.20397,0,0.451938,0,0,0,0,1
E3-LS-p030,33.5267,-1,-1,ExactBaseline,0,0,0,0,1.20397,0,0.459172,0,0,0,0,1
E3-LS-p030,33.5304,-1,-1,ExactBaseline,0,0,0,0,1.20397,0,0.69118,0,0,0,0,1
E3-LS-p030,33.5349,-1,-1,ExactBaseline,0,0,0,0,1.20397,0,0.656067,0,0,0,0,1
E3-LS-p030,33.5365,-1,-1,ExactBaseline,0,0,0,0,1.20397,0,0.53961,0,0,0,0,1
E3-LS-p030,33.546,-1,-1,ExactBaseline,0,0,0,0,1.20397,0,0.49565,0,0,0,0,1
E3-LS-p030,33.547,-1,-1,ExactBaseline,0,0,0,0,1.20397,0,0.512463,0,0,0,0,0.997446
E3-LS-p030,33.5542,-1,-1,ExactBaseline,0,0,0,0,1.20397,0,0.725844,0,0,0,0,1
E3-LS-p030,33.5606,-1,-1,ExactBaseline,0,0,0,0,1.20397,0,0.825373,0,0,0,0,1
E3-LS-p030,33.5775,-1,-1,ExactBaseline,0,0,0,0,1.20397,0,0.844338,0,0,0,0,1
E3-LS-p030,33.5875,-1,-1,ExactBaseline,0,0,0,0,1.20397,0,0.188841,0,0,0,0,1
E3-LS-p030,33.5961,-1,-1,ExactBaseline,0,0,0,0,1.20397,0,0.755023,0,0,0,0,0.997446
E3-LS-p030,33.597,-1,-1,ExactBaseline,0,0,0,0,1.20397,0,0.501833,0,0,0,0,1
E3-LS-p030,33.5972,-1,-1,ExactBaseline,0,0,0,0,1.20397,0,0.43724,0,0,0,0,1
E3-LS-p030,33.6055,-1,-1,ExactBaseline,0,0,0,0,1.20397,0,0.15042,0,0,0,0,1
E3-LS-p030,33.6262,-1,-1,ExactBaseline,0,0,0,0,1.20397,0,0.028268,0,0,0,0,1
E3-LS-p030,33.6316,253,311,ExactBaseline,1,1,0.00196512,0.875469,1.20397,3,1.0595,0,0,0,0,0.998357
E3-LS-p030,33.6365,-1,-1,ExactBaseline,0,0,0,0,1.20397,0,0.75899,0,0,0,0,1
E3-LS-p030,33.6418,-1,-1,ExactBaseline,0,0,0,0,1.20397,0,0.581522,0,0,0,0,1
E3-LS-p030,33.6516,-1,-1,ExactBaseline,0,0,0,0,1.20397,0,0.607755,0,0,0,0,1
E3-LS-p030,33.6757,-1,-1,ExactBaseline,0,0,0,0,1.20397,0,0.701952,0,0,0,0,1
E3-LS-p030,33.6803,-1,-1,ExactBaseline,0,0,0,0,1.20397,0,0.159862,0,0,0,0,1
E3-LS-p030,33.6821,-1,-1,ExactBaseline,0,0,0,0,1.20397,0,0.481709,0,0,0,0,1
E3-LS-p030,33.6846,-1,-1,ExactBaseline,0,0,0,0,1.20397,0,0.235573,0,0,0,0,0.997446
E3-LS-p030,33.685,-1,-1,ExactBaseline,0,0,0,0,1.20397,0,0.382726,0,0,0,0,1
E3-LS-p030,33.6869,35,359,ExactBaseline,1,1,0.00240919,0.693147,1.20397,3,0.317377,0,0,0,0,0.994892
E3-LS-p030,33.6944,-1,-1,ExactBaseline,0,0,0,0,1.20397,0,0.397099,0,0,0,0,1
E3-LS-p030,33.6949,-1,-1,ExactBaseline,0,0,0,0,1.20397,0,0.301538,0,0,0,0,1
E3-LS-p030,33.6981,292,265,ExactBaseline,1,1,0.00240682,0.693147,1.20397,3,0.328142,0,0,0,0,0.997446
E3-LS-p030,33.6981,-1,-1,ExactBaseline,0,0,0,0,1.20397,0,0.066099,0,0,0,0,1
E3-LS-p030,33.7015,267,17,ExactBaseline,1,1,0.00237844,0.693147,1.20397,3,0.669659,0,0,0,0,0.997446
E3-LS-p030,33.7018,-1,-1,ExactBaseline,0,0,0,0,1.20397,0,0.050941,0,0,0,0,1
E3-LS-p030,33.7095,-1,-1,ExactBaseline,0,0,0,0,1.20397,0,0.541696,0,0,0,0,1
E3-LS-p030,33.7168,291,173,ExactBaseline,1,1,0.00194921,0.693147,1.20397,3,0.366858,0,0,0,0,0.997446
E3-LS-p030,33.7179,-1,-1,ExactBaseline,0,0,0,0,1.20397,0,0.396505,0,0,0,0,1
E3-LS-p030,33.7213,-1,-1,ExactBaseline,0,0,0,0,1.20397,0,0.392249,0,0,0,0,1
E3-LS-p030,33.725,-1,-1,ExactBaseline,0,0,0,0,1.20397,0,0.476969,0,0,0,0,0.994892
E3-LS-p030,33.7331,-1,-1,ExactBaseline,0,0,0,0,1.20397,0,0.801861,0,0,0,0,1
E3-LS-p030,33.7354,-1,-1,ExactBaseline,0,0,0,0,1.20397,0,0.809628,0,0,0,0,1
E3-LS-p030,33.7398,-1,-1,ExactBaseline,0,0,0,0,1.20397,0,0.721103,0,0,0,0,1
E3-LS-p030,33.7501,106,440,ExactBaseline,1,1,0.00241226,0.693147,1.20397,3,0.388204,0,0,0,0,0.997446
E3-LS-p030,33.7543,-1,-1,ExactBaseline,0,0,0,0,1.20397,0,0.635351,0,0,0,0,0.997446
E3-LS-p030,33.7683,73,179,ExactBaseline,1,1,0.00196207,0.875469,1.20397,3,0.893671,0,0,0,0,0.998357
E3-LS-p030,33.7693,-1,-1,ExactBaseline,0,0,0,0,1.20397,0,0.836792,0,0,0,0,1
E3-LS-p030,33.7726,-1,-1,ExactBaseline,0,0,0,0,1.20397,0,0.460225,0,0,0,0,1
E3-LS-p030,33.7745,123,158,ExactBaseline,1,1,0.0019509,0.693147,1.20397,3,0.44146,0,0,0,0,0.997446
E3-LS-p030,33.7892,-1,-1,ExactBaseline,0,0,0,0,1.20397,0,0.253949,0,0,0,0,1
E3-LS-p030,33.7909,-1,-1,ExactBaseline,0,0,0,0,1.20397,0,0.285006,0,0,0,0,0.997446
E3-LS-p030,33.7917,-1,-1,ExactBaseline,0,0,0,0,1.20397,0,0.794869,0,0,0,0,1
E3-LS-p030,33.8105,-1,-1,ExactBaseline,0,0,0,0,1.20397,0,0.350609,0,0,0,0,1
E3-LS-p030,33.8192,-1,-1,ExactBaseline,0,0,0,0,1.20397,0,0.727719,0,0,0,0,1
E3-LS-p030,33.8206,-1,-1,ExactBaseline,0,0,0,0,1.20397,0,0.16438,0,0,0,0,1
E3-LS-p030,33.8236,-1,-1,ExactBaseline,0,0,0,0,1.20397,0,0.859584,0,0,0,0,0.993365
E3-LS-p030,33.8346,-1,-1,ExactBaseline,0,0,0,0,1.20397,0,0.159249,0,0,0,0,1
E3-LS-p030,33.8383,217,133,ExactBaseline,1,1,0.00194369,0.693147,1.20397,3,0.432798,0,0,0,0,0.994892
E3-LS-p030,33.8393,-1,-1,ExactBaseline,0,0,0,0,1.20397,0,0.625958,0,0,0,0,1
E3-LS-p030,33.847,-1,-1,ExactBaseline,0,0,0,0,1.20397,0,0.433282,0,0,0,0,1
E3-LS-p030,33.8562,-1,-1,ExactBaseline,0,0,0,0,1.20397,0,0.537425,0,0,0,0,1
E3-LS-p030,33.8632,-1,-1,ExactBaseline,0,0,0,0,1.20397,0,1.38252,0,0,0,0,0.999385
E3-LS-p030,33.8635,-1,-1,ExactBaseline,0,0,0,0,1.20397,0,0.59781,0,0,0,0,1
E3-LS-p030,33.8659,-1,-1,ExactBaseline,0,0,0,0,1.20397,0,0.562417,0,0,0,0,1
E3-LS-p030,33.87,138,288,ExactBaseline,1,1,0.00243176,0.693147,1.20397,3,0.619507,0,0,0,0,0.997446
E3-LS-p030,33.8787,-1,-1,ExactBaseline,0,0,0,0,1.20397,0,0.603996,0,0,0,0,1
E3-LS-p030,33.8791,-1,-1,ExactBaseline,0,0,0,0,1.20397,0,0.762627,0,0,0,0,0.994276
E3-LS-p030,33.8833,-1,-1,ExactBaseline,0,0,0,0,1.20397,0,0.873773,0,0,0,0,0.994892
E3-LS-p030,33.8863,-1,-1,ExactBaseline,0,0,0,0,1.20397,0,0.744154,0,0,0,0,1
E3-LS-p030,33.8973,-1,-1,ExactBaseline,0,0,0,0,1.20397,0,0.030884,0,0,0,0,1
E3-LS-p030,33.8993,-1,-1,ExactBaseline,0,0,0,0,1.20397,0,0.072455,0,0,0,0,1
E3-LS-p030,33.9248,-1,-1,ExactBaseline,0,0,0,0,1.20397,0,0.670542,0,0,0,0,1
E3-LS-p030,33.928,-1,-1,ExactBaseline,0,0,0,0,1.20397,0,0.654837,0,0,0,0,1
E3-LS-p030,33.9403,-1,-1,ExactBaseline,0,0,0,0,1.20397,0,0.129927,0,0,0,0,1
E3-LS-p030,33.9584,-1,-1,ExactBaseline,0,0,0,0,1.20397,0,0.607855,0,0,0,0,1
E3-LS-p030,33.9719,-1,-1,ExactBaseline,0,0,0,0,1.20397,0,1.75341,0,0,0,0,0.992134
E3-LS-p030,33.981,-1,-1,ExactBaseline,0,0,0,0,1.20397,0,0.35935,0,0,0,0,1
E3-LS-p030,33.9815,-1,-1,ExactBaseline,0,0,0,0,1.20397,0,0.499184,0,0,0,0,1
E3-LS-p030,33.9821,-1,-1,ExactBaseline,0,0,0,0,1.20397,0,0.201653,0,0,0,0,1
E3-LS-p030,33.9879,-1,-1,ExactBaseline,0,0,0,0,1.20397,0,0.631074,0,0,0,0,1
E3-LS-p030,34.002,-1,-1,ExactBaseline,0,0,0,0,1.20397,0,0.808976,0,0,0,0,1
E3-LS-p030,34.0054,-1,-1,ExactBaseline,0,0,0,0,1.20397,0,0.674657,0,0,0,0,1
E3-LS-p030,34.0119,-1,-1,ExactBaseline,0,0,0,0,1.20397,0,0.27017,0,0,0,0,1
E3-LS-p030,34.0153,-1,-1,ExactBaseline,0,0,0,0,1.20397,0,1.04477,0,0,0,0,0.997446
E3-LS-p030,34.0171,-1,-1,ExactBaseline,0,0,0,0,1.20397,0,0.329397,0,0,0,0,1
E3-LS-p030,34.0191,10,96,ExactBaseline,1,1,0.00244013,0.693147,1.20397,3,0.148798,0,0,0,0,0.997446
E3-LS-p030,34.0214,-1,-1,ExactBaseline,0,0,0,0,1.20397,0,0.064351,0,0,0,0,1
E3-LS-p030,34.0261,198,51,ExactBaseline,1,1,0.00203652,0.693147,1.20397,3,0.394869,0,0,0,0,0.997446
E3-LS-p030,34.0273,-1,-1,ExactBaseline,0,0,0,0,1.20397,0,0.450778,0,0,0,0,0.996831
E3-LS-p030,34.0348,-1,-1,ExactBaseline,0,0,0,0,1.20397,0,0.1615,0,0,0,0,1
E3-LS-p030,34.0396,-1,-1,ExactBaseline,0,0,0,0,1.20397,0,0.8145,0,0,0,0,1
E3-LS-p030,34.0461,-1,-1,ExactBaseline,0,0,0,0,1.20397,0,0.451801,0,0,0,0,1
E3-LS-p030,34.0519,-1,-1,ExactBaseline,0,0,0,0,1.20397,0,0.493089,0,0,0,0,1
E3-LS-p030,34.0547,-1,-1,ExactBaseline,0,0,0,0,1.20397,0,0.564717,0,0,0,0,1
E3-LS-p030,34.0571,-1,-1,ExactBaseline,0,0,0,0,1.20397,0,0.423476,0,0,0,0,1
E3-LS-p030,34.058,-1,-1,ExactBaseline,0,0,0,0,1.20397,0,0.40905,0,0,0,0,1
E3-LS-p030,34.0581,-1,-1,ExactBaseline,0,0,0,0,1.20397,0,0.325459,0,0,0,0,1
E3-LS-p030,34.0612,-1,-1,ExactBaseline,0,0,0,0,1.20397,0,0.5523,0,0,0,0,1
E3-LS-p030,34.0722,-1,-1,ExactBaseline,0,0,0,0,1.20397,0,0.256739,0,0,0,0,1
E3-LS-p030,34.0756,-1,-1,ExactBaseline,0,0,0,0,1.20397,0,0.313434,0,0,0,0,1
E3-LS-p030,34.0981,-1,-1,ExactBaseline,0,0,0,0,1.20397,0,0.216181,0,0,0,0,0.997446
E3-LS-p030,34.0981,-1,-1,ExactBaseline,0,0,0,0,1.20397,0,0.185367,0,0,0,0,0.997446
E3-LS-p030,34.1025,-1,-1,ExactBaseline,0,0,0,0,1.20397,0,0.436479,0,0,0,0,0.997446
E3-LS-p030,34.1207,-1,-1,ExactBaseline,0,0,0,0,1.20397,0,0.0629,0,0,0,0,1
E3-LS-p030,34.1282,-1,-1,ExactBaseline,0,0,0,0,1.20397,0,0.01389,0,0,0,0,1
E3-LS-p030,34.1299,-1,-1,ExactBaseline,0,0,0,0,1.20397,0,0.466469,0,0,0,0,1
E3-LS-p030,34.1384,-1,-1,ExactBaseline,0,0,0,0,1.20397,0,0.577155,0,0,0,0,1
E3-LS-p030,34.1666,311,481,ExactBaseline,1,1,0.00196533,0.767255,1.20397,3,0.480334,0,0,0,0,0.997816
E3-LS-p030,34.168,-1,-1,ExactBaseline,0,0,0,0,1.20397,0,1.3398,0,0,0,0,1
E3-LS-p030,34.1691,-1,-1,ExactBaseline,0,0,0,0,1.20397,0,0.059674,0,0,0,0,1
E3-LS-p030,34.1793,-1,-1,ExactBaseline,0,0,0,0,1.20397,0,0.156853,0,0,0,0,1
E3-LS-p030,34.1834,-1,-1,ExactBaseline,0,0,0,0,1.20397,0,1.26239,0,0,0,0,0.994892
E3-LS-p030,34.1837,185,370,ExactBaseline,1,1,0.00195034,0.693147,1.20397,3,0.358163,0,0,0,0,0.997446
E3-LS-p030,34.2045,-1,-1,ExactBaseline,0,0,0,0,1.20397,0,0.411213,0,0,0,0,1
E3-LS-p030,34.2083,-1,-1,ExactBaseline,0,0,0,0,1.20397,0,0.676853,0,0,0,0,1
E3-LS-p030,34.2109,33,415,ExactBaseline,1,1,0.00358333,1.08091,1.20397,4,0.47023,0,0,0,0,0.996831
E3-LS-p030,34.2147,-1,-1,ExactBaseline,0,0,0,0,1.20397,0,0.411145,0,0,0,0,0.997446
E3-LS-p030,34.2149,-1,-1,ExactBaseline,0,0,0,0,1.20397,0,0.937743,0,0,0,0,1
E3-LS-p030,34.2357,-1,-1,ExactBaseline,0,0,0,0,1.20397,0,0.032588,0,0,0,0,1
E3-LS-p030,34.2389,-1,-1,ExactBaseline,0,0,0,0,1.20397,0,0.030633,0,0,0,0,1
E3-LS-p030,34.2418,-1,-1,ExactBaseline,0,0,0,0,1.20397,0,0.486807,0,0,0,0,1
E3-LS-p030,34.2501,-1,-1,ExactBaseline,0,0,0,0,1.20397,0,0.124287,0,0,0,0,1
E3-LS-p030,34.2538,-1,-1,ExactBaseline,0,0,0,0,1.20397,0,0.476666,0,0,0,0,1
E3-LS-p030,34.2636,-1,-1,ExactBaseline,0,0,0,0,1.20397,0,1.01313,0,0,0,0,0.997446
E3-LS-p030,34.2779,-1,-1,ExactBaseline,0,0,0,0,1.20397,0,0.819933,0,0,0,0,1
E3-LS-p030,34.2965,-1,-1,ExactBaseline,0,0,0,0,1.20397,0,0.391582,0,0,0,0,1
E3-LS-p030,34.302,87,184,ExactBaseline,1,1,0.00197713,0.875469,1.20397,3,0.722974,0,0,0,0,0.996715
E3-LS-p030,34.3072,-1,-1,ExactBaseline,0,0,0,0,1.20397,0,0.650953,0,0,0,0,1
E3-LS-p030,34.3166,104,420,ExactBaseline,1,1,0.00197624,0.693147,1.20397,3,0.636284,0,0,0,0,0.997446
E3-LS-p030,34.3245,-1,-1,ExactBaseline,0,0,0,0,1.20397,0,1.31311,0,0,0,0,0.997446
E3-LS-p030,34.3271,-1,-1,ExactBaseline,0,0,0,0,1.20397,0,0.528174,0,0,0,0,1
E3-LS-p030,34.3289,-1,-1,ExactBaseline,0,0,0,0,1.20397,0,0.492066,0,0,0,0,1
E3-LS-p030,34.3318,-1,-1,ExactBaseline,0,0,0,0,1.20397,0,0.098296,0,0,0,0,0.997446
E3-LS-p030,34.3412,-1,-1,ExactBaseline,0,0,0,0,1.20397,0,0.657342,0,0,0,0,1
E3-LS-p030,34.3419,-1,-1,ExactBaseline,0,0,0,0,1.20397,0,1.38742,0,0,0,0,1
E3-LS-p030,34.3441,-1,-1,ExactBaseline,0,0,0,0,1.20397,0,0.033731,0,0,0,0,1
E3-LS-p030,34.373,-1,-1,ExactBaseline,0,0,0,0,1.20397,0,0.624242,0,0,0,0,1
E3-LS-p030,34.3826,157,103,ExactBaseline,1,1,0.00195506,0.693147,1.20397,3,0.364242,0,0,0,0,0.997446
E3-LS-p030,34.3841,170,74,ExactBaseline,1,1,0.00239154,0.693147,1.20397,3,0.327994,0,0,0,0,0.997446
E3-LS-p030,34.3916,-1,-1,ExactBaseline,0,0,0,0,1.20397,0,0.489586,0,0,0,0,1
E3-LS-p030,34.3957,-1,-1,ExactBaseline,0,0,0,0,1.20397,0,0.544805,0,0,0,0,1
E3-LS-p030,34.4142,-1,-1,ExactBaseline,0,0,0,0,1.20397,0,0.41947,0,0,0,0,1
E3-LS-p030,34.4308,-1,-1,ExactBaseline,0,0,0,0,1.20397,0,0.142038,0,0,0,0,1
E3-LS-p030,34.4504,-1,-1,ExactBaseline,0,0,0,0,1.20397,0,0.764172,0,0,0,0,1
E3-LS-p030,34.4532,-1,-1,ExactBaseline,0,0,0,0,1.20397,0,0.95509,0,0,0,0,1
E3-LS-p030,34.4538,-1,-1,ExactBaseline,0,0,0,0,1.20397,0,0.426006,0,0,0,0,1
E3-LS-p030,34.4663,-1,-1,ExactBaseline,0,0,0,0,1.20397,0,0.092782,0,0,0,0,0.997446
E3-LS-p030,34.4682,-1,-1,ExactBaseline,0,0,0,0,1.20397,0,0.247232,0,0,0,0,1
E3-LS-p030,34.4806,-1,-1,ExactBaseline,0,0,0,0,1.20397,0,0.057697,0,0,0,0,1
E3-LS-p030,34.4809,-1,-1,ExactBaseline,0,0,0,0,1.20397,0,0.872585,0,0,0,0,0.996831
E3-LS-p030,34.4816,-1,-1,ExactBaseline,0,0,0,0,1.20397,0,0.04488,0,0,0,0,1
E3-LS-p030,34.501,171,311,ExactBaseline,1,1,0.00242277,0.693147,1.20397,3,0.359724,0,0,0,0,0.994892
E3-LS-p030,34.5044,-1,-1,ExactBaseline,0,0,0,0,1.20397,0,0.245453,0,0,0,0,1
E3-LS-p030,34.5046,-1,-1,ExactBaseline,0,0,0,0,1.20397,0,0.373463,0,0,0,0,1
E3-LS-p030,34.5077,-1,-1,ExactBaseline,0,0,0,0,1.20397,0,0.054011,0,0,0,0,1
E3-LS-p030,34.5125,-1,-1,ExactBaseline,0,0,0,0,1.20397,0,0.4112,0,0,0,0,1
E3-LS-p030,34.5148,-1,-1,ExactBaseline,0,0,0,0,1.20397,0,0.377552,0,0,0,0,0.997446
E3-LS-p030,34.5245,-1,-1,ExactBaseline,0,0,0,0,1.20397,0,0.323397,0,0,0,0,1
E3-LS-p030,34.5295,-1,-1,ExactBaseline,0,0,0,0,1.20397,0,0.465352,0,0,0,0,1
E3-LS-p030,34.541,-1,-1,ExactBaseline,0,0,0,0,1.20397,0,0.109963,0,0,0,0,1
E3-LS-p030,34.568,-1,-1,ExactBaseline,0,0,0,0,1.20397,0,0.095182,0,0,0,0,1
E3-LS-p030,34.5684,-1,-1,ExactBaseline,0,0,0,0,1.20397,0,0.898818,0,0,0,0,0.997446
E3-LS-p030,34.5853,-1,-1,ExactBaseline,0,0,0,0,1.20397,0,0.730228,0,0,0,0,1
E3-LS-p030,34.5908,-1,-1,ExactBaseline,0,0,0,0,1.20397,0,0.066727,0,0,0,0,1
E3-LS-p030,34.6015,-1,-1,ExactBaseline,0,0,0,0,1.20397,0,0.47462,0,0,0,0,1
E3-LS-p030,34.602,-1,-1,ExactBaseline,0,0,0,0,1.20397,0,0.86518,0,0,0,0,1
E3-LS-p030,34.6026,-1,-1,ExactBaseline,0,0,0,0,1.20397,0,0.504206,0,0,0,0,0.997446
E3-LS-p030,34.6054,-1,-1,ExactBaseline,0,0,0,0,1.20397,0,0.413429,0,0,0,0,1
E3-LS-p030,34.6137,-1,-1,ExactBaseline,0,0,0,0,1.20397,0,0.588203,0,0,0,0,1
E3-LS-p030,34.6161,-1,-1,ExactBaseline,0,0,0,0,1.20397,0,0.244324,0,0,0,0,1
E3-LS-p030,34.6173,-1,-1,ExactBaseline,0,0,0,0,1.20397,0,0.780805,0,0,0,0,1
E3-LS-p030,34.6323,-1,-1,ExactBaseline,0,0,0,0,1.20397,0,0.350005,0,0,0,0,1
E3-LS-p030,34.6336,-1,-1,ExactBaseline,0,0,0,0,1.20397,0,0.098534,0,0,0,0,0.997446
E3-LS-p030,34.6379,95,128,ExactBaseline,1,1,0.00194884,0.693147,1.20397,3,0.690821,0,0,0,0,0.997446
E3-LS-p030,34.6485,-1,-1,ExactBaseline,0,0,0,0,1.20397,0,0.441216,0,0,0,0,1
E3-LS-p030,34.6521,-1,-1,ExactBaseline,0,0,0,0,1.20397,0,0.247365,0,0,0,0,0.994892
E3-LS-p030,34.6686,-1,-1,ExactBaseline,0,0,0,0,1.20397,0,0.751721,0,0,0,0,1
E3-LS-p030,34.6751,-1,-1,ExactBaseline,0,0,0,0,1.20397,0,0.629149,0,0,0,0,1
E3-LS-p030,34.6773,-1,-1,ExactBaseline,0,0,0,0,1.20397,0,0.551339,0,0,0,0,0.994121
E3-LS-p030,34.6791,-1,-1,ExactBaseline,0,0,0,0,1.20397,0,0.661121,0,0,0,0,1
E3-LS-p030,34.6879,-1,-1,ExactBaseline,0,0,0,0,1.20397,0,0.087489,0,0,0,0,1
E3-LS-p030,34.6888,-1,-1,ExactBaseline,0,0,0,0,1.20397,0,0.714423,0,0,0,0,1
E3-LS-p030,34.6947,-1,-1,ExactBaseline,0,0,0,0,1.20397,0,0.807789,0,0,0,0,1
E3-LS-p030,34.7003,-1,-1,ExactBaseline,0,0,0,0,1.20397,0,0.252653,0,0,0,0,1
E3-LS-p030,34.7076,-1,-1,ExactBaseline,0,0,0,0,1.20397,0,0.108077,0,0,0,0,0.997446
E3-LS-p030,34.71,-1,-1,ExactBaseline,0,0,0,0,1.20397,0,0.052505,0,0,0,0,1
E3-LS-p030,34.7118,-1,-1,ExactBaseline,0,0,0,0,1.20397,0,0.076853,0,0,0,0,1
E3-LS-p030,34.7157,-1,-1,ExactBaseline,0,0,0,0,1.20397,0,0.689782,0,0,0,0,0.997446
E3-LS-p030,34.7291,-1,-1,ExactBaseline,0,0,0,0,1.20397,0,0.712211,0,0,0,0,1
E3-LS-p030,34.7297,-1,-1,ExactBaseline,0,0,0,0,1.20397,0,0.090673,0,0,0,0,1
E3-LS-p030,34.7309,-1,-1,ExactBaseline,0,0,0,0,1.20397,0,0.595934,0,0,0,0,1
E3-LS-p030,34.7337,-1,-1,ExactBaseline,0,0,0,0,1.20397,0,0.18055,0,0,0,0,1
E3-LS-p030,34.7364,-1,-1,ExactBaseline,0,0,0,0,1.20397,0,0.633415,0,0,0,0,1
E3-LS-p030,34.7471,-1,-1,ExactBaseline,0,0,0,0,1.20397,0,0.305094,0,0,0,0,1
E3-LS-p030,34.7478,-1,-1,ExactBaseline,0,0,0,0,1.20397,0,0.422293,0,0,0,0,1
E3-LS-p030,34.7548,-1,-1,ExactBaseline,0,0,0,0,1.20397,0,0.038429,0,0,0,0,1
E3-LS-p030,34.756,-1,-1,ExactBaseline,0,0,0,0,1.20397,0,0.448179,0,0,0,0,1
E3-LS-p030,34.7643,-1,-1,ExactBaseline,0,0,0,0,1.20397,0,0.704564,0,0,0,0,1
E3-LS-p030,34.7716,-1,-1,ExactBaseline,0,0,0,0,1.20397,0,0.434517,0,0,0,0,1
E3-LS-p030,34.7767,-1,-1,ExactBaseline,0,0,0,0,1.20397,0,0.620779,0,0,0,0,1
E3-LS-p030,34.7769,-1,-1,ExactBaseline,0,0,0,0,1.20397,0,0.033358,0,0,0,0,1
E3-LS-p030,34.7786,-1,-1,ExactBaseline,0,0,0,0,1.20397,0,0.099191,0,0,0,0,1
E3-LS-p030,34.7823,-1,-1,ExactBaseline,0,0,0,0,1.20397,0,0.392233,0,0,0,0,0.997446
E3-LS-p030,34.7889,-1,-1,ExactBaseline,0,0,0,0,1.20397,0,0.061128,0,0,0,0,1
E3-LS-p030,34.7959,-1,-1,ExactBaseline,0,0,0,0,1.20397,0,0.226268,0,0,0,0,0.997446
E3-LS-p030,34.8089,-1,-1,ExactBaseline,0,0,0,0,1.20397,0,0.552618,0,0,0,0,0.998357
E3-LS-p030,34.8131,-1,-1,ExactBaseline,0,0,0,0,1.20397,0,0.145565,0,0,0,0,1
E3-LS-p030,34.8149,-1,-1,ExactBaseline,0,0,0,0,1.20397,0,0.728955,0,0,0,0,0.999385
E3-LS-p030,34.8276,-1,-1,ExactBaseline,0,0,0,0,1.20397,0,0.583829,0,0,0,0,1
E3-LS-p030,34.8287,-1,-1,ExactBaseline,0,0,0,0,1.20397,0,0.503241,0,0,0,0,0.999385
E3-LS-p030,34.8364,-1,-1,ExactBaseline,0,0,0,0,1.20397,0,0.024113,0,0,0,0,1
E3-LS-p030,34.8439,-1,-1,ExactBaseline,0,0,0,0,1.20397,0,0.072775,0,0,0,0,1
E3-LS-p030,34.8562,-1,-1,ExactBaseline,0,0,0,0,1.20397,0,0.460717,0,0,0,0,1
E3-LS-p030,34.8572,-1,-1,ExactBaseline,0,0,0,0,1.20397,0,0.707167,0,0,0,0,1
E3-LS-p030,34.8685,-1,-1,ExactBaseline,0,0,0,0,1.20397,0,0.159784,0,0,0,0,1
E3-LS-p030,34.8736,-1,-1,ExactBaseline,0,0,0,0,1.20397,0,0.735984,0,0,0,0,1
E3-LS-p030,34.8776,-1,-1,ExactBaseline,0,0,0,0,1.20397,0,0.210895,0,0,0,0,1
E3-LS-p030,34.878,-1,-1,ExactBaseline,0,0,0,0,1.20397,0,0.58519,0,0,0,0,1
E3-LS-p030,34.8881,-1,-1,ExactBaseline,0,0,0,0,1.20397,0,0.408649,0,0,0,0,1
E3-LS-p030,34.8959,-1,-1,ExactBaseline,0,0,0,0,1.20397,0,0.706249,0,0,0,0,1
E3-LS-p030,34.9097,-1,-1,ExactBaseline,0,0,0,0,1.20397,0,0.803441,0,0,0,0,1
E3-LS-p030,34.9144,-1,-1,ExactBaseline,0,0,0,0,1.20397,0,0.131585,0,0,0,0,1
E3-LS-p030,34.9219,-1,-1,ExactBaseline,0,0,0,0,1.20397,0,0.560895,0,0,0,0,1
E3-LS-p030,34.9437,-1,-1,ExactBaseline,0,0,0,0,1.20397,0,0.339264,0,0,0,0,1
E3-LS-p030,34.9497,-1,-1,ExactBaseline,0,0,0,0,1.20397,0,0.056098,0,0,0,0,1
E3-LS-p030,34.9569,-1,-1,ExactBaseline,0,0,0,0,1.20397,0,0.777443,0,0,0,0,0.997446
E3-LS-p030,34.9579,-1,-1,ExactBaseline,0,0,0,0,1.20397,0,0.645085,0,0,0,0,1
E3-LS-p030,34.9654,40,225,ExactBaseline,1,1,0.00361969,1.08091,1.20397,4,1.28582,0,0,0,0,0.998769
E3-LS-p030,34.9679,-1,-1,ExactBaseline,0,0,0,0,1.20397,0,0.623873,0,0,0,0,0.997446
E3-LS-p030,34.978,-1,-1,ExactBaseline,0,0,0,0,1.20397,0,0.408638,0,0,0,0,1
E3-LS-p030,34.9785,-1,-1,ExactBaseline,0,0,0,0,1.20397,0,0.133558,0,0,0,0,1
E3-LS-p030,34.98,-1,-1,ExactBaseline,0,0,0,0,1.20397,0,0.710721,0,0,0,0,1
E3-LS-p030,34.9819,-1,-1,ExactBaseline,0,0,0,0,1.20397,0,0.539479,0,0,0,0,1
E3-LS-p030,34.986,-1,-1,ExactBaseline,0,0,0,0,1.20397,0,0.569263,0,0,0,0,1
E3-LS-p030,35.0064,-1,-1,ExactBaseline,0,0,0,0,1.20397,0,0.342268,0,0,0,0,1
E3-LS-p030,35.0125,-1,-1,ExactBaseline,0,0,0,0,1.20397,0,0.451146,0,0,0,0,1
E3-LS-p030,35.0259,-1,-1,ExactBaseline,0,0,0,0,1.20397,0,0.713193,0,0,0,0,1
E3-LS-p030,35.0289,-1,-1,ExactBaseline,0,0,0,0,1.20397,0,0.545058,0,0,0,0,1
E3-LS-p030,35.0345,-1,-1,ExactBaseline,0,0,0,0,1.20397,0,0.158196,0,0,0,0,0.997446
E3-LS-p030,35.0358,-1,-1,ExactBaseline,0,0,0,0,1.20397,0,0.444515,0,0,0,0,0.997446
E3-LS-p030,35.045,-1,-1,ExactBaseline,0,0,0,0,1.20397,0,0.497859,0,0,0,0,1
E3-LS-p030,35.0512,-1,-1,ExactBaseline,0,0,0,0,1.20397,0,0.119683,0,0,0,0,0.997446
E3-LS-p030,35.0587,-1,-1,ExactBaseline,0,0,0,0,1.20397,0,1.33199,0,0,0,0,0.999385
E3-LS-p030,35.06,-1,-1,ExactBaseline,0,0,0,0,1.20397,0,0.517919,0,0,0,0,1
E3-LS-p030,35.0602,-1,-1,ExactBaseline,0,0,0,0,1.20397,0,0.925822,0,0,0,0,1
E3-LS-p030,35.0825,-1,-1,ExactBaseline,0,0,0,0,1.20397,0,0.144222,0,0,0,0,1
E3-LS-p030,35.0889,-1,-1,ExactBaseline,0,0,0,0,1.20397,0,0.448511,0,0,0,0,1
E3-LS-p030,35.0895,-1,-1,ExactBaseline,0,0,0,0,1.20397,0,0.070245,0,0,0,0,1
E3-LS-p030,35.092,-1,-1,ExactBaseline,0,0,0,0,1.20397,0,0.942102,0,0,0,0,1
E3-LS-p030,35.0993,-1,-1,ExactBaseline,0,0,0,0,1.20397,0,0.41234,0,0,0,0,0.999385
E3-LS-p030,35.1039,285,382,ExactBaseline,1,1,0.00195706,0.693147,1.20397,3,0.542659,0,0,0,0,0.997446
E3-LS-p030,35.1068,-1,-1,ExactBaseline,0,0,0,0,1.20397,0,0.144854,0,0,0,0,1
E3-LS-p030,35.1089,-1,-1,ExactBaseline,0,0,0,0,1.20397,0,0.015982,0,0,0,0,1
E3-LS-p030,35.1136,-1,-1,ExactBaseline,0,0,0,0,1.20397,0,1.31661,0,0,0,0,1
E3-LS-p030,35.1179,179,19,ExactBaseline,1,1,0.00238553,0.693147,1.20397,3,0.789394,0,0,0,0,0.994892
E3-LS-p030,35.1314,-1,-1,ExactBaseline,0,0,0,0,1.20397,0,0.603308,0,0,0,0,1
E3-LS-p030,35.1394,-1,-1,ExactBaseline,0,0,0,0,1.20397,0,0.768959,0,0,0,0,0.982121
E3-LS-p030,35.1454,-1,-1,ExactBaseline,0,0,0,0,1.20397,0,0.362763,0,0,0,0,1
E3-LS-p030,35.1508,-1,-1,ExactBaseline,0,0,0,0,1.20397,0,0.135447,0,0,0,0,0.997446
E3-LS-p030,35.1585,-1,-1,ExactBaseline,0,0,0,0,1.20397,0,0.1196,0,0,0,0,1
E3-LS-p030,35.16,-1,-1,ExactBaseline,0,0,0,0,1.20397,0,0.131729,0,0,0,0,1
E3-LS-p030,35.1626,-1,-1,ExactBaseline,0,0,0,0,1.20397,0,1.09736,0,0,0,0,1
E3-LS-p030,35.1712,-1,-1,ExactBaseline,0,0,0,0,1.20397,0,0.663627,0,0,0,0,1
E3-LS-p030,35.1741,-1,-1,ExactBaseline,0,0,0,0,1.20397,0,0.16345,0,0,0,0,1
E3-LS-p030,35.1995,103,213,ExactBaseline,1,1,0.00194173,0.693147,1.20397,3,0.670945,0,0,0,0,0.994892
E3-LS-p030,35.1999,-1,-1,ExactBaseline,0,0,0,0,1.20397,0,0.632681,0,0,0,0,1
E3-LS-p030,35.2047,-1,-1,ExactBaseline,0,0,0,0,1.20397,0,0.557296,0,0,0,0,1
E3-LS-p030,35.2053,-1,-1,ExactBaseline,0,0,0,0,1.20397,0,1.00952,0,0,0,0,1
E3-LS-p030,35.2056,-1,-1,ExactBaseline,0,0,0,0,1.20397,0,0.113087,0,0,0,0,1
E3-LS-p030,35.2063,-1,-1,ExactBaseline,0,0,0,0,1.20397,0,0.678507,0,0,0,0,0.997446
E3-LS-p030,35.2104,-1,-1,ExactBaseline,0,0,0,0,1.20397,0,0.467329,0,0,0,0,1
E3-LS-p030,35.2106,172,462,ExactBaseline,1,1,0.00239338,0.693147,1.20397,3,0.918793,0,0,0,0,0.997446
E3-LS-p030,35.2211,-1,-1,ExactBaseline,0,0,0,0,1.20397,0,0.693853,0,0,0,0,1
E3-LS-p030,35.2216,-1,-1,ExactBaseline,0,0,0,0,1.20397,0,0.653081,0,0,0,0,1
E3-LS-p030,35.2218,-1,-1,ExactBaseline,0,0,0,0,1.20397,0,0.952663,0,0,0,0,1
E3-LS-p030,35.225,225,414,ExactBaseline,1,1,0.00241504,0.693147,1.20397,3,0.536732,0,0,0,0,0.997446
E3-LS-p030,35.2259,-1,-1,ExactBaseline,0,0,0,0,1.20397,0,0.069661,0,0,0,0,1
E3-LS-p030,35.2315,38,359,ExactBaseline,1,1,0.00337792,1.08091,1.20397,4,1.32672,0,0,0,0,0.999385
E3-LS-p030,35.2339,-1,-1,ExactBaseline,0,0,0,0,1.20397,0,0.233806,0,0,0,0,1
E3-LS-p030,35.2348,-1,-1,ExactBaseline,0,0,0,0,1.20397,0,0.056868,0,0,0,0,1
E3-LS-p030,35.237,66,412,ExactBaseline,1,1,0.00195404,0.693147,1.20397,3,0.387922,0,0,0,0,0.997446
E3-LS-p030,35.242,50,309,ExactBaseline,1,1,0.00218125,0.693147,1.20397,3,0.873219,0,0,0,0,0.997446
E3-LS-p030,35.2423,-1,-1,ExactBaseline,0,0,0,0,1.20397,0,0.989064,0,0,0,0,1
E3-LS-p030,35.2432,-1,-1,ExactBaseline,0,0,0,0,1.20397,0,0.759728,0,0,0,0,1
E3-LS-p030,35.247,-1,-1,ExactBaseline,0,0,0,0,1.20397,0,0.012382,0,0,0,0,1
E3-LS-p030,35.2493,-1,-1,ExactBaseline,0,0,0,0,1.20397,0,0.654611,0,0,0,0,1
E3-LS-p030,35.2636,-1,-1,ExactBaseline,0,0,0,0,1.20397,0,0.505989,0,0,0,0,1
E3-LS-p030,35.2692,-1,-1,ExactBaseline,0,0,0,0,1.20397,0,0.23915,0,0,0,0,0.997446
E3-LS-p030,35.2738,-1,-1,ExactBaseline,0,0,0,0,1.20397,0,0.465929,0,0,0,0,1
E3-LS-p030,35.2786,-1,-1,ExactBaseline,0,0,0,0,1.20397,0,0.079567,0,0,0,0,1
E3-LS-p030,35.2872,-1,-1,ExactBaseline,0,0,0,0,1.20397,0,0.332098,0,0,0,0,0.997446
E3-LS-p030,35.3116,-1,-1,ExactBaseline,0,0,0,0,1.20397,0,0.04377,0,0,0,0,1
E3-LS-p030,35.317,-1,-1,ExactBaseline,0,0,0,0,1.20397,0,0.056718,0,0,0,0,1
E3-LS-p030,35.3184,-1,-1,ExactBaseline,0,0,0,0,1.20397,0,0.09934,0,0,0,0,1
E3-LS-p030,35.3234,-1,-1,ExactBaseline,0,0,0,0,1.20397,0,0.394618,0,0,0,0,0.997446
E3-LS-p030,35.3238,-1,-1,ExactBaseline,0,0,0,0,1.20397,0,0.076216,0,0,0,0,1
E3-LS-p030,35.3356,-1,-1,ExactBaseline,0,0,0,0,1.20397,0,0.624455,0,0,0,0,1
E3-LS-p030,35.3471,-1,-1,ExactBaseline,0,0,0,0,1.20397,0,0.125437,0,0,0,0,1
E3-LS-p030,35.3493,-1,-1,ExactBaseline,0,0,0,0,1.20397,0,0.254492,0,0,0,0,1
E3-LS-p030,35.3654,-1,-1,ExactBaseline,0,0,0,0,1.20397,0,0.597756,0,0,0,0,0.995919
E3-LS-p030,35.3752,-1,-1,ExactBaseline,0,0,0,0,1.20397,0,0.011295,0,0,0,0,1
E3-LS-p030,35.3795,214,199,ExactBaseline,1,1,0.00204191,0.693147,1.20397,3,0.495525,0,0,0,0,0.997446
E3-LS-p030,35.3911,-1,-1,ExactBaseline,0,0,0,0,1.20397,0,0.851376,0,0,0,0,1
E3-LS-p030,35.4006,-1,-1,ExactBaseline,0,0,0,0,1.20397,0,0.873594,0,0,0,0,1
E3-LS-p030,35.4012,-1,-1,ExactBaseline,0,0,0,0,1.20397,0,0.831313,0,0,0,0,1
E3-LS-p030,35.4095,-1,-1,ExactBaseline,0,0,0,0,1.20397,0,0.05161,0,0,0,0,1
E3-LS-p030,35.416,-1,-1,ExactBaseline,0,0,0,0,1.20397,0,0.951936,0,0,0,0,1
E3-LS-p030,35.4246,-1,-1,ExactBaseline,0,0,0,0,1.20397,0,0.956974,0,0,0,0,0.997446
E3-LS-p030,35.4255,67,179,ExactBaseline,1,1,0.00217718,0.693147,1.20397,3,0.603484,0,0,0,0,0.992338
E3-LS-p030,35.432,-1,-1,ExactBaseline,0,0,0,0,1.20397,0,0.74818,0,0,0,0,1
E3-LS-p030,35.4394,-1,-1,ExactBaseline,0,0,0,0,1.20397,0,0.298432,0,0,0,0,1
E3-LS-p030,35.4399,-1,-1,ExactBaseline,0,0,0,0,1.20397,0,0.076194,0,0,0,0,1
E3-LS-p030,35.446,-1,-1,ExactBaseline,0,0,0,0,1.20397,0,0.451759,0,0,0,0,1
E3-LS-p030,35.4553,-1,-1,ExactBaseline,0,0,0,0,1.20397,0,0.86036,0,0,0,0,1
E3-LS-p030,35.4573,-1,-1,ExactBaseline,0,0,0,0,1.20397,0,0.523911,0,0,0,0,0.997446
E3-LS-p030,35.4602,-1,-1,ExactBaseline,0,0,0,0,1.20397,0,0.094561,0,0,0,0,0.997446
E3-LS-p030,35.4684,-1,-1,ExactBaseline,0,0,0,0,1.20397,0,0.717433,0,0,0,0,1
E3-LS-p030,35.4724,-1,-1,ExactBaseline,0,0,0,0,1.20397,0,0.091385,0,0,0,0,1
E3-LS-p030,35.4817,-1,-1,ExactBaseline,0,0,0,0,1.20397,0,0.869263,0,0,0,0,0.997446
E3-LS-p030,35.4905,-1,-1,ExactBaseline,0,0,0,0,1.20397,0,0.748062,0,0,0,0,1
E3-LS-p030,35.499,-1,-1,ExactBaseline,0,0,0,0,1.20397,0,0.452563,0,0,0,0,1
E3-LS-p030,35.5034,-1,-1,ExactBaseline,0,0,0,0,1.20397,0,0.166691,0,0,0,0,1
E3-LS-p030,35.5047,-1,-1,ExactBaseline,0,0,0,0,1.20397,0,0.108222,0,0,0,0,1
E3-LS-p030,35.5143,-1,-1,ExactBaseline,0,0,0,0,1.20397,0,0.63244,0,0,0,0,1
E3-LS-p030,35.5147,-1,-1,ExactBaseline,0,0,0,0,1.20397,0,0.325284,0,0,0,0,0.997446
E3-LS-p030,35.5196,-1,-1,ExactBaseline,0,0,0,0,1.20397,0,0.485969,0,0,0,0,1
E3-LS-p030,35.5226,-1,-1,ExactBaseline,0,0,0,0,1.20397,0,0.509204,0,0,0,0,0.997446
E3-LS-p030,35.5226,-1,-1,ExactBaseline,0,0,0,0,1.20397,0,0.482505,0,0,0,0,1
E3-LS-p030,35.5267,-1,-1,ExactBaseline,0,0,0,0,1.20397,0,0.455249,0,0,0,0,1
E3-LS-p030,35.5304,-1,-1,ExactBaseline,0,0,0,0,1.20397,0,0.80598,0,0,0,0,1
E3-LS-p030,35.5349,-1,-1,ExactBaseline,0,0,0,0,1.20397,0,0.615563,0,0,0,0,1
E3-LS-p030,35.5365,186,224,ExactBaseline,1,1,0.00240085,0.693147,1.20397,3,0.764939,0,0,0,0,0.997446
E3-LS-p030,35.546,-1,-1,ExactBaseline,0,0,0,0,1.20397,0,0.537572,0,0,0,0,1
E3-LS-p030,35.547,91,179,ExactBaseline,1,1,0.00204761,0.693147,1.20397,3,0.706323,0,0,0,0,0.994892
E3-LS-p030,35.5542,-1,-1,ExactBaseline,0,0,0,0,1.20397,0,0.915352,0,0,0,0,1
E3-LS-p030,35.5606,-1,-1,ExactBaseline,0,0,0,0,1.20397,0,1.08658,0,0,0,0,1
E3-LS-p030,35.5775,-1,-1,ExactBaseline,0,0,0,0,1.20397,0,1.09917,0,0,0,0,1
E3-LS-p030,35.579,-1,-1,ExactBaseline,0,0,0,0,1.20397,0,0.518676,0,0,0,0,1
E3-LS-p030,35.5875,127,75,ExactBaseline,1,1,0.00240026,0.693147,1.20397,3,0.231871,0,0,0,0,0.997446
E3-LS-p030,35.5961,-1,-1,ExactBaseline,0,0,0,0,1.20397,0,0.890562,0,0,0,0,0.997446
E3-LS-p030,35.597,-1,-1,ExactBaseline,0,0,0,0,1.20397,0,0.754378,0,0,0,0,1
E3-LS-p030,35.5972,-1,-1,ExactBaseline,0,0,0,0,1.20397,0,0.507616,0,0,0,0,1
E3-LS-p030,35.6055,-1,-1,ExactBaseline,0,0,0,0,1.20397,0,0.103932,0,0,0,0,1
E3-LS-p030,35.6262,-1,-1,ExactBaseline,0,0,0,0,1.20397,0,0.053715,0,0,0,0,1
E3-LS-p030,35.6316,-1,-1,ExactBaseline,0,0,0,0,1.20397,0,0.797481,0,0,0,0,0.998357
E3-LS-p030,35.6365,-1,-1,ExactBaseline,0,0,0,0,1.20397,0,0.789875,0,0,0,0,1
E3-LS-p030,35.6418,-1,-1,ExactBaseline,0,0,0,0,1.20397,0,0.920776,0,0,0,0,1
E3-LS-p030,35.6516,-1,-1,ExactBaseline,0,0,0,0,1.20397,0,0.888039,0,0,0,0,1
E3-LS-p030,35.6757,-1,-1,ExactBaseline,0,0,0,0,1.20397,0,0.869346,0,0,0,0,1
E3-LS-p030,35.6803,-1,-1,ExactBaseline,0,0,0,0,1.20397,0,0.260392,0,0,0,0,1
E3-LS-p030,35.6821,-1,-1,ExactBaseline,0,0,0,0,1.20397,0,0.638914,0,0,0,0,1
E3-LS-p030,35.6846,-1,-1,ExactBaseline,0,0,0,0,1.20397,0,0.344989,0,0,0,0,0.997446
E3-LS-p030,35.685,-1,-1,ExactBaseline,0,0,0,0,1.20397,0,0.549784,0,0,0,0,1
E3-LS-p030,35.6869,35,222,ExactBaseline,1,1,0.00361071,1.08091,1.20397,4,0.550557,0,0,0,0,0.994276
E3-LS-p030,35.6944,-1,-1,ExactBaseline,0,0,0,0,1.20397,0,0.465236,0,0,0,0,1
E3-LS-p030,35.6949,-1,-1,ExactBaseline,0,0,0,0,1.20397,0,0.324681,0,0,0,0,1
E3-LS-p030,35.6981,-1,-1,ExactBaseline,0,0,0,0,1.20397,0,0.496676,0,0,0,0,0.997446
E3-LS-p030,35.6981,-1,-1,ExactBaseline,0,0,0,0,1.20397,0,0.076212,0,0,0,0,1
E3-LS-p030,35.7015,-1,-1,ExactBaseline,0,0,0,0,1.20397,0,0.914633,0,0,0,0,0.997446
E3-LS-p030,35.7018,-1,-1,ExactBaseline,0,0,0,0,1.20397,0,0.114755,0,0,0,0,1
E3-LS-p030,35.7095,266,133,ExactBaseline,1,1,0.00193977,0.693147,1.20397,3,0.619597,0,0,0,0,0.997446
E3-LS-p030,35.7168,-1,-1,ExactBaseline,0,0,0,0,1.20397,0,0.469342,0,0,0,0,0.997446
E3-LS-p030,35.7179,-1,-1,ExactBaseline,0,0,0,0,1.20397,0,0.408986,0,0,0,0,1
E3-LS-p030,35.7213,-1,-1,ExactBaseline,0,0,0,0,1.20397,0,0.766375,0,0,0,0,1
E3-LS-p030,35.725,-1,-1,ExactBaseline,0,0,0,0,1.20397,0,0.580103,0,0,0,0,0.994892
E3-LS-p030,35.7327,-1,-1,ExactBaseline,0,0,0,0,1.20397,0,0.092975,0,0,0,0,1
E3-LS-p030,35.7331,-1,-1,ExactBaseline,0,0,0,0,1.20397,0,0.522326,0,0,0,0,1
E3-LS-p030,35.7354,-1,-1,ExactBaseline,0,0,0,0,1.20397,0,0.443549,0,0,0,0,1
E3-LS-p030,35.7398,-1,-1,ExactBaseline,0,0,0,0,1.20397,0,0.7986,0,0,0,0,1
E3-LS-p030,35.7501,106,427,ExactBaseline,1,1,0.00241354,0.693147,1.20397,3,0.463987,0,0,0,0,0.994892
E3-LS-p030,35.7543,-1,-1,ExactBaseline,0,0,0,0,1.20397,0,0.554592,0,0,0,0,0.997446
E3-LS-p030,35.7657,335,354,ExactBaseline,1,1,0.00193099,0.693147,1.20397,3,0.534161,0,0,0,0,0.997446
E3-LS-p030,35.7683,-1,-1,ExactBaseline,0,0,0,0,1.20397,0,0.925485,0,0,0,0,0.998357
E3-LS-p030,35.7693,-1,-1,ExactBaseline,0,0,0,0,1.20397,0,0.849264,0,0,0,0,1
E3-LS-p030,35.7726,-1,-1,ExactBaseline,0,0,0,0,1.20397,0,0.520974,0,0,0,0,1
E3-LS-p030,35.7745,-1,-1,ExactBaseline,0,0,0,0,1.20397,0,0.635852,0,0,0,0,0.997446
E3-LS-p030,35.7892,234,171,ExactBaseline,1,1,0.00243222,0.693147,1.20397,3,0.374613,0,0,0,0,0.997446
E3-LS-p030,35.7909,-1,-1,ExactBaseline,0,0,0,0,1.20397,0,0.288095,0,0,0,0,0.997446
E3-LS-p030,35.7917,-1,-1,ExactBaseline,0,0,0,0,1.20397,0,1.13868,0,0,0,0,1
E3-LS-p030,35.8057,-1,-1,ExactBaseline,0,0,0,0,1.20397,0,0.427937,0,0,0,0,1
E3-LS-p030,35.8105,284,104,ExactBaseline,1,1,0.00200938,0.693147,1.20397,3,0.594429,0,0,0,0,0.997446
E3-LS-p030,35.8192,-1,-1,ExactBaseline,0,0,0,0,1.20397,0,0.671419,0,0,0,0,1
E3-LS-p030,35.8206,-1,-1,ExactBaseline,0,0,0,0,1.20397,0,0.22972,0,0,0,0,1
E3-LS-p030,35.8236,-1,-1,ExactBaseline,0,0,0,0,1.20397,0,0.875767,0,0,0,0,0.993365
E3-LS-p030,35.827,-1,-1,ExactBaseline,0,0,0,0,1.20397,0,0.463361,0,0,0,0,1
E3-LS-p030,35.8346,-1,-1,ExactBaseline,0,0,0,0,1.20397,0,0.192917,0,0,0,0,1
E3-LS-p030,35.8383,-1,-1,ExactBaseline,0,0,0,0,1.20397,0,0.345035,0,0,0,0,0.994892
E3-LS-p030,35.8393,-1,-1,ExactBaseline,0,0,0,0,1.20397,0,0.794368,0,0,0,0,1
E3-LS-p030,35.8467,-1,-1,ExactBaseline,0,0,0,0,1.20397,0,1.09029,0,0,0,0,1
E3-LS-p030,35.847,-1,-1,ExactBaseline,0,0,0,0,1.20397,0,0.502942,0,0,0,0,1
E3-LS-p030,35.8562,-1,-1,ExactBaseline,0,0,0,0,1.20397,0,0.547012,0,0,0,0,1
E3-LS-p030,35.8632,-1,-1,ExactBaseline,0,0,0,0,1.20397,0,1.65529,0,0,0,0,0.999385
E3-LS-p030,35.8635,-1,-1,ExactBaseline,0,0,0,0,1.20397,0,1.22493,0,0,0,0,1
E3-LS-p030,35.8659,-1,-1,ExactBaseline,0,0,0,0,1.20397,0,0.679062,0,0,0,0,1
E3-LS-p030,35.87,-1,-1,ExactBaseline,0,0,0,0,1.20397,0,0.758323,0,0,0,0,0.997446
E3-LS-p030,35.8787,254,128,ExactBaseline,1,1,0.00242377,0.693147,1.20397,3,0.657015,0,0,0,0,0.997446
E3-LS-p030,35.8791,-1,-1,ExactBaseline,0,0,0,0,1.20397,0,0.872472,0,0,0,0,0.994276
E3-LS-p030,35.8833,-1,-1,ExactBaseline,0,0,0,0,1.20397,0,1.14106,0,0,0,0,0.994892
E3-LS-p030,35.8863,-1,-1,ExactBaseline,0,0,0,0,1.20397,0,0.824023,0,0,0,0,1
E3-LS-p030,35.8973,-1,-1,ExactBaseline,0,0,0,0,1.20397,0,0.095849,0,0,0,0,1
E3-LS-p030,35.8993,-1,-1,ExactBaseline,0,0,0,0,1.20397,0,0.035757,0,0,0,0,1
E3-LS-p030,35.9248,-1,-1,ExactBaseline,0,0,0,0,1.20397,0,0.891048,0,0,0,0,1
E3-LS-p030,35.928,-1,-1,ExactBaseline,0,0,0,0,1.20397,0,0.567808,0,0,0,0,1
E3-LS-p030,35.9366,-1,-1,ExactBaseline,0,0,0,0,1.20397,0,0.85643,0,0,0,0,1
E3-LS-p030,35.9403,-1,-1,ExactBaseline,0,0,0,0,1.20397,0,0.131581,0,0,0,0,1
E3-LS-p030,35.9525,328,439,ExactBaseline,1,1,0.00195349,0.693147,1.20397,3,0.455871,0,0,0,0,0.997446
E3-LS-p030,35.9584,-1,-1,ExactBaseline,0,0,0,0,1.20397,0,0.585145,0,0,0,0,1
E3-LS-p030,35.9719,41,157,ExactBaseline,1,1,0.00360603,1.08091,1.20397,4,1.69028,0,0,0,0,0.991519
E3-LS-p030,35.981,-1,-1,ExactBaseline,0,0,0,0,1.20397,0,0.451729,0,0,0,0,1
E3-LS-p030,35.9815,-1,-1,ExactBaseline,0,0,0,0,1.20397,0,0.543413,0,0,0,0,1
E3-LS-p030,35.9821,-1,-1,ExactBaseline,0,0,0,0,1.20397,0,0.222315,0,0,0,0,1
E3-LS-p030,35.9879,-1,-1,ExactBaseline,0,0,0,0,1.20397,0,0.826044,0,0,0,0,1
E3-LS-p030,36.002,-1,-1,ExactBaseline,0,0,0,0,1.20397,0,0.849271,0,0,0,0,1
E3-LS-p030,36.0054,-1,-1,ExactBaseline,0,0,0,0,1.20397,0,0.861113,0,0,0,0,1
E3-LS-p030,36.0119,-1,-1,ExactBaseline,0,0,0,0,1.20397,0,0.394211,0,0,0,0,1
E3-LS-p030,36.0153,-1,-1,ExactBaseline,0,0,0,0,1.20397,0,1.43372,0,0,0,0,0.997446
E3-LS-p030,36.0171,24,427,ExactBaseline,1,1,0.00482472,1.1633,1.20397,5,0.62441,0,0,0,0,0.999797
E3-LS-p030,36.0189,-1,-1,ExactBaseline,0,0,0,0,1.20397,0,0.454408,0,0,0,0,1
E3-LS-p030,36.0191,-1,-1,ExactBaseline,0,0,0,0,1.20397,0,0.125706,0,0,0,0,0.997446
E3-LS-p030,36.0214,-1,-1,ExactBaseline,0,0,0,0,1.20397,0,0.064728,0,0,0,0,1
E3-LS-p030,36.0261,-1,-1,ExactBaseline,0,0,0,0,1.20397,0,0.403672,0,0,0,0,0.997446
E3-LS-p030,36.0273,-1,-1,ExactBaseline,0,0,0,0,1.20397,0,0.469774,0,0,0,0,0.996831
E3-LS-p030,36.0348,-1,-1,ExactBaseline,0,0,0,0,1.20397,0,0.206658,0,0,0,0,1
E3-LS-p030,36.0396,-1,-1,ExactBaseline,0,0,0,0,1.20397,0,0.914356,0,0,0,0,1
E3-LS-p030,36.0461,-1,-1,ExactBaseline,0,0,0,0,1.20397,0,0.595478,0,0,0,0,1
E3-LS-p030,36.0519,-1,-1,ExactBaseline,0,0,0,0,1.20397,0,0.680805,0,0,0,0,1
E3-LS-p030,36.0547,-1,-1,ExactBaseline,0,0,0,0,1.20397,0,0.7688,0,0,0,0,1
E3-LS-p030,36.0571,-1,-1,ExactBaseline,0,0,0,0,1.20397,0,0.480692,0,0,0,0,1
E3-LS-p030,36.058,-1,-1,ExactBaseline,0,0,0,0,1.20397,0,0.61695,0,0,0,0,1
E3-LS-p030,36.0581,139,370,ExactBaseline,1,1,0.00195587,0.693147,1.20397,3,0.391329,0,0,0,0,0.997446
E3-LS-p030,36.0605,-1,-1,ExactBaseline,0,0,0,0,1.20397,0,0.234715,0,0,0,0,1
E3-LS-p030,36.0612,-1,-1,ExactBaseline,0,0,0,0,1.20397,0,0.562441,0,0,0,0,1
E3-LS-p030,36.0722,-1,-1,ExactBaseline,0,0,0,0,1.20397,0,0.32719,0,0,0,0,1
E3-LS-p030,36.0756,-1,-1,ExactBaseline,0,0,0,0,1.20397,0,0.283564,0,0,0,0,1
E3-LS-p030,36.0981,-1,-1,ExactBaseline,0,0,0,0,1.20397,0,0.32268,0,0,0,0,0.997446
E3-LS-p030,36.0981,-1,-1,ExactBaseline,0,0,0,0,1.20397,0,0.151184,0,0,0,0,0.997446
E3-LS-p030,36.1025,-1,-1,ExactBaseline,0,0,0,0,1.20397,0,0.547955,0,0,0,0,0.997446
E3-LS-p030,36.1207,-1,-1,ExactBaseline,0,0,0,0,1.20397,0,0.063491,0,0,0,0,1
E3-LS-p030,36.1253,-1,-1,ExactBaseline,0,0,0,0,1.20397,0,0.34684,0,0,0,0,1
E3-LS-p030,36.1282,-1,-1,ExactBaseline,0,0,0,0,1.20397,0,0.020597,0,0,0,0,1
E3-LS-p030,36.1299,-1,-1,ExactBaseline,0,0,0,0,1.20397,0,0.660503,0,0,0,0,1
E3-LS-p030,36.1384,-1,-1,ExactBaseline,0,0,0,0,1.20397,0,0.656069,0,0,0,0,1
E3-LS-p030,36.1544,-1,-1,ExactBaseline,0,0,0,0,1.20397,0,0.753287,0,0,0,0,1
E3-LS-p030,36.1666,-1,-1,ExactBaseline,0,0,0,0,1.20397,0,0.824332,0,0,0,0,0.997816
E3-LS-p030,36.168,-1,-1,ExactBaseline,0,0,0,0,1.20397,0,0.970076,0,0,0,0,1
E3-LS-p030,36.1691,-1,-1,ExactBaseline,0,0,0,0,1.20397,0,0.136369,0,0,0,0,1
E3-LS-p030,36.1793,-1,-1,ExactBaseline,0,0,0,0,1.20397,0,0.150865,0,0,0,0,1
E3-LS-p030,36.1833,-1,-1,ExactBaseline,0,0,0,0,1.20397,0,0.230313,0,0,0,0,1
E3-LS-p030,36.1834,-1,-1,ExactBaseline,0,0,0,0,1.20397,0,1.01146,0,0,0,0,0.994892
E3-LS-p030,36.1837,185,235,ExactBaseline,1,1,0.00242717,0.693147,1.20397,3,0.308314,0,0,0,0,0.994892
E3-LS-p030,36.2045,-1,-1,ExactBaseline,0,0,0,0,1.20397,0,0.449093,0,0,0,0,1
E3-LS-p030,36.2083,167,379,ExactBaseline,1,1,0.00239401,0.693147,1.20397,3,0.706823,0,0,0,0,0.997446
E3-LS-p030,36.2109,-1,-1,ExactBaseline,0,0,0,0,1.20397,0,0.5356,0,0,0,0,0.996831
E3-LS-p030,36.2147,-1,-1,ExactBaseline,0,0,0,0,1.20397,0,0.559201,0,0,0,0,0.997446
E3-LS-p030,36.2149,-1,-1,ExactBaseline,0,0,0,0,1.20397,0,1.22958,0,0,0,0,1
E3-LS-p030,36.2357,-1,-1,ExactBaseline,0,0,0,0,1.20397,0,0.095917,0,0,0,0,1
E3-LS-p030,36.2389,-1,-1,ExactBaseline,0,0,0,0,1.20397,0,0.067741,0,0,0,0,1
E3-LS-p030,36.2418,-1,-1,ExactBaseline,0,0,0,0,1.20397,0,0.519964,0,0,0,0,1
E3-LS-p030,36.2497,-1,-1,ExactBaseline,0,0,0,0,1.20397,0,0.163084,0,0,0,0,1
E3-LS-p030,36.2501,-1,-1,ExactBaseline,0,0,0,0,1.20397,0,0.063352,0,0,0,0,1
E3-LS-p030,36.2538,-1,-1,ExactBaseline,0,0,0,0,1.20397,0,0.867526,0,0,0,0,1
E3-LS-p030,36.2636,-1,-1,ExactBaseline,0,0,0,0,1.20397,0,0.903635,0,0,0,0,0.997446
E3-LS-p030,36.2779,-1,-1,ExactBaseline,0,0,0,0,1.20397,0,1.29959,0,0,0,0,1
E3-LS-p030,36.2965,-1,-1,ExactBaseline,0,0,0,0,1.20397,0,0.524311,0,0,0,0,1
E3-LS-p030,36.302,-1,-1,ExactBaseline,0,0,0,0,1.20397,0,0.818698,0,0,0,0,0.996715
E3-LS-p030,36.3072,276,64,ExactBaseline,1,1,0.00195748,0.693147,1.20397,3,0.623369,0,0,0,0,0.997446
E3-LS-p030,36.3156,-1,-1,ExactBaseline,0,0,0,0,1.20397,0,0.461151,0,0,0,0,1
E3-LS-p030,36.3166,-1,-1,ExactBaseline,0,0,0,0,1.20397,0,0.753184,0,0,0,0,0.997446
E3-LS-p030,36.3245,-1,-1,ExactBaseline,0,0,0,0,1.20397,0,1.4593,0,0,0,0,0.997446
E3-LS-p030,36.3271,-1,-1,ExactBaseline,0,0,0,0,1.20397,0,0.672771,0,0,0,0,1
E3-LS-p030,36.3289,-1,-1,ExactBaseline,0,0,0,0,1.20397,0,0.537174,0,0,0,0,1
E3-LS-p030,36.3318,-1,-1,ExactBaseline,0,0,0,0,1.20397,0,0.110697,0,0,0,0,0.997446
E3-LS-p030,36.3412,-1,-1,ExactBaseline,0,0,0,0,1.20397,0,0.645544,0,0,0,0,1
E3-LS-p030,36.3419,-1,-1,ExactBaseline,0,0,0,0,1.20397,0,1.68253,0,0,0,0,1
E3-LS-p030,36.3441,-1,-1,ExactBaseline,0,0,0,0,1.20397,0,0.139017,0,0,0,0,1
E3-LS-p030,36.373,-1,-1,ExactBaseline,0,0,0,0,1.20397,0,0.960574,0,0,0,0,1
E3-LS-p030,36.3826,-1,-1,ExactBaseline,0,0,0,0,1.20397,0,0.282338,0,0,0,0,0.997446
E3-LS-p030,36.3841,-1,-1,ExactBaseline,0,0,0,0,1.20397,0,0.324006,0,0,0,0,0.997446
E3-LS-p030,36.3895,-1,-1,ExactBaseline,0,0,0,0,1.20397,0,0.746338,0,0,0,0,1
E3-LS-p030,36.3916,-1,-1,ExactBaseline,0,0,0,0,1.20397,0,0.505824,0,0,0,0,1
E3-LS-p030,36.3957,-1,-1,ExactBaseline,0,0,0,0,1.20397,0,0.717201,0,0,0,0,1
E3-LS-p030,36.4142,-1,-1,ExactBaseline,0,0,0,0,1.20397,0,0.554206,0,0,0,0,1
E3-LS-p030,36.4308,-1,-1,ExactBaseline,0,0,0,0,1.20397,0,0.129341,0,0,0,0,1
E3-LS-p030,36.4504,-1,-1,ExactBaseline,0,0,0,0,1.20397,0,0.695413,0,0,0,0,1
E3-LS-p030,36.4532,28,414,ExactBaseline,1,1,0.00204872,0.693147,1.20397,3,0.453594,0,0,0,0,0.997446
E3-LS-p030,36.4538,-1,-1,ExactBaseline,0,0,0,0,1.20397,0,0.528798,0,0,0,0,1
E3-LS-p030,36.4663,-1,-1,ExactBaseline,0,0,0,0,1.20397,0,0.043668,0,0,0,0,0.997446
E3-LS-p030,36.4682,-1,-1,ExactBaseline,0,0,0,0,1.20397,0,0.223973,0,0,0,0,1
E3-LS-p030,36.4689,-1,-1,ExactBaseline,0,0,0,0,1.20397,0,1.0174,0,0,0,0,1
E3-LS-p030,36.4716,-1,-1,ExactBaseline,0,0,0,0,1.20397,0,0.95241,0,0,0,0,1
E3-LS-p030,36.4806,-1,-1,ExactBaseline,0,0,0,0,1.20397,0,0.091297,0,0,0,0,1
E3-LS-p030,36.4809,-1,-1,ExactBaseline,0,0,0,0,1.20397,0,0.93976,0,0,0,0,0.996831
E3-LS-p030,36.4816,-1,-1,ExactBaseline,0,0,0,0,1.20397,0,0.11778,0,0,0,0,1
E3-LS-p030,36.501,-1,-1,ExactBaseline,0,0,0,0,1.20397,0,0.49001,0,0,0,0,0.994892
E3-LS-p030,36.5044,-1,-1,ExactBaseline,0,0,0,0,1.20397,0,0.310027,0,0,0,0,1
E3-LS-p030,36.5046,-1,-1,ExactBaseline,0,0,0,0,1.20397,0,0.307437,0,0,0,0,1
E3-LS-p030,36.5077,-1,-1,ExactBaseline,0,0,0,0,1.20397,0,0.094851,0,0,0,0,1
E3-LS-p030,36.5125,-1,-1,ExactBaseline,0,0,0,0,1.20397,0,0.540887,0,0,0,0,1
E3-LS-p030,36.5148,-1,-1,ExactBaseline,0,0,0,0,1.20397,0,0.430233,0,0,0,0,0.997446
E3-LS-p030,36.5245,-1,-1,ExactBaseline,0,0,0,0,1.20397,0,0.512845,0,0,0,0,1
E3-LS-p030,36.5295,-1,-1,ExactBaseline,0,0,0,0,1.20397,0,0.588596,0,0,0,0,1
E3-LS-p030,36.541,-1,-1,ExactBaseline,0,0,0,0,1.20397,0,0.097803,0,0,0,0,1
E3-LS-p030,36.568,-1,-1,ExactBaseline,0,0,0,0,1.20397,0,0.10584,0,0,0,0,1
E3-LS-p030,36.5684,-1,-1,ExactBaseline,0,0,0,0,1.20397,0,1.24664,0,0,0,0,0.997446
E3-LS-p030,36.5702,-1,-1,ExactBaseline,0,0,0,0,1.20397,0,1.09996,0,0,0,0,1
E3-LS-p030,36.5853,-1,-1,ExactBaseline,0,0,0,0,1.20397,0,0.85347,0,0,0,0,1
E3-LS-p030,36.5908,-1,-1,ExactBaseline,0,0,0,0,1.20397,0,0.01911,0,0,0,0,1
E3-LS-p030,36.5926,-1,-1,ExactBaseline,0,0,0,0,1.20397,0,1.21591,0,0,0,0,1
E3-LS-p030,36.6015,-1,-1,ExactBaseline,0,0,0,0,1.20397,0,0.630624,0,0,0,0,1
E3-LS-p030,36.602,-1,-1,ExactBaseline,0,0,0,0,1.20397,0,0.850917,0,0,0,0,1
E3-LS-p030,36.6026,13,264,ExactBaseline,1,1,0.00196722,0.693147,1.20397,3,0.666931,0,0,0,0,0.994892
E3-LS-p030,36.6054,-1,-1,ExactBaseline,0,0,0,0,1.20397,0,0.424984,0,0,0,0,1
E3-LS-p030,36.6137,-1,-1,ExactBaseline,0,0,0,0,1.20397,0,0.604563,0,0,0,0,1
E3-LS-p030,36.6161,100,486,ExactBaseline,1,1,0.0021969,0.693147,1.20397,3,0.231947,0,0,0,0,0.997446
E3-LS-p030,36.6173,-1,-1,ExactBaseline,0,0,0,0,1.20397,0,0.729486,0,0,0,0,1
E3-LS-p030,36.6323,-1,-1,ExactBaseline,0,0,0,0,1.20397,0,0.401723,0,0,0,0,1
E3-LS-p030,36.6336,-1,-1,ExactBaseline,0,0,0,0,1.20397,0,0.075675,0,0,0,0,0.997446
E3-LS-p030,36.6379,-1,-1,ExactBaseline,0,0,0,0,1.20397,0,0.859374,0,0,0,0,0.997446
E3-LS-p030,36.6444,-1,-1,ExactBaseline,0,0,0,0,1.20397,0,0.070603,0,0,0,0,1
E3-LS-p030,36.6485,-1,-1,ExactBaseline,0,0,0,0,1.20397,0,0.57557,0,0,0,0,1
E3-LS-p030,36.6521,-1,-1,ExactBaseline,0,0,0,0,1.20397,0,0.276892,0,0,0,0,0.994892
E3-LS-p030,36.6686,221,339,ExactBaseline,1,1,0.00193892,0.693147,1.20397,3,0.631053,0,0,0,0,0.997446
E3-LS-p030,36.6751,-1,-1,ExactBaseline,0,0,0,0,1.20397,0,1.13098,0,0,0,0,1
E3-LS-p030,36.6773,-1,-1,ExactBaseline,0,0,0,0,1.20397,0,0.531636,0,0,0,0,0.994121
E3-LS-p030,36.6791,-1,-1,ExactBaseline,0,0,0,0,1.20397,0,0.760175,0,0,0,0,1
E3-LS-p030,36.6879,-1,-1,ExactBaseline,0,0,0,0,1.20397,0,0.046465,0,0,0,0,1
E3-LS-p030,36.6888,-1,-1,ExactBaseline,0,0,0,0,1.20397,0,0.887023,0,0,0,0,1
E3-LS-p030,36.6947,-1,-1,ExactBaseline,0,0,0,0,1.20397,0,0.864037,0,0,0,0,1
E3-LS-p030,36.7003,-1,-1,ExactBaseline,0,0,0,0,1.20397,0,0.279679,0,0,0,0,1
E3-LS-p030,36.7076,-1,-1,ExactBaseline,0,0,0,0,1.20397,0,0.131187,0,0,0,0,0.997446
E3-LS-p030,36.71,-1,-1,ExactBaseline,0,0,0,0,1.20397,0,0.115279,0,0,0,0,1
E3-LS-p030,36.7118,-1,-1,ExactBaseline,0,0,0,0,1.20397,0,0.149693,0,0,0,0,1
E3-LS-p030,36.7157,-1,-1,ExactBaseline,0,0,0,0,1.20397,0,0.823701,0,0,0,0,0.997446
E3-LS-p030,36.7291,-1,-1,ExactBaseline,0,0,0,0,1.20397,0,0.71176,0,0,0,0,1
E3-LS-p030,36.7297,-1,-1,ExactBaseline,0,0,0,0,1.20397,0,0.070358,0,0,0,0,1
E3-LS-p030,36.7309,-1,-1,ExactBaseline,0,0,0,0,1.20397,0,0.52996,0,0,0,0,1
E3-LS-p030,36.7337,-1,-1,ExactBaseline,0,0,0,0,1.20397,0,0.131022,0,0,0,0,1
E3-LS-p030,36.7364,-1,-1,ExactBaseline,0,0,0,0,1.20397,0,0.679299,0,0,0,0,1
E3-LS-p030,36.7471,-1,-1,ExactBaseline,0,0,0,0,1.20397,0,0.25305,0,0,0,0,1
E3-LS-p030,36.7478,-1,-1,ExactBaseline,0,0,0,0,1.20397,0,0.431591,0,0,0,0,1
E3-LS-p030,36.7548,-1,-1,ExactBaseline,0,0,0,0,1.20397,0,0.087908,0,0,0,0,1
E3-LS-p030,36.756,-1,-1,ExactBaseline,0,0,0,0,1.20397,0,0.556023,0,0,0,0,1
E3-LS-p030,36.7643,135,222,ExactBaseline,1,1,0.00197085,0.693147,1.20397,3,0.787333,0,0,0,0,0.997446
E3-LS-p030,36.7716,-1,-1,ExactBaseline,0,0,0,0,1.20397,0,0.44814,0,0,0,0,1
E3-LS-p030,36.7767,-1,-1,ExactBaseline,0,0,0,0,1.20397,0,0.64569,0,0,0,0,1
E3-LS-p030,36.7769,-1,-1,ExactBaseline,0,0,0,0,1.20397,0,0.03758,0,0,0,0,1
E3-LS-p030,36.7786,-1,-1,ExactBaseline,0,0,0,0,1.20397,0,0.104976,0,0,0,0,1
E3-LS-p030,36.7823,-1,-1,ExactBaseline,0,0,0,0,1.20397,0,0.48192,0,0,0,0,0.997446
E3-LS-p030,36.7889,-1,-1,ExactBaseline,0,0,0,0,1.20397,0,0.061929,0,0,0,0,1
E3-LS-p030,36.7959,-1,-1,ExactBaseline,0,0,0,0,1.20397,0,0.170696,0,0,0,0,0.997446
E3-LS-p030,36.8089,-1,-1,ExactBaseline,0,0,0,0,1.20397,0,0.633541,0,0,0,0,0.998357
E3-LS-p030,36.8131,-1,-1,ExactBaseline,0,0,0,0,1.20397,0,0.201076,0,0,0,0,1
E3-LS-p030,36.8149,-1,-1,ExactBaseline,0,0,0,0,1.20397,0,0.736982,0,0,0,0,0.999385
E3-LS-p030,36.8276,-1,-1,ExactBaseline,0,0,0,0,1.20397,0,0.750749,0,0,0,0,1
E3-LS-p030,36.8287,-1,-1,ExactBaseline,0,0,0,0,1.20397,0,0.820254,0,0,0,0,0.999385
E3-LS-p030,36.8364,-1,-1,ExactBaseline,0,0,0,0,1.20397,0,0.070135,0,0,0,0,1
E3-LS-p030,36.8407,-1,-1,ExactBaseline,0,0,0,0,1.20397,0,0.3598,0,0,0,0,1
E3-LS-p030,36.8439,-1,-1,ExactBaseline,0,0,0,0,1.20397,0,0.07843,0,0,0,0,1
E3-LS-p030,36.8562,200,499,ExactBaseline,1,1,0.00241109,0.693147,1.20397,3,0.54177,0,0,0,0,0.997446
E3-LS-p030,36.8572,-1,-1,ExactBaseline,0,0,0,0,1.20397,0,0.985,0,0,0,0,1
E3-LS-p030,36.8685,-1,-1,ExactBaseline,0,0,0,0,1.20397,0,0.221997,0,0,0,0,1
E3-LS-p030,36.8736,-1,-1,ExactBaseline,0,0,0,0,1.20397,0,0.933691,0,0,0,0,1
E3-LS-p030,36.8776,-1,-1,ExactBaseline,0,0,0,0,1.20397,0,0.276862,0,0,0,0,1
E3-LS-p030,36.878,-1,-1,ExactBaseline,0,0,0,0,1.20397,0,1.04085,0,0,0,0,1
E3-LS-p030,36.8881,-1,-1,ExactBaseline,0,0,0,0,1.20397,0,0.704216,0,0,0,0,1
E3-LS-p030,36.8958,-1,-1,ExactBaseline,0,0,0,0,1.20397,0,0.095061,0,0,0,0,1
E3-LS-p030,36.8959,-1,-1,ExactBaseline,0,0,0,0,1.20397,0,0.50745,0,0,0,0,1
E3-LS-p030,36.8959,-1,-1,ExactBaseline,0,0,0,0,1.20397,0,0.803982,0,0,0,0,1
E3-LS-p030,36.8982,334,262,ExactBaseline,1,1,0.00243662,0.693147,1.20397,3,1.00271,0,0,0,0,0.997446
E3-LS-p030,36.9097,-1,-1,ExactBaseline,0,0,0,0,1.20397,0,0.88213,0,0,0,0,1
E3-LS-p030,36.9144,-1,-1,ExactBaseline,0,0,0,0,1.20397,0,0.159472,0,0,0,0,1
E3-LS-p030,36.9219,203,214,ExactBaseline,1,1,0.00242335,0.693147,1.20397,3,0.640729,0,0,0,0,0.997446
E3-LS-p030,36.9437,-1,-1,ExactBaseline,0,0,0,0,1.20397,0,0.449814,0,0,0,0,1
E3-LS-p030,36.9497,-1,-1,ExactBaseline,0,0,0,0,1.20397,0,0.008558,0,0,0,0,1
E3-LS-p030,36.9553,-1,-1,ExactBaseline,0,0,0,0,1.20397,0,0.965856,0,0,0,0,1
E3-LS-p030,36.9569,-1,-1,ExactBaseline,0,0,0,0,1.20397,0,1.11778,0,0,0,0,0.997446
E3-LS-p030,36.9579,305,451,ExactBaseline,1,1,0.00241064,0.693147,1.20397,3,0.776199,0,0,0,0,0.997446
E3-LS-p030,36.9649,-1,-1,ExactBaseline,0,0,0,0,1.20397,0,0.450498,0,0,0,0,1
E3-LS-p030,36.9654,-1,-1,ExactBaseline,0,0,0,0,1.20397,0,1.21701,0,0,0,0,0.998769
E3-LS-p030,36.9661,-1,-1,ExactBaseline,0,0,0,0,1.20397,0,0.665822,0,0,0,0,1
E3-LS-p030,36.9679,-1,-1,ExactBaseline,0,0,0,0,1.20397,0,0.473209,0,0,0,0,0.997446
E3-LS-p030,36.978,-1,-1,ExactBaseline,0,0,0,0,1.20397,0,0.495797,0,0,0,0,1
E3-LS-p030,36.9785,-1,-1,ExactBaseline,0,0,0,0,1.20397,0,0.158666,0,0,0,0,1
E3-LS-p030,36.98,-1,-1,ExactBaseline,0,0,0,0,1.20397,0,1.02056,0,0,0,0,1
E3-LS-p030,36.9819,-1,-1,ExactBaseline,0,0,0,0,1.20397,0,0.445664,0,0,0,0,1
E3-LS-p030,36.986,-1,-1,ExactBaseline,0,0,0,0,1.20397,0,0.729354,0,0,0,0,1
E3-LS-p030,37.0064,166,439,ExactBaseline,1,1,0.00193949,0.693147,1.20397,3,0.417194,0,0,0,0,0.997446
E3-LS-p030,37.0125,-1,-1,ExactBaseline,0,0,0,0,1.20397,0,0.536327,0,0,0,0,1
E3-LS-p030,37.0259,150,244,ExactBaseline,1,1,0.00195751,0.693147,1.20397,3,0.658645,0,0,0,0,0.997446
E3-LS-p030,37.0289,-1,-1,ExactBaseline,0,0,0,0,1.20397,0,0.474235,0,0,0,0,1
E3-LS-p030,37.0345,-1,-1,ExactBaseline,0,0,0,0,1.20397,0,0.306426,0,0,0,0,0.997446
E3-LS-p030,37.0358,-1,-1,ExactBaseline,0,0,0,0,1.20397,0,0.457396,0,0,0,0,0.997446
E3-LS-p030,37.045,177,175,ExactBaseline,1,1,0.0019585,0.693147,1.20397,3,0.435158,0,0,0,0,0.997446
E3-LS-p030,37.0512,-1,-1,ExactBaseline,0,0,0,0,1.20397,0,0.155039,0,0,0,0,0.997446
E3-LS-p030,37.0587,-1,-1,ExactBaseline,0,0,0,0,1.20397,0,1.60353,0,0,0,0,0.999385
E3-LS-p030,37.06,-1,-1,ExactBaseline,0,0,0,0,1.20397,0,0.391236,0,0,0,0,1
E3-LS-p030,37.0602,-1,-1,ExactBaseline,0,0,0,0,1.20397,0,0.879831,0,0,0,0,1
E3-LS-p030,37.071,-1,-1,ExactBaseline,0,0,0,0,1.20397,0,0.715816,0,0,0,0,1
E3-LS-p030,37.0825,-1,-1,ExactBaseline,0,0,0,0,1.20397,0,0.10135,0,0,0,0,1
E3-LS-p030,37.0889,-1,-1,ExactBaseline,0,0,0,0,1.20397,0,0.468289,0,0,0,0,1
E3-LS-p030,37.0895,-1,-1,ExactBaseline,0,0,0,0,1.20397,0,0.06914,0,0,0,0,1
E3-LS-p030,37.092,-1,-1,ExactBaseline,0,0,0,0,1.20397,0,1.11716,0,0,0,0,1
E3-LS-p030,37.0939,-1,-1,ExactBaseline,0,0,0,0,1.20397,0,0.097027,0,0,0,0,1
E3-LS-p030,37.0993,46,439,ExactBaseline,1,1,0.00193949,0.693147,1.20397,3,0.421386,0,0,0,0,0.996831
E3-LS-p030,37.1039,-1,-1,ExactBaseline,0,0,0,0,1.20397,0,0.503834,0,0,0,0,0.997446
E3-LS-p030,37.1068,-1,-1,ExactBaseline,0,0,0,0,1.20397,0,0.177795,0,0,0,0,1
E3-LS-p030,37.1089,-1,-1,ExactBaseline,0,0,0,0,1.20397,0,0.08143,0,0,0,0,1
E3-LS-p030,37.1136,-1,-1,ExactBaseline,0,0,0,0,1.20397,0,2.33303,0,0,0,0,1
E3-LS-p030,37.1179,-1,-1,ExactBaseline,0,0,0,0,1.20397,0,0.926104,0,0,0,0,0.994892
E3-LS-p030,37.1314,-1,-1,ExactBaseline,0,0,0,0,1.20397,0,0.956785,0,0,0,0,1
E3-LS-p030,37.1394,12,168,ExactBaseline,1,1,0.00208021,0.693147,1.20397,3,0.783838,0,0,0,0,0.979567
E3-LS-p030,37.1454,-1,-1,ExactBaseline,0,0,0,0,1.20397,0,0.526425,0,0,0,0,1
E3-LS-p030,37.1508,-1,-1,ExactBaseline,0,0,0,0,1.20397,0,0.171922,0,0,0,0,0.997446
E3-LS-p030,37.1585,-1,-1,ExactBaseline,0,0,0,0,1.20397,0,0.115999,0,0,0,0,1
E3-LS-p030,37.16,-1,-1,ExactBaseline,0,0,0,0,1.20397,0,0.105709,0,0,0,0,1
E3-LS-p030,37.1626,-1,-1,ExactBaseline,0,0,0,0,1.20397,0,1.34483,0,0,0,0,1
E3-LS-p030,37.1712,297,153,ExactBaseline,1,1,0.00193645,0.693147,1.20397,3,0.48313,0,0,0,0,0.997446
E3-LS-p030,37.1741,-1,-1,ExactBaseline,0,0,0,0,1.20397,0,0.256652,0,0,0,0,1
E3-LS-p030,37.1988,-1,-1,ExactBaseline,0,0,0,0,1.20397,0,0.078189,0,0,0,0,1
E3-LS-p030,37.1995,-1,-1,ExactBaseline,0,0,0,0,1.20397,0,0.732134,0,0,0,0,0.994892
E3-LS-p030,37.1999,-1,-1,ExactBaseline,0,0,0,0,1.20397,0,0.602331,0,0,0,0,1
E3-LS-p030,37.2047,-1,-1,ExactBaseline,0,0,0,0,1.20397,0,0.989419,0,0,0,0,1
E3-LS-p030,37.2053,-1,-1,ExactBaseline,0,0,0,0,1.20397,0,1.191,0,0,0,0,1
E3-LS-p030,37.2056,-1,-1,ExactBaseline,0,0,0,0,1.20397,0,0.056963,0,0,0,0,1
E3-LS-p030,37.2063,107,502,ExactBaseline,1,1,0.00209244,0.693147,1.20397,3,0.838759,0,0,0,0,0.994892
E3-LS-p030,37.2104,-1,-1,ExactBaseline,0,0,0,0,1.20397,0,0.678662,0,0,0,0,1
E3-LS-p030,37.2106,172,415,ExactBaseline,1,1,0.00204077,0.693147,1.20397,3,1.03667,0,0,0,0,0.994892
E3-LS-p030,37.2143,-1,-1,ExactBaseline,0,0,0,0,1.20397,0,0.963003,0,0,0,0,1
E3-LS-p030,37.2211,-1,-1,ExactBaseline,0,0,0,0,1.20397,0,0.706359,0,0,0,0,1
E3-LS-p030,37.2216,-1,-1,ExactBaseline,0,0,0,0,1.20397,0,0.664117,0,0,0,0,1
E3-LS-p030,37.2218,-1,-1,ExactBaseline,0,0,0,0,1.20397,0,1.08482,0,0,0,0,1
E3-LS-p030,37.225,-1,-1,ExactBaseline,0,0,0,0,1.20397,0,0.950215,0,0,0,0,0.997446
E3-LS-p030,37.2259,-1,-1,ExactBaseline,0,0,0,0,1.20397,0,0.072258,0,0,0,0,1
E3-LS-p030,37.23,-1,-1,ExactBaseline,0,0,0,0,1.20397,0,0.252113,0,0,0,0,1
E3-LS-p030,37.2315,-1,-1,ExactBaseline,0,0,0,0,1.20397,0,1.3657,0,0,0,0,0.999385
E3-LS-p030,37.2339,-1,-1,ExactBaseline,0,0,0,0,1.20397,0,0.297555,0,0,0,0,1
E3-LS-p030,37.2348,-1,-1,ExactBaseline,0,0,0,0,1.20397,0,0.012385,0,0,0,0,1
E3-LS-p030,37.237,-1,-1,ExactBaseline,0,0,0,0,1.20397,0,0.499561,0,0,0,0,0.997446
E3-LS-p030,37.242,-1,-1,ExactBaseline,0,0,0,0,1.20397,0,1.20952,0,0,0,0,0.997446
E3-LS-p030,37.2423,52,418,ExactBaseline,1,1,0.00202809,0.693147,1.20397,3,0.783965,0,0,0,0,0.997446
E3-LS-p030,37.2432,-1,-1,ExactBaseline,0,0,0,0,1.20397,0,0.859117,0,0,0,0,1
E3-LS-p030,37.247,-1,-1,ExactBaseline,0,0,0,0,1.20397,0,0.043016,0,0,0,0,1
E3-LS-p030,37.2493,309,359,ExactBaseline,1,1,0.00198953,0.693147,1.20397,3,0.686464,0,0,0,0,0.997446
E3-LS-p030,37.2636,-1,-1,ExactBaseline,0,0,0,0,1.20397,0,0.438795,0,0,0,0,1
E3-LS-p030,37.2692,-1,-1,ExactBaseline,0,0,0,0,1.20397,0,0.193817,0,0,0,0,0.997446
E3-LS-p030,37.2738,-1,-1,ExactBaseline,0,0,0,0,1.20397,0,0.486223,0,0,0,0,1
E3-LS-p030,37.2786,-1,-1,ExactBaseline,0,0,0,0,1.20397,0,0.031209,0,0,0,0,1
E3-LS-p030,37.2872,-1,-1,ExactBaseline,0,0,0,0,1.20397,0,0.201164,0,0,0,0,0.997446
E3-LS-p030,37.3036,-1,-1,ExactBaseline,0,0,0,0,1.20397,0,0.073989,0,0,0,0,1
E3-LS-p030,37.3116,-1,-1,ExactBaseline,0,0,0,0,1.20397,0,0.050193,0,0,0,0,1
E3-LS-p030,37.317,-1,-1,ExactBaseline,0,0,0,0,1.20397,0,0.074196,0,0,0,0,1
E3-LS-p030,37.3184,-1,-1,ExactBaseline,0,0,0,0,1.20397,0,0.059203,0,0,0,0,1
E3-LS-p030,37.3234,-1,-1,ExactBaseline,0,0,0,0,1.20397,0,0.306788,0,0,0,0,0.997446
E3-LS-p030,37.3238,-1,-1,ExactBaseline,0,0,0,0,1.20397,0,0.047139,0,0,0,0,1
E3-LS-p030,37.3254,-1,-1,ExactBaseline,0,0,0,0,1.20397,0,0.323605,0,0,0,0,1
E3-LS-p030,37.3356,-1,-1,ExactBaseline,0,0,0,0,1.20397,0,0.617679,0,0,0,0,1
E3-LS-p030,37.3471,-1,-1,ExactBaseline,0,0,0,0,1.20397,0,0.110044,0,0,0,0,1
E3-LS-p030,37.3493,-1,-1,ExactBaseline,0,0,0,0,1.20397,0,0.403423,0,0,0,0,1
E3-LS-p030,37.3654,-1,-1,ExactBaseline,0,0,0,0,1.20397,0,1.13635,0,0,0,0,0.995919
E3-LS-p030,37.3752,-1,-1,ExactBaseline,0,0,0,0,1.20397,0,0.014044,0,0,0,0,1
E3-LS-p030,37.3795,-1,-1,ExactBaseline,0,0,0,0,1.20397,0,0.629817,0,0,0,0,0.997446
E3-LS-p030,37.3804,-1,-1,ExactBaseline,0,0,0,0,1.20397,0,0.542121,0,0,0,0,1
E3-LS-p030,37.3911,-1,-1,ExactBaseline,0,0,0,0,1.20397,0,0.869409,0,0,0,0,1
E3-LS-p030,37.3933,-1,-1,ExactBaseline,0,0,0,0,1.20397,0,0.476621,0,0,0,0,1
E3-LS-p030,37.395,-1,-1,ExactBaseline,0,0,0,0,1.20397,0,0.133097,0,0,0,0,1
E3-LS-p030,37.4006,-1,-1,ExactBaseline,0,0,0,0,1.20397,0,1.0982,0,0,0,0,1
E3-LS-p030,37.4012,-1,-1,ExactBaseline,0,0,0,0,1.20397,0,0.882296,0,0,0,0,1
E3-LS-p030,37.4095,-1,-1,ExactBaseline,0,0,0,0,1.20397,0,0.085546,0,0,0,0,1
E3-LS-p030,37.4115,-1,-1,ExactBaseline,0,0,0,0,1.20397,0,1.22315,0,0,0,0,1
E3-LS-p030,37.416,-1,-1,ExactBaseline,0,0,0,0,1.20397,0,0.993369,0,0,0,0,1
E3-LS-p030,37.4246,-1,-1,ExactBaseline,0,0,0,0,1.20397,0,1.19671,0,0,0,0,0.997446
E3-LS-p030,37.4255,-1,-1,ExactBaseline,0,0,0,0,1.20397,0,0.737478,0,0,0,0,0.992338
E3-LS-p030,37.432,-1,-1,ExactBaseline,0,0,0,0,1.20397,0,1.39464,0,0,0,0,1
E3-LS-p030,37.4394,-1,-1,ExactBaseline,0,0,0,0,1.20397,0,0.445227,0,0,0,0,1
E3-LS-p030,37.4399,-1,-1,ExactBaseline,0,0,0,0,1.20397,0,0.038958,0,0,0,0,1
E3-LS-p030,37.4553,-1,-1,ExactBaseline,0,0,0,0,1.20397,0,0.87321,0,0,0,0,1
E3-LS-p030,37.4573,-1,-1,ExactBaseline,0,0,0,0,1.20397,0,0.528136,0,0,0,0,0.997446
E3-LS-p030,37.4602,-1,-1,ExactBaseline,0,0,0,0,1.20397,0,0.082789,0,0,0,0,0.997446
E3-LS-p030,37.4684,-1,-1,ExactBaseline,0,0,0,0,1.20397,0,0.695781,0,0,0,0,1
E3-LS-p030,37.4724,-1,-1,ExactBaseline,0,0,0,0,1.20397,0,0.041105,0,0,0,0,1
E3-LS-p030,37.4817,-1,-1,ExactBaseline,0,0,0,0,1.20397,0,1.15319,0,0,0,0,0.997446
E3-LS-p030,37.4905,-1,-1,ExactBaseline,0,0,0,0,1.20397,0,0.742976,0,0,0,0,1
E3-LS-p030,37.499,-1,-1,ExactBaseline,0,0,0,0,1.20397,0,0.440084,0,0,0,0,1
E3-LS-p030,37.5034,-1,-1,ExactBaseline,0,0,0,0,1.20397,0,0.182344,0,0,0,0,1
E3-LS-p030,37.5047,-1,-1,ExactBaseline,0,0,0,0,1.20397,0,0.180696,0,0,0,0,1
E3-LS-p030,37.5143,93,272,ExactBaseline,1,1,0.00204697,0.693147,1.20397,3,0.759104,0,0,0,0,0.997446
E3-LS-p030,37.5147,-1,-1,ExactBaseline,0,0,0,0,1.20397,0,0.465217,0,0,0,0,0.997446
E3-LS-p030,37.5196,-1,-1,ExactBaseline,0,0,0,0,1.20397,0,0.3624,0,0,0,0,1
E3-LS-p030,37.5226,-1,-1,ExactBaseline,0,0,0,0,1.20397,0,0.68846,0,0,0,0,0.997446
E3-LS-p030,37.5226,-1,-1,ExactBaseline,0,0,0,0,1.20397,0,0.546847,0,0,0,0,1
E3-LS-p030,37.5267,274,354,ExactBaseline,1,1,0.00193086,0.693147,1.20397,3,0.44518,0,0,0,0,0.997446
E3-LS-p030,37.5304,-1,-1,ExactBaseline,0,0,0,0,1.20397,0,0.898271,0,0,0,0,1
E3-LS-p030,37.5349,-1,-1,ExactBaseline,0,0,0,0,1.20397,0,1.03175,0,0,0,0,1
E3-LS-p030,37.5365,-1,-1,ExactBaseline,0,0,0,0,1.20397,0,0.916725,0,0,0,0,0.997446
E3-LS-p030,37.5438,-1,-1,ExactBaseline,0,0,0,0,1.20397,0,0.958376,0,0,0,0,1
E3-LS-p030,37.546,169,211,ExactBaseline,1,1,0.00243952,0.693147,1.20397,3,0.825461,0,0,0,0,0.997446
E3-LS-p030,37.547,-1,-1,ExactBaseline,0,0,0,0,1.20397,0,0.609079,0,0,0,0,0.994892
E3-LS-p030,37.5542,-1,-1,ExactBaseline,0,0,0,0,1.20397,0,1.04485,0,0,0,0,1
E3-LS-p030,37.5606,-1,-1,ExactBaseline,0,0,0,0,1.20397,0,1.63083,0,0,0,0,1
E3-LS-p030,37.5775,118,262,ExactBaseline,1,1,0.00195367,0.693147,1.20397,3,1.13293,0,0,0,0,0.997446
E3-LS-p030,37.579,-1,-1,ExactBaseline,0,0,0,0,1.20397,0,0.499129,0,0,0,0,1
E3-LS-p030,37.5875,127,412,ExactBaseline,1,1,0.00195867,0.693147,1.20397,3,0.391507,0,0,0,0,0.994892
E3-LS-p030,37.5961,193,166,ExactBaseline,1,1,0.00239284,0.693147,1.20397,3,0.825189,0,0,0,0,0.994892
E3-LS-p030,37.597,-1,-1,ExactBaseline,0,0,0,0,1.20397,0,0.607353,0,0,0,0,1
E3-LS-p030,37.5972,-1,-1,ExactBaseline,0,0,0,0,1.20397,0,0.528551,0,0,0,0,1
E3-LS-p030,37.6055,-1,-1,ExactBaseline,0,0,0,0,1.20397,0,0.087964,0,0,0,0,1
E3-LS-p030,37.6262,-1,-1,ExactBaseline,0,0,0,0,1.20397,0,0.033577,0,0,0,0,1
E3-LS-p030,37.6316,-1,-1,ExactBaseline,0,0,0,0,1.20397,0,0.986208,0,0,0,0,0.998357
E3-LS-p030,37.6365,251,237,ExactBaseline,1,1,0.00243078,0.693147,1.20397,3,1.90183,0,0,0,0,0.997446
E3-LS-p030,37.6418,-1,-1,ExactBaseline,0,0,0,0,1.20397,0,1.68141,0,0,0,0,1
E3-LS-p030,37.6516,-1,-1,ExactBaseline,0,0,0,0,1.20397,0,0.830706,0,0,0,0,1
E3-LS-p030,37.6757,-1,-1,ExactBaseline,0,0,0,0,1.20397,0,1.03533,0,0,0,0,1
E3-LS-p030,37.6803,-1,-1,ExactBaseline,0,0,0,0,1.20397,0,0.307966,0,0,0,0,1
E3-LS-p030,37.6821,-1,-1,ExactBaseline,0,0,0,0,1.20397,0,0.718747,0,0,0,0,1
E3-LS-p030,37.6826,-1,-1,ExactBaseline,0,0,0,0,1.20397,0,0.704559,0,0,0,0,1
E3-LS-p030,37.6846,-1,-1,ExactBaseline,0,0,0,0,1.20397,0,0.519327,0,0,0,0,0.997446
E3-LS-p030,37.685,-1,-1,ExactBaseline,0,0,0,0,1.20397,0,0.646687,0,0,0,0,1
E3-LS-p030,37.6869,-1,-1,ExactBaseline,0,0,0,0,1.20397,0,2.16229,0,0,0,0,0.994276
E3-LS-p030,37.6909,-1,-1,ExactBaseline,0,0,0,0,1.20397,0,0.692504,0,0,0,0,1
E3-LS-p030,37.6944,-1,-1,ExactBaseline,0,0,0,0,1.20397,0,0.469437,0,0,0,0,1
E3-LS-p030,37.6949,183,140,ExactBaseline,1,1,0.00242474,0.693147,1.20397,3,0.3426,0,0,0,0,0.997446
E3-LS-p030,37.6981,-1,-1,ExactBaseline,0,0,0,0,1.20397,0,0.430767,0,0,0,0,0.997446
E3-LS-p030,37.6981,-1,-1,ExactBaseline,0,0,0,0,1.20397,0,0.070518,0,0,0,0,1
E3-LS-p030,37.7015,-1,-1,ExactBaseline,0,0,0,0,1.20397,0,0.60991,0,0,0,0,0.997446
E3-LS-p030,37.7018,-1,-1,ExactBaseline,0,0,0,0,1.20397,0,0.09283,0,0,0,0,1
E3-LS-p030,37.7025,-1,-1,ExactBaseline,0,0,0,0,1.20397,0,0.019118,0,0,0,0,1
E3-LS-p030,37.7095,-1,-1,ExactBaseline,0,0,0,0,1.20397,0,1.0343,0,0,0,0,0.997446
E3-LS-p030,37.7168,-1,-1,ExactBaseline,0,0,0,0,1.20397,0,0.528091,0,0,0,0,0.997446
E3-LS-p030,37.7179,-1,-1,ExactBaseline,0,0,0,0,1.20397,0,0.53892,0,0,0,0,1
E3-LS-p030,37.7213,-1,-1,ExactBaseline,0,0,0,0,1.20397,0,0.222464,0,0,0,0,1
E3-LS-p030,37.725,-1,-1,ExactBaseline,0,0,0,0,1.20397,0,0.94301,0,0,0,0,0.994892
E3-LS-p030,37.7327,-1,-1,ExactBaseline,0,0,0,0,1.20397,0,0.063314,0,0,0,0,1
E3-LS-p030,37.7331,-1,-1,ExactBaseline,0,0,0,0,1.20397,0,0.542716,0,0,0,0,1
E3-LS-p030,37.7354,-1,-1,ExactBaseline,0,0,0,0,1.20397,0,0.557587,0,0,0,0,1
E3-LS-p030,37.7359,-1,-1,ExactBaseline,0,0,0,0,1.20397,0,0.971795,0,0,0,0,1
E3-LS-p030,37.7398,27,295,ExactBaseline,1,1,0.00314518,1.08091,1.20397,4,0.964126,0,0,0,0,0.999385
E3-LS-p030,37.7501,-1,-1,ExactBaseline,0,0,0,0,1.20397,0,0.531098,0,0,0,0,0.994892
E3-LS-p030,37.7543,-1,-1,ExactBaseline,0,0,0,0,1.20397,0,0.464759,0,0,0,0,0.997446
E3-LS-p030,37.7657,-1,-1,ExactBaseline,0,0,0,0,1.20397,0,0.474203,0,0,0,0,0.997446
E3-LS-p030,37.7683,-1,-1,ExactBaseline,0,0,0,0,1.20397,0,1.24665,0,0,0,0,0.998357
E3-LS-p030,37.7693,-1,-1,ExactBaseline,0,0,0,0,1.20397,0,1.1555,0,0,0,0,1
E3-LS-p030,37.7726,-1,-1,ExactBaseline,0,0,0,0,1.20397,0,0.435349,0,0,0,0,1
E3-LS-p030,37.7745,-1,-1,ExactBaseline,0,0,0,0,1.20397,0,0.322258,0,0,0,0,0.997446
E3-LS-p030,37.7892,-1,-1,ExactBaseline,0,0,0,0,1.20397,0,0.355542,0,0,0,0,0.997446
E3-LS-p030,37.7909,-1,-1,ExactBaseline,0,0,0,0,1.20397,0,0.306228,0,0,0,0,0.997446
E3-LS-p030,37.7917,-1,-1,ExactBaseline,0,0,0,0,1.20397,0,1.10124,0,0,0,0,1
E3-LS-p030,37.8057,-1,-1,ExactBaseline,0,0,0,0,1.20397,0,0.547858,0,0,0,0,1
E3-LS-p030,37.8096,-1,-1,ExactBaseline,0,0,0,0,1.20397,0,0.171772,0,0,0,0,1
E3-LS-p030,37.8105,-1,-1,ExactBaseline,0,0,0,0,1.20397,0,0.626743,0,0,0,0,0.997446
E3-LS-p030,37.8192,-1,-1,ExactBaseline,0,0,0,0,1.20397,0,1.40955,0,0,0,0,1
E3-LS-p030,37.8206,-1,-1,ExactBaseline,0,0,0,0,1.20397,0,0.25674,0,0,0,0,1
E3-LS-p030,37.8236,5,139,ExactBaseline,1,1,0.00242892,0.693147,1.20397,3,0.930733,0,0,0,0,0.990811
E3-LS-p030,37.827,332,478,ExactBaseline,1,1,0.00242813,0.693147,1.20397,3,0.620262,0,0,0,0,0.997446
E3-LS-p030,37.8346,-1,-1,ExactBaseline,0,0,0,0,1.20397,0,0.120086,0,0,0,0,1
E3-LS-p030,37.8383,-1,-1,ExactBaseline,0,0,0,0,1.20397,0,0.42934,0,0,0,0,0.994892
E3-LS-p030,37.8393,-1,-1,ExactBaseline,0,0,0,0,1.20397,0,0.956186,0,0,0,0,1
E3-LS-p030,37.8467,-1,-1,ExactBaseline,0,0,0,0,1.20397,0,0.708842,0,0,0,0,1
E3-LS-p030,37.847,184,378,ExactBaseline,1,1,0.0019555,0.875469,1.20397,3,0.596241,0,0,0,0,0.998357
E3-LS-p030,37.8552,-1,-1,ExactBaseline,0,0,0,0,1.20397,0,0.89685,0,0,0,0,1
E3-LS-p030,37.8562,-1,-1,ExactBaseline,0,0,0,0,1.20397,0,0.562905,0,0,0,0,1
E3-LS-p030,37.8602,-1,-1,ExactBaseline,0,0,0,0,1.20397,0,1.01517,0,0,0,0,1
E3-LS-p030,37.8612,-1,-1,ExactBaseline,0,0,0,0,1.20397,0,0.934146,0,0,0,0,1
E3-LS-p030,37.8632,-1,-1,ExactBaseline,0,0,0,0,1.20397,0,2.08955,0,0,0,0,0.999385
E3-LS-p030,37.8635,-1,-1,ExactBaseline,0,0,0,0,1.20397,0,0.428582,0,0,0,0,1
E3-LS-p030,37.8659,-1,-1,ExactBaseline,0,0,0,0,1.20397,0,0.947689,0,0,0,0,1
E3-LS-p030,37.87,-1,-1,ExactBaseline,0,0,0,0,1.20397,0,1.11224,0,0,0,0,0.997446
E3-LS-p030,37.8787,-1,-1,ExactBaseline,0,0,0,0,1.20397,0,0.774969,0,0,0,0,0.997446
E3-LS-p030,37.8791,58,126,ExactBaseline,1,1,0.00195631,0.693147,1.20397,3,1.12614,0,0,0,0,0.991722
E3-LS-p030,37.8833,-1,-1,ExactBaseline,0,0,0,0,1.20397,0,1.12078,0,0,0,0,0.994892
E3-LS-p030,37.8863,-1,-1,ExactBaseline,0,0,0,0,1.20397,0,0.977788,0,0,0,0,1
E3-LS-p030,37.8973,-1,-1,ExactBaseline,0,0,0,0,1.20397,0,0.040454,0,0,0,0,1
E3-LS-p030,37.8993,-1,-1,ExactBaseline,0,0,0,0,1.20397,0,0.044677,0,0,0,0,1
E3-LS-p030,37.9248,-1,-1,ExactBaseline,0,0,0,0,1.20397,0,1.10713,0,0,0,0,1
E3-LS-p030,37.928,-1,-1,ExactBaseline,0,0,0,0,1.20397,0,0.611666,0,0,0,0,1
E3-LS-p030,37.9366,-1,-1,ExactBaseline,0,0,0,0,1.20397,0,1.09432,0,0,0,0,1
E3-LS-p030,37.9403,-1,-1,ExactBaseline,0,0,0,0,1.20397,0,0.110135,0,0,0,0,1
E3-LS-p030,37.9448,-1,-1,ExactBaseline,0,0,0,0,1.20397,0,0.035685,0,0,0,0,1
E3-LS-p030,37.9525,-1,-1,ExactBaseline,0,0,0,0,1.20397,0,0.470888,0,0,0,0,0.997446
E3-LS-p030,37.9584,-1,-1,ExactBaseline,0,0,0,0,1.20397,0,1.04813,0,0,0,0,1
E3-LS-p030,37.9719,-1,-1,ExactBaseline,0,0,0,0,1.20397,0,1.92572,0,0,0,0,0.991519
E3-LS-p030,37.981,-1,-1,ExactBaseline,0,0,0,0,1.20397,0,0.462129,0,0,0,0,1
E3-LS-p030,37.9815,-1,-1,ExactBaseline,0,0,0,0,1.20397,0,0.619838,0,0,0,0,1
E3-LS-p030,37.9821,42,96,ExactBaseline,1,1,0.00243043,0.693147,1.20397,3,0.129395,0,0,0,0,0.997446
E3-LS-p030,37.9879,-1,-1,ExactBaseline,0,0,0,0,1.20397,0,0.693774,0,0,0,0,1
E3-LS-p030,38.002,-1,-1,ExactBaseline,0,0,0,0,1.20397,0,0.813063,0,0,0,0,1
E3-LS-p030,38.0054,-1,-1,ExactBaseline,0,0,0,0,1.20397,0,0.977871,0,0,0,0,1
E3-LS-p030,38.0119,30,466,ExactBaseline,1,1,0.00242606,0.693147,1.20397,3,0.631798,0,0,0,0,0.997446
E3-LS-p030,38.0153,21,507,ExactBaseline,1,1,0.0031488,1.08091,1.20397,4,1.33828,0,0,0,0,0.996831
E3-LS-p030,38.0171,-1,-1,ExactBaseline,0,0,0,0,1.20397,0,0.658687,0,0,0,0,0.999797
E3-LS-p030,38.0189,-1,-1,ExactBaseline,0,0,0,0,1.20397,0,0.521543,0,0,0,0,1
E3-LS-p030,38.0191,10,245,ExactBaseline,1,1,0.00194598,0.693147,1.20397,3,0.091928,0,0,0,0,0.994892
E3-LS-p030,38.0214,-1,-1,ExactBaseline,0,0,0,0,1.20397,0,0.029706,0,0,0,0,1
E3-LS-p030,38.0261,-1,-1,ExactBaseline,0,0,0,0,1.20397,0,0.408724,0,0,0,0,0.997446
E3-LS-p030,38.0273,-1,-1,ExactBaseline,0,0,0,0,1.20397,0,0.512408,0,0,0,0,0.996831
E3-LS-p030,38.0348,-1,-1,ExactBaseline,0,0,0,0,1.20397,0,0.100117,0,0,0,0,1
E3-LS-p030,38.0396,-1,-1,ExactBaseline,0,0,0,0,1.20397,0,1.06866,0,0,0,0,1
E3-LS-p030,38.0461,165,246,ExactBaseline,1,1,0.00196022,0.693147,1.20397,3,0.615762,0,0,0,0,0.997446
E3-LS-p030,38.0519,-1,-1,ExactBaseline,0,0,0,0,1.20397,0,0.710504,0,0,0,0,1
E3-LS-p030,38.0547,310,486,ExactBaseline,1,1,0.00196296,0.693147,1.20397,3,0.476073,0,0,0,0,0.997446
E3-LS-p030,38.0571,-1,-1,ExactBaseline,0,0,0,0,1.20397,0,0.370733,0,0,0,0,1
E3-LS-p030,38.058,-1,-1,ExactBaseline,0,0,0,0,1.20397,0,0.548817,0,0,0,0,1
E3-LS-p030,38.0581,-1,-1,ExactBaseline,0,0,0,0,1.20397,0,0.371816,0,0,0,0,0.997446
E3-LS-p030,38.0605,-1,-1,ExactBaseline,0,0,0,0,1.20397,0,0.252591,0,0,0,0,1
E3-LS-p030,38.0612,-1,-1,ExactBaseline,0,0,0,0,1.20397,0,0.663012,0,0,0,0,1
E3-LS-p030,38.0722,-1,-1,ExactBaseline,0,0,0,0,1.20397,0,0.257168,0,0,0,0,1
E3-LS-p030,38.0756,-1,-1,ExactBaseline,0,0,0,0,1.20397,0,0.258002,0,0,0,0,1
E3-LS-p030,38.0981,-1,-1,ExactBaseline,0,0,0,0,1.20397,0,0.348836,0,0,0,0,0.997446
E3-LS-p030,38.0981,-1,-1,ExactBaseline,0,0,0,0,1.20397,0,0.134916,0,0,0,0,0.997446
E3-LS-p030,38.1025,-1,-1,ExactBaseline,0,0,0,0,1.20397,0,0.660685,0,0,0,0,0.997446
E3-LS-p030,38.1207,-1,-1,ExactBaseline,0,0,0,0,1.20397,0,0.082676,0,0,0,0,1
E3-LS-p030,38.1253,-1,-1,ExactBaseline,0,0,0,0,1.20397,0,0.601459,0,0,0,0,1
E3-LS-p030,38.1282,-1,-1,ExactBaseline,0,0,0,0,1.20397,0,0.030834,0,0,0,0,1
E3-LS-p030,38.1299,-1,-1,ExactBaseline,0,0,0,0,1.20397,0,0.491841,0,0,0,0,1
E3-LS-p030,38.1384,-1,-1,ExactBaseline,0,0,0,0,1.20397,0,0.799031,0,0,0,0,1
E3-LS-p030,38.1544,-1,-1,ExactBaseline,0,0,0,0,1.20397,0,0.693139,0,0,0,0,1
E3-LS-p030,38.1666,-1,-1,ExactBaseline,0,0,0,0,1.20397,0,0.777535,0,0,0,0,0.997816
E3-LS-p030,38.168,-1,-1,ExactBaseline,0,0,0,0,1.20397,0,1.09623,0,0,0,0,1
E3-LS-p030,38.1683,-1,-1,ExactBaseline,0,0,0,0,1.20397,0,0.421581,0,0,0,0,1
E3-LS-p030,38.1691,-1,-1,ExactBaseline,0,0,0,0,1.20397,0,0.096239,0,0,0,0,1
E3-LS-p030,38.1793,-1,-1,ExactBaseline,0,0,0,0,1.20397,0,0.12496,0,0,0,0,1
E3-LS-p030,38.1833,-1,-1,ExactBaseline,0,0,0,0,1.20397,0,0.335425,0,0,0,0,1
E3-LS-p030,38.1834,31,4,ExactBaseline,1,1,0.00361429,1.08091,1.20397,4,1.14319,0,0,0,0,0.994276
E3-LS-p030,38.1837,-1,-1,ExactBaseline,0,0,0,0,1.20397,0,0.399303,0,0,0,0,0.994892
E3-LS-p030,38.2045,-1,-1,ExactBaseline,0,0,0,0,1.20397,0,0.594247,0,0,0,0,1
E3-LS-p030,38.2083,-1,-1,ExactBaseline,0,0,0,0,1.20397,0,0.761466,0,0,0,0,0.997446
E3-LS-p030,38.2088,-1,-1,ExactBaseline,0,0,0,0,1.20397,0,1.14967,0,0,0,0,1
E3-LS-p030,38.2109,-1,-1,ExactBaseline,0,0,0,0,1.20397,0,0.620497,0,0,0,0,0.996831
E3-LS-p030,38.2147,-1,-1,ExactBaseline,0,0,0,0,1.20397,0,0.719338,0,0,0,0,0.997446
E3-LS-p030,38.2149,-1,-1,ExactBaseline,0,0,0,0,1.20397,0,1.3663,0,0,0,0,1
E3-LS-p030,38.2357,-1,-1,ExactBaseline,0,0,0,0,1.20397,0,0.062004,0,0,0,0,1
E3-LS-p030,38.2389,-1,-1,ExactBaseline,0,0,0,0,1.20397,0,0.04064,0,0,0,0,1
E3-LS-p030,38.2418,-1,-1,ExactBaseline,0,0,0,0,1.20397,0,0.684215,0,0,0,0,1
E3-LS-p030,38.2497,-1,-1,ExactBaseline,0,0,0,0,1.20397,0,0.111643,0,0,0,0,1
E3-LS-p030,38.2501,-1,-1,ExactBaseline,0,0,0,0,1.20397,0,0.05607,0,0,0,0,1
E3-LS-p030,38.2538,-1,-1,ExactBaseline,0,0,0,0,1.20397,0,0.540098,0,0,0,0,1
E3-LS-p030,38.2636,-1,-1,ExactBaseline,0,0,0,0,1.20397,0,0.786987,0,0,0,0,0.997446
E3-LS-p030,38.2779,-1,-1,ExactBaseline,0,0,0,0,1.20397,0,1.0299,0,0,0,0,1
E3-LS-p030,38.2965,-1,-1,ExactBaseline,0,0,0,0,1.20397,0,0.580452,0,0,0,0,1
E3-LS-p030,38.302,-1,-1,ExactBaseline,0,0,0,0,1.20397,0,0.802738,0,0,0,0,0.996715
E3-LS-p030,38.3072,-1,-1,ExactBaseline,0,0,0,0,1.20397,0,0.740358,0,0,0,0,0.997446
E3-LS-p030,38.3156,-1,-1,ExactBaseline,0,0,0,0,1.20397,0,0.498939,0,0,0,0,1
E3-LS-p030,38.3166,-1,-1,ExactBaseline,0,0,0,0,1.20397,0,1.58131,0,0,0,0,0.997446
E3-LS-p030,38.3245,-1,-1,ExactBaseline,0,0,0,0,1.20397,0,1.79116,0,0,0,0,0.997446
E3-LS-p030,38.3268,-1,-1,ExactBaseline,0,0,0,0,1.20397,0,0.148474,0,0,0,0,1
E3-LS-p030,38.3271,-1,-1,ExactBaseline,0,0,0,0,1.20397,0,0.680929,0,0,0,0,1
E3-LS-p030,38.3289,-1,-1,ExactBaseline,0,0,0,0,1.20397,0,0.482982,0,0,0,0,1
E3-LS-p030,38.3318,224,343,ExactBaseline,1,1,0.0024162,0.693147,1.20397,3,0.172409,0,0,0,0,0.994892
E3-LS-p030,38.3412,-1,-1,ExactBaseline,0,0,0,0,1.20397,0,0.624868,0,0,0,0,1
E3-LS-p030,38.3419,-1,-1,ExactBaseline,0,0,0,0,1.20397,0,1.93924,0,0,0,0,1
E3-LS-p030,38.3441,-1,-1,ExactBaseline,0,0,0,0,1.20397,0,0.06695,0,0,0,0,1
E3-LS-p030,38.373,-1,-1,ExactBaseline,0,0,0,0,1.20397,0,0.745937,0,0,0,0,1
E3-LS-p030,38.3826,-1,-1,ExactBaseline,0,0,0,0,1.20397,0,0.257726,0,0,0,0,0.997446
E3-LS-p030,38.3841,-1,-1,ExactBaseline,0,0,0,0,1.20397,0,0.16755,0,0,0,0,0.997446
E3-LS-p030,38.3895,-1,-1,ExactBaseline,0,0,0,0,1.20397,0,0.759919,0,0,0,0,1
E3-LS-p030,38.3916,270,4,ExactBaseline,1,1,0.0024226,0.693147,1.20397,3,0.496363,0,0,0,0,0.997446
E3-LS-p030,38.3957,-1,-1,ExactBaseline,0,0,0,0,1.20397,0,0.518235,0,0,0,0,1
E3-LS-p030,38.4142,-1,-1,ExactBaseline,0,0,0,0,1.20397,0,0.510236,0,0,0,0,1
E3-LS-p030,38.4308,-1,-1,ExactBaseline,0,0,0,0,1.20397,0,0.083891,0,0,0,0,1
E3-LS-p030,38.4504,-1,-1,ExactBaseline,0,0,0,0,1.20397,0,0.692946,0,0,0,0,1
E3-LS-p030,38.4532,-1,-1,ExactBaseline,0,0,0,0,1.20397,0,0.389117,0,0,0,0,0.997446
E3-LS-p030,38.4538,-1,-1,ExactBaseline,0,0,0,0,1.20397,0,0.683398,0,0,0,0,1
E3-LS-p030,38.4663,-1,-1,ExactBaseline,0,0,0,0,1.20397,0,0.064048,0,0,0,0,0.997446
E3-LS-p030,38.4682,-1,-1,ExactBaseline,0,0,0,0,1.20397,0,0.187581,0,0,0,0,1
E3-LS-p030,38.4689,-1,-1,ExactBaseline,0,0,0,0,1.20397,0,1.06969,0,0,0,0,1
E3-LS-p030,38.4716,-1,-1,ExactBaseline,0,0,0,0,1.20397,0,0.997938,0,0,0,0,1
E3-LS-p030,38.4806,-1,-1,ExactBaseline,0,0,0,0,1.20397,0,0.036697,0,0,0,0,1
E3-LS-p030,38.4809,-1,-1,ExactBaseline,0,0,0,0,1.20397,0,1.05135,0,0,0,0,0.996831
E3-LS-p030,38.4816,-1,-1,ExactBaseline,0,0,0,0,1.20397,0,0.084167,0,0,0,0,1
E3-LS-p030,38.4985,-1,-1,ExactBaseline,0,0,0,0,1.20397,0,0.125744,0,0,0,0,1
E3-LS-p030,38.501,-1,-1,ExactBaseline,0,0,0,0,1.20397,0,0.644163,0,0,0,0,0.994892
E3-LS-p030,38.5044,-1,-1,ExactBaseline,0,0,0,0,1.20397,0,0.398361,0,0,0,0,1
E3-LS-p030,38.5046,-1,-1,ExactBaseline,0,0,0,0,1.20397,0,0.298844,0,0,0,0,1
E3-LS-p030,38.5077,-1,-1,ExactBaseline,0,0,0,0,1.20397,0,0.065006,0,0,0,0,1
E3-LS-p030,38.5125,-1,-1,ExactBaseline,0,0,0,0,1.20397,0,0.508297,0,0,0,0,1
E3-LS-p030,38.5148,-1,-1,ExactBaseline,0,0,0,0,1.20397,0,0.486228,0,0,0,0,0.997446
E3-LS-p030,38.5245,-1,-1,ExactBaseline,0,0,0,0,1.20397,0,0.476011,0,0,0,0,1
E3-LS-p030,38.5295,-1,-1,ExactBaseline,0,0,0,0,1.20397,0,0.675354,0,0,0,0,1
E3-LS-p030,38.541,-1,-1,ExactBaseline,0,0,0,0,1.20397,0,0.116392,0,0,0,0,1
E3-LS-p030,38.568,-1,-1,ExactBaseline,0,0,0,0,1.20397,0,0.045563,0,0,0,0,1
E3-LS-p030,38.5684,119,379,ExactBaseline,1,1,0.0021758,0.693147,1.20397,3,1.35714,0,0,0,0,0.994892
E3-LS-p030,38.5702,-1,-1,ExactBaseline,0,0,0,0,1.20397,0,0.959807,0,0,0,0,1
E3-LS-p030,38.5853,-1,-1,ExactBaseline,0,0,0,0,1.20397,0,1.21772,0,0,0,0,1
E3-LS-p030,38.5908,-1,-1,ExactBaseline,0,0,0,0,1.20397,0,0.039495,0,0,0,0,1
E3-LS-p030,38.5926,-1,-1,ExactBaseline,0,0,0,0,1.20397,0,0.413033,0,0,0,0,1
E3-LS-p030,38.6015,-1,-1,ExactBaseline,0,0,0,0,1.20397,0,0.538871,0,0,0,0,1
E3-LS-p030,38.602,-1,-1,ExactBaseline,0,0,0,0,1.20397,0,0.947913,0,0,0,0,1
E3-LS-p030,38.6026,-1,-1,ExactBaseline,0,0,0,0,1.20397,0,0.796544,0,0,0,0,0.994892
E3-LS-p030,38.6054,-1,-1,ExactBaseline,0,0,0,0,1.20397,0,0.581918,0,0,0,0,1
E3-LS-p030,38.6137,-1,-1,ExactBaseline,0,0,0,0,1.20397,0,0.647613,0,0,0,0,1
E3-LS-p030,38.6161,-1,-1,ExactBaseline,0,0,0,0,1.20397,0,0.489415,0,0,0,0,0.997446
E3-LS-p030,38.6173,-1,-1,ExactBaseline,0,0,0,0,1.20397,0,1.03775,0,0,0,0,1
E3-LS-p030,38.6323,-1,-1,ExactBaseline,0,0,0,0,1.20397,0,1.02153,0,0,0,0,1
E3-LS-p030,38.6336,-1,-1,ExactBaseline,0,0,0,0,1.20397,0,0.114455,0,0,0,0,0.997446
E3-LS-p030,38.6379,95,149,ExactBaseline,1,1,0.00201687,0.693147,1.20397,3,1.02977,0,0,0,0,0.994892
E3-LS-p030,38.6444,-1,-1,ExactBaseline,0,0,0,0,1.20397,0,0.102785,0,0,0,0,1
E3-LS-p030,38.6485,-1,-1,ExactBaseline,0,0,0,0,1.20397,0,0.583194,0,0,0,0,1
E3-LS-p030,38.6521,-1,-1,ExactBaseline,0,0,0,0,1.20397,0,0.344557,0,0,0,0,0.994892
E3-LS-p030,38.6603,-1,-1,ExactBaseline,0,0,0,0,1.20397,0,1.23677,0,0,0,0,1
E3-LS-p030,38.6642,-1,-1,ExactBaseline,0,0,0,0,1.20397,0,0.468079,0,0,0,0,1
E3-LS-p030,38.6686,-1,-1,ExactBaseline,0,0,0,0,1.20397,0,0.80554,0,0,0,0,0.997446
E3-LS-p030,38.6751,-1,-1,ExactBaseline,0,0,0,0,1.20397,0,0.806426,0,0,0,0,1
E3-LS-p030,38.6773,-1,-1,ExactBaseline,0,0,0,0,1.20397,0,0.493101,0,0,0,0,0.994121
E3-LS-p030,38.6791,-1,-1,ExactBaseline,0,0,0,0,1.20397,0,0.782553,0,0,0,0,1
E3-LS-p030,38.6879,-1,-1,ExactBaseline,0,0,0,0,1.20397,0,0.114479,0,0,0,0,1
E3-LS-p030,38.6888,-1,-1,ExactBaseline,0,0,0,0,1.20397,0,0.84763,0,0,0,0,1
E3-LS-p030,38.6947,-1,-1,ExactBaseline,0,0,0,0,1.20397,0,0.84194,0,0,0,0,1
E3-LS-p030,38.7003,-1,-1,ExactBaseline,0,0,0,0,1.20397,0,0.321625,0,0,0,0,1
E3-LS-p030,38.7076,-1,-1,ExactBaseline,0,0,0,0,1.20397,0,0.093596,0,0,0,0,0.997446
E3-LS-p030,38.71,-1,-1,ExactBaseline,0,0,0,0,1.20397,0,0.067009,0,0,0,0,1
E3-LS-p030,38.7118,-1,-1,ExactBaseline,0,0,0,0,1.20397,0,0.10285,0,0,0,0,1
E3-LS-p030,38.7157,-1,-1,ExactBaseline,0,0,0,0,1.20397,0,0.846715,0,0,0,0,0.997446
E3-LS-p030,38.7291,243,124,ExactBaseline,1,1,0.00193646,0.693147,1.20397,3,0.945603,0,0,0,0,0.997446
E3-LS-p030,38.7297,-1,-1,ExactBaseline,0,0,0,0,1.20397,0,0.042033,0,0,0,0,1
E3-LS-p030,38.7309,-1,-1,ExactBaseline,0,0,0,0,1.20397,0,0.627189,0,0,0,0,1
E3-LS-p030,38.7337,159,517,ExactBaseline,1,1,0.0019605,0.693147,1.20397,3,0.247633,0,0,0,0,0.997446
E3-LS-p030,38.7364,-1,-1,ExactBaseline,0,0,0,0,1.20397,0,0.709604,0,0,0,0,1
E3-LS-p030,38.7471,-1,-1,ExactBaseline,0,0,0,0,1.20397,0,0.318051,0,0,0,0,1
E3-LS-p030,38.7478,-1,-1,ExactBaseline,0,0,0,0,1.20397,0,1.19261,0,0,0,0,1
E3-LS-p030,38.7548,-1,-1,ExactBaseline,0,0,0,0,1.20397,0,0.072594,0,0,0,0,1
E3-LS-p030,38.756,-1,-1,ExactBaseline,0,0,0,0,1.20397,0,0.526745,0,0,0,0,1
E3-LS-p030,38.7643,-1,-1,ExactBaseline,0,0,0,0,1.20397,0,0.994205,0,0,0,0,0.997446
E3-LS-p030,38.7716,-1,-1,ExactBaseline,0,0,0,0,1.20397,0,0.553336,0,0,0,0,1
E3-LS-p030,38.7739,-1,-1,ExactBaseline,0,0,0,0,1.20397,0,0.993531,0,0,0,0,1
E3-LS-p030,38.7767,-1,-1,ExactBaseline,0,0,0,0,1.20397,0,0.841548,0,0,0,0,1
E3-LS-p030,38.7769,-1,-1,ExactBaseline,0,0,0,0,1.20397,0,0.034176,0,0,0,0,1
E3-LS-p030,38.7786,-1,-1,ExactBaseline,0,0,0,0,1.20397,0,0.105411,0,0,0,0,1
E3-LS-p030,38.7823,-1,-1,ExactBaseline,0,0,0,0,1.20397,0,0.581448,0,0,0,0,0.997446
E3-LS-p030,38.7889,-1,-1,ExactBaseline,0,0,0,0,1.20397,0,0.075255,0,0,0,0,1
E3-LS-p030,38.7959,-1,-1,ExactBaseline,0,0,0,0,1.20397,0,0.235177,0,0,0,0,0.997446
E3-LS-p030,38.8089,-1,-1,ExactBaseline,0,0,0,0,1.20397,0,0.726712,0,0,0,0,0.998357
E3-LS-p030,38.8131,-1,-1,ExactBaseline,0,0,0,0,1.20397,0,0.168757,0,0,0,0,1
E3-LS-p030,38.8148,-1,-1,ExactBaseline,0,0,0,0,1.20397,0,0.673106,0,0,0,0,1
E3-LS-p030,38.8149,-1,-1,ExactBaseline,0,0,0,0,1.20397,0,0.771484,0,0,0,0,0.999385
E3-LS-p030,38.8276,-1,-1,ExactBaseline,0,0,0,0,1.20397,0,0.772986,0,0,0,0,1
E3-LS-p030,38.8287,-1,-1,ExactBaseline,0,0,0,0,1.20397,0,0.617155,0,0,0,0,0.999385
E3-LS-p030,38.8364,-1,-1,ExactBaseline,0,0,0,0,1.20397,0,0.049441,0,0,0,0,1
E3-LS-p030,38.8407,-1,-1,ExactBaseline,0,0,0,0,1.20397,0,0.549872,0,0,0,0,1
E3-LS-p030,38.8439,-1,-1,ExactBaseline,0,0,0,0,1.20397,0,0.061103,0,0,0,0,1
E3-LS-p030,38.8466,-1,-1,ExactBaseline,0,0,0,0,1.20397,0,0.077926,0,0,0,0,1
E3-LS-p030,38.8476,-1,-1,ExactBaseline,0,0,0,0,1.20397,0,0.06342,0,0,0,0,1
E3-LS-p030,38.8562,-1,-1,ExactBaseline,0,0,0,0,1.20397,0,0.620211,0,0,0,0,0.997446
E3-LS-p030,38.8685,-1,-1,ExactBaseline,0,0,0,0,1.20397,0,0.199562,0,0,0,0,1
E3-LS-p030,38.8736,-1,-1,ExactBaseline,0,0,0,0,1.20397,0,0.777998,0,0,0,0,1
E3-LS-p030,38.8776,-1,-1,ExactBaseline,0,0,0,0,1.20397,0,0.493412,0,0,0,0,1
E3-LS-p030,38.878,-1,-1,ExactBaseline,0,0,0,0,1.20397,0,0.80377,0,0,0,0,1
E3-LS-p030,38.8881,-1,-1,ExactBaseline,0,0,0,0,1.20397,0,0.702209,0,0,0,0,1
E3-LS-p030,38.8958,-1,-1,ExactBaseline,0,0,0,0,1.20397,0,0.040019,0,0,0,0,1
E3-LS-p030,38.8959,-1,-1,ExactBaseline,0,0,0,0,1.20397,0,0.583279,0,0,0,0,1
E3-LS-p030,38.8959,212,548,ExactBaseline,1,1,0.00195412,0.693147,1.20397,3,0.752128,0,0,0,0,0.997446
E3-LS-p030,38.8982,-1,-1,ExactBaseline,0,0,0,0,1.20397,0,1.00259,0,0,0,0,0.997446
E3-LS-p030,38.9016,-1,-1,ExactBaseline,0,0,0,0,1.20397,0,0.659062,0,0,0,0,1
E3-LS-p030,38.9039,-1,-1,ExactBaseline,0,0,0,0,1.20397,0,0.852242,0,0,0,0,1
E3-LS-p030,38.9097,-1,-1,ExactBaseline,0,0,0,0,1.20397,0,0.818671,0,0,0,0,1
E3-LS-p030,38.9144,-1,-1,ExactBaseline,0,0,0,0,1.20397,0,0.167194,0,0,0,0,1
E3-LS-p030,38.9219,-1,-1,ExactBaseline,0,0,0,0,1.20397,0,0.686819,0,0,0,0,0.997446
E3-LS-p030,38.9437,-1,-1,ExactBaseline,0,0,0,0,1.20397,0,0.409607,0,0,0,0,1
E3-LS-p030,38.9497,-1,-1,ExactBaseline,0,0,0,0,1.20397,0,0.006627,0,0,0,0,1
E3-LS-p030,38.9553,-1,-1,ExactBaseline,0,0,0,0,1.20397,0,0.642339,0,0,0,0,1
E3-LS-p030,38.9569,-1,-1,ExactBaseline,0,0,0,0,1.20397,0,1.36167,0,0,0,0,0.997446
E3-LS-p030,38.9579,-1,-1,ExactBaseline,0,0,0,0,1.20397,0,0.720419,0,0,0,0,0.997446
E3-LS-p030,38.9649,-1,-1,ExactBaseline,0,0,0,0,1.20397,0,0.619198,0,0,0,0,1
E3-LS-p030,38.9654,40,457,ExactBaseline,1,1,0.00365061,1.08091,1.20397,4,1.40183,0,0,0,0,0.998154
E3-LS-p030,38.9661,-1,-1,ExactBaseline,0,0,0,0,1.20397,0,0.723609,0,0,0,0,1
E3-LS-p030,38.9679,-1,-1,ExactBaseline,0,0,0,0,1.20397,0,0.415451,0,0,0,0,0.997446
E3-LS-p030,38.978,-1,-1,ExactBaseline,0,0,0,0,1.20397,0,0.425225,0,0,0,0,1
E3-LS-p030,38.9785,-1,-1,ExactBaseline,0,0,0,0,1.20397,0,0.102461,0,0,0,0,1
E3-LS-p030,38.98,-1,-1,ExactBaseline,0,0,0,0,1.20397,0,1.06416,0,0,0,0,1
E3-LS-p030,38.9819,-1,-1,ExactBaseline,0,0,0,0,1.20397,0,0.528569,0,0,0,0,1
E3-LS-p030,38.986,-1,-1,ExactBaseline,0,0,0,0,1.20397,0,0.784912,0,0,0,0,1
E3-LS-p030,39.0064,-1,-1,ExactBaseline,0,0,0,0,1.20397,0,0.483909,0,0,0,0,0.997446
E3-LS-p030,39.0125,-1,-1,ExactBaseline,0,0,0,0,1.20397,0,0.51315,0,0,0,0,1
E3-LS-p030,39.0259,-1,-1,ExactBaseline,0,0,0,0,1.20397,0,0.811352,0,0,0,0,0.997446
E3-LS-p030,39.0289,-1,-1,ExactBaseline,0,0,0,0,1.20397,0,0.559671,0,0,0,0,1
E3-LS-p030,39.0345,-1,-1,ExactBaseline,0,0,0,0,1.20397,0,0.184807,0,0,0,0,0.997446
E3-LS-p030,39.0358,-1,-1,ExactBaseline,0,0,0,0,1.20397,0,0.50358,0,0,0,0,0.997446
E3-LS-p030,39.045,-1,-1,ExactBaseline,0,0,0,0,1.20397,0,0.542155,0,0,0,0,0.997446
E3-LS-p030,39.0512,-1,-1,ExactBaseline,0,0,0,0,1.20397,0,0.222576,0,0,0,0,0.997446
E3-LS-p030,39.0587,-1,-1,ExactBaseline,0,0,0,0,1.20397,0,1.21805,0,0,0,0,0.999385
E3-LS-p030,39.06,-1,-1,ExactBaseline,0,0,0,0,1.20397,0,0.419187,0,0,0,0,1
E3-LS-p030,39.0602,-1,-1,ExactBaseline,0,0,0,0,1.20397,0,1.03977,0,0,0,0,1
E3-LS-p030,39.0641,-1,-1,ExactBaseline,0,0,0,0,1.20397,0,0.541712,0,0,0,0,1
E3-LS-p030,39.071,-1,-1,ExactBaseline,0,0,0,0,1.20397,0,0.889006,0,0,0,0,1
E3-LS-p030,39.0825,-1,-1,ExactBaseline,0,0,0,0,1.20397,0,0.141128,0,0,0,0,1
E3-LS-p030,39.0889,293,306,ExactBaseline,1,1,0.00197831,0.693147,1.20397,3,0.761922,0,0,0,0,0.997446
E3-LS-p030,39.0895,-1,-1,ExactBaseline,0,0,0,0,1.20397,0,0.083178,0,0,0,0,1
E3-LS-p030,39.092,-1,-1,ExactBaseline,0,0,0,0,1.20397,0,1.11714,0,0,0,0,1
E3-LS-p030,39.0939,-1,-1,ExactBaseline,0,0,0,0,1.20397,0,0.089292,0,0,0,0,1
E3-LS-p030,39.0993,-1,-1,ExactBaseline,0,0,0,0,1.20397,0,0.665449,0,0,0,0,0.996831
E3-LS-p030,39.1006,-1,-1,ExactBaseline,0,0,0,0,1.20397,0,0.576289,0,0,0,0,1
E3-LS-p030,39.1039,-1,-1,ExactBaseline,0,0,0,0,1.20397,0,0.543773,0,0,0,0,0.997446
E3-LS-p030,39.1068,-1,-1,ExactBaseline,0,0,0,0,1.20397,0,0.210915,0,0,0,0,1
E3-LS-p030,39.1089,-1,-1,ExactBaseline,0,0,0,0,1.20397,0,0.181241,0,0,0,0,1
E3-LS-p030,39.1136,-1,-1,ExactBaseline,0,0,0,0,1.20397,0,1.90358,0,0,0,0,1
E3-LS-p030,39.1179,-1,-1,ExactBaseline,0,0,0,0,1.20397,0,1.40783,0,0,0,0,0.994892
E3-LS-p030,39.1314,-1,-1,ExactBaseline,0,0,0,0,1.20397,0,0.853871,0,0,0,0,1
E3-LS-p030,39.1394,12,218,ExactBaseline,1,1,0.00206937,0.693147,1.20397,3,0.971432,0,0,0,0,0.977013
E3-LS-p030,39.1454,-1,-1,ExactBaseline,0,0,0,0,1.20397,0,0.406201,0,0,0,0,1
E3-LS-p030,39.1508,-1,-1,ExactBaseline,0,0,0,0,1.20397,0,0.208124,0,0,0,0,0.997446
E3-LS-p030,39.1585,-1,-1,ExactBaseline,0,0,0,0,1.20397,0,0.165821,0,0,0,0,1
E3-LS-p030,39.16,-1,-1,ExactBaseline,0,0,0,0,1.20397,0,0.124068,0,0,0,0,1
E3-LS-p030,39.1626,-1,-1,ExactBaseline,0,0,0,0,1.20397,0,1.32621,0,0,0,0,1
E3-LS-p030,39.1712,-1,-1,ExactBaseline,0,0,0,0,1.20397,0,0.64453,0,0,0,0,0.997446
E3-LS-p030,39.1741,264,424,ExactBaseline,1,1,0.00241853,0.693147,1.20397,3,0.304287,0,0,0,0,0.997446
E3-LS-p030,39.1988,-1,-1,ExactBaseline,0,0,0,0,1.20397,0,0.1034,0,0,0,0,1
E3-LS-p030,39.1995,-1,-1,ExactBaseline,0,0,0,0,1.20397,0,0.882417,0,0,0,0,0.994892
E3-LS-p030,39.1999,-1,-1,ExactBaseline,0,0,0,0,1.20397,0,0.804477,0,0,0,0,1
E3-LS-p030,39.2047,-1,-1,ExactBaseline,0,0,0,0,1.20397,0,0.744541,0,0,0,0,1
E3-LS-p030,39.2053,-1,-1,ExactBaseline,0,0,0,0,1.20397,0,1.02883,0,0,0,0,1
E3-LS-p030,39.2056,-1,-1,ExactBaseline,0,0,0,0,1.20397,0,0.073062,0,0,0,0,1
E3-LS-p030,39.2063,-1,-1,ExactBaseline,0,0,0,0,1.20397,0,0.924571,0,0,0,0,0.994892
E3-LS-p030,39.2104,-1,-1,ExactBaseline,0,0,0,0,1.20397,0,0.682476,0,0,0,0,1
E3-LS-p030,39.2106,-1,-1,ExactBaseline,0,0,0,0,1.20397,0,1.10164,0,0,0,0,0.994892
E3-LS-p030,39.2135,-1,-1,ExactBaseline,0,0,0,0,1.20397,0,1.0817,0,0,0,0,1
E3-LS-p030,39.2143,-1,-1,ExactBaseline,0,0,0,0,1.20397,0,0.743215,0,0,0,0,1
E3-LS-p030,39.2211,-1,-1,ExactBaseline,0,0,0,0,1.20397,0,0.841326,0,0,0,0,1
E3-LS-p030,39.2216,-1,-1,ExactBaseline,0,0,0,0,1.20397,0,0.883209,0,0,0,0,1
E3-LS-p030,39.2218,-1,-1,ExactBaseline,0,0,0,0,1.20397,0,1.27121,0,0,0,0,1
E3-LS-p030,39.225,-1,-1,ExactBaseline,0,0,0,0,1.20397,0,0.591347,0,0,0,0,0.997446
E3-LS-p030,39.2259,-1,-1,ExactBaseline,0,0,0,0,1.20397,0,0.09429,0,0,0,0,1
E3-LS-p030,39.23,-1,-1,ExactBaseline,0,0,0,0,1.20397,0,0.250494,0,0,0,0,1
E3-LS-p030,39.2315,-1,-1,ExactBaseline,0,0,0,0,1.20397,0,1.83277,0,0,0,0,0.999385
E3-LS-p030,39.2339,-1,-1,ExactBaseline,0,0,0,0,1.20397,0,0.371652,0,0,0,0,1
E3-LS-p030,39.2348,-1,-1,ExactBaseline,0,0,0,0,1.20397,0,0.045347,0,0,0,0,1
E3-LS-p030,39.237,-1,-1,ExactBaseline,0,0,0,0,1.20397,0,0.597564,0,0,0,0,0.997446
E3-LS-p030,39.2416,-1,-1,ExactBaseline,0,0,0,0,1.20397,0,0.526466,0,0,0,0,1
E3-LS-p030,39.242,-1,-1,ExactBaseline,0,0,0,0,1.20397,0,1.28898,0,0,0,0,0.997446
E3-LS-p030,39.2423,-1,-1,ExactBaseline,0,0,0,0,1.20397,0,1.24682,0,0,0,0,0.997446
E3-LS-p030,39.2432,-1,-1,ExactBaseline,0,0,0,0,1.20397,0,0.768158,0,0,0,0,1
E3-LS-p030,39.247,-1,-1,ExactBaseline,0,0,0,0,1.20397,0,0.057095,0,0,0,0,1
E3-LS-p030,39.2493,-1,-1,ExactBaseline,0,0,0,0,1.20397,0,0.756356,0,0,0,0,0.997446
E3-LS-p030,39.2636,-1,-1,ExactBaseline,0,0,0,0,1.20397,0,0.87711,0,0,0,0,1
E3-LS-p030,39.2692,-1,-1,ExactBaseline,0,0,0,0,1.20397,0,0.180532,0,0,0,0,0.997446
E3-LS-p030,39.273,-1,-1,ExactBaseline,0,0,0,0,1.20397,0,0.075591,0,0,0,0,1
E3-LS-p030,39.2738,-1,-1,ExactBaseline,0,0,0,0,1.20397,0,0.594025,0,0,0,0,1
E3-LS-p030,39.2786,-1,-1,ExactBaseline,0,0,0,0,1.20397,0,0.090311,0,0,0,0,1
E3-LS-p030,39.2872,59,430,ExactBaseline,1,1,0.00239185,0.693147,1.20397,3,0.199655,0,0,0,0,0.994892
E3-LS-p030,39.3036,-1,-1,ExactBaseline,0,0,0,0,1.20397,0,0.092372,0,0,0,0,1
E3-LS-p030,39.3116,-1,-1,ExactBaseline,0,0,0,0,1.20397,0,0.072873,0,0,0,0,1
E3-LS-p030,39.317,-1,-1,ExactBaseline,0,0,0,0,1.20397,0,0.065363,0,0,0,0,1
E3-LS-p030,39.3184,-1,-1,ExactBaseline,0,0,0,0,1.20397,0,0.052953,0,0,0,0,1
E3-LS-p030,39.3234,-1,-1,ExactBaseline,0,0,0,0,1.20397,0,0.414526,0,0,0,0,0.997446
E3-LS-p030,39.3238,-1,-1,ExactBaseline,0,0,0,0,1.20397,0,0.057687,0,0,0,0,1
E3-LS-p030,39.3254,-1,-1,ExactBaseline,0,0,0,0,1.20397,0,0.436599,0,0,0,0,1
E3-LS-p030,39.3356,-1,-1,ExactBaseline,0,0,0,0,1.20397,0,0.837966,0,0,0,0,1
E3-LS-p030,39.3471,-1,-1,ExactBaseline,0,0,0,0,1.20397,0,0.258441,0,0,0,0,1
E3-LS-p030,39.3493,316,444,ExactBaseline,1,1,0.00204088,0.693147,1.20397,3,0.438722,0,0,0,0,0.997446
E3-LS-p030,39.3654,-1,-1,ExactBaseline,0,0,0,0,1.20397,0,0.629602,0,0,0,0,0.995919
E3-LS-p030,39.3752,-1,-1,ExactBaseline,0,0,0,0,1.20397,0,0.009365,0,0,0,0,1
E3-LS-p030,39.3795,-1,-1,ExactBaseline,0,0,0,0,1.20397,0,0.710477,0,0,0,0,0.997446
E3-LS-p030,39.3804,-1,-1,ExactBaseline,0,0,0,0,1.20397,0,0.549077,0,0,0,0,1
E3-LS-p030,39.3842,-1,-1,ExactBaseline,0,0,0,0,1.20397,0,0.557456,0,0,0,0,1
E3-LS-p030,39.3911,-1,-1,ExactBaseline,0,0,0,0,1.20397,0,0.870034,0,0,0,0,1
E3-LS-p030,39.3933,-1,-1,ExactBaseline,0,0,0,0,1.20397,0,0.47538,0,0,0,0,1
E3-LS-p030,39.395,-1,-1,ExactBaseline,0,0,0,0,1.20397,0,0.127935,0,0,0,0,1
E3-LS-p030,39.4006,-1,-1,ExactBaseline,0,0,0,0,1.20397,0,0.915469,0,0,0,0,1
E3-LS-p030,39.4012,-1,-1,ExactBaseline,0,0,0,0,1.20397,0,0.828995,0,0,0,0,1
E3-LS-p030,39.4095,-1,-1,ExactBaseline,0,0,0,0,1.20397,0,0.043708,0,0,0,0,1
E3-LS-p030,39.4107,-1,-1,ExactBaseline,0,0,0,0,1.20397,0,0.768355,0,0,0,0,1
E3-LS-p030,39.4115,-1,-1,ExactBaseline,0,0,0,0,1.20397,0,0.903356,0,0,0,0,1
E3-LS-p030,39.416,-1,-1,ExactBaseline,0,0,0,0,1.20397,0,0.999628,0,0,0,0,1
E3-LS-p030,39.4246,201,151,ExactBaseline,1,1,0.00206075,0.693147,1.20397,3,1.02172,0,0,0,0,0.994892
E3-LS-p030,39.4255,-1,-1,ExactBaseline,0,0,0,0,1.20397,0,0.661168,0,0,0,0,0.992338
E3-LS-p030,39.432,-1,-1,ExactBaseline,0,0,0,0,1.20397,0,0.741669,0,0,0,0,1
E3-LS-p030,39.4394,-1,-1,ExactBaseline,0,0,0,0,1.20397,0,0.373558,0,0,0,0,1
E3-LS-p030,39.4399,-1,-1,ExactBaseline,0,0,0,0,1.20397,0,0.055602,0,0,0,0,1
E3-LS-p030,39.4553,-1,-1,ExactBaseline,0,0,0,0,1.20397,0,0.811046,0,0,0,0,1
E3-LS-p030,39.4573,-1,-1,ExactBaseline,0,0,0,0,1.20397,0,0.665008,0,0,0,0,0.997446
E3-LS-p030,39.4602,65,293,ExactBaseline,1,1,0.00243505,0.693147,1.20397,3,0.087244,0,0,0,0,0.994892
E3-LS-p030,39.4684,-1,-1,ExactBaseline,0,0,0,0,1.20397,0,0.792166,0,0,0,0,1
E3-LS-p030,39.4724,-1,-1,ExactBaseline,0,0,0,0,1.20397,0,0.035004,0,0,0,0,1
E3-LS-p030,39.4806,-1,-1,ExactBaseline,0,0,0,0,1.20397,0,0.684644,0,0,0,0,1
E3-LS-p030,39.4817,-1,-1,ExactBaseline,0,0,0,0,1.20397,0,1.15891,0,0,0,0,0.997446
E3-LS-p030,39.4905,-1,-1,ExactBaseline,0,0,0,0,1.20397,0,0.957637,0,0,0,0,1
E3-LS-p030,39.499,-1,-1,ExactBaseline,0,0,0,0,1.20397,0,0.513901,0,0,0,0,1
E3-LS-p030,39.5034,-1,-1,ExactBaseline,0,0,0,0,1.20397,0,0.350638,0,0,0,0,1
E3-LS-p030,39.5047,-1,-1,ExactBaseline,0,0,0,0,1.20397,0,0.158416,0,0,0,0,1
E3-LS-p030,39.5143,-1,-1,ExactBaseline,0,0,0,0,1.20397,0,0.750628,0,0,0,0,0.997446
E3-LS-p030,39.5147,-1,-1,ExactBaseline,0,0,0,0,1.20397,0,0.601427,0,0,0,0,0.997446
E3-LS-p030,39.5196,-1,-1,ExactBaseline,0,0,0,0,1.20397,0,0.355807,0,0,0,0,1
E3-LS-p030,39.5226,44,73,ExactBaseline,1,1,0.00362498,1.08091,1.20397,4,0.552574,0,0,0,0,0.996831
E3-LS-p030,39.5226,-1,-1,ExactBaseline,0,0,0,0,1.20397,0,0.507115,0,0,0,0,1
E3-LS-p030,39.5267,-1,-1,ExactBaseline,0,0,0,0,1.20397,0,0.505571,0,0,0,0,0.997446
E3-LS-p030,39.5304,-1,-1,ExactBaseline,0,0,0,0,1.20397,0,0.863574,0,0,0,0,1
E3-LS-p030,39.5349,-1,-1,ExactBaseline,0,0,0,0,1.20397,0,0.741688,0,0,0,0,1
E3-LS-p030,39.5365,-1,-1,ExactBaseline,0,0,0,0,1.20397,0,0.758467,0,0,0,0,0.997446
E3-LS-p030,39.5438,-1,-1,ExactBaseline,0,0,0,0,1.20397,0,1.02196,0,0,0,0,1
E3-LS-p030,39.546,-1,-1,ExactBaseline,0,0,0,0,1.20397,0,1.14145,0,0,0,0,0.997446
E3-LS-p030,39.547,-1,-1,ExactBaseline,0,0,0,0,1.20397,0,0.674087,0,0,0,0,0.994892
E3-LS-p030,39.5542,-1,-1,ExactBaseline,0,0,0,0,1.20397,0,1.32458,0,0,0,0,1
E3-LS-p030,39.5606,-1,-1,ExactBaseline,0,0,0,0,1.20397,0,1.33627,0,0,0,0,1
E3-LS-p030,39.5775,-1,-1,ExactBaseline,0,0,0,0,1.20397,0,1.41247,0,0,0,0,0.997446
E3-LS-p030,39.579,-1,-1,ExactBaseline,0,0,0,0,1.20397,0,0.513458,0,0,0,0,1
E3-LS-p030,39.5875,-1,-1,ExactBaseline,0,0,0,0,1.20397,0,0.317335,0,0,0,0,0.994892
E3-LS-p030,39.5961,-1,-1,ExactBaseline,0,0,0,0,1.20397,0,0.791599,0,0,0,0,0.994892
E3-LS-p030,39.597,-1,-1,ExactBaseline,0,0,0,0,1.20397,0,0.672423,0,0,0,0,1
E3-LS-p030,39.5972,-1,-1,ExactBaseline,0,0,0,0,1.20397,0,0.532506,0,0,0,0,1
E3-LS-p030,39.6055,-1,-1,ExactBaseline,0,0,0,0,1.20397,0,0.103967,0,0,0,0,1
E3-LS-p030,39.6262,-1,-1,ExactBaseline,0,0,0,0,1.20397,0,0.032697,0,0,0,0,1
E3-LS-p030,39.6316,-1,-1,ExactBaseline,0,0,0,0,1.20397,0,0.985383,0,0,0,0,0.998357
E3-LS-p030,39.6365,-1,-1,ExactBaseline,0,0,0,0,1.20397,0,1.43254,0,0,0,0,0.997446
E3-LS-p030,39.6418,-1,-1,ExactBaseline,0,0,0,0,1.20397,0,1.4888,0,0,0,0,1
E3-LS-p030,39.6501,385,292,ExactBaseline,1,1,0.00238646,0.693147,1.20397,3,0.846997,0,0,0,0,0.997446
E3-LS-p030,39.6516,-1,-1,ExactBaseline,0,0,0,0,1.20397,0,0.755763,0,0,0,0,1
E3-LS-p030,39.6559,-1,-1,ExactBaseline,0,0,0,0,1.20397,0,0.129248,0,0,0,0,1
E3-LS-p030,39.6757,83,338,ExactBaseline,1,1,0.00194675,0.693147,1.20397,3,1.19248,0,0,0,0,0.997446
E3-LS-p030,39.6786,-1,-1,ExactBaseline,0,0,0,0,1.20397,0,0.693252,0,0,0,0,1
E3-LS-p030,39.6803,60,356,ExactBaseline,1,1,0.00209902,0.693147,1.20397,3,0.371552,0,0,0,0,0.997446
E3-LS-p030,39.6821,-1,-1,ExactBaseline,0,0,0,0,1.20397,0,0.809775,0,0,0,0,1
E3-LS-p030,39.6826,-1,-1,ExactBaseline,0,0,0,0,1.20397,0,0.636254,0,0,0,0,1
E3-LS-p030,39.6846,-1,-1,ExactBaseline,0,0,0,0,1.20397,0,0.400683,0,0,0,0,0.997446
E3-LS-p030,39.685,-1,-1,ExactBaseline,0,0,0,0,1.20397,0,0.658712,0,0,0,0,1
E3-LS-p030,39.6869,35,446,ExactBaseline,1,1,0.00195264,0.693147,1.20397,3,0.904904,0,0,0,0,0.991722
E3-LS-p030,39.6909,-1,-1,ExactBaseline,0,0,0,0,1.20397,0,0.749718,0,0,0,0,1
E3-LS-p030,39.6944,-1,-1,ExactBaseline,0,0,0,0,1.20397,0,0.49168,0,0,0,0,1
E3-LS-p030,39.6949,-1,-1,ExactBaseline,0,0,0,0,1.20397,0,0.316601,0,0,0,0,0.997446
E3-LS-p030,39.6981,-1,-1,ExactBaseline,0,0,0,0,1.20397,0,0.627027,0,0,0,0,0.997446
E3-LS-p030,39.6981,-1,-1,ExactBaseline,0,0,0,0,1.20397,0,0.052736,0,0,0,0,1
E3-LS-p030,39.7015,-1,-1,ExactBaseline,0,0,0,0,1.20397,0,0.709563,0,0,0,0,0.997446
E3-LS-p030,39.7018,-1,-1,ExactBaseline,0,0,0,0,1.20397,0,0.100676,0,0,0,0,1
E3-LS-p030,39.7025,-1,-1,ExactBaseline,0,0,0,0,1.20397,0,0.017877,0,0,0,0,1
E3-LS-p030,39.7095,-1,-1,ExactBaseline,0,0,0,0,1.20397,0,0.877042,0,0,0,0,0.997446
E3-LS-p030,39.7161,-1,-1,ExactBaseline,0,0,0,0,1.20397,0,1.00189,0,0,0,0,1
E3-LS-p030,39.7168,291,444,ExactBaseline,1,1,0.00204307,0.693147,1.20397,3,0.532167,0,0,0,0,0.994892
E3-LS-p030,39.7179,-1,-1,ExactBaseline,0,0,0,0,1.20397,0,0.587012,0,0,0,0,1
E3-LS-p030,39.7213,-1,-1,ExactBaseline,0,0,0,0,1.20397,0,0.181672,0,0,0,0,1
E3-LS-p030,39.725,136,507,ExactBaseline,1,1,0.00240206,0.693147,1.20397,3,0.939307,0,0,0,0,0.992338
E3-LS-p030,39.7267,-1,-1,ExactBaseline,0,0,0,0,1.20397,0,0.046219,0,0,0,0,1
E3-LS-p030,39.7327,-1,-1,ExactBaseline,0,0,0,0,1.20397,0,0.060453,0,0,0,0,1
E3-LS-p030,39.7331,-1,-1,ExactBaseline,0,0,0,0,1.20397,0,0.526246,0,0,0,0,1
E3-LS-p030,39.7354,-1,-1,ExactBaseline,0,0,0,0,1.20397,0,0.48675,0,0,0,0,1
E3-LS-p030,39.7359,-1,-1,ExactBaseline,0,0,0,0,1.20397,0,0.969292,0,0,0,0,1
E3-LS-p030,39.7398,-1,-1,ExactBaseline,0,0,0,0,1.20397,0,1.22779,0,0,0,0,0.999385
E3-LS-p030,39.7501,-1,-1,ExactBaseline,0,0,0,0,1.20397,0,0.542368,0,0,0,0,0.994892
E3-LS-p030,39.7543,-1,-1,ExactBaseline,0,0,0,0,1.20397,0,0.461175,0,0,0,0,0.997446
E3-LS-p030,39.7657,335,217,ExactBaseline,1,1,0.0020404,0.693147,1.20397,3,0.638309,0,0,0,0,0.994892
E3-LS-p030,39.7683,-1,-1,ExactBaseline,0,0,0,0,1.20397,0,1.22757,0,0,0,0,0.998357
E3-LS-p030,39.7693,-1,-1,ExactBaseline,0,0,0,0,1.20397,0,1.12956,0,0,0,0,1
E3-LS-p030,39.7726,-1,-1,ExactBaseline,0,0,0,0,1.20397,0,0.715642,0,0,0,0,1
E3-LS-p030,39.7745,-1,-1,ExactBaseline,0,0,0,0,1.20397,0,0.310301,0,0,0,0,0.997446
E3-LS-p030,39.779,-1,-1,ExactBaseline,0,0,0,0,1.20397,0,0.531481,0,0,0,0,1
E3-LS-p030,39.7892,-1,-1,ExactBaseline,0,0,0,0,1.20397,0,0.485031,0,0,0,0,0.997446
E3-LS-p030,39.7909,-1,-1,ExactBaseline,0,0,0,0,1.20397,0,0.350227,0,0,0,0,0.997446
E3-LS-p030,39.7917,-1,-1,ExactBaseline,0,0,0,0,1.20397,0,1.13215,0,0,0,0,1
E3-LS-p030,39.8057,-1,-1,ExactBaseline,0,0,0,0,1.20397,0,0.517356,0,0,0,0,1
E3-LS-p030,39.8096,-1,-1,ExactBaseline,0,0,0,0,1.20397,0,0.28106,0,0,0,0,1
E3-LS-p030,39.8105,-1,-1,ExactBaseline,0,0,0,0,1.20397,0,0.807224,0,0,0,0,0.997446
E3-LS-p030,39.8192,-1,-1,ExactBaseline,0,0,0,0,1.20397,0,0.755108,0,0,0,0,1
E3-LS-p030,39.8206,-1,-1,ExactBaseline,0,0,0,0,1.20397,0,0.384488,0,0,0,0,1
E3-LS-p030,39.8236,-1,-1,ExactBaseline,0,0,0,0,1.20397,0,0.822684,0,0,0,0,0.990811
E3-LS-p030,39.827,-1,-1,ExactBaseline,0,0,0,0,1.20397,0,0.465735,0,0,0,0,0.997446
E3-LS-p030,39.8346,-1,-1,ExactBaseline,0,0,0,0,1.20397,0,0.225033,0,0,0,0,1
E3-LS-p030,39.8383,217,179,ExactBaseline,1,1,0.0020734,0.693147,1.20397,3,0.505414,0,0,0,0,0.992338
E3-LS-p030,39.8393,-1,-1,ExactBaseline,0,0,0,0,1.20397,0,1.25523,0,0,0,0,1
E3-LS-p030,39.8467,-1,-1,ExactBaseline,0,0,0,0,1.20397,0,0.870849,0,0,0,0,1
E3-LS-p030,39.847,-1,-1,ExactBaseline,0,0,0,0,1.20397,0,0.955906,0,0,0,0,0.998357
E3-LS-p030,39.8552,-1,-1,ExactBaseline,0,0,0,0,1.20397,0,0.890384,0,0,0,0,1
E3-LS-p030,39.8562,-1,-1,ExactBaseline,0,0,0,0,1.20397,0,0.496564,0,0,0,0,1
E3-LS-p030,39.8602,-1,-1,ExactBaseline,0,0,0,0,1.20397,0,1.07747,0,0,0,0,1
E3-LS-p030,39.8612,-1,-1,ExactBaseline,0,0,0,0,1.20397,0,0.878519,0,0,0,0,1
E3-LS-p030,39.8632,-1,-1,ExactBaseline,0,0,0,0,1.20397,0,1.93311,0,0,0,0,0.999385
E3-LS-p030,39.8635,-1,-1,ExactBaseline,0,0,0,0,1.20397,0,0.363105,0,0,0,0,1
E3-LS-p030,39.8659,313,253,ExactBaseline,1,1,0.00205517,0.693147,1.20397,3,0.832214,0,0,0,0,0.997446
E3-LS-p030,39.87,-1,-1,ExactBaseline,0,0,0,0,1.20397,0,0.969682,0,0,0,0,0.997446
E3-LS-p030,39.8787,-1,-1,ExactBaseline,0,0,0,0,1.20397,0,0.868633,0,0,0,0,0.997446
E3-LS-p030,39.8791,-1,-1,ExactBaseline,0,0,0,0,1.20397,0,1.24188,0,0,0,0,0.991722
E3-LS-p030,39.8833,-1,-1,ExactBaseline,0,0,0,0,1.20397,0,1.09202,0,0,0,0,0.994892
E3-LS-p030,39.8863,-1,-1,ExactBaseline,0,0,0,0,1.20397,0,0.778045,0,0,0,0,1
E3-LS-p030,39.8973,-1,-1,ExactBaseline,0,0,0,0,1.20397,0,0.055522,0,0,0,0,1
E3-LS-p030,39.8993,-1,-1,ExactBaseline,0,0,0,0,1.20397,0,0.076693,0,0,0,0,1
E3-LS-p030,39.9217,-1,-1,ExactBaseline,0,0,0,0,1.20397,0,1.16746,0,0,0,0,1
E3-LS-p030,39.9248,-1,-1,ExactBaseline,0,0,0,0,1.20397,0,0.996469,0,0,0,0,1
E3-LS-p030,39.9258,-1,-1,ExactBaseline,0,0,0,0,1.20397,0,0.061502,0,0,0,0,1
E3-LS-p030,39.928,155,555,ExactBaseline,1,1,0.00193695,0.693147,1.20397,3,0.573935,0,0,0,0,0.997446
E3-LS-p030,39.9366,-1,-1,ExactBaseline,0,0,0,0,1.20397,0,1.40674,0,0,0,0,1
E3-LS-p030,39.9403,-1,-1,ExactBaseline,0,0,0,0,1.20397,0,0.152666,0,0,0,0,1
E3-LS-p030,39.9448,-1,-1,ExactBaseline,0,0,0,0,1.20397,0,0.089049,0,0,0,0,1
E3-LS-p030,39.9525,-1,-1,ExactBaseline,0,0,0,0,1.20397,0,0.471071,0,0,0,0,0.997446
E3-LS-p030,39.9584,-1,-1,ExactBaseline,0,0,0,0,1.20397,0,0.647104,0,0,0,0,1
E3-LS-p030,39.9719,-1,-1,ExactBaseline,0,0,0,0,1.20397,0,1.78011,0,0,0,0,0.991519
E3-LS-p030,39.981,-1,-1,ExactBaseline,0,0,0,0,1.20397,0,0.449283,0,0,0,0,1
E3-LS-p030,39.9815,-1,-1,ExactBaseline,0,0,0,0,1.20397,0,0.758034,0,0,0,0,1
E3-LS-p030,39.9821,-1,-1,ExactBaseline,0,0,0,0,1.20397,0,0.198975,0,0,0,0,0.997446
E3-LS-p030,39.9879,-1,-1,ExactBaseline,0,0,0,0,1.20397,0,0.771852,0,0,0,0,1
E3-LS-p030,40.002,-1,-1,ExactBaseline,0,0,0,0,1.20397,0,0.840327,0,0,0,0,1
E3-LS-p030,40.0054,-1,-1,ExactBaseline,0,0,0,0,1.20397,0,0.910581,0,0,0,0,1
E3-LS-p030,40.0119,-1,-1,ExactBaseline,0,0,0,0,1.20397,0,0.541791,0,0,0,0,0.997446
E3-LS-p030,40.0153,21,7,ExactBaseline,1,1,0.00195371,0.387766,1.20397,3,1.18415,0,0,0,0,0.99275
E3-LS-p030,40.0171,-1,-1,ExactBaseline,0,0,0,0,1.20397,0,0.714328,0,0,0,0,0.999797
E3-LS-p030,40.0189,-1,-1,ExactBaseline,0,0,0,0,1.20397,0,0.89926,0,0,0,0,1
E3-LS-p030,40.0191,-1,-1,ExactBaseline,0,0,0,0,1.20397,0,0.261118,0,0,0,0,0.994892
E3-LS-p030,40.0214,-1,-1,ExactBaseline,0,0,0,0,1.20397,0,0.082238,0,0,0,0,1
E3-LS-p030,40.0261,-1,-1,ExactBaseline,0,0,0,0,1.20397,0,0.327735,0,0,0,0,0.997446
E3-LS-p030,40.0273,-1,-1,ExactBaseline,0,0,0,0,1.20397,0,0.677376,0,0,0,0,0.996831
E3-LS-p030,40.0348,-1,-1,ExactBaseline,0,0,0,0,1.20397,0,0.158677,0,0,0,0,1
E3-LS-p030,40.0396,-1,-1,ExactBaseline,0,0,0,0,1.20397,0,0.895114,0,0,0,0,1
E3-LS-p030,40.0461,-1,-1,ExactBaseline,0,0,0,0,1.20397,0,0.760635,0,0,0,0,0.997446
E3-LS-p030,40.0519,-1,-1,ExactBaseline,0,0,0,0,1.20397,0,0.916799,0,0,0,0,1
E3-LS-p030,40.0547,-1,-1,ExactBaseline,0,0,0,0,1.20397,0,0.545433,0,0,0,0,0.997446
E3-LS-p030,40.0571,-1,-1,ExactBaseline,0,0,0,0,1.20397,0,0.440331,0,0,0,0,1
E3-LS-p030,40.058,-1,-1,ExactBaseline,0,0,0,0,1.20397,0,0.575249,0,0,0,0,1
E3-LS-p030,40.0581,-1,-1,ExactBaseline,0,0,0,0,1.20397,0,0.439693,0,0,0,0,0.997446
E3-LS-p030,40.0605,-1,-1,ExactBaseline,0,0,0,0,1.20397,0,0.297736,0,0,0,0,1
E3-LS-p030,40.0612,-1,-1,ExactBaseline,0,0,0,0,1.20397,0,0.699583,0,0,0,0,1
E3-LS-p030,40.0722,-1,-1,ExactBaseline,0,0,0,0,1.20397,0,0.280788,0,0,0,0,1
E3-LS-p030,40.0756,-1,-1,ExactBaseline,0,0,0,0,1.20397,0,0.291885,0,0,0,0,1
E3-LS-p030,40.0981,-1,-1,ExactBaseline,0,0,0,0,1.20397,0,0.684116,0,0,0,0,0.997446
E3-LS-p030,40.0981,-1,-1,ExactBaseline,0,0,0,0,1.20397,0,0.365209,0,0,0,0,0.997446
E3-LS-p030,40.0994,-1,-1,ExactBaseline,0,0,0,0,1.20397,0,0.600264,0,0,0,0,1
E3-LS-p030,40.1025,-1,-1,ExactBaseline,0,0,0,0,1.20397,0,0.58259,0,0,0,0,0.997446
E3-LS-p030,40.1207,-1,-1,ExactBaseline,0,0,0,0,1.20397,0,0.037787,0,0,0,0,1
E3-LS-p030,40.1253,-1,-1,ExactBaseline,0,0,0,0,1.20397,0,0.508383,0,0,0,0,1
E3-LS-p030,40.1282,-1,-1,ExactBaseline,0,0,0,0,1.20397,0,0.012683,0,0,0,0,1
E3-LS-p030,40.1299,-1,-1,ExactBaseline,0,0,0,0,1.20397,0,0.579922,0,0,0,0,1
E3-LS-p030,40.1384,-1,-1,ExactBaseline,0,0,0,0,1.20397,0,0.855653,0,0,0,0,1
E3-LS-p030,40.143,-1,-1,ExactBaseline,0,0,0,0,1.20397,0,1.11747,0,0,0,0,1
E3-LS-p030,40.1544,-1,-1,ExactBaseline,0,0,0,0,1.20397,0,0.92597,0,0,0,0,1
E3-LS-p030,40.1666,-1,-1,ExactBaseline,0,0,0,0,1.20397,0,0.987658,0,0,0,0,0.997816
E3-LS-p030,40.168,-1,-1,ExactBaseline,0,0,0,0,1.20397,0,1.09792,0,0,0,0,1
E3-LS-p030,40.1683,-1,-1,ExactBaseline,0,0,0,0,1.20397,0,0.337242,0,0,0,0,1
E3-LS-p030,40.1691,-1,-1,ExactBaseline,0,0,0,0,1.20397,0,0.107318,0,0,0,0,1
E3-LS-p030,40.1793,-1,-1,ExactBaseline,0,0,0,0,1.20397,0,0.0657,0,0,0,0,1
E3-LS-p030,40.1833,347,338,ExactBaseline,1,1,0.00193584,0.693147,1.20397,3,0.42214,0,0,0,0,0.997446
E3-LS-p030,40.1834,-1,-1,ExactBaseline,0,0,0,0,1.20397,0,1.03195,0,0,0,0,0.994276
E3-LS-p030,40.1837,-1,-1,ExactBaseline,0,0,0,0,1.20397,0,0.494525,0,0,0,0,0.994892
E3-LS-p030,40.2045,-1,-1,ExactBaseline,0,0,0,0,1.20397,0,0.581685,0,0,0,0,1
E3-LS-p030,40.2083,-1,-1,ExactBaseline,0,0,0,0,1.20397,0,0.806277,0,0,0,0,0.997446
E3-LS-p030,40.2088,-1,-1,ExactBaseline,0,0,0,0,1.20397,0,1.21901,0,0,0,0,1
E3-LS-p030,40.2109,-1,-1,ExactBaseline,0,0,0,0,1.20397,0,0.718672,0,0,0,0,0.996831
E3-LS-p030,40.2147,-1,-1,ExactBaseline,0,0,0,0,1.20397,0,0.596871,0,0,0,0,0.997446
E3-LS-p030,40.2149,-1,-1,ExactBaseline,0,0,0,0,1.20397,0,1.28401,0,0,0,0,1
E3-LS-p030,40.232,-1,-1,ExactBaseline,0,0,0,0,1.20397,0,0.118466,0,0,0,0,1
E3-LS-p030,40.2357,-1,-1,ExactBaseline,0,0,0,0,1.20397,0,0.074642,0,0,0,0,1
E3-LS-p030,40.2389,-1,-1,ExactBaseline,0,0,0,0,1.20397,0,0.072175,0,0,0,0,1
E3-LS-p030,40.2418,-1,-1,ExactBaseline,0,0,0,0,1.20397,0,0.741368,0,0,0,0,1
E3-LS-p030,40.2497,-1,-1,ExactBaseline,0,0,0,0,1.20397,0,0.192239,0,0,0,0,1
E3-LS-p030,40.2501,-1,-1,ExactBaseline,0,0,0,0,1.20397,0,0.099733,0,0,0,0,1
E3-LS-p030,40.2538,-1,-1,ExactBaseline,0,0,0,0,1.20397,0,0.591299,0,0,0,0,1
E3-LS-p030,40.2636,-1,-1,ExactBaseline,0,0,0,0,1.20397,0,0.984192,0,0,0,0,0.997446
E3-LS-p030,40.2779,-1,-1,ExactBaseline,0,0,0,0,1.20397,0,1.44615,0,0,0,0,1
E3-LS-p030,40.2965,-1,-1,ExactBaseline,0,0,0,0,1.20397,0,0.725304,0,0,0,0,1
E3-LS-p030,40.302,-1,-1,ExactBaseline,0,0,0,0,1.20397,0,0.998765,0,0,0,0,0.996715
E3-LS-p030,40.3072,276,104,ExactBaseline,1,1,0.00218156,0.693147,1.20397,3,0.658742,0,0,0,0,0.994892
E3-LS-p030,40.3166,-1,-1,ExactBaseline,0,0,0,0,1.20397,0,1.18701,0,0,0,0,0.997446
E3-LS-p030,40.3215,-1,-1,ExactBaseline,0,0,0,0,1.20397,0,0.710339,0,0,0,0,1
E3-LS-p030,40.3245,-1,-1,ExactBaseline,0,0,0,0,1.20397,0,1.5866,0,0,0,0,0.997446
E3-LS-p030,40.3268,-1,-1,ExactBaseline,0,0,0,0,1.20397,0,0.177899,0,0,0,0,1
E3-LS-p030,40.3271,-1,-1,ExactBaseline,0,0,0,0,1.20397,0,0.707559,0,0,0,0,1
E3-LS-p030,40.3289,-1,-1,ExactBaseline,0,0,0,0,1.20397,0,0.808565,0,0,0,0,1
E3-LS-p030,40.3318,224,96,ExactBaseline,1,1,0.00243159,0.693147,1.20397,3,0.280633,0,0,0,0,0.992338
E3-LS-p030,40.3412,-1,-1,ExactBaseline,0,0,0,0,1.20397,0,0.702844,0,0,0,0,1
E3-LS-p030,40.3419,-1,-1,ExactBaseline,0,0,0,0,1.20397,0,1.58391,0,0,0,0,1
E3-LS-p030,40.3441,-1,-1,ExactBaseline,0,0,0,0,1.20397,0,0.129875,0,0,0,0,1
E3-LS-p030,40.373,-1,-1,ExactBaseline,0,0,0,0,1.20397,0,0.673323,0,0,0,0,1
E3-LS-p030,40.3812,-1,-1,ExactBaseline,0,0,0,0,1.20397,0,0.641436,0,0,0,0,1
E3-LS-p030,40.3826,-1,-1,ExactBaseline,0,0,0,0,1.20397,0,0.286699,0,0,0,0,0.997446
E3-LS-p030,40.3841,-1,-1,ExactBaseline,0,0,0,0,1.20397,0,0.203377,0,0,0,0,0.997446
E3-LS-p030,40.3895,-1,-1,ExactBaseline,0,0,0,0,1.20397,0,0.95552,0,0,0,0,1
E3-LS-p030,40.3916,-1,-1,ExactBaseline,0,0,0,0,1.20397,0,0.582458,0,0,0,0,0.997446
E3-LS-p030,40.3957,-1,-1,ExactBaseline,0,0,0,0,1.20397,0,0.53015,0,0,0,0,1
E3-LS-p030,40.4142,-1,-1,ExactBaseline,0,0,0,0,1.20397,0,0.624354,0,0,0,0,1
E3-LS-p030,40.4169,-1,-1,ExactBaseline,0,0,0,0,1.20397,0,0.923881,0,0,0,0,1
E3-LS-p030,40.4308,-1,-1,ExactBaseline,0,0,0,0,1.20397,0,0.070158,0,0,0,0,1
E3-LS-p030,40.4504,-1,-1,ExactBaseline,0,0,0,0,1.20397,0,0.710689,0,0,0,0,1
E3-LS-p030,40.4532,-1,-1,ExactBaseline,0,0,0,0,1.20397,0,0.381458,0,0,0,0,0.997446
E3-LS-p030,40.4538,-1,-1,ExactBaseline,0,0,0,0,1.20397,0,0.543194,0,0,0,0,1
E3-LS-p030,40.4663,-1,-1,ExactBaseline,0,0,0,0,1.20397,0,0.105208,0,0,0,0,0.997446
E3-LS-p030,40.4682,-1,-1,ExactBaseline,0,0,0,0,1.20397,0,0.206493,0,0,0,0,1
E3-LS-p030,40.4689,-1,-1,ExactBaseline,0,0,0,0,1.20397,0,1.08805,0,0,0,0,1
E3-LS-p030,40.4716,-1,-1,ExactBaseline,0,0,0,0,1.20397,0,0.850639,0,0,0,0,1
E3-LS-p030,40.4806,-1,-1,ExactBaseline,0,0,0,0,1.20397,0,0.09516,0,0,0,0,1
E3-LS-p030,40.4809,-1,-1,ExactBaseline,0,0,0,0,1.20397,0,1.11323,0,0,0,0,0.996831
E3-LS-p030,40.4816,-1,-1,ExactBaseline,0,0,0,0,1.20397,0,0.13955,0,0,0,0,1
E3-LS-p030,40.4985,-1,-1,ExactBaseline,0,0,0,0,1.20397,0,0.150187,0,0,0,0,1
E3-LS-p030,40.501,-1,-1,ExactBaseline,0,0,0,0,1.20397,0,0.643266,0,0,0,0,0.994892
E3-LS-p030,40.5044,-1,-1,ExactBaseline,0,0,0,0,1.20397,0,0.539975,0,0,0,0,1
E3-LS-p030,40.5046,-1,-1,ExactBaseline,0,0,0,0,1.20397,0,0.298666,0,0,0,0,1
E3-LS-p030,40.5077,-1,-1,ExactBaseline,0,0,0,0,1.20397,0,0.069385,0,0,0,0,1
E3-LS-p030,40.5125,-1,-1,ExactBaseline,0,0,0,0,1.20397,0,0.580798,0,0,0,0,1
E3-LS-p030,40.5148,-1,-1,ExactBaseline,0,0,0,0,1.20397,0,0.562607,0,0,0,0,0.997446
E3-LS-p030,40.5245,-1,-1,ExactBaseline,0,0,0,0,1.20397,0,0.530412,0,0,0,0,1
E3-LS-p030,40.525,-1,-1,ExactBaseline,0,0,0,0,1.20397,0,0.121452,0,0,0,0,1
E3-LS-p030,40.5295,-1,-1,ExactBaseline,0,0,0,0,1.20397,0,0.598938,0,0,0,0,1
E3-LS-p030,40.541,-1,-1,ExactBaseline,0,0,0,0,1.20397,0,0.148936,0,0,0,0,1
E3-LS-p030,40.568,-1,-1,ExactBaseline,0,0,0,0,1.20397,0,0.119312,0,0,0,0,1
E3-LS-p030,40.5684,-1,-1,ExactBaseline,0,0,0,0,1.20397,0,1.21948,0,0,0,0,0.994892
E3-LS-p030,40.5702,-1,-1,ExactBaseline,0,0,0,0,1.20397,0,1.19758,0,0,0,0,1
E3-LS-p030,40.5853,-1,-1,ExactBaseline,0,0,0,0,1.20397,0,0.758631,0,0,0,0,1
E3-LS-p030,40.5908,-1,-1,ExactBaseline,0,0,0,0,1.20397,0,0.076797,0,0,0,0,1
E3-LS-p030,40.5926,-1,-1,ExactBaseline,0,0,0,0,1.20397,0,0.278721,0,0,0,0,1
E3-LS-p030,40.6015,-1,-1,ExactBaseline,0,0,0,0,1.20397,0,0.662848,0,0,0,0,1
E3-LS-p030,40.602,-1,-1,ExactBaseline,0,0,0,0,1.20397,0,1.00332,0,0,0,0,1
E3-LS-p030,40.6026,13,172,ExactBaseline,1,1,0.00362608,1.08091,1.20397,4,0.725226,0,0,0,0,0.994276
E3-LS-p030,40.6054,-1,-1,ExactBaseline,0,0,0,0,1.20397,0,0.575254,0,0,0,0,1
E3-LS-p030,40.6137,223,157,ExactBaseline,1,1,0.00238319,0.693147,1.20397,3,0.669576,0,0,0,0,0.997446
E3-LS-p030,40.6161,-1,-1,ExactBaseline,0,0,0,0,1.20397,0,0.501592,0,0,0,0,0.997446
E3-LS-p030,40.6173,-1,-1,ExactBaseline,0,0,0,0,1.20397,0,0.964717,0,0,0,0,1
E3-LS-p030,40.6323,-1,-1,ExactBaseline,0,0,0,0,1.20397,0,0.517116,0,0,0,0,1
E3-LS-p030,40.6336,-1,-1,ExactBaseline,0,0,0,0,1.20397,0,0.116376,0,0,0,0,0.997446
E3-LS-p030,40.6379,-1,-1,ExactBaseline,0,0,0,0,1.20397,0,0.826027,0,0,0,0,0.994892
E3-LS-p030,40.6444,-1,-1,ExactBaseline,0,0,0,0,1.20397,0,0.085963,0,0,0,0,1
E3-LS-p030,40.6485,-1,-1,ExactBaseline,0,0,0,0,1.20397,0,0.59885,0,0,0,0,1
E3-LS-p030,40.6521,-1,-1,ExactBaseline,0,0,0,0,1.20397,0,0.397101,0,0,0,0,0.994892
E3-LS-p030,40.6603,-1,-1,ExactBaseline,0,0,0,0,1.20397,0,1.2527,0,0,0,0,1
E3-LS-p030,40.6642,-1,-1,ExactBaseline,0,0,0,0,1.20397,0,0.538595,0,0,0,0,1
E3-LS-p030,40.6686,-1,-1,ExactBaseline,0,0,0,0,1.20397,0,1.2321,0,0,0,0,0.997446
E3-LS-p030,40.6745,-1,-1,ExactBaseline,0,0,0,0,1.20397,0,0.06703,0,0,0,0,1
E3-LS-p030,40.6751,-1,-1,ExactBaseline,0,0,0,0,1.20397,0,0.952956,0,0,0,0,1
E3-LS-p030,40.6773,-1,-1,ExactBaseline,0,0,0,0,1.20397,0,0.674716,0,0,0,0,0.994121
E3-LS-p030,40.6791,-1,-1,ExactBaseline,0,0,0,0,1.20397,0,0.732869,0,0,0,0,1
E3-LS-p030,40.6879,-1,-1,ExactBaseline,0,0,0,0,1.20397,0,0.110189,0,0,0,0,1
E3-LS-p030,40.6888,-1,-1,ExactBaseline,0,0,0,0,1.20397,0,0.820637,0,0,0,0,1
E3-LS-p030,40.6898,-1,-1,ExactBaseline,0,0,0,0,1.20397,0,1.33832,0,0,0,0,1
E3-LS-p030,40.6947,-1,-1,ExactBaseline,0,0,0,0,1.20397,0,0.975557,0,0,0,0,1
E3-LS-p030,40.7003,-1,-1,ExactBaseline,0,0,0,0,1.20397,0,0.391158,0,0,0,0,1
E3-LS-p030,40.7076,-1,-1,ExactBaseline,0,0,0,0,1.20397,0,0.209598,0,0,0,0,0.997446
E3-LS-p030,40.71,-1,-1,ExactBaseline,0,0,0,0,1.20397,0,0.11364,0,0,0,0,1
E3-LS-p030,40.7118,-1,-1,ExactBaseline,0,0,0,0,1.20397,0,0.127907,0,0,0,0,1
E3-LS-p030,40.7157,-1,-1,ExactBaseline,0,0,0,0,1.20397,0,0.76067,0,0,0,0,0.997446
E3-LS-p030,40.7291,-1,-1,ExactBaseline,0,0,0,0,1.20397,0,0.840201,0,0,0,0,0.997446
E3-LS-p030,40.7297,-1,-1,ExactBaseline,0,0,0,0,1.20397,0,0.072345,0,0,0,0,1
E3-LS-p030,40.7309,272,561,ExactBaseline,1,1,0.0024033,0.693147,1.20397,3,0.808468,0,0,0,0,0.997446
E3-LS-p030,40.7337,-1,-1,ExactBaseline,0,0,0,0,1.20397,0,0.179833,0,0,0,0,0.997446
E3-LS-p030,40.7364,-1,-1,ExactBaseline,0,0,0,0,1.20397,0,0.852933,0,0,0,0,1
E3-LS-p030,40.7471,-1,-1,ExactBaseline,0,0,0,0,1.20397,0,0.284046,0,0,0,0,1
E3-LS-p030,40.7478,-1,-1,ExactBaseline,0,0,0,0,1.20397,0,0.583664,0,0,0,0,1
E3-LS-p030,40.7548,-1,-1,ExactBaseline,0,0,0,0,1.20397,0,0.069231,0,0,0,0,1
E3-LS-p030,40.756,-1,-1,ExactBaseline,0,0,0,0,1.20397,0,0.468123,0,0,0,0,1
E3-LS-p030,40.7643,-1,-1,ExactBaseline,0,0,0,0,1.20397,0,0.947502,0,0,0,0,0.997446
E3-LS-p030,40.7716,-1,-1,ExactBaseline,0,0,0,0,1.20397,0,0.496428,0,0,0,0,1
E3-LS-p030,40.7739,372,91,ExactBaseline,1,1,0.00206803,0.693147,1.20397,3,1.10944,0,0,0,0,0.997446
E3-LS-p030,40.7767,-1,-1,ExactBaseline,0,0,0,0,1.20397,0,1.11889,0,0,0,0,1
E3-LS-p030,40.7769,-1,-1,ExactBaseline,0,0,0,0,1.20397,0,0.029444,0,0,0,0,1
E3-LS-p030,40.7786,-1,-1,ExactBaseline,0,0,0,0,1.20397,0,0.099098,0,0,0,0,1
E3-LS-p030,40.7823,-1,-1,ExactBaseline,0,0,0,0,1.20397,0,0.547999,0,0,0,0,0.997446
E3-LS-p030,40.7889,-1,-1,ExactBaseline,0,0,0,0,1.20397,0,0.098653,0,0,0,0,1
E3-LS-p030,40.7959,-1,-1,ExactBaseline,0,0,0,0,1.20397,0,0.177207,0,0,0,0,0.997446
E3-LS-p030,40.8089,232,494,ExactBaseline,1,1,0.00198824,0.693147,1.20397,3,1.15121,0,0,0,0,0.995803
E3-LS-p030,40.8131,-1,-1,ExactBaseline,0,0,0,0,1.20397,0,0.223946,0,0,0,0,1
E3-LS-p030,40.8148,-1,-1,ExactBaseline,0,0,0,0,1.20397,0,0.769527,0,0,0,0,1
E3-LS-p030,40.8149,-1,-1,ExactBaseline,0,0,0,0,1.20397,0,1.03887,0,0,0,0,0.999385
E3-LS-p030,40.8211,-1,-1,ExactBaseline,0,0,0,0,1.20397,0,0.684874,0,0,0,0,1
E3-LS-p030,40.8276,-1,-1,ExactBaseline,0,0,0,0,1.20397,0,0.922317,0,0,0,0,1
E3-LS-p030,40.8287,-1,-1,ExactBaseline,0,0,0,0,1.20397,0,0.842321,0,0,0,0,0.999385
E3-LS-p030,40.8364,-1,-1,ExactBaseline,0,0,0,0,1.20397,0,0.054939,0,0,0,0,1
E3-LS-p030,40.8407,-1,-1,ExactBaseline,0,0,0,0,1.20397,0,0.62901,0,0,0,0,1
E3-LS-p030,40.8439,-1,-1,ExactBaseline,0,0,0,0,1.20397,0,0.088653,0,0,0,0,1
E3-LS-p030,40.8466,-1,-1,ExactBaseline,0,0,0,0,1.20397,0,0.114992,0,0,0,0,1
E3-LS-p030,40.8476,-1,-1,ExactBaseline,0,0,0,0,1.20397,0,0.048303,0,0,0,0,1
E3-LS-p030,40.8562,-1,-1,ExactBaseline,0,0,0,0,1.20397,0,0.661251,0,0,0,0,0.997446
E3-LS-p030,40.8685,-1,-1,ExactBaseline,0,0,0,0,1.20397,0,0.238246,0,0,0,0,1
E3-LS-p030,40.8736,-1,-1,ExactBaseline,0,0,0,0,1.20397,0,0.913487,0,0,0,0,1
E3-LS-p030,40.8776,-1,-1,ExactBaseline,0,0,0,0,1.20397,0,0.603501,0,0,0,0,1
E3-LS-p030,40.878,-1,-1,ExactBaseline,0,0,0,0,1.20397,0,0.744287,0,0,0,0,1
E3-LS-p030,40.8881,-1,-1,ExactBaseline,0,0,0,0,1.20397,0,1.01097,0,0,0,0,1
E3-LS-p030,40.8958,-1,-1,ExactBaseline,0,0,0,0,1.20397,0,0.117517,0,0,0,0,1
E3-LS-p030,40.8959,-1,-1,ExactBaseline,0,0,0,0,1.20397,0,0.572307,0,0,0,0,1
E3-LS-p030,40.8959,-1,-1,ExactBaseline,0,0,0,0,1.20397,0,0.951593,0,0,0,0,0.997446
E3-LS-p030,40.8982,-1,-1,ExactBaseline,0,0,0,0,1.20397,0,1.09608,0,0,0,0,0.997446
E3-LS-p030,40.9016,397,494,ExactBaseline,1,1,0.00195442,0.693147,1.20397,3,0.658221,0,0,0,0,0.997446
E3-LS-p030,40.9039,-1,-1,ExactBaseline,0,0,0,0,1.20397,0,0.910272,0,0,0,0,1
E3-LS-p030,40.9097,-1,-1,ExactBaseline,0,0,0,0,1.20397,0,0.987625,0,0,0,0,1
E3-LS-p030,40.9144,-1,-1,ExactBaseline,0,0,0,0,1.20397,0,0.194134,0,0,0,0,1
E3-LS-p030,40.9219,-1,-1,ExactBaseline,0,0,0,0,1.20397,0,0.881326,0,0,0,0,0.997446
E3-LS-p030,40.9437,-1,-1,ExactBaseline,0,0,0,0,1.20397,0,0.441073,0,0,0,0,1
E3-LS-p030,40.9497,-1,-1,ExactBaseline,0,0,0,0,1.20397,0,0.013033,0,0,0,0,1
E3-LS-p030,40.9553,-1,-1,ExactBaseline,0,0,0,0,1.20397,0,0.778669,0,0,0,0,1
E3-LS-p030,40.9569,-1,-1,ExactBaseline,0,0,0,0,1.20397,0,1.21676,0,0,0,0,0.997446
E3-LS-p030,40.9579,-1,-1,ExactBaseline,0,0,0,0,1.20397,0,0.876652,0,0,0,0,0.997446
E3-LS-p030,40.9649,-1,-1,ExactBaseline,0,0,0,0,1.20397,0,0.987346,0,0,0,0,1
E3-LS-p030,40.9654,-1,-1,ExactBaseline,0,0,0,0,1.20397,0,1.58304,0,0,0,0,0.998154
E3-LS-p030,40.9661,-1,-1,ExactBaseline,0,0,0,0,1.20397,0,0.744993,0,0,0,0,1
E3-LS-p030,40.9679,-1,-1,ExactBaseline,0,0,0,0,1.20397,0,0.468146,0,0,0,0,0.997446
E3-LS-p030,40.978,-1,-1,ExactBaseline,0,0,0,0,1.20397,0,0.499562,0,0,0,0,1
E3-LS-p030,40.9785,-1,-1,ExactBaseline,0,0,0,0,1.20397,0,0.151338,0,0,0,0,1
E3-LS-p030,40.98,218,551,ExactBaseline,1,1,0.00199963,0.693147,1.20397,3,2.2771,0,0,0,0,0.997446
E3-LS-p030,40.9819,-1,-1,ExactBaseline,0,0,0,0,1.20397,0,0.504592,0,0,0,0,1
E3-LS-p030,40.986,-1,-1,ExactBaseline,0,0,0,0,1.20397,0,0.785421,0,0,0,0,1
E3-LS-p030,41.0064,-1,-1,ExactBaseline,0,0,0,0,1.20397,0,0.593429,0,0,0,0,0.997446
E3-LS-p030,41.0125,-1,-1,ExactBaseline,0,0,0,0,1.20397,0,0.672347,0,0,0,0,1
E3-LS-p030,41.0259,-1,-1,ExactBaseline,0,0,0,0,1.20397,0,0.758216,0,0,0,0,0.997446
E3-LS-p030,41.0289,-1,-1,ExactBaseline,0,0,0,0,1.20397,0,0.522512,0,0,0,0,1
E3-LS-p030,41.0345,-1,-1,ExactBaseline,0,0,0,0,1.20397,0,0.502885,0,0,0,0,0.997446
E3-LS-p030,41.0358,-1,-1,ExactBaseline,0,0,0,0,1.20397,0,0.408109,0,0,0,0,0.997446
E3-LS-p030,41.045,177,87,ExactBaseline,1,1,0.00200975,0.693147,1.20397,3,0.688837,0,0,0,0,0.994892
E3-LS-p030,41.0512,-1,-1,ExactBaseline,0,0,0,0,1.20397,0,0.213623,0,0,0,0,0.997446
E3-LS-p030,41.0587,-1,-1,ExactBaseline,0,0,0,0,1.20397,0,1.44962,0,0,0,0,0.999385
E3-LS-p030,41.06,-1,-1,ExactBaseline,0,0,0,0,1.20397,0,0.639918,0,0,0,0,1
E3-LS-p030,41.0602,-1,-1,ExactBaseline,0,0,0,0,1.20397,0,1.12406,0,0,0,0,1
E3-LS-p030,41.0641,-1,-1,ExactBaseline,0,0,0,0,1.20397,0,0.601222,0,0,0,0,1
E3-LS-p030,41.071,-1,-1,ExactBaseline,0,0,0,0,1.20397,0,0.874305,0,0,0,0,1
E3-LS-p030,41.0825,-1,-1,ExactBaseline,0,0,0,0,1.20397,0,0.133358,0,0,0,0,1
E3-LS-p030,41.0889,293,281,ExactBaseline,1,1,0.00240422,0.693147,1.20397,3,0.688237,0,0,0,0,0.994892
E3-LS-p030,41.0895,-1,-1,ExactBaseline,0,0,0,0,1.20397,0,0.07835,0,0,0,0,1
E3-LS-p030,41.092,-1,-1,ExactBaseline,0,0,0,0,1.20397,0,1.07638,0,0,0,0,1
E3-LS-p030,41.0939,-1,-1,ExactBaseline,0,0,0,0,1.20397,0,0.102432,0,0,0,0,1
E3-LS-p030,41.0993,-1,-1,ExactBaseline,0,0,0,0,1.20397,0,0.522421,0,0,0,0,0.996831
E3-LS-p030,41.1006,-1,-1,ExactBaseline,0,0,0,0,1.20397,0,0.575351,0,0,0,0,1
E3-LS-p030,41.1008,-1,-1,ExactBaseline,0,0,0,0,1.20397,0,0.495836,0,0,0,0,1
E3-LS-p030,41.1039,285,566,ExactBaseline,1,1,0.00243126,0.693147,1.20397,3,0.559293,0,0,0,0,0.994892
E3-LS-p030,41.1068,-1,-1,ExactBaseline,0,0,0,0,1.20397,0,0.18321,0,0,0,0,1
E3-LS-p030,41.1089,-1,-1,ExactBaseline,0,0,0,0,1.20397,0,0.065694,0,0,0,0,1
E3-LS-p030,41.1136,43,379,ExactBaseline,1,1,0.00206642,0.693147,1.20397,3,1.49643,0,0,0,0,0.997446
E3-LS-p030,41.1168,-1,-1,ExactBaseline,0,0,0,0,1.20397,0,0.193037,0,0,0,0,1
E3-LS-p030,41.1179,-1,-1,ExactBaseline,0,0,0,0,1.20397,0,1.30383,0,0,0,0,0.994892
E3-LS-p030,41.1314,-1,-1,ExactBaseline,0,0,0,0,1.20397,0,0.839394,0,0,0,0,1
E3-LS-p030,41.1394,-1,-1,ExactBaseline,0,0,0,0,1.20397,0,0.905295,0,0,0,0,0.977013
E3-LS-p030,41.1454,-1,-1,ExactBaseline,0,0,0,0,1.20397,0,0.539568,0,0,0,0,1
E3-LS-p030,41.1508,-1,-1,ExactBaseline,0,0,0,0,1.20397,0,0.259062,0,0,0,0,0.997446
E3-LS-p030,41.156,-1,-1,ExactBaseline,0,0,0,0,1.20397,0,0.94097,0,0,0,0,1
E3-LS-p030,41.1585,-1,-1,ExactBaseline,0,0,0,0,1.20397,0,0.102112,0,0,0,0,1
E3-LS-p030,41.16,-1,-1,ExactBaseline,0,0,0,0,1.20397,0,0.110245,0,0,0,0,1
E3-LS-p030,41.1626,25,296,ExactBaseline,1,1,0.0032118,1.08091,1.20397,4,1.43628,0,0,0,0,0.999385
E3-LS-p030,41.1711,415,128,ExactBaseline,1,1,0.00218605,0.693147,1.20397,3,0.812976,0,0,0,0,0.997446
E3-LS-p030,41.1712,-1,-1,ExactBaseline,0,0,0,0,1.20397,0,0.759849,0,0,0,0,0.997446
E3-LS-p030,41.1741,-1,-1,ExactBaseline,0,0,0,0,1.20397,0,0.240616,0,0,0,0,0.997446
E3-LS-p030,41.1988,-1,-1,ExactBaseline,0,0,0,0,1.20397,0,0.143065,0,0,0,0,1
E3-LS-p030,41.1995,-1,-1,ExactBaseline,0,0,0,0,1.20397,0,0.89699,0,0,0,0,0.994892
E3-LS-p030,41.1999,-1,-1,ExactBaseline,0,0,0,0,1.20397,0,0.846305,0,0,0,0,1
E3-LS-p030,41.2047,-1,-1,ExactBaseline,0,0,0,0,1.20397,0,0.830944,0,0,0,0,1
E3-LS-p030,41.2053,-1,-1,ExactBaseline,0,0,0,0,1.20397,0,1.4501,0,0,0,0,1
E3-LS-p030,41.2056,-1,-1,ExactBaseline,0,0,0,0,1.20397,0,0.040304,0,0,0,0,1
E3-LS-p030,41.2063,-1,-1,ExactBaseline,0,0,0,0,1.20397,0,1.0416,0,0,0,0,0.994892
E3-LS-p030,41.2104,-1,-1,ExactBaseline,0,0,0,0,1.20397,0,0.603304,0,0,0,0,1
E3-LS-p030,41.2106,-1,-1,ExactBaseline,0,0,0,0,1.20397,0,1.43057,0,0,0,0,0.994892
E3-LS-p030,41.2135,-1,-1,ExactBaseline,0,0,0,0,1.20397,0,1.02685,0,0,0,0,1
E3-LS-p030,41.2143,-1,-1,ExactBaseline,0,0,0,0,1.20397,0,0.804924,0,0,0,0,1
E3-LS-p030,41.2211,-1,-1,ExactBaseline,0,0,0,0,1.20397,0,0.913325,0,0,0,0,1
E3-LS-p030,41.2216,-1,-1,ExactBaseline,0,0,0,0,1.20397,0,0.825062,0,0,0,0,1
E3-LS-p030,41.2218,-1,-1,ExactBaseline,0,0,0,0,1.20397,0,1.362,0,0,0,0,1
E3-LS-p030,41.225,-1,-1,ExactBaseline,0,0,0,0,1.20397,0,0.610709,0,0,0,0,0.997446
E3-LS-p030,41.2259,-1,-1,ExactBaseline,0,0,0,0,1.20397,0,0.050106,0,0,0,0,1
E3-LS-p030,41.23,-1,-1,ExactBaseline,0,0,0,0,1.20397,0,0.204671,0,0,0,0,1
E3-LS-p030,41.231,-1,-1,ExactBaseline,0,0,0,0,1.20397,0,0.088145,0,0,0,0,1
E3-LS-p030,41.2315,-1,-1,ExactBaseline,0,0,0,0,1.20397,0,0.782786,0,0,0,0,0.999385
E3-LS-p030,41.2339,-1,-1,ExactBaseline,0,0,0,0,1.20397,0,0.456107,0,0,0,0,1
E3-LS-p030,41.2348,-1,-1,ExactBaseline,0,0,0,0,1.20397,0,0.009088,0,0,0,0,1
E3-LS-p030,41.237,-1,-1,ExactBaseline,0,0,0,0,1.20397,0,0.656106,0,0,0,0,0.997446
E3-LS-p030,41.2387,418,441,ExactBaseline,1,1,0.00201897,0.693147,1.20397,3,1.35175,0,0,0,0,0.997446
E3-LS-p030,41.2416,-1,-1,ExactBaseline,0,0,0,0,1.20397,0,0.643016,0,0,0,0,1
E3-LS-p030,41.242,-1,-1,ExactBaseline,0,0,0,0,1.20397,0,1.35381,0,0,0,0,0.997446
E3-LS-p030,41.2423,-1,-1,ExactBaseline,0,0,0,0,1.20397,0,0.851804,0,0,0,0,0.997446
E3-LS-p030,41.2432,-1,-1,ExactBaseline,0,0,0,0,1.20397,0,0.798623,0,0,0,0,1
E3-LS-p030,41.247,-1,-1,ExactBaseline,0,0,0,0,1.20397,0,0.05698,0,0,0,0,1
E3-LS-p030,41.2493,-1,-1,ExactBaseline,0,0,0,0,1.20397,0,0.792348,0,0,0,0,0.997446
E3-LS-p030,41.2636,39,248,ExactBaseline,1,1,0.00240722,0.693147,1.20397,3,0.673619,0,0,0,0,0.997446
E3-LS-p030,41.2692,-1,-1,ExactBaseline,0,0,0,0,1.20397,0,0.255642,0,0,0,0,0.997446
E3-LS-p030,41.273,-1,-1,ExactBaseline,0,0,0,0,1.20397,0,0.200608,0,0,0,0,1
E3-LS-p030,41.2738,-1,-1,ExactBaseline,0,0,0,0,1.20397,0,0.633897,0,0,0,0,1
E3-LS-p030,41.2786,-1,-1,ExactBaseline,0,0,0,0,1.20397,0,0.092109,0,0,0,0,1
E3-LS-p030,41.2872,59,259,ExactBaseline,1,1,0.00195265,0.693147,1.20397,3,0.302261,0,0,0,0,0.992338
E3-LS-p030,41.3006,-1,-1,ExactBaseline,0,0,0,0,1.20397,0,0.242674,0,0,0,0,1
E3-LS-p030,41.3036,-1,-1,ExactBaseline,0,0,0,0,1.20397,0,0.070832,0,0,0,0,1
E3-LS-p030,41.3116,-1,-1,ExactBaseline,0,0,0,0,1.20397,0,0.106407,0,0,0,0,1
E3-LS-p030,41.317,-1,-1,ExactBaseline,0,0,0,0,1.20397,0,0.126284,0,0,0,0,1
E3-LS-p030,41.3184,-1,-1,ExactBaseline,0,0,0,0,1.20397,0,0.120198,0,0,0,0,1
E3-LS-p030,41.3234,-1,-1,ExactBaseline,0,0,0,0,1.20397,0,0.619095,0,0,0,0,0.997446
E3-LS-p030,41.3238,-1,-1,ExactBaseline,0,0,0,0,1.20397,0,0.122471,0,0,0,0,1
E3-LS-p030,41.3254,-1,-1,ExactBaseline,0,0,0,0,1.20397,0,0.556472,0,0,0,0,1
E3-LS-p030,41.3356,295,151,ExactBaseline,1,1,0.00197131,0.693147,1.20397,3,0.821398,0,0,0,0,0.997446
E3-LS-p030,41.3471,-1,-1,ExactBaseline,0,0,0,0,1.20397,0,0.66374,0,0,0,0,1
E3-LS-p030,41.3493,-1,-1,ExactBaseline,0,0,0,0,1.20397,0,0.463774,0,0,0,0,0.997446
E3-LS-p030,41.3556,-1,-1,ExactBaseline,0,0,0,0,1.20397,0,0.164911,0,0,0,0,1
E3-LS-p030,41.3654,-1,-1,ExactBaseline,0,0,0,0,1.20397,0,0.924351,0,0,0,0,0.995919
E3-LS-p030,41.3752,-1,-1,ExactBaseline,0,0,0,0,1.20397,0,0.016643,0,0,0,0,1
E3-LS-p030,41.3795,-1,-1,ExactBaseline,0,0,0,0,1.20397,0,0.834572,0,0,0,0,0.997446
E3-LS-p030,41.3804,-1,-1,ExactBaseline,0,0,0,0,1.20397,0,0.806996,0,0,0,0,1
E3-LS-p030,41.3842,-1,-1,ExactBaseline,0,0,0,0,1.20397,0,0.675374,0,0,0,0,1
E3-LS-p030,41.3911,-1,-1,ExactBaseline,0,0,0,0,1.20397,0,1.09492,0,0,0,0,1
E3-LS-p030,41.3933,-1,-1,ExactBaseline,0,0,0,0,1.20397,0,0.708976,0,0,0,0,1
E3-LS-p030,41.395,-1,-1,ExactBaseline,0,0,0,0,1.20397,0,0.37567,0,0,0,0,1
E3-LS-p030,41.4006,-1,-1,ExactBaseline,0,0,0,0,1.20397,0,1.23561,0,0,0,0,1
E3-LS-p030,41.4012,-1,-1,ExactBaseline,0,0,0,0,1.20397,0,0.843089,0,0,0,0,1
E3-LS-p030,41.4095,-1,-1,ExactBaseline,0,0,0,0,1.20397,0,0.055977,0,0,0,0,1
E3-LS-p030,41.4107,-1,-1,ExactBaseline,0,0,0,0,1.20397,0,0.876974,0,0,0,0,1
E3-LS-p030,41.4115,-1,-1,ExactBaseline,0,0,0,0,1.20397,0,1.04004,0,0,0,0,1
E3-LS-p030,41.416,-1,-1,ExactBaseline,0,0,0,0,1.20397,0,1.13417,0,0,0,0,1
E3-LS-p030,41.4246,-1,-1,ExactBaseline,0,0,0,0,1.20397,0,1.04094,0,0,0,0,0.994892
E3-LS-p030,41.4255,-1,-1,ExactBaseline,0,0,0,0,1.20397,0,0.879498,0,0,0,0,0.992338
E3-LS-p030,41.432,-1,-1,ExactBaseline,0,0,0,0,1.20397,0,0.896907,0,0,0,0,1
E3-LS-p030,41.4394,-1,-1,ExactBaseline,0,0,0,0,1.20397,0,0.499316,0,0,0,0,1
E3-LS-p030,41.4399,-1,-1,ExactBaseline,0,0,0,0,1.20397,0,0.071519,0,0,0,0,1
E3-LS-p030,41.4553,94,359,ExactBaseline,1,1,0.00198202,0.693147,1.20397,3,1.11707,0,0,0,0,0.997446
E3-LS-p030,41.4573,-1,-1,ExactBaseline,0,0,0,0,1.20397,0,0.733032,0,0,0,0,0.997446
E3-LS-p030,41.4602,-1,-1,ExactBaseline,0,0,0,0,1.20397,0,0.127331,0,0,0,0,0.994892
E3-LS-p030,41.4649,-1,-1,ExactBaseline,0,0,0,0,1.20397,0,0.766734,0,0,0,0,1
E3-LS-p030,41.4684,-1,-1,ExactBaseline,0,0,0,0,1.20397,0,0.954572,0,0,0,0,1
E3-LS-p030,41.4724,-1,-1,ExactBaseline,0,0,0,0,1.20397,0,0.078128,0,0,0,0,1
E3-LS-p030,41.4806,-1,-1,ExactBaseline,0,0,0,0,1.20397,0,0.768132,0,0,0,0,1
E3-LS-p030,41.4817,-1,-1,ExactBaseline,0,0,0,0,1.20397,0,1.27279,0,0,0,0,0.997446
E3-LS-p030,41.4905,-1,-1,ExactBaseline,0,0,0,0,1.20397,0,0.863001,0,0,0,0,1
E3-LS-p030,41.499,-1,-1,ExactBaseline,0,0,0,0,1.20397,0,0.621482,0,0,0,0,1
E3-LS-p030,41.4994,-1,-1,ExactBaseline,0,0,0,0,1.20397,0,0.368177,0,0,0,0,1
E3-LS-p030,41.5034,-1,-1,ExactBaseline,0,0,0,0,1.20397,0,0.318696,0,0,0,0,1
E3-LS-p030,41.5047,-1,-1,ExactBaseline,0,0,0,0,1.20397,0,0.173172,0,0,0,0,1
E3-LS-p030,41.5143,-1,-1,ExactBaseline,0,0,0,0,1.20397,0,0.758504,0,0,0,0,0.997446
E3-LS-p030,41.5147,53,272,ExactBaseline,1,1,0.00194509,0.693147,1.20397,3,0.925786,0,0,0,0,0.994892
E3-LS-p030,41.5196,-1,-1,ExactBaseline,0,0,0,0,1.20397,0,0.32916,0,0,0,0,1
E3-LS-p030,41.5224,-1,-1,ExactBaseline,0,0,0,0,1.20397,0,0.641077,0,0,0,0,1
E3-LS-p030,41.5226,-1,-1,ExactBaseline,0,0,0,0,1.20397,0,0.674999,0,0,0,0,0.996831
E3-LS-p030,41.5226,-1,-1,ExactBaseline,0,0,0,0,1.20397,0,0.670277,0,0,0,0,1
E3-LS-p030,41.5263,432,538,ExactBaseline,1,1,0.00241755,0.693147,1.20397,3,0.609963,0,0,0,0,0.997446
E3-LS-p030,41.5267,-1,-1,ExactBaseline,0,0,0,0,1.20397,0,0.607841,0,0,0,0,0.997446
E3-LS-p030,41.5304,-1,-1,ExactBaseline,0,0,0,0,1.20397,0,1.09686,0,0,0,0,1
E3-LS-p030,41.5349,-1,-1,ExactBaseline,0,0,0,0,1.20397,0,0.793317,0,0,0,0,1
E3-LS-p030,41.5365,-1,-1,ExactBaseline,0,0,0,0,1.20397,0,1.20018,0,0,0,0,0.997446
E3-LS-p030,41.5438,-1,-1,ExactBaseline,0,0,0,0,1.20397,0,1.04808,0,0,0,0,1
E3-LS-p030,41.546,-1,-1,ExactBaseline,0,0,0,0,1.20397,0,1.18178,0,0,0,0,0.997446
E3-LS-p030,41.547,-1,-1,ExactBaseline,0,0,0,0,1.20397,0,0.749755,0,0,0,0,0.994892
E3-LS-p030,41.5517,-1,-1,ExactBaseline,0,0,0,0,1.20397,0,0.878138,0,0,0,0,1
E3-LS-p030,41.5542,-1,-1,ExactBaseline,0,0,0,0,1.20397,0,1.30121,0,0,0,0,1
E3-LS-p030,41.5606,-1,-1,ExactBaseline,0,0,0,0,1.20397,0,1.34591,0,0,0,0,1
E3-LS-p030,41.5775,-1,-1,ExactBaseline,0,0,0,0,1.20397,0,1.4953,0,0,0,0,0.997446
E3-LS-p030,41.579,-1,-1,ExactBaseline,0,0,0,0,1.20397,0,0.586118,0,0,0,0,1
E3-LS-p030,41.5875,-1,-1,ExactBaseline,0,0,0,0,1.20397,0,0.422192,0,0,0,0,0.994892
E3-LS-p030,41.5961,-1,-1,ExactBaseline,0,0,0,0,1.20397,0,0.819194,0,0,0,0,0.994892
E3-LS-p030,41.597,-1,-1,ExactBaseline,0,0,0,0,1.20397,0,0.894983,0,0,0,0,1
E3-LS-p030,41.5972,-1,-1,ExactBaseline,0,0,0,0,1.20397,0,0.710631,0,0,0,0,1
E3-LS-p030,41.6055,-1,-1,ExactBaseline,0,0,0,0,1.20397,0,0.156162,0,0,0,0,1
E3-LS-p030,41.6262,-1,-1,ExactBaseline,0,0,0,0,1.20397,0,0.08007,0,0,0,0,1
E3-LS-p030,41.6316,-1,-1,ExactBaseline,0,0,0,0,1.20397,0,1.15652,0,0,0,0,0.998357
E3-LS-p030,41.6365,251,339,ExactBaseline,1,1,0.00199439,0.693147,1.20397,3,1.08256,0,0,0,0,0.994892
E3-LS-p030,41.6418,-1,-1,ExactBaseline,0,0,0,0,1.20397,0,1.78974,0,0,0,0,1
E3-LS-p030,41.6501,-1,-1,ExactBaseline,0,0,0,0,1.20397,0,0.904037,0,0,0,0,0.997446
E3-LS-p030,41.6516,-1,-1,ExactBaseline,0,0,0,0,1.20397,0,1.00402,0,0,0,0,1
E3-LS-p030,41.6559,-1,-1,ExactBaseline,0,0,0,0,1.20397,0,0.213365,0,0,0,0,1
E3-LS-p030,41.6595,-1,-1,ExactBaseline,0,0,0,0,1.20397,0,0.647421,0,0,0,0,1
E3-LS-p030,41.6631,-1,-1,ExactBaseline,0,0,0,0,1.20397,0,0.712292,0,0,0,0,1
E3-LS-p030,41.6757,-1,-1,ExactBaseline,0,0,0,0,1.20397,0,1.26193,0,0,0,0,0.997446
E3-LS-p030,41.6786,-1,-1,ExactBaseline,0,0,0,0,1.20397,0,0.870768,0,0,0,0,1
E3-LS-p030,41.6803,-1,-1,ExactBaseline,0,0,0,0,1.20397,0,0.687697,0,0,0,0,0.997446
E3-LS-p030,41.6821,173,294,ExactBaseline,1,1,0.00193143,0.693147,1.20397,3,0.865334,0,0,0,0,0.997446
E3-LS-p030,41.6826,-1,-1,ExactBaseline,0,0,0,0,1.20397,0,0.889892,0,0,0,0,1
E3-LS-p030,41.6846,102,487,ExactBaseline,1,1,0.00193961,0.693147,1.20397,3,0.460179,0,0,0,0,0.994892
E3-LS-p030,41.685,-1,-1,ExactBaseline,0,0,0,0,1.20397,0,0.804646,0,0,0,0,1
E3-LS-p030,41.6869,-1,-1,ExactBaseline,0,0,0,0,1.20397,0,1.57065,0,0,0,0,0.991722
E3-LS-p030,41.6909,-1,-1,ExactBaseline,0,0,0,0,1.20397,0,1.04319,0,0,0,0,1
E3-LS-p030,41.6942,-1,-1,ExactBaseline,0,0,0,0,1.20397,0,0.462871,0,0,0,0,1
E3-LS-p030,41.6944,-1,-1,ExactBaseline,0,0,0,0,1.20397,0,0.655555,0,0,0,0,1
E3-LS-p030,41.6949,-1,-1,ExactBaseline,0,0,0,0,1.20397,0,0.31932,0,0,0,0,0.997446
E3-LS-p030,41.6981,-1,-1,ExactBaseline,0,0,0,0,1.20397,0,0.765225,0,0,0,0,0.997446
E3-LS-p030,41.6981,-1,-1,ExactBaseline,0,0,0,0,1.20397,0,0.108208,0,0,0,0,1
E3-LS-p030,41.7015,-1,-1,ExactBaseline,0,0,0,0,1.20397,0,0.80119,0,0,0,0,0.997446
E3-LS-p030,41.7018,-1,-1,ExactBaseline,0,0,0,0,1.20397,0,0.311399,0,0,0,0,1
E3-LS-p030,41.7025,-1,-1,ExactBaseline,0,0,0,0,1.20397,0,0.034209,0,0,0,0,1
E3-LS-p030,41.7095,-1,-1,ExactBaseline,0,0,0,0,1.20397,0,0.882094,0,0,0,0,0.997446
E3-LS-p030,41.7161,390,444,ExactBaseline,1,1,0.00194009,0.693147,1.20397,3,1.49818,0,0,0,0,0.997446
E3-LS-p030,41.7168,-1,-1,ExactBaseline,0,0,0,0,1.20397,0,0.751768,0,0,0,0,0.994892
E3-LS-p030,41.7179,126,242,ExactBaseline,1,1,0.00193882,0.693147,1.20397,3,0.664457,0,0,0,0,0.997446
E3-LS-p030,41.7213,-1,-1,ExactBaseline,0,0,0,0,1.20397,0,0.35235,0,0,0,0,1
E3-LS-p030,41.725,-1,-1,ExactBaseline,0,0,0,0,1.20397,0,1.15675,0,0,0,0,0.992338
E3-LS-p030,41.7267,-1,-1,ExactBaseline,0,0,0,0,1.20397,0,0.073315,0,0,0,0,1
E3-LS-p030,41.7327,-1,-1,ExactBaseline,0,0,0,0,1.20397,0,0.073459,0,0,0,0,1
E3-LS-p030,41.7331,-1,-1,ExactBaseline,0,0,0,0,1.20397,0,0.54781,0,0,0,0,1
E3-LS-p030,41.7354,-1,-1,ExactBaseline,0,0,0,0,1.20397,0,0.637201,0,0,0,0,1
E3-LS-p030,41.7359,-1,-1,ExactBaseline,0,0,0,0,1.20397,0,0.966376,0,0,0,0,1
E3-LS-p030,41.7398,-1,-1,ExactBaseline,0,0,0,0,1.20397,0,0.849345,0,0,0,0,0.999385
E3-LS-p030,41.7501,-1,-1,ExactBaseline,0,0,0,0,1.20397,0,0.842804,0,0,0,0,0.994892
E3-LS-p030,41.7543,-1,-1,ExactBaseline,0,0,0,0,1.20397,0,0.627096,0,0,0,0,0.997446
E3-LS-p030,41.7657,-1,-1,ExactBaseline,0,0,0,0,1.20397,0,0.776869,0,0,0,0,0.994892
E3-LS-p030,41.7683,-1,-1,ExactBaseline,0,0,0,0,1.20397,0,1.17484,0,0,0,0,0.998357
E3-LS-p030,41.7693,-1,-1,ExactBaseline,0,0,0,0,1.20397,0,1.2926,0,0,0,0,1
E3-LS-p030,41.7726,-1,-1,ExactBaseline,0,0,0,0,1.20397,0,0.661119,0,0,0,0,1
E3-LS-p030,41.7745,123,141,ExactBaseline,1,1,0.00202134,0.693147,1.20397,3,0.360817,0,0,0,0,0.994892
E3-LS-p030,41.779,-1,-1,ExactBaseline,0,0,0,0,1.20397,0,0.570136,0,0,0,0,1
E3-LS-p030,41.7812,-1,-1,ExactBaseline,0,0,0,0,1.20397,0,0.857631,0,0,0,0,1
E3-LS-p030,41.7892,-1,-1,ExactBaseline,0,0,0,0,1.20397,0,0.513717,0,0,0,0,0.997446
E3-LS-p030,41.7909,-1,-1,ExactBaseline,0,0,0,0,1.20397,0,0.405314,0,0,0,0,0.997446
E3-LS-p030,41.7917,-1,-1,ExactBaseline,0,0,0,0,1.20397,0,1.46574,0,0,0,0,1
E3-LS-p030,41.801,-1,-1,ExactBaseline,0,0,0,0,1.20397,0,0.685533,0,0,0,0,1
E3-LS-p030,41.8057,-1,-1,ExactBaseline,0,0,0,0,1.20397,0,0.607725,0,0,0,0,1
E3-LS-p030,41.8096,371,287,ExactBaseline,1,1,0.00208833,0.693147,1.20397,3,0.256889,0,0,0,0,0.997446
E3-LS-p030,41.8105,284,251,ExactBaseline,1,1,0.00206199,0.693147,1.20397,3,0.944454,0,0,0,0,0.994892
E3-LS-p030,41.8192,-1,-1,ExactBaseline,0,0,0,0,1.20397,0,0.79145,0,0,0,0,1
E3-LS-p030,41.8206,-1,-1,ExactBaseline,0,0,0,0,1.20397,0,0.484544,0,0,0,0,1
E3-LS-p030,41.8236,-1,-1,ExactBaseline,0,0,0,0,1.20397,0,1.05712,0,0,0,0,0.990811
E3-LS-p030,41.827,-1,-1,ExactBaseline,0,0,0,0,1.20397,0,0.581343,0,0,0,0,0.997446
E3-LS-p030,41.8346,-1,-1,ExactBaseline,0,0,0,0,1.20397,0,0.163854,0,0,0,0,1
E3-LS-p030,41.8383,-1,-1,ExactBaseline,0,0,0,0,1.20397,0,0.523187,0,0,0,0,0.992338
E3-LS-p030,41.8393,-1,-1,ExactBaseline,0,0,0,0,1.20397,0,1.35831,0,0,0,0,1
E3-LS-p030,41.8467,-1,-1,ExactBaseline,0,0,0,0,1.20397,0,1.11126,0,0,0,0,1
E3-LS-p030,41.847,-1,-1,ExactBaseline,0,0,0,0,1.20397,0,0.922313,0,0,0,0,0.998357
E3-LS-p030,41.8552,-1,-1,ExactBaseline,0,0,0,0,1.20397,0,1.16451,0,0,0,0,1
E3-LS-p030,41.8562,-1,-1,ExactBaseline,0,0,0,0,1.20397,0,1.18083,0,0,0,0,1
E3-LS-p030,41.8602,381,338,ExactBaseline,1,1,0.00209159,0.693147,1.20397,3,1.40588,0,0,0,0,0.997446
E3-LS-p030,41.8612,382,481,ExactBaseline,1,1,0.00208483,0.693147,1.20397,3,1.27553,0,0,0,0,0.997446
E3-LS-p030,41.8632,-1,-1,ExactBaseline,0,0,0,0,1.20397,0,2.31765,0,0,0,0,0.999385
E3-LS-p030,41.8635,-1,-1,ExactBaseline,0,0,0,0,1.20397,0,0.352899,0,0,0,0,1
E3-LS-p030,41.8659,-1,-1,ExactBaseline,0,0,0,0,1.20397,0,0.95165,0,0,0,0,0.997446
E3-LS-p030,41.87,-1,-1,ExactBaseline,0,0,0,0,1.20397,0,1.06238,0,0,0,0,0.997446
E3-LS-p030,41.8787,-1,-1,ExactBaseline,0,0,0,0,1.20397,0,1.03696,0,0,0,0,0.997446
E3-LS-p030,41.8791,58,568,ExactBaseline,1,1,0.00207412,0.693147,1.20397,3,0.989701,0,0,0,0,0.989168
E3-LS-p030,41.8833,-1,-1,ExactBaseline,0,0,0,0,1.20397,0,1.4064,0,0,0,0,0.994892
E3-LS-p030,41.8863,-1,-1,ExactBaseline,0,0,0,0,1.20397,0,0.643816,0,0,0,0,1
E3-LS-p030,41.8973,230,369,ExactBaseline,1,1,0.00238958,0.693147,1.20397,3,0.078773,0,0,0,0,0.997446
E3-LS-p030,41.8993,-1,-1,ExactBaseline,0,0,0,0,1.20397,0,0.126761,0,0,0,0,1
E3-LS-p030,41.9217,-1,-1,ExactBaseline,0,0,0,0,1.20397,0,1.26964,0,0,0,0,1
E3-LS-p030,41.9231,-1,-1,ExactBaseline,0,0,0,0,1.20397,0,0.778506,0,0,0,0,1
E3-LS-p030,41.9248,-1,-1,ExactBaseline,0,0,0,0,1.20397,0,0.957475,0,0,0,0,1
E3-LS-p030,41.9258,-1,-1,ExactBaseline,0,0,0,0,1.20397,0,0.076634,0,0,0,0,1
E3-LS-p030,41.928,-1,-1,ExactBaseline,0,0,0,0,1.20397,0,0.813683,0,0,0,0,0.997446
E3-LS-p030,41.9366,-1,-1,ExactBaseline,0,0,0,0,1.20397,0,1.13705,0,0,0,0,1
E3-LS-p030,41.9403,-1,-1,ExactBaseline,0,0,0,0,1.20397,0,0.107283,0,0,0,0,1
E3-LS-p030,41.9448,-1,-1,ExactBaseline,0,0,0,0,1.20397,0,0.08743,0,0,0,0,1
E3-LS-p030,41.9469,-1,-1,ExactBaseline,0,0,0,0,1.20397,0,0.222113,0,0,0,0,1
E3-LS-p030,41.9525,-1,-1,ExactBaseline,0,0,0,0,1.20397,0,0.801778,0,0,0,0,0.997446
E3-LS-p030,41.9584,299,68,ExactBaseline,1,1,0.00241419,0.693147,1.20397,3,1.22883,0,0,0,0,0.997446
E3-LS-p030,41.9719,-1,-1,ExactBaseline,0,0,0,0,1.20397,0,2.41934,0,0,0,0,0.991519
E3-LS-p030,41.981,-1,-1,ExactBaseline,0,0,0,0,1.20397,0,0.602026,0,0,0,0,1
E3-LS-p030,41.9815,-1,-1,ExactBaseline,0,0,0,0,1.20397,0,0.630819,0,0,0,0,1
E3-LS-p030,41.9821,-1,-1,ExactBaseline,0,0,0,0,1.20397,0,0.218217,0,0,0,0,0.997446
E3-LS-p030,41.9879,-1,-1,ExactBaseline,0,0,0,0,1.20397,0,0.728169,0,0,0,0,1
E3-LS-p030,42.002,-1,-1,ExactBaseline,0,0,0,0,1.20397,0,0.748387,0,0,0,0,1
E3-LS-p030,42.0054,-1,-1,ExactBaseline,0,0,0,0,1.20397,0,1.04766,0,0,0,0,1
E3-LS-p030,42.0059,-1,-1,ExactBaseline,0,0,0,0,1.20397,0,0.592785,0,0,0,0,1
E3-LS-p030,42.0119,-1,-1,ExactBaseline,0,0,0,0,1.20397,0,0.690761,0,0,0,0,0.997446
E3-LS-p030,42.0153,-1,-1,ExactBaseline,0,0,0,0,1.20397,0,1.72844,0,0,0,0,0.99275
E3-LS-p030,42.0171,-1,-1,ExactBaseline,0,0,0,0,1.20397,0,0.72773,0,0,0,0,0.999797
E3-LS-p030,42.0189,-1,-1,ExactBaseline,0,0,0,0,1.20397,0,0.618144,0,0,0,0,1
E3-LS-p030,42.0191,-1,-1,ExactBaseline,0,0,0,0,1.20397,0,0.395312,0,0,0,0,0.994892
E3-LS-p030,42.0214,-1,-1,ExactBaseline,0,0,0,0,1.20397,0,0.086819,0,0,0,0,1
E3-LS-p030,42.0261,-1,-1,ExactBaseline,0,0,0,0,1.20397,0,0.346734,0,0,0,0,0.997446
E3-LS-p030,42.0262,-1,-1,ExactBaseline,0,0,0,0,1.20397,0,0.204901,0,0,0,0,1
E3-LS-p030,42.0273,-1,-1,ExactBaseline,0,0,0,0,1.20397,0,0.612606,0,0,0,0,0.996831
E3-LS-p030,42.0348,-1,-1,ExactBaseline,0,0,0,0,1.20397,0,0.173023,0,0,0,0,1
E3-LS-p030,42.0396,-1,-1,ExactBaseline,0,0,0,0,1.20397,0,1.29117,0,0,0,0,1
E3-LS-p030,42.0461,-1,-1,ExactBaseline,0,0,0,0,1.20397,0,0.727745,0,0,0,0,0.997446
E3-LS-p030,42.0496,-1,-1,ExactBaseline,0,0,0,0,1.20397,0,0.19199,0,0,0,0,1
E3-LS-p030,42.0519,-1,-1,ExactBaseline,0,0,0,0,1.20397,0,0.874933,0,0,0,0,1
E3-LS-p030,42.0547,-1,-1,ExactBaseline,0,0,0,0,1.20397,0,0.606517,0,0,0,0,0.997446
E3-LS-p030,42.0571,-1,-1,ExactBaseline,0,0,0,0,1.20397,0,0.351885,0,0,0,0,1
E3-LS-p030,42.058,-1,-1,ExactBaseline,0,0,0,0,1.20397,0,0.624197,0,0,0,0,1
E3-LS-p030,42.0581,-1,-1,ExactBaseline,0,0,0,0,1.20397,0,0.591307,0,0,0,0,0.997446
E3-LS-p030,42.0605,319,204,ExactBaseline,1,1,0.00197502,0.693147,1.20397,3,0.35907,0,0,0,0,0.997446
E3-LS-p030,42.0612,-1,-1,ExactBaseline,0,0,0,0,1.20397,0,0.703613,0,0,0,0,1
E3-LS-p030,42.0722,-1,-1,ExactBaseline,0,0,0,0,1.20397,0,0.252397,0,0,0,0,1
E3-LS-p030,42.0753,-1,-1,ExactBaseline,0,0,0,0,1.20397,0,0.589307,0,0,0,0,1
E3-LS-p030,42.0756,-1,-1,ExactBaseline,0,0,0,0,1.20397,0,0.448927,0,0,0,0,1
E3-LS-p030,42.0981,-1,-1,ExactBaseline,0,0,0,0,1.20397,0,0.47671,0,0,0,0,0.997446
E3-LS-p030,42.0981,-1,-1,ExactBaseline,0,0,0,0,1.20397,0,0.194795,0,0,0,0,0.997446
E3-LS-p030,42.0994,-1,-1,ExactBaseline,0,0,0,0,1.20397,0,0.631534,0,0,0,0,1
E3-LS-p030,42.1025,-1,-1,ExactBaseline,0,0,0,0,1.20397,0,0.663769,0,0,0,0,0.997446
E3-LS-p030,42.1207,-1,-1,ExactBaseline,0,0,0,0,1.20397,0,0.059911,0,0,0,0,1
E3-LS-p030,42.1253,-1,-1,ExactBaseline,0,0,0,0,1.20397,0,0.666883,0,0,0,0,1
E3-LS-p030,42.1282,-1,-1,ExactBaseline,0,0,0,0,1.20397,0,0.029515,0,0,0,0,1
E3-LS-p030,42.1299,-1,-1,ExactBaseline,0,0,0,0,1.20397,0,0.713309,0,0,0,0,1
E3-LS-p030,42.1384,-1,-1,ExactBaseline,0,0,0,0,1.20397,0,0.827664,0,0,0,0,1
E3-LS-p030,42.143,-1,-1,ExactBaseline,0,0,0,0,1.20397,0,1.37828,0,0,0,0,1
E3-LS-p030,42.1544,-1,-1,ExactBaseline,0,0,0,0,1.20397,0,0.963693,0,0,0,0,1
E3-LS-p030,42.1593,-1,-1,ExactBaseline,0,0,0,0,1.20397,0,0.636804,0,0,0,0,1
E3-LS-p030,42.1666,-1,-1,ExactBaseline,0,0,0,0,1.20397,0,1.26004,0,0,0,0,0.997816
E3-LS-p030,42.168,-1,-1,ExactBaseline,0,0,0,0,1.20397,0,1.1335,0,0,0,0,1
E3-LS-p030,42.1683,-1,-1,ExactBaseline,0,0,0,0,1.20397,0,0.416427,0,0,0,0,1
E3-LS-p030,42.1691,-1,-1,ExactBaseline,0,0,0,0,1.20397,0,0.145761,0,0,0,0,1
E3-LS-p030,42.1728,-1,-1,ExactBaseline,0,0,0,0,1.20397,0,0.888306,0,0,0,0,1
E3-LS-p030,42.1793,-1,-1,ExactBaseline,0,0,0,0,1.20397,0,0.143778,0,0,0,0,1
E3-LS-p030,42.1833,-1,-1,ExactBaseline,0,0,0,0,1.20397,0,0.45609,0,0,0,0,0.997446
E3-LS-p030,42.1834,-1,-1,ExactBaseline,0,0,0,0,1.20397,0,1.08828,0,0,0,0,0.994276
E3-LS-p030,42.1837,-1,-1,ExactBaseline,0,0,0,0,1.20397,0,0.633028,0,0,0,0,0.994892
E3-LS-p030,42.2045,-1,-1,ExactBaseline,0,0,0,0,1.20397,0,0.513734,0,0,0,0,1
E3-LS-p030,42.2083,-1,-1,ExactBaseline,0,0,0,0,1.20397,0,0.816018,0,0,0,0,0.997446
E3-LS-p030,42.2088,-1,-1,ExactBaseline,0,0,0,0,1.20397,0,1.15267,0,0,0,0,1
E3-LS-p030,42.2109,33,172,ExactBaseline,1,1,0.00316609,1.08091,1.20397,4,0.598758,0,0,0,0,0.996215
E3-LS-p030,42.2147,-1,-1,ExactBaseline,0,0,0,0,1.20397,0,0.699947,0,0,0,0,0.997446
E3-LS-p030,42.2149,-1,-1,ExactBaseline,0,0,0,0,1.20397,0,1.44175,0,0,0,0,1
E3-LS-p030,42.232,-1,-1,ExactBaseline,0,0,0,0,1.20397,0,0.093651,0,0,0,0,1
E3-LS-p030,42.2357,-1,-1,ExactBaseline,0,0,0,0,1.20397,0,0.112936,0,0,0,0,1
E3-LS-p030,42.2389,-1,-1,ExactBaseline,0,0,0,0,1.20397,0,0.116073,0,0,0,0,1
E3-LS-p030,42.2418,-1,-1,ExactBaseline,0,0,0,0,1.20397,0,0.605802,0,0,0,0,1
E3-LS-p030,42.2497,-1,-1,ExactBaseline,0,0,0,0,1.20397,0,0.18088,0,0,0,0,1
E3-LS-p030,42.2501,-1,-1,ExactBaseline,0,0,0,0,1.20397,0,0.040199,0,0,0,0,1
E3-LS-p030,42.2538,-1,-1,ExactBaseline,0,0,0,0,1.20397,0,0.714082,0,0,0,0,1
E3-LS-p030,42.2636,-1,-1,ExactBaseline,0,0,0,0,1.20397,0,1.07184,0,0,0,0,0.997446
E3-LS-p030,42.2779,-1,-1,ExactBaseline,0,0,0,0,1.20397,0,1.82451,0,0,0,0,1
E3-LS-p030,42.2827,-1,-1,ExactBaseline,0,0,0,0,1.20397,0,0.58594,0,0,0,0,1
E3-LS-p030,42.2965,-1,-1,ExactBaseline,0,0,0,0,1.20397,0,0.941605,0,0,0,0,1
E3-LS-p030,42.302,87,64,ExactBaseline,1,1,0.00203534,0.693147,1.20397,3,1.03339,0,0,0,0,0.994161
E3-LS-p030,42.3072,-1,-1,ExactBaseline,0,0,0,0,1.20397,0,0.737548,0,0,0,0,0.994892
E3-LS-p030,42.3166,-1,-1,ExactBaseline,0,0,0,0,1.20397,0,1.32183,0,0,0,0,0.997446
E3-LS-p030,42.3199,-1,-1,ExactBaseline,0,0,0,0,1.20397,0,0.047687,0,0,0,0,1
E3-LS-p030,42.3215,-1,-1,ExactBaseline,0,0,0,0,1.20397,0,0.629865,0,0,0,0,1
E3-LS-p030,42.3245,-1,-1,ExactBaseline,0,0,0,0,1.20397,0,1.62895,0,0,0,0,0.997446
E3-LS-p030,42.3268,-1,-1,ExactBaseline,0,0,0,0,1.20397,0,0.226148,0,0,0,0,1
E3-LS-p030,42.3271,-1,-1,ExactBaseline,0,0,0,0,1.20397,0,0.602225,0,0,0,0,1
E3-LS-p030,42.3289,-1,-1,ExactBaseline,0,0,0,0,1.20397,0,0.701215,0,0,0,0,1
E3-LS-p030,42.3318,-1,-1,ExactBaseline,0,0,0,0,1.20397,0,0.284295,0,0,0,0,0.992338
E3-LS-p030,42.3335,-1,-1,ExactBaseline,0,0,0,0,1.20397,0,0.51344,0,0,0,0,1
E3-LS-p030,42.3385,-1,-1,ExactBaseline,0,0,0,0,1.20397,0,1.04638,0,0,0,0,1
E3-LS-p030,42.3412,-1,-1,ExactBaseline,0,0,0,0,1.20397,0,0.77159,0,0,0,0,1
E3-LS-p030,42.3419,32,126,ExactBaseline,1,1,0.00360286,1.08091,1.20397,4,1.81272,0,0,0,0,0.999385
E3-LS-p030,42.3441,-1,-1,ExactBaseline,0,0,0,0,1.20397,0,0.105781,0,0,0,0,1
E3-LS-p030,42.3505,-1,-1,ExactBaseline,0,0,0,0,1.20397,0,0.055192,0,0,0,0,1
E3-LS-p030,42.3701,-1,-1,ExactBaseline,0,0,0,0,1.20397,0,1.30932,0,0,0,0,1
E3-LS-p030,42.373,-1,-1,ExactBaseline,0,0,0,0,1.20397,0,0.735784,0,0,0,0,1
E3-LS-p030,42.3812,-1,-1,ExactBaseline,0,0,0,0,1.20397,0,0.755416,0,0,0,0,1
E3-LS-p030,42.3826,157,583,ExactBaseline,1,1,0.00240115,0.693147,1.20397,3,0.299447,0,0,0,0,0.994892
E3-LS-p030,42.3841,-1,-1,ExactBaseline,0,0,0,0,1.20397,0,0.244156,0,0,0,0,0.997446
E3-LS-p030,42.3895,-1,-1,ExactBaseline,0,0,0,0,1.20397,0,0.83524,0,0,0,0,1
E3-LS-p030,42.3916,-1,-1,ExactBaseline,0,0,0,0,1.20397,0,0.511749,0,0,0,0,0.997446
E3-LS-p030,42.3957,-1,-1,ExactBaseline,0,0,0,0,1.20397,0,0.700892,0,0,0,0,1
E3-LS-p030,42.4072,-1,-1,ExactBaseline,0,0,0,0,1.20397,0,0.19636,0,0,0,0,1
E3-LS-p030,42.4081,-1,-1,ExactBaseline,0,0,0,0,1.20397,0,0.131559,0,0,0,0,1
E3-LS-p030,42.4105,-1,-1,ExactBaseline,0,0,0,0,1.20397,0,0.089875,0,0,0,0,1
E3-LS-p030,42.4142,-1,-1,ExactBaseline,0,0,0,0,1.20397,0,0.703619,0,0,0,0,1
E3-LS-p030,42.4169,-1,-1,ExactBaseline,0,0,0,0,1.20397,0,0.979919,0,0,0,0,1
E3-LS-p030,42.4308,-1,-1,ExactBaseline,0,0,0,0,1.20397,0,0.084421,0,0,0,0,1
E3-LS-p030,42.4504,-1,-1,ExactBaseline,0,0,0,0,1.20397,0,0.919909,0,0,0,0,1
E3-LS-p030,42.4532,28,588,ExactBaseline,1,1,0.00193801,0.693147,1.20397,3,0.393075,0,0,0,0,0.994892
E3-LS-p030,42.4538,-1,-1,ExactBaseline,0,0,0,0,1.20397,0,0.724622,0,0,0,0,1
E3-LS-p030,42.4663,-1,-1,ExactBaseline,0,0,0,0,1.20397,0,0.109604,0,0,0,0,0.997446
E3-LS-p030,42.4682,-1,-1,ExactBaseline,0,0,0,0,1.20397,0,0.557957,0,0,0,0,1
E3-LS-p030,42.4689,-1,-1,ExactBaseline,0,0,0,0,1.20397,0,1.12754,0,0,0,0,1
E3-LS-p030,42.4716,-1,-1,ExactBaseline,0,0,0,0,1.20397,0,0.763517,0,0,0,0,1
E3-LS-p030,42.4806,-1,-1,ExactBaseline,0,0,0,0,1.20397,0,0.053663,0,0,0,0,1
E3-LS-p030,42.4809,-1,-1,ExactBaseline,0,0,0,0,1.20397,0,1.12001,0,0,0,0,0.996831
E3-LS-p030,42.4816,-1,-1,ExactBaseline,0,0,0,0,1.20397,0,0.153948,0,0,0,0,1
E3-LS-p030,42.4985,-1,-1,ExactBaseline,0,0,0,0,1.20397,0,0.183708,0,0,0,0,1
E3-LS-p030,42.501,-1,-1,ExactBaseline,0,0,0,0,1.20397,0,0.613885,0,0,0,0,1
E3-LS-p030,42.501,-1,-1,ExactBaseline,0,0,0,0,1.20397,0,0.596135,0,0,0,0,0.994892
E3-LS-p030,42.5044,-1,-1,ExactBaseline,0,0,0,0,1.20397,0,0.541854,0,0,0,0,1
E3-LS-p030,42.5046,-1,-1,ExactBaseline,0,0,0,0,1.20397,0,0.240529,0,0,0,0,1
E3-LS-p030,42.5077,-1,-1,ExactBaseline,0,0,0,0,1.20397,0,0.131501,0,0,0,0,1
E3-LS-p030,42.5125,-1,-1,ExactBaseline,0,0,0,0,1.20397,0,0.662795,0,0,0,0,1
E3-LS-p030,42.5148,-1,-1,ExactBaseline,0,0,0,0,1.20397,0,0.523431,0,0,0,0,0.997446
E3-LS-p030,42.5245,-1,-1,ExactBaseline,0,0,0,0,1.20397,0,0.526911,0,0,0,0,1
E3-LS-p030,42.525,-1,-1,ExactBaseline,0,0,0,0,1.20397,0,0.08836,0,0,0,0,1
E3-LS-p030,42.5295,-1,-1,ExactBaseline,0,0,0,0,1.20397,0,0.531995,0,0,0,0,1
E3-LS-p030,42.541,-1,-1,ExactBaseline,0,0,0,0,1.20397,0,0.077718,0,0,0,0,1
E3-LS-p030,42.568,-1,-1,ExactBaseline,0,0,0,0,1.20397,0,0.114955,0,0,0,0,1
E3-LS-p030,42.5684,-1,-1,ExactBaseline,0,0,0,0,1.20397,0,1.24131,0,0,0,0,0.994892
E3-LS-p030,42.5702,-1,-1,ExactBaseline,0,0,0,0,1.20397,0,1.30575,0,0,0,0,1
E3-LS-p030,42.5742,-1,-1,ExactBaseline,0,0,0,0,1.20397,0,0.589992,0,0,0,0,1
E3-LS-p030,42.5853,-1,-1,ExactBaseline,0,0,0,0,1.20397,0,0.986213,0,0,0,0,1
E3-LS-p030,42.5908,-1,-1,ExactBaseline,0,0,0,0,1.20397,0,0.059604,0,0,0,0,1
E3-LS-p030,42.5926,-1,-1,ExactBaseline,0,0,0,0,1.20397,0,0.257211,0,0,0,0,1
E3-LS-p030,42.6015,-1,-1,ExactBaseline,0,0,0,0,1.20397,0,0.680783,0,0,0,0,1
E3-LS-p030,42.602,-1,-1,ExactBaseline,0,0,0,0,1.20397,0,1.06826,0,0,0,0,1
E3-LS-p030,42.6026,-1,-1,ExactBaseline,0,0,0,0,1.20397,0,0.86722,0,0,0,0,0.994276
E3-LS-p030,42.6054,-1,-1,ExactBaseline,0,0,0,0,1.20397,0,0.651394,0,0,0,0,1
E3-LS-p030,42.6137,-1,-1,ExactBaseline,0,0,0,0,1.20397,0,0.630098,0,0,0,0,0.997446
E3-LS-p030,42.6161,-1,-1,ExactBaseline,0,0,0,0,1.20397,0,0.532734,0,0,0,0,0.997446
E3-LS-p030,42.6173,-1,-1,ExactBaseline,0,0,0,0,1.20397,0,0.936381,0,0,0,0,1
E3-LS-p030,42.6323,-1,-1,ExactBaseline,0,0,0,0,1.20397,0,0.562205,0,0,0,0,1
E3-LS-p030,42.6336,-1,-1,ExactBaseline,0,0,0,0,1.20397,0,0.107775,0,0,0,0,0.997446
E3-LS-p030,42.6379,-1,-1,ExactBaseline,0,0,0,0,1.20397,0,0.718999,0,0,0,0,0.994892
E3-LS-p030,42.6444,-1,-1,ExactBaseline,0,0,0,0,1.20397,0,0.068815,0,0,0,0,1
E3-LS-p030,42.6485,-1,-1,ExactBaseline,0,0,0,0,1.20397,0,0.578536,0,0,0,0,1
E3-LS-p030,42.6521,-1,-1,ExactBaseline,0,0,0,0,1.20397,0,0.358029,0,0,0,0,0.994892
E3-LS-p030,42.6603,-1,-1,ExactBaseline,0,0,0,0,1.20397,0,1.26875,0,0,0,0,1
E3-LS-p030,42.6642,-1,-1,ExactBaseline,0,0,0,0,1.20397,0,0.550461,0,0,0,0,1
E3-LS-p030,42.6686,-1,-1,ExactBaseline,0,0,0,0,1.20397,0,0.957034,0,0,0,0,0.997446
E3-LS-p030,42.6745,-1,-1,ExactBaseline,0,0,0,0,1.20397,0,0.028371,0,0,0,0,1
E3-LS-p030,42.6751,-1,-1,ExactBaseline,0,0,0,0,1.20397,0,0.958606,0,0,0,0,1
E3-LS-p030,42.6773,248,172,ExactBaseline,1,1,0.00194781,0.875469,1.20397,3,0.523598,0,0,0,0,0.992478
E3-LS-p030,42.6791,-1,-1,ExactBaseline,0,0,0,0,1.20397,0,0.835485,0,0,0,0,1
E3-LS-p030,42.6879,-1,-1,ExactBaseline,0,0,0,0,1.20397,0,0.058178,0,0,0,0,1
E3-LS-p030,42.6888,-1,-1,ExactBaseline,0,0,0,0,1.20397,0,0.794931,0,0,0,0,1
E3-LS-p030,42.6898,406,237,ExactBaseline,1,1,0.00195819,0.693147,1.20397,3,1.31942,0,0,0,0,0.997446
E3-LS-p030,42.6947,-1,-1,ExactBaseline,0,0,0,0,1.20397,0,0.843215,0,0,0,0,1
E3-LS-p030,42.7003,-1,-1,ExactBaseline,0,0,0,0,1.20397,0,0.477315,0,0,0,0,1
E3-LS-p030,42.7076,-1,-1,ExactBaseline,0,0,0,0,1.20397,0,0.260061,0,0,0,0,0.997446
E3-LS-p030,42.71,-1,-1,ExactBaseline,0,0,0,0,1.20397,0,0.214066,0,0,0,0,1
E3-LS-p030,42.7118,-1,-1,ExactBaseline,0,0,0,0,1.20397,0,0.145051,0,0,0,0,1
E3-LS-p030,42.7157,-1,-1,ExactBaseline,0,0,0,0,1.20397,0,0.887409,0,0,0,0,0.997446
E3-LS-p030,42.7291,-1,-1,ExactBaseline,0,0,0,0,1.20397,0,1.28781,0,0,0,0,0.997446
E3-LS-p030,42.7297,-1,-1,ExactBaseline,0,0,0,0,1.20397,0,0.034558,0,0,0,0,1
E3-LS-p030,42.7309,-1,-1,ExactBaseline,0,0,0,0,1.20397,0,0.640165,0,0,0,0,0.997446
E3-LS-p030,42.7337,-1,-1,ExactBaseline,0,0,0,0,1.20397,0,0.200972,0,0,0,0,0.997446
E3-LS-p030,42.7364,-1,-1,ExactBaseline,0,0,0,0,1.20397,0,0.89948,0,0,0,0,1
E3-LS-p030,42.7471,-1,-1,ExactBaseline,0,0,0,0,1.20397,0,0.245459,0,0,0,0,1
E3-LS-p030,42.7478,-1,-1,ExactBaseline,0,0,0,0,1.20397,0,0.467692,0,0,0,0,1
E3-LS-p030,42.7548,-1,-1,ExactBaseline,0,0,0,0,1.20397,0,0.070085,0,0,0,0,1
E3-LS-p030,42.756,-1,-1,ExactBaseline,0,0,0,0,1.20397,0,1.0699,0,0,0,0,1
E3-LS-p030,42.7643,-1,-1,ExactBaseline,0,0,0,0,1.20397,0,1.03747,0,0,0,0,0.997446
E3-LS-p030,42.7716,163,229,ExactBaseline,1,1,0.00205901,0.693147,1.20397,3,0.67164,0,0,0,0,0.997446
E3-LS-p030,42.7739,-1,-1,ExactBaseline,0,0,0,0,1.20397,0,1.29401,0,0,0,0,0.997446
E3-LS-p030,42.7767,-1,-1,ExactBaseline,0,0,0,0,1.20397,0,0.835359,0,0,0,0,1
E3-LS-p030,42.7769,-1,-1,ExactBaseline,0,0,0,0,1.20397,0,0.0268,0,0,0,0,1
E3-LS-p030,42.7786,-1,-1,ExactBaseline,0,0,0,0,1.20397,0,0.281831,0,0,0,0,1
E3-LS-p030,42.7823,-1,-1,ExactBaseline,0,0,0,0,1.20397,0,1.32569,0,0,0,0,0.997446
E3-LS-p030,42.7889,-1,-1,ExactBaseline,0,0,0,0,1.20397,0,0.103764,0,0,0,0,1
E3-LS-p030,42.7959,-1,-1,ExactBaseline,0,0,0,0,1.20397,0,0.267211,0,0,0,0,0.997446
E3-LS-p030,42.8089,-1,-1,ExactBaseline,0,0,0,0,1.20397,0,0.908288,0,0,0,0,0.995803
E3-LS-p030,42.8131,-1,-1,ExactBaseline,0,0,0,0,1.20397,0,0.25813,0,0,0,0,1
E3-LS-p030,42.8148,-1,-1,ExactBaseline,0,0,0,0,1.20397,0,0.942371,0,0,0,0,1
E3-LS-p030,42.8149,-1,-1,ExactBaseline,0,0,0,0,1.20397,0,1.18604,0,0,0,0,0.999385
E3-LS-p030,42.8211,-1,-1,ExactBaseline,0,0,0,0,1.20397,0,0.796621,0,0,0,0,1
E3-LS-p030,42.8276,-1,-1,ExactBaseline,0,0,0,0,1.20397,0,0.883126,0,0,0,0,1
E3-LS-p030,42.8287,9,206,ExactBaseline,1,1,0.00318669,1.08091,1.20397,4,1.00903,0,0,0,0,0.998769
E3-LS-p030,42.8364,-1,-1,ExactBaseline,0,0,0,0,1.20397,0,0.042074,0,0,0,0,1
E3-LS-p030,42.8407,-1,-1,ExactBaseline,0,0,0,0,1.20397,0,0.676549,0,0,0,0,1
E3-LS-p030,42.8439,-1,-1,ExactBaseline,0,0,0,0,1.20397,0,0.091514,0,0,0,0,1
E3-LS-p030,42.8466,-1,-1,ExactBaseline,0,0,0,0,1.20397,0,0.104121,0,0,0,0,1
E3-LS-p030,42.8476,-1,-1,ExactBaseline,0,0,0,0,1.20397,0,0.076418,0,0,0,0,1
E3-LS-p030,42.8547,-1,-1,ExactBaseline,0,0,0,0,1.20397,0,0.44819,0,0,0,0,1
E3-LS-p030,42.8562,-1,-1,ExactBaseline,0,0,0,0,1.20397,0,0.731326,0,0,0,0,0.997446
E3-LS-p030,42.8685,-1,-1,ExactBaseline,0,0,0,0,1.20397,0,0.195223,0,0,0,0,1
E3-LS-p030,42.8691,-1,-1,ExactBaseline,0,0,0,0,1.20397,0,0.308006,0,0,0,0,1
E3-LS-p030,42.8736,-1,-1,ExactBaseline,0,0,0,0,1.20397,0,0.724772,0,0,0,0,1
E3-LS-p030,42.8776,-1,-1,ExactBaseline,0,0,0,0,1.20397,0,0.678433,0,0,0,0,1
E3-LS-p030,42.878,-1,-1,ExactBaseline,0,0,0,0,1.20397,0,0.785104,0,0,0,0,1
E3-LS-p030,42.8881,-1,-1,ExactBaseline,0,0,0,0,1.20397,0,0.852636,0,0,0,0,1
E3-LS-p030,42.8958,-1,-1,ExactBaseline,0,0,0,0,1.20397,0,0.084175,0,0,0,0,1
E3-LS-p030,42.8959,-1,-1,ExactBaseline,0,0,0,0,1.20397,0,0.678497,0,0,0,0,1
E3-LS-p030,42.8959,-1,-1,ExactBaseline,0,0,0,0,1.20397,0,0.818748,0,0,0,0,0.997446
E3-LS-p030,42.8982,-1,-1,ExactBaseline,0,0,0,0,1.20397,0,0.993287,0,0,0,0,0.997446
E3-LS-p030,42.9016,-1,-1,ExactBaseline,0,0,0,0,1.20397,0,0.694156,0,0,0,0,0.997446
E3-LS-p030,42.9039,-1,-1,ExactBaseline,0,0,0,0,1.20397,0,1.02611,0,0,0,0,1
E3-LS-p030,42.9097,-1,-1,ExactBaseline,0,0,0,0,1.20397,0,0.863325,0,0,0,0,1
E3-LS-p030,42.9144,-1,-1,ExactBaseline,0,0,0,0,1.20397,0,0.21296,0,0,0,0,1
E3-LS-p030,42.9219,-1,-1,ExactBaseline,0,0,0,0,1.20397,0,0.848676,0,0,0,0,0.997446
E3-LS-p030,42.9437,-1,-1,ExactBaseline,0,0,0,0,1.20397,0,0.352401,0,0,0,0,1
E3-LS-p030,42.9497,-1,-1,ExactBaseline,0,0,0,0,1.20397,0,0.007223,0,0,0,0,1
E3-LS-p030,42.9553,-1,-1,ExactBaseline,0,0,0,0,1.20397,0,0.601228,0,0,0,0,1
E3-LS-p030,42.9569,-1,-1,ExactBaseline,0,0,0,0,1.20397,0,1.62564,0,0,0,0,0.997446
E3-LS-p030,42.9579,-1,-1,ExactBaseline,0,0,0,0,1.20397,0,0.758992,0,0,0,0,0.997446
E3-LS-p030,42.9649,-1,-1,ExactBaseline,0,0,0,0,1.20397,0,0.841579,0,0,0,0,1
E3-LS-p030,42.9654,-1,-1,ExactBaseline,0,0,0,0,1.20397,0,1.635,0,0,0,0,0.998154
E3-LS-p030,42.9661,-1,-1,ExactBaseline,0,0,0,0,1.20397,0,0.709618,0,0,0,0,1
E3-LS-p030,42.9679,-1,-1,ExactBaseline,0,0,0,0,1.20397,0,0.511988,0,0,0,0,0.997446
E3-LS-p030,42.978,-1,-1,ExactBaseline,0,0,0,0,1.20397,0,0.358527,0,0,0,0,1
E3-LS-p030,42.9785,-1,-1,ExactBaseline,0,0,0,0,1.20397,0,0.132671,0,0,0,0,1
E3-LS-p030,42.98,-1,-1,ExactBaseline,0,0,0,0,1.20397,0,1.08275,0,0,0,0,0.997446
E3-LS-p030,42.9819,-1,-1,ExactBaseline,0,0,0,0,1.20397,0,0.60521,0,0,0,0,1
E3-LS-p030,42.986,-1,-1,ExactBaseline,0,0,0,0,1.20397,0,1.13863,0,0,0,0,1
E3-LS-p030,43.0064,-1,-1,ExactBaseline,0,0,0,0,1.20397,0,0.565665,0,0,0,0,0.997446
E3-LS-p030,43.0125,-1,-1,ExactBaseline,0,0,0,0,1.20397,0,0.660995,0,0,0,0,1
E3-LS-p030,43.0259,-1,-1,ExactBaseline,0,0,0,0,1.20397,0,0.835271,0,0,0,0,0.997446
E3-LS-p030,43.0289,-1,-1,ExactBaseline,0,0,0,0,1.20397,0,0.561823,0,0,0,0,1
E3-LS-p030,43.0345,-1,-1,ExactBaseline,0,0,0,0,1.20397,0,0.224751,0,0,0,0,0.997446
E3-LS-p030,43.0358,-1,-1,ExactBaseline,0,0,0,0,1.20397,0,0.533687,0,0,0,0,0.997446
E3-LS-p030,43.045,-1,-1,ExactBaseline,0,0,0,0,1.20397,0,0.880958,0,0,0,0,0.994892
E3-LS-p030,43.0512,-1,-1,ExactBaseline,0,0,0,0,1.20397,0,0.239561,0,0,0,0,0.997446
E3-LS-p030,43.0518,-1,-1,ExactBaseline,0,0,0,0,1.20397,0,0.125782,0,0,0,0,1
E3-LS-p030,43.0587,20,585,ExactBaseline,1,1,0.00323596,1.08091,1.20397,4,1.50951,0,0,0,0,0.998769
E3-LS-p030,43.06,-1,-1,ExactBaseline,0,0,0,0,1.20397,0,0.567851,0,0,0,0,1
E3-LS-p030,43.0602,-1,-1,ExactBaseline,0,0,0,0,1.20397,0,1.23613,0,0,0,0,1
E3-LS-p030,43.0641,-1,-1,ExactBaseline,0,0,0,0,1.20397,0,0.619437,0,0,0,0,1
E3-LS-p030,43.071,-1,-1,ExactBaseline,0,0,0,0,1.20397,0,0.931628,0,0,0,0,1
E3-LS-p030,43.0754,-1,-1,ExactBaseline,0,0,0,0,1.20397,0,0.050081,0,0,0,0,1
E3-LS-p030,43.0825,-1,-1,ExactBaseline,0,0,0,0,1.20397,0,0.097,0,0,0,0,1
E3-LS-p030,43.0889,-1,-1,ExactBaseline,0,0,0,0,1.20397,0,0.877242,0,0,0,0,0.994892
E3-LS-p030,43.0895,-1,-1,ExactBaseline,0,0,0,0,1.20397,0,0.10629,0,0,0,0,1
E3-LS-p030,43.092,-1,-1,ExactBaseline,0,0,0,0,1.20397,0,1.16955,0,0,0,0,1
E3-LS-p030,43.0939,-1,-1,ExactBaseline,0,0,0,0,1.20397,0,0.143322,0,0,0,0,1
E3-LS-p030,43.0993,-1,-1,ExactBaseline,0,0,0,0,1.20397,0,0.648738,0,0,0,0,0.996831
E3-LS-p030,43.1006,-1,-1,ExactBaseline,0,0,0,0,1.20397,0,0.605248,0,0,0,0,1
E3-LS-p030,43.1008,-1,-1,ExactBaseline,0,0,0,0,1.20397,0,0.587449,0,0,0,0,1
E3-LS-p030,43.1039,285,542,ExactBaseline,1,1,0.00240588,0.693147,1.20397,3,0.741119,0,0,0,0,0.992338
E3-LS-p030,43.1068,-1,-1,ExactBaseline,0,0,0,0,1.20397,0,0.203976,0,0,0,0,1
E3-LS-p030,43.1089,-1,-1,ExactBaseline,0,0,0,0,1.20397,0,0.035006,0,0,0,0,1
E3-LS-p030,43.1136,-1,-1,ExactBaseline,0,0,0,0,1.20397,0,1.55619,0,0,0,0,0.997446
E3-LS-p030,43.1168,-1,-1,ExactBaseline,0,0,0,0,1.20397,0,0.224321,0,0,0,0,1
E3-LS-p030,43.1179,179,569,ExactBaseline,1,1,0.00196542,0.693147,1.20397,3,1.44891,0,0,0,0,0.992338
E3-LS-p030,43.1282,453,424,ExactBaseline,1,1,0.0024164,0.693147,1.20397,3,0.288048,0,0,0,0,0.997446
E3-LS-p030,43.1314,-1,-1,ExactBaseline,0,0,0,0,1.20397,0,0.659049,0,0,0,0,1
E3-LS-p030,43.1394,12,568,ExactBaseline,1,1,0.00207435,0.693147,1.20397,3,0.917041,0,0,0,0,0.974459
E3-LS-p030,43.1454,-1,-1,ExactBaseline,0,0,0,0,1.20397,0,0.630337,0,0,0,0,1
E3-LS-p030,43.1508,-1,-1,ExactBaseline,0,0,0,0,1.20397,0,0.224357,0,0,0,0,0.997446
E3-LS-p030,43.1543,-1,-1,ExactBaseline,0,0,0,0,1.20397,0,0.051784,0,0,0,0,1
E3-LS-p030,43.156,-1,-1,ExactBaseline,0,0,0,0,1.20397,0,0.860273,0,0,0,0,1
E3-LS-p030,43.1585,-1,-1,ExactBaseline,0,0,0,0,1.20397,0,0.10641,0,0,0,0,1
E3-LS-p030,43.16,-1,-1,ExactBaseline,0,0,0,0,1.20397,0,0.098478,0,0,0,0,1
E3-LS-p030,43.1626,-1,-1,ExactBaseline,0,0,0,0,1.20397,0,1.33981,0,0,0,0,0.999385
E3-LS-p030,43.1711,-1,-1,ExactBaseline,0,0,0,0,1.20397,0,0.832297,0,0,0,0,0.997446
E3-LS-p030,43.1712,-1,-1,ExactBaseline,0,0,0,0,1.20397,0,0.540602,0,0,0,0,0.997446
E3-LS-p030,43.1741,-1,-1,ExactBaseline,0,0,0,0,1.20397,0,0.135844,0,0,0,0,0.997446
E3-LS-p030,43.1988,-1,-1,ExactBaseline,0,0,0,0,1.20397,0,0.062727,0,0,0,0,1
E3-LS-p030,43.1995,-1,-1,ExactBaseline,0,0,0,0,1.20397,0,0.764113,0,0,0,0,0.994892
E3-LS-p030,43.1999,-1,-1,ExactBaseline,0,0,0,0,1.20397,0,0.731519,0,0,0,0,1
E3-LS-p030,43.2047,105,295,ExactBaseline,1,1,0.0024316,0.693147,1.20397,3,0.83775,0,0,0,0,0.997446
E3-LS-p030,43.2053,76,295,ExactBaseline,1,1,0.00200217,0.693147,1.20397,3,1.33327,0,0,0,0,0.997446
E3-LS-p030,43.2056,-1,-1,ExactBaseline,0,0,0,0,1.20397,0,0.048046,0,0,0,0,1
E3-LS-p030,43.2063,107,242,ExactBaseline,1,1,0.00194161,0.693147,1.20397,3,1.21209,0,0,0,0,0.992338
E3-LS-p030,43.2104,-1,-1,ExactBaseline,0,0,0,0,1.20397,0,0.562405,0,0,0,0,1
E3-LS-p030,43.2106,172,462,ExactBaseline,1,1,0.00240092,0.693147,1.20397,3,1.27126,0,0,0,0,0.992338
E3-LS-p030,43.2128,-1,-1,ExactBaseline,0,0,0,0,1.20397,0,1.19191,0,0,0,0,1
E3-LS-p030,43.2135,393,7,ExactBaseline,1,1,0.00241474,0.693147,1.20397,3,1.26355,0,0,0,0,0.997446
E3-LS-p030,43.2143,-1,-1,ExactBaseline,0,0,0,0,1.20397,0,0.909452,0,0,0,0,1
E3-LS-p030,43.2211,-1,-1,ExactBaseline,0,0,0,0,1.20397,0,0.751825,0,0,0,0,1
E3-LS-p030,43.2216,-1,-1,ExactBaseline,0,0,0,0,1.20397,0,1.11335,0,0,0,0,1
E3-LS-p030,43.2218,-1,-1,ExactBaseline,0,0,0,0,1.20397,0,1.30346,0,0,0,0,1
E3-LS-p030,43.225,-1,-1,ExactBaseline,0,0,0,0,1.20397,0,0.56426,0,0,0,0,0.997446
E3-LS-p030,43.2259,-1,-1,ExactBaseline,0,0,0,0,1.20397,0,0.059865,0,0,0,0,1
E3-LS-p030,43.23,-1,-1,ExactBaseline,0,0,0,0,1.20397,0,0.241294,0,0,0,0,1
E3-LS-p030,43.231,-1,-1,ExactBaseline,0,0,0,0,1.20397,0,0.102572,0,0,0,0,1
E3-LS-p030,43.2315,-1,-1,ExactBaseline,0,0,0,0,1.20397,0,0.617639,0,0,0,0,0.999385
E3-LS-p030,43.2339,-1,-1,ExactBaseline,0,0,0,0,1.20397,0,0.504704,0,0,0,0,1
E3-LS-p030,43.2348,-1,-1,ExactBaseline,0,0,0,0,1.20397,0,0.008932,0,0,0,0,1
E3-LS-p030,43.237,-1,-1,ExactBaseline,0,0,0,0,1.20397,0,0.680237,0,0,0,0,0.997446
E3-LS-p030,43.2387,-1,-1,ExactBaseline,0,0,0,0,1.20397,0,1.30148,0,0,0,0,0.997446
E3-LS-p030,43.2416,-1,-1,ExactBaseline,0,0,0,0,1.20397,0,0.524107,0,0,0,0,1
E3-LS-p030,43.242,-1,-1,ExactBaseline,0,0,0,0,1.20397,0,1.25389,0,0,0,0,0.997446
E3-LS-p030,43.2423,-1,-1,ExactBaseline,0,0,0,0,1.20397,0,0.991734,0,0,0,0,0.997446
E3-LS-p030,43.2432,-1,-1,ExactBaseline,0,0,0,0,1.20397,0,0.943104,0,0,0,0,1
E3-LS-p030,43.247,-1,-1,ExactBaseline,0,0,0,0,1.20397,0,0.115485,0,0,0,0,1
E3-LS-p030,43.2493,-1,-1,ExactBaseline,0,0,0,0,1.20397,0,0.753207,0,0,0,0,0.997446
E3-LS-p030,43.2636,-1,-1,ExactBaseline,0,0,0,0,1.20397,0,0.673483,0,0,0,0,0.997446
E3-LS-p030,43.2692,-1,-1,ExactBaseline,0,0,0,0,1.20397,0,0.225224,0,0,0,0,0.997446
E3-LS-p030,43.273,-1,-1,ExactBaseline,0,0,0,0,1.20397,0,0.073259,0,0,0,0,1
E3-LS-p030,43.2738,-1,-1,ExactBaseline,0,0,0,0,1.20397,0,0.629784,0,0,0,0,1
E3-LS-p030,43.2786,-1,-1,ExactBaseline,0,0,0,0,1.20397,0,0.060901,0,0,0,0,1
E3-LS-p030,43.2872,-1,-1,ExactBaseline,0,0,0,0,1.20397,0,0.264154,0,0,0,0,0.992338
E3-LS-p030,43.3006,-1,-1,ExactBaseline,0,0,0,0,1.20397,0,0.107021,0,0,0,0,1
E3-LS-p030,43.3036,-1,-1,ExactBaseline,0,0,0,0,1.20397,0,0.077848,0,0,0,0,1
E3-LS-p030,43.3116,-1,-1,ExactBaseline,0,0,0,0,1.20397,0,0.068977,0,0,0,0,1
E3-LS-p030,43.317,-1,-1,ExactBaseline,0,0,0,0,1.20397,0,0.114607,0,0,0,0,1
E3-LS-p030,43.3184,-1,-1,ExactBaseline,0,0,0,0,1.20397,0,0.10496,0,0,0,0,1
E3-LS-p030,43.3234,-1,-1,ExactBaseline,0,0,0,0,1.20397,0,0.810912,0,0,0,0,0.997446
E3-LS-p030,43.3238,321,293,ExactBaseline,1,1,0.0179652,0.693147,1.20397,3,0.125694,0,0,0,0,0.997446
E3-LS-p030,43.3254,-1,-1,ExactBaseline,0,0,0,0,1.20397,0,0.597039,0,0,0,0,1
E3-LS-p030,43.3356,-1,-1,ExactBaseline,0,0,0,0,1.20397,0,0.868953,0,0,0,0,0.997446
E3-LS-p030,43.3416,-1,-1,ExactBaseline,0,0,0,0,1.20397,0,0.225455,0,0,0,0,1
E3-LS-p030,43.3471,-1,-1,ExactBaseline,0,0,0,0,1.20397,0,0.750018,0,0,0,0,1
E3-LS-p030,43.3493,-1,-1,ExactBaseline,0,0,0,0,1.20397,0,0.466929,0,0,0,0,0.997446
E3-LS-p030,43.3546,-1,-1,ExactBaseline,0,0,0,0,1.20397,0,1.32766,0,0,0,0,1
E3-LS-p030,43.3556,-1,-1,ExactBaseline,0,0,0,0,1.20397,0,0.320364,0,0,0,0,1
E3-LS-p030,43.3654,7,217,ExactBaseline,1,1,0.00365607,1.08091,1.20397,4,0.952334,0,0,0,0,0.995304
E3-LS-p030,43.3752,-1,-1,ExactBaseline,0,0,0,0,1.20397,0,0.009341,0,0,0,0,1
E3-LS-p030,43.3795,-1,-1,ExactBaseline,0,0,0,0,1.20397,0,0.666257,0,0,0,0,0.997446
E3-LS-p030,43.3804,345,50,ExactBaseline,1,1,0.00243732,0.693147,1.20397,3,0.910328,0,0,0,0,0.997446
E3-LS-p030,43.3842,-1,-1,ExactBaseline,0,0,0,0,1.20397,0,0.786329,0,0,0,0,1
E3-LS-p030,43.3911,-1,-1,ExactBaseline,0,0,0,0,1.20397,0,1.03478,0,0,0,0,1
E3-LS-p030,43.3933,352,356,ExactBaseline,1,1,0.00196987,0.693147,1.20397,3,0.693689,0,0,0,0,0.997446
E3-LS-p030,43.395,-1,-1,ExactBaseline,0,0,0,0,1.20397,0,0.17932,0,0,0,0,1
E3-LS-p030,43.4006,151,64,ExactBaseline,1,1,0.00243225,0.693147,1.20397,3,1.24077,0,0,0,0,0.997446
E3-LS-p030,43.4012,-1,-1,ExactBaseline,0,0,0,0,1.20397,0,1.09341,0,0,0,0,1
E3-LS-p030,43.4095,-1,-1,ExactBaseline,0,0,0,0,1.20397,0,0.128558,0,0,0,0,1
E3-LS-p030,43.4107,-1,-1,ExactBaseline,0,0,0,0,1.20397,0,0.815203,0,0,0,0,1
E3-LS-p030,43.4115,-1,-1,ExactBaseline,0,0,0,0,1.20397,0,0.73738,0,0,0,0,1
E3-LS-p030,43.416,-1,-1,ExactBaseline,0,0,0,0,1.20397,0,0.95809,0,0,0,0,1
E3-LS-p030,43.4246,201,235,ExactBaseline,1,1,0.00199414,0.693147,1.20397,3,1.51842,0,0,0,0,0.992338
E3-LS-p030,43.4255,67,583,ExactBaseline,1,1,0.00207516,0.693147,1.20397,3,0.716297,0,0,0,0,0.989783
E3-LS-p030,43.432,-1,-1,ExactBaseline,0,0,0,0,1.20397,0,0.756027,0,0,0,0,1
E3-LS-p030,43.4394,-1,-1,ExactBaseline,0,0,0,0,1.20397,0,0.412105,0,0,0,0,1
E3-LS-p030,43.4399,-1,-1,ExactBaseline,0,0,0,0,1.20397,0,0.069463,0,0,0,0,1
E3-LS-p030,43.4553,-1,-1,ExactBaseline,0,0,0,0,1.20397,0,0.852831,0,0,0,0,0.997446
E3-LS-p030,43.4573,74,128,ExactBaseline,1,1,0.0020754,0.693147,1.20397,3,0.735479,0,0,0,0,0.994892
E3-LS-p030,43.4602,-1,-1,ExactBaseline,0,0,0,0,1.20397,0,0.072182,0,0,0,0,0.994892
E3-LS-p030,43.4649,-1,-1,ExactBaseline,0,0,0,0,1.20397,0,0.751793,0,0,0,0,1
E3-LS-p030,43.4684,-1,-1,ExactBaseline,0,0,0,0,1.20397,0,0.829334,0,0,0,0,1
E3-LS-p030,43.4724,-1,-1,ExactBaseline,0,0,0,0,1.20397,0,0.047319,0,0,0,0,1
E3-LS-p030,43.4806,-1,-1,ExactBaseline,0,0,0,0,1.20397,0,0.595759,0,0,0,0,1
E3-LS-p030,43.4817,-1,-1,ExactBaseline,0,0,0,0,1.20397,0,1.3375,0,0,0,0,0.997446
E3-LS-p030,43.4905,-1,-1,ExactBaseline,0,0,0,0,1.20397,0,1.18755,0,0,0,0,1
E3-LS-p030,43.4988,-1,-1,ExactBaseline,0,0,0,0,1.20397,0,0.870223,0,0,0,0,1
E3-LS-p030,43.499,-1,-1,ExactBaseline,0,0,0,0,1.20397,0,0.519309,0,0,0,0,1
E3-LS-p030,43.4994,-1,-1,ExactBaseline,0,0,0,0,1.20397,0,0.487062,0,0,0,0,1
E3-LS-p030,43.5034,-1,-1,ExactBaseline,0,0,0,0,1.20397,0,0.37985,0,0,0,0,1
E3-LS-p030,43.5047,-1,-1,ExactBaseline,0,0,0,0,1.20397,0,0.210186,0,0,0,0,1
E3-LS-p030,43.5143,-1,-1,ExactBaseline,0,0,0,0,1.20397,0,0.860262,0,0,0,0,0.997446
E3-LS-p030,43.5147,-1,-1,ExactBaseline,0,0,0,0,1.20397,0,0.814899,0,0,0,0,0.994892
E3-LS-p030,43.5196,113,393,ExactBaseline,1,1,0.00196269,0.693147,1.20397,3,0.341028,0,0,0,0,0.997446
E3-LS-p030,43.5224,-1,-1,ExactBaseline,0,0,0,0,1.20397,0,0.743469,0,0,0,0,1
E3-LS-p030,43.5226,-1,-1,ExactBaseline,0,0,0,0,1.20397,0,0.709902,0,0,0,0,0.996831
E3-LS-p030,43.5226,-1,-1,ExactBaseline,0,0,0,0,1.20397,0,0.674012,0,0,0,0,1
E3-LS-p030,43.5263,-1,-1,ExactBaseline,0,0,0,0,1.20397,0,0.588195,0,0,0,0,0.997446
E3-LS-p030,43.5267,-1,-1,ExactBaseline,0,0,0,0,1.20397,0,0.610798,0,0,0,0,0.997446
E3-LS-p030,43.5304,-1,-1,ExactBaseline,0,0,0,0,1.20397,0,0.981055,0,0,0,0,1
E3-LS-p030,43.5349,-1,-1,ExactBaseline,0,0,0,0,1.20397,0,1.09333,0,0,0,0,1
E3-LS-p030,43.5365,-1,-1,ExactBaseline,0,0,0,0,1.20397,0,0.976025,0,0,0,0,0.997446
E3-LS-p030,43.5438,-1,-1,ExactBaseline,0,0,0,0,1.20397,0,1.43147,0,0,0,0,1
E3-LS-p030,43.546,-1,-1,ExactBaseline,0,0,0,0,1.20397,0,1.51826,0,0,0,0,0.997446
E3-LS-p030,43.547,-1,-1,ExactBaseline,0,0,0,0,1.20397,0,0.768544,0,0,0,0,0.994892
E3-LS-p030,43.5517,-1,-1,ExactBaseline,0,0,0,0,1.20397,0,0.925721,0,0,0,0,1
E3-LS-p030,43.5542,-1,-1,ExactBaseline,0,0,0,0,1.20397,0,1.53974,0,0,0,0,1
E3-LS-p030,43.5606,-1,-1,ExactBaseline,0,0,0,0,1.20397,0,1.44579,0,0,0,0,1
E3-LS-p030,43.5775,118,257,ExactBaseline,1,1,0.0019572,0.693147,1.20397,3,1.42644,0,0,0,0,0.994892
E3-LS-p030,43.579,-1,-1,ExactBaseline,0,0,0,0,1.20397,0,0.567011,0,0,0,0,1
E3-LS-p030,43.5875,-1,-1,ExactBaseline,0,0,0,0,1.20397,0,0.702158,0,0,0,0,0.994892
E3-LS-p030,43.5961,-1,-1,ExactBaseline,0,0,0,0,1.20397,0,0.884511,0,0,0,0,0.994892
E3-LS-p030,43.597,-1,-1,ExactBaseline,0,0,0,0,1.20397,0,0.711495,0,0,0,0,1
E3-LS-p030,43.5972,-1,-1,ExactBaseline,0,0,0,0,1.20397,0,0.747605,0,0,0,0,1
E3-LS-p030,43.6055,-1,-1,ExactBaseline,0,0,0,0,1.20397,0,0.158459,0,0,0,0,1
E3-LS-p030,43.6262,-1,-1,ExactBaseline,0,0,0,0,1.20397,0,0.044915,0,0,0,0,1
E3-LS-p030,43.6316,-1,-1,ExactBaseline,0,0,0,0,1.20397,0,1.06935,0,0,0,0,0.998357
E3-LS-p030,43.6365,-1,-1,ExactBaseline,0,0,0,0,1.20397,0,1.06153,0,0,0,0,0.994892
E3-LS-p030,43.6418,133,507,ExactBaseline,1,1,0.0019487,0.693147,1.20397,3,1.95006,0,0,0,0,0.997446
E3-LS-p030,43.6501,385,528,ExactBaseline,1,1,0.00239894,0.693147,1.20397,3,1.00916,0,0,0,0,0.994892
E3-LS-p030,43.6516,-1,-1,ExactBaseline,0,0,0,0,1.20397,0,1.62343,0,0,0,0,1
E3-LS-p030,43.6559,388,440,ExactBaseline,1,1,0.00196619,0.693147,1.20397,3,0.254914,0,0,0,0,0.997446
E3-LS-p030,43.6595,-1,-1,ExactBaseline,0,0,0,0,1.20397,0,0.775739,0,0,0,0,1
E3-LS-p030,43.6631,-1,-1,ExactBaseline,0,0,0,0,1.20397,0,0.736145,0,0,0,0,1
E3-LS-p030,43.6757,-1,-1,ExactBaseline,0,0,0,0,1.20397,0,1.73028,0,0,0,0,0.997446
E3-LS-p030,43.6786,-1,-1,ExactBaseline,0,0,0,0,1.20397,0,0.788105,0,0,0,0,1
E3-LS-p030,43.6803,60,151,ExactBaseline,1,1,0.00318768,1.08091,1.20397,4,0.548756,0,0,0,0,0.996831
E3-LS-p030,43.6821,-1,-1,ExactBaseline,0,0,0,0,1.20397,0,1.1209,0,0,0,0,0.997446
E3-LS-p030,43.6826,-1,-1,ExactBaseline,0,0,0,0,1.20397,0,0.759027,0,0,0,0,1
E3-LS-p030,43.6846,-1,-1,ExactBaseline,0,0,0,0,1.20397,0,0.567182,0,0,0,0,0.994892
E3-LS-p030,43.685,-1,-1,ExactBaseline,0,0,0,0,1.20397,0,0.818599,0,0,0,0,1
E3-LS-p030,43.6869,-1,-1,ExactBaseline,0,0,0,0,1.20397,0,1.44236,0,0,0,0,0.991722
E3-LS-p030,43.6909,-1,-1,ExactBaseline,0,0,0,0,1.20397,0,0.833952,0,0,0,0,1
E3-LS-p030,43.6942,-1,-1,ExactBaseline,0,0,0,0,1.20397,0,0.726235,0,0,0,0,1
E3-LS-p030,43.6944,-1,-1,ExactBaseline,0,0,0,0,1.20397,0,0.619564,0,0,0,0,1
E3-LS-p030,43.6949,-1,-1,ExactBaseline,0,0,0,0,1.20397,0,0.331196,0,0,0,0,0.997446
E3-LS-p030,43.6981,-1,-1,ExactBaseline,0,0,0,0,1.20397,0,0.844468,0,0,0,0,0.997446
E3-LS-p030,43.6981,-1,-1,ExactBaseline,0,0,0,0,1.20397,0,0.121248,0,0,0,0,1
E3-LS-p030,43.7015,-1,-1,ExactBaseline,0,0,0,0,1.20397,0,1.2054,0,0,0,0,0.997446
E3-LS-p030,43.7018,-1,-1,ExactBaseline,0,0,0,0,1.20397,0,0.22455,0,0,0,0,1
E3-LS-p030,43.7025,-1,-1,ExactBaseline,0,0,0,0,1.20397,0,0.030885,0,0,0,0,1
E3-LS-p030,43.7095,-1,-1,ExactBaseline,0,0,0,0,1.20397,0,1.09003,0,0,0,0,0.997446
E3-LS-p030,43.7161,390,418,ExactBaseline,1,1,0.00200109,0.693147,1.20397,3,1.21199,0,0,0,0,0.994892
E3-LS-p030,43.7168,-1,-1,ExactBaseline,0,0,0,0,1.20397,0,1.17993,0,0,0,0,0.994892
E3-LS-p030,43.7179,-1,-1,ExactBaseline,0,0,0,0,1.20397,0,0.683602,0,0,0,0,0.997446
E3-LS-p030,43.7213,-1,-1,ExactBaseline,0,0,0,0,1.20397,0,0.832784,0,0,0,0,1
E3-LS-p030,43.725,-1,-1,ExactBaseline,0,0,0,0,1.20397,0,1.03156,0,0,0,0,0.992338
E3-LS-p030,43.7267,-1,-1,ExactBaseline,0,0,0,0,1.20397,0,0.040483,0,0,0,0,1
E3-LS-p030,43.7327,-1,-1,ExactBaseline,0,0,0,0,1.20397,0,0.121753,0,0,0,0,1
E3-LS-p030,43.7331,108,246,ExactBaseline,1,1,0.00242507,0.693147,1.20397,3,0.529488,0,0,0,0,0.997446
E3-LS-p030,43.7354,-1,-1,ExactBaseline,0,0,0,0,1.20397,0,0.619757,0,0,0,0,1
E3-LS-p030,43.7359,-1,-1,ExactBaseline,0,0,0,0,1.20397,0,1.15269,0,0,0,0,1
E3-LS-p030,43.7398,-1,-1,ExactBaseline,0,0,0,0,1.20397,0,0.968806,0,0,0,0,0.999385
E3-LS-p030,43.7501,-1,-1,ExactBaseline,0,0,0,0,1.20397,0,0.566602,0,0,0,0,0.994892
E3-LS-p030,43.7543,-1,-1,ExactBaseline,0,0,0,0,1.20397,0,0.660157,0,0,0,0,0.997446
E3-LS-p030,43.7657,-1,-1,ExactBaseline,0,0,0,0,1.20397,0,0.638006,0,0,0,0,0.994892
E3-LS-p030,43.7683,-1,-1,ExactBaseline,0,0,0,0,1.20397,0,1.34082,0,0,0,0,0.998357
E3-LS-p030,43.7693,-1,-1,ExactBaseline,0,0,0,0,1.20397,0,1.07657,0,0,0,0,1
E3-LS-p030,43.7726,-1,-1,ExactBaseline,0,0,0,0,1.20397,0,0.752188,0,0,0,0,1
E3-LS-p030,43.7745,-1,-1,ExactBaseline,0,0,0,0,1.20397,0,0.288691,0,0,0,0,0.994892
E3-LS-p030,43.779,-1,-1,ExactBaseline,0,0,0,0,1.20397,0,0.574089,0,0,0,0,1
E3-LS-p030,43.7812,-1,-1,ExactBaseline,0,0,0,0,1.20397,0,0.94478,0,0,0,0,1
E3-LS-p030,43.7892,-1,-1,ExactBaseline,0,0,0,0,1.20397,0,0.636231,0,0,0,0,0.997446
E3-LS-p030,43.7909,-1,-1,ExactBaseline,0,0,0,0,1.20397,0,0.495824,0,0,0,0,0.997446
E3-LS-p030,43.7917,-1,-1,ExactBaseline,0,0,0,0,1.20397,0,1.41531,0,0,0,0,1
E3-LS-p030,43.801,-1,-1,ExactBaseline,0,0,0,0,1.20397,0,0.701379,0,0,0,0,1
E3-LS-p030,43.8057,-1,-1,ExactBaseline,0,0,0,0,1.20397,0,0.540473,0,0,0,0,1
E3-LS-p030,43.8096,-1,-1,ExactBaseline,0,0,0,0,1.20397,0,0.241727,0,0,0,0,0.997446
E3-LS-p030,43.8105,-1,-1,ExactBaseline,0,0,0,0,1.20397,0,1.05219,0,0,0,0,0.994892
E3-LS-p030,43.8192,-1,-1,ExactBaseline,0,0,0,0,1.20397,0,0.88055,0,0,0,0,1
E3-LS-p030,43.8206,-1,-1,ExactBaseline,0,0,0,0,1.20397,0,0.457884,0,0,0,0,1
E3-LS-p030,43.8216,-1,-1,ExactBaseline,0,0,0,0,1.20397,0,1.27941,0,0,0,0,1
E3-LS-p030,43.8236,-1,-1,ExactBaseline,0,0,0,0,1.20397,0,1.14654,0,0,0,0,0.990811
E3-LS-p030,43.827,332,50,ExactBaseline,1,1,0.00206806,0.693147,1.20397,3,0.699065,0,0,0,0,0.994892
E3-LS-p030,43.8346,-1,-1,ExactBaseline,0,0,0,0,1.20397,0,0.222984,0,0,0,0,1
E3-LS-p030,43.8348,-1,-1,ExactBaseline,0,0,0,0,1.20397,0,0.073731,0,0,0,0,1
E3-LS-p030,43.8383,-1,-1,ExactBaseline,0,0,0,0,1.20397,0,0.527128,0,0,0,0,0.992338
E3-LS-p030,43.8393,-1,-1,ExactBaseline,0,0,0,0,1.20397,0,1.11833,0,0,0,0,1
E3-LS-p030,43.8467,-1,-1,ExactBaseline,0,0,0,0,1.20397,0,0.82921,0,0,0,0,1
E3-LS-p030,43.847,-1,-1,ExactBaseline,0,0,0,0,1.20397,0,1.11008,0,0,0,0,0.998357
E3-LS-p030,43.8552,-1,-1,ExactBaseline,0,0,0,0,1.20397,0,1.12775,0,0,0,0,1
E3-LS-p030,43.8562,-1,-1,ExactBaseline,0,0,0,0,1.20397,0,0.598723,0,0,0,0,1
E3-LS-p030,43.8602,-1,-1,ExactBaseline,0,0,0,0,1.20397,0,1.07482,0,0,0,0,0.997446
E3-LS-p030,43.8612,-1,-1,ExactBaseline,0,0,0,0,1.20397,0,1.05002,0,0,0,0,0.997446
E3-LS-p030,43.8632,34,157,ExactBaseline,1,1,0.00317934,1.08091,1.20397,4,1.98825,0,0,0,0,0.998769
E3-LS-p030,43.8635,-1,-1,ExactBaseline,0,0,0,0,1.20397,0,0.387963,0,0,0,0,1
E3-LS-p030,43.8659,-1,-1,ExactBaseline,0,0,0,0,1.20397,0,0.951414,0,0,0,0,0.997446
E3-LS-p030,43.87,-1,-1,ExactBaseline,0,0,0,0,1.20397,0,1.4017,0,0,0,0,0.997446
E3-LS-p030,43.8787,-1,-1,ExactBaseline,0,0,0,0,1.20397,0,0.948549,0,0,0,0,0.997446
E3-LS-p030,43.8791,58,32,ExactBaseline,1,1,0.00202207,0.693147,1.20397,3,0.896517,0,0,0,0,0.986614
E3-LS-p030,43.8833,-1,-1,ExactBaseline,0,0,0,0,1.20397,0,1.54538,0,0,0,0,0.994892
E3-LS-p030,43.8863,-1,-1,ExactBaseline,0,0,0,0,1.20397,0,0.411919,0,0,0,0,1
E3-LS-p030,43.8973,-1,-1,ExactBaseline,0,0,0,0,1.20397,0,0.080369,0,0,0,0,0.997446
E3-LS-p030,43.8993,-1,-1,ExactBaseline,0,0,0,0,1.20397,0,0.140039,0,0,0,0,1
E3-LS-p030,43.9,-1,-1,ExactBaseline,0,0,0,0,1.20397,0,0.323275,0,0,0,0,1
E3-LS-p030,43.9018,-1,-1,ExactBaseline,0,0,0,0,1.20397,0,1.26483,0,0,0,0,1
E3-LS-p030,43.9217,-1,-1,ExactBaseline,0,0,0,0,1.20397,0,1.31905,0,0,0,0,1
E3-LS-p030,43.9231,-1,-1,ExactBaseline,0,0,0,0,1.20397,0,0.801292,0,0,0,0,1
E3-LS-p030,43.9248,-1,-1,ExactBaseline,0,0,0,0,1.20397,0,1.18329,0,0,0,0,1
E3-LS-p030,43.9258,-1,-1,ExactBaseline,0,0,0,0,1.20397,0,0.048076,0,0,0,0,1
E3-LS-p030,43.928,-1,-1,ExactBaseline,0,0,0,0,1.20397,0,0.866238,0,0,0,0,0.997446
E3-LS-p030,43.9366,-1,-1,ExactBaseline,0,0,0,0,1.20397,0,1.56222,0,0,0,0,1
E3-LS-p030,43.9403,-1,-1,ExactBaseline,0,0,0,0,1.20397,0,0.094504,0,0,0,0,1
E3-LS-p030,43.9448,-1,-1,ExactBaseline,0,0,0,0,1.20397,0,0.054535,0,0,0,0,1
E3-LS-p030,43.9469,-1,-1,ExactBaseline,0,0,0,0,1.20397,0,0.179709,0,0,0,0,1
E3-LS-p030,43.9525,-1,-1,ExactBaseline,0,0,0,0,1.20397,0,0.480199,0,0,0,0,0.997446
E3-LS-p030,43.9584,-1,-1,ExactBaseline,0,0,0,0,1.20397,0,1.01847,0,0,0,0,0.997446
E3-LS-p030,43.9719,-1,-1,ExactBaseline,0,0,0,0,1.20397,0,3.51264,0,0,0,0,0.991519
E3-LS-p030,43.981,-1,-1,ExactBaseline,0,0,0,0,1.20397,0,0.724135,0,0,0,0,1
E3-LS-p030,43.9815,69,462,ExactBaseline,1,1,0.00206423,0.693147,1.20397,3,1.15718,0,0,0,0,0.997446
E3-LS-p030,43.9821,-1,-1,ExactBaseline,0,0,0,0,1.20397,0,0.416849,0,0,0,0,0.997446
E3-LS-p030,43.9866,-1,-1,ExactBaseline,0,0,0,0,1.20397,0,0.328972,0,0,0,0,1
E3-LS-p030,43.9879,-1,-1,ExactBaseline,0,0,0,0,1.20397,0,1.15858,0,0,0,0,1
E3-LS-p030,44.002,-1,-1,ExactBaseline,0,0,0,0,1.20397,0,0.896885,0,0,0,0,1
E3-LS-p030,44.0054,-1,-1,ExactBaseline,0,0,0,0,1.20397,0,1.14058,0,0,0,0,1
E3-LS-p030,44.0059,-1,-1,ExactBaseline,0,0,0,0,1.20397,0,1.74031,0,0,0,0,1
E3-LS-p030,44.0077,-1,-1,ExactBaseline,0,0,0,0,1.20397,0,0.8047,0,0,0,0,1
E3-LS-p030,44.0119,-1,-1,ExactBaseline,0,0,0,0,1.20397,0,0.718135,0,0,0,0,0.997446
E3-LS-p030,44.0153,-1,-1,ExactBaseline,0,0,0,0,1.20397,0,2.67489,0,0,0,0,0.99275
E3-LS-p030,44.0171,-1,-1,ExactBaseline,0,0,0,0,1.20397,0,1.26239,0,0,0,0,0.999797
E3-LS-p030,44.0189,-1,-1,ExactBaseline,0,0,0,0,1.20397,0,0.799963,0,0,0,0,1
E3-LS-p030,44.0191,-1,-1,ExactBaseline,0,0,0,0,1.20397,0,0.632381,0,0,0,0,0.994892
E3-LS-p030,44.0214,-1,-1,ExactBaseline,0,0,0,0,1.20397,0,0.05018,0,0,0,0,1
E3-LS-p030,44.0261,-1,-1,ExactBaseline,0,0,0,0,1.20397,0,0.241468,0,0,0,0,0.997446
E3-LS-p030,44.0262,-1,-1,ExactBaseline,0,0,0,0,1.20397,0,0.267225,0,0,0,0,1
E3-LS-p030,44.0273,2,587,ExactBaseline,1,1,0.00323847,1.08091,1.20397,4,0.684598,0,0,0,0,0.996215
E3-LS-p030,44.0348,-1,-1,ExactBaseline,0,0,0,0,1.20397,0,0.197638,0,0,0,0,1
E3-LS-p030,44.0396,-1,-1,ExactBaseline,0,0,0,0,1.20397,0,1.05958,0,0,0,0,1
E3-LS-p030,44.0461,-1,-1,ExactBaseline,0,0,0,0,1.20397,0,0.811469,0,0,0,0,0.997446
E3-LS-p030,44.0496,-1,-1,ExactBaseline,0,0,0,0,1.20397,0,0.158446,0,0,0,0,1
E3-LS-p030,44.0519,64,291,ExactBaseline,1,1,0.00194336,0.693147,1.20397,3,0.820904,0,0,0,0,0.997446
E3-LS-p030,44.0547,-1,-1,ExactBaseline,0,0,0,0,1.20397,0,0.560071,0,0,0,0,0.997446
E3-LS-p030,44.0571,-1,-1,ExactBaseline,0,0,0,0,1.20397,0,0.437995,0,0,0,0,1
E3-LS-p030,44.058,-1,-1,ExactBaseline,0,0,0,0,1.20397,0,0.938743,0,0,0,0,1
E3-LS-p030,44.0581,-1,-1,ExactBaseline,0,0,0,0,1.20397,0,0.572068,0,0,0,0,0.997446
E3-LS-p030,44.0584,-1,-1,ExactBaseline,0,0,0,0,1.20397,0,1.04403,0,0,0,0,1
E3-LS-p030,44.0605,-1,-1,ExactBaseline,0,0,0,0,1.20397,0,0.370562,0,0,0,0,0.997446
E3-LS-p030,44.0612,-1,-1,ExactBaseline,0,0,0,0,1.20397,0,1.06136,0,0,0,0,1
E3-LS-p030,44.0722,286,421,ExactBaseline,1,1,0.00242279,0.693147,1.20397,3,0.593171,0,0,0,0,0.997446
E3-LS-p030,44.0753,-1,-1,ExactBaseline,0,0,0,0,1.20397,0,0.58052,0,0,0,0,1
E3-LS-p030,44.0756,-1,-1,ExactBaseline,0,0,0,0,1.20397,0,0.320413,0,0,0,0,1
E3-LS-p030,44.0816,-1,-1,ExactBaseline,0,0,0,0,1.20397,0,0.507426,0,0,0,0,1
E3-LS-p030,44.0981,-1,-1,ExactBaseline,0,0,0,0,1.20397,0,0.663588,0,0,0,0,0.997446
E3-LS-p030,44.0981,-1,-1,ExactBaseline,0,0,0,0,1.20397,0,0.19781,0,0,0,0,0.997446
E3-LS-p030,44.0994,405,248,ExactBaseline,1,1,0.00239665,0.693147,1.20397,3,0.641995,0,0,0,0,0.997446
E3-LS-p030,44.1025,75,10,ExactBaseline,1,1,0.00197813,0.693147,1.20397,3,0.586776,0,0,0,0,0.994892
E3-LS-p030,44.1084,-1,-1,ExactBaseline,0,0,0,0,1.20397,0,0.419442,0,0,0,0,1
E3-LS-p030,44.1207,-1,-1,ExactBaseline,0,0,0,0,1.20397,0,0.076004,0,0,0,0,1
E3-LS-p030,44.1253,-1,-1,ExactBaseline,0,0,0,0,1.20397,0,0.57941,0,0,0,0,1
E3-LS-p030,44.1282,-1,-1,ExactBaseline,0,0,0,0,1.20397,0,0.051879,0,0,0,0,1
E3-LS-p030,44.1299,-1,-1,ExactBaseline,0,0,0,0,1.20397,0,0.597603,0,0,0,0,1
E3-LS-p030,44.1384,-1,-1,ExactBaseline,0,0,0,0,1.20397,0,0.782021,0,0,0,0,1
E3-LS-p030,44.143,-1,-1,ExactBaseline,0,0,0,0,1.20397,0,1.57403,0,0,0,0,1
E3-LS-p030,44.1544,-1,-1,ExactBaseline,0,0,0,0,1.20397,0,0.947536,0,0,0,0,1
E3-LS-p030,44.1593,-1,-1,ExactBaseline,0,0,0,0,1.20397,0,0.837287,0,0,0,0,1
E3-LS-p030,44.1666,-1,-1,ExactBaseline,0,0,0,0,1.20397,0,1.06757,0,0,0,0,0.997816
E3-LS-p030,44.168,-1,-1,ExactBaseline,0,0,0,0,1.20397,0,1.27909,0,0,0,0,1
E3-LS-p030,44.1683,-1,-1,ExactBaseline,0,0,0,0,1.20397,0,0.245214,0,0,0,0,1
E3-LS-p030,44.1691,-1,-1,ExactBaseline,0,0,0,0,1.20397,0,0.181567,0,0,0,0,1
E3-LS-p030,44.1728,-1,-1,ExactBaseline,0,0,0,0,1.20397,0,0.432976,0,0,0,0,1
E3-LS-p030,44.1793,-1,-1,ExactBaseline,0,0,0,0,1.20397,0,0.104476,0,0,0,0,1
E3-LS-p030,44.1833,347,32,ExactBaseline,1,1,0.00241929,0.693147,1.20397,3,0.418505,0,0,0,0,0.994892
E3-LS-p030,44.1834,-1,-1,ExactBaseline,0,0,0,0,1.20397,0,1.11743,0,0,0,0,0.994276
E3-LS-p030,44.1837,-1,-1,ExactBaseline,0,0,0,0,1.20397,0,0.563634,0,0,0,0,0.994892
E3-LS-p030,44.2045,-1,-1,ExactBaseline,0,0,0,0,1.20397,0,0.703858,0,0,0,0,1
E3-LS-p030,44.2083,-1,-1,ExactBaseline,0,0,0,0,1.20397,0,0.901427,0,0,0,0,0.997446
E3-LS-p030,44.2088,-1,-1,ExactBaseline,0,0,0,0,1.20397,0,1.37532,0,0,0,0,1
E3-LS-p030,44.2109,-1,-1,ExactBaseline,0,0,0,0,1.20397,0,0.720747,0,0,0,0,0.996215
E3-LS-p030,44.2147,219,81,ExactBaseline,1,1,0.00195166,0.693147,1.20397,3,1.01239,0,0,0,0,0.994892
E3-LS-p030,44.2149,-1,-1,ExactBaseline,0,0,0,0,1.20397,0,1.64046,0,0,0,0,1
E3-LS-p030,44.232,-1,-1,ExactBaseline,0,0,0,0,1.20397,0,0.125525,0,0,0,0,1
E3-LS-p030,44.2357,-1,-1,ExactBaseline,0,0,0,0,1.20397,0,0.069278,0,0,0,0,1
E3-LS-p030,44.2389,-1,-1,ExactBaseline,0,0,0,0,1.20397,0,0.105283,0,0,0,0,1
E3-LS-p030,44.2418,-1,-1,ExactBaseline,0,0,0,0,1.20397,0,0.713707,0,0,0,0,1
E3-LS-p030,44.2497,-1,-1,ExactBaseline,0,0,0,0,1.20397,0,0.201067,0,0,0,0,1
E3-LS-p030,44.2501,-1,-1,ExactBaseline,0,0,0,0,1.20397,0,0.07023,0,0,0,0,1
E3-LS-p030,44.2538,-1,-1,ExactBaseline,0,0,0,0,1.20397,0,0.559306,0,0,0,0,1
E3-LS-p030,44.2636,-1,-1,ExactBaseline,0,0,0,0,1.20397,0,1.25273,0,0,0,0,0.997446
E3-LS-p030,44.2779,231,397,ExactBaseline,1,1,0.00201067,0.693147,1.20397,3,1.4025,0,0,0,0,0.997446
E3-LS-p030,44.2827,-1,-1,ExactBaseline,0,0,0,0,1.20397,0,0.69616,0,0,0,0,1
E3-LS-p030,44.2965,-1,-1,ExactBaseline,0,0,0,0,1.20397,0,0.908981,0,0,0,0,1
E3-LS-p030,44.302,-1,-1,ExactBaseline,0,0,0,0,1.20397,0,1.07723,0,0,0,0,0.994161
E3-LS-p030,44.3072,-1,-1,ExactBaseline,0,0,0,0,1.20397,0,0.85541,0,0,0,0,0.994892
E3-LS-p030,44.3166,-1,-1,ExactBaseline,0,0,0,0,1.20397,0,1.16074,0,0,0,0,0.997446
E3-LS-p030,44.3199,-1,-1,ExactBaseline,0,0,0,0,1.20397,0,0.033765,0,0,0,0,1
E3-LS-p030,44.3215,-1,-1,ExactBaseline,0,0,0,0,1.20397,0,0.600135,0,0,0,0,1
E3-LS-p030,44.3245,-1,-1,ExactBaseline,0,0,0,0,1.20397,0,1.77635,0,0,0,0,0.997446
E3-LS-p030,44.3268,-1,-1,ExactBaseline,0,0,0,0,1.20397,0,0.233644,0,0,0,0,1
E3-LS-p030,44.3271,-1,-1,ExactBaseline,0,0,0,0,1.20397,0,0.666892,0,0,0,0,1
E3-LS-p030,44.3289,-1,-1,ExactBaseline,0,0,0,0,1.20397,0,0.688799,0,0,0,0,1
E3-LS-p030,44.3318,-1,-1,ExactBaseline,0,0,0,0,1.20397,0,0.339226,0,0,0,0,0.992338
E3-LS-p030,44.3335,-1,-1,ExactBaseline,0,0,0,0,1.20397,0,0.69897,0,0,0,0,1
E3-LS-p030,44.3385,-1,-1,ExactBaseline,0,0,0,0,1.20397,0,0.750378,0,0,0,0,1
E3-LS-p030,44.3412,-1,-1,ExactBaseline,0,0,0,0,1.20397,0,0.829132,0,0,0,0,1
E3-LS-p030,44.3419,32,66,ExactBaseline,1,1,0.00360739,1.08091,1.20397,4,1.95697,0,0,0,0,0.998769
E3-LS-p030,44.3441,-1,-1,ExactBaseline,0,0,0,0,1.20397,0,0.087223,0,0,0,0,1
E3-LS-p030,44.3505,-1,-1,ExactBaseline,0,0,0,0,1.20397,0,0.065587,0,0,0,0,1
E3-LS-p030,44.3701,-1,-1,ExactBaseline,0,0,0,0,1.20397,0,1.16863,0,0,0,0,1
E3-LS-p030,44.373,-1,-1,ExactBaseline,0,0,0,0,1.20397,0,0.892571,0,0,0,0,1
E3-LS-p030,44.3812,-1,-1,ExactBaseline,0,0,0,0,1.20397,0,0.682713,0,0,0,0,1
E3-LS-p030,44.3826,-1,-1,ExactBaseline,0,0,0,0,1.20397,0,0.223834,0,0,0,0,0.994892
E3-LS-p030,44.3841,-1,-1,ExactBaseline,0,0,0,0,1.20397,0,0.164864,0,0,0,0,0.997446
E3-LS-p030,44.3895,-1,-1,ExactBaseline,0,0,0,0,1.20397,0,0.703257,0,0,0,0,1
E3-LS-p030,44.3916,-1,-1,ExactBaseline,0,0,0,0,1.20397,0,0.687939,0,0,0,0,0.997446
E3-LS-p030,44.3957,-1,-1,ExactBaseline,0,0,0,0,1.20397,0,0.645251,0,0,0,0,1
E3-LS-p030,44.3983,-1,-1,ExactBaseline,0,0,0,0,1.20397,0,0.233649,0,0,0,0,1
E3-LS-p030,44.4072,-1,-1,ExactBaseline,0,0,0,0,1.20397,0,0.107492,0,0,0,0,1
E3-LS-p030,44.4081,-1,-1,ExactBaseline,0,0,0,0,1.20397,0,0.124292,0,0,0,0,1
E3-LS-p030,44.4105,-1,-1,ExactBaseline,0,0,0,0,1.20397,0,0.090509,0,0,0,0,1
E3-LS-p030,44.4142,-1,-1,ExactBaseline,0,0,0,0,1.20397,0,0.583014,0,0,0,0,1
E3-LS-p030,44.4169,-1,-1,ExactBaseline,0,0,0,0,1.20397,0,0.846656,0,0,0,0,1
E3-LS-p030,44.4308,-1,-1,ExactBaseline,0,0,0,0,1.20397,0,0.096144,0,0,0,0,1
E3-LS-p030,44.4493,-1,-1,ExactBaseline,0,0,0,0,1.20397,0,0.944512,0,0,0,0,1
E3-LS-p030,44.4504,-1,-1,ExactBaseline,0,0,0,0,1.20397,0,0.727481,0,0,0,0,1
E3-LS-p030,44.4532,-1,-1,ExactBaseline,0,0,0,0,1.20397,0,0.35014,0,0,0,0,0.994892
E3-LS-p030,44.4538,278,330,ExactBaseline,1,1,0.00241151,0.693147,1.20397,3,0.558204,0,0,0,0,0.997446
E3-LS-p030,44.4663,-1,-1,ExactBaseline,0,0,0,0,1.20397,0,0.15171,0,0,0,0,0.997446
E3-LS-p030,44.4682,-1,-1,ExactBaseline,0,0,0,0,1.20397,0,0.721495,0,0,0,0,1
E3-LS-p030,44.4689,-1,-1,ExactBaseline,0,0,0,0,1.20397,0,1.36468,0,0,0,0,1
E3-LS-p030,44.4716,-1,-1,ExactBaseline,0,0,0,0,1.20397,0,0.9422,0,0,0,0,1
E3-LS-p030,44.4806,-1,-1,ExactBaseline,0,0,0,0,1.20397,0,0.068937,0,0,0,0,1
E3-LS-p030,44.4809,-1,-1,ExactBaseline,0,0,0,0,1.20397,0,1.06523,0,0,0,0,0.996831
E3-LS-p030,44.4816,132,517,ExactBaseline,1,1,0.00239668,0.693147,1.20397,3,0.16176,0,0,0,0,0.997446
E3-LS-p030,44.4933,-1,-1,ExactBaseline,0,0,0,0,1.20397,0,1.08579,0,0,0,0,1
E3-LS-p030,44.4985,-1,-1,ExactBaseline,0,0,0,0,1.20397,0,0.114566,0,0,0,0,1
E3-LS-p030,44.501,-1,-1,ExactBaseline,0,0,0,0,1.20397,0,0.638932,0,0,0,0,1
E3-LS-p030,44.501,-1,-1,ExactBaseline,0,0,0,0,1.20397,0,0.62721,0,0,0,0,0.994892
E3-LS-p030,44.5044,-1,-1,ExactBaseline,0,0,0,0,1.20397,0,0.565737,0,0,0,0,1
E3-LS-p030,44.5046,-1,-1,ExactBaseline,0,0,0,0,1.20397,0,0.285142,0,0,0,0,1
E3-LS-p030,44.5077,-1,-1,ExactBaseline,0,0,0,0,1.20397,0,0.083062,0,0,0,0,1
E3-LS-p030,44.5125,-1,-1,ExactBaseline,0,0,0,0,1.20397,0,0.613211,0,0,0,0,1
E3-LS-p030,44.5138,-1,-1,ExactBaseline,0,0,0,0,1.20397,0,0.194393,0,0,0,0,1
E3-LS-p030,44.5148,-1,-1,ExactBaseline,0,0,0,0,1.20397,0,0.701872,0,0,0,0,0.997446
E3-LS-p030,44.5245,233,103,ExactBaseline,1,1,0.00203107,0.693147,1.20397,3,0.554162,0,0,0,0,0.997446
E3-LS-p030,44.525,-1,-1,ExactBaseline,0,0,0,0,1.20397,0,0.050603,0,0,0,0,1
E3-LS-p030,44.5295,-1,-1,ExactBaseline,0,0,0,0,1.20397,0,0.467221,0,0,0,0,1
E3-LS-p030,44.5309,-1,-1,ExactBaseline,0,0,0,0,1.20397,0,0.71146,0,0,0,0,1
E3-LS-p030,44.541,-1,-1,ExactBaseline,0,0,0,0,1.20397,0,0.04885,0,0,0,0,1
E3-LS-p030,44.568,-1,-1,ExactBaseline,0,0,0,0,1.20397,0,0.076297,0,0,0,0,1
E3-LS-p030,44.5684,-1,-1,ExactBaseline,0,0,0,0,1.20397,0,1.13416,0,0,0,0,0.994892
E3-LS-p030,44.5702,-1,-1,ExactBaseline,0,0,0,0,1.20397,0,1.08013,0,0,0,0,1
E3-LS-p030,44.5742,-1,-1,ExactBaseline,0,0,0,0,1.20397,0,0.573898,0,0,0,0,1
E3-LS-p030,44.5853,-1,-1,ExactBaseline,0,0,0,0,1.20397,0,0.685632,0,0,0,0,1
E3-LS-p030,44.5871,-1,-1,ExactBaseline,0,0,0,0,1.20397,0,0.158537,0,0,0,0,1
E3-LS-p030,44.5881,-1,-1,ExactBaseline,0,0,0,0,1.20397,0,0.433535,0,0,0,0,1
E3-LS-p030,44.5908,-1,-1,ExactBaseline,0,0,0,0,1.20397,0,0.078648,0,0,0,0,1
E3-LS-p030,44.5926,-1,-1,ExactBaseline,0,0,0,0,1.20397,0,0.287644,0,0,0,0,1
E3-LS-p030,44.5934,-1,-1,ExactBaseline,0,0,0,0,1.20397,0,0.718748,0,0,0,0,1
E3-LS-p030,44.6015,-1,-1,ExactBaseline,0,0,0,0,1.20397,0,0.593339,0,0,0,0,1
E3-LS-p030,44.602,-1,-1,ExactBaseline,0,0,0,0,1.20397,0,0.914384,0,0,0,0,1
E3-LS-p030,44.6026,-1,-1,ExactBaseline,0,0,0,0,1.20397,0,0.645355,0,0,0,0,0.994276
E3-LS-p030,44.6054,-1,-1,ExactBaseline,0,0,0,0,1.20397,0,0.527663,0,0,0,0,1
E3-LS-p030,44.6118,-1,-1,ExactBaseline,0,0,0,0,1.20397,0,0.163569,0,0,0,0,1
E3-LS-p030,44.6137,-1,-1,ExactBaseline,0,0,0,0,1.20397,0,0.814488,0,0,0,0,0.997446
E3-LS-p030,44.6161,-1,-1,ExactBaseline,0,0,0,0,1.20397,0,0.933139,0,0,0,0,0.997446
E3-LS-p030,44.6161,-1,-1,ExactBaseline,0,0,0,0,1.20397,0,0.595408,0,0,0,0,1
E3-LS-p030,44.6173,-1,-1,ExactBaseline,0,0,0,0,1.20397,0,0.923221,0,0,0,0,1
E3-LS-p030,44.6323,-1,-1,ExactBaseline,0,0,0,0,1.20397,0,0.647593,0,0,0,0,1
E3-LS-p030,44.6336,-1,-1,ExactBaseline,0,0,0,0,1.20397,0,0.077424,0,0,0,0,0.997446
E3-LS-p030,44.6379,-1,-1,ExactBaseline,0,0,0,0,1.20397,0,0.903065,0,0,0,0,0.994892
E3-LS-p030,44.6444,-1,-1,ExactBaseline,0,0,0,0,1.20397,0,0.041806,0,0,0,0,1
E3-LS-p030,44.6485,-1,-1,ExactBaseline,0,0,0,0,1.20397,0,0.632412,0,0,0,0,1
E3-LS-p030,44.6521,-1,-1,ExactBaseline,0,0,0,0,1.20397,0,0.335091,0,0,0,0,0.994892
E3-LS-p030,44.6603,-1,-1,ExactBaseline,0,0,0,0,1.20397,0,1.18241,0,0,0,0,1
E3-LS-p030,44.6642,-1,-1,ExactBaseline,0,0,0,0,1.20397,0,0.552134,0,0,0,0,1
E3-LS-p030,44.6686,-1,-1,ExactBaseline,0,0,0,0,1.20397,0,1.27128,0,0,0,0,0.997446
E3-LS-p030,44.6745,-1,-1,ExactBaseline,0,0,0,0,1.20397,0,0.017783,0,0,0,0,1
E3-LS-p030,44.6751,-1,-1,ExactBaseline,0,0,0,0,1.20397,0,0.954517,0,0,0,0,1
E3-LS-p030,44.6773,-1,-1,ExactBaseline,0,0,0,0,1.20397,0,0.634209,0,0,0,0,0.992478
E3-LS-p030,44.6791,-1,-1,ExactBaseline,0,0,0,0,1.20397,0,0.833108,0,0,0,0,1
E3-LS-p030,44.6791,-1,-1,ExactBaseline,0,0,0,0,1.20397,0,0.599787,0,0,0,0,1
E3-LS-p030,44.6879,-1,-1,ExactBaseline,0,0,0,0,1.20397,0,0.082339,0,0,0,0,1
E3-LS-p030,44.6888,-1,-1,ExactBaseline,0,0,0,0,1.20397,0,0.614049,0,0,0,0,1
E3-LS-p030,44.6898,-1,-1,ExactBaseline,0,0,0,0,1.20397,0,1.40748,0,0,0,0,0.997446
E3-LS-p030,44.6947,-1,-1,ExactBaseline,0,0,0,0,1.20397,0,1.03606,0,0,0,0,1
E3-LS-p030,44.7003,-1,-1,ExactBaseline,0,0,0,0,1.20397,0,0.303549,0,0,0,0,1
E3-LS-p030,44.7076,-1,-1,ExactBaseline,0,0,0,0,1.20397,0,0.319775,0,0,0,0,0.997446
E3-LS-p030,44.71,-1,-1,ExactBaseline,0,0,0,0,1.20397,0,0.149431,0,0,0,0,1
E3-LS-p030,44.7118,-1,-1,ExactBaseline,0,0,0,0,1.20397,0,0.144519,0,0,0,0,1
E3-LS-p030,44.7157,-1,-1,ExactBaseline,0,0,0,0,1.20397,0,0.614215,0,0,0,0,0.997446
E3-LS-p030,44.7291,-1,-1,ExactBaseline,0,0,0,0,1.20397,0,0.821972,0,0,0,0,0.997446
E3-LS-p030,44.7297,-1,-1,ExactBaseline,0,0,0,0,1.20397,0,0.029935,0,0,0,0,1
E3-LS-p030,44.7309,-1,-1,ExactBaseline,0,0,0,0,1.20397,0,0.563925,0,0,0,0,0.997446
E3-LS-p030,44.7337,-1,-1,ExactBaseline,0,0,0,0,1.20397,0,0.313118,0,0,0,0,0.997446
E3-LS-p030,44.7364,-1,-1,ExactBaseline,0,0,0,0,1.20397,0,0.752051,0,0,0,0,1
E3-LS-p030,44.7471,-1,-1,ExactBaseline,0,0,0,0,1.20397,0,0.263323,0,0,0,0,1
E3-LS-p030,44.7478,-1,-1,ExactBaseline,0,0,0,0,1.20397,0,0.567235,0,0,0,0,1
E3-LS-p030,44.7548,-1,-1,ExactBaseline,0,0,0,0,1.20397,0,0.073898,0,0,0,0,1
E3-LS-p030,44.756,-1,-1,ExactBaseline,0,0,0,0,1.20397,0,0.857797,0,0,0,0,1
E3-LS-p030,44.7643,-1,-1,ExactBaseline,0,0,0,0,1.20397,0,1.50706,0,0,0,0,0.997446
E3-LS-p030,44.7716,-1,-1,ExactBaseline,0,0,0,0,1.20397,0,0.857136,0,0,0,0,0.997446
E3-LS-p030,44.7739,-1,-1,ExactBaseline,0,0,0,0,1.20397,0,1.69064,0,0,0,0,0.997446
E3-LS-p030,44.7767,259,246,ExactBaseline,1,1,0.00240237,0.693147,1.20397,3,0.750444,0,0,0,0,0.997446
E3-LS-p030,44.7769,-1,-1,ExactBaseline,0,0,0,0,1.20397,0,0.05418,0,0,0,0,1
E3-LS-p030,44.7786,-1,-1,ExactBaseline,0,0,0,0,1.20397,0,0.197269,0,0,0,0,1
E3-LS-p030,44.7823,-1,-1,ExactBaseline,0,0,0,0,1.20397,0,0.833117,0,0,0,0,0.997446
E3-LS-p030,44.7889,-1,-1,ExactBaseline,0,0,0,0,1.20397,0,0.128561,0,0,0,0,1
E3-LS-p030,44.7959,-1,-1,ExactBaseline,0,0,0,0,1.20397,0,0.237928,0,0,0,0,0.997446
E3-LS-p030,44.8089,-1,-1,ExactBaseline,0,0,0,0,1.20397,0,0.973108,0,0,0,0,0.995803
E3-LS-p030,44.8129,-1,-1,ExactBaseline,0,0,0,0,1.20397,0,0.804739,0,0,0,0,1
E3-LS-p030,44.8131,-1,-1,ExactBaseline,0,0,0,0,1.20397,0,0.219081,0,0,0,0,1
E3-LS-p030,44.8148,-1,-1,ExactBaseline,0,0,0,0,1.20397,0,0.844544,0,0,0,0,1
E3-LS-p030,44.8149,-1,-1,ExactBaseline,0,0,0,0,1.20397,0,0.883458,0,0,0,0,0.999385
E3-LS-p030,44.8211,-1,-1,ExactBaseline,0,0,0,0,1.20397,0,0.664012,0,0,0,0,1
E3-LS-p030,44.8276,-1,-1,ExactBaseline,0,0,0,0,1.20397,0,0.870578,0,0,0,0,1
E3-LS-p030,44.8287,-1,-1,ExactBaseline,0,0,0,0,1.20397,0,0.813133,0,0,0,0,0.998769
E3-LS-p030,44.8364,-1,-1,ExactBaseline,0,0,0,0,1.20397,0,0.07896,0,0,0,0,1
E3-LS-p030,44.8407,-1,-1,ExactBaseline,0,0,0,0,1.20397,0,0.991993,0,0,0,0,1
E3-LS-p030,44.8439,-1,-1,ExactBaseline,0,0,0,0,1.20397,0,0.140973,0,0,0,0,1
E3-LS-p030,44.8466,-1,-1,ExactBaseline,0,0,0,0,1.20397,0,0.073906,0,0,0,0,1
E3-LS-p030,44.8476,-1,-1,ExactBaseline,0,0,0,0,1.20397,0,0.133648,0,0,0,0,1
E3-LS-p030,44.8547,430,204,ExactBaseline,1,1,0.0024158,0.693147,1.20397,3,0.601598,0,0,0,0,0.997446
E3-LS-p030,44.8562,-1,-1,ExactBaseline,0,0,0,0,1.20397,0,0.598446,0,0,0,0,0.997446
E3-LS-p030,44.8576,-1,-1,ExactBaseline,0,0,0,0,1.20397,0,0.573993,0,0,0,0,1
E3-LS-p030,44.8685,306,351,ExactBaseline,1,1,0.00240206,0.693147,1.20397,3,0.209483,0,0,0,0,0.997446
E3-LS-p030,44.8691,-1,-1,ExactBaseline,0,0,0,0,1.20397,0,0.588279,0,0,0,0,1
E3-LS-p030,44.8736,-1,-1,ExactBaseline,0,0,0,0,1.20397,0,1.14329,0,0,0,0,1
E3-LS-p030,44.8766,-1,-1,ExactBaseline,0,0,0,0,1.20397,0,0.610533,0,0,0,0,1
E3-LS-p030,44.8776,-1,-1,ExactBaseline,0,0,0,0,1.20397,0,0.770062,0,0,0,0,1
E3-LS-p030,44.878,294,339,ExactBaseline,1,1,0.00197982,0.693147,1.20397,3,0.968402,0,0,0,0,0.997446
E3-LS-p030,44.8881,-1,-1,ExactBaseline,0,0,0,0,1.20397,0,1.17215,0,0,0,0,1
E3-LS-p030,44.8958,-1,-1,ExactBaseline,0,0,0,0,1.20397,0,0.076796,0,0,0,0,1
E3-LS-p030,44.8959,-1,-1,ExactBaseline,0,0,0,0,1.20397,0,0.676493,0,0,0,0,1
E3-LS-p030,44.8959,-1,-1,ExactBaseline,0,0,0,0,1.20397,0,1.1053,0,0,0,0,0.997446
E3-LS-p030,44.8982,-1,-1,ExactBaseline,0,0,0,0,1.20397,0,0.966201,0,0,0,0,0.997446
E3-LS-p030,44.9015,-1,-1,ExactBaseline,0,0,0,0,1.20397,0,0.43153,0,0,0,0,1
E3-LS-p030,44.9016,-1,-1,ExactBaseline,0,0,0,0,1.20397,0,0.958849,0,0,0,0,0.997446
E3-LS-p030,44.9039,-1,-1,ExactBaseline,0,0,0,0,1.20397,0,1.06451,0,0,0,0,1
E3-LS-p030,44.9097,-1,-1,ExactBaseline,0,0,0,0,1.20397,0,1.26601,0,0,0,0,1
E3-LS-p030,44.9144,-1,-1,ExactBaseline,0,0,0,0,1.20397,0,0.312332,0,0,0,0,1
E3-LS-p030,44.9219,-1,-1,ExactBaseline,0,0,0,0,1.20397,0,1.51001,0,0,0,0,0.997446
E3-LS-p030,44.9437,-1,-1,ExactBaseline,0,0,0,0,1.20397,0,0.203611,0,0,0,0,1
E3-LS-p030,44.9497,-1,-1,ExactBaseline,0,0,0,0,1.20397,0,0.009814,0,0,0,0,1
E3-LS-p030,44.9553,359,309,ExactBaseline,1,1,0.00241283,0.693147,1.20397,3,0.278962,0,0,0,0,0.997446
E3-LS-p030,44.9569,-1,-1,ExactBaseline,0,0,0,0,1.20397,0,1.88078,0,0,0,0,0.997446
E3-LS-p030,44.9579,-1,-1,ExactBaseline,0,0,0,0,1.20397,0,1.48661,0,0,0,0,0.997446
E3-LS-p030,44.9584,-1,-1,ExactBaseline,0,0,0,0,1.20397,0,0.040688,0,0,0,0,1
E3-LS-p030,44.9649,-1,-1,ExactBaseline,0,0,0,0,1.20397,0,0.617857,0,0,0,0,1
E3-LS-p030,44.9654,40,79,ExactBaseline,1,1,0.00360055,1.08091,1.20397,4,1.61075,0,0,0,0,0.997539
E3-LS-p030,44.9661,-1,-1,ExactBaseline,0,0,0,0,1.20397,0,0.849452,0,0,0,0,1
E3-LS-p030,44.9679,-1,-1,ExactBaseline,0,0,0,0,1.20397,0,0.494895,0,0,0,0,0.997446
E3-LS-p030,44.978,-1,-1,ExactBaseline,0,0,0,0,1.20397,0,0.336036,0,0,0,0,1
E3-LS-p030,44.9785,-1,-1,ExactBaseline,0,0,0,0,1.20397,0,0.197472,0,0,0,0,1
E3-LS-p030,44.98,-1,-1,ExactBaseline,0,0,0,0,1.20397,0,1.2595,0,0,0,0,0.997446
E3-LS-p030,44.9819,-1,-1,ExactBaseline,0,0,0,0,1.20397,0,0.641335,0,0,0,0,1
E3-LS-p030,44.986,-1,-1,ExactBaseline,0,0,0,0,1.20397,0,0.748424,0,0,0,0,1
E3-LS-p030,45.0004,-1,-1,ExactBaseline,0,0,0,0,1.20397,0,0.889978,0,0,0,0,1
E3-LS-p030,45.0064,-1,-1,ExactBaseline,0,0,0,0,1.20397,0,0.457416,0,0,0,0,0.997446
E3-LS-p030,45.0125,-1,-1,ExactBaseline,0,0,0,0,1.20397,0,0.518355,0,0,0,0,1
E3-LS-p030,45.0259,-1,-1,ExactBaseline,0,0,0,0,1.20397,0,1.00588,0,0,0,0,0.997446
E3-LS-p030,45.0289,-1,-1,ExactBaseline,0,0,0,0,1.20397,0,0.825265,0,0,0,0,1
E3-LS-p030,45.0345,-1,-1,ExactBaseline,0,0,0,0,1.20397,0,0.254776,0,0,0,0,0.997446
E3-LS-p030,45.0358,-1,-1,ExactBaseline,0,0,0,0,1.20397,0,0.743237,0,0,0,0,0.997446
E3-LS-p030,45.045,-1,-1,ExactBaseline,0,0,0,0,1.20397,0,0.673229,0,0,0,0,0.994892
E3-LS-p030,45.0512,-1,-1,ExactBaseline,0,0,0,0,1.20397,0,0.277614,0,0,0,0,0.997446
E3-LS-p030,45.0518,-1,-1,ExactBaseline,0,0,0,0,1.20397,0,0.141621,0,0,0,0,1
E3-LS-p030,45.0587,-1,-1,ExactBaseline,0,0,0,0,1.20397,0,2.22792,0,0,0,0,0.998769
E3-LS-p030,45.06,-1,-1,ExactBaseline,0,0,0,0,1.20397,0,0.624564,0,0,0,0,1
E3-LS-p030,45.0602,-1,-1,ExactBaseline,0,0,0,0,1.20397,0,1.34399,0,0,0,0,1
E3-LS-p030,45.0641,384,274,ExactBaseline,1,1,0.00211508,0.693147,1.20397,3,0.576437,0,0,0,0,0.997446
E3-LS-p030,45.071,-1,-1,ExactBaseline,0,0,0,0,1.20397,0,1.15348,0,0,0,0,1
E3-LS-p030,45.0754,-1,-1,ExactBaseline,0,0,0,0,1.20397,0,0.012693,0,0,0,0,1
E3-LS-p030,45.0825,287,131,ExactBaseline,1,1,0.00240621,0.693147,1.20397,3,0.084838,0,0,0,0,0.997446
E3-LS-p030,45.0889,-1,-1,ExactBaseline,0,0,0,0,1.20397,0,0.657322,0,0,0,0,0.994892
E3-LS-p030,45.0895,-1,-1,ExactBaseline,0,0,0,0,1.20397,0,0.12537,0,0,0,0,1
E3-LS-p030,45.092,-1,-1,ExactBaseline,0,0,0,0,1.20397,0,1.24465,0,0,0,0,1
E3-LS-p030,45.0939,-1,-1,ExactBaseline,0,0,0,0,1.20397,0,0.09797,0,0,0,0,1
E3-LS-p030,45.0993,46,439,ExactBaseline,1,1,0.00194018,0.693147,1.20397,3,0.657972,0,0,0,0,0.994276
E3-LS-p030,45.1006,-1,-1,ExactBaseline,0,0,0,0,1.20397,0,0.547076,0,0,0,0,1
E3-LS-p030,45.1008,-1,-1,ExactBaseline,0,0,0,0,1.20397,0,0.477461,0,0,0,0,1
E3-LS-p030,45.1039,-1,-1,ExactBaseline,0,0,0,0,1.20397,0,0.892455,0,0,0,0,0.992338
E3-LS-p030,45.1068,-1,-1,ExactBaseline,0,0,0,0,1.20397,0,0.261097,0,0,0,0,1
E3-LS-p030,45.1078,-1,-1,ExactBaseline,0,0,0,0,1.20397,0,1.14142,0,0,0,0,1
E3-LS-p030,45.1089,-1,-1,ExactBaseline,0,0,0,0,1.20397,0,0.023424,0,0,0,0,1
E3-LS-p030,45.1136,-1,-1,ExactBaseline,0,0,0,0,1.20397,0,1.7541,0,0,0,0,0.997446
E3-LS-p030,45.1168,-1,-1,ExactBaseline,0,0,0,0,1.20397,0,0.249496,0,0,0,0,1
E3-LS-p030,45.1179,-1,-1,ExactBaseline,0,0,0,0,1.20397,0,1.33053,0,0,0,0,0.992338
E3-LS-p030,45.1282,-1,-1,ExactBaseline,0,0,0,0,1.20397,0,0.307108,0,0,0,0,0.997446
E3-LS-p030,45.1314,-1,-1,ExactBaseline,0,0,0,0,1.20397,0,0.83848,0,0,0,0,1
E3-LS-p030,45.1394,-1,-1,ExactBaseline,0,0,0,0,1.20397,0,1.04992,0,0,0,0,0.974459
E3-LS-p030,45.1454,63,128,ExactBaseline,1,1,0.00201848,0.693147,1.20397,3,0.522035,0,0,0,0,0.997446
E3-LS-p030,45.1508,-1,-1,ExactBaseline,0,0,0,0,1.20397,0,0.276814,0,0,0,0,0.997446
E3-LS-p030,45.1513,-1,-1,ExactBaseline,0,0,0,0,1.20397,0,0.156334,0,0,0,0,1
E3-LS-p030,45.1543,-1,-1,ExactBaseline,0,0,0,0,1.20397,0,0.049817,0,0,0,0,1
E3-LS-p030,45.156,-1,-1,ExactBaseline,0,0,0,0,1.20397,0,0.881502,0,0,0,0,1
E3-LS-p030,45.1585,-1,-1,ExactBaseline,0,0,0,0,1.20397,0,0.114781,0,0,0,0,1
E3-LS-p030,45.16,-1,-1,ExactBaseline,0,0,0,0,1.20397,0,0.151575,0,0,0,0,1
E3-LS-p030,45.1626,-1,-1,ExactBaseline,0,0,0,0,1.20397,0,0.623306,0,0,0,0,0.999385
E3-LS-p030,45.1711,-1,-1,ExactBaseline,0,0,0,0,1.20397,0,1.02967,0,0,0,0,0.997446
E3-LS-p030,45.1712,-1,-1,ExactBaseline,0,0,0,0,1.20397,0,0.553848,0,0,0,0,0.997446
E3-LS-p030,45.1741,-1,-1,ExactBaseline,0,0,0,0,1.20397,0,0.157056,0,0,0,0,0.997446
E3-LS-p030,45.1915,-1,-1,ExactBaseline,0,0,0,0,1.20397,0,0.264677,0,0,0,0,1
E3-LS-p030,45.1988,-1,-1,ExactBaseline,0,0,0,0,1.20397,0,0.111435,0,0,0,0,1
E3-LS-p030,45.1995,-1,-1,ExactBaseline,0,0,0,0,1.20397,0,0.81779,0,0,0,0,0.994892
E3-LS-p030,45.1999,-1,-1,ExactBaseline,0,0,0,0,1.20397,0,0.748486,0,0,0,0,1
E3-LS-p030,45.2047,-1,-1,ExactBaseline,0,0,0,0,1.20397,0,0.895657,0,0,0,0,0.997446
E3-LS-p030,45.2053,76,248,ExactBaseline,1,1,0.00197227,0.693147,1.20397,3,1.36576,0,0,0,0,0.994892
E3-LS-p030,45.2056,-1,-1,ExactBaseline,0,0,0,0,1.20397,0,0.035134,0,0,0,0,1
E3-LS-p030,45.2063,-1,-1,ExactBaseline,0,0,0,0,1.20397,0,0.996982,0,0,0,0,0.992338
E3-LS-p030,45.2104,-1,-1,ExactBaseline,0,0,0,0,1.20397,0,0.854223,0,0,0,0,1
E3-LS-p030,45.2106,172,248,ExactBaseline,1,1,0.00197227,0.693147,1.20397,3,1.45232,0,0,0,0,0.989783
E3-LS-p030,45.2128,-1,-1,ExactBaseline,0,0,0,0,1.20397,0,0.901732,0,0,0,0,1
E3-LS-p030,45.2135,393,157,ExactBaseline,1,1,0.00204392,0.693147,1.20397,3,1.33513,0,0,0,0,0.994892
E3-LS-p030,45.2143,-1,-1,ExactBaseline,0,0,0,0,1.20397,0,0.855308,0,0,0,0,1
E3-LS-p030,45.2211,-1,-1,ExactBaseline,0,0,0,0,1.20397,0,0.880662,0,0,0,0,1
E3-LS-p030,45.2216,-1,-1,ExactBaseline,0,0,0,0,1.20397,0,0.776319,0,0,0,0,1
E3-LS-p030,45.2218,-1,-1,ExactBaseline,0,0,0,0,1.20397,0,1.46679,0,0,0,0,1
E3-LS-p030,45.225,-1,-1,ExactBaseline,0,0,0,0,1.20397,0,0.570843,0,0,0,0,0.997446
E3-LS-p030,45.2259,-1,-1,ExactBaseline,0,0,0,0,1.20397,0,0.082013,0,0,0,0,1
E3-LS-p030,45.23,-1,-1,ExactBaseline,0,0,0,0,1.20397,0,0.427255,0,0,0,0,1
E3-LS-p030,45.231,-1,-1,ExactBaseline,0,0,0,0,1.20397,0,0.075233,0,0,0,0,1
E3-LS-p030,45.2315,38,151,ExactBaseline,1,1,0.00321031,1.08091,1.20397,4,0.674503,0,0,0,0,0.998769
E3-LS-p030,45.2339,-1,-1,ExactBaseline,0,0,0,0,1.20397,0,0.578712,0,0,0,0,1
E3-LS-p030,45.2348,-1,-1,ExactBaseline,0,0,0,0,1.20397,0,0.008903,0,0,0,0,1
E3-LS-p030,45.237,-1,-1,ExactBaseline,0,0,0,0,1.20397,0,0.686803,0,0,0,0,0.997446
E3-LS-p030,45.2387,-1,-1,ExactBaseline,0,0,0,0,1.20397,0,1.11923,0,0,0,0,0.997446
E3-LS-p030,45.2416,-1,-1,ExactBaseline,0,0,0,0,1.20397,0,0.70706,0,0,0,0,1
E3-LS-p030,45.242,-1,-1,ExactBaseline,0,0,0,0,1.20397,0,1.85264,0,0,0,0,0.997446
E3-LS-p030,45.2423,-1,-1,ExactBaseline,0,0,0,0,1.20397,0,0.575651,0,0,0,0,0.997446
E3-LS-p030,45.2432,-1,-1,ExactBaseline,0,0,0,0,1.20397,0,0.998818,0,0,0,0,1
E3-LS-p030,45.247,-1,-1,ExactBaseline,0,0,0,0,1.20397,0,0.085492,0,0,0,0,1
E3-LS-p030,45.2493,-1,-1,ExactBaseline,0,0,0,0,1.20397,0,0.696062,0,0,0,0,0.997446
E3-LS-p030,45.2512,-1,-1,ExactBaseline,0,0,0,0,1.20397,0,0.594015,0,0,0,0,1
E3-LS-p030,45.2636,-1,-1,ExactBaseline,0,0,0,0,1.20397,0,0.574676,0,0,0,0,0.997446
E3-LS-p030,45.2692,-1,-1,ExactBaseline,0,0,0,0,1.20397,0,0.278082,0,0,0,0,0.997446
E3-LS-p030,45.273,-1,-1,ExactBaseline,0,0,0,0,1.20397,0,0.074986,0,0,0,0,1
E3-LS-p030,45.2738,-1,-1,ExactBaseline,0,0,0,0,1.20397,0,0.57565,0,0,0,0,1
E3-LS-p030,45.2786,-1,-1,ExactBaseline,0,0,0,0,1.20397,0,0.122654,0,0,0,0,1
E3-LS-p030,45.2872,-1,-1,ExactBaseline,0,0,0,0,1.20397,0,0.454241,0,0,0,0,0.992338
E3-LS-p030,45.2891,-1,-1,ExactBaseline,0,0,0,0,1.20397,0,1.25885,0,0,0,0,1
E3-LS-p030,45.3006,411,584,ExactBaseline,1,1,0.00241626,0.693147,1.20397,3,0.15676,0,0,0,0,0.997446
E3-LS-p030,45.3036,-1,-1,ExactBaseline,0,0,0,0,1.20397,0,0.114674,0,0,0,0,1
E3-LS-p030,45.3116,-1,-1,ExactBaseline,0,0,0,0,1.20397,0,0.114876,0,0,0,0,1
E3-LS-p030,45.317,-1,-1,ExactBaseline,0,0,0,0,1.20397,0,0.096486,0,0,0,0,1
E3-LS-p030,45.3184,-1,-1,ExactBaseline,0,0,0,0,1.20397,0,0.14109,0,0,0,0,1
E3-LS-p030,45.3234,-1,-1,ExactBaseline,0,0,0,0,1.20397,0,0.769929,0,0,0,0,0.997446
E3-LS-p030,45.3238,-1,-1,ExactBaseline,0,0,0,0,1.20397,0,0.100043,0,0,0,0,0.997446
E3-LS-p030,45.3254,-1,-1,ExactBaseline,0,0,0,0,1.20397,0,0.569391,0,0,0,0,1
E3-LS-p030,45.3356,-1,-1,ExactBaseline,0,0,0,0,1.20397,0,0.806304,0,0,0,0,0.997446
E3-LS-p030,45.3416,-1,-1,ExactBaseline,0,0,0,0,1.20397,0,0.27036,0,0,0,0,1
E3-LS-p030,45.3471,-1,-1,ExactBaseline,0,0,0,0,1.20397,0,0.674648,0,0,0,0,1
E3-LS-p030,45.3493,-1,-1,ExactBaseline,0,0,0,0,1.20397,0,0.632353,0,0,0,0,0.997446
E3-LS-p030,45.3546,-1,-1,ExactBaseline,0,0,0,0,1.20397,0,1.66259,0,0,0,0,1
E3-LS-p030,45.3556,-1,-1,ExactBaseline,0,0,0,0,1.20397,0,0.114868,0,0,0,0,1
E3-LS-p030,45.3654,7,73,ExactBaseline,1,1,0.00194771,0.693147,1.20397,3,0.524248,0,0,0,0,0.99275
E3-LS-p030,45.3752,-1,-1,ExactBaseline,0,0,0,0,1.20397,0,0.010942,0,0,0,0,1
E3-LS-p030,45.3795,-1,-1,ExactBaseline,0,0,0,0,1.20397,0,0.840139,0,0,0,0,0.997446
E3-LS-p030,45.3804,345,23,ExactBaseline,1,1,0.00202907,0.693147,1.20397,3,0.53846,0,0,0,0,0.994892
E3-LS-p030,45.3842,-1,-1,ExactBaseline,0,0,0,0,1.20397,0,0.793248,0,0,0,0,1
E3-LS-p030,45.3911,-1,-1,ExactBaseline,0,0,0,0,1.20397,0,0.929817,0,0,0,0,1
E3-LS-p030,45.3933,-1,-1,ExactBaseline,0,0,0,0,1.20397,0,0.837835,0,0,0,0,0.997446
E3-LS-p030,45.395,-1,-1,ExactBaseline,0,0,0,0,1.20397,0,0.205834,0,0,0,0,1
E3-LS-p030,45.4006,151,38,ExactBaseline,1,1,0.00327845,1.07799,1.20397,4,12.328,0,0,0,0,0.996816
E3-LS-p030,45.4012,-1,-1,ExactBaseline,0,0,0,0,1.20397,0,0.857361,0,0,0,0,1
E3-LS-p030,45.4095,-1,-1,ExactBaseline,0,0,0,0,1.20397,0,0.090598,0,0,0,0,1
E3-LS-p030,45.4107,-1,-1,ExactBaseline,0,0,0,0,1.20397,0,0.927216,0,0,0,0,1
E3-LS-p030,45.4115,-1,-1,ExactBaseline,0,0,0,0,1.20397,0,0.842398,0,0,0,0,1
E3-LS-p030,45.416,17,267,ExactBaseline,1,1,0.00194839,0.693147,1.20397,3,0.816507,0,0,0,0,0.997446
E3-LS-p030,45.4246,-1,-1,ExactBaseline,0,0,0,0,1.20397,0,1.45123,0,0,0,0,0.992338
E3-LS-p030,45.4255,-1,-1,ExactBaseline,0,0,0,0,1.20397,0,0.747668,0,0,0,0,0.989783
E3-LS-p030,45.432,-1,-1,ExactBaseline,0,0,0,0,1.20397,0,0.919146,0,0,0,0,1
E3-LS-p030,45.4394,-1,-1,ExactBaseline,0,0,0,0,1.20397,0,0.536204,0,0,0,0,1
E3-LS-p030,45.4399,-1,-1,ExactBaseline,0,0,0,0,1.20397,0,0.097129,0,0,0,0,1
E3-LS-p030,45.4553,94,235,ExactBaseline,1,1,0.00197603,0.693147,1.20397,3,0.969497,0,0,0,0,0.994892
E3-LS-p030,45.4573,-1,-1,ExactBaseline,0,0,0,0,1.20397,0,0.835552,0,0,0,0,0.994892
E3-LS-p030,45.4602,-1,-1,ExactBaseline,0,0,0,0,1.20397,0,0.163798,0,0,0,0,0.994892
E3-LS-p030,45.4649,425,270,ExactBaseline,1,1,0.00193548,0.693147,1.20397,3,1.27439,0,0,0,0,0.997446
E3-LS-p030,45.4684,-1,-1,ExactBaseline,0,0,0,0,1.20397,0,1.01406,0,0,0,0,1
E3-LS-p030,45.4724,-1,-1,ExactBaseline,0,0,0,0,1.20397,0,0.07039,0,0,0,0,1
E3-LS-p030,45.4806,-1,-1,ExactBaseline,0,0,0,0,1.20397,0,0.71453,0,0,0,0,1
E3-LS-p030,45.4817,48,171,ExactBaseline,1,1,0.00195063,0.693147,1.20397,3,1.38985,0,0,0,0,0.994892
E3-LS-p030,45.4905,-1,-1,ExactBaseline,0,0,0,0,1.20397,0,0.939977,0,0,0,0,1
E3-LS-p030,45.4988,-1,-1,ExactBaseline,0,0,0,0,1.20397,0,1.09753,0,0,0,0,1
E3-LS-p030,45.499,-1,-1,ExactBaseline,0,0,0,0,1.20397,0,0.608331,0,0,0,0,1
E3-LS-p030,45.4994,-1,-1,ExactBaseline,0,0,0,0,1.20397,0,0.611373,0,0,0,0,1
E3-LS-p030,45.5034,-1,-1,ExactBaseline,0,0,0,0,1.20397,0,0.484518,0,0,0,0,1
E3-LS-p030,45.5047,-1,-1,ExactBaseline,0,0,0,0,1.20397,0,0.247024,0,0,0,0,1
E3-LS-p030,45.5143,-1,-1,ExactBaseline,0,0,0,0,1.20397,0,0.871857,0,0,0,0,0.997446
E3-LS-p030,45.5147,53,555,ExactBaseline,1,1,0.00204749,0.693147,1.20397,3,0.873617,0,0,0,0,0.992338
E3-LS-p030,45.5196,-1,-1,ExactBaseline,0,0,0,0,1.20397,0,0.424173,0,0,0,0,0.997446
E3-LS-p030,45.5224,-1,-1,ExactBaseline,0,0,0,0,1.20397,0,0.706595,0,0,0,0,1
E3-LS-p030,45.5226,-1,-1,ExactBaseline,0,0,0,0,1.20397,0,0.712941,0,0,0,0,0.996831
E3-LS-p030,45.5226,-1,-1,ExactBaseline,0,0,0,0,1.20397,0,0.613286,0,0,0,0,1
E3-LS-p030,45.5263,432,393,ExactBaseline,1,1,0.00196061,0.693147,1.20397,3,0.444625,0,0,0,0,0.994892
E3-LS-p030,45.5267,274,467,ExactBaseline,1,1,0.00204128,0.693147,1.20397,3,0.618188,0,0,0,0,0.994892
E3-LS-p030,45.5304,-1,-1,ExactBaseline,0,0,0,0,1.20397,0,0.910884,0,0,0,0,1
E3-LS-p030,45.5349,-1,-1,ExactBaseline,0,0,0,0,1.20397,0,0.756768,0,0,0,0,1
E3-LS-p030,45.5365,-1,-1,ExactBaseline,0,0,0,0,1.20397,0,1.05345,0,0,0,0,0.997446
E3-LS-p030,45.5438,-1,-1,ExactBaseline,0,0,0,0,1.20397,0,1.13873,0,0,0,0,1
E3-LS-p030,45.546,-1,-1,ExactBaseline,0,0,0,0,1.20397,0,1.52401,0,0,0,0,0.997446
E3-LS-p030,45.547,91,393,ExactBaseline,1,1,0.00201713,0.693147,1.20397,3,0.848854,0,0,0,0,0.992338
E3-LS-p030,45.5517,-1,-1,ExactBaseline,0,0,0,0,1.20397,0,0.739993,0,0,0,0,1
E3-LS-p030,45.5542,273,487,ExactBaseline,1,1,0.00200438,0.693147,1.20397,3,1.50228,0,0,0,0,0.997446
E3-LS-p030,45.5606,-1,-1,ExactBaseline,0,0,0,0,1.20397,0,1.32458,0,0,0,0,1
E3-LS-p030,45.5775,-1,-1,ExactBaseline,0,0,0,0,1.20397,0,1.34877,0,0,0,0,0.994892
E3-LS-p030,45.579,-1,-1,ExactBaseline,0,0,0,0,1.20397,0,0.545993,0,0,0,0,1
E3-LS-p030,45.5875,-1,-1,ExactBaseline,0,0,0,0,1.20397,0,0.549226,0,0,0,0,0.994892
E3-LS-p030,45.5961,-1,-1,ExactBaseline,0,0,0,0,1.20397,0,0.97744,0,0,0,0,0.994892
E3-LS-p030,45.597,242,311,ExactBaseline,1,1,0.00202455,0.693147,1.20397,3,0.65456,0,0,0,0,0.997446
E3-LS-p030,45.5972,-1,-1,ExactBaseline,0,0,0,0,1.20397,0,0.842998,0,0,0,0,1
E3-LS-p030,45.6055,-1,-1,ExactBaseline,0,0,0,0,1.20397,0,0.171326,0,0,0,0,1
E3-LS-p030,45.6262,-1,-1,ExactBaseline,0,0,0,0,1.20397,0,0.074295,0,0,0,0,1
E3-LS-p030,45.6365,-1,-1,ExactBaseline,0,0,0,0,1.20397,0,1.09233,0,0,0,0,0.994892
E3-LS-p030,45.6418,-1,-1,ExactBaseline,0,0,0,0,1.20397,0,1.59593,0,0,0,0,0.997446
E3-LS-p030,45.6501,-1,-1,ExactBaseline,0,0,0,0,1.20397,0,0.800335,0,0,0,0,0.994892
E3-LS-p030,45.6516,-1,-1,ExactBaseline,0,0,0,0,1.20397,0,0.737219,0,0,0,0,1
E3-LS-p030,45.6559,-1,-1,ExactBaseline,0,0,0,0,1.20397,0,0.177148,0,0,0,0,0.997446
E3-LS-p030,45.6595,-1,-1,ExactBaseline,0,0,0,0,1.20397,0,0.67987,0,0,0,0,1
E3-LS-p030,45.6631,-1,-1,ExactBaseline,0,0,0,0,1.20397,0,0.656651,0,0,0,0,1
E3-LS-p030,45.6666,-1,-1,ExactBaseline,0,0,0,0,1.20397,0,0.62807,0,0,0,0,1
E3-LS-p030,45.6757,-1,-1,ExactBaseline,0,0,0,0,1.20397,0,1.11637,0,0,0,0,0.997446
E3-LS-p030,45.6776,-1,-1,ExactBaseline,0,0,0,0,1.20397,0,0.960867,0,0,0,0,1
E3-LS-p030,45.6786,-1,-1,ExactBaseline,0,0,0,0,1.20397,0,0.751484,0,0,0,0,1
E3-LS-p030,45.6803,-1,-1,ExactBaseline,0,0,0,0,1.20397,0,0.596803,0,0,0,0,0.996831
E3-LS-p030,45.6821,173,458,ExactBaseline,1,1,0.00197655,0.693147,1.20397,3,1.08962,0,0,0,0,0.994892
E3-LS-p030,45.6826,-1,-1,ExactBaseline,0,0,0,0,1.20397,0,0.758388,0,0,0,0,1
E3-LS-p030,45.6846,-1,-1,ExactBaseline,0,0,0,0,1.20397,0,0.595745,0,0,0,0,0.994892
E3-LS-p030,45.685,246,225,ExactBaseline,1,1,0.00204988,0.693147,1.20397,3,0.787018,0,0,0,0,0.997446
E3-LS-p030,45.6869,35,32,ExactBaseline,1,1,0.0020473,0.693147,1.20397,3,1.00059,0,0,0,0,0.989168
E3-LS-p030,45.6909,-1,-1,ExactBaseline,0,0,0,0,1.20397,0,0.912349,0,0,0,0,1
E3-LS-p030,45.6942,-1,-1,ExactBaseline,0,0,0,0,1.20397,0,0.552906,0,0,0,0,1
E3-LS-p030,45.6944,-1,-1,ExactBaseline,0,0,0,0,1.20397,0,0.503161,0,0,0,0,1
E3-LS-p030,45.6949,183,354,ExactBaseline,1,1,0.00218774,0.693147,1.20397,3,0.363026,0,0,0,0,0.994892
E3-LS-p030,45.6981,-1,-1,ExactBaseline,0,0,0,0,1.20397,0,0.835079,0,0,0,0,0.997446
E3-LS-p030,45.6981,-1,-1,ExactBaseline,0,0,0,0,1.20397,0,0.095864,0,0,0,0,1
E3-LS-p030,45.7015,-1,-1,ExactBaseline,0,0,0,0,1.20397,0,1.38104,0,0,0,0,0.997446
E3-LS-p030,45.7018,11,446,ExactBaseline,1,1,0.00364253,1.08091,1.20397,4,0.192433,0,0,0,0,0.999385
E3-LS-p030,45.7025,-1,-1,ExactBaseline,0,0,0,0,1.20397,0,0.023001,0,0,0,0,1
E3-LS-p030,45.7095,266,128,ExactBaseline,1,1,0.00202163,0.693147,1.20397,3,0.972559,0,0,0,0,0.994892
E3-LS-p030,45.7161,-1,-1,ExactBaseline,0,0,0,0,1.20397,0,1.37872,0,0,0,0,0.994892
E3-LS-p030,45.7168,-1,-1,ExactBaseline,0,0,0,0,1.20397,0,1.14415,0,0,0,0,0.994892
E3-LS-p030,45.7179,126,393,ExactBaseline,1,1,0.00206451,0.693147,1.20397,3,0.617417,0,0,0,0,0.994892
E3-LS-p030,45.7213,-1,-1,ExactBaseline,0,0,0,0,1.20397,0,0.307349,0,0,0,0,1
E3-LS-p030,45.725,-1,-1,ExactBaseline,0,0,0,0,1.20397,0,1.24513,0,0,0,0,0.992338
E3-LS-p030,45.7267,-1,-1,ExactBaseline,0,0,0,0,1.20397,0,0.068064,0,0,0,0,1
E3-LS-p030,45.7327,-1,-1,ExactBaseline,0,0,0,0,1.20397,0,0.066704,0,0,0,0,1
E3-LS-p030,45.7331,-1,-1,ExactBaseline,0,0,0,0,1.20397,0,0.357041,0,0,0,0,0.997446
E3-LS-p030,45.7354,-1,-1,ExactBaseline,0,0,0,0,1.20397,0,0.592757,0,0,0,0,1
E3-LS-p030,45.7359,-1,-1,ExactBaseline,0,0,0,0,1.20397,0,0.984696,0,0,0,0,1
E3-LS-p030,45.7398,27,338,ExactBaseline,1,1,0.00321388,1.08091,1.20397,4,0.99441,0,0,0,0,0.998769
E3-LS-p030,45.7501,-1,-1,ExactBaseline,0,0,0,0,1.20397,0,0.605739,0,0,0,0,0.994892
E3-LS-p030,45.7543,262,491,ExactBaseline,1,1,0.00196108,0.693147,1.20397,3,0.687775,0,0,0,0,0.994892
E3-LS-p030,45.7657,-1,-1,ExactBaseline,0,0,0,0,1.20397,0,0.709137,0,0,0,0,0.994892
E3-LS-p030,45.7683,-1,-1,ExactBaseline,0,0,0,0,1.20397,0,1.23531,0,0,0,0,0.998357
E3-LS-p030,45.7693,-1,-1,ExactBaseline,0,0,0,0,1.20397,0,1.06143,0,0,0,0,1
E3-LS-p030,45.7717,-1,-1,ExactBaseline,0,0,0,0,1.20397,0,0.81967,0,0,0,0,1
E3-LS-p030,45.7726,-1,-1,ExactBaseline,0,0,0,0,1.20397,0,0.77346,0,0,0,0,1
E3-LS-p030,45.7745,-1,-1,ExactBaseline,0,0,0,0,1.20397,0,0.148827,0,0,0,0,0.994892
E3-LS-p030,45.779,-1,-1,ExactBaseline,0,0,0,0,1.20397,0,0.561003,0,0,0,0,1
E3-LS-p030,45.7812,-1,-1,ExactBaseline,0,0,0,0,1.20397,0,0.682066,0,0,0,0,1
E3-LS-p030,45.7892,-1,-1,ExactBaseline,0,0,0,0,1.20397,0,0.603779,0,0,0,0,0.997446
E3-LS-p030,45.7909,-1,-1,ExactBaseline,0,0,0,0,1.20397,0,0.349688,0,0,0,0,0.997446
E3-LS-p030,45.7917,-1,-1,ExactBaseline,0,0,0,0,1.20397,0,1.19401,0,0,0,0,1
E3-LS-p030,45.801,-1,-1,ExactBaseline,0,0,0,0,1.20397,0,0.511161,0,0,0,0,1
E3-LS-p030,45.8057,-1,-1,ExactBaseline,0,0,0,0,1.20397,0,0.441092,0,0,0,0,1
E3-LS-p030,45.8096,-1,-1,ExactBaseline,0,0,0,0,1.20397,0,0.209891,0,0,0,0,0.997446
E3-LS-p030,45.8105,284,487,ExactBaseline,1,1,0.00243954,0.693147,1.20397,3,0.786495,0,0,0,0,0.992338
E3-LS-p030,45.8192,-1,-1,ExactBaseline,0,0,0,0,1.20397,0,0.990777,0,0,0,0,1
E3-LS-p030,45.8206,-1,-1,ExactBaseline,0,0,0,0,1.20397,0,0.428378,0,0,0,0,1
E3-LS-p030,45.8216,-1,-1,ExactBaseline,0,0,0,0,1.20397,0,1.30362,0,0,0,0,1
E3-LS-p030,45.8236,-1,-1,ExactBaseline,0,0,0,0,1.20397,0,1.14355,0,0,0,0,0.990811
E3-LS-p030,45.827,-1,-1,ExactBaseline,0,0,0,0,1.20397,0,0.928071,0,0,0,0,0.994892
E3-LS-p030,45.8346,-1,-1,ExactBaseline,0,0,0,0,1.20397,0,0.220852,0,0,0,0,1
E3-LS-p030,45.8348,-1,-1,ExactBaseline,0,0,0,0,1.20397,0,0.06382,0,0,0,0,1
E3-LS-p030,45.8383,-1,-1,ExactBaseline,0,0,0,0,1.20397,0,0.474604,0,0,0,0,0.992338
E3-LS-p030,45.8393,-1,-1,ExactBaseline,0,0,0,0,1.20397,0,1.25164,0,0,0,0,1
E3-LS-p030,45.8467,-1,-1,ExactBaseline,0,0,0,0,1.20397,0,0.903474,0,0,0,0,1
E3-LS-p030,45.847,-1,-1,ExactBaseline,0,0,0,0,1.20397,0,1.11558,0,0,0,0,0.998357
E3-LS-p030,45.8552,-1,-1,ExactBaseline,0,0,0,0,1.20397,0,1.07319,0,0,0,0,1
E3-LS-p030,45.8562,-1,-1,ExactBaseline,0,0,0,0,1.20397,0,0.447292,0,0,0,0,1
E3-LS-p030,45.8602,-1,-1,ExactBaseline,0,0,0,0,1.20397,0,0.957874,0,0,0,0,0.997446
E3-LS-p030,45.8612,-1,-1,ExactBaseline,0,0,0,0,1.20397,0,0.968492,0,0,0,0,0.997446
E3-LS-p030,45.8632,-1,-1,ExactBaseline,0,0,0,0,1.20397,0,1.50273,0,0,0,0,0.998769
E3-LS-p030,45.8635,-1,-1,ExactBaseline,0,0,0,0,1.20397,0,0.327088,0,0,0,0,1
E3-LS-p030,45.8659,-1,-1,ExactBaseline,0,0,0,0,1.20397,0,0.944933,0,0,0,0,0.997446
E3-LS-p030,45.87,-1,-1,ExactBaseline,0,0,0,0,1.20397,0,1.34122,0,0,0,0,0.997446
E3-LS-p030,45.8787,-1,-1,ExactBaseline,0,0,0,0,1.20397,0,0.888725,0,0,0,0,0.997446
E3-LS-p030,45.8791,58,156,ExactBaseline,1,1,0.00195678,0.693147,1.20397,3,1.25826,0,0,0,0,0.98406
E3-LS-p030,45.8833,-1,-1,ExactBaseline,0,0,0,0,1.20397,0,1.26878,0,0,0,0,0.994892
E3-LS-p030,45.8863,-1,-1,ExactBaseline,0,0,0,0,1.20397,0,0.442407,0,0,0,0,1
E3-LS-p030,45.8973,-1,-1,ExactBaseline,0,0,0,0,1.20397,0,0.046617,0,0,0,0,0.997446
E3-LS-p030,45.8993,-1,-1,ExactBaseline,0,0,0,0,1.20397,0,0.089278,0,0,0,0,1
E3-LS-p030,45.9,-1,-1,ExactBaseline,0,0,0,0,1.20397,0,0.324128,0,0,0,0,1
E3-LS-p030,45.9018,464,291,ExactBaseline,1,1,0.0019796,0.693147,1.20397,3,1.04373,0,0,0,0,0.997446
E3-LS-p030,45.9217,-1,-1,ExactBaseline,0,0,0,0,1.20397,0,1.19258,0,0,0,0,1
E3-LS-p030,45.9231,-1,-1,ExactBaseline,0,0,0,0,1.20397,0,1.03962,0,0,0,0,1
E3-LS-p030,45.9248,-1,-1,ExactBaseline,0,0,0,0,1.20397,0,1.06066,0,0,0,0,1
E3-LS-p030,45.9258,-1,-1,ExactBaseline,0,0,0,0,1.20397,0,0.026482,0,0,0,0,1
E3-LS-p030,45.9261,-1,-1,ExactBaseline,0,0,0,0,1.20397,0,0.057045,0,0,0,0,1
E3-LS-p030,45.928,-1,-1,ExactBaseline,0,0,0,0,1.20397,0,0.813404,0,0,0,0,0.997446
E3-LS-p030,45.9366,342,444,ExactBaseline,1,1,0.00196146,0.693147,1.20397,3,1.39447,0,0,0,0,0.997446
E3-LS-p030,45.9403,-1,-1,ExactBaseline,0,0,0,0,1.20397,0,0.056546,0,0,0,0,1
E3-LS-p030,45.9448,-1,-1,ExactBaseline,0,0,0,0,1.20397,0,0.055293,0,0,0,0,1
E3-LS-p030,45.9469,-1,-1,ExactBaseline,0,0,0,0,1.20397,0,0.110899,0,0,0,0,1
E3-LS-p030,45.9525,-1,-1,ExactBaseline,0,0,0,0,1.20397,0,0.3701,0,0,0,0,0.997446
E3-LS-p030,45.9584,-1,-1,ExactBaseline,0,0,0,0,1.20397,0,0.830517,0,0,0,0,0.997446
E3-LS-p030,45.9634,-1,-1,ExactBaseline,0,0,0,0,1.20397,0,0.24467,0,0,0,0,1
E3-LS-p030,45.9637,-1,-1,ExactBaseline,0,0,0,0,1.20397,0,0.471604,0,0,0,0,1
E3-LS-p030,45.9719,-1,-1,ExactBaseline,0,0,0,0,1.20397,0,2.2598,0,0,0,0,0.991519
E3-LS-p030,45.981,-1,-1,ExactBaseline,0,0,0,0,1.20397,0,0.555076,0,0,0,0,1
E3-LS-p030,45.9815,-1,-1,ExactBaseline,0,0,0,0,1.20397,0,0.626188,0,0,0,0,0.997446
E3-LS-p030,45.9821,-1,-1,ExactBaseline,0,0,0,0,1.20397,0,0.17525,0,0,0,0,0.997446
E3-LS-p030,45.9866,-1,-1,ExactBaseline,0,0,0,0,1.20397,0,0.302019,0,0,0,0,1
E3-LS-p030,45.9879,-1,-1,ExactBaseline,0,0,0,0,1.20397,0,0.987392,0,0,0,0,1
E3-LS-p030,46.002,-1,-1,ExactBaseline,0,0,0,0,1.20397,0,0.844518,0,0,0,0,1
E3-LS-p030,46.0054,-1,-1,ExactBaseline,0,0,0,0,1.20397,0,1.25925,0,0,0,0,1
E3-LS-p030,46.0059,-1,-1,ExactBaseline,0,0,0,0,1.20397,0,0.558077,0,0,0,0,1
E3-LS-p030,46.0077,-1,-1,ExactBaseline,0,0,0,0,1.20397,0,0.541902,0,0,0,0,1
E3-LS-p030,46.0119,-1,-1,ExactBaseline,0,0,0,0,1.20397,0,0.709542,0,0,0,0,0.997446
E3-LS-p030,46.0153,-1,-1,ExactBaseline,0,0,0,0,1.20397,0,1.87329,0,0,0,0,0.99275
E3-LS-p030,46.0171,24,63,ExactBaseline,1,1,0.00243345,0.693147,1.20397,3,0.744716,0,0,0,0,0.997242
E3-LS-p030,46.0189,-1,-1,ExactBaseline,0,0,0,0,1.20397,0,0.53542,0,0,0,0,1
E3-LS-p030,46.0191,-1,-1,ExactBaseline,0,0,0,0,1.20397,0,0.578205,0,0,0,0,0.994892
E3-LS-p030,46.0214,-1,-1,ExactBaseline,0,0,0,0,1.20397,0,0.034061,0,0,0,0,1
E3-LS-p030,46.0261,-1,-1,ExactBaseline,0,0,0,0,1.20397,0,0.218007,0,0,0,0,0.997446
E3-LS-p030,46.0262,-1,-1,ExactBaseline,0,0,0,0,1.20397,0,0.25814,0,0,0,0,1
E3-LS-p030,46.0273,-1,-1,ExactBaseline,0,0,0,0,1.20397,0,0.735302,0,0,0,0,0.996215
E3-LS-p030,46.0348,-1,-1,ExactBaseline,0,0,0,0,1.20397,0,0.145891,0,0,0,0,1
E3-LS-p030,46.0396,29,290,ExactBaseline,1,1,0.00239648,0.693147,1.20397,3,0.447598,0,0,0,0,0.997446
E3-LS-p030,46.0461,-1,-1,ExactBaseline,0,0,0,0,1.20397,0,0.560709,0,0,0,0,0.997446
E3-LS-p030,46.0496,-1,-1,ExactBaseline,0,0,0,0,1.20397,0,0.166267,0,0,0,0,1
E3-LS-p030,46.0519,-1,-1,ExactBaseline,0,0,0,0,1.20397,0,0.7271,0,0,0,0,0.997446
E3-LS-p030,46.0547,-1,-1,ExactBaseline,0,0,0,0,1.20397,0,0.556844,0,0,0,0,0.997446
E3-LS-p030,46.0571,288,284,ExactBaseline,1,1,0.00218986,0.693147,1.20397,3,0.401775,0,0,0,0,0.997446
E3-LS-p030,46.058,-1,-1,ExactBaseline,0,0,0,0,1.20397,0,0.563617,0,0,0,0,1
E3-LS-p030,46.0581,-1,-1,ExactBaseline,0,0,0,0,1.20397,0,1.29957,0,0,0,0,0.997446
E3-LS-p030,46.0584,-1,-1,ExactBaseline,0,0,0,0,1.20397,0,0.812531,0,0,0,0,1
E3-LS-p030,46.0605,-1,-1,ExactBaseline,0,0,0,0,1.20397,0,0.318753,0,0,0,0,0.997446
E3-LS-p030,46.0612,-1,-1,ExactBaseline,0,0,0,0,1.20397,0,0.639739,0,0,0,0,1
E3-LS-p030,46.0722,-1,-1,ExactBaseline,0,0,0,0,1.20397,0,0.743699,0,0,0,0,0.997446
E3-LS-p030,46.0753,-1,-1,ExactBaseline,0,0,0,0,1.20397,0,0.778122,0,0,0,0,1
E3-LS-p030,46.0756,-1,-1,ExactBaseline,0,0,0,0,1.20397,0,0.405704,0,0,0,0,1
E3-LS-p030,46.0799,-1,-1,ExactBaseline,0,0,0,0,1.20397,0,0.53053,0,0,0,0,1
E3-LS-p030,46.0816,-1,-1,ExactBaseline,0,0,0,0,1.20397,0,0.363965,0,0,0,0,1
E3-LS-p030,46.0981,211,114,ExactBaseline,1,1,0.0024029,0.693147,1.20397,3,0.666842,0,0,0,0,0.994892
E3-LS-p030,46.0981,-1,-1,ExactBaseline,0,0,0,0,1.20397,0,0.349883,0,0,0,0,0.997446
E3-LS-p030,46.0994,-1,-1,ExactBaseline,0,0,0,0,1.20397,0,0.629137,0,0,0,0,0.997446
E3-LS-p030,46.1025,-1,-1,ExactBaseline,0,0,0,0,1.20397,0,0.586384,0,0,0,0,0.994892
E3-LS-p030,46.1084,-1,-1,ExactBaseline,0,0,0,0,1.20397,0,0.237879,0,0,0,0,1
E3-LS-p030,46.1207,-1,-1,ExactBaseline,0,0,0,0,1.20397,0,0.044971,0,0,0,0,1
E3-LS-p030,46.1253,-1,-1,ExactBaseline,0,0,0,0,1.20397,0,0.652415,0,0,0,0,1
E3-LS-p030,46.1282,-1,-1,ExactBaseline,0,0,0,0,1.20397,0,0.075887,0,0,0,0,1
E3-LS-p030,46.1299,-1,-1,ExactBaseline,0,0,0,0,1.20397,0,0.55052,0,0,0,0,1
E3-LS-p030,46.1384,283,469,ExactBaseline,1,1,0.0021723,0.693147,1.20397,3,0.816179,0,0,0,0,0.997446
E3-LS-p030,46.143,-1,-1,ExactBaseline,0,0,0,0,1.20397,0,1.28933,0,0,0,0,1
E3-LS-p030,46.1544,339,540,ExactBaseline,1,1,0.00194031,0.693147,1.20397,3,0.799139,0,0,0,0,0.997446
E3-LS-p030,46.1593,-1,-1,ExactBaseline,0,0,0,0,1.20397,0,0.755006,0,0,0,0,1
E3-LS-p030,46.1666,-1,-1,ExactBaseline,0,0,0,0,1.20397,0,1.29334,0,0,0,0,0.997816
E3-LS-p030,46.168,-1,-1,ExactBaseline,0,0,0,0,1.20397,0,1.27554,0,0,0,0,1
E3-LS-p030,46.1683,-1,-1,ExactBaseline,0,0,0,0,1.20397,0,0.174807,0,0,0,0,1
E3-LS-p030,46.1691,-1,-1,ExactBaseline,0,0,0,0,1.20397,0,0.118755,0,0,0,0,1
E3-LS-p030,46.1728,-1,-1,ExactBaseline,0,0,0,0,1.20397,0,0.425243,0,0,0,0,1
E3-LS-p030,46.1758,-1,-1,ExactBaseline,0,0,0,0,1.20397,0,0.057303,0,0,0,0,1
E3-LS-p030,46.1793,-1,-1,ExactBaseline,0,0,0,0,1.20397,0,0.042643,0,0,0,0,1
E3-LS-p030,46.1833,-1,-1,ExactBaseline,0,0,0,0,1.20397,0,0.516808,0,0,0,0,0.994892
E3-LS-p030,46.1834,-1,-1,ExactBaseline,0,0,0,0,1.20397,0,1.30016,0,0,0,0,0.994276
E3-LS-p030,46.1837,-1,-1,ExactBaseline,0,0,0,0,1.20397,0,0.547434,0,0,0,0,0.994892
E3-LS-p030,46.2045,-1,-1,ExactBaseline,0,0,0,0,1.20397,0,0.750484,0,0,0,0,1
E3-LS-p030,46.2083,-1,-1,ExactBaseline,0,0,0,0,1.20397,0,0.971068,0,0,0,0,0.997446
E3-LS-p030,46.2088,-1,-1,ExactBaseline,0,0,0,0,1.20397,0,1.59892,0,0,0,0,1
E3-LS-p030,46.2109,-1,-1,ExactBaseline,0,0,0,0,1.20397,0,0.626491,0,0,0,0,0.996215
E3-LS-p030,46.2147,219,237,ExactBaseline,1,1,0.00243364,0.693147,1.20397,3,0.825875,0,0,0,0,0.992338
E3-LS-p030,46.2149,-1,-1,ExactBaseline,0,0,0,0,1.20397,0,1.42974,0,0,0,0,1
E3-LS-p030,46.2234,-1,-1,ExactBaseline,0,0,0,0,1.20397,0,0.871377,0,0,0,0,1
E3-LS-p030,46.232,-1,-1,ExactBaseline,0,0,0,0,1.20397,0,0.157472,0,0,0,0,1
E3-LS-p030,46.2357,-1,-1,ExactBaseline,0,0,0,0,1.20397,0,0.103664,0,0,0,0,1
E3-LS-p030,46.2389,-1,-1,ExactBaseline,0,0,0,0,1.20397,0,0.101386,0,0,0,0,1
E3-LS-p030,46.2418,-1,-1,ExactBaseline,0,0,0,0,1.20397,0,0.609303,0,0,0,0,1
E3-LS-p030,46.2497,-1,-1,ExactBaseline,0,0,0,0,1.20397,0,0.278313,0,0,0,0,1
E3-LS-p030,46.2501,-1,-1,ExactBaseline,0,0,0,0,1.20397,0,0.076634,0,0,0,0,1
E3-LS-p030,46.2538,-1,-1,ExactBaseline,0,0,0,0,1.20397,0,0.656232,0,0,0,0,1
E3-LS-p030,46.2636,-1,-1,ExactBaseline,0,0,0,0,1.20397,0,1.20111,0,0,0,0,0.997446
E3-LS-p030,46.2779,-1,-1,ExactBaseline,0,0,0,0,1.20397,0,1.44708,0,0,0,0,0.997446
E3-LS-p030,46.2827,-1,-1,ExactBaseline,0,0,0,0,1.20397,0,0.667926,0,0,0,0,1
E3-LS-p030,46.2905,-1,-1,ExactBaseline,0,0,0,0,1.20397,0,0.656858,0,0,0,0,1
E3-LS-p030,46.2965,-1,-1,ExactBaseline,0,0,0,0,1.20397,0,1.19063,0,0,0,0,1
E3-LS-p030,46.302,-1,-1,ExactBaseline,0,0,0,0,1.20397,0,1.10145,0,0,0,0,0.994161
E3-LS-p030,46.3072,-1,-1,ExactBaseline,0,0,0,0,1.20397,0,0.860086,0,0,0,0,0.994892
E3-LS-p030,46.3166,-1,-1,ExactBaseline,0,0,0,0,1.20397,0,1.15011,0,0,0,0,0.997446
E3-LS-p030,46.3199,-1,-1,ExactBaseline,0,0,0,0,1.20397,0,0.018654,0,0,0,0,1
E3-LS-p030,46.3215,-1,-1,ExactBaseline,0,0,0,0,1.20397,0,1.03267,0,0,0,0,1
E3-LS-p030,46.3224,-1,-1,ExactBaseline,0,0,0,0,1.20397,0,1.37746,0,0,0,0,1
E3-LS-p030,46.3245,-1,-1,ExactBaseline,0,0,0,0,1.20397,0,1.92056,0,0,0,0,0.997446
E3-LS-p030,46.3268,-1,-1,ExactBaseline,0,0,0,0,1.20397,0,0.240321,0,0,0,0,1
E3-LS-p030,46.3271,-1,-1,ExactBaseline,0,0,0,0,1.20397,0,0.937434,0,0,0,0,1
E3-LS-p030,46.3289,-1,-1,ExactBaseline,0,0,0,0,1.20397,0,0.635229,0,0,0,0,1
E3-LS-p030,46.3318,-1,-1,ExactBaseline,0,0,0,0,1.20397,0,0.36738,0,0,0,0,0.992338
E3-LS-p030,46.3335,-1,-1,ExactBaseline,0,0,0,0,1.20397,0,0.617753,0,0,0,0,1
E3-LS-p030,46.3385,-1,-1,ExactBaseline,0,0,0,0,1.20397,0,0.792979,0,0,0,0,1
E3-LS-p030,46.3412,-1,-1,ExactBaseline,0,0,0,0,1.20397,0,0.767949,0,0,0,0,1
E3-LS-p030,46.3419,-1,-1,ExactBaseline,0,0,0,0,1.20397,0,2.1197,0,0,0,0,0.998769
E3-LS-p030,46.3441,-1,-1,ExactBaseline,0,0,0,0,1.20397,0,0.086473,0,0,0,0,1
E3-LS-p030,46.3505,-1,-1,ExactBaseline,0,0,0,0,1.20397,0,0.047853,0,0,0,0,1
E3-LS-p030,46.3701,-1,-1,ExactBaseline,0,0,0,0,1.20397,0,1.32387,0,0,0,0,1
E3-LS-p030,46.373,-1,-1,ExactBaseline,0,0,0,0,1.20397,0,0.990037,0,0,0,0,1
E3-LS-p030,46.3812,-1,-1,ExactBaseline,0,0,0,0,1.20397,0,0.602371,0,0,0,0,1
E3-LS-p030,46.3814,-1,-1,ExactBaseline,0,0,0,0,1.20397,0,0.125101,0,0,0,0,1
E3-LS-p030,46.3826,157,583,ExactBaseline,1,1,0.00194211,0.693147,1.20397,3,0.300889,0,0,0,0,0.992338
E3-LS-p030,46.3841,-1,-1,ExactBaseline,0,0,0,0,1.20397,0,0.142065,0,0,0,0,0.997446
E3-LS-p030,46.3895,-1,-1,ExactBaseline,0,0,0,0,1.20397,0,0.479132,0,0,0,0,1
E3-LS-p030,46.3916,-1,-1,ExactBaseline,0,0,0,0,1.20397,0,0.550074,0,0,0,0,0.997446
E3-LS-p030,46.3957,-1,-1,ExactBaseline,0,0,0,0,1.20397,0,0.301575,0,0,0,0,1
E3-LS-p030,46.3983,-1,-1,ExactBaseline,0,0,0,0,1.20397,0,0.420679,0,0,0,0,1
E3-LS-p030,46.4072,-1,-1,ExactBaseline,0,0,0,0,1.20397,0,0.167977,0,0,0,0,1
E3-LS-p030,46.4081,-1,-1,ExactBaseline,0,0,0,0,1.20397,0,0.344069,0,0,0,0,1
E3-LS-p030,46.4105,-1,-1,ExactBaseline,0,0,0,0,1.20397,0,0.090038,0,0,0,0,1
E3-LS-p030,46.4142,261,453,ExactBaseline,1,1,0.00195776,0.693147,1.20397,3,0.611757,0,0,0,0,0.997446
E3-LS-p030,46.4169,-1,-1,ExactBaseline,0,0,0,0,1.20397,0,0.865094,0,0,0,0,1
E3-LS-p030,46.4308,-1,-1,ExactBaseline,0,0,0,0,1.20397,0,0.109262,0,0,0,0,1
E3-LS-p030,46.4425,-1,-1,ExactBaseline,0,0,0,0,1.20397,0,0.03895,0,0,0,0,1
E3-LS-p030,46.4493,-1,-1,ExactBaseline,0,0,0,0,1.20397,0,0.862574,0,0,0,0,1
E3-LS-p030,46.4504,-1,-1,ExactBaseline,0,0,0,0,1.20397,0,0.902906,0,0,0,0,1
E3-LS-p030,46.4532,-1,-1,ExactBaseline,0,0,0,0,1.20397,0,0.562117,0,0,0,0,0.994892
E3-LS-p030,46.4538,-1,-1,ExactBaseline,0,0,0,0,1.20397,0,0.449514,0,0,0,0,0.997446
E3-LS-p030,46.4663,-1,-1,ExactBaseline,0,0,0,0,1.20397,0,0.120204,0,0,0,0,0.997446
E3-LS-p030,46.4682,-1,-1,ExactBaseline,0,0,0,0,1.20397,0,0.284779,0,0,0,0,1
E3-LS-p030,46.4689,-1,-1,ExactBaseline,0,0,0,0,1.20397,0,1.23233,0,0,0,0,1
E3-LS-p030,46.4716,-1,-1,ExactBaseline,0,0,0,0,1.20397,0,0.846163,0,0,0,0,1
E3-LS-p030,46.4806,-1,-1,ExactBaseline,0,0,0,0,1.20397,0,0.083092,0,0,0,0,1
E3-LS-p030,46.4809,-1,-1,ExactBaseline,0,0,0,0,1.20397,0,1.10275,0,0,0,0,0.996831
E3-LS-p030,46.4816,-1,-1,ExactBaseline,0,0,0,0,1.20397,0,0.172309,0,0,0,0,0.997446
E3-LS-p030,46.4933,-1,-1,ExactBaseline,0,0,0,0,1.20397,0,1.24529,0,0,0,0,1
E3-LS-p030,46.4985,-1,-1,ExactBaseline,0,0,0,0,1.20397,0,0.232616,0,0,0,0,1
E3-LS-p030,46.501,-1,-1,ExactBaseline,0,0,0,0,1.20397,0,0.640243,0,0,0,0,1
E3-LS-p030,46.501,-1,-1,ExactBaseline,0,0,0,0,1.20397,0,0.570303,0,0,0,0,0.994892
E3-LS-p030,46.5044,-1,-1,ExactBaseline,0,0,0,0,1.20397,0,0.480096,0,0,0,0,1
E3-LS-p030,46.5046,-1,-1,ExactBaseline,0,0,0,0,1.20397,0,0.344145,0,0,0,0,1
E3-LS-p030,46.5077,-1,-1,ExactBaseline,0,0,0,0,1.20397,0,0.068085,0,0,0,0,1
E3-LS-p030,46.5125,-1,-1,ExactBaseline,0,0,0,0,1.20397,0,0.639556,0,0,0,0,1
E3-LS-p030,46.5138,-1,-1,ExactBaseline,0,0,0,0,1.20397,0,0.401184,0,0,0,0,1
E3-LS-p030,46.5148,-1,-1,ExactBaseline,0,0,0,0,1.20397,0,0.550613,0,0,0,0,0.997446
E3-LS-p030,46.5245,-1,-1,ExactBaseline,0,0,0,0,1.20397,0,0.541508,0,0,0,0,0.997446
E3-LS-p030,46.525,-1,-1,ExactBaseline,0,0,0,0,1.20397,0,0.072316,0,0,0,0,1
E3-LS-p030,46.5252,-1,-1,ExactBaseline,0,0,0,0,1.20397,0,0.895541,0,0,0,0,1
E3-LS-p030,46.5295,-1,-1,ExactBaseline,0,0,0,0,1.20397,0,0.49688,0,0,0,0,1
E3-LS-p030,46.5309,-1,-1,ExactBaseline,0,0,0,0,1.20397,0,1.00057,0,0,0,0,1
E3-LS-p030,46.541,-1,-1,ExactBaseline,0,0,0,0,1.20397,0,0.046696,0,0,0,0,1
E3-LS-p030,46.568,-1,-1,ExactBaseline,0,0,0,0,1.20397,0,0.146037,0,0,0,0,1
E3-LS-p030,46.5684,119,38,ExactBaseline,1,1,0.00201057,0.693147,1.20397,3,2.01547,0,0,0,0,0.992338
E3-LS-p030,46.5702,-1,-1,ExactBaseline,0,0,0,0,1.20397,0,1.15035,0,0,0,0,1
E3-LS-p030,46.5742,-1,-1,ExactBaseline,0,0,0,0,1.20397,0,0.76634,0,0,0,0,1
E3-LS-p030,46.5853,199,202,ExactBaseline,1,1,0.00242094,0.693147,1.20397,3,1.00232,0,0,0,0,0.997446
E3-LS-p030,46.5871,-1,-1,ExactBaseline,0,0,0,0,1.20397,0,0.217475,0,0,0,0,1
E3-LS-p030,46.5881,-1,-1,ExactBaseline,0,0,0,0,1.20397,0,0.41376,0,0,0,0,1
E3-LS-p030,46.5908,-1,-1,ExactBaseline,0,0,0,0,1.20397,0,0.057197,0,0,0,0,1
E3-LS-p030,46.5926,-1,-1,ExactBaseline,0,0,0,0,1.20397,0,0.444284,0,0,0,0,1
E3-LS-p030,46.5934,-1,-1,ExactBaseline,0,0,0,0,1.20397,0,0.605168,0,0,0,0,1
E3-LS-p030,46.6015,-1,-1,ExactBaseline,0,0,0,0,1.20397,0,0.937066,0,0,0,0,1
E3-LS-p030,46.602,-1,-1,ExactBaseline,0,0,0,0,1.20397,0,1.25363,0,0,0,0,1
E3-LS-p030,46.6026,-1,-1,ExactBaseline,0,0,0,0,1.20397,0,0.75464,0,0,0,0,0.994276
E3-LS-p030,46.6054,-1,-1,ExactBaseline,0,0,0,0,1.20397,0,0.523934,0,0,0,0,1
E3-LS-p030,46.6118,-1,-1,ExactBaseline,0,0,0,0,1.20397,0,0.251774,0,0,0,0,1
E3-LS-p030,46.6137,-1,-1,ExactBaseline,0,0,0,0,1.20397,0,1.18201,0,0,0,0,0.997446
E3-LS-p030,46.6161,-1,-1,ExactBaseline,0,0,0,0,1.20397,0,0.907963,0,0,0,0,0.997446
E3-LS-p030,46.6161,-1,-1,ExactBaseline,0,0,0,0,1.20397,0,0.719223,0,0,0,0,1
E3-LS-p030,46.6173,-1,-1,ExactBaseline,0,0,0,0,1.20397,0,1.13138,0,0,0,0,1
E3-LS-p030,46.6323,-1,-1,ExactBaseline,0,0,0,0,1.20397,0,0.561586,0,0,0,0,1
E3-LS-p030,46.6336,-1,-1,ExactBaseline,0,0,0,0,1.20397,0,0.106439,0,0,0,0,0.997446
E3-LS-p030,46.6379,-1,-1,ExactBaseline,0,0,0,0,1.20397,0,0.811005,0,0,0,0,0.994892
E3-LS-p030,46.6444,-1,-1,ExactBaseline,0,0,0,0,1.20397,0,0.082012,0,0,0,0,1
E3-LS-p030,46.6485,-1,-1,ExactBaseline,0,0,0,0,1.20397,0,0.617877,0,0,0,0,1
E3-LS-p030,46.6521,-1,-1,ExactBaseline,0,0,0,0,1.20397,0,0.557853,0,0,0,0,0.994892
E3-LS-p030,46.6603,-1,-1,ExactBaseline,0,0,0,0,1.20397,0,2.88432,0,0,0,0,1
E3-LS-p030,46.6642,-1,-1,ExactBaseline,0,0,0,0,1.20397,0,0.668586,0,0,0,0,1
E3-LS-p030,46.6686,-1,-1,ExactBaseline,0,0,0,0,1.20397,0,1.27399,0,0,0,0,0.997446
E3-LS-p030,46.6745,-1,-1,ExactBaseline,0,0,0,0,1.20397,0,0.01451,0,0,0,0,1
E3-LS-p030,46.6751,-1,-1,ExactBaseline,0,0,0,0,1.20397,0,0.945365,0,0,0,0,1
E3-LS-p030,46.6773,-1,-1,ExactBaseline,0,0,0,0,1.20397,0,0.617557,0,0,0,0,0.992478
E3-LS-p030,46.6791,-1,-1,ExactBaseline,0,0,0,0,1.20397,0,0.786757,0,0,0,0,1
E3-LS-p030,46.6791,-1,-1,ExactBaseline,0,0,0,0,1.20397,0,0.610689,0,0,0,0,1
E3-LS-p030,46.6879,-1,-1,ExactBaseline,0,0,0,0,1.20397,0,0.098196,0,0,0,0,1
E3-LS-p030,46.6888,-1,-1,ExactBaseline,0,0,0,0,1.20397,0,0.453177,0,0,0,0,1
E3-LS-p030,46.6898,-1,-1,ExactBaseline,0,0,0,0,1.20397,0,1.20791,0,0,0,0,0.997446
E3-LS-p030,46.6947,-1,-1,ExactBaseline,0,0,0,0,1.20397,0,0.74581,0,0,0,0,1
E3-LS-p030,46.7003,-1,-1,ExactBaseline,0,0,0,0,1.20397,0,0.402846,0,0,0,0,1
E3-LS-p030,46.7076,-1,-1,ExactBaseline,0,0,0,0,1.20397,0,0.26931,0,0,0,0,0.997446
E3-LS-p030,46.71,-1,-1,ExactBaseline,0,0,0,0,1.20397,0,0.315072,0,0,0,0,1
E3-LS-p030,46.7118,-1,-1,ExactBaseline,0,0,0,0,1.20397,0,0.116819,0,0,0,0,1
E3-LS-p030,46.7157,-1,-1,ExactBaseline,0,0,0,0,1.20397,0,0.792951,0,0,0,0,0.997446
E3-LS-p030,46.7291,-1,-1,ExactBaseline,0,0,0,0,1.20397,0,0.959562,0,0,0,0,0.997446
E3-LS-p030,46.7297,-1,-1,ExactBaseline,0,0,0,0,1.20397,0,0.03405,0,0,0,0,1
E3-LS-p030,46.7309,-1,-1,ExactBaseline,0,0,0,0,1.20397,0,0.646583,0,0,0,0,0.997446
E3-LS-p030,46.7337,-1,-1,ExactBaseline,0,0,0,0,1.20397,0,0.269526,0,0,0,0,0.997446
E3-LS-p030,46.7364,-1,-1,ExactBaseline,0,0,0,0,1.20397,0,0.828461,0,0,0,0,1
E3-LS-p030,46.7471,-1,-1,ExactBaseline,0,0,0,0,1.20397,0,0.329274,0,0,0,0,1
E3-LS-p030,46.7478,-1,-1,ExactBaseline,0,0,0,0,1.20397,0,0.565802,0,0,0,0,1
E3-LS-p030,46.7548,-1,-1,ExactBaseline,0,0,0,0,1.20397,0,0.112308,0,0,0,0,1
E3-LS-p030,46.756,-1,-1,ExactBaseline,0,0,0,0,1.20397,0,0.796853,0,0,0,0,1
E3-LS-p030,46.7643,-1,-1,ExactBaseline,0,0,0,0,1.20397,0,1.22622,0,0,0,0,0.997446
E3-LS-p030,46.7644,-1,-1,ExactBaseline,0,0,0,0,1.20397,0,1.37034,0,0,0,0,1
E3-LS-p030,46.7716,-1,-1,ExactBaseline,0,0,0,0,1.20397,0,0.839565,0,0,0,0,0.997446
E3-LS-p030,46.7739,-1,-1,ExactBaseline,0,0,0,0,1.20397,0,1.3428,0,0,0,0,0.997446
E3-LS-p030,46.7767,-1,-1,ExactBaseline,0,0,0,0,1.20397,0,0.716193,0,0,0,0,0.997446
E3-LS-p030,46.7769,-1,-1,ExactBaseline,0,0,0,0,1.20397,0,0.009114,0,0,0,0,1
E3-LS-p030,46.7786,-1,-1,ExactBaseline,0,0,0,0,1.20397,0,0.22786,0,0,0,0,1
E3-LS-p030,46.7823,-1,-1,ExactBaseline,0,0,0,0,1.20397,0,0.892227,0,0,0,0,0.997446
E3-LS-p030,46.7889,-1,-1,ExactBaseline,0,0,0,0,1.20397,0,0.089892,0,0,0,0,1
E3-LS-p030,46.7959,-1,-1,ExactBaseline,0,0,0,0,1.20397,0,0.307428,0,0,0,0,0.997446
E3-LS-p030,46.8089,-1,-1,ExactBaseline,0,0,0,0,1.20397,0,0.959291,0,0,0,0,0.995803
E3-LS-p030,46.8129,-1,-1,ExactBaseline,0,0,0,0,1.20397,0,0.591641,0,0,0,0,1
E3-LS-p030,46.8131,-1,-1,ExactBaseline,0,0,0,0,1.20397,0,0.220148,0,0,0,0,1
E3-LS-p030,46.8148,396,259,ExactBaseline,1,1,0.00193468,0.693147,1.20397,3,0.782368,0,0,0,0,0.997446
E3-LS-p030,46.8149,-1,-1,ExactBaseline,0,0,0,0,1.20397,0,0.523219,0,0,0,0,0.999385
E3-LS-p030,46.8211,-1,-1,ExactBaseline,0,0,0,0,1.20397,0,0.775567,0,0,0,0,1
E3-LS-p030,46.8276,-1,-1,ExactBaseline,0,0,0,0,1.20397,0,0.977322,0,0,0,0,1
E3-LS-p030,46.8287,-1,-1,ExactBaseline,0,0,0,0,1.20397,0,0.72346,0,0,0,0,0.998769
E3-LS-p030,46.8364,-1,-1,ExactBaseline,0,0,0,0,1.20397,0,0.051615,0,0,0,0,1
E3-LS-p030,46.8407,-1,-1,ExactBaseline,0,0,0,0,1.20397,0,1.06272,0,0,0,0,1
E3-LS-p030,46.8439,-1,-1,ExactBaseline,0,0,0,0,1.20397,0,0.076843,0,0,0,0,1
E3-LS-p030,46.8466,-1,-1,ExactBaseline,0,0,0,0,1.20397,0,0.122273,0,0,0,0,1
E3-LS-p030,46.8476,-1,-1,ExactBaseline,0,0,0,0,1.20397,0,0.063998,0,0,0,0,1
E3-LS-p030,46.8537,-1,-1,ExactBaseline,0,0,0,0,1.20397,0,0.32561,0,0,0,0,1
E3-LS-p030,46.8547,-1,-1,ExactBaseline,0,0,0,0,1.20397,0,0.870167,0,0,0,0,0.997446
E3-LS-p030,46.8562,-1,-1,ExactBaseline,0,0,0,0,1.20397,0,0.6661,0,0,0,0,0.997446
E3-LS-p030,46.8576,-1,-1,ExactBaseline,0,0,0,0,1.20397,0,0.593121,0,0,0,0,1
E3-LS-p030,46.8685,-1,-1,ExactBaseline,0,0,0,0,1.20397,0,0.442359,0,0,0,0,0.997446
E3-LS-p030,46.8691,-1,-1,ExactBaseline,0,0,0,0,1.20397,0,0.378722,0,0,0,0,1
E3-LS-p030,46.8736,-1,-1,ExactBaseline,0,0,0,0,1.20397,0,0.698468,0,0,0,0,1
E3-LS-p030,46.8766,-1,-1,ExactBaseline,0,0,0,0,1.20397,0,0.834258,0,0,0,0,1
E3-LS-p030,46.8776,-1,-1,ExactBaseline,0,0,0,0,1.20397,0,0.868739,0,0,0,0,1
E3-LS-p030,46.878,-1,-1,ExactBaseline,0,0,0,0,1.20397,0,0.859547,0,0,0,0,0.997446
E3-LS-p030,46.8881,-1,-1,ExactBaseline,0,0,0,0,1.20397,0,1.33968,0,0,0,0,1
E3-LS-p030,46.8958,-1,-1,ExactBaseline,0,0,0,0,1.20397,0,0.08128,0,0,0,0,1
E3-LS-p030,46.8959,-1,-1,ExactBaseline,0,0,0,0,1.20397,0,0.537895,0,0,0,0,1
E3-LS-p030,46.8959,212,442,ExactBaseline,1,1,0.00193951,0.693147,1.20397,3,0.966949,0,0,0,0,0.994892
E3-LS-p030,46.8982,-1,-1,ExactBaseline,0,0,0,0,1.20397,0,1.05474,0,0,0,0,0.997446
E3-LS-p030,46.9015,-1,-1,ExactBaseline,0,0,0,0,1.20397,0,0.432666,0,0,0,0,1
E3-LS-p030,46.9016,-1,-1,ExactBaseline,0,0,0,0,1.20397,0,0.770832,0,0,0,0,0.997446
E3-LS-p030,46.9039,-1,-1,ExactBaseline,0,0,0,0,1.20397,0,1.11204,0,0,0,0,1
E3-LS-p030,46.9097,-1,-1,ExactBaseline,0,0,0,0,1.20397,0,1.10502,0,0,0,0,1
E3-LS-p030,46.9144,-1,-1,ExactBaseline,0,0,0,0,1.20397,0,0.248669,0,0,0,0,1
E3-LS-p030,46.9219,-1,-1,ExactBaseline,0,0,0,0,1.20397,0,0.906085,0,0,0,0,0.997446
E3-LS-p030,46.9437,-1,-1,ExactBaseline,0,0,0,0,1.20397,0,0.267107,0,0,0,0,1
E3-LS-p030,46.9497,-1,-1,ExactBaseline,0,0,0,0,1.20397,0,0.008396,0,0,0,0,1
E3-LS-p030,46.9553,-1,-1,ExactBaseline,0,0,0,0,1.20397,0,0.253765,0,0,0,0,0.997446
E3-LS-p030,46.9569,-1,-1,ExactBaseline,0,0,0,0,1.20397,0,1.68584,0,0,0,0,0.997446
E3-LS-p030,46.9579,-1,-1,ExactBaseline,0,0,0,0,1.20397,0,0.838431,0,0,0,0,0.997446
E3-LS-p030,46.9584,-1,-1,ExactBaseline,0,0,0,0,1.20397,0,0.012528,0,0,0,0,1
E3-LS-p030,46.9649,-1,-1,ExactBaseline,0,0,0,0,1.20397,0,0.578517,0,0,0,0,1
E3-LS-p030,46.9654,-1,-1,ExactBaseline,0,0,0,0,1.20397,0,2.11026,0,0,0,0,0.997539
E3-LS-p030,46.9661,-1,-1,ExactBaseline,0,0,0,0,1.20397,0,0.936137,0,0,0,0,1
E3-LS-p030,46.9679,56,555,ExactBaseline,1,1,0.00193387,0.693147,1.20397,3,0.364257,0,0,0,0,0.994892
E3-LS-p030,46.978,-1,-1,ExactBaseline,0,0,0,0,1.20397,0,0.282769,0,0,0,0,1
E3-LS-p030,46.9785,-1,-1,ExactBaseline,0,0,0,0,1.20397,0,0.248088,0,0,0,0,1
E3-LS-p030,46.98,-1,-1,ExactBaseline,0,0,0,0,1.20397,0,1.66219,0,0,0,0,0.997446
E3-LS-p030,46.9819,247,183,ExactBaseline,1,1,0.00195253,0.693147,1.20397,3,0.884123,0,0,0,0,0.997446
E3-LS-p030,46.986,-1,-1,ExactBaseline,0,0,0,0,1.20397,0,0.960117,0,0,0,0,1
E3-LS-p030,47.0004,-1,-1,ExactBaseline,0,0,0,0,1.20397,0,0.846898,0,0,0,0,1
E3-LS-p030,47.0064,-1,-1,ExactBaseline,0,0,0,0,1.20397,0,0.555849,0,0,0,0,0.997446
E3-LS-p030,47.0125,-1,-1,ExactBaseline,0,0,0,0,1.20397,0,0.582889,0,0,0,0,1
E3-LS-p030,47.0259,-1,-1,ExactBaseline,0,0,0,0,1.20397,0,0.85854,0,0,0,0,0.997446
E3-LS-p030,47.0289,220,211,ExactBaseline,1,1,0.00205372,0.693147,1.20397,3,0.590969,0,0,0,0,0.997446
E3-LS-p030,47.0345,-1,-1,ExactBaseline,0,0,0,0,1.20397,0,0.202931,0,0,0,0,0.997446
E3-LS-p030,47.0358,-1,-1,ExactBaseline,0,0,0,0,1.20397,0,0.545009,0,0,0,0,0.997446
E3-LS-p030,47.045,-1,-1,ExactBaseline,0,0,0,0,1.20397,0,0.580601,0,0,0,0,0.994892
E3-LS-p030,47.0512,-1,-1,ExactBaseline,0,0,0,0,1.20397,0,0.342598,0,0,0,0,0.997446
E3-LS-p030,47.0518,-1,-1,ExactBaseline,0,0,0,0,1.20397,0,0.166411,0,0,0,0,1
E3-LS-p030,47.0587,-1,-1,ExactBaseline,0,0,0,0,1.20397,0,1.54683,0,0,0,0,0.998769
E3-LS-p030,47.06,-1,-1,ExactBaseline,0,0,0,0,1.20397,0,0.576219,0,0,0,0,1
E3-LS-p030,47.0602,-1,-1,ExactBaseline,0,0,0,0,1.20397,0,1.16084,0,0,0,0,1
E3-LS-p030,47.0641,-1,-1,ExactBaseline,0,0,0,0,1.20397,0,0.552817,0,0,0,0,0.997446
E3-LS-p030,47.0697,-1,-1,ExactBaseline,0,0,0,0,1.20397,0,0.874522,0,0,0,0,1
E3-LS-p030,47.071,-1,-1,ExactBaseline,0,0,0,0,1.20397,0,0.812359,0,0,0,0,1
E3-LS-p030,47.0754,-1,-1,ExactBaseline,0,0,0,0,1.20397,0,0.021075,0,0,0,0,1
E3-LS-p030,47.0825,-1,-1,ExactBaseline,0,0,0,0,1.20397,0,0.119485,0,0,0,0,0.997446
E3-LS-p030,47.0889,293,274,ExactBaseline,1,1,0.00196154,0.693147,1.20397,3,0.567177,0,0,0,0,0.992338
E3-LS-p030,47.0895,-1,-1,ExactBaseline,0,0,0,0,1.20397,0,0.134954,0,0,0,0,1
E3-LS-p030,47.092,-1,-1,ExactBaseline,0,0,0,0,1.20397,0,1.52562,0,0,0,0,1
E3-LS-p030,47.0939,-1,-1,ExactBaseline,0,0,0,0,1.20397,0,0.082544,0,0,0,0,1
E3-LS-p030,47.0993,-1,-1,ExactBaseline,0,0,0,0,1.20397,0,0.817763,0,0,0,0,0.994276
E3-LS-p030,47.1006,-1,-1,ExactBaseline,0,0,0,0,1.20397,0,0.587252,0,0,0,0,1
E3-LS-p030,47.1008,-1,-1,ExactBaseline,0,0,0,0,1.20397,0,0.376241,0,0,0,0,1
E3-LS-p030,47.1039,-1,-1,ExactBaseline,0,0,0,0,1.20397,0,0.898807,0,0,0,0,0.992338
E3-LS-p030,47.1068,-1,-1,ExactBaseline,0,0,0,0,1.20397,0,0.260393,0,0,0,0,1
E3-LS-p030,47.1078,-1,-1,ExactBaseline,0,0,0,0,1.20397,0,0.949157,0,0,0,0,1
E3-LS-p030,47.1089,-1,-1,ExactBaseline,0,0,0,0,1.20397,0,0.05421,0,0,0,0,1
E3-LS-p030,47.1136,-1,-1,ExactBaseline,0,0,0,0,1.20397,0,1.78065,0,0,0,0,0.997446
E3-LS-p030,47.1168,-1,-1,ExactBaseline,0,0,0,0,1.20397,0,0.272664,0,0,0,0,1
E3-LS-p030,47.1179,179,567,ExactBaseline,1,1,0.00240399,0.693147,1.20397,3,1.54016,0,0,0,0,0.989783
E3-LS-p030,47.1229,-1,-1,ExactBaseline,0,0,0,0,1.20397,0,0.874904,0,0,0,0,1
E3-LS-p030,47.1282,-1,-1,ExactBaseline,0,0,0,0,1.20397,0,0.312534,0,0,0,0,0.997446
E3-LS-p030,47.1314,-1,-1,ExactBaseline,0,0,0,0,1.20397,0,0.913707,0,0,0,0,1
E3-LS-p030,47.1394,-1,-1,ExactBaseline,0,0,0,0,1.20397,0,1.09617,0,0,0,0,0.974459
E3-LS-p030,47.1454,-1,-1,ExactBaseline,0,0,0,0,1.20397,0,0.83706,0,0,0,0,0.997446
E3-LS-p030,47.1508,-1,-1,ExactBaseline,0,0,0,0,1.20397,0,0.299495,0,0,0,0,0.997446
E3-LS-p030,47.1513,-1,-1,ExactBaseline,0,0,0,0,1.20397,0,0.140077,0,0,0,0,1
E3-LS-p030,47.1543,-1,-1,ExactBaseline,0,0,0,0,1.20397,0,0.056497,0,0,0,0,1
E3-LS-p030,47.156,-1,-1,ExactBaseline,0,0,0,0,1.20397,0,1.02281,0,0,0,0,1
E3-LS-p030,47.1585,-1,-1,ExactBaseline,0,0,0,0,1.20397,0,0.33189,0,0,0,0,1
E3-LS-p030,47.16,-1,-1,ExactBaseline,0,0,0,0,1.20397,0,0.190985,0,0,0,0,1
E3-LS-p030,47.1626,-1,-1,ExactBaseline,0,0,0,0,1.20397,0,0.879075,0,0,0,0,0.999385
E3-LS-p030,47.1711,-1,-1,ExactBaseline,0,0,0,0,1.20397,0,1.07038,0,0,0,0,0.997446
E3-LS-p030,47.1712,-1,-1,ExactBaseline,0,0,0,0,1.20397,0,0.619422,0,0,0,0,0.997446
E3-LS-p030,47.1741,-1,-1,ExactBaseline,0,0,0,0,1.20397,0,0.19307,0,0,0,0,0.997446
E3-LS-p030,47.1915,-1,-1,ExactBaseline,0,0,0,0,1.20397,0,0.319166,0,0,0,0,1
E3-LS-p030,47.1988,-1,-1,ExactBaseline,0,0,0,0,1.20397,0,0.156944,0,0,0,0,1
E3-LS-p030,47.1995,-1,-1,ExactBaseline,0,0,0,0,1.20397,0,0.883119,0,0,0,0,0.994892
E3-LS-p030,47.1999,-1,-1,ExactBaseline,0,0,0,0,1.20397,0,0.739762,0,0,0,0,1
E3-LS-p030,47.2047,105,23,ExactBaseline,1,1,0.00199555,0.693147,1.20397,3,0.884573,0,0,0,0,0.994892
E3-LS-p030,47.2053,-1,-1,ExactBaseline,0,0,0,0,1.20397,0,1.5267,0,0,0,0,0.994892
E3-LS-p030,47.2056,-1,-1,ExactBaseline,0,0,0,0,1.20397,0,0.039635,0,0,0,0,1
E3-LS-p030,47.2063,-1,-1,ExactBaseline,0,0,0,0,1.20397,0,1.12135,0,0,0,0,0.992338
E3-LS-p030,47.2104,-1,-1,ExactBaseline,0,0,0,0,1.20397,0,0.626743,0,0,0,0,1
E3-LS-p030,47.2106,-1,-1,ExactBaseline,0,0,0,0,1.20397,0,1.72312,0,0,0,0,0.989783
E3-LS-p030,47.2128,-1,-1,ExactBaseline,0,0,0,0,1.20397,0,1.02989,0,0,0,0,1
E3-LS-p030,47.2135,-1,-1,ExactBaseline,0,0,0,0,1.20397,0,1.51581,0,0,0,0,0.994892
E3-LS-p030,47.2143,-1,-1,ExactBaseline,0,0,0,0,1.20397,0,0.94621,0,0,0,0,1
E3-LS-p030,47.2211,-1,-1,ExactBaseline,0,0,0,0,1.20397,0,0.902098,0,0,0,0,1
E3-LS-p030,47.2216,-1,-1,ExactBaseline,0,0,0,0,1.20397,0,1.30514,0,0,0,0,1
E3-LS-p030,47.2218,-1,-1,ExactBaseline,0,0,0,0,1.20397,0,1.22141,0,0,0,0,1
E3-LS-p030,47.225,-1,-1,ExactBaseline,0,0,0,0,1.20397,0,0.576671,0,0,0,0,0.997446
E3-LS-p030,47.2259,-1,-1,ExactBaseline,0,0,0,0,1.20397,0,0.044231,0,0,0,0,1
E3-LS-p030,47.23,-1,-1,ExactBaseline,0,0,0,0,1.20397,0,0.371028,0,0,0,0,1
E3-LS-p030,47.231,-1,-1,ExactBaseline,0,0,0,0,1.20397,0,0.151105,0,0,0,0,1
E3-LS-p030,47.2315,-1,-1,ExactBaseline,0,0,0,0,1.20397,0,0.793054,0,0,0,0,0.998769
E3-LS-p030,47.2339,-1,-1,ExactBaseline,0,0,0,0,1.20397,0,0.955524,0,0,0,0,1
E3-LS-p030,47.2348,-1,-1,ExactBaseline,0,0,0,0,1.20397,0,0.017749,0,0,0,0,1
E3-LS-p030,47.237,-1,-1,ExactBaseline,0,0,0,0,1.20397,0,0.699764,0,0,0,0,0.997446
E3-LS-p030,47.2387,-1,-1,ExactBaseline,0,0,0,0,1.20397,0,1.03548,0,0,0,0,0.997446
E3-LS-p030,47.2416,-1,-1,ExactBaseline,0,0,0,0,1.20397,0,0.47392,0,0,0,0,1
E3-LS-p030,47.242,-1,-1,ExactBaseline,0,0,0,0,1.20397,0,1.41356,0,0,0,0,0.997446
E3-LS-p030,47.2423,-1,-1,ExactBaseline,0,0,0,0,1.20397,0,0.739479,0,0,0,0,0.997446
E3-LS-p030,47.2432,-1,-1,ExactBaseline,0,0,0,0,1.20397,0,1.06006,0,0,0,0,1
E3-LS-p030,47.2439,-1,-1,ExactBaseline,0,0,0,0,1.20397,0,0.099917,0,0,0,0,1
E3-LS-p030,47.247,-1,-1,ExactBaseline,0,0,0,0,1.20397,0,0.132867,0,0,0,0,1
E3-LS-p030,47.2493,-1,-1,ExactBaseline,0,0,0,0,1.20397,0,0.722715,0,0,0,0,0.997446
E3-LS-p030,47.2512,-1,-1,ExactBaseline,0,0,0,0,1.20397,0,0.745649,0,0,0,0,1
E3-LS-p030,47.2608,-1,-1,ExactBaseline,0,0,0,0,1.20397,0,1.02559,0,0,0,0,1
E3-LS-p030,47.2636,-1,-1,ExactBaseline,0,0,0,0,1.20397,0,0.613661,0,0,0,0,0.997446
E3-LS-p030,47.2689,-1,-1,ExactBaseline,0,0,0,0,1.20397,0,1.45064,0,0,0,0,1
E3-LS-p030,47.2692,-1,-1,ExactBaseline,0,0,0,0,1.20397,0,0.296168,0,0,0,0,0.997446
E3-LS-p030,47.2696,-1,-1,ExactBaseline,0,0,0,0,1.20397,0,0.747857,0,0,0,0,1
E3-LS-p030,47.273,383,369,ExactBaseline,1,1,0.00240647,0.693147,1.20397,3,0.110624,0,0,0,0,0.997446
E3-LS-p030,47.2738,-1,-1,ExactBaseline,0,0,0,0,1.20397,0,0.657304,0,0,0,0,1
E3-LS-p030,47.2786,-1,-1,ExactBaseline,0,0,0,0,1.20397,0,0.161376,0,0,0,0,1
E3-LS-p030,47.2872,-1,-1,ExactBaseline,0,0,0,0,1.20397,0,0.650634,0,0,0,0,0.992338
E3-LS-p030,47.2891,-1,-1,ExactBaseline,0,0,0,0,1.20397,0,1.54386,0,0,0,0,1
E3-LS-p030,47.3006,-1,-1,ExactBaseline,0,0,0,0,1.20397,0,0.188898,0,0,0,0,0.997446
E3-LS-p030,47.3036,-1,-1,ExactBaseline,0,0,0,0,1.20397,0,0.196994,0,0,0,0,1
E3-LS-p030,47.3116,-1,-1,ExactBaseline,0,0,0,0,1.20397,0,0.118213,0,0,0,0,1
E3-LS-p030,47.317,68,46,ExactBaseline,1,1,0.00243931,0.693147,1.20397,3,0.223965,0,0,0,0,0.997446
E3-LS-p030,47.3184,-1,-1,ExactBaseline,0,0,0,0,1.20397,0,0.251002,0,0,0,0,1
E3-LS-p030,47.3234,109,442,ExactBaseline,1,1,0.00240887,0.693147,1.20397,3,1.06267,0,0,0,0,0.994892
E3-LS-p030,47.3238,-1,-1,ExactBaseline,0,0,0,0,1.20397,0,0.116532,0,0,0,0,0.997446
E3-LS-p030,47.3254,-1,-1,ExactBaseline,0,0,0,0,1.20397,0,0.800013,0,0,0,0,1
E3-LS-p030,47.3356,-1,-1,ExactBaseline,0,0,0,0,1.20397,0,1.97617,0,0,0,0,0.997446
E3-LS-p030,47.3416,-1,-1,ExactBaseline,0,0,0,0,1.20397,0,0.337448,0,0,0,0,1
E3-LS-p030,47.3471,-1,-1,ExactBaseline,0,0,0,0,1.20397,0,0.756003,0,0,0,0,1
E3-LS-p030,47.3493,-1,-1,ExactBaseline,0,0,0,0,1.20397,0,0.869061,0,0,0,0,0.997446
E3-LS-p030,47.3546,-1,-1,ExactBaseline,0,0,0,0,1.20397,0,1.59088,0,0,0,0,1
E3-LS-p030,47.3547,-1,-1,ExactBaseline,0,0,0,0,1.20397,0,0.27989,0,0,0,0,1
E3-LS-p030,47.3556,-1,-1,ExactBaseline,0,0,0,0,1.20397,0,0.240496,0,0,0,0,1
E3-LS-p030,47.3654,-1,-1,ExactBaseline,0,0,0,0,1.20397,0,0.648955,0,0,0,0,0.99275
E3-LS-p030,47.3714,-1,-1,ExactBaseline,0,0,0,0,1.20397,0,0.387336,0,0,0,0,1
E3-LS-p030,47.3752,-1,-1,ExactBaseline,0,0,0,0,1.20397,0,0.032296,0,0,0,0,1
E3-LS-p030,47.3795,-1,-1,ExactBaseline,0,0,0,0,1.20397,0,0.736977,0,0,0,0,0.997446
E3-LS-p030,47.3804,-1,-1,ExactBaseline,0,0,0,0,1.20397,0,0.524049,0,0,0,0,0.994892
E3-LS-p030,47.3842,-1,-1,ExactBaseline,0,0,0,0,1.20397,0,0.727117,0,0,0,0,1
E3-LS-p030,47.3911,-1,-1,ExactBaseline,0,0,0,0,1.20397,0,1.00708,0,0,0,0,1
E3-LS-p030,47.3933,-1,-1,ExactBaseline,0,0,0,0,1.20397,0,0.794006,0,0,0,0,0.997446
E3-LS-p030,47.395,-1,-1,ExactBaseline,0,0,0,0,1.20397,0,0.251363,0,0,0,0,1
E3-LS-p030,47.3974,519,53,ExactBaseline,1,1,0.00241179,0.693147,1.20397,3,0.74874,0,0,0,0,0.997446
E3-LS-p030,47.4006,-1,-1,ExactBaseline,0,0,0,0,1.20397,0,1.05414,0,0,0,0,0.996816
E3-LS-p030,47.4012,-1,-1,ExactBaseline,0,0,0,0,1.20397,0,0.930617,0,0,0,0,1
E3-LS-p030,47.4095,-1,-1,ExactBaseline,0,0,0,0,1.20397,0,0.136326,0,0,0,0,1
E3-LS-p030,47.4107,-1,-1,ExactBaseline,0,0,0,0,1.20397,0,0.61232,0,0,0,0,1
E3-LS-p030,47.4115,-1,-1,ExactBaseline,0,0,0,0,1.20397,0,0.788979,0,0,0,0,1
E3-LS-p030,47.416,-1,-1,ExactBaseline,0,0,0,0,1.20397,0,1.09184,0,0,0,0,0.997446
E3-LS-p030,47.4246,201,624,ExactBaseline,1,1,0.00193584,0.693147,1.20397,3,1.34471,0,0,0,0,0.989783
E3-LS-p030,47.4255,-1,-1,ExactBaseline,0,0,0,0,1.20397,0,0.848457,0,0,0,0,0.989783
E3-LS-p030,47.432,-1,-1,ExactBaseline,0,0,0,0,1.20397,0,0.812623,0,0,0,0,1
E3-LS-p030,47.4394,-1,-1,ExactBaseline,0,0,0,0,1.20397,0,0.476864,0,0,0,0,1
E3-LS-p030,47.4399,-1,-1,ExactBaseline,0,0,0,0,1.20397,0,0.166226,0,0,0,0,1
E3-LS-p030,47.4553,-1,-1,ExactBaseline,0,0,0,0,1.20397,0,0.871921,0,0,0,0,0.994892
E3-LS-p030,47.4573,-1,-1,ExactBaseline,0,0,0,0,1.20397,0,0.798364,0,0,0,0,0.994892
E3-LS-p030,47.4602,-1,-1,ExactBaseline,0,0,0,0,1.20397,0,0.193799,0,0,0,0,0.994892
E3-LS-p030,47.4649,-1,-1,ExactBaseline,0,0,0,0,1.20397,0,0.884408,0,0,0,0,0.997446
E3-LS-p030,47.4684,-1,-1,ExactBaseline,0,0,0,0,1.20397,0,0.885553,0,0,0,0,1
E3-LS-p030,47.4724,-1,-1,ExactBaseline,0,0,0,0,1.20397,0,0.107268,0,0,0,0,1
E3-LS-p030,47.4806,-1,-1,ExactBaseline,0,0,0,0,1.20397,0,0.624672,0,0,0,0,1
E3-LS-p030,47.4817,-1,-1,ExactBaseline,0,0,0,0,1.20397,0,1.41415,0,0,0,0,0.994892
E3-LS-p030,47.4823,-1,-1,ExactBaseline,0,0,0,0,1.20397,0,1.33187,0,0,0,0,1
E3-LS-p030,47.4905,-1,-1,ExactBaseline,0,0,0,0,1.20397,0,0.798735,0,0,0,0,1
E3-LS-p030,47.4988,-1,-1,ExactBaseline,0,0,0,0,1.20397,0,0.995044,0,0,0,0,1
E3-LS-p030,47.499,-1,-1,ExactBaseline,0,0,0,0,1.20397,0,0.695075,0,0,0,0,1
E3-LS-p030,47.4994,-1,-1,ExactBaseline,0,0,0,0,1.20397,0,0.574008,0,0,0,0,1
E3-LS-p030,47.5034,-1,-1,ExactBaseline,0,0,0,0,1.20397,0,0.665291,0,0,0,0,1
E3-LS-p030,47.5047,-1,-1,ExactBaseline,0,0,0,0,1.20397,0,0.261459,0,0,0,0,1
E3-LS-p030,47.5143,-1,-1,ExactBaseline,0,0,0,0,1.20397,0,1.00023,0,0,0,0,0.997446
E3-LS-p030,47.5147,-1,-1,ExactBaseline,0,0,0,0,1.20397,0,0.876193,0,0,0,0,0.992338
E3-LS-p030,47.5196,113,583,ExactBaseline,1,1,0.00194551,0.693147,1.20397,3,0.391293,0,0,0,0,0.994892
E3-LS-p030,47.5224,-1,-1,ExactBaseline,0,0,0,0,1.20397,0,0.828375,0,0,0,0,1
E3-LS-p030,47.5226,-1,-1,ExactBaseline,0,0,0,0,1.20397,0,0.625964,0,0,0,0,0.996831
E3-LS-p030,47.5226,268,248,ExactBaseline,1,1,0.00239344,0.693147,1.20397,3,0.538688,0,0,0,0,0.997446
E3-LS-p030,47.5263,-1,-1,ExactBaseline,0,0,0,0,1.20397,0,0.519967,0,0,0,0,0.994892
E3-LS-p030,47.5267,-1,-1,ExactBaseline,0,0,0,0,1.20397,0,0.725223,0,0,0,0,0.994892
E3-LS-p030,47.5304,-1,-1,ExactBaseline,0,0,0,0,1.20397,0,0.900073,0,0,0,0,1
E3-LS-p030,47.5349,-1,-1,ExactBaseline,0,0,0,0,1.20397,0,0.898868,0,0,0,0,1
E3-LS-p030,47.5365,-1,-1,ExactBaseline,0,0,0,0,1.20397,0,1.04309,0,0,0,0,0.997446
E3-LS-p030,47.5438,-1,-1,ExactBaseline,0,0,0,0,1.20397,0,1.29054,0,0,0,0,1
E3-LS-p030,47.546,169,542,ExactBaseline,1,1,0.00194466,0.693147,1.20397,3,1.34621,0,0,0,0,0.994892
E3-LS-p030,47.547,-1,-1,ExactBaseline,0,0,0,0,1.20397,0,0.946714,0,0,0,0,0.992338
E3-LS-p030,47.5517,-1,-1,ExactBaseline,0,0,0,0,1.20397,0,0.823348,0,0,0,0,1
E3-LS-p030,47.5542,-1,-1,ExactBaseline,0,0,0,0,1.20397,0,1.62107,0,0,0,0,0.997446
E3-LS-p030,47.5606,-1,-1,ExactBaseline,0,0,0,0,1.20397,0,1.82777,0,0,0,0,1
E3-LS-p030,47.5775,-1,-1,ExactBaseline,0,0,0,0,1.20397,0,1.26759,0,0,0,0,0.994892
E3-LS-p030,47.579,-1,-1,ExactBaseline,0,0,0,0,1.20397,0,0.694483,0,0,0,0,1
E3-LS-p030,47.5875,-1,-1,ExactBaseline,0,0,0,0,1.20397,0,0.745303,0,0,0,0,0.994892
E3-LS-p030,47.5961,-1,-1,ExactBaseline,0,0,0,0,1.20397,0,0.966639,0,0,0,0,0.994892
E3-LS-p030,47.597,-1,-1,ExactBaseline,0,0,0,0,1.20397,0,0.70997,0,0,0,0,0.997446
E3-LS-p030,47.5972,-1,-1,ExactBaseline,0,0,0,0,1.20397,0,0.644208,0,0,0,0,1
E3-LS-p030,47.6055,-1,-1,ExactBaseline,0,0,0,0,1.20397,0,0.291684,0,0,0,0,1
E3-LS-p030,47.6262,-1,-1,ExactBaseline,0,0,0,0,1.20397,0,0.062424,0,0,0,0,1
E3-LS-p030,47.6365,-1,-1,ExactBaseline,0,0,0,0,1.20397,0,0.983775,0,0,0,0,0.994892
E3-LS-p030,47.6418,-1,-1,ExactBaseline,0,0,0,0,1.20397,0,2.24344,0,0,0,0,0.997446
E3-LS-p030,47.6437,-1,-1,ExactBaseline,0,0,0,0,1.20397,0,0.09867,0,0,0,0,1
E3-LS-p030,47.6501,-1,-1,ExactBaseline,0,0,0,0,1.20397,0,0.90154,0,0,0,0,0.994892
E3-LS-p030,47.6516,-1,-1,ExactBaseline,0,0,0,0,1.20397,0,0.845414,0,0,0,0,1
E3-LS-p030,47.6559,-1,-1,ExactBaseline,0,0,0,0,1.20397,0,0.228015,0,0,0,0,0.997446
E3-LS-p030,47.6595,423,427,ExactBaseline,1,1,0.00193744,0.693147,1.20397,3,1.26157,0,0,0,0,0.997446
E3-LS-p030,47.6631,-1,-1,ExactBaseline,0,0,0,0,1.20397,0,0.61058,0,0,0,0,1
E3-LS-p030,47.6666,-1,-1,ExactBaseline,0,0,0,0,1.20397,0,0.845613,0,0,0,0,1
E3-LS-p030,47.6757,-1,-1,ExactBaseline,0,0,0,0,1.20397,0,1.21738,0,0,0,0,0.997446
E3-LS-p030,47.6776,-1,-1,ExactBaseline,0,0,0,0,1.20397,0,1.00382,0,0,0,0,1
E3-LS-p030,47.6786,-1,-1,ExactBaseline,0,0,0,0,1.20397,0,1.03379,0,0,0,0,1
E3-LS-p030,47.6803,-1,-1,ExactBaseline,0,0,0,0,1.20397,0,0.766307,0,0,0,0,0.996831
E3-LS-p030,47.6821,-1,-1,ExactBaseline,0,0,0,0,1.20397,0,1.12694,0,0,0,0,0.994892
E3-LS-p030,47.6826,-1,-1,ExactBaseline,0,0,0,0,1.20397,0,0.787724,0,0,0,0,1
E3-LS-p030,47.6846,-1,-1,ExactBaseline,0,0,0,0,1.20397,0,0.663982,0,0,0,0,0.994892
E3-LS-p030,47.685,-1,-1,ExactBaseline,0,0,0,0,1.20397,0,0.968677,0,0,0,0,0.997446
E3-LS-p030,47.6869,-1,-1,ExactBaseline,0,0,0,0,1.20397,0,1.94401,0,0,0,0,0.989168
E3-LS-p030,47.6909,-1,-1,ExactBaseline,0,0,0,0,1.20397,0,0.98786,0,0,0,0,1
E3-LS-p030,47.6942,-1,-1,ExactBaseline,0,0,0,0,1.20397,0,0.636922,0,0,0,0,1
E3-LS-p030,47.6944,-1,-1,ExactBaseline,0,0,0,0,1.20397,0,0.839515,0,0,0,0,1
E3-LS-p030,47.6949,-1,-1,ExactBaseline,0,0,0,0,1.20397,0,0.310324,0,0,0,0,0.994892
E3-LS-p030,47.6981,-1,-1,ExactBaseline,0,0,0,0,1.20397,0,0.806787,0,0,0,0,0.997446
E3-LS-p030,47.6981,-1,-1,ExactBaseline,0,0,0,0,1.20397,0,0.105902,0,0,0,0,1
E3-LS-p030,47.7015,-1,-1,ExactBaseline,0,0,0,0,1.20397,0,0.920623,0,0,0,0,0.997446
E3-LS-p030,47.7018,-1,-1,ExactBaseline,0,0,0,0,1.20397,0,0.202264,0,0,0,0,0.999385
E3-LS-p030,47.7025,-1,-1,ExactBaseline,0,0,0,0,1.20397,0,0.032639,0,0,0,0,1
E3-LS-p030,47.7095,-1,-1,ExactBaseline,0,0,0,0,1.20397,0,0.910537,0,0,0,0,0.994892
E3-LS-p030,47.7161,-1,-1,ExactBaseline,0,0,0,0,1.20397,0,1.21758,0,0,0,0,0.994892
E3-LS-p030,47.7168,-1,-1,ExactBaseline,0,0,0,0,1.20397,0,1.51799,0,0,0,0,0.994892
E3-LS-p030,47.7179,-1,-1,ExactBaseline,0,0,0,0,1.20397,0,0.694833,0,0,0,0,0.994892
E3-LS-p030,47.7213,-1,-1,ExactBaseline,0,0,0,0,1.20397,0,0.283286,0,0,0,0,1
E3-LS-p030,47.725,136,502,ExactBaseline,1,1,0.00199151,0.693147,1.20397,3,1.45332,0,0,0,0,0.989783
E3-LS-p030,47.7267,389,455,ExactBaseline,1,1,0.0023847,0.693147,1.20397,3,0.052474,0,0,0,0,0.997446
E3-LS-p030,47.7327,-1,-1,ExactBaseline,0,0,0,0,1.20397,0,0.160933,0,0,0,0,1
E3-LS-p030,47.7331,-1,-1,ExactBaseline,0,0,0,0,1.20397,0,0.523972,0,0,0,0,0.997446
E3-LS-p030,47.7354,-1,-1,ExactBaseline,0,0,0,0,1.20397,0,0.630604,0,0,0,0,1
E3-LS-p030,47.7359,-1,-1,ExactBaseline,0,0,0,0,1.20397,0,0.965501,0,0,0,0,1
E3-LS-p030,47.7398,-1,-1,ExactBaseline,0,0,0,0,1.20397,0,1.08476,0,0,0,0,0.998769
E3-LS-p030,47.7501,-1,-1,ExactBaseline,0,0,0,0,1.20397,0,0.674905,0,0,0,0,0.994892
E3-LS-p030,47.7543,262,532,ExactBaseline,1,1,0.00193729,0.693147,1.20397,3,0.932215,0,0,0,0,0.992338
E3-LS-p030,47.7657,-1,-1,ExactBaseline,0,0,0,0,1.20397,0,0.91869,0,0,0,0,0.994892
E3-LS-p030,47.7683,-1,-1,ExactBaseline,0,0,0,0,1.20397,0,1.34503,0,0,0,0,0.998357
E3-LS-p030,47.7693,-1,-1,ExactBaseline,0,0,0,0,1.20397,0,2.30969,0,0,0,0,1
E3-LS-p030,47.7711,-1,-1,ExactBaseline,0,0,0,0,1.20397,0,0.749114,0,0,0,0,1
E3-LS-p030,47.7717,-1,-1,ExactBaseline,0,0,0,0,1.20397,0,0.905214,0,0,0,0,1
E3-LS-p030,47.7726,-1,-1,ExactBaseline,0,0,0,0,1.20397,0,1.13827,0,0,0,0,1
E3-LS-p030,47.7745,-1,-1,ExactBaseline,0,0,0,0,1.20397,0,0.380371,0,0,0,0,0.994892
E3-LS-p030,47.779,-1,-1,ExactBaseline,0,0,0,0,1.20397,0,0.822621,0,0,0,0,1
E3-LS-p030,47.7812,-1,-1,ExactBaseline,0,0,0,0,1.20397,0,0.971424,0,0,0,0,1
E3-LS-p030,47.7892,-1,-1,ExactBaseline,0,0,0,0,1.20397,0,0.896927,0,0,0,0,0.997446
E3-LS-p030,47.7909,-1,-1,ExactBaseline,0,0,0,0,1.20397,0,0.374701,0,0,0,0,0.997446
E3-LS-p030,47.7917,-1,-1,ExactBaseline,0,0,0,0,1.20397,0,1.56083,0,0,0,0,1
E3-LS-p030,47.801,-1,-1,ExactBaseline,0,0,0,0,1.20397,0,0.593417,0,0,0,0,1
E3-LS-p030,47.8057,-1,-1,ExactBaseline,0,0,0,0,1.20397,0,0.44935,0,0,0,0,1
E3-LS-p030,47.8096,-1,-1,ExactBaseline,0,0,0,0,1.20397,0,0.317435,0,0,0,0,0.997446
E3-LS-p030,47.8105,-1,-1,ExactBaseline,0,0,0,0,1.20397,0,1.14412,0,0,0,0,0.992338
E3-LS-p030,47.8192,-1,-1,ExactBaseline,0,0,0,0,1.20397,0,1.45542,0,0,0,0,1
E3-LS-p030,47.8206,98,291,ExactBaseline,1,1,0.00201505,0.693147,1.20397,3,0.727743,0,0,0,0,0.997446
E3-LS-p030,47.8216,-1,-1,ExactBaseline,0,0,0,0,1.20397,0,1.48771,0,0,0,0,1
E3-LS-p030,47.8236,-1,-1,ExactBaseline,0,0,0,0,1.20397,0,1.02778,0,0,0,0,0.990811
E3-LS-p030,47.827,-1,-1,ExactBaseline,0,0,0,0,1.20397,0,0.821784,0,0,0,0,0.994892
E3-LS-p030,47.8346,92,81,ExactBaseline,1,1,0.00195423,0.693147,1.20397,3,0.282168,0,0,0,0,0.997446
E3-LS-p030,47.8348,-1,-1,ExactBaseline,0,0,0,0,1.20397,0,0.056297,0,0,0,0,1
E3-LS-p030,47.8383,-1,-1,ExactBaseline,0,0,0,0,1.20397,0,0.675289,0,0,0,0,0.992338
E3-LS-p030,47.8393,128,605,ExactBaseline,1,1,0.00206436,0.693147,1.20397,3,1.34216,0,0,0,0,0.997446
E3-LS-p030,47.8467,-1,-1,ExactBaseline,0,0,0,0,1.20397,0,0.889025,0,0,0,0,1
E3-LS-p030,47.847,-1,-1,ExactBaseline,0,0,0,0,1.20397,0,1.25114,0,0,0,0,0.998357
E3-LS-p030,47.8552,-1,-1,ExactBaseline,0,0,0,0,1.20397,0,1.3872,0,0,0,0,1
E3-LS-p030,47.8562,22,612,ExactBaseline,1,1,0.00322229,1.08091,1.20397,4,0.701504,0,0,0,0,0.999385
E3-LS-p030,47.8602,-1,-1,ExactBaseline,0,0,0,0,1.20397,0,1.12471,0,0,0,0,0.997446
E3-LS-p030,47.8612,-1,-1,ExactBaseline,0,0,0,0,1.20397,0,1.08936,0,0,0,0,0.997446
E3-LS-p030,47.8632,34,91,ExactBaseline,1,1,0.00200746,0.693147,1.20397,3,1.8515,0,0,0,0,0.996215
E3-LS-p030,47.8635,-1,-1,ExactBaseline,0,0,0,0,1.20397,0,0.264153,0,0,0,0,1
E3-LS-p030,47.8659,-1,-1,ExactBaseline,0,0,0,0,1.20397,0,0.955302,0,0,0,0,0.997446
E3-LS-p030,47.87,-1,-1,ExactBaseline,0,0,0,0,1.20397,0,1.77395,0,0,0,0,0.997446
E3-LS-p030,47.8787,-1,-1,ExactBaseline,0,0,0,0,1.20397,0,1.00374,0,0,0,0,0.997446
E3-LS-p030,47.8791,58,168,ExactBaseline,1,1,0.00200784,0.693147,1.20397,3,1.31093,0,0,0,0,0.981506
E3-LS-p030,47.8833,-1,-1,ExactBaseline,0,0,0,0,1.20397,0,2.4777,0,0,0,0,0.994892
E3-LS-p030,47.8863,269,552,ExactBaseline,1,1,0.00241632,0.693147,1.20397,3,0.388762,0,0,0,0,0.997446
E3-LS-p030,47.8923,-1,-1,ExactBaseline,0,0,0,0,1.20397,0,0.141634,0,0,0,0,1
E3-LS-p030,47.8973,-1,-1,ExactBaseline,0,0,0,0,1.20397,0,0.06274,0,0,0,0,0.997446
E3-LS-p030,47.8993,-1,-1,ExactBaseline,0,0,0,0,1.20397,0,0.148545,0,0,0,0,1
E3-LS-p030,47.9,-1,-1,ExactBaseline,0,0,0,0,1.20397,0,0.371053,0,0,0,0,1
E3-LS-p030,47.9018,-1,-1,ExactBaseline,0,0,0,0,1.20397,0,1.12841,0,0,0,0,0.997446
E3-LS-p030,47.9187,-1,-1,ExactBaseline,0,0,0,0,1.20397,0,0.314099,0,0,0,0,1
E3-LS-p030,47.9217,-1,-1,ExactBaseline,0,0,0,0,1.20397,0,1.31279,0,0,0,0,1
E3-LS-p030,47.9231,-1,-1,ExactBaseline,0,0,0,0,1.20397,0,0.896154,0,0,0,0,1
E3-LS-p030,47.9248,-1,-1,ExactBaseline,0,0,0,0,1.20397,0,1.09807,0,0,0,0,1
E3-LS-p030,47.9258,-1,-1,ExactBaseline,0,0,0,0,1.20397,0,0.041179,0,0,0,0,1
E3-LS-p030,47.9261,-1,-1,ExactBaseline,0,0,0,0,1.20397,0,0.211006,0,0,0,0,1
E3-LS-p030,47.928,-1,-1,ExactBaseline,0,0,0,0,1.20397,0,1.20056,0,0,0,0,0.997446
E3-LS-p030,47.9366,-1,-1,ExactBaseline,0,0,0,0,1.20397,0,1.56151,0,0,0,0,0.997446
E3-LS-p030,47.9403,-1,-1,ExactBaseline,0,0,0,0,1.20397,0,0.083739,0,0,0,0,1
E3-LS-p030,47.9448,-1,-1,ExactBaseline,0,0,0,0,1.20397,0,0.074784,0,0,0,0,1
E3-LS-p030,47.9469,-1,-1,ExactBaseline,0,0,0,0,1.20397,0,0.211668,0,0,0,0,1
E3-LS-p030,47.9525,-1,-1,ExactBaseline,0,0,0,0,1.20397,0,0.461985,0,0,0,0,0.997446
E3-LS-p030,47.9584,-1,-1,ExactBaseline,0,0,0,0,1.20397,0,0.918226,0,0,0,0,0.997446
E3-LS-p030,47.9634,-1,-1,ExactBaseline,0,0,0,0,1.20397,0,0.355951,0,0,0,0,1
E3-LS-p030,47.9637,-1,-1,ExactBaseline,0,0,0,0,1.20397,0,0.429834,0,0,0,0,1
E3-LS-p030,47.9719,-1,-1,ExactBaseline,0,0,0,0,1.20397,0,2.18416,0,0,0,0,0.991519
E3-LS-p030,47.981,-1,-1,ExactBaseline,0,0,0,0,1.20397,0,0.888963,0,0,0,0,1
E3-LS-p030,47.9815,-1,-1,ExactBaseline,0,0,0,0,1.20397,0,0.631933,0,0,0,0,0.997446
E3-LS-p030,47.9821,-1,-1,ExactBaseline,0,0,0,0,1.20397,0,0.252213,0,0,0,0,0.997446
E3-LS-p030,47.9866,-1,-1,ExactBaseline,0,0,0,0,1.20397,0,0.347742,0,0,0,0,1
E3-LS-p030,47.9879,-1,-1,ExactBaseline,0,0,0,0,1.20397,0,0.861738,0,0,0,0,1
E3-LS-p030,48.002,-1,-1,ExactBaseline,0,0,0,0,1.20397,0,1.00074,0,0,0,0,1
E3-LS-p030,48.0054,-1,-1,ExactBaseline,0,0,0,0,1.20397,0,1.34036,0,0,0,0,1
E3-LS-p030,48.0059,-1,-1,ExactBaseline,0,0,0,0,1.20397,0,0.634805,0,0,0,0,1
E3-LS-p030,48.0077,-1,-1,ExactBaseline,0,0,0,0,1.20397,0,0.518279,0,0,0,0,1
E3-LS-p030,48.0119,-1,-1,ExactBaseline,0,0,0,0,1.20397,0,0.812665,0,0,0,0,0.997446
E3-LS-p030,48.0153,-1,-1,ExactBaseline,0,0,0,0,1.20397,0,2.18735,0,0,0,0,0.99275
E3-LS-p030,48.0171,-1,-1,ExactBaseline,0,0,0,0,1.20397,0,1.32597,0,0,0,0,0.997242
E3-LS-p030,48.0189,-1,-1,ExactBaseline,0,0,0,0,1.20397,0,0.610657,0,0,0,0,1
E3-LS-p030,48.0191,-1,-1,ExactBaseline,0,0,0,0,1.20397,0,0.588527,0,0,0,0,0.994892
E3-LS-p030,48.0214,-1,-1,ExactBaseline,0,0,0,0,1.20397,0,0.084044,0,0,0,0,1
E3-LS-p030,48.0261,-1,-1,ExactBaseline,0,0,0,0,1.20397,0,0.279474,0,0,0,0,0.997446
E3-LS-p030,48.0262,-1,-1,ExactBaseline,0,0,0,0,1.20397,0,0.335965,0,0,0,0,1
E3-LS-p030,48.0273,-1,-1,ExactBaseline,0,0,0,0,1.20397,0,0.722122,0,0,0,0,0.996215
E3-LS-p030,48.0348,-1,-1,ExactBaseline,0,0,0,0,1.20397,0,0.119384,0,0,0,0,1
E3-LS-p030,48.0396,-1,-1,ExactBaseline,0,0,0,0,1.20397,0,0.523959,0,0,0,0,0.997446
E3-LS-p030,48.0461,-1,-1,ExactBaseline,0,0,0,0,1.20397,0,0.689342,0,0,0,0,0.997446
E3-LS-p030,48.0496,-1,-1,ExactBaseline,0,0,0,0,1.20397,0,0.235113,0,0,0,0,1
E3-LS-p030,48.0519,-1,-1,ExactBaseline,0,0,0,0,1.20397,0,0.874925,0,0,0,0,0.997446
E3-LS-p030,48.0547,-1,-1,ExactBaseline,0,0,0,0,1.20397,0,0.663804,0,0,0,0,0.997446
E3-LS-p030,48.0571,288,7,ExactBaseline,1,1,0.00221655,0.693147,1.20397,3,0.415257,0,0,0,0,0.994892
E3-LS-p030,48.0577,-1,-1,ExactBaseline,0,0,0,0,1.20397,0,0.471322,0,0,0,0,1
E3-LS-p030,48.058,-1,-1,ExactBaseline,0,0,0,0,1.20397,0,0.881129,0,0,0,0,1
E3-LS-p030,48.0581,-1,-1,ExactBaseline,0,0,0,0,1.20397,0,0.610104,0,0,0,0,0.997446
E3-LS-p030,48.0584,-1,-1,ExactBaseline,0,0,0,0,1.20397,0,1.12562,0,0,0,0,1
E3-LS-p030,48.0605,319,393,ExactBaseline,1,1,0.00241709,0.693147,1.20397,3,0.518092,0,0,0,0,0.994892
E3-LS-p030,48.0612,-1,-1,ExactBaseline,0,0,0,0,1.20397,0,0.945751,0,0,0,0,1
E3-LS-p030,48.0722,-1,-1,ExactBaseline,0,0,0,0,1.20397,0,0.668832,0,0,0,0,0.997446
E3-LS-p030,48.0753,-1,-1,ExactBaseline,0,0,0,0,1.20397,0,0.59397,0,0,0,0,1
E3-LS-p030,48.0756,-1,-1,ExactBaseline,0,0,0,0,1.20397,0,0.67614,0,0,0,0,1
E3-LS-p030,48.0799,-1,-1,ExactBaseline,0,0,0,0,1.20397,0,0.592082,0,0,0,0,1
E3-LS-p030,48.0816,-1,-1,ExactBaseline,0,0,0,0,1.20397,0,0.449138,0,0,0,0,1
E3-LS-p030,48.0981,-1,-1,ExactBaseline,0,0,0,0,1.20397,0,0.742077,0,0,0,0,0.994892
E3-LS-p030,48.0981,-1,-1,ExactBaseline,0,0,0,0,1.20397,0,0.290057,0,0,0,0,0.997446
E3-LS-p030,48.0994,-1,-1,ExactBaseline,0,0,0,0,1.20397,0,0.576552,0,0,0,0,0.997446
E3-LS-p030,48.1025,-1,-1,ExactBaseline,0,0,0,0,1.20397,0,0.571766,0,0,0,0,0.994892
E3-LS-p030,48.1084,-1,-1,ExactBaseline,0,0,0,0,1.20397,0,0.371796,0,0,0,0,1
E3-LS-p030,48.1207,-1,-1,ExactBaseline,0,0,0,0,1.20397,0,0.071276,0,0,0,0,1
E3-LS-p030,48.1253,-1,-1,ExactBaseline,0,0,0,0,1.20397,0,0.858708,0,0,0,0,1
E3-LS-p030,48.1282,-1,-1,ExactBaseline,0,0,0,0,1.20397,0,0.076066,0,0,0,0,1
E3-LS-p030,48.1299,-1,-1,ExactBaseline,0,0,0,0,1.20397,0,0.799917,0,0,0,0,1
E3-LS-p030,48.1384,-1,-1,ExactBaseline,0,0,0,0,1.20397,0,1.09814,0,0,0,0,0.997446
E3-LS-p030,48.143,-1,-1,ExactBaseline,0,0,0,0,1.20397,0,1.30649,0,0,0,0,1
E3-LS-p030,48.1544,-1,-1,ExactBaseline,0,0,0,0,1.20397,0,0.740678,0,0,0,0,0.997446
E3-LS-p030,48.1593,-1,-1,ExactBaseline,0,0,0,0,1.20397,0,1.2542,0,0,0,0,1
E3-LS-p030,48.1666,-1,-1,ExactBaseline,0,0,0,0,1.20397,0,1.53301,0,0,0,0,0.997816
E3-LS-p030,48.168,-1,-1,ExactBaseline,0,0,0,0,1.20397,0,1.61156,0,0,0,0,1
E3-LS-p030,48.1683,-1,-1,ExactBaseline,0,0,0,0,1.20397,0,0.225602,0,0,0,0,1
E3-LS-p030,48.1691,130,233,ExactBaseline,1,1,0.00243074,0.693147,1.20397,3,0.121617,0,0,0,0,0.997446
E3-LS-p030,48.1728,-1,-1,ExactBaseline,0,0,0,0,1.20397,0,0.320128,0,0,0,0,1
E3-LS-p030,48.1758,-1,-1,ExactBaseline,0,0,0,0,1.20397,0,0.074935,0,0,0,0,1
E3-LS-p030,48.1793,-1,-1,ExactBaseline,0,0,0,0,1.20397,0,0.078596,0,0,0,0,1
E3-LS-p030,48.1833,-1,-1,ExactBaseline,0,0,0,0,1.20397,0,0.630028,0,0,0,0,0.994892
E3-LS-p030,48.1834,-1,-1,ExactBaseline,0,0,0,0,1.20397,0,1.03493,0,0,0,0,0.994276
E3-LS-p030,48.1837,-1,-1,ExactBaseline,0,0,0,0,1.20397,0,0.636375,0,0,0,0,0.994892
E3-LS-p030,48.2045,-1,-1,ExactBaseline,0,0,0,0,1.20397,0,0.603387,0,0,0,0,1
E3-LS-p030,48.2063,-1,-1,ExactBaseline,0,0,0,0,1.20397,0,0.151607,0,0,0,0,1
E3-LS-p030,48.2083,-1,-1,ExactBaseline,0,0,0,0,1.20397,0,1.11967,0,0,0,0,0.997446
E3-LS-p030,48.2088,-1,-1,ExactBaseline,0,0,0,0,1.20397,0,1.42228,0,0,0,0,1
E3-LS-p030,48.2109,-1,-1,ExactBaseline,0,0,0,0,1.20397,0,0.723079,0,0,0,0,0.996215
E3-LS-p030,48.2147,-1,-1,ExactBaseline,0,0,0,0,1.20397,0,0.857057,0,0,0,0,0.992338
E3-LS-p030,48.2149,-1,-1,ExactBaseline,0,0,0,0,1.20397,0,1.65716,0,0,0,0,1
E3-LS-p030,48.2234,-1,-1,ExactBaseline,0,0,0,0,1.20397,0,1.26911,0,0,0,0,1
E3-LS-p030,48.2266,-1,-1,ExactBaseline,0,0,0,0,1.20397,0,0.315192,0,0,0,0,1
E3-LS-p030,48.2299,532,184,ExactBaseline,1,1,0.00196638,0.693147,1.20397,3,0.643533,0,0,0,0,0.997446
E3-LS-p030,48.232,-1,-1,ExactBaseline,0,0,0,0,1.20397,0,0.183426,0,0,0,0,1
E3-LS-p030,48.2357,-1,-1,ExactBaseline,0,0,0,0,1.20397,0,0.117194,0,0,0,0,1
E3-LS-p030,48.2389,-1,-1,ExactBaseline,0,0,0,0,1.20397,0,0.131935,0,0,0,0,1
E3-LS-p030,48.2418,-1,-1,ExactBaseline,0,0,0,0,1.20397,0,0.62923,0,0,0,0,1
E3-LS-p030,48.2497,-1,-1,ExactBaseline,0,0,0,0,1.20397,0,0.284826,0,0,0,0,1
E3-LS-p030,48.2501,-1,-1,ExactBaseline,0,0,0,0,1.20397,0,0.017639,0,0,0,0,1
E3-LS-p030,48.2538,-1,-1,ExactBaseline,0,0,0,0,1.20397,0,0.533225,0,0,0,0,1
E3-LS-p030,48.2636,-1,-1,ExactBaseline,0,0,0,0,1.20397,0,1.38278,0,0,0,0,0.997446
E3-LS-p030,48.2779,-1,-1,ExactBaseline,0,0,0,0,1.20397,0,1.57063,0,0,0,0,0.997446
E3-LS-p030,48.2827,-1,-1,ExactBaseline,0,0,0,0,1.20397,0,0.956098,0,0,0,0,1
E3-LS-p030,48.2905,-1,-1,ExactBaseline,0,0,0,0,1.20397,0,0.778948,0,0,0,0,1
E3-LS-p030,48.2916,-1,-1,ExactBaseline,0,0,0,0,1.20397,0,0.379432,0,0,0,0,1
E3-LS-p030,48.2965,-1,-1,ExactBaseline,0,0,0,0,1.20397,0,0.992604,0,0,0,0,1
E3-LS-p030,48.302,-1,-1,ExactBaseline,0,0,0,0,1.20397,0,0.95888,0,0,0,0,0.994161
E3-LS-p030,48.3053,-1,-1,ExactBaseline,0,0,0,0,1.20397,0,0.291187,0,0,0,0,1
E3-LS-p030,48.3072,-1,-1,ExactBaseline,0,0,0,0,1.20397,0,1.32205,0,0,0,0,0.994892
E3-LS-p030,48.3166,-1,-1,ExactBaseline,0,0,0,0,1.20397,0,1.39257,0,0,0,0,0.997446
E3-LS-p030,48.3199,-1,-1,ExactBaseline,0,0,0,0,1.20397,0,0.026917,0,0,0,0,1
E3-LS-p030,48.3215,-1,-1,ExactBaseline,0,0,0,0,1.20397,0,0.682997,0,0,0,0,1
E3-LS-p030,48.3224,-1,-1,ExactBaseline,0,0,0,0,1.20397,0,1.7723,0,0,0,0,1
E3-LS-p030,48.3245,-1,-1,ExactBaseline,0,0,0,0,1.20397,0,1.86522,0,0,0,0,0.997446
E3-LS-p030,48.3268,-1,-1,ExactBaseline,0,0,0,0,1.20397,0,0.298291,0,0,0,0,1
E3-LS-p030,48.3271,-1,-1,ExactBaseline,0,0,0,0,1.20397,0,0.752674,0,0,0,0,1
E3-LS-p030,48.3289,-1,-1,ExactBaseline,0,0,0,0,1.20397,0,0.660501,0,0,0,0,1
E3-LS-p030,48.3318,-1,-1,ExactBaseline,0,0,0,0,1.20397,0,0.545906,0,0,0,0,0.992338
E3-LS-p030,48.3335,-1,-1,ExactBaseline,0,0,0,0,1.20397,0,0.554719,0,0,0,0,1
E3-LS-p030,48.3385,-1,-1,ExactBaseline,0,0,0,0,1.20397,0,0.771778,0,0,0,0,1
E3-LS-p030,48.3412,-1,-1,ExactBaseline,0,0,0,0,1.20397,0,0.736986,0,0,0,0,1
E3-LS-p030,48.3419,-1,-1,ExactBaseline,0,0,0,0,1.20397,0,1.93246,0,0,0,0,0.998769
E3-LS-p030,48.3441,-1,-1,ExactBaseline,0,0,0,0,1.20397,0,0.152087,0,0,0,0,1
E3-LS-p030,48.3505,-1,-1,ExactBaseline,0,0,0,0,1.20397,0,0.017127,0,0,0,0,1
E3-LS-p030,48.3701,-1,-1,ExactBaseline,0,0,0,0,1.20397,0,1.944,0,0,0,0,1
E3-LS-p030,48.373,-1,-1,ExactBaseline,0,0,0,0,1.20397,0,1.01073,0,0,0,0,1
E3-LS-p030,48.3812,-1,-1,ExactBaseline,0,0,0,0,1.20397,0,0.605593,0,0,0,0,1
E3-LS-p030,48.3814,-1,-1,ExactBaseline,0,0,0,0,1.20397,0,0.104477,0,0,0,0,1
E3-LS-p030,48.3826,-1,-1,ExactBaseline,0,0,0,0,1.20397,0,0.259793,0,0,0,0,0.992338
E3-LS-p030,48.3841,-1,-1,ExactBaseline,0,0,0,0,1.20397,0,0.226218,0,0,0,0,0.997446
E3-LS-p030,48.3895,-1,-1,ExactBaseline,0,0,0,0,1.20397,0,0.463121,0,0,0,0,1
E3-LS-p030,48.3916,-1,-1,ExactBaseline,0,0,0,0,1.20397,0,0.482994,0,0,0,0,0.997446
E3-LS-p030,48.3957,-1,-1,ExactBaseline,0,0,0,0,1.20397,0,0.210099,0,0,0,0,1
E3-LS-p030,48.3983,-1,-1,ExactBaseline,0,0,0,0,1.20397,0,0.271469,0,0,0,0,1
E3-LS-p030,48.4072,-1,-1,ExactBaseline,0,0,0,0,1.20397,0,0.125073,0,0,0,0,1
E3-LS-p030,48.4081,-1,-1,ExactBaseline,0,0,0,0,1.20397,0,0.148045,0,0,0,0,1
E3-LS-p030,48.4105,-1,-1,ExactBaseline,0,0,0,0,1.20397,0,0.128701,0,0,0,0,1
E3-LS-p030,48.4142,-1,-1,ExactBaseline,0,0,0,0,1.20397,0,0.808152,0,0,0,0,0.997446
E3-LS-p030,48.4169,404,141,ExactBaseline,1,1,0.00197846,0.693147,1.20397,3,0.884195,0,0,0,0,0.997446
E3-LS-p030,48.4308,-1,-1,ExactBaseline,0,0,0,0,1.20397,0,0.121238,0,0,0,0,1
E3-LS-p030,48.4425,-1,-1,ExactBaseline,0,0,0,0,1.20397,0,0.010678,0,0,0,0,1
E3-LS-p030,48.4493,469,290,ExactBaseline,1,1,0.00203538,0.693147,1.20397,3,0.965271,0,0,0,0,0.997446
E3-LS-p030,48.4504,-1,-1,ExactBaseline,0,0,0,0,1.20397,0,0.88282,0,0,0,0,1
E3-LS-p030,48.4532,-1,-1,ExactBaseline,0,0,0,0,1.20397,0,0.315314,0,0,0,0,0.994892
E3-LS-p030,48.4538,-1,-1,ExactBaseline,0,0,0,0,1.20397,0,0.464553,0,0,0,0,0.997446
E3-LS-p030,48.464,529,393,ExactBaseline,1,1,0.00196075,0.693147,1.20397,3,0.583662,0,0,0,0,0.997446
E3-LS-p030,48.4663,-1,-1,ExactBaseline,0,0,0,0,1.20397,0,0.191444,0,0,0,0,0.997446
E3-LS-p030,48.4682,-1,-1,ExactBaseline,0,0,0,0,1.20397,0,0.2413,0,0,0,0,1
E3-LS-p030,48.4689,-1,-1,ExactBaseline,0,0,0,0,1.20397,0,1.37066,0,0,0,0,1
E3-LS-p030,48.4716,336,28,ExactBaseline,1,1,0.00196213,0.693147,1.20397,3,0.843291,0,0,0,0,0.997446
E3-LS-p030,48.4733,533,354,ExactBaseline,1,1,0.00201154,0.693147,1.20397,3,0.90297,0,0,0,0,0.997446
E3-LS-p030,48.4806,-1,-1,ExactBaseline,0,0,0,0,1.20397,0,0.145631,0,0,0,0,1
E3-LS-p030,48.4809,-1,-1,ExactBaseline,0,0,0,0,1.20397,0,0.973769,0,0,0,0,0.996831
E3-LS-p030,48.4816,-1,-1,ExactBaseline,0,0,0,0,1.20397,0,0.306136,0,0,0,0,0.997446
E3-LS-p030,48.4933,-1,-1,ExactBaseline,0,0,0,0,1.20397,0,1.41877,0,0,0,0,1
E3-LS-p030,48.4985,-1,-1,ExactBaseline,0,0,0,0,1.20397,0,0.191699,0,0,0,0,1
E3-LS-p030,48.501,-1,-1,ExactBaseline,0,0,0,0,1.20397,0,0.52221,0,0,0,0,1
E3-LS-p030,48.501,171,152,ExactBaseline,1,1,0.00241768,0.693147,1.20397,3,0.561688,0,0,0,0,0.992338
E3-LS-p030,48.5044,-1,-1,ExactBaseline,0,0,0,0,1.20397,0,0.530392,0,0,0,0,1
E3-LS-p030,48.5046,-1,-1,ExactBaseline,0,0,0,0,1.20397,0,0.360895,0,0,0,0,1
E3-LS-p030,48.5071,-1,-1,ExactBaseline,0,0,0,0,1.20397,0,0.531039,0,0,0,0,1
E3-LS-p030,48.5077,-1,-1,ExactBaseline,0,0,0,0,1.20397,0,0.098297,0,0,0,0,1
E3-LS-p030,48.5125,-1,-1,ExactBaseline,0,0,0,0,1.20397,0,0.726604,0,0,0,0,1
E3-LS-p030,48.5138,-1,-1,ExactBaseline,0,0,0,0,1.20397,0,0.398072,0,0,0,0,1
E3-LS-p030,48.5148,-1,-1,ExactBaseline,0,0,0,0,1.20397,0,0.622717,0,0,0,0,0.997446
E3-LS-p030,48.5245,-1,-1,ExactBaseline,0,0,0,0,1.20397,0,0.555677,0,0,0,0,0.997446
E3-LS-p030,48.525,-1,-1,ExactBaseline,0,0,0,0,1.20397,0,0.076544,0,0,0,0,1
E3-LS-p030,48.5252,-1,-1,ExactBaseline,0,0,0,0,1.20397,0,0.822778,0,0,0,0,1
E3-LS-p030,48.5295,-1,-1,ExactBaseline,0,0,0,0,1.20397,0,0.552825,0,0,0,0,1
E3-LS-p030,48.5309,-1,-1,ExactBaseline,0,0,0,0,1.20397,0,1.06485,0,0,0,0,1
E3-LS-p030,48.541,-1,-1,ExactBaseline,0,0,0,0,1.20397,0,0.053113,0,0,0,0,1
E3-LS-p030,48.5447,-1,-1,ExactBaseline,0,0,0,0,1.20397,0,0.159823,0,0,0,0,1
E3-LS-p030,48.568,-1,-1,ExactBaseline,0,0,0,0,1.20397,0,0.118832,0,0,0,0,1
E3-LS-p030,48.5684,-1,-1,ExactBaseline,0,0,0,0,1.20397,0,1.84838,0,0,0,0,0.992338
E3-LS-p030,48.5702,-1,-1,ExactBaseline,0,0,0,0,1.20397,0,1.4502,0,0,0,0,1
E3-LS-p030,48.5742,-1,-1,ExactBaseline,0,0,0,0,1.20397,0,0.946312,0,0,0,0,1
E3-LS-p030,48.5835,-1,-1,ExactBaseline,0,0,0,0,1.20397,0,0.526751,0,0,0,0,1
E3-LS-p030,48.5853,-1,-1,ExactBaseline,0,0,0,0,1.20397,0,1.30035,0,0,0,0,0.997446
E3-LS-p030,48.5871,-1,-1,ExactBaseline,0,0,0,0,1.20397,0,0.206129,0,0,0,0,1
E3-LS-p030,48.5881,-1,-1,ExactBaseline,0,0,0,0,1.20397,0,0.374119,0,0,0,0,1
E3-LS-p030,48.5908,-1,-1,ExactBaseline,0,0,0,0,1.20397,0,0.064811,0,0,0,0,1
E3-LS-p030,48.5926,-1,-1,ExactBaseline,0,0,0,0,1.20397,0,0.388756,0,0,0,0,1
E3-LS-p030,48.5934,-1,-1,ExactBaseline,0,0,0,0,1.20397,0,0.54991,0,0,0,0,1
E3-LS-p030,48.6015,-1,-1,ExactBaseline,0,0,0,0,1.20397,0,0.871855,0,0,0,0,1
E3-LS-p030,48.602,-1,-1,ExactBaseline,0,0,0,0,1.20397,0,1.20484,0,0,0,0,1
E3-LS-p030,48.6026,-1,-1,ExactBaseline,0,0,0,0,1.20397,0,0.73424,0,0,0,0,0.994276
E3-LS-p030,48.6054,-1,-1,ExactBaseline,0,0,0,0,1.20397,0,0.608673,0,0,0,0,1
E3-LS-p030,48.6118,-1,-1,ExactBaseline,0,0,0,0,1.20397,0,0.276662,0,0,0,0,1
E3-LS-p030,48.6137,-1,-1,ExactBaseline,0,0,0,0,1.20397,0,0.989265,0,0,0,0,0.997446
E3-LS-p030,48.6161,-1,-1,ExactBaseline,0,0,0,0,1.20397,0,0.836388,0,0,0,0,0.997446
E3-LS-p030,48.6161,-1,-1,ExactBaseline,0,0,0,0,1.20397,0,0.840952,0,0,0,0,1
E3-LS-p030,48.6173,-1,-1,ExactBaseline,0,0,0,0,1.20397,0,1.05314,0,0,0,0,1
E3-LS-p030,48.6234,-1,-1,ExactBaseline,0,0,0,0,1.20397,0,0.187315,0,0,0,0,1
E3-LS-p030,48.6323,97,494,ExactBaseline,1,1,0.00194973,0.693147,1.20397,3,0.614163,0,0,0,0,0.997446
E3-LS-p030,48.6336,175,572,ExactBaseline,1,1,0.00240628,0.693147,1.20397,3,0.068189,0,0,0,0,0.994892
E3-LS-p030,48.6379,-1,-1,ExactBaseline,0,0,0,0,1.20397,0,0.742456,0,0,0,0,0.994892
E3-LS-p030,48.6423,-1,-1,ExactBaseline,0,0,0,0,1.20397,0,0.508305,0,0,0,0,1
E3-LS-p030,48.6444,-1,-1,ExactBaseline,0,0,0,0,1.20397,0,0.03219,0,0,0,0,1
E3-LS-p030,48.6485,-1,-1,ExactBaseline,0,0,0,0,1.20397,0,0.672681,0,0,0,0,1
E3-LS-p030,48.6521,-1,-1,ExactBaseline,0,0,0,0,1.20397,0,0.586259,0,0,0,0,0.994892
E3-LS-p030,48.6603,392,444,ExactBaseline,1,1,0.00201195,0.693147,1.20397,3,1.61296,0,0,0,0,0.997446
E3-LS-p030,48.6642,374,510,ExactBaseline,1,1,0.00197575,0.693147,1.20397,3,0.815382,0,0,0,0,0.997446
E3-LS-p030,48.6686,-1,-1,ExactBaseline,0,0,0,0,1.20397,0,1.41865,0,0,0,0,0.997446
E3-LS-p030,48.6745,-1,-1,ExactBaseline,0,0,0,0,1.20397,0,0.018228,0,0,0,0,1
E3-LS-p030,48.6751,-1,-1,ExactBaseline,0,0,0,0,1.20397,0,0.828159,0,0,0,0,1
E3-LS-p030,48.6773,-1,-1,ExactBaseline,0,0,0,0,1.20397,0,0.6056,0,0,0,0,0.992478
E3-LS-p030,48.6791,263,548,ExactBaseline,1,1,0.00205028,0.693147,1.20397,3,1.00303,0,0,0,0,0.997446
E3-LS-p030,48.6791,-1,-1,ExactBaseline,0,0,0,0,1.20397,0,0.960941,0,0,0,0,1
E3-LS-p030,48.6879,-1,-1,ExactBaseline,0,0,0,0,1.20397,0,0.119294,0,0,0,0,1
E3-LS-p030,48.6888,-1,-1,ExactBaseline,0,0,0,0,1.20397,0,0.242689,0,0,0,0,1
E3-LS-p030,48.6898,406,487,ExactBaseline,1,1,0.00196161,0.693147,1.20397,3,1.39502,0,0,0,0,0.994892
E3-LS-p030,48.6942,-1,-1,ExactBaseline,0,0,0,0,1.20397,0,0.825425,0,0,0,0,1
E3-LS-p030,48.6947,-1,-1,ExactBaseline,0,0,0,0,1.20397,0,0.806591,0,0,0,0,1
E3-LS-p030,48.7003,-1,-1,ExactBaseline,0,0,0,0,1.20397,0,0.421695,0,0,0,0,1
E3-LS-p030,48.7076,-1,-1,ExactBaseline,0,0,0,0,1.20397,0,0.856023,0,0,0,0,0.997446
E3-LS-p030,48.71,-1,-1,ExactBaseline,0,0,0,0,1.20397,0,0.39749,0,0,0,0,1
E3-LS-p030,48.7118,-1,-1,ExactBaseline,0,0,0,0,1.20397,0,0.19553,0,0,0,0,1
E3-LS-p030,48.7157,-1,-1,ExactBaseline,0,0,0,0,1.20397,0,0.962644,0,0,0,0,0.997446
E3-LS-p030,48.7291,-1,-1,ExactBaseline,0,0,0,0,1.20397,0,0.915965,0,0,0,0,0.997446
E3-LS-p030,48.7297,-1,-1,ExactBaseline,0,0,0,0,1.20397,0,0.028969,0,0,0,0,1
E3-LS-p030,48.7309,-1,-1,ExactBaseline,0,0,0,0,1.20397,0,0.617011,0,0,0,0,0.997446
E3-LS-p030,48.7337,-1,-1,ExactBaseline,0,0,0,0,1.20397,0,0.274695,0,0,0,0,0.997446
E3-LS-p030,48.7364,-1,-1,ExactBaseline,0,0,0,0,1.20397,0,0.857569,0,0,0,0,1
E3-LS-p030,48.7471,-1,-1,ExactBaseline,0,0,0,0,1.20397,0,0.414926,0,0,0,0,1
E3-LS-p030,48.7478,-1,-1,ExactBaseline,0,0,0,0,1.20397,0,0.65312,0,0,0,0,1
E3-LS-p030,48.7548,-1,-1,ExactBaseline,0,0,0,0,1.20397,0,0.163248,0,0,0,0,1
E3-LS-p030,48.7643,-1,-1,ExactBaseline,0,0,0,0,1.20397,0,1.45982,0,0,0,0,0.997446
E3-LS-p030,48.7644,-1,-1,ExactBaseline,0,0,0,0,1.20397,0,1.35527,0,0,0,0,1
E3-LS-p030,48.7716,-1,-1,ExactBaseline,0,0,0,0,1.20397,0,0.805238,0,0,0,0,0.997446
E3-LS-p030,48.7739,372,91,ExactBaseline,1,1,0.00200857,0.693147,1.20397,3,1.6366,0,0,0,0,0.994892
E3-LS-p030,48.7767,-1,-1,ExactBaseline,0,0,0,0,1.20397,0,0.831488,0,0,0,0,0.997446
E3-LS-p030,48.7769,-1,-1,ExactBaseline,0,0,0,0,1.20397,0,0.041693,0,0,0,0,1
E3-LS-p030,48.7786,-1,-1,ExactBaseline,0,0,0,0,1.20397,0,0.233972,0,0,0,0,1
E3-LS-p030,48.7823,-1,-1,ExactBaseline,0,0,0,0,1.20397,0,1.29968,0,0,0,0,0.997446
E3-LS-p030,48.7889,-1,-1,ExactBaseline,0,0,0,0,1.20397,0,0.151957,0,0,0,0,1
E3-LS-p030,48.7959,-1,-1,ExactBaseline,0,0,0,0,1.20397,0,0.244816,0,0,0,0,0.997446
E3-LS-p030,48.8089,-1,-1,ExactBaseline,0,0,0,0,1.20397,0,1.05828,0,0,0,0,0.995803
E3-LS-p030,48.8129,-1,-1,ExactBaseline,0,0,0,0,1.20397,0,1.17054,0,0,0,0,1
E3-LS-p030,48.8131,-1,-1,ExactBaseline,0,0,0,0,1.20397,0,0.316183,0,0,0,0,1
E3-LS-p030,48.8148,-1,-1,ExactBaseline,0,0,0,0,1.20397,0,0.824587,0,0,0,0,0.997446
E3-LS-p030,48.8149,-1,-1,ExactBaseline,0,0,0,0,1.20397,0,0.593751,0,0,0,0,0.999385
E3-LS-p030,48.8211,-1,-1,ExactBaseline,0,0,0,0,1.20397,0,0.759826,0,0,0,0,1
E3-LS-p030,48.8276,-1,-1,ExactBaseline,0,0,0,0,1.20397,0,1.00911,0,0,0,0,1
E3-LS-p030,48.8287,-1,-1,ExactBaseline,0,0,0,0,1.20397,0,0.825931,0,0,0,0,0.998769
E3-LS-p030,48.8364,-1,-1,ExactBaseline,0,0,0,0,1.20397,0,0.11896,0,0,0,0,1
E3-LS-p030,48.8407,-1,-1,ExactBaseline,0,0,0,0,1.20397,0,1.11187,0,0,0,0,1
E3-LS-p030,48.8439,-1,-1,ExactBaseline,0,0,0,0,1.20397,0,0.161387,0,0,0,0,1
E3-LS-p030,48.8466,-1,-1,ExactBaseline,0,0,0,0,1.20397,0,0.181155,0,0,0,0,1
E3-LS-p030,48.8476,-1,-1,ExactBaseline,0,0,0,0,1.20397,0,0.122971,0,0,0,0,1
E3-LS-p030,48.8537,-1,-1,ExactBaseline,0,0,0,0,1.20397,0,0.367674,0,0,0,0,1
E3-LS-p030,48.8547,-1,-1,ExactBaseline,0,0,0,0,1.20397,0,1.0362,0,0,0,0,0.997446
E3-LS-p030,48.8562,-1,-1,ExactBaseline,0,0,0,0,1.20397,0,0.651724,0,0,0,0,0.997446
E3-LS-p030,48.8576,-1,-1,ExactBaseline,0,0,0,0,1.20397,0,0.550174,0,0,0,0,1
E3-LS-p030,48.861,-1,-1,ExactBaseline,0,0,0,0,1.20397,0,0.361046,0,0,0,0,1
E3-LS-p030,48.8685,-1,-1,ExactBaseline,0,0,0,0,1.20397,0,0.249367,0,0,0,0,0.997446
E3-LS-p030,48.8691,-1,-1,ExactBaseline,0,0,0,0,1.20397,0,0.4847,0,0,0,0,1
E3-LS-p030,48.8736,-1,-1,ExactBaseline,0,0,0,0,1.20397,0,0.645859,0,0,0,0,1
E3-LS-p030,48.8766,-1,-1,ExactBaseline,0,0,0,0,1.20397,0,1.1119,0,0,0,0,1
E3-LS-p030,48.8776,62,235,ExactBaseline,1,1,0.00197373,0.693147,1.20397,3,0.836161,0,0,0,0,0.997446
E3-LS-p030,48.878,-1,-1,ExactBaseline,0,0,0,0,1.20397,0,1.04443,0,0,0,0,0.997446
E3-LS-p030,48.8881,-1,-1,ExactBaseline,0,0,0,0,1.20397,0,1.17472,0,0,0,0,1
E3-LS-p030,48.8958,-1,-1,ExactBaseline,0,0,0,0,1.20397,0,0.102615,0,0,0,0,1
E3-LS-p030,48.8959,-1,-1,ExactBaseline,0,0,0,0,1.20397,0,0.761578,0,0,0,0,1
E3-LS-p030,48.8959,-1,-1,ExactBaseline,0,0,0,0,1.20397,0,1.03225,0,0,0,0,0.994892
E3-LS-p030,48.8982,334,74,ExactBaseline,1,1,0.00203395,0.693147,1.20397,3,1.21844,0,0,0,0,0.994892
E3-LS-p030,48.9015,-1,-1,ExactBaseline,0,0,0,0,1.20397,0,0.443745,0,0,0,0,1
E3-LS-p030,48.9016,-1,-1,ExactBaseline,0,0,0,0,1.20397,0,0.968942,0,0,0,0,0.997446
E3-LS-p030,48.9039,-1,-1,ExactBaseline,0,0,0,0,1.20397,0,1.2228,0,0,0,0,1
E3-LS-p030,48.9097,-1,-1,ExactBaseline,0,0,0,0,1.20397,0,1.22051,0,0,0,0,1
E3-LS-p030,48.9144,-1,-1,ExactBaseline,0,0,0,0,1.20397,0,0.280964,0,0,0,0,1
E3-LS-p030,48.9157,-1,-1,ExactBaseline,0,0,0,0,1.20397,0,0.670163,0,0,0,0,1
E3-LS-p030,48.9211,-1,-1,ExactBaseline,0,0,0,0,1.20397,0,0.778977,0,0,0,0,1
E3-LS-p030,48.9219,-1,-1,ExactBaseline,0,0,0,0,1.20397,0,0.819918,0,0,0,0,0.997446
E3-LS-p030,48.9437,-1,-1,ExactBaseline,0,0,0,0,1.20397,0,0.410472,0,0,0,0,1
E3-LS-p030,48.9497,-1,-1,ExactBaseline,0,0,0,0,1.20397,0,0.007243,0,0,0,0,1
E3-LS-p030,48.9553,-1,-1,ExactBaseline,0,0,0,0,1.20397,0,0.309707,0,0,0,0,0.997446
E3-LS-p030,48.9569,149,60,ExactBaseline,1,1,0.00199951,0.693147,1.20397,3,1.4979,0,0,0,0,0.994892
E3-LS-p030,48.9579,-1,-1,ExactBaseline,0,0,0,0,1.20397,0,0.739889,0,0,0,0,0.997446
E3-LS-p030,48.9584,-1,-1,ExactBaseline,0,0,0,0,1.20397,0,0.013696,0,0,0,0,1
E3-LS-p030,48.9649,350,548,ExactBaseline,1,1,0.00193653,0.693147,1.20397,3,0.705996,0,0,0,0,0.997446
E3-LS-p030,48.9654,40,356,ExactBaseline,1,1,0.00318708,1.08091,1.20397,4,2.27955,0,0,0,0,0.996923
E3-LS-p030,48.9661,-1,-1,ExactBaseline,0,0,0,0,1.20397,0,0.886356,0,0,0,0,1
E3-LS-p030,48.9679,-1,-1,ExactBaseline,0,0,0,0,1.20397,0,0.390032,0,0,0,0,0.994892
E3-LS-p030,48.978,-1,-1,ExactBaseline,0,0,0,0,1.20397,0,0.303887,0,0,0,0,1
E3-LS-p030,48.9785,-1,-1,ExactBaseline,0,0,0,0,1.20397,0,0.404677,0,0,0,0,1
E3-LS-p030,48.98,-1,-1,ExactBaseline,0,0,0,0,1.20397,0,1.29201,0,0,0,0,0.997446
E3-LS-p030,48.9819,-1,-1,ExactBaseline,0,0,0,0,1.20397,0,0.691711,0,0,0,0,0.997446
E3-LS-p030,48.986,-1,-1,ExactBaseline,0,0,0,0,1.20397,0,0.886987,0,0,0,0,1
E3-LS-p030,49.0004,-1,-1,ExactBaseline,0,0,0,0,1.20397,0,1.01368,0,0,0,0,1
E3-LS-p030,49.0064,-1,-1,ExactBaseline,0,0,0,0,1.20397,0,0.817584,0,0,0,0,0.997446
E3-LS-p030,49.0125,-1,-1,ExactBaseline,0,0,0,0,1.20397,0,0.718469,0,0,0,0,1
E3-LS-p030,49.0259,-1,-1,ExactBaseline,0,0,0,0,1.20397,0,1.06554,0,0,0,0,0.997446
E3-LS-p030,49.0289,220,558,ExactBaseline,1,1,0.002384,0.693147,1.20397,3,0.615018,0,0,0,0,0.994892
E3-LS-p030,49.0345,-1,-1,ExactBaseline,0,0,0,0,1.20397,0,0.213309,0,0,0,0,0.997446
E3-LS-p030,49.0358,-1,-1,ExactBaseline,0,0,0,0,1.20397,0,0.569906,0,0,0,0,0.997446
E3-LS-p030,49.045,-1,-1,ExactBaseline,0,0,0,0,1.20397,0,0.48045,0,0,0,0,0.994892
E3-LS-p030,49.0512,-1,-1,ExactBaseline,0,0,0,0,1.20397,0,0.349243,0,0,0,0,0.997446
E3-LS-p030,49.0518,-1,-1,ExactBaseline,0,0,0,0,1.20397,0,0.189409,0,0,0,0,1
E3-LS-p030,49.0587,-1,-1,ExactBaseline,0,0,0,0,1.20397,0,1.85051,0,0,0,0,0.998769
E3-LS-p030,49.06,-1,-1,ExactBaseline,0,0,0,0,1.20397,0,0.653298,0,0,0,0,1
E3-LS-p030,49.0602,-1,-1,ExactBaseline,0,0,0,0,1.20397,0,1.55254,0,0,0,0,1
E3-LS-p030,49.0641,-1,-1,ExactBaseline,0,0,0,0,1.20397,0,0.631274,0,0,0,0,0.997446
E3-LS-p030,49.0697,-1,-1,ExactBaseline,0,0,0,0,1.20397,0,1.09578,0,0,0,0,1
E3-LS-p030,49.071,-1,-1,ExactBaseline,0,0,0,0,1.20397,0,1.12887,0,0,0,0,1
E3-LS-p030,49.0754,-1,-1,ExactBaseline,0,0,0,0,1.20397,0,0.096473,0,0,0,0,1
E3-LS-p030,49.0825,-1,-1,ExactBaseline,0,0,0,0,1.20397,0,0.179188,0,0,0,0,0.997446
E3-LS-p030,49.0889,-1,-1,ExactBaseline,0,0,0,0,1.20397,0,0.778241,0,0,0,0,0.992338
E3-LS-p030,49.0895,-1,-1,ExactBaseline,0,0,0,0,1.20397,0,0.264813,0,0,0,0,1
E3-LS-p030,49.092,-1,-1,ExactBaseline,0,0,0,0,1.20397,0,1.63309,0,0,0,0,1
E3-LS-p030,49.0939,-1,-1,ExactBaseline,0,0,0,0,1.20397,0,0.120112,0,0,0,0,1
E3-LS-p030,49.0993,-1,-1,ExactBaseline,0,0,0,0,1.20397,0,0.829453,0,0,0,0,0.994276
E3-LS-p030,49.1006,-1,-1,ExactBaseline,0,0,0,0,1.20397,0,0.645858,0,0,0,0,1
E3-LS-p030,49.1008,-1,-1,ExactBaseline,0,0,0,0,1.20397,0,0.218213,0,0,0,0,1
E3-LS-p030,49.1039,-1,-1,ExactBaseline,0,0,0,0,1.20397,0,1.2364,0,0,0,0,0.992338
E3-LS-p030,49.1068,-1,-1,ExactBaseline,0,0,0,0,1.20397,0,0.283792,0,0,0,0,1
E3-LS-p030,49.1078,-1,-1,ExactBaseline,0,0,0,0,1.20397,0,1.26203,0,0,0,0,1
E3-LS-p030,49.1089,-1,-1,ExactBaseline,0,0,0,0,1.20397,0,0.080618,0,0,0,0,1
E3-LS-p030,49.1095,-1,-1,ExactBaseline,0,0,0,0,1.20397,0,0.979912,0,0,0,0,1
E3-LS-p030,49.1136,43,566,ExactBaseline,1,1,0.00318433,1.08091,1.20397,4,1.95121,0,0,0,0,0.996831
E3-LS-p030,49.1168,-1,-1,ExactBaseline,0,0,0,0,1.20397,0,0.414796,0,0,0,0,1
E3-LS-p030,49.1179,-1,-1,ExactBaseline,0,0,0,0,1.20397,0,2.02391,0,0,0,0,0.989783
E3-LS-p030,49.1225,-1,-1,ExactBaseline,0,0,0,0,1.20397,0,1.4109,0,0,0,0,1
E3-LS-p030,49.1229,-1,-1,ExactBaseline,0,0,0,0,1.20397,0,1.0015,0,0,0,0,1
E3-LS-p030,49.1282,-1,-1,ExactBaseline,0,0,0,0,1.20397,0,0.231576,0,0,0,0,0.997446
E3-LS-p030,49.1314,-1,-1,ExactBaseline,0,0,0,0,1.20397,0,1.23117,0,0,0,0,1
E3-LS-p030,49.1344,-1,-1,ExactBaseline,0,0,0,0,1.20397,0,0.555771,0,0,0,0,1
E3-LS-p030,49.1394,-1,-1,ExactBaseline,0,0,0,0,1.20397,0,1.03627,0,0,0,0,0.974459
E3-LS-p030,49.1454,-1,-1,ExactBaseline,0,0,0,0,1.20397,0,1.02753,0,0,0,0,0.997446
E3-LS-p030,49.1508,-1,-1,ExactBaseline,0,0,0,0,1.20397,0,0.349822,0,0,0,0,0.997446
E3-LS-p030,49.1513,-1,-1,ExactBaseline,0,0,0,0,1.20397,0,0.158971,0,0,0,0,1
E3-LS-p030,49.1543,-1,-1,ExactBaseline,0,0,0,0,1.20397,0,0.179219,0,0,0,0,1
E3-LS-p030,49.156,-1,-1,ExactBaseline,0,0,0,0,1.20397,0,0.907007,0,0,0,0,1
E3-LS-p030,49.1585,-1,-1,ExactBaseline,0,0,0,0,1.20397,0,0.231771,0,0,0,0,1
E3-LS-p030,49.16,-1,-1,ExactBaseline,0,0,0,0,1.20397,0,0.309445,0,0,0,0,1
E3-LS-p030,49.1626,-1,-1,ExactBaseline,0,0,0,0,1.20397,0,0.851039,0,0,0,0,0.999385
E3-LS-p030,49.1711,-1,-1,ExactBaseline,0,0,0,0,1.20397,0,1.48054,0,0,0,0,0.997446
E3-LS-p030,49.1712,-1,-1,ExactBaseline,0,0,0,0,1.20397,0,0.561916,0,0,0,0,0.997446
E3-LS-p030,49.1741,-1,-1,ExactBaseline,0,0,0,0,1.20397,0,0.155249,0,0,0,0,0.997446
E3-LS-p030,49.1915,-1,-1,ExactBaseline,0,0,0,0,1.20397,0,0.415659,0,0,0,0,1
E3-LS-p030,49.1988,-1,-1,ExactBaseline,0,0,0,0,1.20397,0,0.161493,0,0,0,0,1
E3-LS-p030,49.1995,-1,-1,ExactBaseline,0,0,0,0,1.20397,0,0.960511,0,0,0,0,0.994892
E3-LS-p030,49.1999,-1,-1,ExactBaseline,0,0,0,0,1.20397,0,0.740545,0,0,0,0,1
E3-LS-p030,49.2047,-1,-1,ExactBaseline,0,0,0,0,1.20397,0,0.941228,0,0,0,0,0.994892
E3-LS-p030,49.2053,-1,-1,ExactBaseline,0,0,0,0,1.20397,0,1.66935,0,0,0,0,0.994892
E3-LS-p030,49.2056,-1,-1,ExactBaseline,0,0,0,0,1.20397,0,0.04044,0,0,0,0,1
E3-LS-p030,49.2063,-1,-1,ExactBaseline,0,0,0,0,1.20397,0,1.39697,0,0,0,0,0.992338
E3-LS-p030,49.2104,-1,-1,ExactBaseline,0,0,0,0,1.20397,0,0.7042,0,0,0,0,1
E3-LS-p030,49.2106,-1,-1,ExactBaseline,0,0,0,0,1.20397,0,2.09421,0,0,0,0,0.989783
E3-LS-p030,49.2128,-1,-1,ExactBaseline,0,0,0,0,1.20397,0,1.81337,0,0,0,0,1
E3-LS-p030,49.2135,-1,-1,ExactBaseline,0,0,0,0,1.20397,0,1.73326,0,0,0,0,0.994892
E3-LS-p030,49.2143,-1,-1,ExactBaseline,0,0,0,0,1.20397,0,1.0783,0,0,0,0,1
E3-LS-p030,49.2211,-1,-1,ExactBaseline,0,0,0,0,1.20397,0,1.06944,0,0,0,0,1
E3-LS-p030,49.2216,-1,-1,ExactBaseline,0,0,0,0,1.20397,0,1.25974,0,0,0,0,1
E3-LS-p030,49.2218,-1,-1,ExactBaseline,0,0,0,0,1.20397,0,1.33576,0,0,0,0,1
E3-LS-p030,49.225,225,244,ExactBaseline,1,1,0.00193932,0.693147,1.20397,3,0.660061,0,0,0,0,0.994892
E3-LS-p030,49.2259,-1,-1,ExactBaseline,0,0,0,0,1.20397,0,0.091373,0,0,0,0,1
E3-LS-p030,49.23,-1,-1,ExactBaseline,0,0,0,0,1.20397,0,0.557582,0,0,0,0,1
E3-LS-p030,49.231,-1,-1,ExactBaseline,0,0,0,0,1.20397,0,0.189553,0,0,0,0,1
E3-LS-p030,49.2315,-1,-1,ExactBaseline,0,0,0,0,1.20397,0,0.850015,0,0,0,0,0.998769
E3-LS-p030,49.2339,-1,-1,ExactBaseline,0,0,0,0,1.20397,0,0.661028,0,0,0,0,1
E3-LS-p030,49.2348,-1,-1,ExactBaseline,0,0,0,0,1.20397,0,0.026284,0,0,0,0,1
E3-LS-p030,49.237,-1,-1,ExactBaseline,0,0,0,0,1.20397,0,1.04153,0,0,0,0,0.997446
E3-LS-p030,49.2387,-1,-1,ExactBaseline,0,0,0,0,1.20397,0,0.978022,0,0,0,0,0.997446
E3-LS-p030,49.2416,-1,-1,ExactBaseline,0,0,0,0,1.20397,0,1.11791,0,0,0,0,1
E3-LS-p030,49.242,-1,-1,ExactBaseline,0,0,0,0,1.20397,0,1.69381,0,0,0,0,0.997446
E3-LS-p030,49.2423,-1,-1,ExactBaseline,0,0,0,0,1.20397,0,0.554222,0,0,0,0,0.997446
E3-LS-p030,49.2432,-1,-1,ExactBaseline,0,0,0,0,1.20397,0,1.25247,0,0,0,0,1
E3-LS-p030,49.2439,-1,-1,ExactBaseline,0,0,0,0,1.20397,0,0.122226,0,0,0,0,1
E3-LS-p030,49.247,-1,-1,ExactBaseline,0,0,0,0,1.20397,0,0.202444,0,0,0,0,1
E3-LS-p030,49.2493,-1,-1,ExactBaseline,0,0,0,0,1.20397,0,0.905564,0,0,0,0,0.997446
E3-LS-p030,49.2512,-1,-1,ExactBaseline,0,0,0,0,1.20397,0,0.748455,0,0,0,0,1
E3-LS-p030,49.2608,-1,-1,ExactBaseline,0,0,0,0,1.20397,0,1.14502,0,0,0,0,1
E3-LS-p030,49.2636,-1,-1,ExactBaseline,0,0,0,0,1.20397,0,0.599102,0,0,0,0,0.997446
E3-LS-p030,49.2689,-1,-1,ExactBaseline,0,0,0,0,1.20397,0,1.46821,0,0,0,0,1
E3-LS-p030,49.2692,-1,-1,ExactBaseline,0,0,0,0,1.20397,0,0.298332,0,0,0,0,0.997446
E3-LS-p030,49.2696,-1,-1,ExactBaseline,0,0,0,0,1.20397,0,0.770864,0,0,0,0,1
E3-LS-p030,49.273,-1,-1,ExactBaseline,0,0,0,0,1.20397,0,0.174936,0,0,0,0,0.997446
E3-LS-p030,49.2738,-1,-1,ExactBaseline,0,0,0,0,1.20397,0,0.546736,0,0,0,0,1
E3-LS-p030,49.2786,-1,-1,ExactBaseline,0,0,0,0,1.20397,0,0.16322,0,0,0,0,1
E3-LS-p030,49.2825,-1,-1,ExactBaseline,0,0,0,0,1.20397,0,0.66733,0,0,0,0,1
E3-LS-p030,49.2872,-1,-1,ExactBaseline,0,0,0,0,1.20397,0,0.968918,0,0,0,0,0.992338
E3-LS-p030,49.2891,-1,-1,ExactBaseline,0,0,0,0,1.20397,0,1.72885,0,0,0,0,1
E3-LS-p030,49.3006,-1,-1,ExactBaseline,0,0,0,0,1.20397,0,0.206327,0,0,0,0,0.997446
E3-LS-p030,49.3036,-1,-1,ExactBaseline,0,0,0,0,1.20397,0,0.205649,0,0,0,0,1
E3-LS-p030,49.3116,-1,-1,ExactBaseline,0,0,0,0,1.20397,0,0.132653,0,0,0,0,1
E3-LS-p030,49.317,-1,-1,ExactBaseline,0,0,0,0,1.20397,0,0.136076,0,0,0,0,0.997446
E3-LS-p030,49.3184,-1,-1,ExactBaseline,0,0,0,0,1.20397,0,0.234459,0,0,0,0,1
E3-LS-p030,49.3234,-1,-1,ExactBaseline,0,0,0,0,1.20397,0,1.03144,0,0,0,0,0.994892
E3-LS-p030,49.3238,-1,-1,ExactBaseline,0,0,0,0,1.20397,0,0.148956,0,0,0,0,0.997446
E3-LS-p030,49.3254,-1,-1,ExactBaseline,0,0,0,0,1.20397,0,0.883555,0,0,0,0,1
E3-LS-p030,49.3327,-1,-1,ExactBaseline,0,0,0,0,1.20397,0,0.489921,0,0,0,0,1
E3-LS-p030,49.3356,-1,-1,ExactBaseline,0,0,0,0,1.20397,0,1.32628,0,0,0,0,0.997446
E3-LS-p030,49.3416,-1,-1,ExactBaseline,0,0,0,0,1.20397,0,0.458394,0,0,0,0,1
E3-LS-p030,49.3471,-1,-1,ExactBaseline,0,0,0,0,1.20397,0,0.813184,0,0,0,0,1
E3-LS-p030,49.3493,-1,-1,ExactBaseline,0,0,0,0,1.20397,0,0.600207,0,0,0,0,0.997446
E3-LS-p030,49.3497,-1,-1,ExactBaseline,0,0,0,0,1.20397,0,0.165089,0,0,0,0,1
E3-LS-p030,49.3546,-1,-1,ExactBaseline,0,0,0,0,1.20397,0,1.55953,0,0,0,0,1
E3-LS-p030,49.3547,-1,-1,ExactBaseline,0,0,0,0,1.20397,0,0.326164,0,0,0,0,1
E3-LS-p030,49.3556,-1,-1,ExactBaseline,0,0,0,0,1.20397,0,0.18013,0,0,0,0,1
E3-LS-p030,49.3654,7,179,ExactBaseline,1,1,0.00197919,0.875469,1.20397,3,0.572398,0,0,0,0,0.991107
E3-LS-p030,49.3714,-1,-1,ExactBaseline,0,0,0,0,1.20397,0,0.354851,0,0,0,0,1
E3-LS-p030,49.3752,-1,-1,ExactBaseline,0,0,0,0,1.20397,0,0.082694,0,0,0,0,1
E3-LS-p030,49.3795,-1,-1,ExactBaseline,0,0,0,0,1.20397,0,0.696867,0,0,0,0,0.997446
E3-LS-p030,49.3804,-1,-1,ExactBaseline,0,0,0,0,1.20397,0,0.619119,0,0,0,0,0.994892
E3-LS-p030,49.3842,-1,-1,ExactBaseline,0,0,0,0,1.20397,0,1.212,0,0,0,0,1
E3-LS-p030,49.3911,-1,-1,ExactBaseline,0,0,0,0,1.20397,0,1.02194,0,0,0,0,1
E3-LS-p030,49.3933,-1,-1,ExactBaseline,0,0,0,0,1.20397,0,1.06904,0,0,0,0,0.997446
E3-LS-p030,49.395,337,159,ExactBaseline,1,1,0.00201405,0.693147,1.20397,3,0.277967,0,0,0,0,0.997446
E3-LS-p030,49.3974,-1,-1,ExactBaseline,0,0,0,0,1.20397,0,0.943098,0,0,0,0,0.997446
E3-LS-p030,49.4006,-1,-1,ExactBaseline,0,0,0,0,1.20397,0,1.44034,0,0,0,0,0.996816
E3-LS-p030,49.4012,-1,-1,ExactBaseline,0,0,0,0,1.20397,0,0.960976,0,0,0,0,1
E3-LS-p030,49.4095,-1,-1,ExactBaseline,0,0,0,0,1.20397,0,0.145872,0,0,0,0,1
E3-LS-p030,49.4107,-1,-1,ExactBaseline,0,0,0,0,1.20397,0,0.463694,0,0,0,0,1
E3-LS-p030,49.4115,-1,-1,ExactBaseline,0,0,0,0,1.20397,0,0.866139,0,0,0,0,1
E3-LS-p030,49.416,-1,-1,ExactBaseline,0,0,0,0,1.20397,0,1.07257,0,0,0,0,0.997446
E3-LS-p030,49.4246,-1,-1,ExactBaseline,0,0,0,0,1.20397,0,1.62487,0,0,0,0,0.989783
E3-LS-p030,49.4255,-1,-1,ExactBaseline,0,0,0,0,1.20397,0,0.856299,0,0,0,0,0.989783
E3-LS-p030,49.432,-1,-1,ExactBaseline,0,0,0,0,1.20397,0,0.953831,0,0,0,0,1
E3-LS-p030,49.4394,-1,-1,ExactBaseline,0,0,0,0,1.20397,0,0.539182,0,0,0,0,1
E3-LS-p030,49.4399,-1,-1,ExactBaseline,0,0,0,0,1.20397,0,0.156835,0,0,0,0,1
E3-LS-p030,49.4537,-1,-1,ExactBaseline,0,0,0,0,1.20397,0,0.74376,0,0,0,0,1
E3-LS-p030,49.4553,94,74,ExactBaseline,1,1,0.00203435,0.693147,1.20397,3,0.944019,0,0,0,0,0.992338
E3-LS-p030,49.4571,-1,-1,ExactBaseline,0,0,0,0,1.20397,0,0.466531,0,0,0,0,1
E3-LS-p030,49.4573,-1,-1,ExactBaseline,0,0,0,0,1.20397,0,0.851392,0,0,0,0,0.994892
E3-LS-p030,49.4602,-1,-1,ExactBaseline,0,0,0,0,1.20397,0,0.312585,0,0,0,0,0.994892
E3-LS-p030,49.4649,-1,-1,ExactBaseline,0,0,0,0,1.20397,0,1.69523,0,0,0,0,0.997446
E3-LS-p030,49.4684,-1,-1,ExactBaseline,0,0,0,0,1.20397,0,1.91341,0,0,0,0,1
E3-LS-p030,49.4724,-1,-1,ExactBaseline,0,0,0,0,1.20397,0,0.09226,0,0,0,0,1
E3-LS-p030,49.4806,408,558,ExactBaseline,1,1,0.00206159,0.693147,1.20397,3,0.935018,0,0,0,0,0.997446
E3-LS-p030,49.4817,48,74,ExactBaseline,1,1,0.00200281,0.693147,1.20397,3,1.82852,0,0,0,0,0.992338
E3-LS-p030,49.4823,-1,-1,ExactBaseline,0,0,0,0,1.20397,0,1.67881,0,0,0,0,1
E3-LS-p030,49.4905,-1,-1,ExactBaseline,0,0,0,0,1.20397,0,0.830322,0,0,0,0,1
E3-LS-p030,49.492,-1,-1,ExactBaseline,0,0,0,0,1.20397,0,0.178024,0,0,0,0,1
E3-LS-p030,49.4988,-1,-1,ExactBaseline,0,0,0,0,1.20397,0,1.15243,0,0,0,0,1
E3-LS-p030,49.499,-1,-1,ExactBaseline,0,0,0,0,1.20397,0,0.949134,0,0,0,0,1
E3-LS-p030,49.4994,-1,-1,ExactBaseline,0,0,0,0,1.20397,0,0.79199,0,0,0,0,1
E3-LS-p030,49.5034,-1,-1,ExactBaseline,0,0,0,0,1.20397,0,0.690649,0,0,0,0,1
E3-LS-p030,49.5047,-1,-1,ExactBaseline,0,0,0,0,1.20397,0,0.20587,0,0,0,0,1
E3-LS-p030,49.5143,-1,-1,ExactBaseline,0,0,0,0,1.20397,0,1.00671,0,0,0,0,0.997446
E3-LS-p030,49.5147,-1,-1,ExactBaseline,0,0,0,0,1.20397,0,1.20433,0,0,0,0,0.992338
E3-LS-p030,49.5196,-1,-1,ExactBaseline,0,0,0,0,1.20397,0,0.359721,0,0,0,0,0.994892
E3-LS-p030,49.5224,-1,-1,ExactBaseline,0,0,0,0,1.20397,0,0.981311,0,0,0,0,1
E3-LS-p030,49.5226,-1,-1,ExactBaseline,0,0,0,0,1.20397,0,0.825871,0,0,0,0,0.996831
E3-LS-p030,49.5226,-1,-1,ExactBaseline,0,0,0,0,1.20397,0,0.986096,0,0,0,0,0.997446
E3-LS-p030,49.5235,-1,-1,ExactBaseline,0,0,0,0,1.20397,0,0.997971,0,0,0,0,1
E3-LS-p030,49.5263,-1,-1,ExactBaseline,0,0,0,0,1.20397,0,0.618485,0,0,0,0,0.994892
E3-LS-p030,49.5267,-1,-1,ExactBaseline,0,0,0,0,1.20397,0,1.02183,0,0,0,0,0.994892
E3-LS-p030,49.5304,-1,-1,ExactBaseline,0,0,0,0,1.20397,0,1.5958,0,0,0,0,1
E3-LS-p030,49.5349,-1,-1,ExactBaseline,0,0,0,0,1.20397,0,1.07446,0,0,0,0,1
E3-LS-p030,49.5365,-1,-1,ExactBaseline,0,0,0,0,1.20397,0,1.11194,0,0,0,0,0.997446
E3-LS-p030,49.5438,-1,-1,ExactBaseline,0,0,0,0,1.20397,0,1.41232,0,0,0,0,1
E3-LS-p030,49.546,-1,-1,ExactBaseline,0,0,0,0,1.20397,0,1.53397,0,0,0,0,0.994892
E3-LS-p030,49.547,-1,-1,ExactBaseline,0,0,0,0,1.20397,0,1.0923,0,0,0,0,0.992338
E3-LS-p030,49.5517,-1,-1,ExactBaseline,0,0,0,0,1.20397,0,0.95665,0,0,0,0,1
E3-LS-p030,49.5542,-1,-1,ExactBaseline,0,0,0,0,1.20397,0,1.65216,0,0,0,0,0.997446
E3-LS-p030,49.5606,-1,-1,ExactBaseline,0,0,0,0,1.20397,0,1.65191,0,0,0,0,1
E3-LS-p030,49.5775,-1,-1,ExactBaseline,0,0,0,0,1.20397,0,1.56347,0,0,0,0,0.994892
E3-LS-p030,49.579,-1,-1,ExactBaseline,0,0,0,0,1.20397,0,0.919411,0,0,0,0,1
E3-LS-p030,49.5856,-1,-1,ExactBaseline,0,0,0,0,1.20397,0,0.951051,0,0,0,0,1
E3-LS-p030,49.5875,-1,-1,ExactBaseline,0,0,0,0,1.20397,0,0.787182,0,0,0,0,0.994892
E3-LS-p030,49.5922,-1,-1,ExactBaseline,0,0,0,0,1.20397,0,0.776014,0,0,0,0,1
E3-LS-p030,49.5961,-1,-1,ExactBaseline,0,0,0,0,1.20397,0,1.40002,0,0,0,0,0.994892
E3-LS-p030,49.597,-1,-1,ExactBaseline,0,0,0,0,1.20397,0,0.809126,0,0,0,0,0.997446
E3-LS-p030,49.5972,-1,-1,ExactBaseline,0,0,0,0,1.20397,0,0.697317,0,0,0,0,1
E3-LS-p030,49.6055,241,345,ExactBaseline,1,1,0.00238558,0.693147,1.20397,3,0.29789,0,0,0,0,0.997446
E3-LS-p030,49.6262,-1,-1,ExactBaseline,0,0,0,0,1.20397,0,0.119586,0,0,0,0,1
E3-LS-p030,49.6365,251,487,ExactBaseline,1,1,0.00240628,0.693147,1.20397,3,1.26388,0,0,0,0,0.992338
E3-LS-p030,49.6418,-1,-1,ExactBaseline,0,0,0,0,1.20397,0,1.77098,0,0,0,0,0.997446
E3-LS-p030,49.6437,-1,-1,ExactBaseline,0,0,0,0,1.20397,0,0.083643,0,0,0,0,1
E3-LS-p030,49.647,-1,-1,ExactBaseline,0,0,0,0,1.20397,0,0.897987,0,0,0,0,1
E3-LS-p030,49.6501,-1,-1,ExactBaseline,0,0,0,0,1.20397,0,0.759527,0,0,0,0,0.994892
E3-LS-p030,49.6516,-1,-1,ExactBaseline,0,0,0,0,1.20397,0,0.970273,0,0,0,0,1
E3-LS-p030,49.6559,-1,-1,ExactBaseline,0,0,0,0,1.20397,0,0.247417,0,0,0,0,0.997446
E3-LS-p030,49.6595,-1,-1,ExactBaseline,0,0,0,0,1.20397,0,0.925172,0,0,0,0,0.997446
E3-LS-p030,49.6631,-1,-1,ExactBaseline,0,0,0,0,1.20397,0,0.71017,0,0,0,0,1
E3-LS-p030,49.6666,-1,-1,ExactBaseline,0,0,0,0,1.20397,0,0.813314,0,0,0,0,1
E3-LS-p030,49.6757,-1,-1,ExactBaseline,0,0,0,0,1.20397,0,1.46228,0,0,0,0,0.997446
E3-LS-p030,49.6776,-1,-1,ExactBaseline,0,0,0,0,1.20397,0,1.1665,0,0,0,0,1
E3-LS-p030,49.6786,-1,-1,ExactBaseline,0,0,0,0,1.20397,0,0.988671,0,0,0,0,1
E3-LS-p030,49.6803,-1,-1,ExactBaseline,0,0,0,0,1.20397,0,0.820429,0,0,0,0,0.996831
E3-LS-p030,49.6821,173,21,ExactBaseline,1,1,0.00193151,0.693147,1.20397,3,1.15557,0,0,0,0,0.992338
E3-LS-p030,49.6826,-1,-1,ExactBaseline,0,0,0,0,1.20397,0,0.991378,0,0,0,0,1
E3-LS-p030,49.6846,-1,-1,ExactBaseline,0,0,0,0,1.20397,0,1.05847,0,0,0,0,0.994892
E3-LS-p030,49.685,-1,-1,ExactBaseline,0,0,0,0,1.20397,0,0.935248,0,0,0,0,0.997446
E3-LS-p030,49.6869,-1,-1,ExactBaseline,0,0,0,0,1.20397,0,1.8557,0,0,0,0,0.989168
E3-LS-p030,49.6909,377,56,ExactBaseline,1,1,0.0020111,0.693147,1.20397,3,0.923971,0,0,0,0,0.997446
E3-LS-p030,49.6942,-1,-1,ExactBaseline,0,0,0,0,1.20397,0,0.722871,0,0,0,0,1
E3-LS-p030,49.6944,-1,-1,ExactBaseline,0,0,0,0,1.20397,0,0.548291,0,0,0,0,1
E3-LS-p030,49.6949,-1,-1,ExactBaseline,0,0,0,0,1.20397,0,0.396768,0,0,0,0,0.994892
E3-LS-p030,49.6981,-1,-1,ExactBaseline,0,0,0,0,1.20397,0,0.890279,0,0,0,0,0.997446
E3-LS-p030,49.6981,-1,-1,ExactBaseline,0,0,0,0,1.20397,0,0.046125,0,0,0,0,1
E3-LS-p030,49.7015,-1,-1,ExactBaseline,0,0,0,0,1.20397,0,1.15456,0,0,0,0,0.997446
E3-LS-p030,49.7018,-1,-1,ExactBaseline,0,0,0,0,1.20397,0,0.231014,0,0,0,0,0.999385
E3-LS-p030,49.7025,353,420,ExactBaseline,1,1,0.0024156,0.693147,1.20397,3,0.143318,0,0,0,0,0.997446
E3-LS-p030,49.7095,-1,-1,ExactBaseline,0,0,0,0,1.20397,0,1.00937,0,0,0,0,0.994892
E3-LS-p030,49.7161,-1,-1,ExactBaseline,0,0,0,0,1.20397,0,1.38564,0,0,0,0,0.994892
E3-LS-p030,49.7168,-1,-1,ExactBaseline,0,0,0,0,1.20397,0,1.62973,0,0,0,0,0.994892
E3-LS-p030,49.7179,-1,-1,ExactBaseline,0,0,0,0,1.20397,0,0.761804,0,0,0,0,0.994892
E3-LS-p030,49.7213,-1,-1,ExactBaseline,0,0,0,0,1.20397,0,0.304804,0,0,0,0,1
E3-LS-p030,49.725,-1,-1,ExactBaseline,0,0,0,0,1.20397,0,1.59661,0,0,0,0,0.989783
E3-LS-p030,49.7267,-1,-1,ExactBaseline,0,0,0,0,1.20397,0,0.197367,0,0,0,0,0.997446
E3-LS-p030,49.7327,-1,-1,ExactBaseline,0,0,0,0,1.20397,0,0.146495,0,0,0,0,1
E3-LS-p030,49.7331,-1,-1,ExactBaseline,0,0,0,0,1.20397,0,0.38551,0,0,0,0,0.997446
E3-LS-p030,49.7354,-1,-1,ExactBaseline,0,0,0,0,1.20397,0,0.702621,0,0,0,0,1
E3-LS-p030,49.7359,-1,-1,ExactBaseline,0,0,0,0,1.20397,0,1.10966,0,0,0,0,1
E3-LS-p030,49.7398,-1,-1,ExactBaseline,0,0,0,0,1.20397,0,1.07627,0,0,0,0,0.998769
E3-LS-p030,49.7501,-1,-1,ExactBaseline,0,0,0,0,1.20397,0,0.730395,0,0,0,0,0.994892
E3-LS-p030,49.7543,-1,-1,ExactBaseline,0,0,0,0,1.20397,0,1.12877,0,0,0,0,0.992338
E3-LS-p030,49.7657,-1,-1,ExactBaseline,0,0,0,0,1.20397,0,0.898994,0,0,0,0,0.994892
E3-LS-p030,49.7683,-1,-1,ExactBaseline,0,0,0,0,1.20397,0,2.082,0,0,0,0,0.998357
E3-LS-p030,49.7693,82,235,ExactBaseline,1,1,0.00240222,0.875469,1.20397,3,1.42438,0,0,0,0,0.998357
E3-LS-p030,49.7711,-1,-1,ExactBaseline,0,0,0,0,1.20397,0,0.919437,0,0,0,0,1
E3-LS-p030,49.7717,-1,-1,ExactBaseline,0,0,0,0,1.20397,0,0.856676,0,0,0,0,1
E3-LS-p030,49.7726,-1,-1,ExactBaseline,0,0,0,0,1.20397,0,1.35167,0,0,0,0,1
E3-LS-p030,49.7745,-1,-1,ExactBaseline,0,0,0,0,1.20397,0,0.223985,0,0,0,0,0.994892
E3-LS-p030,49.779,386,414,ExactBaseline,1,1,0.00193231,0.693147,1.20397,3,0.806251,0,0,0,0,0.997446
E3-LS-p030,49.7812,-1,-1,ExactBaseline,0,0,0,0,1.20397,0,1.10897,0,0,0,0,1
E3-LS-p030,49.7892,-1,-1,ExactBaseline,0,0,0,0,1.20397,0,0.920695,0,0,0,0,0.997446
E3-LS-p030,49.7909,-1,-1,ExactBaseline,0,0,0,0,1.20397,0,0.449438,0,0,0,0,0.997446
E3-LS-p030,49.7917,-1,-1,ExactBaseline,0,0,0,0,1.20397,0,2.042,0,0,0,0,1
E3-LS-p030,49.801,-1,-1,ExactBaseline,0,0,0,0,1.20397,0,0.54938,0,0,0,0,1
E3-LS-p030,49.8057,-1,-1,ExactBaseline,0,0,0,0,1.20397,0,0.298689,0,0,0,0,1
E3-LS-p030,49.8096,-1,-1,ExactBaseline,0,0,0,0,1.20397,0,0.329801,0,0,0,0,0.997446
E3-LS-p030,49.8105,-1,-1,ExactBaseline,0,0,0,0,1.20397,0,1.20408,0,0,0,0,0.992338
E3-LS-p030,49.8106,-1,-1,ExactBaseline,0,0,0,0,1.20397,0,1.5377,0,0,0,0,1
E3-LS-p030,49.8192,-1,-1,ExactBaseline,0,0,0,0,1.20397,0,0.929132,0,0,0,0,1
E3-LS-p030,49.8206,-1,-1,ExactBaseline,0,0,0,0,1.20397,0,0.734464,0,0,0,0,0.997446
E3-LS-p030,49.8216,-1,-1,ExactBaseline,0,0,0,0,1.20397,0,2.76059,0,0,0,0,1
E3-LS-p030,49.8236,-1,-1,ExactBaseline,0,0,0,0,1.20397,0,1.14046,0,0,0,0,0.990811
E3-LS-p030,49.827,-1,-1,ExactBaseline,0,0,0,0,1.20397,0,1.01496,0,0,0,0,0.994892
E3-LS-p030,49.8346,-1,-1,ExactBaseline,0,0,0,0,1.20397,0,0.723777,0,0,0,0,0.997446
E3-LS-p030,49.8348,456,590,ExactBaseline,1,1,0.00242084,0.693147,1.20397,3,0.050531,0,0,0,0,0.997446
E3-LS-p030,49.8383,-1,-1,ExactBaseline,0,0,0,0,1.20397,0,0.747222,0,0,0,0,0.992338
E3-LS-p030,49.8393,-1,-1,ExactBaseline,0,0,0,0,1.20397,0,1.37928,0,0,0,0,0.997446
E3-LS-p030,49.8467,-1,-1,ExactBaseline,0,0,0,0,1.20397,0,1.13687,0,0,0,0,1
E3-LS-p030,49.847,-1,-1,ExactBaseline,0,0,0,0,1.20397,0,1.72079,0,0,0,0,0.998357
E3-LS-p030,49.8552,-1,-1,ExactBaseline,0,0,0,0,1.20397,0,0.95307,0,0,0,0,1
E3-LS-p030,49.8562,-1,-1,ExactBaseline,0,0,0,0,1.20397,0,0.719128,0,0,0,0,0.999385
E3-LS-p030,49.8602,-1,-1,ExactBaseline,0,0,0,0,1.20397,0,1.3603,0,0,0,0,0.997446
E3-LS-p030,49.8604,-1,-1,ExactBaseline,0,0,0,0,1.20397,0,0.33914,0,0,0,0,1
E3-LS-p030,49.8605,542,478,ExactBaseline,1,1,0.0019448,0.693147,1.20397,3,1.05665,0,0,0,0,0.997446
E3-LS-p030,49.8612,-1,-1,ExactBaseline,0,0,0,0,1.20397,0,1.15681,0,0,0,0,0.997446
E3-LS-p030,49.8632,-1,-1,ExactBaseline,0,0,0,0,1.20397,0,1.99863,0,0,0,0,0.996215
E3-LS-p030,49.8635,-1,-1,ExactBaseline,0,0,0,0,1.20397,0,0.468373,0,0,0,0,1
E3-LS-p030,49.8659,-1,-1,ExactBaseline,0,0,0,0,1.20397,0,0.914347,0,0,0,0,0.997446
E3-LS-p030,49.87,-1,-1,ExactBaseline,0,0,0,0,1.20397,0,1.58541,0,0,0,0,0.997446
E3-LS-p030,49.8787,-1,-1,ExactBaseline,0,0,0,0,1.20397,0,0.845509,0,0,0,0,0.997446
E3-LS-p030,49.8791,-1,-1,ExactBaseline,0,0,0,0,1.20397,0,1.81307,0,0,0,0,0.981506
E3-LS-p030,49.8833,-1,-1,ExactBaseline,0,0,0,0,1.20397,0,1.49081,0,0,0,0,0.994892
E3-LS-p030,49.8863,-1,-1,ExactBaseline,0,0,0,0,1.20397,0,0.490946,0,0,0,0,0.997446
E3-LS-p030,49.8923,-1,-1,ExactBaseline,0,0,0,0,1.20397,0,0.184654,0,0,0,0,1
E3-LS-p030,49.8973,-1,-1,ExactBaseline,0,0,0,0,1.20397,0,0.072111,0,0,0,0,0.997446
E3-LS-p030,49.8993,-1,-1,ExactBaseline,0,0,0,0,1.20397,0,0.221555,0,0,0,0,1
E3-LS-p030,49.9,-1,-1,ExactBaseline,0,0,0,0,1.20397,0,0.450747,0,0,0,0,1
E3-LS-p030,49.9018,-1,-1,ExactBaseline,0,0,0,0,1.20397,0,0.995156,0,0,0,0,0.997446
E3-LS-p030,49.9187,-1,-1,ExactBaseline,0,0,0,0,1.20397,0,0.399519,0,0,0,0,1
E3-LS-p030,49.9217,-1,-1,ExactBaseline,0,0,0,0,1.20397,0,1.75581,0,0,0,0,1
E3-LS-p030,49.9231,-1,-1,ExactBaseline,0,0,0,0,1.20397,0,1.05739,0,0,0,0,1
E3-LS-p030,49.9248,-1,-1,ExactBaseline,0,0,0,0,1.20397,0,0.998428,0,0,0,0,1
E3-LS-p030,49.9258,-1,-1,ExactBaseline,0,0,0,0,1.20397,0,0.10585,0,0,0,0,1
E3-LS-p030,49.9261,-1,-1,ExactBaseline,0,0,0,0,1.20397,0,0.15291,0,0,0,0,1
E3-LS-p030,49.928,155,450,ExactBaseline,1,1,0.00195277,0.693147,1.20397,3,1.1154,0,0,0,0,0.994892
E3-LS-p030,49.9366,-1,-1,ExactBaseline,0,0,0,0,1.20397,0,1.56992,0,0,0,0,0.997446
E3-LS-p030,49.9403,-1,-1,ExactBaseline,0,0,0,0,1.20397,0,0.112194,0,0,0,0,1
E3-LS-p030,49.9448,357,590,ExactBaseline,1,1,0.00204207,0.693147,1.20397,3,0.140813,0,0,0,0,0.997446
E3-LS-p030,49.9469,-1,-1,ExactBaseline,0,0,0,0,1.20397,0,0.209548,0,0,0,0,1
E3-LS-p030,49.9525,-1,-1,ExactBaseline,0,0,0,0,1.20397,0,0.439283,0,0,0,0,0.997446
E3-LS-p030,49.9584,-1,-1,ExactBaseline,0,0,0,0,1.20397,0,1.22246,0,0,0,0,0.997446
E3-LS-p030,49.9634,-1,-1,ExactBaseline,0,0,0,0,1.20397,0,0.429095,0,0,0,0,1
E3-LS-p030,49.9637,-1,-1,ExactBaseline,0,0,0,0,1.20397,0,0.468559,0,0,0,0,1
E3-LS-p030,49.9719,-1,-1,ExactBaseline,0,0,0,0,1.20397,0,2.56517,0,0,0,0,0.991519
E3-LS-p030,49.981,-1,-1,ExactBaseline,0,0,0,0,1.20397,0,0.78687,0,0,0,0,1
E3-LS-p030,49.9815,-1,-1,ExactBaseline,0,0,0,0,1.20397,0,0.650987,0,0,0,0,0.997446
E3-LS-p030,49.9821,-1,-1,ExactBaseline,0,0,0,0,1.20397,0,0.247064,0,0,0,0,0.997446
E3-LS-p030,49.9866,-1,-1,ExactBaseline,0,0,0,0,1.20397,0,0.2796,0,0,0,0,1
E3-LS-p030,49.9879,-1,-1,ExactBaseline,0,0,0,0,1.20397,0,0.994902,0,0,0,0,1
