configName,simTime,src,dst,policyMode,reachable,feasible,totalDelay,totalTrustCost,budget,hops,computeTimeMs,pipMasked,pipCandidates,pipDijkstraMs,pipNodesExpanded,lambda
E3-Strict-p003,11.06,3,86,RLPolicy,1,1,0.00845842,3.24274,3.50656,8,0.331555,28,42,0.199319,45,0.998681
E3-Strict-p003,11.3471,1,1,RLPolicy,0,0,0,0,3.50656,1,0.2181,4,4,0.210644,54,1
E3-Strict-p003,11.5304,0,0,RLPolicy,0,0,0,0,3.50656,1,0.260468,13,13,0.250734,56,1
E3-Strict-p003,11.8236,5,5,RLPolicy,0,0,0,0,3.50656,1,0.310617,10,10,0.299008,5,1
E3-Strict-p003,12.0273,2,2,RLPolicy,0,0,0,0,3.50656,1,0.264349,11,11,0.255521,60,1
E3-Strict-p003,12.0348,4,4,RLPolicy,0,0,0,0,3.50656,1,0.236009,14,14,0.226125,5,1
E3-Strict-p003,12.5044,6,111,RLPolicy,1,1,0.042536,1.08091,3.50656,4,0.420657,0,24,0.331482,67,0.987872
E3-Strict-p003,12.8287,9,83,RLPolicy,1,1,0.00720031,3.16035,3.50656,7,0.468841,42,74,0.305256,71,0.998269
E3-Strict-p003,13.06,3,15,RLPolicy,1,1,0.00722791,2.85497,3.50656,7,0.386439,42,59,0.219327,71,0.995423
E3-Strict-p003,13.1394,12,12,RLPolicy,0,0,0,0,3.50656,1,0.314178,7,7,0.30382,33,1
E3-Strict-p003,13.3471,1,1,RLPolicy,0,0,0,0,3.50656,1,0.214512,4,4,0.207228,73,1
E3-Strict-p003,13.3654,7,7,RLPolicy,0,0,0,0,3.50656,1,0.347451,18,18,0.335465,2,1
E3-Strict-p003,13.3911,8,8,RLPolicy,0,0,0,0,3.50656,1,0.318959,20,20,0.298112,2,1
E3-Strict-p003,13.5304,0,0,RLPolicy,0,0,0,0,3.50656,1,0.27234,12,12,0.260832,80,1
E3-Strict-p003,13.7018,11,11,RLPolicy,0,0,0,0,3.50656,1,0.32806,2,2,0.316526,81,1
E3-Strict-p003,13.8236,5,5,RLPolicy,0,0,0,0,3.50656,1,0.270043,12,12,0.241894,83,1
E3-Strict-p003,14.0191,10,10,RLPolicy,0,0,0,0,3.50656,1,0.373263,4,4,0.363844,37,1
E3-Strict-p003,14.0273,2,2,RLPolicy,0,0,0,0,3.50656,1,0.278309,12,12,0.267689,85,1
E3-Strict-p003,14.0348,4,4,RLPolicy,0,0,0,0,3.50656,1,0.215609,14,14,0.206567,3,1
E3-Strict-p003,14.4809,18,18,RLPolicy,0,0,0,0,3.50656,1,0.40652,17,17,0.395052,87,1
E3-Strict-p003,14.5044,6,7,RLPolicy,1,1,0.0504971,2.46721,3.50656,6,0.389438,14,55,0.307458,87,0.982675
E3-Strict-p003,14.6026,13,13,RLPolicy,0,0,0,0,3.50656,1,0.45325,9,9,0.436272,40,1
E3-Strict-p003,14.7076,15,19,RLPolicy,1,1,0.0414031,2.90829,3.50656,8,0.490881,34,76,0.336228,88,0.997009
E3-Strict-p003,14.8131,14,14,RLPolicy,0,0,0,0,3.50656,1,0.806475,2,2,0.779914,90,1
E3-Strict-p003,14.8149,16,16,RLPolicy,0,0,0,0,3.50656,1,0.382502,19,19,0.355442,5,1
E3-Strict-p003,14.8287,9,76,RLPolicy,1,1,0.0340345,2.46721,3.50656,6,0.355822,21,77,0.241163,90,0.993072
E3-Strict-p003,15.0587,20,20,RLPolicy,0,0,0,0,3.50656,1,0.371645,26,26,0.359281,5,1
E3-Strict-p003,15.06,3,3,RLPolicy,0,0,0,0,3.50656,1,0.446511,11,11,0.433421,2,0.995423
E3-Strict-p003,15.0602,19,51,RLPolicy,1,1,0.00842351,3.39105,3.50656,8,0.592385,71,88,0.421205,93,0.999422
E3-Strict-p003,15.1394,12,66,RLPolicy,1,1,0.0347591,1.38629,3.50656,4,0.498514,0,36,0.405586,94,0.989399
E3-Strict-p003,15.3471,1,1,RLPolicy,0,0,0,0,3.50656,1,0.490162,2,2,0.47613,47,1
E3-Strict-p003,15.3654,7,91,RLPolicy,1,1,0.0384451,3.24274,3.50656,8,0.4969,57,89,0.317822,97,0.998681
E3-Strict-p003,15.3911,8,8,RLPolicy,0,0,0,0,3.50656,1,0.347981,26,26,0.335527,97,1
E3-Strict-p003,15.416,17,17,RLPolicy,0,0,0,0,3.50656,1,0.416751,16,16,0.404777,97,1
E3-Strict-p003,15.5304,0,0,RLPolicy,0,0,0,0,3.50656,1,1.37217,16,16,1.33825,97,1
E3-Strict-p003,15.7018,11,11,RLPolicy,0,0,0,0,3.50656,1,0.317824,3,3,0.309195,103,1
E3-Strict-p003,15.7398,27,125,RLPolicy,1,1,0.0484965,3.24274,3.50656,8,1.00129,64,171,0.730102,103,0.998681
E3-Strict-p003,15.8236,5,5,RLPolicy,0,0,0,0,3.50656,1,0.525789,21,21,0.511674,104,1
E3-Strict-p003,15.8562,22,22,RLPolicy,0,0,0,0,3.50656,1,0.743169,18,18,0.722135,5,1
E3-Strict-p003,16.0119,30,30,RLPolicy,0,0,0,0,3.50656,1,0.712717,7,7,0.693465,3,1
E3-Strict-p003,16.0153,21,21,RLPolicy,0,0,0,0,3.50656,1,0.467931,29,29,0.45167,50,1
E3-Strict-p003,16.0171,24,24,RLPolicy,0,0,0,0,3.50656,1,0.411364,5,5,0.399996,50,1
E3-Strict-p003,16.0191,10,10,RLPolicy,0,0,0,0,3.50656,1,0.333423,5,5,0.323731,104,1
E3-Strict-p003,16.0273,2,2,RLPolicy,0,0,0,0,3.50656,1,0.540219,17,17,0.525885,104,1
E3-Strict-p003,16.0348,4,4,RLPolicy,0,0,0,0,3.50656,1,0.47728,12,12,0.464125,104,1
E3-Strict-p003,16.0396,29,29,RLPolicy,0,0,0,0,3.50656,1,0.422122,23,23,0.395874,6,1
E3-Strict-p003,16.1834,31,31,RLPolicy,0,0,0,0,3.50656,1,0.477728,22,22,0.456822,6,1
E3-Strict-p003,16.2109,33,33,RLPolicy,0,0,0,0,3.50656,1,0.525423,24,24,0.511408,106,1
E3-Strict-p003,16.3245,23,23,RLPolicy,0,0,0,0,3.50656,1,0.600536,19,19,0.572994,50,1
E3-Strict-p003,16.3419,32,32,RLPolicy,0,0,0,0,3.50656,1,0.44066,31,31,0.423629,1,1
E3-Strict-p003,16.3441,37,37,RLPolicy,0,0,0,0,3.50656,1,0.71071,5,5,0.671931,50,1
E3-Strict-p003,16.4532,28,28,RLPolicy,0,0,0,0,3.50656,1,0.471114,19,19,0.457451,109,1
E3-Strict-p003,16.4809,18,18,RLPolicy,0,0,0,0,3.50656,1,0.395103,21,21,0.383459,109,1
E3-Strict-p003,16.5044,6,6,RLPolicy,0,0,0,0,3.50656,1,0.455903,14,14,0.440741,53,0.982675
E3-Strict-p003,16.6026,13,13,RLPolicy,0,0,0,0,3.50656,1,0.435906,14,14,0.423681,53,1
E3-Strict-p003,16.7076,15,15,RLPolicy,0,0,0,0,3.50656,1,0.312,9,9,0.300892,2,0.997009
E3-Strict-p003,16.71,36,52,RLPolicy,1,1,0.0436699,2.85497,3.50656,7,0.926508,87,129,0.727414,112,0.996742
E3-Strict-p003,16.8131,14,14,RLPolicy,0,0,0,0,3.50656,1,0.366046,3,3,0.355076,112,1
E3-Strict-p003,16.8149,16,16,RLPolicy,0,0,0,0,3.50656,1,0.356755,16,16,0.345785,112,1
E3-Strict-p003,16.8287,9,9,RLPolicy,0,0,0,0,3.50656,1,0.576446,20,20,0.557763,57,0.993072
E3-Strict-p003,16.8439,26,26,RLPolicy,0,0,0,0,3.50656,1,0.608744,3,3,0.591618,57,1
E3-Strict-p003,17.0587,20,20,RLPolicy,0,0,0,0,3.50656,1,0.377053,33,33,0.364549,6,1
E3-Strict-p003,17.06,3,3,RLPolicy,0,0,0,0,3.50656,1,0.334937,14,14,0.323995,2,0.995423
E3-Strict-p003,17.0602,19,19,RLPolicy,0,0,0,0,3.50656,1,0.411994,14,14,0.388929,2,0.999422
E3-Strict-p003,17.1394,12,32,RLPolicy,1,1,0.0330398,0.693147,3.50656,3,1.05851,0,47,0.883485,116,0.975332
E3-Strict-p003,17.1626,25,25,RLPolicy,0,0,0,0,3.50656,1,0.848093,30,30,0.820063,4,1
E3-Strict-p003,17.2315,38,51,RLPolicy,1,1,0.0072646,2.85497,3.50656,7,0.883901,85,116,0.662069,118,0.996742
E3-Strict-p003,17.2636,39,39,RLPolicy,0,0,0,0,3.50656,1,1.33771,22,22,1.31672,59,1
E3-Strict-p003,17.3471,1,1,RLPolicy,0,0,0,0,3.50656,1,0.424111,3,3,0.41361,119,1
E3-Strict-p003,17.3654,7,7,RLPolicy,0,0,0,0,3.50656,1,0.609238,23,23,0.591744,60,0.998681
E3-Strict-p003,17.3911,8,8,RLPolicy,0,0,0,0,3.50656,1,0.926441,29,29,0.881101,119,1
E3-Strict-p003,17.416,17,17,RLPolicy,0,0,0,0,3.50656,1,0.406949,19,19,0.394993,119,1
E3-Strict-p003,17.5226,44,44,RLPolicy,0,0,0,0,3.50656,1,0.584997,20,20,0.56953,120,1
E3-Strict-p003,17.5304,0,0,RLPolicy,0,0,0,0,3.50656,1,0.449903,20,20,0.431069,120,1
E3-Strict-p003,17.6869,35,35,RLPolicy,0,0,0,0,3.50656,1,0.69715,17,17,0.68103,121,1
E3-Strict-p003,17.7018,11,11,RLPolicy,0,0,0,0,3.50656,1,0.561173,4,4,0.546533,123,1
E3-Strict-p003,17.7398,27,96,RLPolicy,1,1,0.0473453,3.16035,3.50656,7,0.579848,121,152,0.438276,123,0.99695
E3-Strict-p003,17.8236,5,5,RLPolicy,0,0,0,0,3.50656,1,0.461061,30,30,0.448389,124,1
E3-Strict-p003,17.8562,22,27,RLPolicy,1,1,0.0375474,2.07944,3.50656,5,0.750592,0,91,0.514144,124,0.992864
E3-Strict-p003,17.8632,34,34,RLPolicy,0,0,0,0,3.50656,1,0.957705,8,8,0.923328,3,1
E3-Strict-p003,17.9719,41,70,RLPolicy,1,1,0.0450051,2.46721,3.50656,6,2.67564,38,126,2.38602,130,0.994803
E3-Strict-p003,17.9821,42,42,RLPolicy,0,0,0,0,3.50656,1,0.61482,26,26,0.595431,66,1
E3-Strict-p003,18.0119,30,30,RLPolicy,0,0,0,0,3.50656,1,0.498296,13,13,0.480524,67,1
E3-Strict-p003,18.0153,21,21,RLPolicy,0,0,0,0,3.50656,1,0.607432,32,32,0.588722,67,1
E3-Strict-p003,18.0171,24,24,RLPolicy,0,0,0,0,3.50656,1,0.492534,8,8,0.479304,67,1
E3-Strict-p003,18.0191,10,10,RLPolicy,0,0,0,0,3.50656,1,0.589185,3,3,0.574258,67,1
E3-Strict-p003,18.0273,2,2,RLPolicy,0,0,0,0,3.50656,1,0.828317,20,20,0.8117,130,1
E3-Strict-p003,18.0348,4,4,RLPolicy,0,0,0,0,3.50656,1,0.427755,14,14,0.415614,130,1
E3-Strict-p003,18.0396,29,29,RLPolicy,0,0,0,0,3.50656,1,0.43107,22,22,0.418282,130,1
E3-Strict-p003,18.1834,31,31,RLPolicy,0,0,0,0,3.50656,1,0.667934,31,31,0.652447,133,1
E3-Strict-p003,18.2109,33,109,RLPolicy,1,1,0.0468053,2.46721,3.50656,6,0.779579,22,132,0.531632,68,0.994803
E3-Strict-p003,18.3245,23,23,RLPolicy,0,0,0,0,3.50656,1,0.605207,26,26,0.589293,68,1
E3-Strict-p003,18.3419,32,66,RLPolicy,1,1,0.0419051,1.76099,3.50656,5,0.825763,0,103,0.602802,137,0.991272
E3-Strict-p003,18.3441,37,37,RLPolicy,0,0,0,0,3.50656,1,0.51401,5,5,0.50096,68,1
E3-Strict-p003,18.4532,28,28,RLPolicy,0,0,0,0,3.50656,1,0.606629,26,26,0.578702,137,1
E3-Strict-p003,18.4809,18,18,RLPolicy,0,0,0,0,3.50656,1,0.582463,27,27,0.566566,137,1
E3-Strict-p003,18.5044,6,86,RLPolicy,1,1,0.0379166,2.46721,3.50656,6,0.800683,36,98,0.660212,137,0.977478
E3-Strict-p003,18.602,47,47,RLPolicy,0,0,0,0,3.50656,1,0.821093,37,37,0.79782,137,1
E3-Strict-p003,18.6026,13,112,RLPolicy,1,1,0.0347831,1.77406,3.50656,5,1.87311,0,90,1.60813,137,0.991338
E3-Strict-p003,18.7076,15,6,RLPolicy,1,1,0.00724125,2.85497,3.50656,7,1.18949,84,115,0.989215,137,0.993751
E3-Strict-p003,18.71,36,36,RLPolicy,0,0,0,0,3.50656,1,0.815349,18,18,0.779688,137,0.996742
E3-Strict-p003,18.7786,51,51,RLPolicy,0,0,0,0,3.50656,1,0.781724,15,15,0.747757,3,1
E3-Strict-p003,18.8131,14,14,RLPolicy,0,0,0,0,3.50656,1,0.727117,5,5,0.706866,71,1
E3-Strict-p003,18.8149,16,16,RLPolicy,0,0,0,0,3.50656,1,0.768367,16,16,0.750986,138,1
E3-Strict-p003,18.8287,9,102,RLPolicy,1,1,0.00739964,2.85497,3.50656,7,0.713242,91,116,0.539632,138,0.989814
E3-Strict-p003,18.8439,26,26,RLPolicy,0,0,0,0,3.50656,1,0.485093,4,4,0.472542,71,1
E3-Strict-p003,18.8776,62,62,RLPolicy,0,0,0,0,3.50656,1,1.85786,20,20,1.80826,138,1
E3-Strict-p003,18.9654,40,84,RLPolicy,1,1,0.0377888,0.693147,3.50656,3,1.01308,0,52,0.891661,139,0.985933
E3-Strict-p003,18.9679,56,56,RLPolicy,0,0,0,0,3.50656,1,0.76179,26,26,0.741482,139,1
E3-Strict-p003,19.0587,20,20,RLPolicy,0,0,0,0,3.50656,1,0.777153,35,35,0.7535,71,1
E3-Strict-p003,19.06,3,3,RLPolicy,0,0,0,0,3.50656,1,0.754322,19,19,0.732119,71,0.995423
E3-Strict-p003,19.0602,19,15,RLPolicy,1,1,0.0381937,2.70082,3.50656,7,0.984372,53,126,0.73434,139,0.995394
E3-Strict-p003,19.0895,45,45,RLPolicy,0,0,0,0,3.50656,1,0.790214,2,2,0.772363,139,1
E3-Strict-p003,19.0993,46,46,RLPolicy,0,0,0,0,3.50656,1,0.713423,21,21,0.693895,139,1
E3-Strict-p003,19.1136,43,74,RLPolicy,1,1,0.0413935,1.38629,3.50656,4,1.25731,0,77,1.04949,139,0.989399
E3-Strict-p003,19.1394,12,32,RLPolicy,1,1,0.0330426,0.693147,3.50656,3,0.690445,0,50,0.591843,139,0.961265
E3-Strict-p003,19.1454,63,63,RLPolicy,0,0,0,0,3.50656,1,0.684954,6,6,0.666371,72,1
E3-Strict-p003,19.1626,25,36,RLPolicy,1,1,0.0411216,3.16035,3.50656,7,0.803897,125,155,0.557688,139,0.998269
E3-Strict-p003,19.2259,54,54,RLPolicy,0,0,0,0,3.50656,1,1.13229,4,4,1.09758,72,1
E3-Strict-p003,19.2315,38,38,RLPolicy,0,0,0,0,3.50656,1,0.558391,19,19,0.541888,5,0.996742
E3-Strict-p003,19.237,66,218,RLPolicy,1,1,0.0471733,1.77114,3.50656,5,0.934949,0,99,0.679591,140,0.991323
E3-Strict-p003,19.242,50,50,RLPolicy,0,0,0,0,3.50656,1,0.72038,33,33,0.70032,72,1
E3-Strict-p003,19.2423,52,197,RLPolicy,1,1,0.00604328,2.77259,3.50656,6,1.16749,53,142,0.832597,140,0.99633
E3-Strict-p003,19.2636,39,39,RLPolicy,0,0,0,0,3.50656,1,0.595264,27,27,0.578244,72,1
E3-Strict-p003,19.2872,59,59,RLPolicy,0,0,0,0,3.50656,1,0.815099,33,33,0.795989,140,1
E3-Strict-p003,19.3116,49,49,RLPolicy,0,0,0,0,3.50656,1,0.655611,2,2,0.635123,141,1
E3-Strict-p003,19.317,68,56,RLPolicy,1,1,0.0409831,0.693147,3.50656,3,0.773678,0,48,0.664678,72,0.985933
E3-Strict-p003,19.3471,1,1,RLPolicy,0,0,0,0,3.50656,1,0.716862,3,3,0.700404,141,1
E3-Strict-p003,19.3654,7,41,RLPolicy,1,1,0.0309923,2.07944,3.50656,5,0.768561,0,105,0.660613,141,0.991545
E3-Strict-p003,19.3911,8,8,RLPolicy,0,0,0,0,3.50656,1,0.642696,34,34,0.622975,141,1
E3-Strict-p003,19.416,17,17,RLPolicy,0,0,0,0,3.50656,1,1.5999,24,24,1.57849,141,1
E3-Strict-p003,19.4255,67,7,RLPolicy,1,1,0.0492558,2.77259,3.50656,6,1.03012,55,132,0.75949,141,0.99633
E3-Strict-p003,19.4602,65,65,RLPolicy,0,0,0,0,3.50656,1,0.734563,21,21,0.710719,1,1
E3-Strict-p003,19.4684,61,61,RLPolicy,0,0,0,0,3.50656,1,0.765816,33,33,0.725058,141,1
E3-Strict-p003,19.4817,48,48,RLPolicy,0,0,0,0,3.50656,1,0.708553,25,25,0.68573,73,1
E3-Strict-p003,19.5034,55,55,RLPolicy,0,0,0,0,3.50656,1,0.592141,13,13,0.576719,73,1
E3-Strict-p003,19.5147,53,214,RLPolicy,1,1,0.0427695,2.77259,3.50656,6,0.920576,0,119,0.640293,73,0.99633
E3-Strict-p003,19.5226,44,44,RLPolicy,0,0,0,0,3.50656,1,0.641553,24,24,0.624825,143,1
E3-Strict-p003,19.5304,0,0,RLPolicy,0,0,0,0,3.50656,1,1.49895,24,24,1.45918,143,1
E3-Strict-p003,19.6803,60,60,RLPolicy,0,0,0,0,3.50656,1,0.815558,10,10,0.795158,73,1
E3-Strict-p003,19.6869,35,35,RLPolicy,0,0,0,0,3.50656,1,0.694966,20,20,0.678064,143,1
E3-Strict-p003,19.7018,11,11,RLPolicy,0,0,0,0,3.50656,1,0.521427,4,4,0.501016,73,1
E3-Strict-p003,19.7398,27,215,RLPolicy,1,1,0.0422023,3.16035,3.50656,7,1.15356,138,176,0.924049,144,0.995219
E3-Strict-p003,19.8236,5,5,RLPolicy,0,0,0,0,3.50656,1,0.859385,34,34,0.835861,147,1
E3-Strict-p003,19.8562,22,22,RLPolicy,0,0,0,0,3.50656,1,0.816443,26,26,0.780203,6,0.992864
E3-Strict-p003,19.8632,34,34,RLPolicy,0,0,0,0,3.50656,1,0.723899,10,10,0.707568,73,1
E3-Strict-p003,19.8791,58,58,RLPolicy,0,0,0,0,3.50656,1,0.816331,21,21,0.785679,73,1
E3-Strict-p003,19.9719,41,41,RLPolicy,0,0,0,0,3.50656,1,0.56108,37,37,0.545185,73,0.994803
E3-Strict-p003,19.9815,69,69,RLPolicy,0,0,0,0,3.50656,1,0.810628,20,20,0.783859,73,1
E3-Strict-p003,19.9821,42,42,RLPolicy,0,0,0,0,3.50656,1,0.527024,26,26,0.510176,5,1
E3-Strict-p003,20.0119,30,30,RLPolicy,0,0,0,0,3.50656,1,0.795747,14,14,0.774809,149,1
E3-Strict-p003,20.0153,21,21,RLPolicy,0,0,0,0,3.50656,1,0.904757,36,36,0.875269,73,1
E3-Strict-p003,20.0171,24,24,RLPolicy,0,0,0,0,3.50656,1,0.857201,9,9,0.819338,73,1
E3-Strict-p003,20.0191,10,10,RLPolicy,0,0,0,0,3.50656,1,0.510841,3,3,0.498322,73,1
E3-Strict-p003,20.0273,2,2,RLPolicy,0,0,0,0,3.50656,1,0.859849,21,21,0.838891,149,1
E3-Strict-p003,20.0348,4,4,RLPolicy,0,0,0,0,3.50656,1,0.850871,16,16,0.832353,149,1
E3-Strict-p003,20.0396,29,29,RLPolicy,0,0,0,0,3.50656,1,0.893564,21,21,0.873248,149,1
E3-Strict-p003,20.0519,64,77,RLPolicy,1,1,0.0471121,2.07944,3.50656,5,1.71219,0,91,1.27724,149,0.992864
E3-Strict-p003,20.1025,75,75,RLPolicy,0,0,0,0,3.50656,1,0.732425,26,26,0.705682,75,1
E3-Strict-p003,20.1207,57,3,RLPolicy,1,1,0.0434576,3.16035,3.50656,7,1.06903,98,113,0.805427,149,0.998269
E3-Strict-p003,20.1834,31,31,RLPolicy,0,0,0,0,3.50656,1,0.892763,35,35,0.864129,149,1
E3-Strict-p003,20.2109,33,33,RLPolicy,0,0,0,0,3.50656,1,1.16012,27,27,1.13905,150,0.994803
E3-Strict-p003,20.2357,71,71,RLPolicy,0,0,0,0,3.50656,1,0.746365,2,2,0.704431,1,1
E3-Strict-p003,20.2418,70,70,RLPolicy,0,0,0,0,3.50656,1,0.783749,26,26,0.755605,76,1
E3-Strict-p003,20.3245,23,23,RLPolicy,0,0,0,0,3.50656,1,2.61385,35,35,2.56674,77,1
E3-Strict-p003,20.3289,77,128,RLPolicy,1,1,0.0510324,2.77259,3.50656,6,1.24212,5,142,0.874972,152,0.99633
E3-Strict-p003,20.3412,79,79,RLPolicy,0,0,0,0,3.50656,1,0.810501,39,39,0.790789,152,1
E3-Strict-p003,20.3419,32,106,RLPolicy,1,1,0.0414421,2.44408,3.50656,6,1.26953,34,137,1.00641,152,0.98596
E3-Strict-p003,20.3441,37,37,RLPolicy,0,0,0,0,3.50656,1,0.56642,5,5,0.549256,5,1
E3-Strict-p003,20.4532,28,28,RLPolicy,0,0,0,0,3.50656,1,0.855353,27,27,0.830587,153,1
E3-Strict-p003,20.4663,72,72,RLPolicy,0,0,0,0,3.50656,1,1.58874,3,3,1.56296,153,1
E3-Strict-p003,20.4809,18,18,RLPolicy,0,0,0,0,3.50656,1,0.748213,33,33,0.726868,153,1
E3-Strict-p003,20.5044,6,6,RLPolicy,0,0,0,0,3.50656,1,0.625538,19,19,0.606989,6,0.977478
E3-Strict-p003,20.5148,78,78,RLPolicy,0,0,0,0,3.50656,1,0.894469,25,25,0.835028,154,1
E3-Strict-p003,20.602,47,47,RLPolicy,0,0,0,0,3.50656,1,0.770061,36,36,0.745886,156,1
E3-Strict-p003,20.6026,13,84,RLPolicy,1,1,0.0347762,2.07944,3.50656,5,0.762921,0,117,0.661783,156,0.984202
E3-Strict-p003,20.7076,15,222,RLPolicy,1,1,0.00799937,3.22967,3.50656,8,1.0221,140,157,0.799101,157,0.992366
E3-Strict-p003,20.71,36,89,RLPolicy,1,1,0.0446866,3.24274,3.50656,8,1.26091,161,187,0.956131,157,0.995423
E3-Strict-p003,20.7786,51,6,RLPolicy,1,1,0.0464917,2.6979,3.50656,7,0.998699,50,136,0.670024,157,0.995957
E3-Strict-p003,20.7823,88,88,RLPolicy,0,0,0,0,3.50656,1,0.807408,6,6,0.789755,157,1
E3-Strict-p003,20.8131,14,14,RLPolicy,0,0,0,0,3.50656,1,0.762625,6,6,0.74728,157,1
E3-Strict-p003,20.8149,16,16,RLPolicy,0,0,0,0,3.50656,1,0.689329,18,18,0.671951,157,1
E3-Strict-p003,20.8287,9,236,RLPolicy,1,1,0.0371407,3.16035,3.50656,7,1.39737,67,175,1.03444,157,0.988083
E3-Strict-p003,20.8439,26,26,RLPolicy,0,0,0,0,3.50656,1,0.956781,4,4,0.932756,157,1
E3-Strict-p003,20.8776,62,62,RLPolicy,0,0,0,0,3.50656,1,0.797919,22,22,0.780182,157,1
E3-Strict-p003,20.9097,80,80,RLPolicy,0,0,0,0,3.50656,1,1.20569,37,37,1.16616,5,1
E3-Strict-p003,20.9654,40,40,RLPolicy,0,0,0,0,3.50656,1,0.782163,20,20,0.743212,6,0.985933
E3-Strict-p003,20.9679,56,56,RLPolicy,0,0,0,0,3.50656,1,0.745273,31,31,0.728456,162,1
E3-Strict-p003,21.0587,20,249,RLPolicy,1,1,0.0405327,2.77259,3.50656,6,1.09745,81,141,0.799425,162,0.99633
E3-Strict-p003,21.06,3,3,RLPolicy,0,0,0,0,3.50656,1,0.819748,24,24,0.789072,3,0.995423
E3-Strict-p003,21.0602,19,19,RLPolicy,0,0,0,0,3.50656,1,0.719937,23,23,0.69777,81,0.995394
E3-Strict-p003,21.0895,45,45,RLPolicy,0,0,0,0,3.50656,1,0.761558,3,3,0.744236,162,1
E3-Strict-p003,21.0993,46,46,RLPolicy,0,0,0,0,3.50656,1,0.770198,25,25,0.746555,162,1
E3-Strict-p003,21.1136,43,43,RLPolicy,0,0,0,0,3.50656,1,0.742459,32,32,0.724376,84,0.989399
E3-Strict-p003,21.1394,12,12,RLPolicy,0,0,0,0,3.50656,1,0.964274,36,36,0.939326,84,0.961265
E3-Strict-p003,21.1454,63,63,RLPolicy,0,0,0,0,3.50656,1,0.718387,7,7,0.700212,164,1
E3-Strict-p003,21.1508,81,81,RLPolicy,0,0,0,0,3.50656,1,0.956482,14,14,0.934861,164,1
E3-Strict-p003,21.1626,25,25,RLPolicy,0,0,0,0,3.50656,1,0.962457,36,36,0.927501,5,0.998269
E3-Strict-p003,21.2053,76,76,RLPolicy,0,0,0,0,3.50656,1,1.21739,39,39,1.1525,165,1
E3-Strict-p003,21.2259,54,54,RLPolicy,0,0,0,0,3.50656,1,0.676919,4,4,0.662035,86,1
E3-Strict-p003,21.2315,38,38,RLPolicy,0,0,0,0,3.50656,1,1.20422,24,24,1.17259,86,0.996742
E3-Strict-p003,21.237,66,66,RLPolicy,0,0,0,0,3.50656,1,0.638635,22,22,0.623068,86,0.991323
E3-Strict-p003,21.242,50,50,RLPolicy,0,0,0,0,3.50656,1,0.689551,36,36,0.671562,6,1
E3-Strict-p003,21.2423,52,52,RLPolicy,0,0,0,0,3.50656,1,1.06711,36,36,1.01841,86,0.99633
E3-Strict-p003,21.2636,39,39,RLPolicy,0,0,0,0,3.50656,1,1.39137,31,31,1.35596,86,1
E3-Strict-p003,21.2725,95,19,RLPolicy,1,1,0.0518563,1.38629,3.50656,4,1.14983,0,110,0.942691,165,0.989399
E3-Strict-p003,21.2872,59,59,RLPolicy,0,0,0,0,3.50656,1,1.00331,29,29,0.981881,165,1
E3-Strict-p003,21.3116,49,49,RLPolicy,0,0,0,0,3.50656,1,0.665378,1,1,0.649311,86,1
E3-Strict-p003,21.317,68,68,RLPolicy,0,0,0,0,3.50656,1,0.882137,19,19,0.865416,166,0.985933
E3-Strict-p003,21.3184,86,19,RLPolicy,1,1,0.0528478,2.77259,3.50656,6,1.56352,63,141,1.29629,166,0.99633
E3-Strict-p003,21.3471,1,1,RLPolicy,0,0,0,0,3.50656,1,0.777864,3,3,0.763739,166,1
E3-Strict-p003,21.3654,7,91,RLPolicy,1,1,0.0478282,2.85497,3.50656,7,1.39338,140,187,1.12856,166,0.988287
E3-Strict-p003,21.3911,8,8,RLPolicy,0,0,0,0,3.50656,1,1.20381,37,37,1.16976,166,1
E3-Strict-p003,21.4143,97,97,RLPolicy,0,0,0,0,3.50656,1,0.88927,13,13,0.866595,168,1
E3-Strict-p003,21.416,17,17,RLPolicy,0,0,0,0,3.50656,1,0.771881,29,29,0.731323,168,1
E3-Strict-p003,21.4255,67,245,RLPolicy,1,1,0.0491936,2.77259,3.50656,6,1.02026,34,166,0.737154,168,0.99266
E3-Strict-p003,21.4573,74,74,RLPolicy,0,0,0,0,3.50656,1,0.970841,24,24,0.941654,86,1
E3-Strict-p003,21.4602,65,118,RLPolicy,1,1,0.0503217,3.46574,3.50656,7,0.989348,146,173,0.779558,168,0.999796
E3-Strict-p003,21.4684,61,61,RLPolicy,0,0,0,0,3.50656,1,0.967596,39,39,0.946904,168,1
E3-Strict-p003,21.4817,48,48,RLPolicy,0,0,0,0,3.50656,1,0.772607,37,37,0.751858,6,1
E3-Strict-p003,21.5034,55,55,RLPolicy,0,0,0,0,3.50656,1,0.737291,16,16,0.721749,170,1
E3-Strict-p003,21.5143,93,31,RLPolicy,1,1,0.0379292,0.693147,3.50656,3,1.03853,0,78,0.896541,86,0.985933
E3-Strict-p003,21.5147,53,53,RLPolicy,0,0,0,0,3.50656,1,0.802157,9,9,0.785751,170,0.99633
E3-Strict-p003,21.5226,44,44,RLPolicy,0,0,0,0,3.50656,1,1.05823,26,26,1.03418,170,1
E3-Strict-p003,21.5304,0,0,RLPolicy,0,0,0,0,3.50656,1,1.063,31,31,1.0354,170,1
E3-Strict-p003,21.547,91,91,RLPolicy,0,0,0,0,3.50656,1,1.00503,23,23,0.97803,170,1
E3-Strict-p003,21.6516,89,42,RLPolicy,1,1,0.0552147,3.46574,3.50656,7,1.22383,156,177,0.977825,170,0.999796
E3-Strict-p003,21.6757,83,83,RLPolicy,0,0,0,0,3.50656,1,1.02983,37,37,0.997113,87,1
E3-Strict-p003,21.6803,60,60,RLPolicy,0,0,0,0,3.50656,1,1.00178,9,9,0.969633,2,1
E3-Strict-p003,21.6869,35,35,RLPolicy,0,0,0,0,3.50656,1,0.971312,20,20,0.944182,2,1
E3-Strict-p003,21.7018,11,11,RLPolicy,0,0,0,0,3.50656,1,1.11403,4,4,1.06729,170,1
E3-Strict-p003,21.7398,27,176,RLPolicy,1,1,0.0370702,3.46574,3.50656,7,1.03946,179,187,0.903687,170,0.995015
E3-Strict-p003,21.7683,73,73,RLPolicy,0,0,0,0,3.50656,1,1.51237,42,42,1.38992,87,1
E3-Strict-p003,21.7693,82,82,RLPolicy,0,0,0,0,3.50656,1,1.04485,46,46,1.0175,170,1
E3-Strict-p003,21.8227,94,94,RLPolicy,0,0,0,0,3.50656,1,1.10469,45,45,1.07794,171,1
E3-Strict-p003,21.8236,5,5,RLPolicy,0,0,0,0,3.50656,1,1.01683,40,40,0.980408,171,1
E3-Strict-p003,21.8346,92,92,RLPolicy,0,0,0,0,3.50656,1,0.865756,5,5,0.844267,5,1
E3-Strict-p003,21.8562,22,22,RLPolicy,0,0,0,0,3.50656,1,0.792335,33,33,0.771222,5,0.992864
E3-Strict-p003,21.8632,34,34,RLPolicy,0,0,0,0,3.50656,1,0.970789,15,15,0.948222,88,1
E3-Strict-p003,21.8791,58,32,RLPolicy,1,1,0.0430106,0.693147,3.50656,3,0.981026,0,64,0.858784,171,0.985933
E3-Strict-p003,21.9265,104,104,RLPolicy,0,0,0,0,3.50656,1,1.01803,23,23,0.987495,88,1
E3-Strict-p003,21.9719,41,41,RLPolicy,0,0,0,0,3.50656,1,1.36352,42,42,1.3256,88,0.994803
E3-Strict-p003,21.9815,69,69,RLPolicy,0,0,0,0,3.50656,1,0.996095,27,27,0.972809,88,1
E3-Strict-p003,21.9821,42,42,RLPolicy,0,0,0,0,3.50656,1,1.0304,28,28,0.99093,5,1
E3-Strict-p003,22.0119,30,30,RLPolicy,0,0,0,0,3.50656,1,0.865505,15,15,0.846745,88,1
E3-Strict-p003,22.0153,21,21,RLPolicy,0,0,0,0,3.50656,1,0.797033,39,39,0.776499,88,1
E3-Strict-p003,22.0171,24,52,RLPolicy,1,1,0.00726418,3.46574,3.50656,7,1.13074,139,149,0.923299,172,0.999796
E3-Strict-p003,22.0191,10,10,RLPolicy,0,0,0,0,3.50656,1,1.46577,4,4,1.43835,88,1
E3-Strict-p003,22.0235,98,239,RLPolicy,1,1,0.049441,1.38629,3.50656,4,1.16336,0,49,0.983148,172,0.989399
E3-Strict-p003,22.0273,2,2,RLPolicy,0,0,0,0,3.50656,1,0.919765,23,23,0.898926,172,1
E3-Strict-p003,22.0348,4,100,RLPolicy,1,1,0.0340491,2.46721,3.50656,6,1.11597,20,175,0.819203,88,0.994803
E3-Strict-p003,22.0396,29,29,RLPolicy,0,0,0,0,3.50656,1,1.04132,22,22,0.946959,172,1
E3-Strict-p003,22.0519,64,64,RLPolicy,0,0,0,0,3.50656,1,1.01495,27,27,0.987639,88,0.992864
E3-Strict-p003,22.1025,75,75,RLPolicy,0,0,0,0,3.50656,1,1.11536,32,32,1.08543,5,1
E3-Strict-p003,22.1153,107,107,RLPolicy,0,0,0,0,3.50656,1,0.929517,25,25,0.894841,5,1
E3-Strict-p003,22.1207,57,57,RLPolicy,0,0,0,0,3.50656,1,0.790276,10,10,0.769543,5,0.998269
E3-Strict-p003,22.1834,31,31,RLPolicy,0,0,0,0,3.50656,1,0.851264,40,40,0.830339,5,1
E3-Strict-p003,22.2109,33,33,RLPolicy,0,0,0,0,3.50656,1,0.856825,32,32,0.836821,174,0.994803
E3-Strict-p003,22.2357,71,71,RLPolicy,0,0,0,0,3.50656,1,0.74161,1,1,0.727655,174,1
E3-Strict-p003,22.2418,70,70,RLPolicy,0,0,0,0,3.50656,1,0.857697,32,32,0.838391,90,1
E3-Strict-p003,22.2636,84,84,RLPolicy,0,0,0,0,3.50656,1,1.14459,34,34,1.10353,90,1
E3-Strict-p003,22.302,87,87,RLPolicy,0,0,0,0,3.50656,1,1.40961,34,34,1.35385,90,1
E3-Strict-p003,22.3133,100,100,RLPolicy,0,0,0,0,3.50656,1,1.0675,24,24,1.03929,174,1
E3-Strict-p003,22.3245,23,125,RLPolicy,1,1,0.0342452,1.38629,3.50656,4,1.08592,0,93,0.886721,174,0.989399
E3-Strict-p003,22.3289,77,200,RLPolicy,1,1,0.0477193,0.693147,3.50656,3,0.985359,0,58,0.917386,174,0.982263
E3-Strict-p003,22.3412,79,79,RLPolicy,0,0,0,0,3.50656,1,0.903516,39,39,0.885415,174,1
E3-Strict-p003,22.3419,32,66,RLPolicy,1,1,0.0402391,1.44556,3.50656,5,1.1224,0,146,0.933952,174,0.975655
E3-Strict-p003,22.3441,37,37,RLPolicy,0,0,0,0,3.50656,1,0.822846,4,4,0.808269,174,1
E3-Strict-p003,22.4188,112,13,RLPolicy,1,1,0.0564188,1.38629,3.50656,4,1.36995,0,106,1.12339,174,0.989399
E3-Strict-p003,22.4309,108,108,RLPolicy,0,0,0,0,3.50656,1,1.04662,33,33,1.02234,174,1
E3-Strict-p003,22.4532,28,28,RLPolicy,0,0,0,0,3.50656,1,1.07751,39,39,1.05137,174,1
E3-Strict-p003,22.4663,72,72,RLPolicy,0,0,0,0,3.50656,1,0.848773,2,2,0.832425,174,1
E3-Strict-p003,22.4806,85,85,RLPolicy,0,0,0,0,3.50656,1,0.945616,3,3,0.925775,174,1
E3-Strict-p003,22.4809,18,18,RLPolicy,0,0,0,0,3.50656,1,1.94806,41,41,1.87491,174,1
E3-Strict-p003,22.5044,6,15,RLPolicy,1,1,0.049868,3.24274,3.50656,8,1.16278,167,193,0.913716,176,0.976159
E3-Strict-p003,22.5096,106,106,RLPolicy,0,0,0,0,3.50656,1,1.07299,30,30,1.03239,2,1
E3-Strict-p003,22.5148,78,78,RLPolicy,0,0,0,0,3.50656,1,0.830169,29,29,0.810429,176,1
E3-Strict-p003,22.6005,119,38,RLPolicy,1,1,0.045794,1.38629,3.50656,4,1.38549,0,124,1.08452,177,0.989399
E3-Strict-p003,22.602,47,47,RLPolicy,0,0,0,0,3.50656,1,1.14913,47,47,1.11627,177,1
E3-Strict-p003,22.6026,13,222,RLPolicy,1,1,0.0385893,2.29998,3.50656,6,1.41695,19,145,1.14303,177,0.978169
E3-Strict-p003,22.6521,90,90,RLPolicy,0,0,0,0,3.50656,1,1.09424,35,35,1.07028,177,1
E3-Strict-p003,22.7076,15,15,RLPolicy,0,0,0,0,3.50656,1,1.11153,9,9,1.08377,92,0.992366
E3-Strict-p003,22.71,36,147,RLPolicy,1,1,0.0422641,2.46721,3.50656,6,1.02548,56,133,0.811421,179,0.990226
E3-Strict-p003,22.7786,51,51,RLPolicy,0,0,0,0,3.50656,1,1.06315,8,8,1.03295,3,0.995957
E3-Strict-p003,22.7823,88,88,RLPolicy,0,0,0,0,3.50656,1,0.97348,9,9,0.955567,179,1
E3-Strict-p003,22.7907,99,99,RLPolicy,0,0,0,0,3.50656,1,1.32615,32,32,1.29961,179,1
E3-Strict-p003,22.8131,14,14,RLPolicy,0,0,0,0,3.50656,1,1.14649,7,7,1.12145,93,1
E3-Strict-p003,22.8149,16,16,RLPolicy,0,0,0,0,3.50656,1,1.16837,20,20,1.1393,180,1
E3-Strict-p003,22.8287,9,9,RLPolicy,0,0,0,0,3.50656,1,0.940864,34,34,0.919286,93,0.988083
E3-Strict-p003,22.8439,26,26,RLPolicy,0,0,0,0,3.50656,1,0.86709,4,4,0.848758,93,1
E3-Strict-p003,22.8776,62,62,RLPolicy,0,0,0,0,3.50656,1,1.15812,24,24,1.11786,5,1
E3-Strict-p003,22.8936,126,126,RLPolicy,0,0,0,0,3.50656,1,1.08577,24,24,1.03925,6,1
E3-Strict-p003,22.9097,80,80,RLPolicy,0,0,0,0,3.50656,1,0.984627,46,46,0.961914,180,1
E3-Strict-p003,22.9654,40,40,RLPolicy,0,0,0,0,3.50656,1,1.23637,24,24,1.19422,94,0.985933
E3-Strict-p003,22.9679,56,56,RLPolicy,0,0,0,0,3.50656,1,2.22864,35,35,2.17405,180,1
E3-Strict-p003,22.9684,96,96,RLPolicy,0,0,0,0,3.50656,1,1.08459,14,14,1.05673,94,1
E3-Strict-p003,23.0274,110,110,RLPolicy,0,0,0,0,3.50656,1,1.14464,11,11,1.1096,94,1
E3-Strict-p003,23.0541,123,123,RLPolicy,0,0,0,0,3.50656,1,1.25398,46,46,1.18755,180,1
E3-Strict-p003,23.0587,20,136,RLPolicy,1,1,0.0391124,2.46721,3.50656,6,1.62291,15,203,1.16831,180,0.991133
E3-Strict-p003,23.06,3,3,RLPolicy,0,0,0,0,3.50656,1,1.22645,26,26,1.18058,94,0.995423
E3-Strict-p003,23.0602,19,19,RLPolicy,0,0,0,0,3.50656,1,1.05773,28,28,1.03104,3,0.995394
E3-Strict-p003,23.0895,45,45,RLPolicy,0,0,0,0,3.50656,1,1.49513,4,4,1.46283,180,1
E3-Strict-p003,23.0993,46,46,RLPolicy,0,0,0,0,3.50656,1,1.17398,30,30,1.14707,180,1
E3-Strict-p003,23.1136,43,43,RLPolicy,0,0,0,0,3.50656,1,1.23308,38,38,1.20028,94,0.989399
E3-Strict-p003,23.1238,102,102,RLPolicy,0,0,0,0,3.50656,1,0.85042,9,9,0.829398,6,1
E3-Strict-p003,23.1394,12,12,RLPolicy,0,0,0,0,3.50656,1,0.942798,46,46,0.918644,94,0.961265
E3-Strict-p003,23.1454,63,63,RLPolicy,0,0,0,0,3.50656,1,1.25147,9,9,1.21477,181,1
E3-Strict-p003,23.1508,81,81,RLPolicy,0,0,0,0,3.50656,1,0.871117,12,12,0.852844,94,1
E3-Strict-p003,23.1626,25,25,RLPolicy,0,0,0,0,3.50656,1,0.948411,39,39,0.929149,94,0.998269
E3-Strict-p003,23.1722,105,249,RLPolicy,1,1,0.0586666,3.46574,3.50656,7,1.51134,172,200,1.22961,181,0.999796
E3-Strict-p003,23.1961,109,109,RLPolicy,0,0,0,0,3.50656,1,1.48008,8,8,1.45401,6,1
E3-Strict-p003,23.2053,76,76,RLPolicy,0,0,0,0,3.50656,1,0.993083,44,44,0.968035,182,1
E3-Strict-p003,23.2107,115,115,RLPolicy,0,0,0,0,3.50656,1,1.43382,46,46,1.40245,94,1
E3-Strict-p003,23.2259,54,54,RLPolicy,0,0,0,0,3.50656,1,1.65615,5,5,1.62888,94,1
E3-Strict-p003,23.2315,38,38,RLPolicy,0,0,0,0,3.50656,1,0.968844,27,27,0.947913,182,0.996742
E3-Strict-p003,23.237,66,66,RLPolicy,0,0,0,0,3.50656,1,1.72688,24,24,1.67885,182,0.991323
E3-Strict-p003,23.242,50,50,RLPolicy,0,0,0,0,3.50656,1,1.29812,39,39,1.24891,6,1
E3-Strict-p003,23.2423,52,52,RLPolicy,0,0,0,0,3.50656,1,0.956797,39,39,0.935086,2,0.99633
E3-Strict-p003,23.2636,39,39,RLPolicy,0,0,0,0,3.50656,1,0.901338,33,33,0.881283,94,1
E3-Strict-p003,23.2725,95,95,RLPolicy,0,0,0,0,3.50656,1,0.856271,32,32,0.838058,6,0.989399
E3-Strict-p003,23.2872,59,59,RLPolicy,0,0,0,0,3.50656,1,1.1767,25,25,1.10587,2,1
E3-Strict-p003,23.3079,114,114,RLPolicy,0,0,0,0,3.50656,1,1.02129,2,2,0.984819,182,1
E3-Strict-p003,23.3116,49,49,RLPolicy,0,0,0,0,3.50656,1,1.25685,1,1,1.22089,182,1
E3-Strict-p003,23.317,68,68,RLPolicy,0,0,0,0,3.50656,1,1.22184,15,15,1.18882,182,0.985933
E3-Strict-p003,23.3184,86,133,RLPolicy,1,1,0.0540174,3.46574,3.50656,7,1.2109,50,179,1.0372,182,0.996126
E3-Strict-p003,23.3471,1,1,RLPolicy,0,0,0,0,3.50656,1,2.00116,4,4,1.97065,94,1
E3-Strict-p003,23.3654,7,257,RLPolicy,1,1,0.0478272,2.85497,3.50656,7,1.26309,34,192,0.965916,182,0.985029
E3-Strict-p003,23.3911,8,8,RLPolicy,0,0,0,0,3.50656,1,0.981298,37,37,0.958106,182,1
E3-Strict-p003,23.4143,97,97,RLPolicy,0,0,0,0,3.50656,1,0.907882,20,20,0.888869,95,1
E3-Strict-p003,23.416,17,17,RLPolicy,0,0,0,0,3.50656,1,1.18861,34,34,1.16487,188,1
E3-Strict-p003,23.4189,103,103,RLPolicy,0,0,0,0,3.50656,1,1.29074,44,44,1.24628,188,1
E3-Strict-p003,23.4255,67,67,RLPolicy,0,0,0,0,3.50656,1,1.16195,24,24,1.13009,95,0.99266
E3-Strict-p003,23.4573,74,75,RLPolicy,1,1,0.0505703,1.92529,3.50656,5,1.1716,0,118,0.934557,188,0.992094
E3-Strict-p003,23.4602,65,274,RLPolicy,1,1,0.0454788,2.07944,3.50656,5,1.59643,0,115,1.26772,188,0.99266
E3-Strict-p003,23.4684,61,61,RLPolicy,0,0,0,0,3.50656,1,1.41659,42,42,1.37555,188,1
E3-Strict-p003,23.4817,48,170,RLPolicy,1,1,0.043368,2.77259,3.50656,6,1.68821,6,141,1.34421,188,0.99633
E3-Strict-p003,23.4918,101,101,RLPolicy,0,0,0,0,3.50656,1,1.06009,32,32,1.03559,95,1
E3-Strict-p003,23.5034,55,55,RLPolicy,0,0,0,0,3.50656,1,1.22971,17,17,1.20308,95,1
E3-Strict-p003,23.5136,125,181,RLPolicy,1,1,0.0592986,2.07944,3.50656,5,1.63372,0,89,1.2894,189,0.992864
E3-Strict-p003,23.5143,93,93,RLPolicy,0,0,0,0,3.50656,1,0.942626,44,44,0.918484,189,0.985933
E3-Strict-p003,23.5147,53,53,RLPolicy,0,0,0,0,3.50656,1,1.10848,10,10,1.07681,2,0.99633
E3-Strict-p003,23.5226,44,44,RLPolicy,0,0,0,0,3.50656,1,0.976871,29,29,0.95756,189,1
E3-Strict-p003,23.5304,0,0,RLPolicy,0,0,0,0,3.50656,1,1.56866,37,37,1.53032,189,1
E3-Strict-p003,23.5422,118,9,RLPolicy,1,1,0.0610445,3.46574,3.50656,7,1.46064,88,186,1.11462,189,0.999796
E3-Strict-p003,23.547,91,257,RLPolicy,1,1,0.053908,3.46574,3.50656,7,1.12736,26,145,0.874071,189,0.999796
E3-Strict-p003,23.6356,117,117,RLPolicy,0,0,0,0,3.50656,1,1.09932,36,36,1.07257,95,1
E3-Strict-p003,23.6516,89,197,RLPolicy,1,1,0.0540194,2.77259,3.50656,6,1.29213,72,166,1.01567,192,0.996126
E3-Strict-p003,23.6757,83,125,RLPolicy,1,1,0.0530642,2.77259,3.50656,6,1.55761,44,184,1.11486,192,0.99633
E3-Strict-p003,23.6803,60,60,RLPolicy,0,0,0,0,3.50656,1,1.51934,10,10,1.46964,95,1
E3-Strict-p003,23.6869,35,35,RLPolicy,0,0,0,0,3.50656,1,1.17163,19,19,1.14799,192,1
E3-Strict-p003,23.7018,11,11,RLPolicy,0,0,0,0,3.50656,1,0.896506,5,5,0.877156,193,1
E3-Strict-p003,23.7018,129,52,RLPolicy,1,1,0.0607456,2.77259,3.50656,6,1.56898,50,170,1.16463,193,0.99633
E3-Strict-p003,23.7308,131,131,RLPolicy,0,0,0,0,3.50656,1,1.10278,11,11,1.07742,96,1
E3-Strict-p003,23.733,116,41,RLPolicy,1,1,0.0573173,2.07944,3.50656,5,1.69611,0,124,1.30654,193,0.992864
E3-Strict-p003,23.7398,27,27,RLPolicy,0,0,0,0,3.50656,1,1.34582,49,49,1.30711,96,0.995015
E3-Strict-p003,23.7683,73,42,RLPolicy,1,1,0.0501561,2.77259,3.50656,6,1.46494,74,178,1.18335,193,0.99633
E3-Strict-p003,23.7693,82,82,RLPolicy,0,0,0,0,3.50656,1,1.04704,48,48,1.01617,96,1
E3-Strict-p003,23.8227,94,222,RLPolicy,1,1,0.050292,0.693147,3.50656,3,1.11974,0,68,0.977159,195,0.985933
E3-Strict-p003,23.8236,5,5,RLPolicy,0,0,0,0,3.50656,1,2.28375,47,47,2.24478,195,1
E3-Strict-p003,23.8249,113,91,RLPolicy,1,1,0.0584077,2.77259,3.50656,6,2.41056,31,222,1.71198,195,0.99633
E3-Strict-p003,23.8346,92,133,RLPolicy,1,1,0.0072813,3.46574,3.50656,7,1.03037,93,107,0.861054,195,0.999796
E3-Strict-p003,23.8562,22,200,RLPolicy,1,1,0.0351948,0.693147,3.50656,3,1.54163,0,69,1.33197,195,0.978797
E3-Strict-p003,23.8632,34,34,RLPolicy,0,0,0,0,3.50656,1,0.91082,20,20,0.890824,96,1
E3-Strict-p003,23.8791,58,58,RLPolicy,0,0,0,0,3.50656,1,2.01465,39,39,1.94222,96,0.985933
E3-Strict-p003,23.9265,104,104,RLPolicy,0,0,0,0,3.50656,1,0.966018,31,31,0.942237,3,1
E3-Strict-p003,23.9545,130,130,RLPolicy,0,0,0,0,3.50656,1,1.21321,22,22,1.1844,197,1
E3-Strict-p003,23.9719,41,133,RLPolicy,1,1,0.0431348,2.46721,3.50656,6,1.50184,24,225,1.14931,197,0.989606
E3-Strict-p003,23.9815,69,69,RLPolicy,0,0,0,0,3.50656,1,1.4323,29,29,1.33891,96,1
E3-Strict-p003,23.9821,42,253,RLPolicy,1,1,0.0448207,2.85497,3.50656,7,1.4709,85,193,1.07364,197,0.996742
E3-Strict-p003,24.0027,111,111,RLPolicy,0,0,0,0,3.50656,1,1.20372,38,38,1.17567,96,1
E3-Strict-p003,24.0119,30,173,RLPolicy,1,1,0.035914,3.16035,3.50656,7,1.57847,147,170,1.27824,198,0.998269
E3-Strict-p003,24.0153,21,39,RLPolicy,1,1,0.0383367,2.16183,3.50656,6,2.50143,12,172,2.10871,198,0.993276
E3-Strict-p003,24.0171,24,273,RLPolicy,1,1,0.0376113,2.46721,3.50656,6,1.30412,50,103,1.06275,198,0.994599
E3-Strict-p003,24.0191,10,27,RLPolicy,1,1,0.0439073,3.24274,3.50656,8,1.72,134,142,1.28579,198,0.998681
E3-Strict-p003,24.0235,98,98,RLPolicy,0,0,0,0,3.50656,1,1.10113,10,10,1.07395,96,0.989399
E3-Strict-p003,24.0273,2,2,RLPolicy,0,0,0,0,3.50656,1,1.41724,26,26,1.38286,198,1
E3-Strict-p003,24.0348,4,4,RLPolicy,0,0,0,0,3.50656,1,1.40048,20,20,1.36605,3,0.994803
E3-Strict-p003,24.0396,29,165,RLPolicy,1,1,0.0444005,2.16183,3.50656,6,2.07083,0,156,1.61823,96,0.993276
E3-Strict-p003,24.0519,64,87,RLPolicy,1,1,0.0457539,1.38629,3.50656,4,1.66175,0,121,1.37688,198,0.982263
E3-Strict-p003,24.0857,136,136,RLPolicy,0,0,0,0,3.50656,1,1.31336,29,29,1.26705,6,1
E3-Strict-p003,24.1025,75,75,RLPolicy,0,0,0,0,3.50656,1,1.89171,37,37,1.82248,97,1
E3-Strict-p003,24.1153,107,107,RLPolicy,0,0,0,0,3.50656,1,1.13553,29,29,1.10094,97,1
E3-Strict-p003,24.1207,57,57,RLPolicy,0,0,0,0,3.50656,1,1.30864,11,11,1.21538,6,0.998269
E3-Strict-p003,24.1459,122,122,RLPolicy,0,0,0,0,3.50656,1,1.51538,35,35,1.47772,198,1
E3-Strict-p003,24.1834,31,31,RLPolicy,0,0,0,0,3.50656,1,1.34949,44,44,1.32049,198,1
E3-Strict-p003,24.2109,33,33,RLPolicy,0,0,0,0,3.50656,1,1.32662,32,32,1.29647,199,0.994803
E3-Strict-p003,24.2357,71,71,RLPolicy,0,0,0,0,3.50656,1,1.67713,2,2,1.60676,97,1
E3-Strict-p003,24.2418,70,21,RLPolicy,1,1,0.0493197,2.07944,3.50656,5,1.99662,0,123,1.71148,199,0.992864
E3-Strict-p003,24.2636,84,84,RLPolicy,0,0,0,0,3.50656,1,0.915309,37,37,0.892958,3,1
E3-Strict-p003,24.2992,120,120,RLPolicy,0,0,0,0,3.50656,1,1.63181,3,3,1.61023,199,1
E3-Strict-p003,24.302,87,87,RLPolicy,0,0,0,0,3.50656,1,0.964638,37,37,0.943344,97,1
E3-Strict-p003,24.3133,100,252,RLPolicy,1,1,0.0518632,0.538997,3.50656,3,1.19642,0,57,1.07213,97,0.985162
E3-Strict-p003,24.3245,23,63,RLPolicy,1,1,0.029069,1.08091,3.50656,4,1.63114,0,105,1.39353,200,0.97727
E3-Strict-p003,24.3289,77,77,RLPolicy,0,0,0,0,3.50656,1,1.35382,34,34,1.31816,97,0.982263
E3-Strict-p003,24.3412,79,79,RLPolicy,0,0,0,0,3.50656,1,1.79245,46,46,1.61796,2,1
E3-Strict-p003,24.3419,32,32,RLPolicy,0,0,0,0,3.50656,1,1.38238,47,47,1.34082,97,0.975655
E3-Strict-p003,24.3441,37,137,RLPolicy,1,1,0.040703,2.07944,3.50656,5,1.67921,1,46,1.45506,200,0.992864
E3-Strict-p003,24.4188,112,112,RLPolicy,0,0,0,0,3.50656,1,1.06211,46,46,1.03543,97,0.989399
E3-Strict-p003,24.42,121,121,RLPolicy,0,0,0,0,3.50656,1,1.22725,3,3,1.2048,201,1
E3-Strict-p003,24.4309,108,108,RLPolicy,0,0,0,0,3.50656,1,1.15891,42,42,1.13366,201,1
E3-Strict-p003,24.4532,28,68,RLPolicy,1,1,0.0379221,1.08091,3.50656,4,1.52806,0,127,1.2777,97,0.987872
E3-Strict-p003,24.4663,72,150,RLPolicy,1,1,0.0491273,3.46574,3.50656,7,2.43372,51,129,2.10358,97,0.999796
E3-Strict-p003,24.4806,85,110,RLPolicy,1,1,0.00725468,3.46574,3.50656,7,1.29604,85,102,1.06835,201,0.999796
E3-Strict-p003,24.4809,18,18,RLPolicy,0,0,0,0,3.50656,1,1.06912,44,44,1.04859,201,1
E3-Strict-p003,24.4979,142,142,RLPolicy,0,0,0,0,3.50656,1,1.30044,44,44,1.26631,201,1
E3-Strict-p003,24.5044,6,6,RLPolicy,0,0,0,0,3.50656,1,1.18203,27,27,1.14188,98,0.976159
E3-Strict-p003,24.5082,128,110,RLPolicy,1,1,0.0620677,3.31159,3.50656,7,1.55769,176,187,1.28916,202,0.999025
E3-Strict-p003,24.5096,106,106,RLPolicy,0,0,0,0,3.50656,1,1.02722,35,35,1.00591,98,1
E3-Strict-p003,24.5148,78,78,RLPolicy,0,0,0,0,3.50656,1,1.2766,31,31,1.24809,202,1
E3-Strict-p003,24.5169,127,250,RLPolicy,1,1,0.0629499,3.46574,3.50656,7,2.22487,143,184,1.86334,98,0.999796
E3-Strict-p003,24.5313,124,124,RLPolicy,0,0,0,0,3.50656,1,1.09712,56,56,1.06491,6,1
E3-Strict-p003,24.6005,119,249,RLPolicy,1,1,0.060207,2.77259,3.50656,6,1.4692,92,193,1.24306,202,0.985729
E3-Strict-p003,24.602,47,47,RLPolicy,0,0,0,0,3.50656,1,1.16827,53,53,1.13673,202,1
E3-Strict-p003,24.6026,13,13,RLPolicy,0,0,0,0,3.50656,1,1.53375,37,37,1.49359,98,0.978169
E3-Strict-p003,24.6307,135,135,RLPolicy,0,0,0,0,3.50656,1,1.34228,29,29,1.30181,98,1
E3-Strict-p003,24.6521,90,90,RLPolicy,0,0,0,0,3.50656,1,1.02868,31,31,0.996492,4,1
E3-Strict-p003,24.6953,132,311,RLPolicy,1,1,0.0636134,3.46574,3.50656,7,1.37654,92,107,1.14616,202,0.999796
E3-Strict-p003,24.7076,15,75,RLPolicy,1,1,0.0354144,1.38629,3.50656,4,1.49325,0,65,1.31298,203,0.981765
E3-Strict-p003,24.71,36,14,RLPolicy,1,1,0.0547358,3.16035,3.50656,7,2.10831,88,114,1.84047,203,0.988495
E3-Strict-p003,24.7786,51,294,RLPolicy,1,1,0.0437367,2.61844,3.50656,6,1.33066,44,125,1.04403,203,0.991516
E3-Strict-p003,24.7823,88,88,RLPolicy,0,0,0,0,3.50656,1,1.50195,9,9,1.45526,100,1
E3-Strict-p003,24.7907,99,99,RLPolicy,0,0,0,0,3.50656,1,1.19054,36,36,1.16599,203,1
E3-Strict-p003,24.8131,14,133,RLPolicy,1,1,0.00560646,2.77259,3.50656,6,1.23906,49,100,0.983111,203,0.99633
E3-Strict-p003,24.8149,16,16,RLPolicy,0,0,0,0,3.50656,1,1.15343,22,22,1.12782,203,1
E3-Strict-p003,24.8287,9,170,RLPolicy,1,1,0.0510768,2.85497,3.50656,7,2.14566,128,214,1.58899,203,0.984825
E3-Strict-p003,24.8439,26,26,RLPolicy,0,0,0,0,3.50656,1,1.50074,5,5,1.41942,203,1
E3-Strict-p003,24.8764,139,139,RLPolicy,0,0,0,0,3.50656,1,1.43042,31,31,1.38176,203,1
E3-Strict-p003,24.8776,62,62,RLPolicy,0,0,0,0,3.50656,1,1.65158,23,23,1.57627,203,1
E3-Strict-p003,24.8936,126,126,RLPolicy,0,0,0,0,3.50656,1,1.33798,25,25,1.31148,101,1
E3-Strict-p003,24.9097,80,80,RLPolicy,0,0,0,0,3.50656,1,1.41696,54,54,1.35863,6,1
E3-Strict-p003,24.921,146,146,RLPolicy,0,0,0,0,3.50656,1,1.86287,4,4,1.82672,103,1
E3-Strict-p003,24.9465,140,140,RLPolicy,0,0,0,0,3.50656,1,2.36585,45,45,2.32203,205,1
E3-Strict-p003,24.9654,40,294,RLPolicy,1,1,0.0430831,2.85497,3.50656,7,1.78145,46,247,1.3203,205,0.982675
E3-Strict-p003,24.9679,56,56,RLPolicy,0,0,0,0,3.50656,1,1.22337,45,45,1.18063,2,1
E3-Strict-p003,24.9684,96,102,RLPolicy,1,1,0.0559648,3.46574,3.50656,7,1.51644,171,188,1.17988,205,0.999796
E3-Strict-p003,25.0168,134,134,RLPolicy,0,0,0,0,3.50656,1,1.15988,1,1,1.13515,205,1
E3-Strict-p003,25.0274,110,110,RLPolicy,0,0,0,0,3.50656,1,0.992735,12,12,0.971406,107,1
E3-Strict-p003,25.0541,123,123,RLPolicy,0,0,0,0,3.50656,1,1.15995,53,53,1.13208,205,1
E3-Strict-p003,25.0587,20,241,RLPolicy,1,1,0.0404016,2.54959,3.50656,7,1.45189,61,172,1.18112,205,0.986349
E3-Strict-p003,25.06,3,3,RLPolicy,0,0,0,0,3.50656,1,1.13176,28,28,1.10286,3,0.995423
E3-Strict-p003,25.0602,19,15,RLPolicy,1,1,0.0409533,3.23982,3.50656,8,1.58765,199,245,1.21339,205,0.99406
E3-Strict-p003,25.0895,45,45,RLPolicy,0,0,0,0,3.50656,1,1.13888,5,5,1.10408,205,1
E3-Strict-p003,25.0993,46,46,RLPolicy,0,0,0,0,3.50656,1,1.2683,32,32,1.2417,205,1
E3-Strict-p003,25.1045,133,132,RLPolicy,1,1,0.0626083,3.46574,3.50656,7,1.57772,112,120,1.36394,205,0.999796
E3-Strict-p003,25.1136,43,226,RLPolicy,1,1,0.0434532,2.77259,3.50656,6,1.49747,77,141,1.24287,205,0.985729
E3-Strict-p003,25.1238,102,302,RLPolicy,1,1,0.050149,2.77259,3.50656,6,1.39295,51,142,1.07667,205,0.99633
E3-Strict-p003,25.1394,12,12,RLPolicy,0,0,0,0,3.50656,1,1.56525,51,51,1.52238,107,0.961265
E3-Strict-p003,25.1454,63,170,RLPolicy,1,1,0.0422575,3.46574,3.50656,7,1.49888,26,143,1.07969,205,0.999796
E3-Strict-p003,25.1508,81,81,RLPolicy,0,0,0,0,3.50656,1,1.3578,12,12,1.32591,107,1
E3-Strict-p003,25.1626,25,25,RLPolicy,0,0,0,0,3.50656,1,1.63393,40,40,1.58655,107,0.998269
E3-Strict-p003,25.1722,105,110,RLPolicy,1,1,0.00780627,3.46574,3.50656,7,1.44771,182,188,1.26033,205,0.999592
E3-Strict-p003,25.1857,143,143,RLPolicy,0,0,0,0,3.50656,1,1.17646,5,5,1.13647,6,1
E3-Strict-p003,25.1961,109,214,RLPolicy,1,1,0.0506371,2.61844,3.50656,6,1.7796,0,178,1.18259,107,0.995559
E3-Strict-p003,25.2053,76,76,RLPolicy,0,0,0,0,3.50656,1,1.64355,50,50,1.59595,107,1
E3-Strict-p003,25.2107,115,264,RLPolicy,1,1,0.0588246,2.77259,3.50656,6,1.85059,98,194,1.39369,208,0.99633
E3-Strict-p003,25.2259,54,54,RLPolicy,0,0,0,0,3.50656,1,1.8879,5,5,1.77491,208,1
E3-Strict-p003,25.2315,38,38,RLPolicy,0,0,0,0,3.50656,1,2.07546,30,30,2.0383,107,0.996742
E3-Strict-p003,25.237,66,207,RLPolicy,1,1,0.0507671,3.48945,3.50656,8,2.49484,90,249,1.71793,208,0.991237
E3-Strict-p003,25.242,50,146,RLPolicy,1,1,0.00787425,3.46574,3.50656,7,1.7975,150,176,1.34509,208,0.999796
E3-Strict-p003,25.2423,52,304,RLPolicy,1,1,0.0488377,2.77259,3.50656,6,1.87745,85,184,1.5414,208,0.99266
E3-Strict-p003,25.2636,39,14,RLPolicy,1,1,0.0420119,2.46721,3.50656,6,2.03282,14,104,1.70109,208,0.994803
E3-Strict-p003,25.2725,95,239,RLPolicy,1,1,0.0543096,2.77259,3.50656,6,2.29061,58,185,1.8338,208,0.985729
E3-Strict-p003,25.2812,157,157,RLPolicy,0,0,0,0,3.50656,1,1.59116,37,37,1.55865,208,1
E3-Strict-p003,25.2872,59,250,RLPolicy,1,1,0.0571633,3.46574,3.50656,7,1.94003,118,231,1.39036,107,0.999796
E3-Strict-p003,25.3079,114,114,RLPolicy,0,0,0,0,3.50656,1,1.086,2,2,1.06207,108,1
E3-Strict-p003,25.3116,49,292,RLPolicy,1,1,0.0446223,3.46574,3.50656,7,1.18456,54,74,0.966295,108,0.999796
E3-Strict-p003,25.317,68,326,RLPolicy,1,1,0.0507706,3.46574,3.50656,7,1.871,58,214,1.28565,108,0.985729
E3-Strict-p003,25.3184,86,6,RLPolicy,1,1,0.0393093,3.46574,3.50656,7,2.05125,155,163,1.57572,208,0.995922
E3-Strict-p003,25.3208,153,323,RLPolicy,1,1,0.0574471,2.77259,3.50656,6,1.94484,69,163,1.57777,208,0.99633
E3-Strict-p003,25.3298,145,145,RLPolicy,0,0,0,0,3.50656,1,2.05365,53,53,1.98507,208,1
E3-Strict-p003,25.3471,1,95,RLPolicy,1,1,0.00727925,2.85497,3.50656,7,1.66432,139,157,1.37316,208,0.996742
E3-Strict-p003,25.3654,7,164,RLPolicy,1,1,0.0504163,3.16035,3.50656,7,2.04321,94,219,1.55796,208,0.983298
E3-Strict-p003,25.3911,8,206,RLPolicy,1,1,0.0413539,2.46721,3.50656,6,1.93613,65,163,1.54383,108,0.994803
E3-Strict-p003,25.4044,155,155,RLPolicy,0,0,0,0,3.50656,1,1.39656,43,43,1.34005,2,1
E3-Strict-p003,25.4143,97,97,RLPolicy,0,0,0,0,3.50656,1,2.50859,22,22,2.40585,108,1
E3-Strict-p003,25.416,17,17,RLPolicy,0,0,0,0,3.50656,1,1.27878,38,38,1.24706,211,1
E3-Strict-p003,25.4189,103,103,RLPolicy,0,0,0,0,3.50656,1,1.25341,49,49,1.22618,211,1
E3-Strict-p003,25.4255,67,64,RLPolicy,1,1,0.0383992,0.693147,3.50656,3,1.27154,0,50,1.17034,211,0.978593
E3-Strict-p003,25.4573,74,74,RLPolicy,0,0,0,0,3.50656,1,2.21141,32,32,2.12165,211,0.992094
E3-Strict-p003,25.4602,65,65,RLPolicy,0,0,0,0,3.50656,1,1.19903,17,17,1.1637,108,0.99266
E3-Strict-p003,25.4684,61,61,RLPolicy,0,0,0,0,3.50656,1,1.326,48,48,1.29707,211,1
E3-Strict-p003,25.4743,159,159,RLPolicy,0,0,0,0,3.50656,1,1.3961,13,13,1.36938,211,1
E3-Strict-p003,25.4817,48,60,RLPolicy,1,1,0.0406876,2.77259,3.50656,6,1.59042,28,126,1.2745,211,0.99266
E3-Strict-p003,25.4918,101,291,RLPolicy,1,1,0.0585575,3.46574,3.50656,7,1.56581,164,211,1.22679,211,0.999796
E3-Strict-p003,25.4956,147,147,RLPolicy,0,0,0,0,3.50656,1,1.91105,36,36,1.54135,108,1
E3-Strict-p003,25.5034,55,55,RLPolicy,0,0,0,0,3.50656,1,1.16218,16,16,1.13426,110,1
E3-Strict-p003,25.5136,125,266,RLPolicy,1,1,0.0615277,2.46429,3.50656,6,1.69271,64,189,1.29885,211,0.987653
E3-Strict-p003,25.5143,93,93,RLPolicy,0,0,0,0,3.50656,1,1.62888,49,49,1.58747,211,0.985933
E3-Strict-p003,25.5147,53,53,RLPolicy,0,0,0,0,3.50656,1,1.21804,14,14,1.1955,211,0.99633
E3-Strict-p003,25.5226,44,44,RLPolicy,0,0,0,0,3.50656,1,1.61309,31,31,1.58082,211,1
E3-Strict-p003,25.5304,0,340,RLPolicy,1,1,0.0382598,3.16035,3.50656,7,1.5564,45,273,1.05563,110,0.998269
E3-Strict-p003,25.5422,118,21,RLPolicy,1,1,0.0562269,0.693147,3.50656,3,1.37917,0,74,1.13721,211,0.985729
E3-Strict-p003,25.547,91,91,RLPolicy,0,0,0,0,3.50656,1,1.58611,28,28,1.54974,211,0.999796
E3-Strict-p003,25.6356,117,274,RLPolicy,1,1,0.0469259,0.693147,3.50656,3,1.61617,0,55,1.46604,212,0.985933
E3-Strict-p003,25.6367,137,137,RLPolicy,0,0,0,0,3.50656,1,1.91774,27,27,1.86457,110,1
E3-Strict-p003,25.6516,89,261,RLPolicy,1,1,0.0553043,3.46574,3.50656,7,2.21508,88,223,1.64332,212,0.995922
E3-Strict-p003,25.6757,83,83,RLPolicy,0,0,0,0,3.50656,1,1.63215,44,44,1.59097,110,0.99633
E3-Strict-p003,25.6803,60,335,RLPolicy,1,1,0.0496276,2.46721,3.50656,6,1.75628,48,111,1.26217,212,0.994803
E3-Strict-p003,25.6869,35,35,RLPolicy,0,0,0,0,3.50656,1,1.92935,17,17,1.89004,212,1
E3-Strict-p003,25.7018,11,11,RLPolicy,0,0,0,0,3.50656,1,1.40295,5,5,1.37156,213,1
E3-Strict-p003,25.7018,129,129,RLPolicy,0,0,0,0,3.50656,1,1.18155,35,35,1.15826,110,0.99633
E3-Strict-p003,25.7308,131,30,RLPolicy,1,1,0.0578326,0.693147,3.50656,3,1.48671,0,25,1.37441,213,0.985933
E3-Strict-p003,25.733,116,116,RLPolicy,0,0,0,0,3.50656,1,1.26644,36,36,1.23648,110,0.992864
E3-Strict-p003,25.7398,27,302,RLPolicy,1,1,0.0312127,1.46868,3.50656,5,1.68548,0,179,1.32093,213,0.984825
E3-Strict-p003,25.7683,73,73,RLPolicy,0,0,0,0,3.50656,1,2.16613,53,53,2.12035,110,0.99633
E3-Strict-p003,25.7693,82,82,RLPolicy,0,0,0,0,3.50656,1,1.86363,49,49,1.80955,110,1
E3-Strict-p003,25.7822,144,144,RLPolicy,0,0,0,0,3.50656,1,1.50318,52,52,1.46144,213,1
E3-Strict-p003,25.7919,141,141,RLPolicy,0,0,0,0,3.50656,1,1.45247,45,45,1.41962,213,1
E3-Strict-p003,25.8217,138,138,RLPolicy,0,0,0,0,3.50656,1,1.82511,31,31,1.78472,110,1
E3-Strict-p003,25.8227,94,94,RLPolicy,0,0,0,0,3.50656,1,1.86044,53,53,1.79042,110,0.985933
E3-Strict-p003,25.8236,5,5,RLPolicy,0,0,0,0,3.50656,1,1.56979,49,49,1.50964,221,1
E3-Strict-p003,25.8249,113,21,RLPolicy,1,1,0.0512265,0.693147,3.50656,3,1.39379,0,77,1.22852,221,0.982263
E3-Strict-p003,25.8346,92,43,RLPolicy,1,1,0.0479346,3.46574,3.50656,7,2.29495,117,129,1.96615,221,0.999592
E3-Strict-p003,25.8562,22,121,RLPolicy,1,1,0.0377506,2.07944,3.50656,5,1.742,0,102,1.53321,221,0.971662
E3-Strict-p003,25.8632,34,21,RLPolicy,1,1,0.0362136,0.775531,3.50656,4,2.39057,0,102,2.00017,221,0.986345
E3-Strict-p003,25.8791,58,58,RLPolicy,0,0,0,0,3.50656,1,1.75103,45,45,1.71159,110,0.985933
E3-Strict-p003,25.9265,104,104,RLPolicy,0,0,0,0,3.50656,1,1.60351,36,36,1.52792,110,1
E3-Strict-p003,25.9545,130,130,RLPolicy,0,0,0,0,3.50656,1,1.08244,22,22,1.04874,6,1
E3-Strict-p003,25.9704,175,175,RLPolicy,0,0,0,0,3.50656,1,1.33543,5,5,1.30142,110,1
E3-Strict-p003,25.9719,41,41,RLPolicy,0,0,0,0,3.50656,1,1.65572,53,53,1.5942,110,0.989606
E3-Strict-p003,25.9815,69,112,RLPolicy,1,1,0.0480463,3.46574,3.50656,7,1.87892,55,248,1.33323,222,0.999796
E3-Strict-p003,25.9821,42,42,RLPolicy,0,0,0,0,3.50656,1,1.7959,13,13,1.74072,110,0.996742
E3-Strict-p003,25.9829,152,251,RLPolicy,1,1,0.0657867,3.46574,3.50656,7,1.4959,132,154,1.28183,222,0.999796
E3-Strict-p003,26.0003,168,65,RLPolicy,1,1,0.0517203,2.77259,3.50656,6,1.89952,85,197,1.43355,225,0.99633
E3-Strict-p003,26.0027,111,257,RLPolicy,1,1,0.0577519,3.46574,3.50656,7,2.08079,31,237,1.47687,225,0.999796
E3-Strict-p003,26.0119,30,30,RLPolicy,0,0,0,0,3.50656,1,1.1422,13,13,1.11889,112,0.998269
E3-Strict-p003,26.0153,21,21,RLPolicy,0,0,0,0,3.50656,1,1.31969,46,46,1.29531,112,0.993276
E3-Strict-p003,26.0171,24,55,RLPolicy,0,0,0.033966,1.08091,3.50656,3,1.51226,15,38,1.38311,225,0.994599
E3-Strict-p003,26.0191,10,10,RLPolicy,0,0,0,0,3.50656,1,2.65333,6,6,2.59623,112,0.998681
E3-Strict-p003,26.0217,161,161,RLPolicy,0,0,0,0,3.50656,1,1.44997,38,38,1.41295,112,1
E3-Strict-p003,26.0235,98,316,RLPolicy,1,1,0.0524405,1.38629,3.50656,4,1.51115,0,35,1.34997,225,0.978797
E3-Strict-p003,26.0273,2,2,RLPolicy,0,0,0,0,3.50656,1,1.37361,31,31,1.34752,225,1
E3-Strict-p003,26.0348,4,47,RLPolicy,1,1,0.031073,0.693147,3.50656,3,1.28049,0,63,1.1538,112,0.980736
E3-Strict-p003,26.0396,29,29,RLPolicy,0,0,0,0,3.50656,1,1.29708,26,26,1.27202,225,0.993276
E3-Strict-p003,26.0519,64,152,RLPolicy,1,1,0.0465625,2.77259,3.50656,6,1.89242,44,117,1.53882,225,0.978593
E3-Strict-p003,26.0857,136,136,RLPolicy,0,0,0,0,3.50656,1,1.33703,30,30,1.30893,112,1
E3-Strict-p003,26.1025,75,75,RLPolicy,0,0,0,0,3.50656,1,1.22392,39,39,1.19842,112,1
E3-Strict-p003,26.1153,107,251,RLPolicy,1,1,0.0569374,3.46574,3.50656,7,2.50058,53,274,2.02093,228,0.999796
E3-Strict-p003,26.1207,57,57,RLPolicy,0,0,0,0,3.50656,1,1.2045,14,14,1.18009,228,0.998269
E3-Strict-p003,26.134,150,150,RLPolicy,0,0,0,0,3.50656,1,1.31752,31,31,1.26831,6,1
E3-Strict-p003,26.1387,151,151,RLPolicy,0,0,0,0,3.50656,1,2.02843,39,39,1.99582,112,1
E3-Strict-p003,26.1459,122,122,RLPolicy,0,0,0,0,3.50656,1,1.21693,36,36,1.18851,112,1
E3-Strict-p003,26.1834,31,31,RLPolicy,0,0,0,0,3.50656,1,1.34209,43,43,1.31359,228,1
E3-Strict-p003,26.2079,164,164,RLPolicy,0,0,0,0,3.50656,1,1.52587,55,55,1.491,228,1
E3-Strict-p003,26.2109,33,33,RLPolicy,0,0,0,0,3.50656,1,1.73346,36,36,1.70569,228,0.994803
E3-Strict-p003,26.2292,160,160,RLPolicy,0,0,0,0,3.50656,1,1.58278,3,3,1.55201,112,1
E3-Strict-p003,26.2357,71,155,RLPolicy,1,1,0.04945,3.46574,3.50656,7,1.34174,91,102,1.10986,112,0.999796
E3-Strict-p003,26.2418,70,10,RLPolicy,1,1,0.0508756,2.07944,3.50656,5,1.62648,0,89,1.29147,228,0.985729
E3-Strict-p003,26.2464,174,174,RLPolicy,0,0,0,0,3.50656,1,4.59055,53,53,4.52589,228,1
E3-Strict-p003,26.2636,84,84,RLPolicy,0,0,0,0,3.50656,1,4.92482,43,43,4.81811,228,1
E3-Strict-p003,26.2688,148,148,RLPolicy,0,0,0,0,3.50656,1,5.33067,3,3,5.29604,228,1
E3-Strict-p003,26.2716,149,75,RLPolicy,1,1,0.0585668,2.07944,3.50656,5,1.88986,0,135,1.52205,228,0.992864
E3-Strict-p003,26.2992,120,120,RLPolicy,0,0,0,0,3.50656,1,1.15709,4,4,1.128,112,1
E3-Strict-p003,26.302,87,87,RLPolicy,0,0,0,0,3.50656,1,1.82423,45,45,1.76805,228,1
E3-Strict-p003,26.3133,100,199,RLPolicy,1,1,0.0576745,3.00328,3.50656,7,6.29816,59,258,5.6336,112,0.982646
E3-Strict-p003,26.3158,167,167,RLPolicy,0,0,0,0,3.50656,1,2.01051,38,38,1.96965,112,1
E3-Strict-p003,26.3178,158,158,RLPolicy,0,0,0,0,3.50656,1,1.83325,48,48,1.77324,4,1
E3-Strict-p003,26.3245,23,222,RLPolicy,1,1,0.0297746,0.693147,3.50656,3,1.39183,0,92,1.21331,228,0.963203
E3-Strict-p003,26.3289,77,105,RLPolicy,1,1,0.0524285,3.46574,3.50656,7,1.81638,58,220,1.4041,228,0.982059
E3-Strict-p003,26.3412,79,150,RLPolicy,1,1,0.0517018,3.46574,3.50656,7,2.33055,40,253,1.84271,112,0.999796
E3-Strict-p003,26.3419,32,32,RLPolicy,0,0,0,0,3.50656,1,1.27081,54,54,1.24247,112,0.975655
E3-Strict-p003,26.3441,37,37,RLPolicy,0,0,0,0,3.50656,1,1.08808,5,5,1.06853,112,0.992864
E3-Strict-p003,26.3905,156,66,RLPolicy,1,1,0.0643661,1.38629,3.50656,4,2.05041,0,139,1.67616,228,0.989399
E3-Strict-p003,26.3991,176,176,RLPolicy,0,0,0,0,3.50656,1,1.44759,13,13,1.4165,228,1
E3-Strict-p003,26.4188,112,112,RLPolicy,0,0,0,0,3.50656,1,1.63785,52,52,1.58688,113,0.989399
E3-Strict-p003,26.42,121,121,RLPolicy,0,0,0,0,3.50656,1,1.54712,3,3,1.51583,230,1
E3-Strict-p003,26.4272,177,177,RLPolicy,0,0,0,0,3.50656,1,1.47152,39,39,1.4341,2,1
E3-Strict-p003,26.4309,108,108,RLPolicy,0,0,0,0,3.50656,1,1.64635,47,47,1.59658,230,1
E3-Strict-p003,26.4532,28,28,RLPolicy,0,0,0,0,3.50656,1,1.51814,46,46,1.4852,230,0.987872
E3-Strict-p003,26.4663,72,72,RLPolicy,0,0,0,0,3.50656,1,1.34922,6,6,1.31774,230,0.999796
E3-Strict-p003,26.4806,85,85,RLPolicy,0,0,0,0,3.50656,1,1.95261,3,3,1.90563,113,0.999796
E3-Strict-p003,26.4809,18,127,RLPolicy,1,1,0.0390646,2.46721,3.50656,6,4.94764,39,202,4.45225,113,0.994803
E3-Strict-p003,26.4979,142,142,RLPolicy,0,0,0,0,3.50656,1,1.516,40,40,1.48843,230,1
E3-Strict-p003,26.5044,6,6,RLPolicy,0,0,0,0,3.50656,1,1.56826,31,31,1.51459,114,0.976159
E3-Strict-p003,26.5082,128,347,RLPolicy,1,1,0.0618559,2.07944,3.50656,5,1.73979,2,163,1.39553,230,0.99189
E3-Strict-p003,26.5096,106,106,RLPolicy,0,0,0,0,3.50656,1,1.3743,37,37,1.331,4,1
E3-Strict-p003,26.5138,166,166,RLPolicy,0,0,0,0,3.50656,1,2.50412,35,35,2.4343,230,1
E3-Strict-p003,26.5148,78,31,RLPolicy,1,1,0.0393162,0.693147,3.50656,3,1.74478,0,89,1.50894,114,0.985933
E3-Strict-p003,26.5169,127,127,RLPolicy,0,0,0,0,3.50656,1,1.22788,6,6,1.20872,230,0.999796
E3-Strict-p003,26.5313,124,124,RLPolicy,0,0,0,0,3.50656,1,1.33828,62,62,1.2976,2,1
E3-Strict-p003,26.6005,119,119,RLPolicy,0,0,0,0,3.50656,1,2.17325,52,52,2.10323,114,0.985729
E3-Strict-p003,26.602,47,47,RLPolicy,0,0,0,0,3.50656,1,1.84363,58,58,1.77974,231,1
E3-Strict-p003,26.6026,13,13,RLPolicy,0,0,0,0,3.50656,1,1.4242,40,40,1.39846,114,0.978169
E3-Strict-p003,26.6064,163,163,RLPolicy,0,0,0,0,3.50656,1,1.75846,31,31,1.7296,231,1
E3-Strict-p003,26.6307,135,330,RLPolicy,1,1,0.0633712,3.46574,3.50656,7,1.83447,88,210,1.429,231,0.999796
E3-Strict-p003,26.6521,90,90,RLPolicy,0,0,0,0,3.50656,1,1.96014,28,28,1.9105,231,1
E3-Strict-p003,26.6573,165,165,RLPolicy,0,0,0,0,3.50656,1,1.85935,36,36,1.81644,231,1
E3-Strict-p003,26.676,171,337,RLPolicy,1,1,0.0679872,2.07944,3.50656,5,1.64453,1,61,1.38832,231,0.992864
E3-Strict-p003,26.6953,132,116,RLPolicy,1,1,0.0636,3.46574,3.50656,7,1.8161,50,114,1.51627,231,0.999592
E3-Strict-p003,26.7076,15,3,RLPolicy,1,1,0.00799616,3.06244,3.50656,8,2.44294,178,239,1.78094,232,0.979544
E3-Strict-p003,26.71,36,296,RLPolicy,1,1,0.00725158,3.46574,3.50656,7,2.16549,167,190,1.78258,232,0.988291
E3-Strict-p003,26.728,154,154,RLPolicy,0,0,0,0,3.50656,1,1.84466,3,3,1.81511,232,1
E3-Strict-p003,26.7786,51,51,RLPolicy,0,0,0,0,3.50656,1,2.37108,10,10,2.33675,114,0.991516
E3-Strict-p003,26.7823,88,88,RLPolicy,0,0,0,0,3.50656,1,1.69766,15,15,1.65757,114,1
E3-Strict-p003,26.7907,99,99,RLPolicy,0,0,0,0,3.50656,1,2.93244,35,35,2.84919,232,1
E3-Strict-p003,26.8131,14,268,RLPolicy,1,1,0.0344818,2.77259,3.50656,6,2.11526,25,111,1.77951,232,0.99266
E3-Strict-p003,26.8149,16,16,RLPolicy,0,0,0,0,3.50656,1,2.49178,25,25,2.45064,232,1
E3-Strict-p003,26.8287,9,92,RLPolicy,1,1,0.0349076,2.77259,3.50656,6,1.76803,13,104,1.48984,232,0.981156
E3-Strict-p003,26.8439,26,26,RLPolicy,0,0,0,0,3.50656,1,1.26901,5,5,1.24229,114,1
E3-Strict-p003,26.8764,139,139,RLPolicy,0,0,0,0,3.50656,1,1.64003,31,31,1.5643,232,1
E3-Strict-p003,26.8776,62,62,RLPolicy,0,0,0,0,3.50656,1,1.96724,20,20,1.92766,232,1
E3-Strict-p003,26.8888,188,188,RLPolicy,0,0,0,0,3.50656,1,2.35616,3,3,2.32086,232,1
E3-Strict-p003,26.8936,126,126,RLPolicy,0,0,0,0,3.50656,1,1.71036,26,26,1.64856,114,1
E3-Strict-p003,26.9004,192,192,RLPolicy,0,0,0,0,3.50656,1,1.1084,6,6,1.08024,2,1
E3-Strict-p003,26.9097,80,80,RLPolicy,0,0,0,0,3.50656,1,1.62543,58,58,1.58606,233,1
E3-Strict-p003,26.921,146,146,RLPolicy,0,0,0,0,3.50656,1,1.1444,4,4,1.12374,114,1
E3-Strict-p003,26.9465,140,49,RLPolicy,1,1,0.0645203,2.77259,3.50656,6,1.48084,23,79,1.25029,114,0.99633
E3-Strict-p003,26.9487,173,273,RLPolicy,1,1,0.0612845,2.77259,3.50656,6,2.12988,28,227,1.57849,233,0.99633
E3-Strict-p003,26.9654,40,264,RLPolicy,1,1,0.0439572,2.54959,3.50656,7,2.20081,94,234,1.73386,233,0.97789
E3-Strict-p003,26.9663,178,178,RLPolicy,0,0,0,0,3.50656,1,1.53489,7,7,1.5014,114,1
E3-Strict-p003,26.9679,56,203,RLPolicy,1,1,0.0454276,2.77259,3.50656,6,1.99776,4,191,1.53065,114,0.99633
E3-Strict-p003,26.9684,96,266,RLPolicy,1,1,0.0553865,2.77259,3.50656,6,4.35758,80,177,3.86687,233,0.996126
E3-Strict-p003,27.0168,134,134,RLPolicy,0,0,0,0,3.50656,1,1.21041,1,1,1.19067,235,1
E3-Strict-p003,27.0274,110,110,RLPolicy,0,0,0,0,3.50656,1,1.65683,16,16,1.61392,235,1
E3-Strict-p003,27.0305,187,187,RLPolicy,0,0,0,0,3.50656,1,1.90719,17,17,1.86585,115,1
E3-Strict-p003,27.0484,172,365,RLPolicy,1,1,0.063601,2.77259,3.50656,6,2.35977,54,231,1.8241,235,0.99633
E3-Strict-p003,27.0541,123,123,RLPolicy,0,0,0,0,3.50656,1,2.82397,59,59,2.76547,235,1
E3-Strict-p003,27.0587,20,57,RLPolicy,1,1,0.00789924,3.46574,3.50656,7,2.14605,164,176,1.82014,235,0.986144
E3-Strict-p003,27.06,3,3,RLPolicy,0,0,0,0,3.50656,1,1.93126,28,28,1.87667,115,0.995423
E3-Strict-p003,27.0602,19,51,RLPolicy,1,1,0.00724983,3.15743,3.50656,7,2.78124,191,228,2.32544,235,0.992314
E3-Strict-p003,27.0895,45,45,RLPolicy,0,0,0,0,3.50656,1,1.49516,7,7,1.45192,2,1
E3-Strict-p003,27.0993,46,46,RLPolicy,0,0,0,0,3.50656,1,1.95701,34,34,1.90914,235,1
E3-Strict-p003,27.1045,133,181,RLPolicy,1,1,0.0603022,2.77259,3.50656,6,1.58407,74,145,1.35658,236,0.996126
E3-Strict-p003,27.1136,43,43,RLPolicy,0,0,0,0,3.50656,1,1.8495,53,53,1.76854,116,0.985729
E3-Strict-p003,27.1238,102,9,RLPolicy,1,1,0.0501634,2.77259,3.50656,6,2.21224,70,146,1.86521,236,0.99266
E3-Strict-p003,27.1394,12,12,RLPolicy,0,0,0,0,3.50656,1,1.51869,56,56,1.48442,116,0.961265
E3-Strict-p003,27.1454,63,63,RLPolicy,0,0,0,0,3.50656,1,1.8553,15,15,1.80598,116,0.999796
E3-Strict-p003,27.1508,81,81,RLPolicy,0,0,0,0,3.50656,1,1.43342,14,14,1.40193,116,1
E3-Strict-p003,27.1626,25,25,RLPolicy,0,0,0,0,3.50656,1,1.4997,39,39,1.46718,116,0.998269
E3-Strict-p003,27.1722,105,105,RLPolicy,0,0,0,0,3.50656,1,2.27187,44,44,2.19362,116,0.999592
E3-Strict-p003,27.1857,143,143,RLPolicy,0,0,0,0,3.50656,1,1.1628,7,7,1.14055,116,1
E3-Strict-p003,27.1884,184,81,RLPolicy,1,1,0.0520367,2.77259,3.50656,6,2.12747,71,140,1.71276,236,0.99633
E3-Strict-p003,27.1961,109,109,RLPolicy,0,0,0,0,3.50656,1,2.06544,11,11,1.78915,236,0.995559
E3-Strict-p003,27.2053,76,76,RLPolicy,0,0,0,0,3.50656,1,1.25982,53,53,1.23072,117,1
E3-Strict-p003,27.2107,115,115,RLPolicy,0,0,0,0,3.50656,1,1.91927,54,54,1.87823,117,0.99633
E3-Strict-p003,27.2259,54,54,RLPolicy,0,0,0,0,3.50656,1,1.76061,7,7,1.72873,236,1
E3-Strict-p003,27.2315,38,38,RLPolicy,0,0,0,0,3.50656,1,1.42623,40,40,1.39929,236,0.996742
E3-Strict-p003,27.237,66,66,RLPolicy,0,0,0,0,3.50656,1,2.53472,29,29,2.50452,117,0.991237
E3-Strict-p003,27.242,50,249,RLPolicy,1,1,0.0368754,2.77259,3.50656,6,3.40425,73,185,2.94563,236,0.996126
E3-Strict-p003,27.2423,52,222,RLPolicy,1,1,0.0432354,1.38629,3.50656,4,1.61432,0,128,1.46307,236,0.982059
E3-Strict-p003,27.2636,39,217,RLPolicy,1,1,0.054492,2.77259,3.50656,6,1.72104,80,198,1.39244,236,0.991133
E3-Strict-p003,27.2674,162,162,RLPolicy,0,0,0,0,3.50656,1,1.61867,58,58,1.58003,236,1
E3-Strict-p003,27.2725,95,307,RLPolicy,1,1,0.0518174,2.77259,3.50656,6,2.11049,51,196,1.71649,236,0.982059
E3-Strict-p003,27.2736,179,179,RLPolicy,0,0,0,0,3.50656,1,1.66103,32,32,1.62915,117,1
E3-Strict-p003,27.2812,157,157,RLPolicy,0,0,0,0,3.50656,1,1.58506,33,33,1.55714,236,1
E3-Strict-p003,27.2872,59,59,RLPolicy,0,0,0,0,3.50656,1,2.49059,24,24,2.43276,236,0.999796
E3-Strict-p003,27.2954,169,169,RLPolicy,0,0,0,0,3.50656,1,1.82514,32,32,1.77705,117,1
E3-Strict-p003,27.3079,114,114,RLPolicy,0,0,0,0,3.50656,1,1.28748,3,3,1.25812,117,1
E3-Strict-p003,27.3116,49,225,RLPolicy,1,1,0.0457143,3.00328,3.50656,7,5.32017,113,123,5.0538,117,0.99728
E3-Strict-p003,27.3148,170,94,RLPolicy,1,1,0.0554481,1.38629,3.50656,4,1.93505,0,98,1.67417,240,0.989399
E3-Strict-p003,27.317,68,68,RLPolicy,0,0,0,0,3.50656,1,1.60173,11,11,1.57333,240,0.985729
E3-Strict-p003,27.3184,86,86,RLPolicy,0,0,0,0,3.50656,1,1.44468,9,9,1.41815,4,0.995922
E3-Strict-p003,27.3208,153,153,RLPolicy,0,0,0,0,3.50656,1,1.29998,38,38,1.26873,117,0.99633
E3-Strict-p003,27.3298,145,145,RLPolicy,0,0,0,0,3.50656,1,1.50723,56,56,1.47504,240,1
E3-Strict-p003,27.3471,1,76,RLPolicy,1,1,0.00725065,2.54959,3.50656,7,2.08116,76,182,1.68822,240,0.991957
E3-Strict-p003,27.3654,7,133,RLPolicy,1,1,0.0379612,2.46721,3.50656,6,1.82848,31,192,1.4468,240,0.978102
E3-Strict-p003,27.3688,183,183,RLPolicy,0,0,0,0,3.50656,1,1.70104,40,40,1.66913,240,1
E3-Strict-p003,27.3911,8,8,RLPolicy,0,0,0,0,3.50656,1,1.57819,46,46,1.5453,240,0.994803
E3-Strict-p003,27.3987,193,193,RLPolicy,0,0,0,0,3.50656,1,1.59035,54,54,1.5581,240,1
E3-Strict-p003,27.4044,155,155,RLPolicy,0,0,0,0,3.50656,1,1.6462,48,48,1.6124,242,1
E3-Strict-p003,27.4143,97,97,RLPolicy,0,0,0,0,3.50656,1,2.0595,23,23,2.00318,117,1
E3-Strict-p003,27.416,17,17,RLPolicy,0,0,0,0,3.50656,1,4.70331,41,41,4.64742,242,1
E3-Strict-p003,27.4189,103,103,RLPolicy,0,0,0,0,3.50656,1,1.73729,54,54,1.69091,242,1
E3-Strict-p003,27.4222,189,184,RLPolicy,1,1,0.0700783,2.77259,3.50656,6,2.18477,33,255,1.71685,242,0.99633
E3-Strict-p003,27.4255,67,67,RLPolicy,0,0,0,0,3.50656,1,2.94832,30,30,2.87649,117,0.978593
E3-Strict-p003,27.4573,74,74,RLPolicy,0,0,0,0,3.50656,1,1.53536,38,38,1.50751,242,0.992094
E3-Strict-p003,27.4602,65,65,RLPolicy,0,0,0,0,3.50656,1,2.51908,11,11,2.44409,117,0.99266
E3-Strict-p003,27.4676,180,180,RLPolicy,0,0,0,0,3.50656,1,1.75026,12,12,1.69212,117,1
E3-Strict-p003,27.4684,61,61,RLPolicy,0,0,0,0,3.50656,1,1.64815,48,48,1.60401,2,1
E3-Strict-p003,27.4743,159,237,RLPolicy,1,1,0.0576945,3.46574,3.50656,7,1.91578,115,170,1.55047,242,0.999796
E3-Strict-p003,27.4817,48,48,RLPolicy,0,0,0,0,3.50656,1,1.75592,53,53,1.71425,117,0.99266
E3-Strict-p003,27.4918,101,101,RLPolicy,0,0,0,0,3.50656,1,1.64303,18,18,1.60441,117,0.999796
E3-Strict-p003,27.4956,147,147,RLPolicy,0,0,0,0,3.50656,1,1.73719,42,42,1.66679,117,1
E3-Strict-p003,27.5034,55,55,RLPolicy,0,0,0,0,3.50656,1,1.62159,16,16,1.5796,119,1
E3-Strict-p003,27.5136,125,125,RLPolicy,0,0,0,0,3.50656,1,2.00679,37,37,1.95115,119,0.987653
E3-Strict-p003,27.5143,93,93,RLPolicy,0,0,0,0,3.50656,1,1.5948,54,54,1.55759,242,0.985933
E3-Strict-p003,27.5147,53,53,RLPolicy,0,0,0,0,3.50656,1,1.77357,23,23,1.73825,242,0.99633
E3-Strict-p003,27.5226,44,44,RLPolicy,0,0,0,0,3.50656,1,1.58546,30,30,1.5561,242,1
E3-Strict-p003,27.5304,0,0,RLPolicy,0,0,0,0,3.50656,1,2.23709,50,50,2.17183,242,0.998269
E3-Strict-p003,27.5375,200,77,RLPolicy,1,1,0.0667153,0.693147,3.50656,3,1.76811,0,52,1.60828,242,0.985933
E3-Strict-p003,27.5422,118,118,RLPolicy,0,0,0,0,3.50656,1,1.75787,31,31,1.7177,119,0.985729
E3-Strict-p003,27.547,91,39,RLPolicy,1,1,0.0545989,2.77259,3.50656,6,1.96986,84,201,1.5532,242,0.996126
E3-Strict-p003,27.6356,117,117,RLPolicy,0,0,0,0,3.50656,1,2.40151,38,38,2.35371,8,0.985933
E3-Strict-p003,27.6367,137,371,RLPolicy,1,1,0.03986,1.38629,3.50656,4,2.13994,0,98,1.85601,245,0.989399
E3-Strict-p003,27.6516,89,89,RLPolicy,0,0,0,0,3.50656,1,1.617,31,31,1.58046,119,0.995922
E3-Strict-p003,27.6757,83,295,RLPolicy,1,1,0.0526534,2.07944,3.50656,5,2.27792,1,180,1.8852,245,0.989195
E3-Strict-p003,27.6803,60,60,RLPolicy,0,0,0,0,3.50656,1,2.0139,12,12,1.96952,245,0.994803
E3-Strict-p003,27.6869,35,35,RLPolicy,0,0,0,0,3.50656,1,1.73014,14,14,1.69967,245,1
E3-Strict-p003,27.6915,199,199,RLPolicy,0,0,0,0,3.50656,1,2.97897,58,58,2.92568,245,1
E3-Strict-p003,27.7018,11,11,RLPolicy,0,0,0,0,3.50656,1,1.48757,6,6,1.45966,238,1
E3-Strict-p003,27.7018,129,129,RLPolicy,0,0,0,0,3.50656,1,1.64842,37,37,1.60654,119,0.99633
E3-Strict-p003,27.7308,131,131,RLPolicy,0,0,0,0,3.50656,1,1.87531,18,18,1.82767,119,0.985933
E3-Strict-p003,27.733,116,308,RLPolicy,1,1,0.04289,0.693147,3.50656,3,5.99207,0,75,5.72996,238,0.978797
E3-Strict-p003,27.7398,27,63,RLPolicy,1,1,0.038892,1.46868,3.50656,5,7.46387,0,201,6.91288,238,0.974636
E3-Strict-p003,27.7683,73,73,RLPolicy,0,0,0,0,3.50656,1,1.58684,58,58,1.54552,119,0.99633
E3-Strict-p003,27.7693,82,82,RLPolicy,0,0,0,0,3.50656,1,1.71165,57,57,1.66582,119,1
E3-Strict-p003,27.7822,144,4,RLPolicy,1,1,0.0538179,0.693147,3.50656,3,1.97254,0,107,1.74157,119,0.985933
E3-Strict-p003,27.7919,141,141,RLPolicy,0,0,0,0,3.50656,1,1.73883,48,48,1.7063,238,1
E3-Strict-p003,27.8217,138,57,RLPolicy,1,1,0.0639473,2.77259,3.50656,6,1.9103,72,140,1.55757,240,0.99633
E3-Strict-p003,27.8227,94,170,RLPolicy,1,1,0.0559469,3.46574,3.50656,7,2.23571,30,225,1.6707,240,0.985729
E3-Strict-p003,27.8236,5,5,RLPolicy,0,0,0,0,3.50656,1,1.82132,51,51,1.7828,240,1
E3-Strict-p003,27.8249,113,21,RLPolicy,1,1,0.0334167,0.693147,3.50656,3,3.6753,0,60,3.44188,240,0.968196
E3-Strict-p003,27.8346,92,92,RLPolicy,0,0,0,0,3.50656,1,1.40524,8,8,1.37971,120,0.999592
E3-Strict-p003,27.8444,209,209,RLPolicy,0,0,0,0,3.50656,1,1.64254,3,3,1.61085,240,1
E3-Strict-p003,27.8562,22,22,RLPolicy,0,0,0,0,3.50656,1,1.88793,38,38,1.84578,120,0.971662
E3-Strict-p003,27.8632,34,34,RLPolicy,0,0,0,0,3.50656,1,1.68699,37,37,1.64297,240,0.986345
E3-Strict-p003,27.8791,58,32,RLPolicy,1,1,0.0426668,0.693147,3.50656,3,3.75866,0,97,3.53229,240,0.971866
E3-Strict-p003,27.9265,104,104,RLPolicy,0,0,0,0,3.50656,1,1.81791,44,44,1.77571,120,1
E3-Strict-p003,27.9342,186,186,RLPolicy,0,0,0,0,3.50656,1,2.05494,34,34,1.95455,120,1
E3-Strict-p003,27.9545,130,130,RLPolicy,0,0,0,0,3.50656,1,6.39421,16,16,6.34816,241,1
E3-Strict-p003,27.9704,175,175,RLPolicy,0,0,0,0,3.50656,1,1.50962,7,7,1.47836,120,1
E3-Strict-p003,27.9719,41,7,RLPolicy,1,1,0.042412,1.61991,3.50656,5,2.91582,0,176,2.55868,241,0.980173
E3-Strict-p003,27.9815,69,365,RLPolicy,1,1,0.0571871,2.77259,3.50656,6,6.17864,80,183,5.68213,241,0.996126
E3-Strict-p003,27.9821,42,42,RLPolicy,0,0,0,0,3.50656,1,1.46236,17,17,1.43149,120,0.996742
E3-Strict-p003,27.9829,152,339,RLPolicy,1,1,0.0657061,3.46574,3.50656,7,1.9201,43,143,1.47996,241,0.999592
E3-Strict-p003,27.9855,202,202,RLPolicy,0,0,0,0,3.50656,1,5.11716,46,46,5.01532,241,1
E3-Strict-p003,28.0003,168,168,RLPolicy,0,0,0,0,3.50656,1,1.73476,53,53,1.67449,122,0.99633
E3-Strict-p003,28.0027,111,111,RLPolicy,0,0,0,0,3.50656,1,2.03393,57,57,1.98677,122,0.999796
E3-Strict-p003,28.0119,30,30,RLPolicy,0,0,0,0,3.50656,1,1.93098,13,13,1.88426,122,0.998269
E3-Strict-p003,28.0153,21,21,RLPolicy,0,0,0,0,3.50656,1,2.13574,54,54,2.07206,122,0.993276
E3-Strict-p003,28.0171,24,24,RLPolicy,0,0,0,0,3.50656,1,2.14184,14,14,2.08988,122,0.994599
E3-Strict-p003,28.0191,10,76,RLPolicy,1,1,0.0056923,2.46721,3.50656,6,1.7612,53,131,1.47617,241,0.993484
E3-Strict-p003,28.0217,161,161,RLPolicy,0,0,0,0,3.50656,1,1.47894,39,39,1.44579,122,1
E3-Strict-p003,28.0235,98,98,RLPolicy,0,0,0,0,3.50656,1,1.49733,12,12,1.46694,122,0.978797
E3-Strict-p003,28.0273,2,2,RLPolicy,0,0,0,0,3.50656,1,2.14112,35,35,2.09626,241,1
E3-Strict-p003,28.0348,4,4,RLPolicy,0,0,0,0,3.50656,1,2.44429,12,12,2.26362,241,0.980736
E3-Strict-p003,28.0396,29,29,RLPolicy,0,0,0,0,3.50656,1,2.79841,26,26,2.75804,241,0.993276
E3-Strict-p003,28.0519,64,64,RLPolicy,0,0,0,0,3.50656,1,2.54036,42,42,2.48281,2,0.978593
E3-Strict-p003,28.0685,181,248,RLPolicy,1,1,0.0559961,2.77259,3.50656,6,2.17922,31,145,1.78938,241,0.99633
E3-Strict-p003,28.0857,136,136,RLPolicy,0,0,0,0,3.50656,1,1.77184,33,33,1.72204,8,1
E3-Strict-p003,28.1025,75,291,RLPolicy,1,1,0.0511087,2.77259,3.50656,6,2.39078,66,179,1.9399,243,0.99633
E3-Strict-p003,28.1153,107,107,RLPolicy,0,0,0,0,3.50656,1,1.50786,43,43,1.47479,122,0.999796
E3-Strict-p003,28.1207,57,57,RLPolicy,0,0,0,0,3.50656,1,1.88155,15,15,1.84429,243,0.998269
E3-Strict-p003,28.134,150,150,RLPolicy,0,0,0,0,3.50656,1,1.59449,36,36,1.56389,243,1
E3-Strict-p003,28.1387,151,151,RLPolicy,0,0,0,0,3.50656,1,1.49537,45,45,1.46699,8,1
E3-Strict-p003,28.1459,122,215,RLPolicy,1,1,0.0614372,3.46574,3.50656,7,3.2476,214,255,2.7528,243,0.999796
E3-Strict-p003,28.1834,31,31,RLPolicy,0,0,0,0,3.50656,1,3.39879,63,63,3.31535,243,1
E3-Strict-p003,28.2079,164,164,RLPolicy,0,0,0,0,3.50656,1,1.98914,58,58,1.95294,365,1
E3-Strict-p003,28.2105,215,215,RLPolicy,0,0,0,0,3.50656,1,1.61425,15,15,1.57288,2,1
E3-Strict-p003,28.2109,33,267,RLPolicy,1,1,0.031425,0.693147,3.50656,3,2.69801,0,98,2.31974,365,0.980736
E3-Strict-p003,28.2292,160,160,RLPolicy,0,0,0,0,3.50656,1,2.22222,6,6,2.16096,365,1
E3-Strict-p003,28.2357,71,71,RLPolicy,0,0,0,0,3.50656,1,2.34356,7,7,2.30998,365,0.999796
E3-Strict-p003,28.2418,70,328,RLPolicy,1,1,0.00746962,3.46574,3.50656,7,5.06843,168,186,4.72979,365,0.985525
E3-Strict-p003,28.2464,174,349,RLPolicy,1,1,0.0636234,3.46574,3.50656,7,2.35531,244,256,1.99224,365,0.999796
E3-Strict-p003,28.2475,221,319,RLPolicy,1,1,0.0727571,2.07944,3.50656,5,2.16552,0,130,1.76517,365,0.992864
E3-Strict-p003,28.2535,203,203,RLPolicy,0,0,0,0,3.50656,1,1.89246,40,40,1.86286,365,1
E3-Strict-p003,28.2636,84,155,RLPolicy,1,1,0.0516653,2.07944,3.50656,5,2.22848,1,130,1.90342,365,0.992864
E3-Strict-p003,28.2688,148,148,RLPolicy,0,0,0,0,3.50656,1,1.44201,3,3,1.42009,365,1
E3-Strict-p003,28.2716,149,175,RLPolicy,1,1,0.0509382,2.77259,3.50656,6,2.02702,74,176,1.68654,365,0.989195
E3-Strict-p003,28.2853,182,104,RLPolicy,1,1,0.073228,3.46574,3.50656,7,2.58813,208,240,2.27675,365,0.999796
E3-Strict-p003,28.2992,120,120,RLPolicy,0,0,0,0,3.50656,1,1.7674,6,6,1.7353,365,1
E3-Strict-p003,28.302,87,183,RLPolicy,1,1,0.0514156,1.38629,3.50656,4,1.83279,0,110,1.61781,368,0.989399
E3-Strict-p003,28.3133,100,100,RLPolicy,0,0,0,0,3.50656,1,1.98539,21,21,1.94926,368,0.982646
E3-Strict-p003,28.3158,167,167,RLPolicy,0,0,0,0,3.50656,1,1.69691,45,45,1.66798,368,1
E3-Strict-p003,28.3178,158,331,RLPolicy,1,1,0.0626586,3.46574,3.50656,7,2.66999,39,291,2.06329,368,0.999796
E3-Strict-p003,28.3201,197,197,RLPolicy,0,0,0,0,3.50656,1,2.41367,36,36,2.37844,368,1
E3-Strict-p003,28.3245,23,80,RLPolicy,1,1,0.0408514,2.85497,3.50656,7,2.58668,183,242,2.13352,368,0.959945
E3-Strict-p003,28.3289,77,146,RLPolicy,1,1,0.0462015,1.92529,3.50656,5,2.52887,0,111,2.20778,368,0.974153
E3-Strict-p003,28.3412,79,79,RLPolicy,0,0,0,0,3.50656,1,2.48733,54,54,2.45109,368,0.999796
E3-Strict-p003,28.3419,32,340,RLPolicy,1,1,0.0423414,2.85497,3.50656,7,3.33023,126,257,2.86798,368,0.972397
E3-Strict-p003,28.3441,37,50,RLPolicy,1,1,0.0404142,3.16035,3.50656,7,2.21882,101,126,2.00427,368,0.991133
E3-Strict-p003,28.3905,156,4,RLPolicy,1,1,0.0671039,3.46574,3.50656,7,2.39338,243,253,2.0621,368,0.989195
E3-Strict-p003,28.3991,176,151,RLPolicy,1,1,0.0733907,3.46574,3.50656,7,2.48759,167,205,1.98242,368,0.999796
E3-Strict-p003,28.4188,112,142,RLPolicy,1,1,0.056183,2.07944,3.50656,5,2.01587,1,141,1.80896,368,0.982263
E3-Strict-p003,28.42,121,121,RLPolicy,0,0,0,0,3.50656,1,2.18275,3,3,2.14162,368,1
E3-Strict-p003,28.4272,177,88,RLPolicy,1,1,0.0646695,3.46574,3.50656,7,2.12275,199,249,1.69565,368,0.999796
E3-Strict-p003,28.4309,108,108,RLPolicy,0,0,0,0,3.50656,1,1.61918,50,50,1.59312,368,1
E3-Strict-p003,28.4532,28,53,RLPolicy,1,1,0.0382299,1.38629,3.50656,4,2.46627,0,170,2.22265,368,0.97727
E3-Strict-p003,28.4663,72,72,RLPolicy,0,0,0,0,3.50656,1,2.5034,8,8,2.45358,368,0.999796
E3-Strict-p003,28.4711,196,196,RLPolicy,0,0,0,0,3.50656,1,2.49833,16,16,2.45993,368,1
E3-Strict-p003,28.4806,85,69,RLPolicy,1,1,0.0507387,2.07944,3.50656,5,2.80636,0,75,2.50138,368,0.99266
E3-Strict-p003,28.4809,18,206,RLPolicy,1,1,0.0427635,2.46721,3.50656,6,3.31504,59,182,2.74773,368,0.989606
E3-Strict-p003,28.4882,185,196,RLPolicy,1,1,0.0741923,3.46574,3.50656,7,2.5691,163,174,2.19192,368,0.999796
E3-Strict-p003,28.4979,142,75,RLPolicy,1,1,0.0640353,2.77259,3.50656,6,2.53376,61,151,2.12416,368,0.99633
E3-Strict-p003,28.5044,6,15,RLPolicy,1,1,0.037614,3.46574,3.50656,7,2.39022,126,135,2.07165,368,0.975955
E3-Strict-p003,28.5082,128,309,RLPolicy,1,1,0.0548394,2.61844,3.50656,6,2.63002,36,251,2.14716,368,0.987449
E3-Strict-p003,28.5096,106,106,RLPolicy,0,0,0,0,3.50656,1,1.80058,38,38,1.77061,368,1
E3-Strict-p003,28.5138,166,156,RLPolicy,1,1,0.0666516,3.46574,3.50656,7,2.5944,222,252,2.22611,368,0.999796
E3-Strict-p003,28.5148,78,78,RLPolicy,0,0,0,0,3.50656,1,1.96083,35,35,1.92302,368,0.985933
E3-Strict-p003,28.5169,127,235,RLPolicy,1,1,0.0629066,3.46574,3.50656,7,4.07152,62,219,3.56983,368,0.999592
E3-Strict-p003,28.5313,124,167,RLPolicy,1,1,0.0592724,3.46574,3.50656,7,7.41035,144,273,6.8666,368,0.999796
E3-Strict-p003,28.5825,195,336,RLPolicy,1,1,0.00779811,3.46574,3.50656,7,2.77213,220,233,2.41136,368,0.999796
E3-Strict-p003,28.6005,119,61,RLPolicy,1,1,0.0577872,2.77259,3.50656,6,2.66011,74,179,2.26045,372,0.982059
E3-Strict-p003,28.602,47,119,RLPolicy,1,1,0.0450861,2.85497,3.50656,7,2.22201,138,278,1.73173,372,0.996742
E3-Strict-p003,28.6026,13,33,RLPolicy,1,1,0.0404694,2.77259,3.50656,6,3.18911,41,122,2.8577,372,0.974499
E3-Strict-p003,28.6048,198,355,RLPolicy,1,1,0.0537104,3.46574,3.50656,7,2.26916,129,255,1.76333,372,0.999796
E3-Strict-p003,28.6064,163,221,RLPolicy,1,1,0.0690416,2.77259,3.50656,6,1.98696,35,200,1.65906,372,0.99633
E3-Strict-p003,28.6307,135,106,RLPolicy,1,1,0.062211,2.77259,3.50656,6,2.89111,67,233,2.38835,372,0.996126
E3-Strict-p003,28.6521,90,164,RLPolicy,1,1,0.0511861,3.46574,3.50656,7,2.33943,195,237,1.94912,372,0.999796
E3-Strict-p003,28.6573,165,304,RLPolicy,1,1,0.0707252,3.46574,3.50656,7,2.26256,163,184,1.88866,372,0.999796
E3-Strict-p003,28.676,171,171,RLPolicy,0,0,0,0,3.50656,1,1.90772,21,21,1.86886,372,0.992864
E3-Strict-p003,28.6953,132,316,RLPolicy,1,1,0.0634516,3.46574,3.50656,7,2.21736,68,83,2.02349,372,0.999388
E3-Strict-p003,28.7076,15,15,RLPolicy,0,0,0,0,3.50656,1,1.44741,14,14,1.41264,4,0.979544
E3-Strict-p003,28.71,36,75,RLPolicy,1,1,0.0308373,1.08091,3.50656,4,2.35578,0,67,2.07445,376,0.976163
E3-Strict-p003,28.7241,190,155,RLPolicy,1,1,0.0650504,2.77259,3.50656,6,6.05093,61,180,5.56199,376,0.99633
E3-Strict-p003,28.728,154,252,RLPolicy,1,1,0.0566121,2.07944,3.50656,5,1.91342,0,70,1.68971,376,0.992864
E3-Strict-p003,28.7722,191,191,RLPolicy,0,0,0,0,3.50656,1,1.7399,69,69,1.6886,17,1
E3-Strict-p003,28.7786,51,51,RLPolicy,0,0,0,0,3.50656,1,1.46846,12,12,1.43877,4,0.991516
E3-Strict-p003,28.7823,88,180,RLPolicy,1,1,0.0522169,2.77259,3.50656,6,2.88798,61,130,2.55641,376,0.99633
E3-Strict-p003,28.7907,99,21,RLPolicy,1,1,0.0538425,2.07944,3.50656,5,2.30575,0,118,1.92388,376,0.992864
E3-Strict-p003,28.8131,14,197,RLPolicy,1,1,0.0320967,1.38629,3.50656,4,2.50755,0,47,2.31981,377,0.982059
E3-Strict-p003,28.8149,16,16,RLPolicy,0,0,0,0,3.50656,1,1.70633,25,25,1.68074,377,1
E3-Strict-p003,28.8287,9,286,RLPolicy,1,1,0.0499065,3.46574,3.50656,7,4.7258,162,193,4.35407,377,0.980951
E3-Strict-p003,28.8302,208,208,RLPolicy,0,0,0,0,3.50656,1,2.19477,17,17,2.17082,377,1
E3-Strict-p003,28.8439,26,26,RLPolicy,0,0,0,0,3.50656,1,6.88936,6,6,6.85049,377,1
E3-Strict-p003,28.8764,139,139,RLPolicy,0,0,0,0,3.50656,1,2.68779,29,29,2.64124,377,1
E3-Strict-p003,28.8776,62,324,RLPolicy,1,1,0.0467421,3.46574,3.50656,7,3.35611,24,239,2.335,377,0.999796
E3-Strict-p003,28.8888,188,188,RLPolicy,0,0,0,0,3.50656,1,1.70008,2,2,1.65008,2,1
E3-Strict-p003,28.8906,217,7,RLPolicy,1,1,0.0725314,2.07944,3.50656,5,2.68985,0,152,2.23521,377,0.992864
E3-Strict-p003,28.8936,126,111,RLPolicy,1,1,0.0571711,2.77259,3.50656,6,2.52029,30,242,1.87775,377,0.99633
E3-Strict-p003,28.8973,194,244,RLPolicy,1,1,0.0536145,3.46574,3.50656,7,2.83225,139,218,2.33233,377,0.999796
E3-Strict-p003,28.9004,192,192,RLPolicy,0,0,0,0,3.50656,1,1.51811,7,7,1.49483,379,1
E3-Strict-p003,28.9097,80,94,RLPolicy,1,1,0.0465712,2.77259,3.50656,6,2.7472,87,218,2.25411,379,0.99633
E3-Strict-p003,28.921,146,146,RLPolicy,0,0,0,0,3.50656,1,2.28029,4,4,2.23676,379,1
E3-Strict-p003,28.9465,140,140,RLPolicy,0,0,0,0,3.50656,1,2.24616,30,30,2.18515,17,0.99633
E3-Strict-p003,28.9487,173,351,RLPolicy,1,1,0.0703962,2.77259,3.50656,6,2.88366,69,219,2.40403,379,0.99266
E3-Strict-p003,28.963,213,213,RLPolicy,0,0,0,0,3.50656,1,2.62751,31,31,2.56412,379,1
E3-Strict-p003,28.9654,40,40,RLPolicy,0,0,0,0,3.50656,1,2.04769,48,48,2.01281,379,0.97789
E3-Strict-p003,28.9663,178,178,RLPolicy,0,0,0,0,3.50656,1,1.89927,9,9,1.8695,379,1
E3-Strict-p003,28.9679,56,56,RLPolicy,0,0,0,0,3.50656,1,1.759,52,52,1.72891,379,0.99633
E3-Strict-p003,28.9684,96,96,RLPolicy,0,0,0,0,3.50656,1,1.86785,36,36,1.83698,379,0.996126
E3-Strict-p003,28.9933,201,89,RLPolicy,1,1,0.0509718,1.38629,3.50656,4,2.72887,0,117,2.38478,379,0.989399
E3-Strict-p003,29.0168,134,134,RLPolicy,0,0,0,0,3.50656,1,2.29974,3,3,2.25296,380,1
E3-Strict-p003,29.0274,110,110,RLPolicy,0,0,0,0,3.50656,1,1.73912,18,18,1.71073,380,1
E3-Strict-p003,29.0305,187,245,RLPolicy,1,1,0.0561982,0.693147,3.50656,3,2.03631,0,57,1.8653,380,0.985933
E3-Strict-p003,29.0484,172,13,RLPolicy,1,1,0.0597929,1.38629,3.50656,4,2.51638,0,151,2.20059,380,0.985729
E3-Strict-p003,29.0541,123,95,RLPolicy,1,1,0.0607248,3.46574,3.50656,7,2.53192,240,278,2.15188,380,0.999796
E3-Strict-p003,29.0587,20,20,RLPolicy,0,0,0,0,3.50656,1,1.85803,57,57,1.81344,17,0.986144
E3-Strict-p003,29.06,3,158,RLPolicy,1,1,0.00725522,3.46574,3.50656,7,2.75448,188,208,2.24777,380,0.995219
E3-Strict-p003,29.0602,19,19,RLPolicy,0,0,0,0,3.50656,1,1.69492,43,43,1.64425,4,0.992314
E3-Strict-p003,29.0895,45,45,RLPolicy,0,0,0,0,3.50656,1,1.75512,8,8,1.7274,380,1
E3-Strict-p003,29.0993,46,46,RLPolicy,0,0,0,0,3.50656,1,2.05067,35,35,2.00296,380,1
E3-Strict-p003,29.1045,133,92,RLPolicy,1,1,0.0541233,3.46574,3.50656,7,2.58431,166,174,2.01234,381,0.995922
E3-Strict-p003,29.1122,220,245,RLPolicy,1,1,0.0689778,2.07944,3.50656,5,7.07291,0,150,6.46364,381,0.992864
E3-Strict-p003,29.1136,43,309,RLPolicy,1,1,0.0370403,2.54959,3.50656,7,2.75315,12,301,2.05543,381,0.980944
E3-Strict-p003,29.1238,102,102,RLPolicy,0,0,0,0,3.50656,1,1.94643,18,18,1.91765,381,0.99266
E3-Strict-p003,29.1394,12,197,RLPolicy,1,1,0.047402,2.85497,3.50656,7,7.28299,95,294,6.5689,381,0.958007
E3-Strict-p003,29.1454,63,57,RLPolicy,1,1,0.0503375,3.46574,3.50656,7,2.54011,128,141,2.15363,381,0.999592
E3-Strict-p003,29.1508,81,135,RLPolicy,1,1,0.052272,2.77259,3.50656,6,6.36271,28,86,5.99548,381,0.99633
E3-Strict-p003,29.1626,25,239,RLPolicy,1,1,0.0431726,3.24274,3.50656,8,6.48709,62,322,5.69922,381,0.99695
E3-Strict-p003,29.1722,105,22,RLPolicy,1,1,0.0558634,2.07944,3.50656,5,2.59462,0,176,2.13634,381,0.992456
E3-Strict-p003,29.1727,212,212,RLPolicy,0,0,0,0,3.50656,1,2.07983,65,65,2.0436,381,1
E3-Strict-p003,29.1857,143,143,RLPolicy,0,0,0,0,3.50656,1,2.60839,7,7,2.45675,381,1
E3-Strict-p003,29.1884,184,251,RLPolicy,1,1,0.0711421,2.77259,3.50656,6,3.10469,33,262,2.43824,381,0.99266
E3-Strict-p003,29.1961,109,109,RLPolicy,0,0,0,0,3.50656,1,1.8399,15,15,1.81272,381,0.995559
E3-Strict-p003,29.2053,76,125,RLPolicy,1,1,0.0494489,1.92529,3.50656,5,3.6635,0,182,3.18326,383,0.992094
E3-Strict-p003,29.2057,207,87,RLPolicy,1,1,0.0629313,2.77259,3.50656,6,3.1516,22,221,2.44038,383,0.99633
E3-Strict-p003,29.2107,115,216,RLPolicy,1,1,0.0591603,2.07944,3.50656,5,2.61297,1,159,2.17385,383,0.989195
E3-Strict-p003,29.2194,206,112,RLPolicy,1,1,0.073049,3.46574,3.50656,7,2.57992,72,192,2.12485,383,0.999796
E3-Strict-p003,29.2259,54,54,RLPolicy,0,0,0,0,3.50656,1,1.94581,7,7,1.90618,383,1
E3-Strict-p003,29.2315,38,38,RLPolicy,0,0,0,0,3.50656,1,3.27466,44,44,2.22959,17,0.996742
E3-Strict-p003,29.237,66,66,RLPolicy,0,0,0,0,3.50656,1,2.2736,33,33,2.24381,383,0.991237
E3-Strict-p003,29.242,50,286,RLPolicy,1,1,0.0423022,1.38629,3.50656,4,2.61637,0,97,2.43494,383,0.985525
E3-Strict-p003,29.2423,52,264,RLPolicy,1,1,0.0485663,2.77259,3.50656,6,3.07729,95,211,2.5597,383,0.978389
E3-Strict-p003,29.2636,39,2,RLPolicy,1,1,0.00788439,3.16035,3.50656,7,3.08903,181,213,2.79122,383,0.989402
E3-Strict-p003,29.2674,162,162,RLPolicy,0,0,0,0,3.50656,1,1.97599,67,67,1.94076,383,1
E3-Strict-p003,29.2725,95,315,RLPolicy,1,1,0.0541312,3.46574,3.50656,7,3.05402,233,260,2.68992,383,0.981855
E3-Strict-p003,29.2736,179,182,RLPolicy,1,1,0.0714107,3.46574,3.50656,7,2.60831,191,237,2.18767,383,0.999796
E3-Strict-p003,29.2812,157,7,RLPolicy,1,1,0.0662612,2.07944,3.50656,5,3.02253,1,120,2.57434,383,0.992864
E3-Strict-p003,29.2872,59,59,RLPolicy,0,0,0,0,3.50656,1,2.01006,26,26,1.98081,383,0.999796
E3-Strict-p003,29.2954,169,245,RLPolicy,1,1,0.0443483,0.693147,3.50656,3,2.5005,0,73,2.26771,383,0.985933
E3-Strict-p003,29.3079,114,114,RLPolicy,0,0,0,0,3.50656,1,1.6555,3,3,1.63172,384,1
E3-Strict-p003,29.3116,49,49,RLPolicy,0,0,0,0,3.50656,1,1.63402,7,7,1.60702,384,0.99728
E3-Strict-p003,29.3148,170,170,RLPolicy,0,0,0,0,3.50656,1,2.01497,32,32,1.98626,384,0.989399
E3-Strict-p003,29.317,68,68,RLPolicy,0,0,0,0,3.50656,1,1.94699,10,10,1.9189,384,0.985729
E3-Strict-p003,29.3184,86,86,RLPolicy,0,0,0,0,3.50656,1,2.32531,11,11,2.29134,384,0.995922
E3-Strict-p003,29.3208,153,406,RLPolicy,1,1,0.0623375,2.77259,3.50656,6,2.71709,37,205,2.17006,384,0.99266
E3-Strict-p003,29.3298,145,145,RLPolicy,0,0,0,0,3.50656,1,2.36237,63,63,2.32084,384,1
E3-Strict-p003,29.3315,218,321,RLPolicy,1,1,0.0817574,3.46574,3.50656,7,2.64658,132,144,2.37262,384,0.999796
E3-Strict-p003,29.3471,1,102,RLPolicy,1,1,0.0080498,3.24274,3.50656,8,2.16131,241,249,1.8328,384,0.990638
E3-Strict-p003,29.3654,7,7,RLPolicy,0,0,0,0,3.50656,1,2.83296,43,43,2.75872,384,0.978102
E3-Strict-p003,29.3688,183,173,RLPolicy,1,1,0.0724281,2.77259,3.50656,6,2.68359,81,183,2.26505,384,0.99633
E3-Strict-p003,29.3742,226,347,RLPolicy,1,1,0.0821475,2.77259,3.50656,6,2.63981,52,135,2.23649,384,0.99633
E3-Strict-p003,29.3911,8,119,RLPolicy,1,1,0.0460434,3.16035,3.50656,7,2.58373,196,253,2.27441,384,0.993072
E3-Strict-p003,29.3987,193,393,RLPolicy,1,1,0.0675234,2.77259,3.50656,6,2.27774,105,214,1.88781,384,0.99633
E3-Strict-p003,29.4003,225,356,RLPolicy,1,1,0.0751373,3.46574,3.50656,7,3.13241,149,261,2.58032,385,0.999796
E3-Strict-p003,29.4027,204,294,RLPolicy,1,1,0.0785655,3.46574,3.50656,7,3.38657,81,352,2.59501,385,0.999796
E3-Strict-p003,29.4044,155,321,RLPolicy,1,1,0.0669849,2.77259,3.50656,6,1.9617,59,95,1.78458,385,0.99633
E3-Strict-p003,29.4143,97,97,RLPolicy,0,0,0,0,3.50656,1,2.41416,26,26,2.38155,385,1
E3-Strict-p003,29.416,17,218,RLPolicy,1,1,0.0403181,2.93736,3.50656,8,2.478,226,308,1.98002,385,0.997154
E3-Strict-p003,29.4189,103,390,RLPolicy,1,1,0.0533181,3.46574,3.50656,7,2.66442,153,271,2.11979,385,0.999796
E3-Strict-p003,29.4222,189,155,RLPolicy,1,1,0.0731198,2.77259,3.50656,6,2.61701,66,206,2.33257,385,0.99266
E3-Strict-p003,29.4255,67,67,RLPolicy,0,0,0,0,3.50656,1,2.16878,37,37,2.12789,385,0.978593
E3-Strict-p003,29.4573,74,62,RLPolicy,1,1,0.0483198,1.92529,3.50656,5,3.09773,0,171,2.67877,385,0.984187
E3-Strict-p003,29.4602,65,65,RLPolicy,0,0,0,0,3.50656,1,1.97584,12,12,1.94334,385,0.99266
E3-Strict-p003,29.4676,180,180,RLPolicy,0,0,0,0,3.50656,1,2.09311,13,13,2.05883,385,1
E3-Strict-p003,29.4684,61,17,RLPolicy,1,1,0.0294383,0.693147,3.50656,3,2.26998,0,113,1.96011,385,0.985933
E3-Strict-p003,29.4743,159,159,RLPolicy,0,0,0,0,3.50656,1,2.37404,16,16,2.33474,385,0.999796
E3-Strict-p003,29.4817,48,94,RLPolicy,1,1,0.0449592,2.95491,3.50656,6,3.00459,56,302,2.45329,385,0.989902
E3-Strict-p003,29.4918,101,179,RLPolicy,1,1,0.0495916,2.07944,3.50656,5,2.5055,0,135,2.071,385,0.99266
E3-Strict-p003,29.4956,147,293,RLPolicy,1,1,0.0662757,3.15743,3.50656,7,3.75723,109,286,3.07438,385,0.998254
E3-Strict-p003,29.5034,55,55,RLPolicy,0,0,0,0,3.50656,1,2.03938,14,14,2.01133,385,1
E3-Strict-p003,29.5136,125,324,RLPolicy,1,1,0.0628166,3.46574,3.50656,7,2.60403,211,220,2.12882,385,0.987449
E3-Strict-p003,29.5143,93,93,RLPolicy,0,0,0,0,3.50656,1,2.43543,58,58,2.39655,385,0.985933
E3-Strict-p003,29.5147,53,53,RLPolicy,0,0,0,0,3.50656,1,2.35907,25,25,2.31283,385,0.99633
E3-Strict-p003,29.5226,44,133,RLPolicy,1,1,0.0445276,3.24274,3.50656,8,3.90433,108,263,3.22954,385,0.998681
E3-Strict-p003,29.5304,0,218,RLPolicy,1,1,0.0483288,3.46574,3.50656,7,2.65541,228,264,2.23001,385,0.998065
E3-Strict-p003,29.5375,200,351,RLPolicy,1,1,0.0702997,2.77259,3.50656,6,2.88864,25,174,2.16256,385,0.982263
E3-Strict-p003,29.5422,118,185,RLPolicy,1,1,0.0574231,2.07944,3.50656,5,2.03549,2,170,1.74023,385,0.978593
E3-Strict-p003,29.547,91,21,RLPolicy,1,1,0.0398748,0.693147,3.50656,3,2.82468,0,98,2.5442,385,0.982059
E3-Strict-p003,29.5601,205,72,RLPolicy,1,1,0.0697467,2.77259,3.50656,6,2.66476,78,148,2.32631,385,0.99633
E3-Strict-p003,29.5619,210,254,RLPolicy,1,1,0.0758173,3.46574,3.50656,7,2.40924,86,102,2.07456,385,0.999796
E3-Strict-p003,29.5949,224,38,RLPolicy,1,1,0.0798511,2.07944,3.50656,5,2.48693,1,133,2.12497,385,0.992864
E3-Strict-p003,29.6104,211,211,RLPolicy,0,0,0,0,3.50656,1,7.41784,16,16,7.383,386,1
E3-Strict-p003,29.6306,223,223,RLPolicy,0,0,0,0,3.50656,1,1.97937,60,60,1.92797,17,1
E3-Strict-p003,29.6356,117,95,RLPolicy,1,1,0.0600606,3.46574,3.50656,7,2.38125,85,296,2.00664,386,0.985729
E3-Strict-p003,29.6367,137,374,RLPolicy,1,1,0.0626685,2.77259,3.50656,6,2.68887,89,185,2.22594,386,0.985729
E3-Strict-p003,29.6516,89,206,RLPolicy,1,1,0.0529631,2.77259,3.50656,6,3.03853,61,171,2.72225,386,0.992252
E3-Strict-p003,29.6757,83,30,RLPolicy,1,1,0.0514751,2.77259,3.50656,6,3.20132,67,196,2.87684,386,0.985525
E3-Strict-p003,29.6803,60,60,RLPolicy,0,0,0,0,3.50656,1,1.99946,13,13,1.97191,386,0.994803
E3-Strict-p003,29.6869,35,371,RLPolicy,1,1,0.0374468,2.77259,3.50656,6,3.06876,47,172,2.71526,386,0.99633
E3-Strict-p003,29.6915,199,199,RLPolicy,0,0,0,0,3.50656,1,1.91632,63,63,1.87967,386,1
E3-Strict-p003,29.7018,11,11,RLPolicy,0,0,0,0,3.50656,1,1.96728,5,5,1.93893,387,1
E3-Strict-p003,29.7018,129,64,RLPolicy,1,1,0.0624696,2.77259,3.50656,6,2.48412,74,211,2.09478,387,0.99266
E3-Strict-p003,29.7308,131,175,RLPolicy,1,1,0.0612077,3.46574,3.50656,7,2.2136,109,142,1.94142,387,0.985729
E3-Strict-p003,29.733,116,303,RLPolicy,1,1,0.0608801,3.46574,3.50656,7,2.0743,105,134,1.90391,387,0.978593
E3-Strict-p003,29.7398,27,22,RLPolicy,1,1,0.0388747,1.77406,3.50656,5,2.35593,0,190,2.15382,387,0.965973
E3-Strict-p003,29.7564,216,111,RLPolicy,1,1,0.058921,3.00328,3.50656,7,5.22264,93,254,4.81714,387,0.997484
E3-Strict-p003,29.7683,73,179,RLPolicy,1,1,0.0490423,2.77259,3.50656,6,6.47256,34,303,5.60183,387,0.99266
E3-Strict-p003,29.7693,82,370,RLPolicy,1,1,0.0541479,3.46574,3.50656,7,3.43724,100,226,2.84826,387,0.999796
E3-Strict-p003,29.7822,144,144,RLPolicy,0,0,0,0,3.50656,1,1.99111,60,60,1.94213,17,0.985933
E3-Strict-p003,29.7919,141,406,RLPolicy,1,1,0.0616128,2.77259,3.50656,6,2.82725,91,206,2.39966,387,0.99633
E3-Strict-p003,29.8217,138,206,RLPolicy,1,1,0.0387129,2.77259,3.50656,6,3.42363,32,142,2.98834,388,0.99266
E3-Strict-p003,29.8227,94,140,RLPolicy,1,1,0.051453,2.77259,3.50656,6,2.32836,122,215,2.06044,388,0.982059
E3-Strict-p003,29.8236,5,412,RLPolicy,1,1,0.0372488,2.77259,3.50656,6,2.10597,93,198,1.77641,388,0.99633
E3-Strict-p003,29.8249,113,257,RLPolicy,1,1,0.0466039,3.46574,3.50656,7,2.46444,29,253,2.12023,388,0.967992
E3-Strict-p003,29.8346,92,92,RLPolicy,0,0,0,0,3.50656,1,3.14804,8,8,3.06163,388,0.999592
E3-Strict-p003,29.8435,238,238,RLPolicy,0,0,0,0,3.50656,1,1.83854,8,8,1.80844,388,1
E3-Strict-p003,29.8444,209,209,RLPolicy,0,0,0,0,3.50656,1,2.14766,3,3,2.11756,388,1
E3-Strict-p003,29.8562,22,38,RLPolicy,1,1,0.0394323,1.84045,3.50656,6,2.32953,0,240,2.06703,388,0.963331
E3-Strict-p003,29.8632,34,325,RLPolicy,1,1,0.0344917,0.387766,3.50656,3,3.21592,0,102,3.03338,388,0.970751
E3-Strict-p003,29.8681,233,233,RLPolicy,0,0,0,0,3.50656,1,2.11859,38,38,2.08069,388,1
E3-Strict-p003,29.8791,58,391,RLPolicy,1,1,0.0477273,3.46574,3.50656,7,2.40504,220,255,2.02357,388,0.971662
E3-Strict-p003,29.8816,219,404,RLPolicy,1,1,0.0804515,3.46574,3.50656,7,2.37557,182,210,2.04713,388,0.999796
E3-Strict-p003,29.9265,104,310,RLPolicy,1,1,0.0583751,3.46574,3.50656,7,3.55188,227,256,3.11381,388,0.999796
E3-Strict-p003,29.9342,186,31,RLPolicy,1,1,0.0716691,2.07944,3.50656,5,2.51775,0,132,2.16311,388,0.992864
E3-Strict-p003,29.9492,214,306,RLPolicy,1,1,0.0797932,3.46574,3.50656,7,2.80696,181,197,2.42263,388,0.999796
E3-Strict-p003,29.9545,130,130,RLPolicy,0,0,0,0,3.50656,1,1.61579,11,11,1.58463,2,1
E3-Strict-p003,29.9704,175,342,RLPolicy,1,1,0.0650501,3.46574,3.50656,7,2.57706,75,91,2.32242,388,0.999796
E3-Strict-p003,29.9719,41,133,RLPolicy,1,1,0.0449062,3.0062,3.50656,7,5.051,74,346,4.2021,388,0.977671
E3-Strict-p003,29.9815,69,142,RLPolicy,1,1,0.0571675,2.77259,3.50656,6,2.42834,61,150,2.00415,388,0.992456
E3-Strict-p003,29.9821,42,42,RLPolicy,0,0,0,0,3.50656,1,2.57822,16,16,2.54713,388,0.996742
E3-Strict-p003,29.9829,152,152,RLPolicy,0,0,0,0,3.50656,1,2.20245,19,19,2.16737,388,0.999592
E3-Strict-p003,29.9855,202,368,RLPolicy,1,1,0.0704709,2.77259,3.50656,6,2.66673,43,234,2.13402,388,0.99633
E3-Strict-p003,30.0003,168,168,RLPolicy,0,0,0,0,3.50656,1,2.23489,59,59,2.19718,390,0.99633
E3-Strict-p003,30.0027,111,326,RLPolicy,1,1,0.0584018,3.46574,3.50656,7,2.33821,144,268,2.04333,390,0.999592
E3-Strict-p003,30.0119,30,273,RLPolicy,1,1,0.0422726,2.53652,3.50656,7,2.5489,36,214,2.0258,390,0.993419
E3-Strict-p003,30.0153,21,55,RLPolicy,1,1,0.0362978,1.85644,3.50656,6,2.44693,0,207,2.20427,390,0.985026
E3-Strict-p003,30.0171,24,25,RLPolicy,0,0,0.0395047,2.93736,3.50656,7,2.37889,72,305,1.93083,390,0.994599
E3-Strict-p003,30.0191,10,200,RLPolicy,1,1,0.0410539,2.46721,3.50656,6,2.58534,30,125,2.31565,390,0.988287
E3-Strict-p003,30.0217,161,185,RLPolicy,1,1,0.0683786,2.77259,3.50656,6,3.35039,62,161,2.90657,390,0.99633
E3-Strict-p003,30.0235,98,239,RLPolicy,1,1,0.0514944,0.693147,3.50656,3,2.18981,0,28,2.04089,390,0.96473
E3-Strict-p003,30.0273,2,21,RLPolicy,1,1,0.0411971,2.77259,3.50656,6,2.77496,57,180,2.34374,390,0.99633
E3-Strict-p003,30.0348,4,286,RLPolicy,1,1,0.0265474,1.77406,3.50656,5,2.14569,0,159,1.79276,390,0.972074
E3-Strict-p003,30.0396,29,29,RLPolicy,0,0,0,0,3.50656,1,2.08851,27,27,2.05956,390,0.993276
E3-Strict-p003,30.0519,64,255,RLPolicy,1,1,0.0424686,1.38629,3.50656,4,2.50661,0,105,2.04456,390,0.967992
E3-Strict-p003,30.0685,181,181,RLPolicy,0,0,0,0,3.50656,1,1.70521,20,20,1.66857,2,0.99633
E3-Strict-p003,30.0857,136,141,RLPolicy,1,1,0.0608244,3.46574,3.50656,7,3.56521,129,231,2.70046,390,0.999796
E3-Strict-p003,30.0962,234,234,RLPolicy,0,0,0,0,3.50656,1,2.30789,18,18,2.22282,390,1
E3-Strict-p003,30.1025,75,85,RLPolicy,1,1,0.049536,1.92529,3.50656,5,2.0469,0,119,1.86858,392,0.988424
E3-Strict-p003,30.1153,107,107,RLPolicy,0,0,0,0,3.50656,1,2.71595,48,48,2.65533,392,0.999796
E3-Strict-p003,30.1207,57,309,RLPolicy,1,1,0.0429105,3.46574,3.50656,7,2.0523,130,140,1.84149,392,0.998065
E3-Strict-p003,30.134,150,122,RLPolicy,1,1,0.0681264,3.31159,3.50656,7,2.76664,237,250,2.39284,392,0.999025
E3-Strict-p003,30.1387,151,271,RLPolicy,1,1,0.0542318,2.77259,3.50656,6,4.64893,26,230,4.00899,392,0.99633
E3-Strict-p003,30.1459,122,397,RLPolicy,1,1,0.0569126,2.07944,3.50656,5,2.38301,1,216,2.04842,392,0.99266
E3-Strict-p003,30.1572,236,236,RLPolicy,0,0,0,0,3.50656,1,2.27331,46,46,2.2281,392,1
E3-Strict-p003,30.1727,227,227,RLPolicy,0,0,0,0,3.50656,1,2.32995,41,41,2.28835,392,1
E3-Strict-p003,30.1834,31,295,RLPolicy,1,1,0.0427257,3.08567,3.50656,8,2.67832,233,301,2.0779,392,0.997896
E3-Strict-p003,30.2079,164,199,RLPolicy,1,1,0.0678499,3.46574,3.50656,7,6.22019,224,253,5.78682,392,0.999796
E3-Strict-p003,30.208,222,94,RLPolicy,1,1,0.0549818,0.693147,3.50656,3,2.34886,0,71,2.16699,392,0.985933
E3-Strict-p003,30.2105,215,60,RLPolicy,1,1,0.0730382,2.77259,3.50656,6,1.9818,53,118,1.65773,392,0.99633
E3-Strict-p003,30.2109,33,365,RLPolicy,1,1,0.0433166,3.24274,3.50656,8,2.56646,264,285,2.15626,392,0.979417
E3-Strict-p003,30.2292,160,160,RLPolicy,0,0,0,0,3.50656,1,2.34197,7,7,2.30606,392,1
E3-Strict-p003,30.2314,228,228,RLPolicy,0,0,0,0,3.50656,1,2.64294,1,1,2.61454,392,1
E3-Strict-p003,30.2357,71,239,RLPolicy,1,1,0.0507403,3.46574,3.50656,7,1.97514,68,98,1.73243,392,0.999592
E3-Strict-p003,30.2418,70,236,RLPolicy,1,1,0.0505803,3.46574,3.50656,7,2.74253,139,274,2.43962,392,0.985321
E3-Strict-p003,30.2464,174,174,RLPolicy,0,0,0,0,3.50656,1,5.97157,62,62,5.92962,392,0.999796
E3-Strict-p003,30.2475,221,221,RLPolicy,0,0,0,0,3.50656,1,1.90931,36,36,1.86326,4,0.992864
E3-Strict-p003,30.2535,203,52,RLPolicy,1,1,0.0680361,3.46574,3.50656,7,2.39905,133,223,2.0105,392,0.999796
E3-Strict-p003,30.2606,231,319,RLPolicy,1,1,0.0577229,2.77259,3.50656,6,3.25534,11,239,2.68092,392,0.99633
E3-Strict-p003,30.2636,84,175,RLPolicy,1,1,0.0528539,2.77259,3.50656,6,2.95677,51,132,2.6965,392,0.989195
E3-Strict-p003,30.2688,148,148,RLPolicy,0,0,0,0,3.50656,1,3.08763,3,3,3.0482,392,1
E3-Strict-p003,30.2716,149,109,RLPolicy,1,1,0.0672141,3.46574,3.50656,7,2.76347,249,259,2.45049,392,0.98899
E3-Strict-p003,30.2853,182,94,RLPolicy,1,1,0.0672012,2.77259,3.50656,6,2.12829,74,199,1.93199,392,0.996126
E3-Strict-p003,30.2992,120,120,RLPolicy,0,0,0,0,3.50656,1,2.18781,7,7,2.15028,392,1
E3-Strict-p003,30.302,87,162,RLPolicy,1,1,0.0549976,3.46574,3.50656,7,2.7181,216,247,2.33841,395,0.989195
E3-Strict-p003,30.3133,100,100,RLPolicy,0,0,0,0,3.50656,1,2.75393,18,18,2.70507,395,0.982646
E3-Strict-p003,30.3158,167,167,RLPolicy,0,0,0,0,3.50656,1,2.5295,46,46,2.47636,395,1
E3-Strict-p003,30.3178,158,379,RLPolicy,1,1,0.0672613,3.46574,3.50656,7,3.70643,190,279,3.2099,395,0.999592
E3-Strict-p003,30.3201,197,110,RLPolicy,1,1,0.0716097,1.38629,3.50656,4,2.14858,0,68,1.93811,395,0.989399
E3-Strict-p003,30.3245,23,32,RLPolicy,1,1,0.0360231,0.387766,3.50656,3,2.53914,0,125,2.3764,395,0.944352
E3-Strict-p003,30.3289,77,266,RLPolicy,1,1,0.0526138,2.77259,3.50656,6,2.27221,107,232,1.95459,395,0.970483
E3-Strict-p003,30.3412,79,79,RLPolicy,0,0,0,0,3.50656,1,2.07571,56,56,2.04493,395,0.999796
E3-Strict-p003,30.3419,32,66,RLPolicy,1,1,0.0390228,1.08091,3.50656,4,2.45208,0,163,2.18635,395,0.960269
E3-Strict-p003,30.3441,37,155,RLPolicy,1,1,0.0404023,3.16035,3.50656,7,2.03105,62,73,1.91309,395,0.989402
E3-Strict-p003,30.3905,156,66,RLPolicy,1,1,0.0502369,1.38629,3.50656,4,4.03094,0,178,3.58532,395,0.978593
E3-Strict-p003,30.3991,176,75,RLPolicy,1,1,0.0656673,2.07944,3.50656,5,3.12891,1,76,2.82857,395,0.99266
E3-Strict-p003,30.4188,112,70,RLPolicy,1,1,0.0465084,1.92529,3.50656,5,3.39791,0,209,2.85819,396,0.974357
E3-Strict-p003,30.42,121,121,RLPolicy,0,0,0,0,3.50656,1,2.33436,3,3,2.29873,396,1
E3-Strict-p003,30.4272,177,177,RLPolicy,0,0,0,0,3.50656,1,2.38162,41,41,2.3177,2,0.999796
E3-Strict-p003,30.4309,108,242,RLPolicy,1,1,0.0583016,3.46574,3.50656,7,3.70916,210,261,3.21047,396,0.999796
E3-Strict-p003,30.4326,241,241,RLPolicy,0,0,0,0,3.50656,1,1.43161,10,10,1.40206,4,1
E3-Strict-p003,30.4532,28,73,RLPolicy,1,1,0.0418939,3.16035,3.50656,7,2.37947,111,209,2.09185,396,0.975539
E3-Strict-p003,30.4663,72,175,RLPolicy,1,1,0.0341672,0.693147,3.50656,3,1.98948,0,17,1.92745,396,0.985729
E3-Strict-p003,30.4711,196,338,RLPolicy,1,1,0.0744288,2.77259,3.50656,6,2.39252,40,111,2.07207,396,0.99633
E3-Strict-p003,30.4806,85,85,RLPolicy,0,0,0,0,3.50656,1,2.53311,3,3,2.45956,396,0.99266
E3-Strict-p003,30.4809,18,312,RLPolicy,1,1,0.0439837,2.85497,3.50656,7,2.38382,226,272,2.17224,396,0.986349
E3-Strict-p003,30.4882,185,185,RLPolicy,0,0,0,0,3.50656,1,2.18261,31,31,2.1416,396,0.999796
E3-Strict-p003,30.4979,142,84,RLPolicy,1,1,0.0628076,2.07944,3.50656,5,2.2738,0,127,2.04657,396,0.989195
E3-Strict-p003,30.5044,6,6,RLPolicy,0,0,0,0,3.50656,1,2.0049,31,31,1.96707,4,0.975955
E3-Strict-p003,30.5082,128,196,RLPolicy,1,1,0.0601577,3.15743,3.50656,7,2.43849,163,231,2.23569,396,0.985703
E3-Strict-p003,30.5096,106,106,RLPolicy,0,0,0,0,3.50656,1,1.98091,43,43,1.90942,4,1
E3-Strict-p003,30.5138,166,166,RLPolicy,0,0,0,0,3.50656,1,3.35175,38,38,3.26632,396,0.999796
E3-Strict-p003,30.5143,250,250,RLPolicy,0,0,0,0,3.50656,1,2.14107,30,30,2.10221,396,1
E3-Strict-p003,30.5148,78,393,RLPolicy,1,1,0.0444249,3.46574,3.50656,7,2.05686,224,233,1.87105,396,0.985729
E3-Strict-p003,30.5169,127,77,RLPolicy,1,1,0.0605609,2.07944,3.50656,5,2.46953,1,95,2.31196,396,0.992456
E3-Strict-p003,30.5313,124,304,RLPolicy,1,1,0.0608534,3.46574,3.50656,7,2.62054,108,133,2.4325,396,0.999592
E3-Strict-p003,30.5825,195,36,RLPolicy,1,1,0.0755809,3.46574,3.50656,7,2.3868,228,248,2.09568,396,0.999592
E3-Strict-p003,30.6005,119,4,RLPolicy,1,1,0.0618367,3.46574,3.50656,7,2.76241,256,268,2.3915,400,0.981855
E3-Strict-p003,30.602,47,47,RLPolicy,0,0,0,0,3.50656,1,2.48896,70,70,2.44968,400,0.996742
E3-Strict-p003,30.6026,13,415,RLPolicy,1,1,0.0368204,2.46429,3.50656,6,2.59173,35,247,2.27577,400,0.969288
E3-Strict-p003,30.6048,198,198,RLPolicy,0,0,0,0,3.50656,1,2.42364,43,43,2.37175,400,0.999796
E3-Strict-p003,30.6064,163,408,RLPolicy,1,1,0.0674168,2.07944,3.50656,5,3.1528,1,162,2.85927,400,0.989195
E3-Strict-p003,30.6307,135,244,RLPolicy,1,1,0.0632794,2.77259,3.50656,6,3.19397,85,200,2.89229,400,0.992456
E3-Strict-p003,30.6521,90,90,RLPolicy,0,0,0,0,3.50656,1,2.75323,27,27,2.69402,400,0.999796
E3-Strict-p003,30.6573,165,254,RLPolicy,1,1,0.0694984,2.77259,3.50656,6,6.3398,71,188,6.01396,400,0.996126
E3-Strict-p003,30.676,171,171,RLPolicy,0,0,0,0,3.50656,1,2.35981,24,24,2.32253,400,0.992864
E3-Strict-p003,30.6953,132,132,RLPolicy,0,0,0,0,3.50656,1,1.93434,9,9,1.90481,400,0.999388
E3-Strict-p003,30.7076,15,6,RLPolicy,1,1,0.00776176,3.16035,3.50656,7,2.21293,144,170,1.98323,402,0.977813
E3-Strict-p003,30.71,36,36,RLPolicy,0,0,0,0,3.50656,1,2.01879,11,11,1.98788,402,0.976163
E3-Strict-p003,30.7173,229,229,RLPolicy,0,0,0,0,3.50656,1,2.56798,65,65,2.52133,402,1
E3-Strict-p003,30.7241,190,272,RLPolicy,1,1,0.0650422,2.77259,3.50656,6,2.39892,65,190,2.07385,402,0.99266
E3-Strict-p003,30.728,154,23,RLPolicy,1,1,0.0578431,2.07944,3.50656,5,3.365,0,116,3.03376,402,0.985729
E3-Strict-p003,30.7329,239,108,RLPolicy,1,1,0.0772624,3.46574,3.50656,7,3.71922,160,203,3.3162,402,0.999796
E3-Strict-p003,30.7722,191,246,RLPolicy,1,1,0.0653954,2.07944,3.50656,5,2.50762,0,212,2.07367,402,0.992864
E3-Strict-p003,30.7786,51,51,RLPolicy,0,0,0,0,3.50656,1,2.59303,12,12,2.5228,402,0.991516
E3-Strict-p003,30.7823,88,88,RLPolicy,0,0,0,0,3.50656,1,2.08421,29,29,2.04724,402,0.99633
E3-Strict-p003,30.7907,99,352,RLPolicy,1,1,0.053018,3.46574,3.50656,7,3.07123,209,252,2.69681,402,0.99266
E3-Strict-p003,30.8039,244,414,RLPolicy,1,1,0.0665729,3.46574,3.50656,7,3.24582,85,362,2.48978,404,0.999796
E3-Strict-p003,30.8131,14,248,RLPolicy,1,1,0.0305388,2.77259,3.50656,6,2.54207,40,155,2.16071,404,0.978389
E3-Strict-p003,30.8149,16,206,RLPolicy,1,1,0.00722077,3.46574,3.50656,7,2.79405,202,243,2.44007,404,0.999796
E3-Strict-p003,30.8287,9,31,RLPolicy,1,1,0.00790065,3.16035,3.50656,7,2.37705,180,200,2.19068,404,0.97922
E3-Strict-p003,30.8302,208,382,RLPolicy,1,1,0.0739864,2.77259,3.50656,6,1.99645,21,88,1.74864,404,0.99633
E3-Strict-p003,30.8439,26,26,RLPolicy,0,0,0,0,3.50656,1,2.08346,7,7,2.04211,404,1
E3-Strict-p003,30.8764,139,235,RLPolicy,1,1,0.0624504,3.46574,3.50656,7,3.10334,174,230,2.71537,404,0.999796
E3-Strict-p003,30.8776,62,312,RLPolicy,1,1,0.0491741,2.07944,3.50656,5,3.02993,1,143,2.76234,404,0.99266
E3-Strict-p003,30.8888,188,326,RLPolicy,1,1,0.0584249,3.46574,3.50656,7,3.12183,64,204,2.67714,404,0.999796
E3-Strict-p003,30.8906,217,157,RLPolicy,1,1,0.0782664,3.46574,3.50656,7,2.4902,202,235,2.28537,404,0.99266
E3-Strict-p003,30.8936,126,28,RLPolicy,1,1,0.0617672,3.46574,3.50656,7,2.98645,209,233,2.62522,404,0.996126
E3-Strict-p003,30.8973,194,194,RLPolicy,0,0,0,0,3.50656,1,1.97209,46,46,1.92224,18,0.999796
E3-Strict-p003,30.9004,192,192,RLPolicy,0,0,0,0,3.50656,1,2.35005,8,8,2.2785,405,1
E3-Strict-p003,30.9097,80,80,RLPolicy,0,0,0,0,3.50656,1,1.71206,72,72,1.67485,18,0.99633
E3-Strict-p003,30.921,146,146,RLPolicy,0,0,0,0,3.50656,1,1.94215,4,4,1.91654,405,1
E3-Strict-p003,30.9465,140,427,RLPolicy,1,1,0.0606456,2.77259,3.50656,6,2.58855,67,145,2.23188,405,0.99266
E3-Strict-p003,30.9487,173,175,RLPolicy,1,1,0.0738585,3.46574,3.50656,7,3.8628,238,280,3.41341,405,0.992456
E3-Strict-p003,30.963,213,212,RLPolicy,1,1,0.0772975,3.46574,3.50656,7,2.59674,52,308,2.04164,405,0.999796
E3-Strict-p003,30.9654,40,226,RLPolicy,1,1,0.043535,2.46721,3.50656,6,3.27841,98,212,2.94456,405,0.972693
E3-Strict-p003,30.9663,178,408,RLPolicy,1,1,0.0722677,3.46574,3.50656,7,2.75316,84,102,2.44515,405,0.999796
E3-Strict-p003,30.9679,56,197,RLPolicy,1,1,0.0445815,3.46574,3.50656,7,3.15281,192,205,2.75093,405,0.996126
E3-Strict-p003,30.9684,96,359,RLPolicy,1,1,0.0573933,3.46574,3.50656,7,3.36752,140,282,2.77786,405,0.995922
E3-Strict-p003,30.9891,248,14,RLPolicy,1,1,0.0690409,2.77259,3.50656,6,3.9833,69,144,3.5824,405,0.99633
E3-Strict-p003,30.9933,201,100,RLPolicy,1,1,0.0703442,2.07944,3.50656,5,2.6522,1,162,2.46828,405,0.982263
E3-Strict-p003,31.0168,134,134,RLPolicy,0,0,0,0,3.50656,1,1.98514,6,6,1.94357,405,1
E3-Strict-p003,31.0274,110,110,RLPolicy,0,0,0,0,3.50656,1,2.7524,19,19,2.69586,405,1
E3-Strict-p003,31.0305,187,349,RLPolicy,1,1,0.0546276,3.46574,3.50656,7,4.37141,59,231,4.05777,405,0.985729
E3-Strict-p003,31.0484,172,1,RLPolicy,1,1,0.0651372,2.77259,3.50656,6,3.41367,68,179,3.15945,405,0.982059
E3-Strict-p003,31.0541,123,123,RLPolicy,0,0,0,0,3.50656,1,2.93233,63,63,2.88554,405,0.999796
E3-Strict-p003,31.0587,20,125,RLPolicy,1,1,0.0405885,2.85497,3.50656,7,3.40335,43,290,2.91316,405,0.982887
E3-Strict-p003,31.06,3,3,RLPolicy,0,0,0,0,3.50656,1,2.39942,25,25,2.35,4,0.995219
E3-Strict-p003,31.0602,19,15,RLPolicy,1,1,0.00846511,3.32206,3.50656,8,3.37425,286,317,2.88966,405,0.991392
E3-Strict-p003,31.0762,256,256,RLPolicy,0,0,0,0,3.50656,1,2.38431,2,2,2.34654,405,1
E3-Strict-p003,31.0767,230,230,RLPolicy,0,0,0,0,3.50656,1,1.93149,8,8,1.88244,4,1
E3-Strict-p003,31.0781,249,249,RLPolicy,0,0,0,0,3.50656,1,2.41045,17,17,2.37196,405,1
E3-Strict-p003,31.0792,246,335,RLPolicy,1,1,0.0740084,3.46574,3.50656,7,2.4132,227,235,2.18022,405,0.999796
E3-Strict-p003,31.0895,45,45,RLPolicy,0,0,0,0,3.50656,1,3.42661,7,7,3.38686,405,1
E3-Strict-p003,31.0993,46,253,RLPolicy,1,1,0.0464432,3.16035,3.50656,7,3.75286,234,293,3.42212,405,0.998269
E3-Strict-p003,31.1045,133,46,RLPolicy,1,1,0.0631978,3.46574,3.50656,7,2.31,239,251,2.08976,409,0.995718
E3-Strict-p003,31.1122,220,208,RLPolicy,1,1,0.0790282,2.07944,3.50656,5,2.22181,1,74,2.0174,409,0.985729
E3-Strict-p003,31.1136,43,241,RLPolicy,1,1,0.041554,2.07944,3.50656,5,2.97277,1,159,2.54836,409,0.973808
E3-Strict-p003,31.1238,102,337,RLPolicy,1,1,0.0560489,3.46574,3.50656,7,2.92839,133,161,2.65,409,0.992456
E3-Strict-p003,31.1394,12,17,RLPolicy,1,1,0.0471306,3.46574,3.50656,7,2.45856,258,290,2.17207,409,0.957803
E3-Strict-p003,31.1454,63,373,RLPolicy,1,1,0.00725764,3.46574,3.50656,7,2.61717,123,160,2.39032,409,0.999388
E3-Strict-p003,31.1508,81,81,RLPolicy,0,0,0,0,3.50656,1,2.34535,16,16,2.30585,409,0.99633
E3-Strict-p003,31.1516,243,243,RLPolicy,0,0,0,0,3.50656,1,1.95431,65,65,1.90877,18,1
E3-Strict-p003,31.1625,235,22,RLPolicy,1,1,0.0755642,2.61844,3.50656,6,3.20502,47,252,2.71143,409,0.995559
E3-Strict-p003,31.1626,25,321,RLPolicy,1,1,0.0395069,2.77259,3.50656,6,2.58214,51,96,2.44101,409,0.99328
E3-Strict-p003,31.1722,105,161,RLPolicy,1,1,0.0556917,2.07944,3.50656,5,3.13141,1,196,2.63331,409,0.985321
E3-Strict-p003,31.1727,212,212,RLPolicy,0,0,0,0,3.50656,1,2.15429,66,66,2.11946,409,1
E3-Strict-p003,31.1857,143,143,RLPolicy,0,0,0,0,3.50656,1,2.1228,8,8,2.09261,409,1
E3-Strict-p003,31.1884,184,355,RLPolicy,1,1,0.0628852,3.46574,3.50656,7,3.52333,83,338,3.136,409,0.992456
E3-Strict-p003,31.1961,109,109,RLPolicy,0,0,0,0,3.50656,1,3.20346,28,28,3.11631,409,0.995559
E3-Strict-p003,31.2053,76,63,RLPolicy,1,1,0.0483563,1.38629,3.50656,4,2.92307,0,176,2.64025,411,0.981492
E3-Strict-p003,31.2057,207,191,RLPolicy,1,1,0.0773846,3.46574,3.50656,7,2.96494,197,220,2.70997,411,0.996126
E3-Strict-p003,31.2107,115,326,RLPolicy,1,1,0.059637,3.46574,3.50656,7,6.02691,227,294,5.80154,411,0.98899
E3-Strict-p003,31.2186,252,252,RLPolicy,0,0,0,0,3.50656,1,5.62176,58,58,5.5108,411,1
E3-Strict-p003,31.2194,206,331,RLPolicy,1,1,0.0730441,3.46574,3.50656,7,2.50751,100,172,2.13365,411,0.999592
E3-Strict-p003,31.2259,54,54,RLPolicy,0,0,0,0,3.50656,1,2.4629,8,8,2.42464,411,1
E3-Strict-p003,31.2315,38,191,RLPolicy,1,1,0.0432274,2.54959,3.50656,7,2.51775,87,284,2.20904,411,0.991957
E3-Strict-p003,31.237,66,66,RLPolicy,0,0,0,0,3.50656,1,3.37586,38,38,3.33562,411,0.991237
E3-Strict-p003,31.2406,232,232,RLPolicy,0,0,0,0,3.50656,1,2.75169,42,42,2.70979,411,1
E3-Strict-p003,31.242,50,50,RLPolicy,0,0,0,0,3.50656,1,3.57608,58,58,3.52851,411,0.985525
E3-Strict-p003,31.2423,52,65,RLPolicy,1,1,0.0485777,2.77259,3.50656,6,2.57141,116,230,2.26691,411,0.974719
E3-Strict-p003,31.2636,39,44,RLPolicy,1,1,0.0416781,2.46721,3.50656,6,2.64164,74,179,2.28875,411,0.984206
E3-Strict-p003,31.2674,162,162,RLPolicy,0,0,0,0,3.50656,1,2.93396,67,67,2.87071,18,1
E3-Strict-p003,31.2725,95,95,RLPolicy,0,0,0,0,3.50656,1,2.14622,50,50,2.10078,18,0.981855
E3-Strict-p003,31.2736,179,328,RLPolicy,1,1,0.0705224,2.07944,3.50656,5,3.52851,1,136,3.29784,411,0.99266
E3-Strict-p003,31.2812,157,347,RLPolicy,1,1,0.069157,3.46574,3.50656,7,2.60294,219,263,2.30269,411,0.99266
E3-Strict-p003,31.2872,59,59,RLPolicy,0,0,0,0,3.50656,1,3.59278,25,25,3.51706,18,0.999796
E3-Strict-p003,31.2954,169,76,RLPolicy,1,1,0.0560868,2.77259,3.50656,6,3.30016,33,284,2.91115,411,0.982263
E3-Strict-p003,31.3079,114,114,RLPolicy,0,0,0,0,3.50656,1,2.73763,4,4,2.68424,412,1
E3-Strict-p003,31.3116,49,424,RLPolicy,1,1,0.0466264,3.31159,3.50656,7,2.67303,76,108,2.35852,412,0.996305
E3-Strict-p003,31.3148,170,170,RLPolicy,0,0,0,0,3.50656,1,2.79467,35,35,2.71159,5,0.989399
E3-Strict-p003,31.317,68,328,RLPolicy,1,1,0.0501644,3.46574,3.50656,7,4.07336,49,250,3.52516,412,0.985525
E3-Strict-p003,31.3184,86,86,RLPolicy,0,0,0,0,3.50656,1,2.14177,11,11,2.10972,412,0.995922
E3-Strict-p003,31.3208,153,242,RLPolicy,1,1,0.0623375,2.77259,3.50656,6,2.5096,83,218,2.21615,412,0.98899
E3-Strict-p003,31.3289,255,56,RLPolicy,1,1,0.0682611,3.46574,3.50656,7,3.20964,245,255,2.89988,412,0.999796
E3-Strict-p003,31.3298,145,145,RLPolicy,0,0,0,0,3.50656,1,1.62809,65,65,1.59756,18,1
E3-Strict-p003,31.3315,218,0,RLPolicy,1,1,0.0805795,2.31014,3.50656,6,2.59414,95,217,2.26317,412,0.993814
E3-Strict-p003,31.3471,1,433,RLPolicy,1,1,0.00727199,3.46574,3.50656,7,6.0804,134,164,5.68174,412,0.990434
E3-Strict-p003,31.3654,7,163,RLPolicy,1,1,0.0501445,2.46721,3.50656,6,2.57443,63,178,2.35874,412,0.972905
E3-Strict-p003,31.3675,259,259,RLPolicy,0,0,0,0,3.50656,1,5.91672,56,56,5.86971,412,1
E3-Strict-p003,31.3688,183,183,RLPolicy,0,0,0,0,3.50656,1,2.52122,33,33,2.46023,2,0.99633
E3-Strict-p003,31.3742,226,221,RLPolicy,1,1,0.0745755,2.07944,3.50656,5,6.60857,0,85,2.26745,412,0.989195
E3-Strict-p003,31.3766,240,273,RLPolicy,1,1,0.0777868,2.77259,3.50656,6,2.56789,50,124,2.28861,412,0.99633
E3-Strict-p003,31.3911,8,8,RLPolicy,0,0,0,0,3.50656,1,2.15751,60,60,2.11155,412,0.993072
E3-Strict-p003,31.3978,273,81,RLPolicy,1,1,0.0756096,3.31159,3.50656,7,3.08602,140,234,2.64635,412,0.999025
E3-Strict-p003,31.3987,193,329,RLPolicy,1,1,0.0620137,2.77259,3.50656,6,3.05564,31,263,2.5159,412,0.99266
E3-Strict-p003,31.4003,225,188,RLPolicy,1,1,0.0800394,2.77259,3.50656,6,2.48174,66,229,2.05826,415,0.996126
E3-Strict-p003,31.4027,204,401,RLPolicy,1,1,0.0778779,2.95491,3.50656,6,2.70835,120,258,2.20086,415,0.997038
E3-Strict-p003,31.4044,155,150,RLPolicy,1,1,0.0645622,3.46574,3.50656,7,2.11775,74,351,1.88463,415,0.996126
E3-Strict-p003,31.4143,97,97,RLPolicy,0,0,0,0,3.50656,1,2.44057,33,33,2.40097,415,1
E3-Strict-p003,31.416,17,168,RLPolicy,1,1,0.0403467,2.93736,3.50656,8,6.85254,224,331,6.37535,415,0.994308
E3-Strict-p003,31.4189,103,103,RLPolicy,0,0,0,0,3.50656,1,5.58969,60,60,5.47472,2,0.999796
E3-Strict-p003,31.4222,189,141,RLPolicy,1,1,0.064394,3.46574,3.50656,7,4.84348,126,280,4.22208,415,0.992456
E3-Strict-p003,31.4255,67,425,RLPolicy,1,1,0.0477007,2.07944,3.50656,5,3.1617,1,164,2.90177,415,0.971458
E3-Strict-p003,31.4282,275,66,RLPolicy,1,1,0.0645661,1.38629,3.50656,4,3.53588,0,196,3.05486,415,0.989399
E3-Strict-p003,31.431,242,297,RLPolicy,1,1,0.077435,2.77259,3.50656,6,3.13778,98,253,2.69825,415,0.99633
E3-Strict-p003,31.4573,74,94,RLPolicy,1,1,0.051731,3.31159,3.50656,7,2.77629,40,335,2.33036,415,0.983212
E3-Strict-p003,31.4602,65,65,RLPolicy,0,0,0,0,3.50656,1,2.64209,12,12,2.59673,415,0.99266
E3-Strict-p003,31.4676,180,180,RLPolicy,0,0,0,0,3.50656,1,2.54594,13,13,2.50908,415,1
E3-Strict-p003,31.4684,61,222,RLPolicy,1,1,0.0519529,3.46574,3.50656,7,3.62924,231,296,3.0794,415,0.985729
E3-Strict-p003,31.4743,159,382,RLPolicy,1,1,0.0660877,2.77259,3.50656,6,2.42592,19,96,2.20674,415,0.996126
E3-Strict-p003,31.4817,48,295,RLPolicy,1,1,0.0354137,0.693147,3.50656,3,3.24953,0,117,3.00426,415,0.975835
E3-Strict-p003,31.4918,101,101,RLPolicy,0,0,0,0,3.50656,1,3.0013,15,15,2.94709,415,0.99266
E3-Strict-p003,31.4956,147,147,RLPolicy,0,0,0,0,3.50656,1,2.49464,53,53,2.45103,415,0.998254
E3-Strict-p003,31.5034,55,430,RLPolicy,1,1,0.0453168,2.07944,3.50656,5,2.76888,1,116,2.40156,419,0.992864
E3-Strict-p003,31.5068,237,46,RLPolicy,1,1,0.0854999,3.46574,3.50656,7,2.96353,240,252,2.5967,419,0.999796
E3-Strict-p003,31.5136,125,63,RLPolicy,1,1,0.0613648,2.77259,3.50656,6,3.48494,123,252,3.04796,419,0.983779
E3-Strict-p003,31.5143,93,235,RLPolicy,1,1,0.0567606,3.46574,3.50656,7,2.35986,236,307,2.09494,419,0.985729
E3-Strict-p003,31.5147,53,53,RLPolicy,0,0,0,0,3.50656,1,2.53571,28,28,2.47786,419,0.99633
E3-Strict-p003,31.5191,245,432,RLPolicy,1,1,0.0673776,2.61844,3.50656,6,6.338,38,201,5.82469,419,0.995559
E3-Strict-p003,31.5226,44,405,RLPolicy,1,1,0.0433774,2.85497,3.50656,7,2.61856,157,196,2.37093,419,0.995423
E3-Strict-p003,31.5304,0,218,RLPolicy,1,1,0.0360009,2.46721,3.50656,6,3.14752,77,239,2.73456,419,0.992868
E3-Strict-p003,31.5375,200,200,RLPolicy,0,0,0,0,3.50656,1,3.18318,36,36,3.12439,419,0.982263
E3-Strict-p003,31.5406,258,394,RLPolicy,1,1,0.0716245,3.46574,3.50656,7,3.47461,57,261,2.88671,419,0.999796
E3-Strict-p003,31.5422,118,118,RLPolicy,0,0,0,0,3.50656,1,3.1639,58,58,3.08472,419,0.978593
E3-Strict-p003,31.547,91,113,RLPolicy,1,1,0.0411617,2.77259,3.50656,6,3.18397,45,302,2.37163,419,0.978389
E3-Strict-p003,31.5601,205,205,RLPolicy,0,0,0,0,3.50656,1,2.69354,60,60,2.64085,19,0.99633
E3-Strict-p003,31.5619,210,169,RLPolicy,1,1,0.0758147,3.46574,3.50656,7,2.50782,124,132,2.27506,419,0.999592
E3-Strict-p003,31.5949,224,302,RLPolicy,1,1,0.0746579,1.38629,3.50656,4,2.61276,0,60,2.50571,419,0.982263
E3-Strict-p003,31.6104,211,167,RLPolicy,1,1,0.0645184,3.46574,3.50656,7,2.87074,89,270,2.35738,419,0.999796
E3-Strict-p003,31.6257,278,213,RLPolicy,1,1,0.0737415,2.07944,3.50656,5,2.72117,0,142,2.40319,419,0.992864
E3-Strict-p003,31.6306,223,223,RLPolicy,0,0,0,0,3.50656,1,2.81965,63,63,2.7727,419,1
E3-Strict-p003,31.6356,117,117,RLPolicy,0,0,0,0,3.50656,1,2.68097,44,44,2.63784,419,0.985729
E3-Strict-p003,31.6367,137,349,RLPolicy,1,1,0.0520736,3.46574,3.50656,7,3.09733,58,232,2.81854,419,0.985525
E3-Strict-p003,31.6516,89,104,RLPolicy,1,1,0.0534246,2.77259,3.50656,6,2.60473,20,275,2.2266,419,0.988582
E3-Strict-p003,31.6757,83,429,RLPolicy,1,1,0.0471978,2.77259,3.50656,6,2.75057,92,162,2.5312,419,0.981855
E3-Strict-p003,31.6803,60,205,RLPolicy,1,1,0.0441216,3.46574,3.50656,7,3.3346,170,196,3.0426,419,0.994599
E3-Strict-p003,31.6869,35,62,RLPolicy,0,0,0.0396948,0.693147,3.50656,2,2.71734,14,30,2.64921,419,0.99633
E3-Strict-p003,31.6915,199,199,RLPolicy,0,0,0,0,3.50656,1,2.86551,66,66,2.81642,419,1
E3-Strict-p003,31.7018,11,11,RLPolicy,0,0,0,0,3.50656,1,2.24424,5,5,2.20802,419,1
E3-Strict-p003,31.7018,129,320,RLPolicy,1,1,0.0394837,3.46574,3.50656,7,4.60798,106,114,4.24941,419,0.992456
E3-Strict-p003,31.7308,131,273,RLPolicy,1,1,0.0543834,3.46574,3.50656,7,3.71877,81,294,3.07578,419,0.985525
E3-Strict-p003,31.733,116,251,RLPolicy,1,1,0.0495296,3.46574,3.50656,7,3.67586,58,317,3.12,419,0.978389
E3-Strict-p003,31.7398,27,100,RLPolicy,1,1,0.0432193,2.46721,3.50656,6,6.96777,79,264,6.5795,419,0.960777
E3-Strict-p003,31.7564,216,168,RLPolicy,1,1,0.0589907,3.15743,3.50656,7,2.77383,74,296,2.42262,419,0.995738
E3-Strict-p003,31.7683,73,73,RLPolicy,0,0,0,0,3.50656,1,2.63621,69,69,2.59082,419,0.99266
E3-Strict-p003,31.7693,82,100,RLPolicy,1,1,0.0505131,1.38629,3.50656,4,2.70522,0,139,2.46463,419,0.989195
E3-Strict-p003,31.7822,144,127,RLPolicy,1,1,0.058907,2.77259,3.50656,6,2.8243,31,228,2.51535,419,0.982263
E3-Strict-p003,31.7919,141,141,RLPolicy,0,0,0,0,3.50656,1,2.78787,58,58,2.7224,2,0.99633
E3-Strict-p003,31.799,265,413,RLPolicy,1,1,0.0756955,2.77259,3.50656,6,3.03563,6,232,2.54513,419,0.99633
E3-Strict-p003,31.8217,138,257,RLPolicy,1,1,0.0511566,3.46574,3.50656,7,3.69632,62,319,3.15882,420,0.992456
E3-Strict-p003,31.8227,94,94,RLPolicy,0,0,0,0,3.50656,1,2.77737,64,64,2.7399,420,0.982059
E3-Strict-p003,31.8236,5,378,RLPolicy,1,1,0.0313671,2.77259,3.50656,6,3.47603,52,248,3.10702,420,0.99266
E3-Strict-p003,31.8249,113,14,RLPolicy,1,1,0.0586389,2.77259,3.50656,6,3.71283,53,158,3.36562,420,0.964322
E3-Strict-p003,31.8346,92,92,RLPolicy,0,0,0,0,3.50656,1,2.72292,14,14,2.68866,420,0.999592
E3-Strict-p003,31.8435,238,238,RLPolicy,0,0,0,0,3.50656,1,1.8961,8,8,1.86801,420,1
E3-Strict-p003,31.8444,209,209,RLPolicy,0,0,0,0,3.50656,1,2.57738,4,4,2.53014,420,1
E3-Strict-p003,31.8562,22,294,RLPolicy,1,1,0.0427255,3.17114,3.50656,9,4.5004,58,410,4.02991,420,0.961654
E3-Strict-p003,31.8632,34,447,RLPolicy,1,1,0.0445539,2.85497,3.50656,7,2.83051,114,332,2.45679,420,0.967493
E3-Strict-p003,31.8681,233,233,RLPolicy,0,0,0,0,3.50656,1,2.76649,40,40,2.72636,420,1
E3-Strict-p003,31.8791,58,391,RLPolicy,1,1,0.0477095,3.46574,3.50656,7,3.61027,169,292,3.05637,420,0.971458
E3-Strict-p003,31.8816,219,319,RLPolicy,1,1,0.0733656,3.46574,3.50656,7,2.714,236,272,2.35584,420,0.999592
E3-Strict-p003,31.9265,104,104,RLPolicy,0,0,0,0,3.50656,1,2.40767,53,53,2.36694,422,0.999796
E3-Strict-p003,31.9317,268,2,RLPolicy,1,1,0.0672212,2.77259,3.50656,6,4.2428,71,182,3.80563,422,0.99633
E3-Strict-p003,31.9342,186,199,RLPolicy,1,1,0.0740417,3.46574,3.50656,7,7.2609,59,275,6.42653,422,0.99266
E3-Strict-p003,31.9415,253,386,RLPolicy,1,1,0.0715017,3.46574,3.50656,7,3.52132,146,309,2.99983,422,0.999796
E3-Strict-p003,31.9492,214,214,RLPolicy,0,0,0,0,3.50656,1,1.958,41,41,1.92344,19,0.999796
E3-Strict-p003,31.9545,130,421,RLPolicy,1,1,0.0527295,0.693147,3.50656,3,3.03737,0,53,2.85588,422,0.985933
E3-Strict-p003,31.9686,281,281,RLPolicy,0,0,0,0,3.50656,1,3.55888,8,8,3.50384,422,1
E3-Strict-p003,31.9704,175,276,RLPolicy,1,1,0.068691,3.46574,3.50656,7,2.32838,151,175,2.16071,422,0.999592
E3-Strict-p003,31.9719,41,78,RLPolicy,1,1,0.00748429,2.85497,3.50656,7,2.66092,238,314,2.44058,422,0.974414
E3-Strict-p003,31.9815,69,212,RLPolicy,1,1,0.0456721,3.46574,3.50656,7,3.32757,242,261,2.92076,422,0.992252
E3-Strict-p003,31.9821,42,364,RLPolicy,1,1,0.0446746,3.16035,3.50656,7,2.50652,102,162,2.2496,422,0.995011
E3-Strict-p003,31.9829,152,152,RLPolicy,0,0,0,0,3.50656,1,2.16804,22,22,2.13957,422,0.999592
E3-Strict-p003,31.9855,202,84,RLPolicy,1,1,0.0725187,1.38629,3.50656,4,3.0766,0,110,2.77155,422,0.985729
E3-Strict-p003,32.0003,168,451,RLPolicy,1,1,0.0546226,1.38629,3.50656,4,2.86321,0,172,2.50586,425,0.985729
E3-Strict-p003,32.0027,111,340,RLPolicy,1,1,0.0603275,3.46574,3.50656,7,5.05669,117,277,4.6457,425,0.999388
E3-Strict-p003,32.0053,279,186,RLPolicy,1,1,0.0760396,3.46574,3.50656,7,6.22513,175,269,5.81037,425,0.999796
E3-Strict-p003,32.0119,30,427,RLPolicy,1,1,0.0422439,2.53652,3.50656,7,3.70296,41,224,3.12165,425,0.988569
E3-Strict-p003,32.0153,21,157,RLPolicy,1,1,0.0413318,3.16035,3.50656,7,4.13069,57,250,3.46711,425,0.983295
E3-Strict-p003,32.0171,24,24,RLPolicy,0,0,0,0,3.50656,1,3.49393,21,21,3.42427,425,0.994599
E3-Strict-p003,32.0191,10,226,RLPolicy,1,1,0.00738166,3.16035,3.50656,7,2.58188,119,159,2.28229,425,0.986556
E3-Strict-p003,32.0217,161,100,RLPolicy,1,1,0.057098,2.77259,3.50656,6,2.94051,58,196,2.62237,425,0.99266
E3-Strict-p003,32.0235,98,98,RLPolicy,0,0,0,0,3.50656,1,2.28202,16,16,2.2521,425,0.96473
E3-Strict-p003,32.0273,2,113,RLPolicy,1,1,0.0329422,2.77259,3.50656,6,3.32604,48,216,2.87976,425,0.99266
E3-Strict-p003,32.0348,4,4,RLPolicy,0,0,0,0,3.50656,1,6.53735,12,12,6.45839,425,0.972074
E3-Strict-p003,32.0396,29,29,RLPolicy,0,0,0,0,3.50656,1,3.39315,28,28,3.34415,425,0.993276
E3-Strict-p003,32.0422,266,161,RLPolicy,1,1,0.0805587,2.77259,3.50656,6,3.278,71,249,2.77725,425,0.99633
E3-Strict-p003,32.0519,64,8,RLPolicy,1,1,0.00728987,3.46574,3.50656,7,3.21278,267,288,2.87677,425,0.967788
E3-Strict-p003,32.0685,181,181,RLPolicy,0,0,0,0,3.50656,1,2.69094,21,21,2.64643,425,0.99633
E3-Strict-p003,32.0857,136,150,RLPolicy,1,1,0.0632415,3.46574,3.50656,7,3.80036,247,265,3.27718,425,0.999592
E3-Strict-p003,32.0962,234,327,RLPolicy,1,1,0.0746837,2.77259,3.50656,6,3.43416,91,188,2.98136,425,0.99633
E3-Strict-p003,32.1025,75,379,RLPolicy,1,1,0.0454058,3.46574,3.50656,7,3.09945,167,338,2.67576,426,0.98822
E3-Strict-p003,32.1118,267,168,RLPolicy,1,1,0.079386,3.46574,3.50656,7,2.97002,168,313,2.49275,426,0.999796
E3-Strict-p003,32.1153,107,258,RLPolicy,1,1,0.0567918,2.77259,3.50656,6,2.53861,69,257,2.26135,426,0.996126
E3-Strict-p003,32.1207,57,57,RLPolicy,0,0,0,0,3.50656,1,2.72018,9,9,2.66791,426,0.998065
E3-Strict-p003,32.1317,272,272,RLPolicy,0,0,0,0,3.50656,1,5.46797,56,56,5.39247,20,1
E3-Strict-p003,32.134,150,150,RLPolicy,0,0,0,0,3.50656,1,2.54946,52,52,2.50794,426,0.999025
E3-Strict-p003,32.1387,151,361,RLPolicy,1,1,0.0615986,2.77259,3.50656,6,2.65419,104,216,2.35559,426,0.99266
E3-Strict-p003,32.1418,254,205,RLPolicy,1,1,0.0714646,2.77259,3.50656,6,3.27418,78,233,2.76551,426,0.99633
E3-Strict-p003,32.1459,122,207,RLPolicy,1,1,0.0595093,3.46574,3.50656,7,3.23645,135,321,2.74852,426,0.992456
E3-Strict-p003,32.1572,236,266,RLPolicy,1,1,0.0680626,0.693147,3.50656,3,3.04013,0,105,2.79918,426,0.985933
E3-Strict-p003,32.1727,227,370,RLPolicy,1,1,0.0731684,3.46574,3.50656,7,2.77821,180,208,2.4512,426,0.999796
E3-Strict-p003,32.1834,31,128,RLPolicy,1,1,0.0346592,1.77114,3.50656,5,3.6004,0,160,3.31604,426,0.989218
E3-Strict-p003,32.1922,269,269,RLPolicy,0,0,0,0,3.50656,1,2.52868,71,71,2.47992,426,1
E3-Strict-p003,32.2079,164,164,RLPolicy,0,0,0,0,3.50656,1,2.25017,62,62,2.21489,20,0.999796
E3-Strict-p003,32.208,222,98,RLPolicy,1,1,0.0786565,2.07944,3.50656,5,2.56975,0,167,2.28246,427,0.978797
E3-Strict-p003,32.2105,215,423,RLPolicy,1,1,0.0737031,2.77259,3.50656,6,3.61305,12,181,3.23716,427,0.99266
E3-Strict-p003,32.2109,33,13,RLPolicy,1,1,0.0434803,2.54959,3.50656,7,2.96704,123,284,2.57807,427,0.974632
E3-Strict-p003,32.2271,286,96,RLPolicy,1,1,0.0953795,3.31159,3.50656,7,4.54969,176,209,4.03123,427,0.999025
E3-Strict-p003,32.2292,160,160,RLPolicy,0,0,0,0,3.50656,1,2.14355,7,7,2.11464,427,1
E3-Strict-p003,32.2314,228,228,RLPolicy,0,0,0,0,3.50656,1,2.20714,1,1,2.17591,427,1
E3-Strict-p003,32.2357,71,71,RLPolicy,0,0,0,0,3.50656,1,3.70837,10,10,3.67636,427,0.999592
E3-Strict-p003,32.2418,70,257,RLPolicy,1,1,0.0454798,2.77259,3.50656,6,3.48645,65,211,2.97081,427,0.981651
E3-Strict-p003,32.2464,174,381,RLPolicy,1,1,0.0691249,2.77259,3.50656,6,2.75491,67,240,2.38147,427,0.996126
E3-Strict-p003,32.2475,221,80,RLPolicy,1,1,0.0747942,2.77259,3.50656,6,3.16963,67,188,2.78483,427,0.989195
E3-Strict-p003,32.2523,274,291,RLPolicy,1,1,0.06556,1.38629,3.50656,4,7.17193,0,182,6.78944,427,0.989399
E3-Strict-p003,32.2535,203,203,RLPolicy,0,0,0,0,3.50656,1,2.4955,49,49,2.40566,2,0.999796
E3-Strict-p003,32.2606,231,0,RLPolicy,1,1,0.0791119,2.77259,3.50656,6,3.04949,105,229,2.78154,427,0.99266
E3-Strict-p003,32.2636,84,396,RLPolicy,1,1,0.0540503,3.46574,3.50656,7,2.72542,160,306,2.45914,427,0.98899
E3-Strict-p003,32.2655,247,109,RLPolicy,1,1,0.0659172,2.77259,3.50656,6,3.89573,1,263,3.00222,427,0.99633
E3-Strict-p003,32.2688,148,148,RLPolicy,0,0,0,0,3.50656,1,2.03754,4,4,2.00834,427,1
E3-Strict-p003,32.2716,149,149,RLPolicy,0,0,0,0,3.50656,1,2.67085,69,69,2.63014,427,0.98899
E3-Strict-p003,32.2759,270,403,RLPolicy,1,1,0.0708753,2.77259,3.50656,6,2.93224,66,172,2.54987,427,0.99633
E3-Strict-p003,32.2853,182,374,RLPolicy,1,1,0.0728099,3.46574,3.50656,7,3.18623,289,329,2.85402,427,0.995922
E3-Strict-p003,32.2992,120,120,RLPolicy,0,0,0,0,3.50656,1,2.36228,9,9,2.32746,427,1
E3-Strict-p003,32.302,87,130,RLPolicy,1,1,0.0523183,2.77259,3.50656,6,2.82568,110,215,2.5255,427,0.985525
E3-Strict-p003,32.3133,100,370,RLPolicy,1,1,0.0435228,3.15743,3.50656,7,3.37495,78,259,3.01694,427,0.9809
E3-Strict-p003,32.3158,167,310,RLPolicy,1,1,0.0494611,2.07944,3.50656,5,2.87895,0,171,2.49768,427,0.992864
E3-Strict-p003,32.3178,158,385,RLPolicy,1,1,0.0493285,2.77259,3.50656,6,3.34946,16,293,2.94273,427,0.995922
E3-Strict-p003,32.3201,197,392,RLPolicy,1,1,0.0540964,3.46574,3.50656,7,6.68901,144,304,6.24578,427,0.989195
E3-Strict-p003,32.3245,23,279,RLPolicy,1,1,0.009807,3.31205,3.50656,9,6.9884,405,417,6.41556,427,0.943379
E3-Strict-p003,32.3284,263,266,RLPolicy,1,1,0.0901355,3.46574,3.50656,7,6.75395,266,317,6.46905,427,0.999796
E3-Strict-p003,32.3289,77,31,RLPolicy,1,1,0.00809476,3.46574,3.50656,7,6.1908,213,230,5.81173,427,0.970279
E3-Strict-p003,32.3412,79,306,RLPolicy,1,1,0.0501375,3.46574,3.50656,7,6.43326,233,246,6.15646,427,0.999592
E3-Strict-p003,32.3419,32,41,RLPolicy,0,0,0.0392484,1.1633,3.50656,4,2.95591,151,265,2.63132,427,0.960269
E3-Strict-p003,32.3441,37,287,RLPolicy,1,1,0.0405185,2.85497,3.50656,7,2.39767,113,152,2.11925,427,0.986144
E3-Strict-p003,32.383,251,323,RLPolicy,1,1,0.0693286,2.61844,3.50656,6,3.40736,32,306,2.81454,427,0.995559
E3-Strict-p003,32.3905,156,249,RLPolicy,1,1,0.0679883,3.46574,3.50656,7,3.08188,172,236,2.72646,427,0.978389
E3-Strict-p003,32.3991,176,176,RLPolicy,0,0,0,0,3.50656,1,2.44688,9,9,2.41421,427,0.99266
E3-Strict-p003,32.4188,112,142,RLPolicy,1,1,0.0584876,1.77114,3.50656,5,2.71745,0,163,2.45219,448,0.96568
E3-Strict-p003,32.42,121,121,RLPolicy,0,0,0,0,3.50656,1,2.26519,3,3,2.23647,448,1
E3-Strict-p003,32.4272,177,452,RLPolicy,1,1,0.00726341,3.46574,3.50656,7,2.59953,129,139,2.39606,448,0.999592
E3-Strict-p003,32.4309,108,108,RLPolicy,0,0,0,0,3.50656,1,2.49934,54,54,2.46381,448,0.999796
E3-Strict-p003,32.431,283,381,RLPolicy,1,1,0.0690855,2.77259,3.50656,6,6.73173,89,244,6.27018,448,0.99633
E3-Strict-p003,32.4326,241,32,RLPolicy,1,1,0.0854694,2.77259,3.50656,6,2.25092,66,191,1.87875,448,0.99633
E3-Strict-p003,32.4381,262,346,RLPolicy,1,1,0.0776246,2.77259,3.50656,6,3.33053,60,120,2.9519,448,0.99633
E3-Strict-p003,32.4453,287,446,RLPolicy,1,1,0.0958272,2.46429,3.50656,6,6.09678,25,165,5.74994,448,0.994789
E3-Strict-p003,32.4532,28,117,RLPolicy,1,1,0.0372749,3.16035,3.50656,7,7.38949,203,250,7.06448,448,0.973808
E3-Strict-p003,32.4663,72,385,RLPolicy,1,1,0.0496021,3.46574,3.50656,7,6.12855,83,166,5.77499,448,0.985525
E3-Strict-p003,32.4706,257,244,RLPolicy,1,1,0.0931787,2.77259,3.50656,6,7.87031,93,207,7.37669,448,0.99633
E3-Strict-p003,32.4711,196,1,RLPolicy,1,1,0.0750435,2.77259,3.50656,6,3.07494,60,130,2.68183,448,0.99266
E3-Strict-p003,32.4806,85,85,RLPolicy,0,0,0,0,3.50656,1,2.15793,2,2,2.12906,448,0.99266
E3-Strict-p003,32.4809,18,18,RLPolicy,0,0,0,0,3.50656,1,2.89582,61,61,2.85344,448,0.986349
E3-Strict-p003,32.4882,185,222,RLPolicy,1,1,0.0649516,2.77259,3.50656,6,3.53527,76,224,2.9792,448,0.996126
E3-Strict-p003,32.4979,142,365,RLPolicy,1,1,0.0646463,3.46574,3.50656,7,3.82329,251,294,3.47669,448,0.98899
E3-Strict-p003,32.5044,6,449,RLPolicy,1,1,0.00724961,3.46574,3.50656,7,3.24977,220,239,2.99076,450,0.975751
E3-Strict-p003,32.5082,128,128,RLPolicy,0,0,0,0,3.50656,1,3.09809,56,56,3.03257,450,0.985703
E3-Strict-p003,32.5096,106,106,RLPolicy,0,0,0,0,3.50656,1,2.34298,45,45,2.31075,450,1
E3-Strict-p003,32.5138,166,248,RLPolicy,1,1,0.0650392,3.46574,3.50656,7,3.01115,234,263,2.59802,450,0.999592
E3-Strict-p003,32.5143,250,133,RLPolicy,1,1,0.088631,3.31159,3.50656,7,2.21351,253,280,1.93031,450,0.999025
E3-Strict-p003,32.5148,78,78,RLPolicy,0,0,0,0,3.50656,1,3.06326,36,36,3.01521,450,0.985729
E3-Strict-p003,32.5169,127,127,RLPolicy,0,0,0,0,3.50656,1,3.51935,17,17,3.47127,450,0.992456
E3-Strict-p003,32.5313,124,3,RLPolicy,1,1,0.0592965,3.46574,3.50656,7,3.33403,244,275,2.99887,450,0.999388
E3-Strict-p003,32.5462,260,163,RLPolicy,1,1,0.0674832,2.77259,3.50656,6,4.08322,86,195,3.54282,450,0.99633
E3-Strict-p003,32.5825,195,200,RLPolicy,1,1,0.0492086,2.07944,3.50656,5,3.32203,1,110,2.97038,450,0.992456
E3-Strict-p003,32.6005,119,46,RLPolicy,1,1,0.0618127,3.46574,3.50656,7,2.77382,270,288,2.5145,450,0.981651
E3-Strict-p003,32.602,47,66,RLPolicy,1,1,0.0459891,2.93736,3.50656,8,2.66484,326,389,2.37213,450,0.993896
E3-Strict-p003,32.6026,13,384,RLPolicy,0,0,0.0456714,0.693147,3.50656,2,3.26407,47,95,3.0532,450,0.969288
E3-Strict-p003,32.6048,198,213,RLPolicy,1,1,0.0525494,2.77259,3.50656,6,5.88717,93,184,5.48702,450,0.996126
E3-Strict-p003,32.6064,163,163,RLPolicy,0,0,0,0,3.50656,1,3.13952,41,41,3.09491,450,0.989195
E3-Strict-p003,32.6272,282,386,RLPolicy,1,1,0.0782408,3.46574,3.50656,7,3.79923,152,317,3.16179,450,0.999796
E3-Strict-p003,32.6307,135,278,RLPolicy,1,1,0.048049,3.46574,3.50656,7,3.7748,49,272,3.15772,450,0.992252
E3-Strict-p003,32.6521,90,90,RLPolicy,0,0,0,0,3.50656,1,2.45658,28,28,2.4211,450,0.999796
E3-Strict-p003,32.6573,165,341,RLPolicy,1,1,0.0664479,3.31159,3.50656,7,3.48375,179,211,3.13488,450,0.995151
E3-Strict-p003,32.676,171,171,RLPolicy,0,0,0,0,3.50656,1,2.73461,29,29,2.69437,450,0.992864
E3-Strict-p003,32.6953,132,132,RLPolicy,0,0,0,0,3.50656,1,2.77483,9,9,2.73056,450,0.999388
E3-Strict-p003,32.7076,15,15,RLPolicy,0,0,0,0,3.50656,1,2.09868,11,11,2.06984,450,0.977813
E3-Strict-p003,32.71,36,36,RLPolicy,0,0,0,0,3.50656,1,6.08417,11,11,6.02865,450,0.976163
E3-Strict-p003,32.7173,229,229,RLPolicy,0,0,0,0,3.50656,1,2.7944,66,66,2.74743,450,1
E3-Strict-p003,32.7241,190,376,RLPolicy,1,1,0.0548141,3.46574,3.50656,7,4.69201,58,290,3.9439,450,0.992456
E3-Strict-p003,32.728,154,77,RLPolicy,1,1,0.0654188,1.38629,3.50656,4,2.38298,0,51,2.22808,450,0.975128
E3-Strict-p003,32.7329,239,239,RLPolicy,0,0,0,0,3.50656,1,2.49727,45,45,2.45426,450,0.999796
E3-Strict-p003,32.7357,264,301,RLPolicy,1,1,0.0837782,3.46574,3.50656,7,3.27613,103,115,2.95374,450,0.999796
E3-Strict-p003,32.7629,296,79,RLPolicy,1,1,0.0797711,2.77259,3.50656,6,3.4479,84,211,2.93245,450,0.99633
E3-Strict-p003,32.7722,191,410,RLPolicy,1,1,0.0753202,3.31159,3.50656,7,3.13906,133,169,2.8932,450,0.99189
E3-Strict-p003,32.7786,51,51,RLPolicy,0,0,0,0,3.50656,1,2.33088,11,11,2.30213,450,0.991516
E3-Strict-p003,32.7823,88,88,RLPolicy,0,0,0,0,3.50656,1,2.64236,32,32,2.56285,5,0.99633
E3-Strict-p003,32.7863,295,271,RLPolicy,1,1,0.079154,2.77259,3.50656,6,3.51992,46,268,2.92878,450,0.99633
E3-Strict-p003,32.7907,99,335,RLPolicy,1,1,0.0530084,3.46574,3.50656,7,3.10777,95,254,2.61937,450,0.992456
E3-Strict-p003,32.7912,291,291,RLPolicy,0,0,0,0,3.50656,1,3.28752,38,38,3.247,450,1
E3-Strict-p003,32.8018,292,292,RLPolicy,0,0,0,0,3.50656,1,2.61217,37,37,2.41431,2,1
E3-Strict-p003,32.8039,244,418,RLPolicy,1,1,0.083412,2.07944,3.50656,5,2.83276,1,190,2.6011,450,0.99266
E3-Strict-p003,32.8131,14,217,RLPolicy,1,1,0.027016,2.07944,3.50656,5,2.36685,0,68,2.20722,450,0.971254
E3-Strict-p003,32.8149,16,76,RLPolicy,1,1,0.0353189,2.93736,3.50656,8,2.92319,247,331,2.39679,450,0.99695
E3-Strict-p003,32.8287,9,170,RLPolicy,1,1,0.0514359,3.16035,3.50656,7,3.13293,115,197,2.82829,450,0.977489
E3-Strict-p003,32.8302,208,204,RLPolicy,1,1,0.0653292,3.46574,3.50656,7,3.19738,208,219,2.82228,450,0.996126
E3-Strict-p003,32.8439,26,26,RLPolicy,0,0,0,0,3.50656,1,3.19852,6,6,3.14627,450,1
E3-Strict-p003,32.8614,290,94,RLPolicy,1,1,0.0863299,2.77259,3.50656,6,3.64467,100,256,3.01071,450,0.99633
E3-Strict-p003,32.8764,139,421,RLPolicy,1,1,0.044079,0.693147,3.50656,3,3.1452,0,78,2.94787,450,0.985729
E3-Strict-p003,32.8776,62,399,RLPolicy,1,1,0.0485357,3.46574,3.50656,7,3.32404,52,303,2.96382,450,0.992456
E3-Strict-p003,32.8886,261,95,RLPolicy,1,1,0.070978,2.77259,3.50656,6,3.36381,97,250,2.65333,450,0.99633
E3-Strict-p003,32.8888,188,358,RLPolicy,1,1,0.0584252,3.46574,3.50656,7,2.88071,68,219,2.30668,450,0.999592
E3-Strict-p003,32.8906,217,217,RLPolicy,0,0,0,0,3.50656,1,2.95383,38,38,2.90965,450,0.99266
E3-Strict-p003,32.8936,126,32,RLPolicy,1,1,0.0556328,2.07944,3.50656,5,3.24869,0,242,2.84524,450,0.98899
E3-Strict-p003,32.8973,194,354,RLPolicy,1,1,0.0520494,0.693147,3.50656,3,3.44708,0,98,3.26021,450,0.985729
E3-Strict-p003,32.9004,192,192,RLPolicy,0,0,0,0,3.50656,1,2.18447,9,9,2.1516,450,1
E3-Strict-p003,32.9056,277,277,RLPolicy,0,0,0,0,3.50656,1,2.26737,1,1,2.23649,450,1
E3-Strict-p003,32.9097,80,247,RLPolicy,1,1,0.0402514,1.38629,3.50656,4,3.27721,0,170,2.98239,450,0.985729
E3-Strict-p003,32.921,146,146,RLPolicy,0,0,0,0,3.50656,1,2.66721,4,4,2.62955,450,1
E3-Strict-p003,32.9465,140,341,RLPolicy,1,1,0.061626,1.38629,3.50656,4,3.50871,0,48,3.35785,450,0.982059
E3-Strict-p003,32.9487,173,173,RLPolicy,0,0,0,0,3.50656,1,2.45311,50,50,2.39896,450,0.992456
E3-Strict-p003,32.963,213,376,RLPolicy,1,1,0.065597,3.46574,3.50656,7,4.02339,55,322,3.31313,450,0.999592
E3-Strict-p003,32.9654,40,207,RLPolicy,1,1,0.04423,3.16035,3.50656,7,3.06762,113,330,2.58939,450,0.970962
E3-Strict-p003,32.9663,178,409,RLPolicy,1,1,0.0670168,0.693147,3.50656,3,2.29455,0,16,2.1875,450,0.985729
E3-Strict-p003,32.9679,56,56,RLPolicy,0,0,0,0,3.50656,1,2.59045,60,60,2.54123,450,0.996126
E3-Strict-p003,32.9684,96,308,RLPolicy,1,1,0.0556576,2.77259,3.50656,6,2.6362,31,184,2.34182,450,0.992252
E3-Strict-p003,32.9891,248,73,RLPolicy,1,1,0.0699113,2.07944,3.50656,5,3.53099,0,235,3.02041,450,0.989195
E3-Strict-p003,32.9933,201,18,RLPolicy,1,1,0.0776552,3.46574,3.50656,7,3.65927,280,309,3.23143,450,0.982059
E3-Strict-p003,33.0168,134,297,RLPolicy,1,1,0.0626096,2.77259,3.50656,6,2.82374,28,69,2.5583,452,0.99633
E3-Strict-p003,33.0274,110,110,RLPolicy,0,0,0,0,3.50656,1,2.85793,19,19,2.81603,452,1
E3-Strict-p003,33.0305,187,187,RLPolicy,0,0,0,0,3.50656,1,2.88557,31,31,2.84749,452,0.985729
E3-Strict-p003,33.0484,172,152,RLPolicy,1,1,0.066353,3.46574,3.50656,7,2.82419,212,267,2.57752,452,0.981855
E3-Strict-p003,33.0541,123,123,RLPolicy,0,0,0,0,3.50656,1,2.34148,51,51,2.30795,452,0.999796
E3-Strict-p003,33.0587,20,110,RLPolicy,1,1,0.0416718,3.24274,3.50656,8,2.77945,218,250,2.56433,452,0.981567
E3-Strict-p003,33.06,3,3,RLPolicy,0,0,0,0,3.50656,1,2.21087,26,26,2.17094,5,0.995219
E3-Strict-p003,33.0602,19,51,RLPolicy,1,1,0.0413026,3.01667,3.50656,8,2.82146,277,326,2.50201,452,0.988943
E3-Strict-p003,33.0762,256,256,RLPolicy,0,0,0,0,3.50656,1,2.4879,3,3,2.453,452,1
E3-Strict-p003,33.0767,230,230,RLPolicy,0,0,0,0,3.50656,1,1.99411,9,9,1.96619,452,1
E3-Strict-p003,33.0781,249,249,RLPolicy,0,0,0,0,3.50656,1,3.39365,19,19,3.3525,452,1
E3-Strict-p003,33.0792,246,431,RLPolicy,1,1,0.0884377,3.46574,3.50656,7,2.47604,97,109,2.31078,452,0.999592
E3-Strict-p003,33.0895,45,45,RLPolicy,0,0,0,0,3.50656,1,2.55986,8,8,2.52963,452,1
E3-Strict-p003,33.0993,46,46,RLPolicy,0,0,0,0,3.50656,1,1.9737,37,37,1.93134,5,0.998269
E3-Strict-p003,33.1045,133,447,RLPolicy,1,1,0.058652,3.46574,3.50656,7,3.07221,169,325,2.73526,454,0.995514
E3-Strict-p003,33.1122,220,373,RLPolicy,1,1,0.0800889,2.07944,3.50656,5,8.2337,1,85,7.8965,454,0.978593
E3-Strict-p003,33.1136,43,100,RLPolicy,1,1,0.0411503,1.08091,3.50656,4,2.94357,0,142,2.667,454,0.96168
E3-Strict-p003,33.1238,102,102,RLPolicy,0,0,0,0,3.50656,1,2.90062,27,27,2.85229,454,0.992456
E3-Strict-p003,33.1394,12,244,RLPolicy,1,1,0.0356588,2.26176,3.50656,5,4.08,45,173,3.7305,454,0.951579
E3-Strict-p003,33.1454,63,77,RLPolicy,1,1,0.0459403,3.16035,3.50656,7,3.14932,193,303,2.85767,454,0.997657
E3-Strict-p003,33.1508,81,81,RLPolicy,0,0,0,0,3.50656,1,3.11821,18,18,3.06332,454,0.99633
E3-Strict-p003,33.1516,243,366,RLPolicy,1,1,0.075567,2.77259,3.50656,6,3.10831,107,234,2.61043,454,0.99633
E3-Strict-p003,33.1625,235,16,RLPolicy,1,1,0.0781543,3.46574,3.50656,7,3.60239,236,269,2.94094,454,0.995355
E3-Strict-p003,33.1626,25,25,RLPolicy,0,0,0,0,3.50656,1,3.62257,54,54,3.53609,454,0.99328
E3-Strict-p003,33.1722,105,252,RLPolicy,1,1,0.0461182,2.07944,3.50656,5,2.87806,1,184,2.5854,454,0.978185
E3-Strict-p003,33.1727,212,212,RLPolicy,0,0,0,0,3.50656,1,4.04601,68,68,4.00464,454,1
E3-Strict-p003,33.1778,271,347,RLPolicy,1,1,0.0708579,0.693147,3.50656,3,2.83649,0,84,2.62037,454,0.985933
E3-Strict-p003,33.1857,143,143,RLPolicy,0,0,0,0,3.50656,1,2.78261,8,8,2.74254,454,1
E3-Strict-p003,33.1872,301,301,RLPolicy,0,0,0,0,3.50656,1,3.17589,9,9,3.02275,454,1
E3-Strict-p003,33.1884,184,258,RLPolicy,1,1,0.0696024,2.77259,3.50656,6,3.2132,66,243,2.86578,454,0.988786
E3-Strict-p003,33.1928,289,289,RLPolicy,0,0,0,0,3.50656,1,2.16065,9,9,2.12816,454,1
E3-Strict-p003,33.1961,109,109,RLPolicy,0,0,0,0,3.50656,1,2.82401,30,30,2.79476,454,0.995559
E3-Strict-p003,33.2053,76,1,RLPolicy,1,1,0.0512169,2.54945,3.50656,6,6.91279,73,254,6.56118,455,0.976707
E3-Strict-p003,33.2057,207,64,RLPolicy,1,1,0.0622404,2.77259,3.50656,6,8.8788,93,256,8.51426,455,0.992456
E3-Strict-p003,33.2107,115,299,RLPolicy,1,1,0.0603928,3.46574,3.50656,7,3.12388,224,262,2.75692,455,0.988786
E3-Strict-p003,33.2186,252,379,RLPolicy,1,1,0.0630862,2.77259,3.50656,6,2.90027,128,251,2.50037,455,0.99633
E3-Strict-p003,33.2194,206,433,RLPolicy,1,1,0.0700996,2.77259,3.50656,6,7.09832,65,160,6.73922,455,0.995922
E3-Strict-p003,33.2259,54,83,RLPolicy,1,1,0.0447476,3.46574,3.50656,7,2.5455,135,147,2.2511,455,0.999796
E3-Strict-p003,33.2315,38,125,RLPolicy,1,1,0.0429407,2.77259,3.50656,6,3.93571,44,233,3.48332,455,0.988287
E3-Strict-p003,33.237,66,276,RLPolicy,1,1,0.0459505,1.009,3.50656,4,2.72347,0,171,2.50581,455,0.97875
E3-Strict-p003,33.2406,232,351,RLPolicy,1,1,0.0596171,3.46574,3.50656,7,3.90568,155,295,3.30696,455,0.999796
E3-Strict-p003,33.242,50,308,RLPolicy,1,1,0.0392886,2.77259,3.50656,6,2.81693,114,224,2.50127,455,0.981855
E3-Strict-p003,33.2423,52,183,RLPolicy,1,1,0.0460065,2.07944,3.50656,5,3.20244,0,151,2.8631,455,0.967584
E3-Strict-p003,33.2636,39,39,RLPolicy,0,0,0,0,3.50656,1,3.11198,47,47,3.0621,455,0.984206
E3-Strict-p003,33.2674,162,311,RLPolicy,1,1,0.0623799,2.77259,3.50656,6,3.14821,127,250,2.69879,455,0.99633
E3-Strict-p003,33.2725,95,299,RLPolicy,1,1,0.0562057,3.46574,3.50656,7,3.86963,250,285,3.40672,455,0.981651
E3-Strict-p003,33.2736,179,113,RLPolicy,1,1,0.0504854,2.77259,3.50656,6,3.56992,46,276,3.14304,455,0.98899
E3-Strict-p003,33.2751,293,399,RLPolicy,1,1,0.0779688,3.46574,3.50656,7,3.27422,179,314,2.76924,455,0.999796
E3-Strict-p003,33.2755,300,101,RLPolicy,1,1,0.0913526,2.77259,3.50656,6,3.47568,126,245,2.98269,455,0.99633
E3-Strict-p003,33.2812,157,405,RLPolicy,1,1,0.063541,2.07944,3.50656,5,3.2173,0,102,2.98393,455,0.985525
E3-Strict-p003,33.2872,59,321,RLPolicy,1,1,0.0417435,2.07944,3.50656,5,3.10353,0,48,2.95744,455,0.99266
E3-Strict-p003,33.2954,169,420,RLPolicy,1,1,0.0710409,2.77259,3.50656,6,2.92686,13,222,2.58213,455,0.978593
E3-Strict-p003,33.3079,114,114,RLPolicy,0,0,0,0,3.50656,1,2.23237,3,3,2.20491,462,1
E3-Strict-p003,33.3116,49,158,RLPolicy,1,1,0.0406798,3.15743,3.50656,7,2.58689,136,205,2.34745,462,0.994559
E3-Strict-p003,33.3148,170,170,RLPolicy,0,0,0,0,3.50656,1,2.58739,35,35,2.55089,462,0.989399
E3-Strict-p003,33.317,68,237,RLPolicy,1,1,0.0479818,3.46574,3.50656,7,2.65449,197,211,2.3735,462,0.985321
E3-Strict-p003,33.3184,86,86,RLPolicy,0,0,0,0,3.50656,1,3.36907,11,11,3.31536,462,0.995922
E3-Strict-p003,33.3208,153,450,RLPolicy,1,1,0.0544432,2.77259,3.50656,6,3.71206,76,180,3.33649,462,0.985321
E3-Strict-p003,33.3289,255,255,RLPolicy,0,0,0,0,3.50656,1,2.67008,28,28,2.63755,462,0.999796
E3-Strict-p003,33.3298,145,422,RLPolicy,1,1,0.065715,3.46574,3.50656,7,3.96822,130,165,3.48242,462,0.999796
E3-Strict-p003,33.3315,218,0,RLPolicy,1,1,0.0686316,3.15743,3.50656,7,4.21902,173,317,3.56513,462,0.992068
E3-Strict-p003,33.3345,285,214,RLPolicy,1,1,0.0758171,2.77259,3.50656,6,4.00901,81,224,3.55791,462,0.99633
E3-Strict-p003,33.3471,1,23,RLPolicy,1,1,0.00564627,2.77259,3.50656,6,2.59964,65,169,2.41151,462,0.986764
E3-Strict-p003,33.3654,7,7,RLPolicy,0,0,0,0,3.50656,1,4.00274,51,51,3.91016,462,0.972905
E3-Strict-p003,33.3675,259,259,RLPolicy,0,0,0,0,3.50656,1,3.25642,62,62,3.20758,462,1
E3-Strict-p003,33.3688,183,183,RLPolicy,0,0,0,0,3.50656,1,2.99419,32,32,2.93562,2,0.99633
E3-Strict-p003,33.3742,226,347,RLPolicy,1,1,0.0781465,3.46574,3.50656,7,3.96159,97,182,3.47753,462,0.98899
E3-Strict-p003,33.3766,240,240,RLPolicy,0,0,0,0,3.50656,1,2.77497,23,23,2.7237,462,0.99633
E3-Strict-p003,33.3911,8,128,RLPolicy,1,1,0.0464389,2.85497,3.50656,7,3.69346,138,288,3.28584,462,0.989814
E3-Strict-p003,33.3978,273,458,RLPolicy,1,1,0.0786848,3.46574,3.50656,7,3.2984,83,416,2.82008,462,0.998821
E3-Strict-p003,33.3987,193,118,RLPolicy,1,1,0.0626461,3.46574,3.50656,7,2.95981,158,311,2.6132,462,0.992456
E3-Strict-p003,33.3997,280,280,RLPolicy,0,0,0,0,3.50656,1,2.8911,1,1,2.85221,462,1
E3-Strict-p003,33.4003,225,73,RLPolicy,1,1,0.0589441,2.77259,3.50656,6,3.67163,28,241,3.28832,462,0.992456
E3-Strict-p003,33.4027,204,81,RLPolicy,1,1,0.0695629,3.46574,3.50656,7,3.68703,262,292,3.43751,462,0.996834
E3-Strict-p003,33.4044,155,355,RLPolicy,1,1,0.0514409,3.46574,3.50656,7,2.95802,76,293,2.56793,462,0.995922
E3-Strict-p003,33.4143,97,242,RLPolicy,1,1,0.0446201,0.693147,3.50656,3,3.41207,0,74,3.17864,462,0.985933
E3-Strict-p003,33.416,17,17,RLPolicy,0,0,0,0,3.50656,1,2.21641,60,60,2.1837,462,0.994308
E3-Strict-p003,33.4189,103,401,RLPolicy,1,1,0.0555243,3.46574,3.50656,7,2.82557,202,232,2.55327,462,0.999592
E3-Strict-p003,33.4222,189,433,RLPolicy,1,1,0.074294,2.77259,3.50656,6,3.27259,36,303,2.92585,462,0.988786
E3-Strict-p003,33.4255,67,67,RLPolicy,0,0,0,0,3.50656,1,2.80012,46,46,2.71521,462,0.971458
E3-Strict-p003,33.4282,275,391,RLPolicy,1,1,0.07988,3.46574,3.50656,7,3.55892,149,313,2.99248,462,0.989195
E3-Strict-p003,33.431,242,232,RLPolicy,1,1,0.0714295,1.38629,3.50656,4,2.74743,0,162,2.43812,462,0.985729
E3-Strict-p003,33.4477,297,317,RLPolicy,1,1,0.097129,3.46574,3.50656,7,4.42594,210,235,4.08288,462,0.999796
E3-Strict-p003,33.4573,74,74,RLPolicy,0,0,0,0,3.50656,1,3.95919,52,52,3.90904,462,0.983212
E3-Strict-p003,33.4602,65,383,RLPolicy,1,1,0.0449246,3.46574,3.50656,7,2.62336,111,120,2.39329,462,0.992456
E3-Strict-p003,33.4676,180,180,RLPolicy,0,0,0,0,3.50656,1,2.3209,15,15,2.29238,462,1
E3-Strict-p003,33.4684,61,61,RLPolicy,0,0,0,0,3.50656,1,2.77783,66,66,2.68931,462,0.985729
E3-Strict-p003,33.4743,159,132,RLPolicy,1,1,0.0461411,0.693147,3.50656,3,3.08102,0,33,2.9251,462,0.982059
E3-Strict-p003,33.4795,276,276,RLPolicy,0,0,0,0,3.50656,1,3.21949,45,45,3.11632,462,1
E3-Strict-p003,33.4817,48,347,RLPolicy,1,1,0.0470718,1.38629,3.50656,4,3.0841,0,171,2.72681,462,0.965234
E3-Strict-p003,33.4869,288,133,RLPolicy,1,1,0.0933496,3.46574,3.50656,7,4.39994,79,302,3.80702,462,0.999796
E3-Strict-p003,33.4918,101,251,RLPolicy,1,1,0.0474501,2.77259,3.50656,6,2.82801,99,225,2.5029,462,0.98899
E3-Strict-p003,33.4956,147,410,RLPolicy,1,1,0.0668178,3.46574,3.50656,7,4.74753,255,267,4.32931,462,0.99805
E3-Strict-p003,33.5034,55,55,RLPolicy,0,0,0,0,3.50656,1,2.40925,17,17,2.37495,464,0.992864
E3-Strict-p003,33.5068,237,380,RLPolicy,1,1,0.0611998,2.77259,3.50656,6,3.18869,82,194,2.79653,464,0.996126
E3-Strict-p003,33.5136,125,27,RLPolicy,1,1,0.0582374,2.77259,3.50656,6,3.35445,85,261,3.13605,464,0.980109
E3-Strict-p003,33.5143,93,93,RLPolicy,0,0,0,0,3.50656,1,2.76999,63,63,2.73059,464,0.985729
E3-Strict-p003,33.5147,53,272,RLPolicy,1,1,0.0487133,3.46574,3.50656,7,2.58889,45,284,2.24614,464,0.996126
E3-Strict-p003,33.5191,245,162,RLPolicy,1,1,0.0716037,3.31159,3.50656,7,3.59052,232,258,3.37058,464,0.994585
E3-Strict-p003,33.5226,44,102,RLPolicy,1,1,0.0451224,2.93736,3.50656,8,3.7481,216,325,3.26554,464,0.992577
E3-Strict-p003,33.5304,0,0,RLPolicy,0,0,0,0,3.50656,1,2.80369,66,66,2.75479,464,0.992868
E3-Strict-p003,33.5375,200,200,RLPolicy,0,0,0,0,3.50656,1,3.089,41,41,3.05126,464,0.982263
E3-Strict-p003,33.5406,258,169,RLPolicy,1,1,0.0723152,3.46574,3.50656,7,3.07718,83,327,2.70741,464,0.999592
E3-Strict-p003,33.5422,118,431,RLPolicy,1,1,0.0586233,3.46574,3.50656,7,3.22513,268,293,2.9236,464,0.978389
E3-Strict-p003,33.547,91,403,RLPolicy,1,1,0.05359,2.77259,3.50656,6,3.90604,28,273,3.33015,464,0.974719
E3-Strict-p003,33.5601,205,418,RLPolicy,1,1,0.0784482,2.77259,3.50656,6,3.6207,56,234,3.23152,464,0.99266
E3-Strict-p003,33.5619,210,210,RLPolicy,0,0,0,0,3.50656,1,3.31043,9,9,3.23681,464,0.999592
E3-Strict-p003,33.5949,224,338,RLPolicy,1,1,0.0798292,2.07944,3.50656,5,3.68495,1,155,3.29734,464,0.975128
E3-Strict-p003,33.6066,304,341,RLPolicy,1,1,0.0978942,2.07944,3.50656,5,6.3723,1,67,6.0829,467,0.992864
E3-Strict-p003,33.6104,211,260,RLPolicy,1,1,0.063304,2.77259,3.50656,6,6.4161,98,206,6.08611,467,0.996126
E3-Strict-p003,33.6257,278,380,RLPolicy,1,1,0.0668462,1.38629,3.50656,4,2.71533,0,108,2.56362,467,0.982263
E3-Strict-p003,33.6301,284,304,RLPolicy,1,1,0.0865859,1.38629,3.50656,4,5.34399,0,131,4.99225,467,0.989399
E3-Strict-p003,33.6306,223,410,RLPolicy,1,1,0.083979,3.46574,3.50656,7,3.43675,119,153,3.14023,467,0.999796
E3-Strict-p003,33.6356,117,56,RLPolicy,1,1,0.0586942,2.77259,3.50656,6,3.15704,89,188,2.90843,467,0.982059
E3-Strict-p003,33.6367,137,147,RLPolicy,1,1,0.0703476,3.46574,3.50656,7,6.89552,223,241,6.36473,467,0.985321
E3-Strict-p003,33.6516,89,466,RLPolicy,1,1,0.0558116,3.46574,3.50656,7,6.66594,247,267,6.37911,467,0.988378
E3-Strict-p003,33.6577,302,176,RLPolicy,1,1,0.0782318,2.77259,3.50656,6,3.75921,65,173,3.26878,467,0.99633
E3-Strict-p003,33.6757,83,75,RLPolicy,1,1,0.0475764,2.46429,3.50656,6,4.01362,4,240,3.59474,467,0.976644
E3-Strict-p003,33.6803,60,60,RLPolicy,0,0,0,0,3.50656,1,2.63284,22,22,2.59658,467,0.994599
E3-Strict-p003,33.6869,35,153,RLPolicy,1,1,0.0398551,1.38629,3.50656,4,4.07176,0,117,3.65287,467,0.985729
E3-Strict-p003,33.6915,199,48,RLPolicy,1,1,0.0637261,2.77259,3.50656,6,3.81683,111,262,3.30992,467,0.99633
E3-Strict-p003,33.7018,11,138,RLPolicy,1,1,0.0407742,2.85497,3.50656,7,4.2106,139,165,3.77062,469,0.996742
E3-Strict-p003,33.7018,129,274,RLPolicy,1,1,0.0548693,2.07944,3.50656,5,3.01689,0,155,2.72139,469,0.985321
E3-Strict-p003,33.7308,131,131,RLPolicy,0,0,0,0,3.50656,1,2.65671,29,29,2.62015,469,0.985525
E3-Strict-p003,33.733,116,337,RLPolicy,1,1,0.0597752,3.46574,3.50656,7,4.38703,115,253,3.96117,469,0.978185
E3-Strict-p003,33.7398,27,100,RLPolicy,1,1,0.031414,2.16183,3.50656,6,3.02634,0,274,2.69898,469,0.954053
E3-Strict-p003,33.7564,216,168,RLPolicy,1,1,0.0667268,3.15743,3.50656,7,5.57465,84,320,5.15164,469,0.993992
E3-Strict-p003,33.7683,73,439,RLPolicy,1,1,0.0397924,2.07944,3.50656,5,4.08069,1,196,3.54312,469,0.985525
E3-Strict-p003,33.7693,82,144,RLPolicy,1,1,0.0544513,3.46574,3.50656,7,4.26019,187,299,3.80088,469,0.98899
E3-Strict-p003,33.7701,305,305,RLPolicy,0,0,0,0,3.50656,1,3.08577,70,70,3.04094,469,1
E3-Strict-p003,33.7822,144,77,RLPolicy,1,1,0.061624,3.46574,3.50656,7,3.96269,250,265,3.70439,469,0.982059
E3-Strict-p003,33.7919,141,303,RLPolicy,1,1,0.0575185,3.46574,3.50656,7,3.66571,169,193,3.34771,469,0.996126
E3-Strict-p003,33.799,265,430,RLPolicy,1,1,0.0686008,2.07944,3.50656,5,3.10712,1,196,2.72062,469,0.989195
E3-Strict-p003,33.8182,298,383,RLPolicy,1,1,0.0799916,3.46574,3.50656,7,4.00885,175,217,3.6505,470,0.999796
E3-Strict-p003,33.8217,138,138,RLPolicy,0,0,0,0,3.50656,1,4.98447,55,55,4.91451,470,0.992456
E3-Strict-p003,33.8227,94,199,RLPolicy,1,1,0.0396807,3.46574,3.50656,7,4.65109,162,324,4.18578,470,0.981855
E3-Strict-p003,33.8236,5,374,RLPolicy,1,1,0.00726578,3.46574,3.50656,7,2.79723,270,294,2.50304,470,0.992456
E3-Strict-p003,33.8249,113,257,RLPolicy,1,1,0.0590954,3.46574,3.50656,7,3.1607,67,318,2.62464,470,0.964118
E3-Strict-p003,33.8346,92,179,RLPolicy,1,1,0.0511934,2.77259,3.50656,6,3.24895,46,112,2.99698,470,0.995922
E3-Strict-p003,33.8435,238,238,RLPolicy,0,0,0,0,3.50656,1,3.47525,9,9,3.42577,470,1
E3-Strict-p003,33.8444,209,209,RLPolicy,0,0,0,0,3.50656,1,2.83203,4,4,2.78062,470,1
E3-Strict-p003,33.8562,22,61,RLPolicy,1,1,0.040364,2.93721,3.50656,7,3.30411,190,237,2.98673,470,0.958807
E3-Strict-p003,33.8632,34,34,RLPolicy,0,0,0,0,3.50656,1,3.89504,88,88,3.81543,470,0.967493
E3-Strict-p003,33.8681,233,233,RLPolicy,0,0,0,0,3.50656,1,3.30657,40,40,3.25634,470,1
E3-Strict-p003,33.8791,58,66,RLPolicy,1,1,0.0406535,1.38629,3.50656,4,3.37686,0,165,2.99925,470,0.960856
E3-Strict-p003,33.8816,219,317,RLPolicy,1,1,0.0805048,3.46574,3.50656,7,3.8699,204,229,3.53806,470,0.999388
E3-Strict-p003,33.8914,310,422,RLPolicy,1,1,0.00728094,3.46574,3.50656,7,3.18464,177,187,2.90274,470,0.999796
E3-Strict-p003,33.9042,303,270,RLPolicy,1,1,0.0968983,2.77259,3.50656,6,2.62891,23,70,2.46224,473,0.99633
E3-Strict-p003,33.9265,104,104,RLPolicy,0,0,0,0,3.50656,1,6.63035,57,57,6.57207,473,0.999796
E3-Strict-p003,33.9317,268,11,RLPolicy,1,1,0.0701049,2.07944,3.50656,5,3.11624,1,153,2.87541,473,0.989195
E3-Strict-p003,33.9342,186,110,RLPolicy,1,1,0.0707109,3.46574,3.50656,7,3.243,181,207,2.92735,473,0.992456
E3-Strict-p003,33.9415,253,171,RLPolicy,1,1,0.0866334,2.77259,3.50656,6,3.18859,8,309,2.85135,473,0.996126
E3-Strict-p003,33.9492,214,273,RLPolicy,1,1,0.0607732,3.46574,3.50656,7,4.49395,75,292,3.75779,473,0.999592
E3-Strict-p003,33.9545,130,52,RLPolicy,1,1,0.0620296,2.77259,3.50656,6,2.89585,85,144,2.66176,473,0.982263
E3-Strict-p003,33.9686,281,396,RLPolicy,1,1,0.0906155,3.46574,3.50656,7,2.94285,160,170,2.6234,473,0.999796
E3-Strict-p003,33.9704,175,468,RLPolicy,1,1,0.0699843,3.46574,3.50656,7,3.6209,79,145,3.33556,473,0.999388
E3-Strict-p003,33.9719,41,257,RLPolicy,1,1,0.0357849,3.24274,3.50656,8,4.99171,101,444,4.00197,473,0.973094
E3-Strict-p003,33.9815,69,365,RLPolicy,1,1,0.0444463,2.77259,3.50656,6,3.54784,102,278,3.28225,473,0.988582
E3-Strict-p003,33.9821,42,273,RLPolicy,1,1,0.0424723,2.77259,3.50656,6,4.00162,34,152,3.5659,473,0.991341
E3-Strict-p003,33.9823,311,311,RLPolicy,0,0,0,0,3.50656,1,2.81198,45,45,2.74856,5,1
E3-Strict-p003,33.9829,152,152,RLPolicy,0,0,0,0,3.50656,1,3.16238,23,23,3.09405,473,0.999592
E3-Strict-p003,33.9855,202,202,RLPolicy,0,0,0,0,3.50656,1,2.93326,45,45,2.89386,473,0.985729
E3-Strict-p003,34.0003,168,36,RLPolicy,1,1,0.0718719,3.46574,3.50656,7,4.90412,245,292,4.47155,475,0.985525
E3-Strict-p003,34.0027,111,0,RLPolicy,1,1,0.0591642,2.77259,3.50656,6,3.56901,103,247,3.12295,475,0.995718
E3-Strict-p003,34.0053,279,279,RLPolicy,0,0,0,0,3.50656,1,2.76155,43,43,2.71617,475,0.999796
E3-Strict-p003,34.0119,30,219,RLPolicy,1,1,0.0400783,3.16035,3.50656,7,3.03267,54,229,2.73201,475,0.986838
E3-Strict-p003,34.0153,21,7,RLPolicy,1,1,0.045153,1.46868,3.50656,5,3.65282,0,243,3.35468,475,0.973105
E3-Strict-p003,34.0171,24,24,RLPolicy,0,0,0,0,3.50656,1,3.54678,29,29,3.48291,475,0.994599
E3-Strict-p003,34.0191,10,378,RLPolicy,1,1,0.00634264,2.46721,3.50656,6,4.26835,83,218,3.8917,475,0.98136
E3-Strict-p003,34.0217,161,10,RLPolicy,1,1,0.0441449,1.38629,3.50656,4,4.45502,0,141,3.95025,475,0.982059
E3-Strict-p003,34.0235,98,98,RLPolicy,0,0,0,0,3.50656,1,7.5245,23,23,7.45358,475,0.96473
E3-Strict-p003,34.0273,2,217,RLPolicy,1,1,0.0080287,3.46574,3.50656,7,3.2811,230,274,3.02735,475,0.992456
E3-Strict-p003,34.0348,4,4,RLPolicy,0,0,0,0,3.50656,1,2.78103,12,12,2.74448,475,0.972074
E3-Strict-p003,34.0396,29,412,RLPolicy,1,1,0.0404739,3.24274,3.50656,8,3.04587,234,278,2.67551,475,0.991957
E3-Strict-p003,34.0422,266,61,RLPolicy,1,1,0.0754017,2.77259,3.50656,6,3.13489,95,241,2.8699,475,0.99266
E3-Strict-p003,34.0519,64,407,RLPolicy,1,1,0.0455161,0.693147,3.50656,3,3.12893,0,119,2.95819,475,0.953721
E3-Strict-p003,34.0685,181,181,RLPolicy,0,0,0,0,3.50656,1,2.77997,23,23,2.74225,475,0.99633
E3-Strict-p003,34.0857,136,403,RLPolicy,1,1,0.0426723,3.46574,3.50656,7,3.39333,72,269,3.04079,475,0.999388
E3-Strict-p003,34.0962,234,136,RLPolicy,1,1,0.0627907,3.46574,3.50656,7,4.92354,97,320,4.46446,475,0.996126
E3-Strict-p003,34.1025,75,370,RLPolicy,1,1,0.0520276,3.46574,3.50656,7,3.68799,205,234,3.41225,476,0.988016
E3-Strict-p003,34.1118,267,168,RLPolicy,1,1,0.0670249,3.46574,3.50656,7,3.76068,151,315,3.16562,476,0.999592
E3-Strict-p003,34.1153,107,107,RLPolicy,0,0,0,0,3.50656,1,2.9285,54,54,2.87619,5,0.996126
E3-Strict-p003,34.1207,57,57,RLPolicy,0,0,0,0,3.50656,1,2.51237,9,9,2.47523,476,0.998065
E3-Strict-p003,34.1317,272,282,RLPolicy,1,1,0.0662966,2.07944,3.50656,5,3.38271,0,145,2.97487,476,0.992864
E3-Strict-p003,34.134,150,422,RLPolicy,1,1,0.0668667,3.31159,3.50656,7,3.59194,127,159,3.30499,476,0.99805
E3-Strict-p003,34.1387,151,144,RLPolicy,1,1,0.0561793,3.46574,3.50656,7,4.37815,156,323,3.64815,476,0.992456
E3-Strict-p003,34.1418,254,402,RLPolicy,1,1,0.0714222,2.77259,3.50656,6,3.07345,95,250,2.76469,476,0.99266
E3-Strict-p003,34.1459,122,418,RLPolicy,1,1,0.0357686,0.693147,3.50656,3,3.1747,0,123,3.00931,476,0.978389
E3-Strict-p003,34.1572,236,249,RLPolicy,1,1,0.0827718,3.46574,3.50656,7,4.52082,268,283,4.10525,476,0.985729
E3-Strict-p003,34.1727,227,100,RLPolicy,1,1,0.0654146,2.77259,3.50656,6,4.1294,52,236,3.53972,476,0.996126
E3-Strict-p003,34.1834,31,43,RLPolicy,1,1,0.0489468,3.0062,3.50656,7,3.93331,146,300,3.37386,476,0.986717
E3-Strict-p003,34.1922,269,158,RLPolicy,1,1,0.0720961,3.46574,3.50656,7,3.67714,48,342,2.96398,476,0.999796
E3-Strict-p003,34.2079,164,366,RLPolicy,1,1,0.0393979,0.693147,3.50656,3,3.67807,0,158,3.39854,478,0.985729
E3-Strict-p003,34.208,222,475,RLPolicy,1,1,0.0677434,2.77259,3.50656,6,3.36657,15,178,3.0437,478,0.975128
E3-Strict-p003,34.2105,215,165,RLPolicy,1,1,0.0663302,3.46574,3.50656,7,2.80656,89,105,2.61273,478,0.992456
E3-Strict-p003,34.2109,33,365,RLPolicy,1,1,0.043461,2.85497,3.50656,7,3.59715,262,320,3.27347,478,0.971374
E3-Strict-p003,34.2271,286,286,RLPolicy,0,0,0,0,3.50656,1,2.90871,26,26,2.8563,478,0.999025
E3-Strict-p003,34.2292,160,160,RLPolicy,0,0,0,0,3.50656,1,3.08407,9,9,3.01713,478,1
E3-Strict-p003,34.2314,228,228,RLPolicy,0,0,0,0,3.50656,1,3.16953,1,1,3.12356,478,1
E3-Strict-p003,34.2357,71,301,RLPolicy,1,1,0.0497655,3.46574,3.50656,7,2.76712,41,49,2.58964,478,0.999388
E3-Strict-p003,34.2418,70,2,RLPolicy,1,1,0.0455158,2.77259,3.50656,6,3.27111,83,178,3.04838,478,0.977981
E3-Strict-p003,34.2464,174,179,RLPolicy,1,1,0.055472,3.46574,3.50656,7,4.19305,205,337,3.61084,478,0.995922
E3-Strict-p003,34.2475,221,308,RLPolicy,1,1,0.0625618,2.77259,3.50656,6,3.44426,94,203,3.06716,478,0.985525
E3-Strict-p003,34.2523,274,197,RLPolicy,1,1,0.0781479,1.92529,3.50656,5,3.45218,0,117,3.15545,478,0.981492
E3-Strict-p003,34.2535,203,343,RLPolicy,1,1,0.0659552,3.46574,3.50656,7,3.05309,206,220,2.86345,478,0.999592
E3-Strict-p003,34.2606,231,1,RLPolicy,1,1,0.083552,2.77259,3.50656,6,6.66077,33,183,6.13034,478,0.98899
E3-Strict-p003,34.2636,84,155,RLPolicy,1,1,0.0449445,3.46574,3.50656,7,4.61783,61,288,4.06033,478,0.988786
E3-Strict-p003,34.2655,247,329,RLPolicy,1,1,0.0746883,2.77259,3.50656,6,3.42456,7,280,3.0692,478,0.99266
E3-Strict-p003,34.2688,148,148,RLPolicy,0,0,0,0,3.50656,1,3.11319,4,4,3.04972,478,1
E3-Strict-p003,34.2716,149,56,RLPolicy,1,1,0.0468133,2.07944,3.50656,5,5.25574,2,232,4.9204,478,0.981855
E3-Strict-p003,34.2759,270,485,RLPolicy,1,1,0.0752838,3.46574,3.50656,7,3.09715,250,270,2.73521,478,0.996126
E3-Strict-p003,34.2853,182,262,RLPolicy,1,1,0.0602434,2.77259,3.50656,6,3.3913,103,251,3.02905,478,0.992252
E3-Strict-p003,34.2992,120,120,RLPolicy,0,0,0,0,3.50656,1,2.98312,9,9,2.91549,478,1
E3-Strict-p003,34.302,87,175,RLPolicy,1,1,0.0522568,2.07944,3.50656,5,7.82021,1,105,7.47745,478,0.978389
E3-Strict-p003,34.3133,100,475,RLPolicy,1,1,0.0542702,2.46429,3.50656,6,4.56485,108,248,4.10791,478,0.975689
E3-Strict-p003,34.3158,167,431,RLPolicy,1,1,0.0706156,3.46574,3.50656,7,4.50664,198,223,4.07327,478,0.99266
E3-Strict-p003,34.3178,158,293,RLPolicy,1,1,0.0637973,3.46574,3.50656,7,4.34431,108,217,3.75615,478,0.995718
E3-Strict-p003,34.3201,197,197,RLPolicy,0,0,0,0,3.50656,1,2.92658,33,33,2.88083,478,0.989195
E3-Strict-p003,34.3245,23,479,RLPolicy,1,1,0.0368385,1.08091,3.50656,4,3.29061,0,204,2.98422,478,0.931251
E3-Strict-p003,34.3284,263,263,RLPolicy,0,0,0,0,3.50656,1,2.99177,67,67,2.94325,478,0.999796
E3-Strict-p003,34.3289,77,461,RLPolicy,1,1,0.0500074,3.31159,3.50656,7,3.19154,153,245,2.94517,478,0.969304
E3-Strict-p003,34.3412,79,117,RLPolicy,1,1,0.0526837,3.46574,3.50656,7,3.52686,176,225,3.27363,478,0.999388
E3-Strict-p003,34.3419,32,216,RLPolicy,1,1,0.051251,2.16183,3.50656,6,3.66605,21,246,3.2812,478,0.953545
E3-Strict-p003,34.3441,37,60,RLPolicy,1,1,0.033463,3.46574,3.50656,7,2.52435,143,168,2.36215,478,0.98594
E3-Strict-p003,34.383,251,152,RLPolicy,1,1,0.0651142,3.31159,3.50656,7,3.98087,253,295,3.36996,478,0.994585
E3-Strict-p003,34.3905,156,0,RLPolicy,1,1,0.0509092,2.77259,3.50656,6,6.07283,89,265,5.57993,478,0.974719
E3-Strict-p003,34.3991,176,343,RLPolicy,1,1,0.0680469,3.46574,3.50656,7,3.95067,55,186,3.48414,478,0.992456
E3-Strict-p003,34.3999,294,208,RLPolicy,1,1,0.0824157,3.46574,3.50656,7,4.31101,192,243,3.7141,478,0.999796
E3-Strict-p003,34.4188,112,388,RLPolicy,1,1,0.0601707,3.46574,3.50656,7,7.92918,242,278,7.63284,479,0.965476
E3-Strict-p003,34.42,121,121,RLPolicy,0,0,0,0,3.50656,1,3.95691,2,2,3.91721,479,1
E3-Strict-p003,34.4272,177,205,RLPolicy,1,1,0.0627302,2.77259,3.50656,6,4.28354,85,191,4.0095,479,0.995922
E3-Strict-p003,34.4309,108,299,RLPolicy,1,1,0.0542564,1.38629,3.50656,4,4.51543,0,188,4.11736,479,0.989195
E3-Strict-p003,34.431,283,283,RLPolicy,0,0,0,0,3.50656,1,2.71414,61,61,2.67409,479,0.99633
E3-Strict-p003,34.4326,241,1,RLPolicy,1,1,0.0839036,3.46574,3.50656,7,3.24951,141,157,2.97088,479,0.996126
E3-Strict-p003,34.4381,262,145,RLPolicy,1,1,0.0895673,3.46574,3.50656,7,3.75648,266,309,3.48925,479,0.996126
E3-Strict-p003,34.4453,287,287,RLPolicy,0,0,0,0,3.50656,1,2.70183,17,17,2.66117,479,0.994789
E3-Strict-p003,34.4532,28,28,RLPolicy,0,0,0,0,3.50656,1,3.0796,44,44,3.01965,479,0.973808
E3-Strict-p003,34.4663,72,328,RLPolicy,1,1,0.0484268,2.77259,3.50656,6,2.97608,50,110,2.65598,479,0.981855
E3-Strict-p003,34.4706,257,21,RLPolicy,1,1,0.0854576,0.693147,3.50656,3,4.58642,0,103,4.13565,479,0.982263
E3-Strict-p003,34.4711,196,379,RLPolicy,1,1,0.0750963,2.77259,3.50656,6,3.46758,83,165,3.08929,479,0.98899
E3-Strict-p003,34.4806,85,85,RLPolicy,0,0,0,0,3.50656,1,3.83162,3,3,3.68735,479,0.99266
E3-Strict-p003,34.4809,18,18,RLPolicy,0,0,0,0,3.50656,1,3.03768,62,62,2.98047,479,0.986349
E3-Strict-p003,34.4882,185,68,RLPolicy,1,1,0.0611561,2.77259,3.50656,6,3.7154,64,222,3.1015,479,0.992456
E3-Strict-p003,34.4979,142,404,RLPolicy,1,1,0.0368807,0.693147,3.50656,3,3.307,0,89,3.12892,479,0.974923
E3-Strict-p003,34.5044,6,449,RLPolicy,1,1,0.0371545,3.16035,3.50656,7,3.46662,236,266,3.26613,480,0.97402
E3-Strict-p003,34.5082,128,47,RLPolicy,1,1,0.0613127,2.07944,3.50656,5,3.81947,1,160,3.51541,480,0.978568
E3-Strict-p003,34.5096,106,213,RLPolicy,1,1,0.0513757,2.77259,3.50656,6,3.67175,61,179,3.25676,480,0.99633
E3-Strict-p003,34.5138,166,328,RLPolicy,1,1,0.0649739,3.46574,3.50656,7,4.29264,45,292,3.75674,480,0.999388
E3-Strict-p003,34.5143,250,333,RLPolicy,1,1,0.0880158,2.77259,3.50656,6,3.5487,106,231,3.14425,480,0.995355
E3-Strict-p003,34.5148,78,325,RLPolicy,1,1,0.0531829,3.46574,3.50656,7,2.90567,248,303,2.67972,480,0.985525
E3-Strict-p003,34.5169,127,8,RLPolicy,1,1,0.0553351,3.46574,3.50656,7,3.631,72,272,3.05683,480,0.992252
E3-Strict-p003,34.5313,124,75,RLPolicy,1,1,0.058074,2.77259,3.50656,6,3.21632,111,204,2.98679,480,0.995718
E3-Strict-p003,34.5425,306,273,RLPolicy,1,1,0.0772566,2.77259,3.50656,6,6.74007,52,211,6.30159,480,0.99633
E3-Strict-p003,34.5462,260,305,RLPolicy,1,1,0.0686859,3.46574,3.50656,7,3.31429,167,217,2.94239,480,0.996126
E3-Strict-p003,34.5825,195,253,RLPolicy,1,1,0.055192,3.46574,3.50656,7,3.8328,71,408,3.324,480,0.992252
E3-Strict-p003,34.6005,119,222,RLPolicy,1,1,0.0549065,0.693147,3.50656,3,4.25305,0,139,3.95504,480,0.967584
E3-Strict-p003,34.602,47,455,RLPolicy,1,1,0.00738065,3.46574,3.50656,7,4.47596,173,198,4.12354,480,0.993692
E3-Strict-p003,34.6026,13,33,RLPolicy,1,1,0.0505273,2.77259,3.50656,6,3.65015,86,193,3.35467,480,0.965618
E3-Strict-p003,34.6048,198,198,RLPolicy,0,0,0,0,3.50656,1,2.29052,43,43,2.25188,480,0.996126
E3-Strict-p003,34.6064,163,163,RLPolicy,0,0,0,0,3.50656,1,2.97924,43,43,2.91217,480,0.989195
E3-Strict-p003,34.6077,309,439,RLPolicy,1,1,0.0791482,3.46574,3.50656,7,4.30302,218,322,3.79621,480,0.999796
E3-Strict-p003,34.6191,314,314,RLPolicy,0,0,0,0,3.50656,1,3.15253,16,16,3.11623,480,1
E3-Strict-p003,34.6272,282,282,RLPolicy,0,0,0,0,3.50656,1,3.18631,77,77,3.10859,480,0.999796
E3-Strict-p003,34.6307,135,376,RLPolicy,1,1,0.064017,3.46574,3.50656,7,3.11534,256,351,2.85266,480,0.992048
E3-Strict-p003,34.6521,90,90,RLPolicy,0,0,0,0,3.50656,1,3.59915,29,29,3.54005,480,0.999796
E3-Strict-p003,34.6573,165,71,RLPolicy,1,1,0.0615193,3.15743,3.50656,7,3.42828,187,235,3.07311,480,0.993406
E3-Strict-p003,34.6674,299,299,RLPolicy,0,0,0,0,3.50656,1,3.13644,43,43,3.08164,480,1
E3-Strict-p003,34.6701,318,318,RLPolicy,0,0,0,0,3.50656,1,2.82133,1,1,2.78703,480,1
E3-Strict-p003,34.676,171,171,RLPolicy,0,0,0,0,3.50656,1,3.35752,40,40,3.30946,480,0.992864
E3-Strict-p003,34.6953,132,132,RLPolicy,0,0,0,0,3.50656,1,2.55748,9,9,2.51797,480,0.999388
E3-Strict-p003,34.7076,15,3,RLPolicy,1,1,0.00722341,3.46574,3.50656,7,6.01295,128,149,5.78722,481,0.977609
E3-Strict-p003,34.71,36,36,RLPolicy,0,0,0,0,3.50656,1,2.67825,11,11,2.64514,481,0.976163
E3-Strict-p003,34.7173,229,184,RLPolicy,1,1,0.0709297,3.46574,3.50656,7,4.35895,192,286,3.73631,481,0.999796
E3-Strict-p003,34.7241,190,240,RLPolicy,1,1,0.0706448,3.46574,3.50656,7,3.75395,245,254,3.54194,481,0.992252
E3-Strict-p003,34.728,154,287,RLPolicy,1,1,0.0693581,3.46574,3.50656,7,4.48782,110,151,3.93642,481,0.974923
E3-Strict-p003,34.7329,239,239,RLPolicy,0,0,0,0,3.50656,1,3.59844,43,43,3.53912,481,0.999796
E3-Strict-p003,34.7357,264,264,RLPolicy,0,0,0,0,3.50656,1,2.21507,18,18,2.16224,5,0.999796
E3-Strict-p003,34.7393,316,316,RLPolicy,0,0,0,0,3.50656,1,2.83243,32,32,2.76788,5,1
E3-Strict-p003,34.7629,296,102,RLPolicy,1,1,0.0729326,2.07944,3.50656,5,3.25078,0,203,3.01573,481,0.989195
E3-Strict-p003,34.7695,319,319,RLPolicy,0,0,0,0,3.50656,1,4.54278,23,23,4.49914,481,1
E3-Strict-p003,34.7722,191,414,RLPolicy,1,1,0.0566967,3.46574,3.50656,7,3.41333,69,366,2.99263,481,0.991685
E3-Strict-p003,34.7786,51,51,RLPolicy,0,0,0,0,3.50656,1,3.22921,12,12,3.18112,481,0.991516
E3-Strict-p003,34.7823,88,469,RLPolicy,1,1,0.0533444,3.46574,3.50656,7,3.19641,235,296,2.77028,481,0.996126
E3-Strict-p003,34.7863,295,178,RLPolicy,1,1,0.0985651,3.46574,3.50656,7,3.27186,120,155,2.97643,481,0.996126
E3-Strict-p003,34.7907,99,460,RLPolicy,1,1,0.0559561,3.46574,3.50656,7,3.82525,135,234,3.43019,481,0.992252
E3-Strict-p003,34.7912,291,291,RLPolicy,0,0,0,0,3.50656,1,2.81937,43,43,2.77808,481,1
E3-Strict-p003,34.8018,292,436,RLPolicy,1,1,0.0830357,3.46574,3.50656,7,3.07707,169,307,2.62111,484,0.999796
E3-Strict-p003,34.8039,244,478,RLPolicy,1,1,0.085509,3.46574,3.50656,7,4.58953,327,361,4.01229,484,0.992456
E3-Strict-p003,34.8131,14,14,RLPolicy,0,0,0,0,3.50656,1,5.76607,23,23,5.71479,484,0.971254
E3-Strict-p003,34.8149,16,20,RLPolicy,1,1,0.0393274,3.24274,3.50656,8,5.60656,230,268,5.13346,484,0.995631
E3-Strict-p003,34.8287,9,9,RLPolicy,0,0,0,0,3.50656,1,4.13485,53,53,4.0903,484,0.977489
E3-Strict-p003,34.8302,208,208,RLPolicy,0,0,0,0,3.50656,1,3.8052,21,21,3.74962,484,0.996126
E3-Strict-p003,34.8413,327,476,RLPolicy,1,1,0.0867617,3.46574,3.50656,7,3.80944,271,320,3.40256,484,0.999796
E3-Strict-p003,34.8439,26,302,RLPolicy,1,1,0.0465404,2.46721,3.50656,6,2.50538,26,120,2.30768,484,0.994803
E3-Strict-p003,34.8614,290,201,RLPolicy,1,1,0.0875456,3.46574,3.50656,7,2.89581,280,320,2.63159,484,0.996126
E3-Strict-p003,34.8764,139,345,RLPolicy,1,1,0.0554525,2.77259,3.50656,6,3.33971,108,283,3.0596,484,0.982059
E3-Strict-p003,34.8776,62,125,RLPolicy,1,1,0.0346314,1.38629,3.50656,4,4.54251,0,80,4.0886,484,0.981855
E3-Strict-p003,34.8886,261,109,RLPolicy,1,1,0.0872,3.46574,3.50656,7,3.25203,196,208,2.89054,484,0.996126
E3-Strict-p003,34.8888,188,188,RLPolicy,0,0,0,0,3.50656,1,3.20372,11,11,3.14084,484,0.999592
E3-Strict-p003,34.8906,217,73,RLPolicy,1,1,0.0626423,2.77259,3.50656,6,3.6526,23,282,3.01325,484,0.98899
E3-Strict-p003,34.8936,126,112,RLPolicy,1,1,0.0521286,3.46574,3.50656,7,4.42377,61,387,3.53217,484,0.988786
E3-Strict-p003,34.8973,194,375,RLPolicy,1,1,0.0749765,3.46574,3.50656,7,3.52755,199,294,3.24092,484,0.985525
E3-Strict-p003,34.9004,192,192,RLPolicy,0,0,0,0,3.50656,1,3.55457,7,7,3.50761,484,1
E3-Strict-p003,34.9056,277,277,RLPolicy,0,0,0,0,3.50656,1,2.2118,1,1,2.1858,484,1
E3-Strict-p003,34.9097,80,80,RLPolicy,0,0,0,0,3.50656,1,3.17526,76,76,3.12169,484,0.985729
E3-Strict-p003,34.9137,328,328,RLPolicy,0,0,0,0,3.50656,1,3.56159,48,48,3.48503,484,1
E3-Strict-p003,34.921,146,146,RLPolicy,0,0,0,0,3.50656,1,2.76054,3,3,2.7265,484,1
E3-Strict-p003,34.9427,326,326,RLPolicy,0,0,0,0,3.50656,1,3.07493,59,59,3.00675,484,1
E3-Strict-p003,34.9465,140,140,RLPolicy,0,0,0,0,3.50656,1,2.80794,28,28,2.76827,484,0.982059
E3-Strict-p003,34.9487,173,386,RLPolicy,1,1,0.0738516,3.46574,3.50656,7,4.20208,314,334,3.81116,484,0.992252
E3-Strict-p003,34.963,213,394,RLPolicy,1,1,0.0732765,1.38629,3.50656,4,3.08743,0,78,2.90189,484,0.98899
E3-Strict-p003,34.9654,40,53,RLPolicy,1,1,0.0350444,2.85497,3.50656,7,4.77262,153,333,4.23647,484,0.967704
E3-Strict-p003,34.9663,178,256,RLPolicy,1,1,0.0672712,0.693147,3.50656,3,3.45228,0,15,3.34378,484,0.971662
E3-Strict-p003,34.9679,56,261,RLPolicy,1,1,0.0485032,3.46574,3.50656,7,3.96969,173,240,3.52538,484,0.995922
E3-Strict-p003,34.9684,96,222,RLPolicy,1,1,0.0526543,2.77259,3.50656,6,4.23382,137,305,3.59992,484,0.988582
E3-Strict-p003,34.9891,248,288,RLPolicy,1,1,0.0842736,2.07944,3.50656,5,5.2871,1,161,4.91613,484,0.982059
E3-Strict-p003,34.9933,201,176,RLPolicy,1,1,0.0608456,2.07944,3.50656,5,3.49506,1,164,3.25467,484,0.974923
E3-Strict-p003,34.9955,322,58,RLPolicy,1,1,0.08985,2.77259,3.50656,6,3.11881,43,122,2.79639,484,0.99633
E3-Strict-p003,35.0168,134,134,RLPolicy,0,0,0,0,3.50656,1,2.64556,7,7,2.61755,486,0.99633
E3-Strict-p003,35.0274,110,110,RLPolicy,0,0,0,0,3.50656,1,6.60342,16,16,6.5363,486,1
E3-Strict-p003,35.0305,187,51,RLPolicy,1,1,0.0596453,2.77259,3.50656,6,5.01548,80,164,4.65257,486,0.982059
E3-Strict-p003,35.0484,172,13,RLPolicy,1,1,0.0638816,2.07944,3.50656,5,4.77158,1,243,4.19862,486,0.974719
E3-Strict-p003,35.0541,123,123,RLPolicy,0,0,0,0,3.50656,1,3.47599,36,36,3.42757,486,0.999796
E3-Strict-p003,35.0587,20,249,RLPolicy,1,1,0.0404373,2.54959,3.50656,7,6.8746,57,260,6.24049,486,0.976783
E3-Strict-p003,35.06,3,3,RLPolicy,0,0,0,0,3.50656,1,3.92222,33,33,3.86289,486,0.995219
E3-Strict-p003,35.0602,19,449,RLPolicy,1,1,0.0396445,2.54959,3.50656,7,4.05727,59,319,3.55764,486,0.984158
E3-Strict-p003,35.0762,256,256,RLPolicy,0,0,0,0,3.50656,1,4.5462,4,4,4.48958,486,1
E3-Strict-p003,35.0767,230,230,RLPolicy,0,0,0,0,3.50656,1,3.86903,9,9,3.74709,486,1
E3-Strict-p003,35.0781,249,249,RLPolicy,0,0,0,0,3.50656,1,3.97928,24,24,3.92948,486,1
E3-Strict-p003,35.0792,246,246,RLPolicy,0,0,0,0,3.50656,1,3.49062,49,49,3.43099,486,0.999592
E3-Strict-p003,35.0831,315,315,RLPolicy,0,0,0,0,3.50656,1,2.88527,21,21,2.84271,486,1
E3-Strict-p003,35.0895,45,45,RLPolicy,0,0,0,0,3.50656,1,2.82052,9,9,2.77236,486,1
E3-Strict-p003,35.0993,46,46,RLPolicy,0,0,0,0,3.50656,1,3.41897,37,37,3.36584,486,0.998269
E3-Strict-p003,35.1045,133,348,RLPolicy,1,1,0.0639614,3.46574,3.50656,7,2.9449,155,307,2.63746,489,0.99531
E3-Strict-p003,35.1122,220,308,RLPolicy,1,1,0.0794366,3.46574,3.50656,7,3.65129,156,177,3.13159,489,0.978389
E3-Strict-p003,35.1136,43,146,RLPolicy,1,1,0.0394251,3.46574,3.50656,7,7.15996,236,251,6.95184,489,0.961476
E3-Strict-p003,35.1238,102,302,RLPolicy,1,1,0.0523125,2.77259,3.50656,6,4.37954,72,295,3.77641,489,0.988786
E3-Strict-p003,35.1394,12,17,RLPolicy,1,1,0.0396137,3.46574,3.50656,7,4.27879,268,303,3.95098,489,0.951374
E3-Strict-p003,35.1454,63,451,RLPolicy,1,1,0.0447683,2.77259,3.50656,6,4.66709,121,300,4.18962,489,0.993987
E3-Strict-p003,35.1508,81,81,RLPolicy,0,0,0,0,3.50656,1,2.79004,19,19,2.75616,489,0.99633
E3-Strict-p003,35.1516,243,243,RLPolicy,0,0,0,0,3.50656,1,5.25875,73,73,5.21272,489,0.99633
E3-Strict-p003,35.1625,235,235,RLPolicy,0,0,0,0,3.50656,1,3.90424,64,64,3.84469,489,0.995355
E3-Strict-p003,35.1626,25,200,RLPolicy,1,1,0.042416,3.24274,3.50656,8,4.26352,62,408,3.36661,489,0.991961
E3-Strict-p003,35.1722,105,252,RLPolicy,1,1,0.0482959,2.77259,3.50656,6,4.33899,37,232,3.87325,489,0.974515
E3-Strict-p003,35.1727,212,247,RLPolicy,1,1,0.0648225,2.07944,3.50656,5,3.70995,0,230,3.18181,489,0.992864
E3-Strict-p003,35.1778,271,59,RLPolicy,1,1,0.0906109,2.77259,3.50656,6,3.59506,55,303,3.3008,489,0.982263
E3-Strict-p003,35.1857,143,143,RLPolicy,0,0,0,0,3.50656,1,3.06935,7,7,3.02886,489,1
E3-Strict-p003,35.1872,301,301,RLPolicy,0,0,0,0,3.50656,1,2.69221,7,7,2.65639,489,1
E3-Strict-p003,35.1884,184,487,RLPolicy,1,1,0.0658933,0.693147,3.50656,3,4.16577,0,87,3.86829,489,0.974719
E3-Strict-p003,35.1928,289,344,RLPolicy,1,1,0.0836014,2.07944,3.50656,5,3.6278,0,30,3.38115,489,0.992864
E3-Strict-p003,35.1961,109,109,RLPolicy,0,0,0,0,3.50656,1,3.52947,28,28,3.47534,489,0.995559
E3-Strict-p003,35.2053,76,324,RLPolicy,1,1,0.0524766,3.46574,3.50656,7,4.31803,287,332,3.84679,490,0.976503
E3-Strict-p003,35.2057,207,398,RLPolicy,1,1,0.0632297,3.46574,3.50656,7,3.57563,193,370,3.19326,490,0.992252
E3-Strict-p003,35.2107,115,66,RLPolicy,1,1,0.0586643,2.77259,3.50656,6,5.45268,3,316,4.92312,490,0.985117
E3-Strict-p003,35.2186,252,235,RLPolicy,1,1,0.0740671,2.77259,3.50656,6,4.23648,103,260,3.62144,490,0.99266
E3-Strict-p003,35.2194,206,236,RLPolicy,1,1,0.0712705,3.46574,3.50656,7,3.11103,89,295,2.74378,490,0.995718
E3-Strict-p003,35.2259,54,186,RLPolicy,1,1,0.0468413,3.46574,3.50656,7,3.93352,142,165,3.69561,490,0.999592
E3-Strict-p003,35.2315,38,232,RLPolicy,1,1,0.0389144,1.08091,3.50656,4,3.68817,0,224,3.41663,490,0.976159
E3-Strict-p003,35.237,66,451,RLPolicy,1,1,0.043552,2.61844,3.50656,6,4.16156,118,316,3.67694,490,0.974309
E3-Strict-p003,35.2406,232,493,RLPolicy,1,1,0.0798586,2.77259,3.50656,6,4.505,77,213,4.10712,490,0.996126
E3-Strict-p003,35.242,50,81,RLPolicy,1,1,0.0450036,2.77259,3.50656,6,3.65889,112,241,3.30564,490,0.978185
E3-Strict-p003,35.2423,52,192,RLPolicy,1,1,0.00731594,3.46574,3.50656,7,3.50368,201,220,3.2493,490,0.96738
E3-Strict-p003,35.2636,39,328,RLPolicy,1,1,0.0357919,2.46721,3.50656,6,3.45905,87,194,3.14722,490,0.979009
E3-Strict-p003,35.2674,162,381,RLPolicy,1,1,0.0614327,3.46574,3.50656,7,4.17207,157,283,3.56896,490,0.996126
E3-Strict-p003,35.2725,95,24,RLPolicy,1,1,0.0490019,2.07944,3.50656,5,3.5545,1,220,3.21357,490,0.974515
E3-Strict-p003,35.2736,179,91,RLPolicy,1,1,0.0727563,3.46574,3.50656,7,7.48471,81,394,6.97185,490,0.988786
E3-Strict-p003,35.2751,293,202,RLPolicy,1,1,0.0835883,2.77259,3.50656,6,3.64426,80,187,3.2836,490,0.996126
E3-Strict-p003,35.2755,300,123,RLPolicy,1,1,0.0760778,3.46574,3.50656,7,3.5266,67,290,3.17097,490,0.996126
E3-Strict-p003,35.2812,157,456,RLPolicy,1,1,0.0670637,3.31159,3.50656,7,3.17473,72,81,3.02494,490,0.98455
E3-Strict-p003,35.2872,59,470,RLPolicy,1,1,0.0463607,2.77259,3.50656,6,5.19405,3,136,4.69718,490,0.98899
E3-Strict-p003,35.2954,169,240,RLPolicy,1,1,0.0644904,2.07944,3.50656,5,4.47345,1,128,4.05178,490,0.971458
E3-Strict-p003,35.3079,114,114,RLPolicy,0,0,0,0,3.50656,1,4.25152,3,3,4.20788,492,1
E3-Strict-p003,35.3116,49,49,RLPolicy,0,0,0,0,3.50656,1,4.152,11,11,4.08992,492,0.994559
E3-Strict-p003,35.3148,170,35,RLPolicy,1,1,0.0587032,2.77259,3.50656,6,4.04946,71,251,3.62273,492,0.985729
E3-Strict-p003,35.317,68,68,RLPolicy,0,0,0,0,3.50656,1,3.68252,11,11,3.62189,492,0.985321
E3-Strict-p003,35.3184,86,86,RLPolicy,0,0,0,0,3.50656,1,2.85294,12,12,2.79091,492,0.995922
E3-Strict-p003,35.3208,153,162,RLPolicy,1,1,0.0584795,2.77259,3.50656,6,3.65843,84,163,3.23515,492,0.981651
E3-Strict-p003,35.3289,255,255,RLPolicy,0,0,0,0,3.50656,1,3.8755,35,35,3.81874,492,0.999796
E3-Strict-p003,35.3298,145,145,RLPolicy,0,0,0,0,3.50656,1,2.92893,68,68,2.8773,492,0.999796
E3-Strict-p003,35.3315,218,267,RLPolicy,1,1,0.0674227,2.61844,3.50656,6,3.71065,36,243,3.34698,492,0.987628
E3-Strict-p003,35.3345,285,285,RLPolicy,0,0,0,0,3.50656,1,2.95781,47,47,2.91527,492,0.99633
E3-Strict-p003,35.3471,1,76,RLPolicy,1,1,0.0256597,2.07944,3.50656,5,3.82806,0,61,3.54637,492,0.979629
E3-Strict-p003,35.3517,333,65,RLPolicy,1,1,0.0888435,3.46574,3.50656,7,6.15208,308,340,4.6282,492,0.999796
E3-Strict-p003,35.3654,7,129,RLPolicy,1,1,0.0287597,3.16035,3.50656,7,3.45779,93,298,3.14873,492,0.971174
E3-Strict-p003,35.3675,259,358,RLPolicy,1,1,0.0731758,3.46574,3.50656,7,4.64582,58,370,3.94397,492,0.999796
E3-Strict-p003,35.3688,183,49,RLPolicy,1,1,0.0653635,2.77259,3.50656,6,3.16594,81,127,2.98474,492,0.99266
E3-Strict-p003,35.3742,226,475,RLPolicy,1,1,0.0781615,3.46574,3.50656,7,3.04256,87,199,2.8245,492,0.988786
E3-Strict-p003,35.3766,240,306,RLPolicy,1,1,0.0833461,2.61844,3.50656,6,3.82637,0,143,3.41045,492,0.99189
E3-Strict-p003,35.3904,307,211,RLPolicy,1,1,0.0847126,2.77259,3.50656,6,3.99051,144,292,3.47581,492,0.99633
E3-Strict-p003,35.3911,8,8,RLPolicy,0,0,0,0,3.50656,1,3.0439,69,69,2.81579,492,0.989814
E3-Strict-p003,35.3978,273,273,RLPolicy,0,0,0,0,3.50656,1,4.83152,76,76,4.76334,492,0.998821
E3-Strict-p003,35.3987,193,193,RLPolicy,0,0,0,0,3.50656,1,4.55315,65,65,4.49514,492,0.992456
E3-Strict-p003,35.3997,280,30,RLPolicy,1,1,0.0821598,1.38629,3.50656,4,2.63709,0,21,2.47649,492,0.989399
E3-Strict-p003,35.4003,225,91,RLPolicy,1,1,0.0797145,3.46574,3.50656,7,3.18362,91,313,2.90046,492,0.992252
E3-Strict-p003,35.4027,204,220,RLPolicy,1,1,0.077093,2.77259,3.50656,6,4.28364,3,309,3.87077,492,0.993164
E3-Strict-p003,35.4044,155,403,RLPolicy,1,1,0.0630448,2.77259,3.50656,6,3.08367,62,217,2.85101,492,0.992252
E3-Strict-p003,35.4143,97,425,RLPolicy,1,1,0.0561714,3.46574,3.50656,7,3.53996,284,323,3.05502,492,0.985729
E3-Strict-p003,35.416,17,377,RLPolicy,1,1,0.0403992,3.24274,3.50656,8,3.43079,348,383,3.1735,492,0.992989
E3-Strict-p003,35.4189,103,285,RLPolicy,1,1,0.0577415,3.46574,3.50656,7,3.96488,269,300,3.62163,492,0.999388
E3-Strict-p003,35.4222,189,1,RLPolicy,1,1,0.0692052,2.77259,3.50656,6,5.12508,80,178,4.69923,492,0.985117
E3-Strict-p003,35.4255,67,403,RLPolicy,1,1,0.0492051,2.77259,3.50656,6,5.62704,45,310,4.93539,492,0.967788
E3-Strict-p003,35.4282,275,340,RLPolicy,1,1,0.0724167,3.46574,3.50656,7,5.34027,113,300,4.72494,492,0.98899
E3-Strict-p003,35.431,242,116,RLPolicy,1,1,0.0738846,2.77259,3.50656,6,3.59769,71,318,3.20773,492,0.982059
E3-Strict-p003,35.4477,297,469,RLPolicy,1,1,0.0971227,3.46574,3.50656,7,3.17989,221,247,2.95159,492,0.999592
E3-Strict-p003,35.4573,74,74,RLPolicy,0,0,0,0,3.50656,1,3.4381,55,55,3.3622,492,0.983212
E3-Strict-p003,35.4602,65,65,RLPolicy,0,0,0,0,3.50656,1,3.74786,13,13,3.66876,492,0.992456
E3-Strict-p003,35.4676,180,50,RLPolicy,1,1,0.064178,2.95491,3.50656,6,3.82971,107,139,3.50984,492,0.997242
E3-Strict-p003,35.4684,61,338,RLPolicy,1,1,0.0459461,3.46574,3.50656,7,5.21376,318,343,4.70012,492,0.985525
E3-Strict-p003,35.4743,159,159,RLPolicy,0,0,0,0,3.50656,1,2.99434,18,18,2.95054,492,0.982059
E3-Strict-p003,35.4795,276,385,RLPolicy,1,1,0.0826108,3.46574,3.50656,7,3.68444,217,319,3.13663,492,0.999796
E3-Strict-p003,35.4817,48,181,RLPolicy,1,1,0.0457586,3.46574,3.50656,7,4.30344,229,260,3.98058,492,0.96503
E3-Strict-p003,35.4869,288,288,RLPolicy,0,0,0,0,3.50656,1,3.20565,43,43,3.14935,492,0.999796
E3-Strict-p003,35.4918,101,471,RLPolicy,1,1,0.0518174,3.46574,3.50656,7,4.24341,176,321,3.74572,492,0.988786
E3-Strict-p003,35.4921,308,308,RLPolicy,0,0,0,0,3.50656,1,3.69156,12,12,3.61082,492,1
E3-Strict-p003,35.4956,147,65,RLPolicy,1,1,0.0641138,3.15743,3.50656,7,3.20495,286,320,2.96133,492,0.996305
E3-Strict-p003,35.5034,55,364,RLPolicy,1,1,0.0467773,3.46574,3.50656,7,4.07455,138,194,3.69914,492,0.99266
E3-Strict-p003,35.5068,237,349,RLPolicy,1,1,0.0702832,3.46574,3.50656,7,5.40617,62,292,4.9655,492,0.995922
E3-Strict-p003,35.5136,125,204,RLPolicy,1,1,0.0556945,3.15743,3.50656,7,5.03563,76,362,4.31496,492,0.978364
E3-Strict-p003,35.5143,93,93,RLPolicy,0,0,0,0,3.50656,1,2.8719,65,65,2.8317,492,0.985729
E3-Strict-p003,35.5147,53,136,RLPolicy,1,1,0.0404186,3.16035,3.50656,7,4.21682,173,259,3.87225,492,0.994395
E3-Strict-p003,35.5191,245,245,RLPolicy,0,0,0,0,3.50656,1,4.35566,55,55,4.24216,492,0.994585
E3-Strict-p003,35.5226,44,44,RLPolicy,0,0,0,0,3.50656,1,3.24694,38,38,3.20001,492,0.992577
E3-Strict-p003,35.5304,0,275,RLPolicy,1,1,0.0357244,2.85497,3.50656,7,4.10269,197,326,3.62595,492,0.98961
E3-Strict-p003,35.5375,200,454,RLPolicy,1,1,0.0703752,3.46574,3.50656,7,4.44522,115,126,4.28109,492,0.982059
E3-Strict-p003,35.5395,329,329,RLPolicy,0,0,0,0,3.50656,1,4.40022,45,45,4.33816,492,1
E3-Strict-p003,35.5406,258,380,RLPolicy,1,1,0.0687622,1.38629,3.50656,4,4.50213,0,111,4.10342,492,0.98899
E3-Strict-p003,35.5422,118,212,RLPolicy,1,1,0.0613856,3.46574,3.50656,7,5.13398,284,351,4.64949,492,0.978185
E3-Strict-p003,35.547,91,403,RLPolicy,1,1,0.0536013,2.77259,3.50656,6,3.67871,46,313,3.41522,492,0.971049
E3-Strict-p003,35.5601,205,175,RLPolicy,1,1,0.0688237,2.77259,3.50656,6,3.26983,74,156,3.10404,492,0.98899
E3-Strict-p003,35.5619,210,210,RLPolicy,0,0,0,0,3.50656,1,2.72555,11,11,2.6878,492,0.999592
E3-Strict-p003,35.5949,224,10,RLPolicy,1,1,0.0741797,0.693147,3.50656,3,3.40058,0,19,3.32794,492,0.96106
E3-Strict-p003,35.6066,304,427,RLPolicy,1,1,0.0848272,3.46574,3.50656,7,3.28179,48,273,2.89717,494,0.99266
E3-Strict-p003,35.6104,211,211,RLPolicy,0,0,0,0,3.50656,1,3.13228,29,29,3.09902,494,0.996126
E3-Strict-p003,35.6257,278,387,RLPolicy,1,1,0.0773175,3.46574,3.50656,7,3.83369,161,202,3.58692,494,0.982059
E3-Strict-p003,35.6301,284,246,RLPolicy,1,1,0.0713048,2.77259,3.50656,6,3.63189,92,190,3.32062,494,0.985729
E3-Strict-p003,35.6306,223,432,RLPolicy,1,1,0.0748728,3.46574,3.50656,7,4.25526,274,312,3.81012,494,0.999592
E3-Strict-p003,35.6356,117,459,RLPolicy,1,1,0.0597654,3.46574,3.50656,7,3.9474,237,247,3.68005,494,0.981855
E3-Strict-p003,35.6367,137,137,RLPolicy,0,0,0,0,3.50656,1,2.63544,17,17,2.60073,494,0.985321
E3-Strict-p003,35.6374,317,406,RLPolicy,1,1,0.0800276,2.07944,3.50656,5,4.36997,0,181,3.67466,494,0.992864
E3-Strict-p003,35.6516,89,442,RLPolicy,1,1,0.0461907,2.07944,3.50656,5,3.19596,1,196,2.95413,494,0.981243
E3-Strict-p003,35.652,312,200,RLPolicy,1,1,0.0982788,3.46574,3.50656,7,4.20695,164,317,3.7324,494,0.999796
E3-Strict-p003,35.6577,302,476,RLPolicy,1,1,0.0858914,2.61844,3.50656,6,4.25901,132,279,3.9109,494,0.99189
E3-Strict-p003,35.6757,83,144,RLPolicy,1,1,0.0540819,3.46574,3.50656,7,3.649,159,313,3.18309,494,0.976439
E3-Strict-p003,35.6803,60,60,RLPolicy,0,0,0,0,3.50656,1,3.51257,26,26,3.4617,494,0.994599
E3-Strict-p003,35.6869,35,4,RLPolicy,1,1,0.0391941,2.77259,3.50656,6,3.44007,101,190,3.18177,494,0.982059
E3-Strict-p003,35.6915,199,94,RLPolicy,1,1,0.0607387,3.46574,3.50656,7,4.15319,193,325,3.69083,494,0.996126
E3-Strict-p003,35.7018,11,100,RLPolicy,1,1,0.0408088,2.85497,3.50656,7,3.04338,129,161,2.71148,495,0.993484
E3-Strict-p003,35.7018,129,129,RLPolicy,0,0,0,0,3.50656,1,3.87957,17,17,3.82808,495,0.985321
E3-Strict-p003,35.7308,131,362,RLPolicy,1,1,0.0609224,2.07944,3.50656,5,4.29771,1,119,4.01557,495,0.978389
E3-Strict-p003,35.733,116,295,RLPolicy,1,1,0.0452038,2.07944,3.50656,5,4.91966,1,227,4.5319,495,0.971049
E3-Strict-p003,35.7352,341,341,RLPolicy,0,0,0,0,3.50656,1,2.73874,11,11,2.70624,495,1
E3-Strict-p003,35.7398,27,486,RLPolicy,1,1,0.0399629,3.46574,3.50656,7,4.84683,51,282,4.17225,495,0.953849
E3-Strict-p003,35.7564,216,461,RLPolicy,1,1,0.0694606,3.31159,3.50656,7,3.18593,298,317,2.95246,495,0.993018
E3-Strict-p003,35.7683,73,7,RLPolicy,1,1,0.047563,1.38629,3.50656,4,3.86621,0,176,3.68764,495,0.974923
E3-Strict-p003,35.7693,82,173,RLPolicy,1,1,0.051926,3.46574,3.50656,7,3.70742,67,386,3.25277,495,0.988786
E3-Strict-p003,35.7701,305,106,RLPolicy,1,1,0.0763031,3.46574,3.50656,7,3.23054,227,266,2.92828,495,0.999796
E3-Strict-p003,35.7822,144,144,RLPolicy,0,0,0,0,3.50656,1,3.0758,67,67,3.03184,495,0.982059
E3-Strict-p003,35.7883,313,453,RLPolicy,1,1,0.0764018,2.07944,3.50656,5,4.77578,1,167,4.30327,495,0.992864
E3-Strict-p003,35.7919,141,141,RLPolicy,0,0,0,0,3.50656,1,3.35258,65,65,3.30865,495,0.996126
E3-Strict-p003,35.799,265,282,RLPolicy,1,1,0.0652829,2.07944,3.50656,5,5.46084,0,178,4.97949,495,0.982059
E3-Strict-p003,35.8016,340,66,RLPolicy,1,1,0.101809,3.46574,3.50656,7,3.59499,320,337,3.23527,495,0.999796
E3-Strict-p003,35.8182,298,72,RLPolicy,1,1,0.0847184,2.77259,3.50656,6,3.2038,89,159,3.02161,495,0.996126
E3-Strict-p003,35.8217,138,74,RLPolicy,1,1,0.0581963,2.77259,3.50656,6,4.18358,67,355,3.87842,495,0.988786
E3-Strict-p003,35.8227,94,358,RLPolicy,1,1,0.0563504,3.46574,3.50656,7,3.41943,250,335,3.15097,495,0.981651
E3-Strict-p003,35.8236,5,186,RLPolicy,1,1,0.0396965,2.77259,3.50656,6,3.36648,74,233,2.99206,495,0.988786
E3-Strict-p003,35.8249,113,420,RLPolicy,1,1,0.057912,2.77259,3.50656,6,4.86549,17,269,4.19373,495,0.960448
E3-Strict-p003,35.8346,92,7,RLPolicy,1,1,0.0523486,3.46574,3.50656,7,3.09864,61,224,2.77244,495,0.995718
E3-Strict-p003,35.8435,238,238,RLPolicy,0,0,0,0,3.50656,1,2.65929,9,9,2.62118,495,1
E3-Strict-p003,35.8444,209,209,RLPolicy,0,0,0,0,3.50656,1,3.23976,4,4,3.19555,495,1
E3-Strict-p003,35.8562,22,22,RLPolicy,0,0,0,0,3.50656,1,5.12576,56,56,5.05352,495,0.958807
E3-Strict-p003,35.8632,34,46,RLPolicy,1,1,0.0441927,3.24274,3.50656,8,3.58403,395,429,3.2483,495,0.966174
E3-Strict-p003,35.8659,345,127,RLPolicy,1,1,0.0848508,2.77259,3.50656,6,4.30202,27,227,3.83034,495,0.99633
E3-Strict-p003,35.8681,233,233,RLPolicy,0,0,0,0,3.50656,1,2.76169,44,44,2.72043,495,1
E3-Strict-p003,35.8711,323,319,RLPolicy,1,1,0.0803152,2.77259,3.50656,6,4.60691,19,218,4.03665,495,0.99633
E3-Strict-p003,35.8791,58,0,RLPolicy,1,1,0.0514934,3.16035,3.50656,7,5.54313,253,303,5.16371,495,0.959125
E3-Strict-p003,35.8816,219,269,RLPolicy,1,1,0.073376,3.46574,3.50656,7,3.33796,213,222,3.15498,495,0.999184
E3-Strict-p003,35.8914,310,253,RLPolicy,1,1,0.0886173,3.46574,3.50656,7,3.11997,142,303,2.74614,495,0.999592
E3-Strict-p003,35.9042,303,303,RLPolicy,0,0,0,0,3.50656,1,2.21541,10,10,2.18544,497,0.99633
E3-Strict-p003,35.9265,104,466,RLPolicy,1,1,0.0516179,2.77259,3.50656,6,3.49449,87,202,3.24055,497,0.996126
E3-Strict-p003,35.9317,268,325,RLPolicy,1,1,0.0712167,1.38629,3.50656,4,4.6794,0,176,4.33105,497,0.978593
E3-Strict-p003,35.9342,186,93,RLPolicy,1,1,0.0724946,2.77259,3.50656,6,4.59896,78,238,4.08322,497,0.988786
E3-Strict-p003,35.9415,253,253,RLPolicy,0,0,0,0,3.50656,1,6.91767,73,73,6.86341,497,0.996126
E3-Strict-p003,35.9492,214,53,RLPolicy,1,1,0.0568944,1.38629,3.50656,4,3.2697,0,207,3.01138,497,0.98899
E3-Strict-p003,35.9545,130,130,RLPolicy,0,0,0,0,3.50656,1,3.5535,12,12,3.50246,497,0.982263
E3-Strict-p003,35.9686,281,359,RLPolicy,1,1,0.0902884,3.46574,3.50656,7,5.72164,125,223,5.27595,497,0.999592
E3-Strict-p003,35.9704,175,415,RLPolicy,1,1,0.0688172,2.77259,3.50656,6,3.3065,51,150,2.94354,497,0.995718
E3-Strict-p003,35.9719,41,6,RLPolicy,1,1,0.0375848,2.07944,3.50656,5,4.14834,0,255,3.64444,497,0.965959
E3-Strict-p003,35.9815,69,463,RLPolicy,1,1,0.0569156,3.46574,3.50656,7,4.27468,270,340,3.88171,497,0.988378
E3-Strict-p003,35.9821,42,42,RLPolicy,0,0,0,0,3.50656,1,3.16955,21,21,3.12296,497,0.991341
E3-Strict-p003,35.9823,311,311,RLPolicy,0,0,0,0,3.50656,1,3.89861,53,53,3.8383,497,1
E3-Strict-p003,35.9829,152,285,RLPolicy,1,1,0.0649572,2.77259,3.50656,6,3.24423,71,176,2.97591,497,0.995922
E3-Strict-p003,35.9855,202,335,RLPolicy,1,1,0.0687098,3.46574,3.50656,7,4.22859,106,292,3.81097,497,0.985525
E3-Strict-p003,36.0003,168,267,RLPolicy,1,1,0.0614091,2.77259,3.50656,6,3.75393,99,276,3.35065,498,0.981855
E3-Strict-p003,36.0027,111,111,RLPolicy,0,0,0,0,3.50656,1,3.35263,76,76,3.28562,5,0.995718
E3-Strict-p003,36.0053,279,279,RLPolicy,0,0,0,0,3.50656,1,5.22437,45,45,5.16547,498,0.999796
E3-Strict-p003,36.0119,30,30,RLPolicy,0,0,0,0,3.50656,1,3.98013,25,25,3.91059,498,0.986838
E3-Strict-p003,36.0153,21,78,RLPolicy,1,1,0.0399511,2.85497,3.50656,7,5.22629,211,265,4.46214,498,0.969847
E3-Strict-p003,36.0171,24,24,RLPolicy,0,0,0,0,3.50656,1,3.24642,34,34,3.20701,498,0.994599
E3-Strict-p003,36.0191,10,327,RLPolicy,1,1,0.00680303,3.16035,3.50656,7,3.63705,77,135,3.39258,498,0.979629
E3-Strict-p003,36.0217,161,161,RLPolicy,0,0,0,0,3.50656,1,3.86617,56,56,3.80575,498,0.982059
E3-Strict-p003,36.0235,98,155,RLPolicy,1,1,0.0496358,3.46574,3.50656,7,3.4631,209,231,3.11951,498,0.964526
E3-Strict-p003,36.0273,2,91,RLPolicy,1,1,0.0296879,3.46574,3.50656,7,4.71522,89,311,4.20834,498,0.992252
E3-Strict-p003,36.0348,4,502,RLPolicy,1,1,0.0364284,3.46574,3.50656,7,4.04764,196,224,3.62589,498,0.97187
E3-Strict-p003,36.0396,29,100,RLPolicy,1,1,0.035309,2.46721,3.50656,6,8.13853,46,199,7.52704,498,0.98676
E3-Strict-p003,36.0422,266,31,RLPolicy,1,1,0.0730995,2.77259,3.50656,6,4.27367,117,256,3.87069,498,0.98899
E3-Strict-p003,36.0519,64,325,RLPolicy,1,1,0.040508,0.693147,3.50656,3,4.4815,0,142,4.198,498,0.939654
E3-Strict-p003,36.0685,181,181,RLPolicy,0,0,0,0,3.50656,1,3.68369,20,20,3.61788,498,0.99633
E3-Strict-p003,36.0857,136,136,RLPolicy,0,0,0,0,3.50656,1,4.27654,48,48,4.20515,2,0.999388
E3-Strict-p003,36.0962,234,40,RLPolicy,1,1,0.060403,2.07944,3.50656,5,3.84128,0,226,3.55429,498,0.98899
E3-Strict-p003,36.1025,75,389,RLPolicy,1,1,0.047626,3.46574,3.50656,7,4.17482,121,139,3.91274,501,0.987811
E3-Strict-p003,36.1118,267,177,RLPolicy,1,1,0.082244,3.31159,3.50656,7,3.68885,260,277,3.30281,501,0.998617
E3-Strict-p003,36.1153,107,319,RLPolicy,1,1,0.0535095,2.77259,3.50656,6,3.94589,31,257,3.59464,501,0.992456
E3-Strict-p003,36.1207,57,57,RLPolicy,0,0,0,0,3.50656,1,3.6176,11,11,3.55303,501,0.998065
E3-Strict-p003,36.1317,272,117,RLPolicy,1,1,0.0844895,3.46574,3.50656,7,4.34316,174,223,4.02805,501,0.99266
E3-Strict-p003,36.134,150,190,RLPolicy,1,1,0.0505437,2.07944,3.50656,5,3.07398,1,231,2.85256,501,0.990915
E3-Strict-p003,36.1342,346,153,RLPolicy,1,1,0.101668,3.46574,3.50656,7,4.43481,92,177,3.9948,501,0.999796
E3-Strict-p003,36.1387,151,499,RLPolicy,1,1,0.06597,2.77259,3.50656,6,4.02045,112,282,3.51385,501,0.988786
E3-Strict-p003,36.1418,254,254,RLPolicy,0,0,0,0,3.50656,1,4.8523,65,65,4.79535,501,0.99266
E3-Strict-p003,36.1459,122,329,RLPolicy,1,1,0.051655,3.46574,3.50656,7,5.23421,191,320,4.56529,501,0.978185
E3-Strict-p003,36.1572,236,433,RLPolicy,1,1,0.0597773,3.46574,3.50656,7,3.62503,87,390,3.23065,501,0.985525
E3-Strict-p003,36.1677,321,349,RLPolicy,1,1,0.0936005,1.77114,3.50656,5,4.03591,0,51,3.80711,501,0.991323
E3-Strict-p003,36.1727,227,5,RLPolicy,1,1,0.0798637,3.46574,3.50656,7,3.72733,240,259,3.35466,501,0.995922
E3-Strict-p003,36.1834,31,379,RLPolicy,1,1,0.052991,3.0062,3.50656,7,4.71249,234,320,4.29069,501,0.984215
E3-Strict-p003,36.1922,269,505,RLPolicy,1,1,0.065816,3.46574,3.50656,7,4.33148,200,339,3.95336,501,0.999592
E3-Strict-p003,36.1944,320,247,RLPolicy,1,1,0.092299,3.46574,3.50656,7,3.51284,194,212,3.23829,501,0.999796
E3-Strict-p003,36.2034,344,219,RLPolicy,1,1,0.0985333,3.46574,3.50656,7,3.52427,71,136,3.12958,501,0.999796
E3-Strict-p003,36.2079,164,431,RLPolicy,1,1,0.0637967,2.77259,3.50656,6,3.56885,99,204,3.24925,501,0.982059
E3-Strict-p003,36.208,222,227,RLPolicy,1,1,0.0803718,2.61844,3.50656,6,3.39301,49,330,2.98699,501,0.970687
E3-Strict-p003,36.2105,215,173,RLPolicy,1,1,0.0749013,3.46574,3.50656,7,3.74666,222,283,3.3452,501,0.992252
E3-Strict-p003,36.2109,33,69,RLPolicy,1,1,0.0390409,2.07944,3.50656,5,6.01576,0,116,5.61119,501,0.964239
E3-Strict-p003,36.2271,286,96,RLPolicy,1,1,0.08444,2.77259,3.50656,6,4.34853,88,228,3.73214,501,0.995355
E3-Strict-p003,36.2292,160,160,RLPolicy,0,0,0,0,3.50656,1,2.72581,9,9,2.69068,501,1
E3-Strict-p003,36.2314,228,228,RLPolicy,0,0,0,0,3.50656,1,3.03341,1,1,2.99284,501,1
E3-Strict-p003,36.2357,71,508,RLPolicy,1,1,0.0434928,3.46574,3.50656,7,4.68376,82,189,4.2568,501,0.999184
E3-Strict-p003,36.2418,70,482,RLPolicy,1,1,0.00738844,3.46574,3.50656,7,4.1492,238,258,3.84216,501,0.977777
E3-Strict-p003,36.2464,174,184,RLPolicy,1,1,0.0688028,3.46574,3.50656,7,3.28613,269,319,3.04878,501,0.995718
E3-Strict-p003,36.2475,221,221,RLPolicy,0,0,0,0,3.50656,1,3.63029,47,47,3.58706,501,0.985525
E3-Strict-p003,36.2523,274,89,RLPolicy,1,1,0.0736391,3.46574,3.50656,7,5.30452,107,432,4.60203,501,0.981288
E3-Strict-p003,36.2535,203,84,RLPolicy,1,1,0.0694717,2.77259,3.50656,6,4.41497,51,219,3.82866,501,0.995922
E3-Strict-p003,36.2606,231,391,RLPolicy,1,1,0.0591325,3.46574,3.50656,7,4.57238,176,350,3.76917,501,0.988786
E3-Strict-p003,36.2636,84,84,RLPolicy,0,0,0,0,3.50656,1,3.99982,67,67,3.92686,501,0.988786
E3-Strict-p003,36.2655,247,64,RLPolicy,1,1,0.0840569,3.46574,3.50656,7,5.28552,206,340,4.71596,501,0.992456
E3-Strict-p003,36.2688,148,148,RLPolicy,0,0,0,0,3.50656,1,3.01239,3,3,2.96583,501,1
E3-Strict-p003,36.2716,149,202,RLPolicy,1,1,0.0504677,2.07944,3.50656,5,4.06687,2,229,3.59553,501,0.974719
E3-Strict-p003,36.2759,270,270,RLPolicy,0,0,0,0,3.50656,1,4.47421,52,52,4.39933,501,0.996126
E3-Strict-p003,36.2853,182,262,RLPolicy,1,1,0.0554014,3.46574,3.50656,7,4.32776,184,281,3.87311,501,0.992048
E3-Strict-p003,36.2894,325,193,RLPolicy,1,1,0.0858006,2.77259,3.50656,6,4.7854,60,270,4.17604,501,0.99633
E3-Strict-p003,36.2992,120,120,RLPolicy,0,0,0,0,3.50656,1,3.04181,9,9,3.00172,501,1
E3-Strict-p003,36.302,87,380,RLPolicy,1,1,0.0510829,2.77259,3.50656,6,3.94992,133,254,3.64541,501,0.974719
E3-Strict-p003,36.3133,100,11,RLPolicy,1,1,0.0460675,2.77259,3.50656,6,3.67825,77,162,3.3372,501,0.972019
E3-Strict-p003,36.3158,167,414,RLPolicy,1,1,0.061936,3.46574,3.50656,7,4.37695,70,332,3.76717,501,0.992456
E3-Strict-p003,36.3178,158,158,RLPolicy,0,0,0,0,3.50656,1,2.87341,50,50,2.82783,5,0.995718
E3-Strict-p003,36.3201,197,191,RLPolicy,1,1,0.0761709,3.46574,3.50656,7,8.45333,183,206,8.17249,501,0.98899
E3-Strict-p003,36.3245,23,128,RLPolicy,1,1,0.0405963,2.38237,3.50656,7,4.03983,2,365,3.61199,501,0.92563
E3-Strict-p003,36.3284,263,263,RLPolicy,0,0,0,0,3.50656,1,3.98561,69,69,3.90163,501,0.999796
E3-Strict-p003,36.3289,77,77,RLPolicy,0,0,0,0,3.50656,1,4.7435,53,53,4.66814,501,0.969304
E3-Strict-p003,36.3412,79,467,RLPolicy,1,1,0.05561,2.77259,3.50656,6,8.18765,62,209,7.87774,501,0.995718
E3-Strict-p003,36.3419,32,131,RLPolicy,1,1,0.0559308,3.16035,3.50656,7,4.86028,75,397,4.3027,501,0.951814
E3-Strict-p003,36.3441,37,37,RLPolicy,0,0,0,0,3.50656,1,4.18745,11,11,4.11107,501,0.98594
E3-Strict-p003,36.383,251,251,RLPolicy,0,0,0,0,3.50656,1,4.22998,72,72,4.14123,501,0.994585
E3-Strict-p003,36.3905,156,66,RLPolicy,1,1,0.0472358,2.77259,3.50656,6,3.82755,30,350,3.42938,501,0.971049
E3-Strict-p003,36.3991,176,170,RLPolicy,1,1,0.0565915,3.46574,3.50656,7,3.39041,70,202,3.10037,501,0.992252
E3-Strict-p003,36.3999,294,81,RLPolicy,1,1,0.0749354,2.77259,3.50656,6,3.81934,71,186,3.51859,501,0.996126
E3-Strict-p003,36.4188,112,13,RLPolicy,1,1,0.0464819,1.77114,3.50656,5,3.82522,0,268,3.41615,502,0.956798
E3-Strict-p003,36.42,121,62,RLPolicy,1,1,0.0566485,3.46574,3.50656,7,3.81738,161,171,3.44683,502,0.999796
E3-Strict-p003,36.4272,177,102,RLPolicy,1,1,0.0605859,2.77259,3.50656,6,3.62896,138,295,3.35604,502,0.992252
E3-Strict-p003,36.4309,108,40,RLPolicy,1,1,0.0556602,1.38629,3.50656,4,3.76437,0,121,3.31406,502,0.978593
E3-Strict-p003,36.431,283,283,RLPolicy,0,0,0,0,3.50656,1,3.94187,62,62,3.86968,502,0.99633
E3-Strict-p003,36.4315,355,355,RLPolicy,0,0,0,0,3.50656,1,2.5734,54,54,2.51629,5,1
E3-Strict-p003,36.4326,241,241,RLPolicy,0,0,0,0,3.50656,1,2.98246,13,13,2.92862,502,0.996126
E3-Strict-p003,36.4381,262,350,RLPolicy,1,1,0.0894336,2.77259,3.50656,6,5.3068,107,206,4.68367,502,0.992456
E3-Strict-p003,36.4453,287,287,RLPolicy,0,0,0,0,3.50656,1,5.2367,17,17,5.0474,502,0.994789
E3-Strict-p003,36.4532,28,424,RLPolicy,1,1,0.038402,3.16035,3.50656,7,4.94922,139,226,4.339,502,0.972077
E3-Strict-p003,36.4663,72,72,RLPolicy,0,0,0,0,3.50656,1,3.28816,10,10,3.21146,5,0.981855
E3-Strict-p003,36.4706,257,257,RLPolicy,0,0,0,0,3.50656,1,4.38842,47,47,4.32182,502,0.982263
E3-Strict-p003,36.4711,196,125,RLPolicy,1,1,0.0682684,3.46574,3.50656,7,4.63086,53,247,4.0927,502,0.988786
E3-Strict-p003,36.4741,332,3,RLPolicy,1,1,0.0821735,1.38629,3.50656,4,4.11241,0,150,3.7242,502,0.989399
E3-Strict-p003,36.4759,324,48,RLPolicy,1,1,0.0851513,3.15743,3.50656,7,3.65069,227,258,3.29112,502,0.998254
E3-Strict-p003,36.4806,85,85,RLPolicy,0,0,0,0,3.50656,1,2.71486,5,5,2.68282,502,0.99266
E3-Strict-p003,36.4809,18,18,RLPolicy,0,0,0,0,3.50656,1,4.35141,64,64,4.2575,502,0.986349
E3-Strict-p003,36.4882,185,324,RLPolicy,1,1,0.054671,3.46574,3.50656,7,4.55512,52,309,4.12493,502,0.992252
E3-Strict-p003,36.4979,142,463,RLPolicy,1,1,0.0631576,3.46574,3.50656,7,4.33123,230,273,3.84389,502,0.974719
E3-Strict-p003,36.5044,6,15,RLPolicy,1,1,0.04067,2.77259,3.50656,6,3.84051,101,166,3.60496,503,0.97035
E3-Strict-p003,36.5082,128,10,RLPolicy,1,1,0.045613,1.92529,3.50656,5,8.86425,0,213,8.40384,503,0.970661
E3-Strict-p003,36.5096,106,123,RLPolicy,1,1,0.058126,3.46574,3.50656,7,3.04283,215,229,2.82598,503,0.996126
E3-Strict-p003,36.5138,166,166,RLPolicy,0,0,0,0,3.50656,1,2.99955,41,41,2.95313,503,0.999388
E3-Strict-p003,36.5143,250,250,RLPolicy,0,0,0,0,3.50656,1,3.59654,44,44,3.44298,503,0.995355
E3-Strict-p003,36.5148,78,127,RLPolicy,1,1,0.0521038,2.77259,3.50656,6,4.10101,78,187,3.78148,503,0.981855
E3-Strict-p003,36.5169,127,309,RLPolicy,1,1,0.0601843,3.46574,3.50656,7,6.56608,131,403,5.75059,503,0.992048
E3-Strict-p003,36.5313,124,383,RLPolicy,1,1,0.0545826,2.77259,3.50656,6,8.0048,89,165,7.55406,503,0.992048
E3-Strict-p003,36.5425,306,131,RLPolicy,1,1,0.0787306,2.77259,3.50656,6,3.35682,76,150,2.99045,503,0.99266
E3-Strict-p003,36.5462,260,204,RLPolicy,1,1,0.0668607,2.77259,3.50656,6,5.02087,94,297,4.59493,503,0.992456
E3-Strict-p003,36.5737,339,432,RLPolicy,1,1,0.0801143,0.693147,3.50656,3,7.56374,0,114,7.2339,503,0.985933
E3-Strict-p003,36.5757,351,79,RLPolicy,1,1,0.0906978,2.77259,3.50656,6,4.04727,87,184,3.55546,503,0.99633
E3-Strict-p003,36.5825,195,264,RLPolicy,1,1,0.0624452,3.46574,3.50656,7,4.96233,306,352,4.51185,503,0.992048
E3-Strict-p003,36.6005,119,96,RLPolicy,1,1,0.0510289,3.46574,3.50656,7,3.62976,106,375,3.21383,505,0.96738
E3-Strict-p003,36.602,47,378,RLPolicy,1,1,0.0398794,2.16183,3.50656,6,3.40376,3,265,3.02173,505,0.986968
E3-Strict-p003,36.6026,13,142,RLPolicy,1,1,0.0506789,2.77259,3.50656,6,4.36287,84,196,3.93826,505,0.961948
E3-Strict-p003,36.6048,198,381,RLPolicy,1,1,0.0525332,2.77259,3.50656,6,6.41446,97,262,6.03765,505,0.992456
E3-Strict-p003,36.6064,163,163,RLPolicy,0,0,0,0,3.50656,1,3.43212,47,47,3.38125,505,0.989195
E3-Strict-p003,36.6077,309,128,RLPolicy,1,1,0.0790844,3.46574,3.50656,7,3.84617,88,408,3.19668,505,0.999592
E3-Strict-p003,36.6191,314,32,RLPolicy,1,1,0.0775217,2.77259,3.50656,6,4.01715,18,313,3.36411,505,0.99633
E3-Strict-p003,36.6272,282,283,RLPolicy,1,1,0.0934064,2.77259,3.50656,6,4.86718,99,269,4.37199,505,0.996126
E3-Strict-p003,36.6307,135,208,RLPolicy,1,1,0.0486276,2.77259,3.50656,6,4.46562,74,177,4.05356,505,0.988378
E3-Strict-p003,36.6521,90,254,RLPolicy,1,1,0.0488881,3.46574,3.50656,7,3.70029,242,259,3.48383,505,0.999592
E3-Strict-p003,36.6573,165,111,RLPolicy,1,1,0.0629158,3.46574,3.50656,7,4.72462,91,361,4.24766,505,0.993201
E3-Strict-p003,36.6579,354,40,RLPolicy,1,1,0.0903639,2.77259,3.50656,6,4.64685,12,315,4.03635,505,0.99633
E3-Strict-p003,36.6674,299,299,RLPolicy,0,0,0,0,3.50656,1,3.0089,49,49,2.9647,505,1
E3-Strict-p003,36.6701,318,318,RLPolicy,0,0,0,0,3.50656,1,2.53944,1,1,2.5119,505,1
E3-Strict-p003,36.676,171,171,RLPolicy,0,0,0,0,3.50656,1,3.13447,44,44,3.09115,505,0.992864
E3-Strict-p003,36.6939,331,331,RLPolicy,0,0,0,0,3.50656,1,3.26725,76,76,3.20671,505,1
E3-Strict-p003,36.6953,132,132,RLPolicy,0,0,0,0,3.50656,1,3.22092,9,9,3.17924,505,0.999388
E3-Strict-p003,36.7076,15,505,RLPolicy,1,1,0.00726937,3.14728,3.50656,7,3.29284,173,209,2.92209,507,0.975813
E3-Strict-p003,36.71,36,36,RLPolicy,0,0,0,0,3.50656,1,6.64234,12,12,6.58865,507,0.976163
E3-Strict-p003,36.7173,229,229,RLPolicy,0,0,0,0,3.50656,1,3.23574,70,70,3.18744,507,0.999796
E3-Strict-p003,36.7241,190,420,RLPolicy,1,1,0.0598245,2.77259,3.50656,6,4.30873,36,285,3.88361,507,0.988582
E3-Strict-p003,36.728,154,154,RLPolicy,0,0,0,0,3.50656,1,4.02511,9,9,3.97243,507,0.974923
E3-Strict-p003,36.7329,239,402,RLPolicy,1,1,0.0772385,3.46574,3.50656,7,3.51896,182,236,3.11431,507,0.999592
E3-Strict-p003,36.7357,264,264,RLPolicy,0,0,0,0,3.50656,1,7.13952,21,21,7.08662,507,0.999796
E3-Strict-p003,36.7393,316,423,RLPolicy,1,1,0.080495,3.46574,3.50656,7,4.20178,108,367,3.52131,507,0.999796
E3-Strict-p003,36.7629,296,296,RLPolicy,0,0,0,0,3.50656,1,5.02566,68,68,4.93735,507,0.989195
E3-Strict-p003,36.7695,319,514,RLPolicy,1,1,0.0820521,3.46574,3.50656,7,3.85044,256,269,3.38456,507,0.999796
E3-Strict-p003,36.7722,191,303,RLPolicy,1,1,0.0665726,3.46574,3.50656,7,4.14905,166,181,3.8412,507,0.991481
E3-Strict-p003,36.7786,51,51,RLPolicy,0,0,0,0,3.50656,1,3.51839,12,12,3.45723,507,0.991516
E3-Strict-p003,36.7823,88,183,RLPolicy,1,1,0.0524238,2.77259,3.50656,6,7.54653,106,264,7.15083,507,0.992456
E3-Strict-p003,36.7859,358,358,RLPolicy,0,0,0,0,3.50656,1,6.78039,63,63,6.72461,507,1
E3-Strict-p003,36.7863,295,295,RLPolicy,0,0,0,0,3.50656,1,3.90085,56,56,3.84875,507,0.996126
E3-Strict-p003,36.7903,330,350,RLPolicy,1,1,0.00683487,3.46574,3.50656,7,4.61246,226,237,4.27876,507,0.999796
E3-Strict-p003,36.7907,99,117,RLPolicy,1,1,0.0529886,3.46574,3.50656,7,3.52926,127,224,3.25937,507,0.992048
E3-Strict-p003,36.7912,291,99,RLPolicy,1,1,0.073968,3.46574,3.50656,7,3.94744,167,331,3.43203,507,0.999796
E3-Strict-p003,36.7992,343,121,RLPolicy,1,1,0.0823077,2.77259,3.50656,6,4.39123,36,168,3.89061,507,0.99633
E3-Strict-p003,36.8018,292,292,RLPolicy,0,0,0,0,3.50656,1,3.41053,45,45,3.35512,508,0.999796
E3-Strict-p003,36.8039,244,472,RLPolicy,1,1,0.0855238,3.46574,3.50656,7,3.59758,329,356,3.14473,508,0.992252
E3-Strict-p003,36.8131,14,14,RLPolicy,0,0,0,0,3.50656,1,2.78779,24,24,2.7554,508,0.971254
E3-Strict-p003,36.8149,16,16,RLPolicy,0,0,0,0,3.50656,1,3.067,32,32,3.02842,508,0.995631
E3-Strict-p003,36.8287,9,9,RLPolicy,0,0,0,0,3.50656,1,5.60461,56,56,5.47946,508,0.977489
E3-Strict-p003,36.8302,208,208,RLPolicy,0,0,0,0,3.50656,1,3.40629,18,18,3.34833,508,0.996126
E3-Strict-p003,36.8413,327,370,RLPolicy,1,1,0.0850418,3.46574,3.50656,7,4.78924,75,336,4.40792,508,0.999592
E3-Strict-p003,36.8439,26,26,RLPolicy,0,0,0,0,3.50656,1,3.93965,5,5,3.88489,508,0.994803
E3-Strict-p003,36.8557,335,192,RLPolicy,1,1,0.100035,3.46574,3.50656,7,4.28725,176,214,3.89186,508,0.999796
E3-Strict-p003,36.8604,348,348,RLPolicy,0,0,0,0,3.50656,1,3.29707,84,84,3.23362,508,1
E3-Strict-p003,36.8614,290,169,RLPolicy,1,1,0.088516,3.46574,3.50656,7,3.90261,305,352,3.48814,508,0.995922
E3-Strict-p003,36.8764,139,475,RLPolicy,1,1,0.0552864,2.77259,3.50656,6,4.00589,106,228,3.57515,508,0.978389
E3-Strict-p003,36.8776,62,31,RLPolicy,1,1,0.0481922,2.77259,3.50656,6,3.82631,9,231,3.31944,508,0.978185
E3-Strict-p003,36.8886,261,109,RLPolicy,1,1,0.0881193,3.46574,3.50656,7,4.5259,214,230,4.13111,508,0.995922
E3-Strict-p003,36.8888,188,188,RLPolicy,0,0,0,0,3.50656,1,2.89805,7,7,2.86044,508,0.999592
E3-Strict-p003,36.8906,217,217,RLPolicy,0,0,0,0,3.50656,1,4.35289,45,45,4.30186,508,0.98899
E3-Strict-p003,36.8936,126,126,RLPolicy,0,0,0,0,3.50656,1,3.11764,53,53,3.07642,508,0.988786
E3-Strict-p003,36.8973,194,103,RLPolicy,1,1,0.0753585,2.77259,3.50656,6,5.07409,81,238,4.46318,508,0.981855
E3-Strict-p003,36.9004,192,192,RLPolicy,0,0,0,0,3.50656,1,2.66182,7,7,2.62884,511,1
E3-Strict-p003,36.9056,277,277,RLPolicy,0,0,0,0,3.50656,1,3.56182,1,1,3.5196,511,1
E3-Strict-p003,36.9097,80,412,RLPolicy,1,1,0.0488003,2.77259,3.50656,6,4.36715,112,240,3.89597,511,0.982059
E3-Strict-p003,36.9137,328,7,RLPolicy,1,1,0.100497,2.07944,3.50656,5,3.82917,1,141,3.37407,511,0.992864
E3-Strict-p003,36.921,146,389,RLPolicy,1,1,0.0613306,3.46574,3.50656,7,4.35254,35,45,4.14194,511,0.999796
E3-Strict-p003,36.925,337,337,RLPolicy,0,0,0,0,3.50656,1,3.35111,18,18,3.29541,511,1
E3-Strict-p003,36.9427,326,73,RLPolicy,1,1,0.0877512,2.61844,3.50656,6,3.51485,49,256,2.96341,511,0.995559
E3-Strict-p003,36.9465,140,383,RLPolicy,1,1,0.0532449,2.07944,3.50656,5,7.32598,0,55,6.80422,511,0.974923
E3-Strict-p003,36.9487,173,173,RLPolicy,0,0,0,0,3.50656,1,3.57015,61,61,3.51583,511,0.992252
E3-Strict-p003,36.963,213,284,RLPolicy,1,1,0.079606,3.46574,3.50656,7,4.7999,91,323,4.27407,511,0.988786
E3-Strict-p003,36.9654,40,261,RLPolicy,1,1,0.0462482,2.46721,3.50656,6,3.72503,107,311,3.31617,511,0.962508
E3-Strict-p003,36.9663,178,401,RLPolicy,1,1,0.0698573,2.07944,3.50656,5,3.02392,0,69,2.81985,511,0.964526
E3-Strict-p003,36.9679,56,356,RLPolicy,1,1,0.0481917,3.16035,3.50656,7,4.19262,197,342,3.78655,511,0.994191
E3-Strict-p003,36.9684,96,96,RLPolicy,0,0,0,0,3.50656,1,4.30409,52,52,4.25087,511,0.988582
E3-Strict-p003,36.9733,361,76,RLPolicy,1,1,0.10513,2.77259,3.50656,6,3.74803,68,196,3.36153,511,0.99633
E3-Strict-p003,36.9891,248,248,RLPolicy,0,0,0,0,3.50656,1,3.44083,49,49,3.39168,511,0.982059
E3-Strict-p003,36.9933,201,201,RLPolicy,0,0,0,0,3.50656,1,4.44365,75,75,4.3856,511,0.974923
E3-Strict-p003,36.9955,322,178,RLPolicy,1,1,0.0817574,1.38629,3.50656,4,2.99373,0,59,2.83636,511,0.985729
E3-Strict-p003,37.0113,338,9,RLPolicy,1,1,0.105927,3.46574,3.50656,7,4.38911,98,311,3.7406,511,0.999796
E3-Strict-p003,37.0168,134,134,RLPolicy,0,0,0,0,3.50656,1,4.33146,9,9,4.24557,511,0.99633
E3-Strict-p003,37.0235,347,347,RLPolicy,0,0,0,0,3.50656,1,4.26434,28,28,4.20042,511,1
E3-Strict-p003,37.0274,110,110,RLPolicy,0,0,0,0,3.50656,1,2.85975,9,9,2.82452,511,1
E3-Strict-p003,37.0305,187,37,RLPolicy,1,1,0.068718,2.77259,3.50656,6,3.54803,86,156,3.33307,511,0.978389
E3-Strict-p003,37.0484,172,142,RLPolicy,1,1,0.0494776,2.77259,3.50656,6,3.95089,48,269,3.54181,511,0.971049
E3-Strict-p003,37.0541,123,123,RLPolicy,0,0,0,0,3.50656,1,3.60465,31,31,3.54046,511,0.999796
E3-Strict-p003,37.0587,20,302,RLPolicy,1,1,0.0449867,1.46868,3.50656,5,6.00457,0,259,5.46092,511,0.966593
E3-Strict-p003,37.06,3,51,RLPolicy,1,1,0.0410788,3.16035,3.50656,7,4.27518,156,180,3.87793,511,0.993488
E3-Strict-p003,37.0602,19,15,RLPolicy,1,1,0.0408641,2.93736,3.50656,8,3.88216,303,389,3.38988,511,0.981312
E3-Strict-p003,37.0762,256,256,RLPolicy,0,0,0,0,3.50656,1,2.75685,7,7,2.71822,511,1
E3-Strict-p003,37.0767,230,230,RLPolicy,0,0,0,0,3.50656,1,2.70974,9,9,2.67695,511,1
E3-Strict-p003,37.0781,249,249,RLPolicy,0,0,0,0,3.50656,1,3.06537,27,27,3.0267,511,1
E3-Strict-p003,37.0792,246,246,RLPolicy,0,0,0,0,3.50656,1,2.99468,56,56,2.94793,511,0.999592
E3-Strict-p003,37.0831,315,315,RLPolicy,0,0,0,0,3.50656,1,3.05859,26,26,3.01358,511,1
E3-Strict-p003,37.0895,45,45,RLPolicy,0,0,0,0,3.50656,1,2.84549,9,9,2.79958,511,1
E3-Strict-p003,37.0993,46,473,RLPolicy,1,1,0.0367747,2.85497,3.50656,7,3.47354,218,313,3.08059,511,0.995011
E3-Strict-p003,37.1045,133,113,RLPolicy,1,1,0.0624291,2.77259,3.50656,6,3.9524,38,277,3.4667,510,0.99164
E3-Strict-p003,37.107,350,355,RLPolicy,1,1,0.0938941,3.31159,3.50656,7,4.52641,83,312,3.73841,510,0.999025
E3-Strict-p003,37.1122,220,337,RLPolicy,1,1,0.064482,2.26176,3.50656,5,4.59377,28,142,4.27151,510,0.972165
E3-Strict-p003,37.1136,43,324,RLPolicy,1,1,0.043044,3.24274,3.50656,8,4.0509,364,417,3.71674,510,0.960157
E3-Strict-p003,37.1238,102,257,RLPolicy,1,1,0.0501552,3.31159,3.50656,7,4.58678,33,304,4.25863,510,0.987811
E3-Strict-p003,37.1362,360,360,RLPolicy,0,0,0,0,3.50656,1,3.45829,10,10,3.40712,510,1
E3-Strict-p003,37.1394,12,228,RLPolicy,1,1,0.00699533,3.16035,3.50656,7,5.54308,150,170,5.0545,510,0.949643
E3-Strict-p003,37.1454,63,77,RLPolicy,1,1,0.0459507,3.16035,3.50656,7,4.14381,194,326,3.58147,510,0.992256
E3-Strict-p003,37.1508,81,260,RLPolicy,1,1,0.0447455,3.46574,3.50656,7,4.13697,51,245,3.77055,510,0.996126
E3-Strict-p003,37.1516,243,243,RLPolicy,0,0,0,0,3.50656,1,3.19472,73,73,3.14372,510,0.99633
E3-Strict-p003,37.1543,368,368,RLPolicy,0,0,0,0,3.50656,1,3.56101,28,28,3.48778,510,1
E3-Strict-p003,37.1625,235,235,RLPolicy,0,0,0,0,3.50656,1,3.26557,65,65,3.21665,510,0.995355
E3-Strict-p003,37.1626,25,516,RLPolicy,1,1,0.039831,2.16183,3.50656,6,4.91114,16,288,4.24057,510,0.985237
E3-Strict-p003,37.1722,105,196,RLPolicy,1,1,0.0586512,3.46574,3.50656,7,4.72517,249,289,4.10885,510,0.974311
E3-Strict-p003,37.1722,336,444,RLPolicy,1,1,0.0851595,2.77259,3.50656,6,3.94694,152,281,3.45406,510,0.99633
E3-Strict-p003,37.1727,212,349,RLPolicy,1,1,0.0736915,3.46574,3.50656,7,4.49823,228,271,4.141,510,0.99266
E3-Strict-p003,37.1778,271,50,RLPolicy,1,1,0.0905914,2.77259,3.50656,6,4.4583,28,342,3.7442,510,0.978593
E3-Strict-p003,37.1857,143,261,RLPolicy,1,1,0.0655548,3.46574,3.50656,7,5.67069,57,195,5.1113,510,0.999796
E3-Strict-p003,37.1872,301,301,RLPolicy,0,0,0,0,3.50656,1,3.17607,7,7,3.12953,510,1
E3-Strict-p003,37.1884,184,425,RLPolicy,1,1,0.0508006,3.46574,3.50656,7,3.9218,191,352,3.57877,510,0.974515
E3-Strict-p003,37.1928,289,289,RLPolicy,0,0,0,0,3.50656,1,3.69575,9,9,3.6519,510,0.992864
E3-Strict-p003,37.1961,109,313,RLPolicy,1,1,0.0527829,3.46574,3.50656,7,3.15801,241,259,2.92179,510,0.995355
E3-Strict-p003,37.1967,334,239,RLPolicy,1,1,0.0980459,2.77259,3.50656,6,5.07828,118,282,4.5186,510,0.99633
E3-Strict-p003,37.2053,76,478,RLPolicy,1,1,0.0388037,3.46574,3.50656,7,8.41481,37,324,7.7648,512,0.976299
E3-Strict-p003,37.2057,207,418,RLPolicy,1,1,0.0626294,2.77259,3.50656,6,4.72095,22,293,4.14028,512,0.988582
E3-Strict-p003,37.2107,115,263,RLPolicy,1,1,0.0566609,3.46574,3.50656,7,4.65275,173,339,4.16191,512,0.984912
E3-Strict-p003,37.2114,342,129,RLPolicy,1,1,0.0927368,3.46574,3.50656,7,3.76125,156,348,3.36998,512,0.999796
E3-Strict-p003,37.2186,252,295,RLPolicy,1,1,0.0790225,3.46574,3.50656,7,3.35725,310,317,3.07743,512,0.992456
E3-Strict-p003,37.2194,206,249,RLPolicy,1,1,0.0799347,3.46574,3.50656,7,4.01896,137,190,3.70595,512,0.995514
E3-Strict-p003,37.2259,54,54,RLPolicy,0,0,0,0,3.50656,1,3.19111,6,6,3.1505,512,0.999592
E3-Strict-p003,37.2315,38,38,RLPolicy,0,0,0,0,3.50656,1,3.97687,56,56,3.92066,512,0.976159
E3-Strict-p003,37.237,66,245,RLPolicy,1,1,0.0483403,2.54945,3.50656,6,4.79178,47,245,4.06199,512,0.969523
E3-Strict-p003,37.2406,232,232,RLPolicy,0,0,0,0,3.50656,1,3.61988,53,53,3.56966,512,0.996126
E3-Strict-p003,37.242,50,487,RLPolicy,1,1,0.0440103,2.07944,3.50656,5,4.37282,0,268,3.85865,512,0.971049
E3-Strict-p003,37.2423,52,30,RLPolicy,1,1,0.0451161,2.77259,3.50656,6,5.76706,63,313,5.35152,512,0.96371
E3-Strict-p003,37.2588,362,50,RLPolicy,1,1,0.0897652,2.07944,3.50656,5,4.74596,0,193,4.2347,512,0.992864
E3-Strict-p003,37.2636,39,34,RLPolicy,1,1,0.0360708,2.77259,3.50656,6,4.99256,23,289,4.2993,512,0.975339
E3-Strict-p003,37.2674,162,323,RLPolicy,1,1,0.0614968,3.46574,3.50656,7,3.92542,215,239,3.51154,512,0.995922
E3-Strict-p003,37.2725,95,234,RLPolicy,1,1,0.0508835,1.38629,3.50656,4,5.07624,0,168,4.62865,512,0.963914
E3-Strict-p003,37.2736,179,103,RLPolicy,1,1,0.0722177,2.77259,3.50656,6,3.99893,89,237,3.38062,512,0.985117
E3-Strict-p003,37.2751,293,334,RLPolicy,1,1,0.0780681,3.46574,3.50656,7,4.83271,68,368,4.33674,512,0.995922
E3-Strict-p003,37.2755,300,323,RLPolicy,1,1,0.0784768,3.46574,3.50656,7,4.41467,150,356,4.05395,512,0.995922
E3-Strict-p003,37.2812,157,196,RLPolicy,1,1,0.0669301,3.46574,3.50656,7,4.75424,183,198,4.35416,512,0.984346
E3-Strict-p003,37.2872,59,274,RLPolicy,1,1,0.0449051,1.38629,3.50656,4,4.09473,0,140,3.51934,512,0.978389
E3-Strict-p003,37.2954,169,211,RLPolicy,1,1,0.0543761,2.07944,3.50656,5,4.56346,0,214,4.03617,512,0.964322
E3-Strict-p003,37.3079,114,114,RLPolicy,0,0,0,0,3.50656,1,2.79484,3,3,2.75677,514,1
E3-Strict-p003,37.3116,49,49,RLPolicy,0,0,0,0,3.50656,1,2.71037,11,11,2.66505,514,0.994559
E3-Strict-p003,37.3148,170,347,RLPolicy,1,1,0.0521723,0.693147,3.50656,3,3.29652,0,52,3.20352,514,0.971662
E3-Strict-p003,37.317,68,68,RLPolicy,0,0,0,0,3.50656,1,2.99854,12,12,2.96298,514,0.985321
E3-Strict-p003,37.3184,86,393,RLPolicy,1,1,0.0473568,3.46574,3.50656,7,3.98277,181,203,3.63783,514,0.995718
E3-Strict-p003,37.3208,153,434,RLPolicy,1,1,0.0440589,3.46574,3.50656,7,5.3946,87,343,4.66198,514,0.981447
E3-Strict-p003,37.3289,255,255,RLPolicy,0,0,0,0,3.50656,1,3.32962,36,36,3.27276,514,0.999796
E3-Strict-p003,37.3298,145,145,RLPolicy,0,0,0,0,3.50656,1,3.87834,68,68,3.80422,514,0.999796
E3-Strict-p003,37.3315,218,515,RLPolicy,1,1,0.0578691,3.46574,3.50656,7,4.73454,39,351,4.13836,514,0.987423
E3-Strict-p003,37.3345,285,350,RLPolicy,1,1,0.0961027,3.46574,3.50656,7,4.15776,321,364,3.86931,514,0.996126
E3-Strict-p003,37.3471,1,26,RLPolicy,1,1,0.0299531,2.39544,3.50656,7,3.88908,23,139,3.66952,514,0.974073
E3-Strict-p003,37.3517,333,165,RLPolicy,1,1,0.086314,2.77259,3.50656,6,3.74329,2,228,3.35153,514,0.996126
E3-Strict-p003,37.3654,7,67,RLPolicy,1,1,0.0484175,2.77259,3.50656,6,4.87289,103,278,4.25268,514,0.967504
E3-Strict-p003,37.3675,259,207,RLPolicy,1,1,0.0631026,2.77259,3.50656,6,3.96854,82,188,3.55349,514,0.996126
E3-Strict-p003,37.3688,183,111,RLPolicy,1,1,0.0716755,3.46574,3.50656,7,4.86487,125,363,4.40253,514,0.992456
E3-Strict-p003,37.3742,226,26,RLPolicy,1,1,0.0683062,3.46574,3.50656,7,4.20031,142,155,3.88293,514,0.988582
E3-Strict-p003,37.3766,240,240,RLPolicy,0,0,0,0,3.50656,1,3.41959,27,27,3.3654,514,0.99189
E3-Strict-p003,37.377,370,104,RLPolicy,1,1,0.097462,3.46574,3.50656,7,4.51001,223,375,3.85989,514,0.999796
E3-Strict-p003,37.3904,307,140,RLPolicy,1,1,0.0944397,3.46574,3.50656,7,3.68559,217,237,3.32611,514,0.996126
E3-Strict-p003,37.3911,8,8,RLPolicy,0,0,0,0,3.50656,1,4.90668,70,70,4.81112,514,0.989814
E3-Strict-p003,37.3978,273,273,RLPolicy,0,0,0,0,3.50656,1,3.90843,85,85,3.76415,514,0.998821
E3-Strict-p003,37.3987,193,133,RLPolicy,1,1,0.0624103,3.46574,3.50656,7,3.67291,186,283,3.30412,514,0.992252
E3-Strict-p003,37.3997,280,280,RLPolicy,0,0,0,0,3.50656,1,3.79858,2,2,3.74362,514,0.989399
E3-Strict-p003,37.4003,225,511,RLPolicy,1,1,0.0808882,3.46574,3.50656,7,4.28186,271,292,3.87367,515,0.992048
E3-Strict-p003,37.4027,204,191,RLPolicy,1,1,0.0631928,3.46574,3.50656,7,5.43546,52,278,4.75981,515,0.99296
E3-Strict-p003,37.4044,155,175,RLPolicy,1,1,0.0526288,2.77259,3.50656,6,3.43998,73,152,3.1814,515,0.988582
E3-Strict-p003,37.4077,365,509,RLPolicy,1,1,0.0959821,3.46574,3.50656,7,6.99862,112,347,6.33164,515,0.999796
E3-Strict-p003,37.4143,97,81,RLPolicy,1,1,0.05354,2.26176,3.50656,5,8.00766,23,131,7.70762,515,0.979505
E3-Strict-p003,37.4152,352,352,RLPolicy,0,0,0,0,3.50656,1,3.52567,45,45,3.46879,515,1
E3-Strict-p003,37.416,17,275,RLPolicy,1,1,0.0403783,3.24274,3.50656,8,3.00684,267,375,2.71498,515,0.99167
E3-Strict-p003,37.4189,103,251,RLPolicy,1,1,0.0410758,3.46574,3.50656,7,3.63468,81,346,3.26822,515,0.999184
E3-Strict-p003,37.4222,189,340,RLPolicy,1,1,0.0650414,3.46574,3.50656,7,3.76141,48,262,3.35829,515,0.984912
E3-Strict-p003,37.4255,67,482,RLPolicy,1,1,0.0478341,3.46574,3.50656,7,3.64823,123,318,3.29841,515,0.967584
E3-Strict-p003,37.4282,275,17,RLPolicy,1,1,0.0926743,3.46574,3.50656,7,3.88045,221,320,3.55154,515,0.988786
E3-Strict-p003,37.431,242,469,RLPolicy,1,1,0.0872809,3.46574,3.50656,7,3.63055,280,307,3.28497,515,0.981855
E3-Strict-p003,37.4477,297,297,RLPolicy,0,0,0,0,3.50656,1,4.49766,53,53,4.42189,515,0.999592
E3-Strict-p003,37.4573,74,266,RLPolicy,1,1,0.0464501,0.693147,3.50656,3,4.40253,0,158,4.08838,515,0.969145
E3-Strict-p003,37.4602,65,217,RLPolicy,1,1,0.044196,2.95491,3.50656,6,3.68597,129,151,3.48157,515,0.989698
E3-Strict-p003,37.4676,180,237,RLPolicy,1,1,0.0629775,2.07944,3.50656,5,3.32501,1,105,3.12439,515,0.990106
E3-Strict-p003,37.4684,61,185,RLPolicy,1,1,0.0519765,2.77259,3.50656,6,3.72707,4,271,3.33507,515,0.981855
E3-Strict-p003,37.4743,159,159,RLPolicy,0,0,0,0,3.50656,1,4.01384,15,15,3.93736,515,0.982059
E3-Strict-p003,37.4768,359,359,RLPolicy,0,0,0,0,3.50656,1,4.02958,56,56,3.83858,515,1
E3-Strict-p003,37.4795,276,511,RLPolicy,1,1,0.0688545,2.77259,3.50656,6,4.56186,19,249,3.92872,515,0.996126
E3-Strict-p003,37.4817,48,315,RLPolicy,1,1,0.0423997,3.46574,3.50656,7,4.15346,162,269,3.66287,515,0.964825
E3-Strict-p003,37.4869,288,155,RLPolicy,1,1,0.0760572,3.46574,3.50656,7,4.58594,40,249,4.1791,515,0.999592
E3-Strict-p003,37.4918,101,101,RLPolicy,0,0,0,0,3.50656,1,3.32471,21,21,3.28143,515,0.988786
E3-Strict-p003,37.4921,308,308,RLPolicy,0,0,0,0,3.50656,1,3.01575,12,12,2.96804,515,1
E3-Strict-p003,37.4956,147,335,RLPolicy,1,1,0.0521332,3.46574,3.50656,7,5.05925,109,422,4.44113,515,0.996101
E3-Strict-p003,37.5034,55,52,RLPolicy,1,1,0.0407107,2.77259,3.50656,6,3.51329,12,248,3.0555,518,0.98899
E3-Strict-p003,37.5068,237,229,RLPolicy,1,1,0.08579,3.46574,3.50656,7,5.64343,276,312,5.29354,518,0.995718
E3-Strict-p003,37.5136,125,63,RLPolicy,1,1,0.055904,2.61844,3.50656,6,3.81782,131,303,3.45037,518,0.973923
E3-Strict-p003,37.5143,93,53,RLPolicy,1,1,0.0405588,0.693147,3.50656,3,4.35294,0,135,4.07528,518,0.971662
E3-Strict-p003,37.5147,53,53,RLPolicy,0,0,0,0,3.50656,1,2.85485,49,49,2.82358,518,0.994395
E3-Strict-p003,37.5191,245,387,RLPolicy,1,1,0.0846868,3.46574,3.50656,7,3.65931,162,181,3.40383,518,0.99438
E3-Strict-p003,37.5226,44,372,RLPolicy,1,1,0.0354253,2.85497,3.50656,7,5.42187,69,364,4.90555,518,0.989319
E3-Strict-p003,37.5304,0,216,RLPolicy,1,1,0.0309058,0.387766,3.50656,3,4.314,0,137,4.1165,518,0.974016
E3-Strict-p003,37.5375,200,200,RLPolicy,0,0,0,0,3.50656,1,3.34656,50,50,3.30357,518,0.982059
E3-Strict-p003,37.5395,329,329,RLPolicy,0,0,0,0,3.50656,1,3.26381,44,44,3.22528,518,1
E3-Strict-p003,37.5406,258,366,RLPolicy,1,1,0.07144,3.46574,3.50656,7,4.14078,143,303,3.39448,518,0.988786
E3-Strict-p003,37.5422,118,349,RLPolicy,1,1,0.0601349,3.46574,3.50656,7,4.30384,54,378,3.90622,518,0.977981
E3-Strict-p003,37.5444,364,454,RLPolicy,1,1,0.107521,2.07944,3.50656,5,6.22722,0,40,6.02401,518,0.992864
E3-Strict-p003,37.5451,349,170,RLPolicy,1,1,0.0888668,2.61844,3.50656,6,7.51474,94,246,6.99474,518,0.995559
E3-Strict-p003,37.547,91,372,RLPolicy,1,1,0.0458962,3.46574,3.50656,7,4.77508,120,446,4.27742,518,0.970845
E3-Strict-p003,37.5601,205,205,RLPolicy,0,0,0,0,3.50656,1,4.41334,64,64,4.34531,518,0.98899
E3-Strict-p003,37.5619,210,210,RLPolicy,0,0,0,0,3.50656,1,4.54338,11,11,4.49213,518,0.999592
E3-Strict-p003,37.5949,224,32,RLPolicy,1,1,0.0588267,2.07944,3.50656,5,4.71185,0,214,4.36654,518,0.953925
E3-Strict-p003,37.6066,304,308,RLPolicy,1,1,0.0782038,1.38629,3.50656,4,8.06789,0,106,7.81794,518,0.982059
E3-Strict-p003,37.6104,211,439,RLPolicy,1,1,0.0656875,3.46574,3.50656,7,4.65285,256,283,4.02452,518,0.995922
E3-Strict-p003,37.6257,278,278,RLPolicy,0,0,0,0,3.50656,1,4.59485,57,57,4.52538,518,0.982059
E3-Strict-p003,37.6301,284,483,RLPolicy,1,1,0.0781555,3.46574,3.50656,7,8.42694,166,266,7.69915,518,0.985525
E3-Strict-p003,37.6306,223,223,RLPolicy,0,0,0,0,3.50656,1,4.18271,60,60,4.13388,518,0.999592
E3-Strict-p003,37.6356,117,15,RLPolicy,1,1,0.0432097,0.693147,3.50656,3,3.60007,0,94,3.44379,518,0.967788
E3-Strict-p003,37.6367,137,527,RLPolicy,1,1,0.0514445,2.07944,3.50656,5,6.66518,0,36,6.50395,518,0.978185
E3-Strict-p003,37.6371,353,353,RLPolicy,0,0,0,0,3.50656,1,2.45015,4,4,2.41905,518,1
E3-Strict-p003,37.6374,317,284,RLPolicy,1,1,0.0824185,3.46574,3.50656,7,3.3346,90,322,3.09499,518,0.99266
E3-Strict-p003,37.6516,89,413,RLPolicy,1,1,0.0484211,3.46574,3.50656,7,4.67285,263,271,4.3092,518,0.981038
E3-Strict-p003,37.652,312,423,RLPolicy,1,1,0.0776099,3.46574,3.50656,7,4.1622,99,363,3.83033,518,0.999592
E3-Strict-p003,37.6577,302,266,RLPolicy,1,1,0.0822125,2.61844,3.50656,6,5.63837,43,297,5.09414,518,0.987449
E3-Strict-p003,37.6757,83,8,RLPolicy,1,1,0.0543864,3.46574,3.50656,7,5.37203,169,328,4.82322,518,0.976235
E3-Strict-p003,37.6803,60,253,RLPolicy,1,1,0.0499305,3.46574,3.50656,7,3.99072,115,360,3.56444,518,0.994395
E3-Strict-p003,37.6869,35,185,RLPolicy,1,1,0.0415943,2.16183,3.50656,6,5.69892,15,294,5.08259,518,0.975335
E3-Strict-p003,37.6915,199,199,RLPolicy,0,0,0,0,3.50656,1,3.30986,68,68,3.26282,518,0.996126
E3-Strict-p003,37.6957,356,371,RLPolicy,1,1,0.0890347,2.77259,3.50656,6,4.83057,62,209,4.31225,518,0.99633
E3-Strict-p003,37.7018,11,11,RLPolicy,0,0,0,0,3.50656,1,3.68441,15,15,3.64338,522,0.993484
E3-Strict-p003,37.7018,129,129,RLPolicy,0,0,0,0,3.50656,1,3.35068,21,21,3.3201,522,0.985321
E3-Strict-p003,37.7308,131,131,RLPolicy,0,0,0,0,3.50656,1,3.55897,37,37,3.5174,522,0.978389
E3-Strict-p003,37.733,116,240,RLPolicy,1,1,0.0593653,2.07944,3.50656,5,5.55194,0,171,5.03589,522,0.963914
E3-Strict-p003,37.7352,341,341,RLPolicy,0,0,0,0,3.50656,1,2.95671,12,12,2.91228,522,1
E3-Strict-p003,37.7398,27,154,RLPolicy,1,1,0.0414975,2.85497,3.50656,7,4.37317,67,354,3.95109,522,0.950591
E3-Strict-p003,37.7564,216,461,RLPolicy,1,1,0.0804199,3.46574,3.50656,7,4.26489,356,364,3.87411,522,0.992813
E3-Strict-p003,37.7683,73,326,RLPolicy,1,1,0.0428339,3.15743,3.50656,7,5.32145,133,339,4.76358,522,0.973178
E3-Strict-p003,37.7693,82,408,RLPolicy,1,1,0.0482751,0.693147,3.50656,3,4.83295,0,148,4.56089,522,0.974719
E3-Strict-p003,37.7701,305,362,RLPolicy,1,1,0.0958368,3.46574,3.50656,7,4.82972,222,244,4.48729,522,0.999592
E3-Strict-p003,37.7822,144,138,RLPolicy,1,1,0.0524647,2.77259,3.50656,6,4.5137,108,246,4.0643,522,0.978389
E3-Strict-p003,37.7883,313,313,RLPolicy,0,0,0,0,3.50656,1,3.66896,67,67,3.60734,522,0.992864
E3-Strict-p003,37.7919,141,141,RLPolicy,0,0,0,0,3.50656,1,4.18134,66,66,4.10574,522,0.996126
E3-Strict-p003,37.799,265,265,RLPolicy,0,0,0,0,3.50656,1,3.58929,72,72,3.53072,522,0.982059
E3-Strict-p003,37.8016,340,231,RLPolicy,1,1,0.0861893,3.46574,3.50656,7,3.77122,97,357,3.30917,522,0.999592
E3-Strict-p003,37.8182,298,276,RLPolicy,1,1,0.0746699,2.07944,3.50656,5,12.1089,0,173,11.7193,522,0.98899
E3-Strict-p003,37.8217,138,38,RLPolicy,1,1,0.0493151,2.77259,3.50656,6,8.73234,74,373,8.27624,522,0.985117
E3-Strict-p003,37.8227,94,102,RLPolicy,1,1,0.0431254,2.77259,3.50656,6,8.2412,2,266,7.75791,522,0.977981
E3-Strict-p003,37.8236,5,5,RLPolicy,0,0,0,0,3.50656,1,3.59282,65,65,3.5441,522,0.988786
E3-Strict-p003,37.8249,113,218,RLPolicy,1,1,0.0588947,3.46574,3.50656,7,3.75605,66,420,3.38475,522,0.960244
E3-Strict-p003,37.826,381,270,RLPolicy,1,1,0.0962897,2.77259,3.50656,6,4.28903,90,265,3.73502,522,0.99633
E3-Strict-p003,37.8274,372,372,RLPolicy,0,0,0,0,3.50656,1,3.63649,82,82,3.59462,522,1
E3-Strict-p003,37.8346,92,92,RLPolicy,0,0,0,0,3.50656,1,4.10342,22,22,4.02414,522,0.995718
E3-Strict-p003,37.8435,238,175,RLPolicy,1,1,0.0703829,3.46574,3.50656,7,4.47719,38,56,4.03111,522,0.999796
E3-Strict-p003,37.8444,209,209,RLPolicy,0,0,0,0,3.50656,1,4.02165,4,4,3.97335,522,1
E3-Strict-p003,37.8562,22,5,RLPolicy,1,1,0.0304128,3.46574,3.50656,7,4.01674,215,241,3.77764,522,0.958603
E3-Strict-p003,37.8632,34,328,RLPolicy,1,1,0.0416204,2.46721,3.50656,6,5.98958,57,292,5.33678,522,0.960977
E3-Strict-p003,37.8659,345,278,RLPolicy,1,1,0.0938403,2.07944,3.50656,5,4.35247,1,180,3.84453,522,0.989195
E3-Strict-p003,37.8681,233,385,RLPolicy,1,1,0.0621547,3.46574,3.50656,7,4.99865,73,369,4.35956,522,0.999796
E3-Strict-p003,37.8711,323,323,RLPolicy,0,0,0,0,3.50656,1,3.89829,46,46,3.74596,2,0.99633
E3-Strict-p003,37.8791,58,312,RLPolicy,1,1,0.0512091,2.07944,3.50656,5,4.6437,2,291,4.0115,522,0.95199
E3-Strict-p003,37.8816,219,404,RLPolicy,1,1,0.073335,3.46574,3.50656,7,5.53658,200,242,4.8242,522,0.998979
E3-Strict-p003,37.8828,367,367,RLPolicy,0,0,0,0,3.50656,1,3.85243,71,71,3.78687,522,1
E3-Strict-p003,37.8914,310,155,RLPolicy,1,1,0.0827847,3.46574,3.50656,7,4.95696,48,303,4.42544,522,0.999388
E3-Strict-p003,37.9042,303,303,RLPolicy,0,0,0,0,3.50656,1,2.59493,11,11,2.563,522,0.99633
E3-Strict-p003,37.9265,104,26,RLPolicy,1,1,0.0488044,3.46574,3.50656,7,7.62473,241,255,7.13017,522,0.995922
E3-Strict-p003,37.9317,268,157,RLPolicy,1,1,0.0769565,2.77259,3.50656,6,4.20123,3,188,3.87229,522,0.974923
E3-Strict-p003,37.9342,186,196,RLPolicy,1,1,0.0602647,2.77259,3.50656,6,5.17705,99,230,4.74134,522,0.985117
E3-Strict-p003,37.9415,253,511,RLPolicy,1,1,0.0747643,2.77259,3.50656,6,3.95401,17,266,3.54259,522,0.992456
E3-Strict-p003,37.9492,214,331,RLPolicy,1,1,0.0604961,3.31159,3.50656,7,5.0846,31,366,4.50575,522,0.988016
E3-Strict-p003,37.9545,130,407,RLPolicy,1,1,0.0646719,3.46574,3.50656,7,3.65359,206,234,3.41509,522,0.982059
E3-Strict-p003,37.9686,281,392,RLPolicy,1,1,0.0902929,3.46574,3.50656,7,3.77385,125,251,3.49623,522,0.999388
E3-Strict-p003,37.9704,175,124,RLPolicy,1,1,0.0702717,3.46574,3.50656,7,4.55529,78,155,4.16136,522,0.995514
E3-Strict-p003,37.9719,41,113,RLPolicy,1,1,0.0437959,2.46721,3.50656,6,5.33074,38,316,4.61451,522,0.960762
E3-Strict-p003,37.9815,69,246,RLPolicy,1,1,0.0473373,3.46574,3.50656,7,5.11741,237,259,4.60863,522,0.988174
E3-Strict-p003,37.9821,42,486,RLPolicy,1,1,0.00732343,3.46574,3.50656,7,4.36641,157,167,4.11055,522,0.991137
E3-Strict-p003,37.9823,311,132,RLPolicy,1,1,0.0953353,3.46574,3.50656,7,6.03963,225,255,5.61224,522,0.999796
E3-Strict-p003,37.9829,152,200,RLPolicy,1,1,0.0469091,1.38629,3.50656,4,4.73453,0,70,4.46603,522,0.985321
E3-Strict-p003,37.9855,202,202,RLPolicy,0,0,0,0,3.50656,1,3.6627,50,50,3.6022,522,0.985525
E3-Strict-p003,38.0003,168,340,RLPolicy,1,1,0.0562972,3.46574,3.50656,7,5.52741,53,301,5.07086,525,0.981651
E3-Strict-p003,38.0027,111,326,RLPolicy,1,1,0.0586062,3.46574,3.50656,7,3.94557,149,340,3.6232,525,0.995514
E3-Strict-p003,38.0119,30,205,RLPolicy,1,1,0.0447041,3.31205,3.50656,9,4.40834,396,410,3.94976,525,0.985865
E3-Strict-p003,38.0153,21,132,RLPolicy,1,1,0.0414368,2.93736,3.50656,8,5.09996,259,326,4.50313,525,0.967001
E3-Strict-p003,38.0171,24,273,RLPolicy,1,1,0.0419228,2.93736,3.50656,8,4.30999,101,494,3.69146,525,0.991753
E3-Strict-p003,38.0191,10,139,RLPolicy,1,1,0.0344554,3.16035,3.50656,7,4.16593,54,142,3.77294,525,0.977898
E3-Strict-p003,38.0217,161,80,RLPolicy,1,1,0.0616357,2.77259,3.50656,6,4.82967,95,185,4.35145,525,0.978389
E3-Strict-p003,38.0235,98,98,RLPolicy,0,0,0,0,3.50656,1,4.74711,34,34,4.67643,525,0.964526
E3-Strict-p003,38.0273,2,325,RLPolicy,1,1,0.0254847,1.38629,3.50656,4,3.718,0,129,3.52529,525,0.981651
E3-Strict-p003,38.0348,4,282,RLPolicy,1,1,0.0364388,3.46574,3.50656,7,3.90271,187,210,3.43553,525,0.971665
E3-Strict-p003,38.0396,29,48,RLPolicy,1,1,0.0365349,3.16035,3.50656,7,4.35577,201,224,3.98888,525,0.985029
E3-Strict-p003,38.0422,266,534,RLPolicy,1,1,0.0669344,3.46574,3.50656,7,3.90258,81,404,3.53542,525,0.988786
E3-Strict-p003,38.0519,64,215,RLPolicy,1,1,0.0503871,3.46574,3.50656,7,4.30769,284,312,3.84464,525,0.93945
E3-Strict-p003,38.0685,181,518,RLPolicy,1,1,0.0701553,3.46574,3.50656,7,3.99089,68,166,3.55087,525,0.996126
E3-Strict-p003,38.0857,136,526,RLPolicy,1,1,0.062421,2.77259,3.50656,6,4.96961,17,299,4.22154,525,0.995718
E3-Strict-p003,38.0962,234,445,RLPolicy,1,1,0.0710528,3.46574,3.50656,7,5.15437,230,349,4.4784,525,0.988786
E3-Strict-p003,38.1025,75,26,RLPolicy,1,1,0.0444711,1.92529,3.50656,5,3.64348,0,162,3.2816,528,0.979905
E3-Strict-p003,38.1118,267,267,RLPolicy,0,0,0,0,3.50656,1,3.33909,62,62,3.28457,528,0.998617
E3-Strict-p003,38.1153,107,229,RLPolicy,1,1,0.05946,3.46574,3.50656,7,7.98781,361,393,7.67751,528,0.992252
E3-Strict-p003,38.1204,357,360,RLPolicy,1,1,0.0863019,2.07944,3.50656,5,3.14022,0,38,2.96125,528,0.992864
E3-Strict-p003,38.1207,57,70,RLPolicy,1,1,0.0445334,2.77259,3.50656,6,3.22523,33,124,2.90171,528,0.994395
E3-Strict-p003,38.1317,272,314,RLPolicy,1,1,0.0844787,3.46574,3.50656,7,4.22318,201,257,3.9497,528,0.992456
E3-Strict-p003,38.134,150,58,RLPolicy,1,1,0.0651479,3.46574,3.50656,7,4.25441,324,354,3.83562,528,0.990711
E3-Strict-p003,38.1342,346,501,RLPolicy,1,1,0.101699,3.46574,3.50656,7,3.35944,79,183,2.95612,528,0.999592
E3-Strict-p003,38.1387,151,75,RLPolicy,1,1,0.0628899,2.77259,3.50656,6,4.22974,38,238,3.80566,528,0.985117
E3-Strict-p003,38.1418,254,254,RLPolicy,0,0,0,0,3.50656,1,3.89066,71,71,3.83575,528,0.99266
E3-Strict-p003,38.1459,122,122,RLPolicy,0,0,0,0,3.50656,1,4.13539,62,62,4.05077,528,0.978185
E3-Strict-p003,38.1549,366,124,RLPolicy,1,1,0.0929306,3.46574,3.50656,7,4.68741,228,389,4.17674,528,0.999796
E3-Strict-p003,38.1572,236,295,RLPolicy,1,1,0.0572196,1.38629,3.50656,4,4.54444,0,218,4.10767,528,0.974923
E3-Strict-p003,38.159,387,387,RLPolicy,0,0,0,0,3.50656,1,3.2215,6,6,3.17515,528,1
E3-Strict-p003,38.1677,321,388,RLPolicy,1,1,0.104063,3.31159,3.50656,7,3.83569,160,171,3.46261,528,0.990348
E3-Strict-p003,38.1727,227,309,RLPolicy,1,1,0.0556235,3.46574,3.50656,7,5.04618,93,377,4.47162,528,0.995718
E3-Strict-p003,38.1834,31,31,RLPolicy,0,0,0,0,3.50656,1,3.28641,65,65,3.24074,528,0.984215
E3-Strict-p003,38.1922,269,269,RLPolicy,0,0,0,0,3.50656,1,3.41612,73,73,3.36889,528,0.999592
E3-Strict-p003,38.1944,320,320,RLPolicy,0,0,0,0,3.50656,1,2.73458,12,12,2.70216,528,0.999796
E3-Strict-p003,38.2034,344,344,RLPolicy,0,0,0,0,3.50656,1,3.10963,9,9,3.07332,529,0.999796
E3-Strict-p003,38.2067,377,488,RLPolicy,1,1,0.094397,3.46574,3.50656,7,5.37409,184,387,4.777,529,0.999796
E3-Strict-p003,38.207,369,369,RLPolicy,0,0,0,0,3.50656,1,3.14846,7,7,3.10864,529,1
E3-Strict-p003,38.208,222,347,RLPolicy,1,1,0.0619797,0.693147,3.50656,3,4.58102,0,91,4.34899,529,0.95662
E3-Strict-p003,38.2105,215,215,RLPolicy,0,0,0,0,3.50656,1,3.86136,9,9,3.80961,529,0.992252
E3-Strict-p003,38.2109,33,463,RLPolicy,1,1,0.0413135,2.54959,3.50656,7,4.25297,104,292,3.67975,529,0.959454
E3-Strict-p003,38.2271,286,286,RLPolicy,0,0,0,0,3.50656,1,4.12939,25,25,4.08142,529,0.995355
E3-Strict-p003,38.2292,160,160,RLPolicy,0,0,0,0,3.50656,1,8.67054,10,10,8.61313,529,1
E3-Strict-p003,38.2314,228,228,RLPolicy,0,0,0,0,3.50656,1,3.78239,1,1,3.73077,529,1
E3-Strict-p003,38.2357,71,508,RLPolicy,1,1,0.042249,2.77259,3.50656,6,4.01111,21,71,3.79318,529,0.995514
E3-Strict-p003,38.2418,70,449,RLPolicy,1,1,0.0425751,2.77259,3.50656,6,4.32347,82,197,3.56853,529,0.974107
E3-Strict-p003,38.2464,174,494,RLPolicy,1,1,0.0652425,3.46574,3.50656,7,5.35203,263,300,4.81919,529,0.995514
E3-Strict-p003,38.2475,221,276,RLPolicy,1,1,0.0761884,0.693147,3.50656,3,4.16713,0,154,3.86933,529,0.971458
E3-Strict-p003,38.2523,274,17,RLPolicy,1,1,0.0970174,2.77259,3.50656,6,4.35473,86,190,4.04238,529,0.977618
E3-Strict-p003,38.2535,203,203,RLPolicy,0,0,0,0,3.50656,1,3.45592,66,66,3.39252,529,0.995922
E3-Strict-p003,38.2606,231,340,RLPolicy,1,1,0.0708401,3.46574,3.50656,7,5.48927,51,309,4.90435,529,0.988582
E3-Strict-p003,38.2636,84,185,RLPolicy,1,1,0.0423128,2.77259,3.50656,6,5.69963,47,304,5.13803,529,0.985117
E3-Strict-p003,38.2655,247,229,RLPolicy,1,1,0.0714813,3.31159,3.50656,7,4.18389,70,376,3.87485,529,0.991481
E3-Strict-p003,38.2688,148,148,RLPolicy,0,0,0,0,3.50656,1,4.94266,3,3,4.86872,529,1
E3-Strict-p003,38.2716,149,280,RLPolicy,1,1,0.0664362,3.46574,3.50656,7,5.72343,208,265,5.21148,529,0.974515
E3-Strict-p003,38.2759,270,270,RLPolicy,0,0,0,0,3.50656,1,3.78995,54,54,3.69263,529,0.996126
E3-Strict-p003,38.2853,182,182,RLPolicy,0,0,0,0,3.50656,1,4.04896,70,70,3.96824,529,0.992048
E3-Strict-p003,38.2894,325,91,RLPolicy,1,1,0.0869371,3.46574,3.50656,7,4.57582,111,453,3.92515,529,0.996126
E3-Strict-p003,38.2992,120,120,RLPolicy,0,0,0,0,3.50656,1,3.27883,10,10,3.19202,529,1
E3-Strict-p003,38.302,87,98,RLPolicy,1,1,0.0542955,2.77259,3.50656,6,4.93176,9,310,4.31479,531,0.971049
E3-Strict-p003,38.3133,100,170,RLPolicy,1,1,0.0542416,2.31014,3.50656,6,10.0622,121,275,9.60943,531,0.966037
E3-Strict-p003,38.3158,167,131,RLPolicy,1,1,0.0566189,3.46574,3.50656,7,5.10866,94,390,4.62596,531,0.992252
E3-Strict-p003,38.3178,158,500,RLPolicy,1,1,0.049063,2.07944,3.50656,5,5.22797,1,145,4.77964,531,0.988582
E3-Strict-p003,38.3201,197,480,RLPolicy,1,1,0.0603021,2.95491,3.50656,6,3.78865,111,173,3.50066,531,0.986232
E3-Strict-p003,38.3245,23,47,RLPolicy,1,1,0.0395119,2.45413,3.50656,6,4.07458,100,263,3.76467,531,0.920368
E3-Strict-p003,38.3284,263,263,RLPolicy,0,0,0,0,3.50656,1,3.34239,69,69,3.29142,531,0.999796
E3-Strict-p003,38.3289,77,100,RLPolicy,1,1,0.0426686,1.38629,3.50656,4,4.319,0,152,4.0029,531,0.958703
E3-Strict-p003,38.3395,373,373,RLPolicy,0,0,0,0,3.50656,1,4.0123,20,20,3.95449,531,1
E3-Strict-p003,38.3412,79,79,RLPolicy,0,0,0,0,3.50656,1,3.95377,61,61,3.82155,5,0.995718
E3-Strict-p003,38.3419,32,384,RLPolicy,1,1,0.0412464,2.77259,3.50656,6,5.23378,39,287,4.53035,531,0.948144
E3-Strict-p003,38.3441,37,416,RLPolicy,1,1,0.0408906,2.93736,3.50656,8,4.221,163,328,3.67123,531,0.983094
E3-Strict-p003,38.3626,371,342,RLPolicy,1,1,0.10311,2.77259,3.50656,6,4.88396,87,240,4.25996,531,0.99633
E3-Strict-p003,38.383,251,350,RLPolicy,1,1,0.0698218,3.31159,3.50656,7,4.00639,212,326,3.64304,531,0.99361
E3-Strict-p003,38.3905,156,66,RLPolicy,1,1,0.0472447,2.77259,3.50656,6,9.80988,29,360,9.31875,531,0.96738
E3-Strict-p003,38.3966,388,135,RLPolicy,1,1,0.0965493,2.77259,3.50656,6,3.85808,41,140,3.45621,531,0.99633
E3-Strict-p003,38.3991,176,176,RLPolicy,0,0,0,0,3.50656,1,3.99508,7,7,3.94511,531,0.992252
E3-Strict-p003,38.3999,294,18,RLPolicy,1,1,0.0864208,3.46574,3.50656,7,4.6596,312,346,4.32354,531,0.995922
E3-Strict-p003,38.4188,112,419,RLPolicy,1,1,0.0591804,3.46574,3.50656,7,9.80983,261,298,9.34088,533,0.956594
E3-Strict-p003,38.42,121,105,RLPolicy,1,1,0.00728837,3.46574,3.50656,7,3.83166,195,216,3.408,533,0.999592
E3-Strict-p003,38.4272,177,92,RLPolicy,1,1,0.0511252,2.77259,3.50656,6,4.79602,65,210,4.43091,533,0.988582
E3-Strict-p003,38.4309,108,108,RLPolicy,0,0,0,0,3.50656,1,4.55866,48,48,4.49635,533,0.978593
E3-Strict-p003,38.431,283,283,RLPolicy,0,0,0,0,3.50656,1,3.55507,63,63,3.49794,533,0.99633
E3-Strict-p003,38.4315,355,538,RLPolicy,1,1,0.0902166,3.46574,3.50656,7,3.79878,274,305,3.49274,533,0.999796
E3-Strict-p003,38.4326,241,241,RLPolicy,0,0,0,0,3.50656,1,4.14983,12,12,4.08786,533,0.996126
E3-Strict-p003,38.4372,375,9,RLPolicy,1,1,0.107008,3.46574,3.50656,7,4.60903,257,279,4.23486,533,0.999796
E3-Strict-p003,38.4381,262,132,RLPolicy,1,1,0.0725046,2.77259,3.50656,6,4.09552,88,159,3.81087,533,0.988786
E3-Strict-p003,38.4453,287,308,RLPolicy,1,1,0.0956862,2.46429,3.50656,6,4.40185,67,153,4.18294,533,0.989577
E3-Strict-p003,38.4532,28,150,RLPolicy,1,1,0.0358023,3.24274,3.50656,8,4.24843,78,437,3.77888,533,0.970758
E3-Strict-p003,38.4663,72,166,RLPolicy,1,1,0.0484029,2.77259,3.50656,6,3.75561,23,73,3.53678,533,0.978185
E3-Strict-p003,38.4706,257,91,RLPolicy,1,1,0.067907,3.46574,3.50656,7,4.29044,63,382,3.82391,533,0.982059
E3-Strict-p003,38.4711,196,121,RLPolicy,1,1,0.0762373,3.46574,3.50656,7,3.69669,155,182,3.51878,533,0.988582
E3-Strict-p003,38.4741,332,332,RLPolicy,0,0,0,0,3.50656,1,3.5597,44,44,3.51717,533,0.989399
E3-Strict-p003,38.4759,324,206,RLPolicy,1,1,0.0856721,2.77259,3.50656,6,3.54954,72,200,3.29527,533,0.994585
E3-Strict-p003,38.4806,85,525,RLPolicy,1,1,0.0542824,3.46574,3.50656,7,4.0794,52,64,3.86957,533,0.992456
E3-Strict-p003,38.4809,18,100,RLPolicy,1,1,0.0400326,2.46721,3.50656,6,3.69849,59,274,3.37192,533,0.981152
E3-Strict-p003,38.4882,185,185,RLPolicy,0,0,0,0,3.50656,1,3.92717,40,40,3.87648,533,0.992252
E3-Strict-p003,38.4979,142,372,RLPolicy,1,1,0.0585226,3.31159,3.50656,7,3.99178,69,339,3.53951,533,0.973744
E3-Strict-p003,38.5044,6,6,RLPolicy,0,0,0,0,3.50656,1,3.62153,40,40,3.57418,532,0.97035
E3-Strict-p003,38.5082,128,38,RLPolicy,1,1,0.0612638,2.61844,3.50656,6,5.98784,74,396,5.49975,532,0.966221
E3-Strict-p003,38.5096,106,88,RLPolicy,1,1,0.0570045,3.46574,3.50656,7,5.10171,207,315,4.64594,532,0.995922
E3-Strict-p003,38.5138,166,166,RLPolicy,0,0,0,0,3.50656,1,4.06486,43,43,4.0034,532,0.999388
E3-Strict-p003,38.5143,250,250,RLPolicy,0,0,0,0,3.50656,1,4.46819,50,50,4.37834,532,0.995355
E3-Strict-p003,38.5148,78,78,RLPolicy,0,0,0,0,3.50656,1,3.2485,42,42,3.20183,532,0.981855
E3-Strict-p003,38.5169,127,196,RLPolicy,1,1,0.061829,3.46574,3.50656,7,4.1639,120,265,3.83344,532,0.991844
E3-Strict-p003,38.5313,124,72,RLPolicy,1,1,0.0557516,3.46574,3.50656,7,3.97752,162,178,3.8123,532,0.991844
E3-Strict-p003,38.5425,306,306,RLPolicy,0,0,0,0,3.50656,1,4.97225,23,23,4.87667,532,0.99266
E3-Strict-p003,38.5462,260,376,RLPolicy,1,1,0.0747121,3.46574,3.50656,7,4.10227,205,255,3.86448,532,0.992252
E3-Strict-p003,38.561,376,323,RLPolicy,1,1,0.0986141,3.46574,3.50656,7,4.54502,259,292,4.04052,532,0.999796
E3-Strict-p003,38.5737,339,380,RLPolicy,1,1,0.0904118,3.46574,3.50656,7,4.13556,298,327,3.70685,532,0.985729
E3-Strict-p003,38.5757,351,519,RLPolicy,1,1,0.106759,3.15743,3.50656,7,3.86463,149,246,3.47815,532,0.994585
E3-Strict-p003,38.5825,195,195,RLPolicy,0,0,0,0,3.50656,1,3.78788,65,65,3.73863,532,0.992048
E3-Strict-p003,38.5952,380,432,RLPolicy,1,1,0.0973222,2.61844,3.50656,6,4.16415,83,157,3.81791,532,0.995559
E3-Strict-p003,38.6005,119,96,RLPolicy,1,1,0.0617184,3.46574,3.50656,7,8.12775,98,376,7.4358,534,0.967175
E3-Strict-p003,38.602,47,47,RLPolicy,0,0,0,0,3.50656,1,4.34492,78,78,4.29289,534,0.986968
E3-Strict-p003,38.6026,13,509,RLPolicy,1,1,0.0518606,3.31159,3.50656,7,4.22251,137,389,3.73621,534,0.960973
E3-Strict-p003,38.6048,198,465,RLPolicy,1,1,0.0622418,2.77259,3.50656,6,3.48452,51,223,3.23977,534,0.988786
E3-Strict-p003,38.6064,163,237,RLPolicy,1,1,0.0649966,2.07944,3.50656,5,5.71303,1,156,5.32727,534,0.982059
E3-Strict-p003,38.6077,309,250,RLPolicy,1,1,0.090933,3.46574,3.50656,7,5.31559,277,325,4.76109,534,0.999388
E3-Strict-p003,38.6191,314,210,RLPolicy,1,1,0.102908,3.46574,3.50656,7,8.48792,142,178,8.16521,534,0.996126
E3-Strict-p003,38.6272,282,109,RLPolicy,1,1,0.0792996,3.46574,3.50656,7,4.41903,220,321,4.11081,534,0.995922
E3-Strict-p003,38.6307,135,350,RLPolicy,1,1,0.0619385,2.77259,3.50656,6,4.0945,131,267,3.56738,534,0.984708
E3-Strict-p003,38.6521,90,90,RLPolicy,0,0,0,0,3.50656,1,4.97253,33,33,4.91453,534,0.999592
E3-Strict-p003,38.6573,165,304,RLPolicy,1,1,0.0631052,2.77259,3.50656,6,4.137,79,202,3.76742,534,0.989532
E3-Strict-p003,38.6579,354,414,RLPolicy,1,1,0.105145,3.46574,3.50656,7,4.40054,155,295,3.96405,534,0.996126
E3-Strict-p003,38.6674,299,299,RLPolicy,0,0,0,0,3.50656,1,4.8518,56,56,4.74694,534,1
E3-Strict-p003,38.6701,318,318,RLPolicy,0,0,0,0,3.50656,1,4.38961,1,1,4.31939,534,1
E3-Strict-p003,38.676,171,495,RLPolicy,1,1,0.00798512,3.46574,3.50656,7,5.97989,135,157,5.68764,534,0.99266
E3-Strict-p003,38.6835,391,338,RLPolicy,1,1,0.101822,3.46574,3.50656,7,4.2206,350,367,3.85908,534,0.999796
E3-Strict-p003,38.6939,331,331,RLPolicy,0,0,0,0,3.50656,1,3.01934,77,77,2.96614,5,1
E3-Strict-p003,38.6953,132,88,RLPolicy,1,1,0.0596679,3.46574,3.50656,7,3.4777,168,194,3.28643,534,0.999184
E3-Strict-p003,38.7031,378,312,RLPolicy,1,1,0.0918213,0.693147,3.50656,3,4.46544,0,148,4.11908,537,0.985933
E3-Strict-p003,38.7042,384,244,RLPolicy,1,1,0.0945153,3.31159,3.50656,7,3.8781,164,239,3.50911,537,0.999025
E3-Strict-p003,38.7076,15,15,RLPolicy,0,0,0,0,3.50656,1,7.68463,13,13,7.63075,537,0.975813
E3-Strict-p003,38.71,36,383,RLPolicy,1,1,0.0432374,3.46574,3.50656,7,4.07882,53,61,3.84588,537,0.975959
E3-Strict-p003,38.7173,229,229,RLPolicy,0,0,0,0,3.50656,1,4.66622,72,72,4.58738,537,0.999796
E3-Strict-p003,38.7241,190,272,RLPolicy,1,1,0.0547925,3.46574,3.50656,7,4.75024,45,262,4.11305,537,0.988378
E3-Strict-p003,38.728,154,286,RLPolicy,1,1,0.0528548,2.07944,3.50656,5,4.56675,0,92,4.24984,537,0.967788
E3-Strict-p003,38.7329,239,354,RLPolicy,1,1,0.0595939,2.77259,3.50656,6,6.00097,56,229,5.34996,537,0.995922
E3-Strict-p003,38.7357,264,342,RLPolicy,1,1,0.0739662,2.61844,3.50656,6,3.732,72,241,3.30916,537,0.995355
E3-Strict-p003,38.7393,316,362,RLPolicy,1,1,0.089006,2.77259,3.50656,6,4.70649,77,194,4.36913,537,0.996126
E3-Strict-p003,38.7503,382,284,RLPolicy,1,1,0.094916,3.46574,3.50656,7,5.22841,94,418,4.55881,537,0.999796
E3-Strict-p003,38.7629,296,293,RLPolicy,1,1,0.0856162,3.46574,3.50656,7,4.22351,97,330,3.74763,537,0.98899
E3-Strict-p003,38.7695,319,406,RLPolicy,1,1,0.0806911,2.07944,3.50656,5,4.65704,0,263,4.15309,537,0.99266
E3-Strict-p003,38.7722,191,191,RLPolicy,0,0,0,0,3.50656,1,3.50671,71,71,3.4632,537,0.991481
E3-Strict-p003,38.7786,51,6,RLPolicy,1,1,0.0411449,2.77259,3.50656,6,4.21936,83,158,3.92654,537,0.987846
E3-Strict-p003,38.7823,88,478,RLPolicy,1,1,0.0441002,3.46574,3.50656,7,4.0269,54,307,3.6673,537,0.992252
E3-Strict-p003,38.7859,358,358,RLPolicy,0,0,0,0,3.50656,1,3.5023,66,66,3.45287,537,1
E3-Strict-p003,38.7863,295,50,RLPolicy,1,1,0.0806532,2.77259,3.50656,6,4.47278,33,360,4.07958,537,0.992456
E3-Strict-p003,38.7903,330,433,RLPolicy,1,1,0.0833455,3.46574,3.50656,7,4.76186,200,310,4.26874,537,0.999592
E3-Strict-p003,38.7907,99,453,RLPolicy,1,1,0.053025,3.46574,3.50656,7,6.06512,240,256,5.50012,537,0.991844
E3-Strict-p003,38.7912,291,364,RLPolicy,1,1,0.085752,3.46574,3.50656,7,4.1846,238,276,3.74092,537,0.999592
E3-Strict-p003,38.7917,374,425,RLPolicy,1,1,0.0909568,3.46574,3.50656,7,4.53603,222,351,4.01071,537,0.999796
E3-Strict-p003,38.7992,343,80,RLPolicy,1,1,0.0890169,3.46574,3.50656,7,4.62031,205,254,4.26113,537,0.996126
E3-Strict-p003,38.8018,292,292,RLPolicy,0,0,0,0,3.50656,1,3.31478,59,59,3.26565,537,0.999796
E3-Strict-p003,38.8039,244,244,RLPolicy,0,0,0,0,3.50656,1,6.03235,63,63,5.97567,537,0.992252
E3-Strict-p003,38.8131,14,372,RLPolicy,1,1,0.00748297,3.14728,3.50656,7,9.99074,232,256,9.64958,537,0.969457
E3-Strict-p003,38.8149,16,158,RLPolicy,1,1,0.0311429,3.46574,3.50656,7,4.15822,51,292,3.78953,537,0.995427
E3-Strict-p003,38.8287,9,476,RLPolicy,1,1,0.0506915,3.16035,3.50656,7,4.78708,254,326,4.3699,537,0.975758
E3-Strict-p003,38.8302,208,208,RLPolicy,0,0,0,0,3.50656,1,3.57761,16,16,3.53378,537,0.996126
E3-Strict-p003,38.8413,327,50,RLPolicy,1,1,0.0809772,3.46574,3.50656,7,5.76632,70,341,5.20124,537,0.999388
E3-Strict-p003,38.8439,26,236,RLPolicy,1,1,0.033355,3.46574,3.50656,7,3.01526,236,243,2.83501,537,0.994599
E3-Strict-p003,38.8557,335,348,RLPolicy,1,1,0.0892304,3.46574,3.50656,7,4.28487,148,260,3.92968,537,0.999592
E3-Strict-p003,38.8604,348,485,RLPolicy,1,1,0.0928027,3.46574,3.50656,7,4.00013,330,358,3.58886,537,0.999796
E3-Strict-p003,38.8614,290,153,RLPolicy,1,1,0.0747205,2.77259,3.50656,6,4.96609,109,235,4.64189,537,0.992252
E3-Strict-p003,38.8764,139,250,RLPolicy,1,1,0.0550928,1.38629,3.50656,4,4.13556,0,185,3.82586,537,0.967788
E3-Strict-p003,38.8776,62,125,RLPolicy,1,1,0.0492867,3.00328,3.50656,7,6.14881,48,286,5.28088,537,0.975669
E3-Strict-p003,38.8799,363,363,RLPolicy,0,0,0,0,3.50656,1,3.53396,9,9,3.49395,537,1
E3-Strict-p003,38.8886,261,386,RLPolicy,1,1,0.00791566,3.46574,3.50656,7,4.48462,237,259,4.22617,537,0.995718
E3-Strict-p003,38.8888,188,188,RLPolicy,0,0,0,0,3.50656,1,3.90545,7,7,3.85266,537,0.999592
E3-Strict-p003,38.8906,217,217,RLPolicy,0,0,0,0,3.50656,1,3.9087,48,48,3.84761,537,0.98899
E3-Strict-p003,38.8936,126,126,RLPolicy,0,0,0,0,3.50656,1,4.97165,60,60,4.8327,537,0.988786
E3-Strict-p003,38.8973,194,326,RLPolicy,1,1,0.067428,3.46574,3.50656,7,4.19261,298,363,3.89023,537,0.981651
E3-Strict-p003,38.9004,192,192,RLPolicy,0,0,0,0,3.50656,1,4.17354,7,7,4.12558,538,1
E3-Strict-p003,38.9056,277,277,RLPolicy,0,0,0,0,3.50656,1,3.13286,1,1,3.10085,538,1
E3-Strict-p003,38.9097,80,80,RLPolicy,0,0,0,0,3.50656,1,4.40062,79,79,4.34774,538,0.982059
E3-Strict-p003,38.9137,328,325,RLPolicy,1,1,0.100068,1.38629,3.50656,4,8.36543,0,104,8.08511,538,0.982263
E3-Strict-p003,38.921,146,146,RLPolicy,0,0,0,0,3.50656,1,3.78565,4,4,3.74521,538,0.999796
E3-Strict-p003,38.925,337,520,RLPolicy,1,1,0.0910957,2.77259,3.50656,6,3.62838,58,139,3.28787,538,0.99633
E3-Strict-p003,38.9427,326,275,RLPolicy,1,1,0.0849708,3.31159,3.50656,7,9.00244,95,313,8.48457,538,0.994585
E3-Strict-p003,38.9465,140,140,RLPolicy,0,0,0,0,3.50656,1,3.44843,33,33,3.40519,538,0.974923
E3-Strict-p003,38.9487,173,150,RLPolicy,1,1,0.0702327,3.46574,3.50656,7,5.08331,366,375,4.73203,538,0.992048
E3-Strict-p003,38.963,213,520,RLPolicy,1,1,0.0795963,3.46574,3.50656,7,4.85532,251,322,4.24216,538,0.988582
E3-Strict-p003,38.9654,40,368,RLPolicy,1,1,0.0362319,3.3809,3.50656,8,5.35723,134,378,4.8838,538,0.961879
E3-Strict-p003,38.9663,178,420,RLPolicy,1,1,0.0723046,3.46574,3.50656,7,4.56623,153,160,4.34757,538,0.964322
E3-Strict-p003,38.9679,56,261,RLPolicy,1,1,0.0485837,3.46574,3.50656,7,5.23715,168,222,4.71133,538,0.993987
E3-Strict-p003,38.9684,96,128,RLPolicy,1,1,0.0465268,1.38629,3.50656,4,5.40248,0,156,5.05865,538,0.977981
E3-Strict-p003,38.9733,361,151,RLPolicy,1,1,0.106333,3.46574,3.50656,7,4.72967,171,341,4.14639,538,0.996126
E3-Strict-p003,38.9891,248,421,RLPolicy,1,1,0.0635228,2.07944,3.50656,5,5.22639,1,156,4.80993,538,0.974923
E3-Strict-p003,38.9933,201,470,RLPolicy,1,1,0.0771012,3.46574,3.50656,7,4.43098,291,301,4.182,538,0.974719
E3-Strict-p003,38.9955,322,322,RLPolicy,0,0,0,0,3.50656,1,4.64621,20,20,4.54244,538,0.985729
E3-Strict-p003,39.0113,338,77,RLPolicy,1,1,0.0869785,2.77259,3.50656,6,4.77751,101,339,4.40066,538,0.996126
E3-Strict-p003,39.0168,134,134,RLPolicy,0,0,0,0,3.50656,1,3.02432,10,10,2.98598,538,0.99633
E3-Strict-p003,39.0235,347,266,RLPolicy,1,1,0.0827649,0.538997,3.50656,3,3.8448,0,78,3.5697,538,0.985162
E3-Strict-p003,39.0274,110,74,RLPolicy,1,1,0.0522579,3.46574,3.50656,7,8.0722,160,175,7.61966,538,0.999796
E3-Strict-p003,39.0305,187,305,RLPolicy,1,1,0.0600673,3.46574,3.50656,7,5.52662,258,289,5.20779,538,0.978185
E3-Strict-p003,39.037,386,188,RLPolicy,1,1,0.111333,3.46574,3.50656,7,4.54055,172,251,4.17559,538,0.999796
E3-Strict-p003,39.0484,172,463,RLPolicy,1,1,0.0439591,2.77259,3.50656,6,9.56382,38,344,8.90381,538,0.96738
E3-Strict-p003,39.0541,123,123,RLPolicy,0,0,0,0,3.50656,1,4.19768,31,31,4.12762,538,0.999796
E3-Strict-p003,39.0587,20,475,RLPolicy,1,1,0.0461925,2.16183,3.50656,6,4.42918,18,335,4.04146,538,0.95987
E3-Strict-p003,39.06,3,3,RLPolicy,0,0,0,0,3.50656,1,5.64184,41,41,5.3616,538,0.993488
E3-Strict-p003,39.0602,19,19,RLPolicy,0,0,0,0,3.50656,1,4.79014,56,56,4.70097,538,0.981312
E3-Strict-p003,39.0762,256,297,RLPolicy,1,1,0.086487,2.77259,3.50656,6,4.43562,34,87,4.05856,538,0.99633
E3-Strict-p003,39.0767,230,230,RLPolicy,0,0,0,0,3.50656,1,4.52684,9,9,4.46829,538,1
E3-Strict-p003,39.0781,249,475,RLPolicy,1,1,0.0853748,3.46574,3.50656,7,4.71699,166,251,4.22261,538,0.999796
E3-Strict-p003,39.0792,246,307,RLPolicy,1,1,0.0735002,3.46574,3.50656,7,4.84962,266,282,4.42315,538,0.999388
E3-Strict-p003,39.0831,315,315,RLPolicy,0,0,0,0,3.50656,1,4.63341,29,29,4.56651,538,1
E3-Strict-p003,39.0895,45,45,RLPolicy,0,0,0,0,3.50656,1,4.11676,12,12,4.05808,538,1
E3-Strict-p003,39.0993,46,179,RLPolicy,1,1,0.049031,3.24274,3.50656,8,5.02735,360,406,4.64345,538,0.993692
E3-Strict-p003,39.1045,133,133,RLPolicy,0,0,0,0,3.50656,1,3.53965,87,87,3.4946,540,0.99164
E3-Strict-p003,39.107,350,479,RLPolicy,1,1,0.0927211,2.61844,3.50656,6,3.88027,109,243,3.58041,540,0.994585
E3-Strict-p003,39.1109,394,358,RLPolicy,1,1,0.0966156,3.31159,3.50656,7,7.97775,247,273,7.53407,540,0.999025
E3-Strict-p003,39.1122,220,220,RLPolicy,0,0,0,0,3.50656,1,4.04169,51,51,3.98443,540,0.972165
E3-Strict-p003,39.1136,43,290,RLPolicy,1,1,0.050149,2.85497,3.50656,7,5.9975,253,355,5.53357,540,0.956899
E3-Strict-p003,39.1238,102,100,RLPolicy,1,1,0.0523102,2.77259,3.50656,6,5.42227,29,354,4.85867,540,0.984142
E3-Strict-p003,39.1362,360,360,RLPolicy,0,0,0,0,3.50656,1,3.64798,11,11,3.59137,540,1
E3-Strict-p003,39.1394,12,326,RLPolicy,1,1,0.0072533,3.46574,3.50656,7,4.30999,351,380,4.02751,540,0.949439
E3-Strict-p003,39.1454,63,158,RLPolicy,1,1,0.0494051,3.46574,3.50656,7,9.2099,190,333,8.84855,540,0.992052
E3-Strict-p003,39.1508,81,81,RLPolicy,0,0,0,0,3.50656,1,4.72107,25,25,4.65075,540,0.996126
E3-Strict-p003,39.1516,243,444,RLPolicy,1,1,0.0736983,3.46574,3.50656,7,4.73353,334,357,4.43162,540,0.996126
E3-Strict-p003,39.1543,368,368,RLPolicy,0,0,0,0,3.50656,1,3.49709,37,37,3.44535,540,1
E3-Strict-p003,39.1625,235,154,RLPolicy,1,1,0.0591559,2.61844,3.50656,6,5.36824,101,234,5.02432,540,0.990915
E3-Strict-p003,39.1626,25,47,RLPolicy,1,1,0.0387127,2.07944,3.50656,5,4.9142,0,170,4.63919,540,0.978102
E3-Strict-p003,39.1722,105,63,RLPolicy,1,1,0.05347,2.77259,3.50656,6,7.17987,8,321,6.37451,540,0.970641
E3-Strict-p003,39.1722,336,398,RLPolicy,1,1,0.0848223,2.77259,3.50656,6,4.38631,133,296,3.82737,540,0.99266
E3-Strict-p003,39.1727,212,212,RLPolicy,0,0,0,0,3.50656,1,4.07702,75,75,3.99097,540,0.99266
E3-Strict-p003,39.1778,271,125,RLPolicy,1,1,0.0679849,2.77259,3.50656,6,5.13004,124,298,4.50334,540,0.974923
E3-Strict-p003,39.1857,143,143,RLPolicy,0,0,0,0,3.50656,1,2.91093,6,6,2.85991,2,0.999796
E3-Strict-p003,39.1872,301,301,RLPolicy,0,0,0,0,3.50656,1,3.67678,11,11,3.61488,540,1
E3-Strict-p003,39.1884,184,97,RLPolicy,1,1,0.0563255,2.07944,3.50656,5,5.62231,0,172,5.13,540,0.96738
E3-Strict-p003,39.1928,289,410,RLPolicy,1,1,0.0693186,2.07944,3.50656,5,3.44463,0,37,3.2265,540,0.985729
E3-Strict-p003,39.1961,109,109,RLPolicy,0,0,0,0,3.50656,1,4.43097,36,36,4.34154,540,0.995355
E3-Strict-p003,39.1967,334,206,RLPolicy,1,1,0.0864592,2.77259,3.50656,6,4.99118,79,321,4.62939,540,0.99266
E3-Strict-p003,39.2053,76,76,RLPolicy,0,0,0,0,3.50656,1,5.38765,90,90,5.30092,540,0.976299
E3-Strict-p003,39.2057,207,551,RLPolicy,1,1,0.0626336,2.77259,3.50656,6,4.31747,117,301,3.95553,540,0.984912
E3-Strict-p003,39.2107,115,17,RLPolicy,1,1,0.0536665,2.77259,3.50656,6,9.20406,126,294,8.51943,540,0.981243
E3-Strict-p003,39.2114,342,527,RLPolicy,1,1,0.107929,2.77259,3.50656,6,3.83201,113,178,3.65212,540,0.996126
E3-Strict-p003,39.2186,252,83,RLPolicy,1,1,0.0665633,3.46574,3.50656,7,4.99478,151,306,4.58763,540,0.992252
E3-Strict-p003,39.2194,206,250,RLPolicy,1,1,0.0731053,3.46574,3.50656,7,3.6371,180,226,3.43682,540,0.99531
E3-Strict-p003,39.2259,54,54,RLPolicy,0,0,0,0,3.50656,1,7.65328,6,6,7.57398,540,0.999592
E3-Strict-p003,39.2315,38,161,RLPolicy,1,1,0.0435748,2.85205,3.50656,7,4.46675,207,386,3.96995,540,0.972887
E3-Strict-p003,39.237,66,267,RLPolicy,1,1,0.0466581,3.46574,3.50656,7,6.1796,356,364,5.74031,540,0.969319
E3-Strict-p003,39.2406,232,494,RLPolicy,1,1,0.0697954,3.46574,3.50656,7,6.44595,94,423,5.56578,540,0.995922
E3-Strict-p003,39.242,50,50,RLPolicy,0,0,0,0,3.50656,1,4.54801,87,87,4.485,540,0.971049
E3-Strict-p003,39.2423,52,362,RLPolicy,1,1,0.0410873,2.77259,3.50656,6,4.2265,53,253,3.88427,540,0.96004
E3-Strict-p003,39.2462,396,396,RLPolicy,0,0,0,0,3.50656,1,4.66507,72,72,4.57598,540,1
E3-Strict-p003,39.2588,362,238,RLPolicy,1,1,0.108796,3.46574,3.50656,7,4.44808,77,93,4.27202,540,0.99266
E3-Strict-p003,39.2636,39,84,RLPolicy,1,1,0.0264117,1.38629,3.50656,4,3.98323,0,152,3.72566,540,0.964738
E3-Strict-p003,39.2674,162,162,RLPolicy,0,0,0,0,3.50656,1,6.58683,34,34,6.48774,540,0.995922
E3-Strict-p003,39.2725,95,335,RLPolicy,1,1,0.0460505,3.46574,3.50656,7,5.05395,116,451,4.05681,540,0.96371
E3-Strict-p003,39.2736,179,92,RLPolicy,1,1,0.0729792,3.46574,3.50656,7,5.91321,240,281,5.26723,540,0.984912
E3-Strict-p003,39.2751,293,140,RLPolicy,1,1,0.107113,3.46574,3.50656,7,4.70319,158,178,4.30865,540,0.995718
E3-Strict-p003,39.2755,300,283,RLPolicy,1,1,0.0802327,3.46574,3.50656,7,5.47331,132,274,4.89967,540,0.995718
E3-Strict-p003,39.2776,405,205,RLPolicy,1,1,0.10446,3.46574,3.50656,7,5.37396,141,188,5.01016,540,0.999796
E3-Strict-p003,39.2812,157,46,RLPolicy,1,1,0.0662829,1.92529,3.50656,5,4.1273,0,213,3.84936,540,0.976439
E3-Strict-p003,39.2872,59,215,RLPolicy,1,1,0.0464107,2.77259,3.50656,6,5.91987,53,82,5.71767,540,0.974719
E3-Strict-p003,39.2903,389,389,RLPolicy,0,0,0,0,3.50656,1,3.41975,12,12,3.37663,540,1
E3-Strict-p003,39.2954,169,432,RLPolicy,1,1,0.0456024,0.693147,3.50656,3,5.27788,0,113,4.98913,540,0.950255
E3-Strict-p003,39.3079,114,114,RLPolicy,0,0,0,0,3.50656,1,7.71156,3,3,7.64149,540,1
E3-Strict-p003,39.3116,49,246,RLPolicy,1,1,0.0428581,2.31014,3.50656,6,4.67495,15,79,4.29793,540,0.988577
E3-Strict-p003,39.3148,170,494,RLPolicy,1,1,0.0586857,2.77259,3.50656,6,5.69321,21,285,5.17342,540,0.967992
E3-Strict-p003,39.317,68,68,RLPolicy,0,0,0,0,3.50656,1,3.64479,15,15,3.59852,540,0.985321
E3-Strict-p003,39.3184,86,311,RLPolicy,1,1,0.0473496,3.46574,3.50656,7,3.81572,189,205,3.525,540,0.995514
E3-Strict-p003,39.3208,153,317,RLPolicy,1,1,0.0556476,3.31159,3.50656,7,4.36679,186,233,4.01635,540,0.980472
E3-Strict-p003,39.3289,255,197,RLPolicy,1,1,0.0713092,2.26176,3.50656,5,11.5953,34,132,11.0732,540,0.993572
E3-Strict-p003,39.3298,145,145,RLPolicy,0,0,0,0,3.50656,1,3.3891,71,71,3.33682,540,0.999796
E3-Strict-p003,39.3315,218,218,RLPolicy,0,0,0,0,3.50656,1,5.39424,81,81,5.32866,540,0.987423
E3-Strict-p003,39.3339,408,387,RLPolicy,1,1,0.101489,3.46574,3.50656,7,5.64871,179,204,5.327,540,0.999796
E3-Strict-p003,39.3345,285,285,RLPolicy,0,0,0,0,3.50656,1,3.3918,47,47,3.35056,540,0.996126
E3-Strict-p003,39.346,399,90,RLPolicy,1,1,0.116182,3.46574,3.50656,7,4.69834,283,298,4.24452,540,0.999796
E3-Strict-p003,39.3471,1,441,RLPolicy,1,1,0.00695451,3.16035,3.50656,7,4.10816,293,335,3.7711,540,0.972342
E3-Strict-p003,39.3517,333,533,RLPolicy,1,1,0.0938695,3.46574,3.50656,7,6.97328,113,486,6.08922,540,0.995922
E3-Strict-p003,39.3654,7,166,RLPolicy,1,1,0.0081502,3.46574,3.50656,7,4.71927,203,225,4.26995,540,0.9673
E3-Strict-p003,39.3675,259,521,RLPolicy,1,1,0.0901919,3.46574,3.50656,7,4.82057,279,295,4.36691,540,0.995922
E3-Strict-p003,39.3688,183,468,RLPolicy,1,1,0.0472676,3.46574,3.50656,7,4.30951,67,285,3.91222,540,0.992252
E3-Strict-p003,39.3742,226,226,RLPolicy,0,0,0,0,3.50656,1,3.52544,10,10,3.48312,540,0.988582
E3-Strict-p003,39.3766,240,204,RLPolicy,1,1,0.0860778,3.15743,3.50656,7,4.45837,245,282,4.14133,540,0.990144
E3-Strict-p003,39.377,370,272,RLPolicy,1,1,0.092156,3.46574,3.50656,7,4.13306,47,318,3.71069,540,0.999592
E3-Strict-p003,39.3904,307,109,RLPolicy,1,1,0.101562,3.46574,3.50656,7,8.22089,159,179,7.9138,540,0.995922
E3-Strict-p003,39.3911,8,342,RLPolicy,1,1,0.0454627,2.85497,3.50656,7,4.07637,214,339,3.72684,540,0.986556
E3-Strict-p003,39.3978,273,129,RLPolicy,1,1,0.0717443,2.77259,3.50656,6,6.41143,41,249,5.61752,540,0.995151
E3-Strict-p003,39.3987,193,21,RLPolicy,1,1,0.053435,2.77259,3.50656,6,4.95974,75,276,4.49454,540,0.988582
E3-Strict-p003,39.3997,280,280,RLPolicy,0,0,0,0,3.50656,1,3.28859,1,1,3.24797,540,0.989399
E3-Strict-p003,39.4003,225,260,RLPolicy,1,1,0.0713994,2.77259,3.50656,6,3.9511,73,194,3.67367,541,0.988378
E3-Strict-p003,39.4027,204,204,RLPolicy,0,0,0,0,3.50656,1,5.06259,76,76,4.99094,541,0.99296
E3-Strict-p003,39.4044,155,354,RLPolicy,1,1,0.0472793,1.38629,3.50656,4,3.45231,0,134,3.22461,541,0.977981
E3-Strict-p003,39.4077,365,532,RLPolicy,1,1,0.0962412,2.77259,3.50656,6,4.23955,27,294,3.73092,541,0.996126
E3-Strict-p003,39.4143,97,351,RLPolicy,1,1,0.0527839,3.46574,3.50656,7,4.65211,129,291,4.24587,541,0.979301
E3-Strict-p003,39.4152,352,226,RLPolicy,1,1,0.0912313,2.77259,3.50656,6,3.57394,81,219,3.28324,541,0.99633
E3-Strict-p003,39.416,17,231,RLPolicy,1,1,0.0398003,2.93444,3.50656,8,3.88731,190,386,3.46451,541,0.988809
E3-Strict-p003,39.4189,103,232,RLPolicy,1,1,0.0440046,2.07944,3.50656,5,5.22563,0,211,4.78942,541,0.992048
E3-Strict-p003,39.4222,189,343,RLPolicy,1,1,0.048624,3.46574,3.50656,7,5.40999,115,382,4.95959,541,0.984708
E3-Strict-p003,39.4255,67,166,RLPolicy,1,1,0.007298,3.46574,3.50656,7,6.34648,336,361,5.57333,541,0.96738
E3-Strict-p003,39.4282,275,275,RLPolicy,0,0,0,0,3.50656,1,4.32259,89,89,4.25167,1,0.988786
E3-Strict-p003,39.431,242,242,RLPolicy,0,0,0,0,3.50656,1,5.98764,59,59,5.87768,541,0.981855
E3-Strict-p003,39.4466,390,390,RLPolicy,0,0,0,0,3.50656,1,4.80795,86,86,4.7261,541,1
E3-Strict-p003,39.4477,297,521,RLPolicy,1,1,0.0775602,3.31159,3.50656,7,4.56614,157,193,4.1472,541,0.998617
E3-Strict-p003,39.4573,74,316,RLPolicy,1,1,0.0395461,0.693147,3.50656,3,4.00219,0,137,3.83387,541,0.955078
E3-Strict-p003,39.4602,65,65,RLPolicy,0,0,0,0,3.50656,1,4.38957,15,15,4.33676,541,0.989698
E3-Strict-p003,39.4676,180,180,RLPolicy,0,0,0,0,3.50656,1,5.50504,29,29,5.44548,541,0.990106
E3-Strict-p003,39.4684,61,399,RLPolicy,1,1,0.0533024,3.46574,3.50656,7,6.23773,307,348,5.6627,541,0.981651
E3-Strict-p003,39.4743,159,136,RLPolicy,1,1,0.0667673,3.46574,3.50656,7,3.98519,161,215,3.58752,541,0.981855
E3-Strict-p003,39.4768,359,100,RLPolicy,1,1,0.0893312,2.77259,3.50656,6,4.75024,27,323,4.03967,541,0.99633
E3-Strict-p003,39.4795,276,276,RLPolicy,0,0,0,0,3.50656,1,4.0302,56,56,3.96018,541,0.996126
E3-Strict-p003,39.4817,48,252,RLPolicy,1,1,0.0495079,3.46574,3.50656,7,7.36428,300,364,6.64585,541,0.964621
E3-Strict-p003,39.4869,288,507,RLPolicy,1,1,0.0945849,3.46574,3.50656,7,5.42092,183,319,4.90015,541,0.999388
E3-Strict-p003,39.4917,397,270,RLPolicy,1,1,0.113168,2.77259,3.50656,6,4.79519,155,268,4.2761,541,0.99633
E3-Strict-p003,39.4918,101,173,RLPolicy,1,1,0.0539843,3.46574,3.50656,7,4.62923,78,241,4.18108,541,0.988582
E3-Strict-p003,39.4921,308,289,RLPolicy,1,1,0.100278,2.77259,3.50656,6,4.38811,24,55,4.08974,541,0.99633
E3-Strict-p003,39.4921,379,337,RLPolicy,1,1,0.104944,3.46574,3.50656,7,4.74897,308,349,4.24847,541,0.999796
E3-Strict-p003,39.4956,147,263,RLPolicy,1,1,0.0595873,3.31159,3.50656,7,4.48868,354,370,4.14544,541,0.995126
E3-Strict-p003,39.5034,55,421,RLPolicy,1,1,0.0354405,3.46574,3.50656,7,6.78679,241,255,6.5192,541,0.988786
E3-Strict-p003,39.5068,237,373,RLPolicy,1,1,0.0679166,2.77259,3.50656,6,5.54258,10,160,5.00763,541,0.992048
E3-Strict-p003,39.5136,125,150,RLPolicy,1,1,0.0629143,3.46574,3.50656,7,5.07596,206,214,4.71574,541,0.973719
E3-Strict-p003,39.5143,93,93,RLPolicy,0,0,0,0,3.50656,1,3.63745,66,66,3.58662,541,0.971662
E3-Strict-p003,39.5147,53,122,RLPolicy,1,1,0.0527964,3.46574,3.50656,7,4.59426,212,341,4.09107,541,0.994191
E3-Strict-p003,39.5191,245,300,RLPolicy,1,1,0.0767364,2.77259,3.50656,6,7.28655,141,278,6.76612,541,0.990711
E3-Strict-p003,39.5226,44,405,RLPolicy,1,1,0.0422697,3.16035,3.50656,7,4.2321,221,263,3.76455,541,0.987588
E3-Strict-p003,39.5304,0,0,RLPolicy,0,0,0,0,3.50656,1,5.03975,74,74,4.94402,541,0.974016
E3-Strict-p003,39.5373,383,160,RLPolicy,1,1,0.0976582,1.07799,3.50656,4,3.95735,0,34,3.7694,541,0.987857
E3-Strict-p003,39.5375,200,100,RLPolicy,1,1,0.0596471,1.38629,3.50656,4,5.00174,0,150,4.69002,541,0.971458
E3-Strict-p003,39.5395,329,329,RLPolicy,0,0,0,0,3.50656,1,4.73885,49,49,4.63486,541,1
E3-Strict-p003,39.5406,258,15,RLPolicy,1,1,0.0689239,0.693147,3.50656,3,4.14054,0,98,3.88943,541,0.974719
E3-Strict-p003,39.5422,118,241,RLPolicy,1,1,0.0599699,2.77259,3.50656,6,6.29277,34,329,5.83238,541,0.974311
E3-Strict-p003,39.5444,364,501,RLPolicy,1,1,0.112637,3.46574,3.50656,7,4.24239,62,260,3.94205,541,0.99266
E3-Strict-p003,39.5451,349,263,RLPolicy,1,1,0.0903721,3.24259,3.50656,7,3.9121,251,274,3.63438,541,0.99424
E3-Strict-p003,39.547,91,507,RLPolicy,1,1,0.0536839,2.07944,3.50656,5,5.0193,0,284,4.68929,541,0.96371
E3-Strict-p003,39.5601,205,480,RLPolicy,1,1,0.0784017,3.46574,3.50656,7,4.60772,285,307,4.35285,541,0.988786
E3-Strict-p003,39.5619,210,397,RLPolicy,1,1,0.0736242,3.46574,3.50656,7,4.04321,112,130,3.77617,541,0.999388
E3-Strict-p003,39.5949,224,361,RLPolicy,1,1,0.0688454,2.77259,3.50656,6,4.97332,62,196,4.71808,541,0.950255
E3-Strict-p003,39.6066,304,320,RLPolicy,1,1,0.0990654,2.77259,3.50656,6,4.14797,70,110,3.94906,544,0.978389
E3-Strict-p003,39.6104,211,106,RLPolicy,1,1,0.0708736,3.46574,3.50656,7,3.9543,244,362,3.5927,544,0.995718
E3-Strict-p003,39.6187,400,542,RLPolicy,1,1,0.102139,3.46574,3.50656,7,8.68397,248,279,8.29505,544,0.999796
E3-Strict-p003,39.6257,278,278,RLPolicy,0,0,0,0,3.50656,1,5.05084,56,56,4.97952,544,0.982059
E3-Strict-p003,39.6301,284,365,RLPolicy,1,1,0.0765514,2.77259,3.50656,6,4.73626,94,374,4.07926,544,0.981855
E3-Strict-p003,39.6306,223,223,RLPolicy,0,0,0,0,3.50656,1,3.68944,64,64,3.64188,544,0.999592
E3-Strict-p003,39.6356,117,117,RLPolicy,0,0,0,0,3.50656,1,5.1628,52,52,5.0957,544,0.967788
E3-Strict-p003,39.6367,137,137,RLPolicy,0,0,0,0,3.50656,1,4.36421,14,14,4.30234,544,0.978185
E3-Strict-p003,39.6371,353,353,RLPolicy,0,0,0,0,3.50656,1,3.10468,4,4,3.0557,544,1
E3-Strict-p003,39.6374,317,317,RLPolicy,0,0,0,0,3.50656,1,4.75729,82,82,4.65814,544,0.99266
E3-Strict-p003,39.6516,89,89,RLPolicy,0,0,0,0,3.50656,1,3.46699,66,66,3.4068,2,0.981038
E3-Strict-p003,39.652,312,1,RLPolicy,1,1,0.103926,3.46574,3.50656,7,5.50096,96,124,5.26471,544,0.999388
E3-Strict-p003,39.6577,302,204,RLPolicy,1,1,0.0821766,2.46429,3.50656,6,4.58582,25,311,4.16976,544,0.982238
E3-Strict-p003,39.6757,83,18,RLPolicy,1,1,0.0544183,3.46574,3.50656,7,4.62692,209,342,4.20014,544,0.976031
E3-Strict-p003,39.6803,60,60,RLPolicy,0,0,0,0,3.50656,1,5.2408,42,42,5.15489,544,0.994395
E3-Strict-p003,39.6869,35,14,RLPolicy,1,1,0.0428992,3.16035,3.50656,7,4.47939,260,296,4.12333,544,0.973604
E3-Strict-p003,39.6915,199,77,RLPolicy,1,1,0.0756518,3.46574,3.50656,7,5.22315,274,292,4.77131,544,0.995922
E3-Strict-p003,39.6957,356,447,RLPolicy,1,1,0.0898088,3.46574,3.50656,7,4.6976,141,400,4.0463,544,0.996126
E3-Strict-p003,39.7018,11,100,RLPolicy,1,1,0.0407689,2.54959,3.50656,7,3.91969,79,226,3.54945,544,0.988699
E3-Strict-p003,39.7018,129,354,RLPolicy,1,1,0.0583029,2.77259,3.50656,6,5.75971,62,230,5.21976,544,0.981651
E3-Strict-p003,39.7032,407,368,RLPolicy,1,1,0.100481,3.46574,3.50656,7,5.56932,329,360,5.14059,544,0.999796
E3-Strict-p003,39.7308,131,139,RLPolicy,1,1,0.0629028,3.46574,3.50656,7,8.08183,293,315,7.73487,544,0.978185
E3-Strict-p003,39.733,116,429,RLPolicy,1,1,0.0589524,2.77259,3.50656,6,5.57906,69,202,5.09378,544,0.960244
E3-Strict-p003,39.7352,341,341,RLPolicy,0,0,0,0,3.50656,1,4.3553,12,12,4.29021,544,1
E3-Strict-p003,39.7398,27,47,RLPolicy,1,1,0.0315971,2.07944,3.50656,5,5.59891,1,199,5.17497,544,0.943455
E3-Strict-p003,39.7564,216,77,RLPolicy,1,1,0.0659488,2.77259,3.50656,6,4.02735,89,208,3.75997,544,0.989144
E3-Strict-p003,39.7683,73,166,RLPolicy,1,1,0.0512489,3.00328,3.50656,7,4.91003,302,361,4.48226,544,0.970661
E3-Strict-p003,39.7693,82,476,RLPolicy,1,1,0.0510518,2.77259,3.50656,6,5.12378,83,368,4.69858,544,0.971049
E3-Strict-p003,39.7701,305,305,RLPolicy,0,0,0,0,3.50656,1,4.14456,67,67,4.07162,544,0.999592
E3-Strict-p003,39.7807,393,509,RLPolicy,1,1,0.0977318,3.46574,3.50656,7,6.0889,88,454,5.20036,544,0.999796
E3-Strict-p003,39.7819,392,130,RLPolicy,1,1,0.115679,3.46574,3.50656,7,5.28472,255,294,4.81695,544,0.999796
E3-Strict-p003,39.7822,144,125,RLPolicy,1,1,0.0663278,3.46574,3.50656,7,4.14092,272,287,3.67907,544,0.978185
E3-Strict-p003,39.7883,313,90,RLPolicy,1,1,0.0879262,3.46574,3.50656,7,5.22347,312,343,4.78655,544,0.99266
E3-Strict-p003,39.7919,141,141,RLPolicy,0,0,0,0,3.50656,1,3.86342,67,67,3.79893,544,0.996126
E3-Strict-p003,39.799,265,537,RLPolicy,1,1,0.0720842,3.46574,3.50656,7,5.34011,240,281,4.94196,544,0.981855
E3-Strict-p003,39.8016,340,32,RLPolicy,1,1,0.0886687,2.77259,3.50656,6,5.22752,41,272,4.53083,545,0.995922
E3-Strict-p003,39.8182,298,207,RLPolicy,1,1,0.0810687,3.46574,3.50656,7,4.35921,184,256,3.92951,545,0.988786
E3-Strict-p003,39.8217,138,226,RLPolicy,1,1,0.0493869,2.77259,3.50656,6,4.63761,131,279,4.21844,545,0.981447
E3-Strict-p003,39.8227,94,343,RLPolicy,1,1,0.0453378,3.46574,3.50656,7,4.35069,109,396,3.88199,545,0.977777
E3-Strict-p003,39.8236,5,498,RLPolicy,1,1,0.0287706,3.46574,3.50656,7,5.69789,171,349,5.3028,545,0.988582
E3-Strict-p003,39.8249,113,133,RLPolicy,1,1,0.0572767,3.46574,3.50656,7,7.78193,123,423,7.27473,545,0.96004
E3-Strict-p003,39.826,381,330,RLPolicy,1,1,0.113546,2.95491,3.50656,6,5.20937,157,333,4.62354,545,0.993572
E3-Strict-p003,39.8274,372,0,RLPolicy,1,1,0.0963627,3.46574,3.50656,7,4.89676,211,358,4.14831,545,0.999796
E3-Strict-p003,39.8346,92,168,RLPolicy,1,1,0.0505948,3.46574,3.50656,7,3.68352,245,262,3.42955,545,0.995514
E3-Strict-p003,39.8411,409,409,RLPolicy,0,0,0,0,3.50656,1,6.64937,2,2,6.60737,545,1
E3-Strict-p003,39.8435,238,362,RLPolicy,1,1,0.0724744,3.46574,3.50656,7,3.28501,43,62,3.09568,545,0.999592
E3-Strict-p003,39.8444,209,209,RLPolicy,0,0,0,0,3.50656,1,4.46086,4,4,4.34656,545,1
E3-Strict-p003,39.8562,22,18,RLPolicy,1,1,0.0072656,3.46574,3.50656,7,7.68511,272,289,7.35052,545,0.958399
E3-Strict-p003,39.8632,34,46,RLPolicy,1,1,0.0421423,3.24274,3.50656,8,4.50433,433,464,4.11242,545,0.959658
E3-Strict-p003,39.8634,403,288,RLPolicy,1,1,0.103512,2.77259,3.50656,6,5.17542,58,226,4.58665,545,0.99633
E3-Strict-p003,39.8659,345,266,RLPolicy,1,1,0.0837539,1.38629,3.50656,4,4.8006,0,237,4.39147,545,0.978593
E3-Strict-p003,39.8681,233,233,RLPolicy,0,0,0,0,3.50656,1,3.50245,48,48,3.45417,545,0.999796
E3-Strict-p003,39.8711,323,394,RLPolicy,1,1,0.0805524,3.46574,3.50656,7,6.58657,67,309,6.07461,545,0.996126
E3-Strict-p003,39.8791,58,32,RLPolicy,1,1,0.0452019,1.38629,3.50656,4,6.21329,0,244,5.46807,545,0.941388
E3-Strict-p003,39.8816,219,526,RLPolicy,1,1,0.0802753,3.46574,3.50656,7,4.9588,231,261,4.52509,545,0.998775
E3-Strict-p003,39.8828,367,367,RLPolicy,0,0,0,0,3.50656,1,3.78565,72,72,3.71623,545,1
E3-Strict-p003,39.8914,310,310,RLPolicy,0,0,0,0,3.50656,1,3.87908,46,46,3.80377,545,0.999388
E3-Strict-p003,39.8989,402,402,RLPolicy,0,0,0,0,3.50656,1,4.21384,59,59,4.14927,545,1
E3-Strict-p003,39.9042,303,303,RLPolicy,0,0,0,0,3.50656,1,2.74971,11,11,2.71899,548,0.99633
E3-Strict-p003,39.9265,104,244,RLPolicy,1,1,0.0448752,3.46574,3.50656,7,4.80592,181,393,4.11027,548,0.995718
E3-Strict-p003,39.9317,268,372,RLPolicy,1,1,0.0751398,3.46574,3.50656,7,8.88268,125,420,8.15459,548,0.974719
E3-Strict-p003,39.9342,186,197,RLPolicy,1,1,0.0601033,2.77259,3.50656,6,6.32224,47,283,5.69798,548,0.981447
E3-Strict-p003,39.9415,253,129,RLPolicy,1,1,0.0719709,3.46574,3.50656,7,5.32051,340,398,4.79688,548,0.992252
E3-Strict-p003,39.9492,214,547,RLPolicy,1,1,0.0605108,3.31159,3.50656,7,4.98142,54,380,4.51428,548,0.987041
E3-Strict-p003,39.9545,130,130,RLPolicy,0,0,0,0,3.50656,1,4.58636,17,17,4.50591,548,0.982059
E3-Strict-p003,39.9686,281,160,RLPolicy,1,1,0.0871453,2.77259,3.50656,6,7.66716,18,47,7.45415,548,0.995718
E3-Strict-p003,39.9695,385,235,RLPolicy,1,1,0.0933556,2.07944,3.50656,5,6.03244,0,217,5.32632,548,0.992864
E3-Strict-p003,39.9704,175,521,RLPolicy,1,1,0.0550579,3.46574,3.50656,7,3.8627,289,298,3.6176,548,0.99531
E3-Strict-p003,39.9719,41,197,RLPolicy,1,1,0.0412673,2.77259,3.50656,6,4.77713,119,316,4.3643,548,0.957092
E3-Strict-p003,39.9758,398,398,RLPolicy,0,0,0,0,3.50656,1,4.16633,49,49,4.10654,548,1
E3-Strict-p003,39.9815,69,142,RLPolicy,1,1,0.0566187,2.77259,3.50656,6,5.03743,91,212,4.62979,548,0.984504
E3-Strict-p003,39.9821,42,42,RLPolicy,0,0,0,0,3.50656,1,3.67181,27,27,3.62245,548,0.991137
E3-Strict-p003,39.9823,311,311,RLPolicy,0,0,0,0,3.50656,1,3.79908,83,83,3.74689,2,0.999796
E3-Strict-p003,39.9829,152,178,RLPolicy,1,1,0.0414358,0.693147,3.50656,3,3.56793,0,57,3.44658,548,0.971254
E3-Strict-p003,39.9855,202,522,RLPolicy,1,1,0.0675266,2.77259,3.50656,6,5.26284,135,268,4.73501,548,0.981855
E3-Strict-p003,40.0003,168,17,RLPolicy,1,1,0.0623939,2.77259,3.50656,6,4.80935,119,301,4.46264,549,0.977981
E3-Strict-p003,40.0027,111,247,RLPolicy,1,1,0.0428876,1.38629,3.50656,4,5.24566,0,165,4.87363,549,0.984912
E3-Strict-p003,40.0119,30,451,RLPolicy,1,1,0.044297,2.93736,3.50656,8,9.55246,272,428,8.9716,549,0.983019
E3-Strict-p003,40.0153,21,193,RLPolicy,1,1,0.0413795,2.85497,3.50656,7,10.9653,200,340,10.5172,549,0.963743
E3-Strict-p003,40.0171,24,276,RLPolicy,1,1,0.0383371,1.46868,3.50656,5,8.00293,0,277,7.48756,549,0.981564
E3-Strict-p003,40.0191,10,100,RLPolicy,1,1,0.0405558,2.70082,3.50656,7,3.86317,57,244,3.53725,549,0.973869
E3-Strict-p003,40.0217,161,359,RLPolicy,1,1,0.0598782,3.46574,3.50656,7,4.339,179,375,3.90836,549,0.978185
E3-Strict-p003,40.0235,98,387,RLPolicy,1,1,0.0484376,3.46574,3.50656,7,3.58489,128,160,3.4183,549,0.964322
E3-Strict-p003,40.0273,2,113,RLPolicy,1,1,0.0329327,2.77259,3.50656,6,12.0266,35,213,11.404,549,0.977981
E3-Strict-p003,40.0348,4,4,RLPolicy,0,0,0,0,3.50656,1,4.59048,17,17,4.53031,549,0.971665
E3-Strict-p003,40.0396,29,9,RLPolicy,1,1,0.0322426,3.46574,3.50656,7,9.49608,205,225,9.04298,549,0.984825
E3-Strict-p003,40.0422,266,302,RLPolicy,1,1,0.0657753,2.77259,3.50656,6,4.94659,9,352,4.24499,549,0.985117
E3-Strict-p003,40.0519,64,122,RLPolicy,1,1,0.0492449,3.46574,3.50656,7,5.74478,107,464,5.2063,549,0.939245
E3-Strict-p003,40.0685,181,181,RLPolicy,0,0,0,0,3.50656,1,4.72799,13,13,4.62767,549,0.996126
E3-Strict-p003,40.0857,136,305,RLPolicy,1,1,0.0642737,3.46574,3.50656,7,6.40528,115,290,5.93357,549,0.995514
E3-Strict-p003,40.0962,234,234,RLPolicy,0,0,0,0,3.50656,1,4.01208,48,48,3.94471,549,0.988786
E3-Strict-p003,40.1025,75,80,RLPolicy,1,1,0.0525247,3.46574,3.50656,7,7.3518,252,277,6.79041,551,0.979701
E3-Strict-p003,40.1118,267,543,RLPolicy,1,1,0.0702367,0.693147,3.50656,3,7.58743,0,127,7.22737,551,0.98455
E3-Strict-p003,40.1153,107,420,RLPolicy,1,1,0.0517851,2.77259,3.50656,6,6.16391,37,309,5.7647,551,0.988582
E3-Strict-p003,40.1204,357,357,RLPolicy,0,0,0,0,3.50656,1,3.55716,8,8,3.50986,551,0.992864
E3-Strict-p003,40.1207,57,57,RLPolicy,0,0,0,0,3.50656,1,4.76473,11,11,4.7148,551,0.994395
E3-Strict-p003,40.1317,272,413,RLPolicy,1,1,0.0709963,1.38629,3.50656,4,5.94502,0,144,5.67405,551,0.981855
E3-Strict-p003,40.134,150,490,RLPolicy,1,1,0.0621296,3.46574,3.50656,7,4.51238,188,200,3.99671,551,0.990506
E3-Strict-p003,40.1342,346,558,RLPolicy,1,1,0.101733,3.46574,3.50656,7,4.83803,172,183,4.26276,551,0.999388
E3-Strict-p003,40.1387,151,343,RLPolicy,1,1,0.0640669,3.46574,3.50656,7,4.66138,57,338,4.10588,551,0.984912
E3-Strict-p003,40.1418,254,254,RLPolicy,0,0,0,0,3.50656,1,6.53533,76,76,6.44856,551,0.99266
E3-Strict-p003,40.1459,122,335,RLPolicy,1,1,0.0503183,3.46574,3.50656,7,6.21911,116,447,5.25555,551,0.977981
E3-Strict-p003,40.147,404,404,RLPolicy,0,0,0,0,3.50656,1,4.51095,82,82,4.4366,551,1
E3-Strict-p003,40.1549,366,292,RLPolicy,1,1,0.103075,3.46574,3.50656,7,4.65801,325,360,4.40893,551,0.999592
E3-Strict-p003,40.1572,236,8,RLPolicy,1,1,0.0641324,3.46574,3.50656,7,4.85206,74,349,4.24964,551,0.974719
E3-Strict-p003,40.159,387,257,RLPolicy,1,1,0.110906,3.31159,3.50656,7,3.49395,96,127,3.18609,551,0.999025
E3-Strict-p003,40.1677,321,329,RLPolicy,1,1,0.0929298,3.31159,3.50656,7,4.63324,129,143,4.29177,551,0.989373
E3-Strict-p003,40.1727,227,49,RLPolicy,1,1,0.0827376,3.46574,3.50656,7,4.40648,151,171,4.18072,551,0.995514
E3-Strict-p003,40.1834,31,94,RLPolicy,1,1,0.0439984,3.39397,3.50656,8,5.09631,271,382,4.62205,551,0.983652
E3-Strict-p003,40.1922,269,158,RLPolicy,1,1,0.0671436,3.46574,3.50656,7,5.39126,63,360,4.56842,551,0.999388
E3-Strict-p003,40.1944,320,260,RLPolicy,1,1,0.0810276,2.77259,3.50656,6,4.54048,29,71,4.24681,551,0.996126
E3-Strict-p003,40.2034,344,344,RLPolicy,0,0,0,0,3.50656,1,6.10358,10,10,6.04265,554,0.999796
E3-Strict-p003,40.2067,377,203,RLPolicy,1,1,0.0965952,3.46574,3.50656,7,4.38703,198,353,4.00445,554,0.999592
E3-Strict-p003,40.207,369,260,RLPolicy,1,1,0.104121,2.77259,3.50656,6,3.02199,25,64,2.82343,554,0.99633
E3-Strict-p003,40.208,222,561,RLPolicy,1,1,0.0807964,2.61844,3.50656,6,4.77101,137,312,4.46668,554,0.952179
E3-Strict-p003,40.2105,215,466,RLPolicy,1,1,0.0848491,3.46574,3.50656,7,8.35112,141,198,7.97551,554,0.992048
E3-Strict-p003,40.2109,33,365,RLPolicy,1,1,0.0393228,2.85497,3.50656,7,4.82638,163,290,4.38245,554,0.956196
E3-Strict-p003,40.2271,286,47,RLPolicy,1,1,0.0949927,1.61699,3.50656,5,6.02388,0,193,5.71587,554,0.985907
E3-Strict-p003,40.2292,160,160,RLPolicy,0,0,0,0,3.50656,1,3.14276,11,11,3.10094,554,1
E3-Strict-p003,40.2314,228,228,RLPolicy,0,0,0,0,3.50656,1,3.46817,1,1,3.43115,554,1
E3-Strict-p003,40.2357,71,191,RLPolicy,1,1,0.0373368,3.46574,3.50656,7,5.36668,124,142,4.93328,554,0.99531
E3-Strict-p003,40.2418,70,67,RLPolicy,1,1,0.0438427,2.77259,3.50656,6,5.84573,120,306,5.4185,554,0.970437
E3-Strict-p003,40.2464,174,174,RLPolicy,0,0,0,0,3.50656,1,3.96784,68,68,3.90835,554,0.995514
E3-Strict-p003,40.2475,221,483,RLPolicy,1,1,0.0654262,2.77259,3.50656,6,5.55565,69,183,5.19212,554,0.967788
E3-Strict-p003,40.2483,415,365,RLPolicy,1,1,0.113121,2.07944,3.50656,5,4.93947,1,300,4.29261,554,0.992864
E3-Strict-p003,40.2523,274,274,RLPolicy,0,0,0,0,3.50656,1,5.42824,42,42,5.36448,554,0.977618
E3-Strict-p003,40.2535,203,203,RLPolicy,0,0,0,0,3.50656,1,4.66226,68,68,4.58184,554,0.995922
E3-Strict-p003,40.2606,231,66,RLPolicy,1,1,0.0633897,2.77259,3.50656,6,5.29209,35,398,4.8671,554,0.984912
E3-Strict-p003,40.2636,84,364,RLPolicy,1,1,0.0527912,2.77259,3.50656,6,5.79222,107,245,5.2987,554,0.981447
E3-Strict-p003,40.2655,247,564,RLPolicy,1,1,0.067833,3.31159,3.50656,7,5.71587,120,168,5.40815,554,0.990506
E3-Strict-p003,40.2688,148,148,RLPolicy,0,0,0,0,3.50656,1,3.65994,3,3,3.59967,554,1
E3-Strict-p003,40.2716,149,413,RLPolicy,1,1,0.0669309,3.46574,3.50656,7,4.3329,321,339,4.056,554,0.974311
E3-Strict-p003,40.2759,270,270,RLPolicy,0,0,0,0,3.50656,1,4.58182,51,51,4.50875,554,0.996126
E3-Strict-p003,40.2853,182,116,RLPolicy,1,1,0.0553737,3.46574,3.50656,7,5.00994,171,307,4.56714,554,0.991844
E3-Strict-p003,40.2894,325,70,RLPolicy,1,1,0.101167,1.92529,3.50656,5,5.97303,0,274,5.53174,554,0.98822
E3-Strict-p003,40.2948,410,560,RLPolicy,1,1,0.108728,3.46574,3.50656,7,4.52213,117,216,4.02871,554,0.999796
E3-Strict-p003,40.2992,120,120,RLPolicy,0,0,0,0,3.50656,1,4.71702,12,12,4.66074,554,1
E3-Strict-p003,40.302,87,64,RLPolicy,1,1,0.0394462,2.77259,3.50656,6,5.21114,69,398,4.48458,555,0.96738
E3-Strict-p003,40.3133,100,81,RLPolicy,1,1,0.0554452,3.31159,3.50656,7,5.25895,163,298,4.48388,555,0.965062
E3-Strict-p003,40.3157,416,416,RLPolicy,0,0,0,0,3.50656,1,6.86907,68,68,6.8242,555,1
E3-Strict-p003,40.3158,167,167,RLPolicy,0,0,0,0,3.50656,1,4.23151,58,58,4.17838,555,0.992252
E3-Strict-p003,40.3178,158,264,RLPolicy,1,1,0.0652233,3.46574,3.50656,7,4.64588,229,259,4.24153,555,0.988378
E3-Strict-p003,40.3201,197,197,RLPolicy,0,0,0,0,3.50656,1,8.81783,23,23,8.76875,555,0.986232
E3-Strict-p003,40.3245,23,302,RLPolicy,1,1,0.0372719,1.45561,3.50656,5,6.41163,0,255,5.71841,555,0.910113
E3-Strict-p003,40.3284,263,432,RLPolicy,1,1,0.0708115,3.46574,3.50656,7,4.87207,298,310,4.58081,555,0.999592
E3-Strict-p003,40.3289,77,47,RLPolicy,1,1,0.0497297,3.46574,3.50656,7,5.21269,243,270,4.82156,555,0.958498
E3-Strict-p003,40.3395,373,420,RLPolicy,1,1,0.0978952,2.61844,3.50656,6,3.94789,70,158,3.57,555,0.995559
E3-Strict-p003,40.3412,79,313,RLPolicy,1,1,0.0526512,3.46574,3.50656,7,5.46106,167,332,5.05353,555,0.995514
E3-Strict-p003,40.3419,32,340,RLPolicy,1,1,0.0378512,2.85497,3.50656,7,5.48603,51,315,4.90553,555,0.944886
E3-Strict-p003,40.3441,37,4,RLPolicy,1,1,0.0411736,3.46574,3.50656,7,5.23475,130,140,4.98315,555,0.98289
E3-Strict-p003,40.3626,371,402,RLPolicy,1,1,0.104341,3.46574,3.50656,7,4.5082,231,239,4.32087,555,0.996126
E3-Strict-p003,40.3754,413,413,RLPolicy,0,0,0,0,3.50656,1,4.64317,15,15,4.59371,555,1
E3-Strict-p003,40.383,251,294,RLPolicy,1,1,0.0756187,3.31159,3.50656,7,5.32511,131,487,4.7754,555,0.992635
E3-Strict-p003,40.3905,156,267,RLPolicy,1,1,0.0589149,2.77259,3.50656,6,4.50442,40,291,4.12019,555,0.96371
E3-Strict-p003,40.3966,388,388,RLPolicy,0,0,0,0,3.50656,1,3.57174,22,22,3.52843,555,0.99633
E3-Strict-p003,40.3991,176,176,RLPolicy,0,0,0,0,3.50656,1,3.6065,5,5,3.56913,555,0.992252
E3-Strict-p003,40.3999,294,294,RLPolicy,0,0,0,0,3.50656,1,4.77618,61,61,4.70615,555,0.995922
E3-Strict-p003,40.4188,112,463,RLPolicy,1,1,0.0595035,2.46429,3.50656,6,4.62034,30,353,4.17123,558,0.951383
E3-Strict-p003,40.42,121,121,RLPolicy,0,0,0,0,3.50656,1,3.90633,7,7,3.86714,558,0.999592
E3-Strict-p003,40.421,401,420,RLPolicy,1,1,0.10236,2.77259,3.50656,6,4.76134,146,289,4.27903,558,0.99633
E3-Strict-p003,40.4272,177,524,RLPolicy,1,1,0.0662854,3.46574,3.50656,7,4.6561,157,185,4.42467,558,0.988378
E3-Strict-p003,40.4309,108,48,RLPolicy,1,1,0.0584482,3.31159,3.50656,7,4.37791,91,358,3.96806,558,0.977618
E3-Strict-p003,40.431,283,283,RLPolicy,0,0,0,0,3.50656,1,3.88142,63,63,3.8361,558,0.99633
E3-Strict-p003,40.4315,355,197,RLPolicy,1,1,0.0969449,3.46574,3.50656,7,8.74264,278,298,8.1188,558,0.999592
E3-Strict-p003,40.4326,241,248,RLPolicy,1,1,0.0787111,2.77259,3.50656,6,4.28461,10,188,3.72898,558,0.992456
E3-Strict-p003,40.4351,406,434,RLPolicy,1,1,0.0995064,3.46574,3.50656,7,6.15501,91,437,5.42264,558,0.999796
E3-Strict-p003,40.4372,375,375,RLPolicy,0,0,0,0,3.50656,1,3.25779,78,78,3.21696,558,0.999796
E3-Strict-p003,40.4381,262,97,RLPolicy,1,1,0.0712399,2.07944,3.50656,5,5.328,0,172,4.99184,558,0.981651
E3-Strict-p003,40.4453,287,85,RLPolicy,1,1,0.0969616,3.15743,3.50656,7,4.75808,154,179,4.4731,558,0.987832
E3-Strict-p003,40.4532,28,28,RLPolicy,0,0,0,0,3.50656,1,4.49581,40,40,4.41424,1,0.970758
E3-Strict-p003,40.4663,72,72,RLPolicy,0,0,0,0,3.50656,1,4.38868,14,14,4.30827,558,0.978185
E3-Strict-p003,40.4706,257,257,RLPolicy,0,0,0,0,3.50656,1,6.34191,55,55,6.09903,558,0.982059
E3-Strict-p003,40.4711,196,11,RLPolicy,1,1,0.0546957,2.77259,3.50656,6,5.18001,75,177,4.6601,558,0.984912
E3-Strict-p003,40.4727,395,395,RLPolicy,0,0,0,0,3.50656,1,5.32631,86,86,5.266,558,1
E3-Strict-p003,40.4741,332,373,RLPolicy,1,1,0.0820766,2.77259,3.50656,6,5.91011,126,240,5.5518,558,0.985729
E3-Strict-p003,40.4806,85,85,RLPolicy,0,0,0,0,3.50656,1,3.53982,11,11,3.49962,558,0.992456
E3-Strict-p003,40.4809,18,18,RLPolicy,0,0,0,0,3.50656,1,4.87479,65,65,4.77755,558,0.981152
E3-Strict-p003,40.4882,185,267,RLPolicy,1,1,0.056174,0.693147,3.50656,3,5.42715,0,110,5.0566,558,0.978185
E3-Strict-p003,40.4979,142,37,RLPolicy,1,1,0.0585995,2.07944,3.50656,5,5.35964,0,100,5.1194,558,0.966609
E3-Strict-p003,40.5044,6,6,RLPolicy,0,0,0,0,3.50656,1,4.45383,45,45,4.39177,558,0.97035
E3-Strict-p003,40.5082,128,249,RLPolicy,1,1,0.046899,2.77259,3.50656,6,6.43866,83,236,5.96586,558,0.962551
E3-Strict-p003,40.5096,106,339,RLPolicy,1,1,0.0435816,3.46574,3.50656,7,3.83225,142,369,3.50859,558,0.995718
E3-Strict-p003,40.5138,166,166,RLPolicy,0,0,0,0,3.50656,1,4.06913,48,48,4.01197,558,0.999388
E3-Strict-p003,40.5143,250,250,RLPolicy,0,0,0,0,3.50656,1,4.76363,61,61,4.65394,558,0.995355
E3-Strict-p003,40.5148,78,91,RLPolicy,1,1,0.0543945,3.46574,3.50656,7,5.5993,304,338,5.16454,558,0.981651
E3-Strict-p003,40.5169,127,518,RLPolicy,1,1,0.0580692,3.46574,3.50656,7,4.76118,90,367,4.30486,558,0.99164
E3-Strict-p003,40.5313,124,68,RLPolicy,1,1,0.0549985,3.46574,3.50656,7,5.89263,199,388,5.11413,558,0.99164
E3-Strict-p003,40.5425,306,306,RLPolicy,0,0,0,0,3.50656,1,3.75812,22,22,3.70614,558,0.99266
E3-Strict-p003,40.5462,260,406,RLPolicy,1,1,0.0785255,1.38629,3.50656,4,11.4827,0,164,8.07766,558,0.981651
E3-Strict-p003,40.561,376,179,RLPolicy,1,1,0.0933857,3.46574,3.50656,7,4.30921,193,345,3.96821,558,0.999592
E3-Strict-p003,40.5737,339,237,RLPolicy,1,1,0.0811075,0.693147,3.50656,3,5.50027,0,159,5.11696,558,0.971662
E3-Strict-p003,40.5757,351,421,RLPolicy,1,1,0.0926305,2.77259,3.50656,6,5.39643,85,202,4.89343,558,0.990915
E3-Strict-p003,40.5825,195,226,RLPolicy,1,1,0.0509804,2.07944,3.50656,5,6.28427,1,188,5.79233,558,0.984912
E3-Strict-p003,40.5952,380,394,RLPolicy,1,1,0.0948382,3.31159,3.50656,7,4.51022,68,288,3.88875,558,0.994585
E3-Strict-p003,40.6005,119,119,RLPolicy,0,0,0,0,3.50656,1,4.32258,92,92,4.24921,560,0.967175
E3-Strict-p003,40.602,47,47,RLPolicy,0,0,0,0,3.50656,1,3.99017,85,85,3.90444,560,0.986968
E3-Strict-p003,40.6026,13,308,RLPolicy,1,1,0.0373162,1.46868,3.50656,5,5.49141,0,119,5.08802,560,0.950784
E3-Strict-p003,40.6048,198,465,RLPolicy,1,1,0.0524739,2.77259,3.50656,6,4.85461,54,232,4.40412,560,0.985117
E3-Strict-p003,40.6064,163,348,RLPolicy,1,1,0.049013,3.46574,3.50656,7,5.62049,80,400,4.85808,560,0.981855
E3-Strict-p003,40.6077,309,315,RLPolicy,1,1,0.101206,3.46574,3.50656,7,5.54432,306,349,5.22438,560,0.999184
E3-Strict-p003,40.6191,314,314,RLPolicy,0,0,0,0,3.50656,1,4.30155,43,43,4.22655,560,0.996126
E3-Strict-p003,40.6272,282,533,RLPolicy,1,1,0.0697934,3.46574,3.50656,7,6.68487,108,513,6.05085,560,0.995718
E3-Strict-p003,40.6307,135,466,RLPolicy,1,1,0.0597577,2.77259,3.50656,6,6.39711,105,261,5.77405,560,0.981038
E3-Strict-p003,40.6521,90,90,RLPolicy,0,0,0,0,3.50656,1,4.89945,35,35,4.82946,560,0.999592
E3-Strict-p003,40.6573,165,165,RLPolicy,0,0,0,0,3.50656,1,5.06526,59,59,4.99048,560,0.989532
E3-Strict-p003,40.6579,354,68,RLPolicy,1,1,0.10801,3.46574,3.50656,7,5.74829,214,270,5.29396,560,0.995922
E3-Strict-p003,40.6674,299,354,RLPolicy,1,1,0.0779794,3.46574,3.50656,7,4.99486,132,333,4.17927,560,0.999796
E3-Strict-p003,40.6701,318,318,RLPolicy,0,0,0,0,3.50656,1,3.58424,1,1,3.53744,560,1
E3-Strict-p003,40.676,171,171,RLPolicy,0,0,0,0,3.50656,1,4.98873,52,52,4.92342,560,0.99266
E3-Strict-p003,40.6835,391,189,RLPolicy,1,1,0.0967231,2.07944,3.50656,5,4.49665,1,224,4.06199,560,0.99266
E3-Strict-p003,40.6939,331,331,RLPolicy,0,0,0,0,3.50656,1,4.81445,74,74,4.7377,560,1
E3-Strict-p003,40.6953,132,132,RLPolicy,0,0,0,0,3.50656,1,4.414,18,18,4.35492,560,0.999184
E3-Strict-p003,40.7031,378,100,RLPolicy,1,1,0.108796,2.26176,3.50656,5,5.25808,17,274,4.66021,567,0.979709
E3-Strict-p003,40.7042,384,418,RLPolicy,1,1,0.0949995,1.77114,3.50656,5,4.3365,0,244,3.91674,567,0.990348
E3-Strict-p003,40.7076,15,449,RLPolicy,1,1,0.00730216,3.46574,3.50656,7,3.80403,228,238,3.49378,567,0.975609
E3-Strict-p003,40.71,36,129,RLPolicy,1,1,0.0387297,3.16035,3.50656,7,5.48661,108,277,4.95731,567,0.974228
E3-Strict-p003,40.7173,229,481,RLPolicy,1,1,0.0586044,2.77259,3.50656,6,5.63882,66,274,4.95567,567,0.996126
E3-Strict-p003,40.7241,190,529,RLPolicy,1,1,0.0610373,3.46574,3.50656,7,6.01671,52,391,5.50751,567,0.988174
E3-Strict-p003,40.7279,422,422,RLPolicy,0,0,0,0,3.50656,1,3.03333,15,15,2.99501,567,1
E3-Strict-p003,40.728,154,61,RLPolicy,1,1,0.0540191,2.77259,3.50656,6,3.87796,8,196,3.56021,567,0.964118
E3-Strict-p003,40.7329,239,239,RLPolicy,0,0,0,0,3.50656,1,3.78598,23,23,3.74941,567,0.995922
E3-Strict-p003,40.7357,264,458,RLPolicy,1,1,0.0743654,3.31159,3.50656,7,8.99812,164,315,8.30022,567,0.99438
E3-Strict-p003,40.7393,316,466,RLPolicy,1,1,0.0889553,2.77259,3.50656,6,5.21904,50,199,4.78917,567,0.992456
E3-Strict-p003,40.7503,382,501,RLPolicy,1,1,0.098398,3.46574,3.50656,7,4.88291,130,289,4.49277,567,0.999592
E3-Strict-p003,40.7629,296,214,RLPolicy,1,1,0.0747456,2.77259,3.50656,6,5.94133,123,330,5.50629,567,0.985321
E3-Strict-p003,40.7695,319,517,RLPolicy,1,1,0.0853236,2.77259,3.50656,6,4.46575,43,180,4.0552,567,0.98899
E3-Strict-p003,40.7722,191,291,RLPolicy,1,1,0.0737498,2.31014,3.50656,6,5.65237,56,291,5.08371,567,0.985499
E3-Strict-p003,40.7786,51,51,RLPolicy,0,0,0,0,3.50656,1,4.43945,15,15,4.35527,567,0.987846
E3-Strict-p003,40.7823,88,88,RLPolicy,0,0,0,0,3.50656,1,5.64718,61,61,5.56009,567,0.992252
E3-Strict-p003,40.7859,358,381,RLPolicy,1,1,0.091346,2.77259,3.50656,6,5.64715,110,286,4.96338,567,0.99633
E3-Strict-p003,40.7863,295,290,RLPolicy,1,1,0.0989122,3.46574,3.50656,7,6.17968,348,370,5.80963,567,0.992252
E3-Strict-p003,40.7903,330,478,RLPolicy,1,1,0.0833138,3.46574,3.50656,7,5.3955,112,301,4.9441,567,0.999388
E3-Strict-p003,40.7907,99,99,RLPolicy,0,0,0,0,3.50656,1,5.12459,54,54,5.05598,567,0.991844
E3-Strict-p003,40.7912,291,167,RLPolicy,1,1,0.0730611,3.46574,3.50656,7,5.64959,92,410,5.13492,567,0.999388
E3-Strict-p003,40.7917,374,269,RLPolicy,1,1,0.00682812,3.46574,3.50656,7,4.61275,308,326,4.3479,567,0.999592
E3-Strict-p003,40.7992,343,271,RLPolicy,1,1,0.0876678,3.15743,3.50656,7,6.4833,170,411,5.58959,567,0.99438
E3-Strict-p003,40.8018,292,292,RLPolicy,0,0,0,0,3.50656,1,4.52259,66,66,4.44873,569,0.999796
E3-Strict-p003,40.8026,419,419,RLPolicy,0,0,0,0,3.50656,1,3.95937,51,51,3.89839,569,1
E3-Strict-p003,40.8039,244,362,RLPolicy,1,1,0.084229,3.46574,3.50656,7,4.42091,242,254,4.16717,569,0.992048
E3-Strict-p003,40.8131,14,447,RLPolicy,1,1,0.0369031,3.22967,3.50656,8,5.09564,92,322,4.65384,569,0.968073
E3-Strict-p003,40.8149,16,401,RLPolicy,1,1,0.0238266,3.46574,3.50656,7,3.49477,227,240,3.25274,569,0.995223
E3-Strict-p003,40.8287,9,549,RLPolicy,1,1,0.0390944,2.85497,3.50656,7,5.95822,157,328,5.34298,569,0.9725
E3-Strict-p003,40.8302,208,208,RLPolicy,0,0,0,0,3.50656,1,4.78284,18,18,4.71041,569,0.996126
E3-Strict-p003,40.8413,327,74,RLPolicy,1,1,0.0906649,3.46574,3.50656,7,5.13593,73,329,4.67602,569,0.999184
E3-Strict-p003,40.8439,26,196,RLPolicy,1,1,0.00677682,3.46574,3.50656,7,4.04216,148,177,3.80078,569,0.994395
E3-Strict-p003,40.8487,414,535,RLPolicy,1,1,0.0986086,1.38629,3.50656,4,4.79998,0,155,4.35694,569,0.989399
E3-Strict-p003,40.8557,335,225,RLPolicy,1,1,0.0874148,2.77259,3.50656,6,6.26988,11,198,5.5415,569,0.995922
E3-Strict-p003,40.8604,348,319,RLPolicy,1,1,0.0964283,3.46574,3.50656,7,5.08201,354,375,4.7858,569,0.999592
E3-Strict-p003,40.8614,290,290,RLPolicy,0,0,0,0,3.50656,1,4.92342,73,73,4.77108,569,0.992252
E3-Strict-p003,40.8764,139,139,RLPolicy,0,0,0,0,3.50656,1,4.99151,51,51,4.9288,569,0.967788
E3-Strict-p003,40.8776,62,290,RLPolicy,1,1,0.0493509,3.46574,3.50656,7,4.69046,145,304,4.31347,569,0.975465
E3-Strict-p003,40.8799,363,363,RLPolicy,0,0,0,0,3.50656,1,3.43148,9,9,3.38406,569,1
E3-Strict-p003,40.8886,261,246,RLPolicy,1,1,0.0764043,3.46574,3.50656,7,5.43284,273,288,5.02135,569,0.995514
E3-Strict-p003,40.8888,188,188,RLPolicy,0,0,0,0,3.50656,1,3.85457,11,11,3.80772,569,0.999592
E3-Strict-p003,40.8906,217,44,RLPolicy,1,1,0.0611595,3.46574,3.50656,7,5.65106,277,323,5.16718,569,0.988786
E3-Strict-p003,40.8936,126,126,RLPolicy,0,0,0,0,3.50656,1,3.94938,68,68,3.87836,2,0.988786
E3-Strict-p003,40.8973,194,258,RLPolicy,1,1,0.0732891,1.38629,3.50656,4,6.32075,0,186,6.0326,569,0.971049
E3-Strict-p003,40.9004,192,192,RLPolicy,0,0,0,0,3.50656,1,3.76654,7,7,3.71281,571,1
E3-Strict-p003,40.9056,277,277,RLPolicy,0,0,0,0,3.50656,1,4.10178,1,1,4.05006,571,1
E3-Strict-p003,40.9097,80,80,RLPolicy,0,0,0,0,3.50656,1,5.28959,86,86,5.20045,571,0.982059
E3-Strict-p003,40.9137,328,70,RLPolicy,1,1,0.1013,2.07944,3.50656,5,4.55653,0,136,4.2769,571,0.975128
E3-Strict-p003,40.921,146,62,RLPolicy,1,1,0.0656155,3.46574,3.50656,7,4.92621,176,191,4.48647,571,0.999592
E3-Strict-p003,40.925,337,337,RLPolicy,0,0,0,0,3.50656,1,4.60002,25,25,4.53546,571,0.99633
E3-Strict-p003,40.9427,326,168,RLPolicy,1,1,0.084959,3.46574,3.50656,7,4.58717,119,340,3.9867,571,0.99438
E3-Strict-p003,40.9465,140,492,RLPolicy,1,1,0.0627187,3.46574,3.50656,7,6.40794,310,329,6.15286,571,0.974719
E3-Strict-p003,40.9487,173,274,RLPolicy,1,1,0.0443917,0.693147,3.50656,3,4.55608,0,149,4.32815,571,0.977981
E3-Strict-p003,40.963,213,460,RLPolicy,1,1,0.0751216,3.46574,3.50656,7,6.78619,229,268,6.18067,571,0.988378
E3-Strict-p003,40.9654,40,386,RLPolicy,1,1,0.0349513,2.99313,3.50656,7,4.88316,71,338,4.30638,571,0.959312
E3-Strict-p003,40.9663,178,349,RLPolicy,1,1,0.0524617,3.46574,3.50656,7,4.02129,104,220,3.73642,571,0.964118
E3-Strict-p003,40.9679,56,22,RLPolicy,1,1,0.0485686,3.46574,3.50656,7,4.99016,170,224,4.66456,571,0.993783
E3-Strict-p003,40.9684,96,48,RLPolicy,1,1,0.0355268,3.46574,3.50656,7,4.72481,93,388,4.17628,571,0.977777
E3-Strict-p003,40.9733,361,125,RLPolicy,1,1,0.0933246,3.46574,3.50656,7,5.90579,40,229,5.22145,571,0.995922
E3-Strict-p003,40.9891,248,482,RLPolicy,1,1,0.0844273,3.31159,3.50656,7,6.471,176,311,5.75947,571,0.973949
E3-Strict-p003,40.9933,201,145,RLPolicy,1,1,0.0680618,3.46574,3.50656,7,5.75456,314,378,5.33985,571,0.974515
E3-Strict-p003,40.9955,322,116,RLPolicy,1,1,0.0816111,2.77259,3.50656,6,4.67291,77,197,4.41204,571,0.982059
E3-Strict-p003,41.0113,338,465,RLPolicy,1,1,0.0914747,2.77259,3.50656,6,10.6592,43,222,10.1442,571,0.992456
E3-Strict-p003,41.0168,134,171,RLPolicy,1,1,0.0559253,2.77259,3.50656,6,8.15889,45,119,7.87673,571,0.99266
E3-Strict-p003,41.0235,347,193,RLPolicy,1,1,0.102663,3.46574,3.50656,7,9.76225,274,296,9.42407,571,0.984958
E3-Strict-p003,41.0274,110,26,RLPolicy,1,1,0.0522453,3.46574,3.50656,7,4.16204,176,196,3.86676,571,0.999592
E3-Strict-p003,41.0305,187,494,RLPolicy,1,1,0.0506865,2.77259,3.50656,6,5.02626,21,256,4.7401,571,0.974515
E3-Strict-p003,41.037,386,165,RLPolicy,1,1,0.0947506,2.07944,3.50656,5,4.6943,0,208,4.37007,571,0.99266
E3-Strict-p003,41.0484,172,463,RLPolicy,1,1,0.0494651,2.77259,3.50656,6,6.26072,90,389,5.62927,571,0.96371
E3-Strict-p003,41.0541,123,123,RLPolicy,0,0,0,0,3.50656,1,4.60249,37,37,4.54192,571,0.999796
E3-Strict-p003,41.0587,20,286,RLPolicy,1,1,0.0388708,2.46721,3.50656,6,7.2656,61,347,6.50523,571,0.954673
E3-Strict-p003,41.06,3,165,RLPolicy,1,1,0.0363732,3.16035,3.50656,7,5.19244,296,322,4.6647,571,0.991757
E3-Strict-p003,41.0602,19,505,RLPolicy,1,1,0.0360101,0.775531,3.50656,4,5.25743,0,208,4.76285,571,0.967657
E3-Strict-p003,41.0762,256,219,RLPolicy,1,1,0.0876852,3.46574,3.50656,7,4.15921,118,138,3.71673,571,0.996126
E3-Strict-p003,41.0767,230,230,RLPolicy,0,0,0,0,3.50656,1,3.67091,10,10,3.61125,571,1
E3-Strict-p003,41.0781,249,76,RLPolicy,1,1,0.0876487,3.46574,3.50656,7,4.58302,226,277,4.18912,571,0.999592
E3-Strict-p003,41.0792,246,395,RLPolicy,1,1,0.0645124,3.46574,3.50656,7,4.55885,143,352,4.22047,571,0.999184
E3-Strict-p003,41.0831,315,102,RLPolicy,1,1,0.0851003,2.77259,3.50656,6,5.27584,102,231,4.73797,571,0.99633
E3-Strict-p003,41.0895,45,539,RLPolicy,1,1,0.004836,2.07944,3.50656,5,4.05145,0,53,3.79055,571,0.992864
E3-Strict-p003,41.0993,46,46,RLPolicy,0,0,0,0,3.50656,1,4.28519,52,52,4.2198,571,0.993692
E3-Strict-p003,41.1045,133,367,RLPolicy,1,1,0.0609195,3.46574,3.50656,7,4.72958,290,377,4.28762,571,0.991436
E3-Strict-p003,41.107,350,350,RLPolicy,0,0,0,0,3.50656,1,8.6568,59,59,8.573,571,0.994585
E3-Strict-p003,41.1109,394,453,RLPolicy,1,1,0.0992908,3.15743,3.50656,7,4.98064,112,338,4.4391,571,0.99728
E3-Strict-p003,41.1122,220,220,RLPolicy,0,0,0,0,3.50656,1,4.86775,53,53,4.81286,571,0.972165
E3-Strict-p003,41.1136,43,288,RLPolicy,1,1,0.0477107,2.07944,3.50656,5,5.54427,0,246,5.07081,571,0.949763
E3-Strict-p003,41.1184,428,548,RLPolicy,1,1,0.00727075,3.46574,3.50656,7,6.07426,82,93,5.82054,571,0.999796
E3-Strict-p003,41.1238,102,102,RLPolicy,0,0,0,0,3.50656,1,4.06758,45,45,3.9901,571,0.984142
E3-Strict-p003,41.1362,360,360,RLPolicy,0,0,0,0,3.50656,1,4.49304,16,16,4.43176,571,1
E3-Strict-p003,41.1394,12,427,RLPolicy,1,1,0.0326743,2.77259,3.50656,6,6.29264,61,337,5.80486,571,0.945769
E3-Strict-p003,41.1454,63,312,RLPolicy,1,1,0.0445197,1.38629,3.50656,4,4.76573,0,171,4.55926,571,0.98145
E3-Strict-p003,41.1508,81,494,RLPolicy,1,1,0.0528744,3.46574,3.50656,7,5.89643,81,248,5.24118,571,0.995922
E3-Strict-p003,41.1516,243,243,RLPolicy,0,0,0,0,3.50656,1,4.51115,70,70,4.37462,571,0.996126
E3-Strict-p003,41.1543,368,25,RLPolicy,1,1,0.0909344,3.46574,3.50656,7,6.12717,269,325,5.61998,571,0.999796
E3-Strict-p003,41.1625,235,50,RLPolicy,1,1,0.0579569,1.92529,3.50656,5,5.39369,0,285,4.78284,571,0.983008
E3-Strict-p003,41.1626,25,276,RLPolicy,1,1,0.0375741,1.08091,3.50656,4,5.99383,0,220,5.51547,571,0.965973
E3-Strict-p003,41.1722,105,196,RLPolicy,1,1,0.0569608,2.77259,3.50656,6,5.40702,131,260,5.00624,571,0.966971
E3-Strict-p003,41.1722,336,84,RLPolicy,1,1,0.0857943,2.77259,3.50656,6,6.46833,40,281,5.72879,571,0.98899
E3-Strict-p003,41.1727,212,432,RLPolicy,1,1,0.0679393,3.46574,3.50656,7,7.76938,290,303,7.44039,571,0.992456
E3-Strict-p003,41.1778,271,170,RLPolicy,1,1,0.0801864,2.77259,3.50656,6,5.64428,41,239,5.21789,571,0.971254
E3-Strict-p003,41.1857,143,129,RLPolicy,1,1,0.0647113,2.77259,3.50656,6,6.11971,66,148,5.68043,571,0.996126
E3-Strict-p003,41.1872,301,301,RLPolicy,0,0,0,0,3.50656,1,4.65535,14,14,4.57433,571,1
E3-Strict-p003,41.1884,184,211,RLPolicy,1,1,0.0479173,2.77259,3.50656,6,5.16036,16,293,4.69104,571,0.96371
E3-Strict-p003,41.1928,289,289,RLPolicy,0,0,0,0,3.50656,1,5.49897,10,10,5.42689,571,0.985729
E3-Strict-p003,41.1961,109,109,RLPolicy,0,0,0,0,3.50656,1,4.38386,53,53,4.29233,571,0.995355
E3-Strict-p003,41.1967,334,334,RLPolicy,0,0,0,0,3.50656,1,5.76264,78,78,5.63419,571,0.99266
E3-Strict-p003,41.202,411,411,RLPolicy,0,0,0,0,3.50656,1,5.1513,14,14,5.09996,571,1
E3-Strict-p003,41.2053,76,38,RLPolicy,1,1,0.0552793,2.77259,3.50656,6,6.72588,41,403,6.01089,571,0.972629
E3-Strict-p003,41.2057,207,129,RLPolicy,1,1,0.0630885,2.07944,3.50656,5,5.99227,0,175,5.58259,571,0.977777
E3-Strict-p003,41.2107,115,326,RLPolicy,1,1,0.0547909,3.46574,3.50656,7,5.97735,161,314,5.12003,571,0.981038
E3-Strict-p003,41.2114,342,336,RLPolicy,1,1,0.0894241,3.46574,3.50656,7,5.21823,63,327,4.74,571,0.995922
E3-Strict-p003,41.2186,252,462,RLPolicy,1,1,0.062563,2.77259,3.50656,6,5.83784,116,282,5.46831,571,0.988582
E3-Strict-p003,41.2194,206,11,RLPolicy,1,1,0.0762855,2.07944,3.50656,5,5.47137,1,71,5.11319,571,0.988174
E3-Strict-p003,41.2259,54,119,RLPolicy,1,1,0.0424762,3.46574,3.50656,7,4.01381,195,214,3.68737,571,0.999388
E3-Strict-p003,41.2315,38,315,RLPolicy,1,1,0.0424118,2.31306,3.50656,6,5.64954,87,246,5.19299,571,0.966919
E3-Strict-p003,41.237,66,66,RLPolicy,0,0,0,0,3.50656,1,5.35758,63,63,5.28957,571,0.969319
E3-Strict-p003,41.2406,232,145,RLPolicy,1,1,0.0725071,3.46574,3.50656,7,4.93473,190,322,4.57856,571,0.995718
E3-Strict-p003,41.242,50,578,RLPolicy,1,1,0.0348491,3.46574,3.50656,7,5.01011,97,468,4.25624,571,0.970845
E3-Strict-p003,41.2423,52,52,RLPolicy,0,0,0,0,3.50656,1,4.77853,59,59,4.71441,571,0.96004
E3-Strict-p003,41.2462,396,313,RLPolicy,1,1,0.101068,3.46574,3.50656,7,5.12156,338,359,4.34298,571,0.999796
E3-Strict-p003,41.2588,362,362,RLPolicy,0,0,0,0,3.50656,1,5.35941,42,42,5.26588,571,0.99266
E3-Strict-p003,41.2636,39,146,RLPolicy,1,1,0.0363648,1.08091,3.50656,4,6.57264,0,107,6.28297,571,0.952609
E3-Strict-p003,41.2672,431,426,RLPolicy,1,1,0.108706,1.38629,3.50656,4,6.0142,0,31,5.80023,571,0.989399
E3-Strict-p003,41.2674,162,540,RLPolicy,1,1,0.045458,3.46574,3.50656,7,4.29965,206,318,3.96785,571,0.995718
E3-Strict-p003,41.2725,95,95,RLPolicy,0,0,0,0,3.50656,1,7.1509,65,65,7.03873,571,0.96371
E3-Strict-p003,41.2736,179,165,RLPolicy,1,1,0.0530967,2.77259,3.50656,6,4.853,42,298,4.39365,571,0.981243
E3-Strict-p003,41.2751,293,243,RLPolicy,1,1,0.0874599,3.46574,3.50656,7,6.6127,296,313,6.03745,571,0.995514
E3-Strict-p003,41.2755,300,406,RLPolicy,1,1,0.0848048,0.693147,3.50656,3,6.02332,0,85,5.68594,571,0.981651
E3-Strict-p003,41.2776,405,405,RLPolicy,0,0,0,0,3.50656,1,4.40536,59,59,4.30293,571,0.999796
E3-Strict-p003,41.2812,157,73,RLPolicy,1,1,0.0639012,0.538997,3.50656,3,5.63049,0,66,5.44994,571,0.961602
E3-Strict-p003,41.2872,59,304,RLPolicy,1,1,0.0403459,1.38629,3.50656,4,4.79308,0,94,4.41488,571,0.964118
E3-Strict-p003,41.2903,389,26,RLPolicy,1,1,0.0943768,2.07944,3.50656,5,3.69846,0,37,3.46981,571,0.992864
E3-Strict-p003,41.2954,169,479,RLPolicy,1,1,0.0489027,1.38629,3.50656,4,5.07193,0,241,4.80326,571,0.939654
E3-Strict-p003,41.3079,114,507,RLPolicy,1,1,0.041647,1.38629,3.50656,4,4.86075,0,97,4.51671,572,0.989399
E3-Strict-p003,41.3116,49,165,RLPolicy,1,1,0.044091,3.00328,3.50656,7,4.32154,133,152,4.0174,572,0.986061
E3-Strict-p003,41.3148,170,170,RLPolicy,0,0,0,0,3.50656,1,4.04624,20,20,3.9885,572,0.967992
E3-Strict-p003,41.317,68,109,RLPolicy,1,1,0.041975,0.693147,3.50656,3,4.68436,0,49,4.46208,572,0.971254
E3-Strict-p003,41.3184,86,86,RLPolicy,0,0,0,0,3.50656,1,7.11907,16,16,7.0698,572,0.995514
E3-Strict-p003,41.3208,153,308,RLPolicy,1,1,0.0532055,1.92529,3.50656,5,6.11804,0,194,5.59478,572,0.972565
E3-Strict-p003,41.3289,255,274,RLPolicy,1,1,0.0683316,0.693147,3.50656,3,4.66545,0,120,4.36782,572,0.979505
E3-Strict-p003,41.3298,145,116,RLPolicy,1,1,0.0611597,3.46574,3.50656,7,4.5859,272,341,4.19164,572,0.999592
E3-Strict-p003,41.3315,218,142,RLPolicy,1,1,0.0722978,1.38629,3.50656,4,4.69293,0,164,4.37623,572,0.976822
E3-Strict-p003,41.3339,408,571,RLPolicy,1,1,0.100434,3.46574,3.50656,7,4.84636,44,307,4.36699,572,0.999592
E3-Strict-p003,41.3345,285,553,RLPolicy,1,1,0.0764782,2.77259,3.50656,6,4.72967,116,241,4.30238,572,0.992456
E3-Strict-p003,41.3432,417,417,RLPolicy,0,0,0,0,3.50656,1,5.40719,47,47,5.27758,572,1
E3-Strict-p003,41.346,399,326,RLPolicy,1,1,0.109183,3.46574,3.50656,7,4.21672,261,300,3.96816,572,0.999592
E3-Strict-p003,41.3471,1,251,RLPolicy,1,1,0.0373164,2.85497,3.50656,7,4.37215,206,329,3.93368,572,0.969084
E3-Strict-p003,41.3517,333,333,RLPolicy,0,0,0,0,3.50656,1,4.8453,91,91,4.75784,572,0.995922
E3-Strict-p003,41.3654,7,67,RLPolicy,1,1,0.0355196,2.77259,3.50656,6,6.10008,17,332,5.56595,572,0.96363
E3-Strict-p003,41.3675,259,171,RLPolicy,1,1,0.0864442,3.46574,3.50656,7,4.96803,315,338,4.69598,572,0.995718
E3-Strict-p003,41.3688,183,205,RLPolicy,1,1,0.0438236,0.693147,3.50656,3,6.15216,0,68,5.95878,572,0.978185
E3-Strict-p003,41.3742,226,226,RLPolicy,0,0,0,0,3.50656,1,4.95592,6,6,4.87143,572,0.988582
E3-Strict-p003,41.3766,240,415,RLPolicy,1,1,0.0861001,3.31159,3.50656,7,4.33801,278,289,4.02173,572,0.989169
E3-Strict-p003,41.377,370,370,RLPolicy,0,0,0,0,3.50656,1,5.11251,69,69,4.94649,572,0.999592
E3-Strict-p003,41.39,433,475,RLPolicy,1,1,0.104227,2.77259,3.50656,6,5.79379,32,300,5.06654,572,0.99633
E3-Strict-p003,41.3904,307,415,RLPolicy,1,1,0.0756579,2.77259,3.50656,6,4.5333,127,310,4.16885,572,0.992252
E3-Strict-p003,41.3911,8,74,RLPolicy,1,1,0.00729045,3.46574,3.50656,7,4.85948,387,398,4.51189,572,0.986352
E3-Strict-p003,41.3978,273,283,RLPolicy,1,1,0.0879453,3.46574,3.50656,7,5.10078,332,400,4.74843,572,0.994947
E3-Strict-p003,41.3987,193,193,RLPolicy,0,0,0,0,3.50656,1,4.3806,73,73,4.31365,572,0.988582
E3-Strict-p003,41.3997,280,280,RLPolicy,0,0,0,0,3.50656,1,5.00624,1,1,4.90282,572,0.989399
E3-Strict-p003,41.4003,225,358,RLPolicy,1,1,0.0811764,3.46574,3.50656,7,9.39867,80,418,8.47672,573,0.988174
E3-Strict-p003,41.4027,204,81,RLPolicy,1,1,0.0709899,3.46574,3.50656,7,5.29268,339,408,4.90604,573,0.992755
E3-Strict-p003,41.4044,155,458,RLPolicy,1,1,0.0500508,3.46574,3.50656,7,4.89099,94,329,4.40487,573,0.977777
E3-Strict-p003,41.4077,365,365,RLPolicy,0,0,0,0,3.50656,1,6.43155,27,27,6.34008,573,0.996126
E3-Strict-p003,41.4143,97,169,RLPolicy,1,1,0.0454199,3.46574,3.50656,7,5.84109,113,432,5.23202,573,0.979097
E3-Strict-p003,41.4152,352,450,RLPolicy,1,1,0.0948579,2.77259,3.50656,6,5.42637,66,243,5.03236,573,0.99266
E3-Strict-p003,41.416,17,17,RLPolicy,0,0,0,0,3.50656,1,3.85397,76,76,3.55771,573,0.988809
E3-Strict-p003,41.4189,103,169,RLPolicy,1,1,0.0464222,3.46574,3.50656,7,4.34627,191,315,4.0413,573,0.991844
E3-Strict-p003,41.4222,189,518,RLPolicy,1,1,0.054245,3.46574,3.50656,7,4.8082,90,426,4.3622,573,0.984504
E3-Strict-p003,41.4255,67,288,RLPolicy,1,1,0.0490802,2.77259,3.50656,6,4.27127,67,307,3.95291,573,0.96371
E3-Strict-p003,41.4282,275,275,RLPolicy,0,0,0,0,3.50656,1,4.02291,94,94,3.94721,2,0.988786
E3-Strict-p003,41.431,242,270,RLPolicy,1,1,0.0618463,3.46574,3.50656,7,4.723,283,336,4.24017,573,0.981651
E3-Strict-p003,41.4466,390,53,RLPolicy,1,1,0.110543,2.77259,3.50656,6,5.44855,112,290,4.86026,573,0.99633
E3-Strict-p003,41.4477,297,184,RLPolicy,1,1,0.0821708,3.46574,3.50656,7,6.05161,115,388,5.32089,573,0.998413
E3-Strict-p003,41.4573,74,80,RLPolicy,1,1,0.0519118,3.31159,3.50656,7,6.0009,317,346,5.3631,573,0.954103
E3-Strict-p003,41.4602,65,253,RLPolicy,1,1,0.0427226,3.46574,3.50656,7,5.33797,283,300,4.96227,573,0.989494
E3-Strict-p003,41.461,435,435,RLPolicy,0,0,0,0,3.50656,1,4.62323,13,13,4.53197,573,1
E3-Strict-p003,41.4676,180,180,RLPolicy,0,0,0,0,3.50656,1,4.56953,34,34,4.49373,573,0.990106
E3-Strict-p003,41.4684,61,61,RLPolicy,0,0,0,0,3.50656,1,4.12876,70,70,4.0722,573,0.981651
E3-Strict-p003,41.4743,159,171,RLPolicy,1,1,0.064707,1.38629,3.50656,4,5.80466,0,84,5.52107,573,0.971254
E3-Strict-p003,41.4762,412,561,RLPolicy,1,1,0.115655,2.46429,3.50656,6,5.3141,59,207,4.71827,573,0.994789
E3-Strict-p003,41.4768,359,18,RLPolicy,1,1,0.0883858,2.07944,3.50656,5,6.99514,0,233,6.40381,573,0.989195
E3-Strict-p003,41.4795,276,351,RLPolicy,1,1,0.0696012,3.46574,3.50656,7,6.28449,199,413,5.76255,573,0.995922
E3-Strict-p003,41.4817,48,77,RLPolicy,1,1,0.0437769,2.07944,3.50656,5,4.7953,1,261,4.28681,573,0.957486
E3-Strict-p003,41.4869,288,351,RLPolicy,1,1,0.0810478,2.07944,3.50656,5,5.35755,0,64,5.0985,573,0.992252
E3-Strict-p003,41.4917,397,232,RLPolicy,1,1,0.0967593,1.38629,3.50656,4,5.43586,0,227,5.17111,573,0.985729
E3-Strict-p003,41.4918,101,498,RLPolicy,1,1,0.0540164,3.46574,3.50656,7,4.52558,143,295,4.00899,573,0.988378
E3-Strict-p003,41.4921,308,308,RLPolicy,0,0,0,0,3.50656,1,3.75647,15,15,3.70804,573,0.99633
E3-Strict-p003,41.4921,379,31,RLPolicy,1,1,0.0959252,3.46574,3.50656,7,4.87265,187,297,4.57547,573,0.999592
E3-Strict-p003,41.4956,147,537,RLPolicy,1,1,0.0679363,3.31159,3.50656,7,6.16216,94,346,5.40662,573,0.994151
E3-Strict-p003,41.5034,55,28,RLPolicy,1,1,0.0480011,3.46574,3.50656,7,4.66278,328,359,4.37603,573,0.988582
E3-Strict-p003,41.5041,423,492,RLPolicy,1,1,0.116397,3.31159,3.50656,7,5.05498,98,419,4.343,573,0.999025
E3-Strict-p003,41.5068,237,123,RLPolicy,1,1,0.0846456,3.46574,3.50656,7,5.85968,200,283,5.23508,573,0.991844
E3-Strict-p003,41.5136,125,241,RLPolicy,1,1,0.0663138,3.46574,3.50656,7,5.93856,178,290,5.49686,573,0.973515
E3-Strict-p003,41.5143,93,27,RLPolicy,1,1,0.0540401,2.77259,3.50656,6,5.05469,126,299,4.53655,573,0.967992
E3-Strict-p003,41.5147,53,53,RLPolicy,0,0,0,0,3.50656,1,4.9796,75,75,4.86328,573,0.994191
E3-Strict-p003,41.5191,245,212,RLPolicy,1,1,0.0779492,3.46574,3.50656,7,5.00125,262,280,4.65614,573,0.990506
E3-Strict-p003,41.5226,44,523,RLPolicy,1,1,0.0393731,3.16035,3.50656,7,6.66523,232,268,6.30166,573,0.985857
E3-Strict-p003,41.5304,0,231,RLPolicy,1,1,0.0351822,2.85497,3.50656,7,4.72607,220,355,4.24637,573,0.970758
E3-Strict-p003,41.5317,445,234,RLPolicy,1,1,0.108954,3.46574,3.50656,7,5.30822,219,381,4.63351,573,0.999796
E3-Strict-p003,41.5373,383,383,RLPolicy,0,0,0,0,3.50656,1,3.64942,15,15,3.58573,573,0.987857
E3-Strict-p003,41.5375,200,29,RLPolicy,1,1,0.0642513,3.46574,3.50656,7,5.02566,153,163,4.84183,573,0.971254
E3-Strict-p003,41.5395,329,59,RLPolicy,1,1,0.0807689,2.77259,3.50656,6,4.46595,37,285,3.89634,573,0.99633
E3-Strict-p003,41.5406,258,469,RLPolicy,1,1,0.0820789,3.46574,3.50656,7,4.20093,148,257,3.72432,573,0.974515
E3-Strict-p003,41.5422,118,536,RLPolicy,1,1,0.0601683,3.46574,3.50656,7,5.12332,63,411,4.70819,573,0.974107
E3-Strict-p003,41.5444,364,422,RLPolicy,1,1,0.113021,2.07944,3.50656,5,9.92782,1,47,9.65108,573,0.985525
E3-Strict-p003,41.5451,349,317,RLPolicy,1,1,0.0911692,2.77259,3.50656,6,7.99233,133,231,7.5647,573,0.99057
E3-Strict-p003,41.547,91,46,RLPolicy,1,1,0.0491351,3.46574,3.50656,7,5.48354,319,336,5.07034,573,0.963506
E3-Strict-p003,41.5601,205,286,RLPolicy,1,1,0.0515895,1.38629,3.50656,4,5.78326,0,184,5.43159,573,0.978185
E3-Strict-p003,41.5609,429,237,RLPolicy,1,1,0.102637,2.77259,3.50656,6,4.60459,60,163,4.17646,573,0.99633
E3-Strict-p003,41.5619,210,210,RLPolicy,0,0,0,0,3.50656,1,4.8636,10,10,4.77521,573,0.999388
E3-Strict-p003,41.5949,224,200,RLPolicy,1,1,0.0678217,3.46574,3.50656,7,6.2906,60,316,5.46152,573,0.950051
E3-Strict-p003,41.6066,304,320,RLPolicy,1,1,0.0981965,3.46574,3.50656,7,8.91705,129,147,8.66362,574,0.978185
E3-Strict-p003,41.6087,436,329,RLPolicy,1,1,0.116153,3.46574,3.50656,7,4.89043,334,363,4.48428,574,0.999796
E3-Strict-p003,41.6104,211,403,RLPolicy,1,1,0.0569868,2.77259,3.50656,6,4.67723,122,319,4.27174,574,0.992048
E3-Strict-p003,41.6187,400,400,RLPolicy,0,0,0,0,3.50656,1,3.17613,16,16,3.1278,2,0.999796
E3-Strict-p003,41.621,446,446,RLPolicy,0,0,0,0,3.50656,1,5.00089,49,49,4.92905,574,1
E3-Strict-p003,41.6257,278,408,RLPolicy,1,1,0.0742009,2.07944,3.50656,5,5.09049,1,221,4.69308,574,0.974923
E3-Strict-p003,41.6301,284,499,RLPolicy,1,1,0.0781708,2.77259,3.50656,6,6.10606,129,284,5.67849,574,0.978185
E3-Strict-p003,41.6306,223,223,RLPolicy,0,0,0,0,3.50656,1,4.9085,66,66,4.80773,574,0.999592
E3-Strict-p003,41.6356,117,173,RLPolicy,1,1,0.0592432,3.46574,3.50656,7,4.6312,85,301,4.2137,574,0.967584
E3-Strict-p003,41.6367,137,137,RLPolicy,0,0,0,0,3.50656,1,4.00858,17,17,3.95737,574,0.978185
E3-Strict-p003,41.6371,353,353,RLPolicy,0,0,0,0,3.50656,1,3.2566,4,4,3.19863,2,1
E3-Strict-p003,41.6374,317,317,RLPolicy,0,0,0,0,3.50656,1,4.29508,88,88,4.24725,574,0.99266
E3-Strict-p003,41.6516,89,264,RLPolicy,1,1,0.0541248,3.46574,3.50656,7,5.83279,288,357,5.42993,574,0.980834
E3-Strict-p003,41.652,312,573,RLPolicy,1,1,0.0871698,2.77259,3.50656,6,5.12223,102,273,4.80945,574,0.995718
E3-Strict-p003,41.6577,302,185,RLPolicy,1,1,0.0855987,3.46574,3.50656,7,6.07164,243,313,5.68657,574,0.982033
E3-Strict-p003,41.6757,83,290,RLPolicy,1,1,0.0545912,3.46574,3.50656,7,6.72581,243,341,6.17203,574,0.975827
E3-Strict-p003,41.6785,426,426,RLPolicy,0,0,0,0,3.50656,1,3.90698,7,7,3.86438,574,1
E3-Strict-p003,41.6803,60,533,RLPolicy,1,1,0.0364129,3.46574,3.50656,7,5.17034,98,429,4.61108,574,0.994191
E3-Strict-p003,41.6856,444,511,RLPolicy,1,1,0.107519,2.77259,3.50656,6,5.47025,16,279,4.80735,574,0.99633
E3-Strict-p003,41.6869,35,170,RLPolicy,1,1,0.0429924,3.16035,3.50656,7,6.5691,101,359,5.89255,574,0.971873
E3-Strict-p003,41.6915,199,271,RLPolicy,1,1,0.0690578,3.46574,3.50656,7,4.46759,298,354,4.15735,574,0.995718
E3-Strict-p003,41.6957,356,13,RLPolicy,1,1,0.0875298,2.07944,3.50656,5,6.02432,1,257,5.45789,574,0.98899
E3-Strict-p003,41.7018,11,75,RLPolicy,1,1,0.0395805,1.85644,3.50656,6,4.77845,0,189,4.39,574,0.980449
E3-Strict-p003,41.7018,129,330,RLPolicy,1,1,0.0483366,3.46574,3.50656,7,4.43056,69,316,4.0198,574,0.981447
E3-Strict-p003,41.7032,407,42,RLPolicy,1,1,0.101984,2.77259,3.50656,6,5.29503,118,346,4.89154,574,0.996126
E3-Strict-p003,41.7308,131,510,RLPolicy,1,1,0.0605255,3.46574,3.50656,7,5.11463,123,425,4.61977,574,0.977981
E3-Strict-p003,41.733,116,404,RLPolicy,1,1,0.0569332,2.07944,3.50656,5,4.987,1,162,4.59989,574,0.953108
E3-Strict-p003,41.7352,341,341,RLPolicy,0,0,0,0,3.50656,1,4.36193,15,15,4.30136,574,1
E3-Strict-p003,41.7398,27,445,RLPolicy,1,1,0.0386231,3.24274,3.50656,8,5.00297,101,467,4.406,574,0.942136
E3-Strict-p003,41.7481,418,101,RLPolicy,1,1,0.101607,2.77259,3.50656,6,5.63556,50,324,4.95598,574,0.99633
E3-Strict-p003,41.7564,216,197,RLPolicy,1,1,0.079237,3.46574,3.50656,7,8.23624,248,261,7.80971,574,0.988939
E3-Strict-p003,41.7683,73,329,RLPolicy,1,1,0.051247,3.15743,3.50656,7,12.2667,344,379,11.6936,574,0.968916
E3-Strict-p003,41.7693,82,38,RLPolicy,1,1,0.0494087,2.77259,3.50656,6,6.70864,7,368,5.81153,574,0.96738
E3-Strict-p003,41.7701,305,251,RLPolicy,1,1,0.0778103,3.46574,3.50656,7,5.58981,74,310,5.02122,574,0.999388
E3-Strict-p003,41.7807,393,212,RLPolicy,1,1,0.0933562,3.46574,3.50656,7,4.62681,294,372,4.32194,574,0.999592
E3-Strict-p003,41.7819,392,427,RLPolicy,1,1,0.101339,3.46574,3.50656,7,4.95406,142,441,4.57498,574,0.999592
E3-Strict-p003,41.7822,144,186,RLPolicy,1,1,0.0614422,3.46574,3.50656,7,5.65038,171,339,4.92071,574,0.977981
E3-Strict-p003,41.7883,313,448,RLPolicy,1,1,0.0797061,2.77259,3.50656,6,5.24916,96,297,4.63274,574,0.98899
E3-Strict-p003,41.7919,141,427,RLPolicy,1,1,0.055873,3.46574,3.50656,7,5.44387,123,311,4.92753,574,0.995922
E3-Strict-p003,41.799,265,513,RLPolicy,1,1,0.0703207,3.46574,3.50656,7,5.12087,135,249,4.85402,574,0.981651
E3-Strict-p003,41.8016,340,168,RLPolicy,1,1,0.0863197,3.46574,3.50656,7,4.2542,84,318,3.89468,573,0.995718
E3-Strict-p003,41.8106,440,496,RLPolicy,1,1,0.118246,3.46574,3.50656,7,7.9906,91,288,7.43451,573,0.999796
E3-Strict-p003,41.817,432,440,RLPolicy,1,1,0.104767,2.77259,3.50656,6,12.8073,46,200,12.2043,573,0.99633
E3-Strict-p003,41.8182,298,298,RLPolicy,0,0,0,0,3.50656,1,5.0371,65,65,4.95975,573,0.988786
E3-Strict-p003,41.8217,138,370,RLPolicy,1,1,0.062106,3.46574,3.50656,7,7.12484,143,340,6.33334,573,0.981243
E3-Strict-p003,41.8227,94,290,RLPolicy,1,1,0.04209,3.46574,3.50656,7,5.72234,211,348,5.02338,573,0.977573
E3-Strict-p003,41.8236,5,5,RLPolicy,0,0,0,0,3.50656,1,3.6377,71,71,3.58016,573,0.988582
E3-Strict-p003,41.8249,113,257,RLPolicy,1,1,0.0587528,3.46574,3.50656,7,6.27943,44,328,5.67459,573,0.959836
E3-Strict-p003,41.826,381,543,RLPolicy,1,1,0.0931752,1.38629,3.50656,4,6.33789,0,165,5.90883,573,0.982971
E3-Strict-p003,41.8274,372,193,RLPolicy,1,1,0.0940912,2.07944,3.50656,5,5.09362,0,238,4.7205,573,0.99266
E3-Strict-p003,41.8346,92,92,RLPolicy,0,0,0,0,3.50656,1,5.16416,26,26,5.06873,573,0.995514
E3-Strict-p003,41.8411,409,417,RLPolicy,1,1,0.102977,3.46574,3.50656,7,4.21345,124,132,3.87076,573,0.999796
E3-Strict-p003,41.8417,420,420,RLPolicy,0,0,0,0,3.50656,1,5.07736,25,25,4.99677,573,1
E3-Strict-p003,41.8435,238,238,RLPolicy,0,0,0,0,3.50656,1,4.27617,11,11,4.21934,573,0.999592
E3-Strict-p003,41.8444,209,209,RLPolicy,0,0,0,0,3.50656,1,4.36915,4,4,4.30937,573,1
E3-Strict-p003,41.8562,22,252,RLPolicy,1,1,0.00726027,3.46574,3.50656,7,4.67065,257,276,4.33712,573,0.958195
E3-Strict-p003,41.8632,34,14,RLPolicy,1,1,0.0422587,2.77259,3.50656,6,6.30883,133,294,5.79414,573,0.955988
E3-Strict-p003,41.8634,403,193,RLPolicy,1,1,0.0999729,2.77259,3.50656,6,4.74903,105,210,4.45156,573,0.99266
E3-Strict-p003,41.8659,345,345,RLPolicy,0,0,0,0,3.50656,1,4.39169,63,63,4.33445,573,0.978593
E3-Strict-p003,41.8681,233,253,RLPolicy,1,1,0.0789666,3.46574,3.50656,7,5.80407,298,357,5.4135,573,0.999592
E3-Strict-p003,41.8711,323,323,RLPolicy,0,0,0,0,3.50656,1,5.09849,36,36,5.02784,573,0.996126
E3-Strict-p003,41.8791,58,58,RLPolicy,0,0,0,0,3.50656,1,4.9204,77,77,4.85469,573,0.941388
E3-Strict-p003,41.8816,219,520,RLPolicy,1,1,0.055977,2.77259,3.50656,6,5.41347,175,317,5.02487,573,0.995105
E3-Strict-p003,41.8828,367,367,RLPolicy,0,0,0,0,3.50656,1,4.96864,75,75,4.89112,573,1
E3-Strict-p003,41.8914,310,142,RLPolicy,1,1,0.0739399,2.07944,3.50656,5,5.86728,0,234,5.22865,573,0.992252
E3-Strict-p003,41.8989,402,576,RLPolicy,1,1,0.10128,3.46574,3.50656,7,5.22884,223,273,4.6404,573,0.999796
E3-Strict-p003,41.9042,303,303,RLPolicy,0,0,0,0,3.50656,1,3.43917,17,17,3.40358,574,0.99633
E3-Strict-p003,41.9265,104,528,RLPolicy,1,1,0.0582733,3.46574,3.50656,7,7.05562,302,374,6.63444,574,0.995514
E3-Strict-p003,41.9317,268,91,RLPolicy,1,1,0.0707554,3.46574,3.50656,7,5.39797,149,370,4.74349,574,0.974515
E3-Strict-p003,41.9342,186,11,RLPolicy,1,1,0.0595054,3.46574,3.50656,7,4.9705,195,306,4.53849,574,0.981243
E3-Strict-p003,41.9415,253,64,RLPolicy,1,1,0.0697534,0.693147,3.50656,3,5.61623,0,130,5.22432,574,0.978185
E3-Strict-p003,41.9492,214,430,RLPolicy,1,1,0.0762006,2.46429,3.50656,6,7.84321,70,280,7.32507,574,0.981829
E3-Strict-p003,41.9545,130,82,RLPolicy,1,1,0.0530434,2.77259,3.50656,6,4.64792,49,111,4.2876,574,0.978389
E3-Strict-p003,41.9686,281,342,RLPolicy,1,1,0.0939607,2.77259,3.50656,6,4.94544,87,211,4.45003,574,0.992048
E3-Strict-p003,41.9695,385,410,RLPolicy,1,1,0.0957589,3.46574,3.50656,7,5.46458,136,263,4.98337,574,0.99266
E3-Strict-p003,41.9704,175,296,RLPolicy,1,1,0.0542383,3.46574,3.50656,7,6.17805,187,325,5.45649,574,0.995105
E3-Strict-p003,41.9719,41,46,RLPolicy,1,1,0.0426956,2.85497,3.50656,7,7.37217,297,360,6.95333,574,0.953834
E3-Strict-p003,41.9758,398,398,RLPolicy,0,0,0,0,3.50656,1,4.46662,52,52,4.4034,574,1
E3-Strict-p003,41.9815,69,112,RLPolicy,1,1,0.0339125,3.46574,3.50656,7,5.17238,120,440,4.52358,574,0.9843
E3-Strict-p003,41.9821,42,42,RLPolicy,0,0,0,0,3.50656,1,5.13148,26,26,5.05879,574,0.991137
E3-Strict-p003,41.9823,311,311,RLPolicy,0,0,0,0,3.50656,1,4.98874,80,80,4.90856,2,0.999796
E3-Strict-p003,41.9829,152,152,RLPolicy,0,0,0,0,3.50656,1,5.75024,36,36,5.62993,574,0.971254
E3-Strict-p003,41.9855,202,71,RLPolicy,1,1,0.059704,3.46574,3.50656,7,4.3956,138,146,4.22659,574,0.981651
E3-Strict-p003,42.0003,168,391,RLPolicy,1,1,0.0596442,3.46574,3.50656,7,5.97648,130,324,5.5385,574,0.977777
E3-Strict-p003,42.0027,111,391,RLPolicy,1,1,0.0598923,3.46574,3.50656,7,5.62775,266,411,5.2886,574,0.984708
E3-Strict-p003,42.0119,30,165,RLPolicy,1,1,0.0442989,2.93736,3.50656,8,4.91306,296,405,4.44778,574,0.980173
E3-Strict-p003,42.0153,21,575,RLPolicy,1,1,0.0413767,2.85497,3.50656,7,5.80641,194,343,5.1759,574,0.960486
E3-Strict-p003,42.0171,24,286,RLPolicy,1,1,0.0407504,2.54959,3.50656,7,5.17789,90,411,4.45613,574,0.976779
E3-Strict-p003,42.0189,430,310,RLPolicy,1,1,0.110958,2.77259,3.50656,6,6.18049,102,250,5.60527,574,0.99633
E3-Strict-p003,42.0191,10,232,RLPolicy,1,1,0.0368073,2.16183,3.50656,6,6.17127,47,219,5.83878,574,0.967145
E3-Strict-p003,42.0217,161,578,RLPolicy,1,1,0.0542199,3.46574,3.50656,7,5.92623,128,416,5.19645,574,0.977981
E3-Strict-p003,42.0235,98,91,RLPolicy,1,1,0.0373886,3.46574,3.50656,7,5.27013,73,407,4.66614,574,0.964118
E3-Strict-p003,42.0273,2,405,RLPolicy,1,1,0.0405464,3.46574,3.50656,7,5.05026,195,249,4.80509,574,0.977777
E3-Strict-p003,42.0348,4,76,RLPolicy,1,1,0.00727423,3.46574,3.50656,7,4.54381,219,245,4.2398,574,0.971461
E3-Strict-p003,42.0396,29,471,RLPolicy,1,1,0.0367604,3.16035,3.50656,7,4.16873,242,273,3.86632,574,0.983094
E3-Strict-p003,42.0422,266,330,RLPolicy,1,1,0.0703653,3.46574,3.50656,7,4.25096,175,383,3.90145,574,0.984912
E3-Strict-p003,42.0519,64,64,RLPolicy,0,0,0,0,3.50656,1,4.38156,73,73,4.3269,574,0.939245
E3-Strict-p003,42.0685,181,74,RLPolicy,1,1,0.0691722,3.46574,3.50656,7,4.89206,178,196,4.66744,574,0.995922
E3-Strict-p003,42.0857,136,579,RLPolicy,1,1,0.064087,2.77259,3.50656,6,5.0244,64,262,4.69138,574,0.991844
E3-Strict-p003,42.0962,234,272,RLPolicy,1,1,0.0690967,3.46574,3.50656,7,5.5133,137,288,5.05612,574,0.988582
E3-Strict-p003,42.1025,75,54,RLPolicy,1,1,0.050748,2.61844,3.50656,6,5.08417,16,197,4.76653,572,0.97526
E3-Strict-p003,42.1118,267,231,RLPolicy,1,1,0.0750674,3.46574,3.50656,7,4.98855,98,362,4.54356,572,0.984346
E3-Strict-p003,42.1153,107,532,RLPolicy,1,1,0.0486847,0.693147,3.50656,3,6.45281,0,123,6.05037,572,0.974515
E3-Strict-p003,42.1204,357,357,RLPolicy,0,0,0,0,3.50656,1,4.95424,8,8,4.87409,572,0.992864
E3-Strict-p003,42.1207,57,57,RLPolicy,0,0,0,0,3.50656,1,3.73496,10,10,3.69385,572,0.994395
E3-Strict-p003,42.1317,272,272,RLPolicy,0,0,0,0,3.50656,1,4.83618,60,60,4.75471,572,0.981855
E3-Strict-p003,42.134,150,254,RLPolicy,1,1,0.0656613,3.46574,3.50656,7,5.82371,357,380,5.34247,572,0.990302
E3-Strict-p003,42.1342,346,346,RLPolicy,0,0,0,0,3.50656,1,3.97052,11,11,3.87272,572,0.999388
E3-Strict-p003,42.1387,151,1,RLPolicy,1,1,0.0640564,2.07944,3.50656,5,6.06823,1,230,5.63598,572,0.977777
E3-Strict-p003,42.1418,254,254,RLPolicy,0,0,0,0,3.50656,1,6.08237,74,74,6.01854,572,0.99266
E3-Strict-p003,42.1459,122,414,RLPolicy,1,1,0.0669778,3.46574,3.50656,7,5.44545,204,334,5.06146,572,0.977777
E3-Strict-p003,42.147,404,573,RLPolicy,1,1,0.0997665,3.46574,3.50656,7,6.02778,252,302,5.50092,572,0.999796
E3-Strict-p003,42.1549,366,413,RLPolicy,1,1,0.0972473,3.46574,3.50656,7,7.50943,245,274,7.02081,572,0.999388
E3-Strict-p003,42.1572,236,61,RLPolicy,1,1,0.0617296,2.07944,3.50656,5,6.20512,0,214,5.80229,572,0.967584
E3-Strict-p003,42.159,387,387,RLPolicy,0,0,0,0,3.50656,1,4.914,8,8,4.84398,572,0.999025
E3-Strict-p003,42.1677,321,316,RLPolicy,1,1,0.104199,3.31159,3.50656,7,4.53889,232,274,4.28789,572,0.988398
E3-Strict-p003,42.1727,227,479,RLPolicy,1,1,0.0631263,2.77259,3.50656,6,6.56174,57,317,6.00976,572,0.991844
E3-Strict-p003,42.1834,31,31,RLPolicy,0,0,0,0,3.50656,1,5.0784,70,70,4.99591,572,0.983652
E3-Strict-p003,42.1922,269,269,RLPolicy,0,0,0,0,3.50656,1,4.36837,42,42,4.31266,572,0.999388
E3-Strict-p003,42.1944,320,320,RLPolicy,0,0,0,0,3.50656,1,3.52639,15,15,3.47087,572,0.996126
E3-Strict-p003,42.2034,344,554,RLPolicy,1,1,0.0998091,2.77259,3.50656,6,4.34175,22,61,4.10022,575,0.996126
E3-Strict-p003,42.2067,377,423,RLPolicy,1,1,0.0922719,2.77259,3.50656,6,10.3756,25,377,9.48691,575,0.995922
E3-Strict-p003,42.207,369,369,RLPolicy,0,0,0,0,3.50656,1,3.72953,12,12,3.65347,575,0.99633
E3-Strict-p003,42.208,222,343,RLPolicy,1,1,0.0624575,3.46574,3.50656,7,8.92518,49,374,8.18001,575,0.951975
E3-Strict-p003,42.2105,215,442,RLPolicy,1,1,0.00561651,2.95491,3.50656,6,4.1469,72,83,3.94839,575,0.98929
E3-Strict-p003,42.2109,33,365,RLPolicy,1,1,0.0393219,2.85497,3.50656,7,4.88731,173,306,4.40323,575,0.952938
E3-Strict-p003,42.2271,286,286,RLPolicy,0,0,0,0,3.50656,1,4.49294,21,21,4.40894,575,0.985907
E3-Strict-p003,42.2292,160,160,RLPolicy,0,0,0,0,3.50656,1,8.95248,11,11,8.79151,575,1
E3-Strict-p003,42.2314,228,228,RLPolicy,0,0,0,0,3.50656,1,4.71531,1,1,4.65001,575,1
E3-Strict-p003,42.2357,71,71,RLPolicy,0,0,0,0,3.50656,1,3.77707,15,15,3.7235,575,0.99531
E3-Strict-p003,42.2418,70,371,RLPolicy,1,1,0.0525386,2.77259,3.50656,6,4.9471,58,275,4.5271,575,0.966767
E3-Strict-p003,42.2464,174,174,RLPolicy,0,0,0,0,3.50656,1,4.83661,71,71,4.75274,575,0.995514
E3-Strict-p003,42.2475,221,353,RLPolicy,1,1,0.0570449,2.77259,3.50656,6,5.64767,128,265,5.3002,575,0.964118
E3-Strict-p003,42.2483,415,463,RLPolicy,1,1,0.103723,2.77259,3.50656,6,5.44792,38,321,4.81471,575,0.989195
E3-Strict-p003,42.2523,274,276,RLPolicy,1,1,0.0659913,1.38629,3.50656,4,5.33199,0,232,4.94242,575,0.967017
E3-Strict-p003,42.2535,203,423,RLPolicy,1,1,0.0528401,3.46574,3.50656,7,5.07682,236,330,4.80918,575,0.995718
E3-Strict-p003,42.2606,231,453,RLPolicy,1,1,0.0634692,2.77259,3.50656,6,6.7981,152,347,6.17352,575,0.981243
E3-Strict-p003,42.2636,84,431,RLPolicy,1,1,0.0349691,2.07944,3.50656,5,6.99189,1,228,6.4826,575,0.974311
E3-Strict-p003,42.2655,247,313,RLPolicy,1,1,0.0762778,2.77259,3.50656,6,5.04477,35,254,4.65777,575,0.986837
E3-Strict-p003,42.2688,148,148,RLPolicy,0,0,0,0,3.50656,1,4.82649,3,3,4.75611,575,1
E3-Strict-p003,42.2716,149,40,RLPolicy,1,1,0.0429814,1.38629,3.50656,4,6.97286,0,265,6.21424,575,0.96371
E3-Strict-p003,42.2759,270,358,RLPolicy,1,1,0.0905156,3.46574,3.50656,7,5.41379,84,405,4.92021,575,0.995922
E3-Strict-p003,42.2853,182,182,RLPolicy,0,0,0,0,3.50656,1,4.41929,75,75,4.33148,575,0.991844
E3-Strict-p003,42.2894,325,325,RLPolicy,0,0,0,0,3.50656,1,5.0218,92,92,4.93424,575,0.98822
E3-Strict-p003,42.2948,410,329,RLPolicy,1,1,0.107537,2.77259,3.50656,6,4.29186,22,82,4.06353,575,0.996126
E3-Strict-p003,42.2992,120,120,RLPolicy,0,0,0,0,3.50656,1,4.15006,15,15,4.09075,575,1
E3-Strict-p003,42.302,87,183,RLPolicy,1,1,0.0521489,1.38629,3.50656,4,6.23823,0,150,5.88511,575,0.956778
E3-Strict-p003,42.3029,424,442,RLPolicy,1,1,0.099553,2.77259,3.50656,6,5.64817,102,220,5.05371,575,0.99633
E3-Strict-p003,42.3133,100,361,RLPolicy,1,1,0.0524591,2.61844,3.50656,6,12.864,64,298,12.2742,575,0.960621
E3-Strict-p003,42.3157,416,47,RLPolicy,1,1,0.114729,3.46574,3.50656,7,4.83459,345,374,4.39414,575,0.999796
E3-Strict-p003,42.3158,167,430,RLPolicy,1,1,0.046475,1.38629,3.50656,4,8.26445,0,247,7.81247,575,0.981651
E3-Strict-p003,42.3178,158,158,RLPolicy,0,0,0,0,3.50656,1,8.55585,43,43,8.48542,575,0.988378
E3-Strict-p003,42.3201,197,197,RLPolicy,0,0,0,0,3.50656,1,4.67271,27,27,4.60618,575,0.986232
E3-Strict-p003,42.3245,23,569,RLPolicy,1,1,0.0452777,3.24274,3.50656,8,4.54018,40,376,4.13424,575,0.908794
E3-Strict-p003,42.3284,263,263,RLPolicy,0,0,0,0,3.50656,1,4.23789,70,70,4.1566,575,0.999592
E3-Strict-p003,42.3289,77,181,RLPolicy,1,1,0.0521798,3.31159,3.50656,7,4.4983,179,285,4.24472,575,0.957524
E3-Strict-p003,42.3395,373,373,RLPolicy,0,0,0,0,3.50656,1,7.85665,33,33,7.78742,575,0.995559
E3-Strict-p003,42.3412,79,447,RLPolicy,1,1,0.0526549,3.46574,3.50656,7,4.67809,131,251,4.23913,575,0.99531
E3-Strict-p003,42.3419,32,267,RLPolicy,1,1,0.0354993,2.07944,3.50656,5,4.75986,0,228,4.26044,575,0.937751
E3-Strict-p003,42.3441,37,105,RLPolicy,1,1,0.0403525,2.46721,3.50656,6,4.01072,79,222,3.68418,575,0.977693
E3-Strict-p003,42.3604,449,3,RLPolicy,1,1,0.119321,3.46574,3.50656,7,6.41718,352,384,5.95526,575,0.999796
E3-Strict-p003,42.3626,371,149,RLPolicy,1,1,0.107613,3.46574,3.50656,7,9.24811,156,302,8.57542,575,0.995922
E3-Strict-p003,42.3754,413,109,RLPolicy,1,1,0.106285,0.693147,3.50656,3,4.27605,0,50,4.03901,575,0.985933
E3-Strict-p003,42.383,251,321,RLPolicy,1,1,0.0847374,2.77259,3.50656,6,5.41318,192,316,5.06795,575,0.988965
E3-Strict-p003,42.3905,156,17,RLPolicy,1,1,0.0581072,2.77259,3.50656,6,11.1636,109,312,10.3225,575,0.96004
E3-Strict-p003,42.3966,388,380,RLPolicy,1,1,0.0964332,3.46574,3.50656,7,9.22952,169,212,8.69695,575,0.996126
E3-Strict-p003,42.3991,176,224,RLPolicy,1,1,0.0580556,3.46574,3.50656,7,7.29817,168,182,7.02484,575,0.992048
E3-Strict-p003,42.3999,294,420,RLPolicy,1,1,0.0732354,2.77259,3.50656,6,6.14242,36,298,5.43361,575,0.992252
E3-Strict-p003,42.4188,112,112,RLPolicy,0,0,0,0,3.50656,1,5.30996,98,98,5.20898,3,0.951383
E3-Strict-p003,42.42,121,110,RLPolicy,1,1,0.00776769,3.46574,3.50656,7,4.55135,181,188,4.23412,576,0.999388
E3-Strict-p003,42.421,401,478,RLPolicy,1,1,0.102284,2.77259,3.50656,6,5.22971,7,238,4.66913,576,0.99266
E3-Strict-p003,42.4241,456,456,RLPolicy,0,0,0,0,3.50656,1,4.49965,8,8,4.38617,576,1
E3-Strict-p003,42.4272,177,455,RLPolicy,1,1,0.0508746,3.46574,3.50656,7,6.91184,158,170,6.66376,576,0.988174
E3-Strict-p003,42.4309,108,313,RLPolicy,1,1,0.0581299,3.46574,3.50656,7,5.12715,198,359,4.56833,576,0.977414
E3-Strict-p003,42.431,283,283,RLPolicy,0,0,0,0,3.50656,1,3.63877,66,66,3.59894,576,0.99633
E3-Strict-p003,42.431,425,425,RLPolicy,0,0,0,0,3.50656,1,3.84701,62,62,3.79762,576,1
E3-Strict-p003,42.4315,355,355,RLPolicy,0,0,0,0,3.50656,1,4.54867,21,21,4.49037,576,0.999592
E3-Strict-p003,42.4326,241,9,RLPolicy,1,1,0.0839278,3.46574,3.50656,7,5.8323,127,237,5.40622,576,0.992252
E3-Strict-p003,42.4351,406,330,RLPolicy,1,1,0.101538,3.46574,3.50656,7,5.2911,87,329,4.75943,576,0.999592
E3-Strict-p003,42.4372,375,266,RLPolicy,1,1,0.0962947,2.77259,3.50656,6,4.75196,120,294,4.22714,576,0.996126
E3-Strict-p003,42.4381,262,123,RLPolicy,1,1,0.090078,2.77259,3.50656,6,4.23367,116,217,3.88599,576,0.977981
E3-Strict-p003,42.4453,287,287,RLPolicy,0,0,0,0,3.50656,1,4.0536,12,12,3.99975,576,0.987832
E3-Strict-p003,42.4532,28,109,RLPolicy,1,1,0.0414123,2.85497,3.50656,7,5.69883,86,387,5.06672,576,0.9675
E3-Strict-p003,42.4663,72,308,RLPolicy,1,1,0.0506841,3.46574,3.50656,7,4.31627,56,77,4.02393,576,0.977981
E3-Strict-p003,42.4706,257,257,RLPolicy,0,0,0,0,3.50656,1,5.15523,56,56,5.04722,576,0.982059
E3-Strict-p003,42.4711,196,196,RLPolicy,0,0,0,0,3.50656,1,4.29827,33,33,4.22948,576,0.984912
E3-Strict-p003,42.4727,395,316,RLPolicy,1,1,0.100083,2.07944,3.50656,5,5.78773,0,305,4.96583,576,0.992864
E3-Strict-p003,42.4741,332,371,RLPolicy,1,1,0.101264,3.46574,3.50656,7,4.83399,226,269,4.50355,576,0.985525
E3-Strict-p003,42.4806,85,85,RLPolicy,0,0,0,0,3.50656,1,4.81164,11,11,4.74417,576,0.992456
E3-Strict-p003,42.4809,18,18,RLPolicy,0,0,0,0,3.50656,1,4.79216,68,68,4.72954,576,0.981152
E3-Strict-p003,42.4882,185,185,RLPolicy,0,0,0,0,3.50656,1,4.81828,53,53,4.76,576,0.978185
E3-Strict-p003,42.4962,421,421,RLPolicy,0,0,0,0,3.50656,1,5.32904,71,71,5.24215,576,1
E3-Strict-p003,42.4979,142,13,RLPolicy,1,1,0.0605611,3.31159,3.50656,7,4.82805,227,271,4.27967,576,0.965634
E3-Strict-p003,42.5044,6,6,RLPolicy,0,0,0,0,3.50656,1,4.03575,43,43,3.99108,576,0.97035
E3-Strict-p003,42.5082,128,361,RLPolicy,1,1,0.0536572,2.77259,3.50656,6,6.04814,38,243,5.57094,576,0.958881
E3-Strict-p003,42.5096,106,495,RLPolicy,1,1,0.0432446,2.77259,3.50656,6,5.6253,97,185,5.14535,576,0.992048
E3-Strict-p003,42.5138,166,166,RLPolicy,0,0,0,0,3.50656,1,4.15789,49,49,4.09834,576,0.999388
E3-Strict-p003,42.5143,250,250,RLPolicy,0,0,0,0,3.50656,1,4.49168,70,70,4.42632,576,0.995355
E3-Strict-p003,42.5148,78,583,RLPolicy,1,1,0.0542264,3.46574,3.50656,7,4.23872,139,181,4.01903,576,0.981447
E3-Strict-p003,42.5169,127,370,RLPolicy,1,1,0.0569403,2.77259,3.50656,6,5.15493,96,209,4.62764,576,0.98797
E3-Strict-p003,42.5313,124,124,RLPolicy,0,0,0,0,3.50656,1,3.91516,69,69,3.83425,2,0.99164
E3-Strict-p003,42.5425,306,407,RLPolicy,1,1,0.0793651,2.77259,3.50656,6,7.58971,87,231,7.16187,576,0.98899
E3-Strict-p003,42.5462,260,317,RLPolicy,1,1,0.0868505,3.46574,3.50656,7,5.27256,268,298,4.96964,576,0.981447
E3-Strict-p003,42.561,376,237,RLPolicy,1,1,0.0937992,2.77259,3.50656,6,6.23076,97,236,5.6417,576,0.995922
E3-Strict-p003,42.5652,427,60,RLPolicy,1,1,0.102804,1.38629,3.50656,4,5.64923,0,129,5.19439,576,0.989399
E3-Strict-p003,42.568,438,135,RLPolicy,1,1,0.109597,2.77259,3.50656,6,4.14066,39,106,3.76789,576,0.99633
E3-Strict-p003,42.5737,339,184,RLPolicy,1,1,0.0923949,3.46574,3.50656,7,5.51516,122,459,4.62138,576,0.971458
E3-Strict-p003,42.5757,351,522,RLPolicy,1,1,0.10042,2.46429,3.50656,6,5.93399,111,301,5.09744,576,0.985703
E3-Strict-p003,42.5825,195,109,RLPolicy,1,1,0.0735583,3.46574,3.50656,7,6.76086,365,372,6.29558,576,0.984708
E3-Strict-p003,42.5952,380,380,RLPolicy,0,0,0,0,3.50656,1,5.00494,15,15,4.94612,576,0.994585
E3-Strict-p003,42.6005,119,312,RLPolicy,1,1,0.0462073,0.693147,3.50656,3,9.39223,0,147,8.92472,576,0.953108
E3-Strict-p003,42.602,47,9,RLPolicy,1,1,0.00724121,3.46574,3.50656,7,8.72461,244,274,8.08986,576,0.986764
E3-Strict-p003,42.6026,13,55,RLPolicy,1,1,0.0329115,2.61844,3.50656,6,5.38358,62,239,4.86543,576,0.946343
E3-Strict-p003,42.6043,434,36,RLPolicy,1,1,0.117088,3.46574,3.50656,7,5.63466,307,332,5.20251,576,0.999796
E3-Strict-p003,42.6048,198,258,RLPolicy,1,1,0.048248,0.693147,3.50656,3,4.16007,0,78,3.97854,576,0.971049
E3-Strict-p003,42.6064,163,182,RLPolicy,1,1,0.0532768,2.77259,3.50656,6,12.0676,25,360,11.5058,576,0.978185
E3-Strict-p003,42.6077,309,309,RLPolicy,0,0,0,0,3.50656,1,5.41614,59,59,5.3335,576,0.999184
E3-Strict-p003,42.6191,314,425,RLPolicy,1,1,0.0930111,3.46574,3.50656,7,5.81583,328,384,5.33562,576,0.995922
E3-Strict-p003,42.6272,282,101,RLPolicy,1,1,0.0757518,2.77259,3.50656,6,5.94296,108,244,5.54615,576,0.992048
E3-Strict-p003,42.6307,135,394,RLPolicy,1,1,0.0486149,3.46574,3.50656,7,5.5348,70,343,4.85281,576,0.980834
E3-Strict-p003,42.6521,90,333,RLPolicy,1,1,0.0425634,2.77259,3.50656,6,8.3133,100,228,7.95477,576,0.995922
E3-Strict-p003,42.6573,165,320,RLPolicy,1,1,0.0642961,3.46574,3.50656,7,4.72996,122,132,4.43552,576,0.989327
E3-Strict-p003,42.6579,354,130,RLPolicy,1,1,0.106782,2.77259,3.50656,6,5.31174,42,124,4.96802,576,0.992252
E3-Strict-p003,42.6674,299,186,RLPolicy,1,1,0.082061,3.46574,3.50656,7,9.2483,229,331,8.83779,576,0.999592
E3-Strict-p003,42.6701,318,318,RLPolicy,0,0,0,0,3.50656,1,6.70349,1,1,6.64723,576,1
E3-Strict-p003,42.676,171,223,RLPolicy,1,1,0.0719499,3.46574,3.50656,7,6.09497,262,324,5.74913,576,0.992456
E3-Strict-p003,42.6835,391,551,RLPolicy,1,1,0.0978184,3.46574,3.50656,7,5.86638,324,358,5.43997,576,0.992456
E3-Strict-p003,42.6939,331,331,RLPolicy,0,0,0,0,3.50656,1,4.14215,72,72,4.08393,576,1
E3-Strict-p003,42.6953,132,132,RLPolicy,0,0,0,0,3.50656,1,3.87109,20,20,3.82205,576,0.999184
E3-Strict-p003,42.7031,378,18,RLPolicy,1,1,0.0963144,2.77259,3.50656,6,6.32776,126,319,5.55615,576,0.976039
E3-Strict-p003,42.7042,384,384,RLPolicy,0,0,0,0,3.50656,1,4.81744,60,60,4.7723,576,0.990348
E3-Strict-p003,42.7076,15,15,RLPolicy,0,0,0,0,3.50656,1,6.8642,24,24,6.82318,576,0.975609
E3-Strict-p003,42.71,36,36,RLPolicy,0,0,0,0,3.50656,1,4.05957,15,15,4.00104,576,0.974228
E3-Strict-p003,42.7173,229,229,RLPolicy,0,0,0,0,3.50656,1,8.11637,73,73,7.98781,2,0.996126
E3-Strict-p003,42.7241,190,197,RLPolicy,1,1,0.0689803,2.77259,3.50656,6,5.33341,144,307,4.96403,576,0.984504
E3-Strict-p003,42.7279,422,543,RLPolicy,1,1,0.106806,3.46574,3.50656,7,4.05852,95,104,3.77535,576,0.999796
E3-Strict-p003,42.728,154,341,RLPolicy,1,1,0.0678647,2.77259,3.50656,6,11.7301,16,60,11.3653,576,0.960448
E3-Strict-p003,42.7329,239,442,RLPolicy,1,1,0.0768671,3.46574,3.50656,7,5.99804,236,263,5.47083,576,0.995718
E3-Strict-p003,42.7357,264,264,RLPolicy,0,0,0,0,3.50656,1,4.09495,20,20,4.02818,576,0.99438
E3-Strict-p003,42.7373,439,73,RLPolicy,1,1,0.105504,2.77259,3.50656,6,5.57687,56,288,4.96425,576,0.99633
E3-Strict-p003,42.7393,316,441,RLPolicy,1,1,0.0869372,3.46574,3.50656,7,4.81851,62,341,4.4539,576,0.992252
E3-Strict-p003,42.7503,382,208,RLPolicy,1,1,0.0969511,2.77259,3.50656,6,5.88733,74,212,5.48741,576,0.995922
E3-Strict-p003,42.7629,296,445,RLPolicy,1,1,0.0979647,3.46574,3.50656,7,5.35171,62,368,4.86033,576,0.985117
E3-Strict-p003,42.7695,319,429,RLPolicy,1,1,0.101037,3.46574,3.50656,7,8.26895,206,248,7.93996,576,0.988786
E3-Strict-p003,42.7722,191,17,RLPolicy,1,1,0.0458725,1.38629,3.50656,4,4.77228,0,213,4.43063,576,0.974898
E3-Strict-p003,42.7786,51,6,RLPolicy,1,1,0.0446099,3.15743,3.50656,7,4.98399,241,258,4.62458,576,0.986101
E3-Strict-p003,42.7823,88,532,RLPolicy,1,1,0.0514117,1.38629,3.50656,4,4.72822,0,197,4.45614,576,0.981651
E3-Strict-p003,42.7859,358,358,RLPolicy,0,0,0,0,3.50656,1,4.46956,67,67,4.40536,576,0.99633
E3-Strict-p003,42.7863,295,89,RLPolicy,1,1,0.0763028,3.46574,3.50656,7,4.70801,91,459,4.35523,576,0.992048
E3-Strict-p003,42.7903,330,132,RLPolicy,1,1,0.0892461,2.77259,3.50656,6,5.69421,9,196,5.26097,576,0.995718
E3-Strict-p003,42.7907,99,437,RLPolicy,1,1,0.0530101,3.46574,3.50656,7,5.64916,274,303,5.2488,576,0.99164
E3-Strict-p003,42.7912,291,261,RLPolicy,1,1,0.0851225,3.46574,3.50656,7,4.76291,181,372,4.28377,576,0.999184
E3-Strict-p003,42.7917,374,374,RLPolicy,0,0,0,0,3.50656,1,8.70507,48,48,8.62312,576,0.999592
E3-Strict-p003,42.7992,343,287,RLPolicy,1,1,0.0884258,2.77259,3.50656,6,4.73352,79,233,4.411,576,0.990711
E3-Strict-p003,42.8018,292,321,RLPolicy,1,1,0.0932578,3.46574,3.50656,7,4.48054,207,269,4.18258,576,0.999592
E3-Strict-p003,42.8026,419,43,RLPolicy,1,1,0.119111,3.46574,3.50656,7,4.74821,250,277,4.35531,576,0.999796
E3-Strict-p003,42.8039,244,244,RLPolicy,0,0,0,0,3.50656,1,5.78781,63,63,5.689,576,0.992048
E3-Strict-p003,42.8131,14,416,RLPolicy,1,1,0.0429552,3.16035,3.50656,7,8.94955,128,258,8.4846,576,0.966342
E3-Strict-p003,42.8149,16,16,RLPolicy,0,0,0,0,3.50656,1,5.09383,38,38,5.01689,576,0.995223
E3-Strict-p003,42.8287,9,333,RLPolicy,1,1,0.0379277,2.46721,3.50656,6,5.7813,75,278,5.27736,576,0.967304
E3-Strict-p003,42.8302,208,232,RLPolicy,1,1,0.0684467,2.77259,3.50656,6,5.05056,103,215,4.6951,576,0.992456
E3-Strict-p003,42.8413,327,31,RLPolicy,1,1,0.104782,1.23214,3.50656,4,9.25823,0,148,8.79768,576,0.987811
E3-Strict-p003,42.8439,26,26,RLPolicy,0,0,0,0,3.50656,1,3.14875,16,16,3.11768,576,0.994395
E3-Strict-p003,42.8487,414,458,RLPolicy,1,1,0.102188,3.46574,3.50656,7,5.28854,188,365,4.8882,576,0.989195
E3-Strict-p003,42.851,454,537,RLPolicy,1,1,0.111488,2.77259,3.50656,6,7.66865,20,58,7.43388,576,0.99633
E3-Strict-p003,42.8557,335,414,RLPolicy,1,1,0.107635,3.46574,3.50656,7,4.72207,256,286,4.42201,576,0.995718
E3-Strict-p003,42.8604,348,348,RLPolicy,0,0,0,0,3.50656,1,4.04923,86,86,3.9892,576,0.999592
E3-Strict-p003,42.8614,290,290,RLPolicy,0,0,0,0,3.50656,1,4.15071,73,73,4.09684,576,0.992252
E3-Strict-p003,42.8764,139,504,RLPolicy,1,1,0.0614029,3.46574,3.50656,7,4.73265,202,241,4.46257,576,0.967584
E3-Strict-p003,42.8776,62,3,RLPolicy,1,1,0.0467648,2.07944,3.50656,5,6.05197,1,198,5.60401,576,0.968329
E3-Strict-p003,42.8799,363,363,RLPolicy,0,0,0,0,3.50656,1,5.14583,11,11,5.09358,576,1
E3-Strict-p003,42.8886,261,440,RLPolicy,1,1,0.0671727,3.46574,3.50656,7,4.64347,130,310,4.20651,576,0.99531
E3-Strict-p003,42.8888,188,493,RLPolicy,1,1,0.0604818,2.15599,3.50656,6,5.16294,0,154,4.69046,576,0.992839
E3-Strict-p003,42.8906,217,217,RLPolicy,0,0,0,0,3.50656,1,4.99557,52,52,4.93042,576,0.988786
E3-Strict-p003,42.8936,126,126,RLPolicy,0,0,0,0,3.50656,1,5.83814,65,65,5.72402,576,0.988786
E3-Strict-p003,42.8973,194,305,RLPolicy,1,1,0.0550338,3.46574,3.50656,7,5.6103,64,312,4.97799,576,0.970845
E3-Strict-p003,42.9004,192,383,RLPolicy,1,1,0.0649093,2.07944,3.50656,5,4.56558,1,42,4.26081,578,0.992864
E3-Strict-p003,42.9056,277,277,RLPolicy,0,0,0,0,3.50656,1,3.98151,1,1,3.92401,578,1
E3-Strict-p003,42.907,437,437,RLPolicy,0,0,0,0,3.50656,1,7.89911,49,49,7.82091,578,1
E3-Strict-p003,42.9097,80,80,RLPolicy,0,0,0,0,3.50656,1,4.78844,89,89,4.71736,578,0.982059
E3-Strict-p003,42.9137,328,405,RLPolicy,1,1,0.0835085,2.77259,3.50656,6,5.61026,48,173,5.24443,578,0.971458
E3-Strict-p003,42.9185,441,205,RLPolicy,1,1,0.109398,3.46574,3.50656,7,5.2344,184,300,4.52607,578,0.999796
E3-Strict-p003,42.921,146,128,RLPolicy,1,1,0.0656109,3.46574,3.50656,7,3.82067,189,211,3.62324,578,0.999388
E3-Strict-p003,42.925,337,121,RLPolicy,1,1,0.087693,3.46574,3.50656,7,4.32094,182,208,3.93073,578,0.996126
E3-Strict-p003,42.9427,326,326,RLPolicy,0,0,0,0,3.50656,1,5.10842,68,68,5.03409,578,0.99438
E3-Strict-p003,42.9465,140,537,RLPolicy,1,1,0.0525235,3.46574,3.50656,7,5.14882,235,242,4.95559,578,0.974515
E3-Strict-p003,42.9487,173,214,RLPolicy,1,1,0.0480212,2.77259,3.50656,6,6.46706,68,269,5.99906,578,0.974311
E3-Strict-p003,42.963,213,60,RLPolicy,1,1,0.0733677,3.46574,3.50656,7,4.82668,253,295,4.49324,578,0.988174
E3-Strict-p003,42.9654,40,165,RLPolicy,1,1,0.0348163,2.68775,3.50656,7,6.99873,7,278,6.40708,578,0.955218
E3-Strict-p003,42.9663,178,264,RLPolicy,1,1,0.0710703,2.77259,3.50656,6,5.16321,73,181,4.79305,578,0.960448
E3-Strict-p003,42.9679,56,173,RLPolicy,1,1,0.0389754,2.77259,3.50656,6,6.30495,97,298,5.5038,578,0.990113
E3-Strict-p003,42.9684,96,26,RLPolicy,1,1,0.0557714,2.77259,3.50656,6,6.37671,5,197,5.71278,578,0.974107
E3-Strict-p003,42.9733,361,180,RLPolicy,1,1,0.0938159,0.693147,3.50656,3,4.26455,0,45,4.10508,578,0.981855
E3-Strict-p003,42.9891,248,439,RLPolicy,1,1,0.0633742,2.77259,3.50656,6,7.62817,77,224,6.82061,578,0.970279
E3-Strict-p003,42.9933,201,266,RLPolicy,1,1,0.0510937,0.693147,3.50656,3,5.42698,0,177,5.15084,578,0.960448
E3-Strict-p003,42.9955,322,322,RLPolicy,0,0,0,0,3.50656,1,5.25041,24,24,5.1743,578,0.982059
E3-Strict-p003,42.9977,443,443,RLPolicy,0,0,0,0,3.50656,1,4.58286,1,1,4.53232,578,1
E3-Strict-p003,43.0113,338,96,RLPolicy,1,1,0.0968452,3.46574,3.50656,7,6.61719,54,363,5.79818,578,0.992252
E3-Strict-p003,43.0168,134,134,RLPolicy,0,0,0,0,3.50656,1,3.33744,8,8,3.25374,2,0.99266
E3-Strict-p003,43.0235,347,302,RLPolicy,1,1,0.0875922,3.31159,3.50656,7,5.44314,246,371,4.77825,578,0.983983
E3-Strict-p003,43.0274,110,110,RLPolicy,0,0,0,0,3.50656,1,9.74469,11,11,9.66933,578,0.999592
E3-Strict-p003,43.0305,187,187,RLPolicy,0,0,0,0,3.50656,1,6.8147,52,52,6.74588,578,0.974515
E3-Strict-p003,43.037,386,386,RLPolicy,0,0,0,0,3.50656,1,5.11686,49,49,5.03118,578,0.99266
E3-Strict-p003,43.0484,172,172,RLPolicy,0,0,0,0,3.50656,1,6.05965,95,95,5.97586,3,0.96371
E3-Strict-p003,43.0541,123,344,RLPolicy,1,1,0.0612945,3.46574,3.50656,7,7.34191,83,105,7.00608,578,0.999592
E3-Strict-p003,43.0587,20,571,RLPolicy,1,1,0.0400539,2.85497,3.50656,7,5.43852,66,367,5.00167,578,0.951415
E3-Strict-p003,43.06,3,15,RLPolicy,1,1,0.00725104,2.85497,3.50656,7,6.05012,233,287,5.71837,578,0.988499
E3-Strict-p003,43.0602,19,159,RLPolicy,1,1,0.0382928,2.85497,3.50656,7,6.37002,103,239,5.73683,578,0.964399
E3-Strict-p003,43.0762,256,256,RLPolicy,0,0,0,0,3.50656,1,6.70804,8,8,6.64808,578,0.996126
E3-Strict-p003,43.0767,230,230,RLPolicy,0,0,0,0,3.50656,1,3.79865,11,11,3.72232,3,1
E3-Strict-p003,43.0781,249,35,RLPolicy,1,1,0.0744648,2.77259,3.50656,6,5.33561,102,225,4.9531,578,0.995922
E3-Strict-p003,43.0792,246,335,RLPolicy,1,1,0.0739668,3.46574,3.50656,7,5.91646,180,276,5.46345,578,0.998979
E3-Strict-p003,43.0831,315,220,RLPolicy,1,1,0.0997498,1.38629,3.50656,4,5.14428,0,91,4.89044,578,0.985729
E3-Strict-p003,43.0831,450,577,RLPolicy,1,1,0.112132,3.46574,3.50656,7,5.08992,165,187,4.72616,578,0.999796
E3-Strict-p003,43.0895,45,45,RLPolicy,0,0,0,0,3.50656,1,5.07561,20,20,4.99005,578,0.992864
E3-Strict-p003,43.0993,46,157,RLPolicy,1,1,0.0454932,2.77259,3.50656,6,5.39289,8,284,4.81015,578,0.990022
E3-Strict-p003,43.1045,133,587,RLPolicy,1,1,0.0650262,3.46574,3.50656,7,4.48725,333,396,4.21881,579,0.991232
E3-Strict-p003,43.107,350,350,RLPolicy,0,0,0,0,3.50656,1,3.48815,57,57,3.41846,579,0.994585
E3-Strict-p003,43.1109,394,159,RLPolicy,1,1,0.0979556,2.77259,3.50656,6,9.61748,57,257,8.94945,579,0.99361
E3-Strict-p003,43.1122,220,494,RLPolicy,1,1,0.0710978,3.46574,3.50656,7,5.4135,99,389,4.57351,579,0.971961
E3-Strict-p003,43.1136,43,571,RLPolicy,1,1,0.0403676,3.16035,3.50656,7,7.28348,51,365,6.68638,579,0.948032
E3-Strict-p003,43.1184,428,428,RLPolicy,0,0,0,0,3.50656,1,3.92988,20,20,3.88417,579,0.999796
E3-Strict-p003,43.1238,102,343,RLPolicy,1,1,0.0516662,2.61844,3.50656,6,6.21946,114,299,5.66217,579,0.979701
E3-Strict-p003,43.1362,360,360,RLPolicy,0,0,0,0,3.50656,1,3.72305,18,18,3.6758,579,1
E3-Strict-p003,43.1394,12,96,RLPolicy,1,1,0.0372586,2.85497,3.50656,7,5.82356,52,382,5.31873,579,0.942512
E3-Strict-p003,43.1454,63,403,RLPolicy,1,1,0.0460933,3.46574,3.50656,7,6.18252,156,356,5.67143,579,0.981246
E3-Strict-p003,43.1508,81,304,RLPolicy,1,1,0.0332319,1.38629,3.50656,4,4.60929,0,146,4.36314,579,0.985321
E3-Strict-p003,43.1516,243,243,RLPolicy,0,0,0,0,3.50656,1,5.29376,71,71,5.21223,579,0.996126
E3-Strict-p003,43.1543,368,352,RLPolicy,1,1,0.103046,3.46574,3.50656,7,4.68363,305,317,4.26782,579,0.999592
E3-Strict-p003,43.1625,235,16,RLPolicy,1,1,0.0750779,3.46574,3.50656,7,6.51268,171,365,6.03481,579,0.982804
E3-Strict-p003,43.1626,25,55,RLPolicy,1,1,0.0411292,1.93883,3.50656,7,5.67212,0,396,5.00825,579,0.958135
E3-Strict-p003,43.1722,105,105,RLPolicy,0,0,0,0,3.50656,1,5.65453,78,78,5.57441,579,0.966971
E3-Strict-p003,43.1722,336,294,RLPolicy,1,1,0.0902049,3.46574,3.50656,7,5.38452,150,297,5.03398,579,0.988786
E3-Strict-p003,43.1727,212,212,RLPolicy,0,0,0,0,3.50656,1,4.28446,76,76,4.21883,579,0.992456
E3-Strict-p003,43.1778,271,525,RLPolicy,1,1,0.0748889,2.77259,3.50656,6,6.29214,126,257,5.81388,579,0.967584
E3-Strict-p003,43.1857,143,466,RLPolicy,1,1,0.0556721,3.46574,3.50656,7,4.66574,166,189,4.30525,579,0.995922
E3-Strict-p003,43.1872,301,301,RLPolicy,0,0,0,0,3.50656,1,4.20671,16,16,4.11932,579,1
E3-Strict-p003,43.1884,184,330,RLPolicy,1,1,0.0520605,3.46574,3.50656,7,6.15965,74,348,5.57004,579,0.963506
E3-Strict-p003,43.1928,289,289,RLPolicy,0,0,0,0,3.50656,1,3.66074,11,11,3.60881,579,0.985729
E3-Strict-p003,43.1961,109,282,RLPolicy,1,1,0.0600434,3.31159,3.50656,7,5.45718,197,276,5.04547,579,0.99438
E3-Strict-p003,43.1967,334,150,RLPolicy,1,1,0.0867962,3.46574,3.50656,7,5.07292,201,353,4.71428,579,0.992456
E3-Strict-p003,43.202,411,329,RLPolicy,1,1,0.117826,3.46574,3.50656,7,4.97994,39,280,4.12733,579,0.999796
E3-Strict-p003,43.2053,76,580,RLPolicy,1,1,0.0511308,2.77259,3.50656,6,5.24706,159,311,4.92997,579,0.968959
E3-Strict-p003,43.2057,207,253,RLPolicy,1,1,0.0643201,3.46574,3.50656,7,4.8478,78,409,4.33184,579,0.977573
E3-Strict-p003,43.2107,115,340,RLPolicy,1,1,0.0531078,3.46574,3.50656,7,6.67394,60,325,6.13081,579,0.980834
E3-Strict-p003,43.2114,342,459,RLPolicy,1,1,0.0935939,2.77259,3.50656,6,4.50465,113,314,4.12919,579,0.992252
E3-Strict-p003,43.2186,252,589,RLPolicy,1,1,0.063755,3.46574,3.50656,7,6.40263,165,331,5.87864,579,0.988378
E3-Strict-p003,43.2194,206,426,RLPolicy,1,1,0.0628994,2.07944,3.50656,5,4.98212,1,40,4.84009,579,0.981038
E3-Strict-p003,43.2259,54,35,RLPolicy,1,1,0.0395874,2.77259,3.50656,6,5.19098,81,181,4.84976,579,0.995718
E3-Strict-p003,43.2315,38,37,RLPolicy,1,1,0.00680068,3.46574,3.50656,7,5.35986,398,417,4.83703,579,0.966715
E3-Strict-p003,43.2361,448,448,RLPolicy,0,0,0,0,3.50656,1,4.84262,45,45,4.76647,579,1
E3-Strict-p003,43.237,66,66,RLPolicy,0,0,0,0,3.50656,1,5.57788,62,62,5.50251,579,0.969319
E3-Strict-p003,43.2406,232,469,RLPolicy,1,1,0.0727693,3.46574,3.50656,7,6.43162,91,262,5.99297,579,0.995514
E3-Strict-p003,43.242,50,249,RLPolicy,1,1,0.037614,2.77259,3.50656,6,6.91578,137,278,6.18904,579,0.967175
E3-Strict-p003,43.2423,52,52,RLPolicy,0,0,0,0,3.50656,1,4.52307,55,55,4.43261,2,0.96004
E3-Strict-p003,43.2462,396,396,RLPolicy,0,0,0,0,3.50656,1,5.26228,74,74,5.17924,579,0.999796
E3-Strict-p003,43.2588,362,478,RLPolicy,1,1,0.0911102,2.77259,3.50656,6,5.48268,32,243,5.09997,579,0.98899
E3-Strict-p003,43.2636,39,39,RLPolicy,0,0,0,0,3.50656,1,4.41925,61,61,4.35555,579,0.952609
E3-Strict-p003,43.2672,431,375,RLPolicy,1,1,0.111124,3.46574,3.50656,7,4.38895,95,154,4.07964,579,0.989195
E3-Strict-p003,43.2674,162,162,RLPolicy,0,0,0,0,3.50656,1,5.18564,36,36,5.11539,579,0.995718
E3-Strict-p003,43.2725,95,467,RLPolicy,1,1,0.0444937,2.77259,3.50656,6,5.34631,74,338,4.59944,579,0.96004
E3-Strict-p003,43.2736,179,288,RLPolicy,1,1,0.0516319,2.77259,3.50656,6,6.48746,68,336,5.99258,579,0.977573
E3-Strict-p003,43.2751,293,40,RLPolicy,1,1,0.0792266,2.77259,3.50656,6,5.46809,54,327,5.01429,579,0.991844
E3-Strict-p003,43.2755,300,300,RLPolicy,0,0,0,0,3.50656,1,4.87227,30,30,4.81904,579,0.981651
E3-Strict-p003,43.2776,405,86,RLPolicy,1,1,0.0965747,1.38629,3.50656,4,6.23138,0,164,5.93253,579,0.989195
E3-Strict-p003,43.2812,157,147,RLPolicy,1,1,0.0667518,3.24259,3.50656,7,5.25298,95,361,4.6124,579,0.960282
E3-Strict-p003,43.2872,59,490,RLPolicy,1,1,0.00740019,3.46574,3.50656,7,5.94612,174,181,5.64739,579,0.963914
E3-Strict-p003,43.2903,389,389,RLPolicy,0,0,0,0,3.50656,1,5.13176,11,11,4.95545,579,0.992864
E3-Strict-p003,43.2954,169,169,RLPolicy,0,0,0,0,3.50656,1,7.32904,87,87,7.18896,579,0.939654
E3-Strict-p003,43.3079,114,96,RLPolicy,1,1,0.0458494,3.46574,3.50656,7,5.32188,257,276,4.95942,581,0.989195
E3-Strict-p003,43.3116,49,402,RLPolicy,1,1,0.0442906,3.00328,3.50656,7,5.7829,131,147,5.46379,581,0.983544
E3-Strict-p003,43.3148,170,327,RLPolicy,1,1,0.0590563,2.77259,3.50656,6,5.49807,116,227,5.18634,581,0.964322
E3-Strict-p003,43.317,68,296,RLPolicy,1,1,0.00727741,3.46574,3.50656,7,5.41041,243,253,5.14366,581,0.971049
E3-Strict-p003,43.3184,86,86,RLPolicy,0,0,0,0,3.50656,1,4.4575,18,18,4.34703,581,0.995514
E3-Strict-p003,43.3208,153,153,RLPolicy,0,0,0,0,3.50656,1,5.03772,43,43,4.94912,581,0.972565
E3-Strict-p003,43.3289,255,549,RLPolicy,1,1,0.0735475,3.46574,3.50656,7,6.89811,115,451,6.13475,581,0.979301
E3-Strict-p003,43.3298,145,481,RLPolicy,1,1,0.0601847,2.77259,3.50656,6,4.37779,122,270,4.03006,581,0.995922
E3-Strict-p003,43.3315,218,340,RLPolicy,1,1,0.0758653,3.31159,3.50656,7,5.12099,57,339,4.60389,581,0.975847
E3-Strict-p003,43.3339,408,526,RLPolicy,1,1,0.100488,2.77259,3.50656,6,8.37508,134,354,7.77389,581,0.995922
E3-Strict-p003,43.3345,285,580,RLPolicy,1,1,0.0787085,2.77259,3.50656,6,4.09211,96,233,3.79343,581,0.988786
E3-Strict-p003,43.3432,417,382,RLPolicy,1,1,0.104208,2.77259,3.50656,6,4.94067,134,310,4.3251,581,0.99633
E3-Strict-p003,43.346,399,399,RLPolicy,0,0,0,0,3.50656,1,6.82962,48,48,6.74547,581,0.999592
E3-Strict-p003,43.3471,1,1,RLPolicy,0,0,0,0,3.50656,1,6.40058,52,52,6.30575,581,0.969084
E3-Strict-p003,43.3517,333,30,RLPolicy,1,1,0.105331,2.07944,3.50656,5,6.52129,0,311,5.85716,581,0.988786
E3-Strict-p003,43.3654,7,507,RLPolicy,1,1,0.0471373,2.07944,3.50656,5,5.28872,0,179,4.84149,581,0.956495
E3-Strict-p003,43.3675,259,259,RLPolicy,0,0,0,0,3.50656,1,6.37043,66,66,6.29531,581,0.995718
E3-Strict-p003,43.3688,183,184,RLPolicy,1,1,0.0716748,3.46574,3.50656,7,5.25179,115,395,4.57372,581,0.977981
E3-Strict-p003,43.3742,226,309,RLPolicy,1,1,0.0566592,2.77259,3.50656,6,5.2485,90,204,4.77776,581,0.984912
E3-Strict-p003,43.3766,240,240,RLPolicy,0,0,0,0,3.50656,1,6.56985,35,35,6.48266,581,0.989169
E3-Strict-p003,43.377,370,370,RLPolicy,0,0,0,0,3.50656,1,6.42904,73,73,6.34718,581,0.999592
E3-Strict-p003,43.39,433,433,RLPolicy,0,0,0,0,3.50656,1,4.8525,62,62,4.78345,581,0.99633
E3-Strict-p003,43.3904,307,296,RLPolicy,1,1,0.0847678,3.46574,3.50656,7,6.92446,143,345,6.31381,581,0.992048
E3-Strict-p003,43.3911,8,8,RLPolicy,0,0,0,0,3.50656,1,3.8831,72,72,3.78385,2,0.986352
E3-Strict-p003,43.3921,468,68,RLPolicy,1,1,0.111945,3.46574,3.50656,7,5.84571,111,283,5.20971,581,0.999796
E3-Strict-p003,43.3978,273,466,RLPolicy,1,1,0.0710628,2.77259,3.50656,6,7.06198,101,302,6.58495,581,0.991277
E3-Strict-p003,43.3982,467,247,RLPolicy,1,1,0.112281,2.77259,3.50656,6,6.46795,82,205,5.90836,581,0.99633
E3-Strict-p003,43.3987,193,248,RLPolicy,1,1,0.0534212,2.77259,3.50656,6,5.76834,90,267,5.30105,581,0.984912
E3-Strict-p003,43.3997,280,280,RLPolicy,0,0,0,0,3.50656,1,3.7814,1,1,3.74071,581,0.989399
E3-Strict-p003,43.4003,225,188,RLPolicy,1,1,0.0790743,3.46574,3.50656,7,4.89844,136,194,4.49373,581,0.98797
E3-Strict-p003,43.4027,204,204,RLPolicy,0,0,0,0,3.50656,1,4.82781,79,79,4.75753,581,0.992755
E3-Strict-p003,43.4044,155,155,RLPolicy,0,0,0,0,3.50656,1,3.8249,65,65,3.77912,581,0.977777
E3-Strict-p003,43.4077,365,167,RLPolicy,1,1,0.0930319,3.46574,3.50656,7,4.83617,76,340,4.45945,581,0.995922
E3-Strict-p003,43.4143,97,97,RLPolicy,0,0,0,0,3.50656,1,4.98445,53,53,4.90455,581,0.979097
E3-Strict-p003,43.4152,352,247,RLPolicy,1,1,0.0862772,2.07944,3.50656,5,5.40685,1,200,4.90965,581,0.985525
E3-Strict-p003,43.416,17,17,RLPolicy,0,0,0,0,3.50656,1,7.04799,75,75,6.77861,581,0.988809
E3-Strict-p003,43.4189,103,103,RLPolicy,0,0,0,0,3.50656,1,9.91321,71,71,9.84033,581,0.991844
E3-Strict-p003,43.4222,189,226,RLPolicy,1,1,0.071044,3.46574,3.50656,7,7.82764,318,359,7.50677,581,0.9843
E3-Strict-p003,43.4255,67,372,RLPolicy,1,1,0.0400503,3.46574,3.50656,7,6.55745,113,496,5.74769,581,0.963506
E3-Strict-p003,43.4282,275,17,RLPolicy,1,1,0.0722952,2.77259,3.50656,6,10.1832,130,295,9.54247,581,0.985117
E3-Strict-p003,43.431,242,242,RLPolicy,0,0,0,0,3.50656,1,6.03135,60,60,5.94477,581,0.981651
E3-Strict-p003,43.4466,390,146,RLPolicy,1,1,0.113166,3.46574,3.50656,7,9.67596,290,302,9.32011,581,0.996126
E3-Strict-p003,43.4477,297,300,RLPolicy,1,1,0.0810031,2.77259,3.50656,6,4.62921,130,295,4.29363,581,0.994743
E3-Strict-p003,43.4499,462,365,RLPolicy,1,1,0.111002,2.77259,3.50656,6,6.29203,56,368,5.71812,581,0.99633
E3-Strict-p003,43.4573,74,309,RLPolicy,1,1,0.0412411,3.46574,3.50656,7,5.18219,54,364,4.59786,581,0.953899
E3-Strict-p003,43.4602,65,65,RLPolicy,0,0,0,0,3.50656,1,6.88514,15,15,6.81045,581,0.989494
E3-Strict-p003,43.461,435,435,RLPolicy,0,0,0,0,3.50656,1,5.3669,14,14,5.26362,581,1
E3-Strict-p003,43.4676,180,94,RLPolicy,1,1,0.0738047,3.46574,3.50656,7,5.98428,216,276,5.30331,581,0.989902
E3-Strict-p003,43.4684,61,61,RLPolicy,0,0,0,0,3.50656,1,4.82176,71,71,4.71633,2,0.981651
E3-Strict-p003,43.4743,159,107,RLPolicy,1,1,0.0593185,3.46574,3.50656,7,4.98946,133,222,4.44049,581,0.971049
E3-Strict-p003,43.4751,442,147,RLPolicy,1,1,0.111794,3.46574,3.50656,7,5.90904,162,314,5.34969,581,0.999796
E3-Strict-p003,43.4762,412,8,RLPolicy,1,1,0.116895,3.00328,3.50656,7,5.17855,258,310,4.87413,581,0.992272
E3-Strict-p003,43.4768,359,222,RLPolicy,1,1,0.0854855,0.693147,3.50656,3,5.37381,0,120,4.65501,581,0.975128
E3-Strict-p003,43.4795,276,508,RLPolicy,1,1,0.0864679,3.46574,3.50656,7,5.04486,321,335,4.68535,581,0.995718
E3-Strict-p003,43.4817,48,48,RLPolicy,0,0,0,0,3.50656,1,5.99214,85,85,5.91221,581,0.957486
E3-Strict-p003,43.4869,288,50,RLPolicy,1,1,0.0915753,1.38629,3.50656,4,4.98866,0,115,4.74945,581,0.981651
E3-Strict-p003,43.4917,397,206,RLPolicy,1,1,0.106333,3.46574,3.50656,7,6.30339,261,288,5.95118,581,0.985525
E3-Strict-p003,43.4918,101,101,RLPolicy,0,0,0,0,3.50656,1,6.27495,29,29,6.21546,581,0.988378
E3-Strict-p003,43.4921,308,308,RLPolicy,0,0,0,0,3.50656,1,5.00878,15,15,4.92709,581,0.99633
E3-Strict-p003,43.4921,379,525,RLPolicy,1,1,0.093451,2.77259,3.50656,6,6.17694,142,283,5.56031,581,0.995922
E3-Strict-p003,43.4956,147,239,RLPolicy,1,1,0.0453502,2.77259,3.50656,6,5.25987,61,241,4.81772,581,0.990481
E3-Strict-p003,43.5034,55,364,RLPolicy,1,1,0.0480015,3.46574,3.50656,7,9.40954,241,294,8.82357,582,0.988378
E3-Strict-p003,43.5041,423,386,RLPolicy,1,1,0.116473,3.31159,3.50656,7,4.39901,329,368,4.02754,582,0.99805
E3-Strict-p003,43.5068,237,425,RLPolicy,1,1,0.0598803,2.77259,3.50656,6,5.8055,127,307,5.24182,582,0.988174
E3-Strict-p003,43.5136,125,170,RLPolicy,1,1,0.0613675,3.15743,3.50656,7,5.49806,321,394,4.85277,582,0.971769
E3-Strict-p003,43.5143,93,93,RLPolicy,0,0,0,0,3.50656,1,4.6328,67,67,4.50823,582,0.967992
E3-Strict-p003,43.5147,53,546,RLPolicy,1,1,0.0476676,3.46574,3.50656,7,5.37594,280,357,5.0115,582,0.993987
E3-Strict-p003,43.5191,245,256,RLPolicy,1,1,0.0631637,2.77259,3.50656,6,5.89462,97,187,5.50632,582,0.986837
E3-Strict-p003,43.5226,44,257,RLPolicy,1,1,0.0372138,3.24274,3.50656,8,5.96766,189,455,5.21097,582,0.984538
E3-Strict-p003,43.5304,0,0,RLPolicy,0,0,0,0,3.50656,1,8.00265,73,73,7.94291,582,0.970758
E3-Strict-p003,43.5317,445,579,RLPolicy,1,1,0.109645,3.31159,3.50656,7,5.08447,133,312,4.71026,582,0.998821
E3-Strict-p003,43.5373,383,120,RLPolicy,1,1,0.100296,0.538997,3.50656,3,9.94915,0,36,9.81618,582,0.973019
E3-Strict-p003,43.5375,200,94,RLPolicy,1,1,0.0514321,3.46574,3.50656,7,8.15853,76,406,7.5304,582,0.971049
E3-Strict-p003,43.5395,329,383,RLPolicy,1,1,0.09383,2.77259,3.50656,6,8.3028,67,132,8.08396,582,0.99266
E3-Strict-p003,43.5406,258,332,RLPolicy,1,1,0.0647754,3.46574,3.50656,7,10.4299,262,453,9.54081,582,0.974311
E3-Strict-p003,43.5422,118,78,RLPolicy,1,1,0.0566186,3.46574,3.50656,7,4.7104,296,315,4.37004,582,0.973903
E3-Strict-p003,43.5444,364,250,RLPolicy,1,1,0.101111,3.46574,3.50656,7,4.32939,122,159,4.02534,582,0.985321
E3-Strict-p003,43.5451,349,211,RLPolicy,1,1,0.0850943,2.77259,3.50656,6,5.38687,135,337,5.04045,582,0.9869
E3-Strict-p003,43.547,91,268,RLPolicy,1,1,0.05168,2.77259,3.50656,6,5.93515,108,320,5.3739,582,0.959836
E3-Strict-p003,43.5601,205,232,RLPolicy,1,1,0.0573312,2.07944,3.50656,5,4.83998,0,157,4.55248,582,0.971049
E3-Strict-p003,43.5609,429,429,RLPolicy,0,0,0,0,3.50656,1,4.26311,22,22,4.19805,582,0.99633
E3-Strict-p003,43.5619,210,210,RLPolicy,0,0,0,0,3.50656,1,4.82201,9,9,4.72654,582,0.999388
E3-Strict-p003,43.5676,458,410,RLPolicy,1,1,0.115293,3.46574,3.50656,7,9.70929,329,362,9.06127,582,0.999796
E3-Strict-p003,43.5949,224,241,RLPolicy,1,1,0.0600727,2.77259,3.50656,6,6.22661,113,290,5.41564,582,0.946381
E3-Strict-p003,43.5961,447,439,RLPolicy,1,1,0.114471,3.46574,3.50656,7,4.97362,272,290,4.5622,582,0.999796
E3-Strict-p003,43.6066,304,168,RLPolicy,1,1,0.0769491,3.46574,3.50656,7,4.86343,137,371,4.51482,584,0.977981
E3-Strict-p003,43.6087,436,553,RLPolicy,1,1,0.120404,3.46574,3.50656,7,5.33346,350,379,5.02708,584,0.999592
E3-Strict-p003,43.6104,211,284,RLPolicy,1,1,0.0569882,2.77259,3.50656,6,4.60702,23,342,4.20708,584,0.988378
E3-Strict-p003,43.6187,400,136,RLPolicy,1,1,0.0982515,3.46574,3.50656,7,12.306,173,296,11.8974,584,0.999592
E3-Strict-p003,43.621,446,139,RLPolicy,1,1,0.109373,3.46574,3.50656,7,5.265,184,319,4.69398,584,0.999796
E3-Strict-p003,43.625,455,455,RLPolicy,0,0,0,0,3.50656,1,8.61537,23,23,8.55576,584,1
E3-Strict-p003,43.6257,278,256,RLPolicy,1,1,0.0777101,3.46574,3.50656,7,11.9733,200,240,11.6963,584,0.974719
E3-Strict-p003,43.6301,284,494,RLPolicy,1,1,0.0778537,3.46574,3.50656,7,4.76001,147,394,4.10449,584,0.977981
E3-Strict-p003,43.6306,223,223,RLPolicy,0,0,0,0,3.50656,1,4.30903,69,69,4.2486,584,0.999592
E3-Strict-p003,43.6356,117,117,RLPolicy,0,0,0,0,3.50656,1,5.77089,23,23,5.60003,584,0.967584
E3-Strict-p003,43.6367,137,137,RLPolicy,0,0,0,0,3.50656,1,4.63153,18,18,4.55448,584,0.978185
E3-Strict-p003,43.6371,353,481,RLPolicy,1,1,0.0985144,3.46574,3.50656,7,5.22349,104,215,4.64207,584,0.999796
E3-Strict-p003,43.6374,317,378,RLPolicy,1,1,0.0781728,2.07944,3.50656,5,6.04974,0,236,5.4336,584,0.985525
E3-Strict-p003,43.6516,89,37,RLPolicy,1,1,0.0535975,3.46574,3.50656,7,5.47066,305,375,4.85468,584,0.98063
E3-Strict-p003,43.652,312,241,RLPolicy,1,1,0.0898678,3.46574,3.50656,7,7.32781,322,383,6.87013,584,0.995514
E3-Strict-p003,43.6577,302,383,RLPolicy,1,1,0.100513,3.46574,3.50656,7,5.52926,142,165,5.30644,584,0.981829
E3-Strict-p003,43.6757,83,371,RLPolicy,1,1,0.0445624,2.77259,3.50656,6,5.31506,130,281,4.83233,584,0.972157
E3-Strict-p003,43.6785,426,426,RLPolicy,0,0,0,0,3.50656,1,4.69082,10,10,4.61098,584,1
E3-Strict-p003,43.6803,60,143,RLPolicy,1,1,0.0262527,3.46574,3.50656,7,6.61912,217,275,6.22241,584,0.993987
E3-Strict-p003,43.6856,444,90,RLPolicy,1,1,0.109448,3.46574,3.50656,7,5.07612,322,348,4.79167,584,0.996126
E3-Strict-p003,43.6869,35,241,RLPolicy,1,1,0.0417918,2.77259,3.50656,6,5.38415,36,319,4.94334,584,0.968203
E3-Strict-p003,43.6915,199,199,RLPolicy,0,0,0,0,3.50656,1,5.40371,72,72,5.3241,584,0.995718
E3-Strict-p003,43.6944,457,79,RLPolicy,1,1,0.123696,3.46574,3.50656,7,5.35299,293,363,4.50289,584,0.999796
E3-Strict-p003,43.6957,356,197,RLPolicy,1,1,0.0890192,2.77259,3.50656,6,4.87646,56,251,4.56371,584,0.985321
E3-Strict-p003,43.7018,11,345,RLPolicy,1,1,0.0420102,3.24274,3.50656,8,5.24284,298,318,4.86868,585,0.97913
E3-Strict-p003,43.7018,129,218,RLPolicy,1,1,0.062711,3.46574,3.50656,7,5.62708,251,286,5.1759,585,0.981243
E3-Strict-p003,43.7032,407,0,RLPolicy,1,1,0.102038,2.77259,3.50656,6,5.97244,119,319,5.32209,585,0.992456
E3-Strict-p003,43.7257,452,452,RLPolicy,0,0,0,0,3.50656,1,4.2952,2,2,4.23965,585,1
E3-Strict-p003,43.7308,131,131,RLPolicy,0,0,0,0,3.50656,1,6.45628,40,40,6.38731,585,0.977981
E3-Strict-p003,43.733,116,434,RLPolicy,1,1,0.0474034,3.46574,3.50656,7,6.65928,43,340,5.67489,585,0.952904
E3-Strict-p003,43.7352,341,225,RLPolicy,1,1,0.0878569,3.46574,3.50656,7,5.02274,137,157,4.64192,585,0.999796
E3-Strict-p003,43.7398,27,597,RLPolicy,1,1,0.0367085,2.95491,3.50656,6,6.67803,116,310,6.17364,585,0.939378
E3-Strict-p003,43.7481,418,414,RLPolicy,1,1,0.11261,3.46574,3.50656,7,4.95703,318,391,4.60058,585,0.996126
E3-Strict-p003,43.7564,216,12,RLPolicy,1,1,0.0680109,2.61844,3.50656,6,4.95822,108,282,4.60209,585,0.984499
E3-Strict-p003,43.7683,73,39,RLPolicy,1,1,0.0512237,2.77259,3.50656,6,5.74998,3,345,5.11401,585,0.965246
E3-Strict-p003,43.7693,82,474,RLPolicy,1,1,0.0510223,2.07944,3.50656,5,5.41109,1,254,4.98308,585,0.960244
E3-Strict-p003,43.7701,305,106,RLPolicy,1,1,0.0758617,3.46574,3.50656,7,5.62337,253,293,5.29564,585,0.999184
E3-Strict-p003,43.7807,393,257,RLPolicy,1,1,0.0982944,3.46574,3.50656,7,6.83283,43,405,5.93364,585,0.999388
E3-Strict-p003,43.7819,392,392,RLPolicy,0,0,0,0,3.50656,1,7.78663,97,97,7.71229,585,0.999592
E3-Strict-p003,43.7822,144,138,RLPolicy,1,1,0.0596096,3.46574,3.50656,7,5.27977,165,323,4.9564,585,0.977777
E3-Strict-p003,43.7883,313,386,RLPolicy,1,1,0.103713,3.46574,3.50656,7,6.8241,320,356,6.31829,585,0.988786
E3-Strict-p003,43.7919,141,141,RLPolicy,0,0,0,0,3.50656,1,4.32835,71,71,4.26389,585,0.995922
E3-Strict-p003,43.799,265,335,RLPolicy,1,1,0.0738575,3.46574,3.50656,7,6.3442,106,257,5.7954,585,0.981447
E3-Strict-p003,43.8016,340,66,RLPolicy,1,1,0.102709,3.46574,3.50656,7,5.94762,314,349,5.4495,585,0.995514
E3-Strict-p003,43.8106,440,408,RLPolicy,1,1,0.104001,2.07944,3.50656,5,4.53843,0,120,4.28697,585,0.99266
E3-Strict-p003,43.817,432,387,RLPolicy,1,1,0.109783,3.46574,3.50656,7,5.07224,157,182,4.75615,585,0.996126
E3-Strict-p003,43.8182,298,342,RLPolicy,1,1,0.0755423,2.07944,3.50656,5,5.94856,0,182,5.555,585,0.981651
E3-Strict-p003,43.8217,138,199,RLPolicy,1,1,0.0620998,3.46574,3.50656,7,5.82425,234,364,5.17297,585,0.981038
E3-Strict-p003,43.8227,94,16,RLPolicy,1,1,0.0496637,2.95491,3.50656,6,5.97176,224,286,5.56613,585,0.974814
E3-Strict-p003,43.8236,5,378,RLPolicy,1,1,0.0340632,2.77259,3.50656,6,12.101,99,292,11.6297,585,0.984912
E3-Strict-p003,43.8241,460,169,RLPolicy,1,1,0.11824,3.46574,3.50656,7,5.89944,82,383,5.25975,585,0.999796
E3-Strict-p003,43.8249,113,141,RLPolicy,1,1,0.0592223,3.46574,3.50656,7,5.3644,147,266,4.92816,585,0.959632
E3-Strict-p003,43.826,381,468,RLPolicy,1,1,0.0967378,3.46574,3.50656,7,5.57886,61,328,5.13397,585,0.982766
E3-Strict-p003,43.8274,372,372,RLPolicy,0,0,0,0,3.50656,1,4.39722,93,93,4.31777,2,0.99266
E3-Strict-p003,43.8346,92,219,RLPolicy,1,1,0.0519086,3.46574,3.50656,7,4.78033,52,263,4.03421,585,0.99531
E3-Strict-p003,43.8372,451,3,RLPolicy,1,1,0.111642,3.46574,3.50656,7,5.18935,224,381,4.69726,585,0.999796
E3-Strict-p003,43.8395,470,473,RLPolicy,1,1,0.117263,3.46574,3.50656,7,6.12591,241,254,5.6362,585,0.999796
E3-Strict-p003,43.8411,409,409,RLPolicy,0,0,0,0,3.50656,1,3.87571,2,2,3.82895,585,0.999796
E3-Strict-p003,43.8417,420,569,RLPolicy,1,1,0.103853,3.46574,3.50656,7,4.28586,49,338,3.7406,585,0.999796
E3-Strict-p003,43.8435,238,238,RLPolicy,0,0,0,0,3.50656,1,3.68691,14,14,3.63687,585,0.999592
E3-Strict-p003,43.8444,209,209,RLPolicy,0,0,0,0,3.50656,1,6.57375,4,4,6.48567,585,1
E3-Strict-p003,43.8562,22,22,RLPolicy,0,0,0,0,3.50656,1,6.42965,60,60,6.3276,585,0.958195
E3-Strict-p003,43.8632,34,39,RLPolicy,1,1,0.0306884,2.07944,3.50656,5,5.53758,0,270,5.15612,585,0.948853
E3-Strict-p003,43.8634,403,567,RLPolicy,1,1,0.119082,3.46574,3.50656,7,6.62812,92,339,6.02717,585,0.992456
E3-Strict-p003,43.8659,345,236,RLPolicy,1,1,0.0847296,2.77259,3.50656,6,8.0725,58,348,7.46033,585,0.974923
E3-Strict-p003,43.8681,233,68,RLPolicy,1,1,0.056945,2.07944,3.50656,5,4.8185,0,175,4.46281,585,0.992456
E3-Strict-p003,43.8711,323,394,RLPolicy,1,1,0.0872507,3.46574,3.50656,7,10.766,63,314,10.2703,585,0.995922
E3-Strict-p003,43.8773,469,184,RLPolicy,1,1,0.112917,3.46574,3.50656,7,5.81236,266,388,5.15499,585,0.999796
E3-Strict-p003,43.8791,58,0,RLPolicy,1,1,0.00750834,3.46574,3.50656,7,6.43597,341,366,6.12395,585,0.941184
E3-Strict-p003,43.8816,219,487,RLPolicy,1,1,0.0559272,2.77259,3.50656,6,4.98316,16,346,4.55387,585,0.991436
E3-Strict-p003,43.8828,367,535,RLPolicy,1,1,0.0889529,1.38629,3.50656,4,4.77637,0,164,4.37249,585,0.989399
E3-Strict-p003,43.8914,310,430,RLPolicy,1,1,0.0764004,3.46574,3.50656,7,4.68538,174,293,4.24292,585,0.992048
E3-Strict-p003,43.8989,402,131,RLPolicy,1,1,0.110834,3.46574,3.50656,7,6.40362,324,348,5.90941,585,0.999592
E3-Strict-p003,43.9039,477,364,RLPolicy,1,1,0.112016,2.77259,3.50656,6,7.86361,171,344,7.02695,585,0.99633
E3-Strict-p003,43.9042,303,303,RLPolicy,0,0,0,0,3.50656,1,3.53335,21,21,3.49423,585,0.99633
E3-Strict-p003,43.9265,104,550,RLPolicy,1,1,0.0528716,3.46574,3.50656,7,5.71605,237,246,5.46118,585,0.99531
E3-Strict-p003,43.9317,268,193,RLPolicy,1,1,0.0837022,3.46574,3.50656,7,10.1424,253,273,9.78215,585,0.974311
E3-Strict-p003,43.9342,186,186,RLPolicy,0,0,0,0,3.50656,1,10.4953,73,73,10.4203,585,0.981243
E3-Strict-p003,43.9492,214,169,RLPolicy,1,1,0.0620478,3.31159,3.50656,7,5.65484,110,344,4.98983,585,0.980855
E3-Strict-p003,43.9545,130,120,RLPolicy,1,1,0.0373708,2.07944,3.50656,5,7.2245,0,66,6.85513,585,0.971254
E3-Strict-p003,43.9545,475,475,RLPolicy,0,0,0,0,3.50656,1,5.70351,27,27,5.58871,585,1
E3-Strict-p003,43.956,461,461,RLPolicy,0,0,0,0,3.50656,1,5.27003,38,38,5.1918,585,1
E3-Strict-p003,43.9686,281,397,RLPolicy,1,1,0.0949827,3.46574,3.50656,7,5.1691,235,285,4.76674,585,0.991844
E3-Strict-p003,43.9695,385,441,RLPolicy,1,1,0.0956351,3.46574,3.50656,7,5.41544,286,361,5.00128,585,0.992456
E3-Strict-p003,43.9704,175,423,RLPolicy,1,1,0.054224,3.46574,3.50656,7,4.50213,65,281,3.98182,585,0.994901
E3-Strict-p003,43.9719,41,46,RLPolicy,1,1,0.0448852,2.85497,3.50656,7,5.41712,279,378,5.05072,585,0.950576
E3-Strict-p003,43.9758,398,528,RLPolicy,1,1,0.112401,3.46574,3.50656,7,5.56731,330,361,5.13884,585,0.999796
E3-Strict-p003,43.9815,69,582,RLPolicy,1,1,0.0385476,2.77259,3.50656,6,6.17212,74,207,5.60563,585,0.98063
E3-Strict-p003,43.9821,42,42,RLPolicy,0,0,0,0,3.50656,1,4.39882,22,22,4.34424,585,0.991137
E3-Strict-p003,43.9823,311,223,RLPolicy,1,1,0.0809888,2.07944,3.50656,5,5.54402,1,199,5.22093,585,0.99266
E3-Strict-p003,43.9829,152,152,RLPolicy,0,0,0,0,3.50656,1,4.35915,34,34,4.29633,585,0.971254
E3-Strict-p003,43.9849,453,84,RLPolicy,1,1,0.117098,2.77259,3.50656,6,5.38174,57,250,4.67527,585,0.99633
E3-Strict-p003,43.9855,202,488,RLPolicy,1,1,0.076827,3.46574,3.50656,7,5.78783,256,276,5.47488,585,0.981447
E3-Strict-p003,43.9931,459,310,RLPolicy,1,1,0.105838,0.693147,3.50656,3,4.69613,0,132,4.28877,585,0.985933
E3-Strict-p003,44.0003,168,66,RLPolicy,1,1,0.0669972,2.77259,3.50656,6,5.202,34,421,4.67,586,0.974107
E3-Strict-p003,44.0027,111,267,RLPolicy,1,1,0.0482984,2.07944,3.50656,5,7.37349,0,248,6.93459,586,0.977573
E3-Strict-p003,44.0119,30,74,RLPolicy,1,1,0.0430407,2.85497,3.50656,7,6.43597,50,366,5.50225,586,0.976915
E3-Strict-p003,44.0153,21,193,RLPolicy,1,1,0.0401013,2.85497,3.50656,7,6.45934,222,407,6.02846,586,0.957228
E3-Strict-p003,44.0171,24,24,RLPolicy,0,0,0,0,3.50656,1,6.94138,58,58,6.86382,586,0.976779
E3-Strict-p003,44.0189,430,500,RLPolicy,1,1,0.117805,2.77259,3.50656,6,4.92857,86,128,4.70206,586,0.99266
E3-Strict-p003,44.0191,10,230,RLPolicy,1,1,0.0219131,2.07944,3.50656,5,3.9763,0,46,3.7835,586,0.96001
E3-Strict-p003,44.0217,161,161,RLPolicy,0,0,0,0,3.50656,1,4.3872,60,60,4.32795,586,0.977981
E3-Strict-p003,44.0235,98,410,RLPolicy,1,1,0.0425232,2.77259,3.50656,6,4.99393,127,204,4.69498,586,0.960448
E3-Strict-p003,44.0273,2,362,RLPolicy,1,1,0.0126541,3.46574,3.50656,7,6.20398,249,262,5.93578,586,0.977573
E3-Strict-p003,44.0348,4,130,RLPolicy,0,0,0.041593,0.693147,3.50656,2,5.20246,18,38,5.04157,586,0.971461
E3-Strict-p003,44.0396,29,559,RLPolicy,1,1,0.0423353,3.46574,3.50656,7,6.80671,126,138,6.58014,586,0.98289
E3-Strict-p003,44.0422,266,438,RLPolicy,1,1,0.0908517,3.46574,3.50656,7,5.83678,168,215,5.35407,586,0.984708
E3-Strict-p003,44.0519,64,158,RLPolicy,1,1,0.0560542,2.77259,3.50656,6,6.73554,155,307,6.03129,586,0.935576
E3-Strict-p003,44.0685,181,181,RLPolicy,0,0,0,0,3.50656,1,5.29819,12,12,5.20975,586,0.995922
E3-Strict-p003,44.0857,136,479,RLPolicy,1,1,0.0545137,2.07944,3.50656,5,6.93979,1,324,6.33249,586,0.984708
E3-Strict-p003,44.0962,234,406,RLPolicy,1,1,0.0585764,1.38629,3.50656,4,5.12007,0,182,4.87147,586,0.977981
E3-Strict-p003,44.1025,75,259,RLPolicy,1,1,0.0493435,2.77259,3.50656,6,8.54105,87,204,8.1556,586,0.971591
E3-Strict-p003,44.1118,267,267,RLPolicy,0,0,0,0,3.50656,1,6.0899,70,70,5.98283,2,0.984346
E3-Strict-p003,44.1153,107,159,RLPolicy,1,1,0.0523057,2.77259,3.50656,6,5.52438,111,278,5.13961,586,0.970845
E3-Strict-p003,44.1204,357,357,RLPolicy,0,0,0,0,3.50656,1,3.88104,10,10,3.81622,586,0.992864
E3-Strict-p003,44.1207,57,257,RLPolicy,1,1,0.0457046,3.46574,3.50656,7,9.26464,117,138,8.98845,586,0.994191
E3-Strict-p003,44.1317,272,272,RLPolicy,0,0,0,0,3.50656,1,7.03008,56,56,6.92357,586,0.981855
E3-Strict-p003,44.134,150,273,RLPolicy,1,1,0.055415,3.46574,3.50656,7,4.80189,182,351,4.30873,586,0.990098
E3-Strict-p003,44.1342,346,346,RLPolicy,0,0,0,0,3.50656,1,4.99408,10,10,4.91751,586,0.999388
E3-Strict-p003,44.1387,151,239,RLPolicy,1,1,0.0652365,2.77259,3.50656,6,5.83604,104,299,5.35369,586,0.974107
E3-Strict-p003,44.1418,254,591,RLPolicy,1,1,0.0674756,3.46574,3.50656,7,6.96856,60,417,6.27533,586,0.992456
E3-Strict-p003,44.1459,122,321,RLPolicy,1,1,0.0617198,3.46574,3.50656,7,6.73925,344,396,6.14613,586,0.977573
E3-Strict-p003,44.147,404,372,RLPolicy,1,1,0.0997265,3.46574,3.50656,7,6.94029,97,350,6.06408,586,0.999592
E3-Strict-p003,44.1549,366,233,RLPolicy,1,1,0.107914,3.46574,3.50656,7,5.17254,293,312,4.89609,586,0.999184
E3-Strict-p003,44.1572,236,37,RLPolicy,1,1,0.0644105,3.15743,3.50656,7,5.88213,334,394,5.45618,586,0.965838
E3-Strict-p003,44.159,387,387,RLPolicy,0,0,0,0,3.50656,1,4.05595,8,8,4.00234,586,0.999025
E3-Strict-p003,44.1655,463,463,RLPolicy,0,0,0,0,3.50656,1,4.17555,24,24,4.08954,3,1
E3-Strict-p003,44.1677,321,321,RLPolicy,0,0,0,0,3.50656,1,4.35078,11,11,4.2714,2,0.988398
E3-Strict-p003,44.1727,227,79,RLPolicy,1,1,0.0736854,2.07944,3.50656,5,6.26982,0,126,6.02394,586,0.984708
E3-Strict-p003,44.1834,31,236,RLPolicy,1,1,0.040321,3.0062,3.50656,7,6.68789,111,381,6.04352,586,0.98115
E3-Strict-p003,44.1922,269,269,RLPolicy,0,0,0,0,3.50656,1,5.17623,39,39,5.09743,586,0.999388
E3-Strict-p003,44.1944,320,59,RLPolicy,1,1,0.0850691,3.46574,3.50656,7,5.26023,101,108,5.01758,586,0.995922
E3-Strict-p003,44.1996,472,591,RLPolicy,1,1,0.110747,3.46574,3.50656,7,6.44582,71,316,5.54799,586,0.999796
E3-Strict-p003,44.2034,344,344,RLPolicy,0,0,0,0,3.50656,1,4.74767,9,9,4.69166,586,0.996126
E3-Strict-p003,44.2067,377,579,RLPolicy,1,1,0.0940446,3.46574,3.50656,7,4.99113,273,325,4.64662,586,0.995718
E3-Strict-p003,44.207,369,537,RLPolicy,1,1,0.0929955,2.07944,3.50656,5,3.28303,0,50,3.10832,586,0.989195
E3-Strict-p003,44.208,222,161,RLPolicy,1,1,0.0625106,3.31159,3.50656,7,5.00613,184,411,4.36995,586,0.951
E3-Strict-p003,44.2105,215,247,RLPolicy,1,1,0.00563534,2.95491,3.50656,6,5.46781,73,85,5.22895,586,0.986532
E3-Strict-p003,44.2109,33,211,RLPolicy,1,1,0.0326498,2.16183,3.50656,6,6.3255,51,290,5.79384,586,0.946214
E3-Strict-p003,44.2271,286,286,RLPolicy,0,0,0,0,3.50656,1,5.76878,23,23,5.68972,586,0.985907
E3-Strict-p003,44.2292,160,160,RLPolicy,0,0,0,0,3.50656,1,3.7119,14,14,3.66511,586,1
E3-Strict-p003,44.2314,228,228,RLPolicy,0,0,0,0,3.50656,1,4.12228,1,1,4.04092,586,1
E3-Strict-p003,44.2357,71,71,RLPolicy,0,0,0,0,3.50656,1,5.05252,16,16,4.95033,586,0.99531
E3-Strict-p003,44.2418,70,328,RLPolicy,1,1,0.0486946,2.77259,3.50656,6,6.70244,38,140,6.20597,586,0.963097
E3-Strict-p003,44.2464,174,275,RLPolicy,1,1,0.0622952,3.46574,3.50656,7,4.9417,195,381,4.60695,586,0.99531
E3-Strict-p003,44.2475,221,77,RLPolicy,1,1,0.0560569,2.07944,3.50656,5,8.13243,0,253,7.35466,586,0.956982
E3-Strict-p003,44.2483,415,98,RLPolicy,1,1,0.100826,2.77259,3.50656,6,7.10778,14,311,6.52277,586,0.985525
E3-Strict-p003,44.2523,274,430,RLPolicy,1,1,0.0712198,0.693147,3.50656,3,6.88063,0,92,6.43147,586,0.95295
E3-Strict-p003,44.2535,203,247,RLPolicy,1,1,0.0503713,2.07944,3.50656,5,5.88461,0,246,5.33882,586,0.988582
E3-Strict-p003,44.2584,479,478,RLPolicy,1,1,0.125404,3.46574,3.50656,7,5.8931,54,385,4.94947,586,0.999796
E3-Strict-p003,44.2606,231,158,RLPolicy,1,1,0.063099,2.77259,3.50656,6,5.45806,17,254,4.85633,586,0.977573
E3-Strict-p003,44.2636,84,209,RLPolicy,1,1,0.0518468,2.77259,3.50656,6,5.40667,154,288,4.82911,586,0.970641
E3-Strict-p003,44.2655,247,533,RLPolicy,1,1,0.0789944,3.31159,3.50656,7,6.03773,186,353,5.50526,586,0.985862
E3-Strict-p003,44.2688,148,412,RLPolicy,1,1,0.0500935,2.07944,3.50656,5,4.30806,0,177,3.81489,586,0.992864
E3-Strict-p003,44.2704,485,485,RLPolicy,0,0,0,0,3.50656,1,10.2023,70,70,10.1243,586,1
E3-Strict-p003,44.2716,149,149,RLPolicy,0,0,0,0,3.50656,1,4.49593,114,114,4.41435,2,0.96371
E3-Strict-p003,44.2759,270,445,RLPolicy,1,1,0.0933695,3.46574,3.50656,7,5.78176,208,254,5.47582,586,0.995718
E3-Strict-p003,44.2853,182,234,RLPolicy,1,1,0.0697337,3.46574,3.50656,7,5.28684,298,329,4.94214,586,0.99164
E3-Strict-p003,44.2894,325,113,RLPolicy,1,1,0.0834739,2.61844,3.50656,6,7.61218,41,309,6.98433,586,0.983779
E3-Strict-p003,44.2948,410,133,RLPolicy,1,1,0.115068,3.46574,3.50656,7,5.27364,234,255,4.76908,586,0.995922
E3-Strict-p003,44.2992,120,120,RLPolicy,0,0,0,0,3.50656,1,4.71681,16,16,4.6222,586,1
E3-Strict-p003,44.302,87,419,RLPolicy,1,1,0.0541327,3.46574,3.50656,7,5.27068,276,346,4.64214,587,0.956574
E3-Strict-p003,44.3029,424,72,RLPolicy,1,1,0.123693,3.46574,3.50656,7,5.4153,138,158,4.96748,587,0.996126
E3-Strict-p003,44.3133,100,85,RLPolicy,1,1,0.0574624,3.46574,3.50656,7,6.55251,150,253,6.1285,587,0.960417
E3-Strict-p003,44.3157,416,343,RLPolicy,1,1,0.104771,3.46574,3.50656,7,9.65,64,317,9.0943,587,0.999592
E3-Strict-p003,44.3158,167,167,RLPolicy,0,0,0,0,3.50656,1,4.48632,68,68,4.43881,587,0.981651
E3-Strict-p003,44.3178,158,3,RLPolicy,1,1,0.0561366,3.46574,3.50656,7,5.46445,200,331,4.93953,587,0.988174
E3-Strict-p003,44.3201,197,398,RLPolicy,1,1,0.075149,2.77259,3.50656,6,4.70935,100,213,4.34599,587,0.982562
E3-Strict-p003,44.3245,23,185,RLPolicy,1,1,0.039655,2.53652,3.50656,7,7.31871,93,433,6.32527,587,0.903944
E3-Strict-p003,44.3284,263,478,RLPolicy,1,1,0.0856059,3.46574,3.50656,7,5.68699,333,340,5.38822,587,0.999388
E3-Strict-p003,44.3289,77,4,RLPolicy,1,1,0.048157,2.61844,3.50656,6,6.57456,56,142,6.25825,587,0.953083
E3-Strict-p003,44.3395,373,373,RLPolicy,0,0,0,0,3.50656,1,4.63891,35,35,4.58343,587,0.995559
E3-Strict-p003,44.3412,79,79,RLPolicy,0,0,0,0,3.50656,1,6.23161,67,67,6.15726,587,0.99531
E3-Strict-p003,44.3419,32,17,RLPolicy,1,1,0.0550823,2.85497,3.50656,7,6.29614,261,404,5.79533,587,0.934493
E3-Strict-p003,44.3441,37,529,RLPolicy,1,1,0.041166,2.31306,3.50656,6,5.88321,72,202,5.51906,587,0.971726
E3-Strict-p003,44.3604,449,449,RLPolicy,0,0,0,0,3.50656,1,5.07393,66,66,5.0069,587,0.999796
E3-Strict-p003,44.3626,371,380,RLPolicy,1,1,0.0917233,2.77259,3.50656,6,4.64898,62,184,4.28014,587,0.992252
E3-Strict-p003,44.3736,486,424,RLPolicy,1,1,0.115743,2.77259,3.50656,6,6.87549,126,236,6.27882,587,0.99633
E3-Strict-p003,44.3754,413,421,RLPolicy,1,1,0.108581,2.07944,3.50656,5,5.81311,1,204,5.25534,587,0.978797
E3-Strict-p003,44.383,251,544,RLPolicy,1,1,0.0816843,3.46574,3.50656,7,5.86968,343,362,5.50331,587,0.988761
E3-Strict-p003,44.3905,156,461,RLPolicy,1,1,0.0567537,2.77259,3.50656,6,5.48505,71,411,5.01929,587,0.95637
E3-Strict-p003,44.3966,388,388,RLPolicy,0,0,0,0,3.50656,1,4.39714,26,26,4.34273,587,0.996126
E3-Strict-p003,44.3991,176,176,RLPolicy,0,0,0,0,3.50656,1,4.72485,3,3,4.60103,587,0.992048
E3-Strict-p003,44.3999,294,294,RLPolicy,0,0,0,0,3.50656,1,4.71276,58,58,4.66051,587,0.992252
E3-Strict-p003,44.4188,112,463,RLPolicy,1,1,0.0463537,2.77259,3.50656,6,5.21084,35,319,4.79099,588,0.947713
E3-Strict-p003,44.42,121,577,RLPolicy,1,1,0.0608595,2.77259,3.50656,6,4.73895,20,52,4.47311,588,0.995718
E3-Strict-p003,44.421,401,341,RLPolicy,1,1,0.113894,3.46574,3.50656,7,6.39131,157,174,6.04845,588,0.992456
E3-Strict-p003,44.4241,456,456,RLPolicy,0,0,0,0,3.50656,1,3.34079,9,9,3.29049,588,1
E3-Strict-p003,44.4272,177,547,RLPolicy,1,1,0.0672144,3.46574,3.50656,7,5.93458,221,237,5.65322,588,0.98797
E3-Strict-p003,44.4309,108,549,RLPolicy,1,1,0.05223,3.00328,3.50656,7,4.85223,78,258,4.34226,588,0.974898
E3-Strict-p003,44.431,283,283,RLPolicy,0,0,0,0,3.50656,1,5.97395,66,66,5.90884,588,0.99633
E3-Strict-p003,44.431,425,204,RLPolicy,1,1,0.101502,1.56862,3.50656,4,4.4889,0,158,4.1109,588,0.99031
E3-Strict-p003,44.4315,355,548,RLPolicy,1,1,0.0906284,3.46574,3.50656,7,6.41636,52,251,5.8872,588,0.999388
E3-Strict-p003,44.4326,241,161,RLPolicy,1,1,0.0820323,3.46574,3.50656,7,4.65685,90,226,4.31093,588,0.992048
E3-Strict-p003,44.4351,406,344,RLPolicy,1,1,0.00730394,3.46574,3.50656,7,7.30467,260,268,7.04343,588,0.999388
E3-Strict-p003,44.4372,375,375,RLPolicy,0,0,0,0,3.50656,1,4.57564,77,77,4.49958,588,0.996126
E3-Strict-p003,44.4381,262,571,RLPolicy,1,1,0.0707572,3.46574,3.50656,7,7.39429,65,338,6.47986,588,0.977777
E3-Strict-p003,44.4453,287,27,RLPolicy,1,1,0.0728632,3.46574,3.50656,7,6.32264,252,307,5.70531,588,0.987628
E3-Strict-p003,44.4532,28,28,RLPolicy,0,0,0,0,3.50656,1,6.34872,32,32,6.25678,588,0.9675
E3-Strict-p003,44.4663,72,72,RLPolicy,0,0,0,0,3.50656,1,5.10523,18,18,5.03712,588,0.977981
E3-Strict-p003,44.4706,257,257,RLPolicy,0,0,0,0,3.50656,1,9.0351,55,55,8.95119,588,0.982059
E3-Strict-p003,44.4711,196,224,RLPolicy,1,1,0.0670851,2.77259,3.50656,6,5.31855,50,242,4.84922,588,0.981243
E3-Strict-p003,44.4727,395,419,RLPolicy,1,1,0.109533,3.46574,3.50656,7,6.67248,289,315,6.11234,588,0.99266
E3-Strict-p003,44.4741,332,591,RLPolicy,1,1,0.0861798,3.46574,3.50656,7,6.51789,242,383,5.96843,588,0.985321
E3-Strict-p003,44.479,471,471,RLPolicy,0,0,0,0,3.50656,1,6.50125,96,96,6.43077,588,1
E3-Strict-p003,44.4806,85,4,RLPolicy,1,1,0.00727744,3.46574,3.50656,7,3.97034,60,68,3.81656,588,0.992252
E3-Strict-p003,44.4809,18,27,RLPolicy,1,1,0.0439789,3.16035,3.50656,7,6.7412,278,369,6.0664,588,0.979421
E3-Strict-p003,44.4882,185,435,RLPolicy,1,1,0.0679606,3.46574,3.50656,7,6.79472,134,237,6.34905,588,0.977981
E3-Strict-p003,44.4962,421,207,RLPolicy,1,1,0.103287,3.46574,3.50656,7,4.78656,172,277,4.34701,588,0.999796
E3-Strict-p003,44.4979,142,516,RLPolicy,1,1,0.0604853,3.46574,3.50656,7,6.11406,267,340,5.62346,588,0.96543
E3-Strict-p003,44.5044,6,6,RLPolicy,0,0,0,0,3.50656,1,6.75129,40,40,6.64569,588,0.97035
E3-Strict-p003,44.5082,128,570,RLPolicy,1,1,0.0640851,3.46574,3.50656,7,7.62789,238,372,7.08987,588,0.958677
E3-Strict-p003,44.5096,106,291,RLPolicy,1,1,0.0409868,2.07944,3.50656,5,4.6365,1,272,4.23467,588,0.984912
E3-Strict-p003,44.5138,166,166,RLPolicy,0,0,0,0,3.50656,1,4.24032,48,48,4.18516,588,0.999388
E3-Strict-p003,44.5143,250,250,RLPolicy,0,0,0,0,3.50656,1,3.82357,71,71,3.7736,588,0.995355
E3-Strict-p003,44.5148,78,78,RLPolicy,0,0,0,0,3.50656,1,6.52527,48,48,6.11465,588,0.981447
E3-Strict-p003,44.5169,127,315,RLPolicy,1,1,0.0457759,2.07944,3.50656,5,7.04648,0,190,6.40624,588,0.980834
E3-Strict-p003,44.5268,474,217,RLPolicy,1,1,0.112206,2.77259,3.50656,6,5.30754,92,272,4.65798,588,0.99633
E3-Strict-p003,44.5313,124,192,RLPolicy,1,1,0.0609744,3.46574,3.50656,7,6.0499,144,152,5.79133,588,0.991436
E3-Strict-p003,44.5425,306,354,RLPolicy,1,1,0.0796933,2.77259,3.50656,6,4.9519,53,236,4.53426,588,0.985321
E3-Strict-p003,44.5462,260,306,RLPolicy,1,1,0.0701438,1.38629,3.50656,4,6.80581,0,127,6.38545,588,0.970845
E3-Strict-p003,44.561,376,478,RLPolicy,1,1,0.0934205,3.46574,3.50656,7,4.89181,277,323,4.53962,588,0.995718
E3-Strict-p003,44.5652,427,457,RLPolicy,1,1,0.105032,2.77259,3.50656,6,6.23205,54,370,5.77862,588,0.985729
E3-Strict-p003,44.568,438,438,RLPolicy,0,0,0,0,3.50656,1,5.11499,2,2,5.0457,588,0.99633
E3-Strict-p003,44.5737,339,504,RLPolicy,1,1,0.0836596,2.07944,3.50656,5,6.6773,2,265,6.04699,588,0.964322
E3-Strict-p003,44.5757,351,91,RLPolicy,1,1,0.0926209,2.61844,3.50656,6,7.1225,109,326,6.64105,588,0.981263
E3-Strict-p003,44.5825,195,86,RLPolicy,1,1,0.0779453,3.46574,3.50656,7,6.38348,338,350,5.996,588,0.984504
E3-Strict-p003,44.5952,380,380,RLPolicy,0,0,0,0,3.50656,1,4.75396,15,15,4.69633,588,0.994585
E3-Strict-p003,44.6005,119,312,RLPolicy,1,1,0.0462108,0.693147,3.50656,3,5.33913,0,147,5.1295,588,0.939041
E3-Strict-p003,44.602,47,578,RLPolicy,1,1,0.0427802,2.85497,3.50656,7,4.98018,104,372,4.57651,588,0.983506
E3-Strict-p003,44.6026,13,13,RLPolicy,0,0,0,0,3.50656,1,6.9405,60,60,6.83757,588,0.946343
E3-Strict-p003,44.6043,434,509,RLPolicy,1,1,0.106979,3.46574,3.50656,7,6.98595,87,388,6.15407,588,0.999592
E3-Strict-p003,44.6048,198,198,RLPolicy,0,0,0,0,3.50656,1,7.65985,23,23,7.60281,588,0.971049
E3-Strict-p003,44.6064,163,297,RLPolicy,1,1,0.0620069,2.77259,3.50656,6,5.92242,111,231,5.44738,588,0.974515
E3-Strict-p003,44.6077,309,227,RLPolicy,1,1,0.0745754,2.07944,3.50656,5,5.27161,1,278,4.8394,588,0.992048
E3-Strict-p003,44.6191,314,270,RLPolicy,1,1,0.0770468,2.77259,3.50656,6,6.31213,90,234,5.77929,588,0.992252
E3-Strict-p003,44.6272,282,421,RLPolicy,1,1,0.0698462,2.77259,3.50656,6,7.78215,65,284,7.08801,588,0.988378
E3-Strict-p003,44.6307,135,180,RLPolicy,1,1,0.0599458,2.77259,3.50656,6,6.57849,138,301,5.79534,588,0.977164
E3-Strict-p003,44.6521,90,71,RLPolicy,1,1,0.053002,2.07944,3.50656,5,4.71847,0,86,4.44633,588,0.988786
E3-Strict-p003,44.6573,165,48,RLPolicy,1,1,0.0694454,3.08844,3.50656,7,6.83394,152,377,6.20371,588,0.987237
E3-Strict-p003,44.6579,354,354,RLPolicy,0,0,0,0,3.50656,1,5.53819,71,71,5.42388,2,0.992252
E3-Strict-p003,44.6674,299,467,RLPolicy,1,1,0.0809443,3.46574,3.50656,7,5.64807,301,322,5.38643,588,0.999388
E3-Strict-p003,44.6701,318,318,RLPolicy,0,0,0,0,3.50656,1,4.36648,1,1,4.31275,588,1
E3-Strict-p003,44.676,171,563,RLPolicy,1,1,0.0570132,3.46574,3.50656,7,5.72765,278,430,5.1762,588,0.992252
E3-Strict-p003,44.6835,391,82,RLPolicy,1,1,0.098298,3.46574,3.50656,7,5.02134,166,355,4.63426,588,0.992252
E3-Strict-p003,44.6939,331,352,RLPolicy,1,1,0.0979984,3.46574,3.50656,7,6.07626,301,343,5.50781,588,0.999796
E3-Strict-p003,44.6953,132,291,RLPolicy,1,1,0.0534939,3.46574,3.50656,7,5.53505,220,239,5.21594,588,0.998979
E3-Strict-p003,44.7031,378,170,RLPolicy,1,1,0.0925759,2.77259,3.50656,6,6.27404,37,363,5.45861,588,0.972369
E3-Strict-p003,44.7042,384,413,RLPolicy,1,1,0.115667,3.46574,3.50656,7,4.24831,143,160,4.07627,588,0.990144
E3-Strict-p003,44.7076,15,6,RLPolicy,1,1,0.00744862,2.99313,3.50656,7,4.73645,236,309,4.35759,588,0.973042
E3-Strict-p003,44.71,36,321,RLPolicy,1,1,0.0456264,1.77406,3.50656,5,6.02099,0,54,5.80228,588,0.965565
E3-Strict-p003,44.7173,229,218,RLPolicy,1,1,0.0586076,2.77259,3.50656,6,5.83677,95,272,5.36795,588,0.992456
E3-Strict-p003,44.7241,190,274,RLPolicy,1,1,0.0650824,0.693147,3.50656,3,7.43348,0,164,7.1467,588,0.970437
E3-Strict-p003,44.7279,422,351,RLPolicy,1,1,0.105602,2.77259,3.50656,6,5.75839,31,70,5.41537,588,0.996126
E3-Strict-p003,44.728,154,464,RLPolicy,1,1,0.0545356,2.77259,3.50656,6,4.94163,90,200,4.37963,588,0.956778
E3-Strict-p003,44.7329,239,175,RLPolicy,1,1,0.0598094,2.77259,3.50656,6,5.41848,2,211,4.90661,588,0.992048
E3-Strict-p003,44.7357,264,398,RLPolicy,1,1,0.0919956,3.15743,3.50656,7,6.09945,314,358,5.74869,588,0.992635
E3-Strict-p003,44.7373,439,46,RLPolicy,1,1,0.103028,0.693147,3.50656,3,4.3637,0,147,4.19434,588,0.982263
E3-Strict-p003,44.7393,316,178,RLPolicy,1,1,0.0857214,2.77259,3.50656,6,5.73481,48,146,5.45324,588,0.988582
E3-Strict-p003,44.7398,480,225,RLPolicy,1,1,0.116066,3.46574,3.50656,7,7.16234,264,335,6.60932,588,0.999796
E3-Strict-p003,44.749,465,285,RLPolicy,1,1,0.12042,2.77259,3.50656,6,4.70608,106,221,4.29311,588,0.99633
E3-Strict-p003,44.7503,382,284,RLPolicy,1,1,0.0959825,3.46574,3.50656,7,5.68051,85,474,5.04084,588,0.995718
E3-Strict-p003,44.7629,296,296,RLPolicy,0,0,0,0,3.50656,1,7.26381,64,64,7.1149,588,0.985117
E3-Strict-p003,44.7695,319,319,RLPolicy,0,0,0,0,3.50656,1,5.44594,35,35,5.32362,588,0.988786
E3-Strict-p003,44.7722,191,71,RLPolicy,1,1,0.0746448,3.46574,3.50656,7,7.15326,159,169,6.74292,588,0.974694
E3-Strict-p003,44.7786,51,51,RLPolicy,0,0,0,0,3.50656,1,4.76926,24,24,4.70152,588,0.986101
E3-Strict-p003,44.7823,88,532,RLPolicy,1,1,0.0504584,1.38629,3.50656,4,6.94587,0,209,6.4608,588,0.971049
E3-Strict-p003,44.7859,358,358,RLPolicy,0,0,0,0,3.50656,1,5.75044,67,67,5.64296,588,0.99633
E3-Strict-p003,44.7863,295,144,RLPolicy,1,1,0.102286,3.46574,3.50656,7,7.13167,370,392,6.72639,588,0.991844
E3-Strict-p003,44.7903,330,132,RLPolicy,1,1,0.0881554,2.77259,3.50656,6,5.17918,72,215,4.76736,588,0.992048
E3-Strict-p003,44.7907,99,296,RLPolicy,1,1,0.0470179,2.77259,3.50656,6,6.29101,69,276,5.86986,588,0.98797
E3-Strict-p003,44.7912,291,297,RLPolicy,1,1,0.0756961,2.77259,3.50656,6,8.45633,79,350,7.75261,588,0.995514
E3-Strict-p003,44.7917,374,297,RLPolicy,1,1,0.0897781,2.77259,3.50656,6,5.46839,110,313,5.06303,588,0.995922
E3-Strict-p003,44.7992,343,290,RLPolicy,1,1,0.106385,3.31159,3.50656,7,7.53686,295,325,7.13345,588,0.989736
E3-Strict-p003,44.8018,292,23,RLPolicy,1,1,0.0954358,3.46574,3.50656,7,6.7225,355,371,6.21368,588,0.999388
E3-Strict-p003,44.8026,419,419,RLPolicy,0,0,0,0,3.50656,1,6.322,53,53,6.24244,588,0.999796
E3-Strict-p003,44.8039,244,364,RLPolicy,1,1,0.0666495,3.46574,3.50656,7,5.23481,149,262,4.8907,588,0.991844
E3-Strict-p003,44.8131,14,67,RLPolicy,1,1,0.0358108,3.31159,3.50656,7,5.88096,238,263,5.44562,588,0.965367
E3-Strict-p003,44.8149,16,16,RLPolicy,0,0,0,0,3.50656,1,4.57841,40,40,4.51105,588,0.995223
E3-Strict-p003,44.8287,9,518,RLPolicy,1,1,0.0479501,2.85497,3.50656,7,10.2466,188,331,9.74774,588,0.964046
E3-Strict-p003,44.8302,208,208,RLPolicy,0,0,0,0,3.50656,1,4.15133,28,28,4.08392,588,0.992456
E3-Strict-p003,44.8413,327,327,RLPolicy,0,0,0,0,3.50656,1,4.78145,18,18,4.71398,588,0.987811
E3-Strict-p003,44.8439,26,26,RLPolicy,0,0,0,0,3.50656,1,12.3188,17,17,12.1331,588,0.994395
E3-Strict-p003,44.8487,414,49,RLPolicy,1,1,0.105484,3.46574,3.50656,7,5.98162,194,235,5.66791,588,0.98899
E3-Strict-p003,44.851,454,537,RLPolicy,1,1,0.111492,2.77259,3.50656,6,4.77071,23,62,4.56173,588,0.99266
E3-Strict-p003,44.8557,335,364,RLPolicy,1,1,0.0839901,2.77259,3.50656,6,8.31526,3,220,7.72616,588,0.992048
E3-Strict-p003,44.8604,348,332,RLPolicy,1,1,0.0885634,3.46574,3.50656,7,6.88938,217,384,6.17209,588,0.999388
E3-Strict-p003,44.8614,290,561,RLPolicy,1,1,0.0741206,3.46574,3.50656,7,6.73236,113,365,6.07631,588,0.992048
E3-Strict-p003,44.8764,139,566,RLPolicy,1,1,0.0611627,3.46574,3.50656,7,8.32755,282,294,7.64877,588,0.96738
E3-Strict-p003,44.8776,62,222,RLPolicy,1,1,0.0320993,0.693147,3.50656,3,6.36566,0,158,6.11262,588,0.954262
E3-Strict-p003,44.8799,363,363,RLPolicy,0,0,0,0,3.50656,1,4.14282,12,12,4.07567,588,1
E3-Strict-p003,44.8817,464,464,RLPolicy,0,0,0,0,3.50656,1,5.55301,79,79,5.46818,2,1
E3-Strict-p003,44.8886,261,481,RLPolicy,1,1,0.0731461,3.46574,3.50656,7,7.12292,169,387,6.10248,588,0.995105
E3-Strict-p003,44.8888,188,584,RLPolicy,1,1,0.0617263,2.84913,3.50656,7,5.00598,64,228,4.52687,588,0.989552
E3-Strict-p003,44.8906,217,328,RLPolicy,1,1,0.060124,2.77259,3.50656,6,6.66328,129,298,5.99417,588,0.985117
E3-Strict-p003,44.8936,126,361,RLPolicy,1,1,0.0467584,2.77259,3.50656,6,5.16932,30,214,4.75021,588,0.985117
E3-Strict-p003,44.8973,194,183,RLPolicy,1,1,0.0554257,2.77259,3.50656,6,8.42866,31,348,7.81291,588,0.967175
E3-Strict-p003,44.9003,473,305,RLPolicy,1,1,0.11342,3.46574,3.50656,7,5.68,57,319,4.88395,588,0.999796
E3-Strict-p003,44.9004,192,68,RLPolicy,1,1,0.0661161,2.15599,3.50656,6,4.78801,1,50,4.37529,588,0.986112
E3-Strict-p003,44.9056,277,277,RLPolicy,0,0,0,0,3.50656,1,5.81327,1,1,5.74361,588,1
E3-Strict-p003,44.907,437,177,RLPolicy,1,1,0.105761,2.77259,3.50656,6,4.97623,128,320,4.3293,588,0.99633
E3-Strict-p003,44.9097,80,378,RLPolicy,1,1,0.041019,2.07944,3.50656,5,6.3819,0,219,5.67185,588,0.974923
E3-Strict-p003,44.911,490,261,RLPolicy,1,1,0.145481,2.95491,3.50656,6,4.49074,79,105,4.14578,588,0.997242
E3-Strict-p003,44.9137,328,328,RLPolicy,0,0,0,0,3.50656,1,4.56112,38,38,4.50338,588,0.971458
E3-Strict-p003,44.9185,441,441,RLPolicy,0,0,0,0,3.50656,1,4.60597,47,47,4.53425,588,0.999796
E3-Strict-p003,44.921,146,532,RLPolicy,1,1,0.0670476,3.46574,3.50656,7,5.2875,144,218,4.94261,588,0.999184
E3-Strict-p003,44.925,337,337,RLPolicy,0,0,0,0,3.50656,1,4.04339,27,27,3.97272,588,0.996126
E3-Strict-p003,44.9427,326,151,RLPolicy,1,1,0.0907359,3.31159,3.50656,7,5.71587,145,362,5.04343,588,0.993406
E3-Strict-p003,44.9465,140,398,RLPolicy,1,1,0.0526103,3.46574,3.50656,7,7.38249,248,286,6.88973,588,0.974311
E3-Strict-p003,44.9487,173,173,RLPolicy,0,0,0,0,3.50656,1,4.74056,75,75,4.64429,2,0.974311
E3-Strict-p003,44.963,213,367,RLPolicy,1,1,0.0548539,1.38629,3.50656,4,6.60491,0,195,6.03066,588,0.977573
E3-Strict-p003,44.9654,40,380,RLPolicy,1,1,0.0451933,3.24274,3.50656,8,5.83731,364,374,5.12554,588,0.953899
E3-Strict-p003,44.9663,178,178,RLPolicy,0,0,0,0,3.50656,1,4.77809,19,19,4.70586,588,0.960448
E3-Strict-p003,44.9679,56,343,RLPolicy,1,1,0.0444155,3.46574,3.50656,7,5.38296,158,235,5.09517,588,0.989909
E3-Strict-p003,44.9684,96,490,RLPolicy,1,1,0.0557907,2.77259,3.50656,6,5.33486,44,143,4.93083,588,0.970437
E3-Strict-p003,44.97,487,260,RLPolicy,1,1,0.12631,3.46574,3.50656,7,6.30355,53,396,5.50667,588,0.999796
E3-Strict-p003,44.9733,361,361,RLPolicy,0,0,0,0,3.50656,1,5.01455,13,13,4.94515,588,0.981855
E3-Strict-p003,44.9891,248,514,RLPolicy,1,1,0.0645495,3.46574,3.50656,7,5.59006,166,325,5.1805,588,0.970075
E3-Strict-p003,44.9933,201,312,RLPolicy,1,1,0.0549609,1.38629,3.50656,4,6.92632,0,235,6.39109,588,0.949847
E3-Strict-p003,44.9955,322,322,RLPolicy,0,0,0,0,3.50656,1,4.52447,29,29,4.42099,588,0.982059
E3-Strict-p003,44.9977,443,443,RLPolicy,0,0,0,0,3.50656,1,3.83479,1,1,3.78706,588,1
E3-Strict-p003,45.0113,338,338,RLPolicy,0,0,0,0,3.50656,1,8.52219,67,67,8.42778,2,0.992252
E3-Strict-p003,45.0168,134,337,RLPolicy,1,1,0.0534983,1.38629,3.50656,4,8.91642,0,46,8.6328,589,0.982059
E3-Strict-p003,45.0235,347,347,RLPolicy,0,0,0,0,3.50656,1,8.91538,46,46,8.82184,589,0.983983
E3-Strict-p003,45.0274,110,110,RLPolicy,0,0,0,0,3.50656,1,4.20136,10,10,4.14941,589,0.999592
E3-Strict-p003,45.0305,187,404,RLPolicy,1,1,0.0757046,3.46574,3.50656,7,6.44795,297,345,6.14313,589,0.974311
E3-Strict-p003,45.0345,481,450,RLPolicy,1,1,0.112853,1.92529,3.50656,5,5.76313,0,228,5.09623,589,0.992094
E3-Strict-p003,45.037,386,477,RLPolicy,1,1,0.0979206,3.46574,3.50656,7,5.62303,175,358,5.26593,589,0.992456
E3-Strict-p003,45.0484,172,46,RLPolicy,1,1,0.0667236,3.46574,3.50656,7,5.33035,289,330,4.98642,589,0.963506
E3-Strict-p003,45.0541,123,251,RLPolicy,1,1,0.0605755,3.46574,3.50656,7,4.48741,240,271,4.22342,589,0.999388
E3-Strict-p003,45.0587,20,317,RLPolicy,1,1,0.0385832,2.46721,3.50656,6,6.93006,90,285,6.12959,589,0.946218
E3-Strict-p003,45.06,3,137,RLPolicy,1,1,0.00726543,3.16035,3.50656,7,5.50834,268,312,4.85303,589,0.986768
E3-Strict-p003,45.0602,19,449,RLPolicy,1,1,0.0555004,3.32512,3.50656,9,5.69116,403,502,4.96528,589,0.963491
E3-Strict-p003,45.0662,466,466,RLPolicy,0,0,0,0,3.50656,1,3.66501,28,28,3.55442,2,1
E3-Strict-p003,45.0762,256,256,RLPolicy,0,0,0,0,3.50656,1,4.50204,8,8,4.44557,589,0.996126
E3-Strict-p003,45.0767,230,230,RLPolicy,0,0,0,0,3.50656,1,3.81513,11,11,3.76767,589,1
E3-Strict-p003,45.0781,249,412,RLPolicy,1,1,0.0744439,2.77259,3.50656,6,4.32507,65,170,4.05712,589,0.992252
E3-Strict-p003,45.0792,246,301,RLPolicy,1,1,0.0883149,3.00328,3.50656,7,4.92554,153,175,4.7006,589,0.996463
E3-Strict-p003,45.0826,476,476,RLPolicy,0,0,0,0,3.50656,1,5.18303,31,31,5.12811,589,1
E3-Strict-p003,45.0831,315,170,RLPolicy,1,1,0.0824017,2.77259,3.50656,6,4.22301,69,167,3.88155,589,0.982059
E3-Strict-p003,45.0831,450,1,RLPolicy,1,1,0.109476,2.77259,3.50656,6,4.6128,87,216,4.33664,589,0.996126
E3-Strict-p003,45.0895,45,45,RLPolicy,0,0,0,0,3.50656,1,3.5945,19,19,3.5492,589,0.992864
E3-Strict-p003,45.0993,46,7,RLPolicy,1,1,0.0467586,3.46574,3.50656,7,4.36746,238,298,4.05686,589,0.989818
E3-Strict-p003,45.1045,133,70,RLPolicy,1,1,0.0596742,2.77259,3.50656,6,5.13487,2,375,4.68393,590,0.987562
E3-Strict-p003,45.107,350,350,RLPolicy,0,0,0,0,3.50656,1,6.43161,53,53,6.36402,590,0.994585
E3-Strict-p003,45.1109,394,394,RLPolicy,0,0,0,0,3.50656,1,4.44535,59,59,4.3714,3,0.99361
E3-Strict-p003,45.1122,220,532,RLPolicy,1,1,0.0655732,1.38629,3.50656,4,6.01248,0,186,5.51024,590,0.96136
E3-Strict-p003,45.1136,43,585,RLPolicy,1,1,0.0367966,1.38629,3.50656,4,5.08237,0,204,4.6977,590,0.937431
E3-Strict-p003,45.1184,428,212,RLPolicy,1,1,0.104782,2.77259,3.50656,6,5.99077,38,110,5.72644,590,0.996126
E3-Strict-p003,45.1238,102,102,RLPolicy,0,0,0,0,3.50656,1,3.74042,49,49,3.67744,2,0.979701
E3-Strict-p003,45.1362,360,360,RLPolicy,0,0,0,0,3.50656,1,5.39612,21,21,5.29908,590,1
E3-Strict-p003,45.1394,12,12,RLPolicy,0,0,0,0,3.50656,1,5.27448,81,81,5.18371,2,0.942512
E3-Strict-p003,45.1454,63,302,RLPolicy,1,1,0.0491109,2.77259,3.50656,6,4.93368,112,284,4.58345,590,0.977576
E3-Strict-p003,45.1508,81,569,RLPolicy,1,1,0.0524056,3.46574,3.50656,7,6.40501,54,223,5.73651,590,0.985117
E3-Strict-p003,45.1516,243,541,RLPolicy,1,1,0.0847423,3.46574,3.50656,7,5.56854,199,338,5.00099,590,0.995922
E3-Strict-p003,45.1543,368,87,RLPolicy,1,1,0.0987632,3.46574,3.50656,7,6.26706,189,316,5.69709,590,0.999388
E3-Strict-p003,45.1625,235,518,RLPolicy,1,1,0.0642929,3.46574,3.50656,7,6.60199,83,447,5.65323,590,0.9826
E3-Strict-p003,45.1626,25,40,RLPolicy,1,1,0.0370894,1.38629,3.50656,4,7.4994,0,171,7.13414,590,0.947533
E3-Strict-p003,45.1722,105,475,RLPolicy,1,1,0.0574986,3.46574,3.50656,7,6.00501,86,412,5.22261,590,0.966767
E3-Strict-p003,45.1722,336,336,RLPolicy,0,0,0,0,3.50656,1,5.8907,71,71,5.73752,590,0.988786
E3-Strict-p003,45.1727,212,212,RLPolicy,0,0,0,0,3.50656,1,5.4128,77,77,5.33629,590,0.992456
E3-Strict-p003,45.1778,271,391,RLPolicy,1,1,0.0684041,3.46574,3.50656,7,6.3747,191,364,5.85937,590,0.96738
E3-Strict-p003,45.1857,143,430,RLPolicy,1,1,0.0522371,2.77259,3.50656,6,5.39467,73,176,4.97152,590,0.992252
E3-Strict-p003,45.1872,301,301,RLPolicy,0,0,0,0,3.50656,1,5.13507,17,17,5.00557,590,1
E3-Strict-p003,45.1884,184,234,RLPolicy,1,1,0.0551675,0.693147,3.50656,3,5.44812,0,151,5.00131,590,0.949439
E3-Strict-p003,45.1928,289,289,RLPolicy,0,0,0,0,3.50656,1,5.42247,11,11,5.32715,590,0.985729
E3-Strict-p003,45.1961,109,527,RLPolicy,1,1,0.0600775,3.15743,3.50656,7,4.86155,164,182,4.60192,590,0.992635
E3-Strict-p003,45.1967,334,316,RLPolicy,1,1,0.104152,1.38629,3.50656,4,6.74129,0,252,6.31747,590,0.981855
E3-Strict-p003,45.202,411,411,RLPolicy,0,0,0,0,3.50656,1,8.05092,19,19,7.98526,593,0.999796
E3-Strict-p003,45.2053,76,11,RLPolicy,1,1,0.0464635,3.08844,3.50656,7,8.37251,324,370,8.05504,593,0.966868
E3-Strict-p003,45.2057,207,303,RLPolicy,1,1,0.0795832,2.77259,3.50656,6,5.52013,64,144,5.22941,593,0.973903
E3-Strict-p003,45.2107,115,243,RLPolicy,1,1,0.051953,2.77259,3.50656,6,5.08156,113,323,4.6461,593,0.977164
E3-Strict-p003,45.2114,342,521,RLPolicy,1,1,0.0887223,2.77259,3.50656,6,6.12814,37,346,5.63459,593,0.988582
E3-Strict-p003,45.2186,252,27,RLPolicy,1,1,0.0633309,2.77259,3.50656,6,4.62047,110,293,4.23898,593,0.984708
E3-Strict-p003,45.2194,206,315,RLPolicy,1,1,0.0663288,3.46574,3.50656,7,6.1074,157,226,5.74694,593,0.980834
E3-Strict-p003,45.2259,54,224,RLPolicy,1,1,0.0526716,3.46574,3.50656,7,4.27274,131,205,4.00619,593,0.995514
E3-Strict-p003,45.2315,38,38,RLPolicy,0,0,0,0,3.50656,1,5.70872,61,61,5.61205,593,0.966715
E3-Strict-p003,45.2361,448,448,RLPolicy,0,0,0,0,3.50656,1,5.80995,46,46,5.74354,593,1
E3-Strict-p003,45.237,66,66,RLPolicy,0,0,0,0,3.50656,1,5.24227,61,61,5.15831,593,0.969319
E3-Strict-p003,45.2406,232,212,RLPolicy,1,1,0.0586927,2.77259,3.50656,6,5.68382,121,276,5.23496,593,0.991844
E3-Strict-p003,45.242,50,312,RLPolicy,1,1,0.0322547,1.38629,3.50656,4,5.06955,0,229,4.79897,593,0.956574
E3-Strict-p003,45.2423,52,81,RLPolicy,1,1,0.0465416,2.77259,3.50656,6,5.81252,43,259,5.28309,593,0.95637
E3-Strict-p003,45.2462,396,147,RLPolicy,1,1,0.10379,3.46574,3.50656,7,5.15483,373,393,4.5603,593,0.999592
E3-Strict-p003,45.2588,362,60,RLPolicy,1,1,0.110152,3.46574,3.50656,7,8.7866,253,303,8.35442,593,0.988786
E3-Strict-p003,45.2636,39,61,RLPolicy,1,1,0.00728847,3.46574,3.50656,7,10.9708,261,283,10.6958,593,0.952405
E3-Strict-p003,45.2672,431,418,RLPolicy,1,1,0.120715,3.46574,3.50656,7,10.4224,266,309,10.1121,593,0.98899
E3-Strict-p003,45.2674,162,162,RLPolicy,0,0,0,0,3.50656,1,4.55746,42,42,4.49317,593,0.995718
E3-Strict-p003,45.2725,95,434,RLPolicy,1,1,0.0559397,3.46574,3.50656,7,7.13565,85,395,6.4605,593,0.959836
E3-Strict-p003,45.2736,179,157,RLPolicy,1,1,0.0516149,2.77259,3.50656,6,6.16038,53,404,5.68384,593,0.973903
E3-Strict-p003,45.2751,293,65,RLPolicy,1,1,0.0700088,2.07944,3.50656,5,6.95494,0,185,6.10096,593,0.984708
E3-Strict-p003,45.2755,300,424,RLPolicy,1,1,0.0741635,2.77259,3.50656,6,6.6764,105,248,6.19138,593,0.977981
E3-Strict-p003,45.2776,405,482,RLPolicy,1,1,0.110406,3.46574,3.50656,7,5.23232,273,293,4.92795,593,0.98899
E3-Strict-p003,45.2812,157,606,RLPolicy,1,1,0.0676436,3.46574,3.50656,7,6.12513,279,302,5.70203,593,0.960078
E3-Strict-p003,45.2872,59,274,RLPolicy,1,1,0.042168,0.693147,3.50656,3,5.4501,0,79,5.24596,593,0.949847
E3-Strict-p003,45.2903,389,504,RLPolicy,1,1,0.0959989,3.46574,3.50656,7,4.17635,108,118,3.96601,593,0.99266
E3-Strict-p003,45.2954,169,234,RLPolicy,1,1,0.0515632,0.693147,3.50656,3,5.58767,0,160,5.32323,593,0.925587
E3-Strict-p003,45.2985,493,88,RLPolicy,1,1,0.125867,3.46574,3.50656,7,5.71032,376,394,5.177,593,0.999796
E3-Strict-p003,45.3079,114,114,RLPolicy,0,0,0,0,3.50656,1,4.10027,15,15,4.04174,593,0.989195
E3-Strict-p003,45.3116,49,49,RLPolicy,0,0,0,0,3.50656,1,4.09601,16,16,4.04406,593,0.983544
E3-Strict-p003,45.3148,170,170,RLPolicy,0,0,0,0,3.50656,1,5.72375,15,15,5.66553,593,0.964322
E3-Strict-p003,45.317,68,391,RLPolicy,1,1,0.0405243,3.46574,3.50656,7,5.43403,83,334,5.01934,593,0.970845
E3-Strict-p003,45.3184,86,86,RLPolicy,0,0,0,0,3.50656,1,4.80609,23,23,4.748,593,0.995514
E3-Strict-p003,45.3208,153,387,RLPolicy,1,1,0.0546302,3.46574,3.50656,7,6.33508,212,224,5.99463,593,0.972361
E3-Strict-p003,45.3289,255,342,RLPolicy,1,1,0.0711843,2.07944,3.50656,5,5.10594,0,274,4.69974,593,0.972165
E3-Strict-p003,45.3298,145,271,RLPolicy,1,1,0.0624406,3.46574,3.50656,7,5.50394,269,349,4.89863,593,0.995718
E3-Strict-p003,45.3315,218,0,RLPolicy,1,1,0.0728536,2.46429,3.50656,6,5.14016,72,313,4.67529,593,0.970636
E3-Strict-p003,45.3339,408,591,RLPolicy,1,1,0.105579,3.46574,3.50656,7,5.52144,106,380,4.98158,593,0.995718
E3-Strict-p003,45.3345,285,434,RLPolicy,1,1,0.0843077,3.46574,3.50656,7,6.97312,45,380,6.32492,593,0.988582
E3-Strict-p003,45.3387,495,495,RLPolicy,0,0,0,0,3.50656,1,4.69627,8,8,4.61865,593,1
E3-Strict-p003,45.3432,417,417,RLPolicy,0,0,0,0,3.50656,1,4.72407,44,44,4.64054,3,0.99633
E3-Strict-p003,45.345,482,393,RLPolicy,1,1,0.112743,2.77259,3.50656,6,5.38664,101,286,4.7793,593,0.99633
E3-Strict-p003,45.346,399,342,RLPolicy,1,1,0.0939753,0.693147,3.50656,3,4.35594,0,124,4.20954,593,0.985525
E3-Strict-p003,45.3471,1,246,RLPolicy,1,1,0.0299633,2.85497,3.50656,7,4.76837,128,157,4.49305,593,0.965826
E3-Strict-p003,45.3517,333,214,RLPolicy,1,1,0.0906191,3.46574,3.50656,7,6.70557,56,350,6.27414,593,0.988582
E3-Strict-p003,45.3654,7,193,RLPolicy,1,1,0.0337842,2.77259,3.50656,6,7.5808,97,228,7.09085,593,0.952825
E3-Strict-p003,45.3675,259,533,RLPolicy,1,1,0.0693305,3.46574,3.50656,7,5.45227,208,369,5.01674,593,0.995514
E3-Strict-p003,45.3688,183,183,RLPolicy,0,0,0,0,3.50656,1,7.71057,21,21,7.62104,593,0.977981
E3-Strict-p003,45.3742,226,295,RLPolicy,1,1,0.0554127,2.07944,3.50656,5,7.32564,1,115,6.95927,593,0.977777
E3-Strict-p003,45.3766,240,240,RLPolicy,0,0,0,0,3.50656,1,4.75562,36,36,4.6883,593,0.989169
E3-Strict-p003,45.377,370,236,RLPolicy,1,1,0.0921999,3.46574,3.50656,7,7.80175,97,366,7.33056,593,0.999388
E3-Strict-p003,45.3779,483,483,RLPolicy,0,0,0,0,3.50656,1,5.23258,25,25,5.1651,593,1
E3-Strict-p003,45.3861,491,174,RLPolicy,1,1,0.129616,3.46574,3.50656,7,5.86336,280,304,5.34819,593,0.999796
E3-Strict-p003,45.39,433,196,RLPolicy,1,1,0.107077,2.77259,3.50656,6,5.71426,71,216,5.32192,593,0.99266
E3-Strict-p003,45.3904,307,273,RLPolicy,1,1,0.0870872,3.46574,3.50656,7,5.07788,98,418,4.63791,593,0.991844
E3-Strict-p003,45.3911,8,8,RLPolicy,0,0,0,0,3.50656,1,5.41104,74,74,5.33212,593,0.986352
E3-Strict-p003,45.3921,468,546,RLPolicy,1,1,0.111939,3.46574,3.50656,7,4.76672,46,291,4.26134,593,0.999592
E3-Strict-p003,45.3978,273,414,RLPolicy,1,1,0.0804569,3.46574,3.50656,7,5.7117,349,432,5.36009,593,0.991073
E3-Strict-p003,45.3982,467,90,RLPolicy,1,1,0.125822,3.46574,3.50656,7,5.00073,147,162,4.804,593,0.996126
E3-Strict-p003,45.3987,193,70,RLPolicy,1,1,0.0654933,2.84913,3.50656,7,4.85057,238,294,4.54241,593,0.981625
E3-Strict-p003,45.3997,280,280,RLPolicy,0,0,0,0,3.50656,1,5.24741,1,1,5.18173,593,0.989399
E3-Strict-p003,45.4003,225,427,RLPolicy,1,1,0.0659064,3.46574,3.50656,7,6.36664,107,295,5.49685,594,0.987766
E3-Strict-p003,45.4027,204,204,RLPolicy,0,0,0,0,3.50656,1,4.70897,79,79,4.62543,3,0.992755
E3-Strict-p003,45.4044,155,40,RLPolicy,1,1,0.0640231,2.77259,3.50656,6,4.5037,12,253,4.16468,594,0.974107
E3-Strict-p003,45.4063,478,478,RLPolicy,0,0,0,0,3.50656,1,5.6483,50,50,5.54297,3,1
E3-Strict-p003,45.4077,365,287,RLPolicy,1,1,0.104132,2.77259,3.50656,6,5.38643,45,143,4.9887,594,0.992252
E3-Strict-p003,45.4143,97,97,RLPolicy,0,0,0,0,3.50656,1,5.82996,54,54,5.74897,594,0.979097
E3-Strict-p003,45.4152,352,519,RLPolicy,1,1,0.0914695,3.46574,3.50656,7,6.24116,157,339,5.7022,594,0.985321
E3-Strict-p003,45.416,17,115,RLPolicy,1,1,0.0394431,2.85497,3.50656,7,3.96701,251,371,3.69587,594,0.985551
E3-Strict-p003,45.4189,103,218,RLPolicy,1,1,0.0400867,2.07944,3.50656,5,4.84451,0,218,4.4492,594,0.984708
E3-Strict-p003,45.4222,189,23,RLPolicy,1,1,0.0485947,3.46574,3.50656,7,5.55372,187,452,4.85875,594,0.984096
E3-Strict-p003,45.4255,67,7,RLPolicy,1,1,0.0574616,2.77259,3.50656,6,5.60826,72,336,5.19267,594,0.959836
E3-Strict-p003,45.4282,275,391,RLPolicy,1,1,0.082894,3.46574,3.50656,7,6.39491,74,384,5.62371,594,0.984912
E3-Strict-p003,45.431,242,549,RLPolicy,1,1,0.0678321,3.46574,3.50656,7,5.57363,62,422,4.97788,594,0.981447
E3-Strict-p003,45.4466,390,351,RLPolicy,1,1,0.0947975,3.46574,3.50656,7,5.68359,56,394,5.07297,594,0.995922
E3-Strict-p003,45.4477,297,399,RLPolicy,1,1,0.087394,3.46574,3.50656,7,6.63231,169,335,5.91251,594,0.994539
E3-Strict-p003,45.4499,462,169,RLPolicy,1,1,0.112174,3.46574,3.50656,7,6.4423,127,469,5.69845,594,0.996126
E3-Strict-p003,45.4573,74,74,RLPolicy,0,0,0,0,3.50656,1,6.42628,61,61,6.31876,594,0.953899
E3-Strict-p003,45.4602,65,390,RLPolicy,1,1,0.00687704,3.46574,3.50656,7,5.52251,202,220,5.08043,594,0.98929
E3-Strict-p003,45.461,435,468,RLPolicy,1,1,0.130936,3.46574,3.50656,7,6.02415,136,260,5.30842,594,0.999796
E3-Strict-p003,45.4676,180,406,RLPolicy,1,1,0.0621131,2.77259,3.50656,6,5.18203,104,231,4.62346,594,0.986232
E3-Strict-p003,45.4684,61,61,RLPolicy,0,0,0,0,3.50656,1,4.99632,71,71,4.91427,594,0.981651
E3-Strict-p003,45.4743,159,494,RLPolicy,1,1,0.0466058,2.77259,3.50656,6,7.55358,25,238,6.87078,594,0.96738
E3-Strict-p003,45.4751,442,303,RLPolicy,1,1,0.112965,3.46574,3.50656,7,8.68328,154,165,8.21608,594,0.999592
E3-Strict-p003,45.4762,412,412,RLPolicy,0,0,0,0,3.50656,1,6.22538,61,61,6.11874,594,0.992272
E3-Strict-p003,45.4768,359,359,RLPolicy,0,0,0,0,3.50656,1,6.00957,23,23,5.90961,594,0.975128
E3-Strict-p003,45.4795,276,276,RLPolicy,0,0,0,0,3.50656,1,5.865,58,58,5.76902,594,0.995718
E3-Strict-p003,45.4817,48,77,RLPolicy,1,1,0.0460412,2.77259,3.50656,6,6.17989,3,344,5.43525,594,0.953816
E3-Strict-p003,45.4869,288,507,RLPolicy,1,1,0.0750895,2.77259,3.50656,6,8.30198,119,284,7.60905,594,0.977981
E3-Strict-p003,45.4917,397,191,RLPolicy,1,1,0.102272,3.46574,3.50656,7,5.84651,273,366,5.23407,594,0.985321
E3-Strict-p003,45.4918,101,335,RLPolicy,1,1,0.0527361,2.77259,3.50656,6,5.71128,26,227,5.13994,594,0.984708
E3-Strict-p003,45.4921,308,289,RLPolicy,1,1,0.0998562,2.77259,3.50656,6,5.55373,27,66,5.23347,594,0.99266
E3-Strict-p003,45.4921,379,315,RLPolicy,1,1,0.105575,3.46574,3.50656,7,5.26736,261,287,4.84874,594,0.995718
E3-Strict-p003,45.4956,147,147,RLPolicy,0,0,0,0,3.50656,1,6.60745,70,70,6.50728,594,0.990481
E3-Strict-p003,45.5034,55,55,RLPolicy,0,0,0,0,3.50656,1,4.72461,41,41,4.66159,598,0.988378
E3-Strict-p003,45.5041,423,513,RLPolicy,1,1,0.107967,2.26176,3.50656,5,5.85625,25,203,5.32838,598,0.991826
E3-Strict-p003,45.5068,237,355,RLPolicy,1,1,0.076252,2.26176,3.50656,5,4.74493,51,272,4.49222,598,0.98195
E3-Strict-p003,45.5136,125,561,RLPolicy,1,1,0.0612414,2.07944,3.50656,5,5.35944,1,135,5.03462,598,0.964634
E3-Strict-p003,45.5143,93,93,RLPolicy,0,0,0,0,3.50656,1,5.65888,71,71,5.5695,598,0.967992
E3-Strict-p003,45.5147,53,122,RLPolicy,1,1,0.0454734,3.46574,3.50656,7,4.75305,201,387,4.38354,598,0.993783
E3-Strict-p003,45.5191,245,487,RLPolicy,1,1,0.0616866,2.77259,3.50656,6,5.47563,13,351,4.88127,598,0.983167
E3-Strict-p003,45.5226,44,44,RLPolicy,0,0,0,0,3.50656,1,7.32313,56,56,7.22276,598,0.984538
E3-Strict-p003,45.5304,0,273,RLPolicy,1,1,0.0357975,3.46574,3.50656,7,5.04732,326,396,4.64321,598,0.970554
E3-Strict-p003,45.5317,445,76,RLPolicy,1,1,0.114437,3.15743,3.50656,7,7.17341,109,404,6.31968,598,0.997075
E3-Strict-p003,45.5373,383,383,RLPolicy,0,0,0,0,3.50656,1,4.30013,16,16,4.21924,598,0.973019
E3-Strict-p003,45.5375,200,184,RLPolicy,1,1,0.0514092,3.46574,3.50656,7,6.68091,118,422,6.12777,598,0.970845
E3-Strict-p003,45.5395,329,329,RLPolicy,0,0,0,0,3.50656,1,4.55234,54,54,4.47285,598,0.99266
E3-Strict-p003,45.5406,258,159,RLPolicy,1,1,0.0678534,1.38629,3.50656,4,4.68986,0,136,4.40367,598,0.96371
E3-Strict-p003,45.5422,118,568,RLPolicy,1,1,0.061156,3.46574,3.50656,7,5.63493,56,374,5.06513,598,0.973699
E3-Strict-p003,45.5444,364,419,RLPolicy,1,1,0.0966208,2.77259,3.50656,6,10.3966,28,89,10.0025,598,0.981651
E3-Strict-p003,45.5451,349,349,RLPolicy,0,0,0,0,3.50656,1,6.90022,57,57,6.8428,598,0.9869
E3-Strict-p003,45.547,91,602,RLPolicy,1,1,0.00849322,3.46574,3.50656,7,5.83206,264,279,5.28154,598,0.959632
E3-Strict-p003,45.5601,205,303,RLPolicy,1,1,0.0771552,3.46574,3.50656,7,7.00547,157,168,6.28014,598,0.970845
E3-Strict-p003,45.5609,429,332,RLPolicy,1,1,0.116135,3.46574,3.50656,7,6.53803,205,241,6.09902,598,0.996126
E3-Strict-p003,45.5619,210,210,RLPolicy,0,0,0,0,3.50656,1,5.92796,8,8,5.76655,598,0.999388
E3-Strict-p003,45.5676,458,65,RLPolicy,1,1,0.122415,3.46574,3.50656,7,5.29815,311,345,4.93432,598,0.999592
E3-Strict-p003,45.5949,224,144,RLPolicy,1,1,0.0781437,3.46574,3.50656,7,8.37059,188,327,7.57147,598,0.946177
E3-Strict-p003,45.5961,447,447,RLPolicy,0,0,0,0,3.50656,1,5.57536,57,57,5.46393,598,0.999796
E3-Strict-p003,45.6066,304,28,RLPolicy,1,1,0.0924626,3.46574,3.50656,7,5.27807,338,379,4.88118,599,0.977777
E3-Strict-p003,45.6087,436,591,RLPolicy,1,1,0.107986,3.46574,3.50656,7,8.17338,60,400,7.42444,599,0.999388
E3-Strict-p003,45.6087,497,497,RLPolicy,0,0,0,0,3.50656,1,7.20093,59,59,7.14034,599,1
E3-Strict-p003,45.6104,211,211,RLPolicy,0,0,0,0,3.50656,1,5.66926,54,54,5.56769,599,0.988378
E3-Strict-p003,45.6187,400,400,RLPolicy,0,0,0,0,3.50656,1,4.49978,17,17,4.43275,599,0.999592
E3-Strict-p003,45.621,446,63,RLPolicy,1,1,0.114728,3.46574,3.50656,7,9.81875,139,418,9.03962,599,0.999592
E3-Strict-p003,45.625,455,419,RLPolicy,1,1,0.144655,3.46574,3.50656,7,4.71093,102,126,4.29771,599,0.999796
E3-Strict-p003,45.6257,278,376,RLPolicy,1,1,0.0770582,3.46574,3.50656,7,5.16453,181,293,4.7165,599,0.974515
E3-Strict-p003,45.6301,284,188,RLPolicy,1,1,0.0910327,3.46574,3.50656,7,7.97177,164,173,7.65986,599,0.977777
E3-Strict-p003,45.6306,223,460,RLPolicy,1,1,0.0805235,3.46574,3.50656,7,7.45249,283,305,6.94525,599,0.999388
E3-Strict-p003,45.6356,117,55,RLPolicy,1,1,0.0496027,1.38629,3.50656,4,5.20924,0,76,4.94953,599,0.956982
E3-Strict-p003,45.6367,137,455,RLPolicy,1,1,0.0641401,2.77259,3.50656,6,5.33228,24,68,5.05601,599,0.974515
E3-Strict-p003,45.6371,353,353,RLPolicy,0,0,0,0,3.50656,1,4.58596,5,5,4.52247,599,0.999796
E3-Strict-p003,45.6374,317,317,RLPolicy,0,0,0,0,3.50656,1,4.16725,92,92,4.11793,599,0.985525
E3-Strict-p003,45.6516,89,89,RLPolicy,0,0,0,0,3.50656,1,7.56062,57,57,7.47435,599,0.98063
E3-Strict-p003,45.652,312,304,RLPolicy,1,1,0.0926391,3.46574,3.50656,7,5.64772,199,247,5.34017,599,0.99531
E3-Strict-p003,45.6577,302,110,RLPolicy,1,1,0.0738011,2.77259,3.50656,6,6.87945,93,190,6.3304,599,0.97816
E3-Strict-p003,45.6698,488,293,RLPolicy,1,1,0.119768,3.46574,3.50656,7,5.72133,61,325,4.98222,599,0.999796
E3-Strict-p003,45.6757,83,10,RLPolicy,1,1,0.0433615,1.92529,3.50656,5,7.454,0,264,6.80942,599,0.964251
E3-Strict-p003,45.6785,426,426,RLPolicy,0,0,0,0,3.50656,1,5.57692,12,12,5.49368,599,1
E3-Strict-p003,45.6803,60,60,RLPolicy,0,0,0,0,3.50656,1,6.39439,57,57,6.31655,599,0.993987
E3-Strict-p003,45.6856,444,537,RLPolicy,1,1,0.11422,3.46574,3.50656,7,6.27906,64,336,5.70329,599,0.995922
E3-Strict-p003,45.6869,35,286,RLPolicy,1,1,0.0393407,1.56862,3.50656,4,7.02032,0,256,6.54119,599,0.958514
E3-Strict-p003,45.6915,199,4,RLPolicy,1,1,0.0570795,1.38629,3.50656,4,5.34466,0,181,5.06052,599,0.985117
E3-Strict-p003,45.6944,457,457,RLPolicy,0,0,0,0,3.50656,1,4.60749,31,31,4.55143,599,0.999796
E3-Strict-p003,45.6957,356,354,RLPolicy,1,1,0.0856759,0.693147,3.50656,3,7.59379,0,160,7.21363,599,0.971254
E3-Strict-p003,45.7018,11,38,RLPolicy,1,1,0.0420005,3.08859,3.50656,8,5.88951,291,338,5.23034,600,0.97704
E3-Strict-p003,45.7018,129,129,RLPolicy,0,0,0,0,3.50656,1,4.72673,31,31,4.66301,600,0.981243
E3-Strict-p003,45.7032,407,608,RLPolicy,1,1,0.101628,3.46574,3.50656,7,5.6176,280,375,5.11562,600,0.992252
E3-Strict-p003,45.7257,452,452,RLPolicy,0,0,0,0,3.50656,1,4.6182,2,2,4.54748,600,1
E3-Strict-p003,45.7308,131,244,RLPolicy,1,1,0.0529739,3.46574,3.50656,7,5.04692,287,300,4.74662,600,0.977777
E3-Strict-p003,45.733,116,174,RLPolicy,1,1,0.0598594,3.46574,3.50656,7,5.60794,202,344,5.07534,600,0.9527
E3-Strict-p003,45.7352,341,341,RLPolicy,0,0,0,0,3.50656,1,3.59163,16,16,3.54771,600,0.999796
E3-Strict-p003,45.7398,27,27,RLPolicy,0,0,0,0,3.50656,1,5.35435,72,72,5.20055,600,0.939378
E3-Strict-p003,45.7481,418,418,RLPolicy,0,0,0,0,3.50656,1,6.25916,76,76,6.15958,600,0.996126
E3-Strict-p003,45.7564,216,216,RLPolicy,0,0,0,0,3.50656,1,5.17119,68,68,5.07624,2,0.984499
E3-Strict-p003,45.7683,73,92,RLPolicy,1,1,0.0524665,3.46574,3.50656,7,7.06175,314,369,6.59536,600,0.965042
E3-Strict-p003,45.7693,82,16,RLPolicy,1,1,0.0512763,2.77259,3.50656,6,7.47752,106,185,7.09422,600,0.956574
E3-Strict-p003,45.7701,305,406,RLPolicy,1,1,0.0763449,2.07944,3.50656,5,6.83759,0,170,6.28587,600,0.992048
E3-Strict-p003,45.7807,393,414,RLPolicy,1,1,0.102453,3.46574,3.50656,7,6.39185,236,355,6.02925,600,0.999184
E3-Strict-p003,45.7819,392,87,RLPolicy,1,1,0.101187,3.46574,3.50656,7,6.31763,52,444,5.77607,600,0.999388
E3-Strict-p003,45.7822,144,144,RLPolicy,0,0,0,0,3.50656,1,6.26921,73,73,6.19719,600,0.977777
E3-Strict-p003,45.7883,313,313,RLPolicy,0,0,0,0,3.50656,1,5.51399,77,77,5.4292,600,0.988786
E3-Strict-p003,45.7919,141,595,RLPolicy,1,1,0.055824,3.46574,3.50656,7,7.24938,198,231,6.84571,600,0.995718
E3-Strict-p003,45.799,265,507,RLPolicy,1,1,0.0869573,3.46574,3.50656,7,5.34804,346,372,4.87463,600,0.981243
E3-Strict-p003,45.8016,340,17,RLPolicy,1,1,0.0872223,2.07944,3.50656,5,5.6339,0,285,5.28358,604,0.988378
E3-Strict-p003,45.8089,500,500,RLPolicy,0,0,0,0,3.50656,1,8.40875,15,15,8.29823,604,1
E3-Strict-p003,45.8106,440,184,RLPolicy,1,1,0.1064,3.46574,3.50656,7,5.64231,145,286,5.01406,604,0.992456
E3-Strict-p003,45.817,432,432,RLPolicy,0,0,0,0,3.50656,1,6.03064,48,48,5.95483,604,0.996126
E3-Strict-p003,45.8182,298,424,RLPolicy,1,1,0.0862863,2.77259,3.50656,6,6.25246,123,253,5.82605,604,0.977981
E3-Strict-p003,45.8217,138,476,RLPolicy,1,1,0.0600978,2.07944,3.50656,5,7.42152,0,321,6.71342,604,0.973903
E3-Strict-p003,45.8227,94,153,RLPolicy,1,1,0.044466,2.77259,3.50656,6,6.25269,41,368,5.69774,604,0.971145
E3-Strict-p003,45.8236,5,384,RLPolicy,1,1,0.00700073,3.16035,3.50656,7,4.84698,293,330,4.5748,604,0.983181
E3-Strict-p003,45.8241,460,418,RLPolicy,1,1,0.112608,3.46574,3.50656,7,4.74179,238,413,4.43618,604,0.999592
E3-Strict-p003,45.8249,113,328,RLPolicy,1,1,0.0542915,2.77259,3.50656,6,6.55126,25,199,6.0117,604,0.955962
E3-Strict-p003,45.826,381,579,RLPolicy,1,1,0.0947075,3.46574,3.50656,7,9.49927,346,413,9.10762,604,0.982562
E3-Strict-p003,45.8274,372,503,RLPolicy,1,1,0.108401,2.61844,3.50656,6,7.18872,154,321,6.81419,604,0.98822
E3-Strict-p003,45.8346,92,591,RLPolicy,1,1,0.0529516,3.46574,3.50656,7,9.42704,67,263,8.70779,604,0.995105
E3-Strict-p003,45.8372,451,487,RLPolicy,1,1,0.110056,2.77259,3.50656,6,5.50212,45,275,4.83951,604,0.996126
E3-Strict-p003,45.8395,470,62,RLPolicy,1,1,0.124221,2.77259,3.50656,6,5.18784,47,104,4.85378,604,0.996126
E3-Strict-p003,45.8411,409,409,RLPolicy,0,0,0,0,3.50656,1,4.62034,3,3,4.55531,604,0.999796
E3-Strict-p003,45.8417,420,420,RLPolicy,0,0,0,0,3.50656,1,6.85291,25,25,6.77698,604,0.999796
E3-Strict-p003,45.8435,238,53,RLPolicy,1,1,0.0681681,3.46574,3.50656,7,3.79329,110,122,3.63993,604,0.999388
E3-Strict-p003,45.8444,209,3,RLPolicy,1,1,0.0644968,2.07944,3.50656,5,4.13695,0,103,3.8651,604,0.992864
E3-Strict-p003,45.8562,22,23,RLPolicy,1,1,0.0487037,1.77406,3.50656,5,6.16446,0,219,5.82624,604,0.949533
E3-Strict-p003,45.8632,34,92,RLPolicy,1,1,0.0543049,3.16035,3.50656,7,7.08833,239,351,6.55378,604,0.947122
E3-Strict-p003,45.8634,403,133,RLPolicy,1,1,0.104504,3.46574,3.50656,7,6.38703,116,438,5.75608,604,0.992252
E3-Strict-p003,45.8659,345,345,RLPolicy,0,0,0,0,3.50656,1,5.05938,56,56,4.97424,604,0.974923
E3-Strict-p003,45.8681,233,104,RLPolicy,1,1,0.0691771,3.46574,3.50656,7,6.61388,288,303,6.0316,604,0.992252
E3-Strict-p003,45.8711,323,578,RLPolicy,1,1,0.0809351,3.46574,3.50656,7,6.31605,88,416,5.84897,604,0.995718
E3-Strict-p003,45.8773,469,394,RLPolicy,1,1,0.111753,2.77259,3.50656,6,5.11942,143,269,4.78977,604,0.996126
E3-Strict-p003,45.8791,58,391,RLPolicy,1,1,0.0448436,3.16035,3.50656,7,5.49267,320,389,5.18283,604,0.939453
E3-Strict-p003,45.8816,219,469,RLPolicy,1,1,0.0767779,3.46574,3.50656,7,7.22525,146,265,6.68973,604,0.991232
E3-Strict-p003,45.8828,367,367,RLPolicy,0,0,0,0,3.50656,1,6.88471,81,81,6.78913,604,0.989399
E3-Strict-p003,45.8914,310,410,RLPolicy,1,1,0.0886227,3.46574,3.50656,7,6.65409,212,252,6.02052,604,0.991844
E3-Strict-p003,45.8989,402,351,RLPolicy,1,1,0.0985331,3.46574,3.50656,7,5.82846,153,289,5.1525,604,0.999388
E3-Strict-p003,45.9039,477,197,RLPolicy,1,1,0.111999,2.77259,3.50656,6,5.50054,135,349,5.06259,605,0.99266
E3-Strict-p003,45.9042,303,303,RLPolicy,0,0,0,0,3.50656,1,8.00217,21,21,7.86966,2,0.99633
E3-Strict-p003,45.9265,104,421,RLPolicy,1,1,0.0557153,2.77259,3.50656,6,14.4447,79,320,13.9012,605,0.99164
E3-Strict-p003,45.9317,268,2,RLPolicy,1,1,0.0824855,2.77259,3.50656,6,7.22372,101,236,6.76391,605,0.970641
E3-Strict-p003,45.9342,186,544,RLPolicy,1,1,0.074703,3.46574,3.50656,7,6.02597,277,353,5.3489,605,0.981038
E3-Strict-p003,45.9492,214,391,RLPolicy,1,1,0.0611949,3.31159,3.50656,7,10.1314,89,411,9.45553,605,0.97988
E3-Strict-p003,45.9545,130,130,RLPolicy,0,0,0,0,3.50656,1,5.18985,22,22,5.11234,605,0.971254
E3-Strict-p003,45.9545,475,222,RLPolicy,1,1,0.110341,1.38629,3.50656,4,5.11442,0,148,4.67651,605,0.989399
E3-Strict-p003,45.956,461,231,RLPolicy,1,1,0.110213,3.46574,3.50656,7,5.38989,115,438,4.68442,605,0.999796
E3-Strict-p003,45.9686,281,28,RLPolicy,1,1,0.0891679,2.77259,3.50656,6,4.97589,51,128,4.69209,605,0.988174
E3-Strict-p003,45.9695,385,474,RLPolicy,1,1,0.0956316,3.46574,3.50656,7,5.44404,256,290,4.92217,605,0.992252
E3-Strict-p003,45.9704,175,30,RLPolicy,1,1,0.0729021,3.46574,3.50656,7,5.82346,243,298,5.42383,605,0.994697
E3-Strict-p003,45.9719,41,328,RLPolicy,1,1,0.0438264,2.46721,3.50656,6,7.02309,59,326,6.25146,605,0.94538
E3-Strict-p003,45.9758,398,108,RLPolicy,1,1,0.0980042,2.77259,3.50656,6,5.68527,64,301,5.32482,605,0.996126
E3-Strict-p003,45.9815,69,238,RLPolicy,1,1,0.0505536,3.46574,3.50656,7,6.08239,135,146,5.79329,605,0.980426
E3-Strict-p003,45.9821,42,477,RLPolicy,1,1,0.0432931,3.16035,3.50656,7,6.81938,115,411,6.13486,605,0.989406
E3-Strict-p003,45.9823,311,432,RLPolicy,1,1,0.0738101,0.693147,3.50656,3,7.26791,0,138,6.93574,605,0.978593
E3-Strict-p003,45.9829,152,152,RLPolicy,0,0,0,0,3.50656,1,5.92583,37,37,5.79066,605,0.971254
E3-Strict-p003,45.9849,453,453,RLPolicy,0,0,0,0,3.50656,1,4.94225,32,32,4.86956,605,0.99633
E3-Strict-p003,45.9855,202,202,RLPolicy,0,0,0,0,3.50656,1,5.64784,60,60,5.55825,605,0.981447
E3-Strict-p003,45.9931,459,382,RLPolicy,1,1,0.119816,3.46574,3.50656,7,5.12711,328,353,4.69221,605,0.985729
E3-Strict-p003,46.0003,168,461,RLPolicy,1,1,0.0500755,2.77259,3.50656,6,7.04644,95,422,6.33974,608,0.970437
E3-Strict-p003,46.0027,111,515,RLPolicy,1,1,0.0606671,3.46574,3.50656,7,6.25017,43,407,5.46717,608,0.977369
E3-Strict-p003,46.0119,30,30,RLPolicy,0,0,0,0,3.50656,1,5.1137,47,47,5.03512,608,0.976915
E3-Strict-p003,46.0153,21,608,RLPolicy,1,1,0.0400934,3.16035,3.50656,7,5.8936,317,381,5.46735,608,0.955497
E3-Strict-p003,46.0171,24,24,RLPolicy,0,0,0,0,3.50656,1,4.22559,60,60,4.14556,1,0.976779
E3-Strict-p003,46.0189,430,453,RLPolicy,1,1,0.105057,3.46574,3.50656,7,11.1826,37,258,10.2698,608,0.992456
E3-Strict-p003,46.0191,10,429,RLPolicy,1,1,0.0390984,2.54959,3.50656,7,5.60785,54,249,5.13572,608,0.955225
E3-Strict-p003,46.0217,161,161,RLPolicy,0,0,0,0,3.50656,1,6.31699,60,60,6.20715,608,0.977981
E3-Strict-p003,46.0235,98,98,RLPolicy,0,0,0,0,3.50656,1,6.66948,51,51,6.55948,608,0.960448
E3-Strict-p003,46.0273,2,536,RLPolicy,1,1,0.0460608,3.46574,3.50656,7,5.44225,209,269,5.03686,608,0.977369
E3-Strict-p003,46.0348,4,236,RLPolicy,1,1,0.0476595,3.0062,3.50656,7,5.92234,134,173,5.67069,608,0.96896
E3-Strict-p003,46.0396,29,29,RLPolicy,0,0,0,0,3.50656,1,4.50513,40,40,4.43678,608,0.98289
E3-Strict-p003,46.0422,266,19,RLPolicy,1,1,0.0650747,2.77259,3.50656,6,5.8719,42,425,5.19319,608,0.981038
E3-Strict-p003,46.0483,484,484,RLPolicy,0,0,0,0,3.50656,1,7.97444,1,1,7.89618,608,1
E3-Strict-p003,46.0519,64,64,RLPolicy,0,0,0,0,3.50656,1,5.11991,66,66,5.02494,608,0.935576
E3-Strict-p003,46.0685,181,186,RLPolicy,1,1,0.0687655,3.31159,3.50656,7,4.66233,201,213,4.3632,608,0.994947
E3-Strict-p003,46.0857,136,556,RLPolicy,1,1,0.0518004,3.46574,3.50656,7,6.00613,39,315,5.3051,608,0.984504
E3-Strict-p003,46.0962,234,600,RLPolicy,1,1,0.0690202,3.46574,3.50656,7,6.75026,159,333,6.11123,608,0.977777
E3-Strict-p003,46.1025,75,75,RLPolicy,0,0,0,0,3.50656,1,4.9213,55,55,4.82365,1,0.971591
E3-Strict-p003,46.1118,267,551,RLPolicy,1,1,0.0728252,2.77259,3.50656,6,5.39199,154,304,4.77395,608,0.980676
E3-Strict-p003,46.1153,107,107,RLPolicy,0,0,0,0,3.50656,1,8.36378,89,89,8.25613,608,0.970845
E3-Strict-p003,46.1204,357,357,RLPolicy,0,0,0,0,3.50656,1,5.63065,11,11,5.52083,4,0.992864
E3-Strict-p003,46.1207,57,57,RLPolicy,0,0,0,0,3.50656,1,4.42906,8,8,4.30771,608,0.994191
E3-Strict-p003,46.1317,272,188,RLPolicy,1,1,0.0691184,3.46574,3.50656,7,5.25166,143,191,4.97751,608,0.981651
E3-Strict-p003,46.134,150,64,RLPolicy,1,1,0.0628879,3.46574,3.50656,7,5.95678,299,355,5.54791,608,0.989894
E3-Strict-p003,46.1342,346,346,RLPolicy,0,0,0,0,3.50656,1,4.6261,10,10,4.56588,608,0.999388
E3-Strict-p003,46.1387,151,151,RLPolicy,0,0,0,0,3.50656,1,5.85747,81,81,5.73627,2,0.974107
E3-Strict-p003,46.1418,254,26,RLPolicy,1,1,0.0810049,3.46574,3.50656,7,5.54522,290,305,5.08754,608,0.992252
E3-Strict-p003,46.1459,122,122,RLPolicy,0,0,0,0,3.50656,1,5.82914,70,70,5.74831,608,0.977573
E3-Strict-p003,46.147,404,258,RLPolicy,1,1,0.101123,2.77259,3.50656,6,5.38237,98,231,5.05111,608,0.995922
E3-Strict-p003,46.1549,366,65,RLPolicy,1,1,0.102994,2.77259,3.50656,6,7.08964,154,310,6.38789,608,0.995514
E3-Strict-p003,46.1572,236,228,RLPolicy,1,1,0.00724841,3.46574,3.50656,7,6.96532,309,315,6.44294,608,0.965634
E3-Strict-p003,46.159,387,107,RLPolicy,1,1,0.00809095,3.38813,3.50656,8,5.73126,200,213,5.37504,608,0.998433
E3-Strict-p003,46.1655,463,605,RLPolicy,1,1,0.109663,2.07944,3.50656,5,5.21765,0,219,4.66713,608,0.992864
E3-Strict-p003,46.1677,321,614,RLPolicy,1,1,0.0914243,3.31159,3.50656,7,5.43969,127,166,5.18221,608,0.987423
E3-Strict-p003,46.1727,227,518,RLPolicy,1,1,0.0636876,3.46574,3.50656,7,6.86518,88,400,6.05828,608,0.984504
E3-Strict-p003,46.1834,31,343,RLPolicy,1,1,0.0460474,3.39397,3.50656,8,5.09729,326,384,4.75947,608,0.980587
E3-Strict-p003,46.1922,269,601,RLPolicy,1,1,0.0689689,2.77259,3.50656,6,5.18354,146,264,4.80989,608,0.995718
E3-Strict-p003,46.1944,320,320,RLPolicy,0,0,0,0,3.50656,1,4.76446,16,16,4.69684,608,0.995922
E3-Strict-p003,46.1996,472,472,RLPolicy,0,0,0,0,3.50656,1,5.60877,62,62,5.53877,608,0.999796
E3-Strict-p003,46.2034,344,258,RLPolicy,1,1,0.092965,2.07944,3.50656,5,5.06852,0,83,4.8265,608,0.98899
E3-Strict-p003,46.2067,377,377,RLPolicy,0,0,0,0,3.50656,1,9.69233,71,71,9.6037,608,0.995718
E3-Strict-p003,46.207,369,307,RLPolicy,1,1,0.0935915,2.77259,3.50656,6,10.3872,28,102,10.0722,608,0.985525
E3-Strict-p003,46.208,222,235,RLPolicy,1,1,0.0580336,3.46574,3.50656,7,7.43836,35,370,6.82613,608,0.950796
E3-Strict-p003,46.2105,215,329,RLPolicy,1,1,0.079862,3.46574,3.50656,7,4.05732,88,100,3.83305,608,0.986327
E3-Strict-p003,46.2109,33,365,RLPolicy,1,1,0.0364471,2.77259,3.50656,6,4.55132,103,265,4.15858,608,0.942545
E3-Strict-p003,46.2271,286,4,RLPolicy,1,1,0.0714356,3.00328,3.50656,7,5.52705,125,239,5.10771,608,0.983391
E3-Strict-p003,46.2292,160,160,RLPolicy,0,0,0,0,3.50656,1,5.57041,15,15,5.50599,608,1
E3-Strict-p003,46.2314,228,228,RLPolicy,0,0,0,0,3.50656,1,5.81073,2,2,5.70287,608,1
E3-Strict-p003,46.2357,71,301,RLPolicy,1,1,0.0248239,0.693147,3.50656,3,4.90137,0,35,4.79263,608,0.981243
E3-Strict-p003,46.2418,70,218,RLPolicy,1,1,0.0471449,2.77259,3.50656,6,5.74791,19,314,5.23831,608,0.959428
E3-Strict-p003,46.2464,174,174,RLPolicy,0,0,0,0,3.50656,1,6.87876,75,75,6.77608,608,0.99531
E3-Strict-p003,46.2475,221,258,RLPolicy,1,1,0.0548784,1.38629,3.50656,4,6.24964,0,207,5.78047,608,0.946381
E3-Strict-p003,46.2483,415,142,RLPolicy,1,1,0.0997683,1.38629,3.50656,4,5.32206,0,137,4.99469,608,0.974923
E3-Strict-p003,46.2523,274,441,RLPolicy,1,1,0.0695518,3.46574,3.50656,7,6.19991,78,387,5.5147,608,0.952746
E3-Strict-p003,46.2535,203,203,RLPolicy,0,0,0,0,3.50656,1,4.9632,77,77,4.88236,608,0.988582
E3-Strict-p003,46.2584,479,479,RLPolicy,0,0,0,0,3.50656,1,5.181,58,58,5.07521,608,0.999796
E3-Strict-p003,46.2606,231,568,RLPolicy,1,1,0.0596311,3.46574,3.50656,7,7.89748,77,464,7.21957,608,0.977369
E3-Strict-p003,46.2636,84,308,RLPolicy,1,1,0.0442029,2.77259,3.50656,6,9.85736,141,312,9.01101,608,0.966971
E3-Strict-p003,46.2655,247,414,RLPolicy,1,1,0.070879,3.15743,3.50656,7,5.6488,128,357,4.97373,608,0.984116
E3-Strict-p003,46.2688,148,148,RLPolicy,0,0,0,0,3.50656,1,5.88243,15,15,5.76136,608,0.992864
E3-Strict-p003,46.2704,485,388,RLPolicy,1,1,0.0518607,2.95491,3.50656,6,6.09708,114,224,5.5271,608,0.997242
E3-Strict-p003,46.2716,149,149,RLPolicy,0,0,0,0,3.50656,1,7.72205,119,119,7.62901,608,0.96371
E3-Strict-p003,46.2759,270,434,RLPolicy,1,1,0.0933551,3.46574,3.50656,7,5.27495,306,362,4.93148,608,0.995514
E3-Strict-p003,46.2853,182,491,RLPolicy,1,1,0.0610165,3.46574,3.50656,7,5.90092,237,310,5.54454,608,0.991436
E3-Strict-p003,46.2894,325,514,RLPolicy,1,1,0.0846764,3.46574,3.50656,7,6.31396,170,387,5.58164,608,0.983575
E3-Strict-p003,46.2948,410,489,RLPolicy,1,1,0.105179,3.46574,3.50656,7,5.03063,191,202,4.61189,608,0.995718
E3-Strict-p003,46.2992,120,576,RLPolicy,1,1,0.0533725,3.46574,3.50656,7,5.27892,89,114,4.86736,608,0.999796
E3-Strict-p003,46.302,87,197,RLPolicy,1,1,0.0504492,2.77259,3.50656,6,10.3507,2,254,9.70706,608,0.952904
E3-Strict-p003,46.3029,424,413,RLPolicy,1,1,0.11903,3.46574,3.50656,7,10.0166,138,153,9.70473,608,0.995922
E3-Strict-p003,46.3082,489,2,RLPolicy,1,1,0.125152,2.77259,3.50656,6,6.83511,111,326,6.04693,608,0.99633
E3-Strict-p003,46.3133,100,347,RLPolicy,1,1,0.0555995,2.07944,3.50656,5,8.395,0,333,7.71767,608,0.953282
E3-Strict-p003,46.3157,416,416,RLPolicy,0,0,0,0,3.50656,1,5.06691,71,71,4.99364,608,0.999592
E3-Strict-p003,46.3158,167,165,RLPolicy,1,1,0.0552007,3.46574,3.50656,7,8.31947,60,313,7.82049,608,0.981447
E3-Strict-p003,46.3178,158,19,RLPolicy,1,1,0.0626344,2.77259,3.50656,6,8.84833,110,282,8.14438,608,0.984504
E3-Strict-p003,46.3201,197,237,RLPolicy,1,1,0.0610926,1.38629,3.50656,4,6.2174,0,135,5.94203,608,0.971961
E3-Strict-p003,46.3245,23,144,RLPolicy,1,1,0.00727608,3.46574,3.50656,7,5.8693,383,405,5.50748,608,0.90374
E3-Strict-p003,46.3284,263,278,RLPolicy,1,1,0.0881755,2.77259,3.50656,6,5.26824,135,271,4.87982,608,0.995718
E3-Strict-p003,46.3289,77,77,RLPolicy,0,0,0,0,3.50656,1,4.7191,60,60,4.66782,608,0.953083
E3-Strict-p003,46.3395,373,373,RLPolicy,0,0,0,0,3.50656,1,5.83393,33,33,5.73238,608,0.995559
E3-Strict-p003,46.341,508,286,RLPolicy,1,1,0.120578,2.77259,3.50656,6,6.02054,115,322,5.33352,608,0.99633
E3-Strict-p003,46.3412,79,364,RLPolicy,1,1,0.0604464,2.77259,3.50656,6,4.92591,73,192,4.66446,608,0.99164
E3-Strict-p003,46.3419,32,32,RLPolicy,0,0,0,0,3.50656,1,4.39832,89,89,4.29895,2,0.934493
E3-Strict-p003,46.3441,37,530,RLPolicy,1,1,0.0554227,3.46574,3.50656,7,4.27356,147,163,4.04767,608,0.971522
E3-Strict-p003,46.3571,494,438,RLPolicy,1,1,0.128189,3.46574,3.50656,7,5.97007,230,256,5.52288,608,0.999796
E3-Strict-p003,46.3604,449,375,RLPolicy,1,1,0.10823,3.46574,3.50656,7,6.92335,88,421,6.33068,608,0.999592
E3-Strict-p003,46.3626,371,371,RLPolicy,0,0,0,0,3.50656,1,5.36748,33,33,5.29202,608,0.992252
E3-Strict-p003,46.3736,486,537,RLPolicy,1,1,0.144074,3.46574,3.50656,7,4.97439,278,308,4.61292,608,0.996126
E3-Strict-p003,46.3754,413,413,RLPolicy,0,0,0,0,3.50656,1,5.04592,21,21,4.95402,608,0.978797
E3-Strict-p003,46.383,251,209,RLPolicy,1,1,0.0671689,2.77259,3.50656,6,5.78559,114,276,5.4365,608,0.985091
E3-Strict-p003,46.3905,156,156,RLPolicy,0,0,0,0,3.50656,1,5.75653,101,101,5.63685,2,0.95637
E3-Strict-p003,46.3966,388,487,RLPolicy,1,1,0.106723,2.26176,3.50656,5,6.14755,11,114,5.65054,608,0.989902
E3-Strict-p003,46.3991,176,127,RLPolicy,1,1,0.0665769,3.46574,3.50656,7,5.80598,162,172,5.33296,608,0.991844
E3-Strict-p003,46.3999,294,487,RLPolicy,1,1,0.076566,2.77259,3.50656,6,6.71787,10,372,5.94959,608,0.988582
E3-Strict-p003,46.4188,112,603,RLPolicy,1,1,0.0500317,3.46574,3.50656,7,8.61794,53,328,7.62822,608,0.947509
E3-Strict-p003,46.42,121,75,RLPolicy,1,1,0.0554213,2.46429,3.50656,6,5.24951,11,178,4.89047,608,0.990506
E3-Strict-p003,46.421,401,532,RLPolicy,1,1,0.0973112,1.38629,3.50656,4,5.89467,0,168,5.66312,608,0.981855
E3-Strict-p003,46.4241,456,456,RLPolicy,0,0,0,0,3.50656,1,5.85603,10,10,5.74628,608,1
E3-Strict-p003,46.4272,177,505,RLPolicy,1,1,0.0558335,1.38629,3.50656,4,6.5465,0,168,6.19611,608,0.977369
E3-Strict-p003,46.4309,108,505,RLPolicy,1,1,0.0381898,1.23214,3.50656,4,6.76824,0,128,6.34437,608,0.963526
E3-Strict-p003,46.431,283,283,RLPolicy,0,0,0,0,3.50656,1,4.31762,67,67,4.25984,608,0.99633
E3-Strict-p003,46.431,425,487,RLPolicy,1,1,0.104844,3.31159,3.50656,7,6.2232,168,342,5.4839,608,0.989335
E3-Strict-p003,46.4315,355,487,RLPolicy,1,1,0.091043,2.77259,3.50656,6,5.81962,54,280,5.04901,608,0.995718
E3-Strict-p003,46.4326,241,1,RLPolicy,1,1,0.0847094,2.07944,3.50656,5,4.47982,0,130,4.22508,608,0.984912
E3-Strict-p003,46.4351,406,4,RLPolicy,1,1,0.103221,2.77259,3.50656,6,6.49328,131,259,6.02026,608,0.995718
E3-Strict-p003,46.4372,375,375,RLPolicy,0,0,0,0,3.50656,1,6.23252,64,64,6.15184,608,0.996126
E3-Strict-p003,46.4381,262,262,RLPolicy,0,0,0,0,3.50656,1,5.20066,62,62,5.15359,608,0.977777
E3-Strict-p003,46.4453,287,201,RLPolicy,1,1,0.0728266,3.46574,3.50656,7,4.98573,124,235,4.67057,608,0.987423
E3-Strict-p003,46.4494,504,138,RLPolicy,1,1,0.12763,3.46574,3.50656,7,7.48579,91,431,6.62402,608,0.999796
E3-Strict-p003,46.4532,28,351,RLPolicy,1,1,0.0538529,3.46574,3.50656,7,5.20766,192,232,4.88712,608,0.967296
E3-Strict-p003,46.4663,72,72,RLPolicy,0,0,0,0,3.50656,1,4.58157,19,19,4.49339,608,0.977981
E3-Strict-p003,46.4706,257,257,RLPolicy,0,0,0,0,3.50656,1,6.75131,57,57,6.61998,608,0.982059
E3-Strict-p003,46.4711,196,236,RLPolicy,1,1,0.0719541,3.46574,3.50656,7,5.01668,244,273,4.57777,608,0.981038
E3-Strict-p003,46.4727,395,395,RLPolicy,0,0,0,0,3.50656,1,6.19977,99,99,6.11427,608,0.99266
E3-Strict-p003,46.4741,332,237,RLPolicy,1,1,0.0786697,1.38629,3.50656,4,5.89593,0,240,5.39753,608,0.974719
E3-Strict-p003,46.479,471,154,RLPolicy,1,1,0.111078,2.77259,3.50656,6,6.11608,134,270,5.59843,608,0.99633
E3-Strict-p003,46.4806,85,85,RLPolicy,0,0,0,0,3.50656,1,5.74839,14,14,5.65577,608,0.992252
E3-Strict-p003,46.4809,18,18,RLPolicy,0,0,0,0,3.50656,1,5.04575,68,68,4.98712,608,0.979421
E3-Strict-p003,46.4882,185,63,RLPolicy,1,1,0.0613677,2.77259,3.50656,6,5.43237,33,286,4.98849,608,0.974311
E3-Strict-p003,46.4962,421,28,RLPolicy,1,1,0.107875,0.693147,3.50656,3,6.04228,0,122,5.74901,608,0.985729
E3-Strict-p003,46.4979,142,509,RLPolicy,1,1,0.0491507,3.46574,3.50656,7,5.7776,118,388,5.10637,608,0.965226
E3-Strict-p003,46.5039,496,573,RLPolicy,1,1,0.130941,3.46574,3.50656,7,6.05864,53,376,5.16049,609,0.999796
E3-Strict-p003,46.5044,6,6,RLPolicy,0,0,0,0,3.50656,1,4.20609,40,40,4.16564,609,0.97035
E3-Strict-p003,46.5082,128,121,RLPolicy,1,1,0.0591651,3.31159,3.50656,7,6.92054,275,314,6.58569,609,0.957702
E3-Strict-p003,46.5096,106,411,RLPolicy,1,1,0.0592696,3.46574,3.50656,7,9.45153,141,157,9.14233,609,0.984708
E3-Strict-p003,46.5138,166,166,RLPolicy,0,0,0,0,3.50656,1,6.11244,50,50,6.04885,609,0.999388
E3-Strict-p003,46.5143,250,250,RLPolicy,0,0,0,0,3.50656,1,6.58617,74,74,6.52214,609,0.995355
E3-Strict-p003,46.5148,78,613,RLPolicy,1,1,0.0515073,3.46574,3.50656,7,4.9593,326,355,4.69375,609,0.981243
E3-Strict-p003,46.5169,127,247,RLPolicy,1,1,0.0591592,2.07944,3.50656,5,4.68741,0,144,4.39619,609,0.973699
E3-Strict-p003,46.5268,474,405,RLPolicy,1,1,0.111389,0.693147,3.50656,3,5.61183,0,103,5.40644,609,0.982263
E3-Strict-p003,46.5313,124,410,RLPolicy,1,1,0.0623425,3.46574,3.50656,7,5.46735,140,250,5.02291,609,0.991232
E3-Strict-p003,46.5425,306,306,RLPolicy,0,0,0,0,3.50656,1,5.13218,21,21,5.06393,609,0.985321
E3-Strict-p003,46.5462,260,479,RLPolicy,1,1,0.0640102,2.77259,3.50656,6,5.33237,130,306,4.84706,609,0.967175
E3-Strict-p003,46.561,376,294,RLPolicy,1,1,0.0933813,3.46574,3.50656,7,6.93699,206,388,6.18901,609,0.995514
E3-Strict-p003,46.5652,427,42,RLPolicy,1,1,0.104131,2.77259,3.50656,6,6.6494,64,331,6.03629,609,0.982059
E3-Strict-p003,46.568,438,67,RLPolicy,1,1,0.105262,2.77259,3.50656,6,5.65489,40,156,5.14843,609,0.99266
E3-Strict-p003,46.5737,339,348,RLPolicy,1,1,0.0834688,3.46574,3.50656,7,6.3941,336,381,5.818,609,0.964118
E3-Strict-p003,46.5757,351,306,RLPolicy,1,1,0.0862721,1.38629,3.50656,4,5.86669,0,129,5.49385,609,0.970661
E3-Strict-p003,46.5796,503,450,RLPolicy,1,1,0.00779075,3.46574,3.50656,7,5.37752,227,234,5.10679,609,0.999796
E3-Strict-p003,46.5825,195,265,RLPolicy,1,1,0.0731784,3.46574,3.50656,7,5.19412,252,344,4.74957,609,0.9843
E3-Strict-p003,46.5952,380,187,RLPolicy,1,1,0.0954444,3.15743,3.50656,7,5.2729,203,222,5.04031,609,0.992839
E3-Strict-p003,46.6005,119,23,RLPolicy,1,1,0.0425756,0.693147,3.50656,3,6.92974,0,185,6.564,610,0.924974
E3-Strict-p003,46.602,47,47,RLPolicy,0,0,0,0,3.50656,1,5.44535,87,87,5.37194,610,0.983506
E3-Strict-p003,46.6026,13,539,RLPolicy,1,1,0.0386615,2.85497,3.50656,7,5.18681,104,176,4.86565,610,0.943085
E3-Strict-p003,46.6043,434,350,RLPolicy,1,1,0.115084,3.46574,3.50656,7,5.70517,282,374,5.31757,610,0.999388
E3-Strict-p003,46.6048,198,311,RLPolicy,1,1,0.0642964,3.46574,3.50656,7,4.26195,136,289,3.9169,610,0.970845
E3-Strict-p003,46.6064,163,73,RLPolicy,1,1,0.0548749,3.46574,3.50656,7,8.75294,148,368,8.30297,610,0.974311
E3-Strict-p003,46.6077,309,302,RLPolicy,1,1,0.0787949,2.77259,3.50656,6,8.41449,101,323,7.9975,610,0.988378
E3-Strict-p003,46.6191,314,169,RLPolicy,1,1,0.0777944,3.46574,3.50656,7,6.71689,124,464,6.08065,610,0.992048
E3-Strict-p003,46.6213,501,204,RLPolicy,1,1,0.119586,3.46574,3.50656,7,8.70077,227,412,8.05188,610,0.999796
E3-Strict-p003,46.6272,282,523,RLPolicy,1,1,0.0710503,3.46574,3.50656,7,5.92559,137,387,5.15917,610,0.988174
E3-Strict-p003,46.6307,135,163,RLPolicy,1,1,0.0503903,3.46574,3.50656,7,5.91156,175,413,5.50167,610,0.97696
E3-Strict-p003,46.6416,509,582,RLPolicy,1,1,0.11625,1.38629,3.50656,4,5.8644,0,129,5.47861,610,0.989399
E3-Strict-p003,46.6521,90,177,RLPolicy,1,1,0.0520167,3.46574,3.50656,7,8.77657,127,152,8.48144,610,0.988582
E3-Strict-p003,46.6573,165,320,RLPolicy,1,1,0.0695065,3.24259,3.50656,7,5.44797,148,195,5.16757,610,0.985917
E3-Strict-p003,46.6579,354,371,RLPolicy,1,1,0.0919977,2.61844,3.50656,6,5.92858,89,266,5.5309,610,0.987811
E3-Strict-p003,46.6674,299,299,RLPolicy,0,0,0,0,3.50656,1,7.65751,71,71,7.56247,610,0.999388
E3-Strict-p003,46.6701,318,318,RLPolicy,0,0,0,0,3.50656,1,5.1917,1,1,5.13699,610,1
E3-Strict-p003,46.676,171,300,RLPolicy,1,1,0.0582154,3.46574,3.50656,7,6.31161,308,440,5.87896,610,0.992048
E3-Strict-p003,46.6835,391,391,RLPolicy,0,0,0,0,3.50656,1,4.74982,73,73,4.66784,2,0.992252
E3-Strict-p003,46.6939,331,331,RLPolicy,0,0,0,0,3.50656,1,5.10067,41,41,5.02571,610,0.999796
E3-Strict-p003,46.6953,132,245,RLPolicy,1,1,0.0452526,2.07944,3.50656,5,4.67294,0,116,4.41118,610,0.991844
E3-Strict-p003,46.7031,378,199,RLPolicy,1,1,0.0995553,3.46574,3.50656,7,7.52223,331,424,6.9711,610,0.972165
E3-Strict-p003,46.7042,384,49,RLPolicy,1,1,0.0915919,3.46574,3.50656,7,5.63461,164,207,5.33267,610,0.98994
E3-Strict-p003,46.7076,15,505,RLPolicy,1,1,0.0371053,2.45413,3.50656,6,5.24998,53,248,4.67537,610,0.96778
E3-Strict-p003,46.71,36,36,RLPolicy,0,0,0,0,3.50656,1,5.46796,21,21,5.39971,610,0.965565
E3-Strict-p003,46.7173,229,595,RLPolicy,1,1,0.0808988,3.46574,3.50656,7,6.18332,170,218,5.7176,610,0.992252
E3-Strict-p003,46.7241,190,368,RLPolicy,1,1,0.0562574,3.46574,3.50656,7,6.1106,167,367,5.72287,610,0.970233
E3-Strict-p003,46.7279,422,422,RLPolicy,0,0,0,0,3.50656,1,4.58353,17,17,4.53897,610,0.996126
E3-Strict-p003,46.728,154,471,RLPolicy,1,1,0.0654648,3.46574,3.50656,7,6.07957,212,245,5.7421,610,0.956574
E3-Strict-p003,46.7329,239,239,RLPolicy,0,0,0,0,3.50656,1,7.07443,30,30,7.00657,610,0.992048
E3-Strict-p003,46.7357,264,272,RLPolicy,1,1,0.074647,3.31159,3.50656,7,6.24237,193,227,5.65822,610,0.99166
E3-Strict-p003,46.7373,439,592,RLPolicy,1,1,0.105437,2.77259,3.50656,6,6.09058,124,295,5.54838,610,0.978593
E3-Strict-p003,46.7393,316,474,RLPolicy,1,1,0.0841987,2.77259,3.50656,6,5.27358,68,184,4.87627,610,0.984912
E3-Strict-p003,46.7398,480,138,RLPolicy,1,1,0.116012,3.46574,3.50656,7,5.21408,91,437,4.59401,610,0.999592
E3-Strict-p003,46.749,465,353,RLPolicy,1,1,0.113674,3.46574,3.50656,7,4.74214,174,187,4.53502,610,0.996126
E3-Strict-p003,46.7503,382,223,RLPolicy,1,1,0.111979,2.77259,3.50656,6,10.3682,130,331,9.78747,610,0.992048
E3-Strict-p003,46.7629,296,130,RLPolicy,1,1,0.093031,3.46574,3.50656,7,5.37045,331,353,5.09344,610,0.984912
E3-Strict-p003,46.7695,319,319,RLPolicy,0,0,0,0,3.50656,1,6.14857,36,36,5.96904,610,0.988786
E3-Strict-p003,46.7722,191,427,RLPolicy,1,1,0.0565794,1.38629,3.50656,4,5.34424,0,140,4.97513,610,0.964092
E3-Strict-p003,46.7786,51,51,RLPolicy,0,0,0,0,3.50656,1,5.39896,26,26,5.32301,610,0.986101
E3-Strict-p003,46.7823,88,88,RLPolicy,0,0,0,0,3.50656,1,5.19264,73,73,5.10672,610,0.971049
E3-Strict-p003,46.7859,358,332,RLPolicy,1,1,0.106531,3.46574,3.50656,7,4.90632,327,374,4.65229,610,0.996126
E3-Strict-p003,46.7863,295,309,RLPolicy,1,1,0.0818288,3.46574,3.50656,7,6.08365,89,415,5.58472,610,0.99164
E3-Strict-p003,46.7903,330,330,RLPolicy,0,0,0,0,3.50656,1,6.33527,45,45,6.22838,610,0.992048
E3-Strict-p003,46.7907,99,69,RLPolicy,1,1,0.0535755,2.77259,3.50656,6,7.30791,114,249,6.66634,610,0.9843
E3-Strict-p003,46.7912,291,291,RLPolicy,0,0,0,0,3.50656,1,5.47892,98,98,5.38645,610,0.995514
E3-Strict-p003,46.7917,374,374,RLPolicy,0,0,0,0,3.50656,1,6.47836,54,54,6.3992,610,0.995922
E3-Strict-p003,46.7953,511,278,RLPolicy,1,1,0.124433,3.46574,3.50656,7,6.42701,119,382,5.54294,610,0.999796
E3-Strict-p003,46.7992,343,54,RLPolicy,1,1,0.0913805,2.61844,3.50656,6,5.30259,20,205,5.01435,610,0.985295
E3-Strict-p003,46.8018,292,423,RLPolicy,1,1,0.0793482,3.46574,3.50656,7,5.05716,311,362,4.70862,611,0.999184
E3-Strict-p003,46.8026,419,419,RLPolicy,0,0,0,0,3.50656,1,4.39527,54,54,4.34582,611,0.999796
E3-Strict-p003,46.8039,244,480,RLPolicy,1,1,0.0785825,3.46574,3.50656,7,5.86712,277,336,5.33184,611,0.99164
E3-Strict-p003,46.8131,14,136,RLPolicy,1,1,0.0369639,3.0062,3.50656,7,5.84359,99,328,5.14659,611,0.962865
E3-Strict-p003,46.8149,16,119,RLPolicy,1,1,0.0338331,2.77259,3.50656,6,4.58902,80,143,4.28039,611,0.991553
E3-Strict-p003,46.8287,9,443,RLPolicy,1,1,0.038892,3.24274,3.50656,8,5.63932,114,258,5.02683,611,0.962727
E3-Strict-p003,46.8302,208,208,RLPolicy,0,0,0,0,3.50656,1,5.31199,35,35,5.20069,611,0.992456
E3-Strict-p003,46.8413,327,327,RLPolicy,0,0,0,0,3.50656,1,9.797,24,24,9.65547,611,0.987811
E3-Strict-p003,46.8439,26,48,RLPolicy,1,1,0.0404773,2.85497,3.50656,7,4.62886,187,268,4.37882,611,0.991137
E3-Strict-p003,46.8487,414,431,RLPolicy,1,1,0.108623,3.46574,3.50656,7,5.39424,229,285,5.08197,611,0.988786
E3-Strict-p003,46.851,454,454,RLPolicy,0,0,0,0,3.50656,1,5.49782,11,11,5.42496,611,0.99266
E3-Strict-p003,46.8557,335,375,RLPolicy,1,1,0.103991,3.46574,3.50656,7,5.84551,309,361,5.56395,611,0.991844
E3-Strict-p003,46.8604,348,221,RLPolicy,1,1,0.0936216,3.46574,3.50656,7,5.78722,99,389,5.29075,611,0.999184
E3-Strict-p003,46.8614,290,154,RLPolicy,1,1,0.0741717,3.46574,3.50656,7,5.4426,159,323,5.13378,611,0.991844
E3-Strict-p003,46.8764,139,174,RLPolicy,1,1,0.047771,3.46574,3.50656,7,6.71135,78,419,6.19543,611,0.967175
E3-Strict-p003,46.8776,62,38,RLPolicy,1,1,0.0467121,2.77259,3.50656,6,7.88572,5,385,7.27931,611,0.950592
E3-Strict-p003,46.8799,363,363,RLPolicy,0,0,0,0,3.50656,1,5.16334,14,14,5.09671,611,1
E3-Strict-p003,46.8817,464,57,RLPolicy,1,1,0.00677705,3.46574,3.50656,7,6.12752,209,220,5.71993,611,0.999796
E3-Strict-p003,46.8886,261,261,RLPolicy,0,0,0,0,3.50656,1,5.44069,54,54,5.36486,611,0.995105
E3-Strict-p003,46.8888,188,205,RLPolicy,1,1,0.0605165,2.61844,3.50656,6,5.62344,24,102,5.24542,611,0.985111
E3-Strict-p003,46.8906,217,572,RLPolicy,1,1,0.080391,3.46574,3.50656,7,5.9705,251,262,5.69104,611,0.984912
E3-Strict-p003,46.8936,126,204,RLPolicy,1,1,0.052618,3.46574,3.50656,7,7.24205,98,473,6.2448,611,0.984912
E3-Strict-p003,46.8945,505,331,RLPolicy,1,1,0.126241,3.46574,3.50656,7,6.19862,248,387,5.54054,611,0.999796
E3-Strict-p003,46.8973,194,349,RLPolicy,1,1,0.0551843,3.46574,3.50656,7,7.25165,61,376,6.44119,611,0.966971
E3-Strict-p003,46.9003,473,125,RLPolicy,1,1,0.116611,3.46574,3.50656,7,6.00101,183,441,5.51021,613,0.999592
E3-Strict-p003,46.9004,192,192,RLPolicy,0,0,0,0,3.50656,1,5.56522,10,10,5.48378,613,0.986112
E3-Strict-p003,46.9056,277,277,RLPolicy,0,0,0,0,3.50656,1,5.61021,1,1,5.55158,613,1
E3-Strict-p003,46.907,437,366,RLPolicy,1,1,0.104854,0.693147,3.50656,3,8.86398,0,129,8.61052,613,0.982263
E3-Strict-p003,46.9097,80,535,RLPolicy,1,1,0.0366634,2.77259,3.50656,6,5.76288,25,281,5.28088,613,0.971254
E3-Strict-p003,46.911,490,490,RLPolicy,0,0,0,0,3.50656,1,4.00113,13,13,3.96403,613,0.997242
E3-Strict-p003,46.9137,328,403,RLPolicy,1,1,0.0834964,2.77259,3.50656,6,6.68266,21,213,6.18685,613,0.967788
E3-Strict-p003,46.9185,441,441,RLPolicy,0,0,0,0,3.50656,1,9.51072,49,49,9.41266,613,0.999796
E3-Strict-p003,46.921,146,151,RLPolicy,1,1,0.060797,2.77259,3.50656,6,4.48274,86,188,4.20484,613,0.995514
E3-Strict-p003,46.925,337,337,RLPolicy,0,0,0,0,3.50656,1,4.46298,28,28,4.41115,613,0.996126
E3-Strict-p003,46.9427,326,218,RLPolicy,1,1,0.0800273,2.07944,3.50656,5,6.87645,0,215,6.30797,613,0.98627
E3-Strict-p003,46.9465,140,140,RLPolicy,0,0,0,0,3.50656,1,6.2264,36,36,6.11992,613,0.974311
E3-Strict-p003,46.9487,173,513,RLPolicy,1,1,0.0602242,3.46574,3.50656,7,6.65767,258,276,6.2038,613,0.974107
E3-Strict-p003,46.9604,492,492,RLPolicy,0,0,0,0,3.50656,1,5.42783,57,57,5.35345,613,1
E3-Strict-p003,46.963,213,213,RLPolicy,0,0,0,0,3.50656,1,4.16081,62,62,4.09962,4,0.977573
E3-Strict-p003,46.9654,40,40,RLPolicy,0,0,0,0,3.50656,1,6.13456,71,71,6.04892,613,0.953899
E3-Strict-p003,46.9663,178,178,RLPolicy,0,0,0,0,3.50656,1,5.01645,22,22,4.94949,613,0.960448
E3-Strict-p003,46.9679,56,281,RLPolicy,1,1,0.0480533,3.46574,3.50656,7,6.64414,135,207,6.13923,613,0.989705
E3-Strict-p003,46.9684,96,222,RLPolicy,1,1,0.0526021,2.61844,3.50656,6,6.19771,82,315,5.61652,613,0.965997
E3-Strict-p003,46.97,487,349,RLPolicy,1,1,0.128393,3.46574,3.50656,7,5.40428,55,391,4.94956,613,0.999592
E3-Strict-p003,46.9733,361,361,RLPolicy,0,0,0,0,3.50656,1,4.46152,13,13,4.38421,613,0.981855
E3-Strict-p003,46.9891,248,583,RLPolicy,1,1,0.0622482,2.61844,3.50656,6,7.08098,13,349,6.48598,613,0.965634
E3-Strict-p003,46.9933,201,290,RLPolicy,1,1,0.0642853,3.46574,3.50656,7,5.6905,344,410,5.39396,613,0.949643
E3-Strict-p003,46.9955,322,322,RLPolicy,0,0,0,0,3.50656,1,5.42646,36,36,5.24814,613,0.982059
E3-Strict-p003,46.9977,443,443,RLPolicy,0,0,0,0,3.50656,1,4.90638,2,2,4.83805,613,1
E3-Strict-p003,47.0113,338,142,RLPolicy,1,1,0.0946906,2.77259,3.50656,6,6.23872,149,314,5.91519,614,0.988582
E3-Strict-p003,47.0168,134,134,RLPolicy,0,0,0,0,3.50656,1,4.77151,8,8,4.72055,614,0.982059
E3-Strict-p003,47.0235,347,531,RLPolicy,1,1,0.0873953,3.46574,3.50656,7,5.41732,172,377,4.97113,614,0.983779
E3-Strict-p003,47.0274,110,433,RLPolicy,1,1,0.0522339,3.31159,3.50656,7,5.48962,89,182,5.06656,614,0.998617
E3-Strict-p003,47.0305,187,187,RLPolicy,0,0,0,0,3.50656,1,6.88503,57,57,6.75556,614,0.974311
E3-Strict-p003,47.0345,481,385,RLPolicy,1,1,0.115215,3.00328,3.50656,7,5.59436,74,347,4.99037,614,0.989577
E3-Strict-p003,47.037,386,84,RLPolicy,1,1,0.097925,3.46574,3.50656,7,5.75476,191,323,5.31972,614,0.992252
E3-Strict-p003,47.0484,172,582,RLPolicy,1,1,0.0493912,2.07944,3.50656,5,7.41128,1,265,6.70999,614,0.95637
E3-Strict-p003,47.0541,123,123,RLPolicy,0,0,0,0,3.50656,1,6.12561,24,24,6.02032,614,0.999388
E3-Strict-p003,47.0587,20,110,RLPolicy,1,1,0.00777225,3.46574,3.50656,7,6.33043,276,295,5.99211,614,0.946014
E3-Strict-p003,47.06,3,3,RLPolicy,0,0,0,0,3.50656,1,6.36983,45,45,6.26542,614,0.986768
E3-Strict-p003,47.0602,19,328,RLPolicy,1,1,0.0396152,2.85497,3.50656,7,7.04261,130,393,6.38397,614,0.960234
E3-Strict-p003,47.0662,466,273,RLPolicy,1,1,0.117665,3.46574,3.50656,7,5.46827,170,320,4.83737,614,0.999796
E3-Strict-p003,47.0762,256,573,RLPolicy,1,1,0.0930011,3.46574,3.50656,7,8.74026,87,104,8.47243,614,0.995922
E3-Strict-p003,47.0767,230,230,RLPolicy,0,0,0,0,3.50656,1,4.87992,12,12,4.81613,614,1
E3-Strict-p003,47.0781,249,249,RLPolicy,0,0,0,0,3.50656,1,5.58496,33,33,5.49153,614,0.992252
E3-Strict-p003,47.0792,246,175,RLPolicy,1,1,0.0864811,2.61844,3.50656,6,7.31778,76,155,6.85869,614,0.992022
E3-Strict-p003,47.0826,476,132,RLPolicy,1,1,0.124985,3.46574,3.50656,7,5.38215,248,276,4.849,614,0.999796
E3-Strict-p003,47.0831,315,170,RLPolicy,1,1,0.0979172,2.77259,3.50656,6,5.88503,34,165,5.44351,614,0.978389
E3-Strict-p003,47.0831,450,278,RLPolicy,1,1,0.106916,2.07944,3.50656,5,6.60566,0,143,6.2631,614,0.98899
E3-Strict-p003,47.0895,45,45,RLPolicy,0,0,0,0,3.50656,1,5.32904,19,19,5.24678,614,0.992864
E3-Strict-p003,47.0993,46,168,RLPolicy,1,1,0.0432343,3.16035,3.50656,7,6.57605,211,376,6.00695,614,0.988087
E3-Strict-p003,47.1045,133,507,RLPolicy,1,1,0.0514672,2.77259,3.50656,6,5.73398,2,419,4.71673,614,0.983892
E3-Strict-p003,47.107,350,174,RLPolicy,1,1,0.105634,3.46574,3.50656,7,4.47614,67,410,4.01605,614,0.99438
E3-Strict-p003,47.108,502,302,RLPolicy,1,1,0.125218,2.77259,3.50656,6,7.41791,78,385,6.6595,614,0.99633
E3-Strict-p003,47.1109,394,394,RLPolicy,0,0,0,0,3.50656,1,6.66115,55,55,6.56314,614,0.99361
E3-Strict-p003,47.1122,220,417,RLPolicy,1,1,0.0560938,2.77259,3.50656,6,6.73759,111,277,6.19419,614,0.95769
E3-Strict-p003,47.1136,43,43,RLPolicy,0,0,0,0,3.50656,1,6.08808,92,92,5.98295,1,0.937431
E3-Strict-p003,47.1184,428,428,RLPolicy,0,0,0,0,3.50656,1,4.45204,23,23,4.15659,614,0.996126
E3-Strict-p003,47.1238,102,622,RLPolicy,1,1,0.0574905,3.46574,3.50656,7,6.78811,128,462,6.03038,614,0.979497
E3-Strict-p003,47.1265,507,79,RLPolicy,1,1,0.121416,3.46574,3.50656,7,5.43273,321,399,4.91733,614,0.999796
E3-Strict-p003,47.1362,360,360,RLPolicy,0,0,0,0,3.50656,1,4.51487,22,22,4.45263,614,1
E3-Strict-p003,47.1394,12,111,RLPolicy,1,1,0.0372369,3.46574,3.50656,7,6.72548,114,533,6.19212,614,0.942307
E3-Strict-p003,47.1454,63,61,RLPolicy,1,1,0.0534934,3.46574,3.50656,7,6.55449,285,345,6.16308,614,0.977372
E3-Strict-p003,47.1508,81,81,RLPolicy,0,0,0,0,3.50656,1,5.11473,33,33,5.04096,614,0.985117
E3-Strict-p003,47.1516,243,364,RLPolicy,1,1,0.0820436,3.46574,3.50656,7,6.50726,230,283,5.96965,614,0.995718
E3-Strict-p003,47.1543,368,368,RLPolicy,0,0,0,0,3.50656,1,4.12762,70,70,4.04629,4,0.999388
E3-Strict-p003,47.1625,235,10,RLPolicy,1,1,0.0630016,2.61844,3.50656,6,6.99296,130,305,6.39696,614,0.97816
E3-Strict-p003,47.1626,25,68,RLPolicy,1,1,0.0391529,2.77259,3.50656,6,6.2714,87,229,5.8713,614,0.943864
E3-Strict-p003,47.1722,105,361,RLPolicy,1,1,0.057412,2.77259,3.50656,6,7.97199,57,356,7.0593,614,0.963097
E3-Strict-p003,47.1722,336,410,RLPolicy,1,1,0.0891841,3.46574,3.50656,7,5.36367,143,254,4.96701,614,0.988582
E3-Strict-p003,47.1727,212,212,RLPolicy,0,0,0,0,3.50656,1,5.54013,79,79,5.4671,614,0.992456
E3-Strict-p003,47.1778,271,290,RLPolicy,1,1,0.0765243,3.46574,3.50656,7,5.53342,305,371,5.1211,614,0.967175
E3-Strict-p003,47.1857,143,421,RLPolicy,1,1,0.0623702,3.46574,3.50656,7,4.55028,79,87,4.36759,614,0.992048
E3-Strict-p003,47.1872,301,36,RLPolicy,1,1,0.0832817,2.61844,3.50656,6,4.49689,22,65,4.22207,614,0.995559
E3-Strict-p003,47.1884,184,184,RLPolicy,0,0,0,0,3.50656,1,7.93303,86,86,7.84933,614,0.949439
E3-Strict-p003,47.1928,289,470,RLPolicy,1,1,0.0825981,2.77259,3.50656,6,4.26375,24,84,4.01936,614,0.982059
E3-Strict-p003,47.1943,518,519,RLPolicy,1,1,0.122886,3.46574,3.50656,7,6.63534,338,408,6.0793,614,0.999796
E3-Strict-p003,47.1961,109,149,RLPolicy,1,1,0.0593191,3.46574,3.50656,7,6.41718,337,376,6.09272,614,0.992431
E3-Strict-p003,47.1967,334,55,RLPolicy,1,1,0.082148,2.77259,3.50656,6,5.5749,23,342,5.05836,614,0.978185
E3-Strict-p003,47.202,411,573,RLPolicy,1,1,0.117212,3.46574,3.50656,7,5.26921,102,115,4.93307,616,0.999592
E3-Strict-p003,47.2053,76,31,RLPolicy,1,1,0.040549,2.77259,3.50656,6,7.10147,142,329,6.62916,616,0.963198
E3-Strict-p003,47.2057,207,550,RLPolicy,1,1,0.0807606,3.46574,3.50656,7,6.81885,124,155,6.48978,616,0.973699
E3-Strict-p003,47.2107,115,115,RLPolicy,0,0,0,0,3.50656,1,5.54733,88,88,5.41337,2,0.977164
E3-Strict-p003,47.2114,342,342,RLPolicy,0,0,0,0,3.50656,1,5.72803,99,99,5.60913,616,0.988582
E3-Strict-p003,47.2186,252,252,RLPolicy,0,0,0,0,3.50656,1,6.54385,71,71,6.38786,616,0.984708
E3-Strict-p003,47.2194,206,484,RLPolicy,1,1,0.0775333,2.77259,3.50656,6,4.94078,22,42,4.72256,616,0.977164
E3-Strict-p003,47.2217,498,129,RLPolicy,1,1,0.11915,3.46574,3.50656,7,6.29236,84,354,5.63422,616,0.999796
E3-Strict-p003,47.2259,54,302,RLPolicy,1,1,0.0327878,1.38629,3.50656,4,5.60857,0,79,5.32857,616,0.984912
E3-Strict-p003,47.2315,38,38,RLPolicy,0,0,0,0,3.50656,1,5.20672,60,60,5.13135,616,0.966715
E3-Strict-p003,47.2361,448,602,RLPolicy,1,1,0.112646,2.77259,3.50656,6,6.24623,73,220,5.69595,616,0.99633
E3-Strict-p003,47.237,66,66,RLPolicy,0,0,0,0,3.50656,1,5.2138,62,62,5.12897,2,0.969319
E3-Strict-p003,47.2406,232,512,RLPolicy,1,1,0.0830061,3.46574,3.50656,7,7.40005,174,197,6.99205,616,0.99164
E3-Strict-p003,47.242,50,614,RLPolicy,1,1,0.0459995,3.46574,3.50656,7,10.5629,262,376,10.0403,616,0.95637
E3-Strict-p003,47.2423,52,560,RLPolicy,1,1,0.0461943,2.77259,3.50656,6,5.73036,124,250,5.3398,616,0.9527
E3-Strict-p003,47.2462,396,149,RLPolicy,1,1,0.10583,3.46574,3.50656,7,6.66578,339,379,6.16863,616,0.999388
E3-Strict-p003,47.2588,362,276,RLPolicy,1,1,0.105852,3.46574,3.50656,7,5.34026,335,359,5.06386,616,0.988582
E3-Strict-p003,47.2636,39,482,RLPolicy,1,1,0.00728136,3.46574,3.50656,7,5.38414,295,315,4.97793,616,0.952201
E3-Strict-p003,47.2672,431,501,RLPolicy,1,1,0.120615,3.46574,3.50656,7,5.46359,48,263,5.12986,616,0.988786
E3-Strict-p003,47.2674,162,162,RLPolicy,0,0,0,0,3.50656,1,7.4515,29,29,7.38823,616,0.995718
E3-Strict-p003,47.2725,95,601,RLPolicy,1,1,0.0540373,2.07944,3.50656,5,5.78541,0,316,5.25553,616,0.9527
E3-Strict-p003,47.2736,179,144,RLPolicy,1,1,0.0693083,3.46574,3.50656,7,7.25405,377,440,6.81996,616,0.973699
E3-Strict-p003,47.2751,293,359,RLPolicy,1,1,0.0773349,2.95491,3.50656,6,6.51848,112,338,6.04634,616,0.98195
E3-Strict-p003,47.2755,300,532,RLPolicy,1,1,0.0781987,2.77259,3.50656,6,6.62599,99,301,6.00782,616,0.974311
E3-Strict-p003,47.2776,405,91,RLPolicy,1,1,0.101435,3.46574,3.50656,7,7.84979,89,396,6.84177,616,0.988786
E3-Strict-p003,47.2812,157,447,RLPolicy,1,1,0.0461633,3.15743,3.50656,7,6.29579,61,287,5.41529,616,0.958332
E3-Strict-p003,47.2872,59,530,RLPolicy,1,1,0.0483501,3.46574,3.50656,7,7.62122,210,311,6.96063,616,0.949643
E3-Strict-p003,47.2903,389,22,RLPolicy,1,1,0.0963293,3.46574,3.50656,7,5.13623,103,111,4.88584,616,0.992456
E3-Strict-p003,47.2954,169,337,RLPolicy,1,1,0.055396,2.77259,3.50656,6,7.50965,141,328,6.88896,616,0.921917
E3-Strict-p003,47.2985,493,493,RLPolicy,0,0,0,0,3.50656,1,5.33409,80,80,5.24536,616,0.999796
E3-Strict-p003,47.299,506,506,RLPolicy,0,0,0,0,3.50656,1,4.24114,1,1,4.16935,616,1
E3-Strict-p003,47.3079,114,114,RLPolicy,0,0,0,0,3.50656,1,8.31994,16,16,8.253,616,0.989195
E3-Strict-p003,47.3116,49,419,RLPolicy,1,1,0.0518144,2.46429,3.50656,6,7.74065,30,110,7.45701,616,0.978333
E3-Strict-p003,47.3148,170,170,RLPolicy,0,0,0,0,3.50656,1,5.31559,17,17,5.26807,616,0.964322
E3-Strict-p003,47.317,68,65,RLPolicy,1,1,0.00724238,3.46574,3.50656,7,10.0084,124,137,9.66899,616,0.970641
E3-Strict-p003,47.3184,86,461,RLPolicy,1,1,0.0381869,3.46574,3.50656,7,4.8988,191,253,4.47819,616,0.99531
E3-Strict-p003,47.3208,153,619,RLPolicy,1,1,0.0666507,2.77259,3.50656,6,5.92207,97,158,5.49819,616,0.968692
E3-Strict-p003,47.3289,255,59,RLPolicy,1,1,0.0738702,2.77259,3.50656,6,10.6604,25,356,9.78721,616,0.968495
E3-Strict-p003,47.3298,145,348,RLPolicy,1,1,0.0411666,3.46574,3.50656,7,5.76072,90,432,5.23855,616,0.995514
E3-Strict-p003,47.3315,218,218,RLPolicy,0,0,0,0,3.50656,1,4.02952,87,87,3.90373,2,0.970636
E3-Strict-p003,47.3339,408,408,RLPolicy,0,0,0,0,3.50656,1,7.27515,59,59,7.18434,616,0.995718
E3-Strict-p003,47.3345,285,174,RLPolicy,1,1,0.0758597,3.46574,3.50656,7,5.59264,319,362,5.23784,616,0.988378
E3-Strict-p003,47.3387,495,495,RLPolicy,0,0,0,0,3.50656,1,4.15445,8,8,4.10696,616,1
E3-Strict-p003,47.3432,417,600,RLPolicy,1,1,0.115339,3.46574,3.50656,7,5.22015,243,274,4.88177,616,0.996126
E3-Strict-p003,47.345,482,536,RLPolicy,1,1,0.114049,3.46574,3.50656,7,5.58316,268,307,5.19732,616,0.996126
E3-Strict-p003,47.346,399,56,RLPolicy,1,1,0.0951407,1.38629,3.50656,4,6.85864,0,196,6.30279,616,0.974923
E3-Strict-p003,47.3471,1,145,RLPolicy,1,1,0.0301515,3.46574,3.50656,7,6.62678,295,304,6.23707,616,0.965622
E3-Strict-p003,47.3517,333,99,RLPolicy,1,1,0.0840818,2.07944,3.50656,5,7.10327,1,216,6.69855,616,0.981447
E3-Strict-p003,47.3654,7,606,RLPolicy,1,1,0.037426,3.46574,3.50656,7,5.89323,297,319,5.55155,616,0.952621
E3-Strict-p003,47.3675,259,351,RLPolicy,1,1,0.0704823,3.46574,3.50656,7,7.18969,123,264,6.67461,616,0.99531
E3-Strict-p003,47.3688,183,183,RLPolicy,0,0,0,0,3.50656,1,6.13644,21,21,6.05573,616,0.977981
E3-Strict-p003,47.3742,226,226,RLPolicy,0,0,0,0,3.50656,1,5.38334,5,5,5.32581,616,0.977777
E3-Strict-p003,47.3766,240,240,RLPolicy,0,0,0,0,3.50656,1,5.68029,40,40,5.58565,616,0.989169
E3-Strict-p003,47.377,370,333,RLPolicy,1,1,0.0910147,2.77259,3.50656,6,5.68782,45,287,4.98225,616,0.995718
E3-Strict-p003,47.3779,483,344,RLPolicy,1,1,0.118161,3.46574,3.50656,7,5.29938,186,196,4.84073,616,0.999796
E3-Strict-p003,47.3861,491,587,RLPolicy,1,1,0.128073,3.46574,3.50656,7,6.78779,317,344,6.22811,616,0.999592
E3-Strict-p003,47.39,433,433,RLPolicy,0,0,0,0,3.50656,1,5.60034,69,69,5.51541,616,0.99266
E3-Strict-p003,47.3904,307,153,RLPolicy,1,1,0.075315,1.38629,3.50656,4,7.41659,0,159,6.81893,616,0.981243
E3-Strict-p003,47.3911,8,8,RLPolicy,0,0,0,0,3.50656,1,5.03322,78,78,4.9548,616,0.986352
E3-Strict-p003,47.3921,468,468,RLPolicy,0,0,0,0,3.50656,1,6.84715,71,71,6.75583,616,0.999592
E3-Strict-p003,47.3978,273,99,RLPolicy,1,1,0.0733008,2.07944,3.50656,5,10.2489,1,285,9.70489,616,0.983938
E3-Strict-p003,47.3982,467,195,RLPolicy,1,1,0.112512,2.77259,3.50656,6,8.29498,56,329,7.7572,616,0.992456
E3-Strict-p003,47.3987,193,193,RLPolicy,0,0,0,0,3.50656,1,5.60093,77,77,5.43615,1,0.981625
E3-Strict-p003,47.3997,280,280,RLPolicy,0,0,0,0,3.50656,1,4.35068,2,2,4.28192,616,0.989399
E3-Strict-p003,47.4003,225,95,RLPolicy,1,1,0.0659169,3.46574,3.50656,7,6.44635,171,346,5.60172,618,0.987562
E3-Strict-p003,47.4027,204,400,RLPolicy,1,1,0.00728786,3.46574,3.50656,7,5.92858,392,416,5.37817,618,0.992551
E3-Strict-p003,47.4044,155,98,RLPolicy,1,1,0.00729845,3.46574,3.50656,7,4.72015,420,432,4.46748,618,0.973903
E3-Strict-p003,47.4063,478,526,RLPolicy,1,1,0.116478,2.77259,3.50656,6,6.9616,166,356,6.2573,618,0.99633
E3-Strict-p003,47.4077,365,33,RLPolicy,1,1,0.122272,3.46574,3.50656,7,5.01446,231,265,4.64741,618,0.992048
E3-Strict-p003,47.4143,97,284,RLPolicy,1,1,0.0563262,3.46574,3.50656,7,6.84687,103,474,6.12133,618,0.978893
E3-Strict-p003,47.4152,352,259,RLPolicy,1,1,0.0866414,2.07944,3.50656,5,4.85814,1,192,4.60776,618,0.978185
E3-Strict-p003,47.416,17,17,RLPolicy,0,0,0,0,3.50656,1,6.11135,79,79,5.99291,618,0.985551
E3-Strict-p003,47.4189,103,394,RLPolicy,1,1,0.0519462,3.46574,3.50656,7,6.40192,248,286,5.88461,618,0.984504
E3-Strict-p003,47.4222,189,252,RLPolicy,1,1,0.0570509,3.46574,3.50656,7,6.93902,141,317,6.45867,618,0.983892
E3-Strict-p003,47.4255,67,587,RLPolicy,1,1,0.0585485,3.46574,3.50656,7,7.53383,299,351,6.85692,618,0.959632
E3-Strict-p003,47.4282,275,66,RLPolicy,1,1,0.0773374,2.77259,3.50656,6,7.41335,41,448,6.61036,618,0.981243
E3-Strict-p003,47.431,242,355,RLPolicy,1,1,0.0674617,2.77259,3.50656,6,6.95482,67,328,6.34942,618,0.977777
E3-Strict-p003,47.4466,390,533,RLPolicy,1,1,0.101373,3.46574,3.50656,7,7.25623,74,498,6.45611,618,0.995718
E3-Strict-p003,47.4477,297,294,RLPolicy,1,1,0.0771786,0.693147,3.50656,3,6.10922,0,75,5.94894,618,0.980472
E3-Strict-p003,47.4499,462,603,RLPolicy,1,1,0.115571,2.77259,3.50656,6,8.81039,43,250,8.05169,618,0.992456
E3-Strict-p003,47.4573,74,93,RLPolicy,1,1,0.0481933,3.46574,3.50656,7,6.48755,397,408,5.9875,618,0.953695
E3-Strict-p003,47.4602,65,255,RLPolicy,1,1,0.0368107,2.77259,3.50656,6,6.89057,101,225,6.24242,618,0.98562
E3-Strict-p003,47.461,435,238,RLPolicy,1,1,0.104856,1.38629,3.50656,4,5.33719,0,59,5.02477,618,0.989195
E3-Strict-p003,47.4676,180,434,RLPolicy,1,1,0.050134,3.46574,3.50656,7,6.51091,63,234,5.88385,618,0.986028
E3-Strict-p003,47.4684,61,61,RLPolicy,0,0,0,0,3.50656,1,6.43358,72,72,6.29196,618,0.981651
E3-Strict-p003,47.4743,159,159,RLPolicy,0,0,0,0,3.50656,1,4.92428,35,35,4.85906,618,0.96738
E3-Strict-p003,47.4751,442,250,RLPolicy,1,1,0.108379,0.693147,3.50656,3,7.72903,0,151,7.3643,618,0.985525
E3-Strict-p003,47.4762,412,110,RLPolicy,1,1,0.102337,3.46574,3.50656,7,6.06873,224,253,5.7786,618,0.992068
E3-Strict-p003,47.4768,359,187,RLPolicy,1,1,0.0904971,2.77259,3.50656,6,6.60206,83,368,5.96409,618,0.971458
E3-Strict-p003,47.4795,276,276,RLPolicy,0,0,0,0,3.50656,1,5.4547,62,62,5.37091,618,0.995718
E3-Strict-p003,47.4817,48,604,RLPolicy,1,1,0.0470783,3.46574,3.50656,7,7.41352,259,311,6.95262,618,0.953612
E3-Strict-p003,47.4869,288,608,RLPolicy,1,1,0.0761043,3.46574,3.50656,7,6.58526,152,347,5.88945,618,0.977777
E3-Strict-p003,47.4917,397,397,RLPolicy,0,0,0,0,3.50656,1,7.13139,75,75,7.04039,618,0.985321
E3-Strict-p003,47.4918,101,266,RLPolicy,1,1,0.0558681,3.46574,3.50656,7,7.65287,237,395,6.80624,618,0.984504
E3-Strict-p003,47.4921,308,308,RLPolicy,0,0,0,0,3.50656,1,7.00361,22,22,6.92299,618,0.99266
E3-Strict-p003,47.4921,379,486,RLPolicy,1,1,0.0928777,3.46574,3.50656,7,6.57434,61,308,6.04256,618,0.995514
E3-Strict-p003,47.4956,147,147,RLPolicy,0,0,0,0,3.50656,1,5.51831,68,68,5.44224,618,0.990481
E3-Strict-p003,47.5034,55,55,RLPolicy,0,0,0,0,3.50656,1,9.57139,46,46,9.44566,618,0.988378
E3-Strict-p003,47.5041,423,431,RLPolicy,1,1,0.101493,2.07944,3.50656,5,5.01683,0,208,4.58144,618,0.984691
E3-Strict-p003,47.5068,237,182,RLPolicy,1,1,0.0640912,2.77259,3.50656,6,10.8656,110,260,10.3009,618,0.97828
E3-Strict-p003,47.5136,125,163,RLPolicy,1,1,0.0582459,3.46574,3.50656,7,6.40915,160,295,5.96919,618,0.96443
E3-Strict-p003,47.5143,93,138,RLPolicy,1,1,0.0553704,3.46574,3.50656,7,5.13139,221,367,4.77321,618,0.967788
E3-Strict-p003,47.5147,53,436,RLPolicy,1,1,0.0455969,3.46574,3.50656,7,7.23483,206,391,6.53484,618,0.993579
E3-Strict-p003,47.5191,245,404,RLPolicy,1,1,0.0605895,3.31159,3.50656,7,8.06566,208,290,7.27584,618,0.982192
E3-Strict-p003,47.5226,44,217,RLPolicy,1,1,0.0389802,3.24274,3.50656,8,5.50566,387,493,4.95489,618,0.983219
E3-Strict-p003,47.5304,0,0,RLPolicy,0,0,0,0,3.50656,1,7.38376,78,78,7.30495,618,0.970554
E3-Strict-p003,47.5317,445,234,RLPolicy,1,1,0.113224,2.61844,3.50656,6,5.71372,52,353,5.09105,618,0.992635
E3-Strict-p003,47.5373,383,301,RLPolicy,1,1,0.100869,0.693147,3.50656,3,6.21978,0,42,5.96385,618,0.958952
E3-Strict-p003,47.5375,200,593,RLPolicy,1,1,0.077738,3.46574,3.50656,7,6.11374,141,155,5.86492,618,0.970641
E3-Strict-p003,47.5395,329,49,RLPolicy,1,1,0.0828107,2.07944,3.50656,5,6.37484,0,126,5.94835,618,0.985525
E3-Strict-p003,47.5406,258,627,RLPolicy,1,1,0.0724514,2.77259,3.50656,6,7.63279,59,148,7.23786,618,0.96004
E3-Strict-p003,47.5422,118,606,RLPolicy,1,1,0.053194,2.07944,3.50656,5,6.12466,0,211,5.67678,618,0.966563
E3-Strict-p003,47.5444,364,351,RLPolicy,1,1,0.112941,3.46574,3.50656,7,6.6151,39,269,6.09606,618,0.981447
E3-Strict-p003,47.5451,349,349,RLPolicy,0,0,0,0,3.50656,1,4.63989,57,57,4.57623,2,0.9869
E3-Strict-p003,47.547,91,507,RLPolicy,1,1,0.0616232,2.77259,3.50656,6,6.06023,37,351,5.41188,618,0.955962
E3-Strict-p003,47.5601,205,205,RLPolicy,0,0,0,0,3.50656,1,6.45825,70,70,6.38818,618,0.970845
E3-Strict-p003,47.5609,429,601,RLPolicy,1,1,0.103006,2.77259,3.50656,6,5.48411,78,214,5.03514,618,0.992456
E3-Strict-p003,47.5619,210,117,RLPolicy,1,1,0.0723745,2.77259,3.50656,6,5.3866,8,107,4.98352,618,0.995718
E3-Strict-p003,47.5676,458,310,RLPolicy,1,1,0.113088,2.77259,3.50656,6,8.82368,141,349,8.06311,618,0.995922
E3-Strict-p003,47.5713,499,479,RLPolicy,1,1,0.121319,3.46574,3.50656,7,6.32425,264,376,5.74906,618,0.999796
E3-Strict-p003,47.5949,224,125,RLPolicy,1,1,0.0771781,3.46574,3.50656,7,5.5756,58,296,5.13469,618,0.945973
E3-Strict-p003,47.5961,447,7,RLPolicy,1,1,0.108188,1.38629,3.50656,4,6.76037,0,142,6.25496,618,0.989195
E3-Strict-p003,47.6066,304,402,RLPolicy,1,1,0.0805078,3.46574,3.50656,7,5.41826,205,260,5.13352,618,0.977573
E3-Strict-p003,47.6087,436,539,RLPolicy,1,1,0.108042,3.46574,3.50656,7,8.6324,236,248,8.14288,618,0.999184
E3-Strict-p003,47.6087,497,30,RLPolicy,1,1,0.125985,1.38629,3.50656,4,5.76105,0,160,5.25443,618,0.989399
E3-Strict-p003,47.6104,211,316,RLPolicy,1,1,0.0554938,0.693147,3.50656,3,5.58755,0,134,5.32283,618,0.974311
E3-Strict-p003,47.6187,400,400,RLPolicy,0,0,0,0,3.50656,1,8.62322,19,19,8.54307,618,0.999592
E3-Strict-p003,47.621,446,146,RLPolicy,1,1,0.108093,2.77259,3.50656,6,6.64452,43,233,5.64662,618,0.995922
E3-Strict-p003,47.625,455,39,RLPolicy,1,1,0.11519,2.77259,3.50656,6,5.81098,46,108,5.55245,618,0.996126
E3-Strict-p003,47.6257,278,598,RLPolicy,1,1,0.0884017,3.46574,3.50656,7,7.825,62,405,7.04129,618,0.974311
E3-Strict-p003,47.6301,284,64,RLPolicy,1,1,0.0741218,2.77259,3.50656,6,6.03178,43,419,5.54182,618,0.974107
E3-Strict-p003,47.6306,223,428,RLPolicy,1,1,0.0805039,3.46574,3.50656,7,5.17071,137,147,4.93867,618,0.999184
E3-Strict-p003,47.6356,117,168,RLPolicy,1,1,0.0373896,3.46574,3.50656,7,11.0151,94,360,10.1123,618,0.956778
E3-Strict-p003,47.6367,137,225,RLPolicy,1,1,0.0603062,3.46574,3.50656,7,4.5946,196,225,4.3688,618,0.974311
E3-Strict-p003,47.6371,353,97,RLPolicy,1,1,0.0986089,2.77259,3.50656,6,4.15291,3,142,3.82356,618,0.996126
E3-Strict-p003,47.6374,317,281,RLPolicy,1,1,0.0781476,2.77259,3.50656,6,5.10521,97,226,4.69872,618,0.981855
E3-Strict-p003,47.6375,520,537,RLPolicy,1,1,0.131505,3.31159,3.50656,7,7.03557,176,228,6.60917,618,0.999025
E3-Strict-p003,47.6516,89,89,RLPolicy,0,0,0,0,3.50656,1,5.28303,59,59,5.20601,618,0.98063
E3-Strict-p003,47.652,312,356,RLPolicy,1,1,0.0889282,3.46574,3.50656,7,8.53367,170,435,7.86429,618,0.995105
E3-Strict-p003,47.6577,302,26,RLPolicy,1,1,0.0725729,2.07944,3.50656,5,5.9307,0,178,5.62659,618,0.971024
E3-Strict-p003,47.6698,488,247,RLPolicy,1,1,0.117917,3.46574,3.50656,7,4.95066,253,297,4.6814,618,0.999592
E3-Strict-p003,47.6757,83,102,RLPolicy,1,1,0.0409738,2.77259,3.50656,6,6.89762,23,400,6.46974,618,0.960581
E3-Strict-p003,47.6785,426,564,RLPolicy,1,1,0.105456,0.693147,3.50656,3,4.91116,0,22,4.71819,618,0.985933
E3-Strict-p003,47.6803,60,60,RLPolicy,0,0,0,0,3.50656,1,6.16545,59,59,6.03069,2,0.993987
E3-Strict-p003,47.6856,444,380,RLPolicy,1,1,0.110418,3.46574,3.50656,7,6.53446,334,398,5.89402,618,0.995718
E3-Strict-p003,47.6869,35,266,RLPolicy,1,1,0.0378893,0.387766,3.50656,3,7.00577,0,134,6.672,618,0.94292
E3-Strict-p003,47.6915,199,200,RLPolicy,1,1,0.0739133,3.46574,3.50656,7,6.65586,318,328,6.15143,618,0.984912
E3-Strict-p003,47.6944,457,200,RLPolicy,1,1,0.114363,3.46574,3.50656,7,7.01085,162,308,6.40246,618,0.999592
E3-Strict-p003,47.6957,356,521,RLPolicy,1,1,0.0905314,2.77259,3.50656,6,6.75576,39,291,5.89155,618,0.967584
E3-Strict-p003,47.7018,11,271,RLPolicy,1,1,0.0247133,3.3809,3.50656,8,5.80414,364,372,4.9206,618,0.976411
E3-Strict-p003,47.7018,129,316,RLPolicy,1,1,0.0536905,1.38629,3.50656,4,7.14962,0,94,6.70473,618,0.970641
E3-Strict-p003,47.7032,407,13,RLPolicy,1,1,0.0972307,2.07944,3.50656,5,7.79759,2,311,7.08709,618,0.985117
E3-Strict-p003,47.7117,523,523,RLPolicy,0,0,0,0,3.50656,1,6.17202,51,51,6.1056,618,1
E3-Strict-p003,47.7257,452,452,RLPolicy,0,0,0,0,3.50656,1,8.19457,3,3,8.12296,618,1
E3-Strict-p003,47.7308,131,131,RLPolicy,0,0,0,0,3.50656,1,6.88867,35,35,6.76148,618,0.977777
E3-Strict-p003,47.733,116,429,RLPolicy,1,1,0.0437096,2.77259,3.50656,6,6.01016,14,206,5.50985,618,0.94903
E3-Strict-p003,47.7352,341,576,RLPolicy,1,1,0.0870341,3.38813,3.50656,8,6.03043,65,231,5.29769,618,0.999204
E3-Strict-p003,47.7398,27,608,RLPolicy,1,1,0.03747,2.83898,3.50656,7,7.09881,252,374,6.56853,618,0.93604
E3-Strict-p003,47.7428,510,349,RLPolicy,1,1,0.119953,3.46574,3.50656,7,6.93188,56,411,5.94742,618,0.999796
E3-Strict-p003,47.7481,418,56,RLPolicy,1,1,0.100568,1.38629,3.50656,4,6.67079,0,163,6.34443,618,0.985525
E3-Strict-p003,47.7564,216,216,RLPolicy,0,0,0,0,3.50656,1,5.36853,69,69,5.29666,618,0.984499
E3-Strict-p003,47.7683,73,572,RLPolicy,1,1,0.051705,3.46574,3.50656,7,7.38235,308,332,7.08222,618,0.964838
E3-Strict-p003,47.7693,82,299,RLPolicy,1,1,0.0531936,3.46574,3.50656,7,7.21864,232,383,6.78172,618,0.95637
E3-Strict-p003,47.7701,305,614,RLPolicy,1,1,0.0730237,0.693147,3.50656,3,5.75437,0,148,5.53243,618,0.977981
E3-Strict-p003,47.7807,393,166,RLPolicy,1,1,0.115599,3.46574,3.50656,7,6.8449,340,360,6.43553,618,0.998979
E3-Strict-p003,47.7819,392,292,RLPolicy,1,1,0.0971812,2.77259,3.50656,6,7.28841,121,319,6.48297,618,0.995718
E3-Strict-p003,47.7822,144,144,RLPolicy,0,0,0,0,3.50656,1,5.50347,77,77,5.40813,618,0.977777
E3-Strict-p003,47.7883,313,313,RLPolicy,0,0,0,0,3.50656,1,7.00379,70,70,6.88313,618,0.988786
E3-Strict-p003,47.7919,141,141,RLPolicy,0,0,0,0,3.50656,1,5.90791,69,69,5.80567,618,0.995718
E3-Strict-p003,47.799,265,296,RLPolicy,1,1,0.0919533,3.46574,3.50656,7,7.22371,215,345,6.6712,618,0.981038
E3-Strict-p003,47.8016,340,623,RLPolicy,1,1,0.0877523,3.46574,3.50656,7,7.44532,190,382,6.61318,618,0.988174
E3-Strict-p003,47.8089,500,310,RLPolicy,1,1,0.119864,2.07944,3.50656,5,6.13141,0,152,5.6222,618,0.992864
E3-Strict-p003,47.8106,440,440,RLPolicy,0,0,0,0,3.50656,1,5.50749,38,38,5.37834,618,0.992456
E3-Strict-p003,47.817,432,487,RLPolicy,1,1,0.0482776,0.875469,3.50656,3,5.48022,0,95,5.25908,618,0.982971
E3-Strict-p003,47.8182,298,68,RLPolicy,1,1,0.0761579,2.77259,3.50656,6,6.3492,24,221,5.95048,618,0.974311
E3-Strict-p003,47.8217,138,85,RLPolicy,1,1,0.0650565,3.46574,3.50656,7,6.92744,302,340,6.34911,618,0.973699
E3-Strict-p003,47.8227,94,438,RLPolicy,1,1,0.0470782,2.77259,3.50656,6,7.06274,94,227,6.4048,618,0.967475
E3-Strict-p003,47.8236,5,585,RLPolicy,1,1,0.00699292,3.46574,3.50656,7,6.25092,288,301,5.65741,618,0.982977
E3-Strict-p003,47.8241,460,507,RLPolicy,1,1,0.110147,2.07944,3.50656,5,5.6737,1,208,5.30667,618,0.992456
E3-Strict-p003,47.8249,113,573,RLPolicy,1,1,0.0467131,3.46574,3.50656,7,7.24724,57,304,6.71603,618,0.955758
E3-Strict-p003,47.826,381,567,RLPolicy,1,1,0.0935227,3.46574,3.50656,7,6.76652,96,491,5.76598,618,0.982358
E3-Strict-p003,47.8274,372,615,RLPolicy,1,1,0.109558,3.31159,3.50656,7,4.83001,243,446,4.54901,618,0.987245
E3-Strict-p003,47.8346,92,32,RLPolicy,1,1,0.0516055,3.46574,3.50656,7,5.36034,320,370,4.95491,618,0.994901
E3-Strict-p003,47.8372,451,532,RLPolicy,1,1,0.107114,2.77259,3.50656,6,8.04132,53,304,7.58916,618,0.992456
E3-Strict-p003,47.8395,470,470,RLPolicy,0,0,0,0,3.50656,1,6.51244,19,19,6.41605,618,0.996126
E3-Strict-p003,47.8411,409,409,RLPolicy,0,0,0,0,3.50656,1,5.52158,3,3,5.40656,618,0.999796
E3-Strict-p003,47.8417,420,420,RLPolicy,0,0,0,0,3.50656,1,5.01533,29,29,4.95221,618,0.999796
E3-Strict-p003,47.8435,238,238,RLPolicy,0,0,0,0,3.50656,1,4.49546,17,17,4.42298,618,0.999388
E3-Strict-p003,47.8444,209,209,RLPolicy,0,0,0,0,3.50656,1,5.58284,11,11,5.50148,618,0.992864
E3-Strict-p003,47.8562,22,121,RLPolicy,1,1,0.0402012,2.81415,3.50656,7,8.16104,62,220,7.24235,618,0.946071
E3-Strict-p003,47.8632,34,34,RLPolicy,0,0,0,0,3.50656,1,5.20162,92,92,5.10096,4,0.947122
E3-Strict-p003,47.8634,403,403,RLPolicy,0,0,0,0,3.50656,1,7.16614,54,54,7.07279,618,0.992252
E3-Strict-p003,47.8659,345,585,RLPolicy,1,1,0.0866792,2.77259,3.50656,6,9.03097,3,270,8.20532,618,0.971254
E3-Strict-p003,47.8681,233,334,RLPolicy,1,1,0.0789749,3.46574,3.50656,7,5.84085,311,367,5.31053,618,0.992048
E3-Strict-p003,47.8711,323,323,RLPolicy,0,0,0,0,3.50656,1,5.84301,21,21,5.75443,4,0.995718
E3-Strict-p003,47.8773,469,494,RLPolicy,1,1,0.111733,3.46574,3.50656,7,11.3171,161,393,10.169,618,0.995922
E3-Strict-p003,47.8791,58,153,RLPolicy,1,1,0.0264959,1.38629,3.50656,4,8.4546,0,188,8.04928,618,0.928852
E3-Strict-p003,47.8816,219,611,RLPolicy,1,1,0.0542172,3.46574,3.50656,7,6.36592,42,243,5.71477,618,0.991027
E3-Strict-p003,47.8828,367,68,RLPolicy,1,1,0.0904981,2.07944,3.50656,5,5.48713,0,213,4.96849,618,0.982263
E3-Strict-p003,47.8914,310,310,RLPolicy,0,0,0,0,3.50656,1,4.27215,48,48,4.19198,4,0.991844
E3-Strict-p003,47.8917,512,512,RLPolicy,0,0,0,0,3.50656,1,5.48662,14,14,5.42056,618,1
E3-Strict-p003,47.8989,402,488,RLPolicy,1,1,0.112218,3.46574,3.50656,7,6.87499,272,299,6.54223,618,0.999184
E3-Strict-p003,47.9039,477,453,RLPolicy,1,1,0.112035,2.77259,3.50656,6,7.37104,145,342,6.74378,618,0.98899
E3-Strict-p003,47.9042,303,159,RLPolicy,1,1,0.0942797,3.46574,3.50656,7,3.83049,163,174,3.62517,618,0.996126
E3-Strict-p003,47.9265,104,104,RLPolicy,0,0,0,0,3.50656,1,5.81113,92,92,5.66734,618,0.99164
E3-Strict-p003,47.9317,268,365,RLPolicy,1,1,0.07594,2.77259,3.50656,6,8.68381,136,293,8.15583,618,0.966971
E3-Strict-p003,47.9342,186,5,RLPolicy,1,1,0.0627912,3.46574,3.50656,7,8.1481,206,358,7.64823,618,0.980834
E3-Strict-p003,47.9492,214,197,RLPolicy,1,1,0.0558931,3.46574,3.50656,7,5.91727,261,270,5.58771,618,0.979676
E3-Strict-p003,47.9545,130,455,RLPolicy,1,1,0.0504646,2.77259,3.50656,6,7.28745,23,86,6.9577,618,0.967584
E3-Strict-p003,47.9545,475,475,RLPolicy,0,0,0,0,3.50656,1,7.84198,32,32,7.76055,618,0.989399
E3-Strict-p003,47.956,461,621,RLPolicy,1,1,0.109481,2.77259,3.50656,6,6.76701,50,204,6.19713,618,0.996126
E3-Strict-p003,47.9686,281,187,RLPolicy,1,1,0.0939591,2.77259,3.50656,6,6.221,91,226,5.73691,618,0.984504
E3-Strict-p003,47.9695,385,385,RLPolicy,0,0,0,0,3.50656,1,6.38638,74,74,6.20647,618,0.992252
E3-Strict-p003,47.9704,175,498,RLPolicy,1,1,0.0729068,3.46574,3.50656,7,5.35949,268,332,4.86762,618,0.994493
E3-Strict-p003,47.9719,41,371,RLPolicy,1,1,0.0448351,2.85497,3.50656,7,6.45359,193,350,6.05396,618,0.942122
E3-Strict-p003,47.9758,398,292,RLPolicy,1,1,0.0974001,2.77259,3.50656,6,7.18122,126,277,6.74397,618,0.992456
E3-Strict-p003,47.9815,69,112,RLPolicy,1,1,0.0505392,3.46574,3.50656,7,7.73755,108,397,6.60384,618,0.980222
E3-Strict-p003,47.9821,42,430,RLPolicy,1,1,0.0420683,2.77259,3.50656,6,6.89862,35,330,5.99937,618,0.985736
E3-Strict-p003,47.9823,311,132,RLPolicy,1,1,0.0774586,2.77259,3.50656,6,6.7806,138,271,6.24045,618,0.974923
E3-Strict-p003,47.9829,152,152,RLPolicy,0,0,0,0,3.50656,1,5.22317,37,37,5.13461,618,0.971254
E3-Strict-p003,47.9849,453,378,RLPolicy,1,1,0.11347,2.77259,3.50656,6,7.74964,101,232,7.16837,618,0.99266
E3-Strict-p003,47.9855,202,490,RLPolicy,1,1,0.0768611,3.46574,3.50656,7,7.8293,128,137,7.25783,618,0.981243
E3-Strict-p003,47.9931,459,565,RLPolicy,1,1,0.105828,2.77259,3.50656,6,6.95339,51,129,6.47936,618,0.982059
E3-Strict-p003,48.0003,168,621,RLPolicy,1,1,0.0695749,3.46574,3.50656,7,6.52847,249,335,6.16122,618,0.970233
E3-Strict-p003,48.0027,111,461,RLPolicy,1,1,0.0583118,2.07944,3.50656,5,7.50878,0,337,6.84003,618,0.970233
E3-Strict-p003,48.0119,30,30,RLPolicy,0,0,0,0,3.50656,1,10.0217,51,51,9.95251,618,0.976915
E3-Strict-p003,48.0153,21,447,RLPolicy,1,1,0.0311269,1.38629,3.50656,4,8.3132,0,176,7.63897,618,0.944895
E3-Strict-p003,48.0171,24,273,RLPolicy,1,1,0.0433089,3.24274,3.50656,8,6.06775,125,596,5.29647,618,0.97546
E3-Strict-p003,48.0189,430,399,RLPolicy,1,1,0.105064,3.46574,3.50656,7,7.47336,108,505,6.70747,618,0.992252
E3-Strict-p003,48.0191,10,107,RLPolicy,1,1,0.0390944,2.85497,3.50656,7,5.63671,135,361,5.05809,618,0.951967
E3-Strict-p003,48.0217,161,630,RLPolicy,1,1,0.0543248,2.77259,3.50656,6,6.25481,41,356,5.5868,618,0.974311
E3-Strict-p003,48.0235,98,630,RLPolicy,1,1,0.0422869,2.77259,3.50656,6,6.8004,39,395,6.31271,618,0.956778
E3-Strict-p003,48.0273,2,561,RLPolicy,1,1,0.0416781,3.46574,3.50656,7,7.73159,117,318,7.01709,618,0.977164
E3-Strict-p003,48.0348,4,630,RLPolicy,1,1,0.0476641,3.31159,3.50656,7,9.87479,164,183,9.57645,618,0.967985
E3-Strict-p003,48.0396,29,128,RLPolicy,1,1,0.00723415,3.46574,3.50656,7,10.2372,304,339,9.59492,618,0.982686
E3-Strict-p003,48.0422,266,128,RLPolicy,1,1,0.0716405,3.46574,3.50656,7,7.70393,107,527,6.9504,618,0.980834
E3-Strict-p003,48.0483,484,484,RLPolicy,0,0,0,0,3.50656,1,4.7825,1,1,4.70174,618,1
E3-Strict-p003,48.0519,64,602,RLPolicy,1,1,0.0475296,3.31159,3.50656,7,8.46929,173,319,8.00364,618,0.934601
E3-Strict-p003,48.0685,181,48,RLPolicy,1,1,0.068533,3.31159,3.50656,7,6.07849,201,222,5.67594,618,0.993972
E3-Strict-p003,48.0857,136,206,RLPolicy,1,1,0.0625987,3.46574,3.50656,7,7.54851,246,352,7.02853,618,0.9843
E3-Strict-p003,48.0962,234,538,RLPolicy,1,1,0.0651647,3.46574,3.50656,7,6.12701,75,305,5.48446,618,0.977573
E3-Strict-p003,48.1025,75,579,RLPolicy,1,1,0.0347314,2.77259,3.50656,6,8.13657,50,248,7.36559,619,0.967921
E3-Strict-p003,48.1118,267,126,RLPolicy,1,1,0.0770299,3.46574,3.50656,7,8.0604,372,378,7.27761,619,0.980472
E3-Strict-p003,48.1153,107,479,RLPolicy,1,1,0.0439763,1.38629,3.50656,4,5.61033,0,267,5.17179,619,0.960244
E3-Strict-p003,48.1204,357,357,RLPolicy,0,0,0,0,3.50656,1,4.38086,12,12,4.30067,619,0.992864
E3-Strict-p003,48.1207,57,57,RLPolicy,0,0,0,0,3.50656,1,5.77367,8,8,5.68196,619,0.994191
E3-Strict-p003,48.1317,272,48,RLPolicy,1,1,0.0766563,3.46574,3.50656,7,7.43756,93,376,6.7917,619,0.981447
E3-Strict-p003,48.134,150,150,RLPolicy,0,0,0,0,3.50656,1,5.4302,78,78,5.34939,619,0.989894
E3-Strict-p003,48.1342,346,346,RLPolicy,0,0,0,0,3.50656,1,6.29388,8,8,6.18911,619,0.999388
E3-Strict-p003,48.1387,151,578,RLPolicy,1,1,0.0460429,3.46574,3.50656,7,7.04704,74,455,6.09225,619,0.973903
E3-Strict-p003,48.1418,254,56,RLPolicy,1,1,0.0731497,2.07944,3.50656,5,8.50843,1,303,7.69948,619,0.985117
E3-Strict-p003,48.142,528,291,RLPolicy,1,1,0.127333,3.46574,3.50656,7,5.29209,327,376,4.83564,619,0.999796
E3-Strict-p003,48.1459,122,602,RLPolicy,1,1,0.0614285,3.46574,3.50656,7,8.54275,354,389,7.42287,619,0.977369
E3-Strict-p003,48.147,404,496,RLPolicy,1,1,0.11987,3.46574,3.50656,7,6.21674,344,367,5.91511,619,0.995718
E3-Strict-p003,48.1549,366,7,RLPolicy,1,1,0.0924656,2.77259,3.50656,6,7.0055,29,361,6.35,619,0.991844
E3-Strict-p003,48.1572,236,236,RLPolicy,0,0,0,0,3.50656,1,6.66884,75,75,6.48189,619,0.965634
E3-Strict-p003,48.159,387,219,RLPolicy,1,1,0.121364,3.15743,3.50656,7,5.15867,124,138,4.77668,619,0.996687
E3-Strict-p003,48.1655,463,605,RLPolicy,1,1,0.108471,2.07944,3.50656,5,7.57649,0,271,6.8024,619,0.985729
E3-Strict-p003,48.1677,321,169,RLPolicy,1,1,0.104025,3.15743,3.50656,7,6.65678,148,324,5.99898,619,0.985678
E3-Strict-p003,48.172,513,140,RLPolicy,1,1,0.140701,3.46574,3.50656,7,5.79492,50,72,5.38821,619,0.999796
E3-Strict-p003,48.1727,227,598,RLPolicy,1,1,0.0573551,3.46574,3.50656,7,7.00787,81,420,6.00256,619,0.9843
E3-Strict-p003,48.1834,31,222,RLPolicy,1,1,0.0465426,2.85497,3.50656,7,6.46818,272,362,5.83579,619,0.977329
E3-Strict-p003,48.1922,269,269,RLPolicy,0,0,0,0,3.50656,1,6.29885,38,38,6.16177,619,0.995718
E3-Strict-p003,48.1944,320,320,RLPolicy,0,0,0,0,3.50656,1,5.49462,18,18,5.4093,619,0.995922
E3-Strict-p003,48.1996,472,472,RLPolicy,0,0,0,0,3.50656,1,6.53033,71,71,6.12799,2,0.999796
E3-Strict-p003,48.2034,344,159,RLPolicy,1,1,0.102424,3.46574,3.50656,7,5.34641,137,143,5.00009,620,0.988786
E3-Strict-p003,48.2067,377,480,RLPolicy,1,1,0.0895346,1.38629,3.50656,4,6.95023,0,241,6.49485,620,0.985117
E3-Strict-p003,48.207,369,369,RLPolicy,0,0,0,0,3.50656,1,5.97095,17,17,5.92288,620,0.985525
E3-Strict-p003,48.208,222,222,RLPolicy,0,0,0,0,3.50656,1,5.34917,76,76,5.2824,620,0.950796
E3-Strict-p003,48.2105,215,59,RLPolicy,1,1,0.0807016,3.46574,3.50656,7,6.72479,150,223,6.25261,620,0.986123
E3-Strict-p003,48.2109,33,605,RLPolicy,1,1,0.042771,1.08091,3.50656,4,5.40612,0,142,5.05339,620,0.930416
E3-Strict-p003,48.2271,286,286,RLPolicy,0,0,0,0,3.50656,1,7.14461,50,50,6.92706,620,0.983391
E3-Strict-p003,48.2292,160,160,RLPolicy,0,0,0,0,3.50656,1,4.29476,17,17,4.2263,620,1
E3-Strict-p003,48.2314,228,228,RLPolicy,0,0,0,0,3.50656,1,4.57186,3,3,4.50908,620,1
E3-Strict-p003,48.2357,71,474,RLPolicy,1,1,0.0292058,2.07944,3.50656,5,6.38074,1,64,5.99517,620,0.974107
E3-Strict-p003,48.2418,70,67,RLPolicy,1,1,0.0466712,2.77259,3.50656,6,12.2979,159,355,11.6023,620,0.955758
E3-Strict-p003,48.2464,174,116,RLPolicy,1,1,0.0543249,3.46574,3.50656,7,5.87302,197,354,5.21245,620,0.995105
E3-Strict-p003,48.2475,221,593,RLPolicy,1,1,0.0804153,3.46574,3.50656,7,7.32281,238,251,6.77655,620,0.946177
E3-Strict-p003,48.2483,415,8,RLPolicy,1,1,0.105125,3.46574,3.50656,7,7.16292,196,350,6.73317,620,0.974719
E3-Strict-p003,48.2523,274,342,RLPolicy,1,1,0.0705902,0.693147,3.50656,3,7.43868,0,148,7.03222,620,0.938679
E3-Strict-p003,48.2535,203,416,RLPolicy,1,1,0.0647582,3.46574,3.50656,7,6.39752,399,412,5.99576,620,0.988378
E3-Strict-p003,48.2584,479,184,RLPolicy,1,1,0.115083,3.46574,3.50656,7,7.25254,131,519,6.71593,620,0.999592
E3-Strict-p003,48.2606,231,66,RLPolicy,1,1,0.0682063,2.77259,3.50656,6,6.22894,42,451,5.5291,620,0.973699
E3-Strict-p003,48.2636,84,30,RLPolicy,1,1,0.0508617,1.38629,3.50656,4,6.63781,0,280,5.99071,620,0.95637
E3-Strict-p003,48.2655,247,341,RLPolicy,1,1,0.08008,3.31159,3.50656,7,7.09245,149,175,6.81911,620,0.983141
E3-Strict-p003,48.2688,148,148,RLPolicy,0,0,0,0,3.50656,1,5.29816,15,15,5.22116,620,0.992864
E3-Strict-p003,48.2704,485,159,RLPolicy,1,1,0.0518558,2.95491,3.50656,6,7.04171,117,233,6.59868,620,0.994484
E3-Strict-p003,48.2716,149,543,RLPolicy,1,1,0.054014,2.07944,3.50656,5,6.29133,1,267,5.87635,620,0.956574
E3-Strict-p003,48.2759,270,215,RLPolicy,1,1,0.0798314,2.77259,3.50656,6,7.48339,63,122,7.08281,620,0.991844
E3-Strict-p003,48.2847,522,325,RLPolicy,1,1,0.127633,1.38629,3.50656,4,6.05471,0,237,5.48352,620,0.989399
E3-Strict-p003,48.2853,182,204,RLPolicy,1,1,0.0590317,2.77259,3.50656,6,6.46095,121,307,5.76687,620,0.987766
E3-Strict-p003,48.2894,325,268,RLPolicy,1,1,0.078226,1.92529,3.50656,5,7.2958,0,264,6.63563,620,0.975669
E3-Strict-p003,48.2948,410,544,RLPolicy,1,1,0.128572,3.46574,3.50656,7,7.6648,77,91,7.25504,620,0.995514
E3-Strict-p003,48.2992,120,120,RLPolicy,0,0,0,0,3.50656,1,5.15458,21,21,5.06491,620,0.999796
E3-Strict-p003,48.302,87,87,RLPolicy,0,0,0,0,3.50656,1,5.29059,71,71,5.21845,621,0.952904
E3-Strict-p003,48.3029,424,354,RLPolicy,1,1,0.100826,1.38629,3.50656,4,5.14824,0,139,4.84589,621,0.985321
E3-Strict-p003,48.3082,489,489,RLPolicy,0,0,0,0,3.50656,1,5.51039,76,76,5.4554,621,0.99633
E3-Strict-p003,48.3133,100,269,RLPolicy,1,1,0.0557008,3.31159,3.50656,7,6.99278,267,349,6.19839,621,0.952307
E3-Strict-p003,48.3157,416,70,RLPolicy,1,1,0.10941,2.77259,3.50656,6,9.84671,8,291,9.33654,621,0.995922
E3-Strict-p003,48.3158,167,440,RLPolicy,1,1,0.0685114,3.46574,3.50656,7,5.65292,358,397,5.27846,621,0.981243
E3-Strict-p003,48.3178,158,32,RLPolicy,1,1,0.0533116,2.77259,3.50656,6,6.79191,16,200,6.43999,621,0.980834
E3-Strict-p003,48.3201,197,490,RLPolicy,1,1,0.0750867,3.46574,3.50656,7,9.20686,166,191,8.89607,621,0.971757
E3-Strict-p003,48.3245,23,176,RLPolicy,1,1,0.0407601,3.16035,3.50656,7,6.83327,200,242,6.4112,621,0.902009
E3-Strict-p003,48.3284,263,469,RLPolicy,1,1,0.0663587,3.46574,3.50656,7,6.69868,68,411,5.82646,621,0.995514
E3-Strict-p003,48.3289,77,475,RLPolicy,1,1,0.042765,2.77259,3.50656,6,6.15931,141,297,5.64597,621,0.949413
E3-Strict-p003,48.3361,519,182,RLPolicy,1,1,0.1219,3.46574,3.50656,7,6.78311,76,418,5.5646,621,0.999796
E3-Strict-p003,48.3395,373,339,RLPolicy,1,1,0.0972082,3.15743,3.50656,7,4.92807,157,288,4.51161,621,0.993814
E3-Strict-p003,48.341,508,508,RLPolicy,0,0,0,0,3.50656,1,5.3324,61,61,5.26057,621,0.99633
E3-Strict-p003,48.3412,79,28,RLPolicy,1,1,0.0387275,0.693147,3.50656,3,7.05934,0,107,6.65829,621,0.977573
E3-Strict-p003,48.3419,32,326,RLPolicy,1,1,0.0540651,2.85497,3.50656,7,6.13507,200,404,5.59701,621,0.931235
E3-Strict-p003,48.3441,37,252,RLPolicy,1,1,0.0415889,3.16035,3.50656,7,5.48948,144,203,5.11232,621,0.969791
E3-Strict-p003,48.3571,494,51,RLPolicy,1,1,0.11599,2.77259,3.50656,6,5.68092,32,254,5.30519,621,0.996126
E3-Strict-p003,48.3604,449,449,RLPolicy,0,0,0,0,3.50656,1,6.57092,62,62,6.45442,621,0.999592
E3-Strict-p003,48.3626,371,457,RLPolicy,1,1,0.0948087,3.46574,3.50656,7,5.72327,92,184,5.22667,621,0.992048
E3-Strict-p003,48.3736,486,297,RLPolicy,1,1,0.113413,2.77259,3.50656,6,6.68332,82,204,6.21081,621,0.992456
E3-Strict-p003,48.3754,413,35,RLPolicy,1,1,0.108643,2.07944,3.50656,5,6.63525,0,68,6.22171,621,0.971662
E3-Strict-p003,48.378,515,515,RLPolicy,0,0,0,0,3.50656,1,5.41267,37,37,5.34346,621,1
E3-Strict-p003,48.383,251,284,RLPolicy,1,1,0.0762894,3.15743,3.50656,7,6.977,101,467,6.32845,621,0.983345
E3-Strict-p003,48.3905,156,78,RLPolicy,1,1,0.0695598,3.46574,3.50656,7,6.42931,361,406,6.09016,621,0.956166
E3-Strict-p003,48.3966,388,380,RLPolicy,1,1,0.098857,2.77259,3.50656,6,4.67948,97,194,4.39149,621,0.986232
E3-Strict-p003,48.3991,176,176,RLPolicy,0,0,0,0,3.50656,1,4.8899,2,2,4.83051,621,0.991844
E3-Strict-p003,48.3999,294,123,RLPolicy,1,1,0.0743389,3.46574,3.50656,7,5.95301,237,284,5.72343,621,0.988378
E3-Strict-p003,48.4089,517,351,RLPolicy,1,1,0.123841,3.46574,3.50656,7,6.52079,48,272,5.58803,621,0.999796
E3-Strict-p003,48.4144,540,540,RLPolicy,0,0,0,0,3.50656,1,5.98632,58,58,5.89544,621,1
E3-Strict-p003,48.4188,112,622,RLPolicy,1,1,0.0428501,3.31159,3.50656,7,7.25277,133,543,6.28905,621,0.946534
E3-Strict-p003,48.42,121,121,RLPolicy,0,0,0,0,3.50656,1,5.42861,13,13,5.3519,621,0.990506
E3-Strict-p003,48.421,401,317,RLPolicy,1,1,0.10648,3.46574,3.50656,7,6.27296,283,313,5.8381,621,0.981651
E3-Strict-p003,48.4241,456,456,RLPolicy,0,0,0,0,3.50656,1,4.59136,7,7,4.53787,621,1
E3-Strict-p003,48.4272,177,312,RLPolicy,1,1,0.068937,2.77259,3.50656,6,6.12049,76,256,5.56052,621,0.973699
E3-Strict-p003,48.4309,108,198,RLPolicy,1,1,0.052133,3.31159,3.50656,7,5.90281,257,277,5.61189,621,0.962551
E3-Strict-p003,48.431,283,404,RLPolicy,1,1,0.0654424,0.693147,3.50656,3,6.71697,0,143,6.33203,621,0.982263
E3-Strict-p003,48.431,425,425,RLPolicy,0,0,0,0,3.50656,1,5.16419,68,68,5.06471,621,0.989335
E3-Strict-p003,48.4315,355,404,RLPolicy,1,1,0.0844216,0.693147,3.50656,3,7.05566,0,99,6.81263,621,0.981651
E3-Strict-p003,48.4326,241,241,RLPolicy,0,0,0,0,3.50656,1,4.37139,25,25,4.32031,621,0.984912
E3-Strict-p003,48.4351,406,406,RLPolicy,0,0,0,0,3.50656,1,8.09541,95,95,8.00257,621,0.995718
E3-Strict-p003,48.4372,375,375,RLPolicy,0,0,0,0,3.50656,1,5.28437,42,42,5.1407,621,0.996126
E3-Strict-p003,48.4381,262,358,RLPolicy,1,1,0.086585,3.46574,3.50656,7,8.49055,351,405,7.93576,621,0.977573
E3-Strict-p003,48.4453,287,287,RLPolicy,0,0,0,0,3.50656,1,5.78958,6,6,5.71722,621,0.987423
E3-Strict-p003,48.4494,504,3,RLPolicy,1,1,0.127644,3.46574,3.50656,7,5.89994,164,385,5.16205,621,0.999592
E3-Strict-p003,48.4532,28,28,RLPolicy,0,0,0,0,3.50656,1,7.45317,26,26,7.37414,621,0.967296
E3-Strict-p003,48.4663,72,72,RLPolicy,0,0,0,0,3.50656,1,6.12544,25,25,5.92354,621,0.977981
E3-Strict-p003,48.4706,257,257,RLPolicy,0,0,0,0,3.50656,1,6.50562,57,57,6.42154,621,0.982059
E3-Strict-p003,48.4711,196,196,RLPolicy,0,0,0,0,3.50656,1,5.8012,27,27,5.71486,1,0.981038
E3-Strict-p003,48.4727,395,70,RLPolicy,1,1,0.113665,2.26176,3.50656,5,7.84125,83,307,7.21191,621,0.986436
E3-Strict-p003,48.4741,332,536,RLPolicy,1,1,0.0881437,3.46574,3.50656,7,6.98712,249,424,6.50542,621,0.974515
E3-Strict-p003,48.479,471,267,RLPolicy,1,1,0.111199,2.77259,3.50656,6,6.93108,112,347,6.37042,621,0.99266
E3-Strict-p003,48.4806,85,502,RLPolicy,1,1,0.0376683,3.46574,3.50656,7,5.05248,287,311,4.7599,621,0.992048
E3-Strict-p003,48.4809,18,18,RLPolicy,0,0,0,0,3.50656,1,5.3715,68,68,5.24917,1,0.979421
E3-Strict-p003,48.4842,527,197,RLPolicy,1,1,0.152887,3.46574,3.50656,7,5.35296,151,167,4.97309,621,0.999796
E3-Strict-p003,48.4882,185,185,RLPolicy,0,0,0,0,3.50656,1,6.93577,57,57,6.77982,621,0.974311
E3-Strict-p003,48.4894,516,424,RLPolicy,1,1,0.12036,3.46574,3.50656,7,5.85273,149,320,5.13396,621,0.999796
E3-Strict-p003,48.4962,421,84,RLPolicy,1,1,0.104302,3.00328,3.50656,7,5.95465,72,364,5.5274,621,0.983212
E3-Strict-p003,48.4979,142,365,RLPolicy,1,1,0.0592699,2.77259,3.50656,6,10.2199,131,267,9.80109,621,0.961556
E3-Strict-p003,48.5039,496,496,RLPolicy,0,0,0,0,3.50656,1,4.87294,63,63,4.79966,621,0.999796
E3-Strict-p003,48.5044,6,6,RLPolicy,0,0,0,0,3.50656,1,8.76431,41,41,8.71139,621,0.97035
E3-Strict-p003,48.5082,128,343,RLPolicy,1,1,0.0549906,2.61844,3.50656,6,11.3526,23,361,10.4257,621,0.953262
E3-Strict-p003,48.5096,106,494,RLPolicy,1,1,0.0624965,2.77259,3.50656,6,5.16932,17,246,4.60088,621,0.981038
E3-Strict-p003,48.5138,166,67,RLPolicy,1,1,0.0650664,3.46574,3.50656,7,5.158,331,359,4.6566,621,0.999184
E3-Strict-p003,48.5143,250,502,RLPolicy,1,1,0.0742339,2.77259,3.50656,6,4.50072,110,304,4.14966,621,0.991685
E3-Strict-p003,48.5148,78,73,RLPolicy,1,1,0.0510814,3.46574,3.50656,7,6.89045,312,363,6.55116,621,0.981038
E3-Strict-p003,48.5169,127,110,RLPolicy,1,1,0.0616956,3.46574,3.50656,7,7.48838,199,227,7.05344,621,0.973495
E3-Strict-p003,48.5268,474,149,RLPolicy,1,1,0.117308,3.46574,3.50656,7,6.27998,191,398,5.73451,621,0.982059
E3-Strict-p003,48.5313,124,246,RLPolicy,1,1,0.0475277,3.46574,3.50656,7,7.55249,73,419,6.72003,621,0.991027
E3-Strict-p003,48.5425,306,306,RLPolicy,0,0,0,0,3.50656,1,4.68574,22,22,4.62784,621,0.985321
E3-Strict-p003,48.5462,260,335,RLPolicy,1,1,0.0722478,2.77259,3.50656,6,7.74453,25,252,6.95137,621,0.963506
E3-Strict-p003,48.5483,514,514,RLPolicy,0,0,0,0,3.50656,1,10.8684,83,83,10.7795,621,1
E3-Strict-p003,48.561,376,376,RLPolicy,0,0,0,0,3.50656,1,4.93005,90,90,4.8618,621,0.995514
E3-Strict-p003,48.5652,427,488,RLPolicy,1,1,0.107111,3.46574,3.50656,7,6.06579,26,277,5.62701,621,0.981855
E3-Strict-p003,48.568,438,438,RLPolicy,0,0,0,0,3.50656,1,4.0756,3,3,4.02721,621,0.99266
E3-Strict-p003,48.5737,339,404,RLPolicy,1,1,0.107375,2.77259,3.50656,6,7.21968,144,304,6.55047,621,0.960448
E3-Strict-p003,48.5757,351,626,RLPolicy,1,1,0.10022,2.77259,3.50656,6,6.31163,13,217,5.79354,621,0.966992
E3-Strict-p003,48.5796,503,503,RLPolicy,0,0,0,0,3.50656,1,4.68033,40,40,4.6181,621,0.999796
E3-Strict-p003,48.5825,195,282,RLPolicy,1,1,0.0486308,1.38629,3.50656,4,7.18452,0,218,6.61064,621,0.973699
E3-Strict-p003,48.5952,380,382,RLPolicy,1,1,0.0954801,3.31159,3.50656,7,5.29326,207,227,4.91489,621,0.991864
E3-Strict-p003,48.5999,526,278,RLPolicy,1,1,0.120367,2.77259,3.50656,6,5.69533,8,235,5.12129,621,0.99633
E3-Strict-p003,48.6005,119,65,RLPolicy,1,1,0.0610904,3.15743,3.50656,7,6.01648,272,369,5.70135,623,0.923229
E3-Strict-p003,48.602,47,47,RLPolicy,0,0,0,0,3.50656,1,5.75131,84,84,5.66729,623,0.983506
E3-Strict-p003,48.6026,13,33,RLPolicy,1,1,0.0451149,3.24274,3.50656,8,9.61673,279,345,8.9648,623,0.941766
E3-Strict-p003,48.6043,434,376,RLPolicy,1,1,0.1205,3.46574,3.50656,7,5.76769,376,416,5.41554,623,0.999184
E3-Strict-p003,48.6048,198,245,RLPolicy,1,1,0.0482755,0.693147,3.50656,3,6.77011,0,64,6.56912,623,0.956778
E3-Strict-p003,48.6064,163,319,RLPolicy,1,1,0.0625987,2.77259,3.50656,6,5.94192,134,281,5.44602,623,0.970641
E3-Strict-p003,48.6077,309,31,RLPolicy,1,1,0.0797397,2.77259,3.50656,6,5.26866,125,269,4.79828,623,0.984708
E3-Strict-p003,48.6191,314,343,RLPolicy,1,1,0.0824103,1.38629,3.50656,4,6.11947,0,161,5.85261,623,0.981447
E3-Strict-p003,48.6213,501,432,RLPolicy,1,1,0.118887,1.38629,3.50656,4,4.96212,0,160,4.70655,623,0.989195
E3-Strict-p003,48.6272,282,367,RLPolicy,1,1,0.0709691,3.46574,3.50656,7,8.25514,219,383,7.48728,623,0.98797
E3-Strict-p003,48.6307,135,135,RLPolicy,0,0,0,0,3.50656,1,7.1826,93,93,7.06762,623,0.97696
E3-Strict-p003,48.6416,509,509,RLPolicy,0,0,0,0,3.50656,1,4.45792,68,68,4.38461,4,0.989399
E3-Strict-p003,48.6521,90,90,RLPolicy,0,0,0,0,3.50656,1,4.61817,39,39,4.56345,623,0.988582
E3-Strict-p003,48.6573,165,167,RLPolicy,1,1,0.0717267,3.08844,3.50656,7,7.59928,93,357,6.64952,623,0.983827
E3-Strict-p003,48.6579,354,130,RLPolicy,1,1,0.0841746,2.77259,3.50656,6,7.5944,104,207,7.23296,623,0.984142
E3-Strict-p003,48.6674,299,84,RLPolicy,1,1,0.0956927,3.46574,3.50656,7,5.34177,247,383,4.92563,623,0.999184
E3-Strict-p003,48.6701,318,318,RLPolicy,0,0,0,0,3.50656,1,4.46599,1,1,4.41321,623,1
E3-Strict-p003,48.676,171,169,RLPolicy,1,1,0.0465598,3.46574,3.50656,7,5.89858,129,489,5.33003,623,0.991844
E3-Strict-p003,48.6835,391,391,RLPolicy,0,0,0,0,3.50656,1,5.33577,72,72,5.26334,623,0.992252
E3-Strict-p003,48.6939,331,601,RLPolicy,1,1,0.086166,2.77259,3.50656,6,7.23947,138,279,6.36342,623,0.996126
E3-Strict-p003,48.6953,132,204,RLPolicy,1,1,0.0568424,3.46574,3.50656,7,6.17703,311,319,5.85102,623,0.99164
E3-Strict-p003,48.7031,378,121,RLPolicy,1,1,0.110936,3.46574,3.50656,7,7.56602,326,347,7.16165,622,0.971961
E3-Strict-p003,48.7042,384,398,RLPolicy,1,1,0.114877,3.15743,3.50656,7,4.67484,120,450,4.29604,622,0.988194
E3-Strict-p003,48.7076,15,393,RLPolicy,1,1,0.0407394,2.16183,3.50656,6,6.82443,35,267,6.1282,622,0.961056
E3-Strict-p003,48.71,36,36,RLPolicy,0,0,0,0,3.50656,1,6.95535,25,25,6.79233,622,0.965565
E3-Strict-p003,48.7156,521,430,RLPolicy,1,1,0.119256,2.07944,3.50656,5,7.19879,1,271,6.38944,622,0.992864
E3-Strict-p003,48.7173,229,229,RLPolicy,0,0,0,0,3.50656,1,5.15366,75,75,5.09185,622,0.992252
E3-Strict-p003,48.7241,190,169,RLPolicy,1,1,0.0484932,3.46574,3.50656,7,7.73335,129,527,6.66683,622,0.970029
E3-Strict-p003,48.7279,422,422,RLPolicy,0,0,0,0,3.50656,1,5.68147,19,19,5.59046,622,0.996126
E3-Strict-p003,48.728,154,249,RLPolicy,1,1,0.0654441,3.46574,3.50656,7,5.30238,164,216,4.88576,622,0.95637
E3-Strict-p003,48.7286,547,175,RLPolicy,1,1,0.125214,3.46574,3.50656,7,5.61384,133,177,5.16829,622,0.999796
E3-Strict-p003,48.7329,239,488,RLPolicy,1,1,0.0724678,3.46574,3.50656,7,5.79095,27,238,5.30192,622,0.991844
E3-Strict-p003,48.7357,264,255,RLPolicy,1,1,0.0733809,2.61844,3.50656,6,6.71791,89,211,6.20887,622,0.987219
E3-Strict-p003,48.737,538,242,RLPolicy,1,1,0.130132,3.46574,3.50656,7,4.97013,133,288,4.41582,622,0.999796
E3-Strict-p003,48.7373,439,347,RLPolicy,1,1,0.108482,2.77259,3.50656,6,5.75379,168,306,5.26955,622,0.974923
E3-Strict-p003,48.7393,316,316,RLPolicy,0,0,0,0,3.50656,1,6.04626,56,56,5.96138,622,0.984912
E3-Strict-p003,48.7398,480,630,RLPolicy,1,1,0.118161,2.77259,3.50656,6,7.00381,40,360,6.41684,622,0.995922
E3-Strict-p003,48.749,465,465,RLPolicy,0,0,0,0,3.50656,1,5.57039,40,40,5.43604,4,0.996126
E3-Strict-p003,48.7503,382,382,RLPolicy,0,0,0,0,3.50656,1,7.32467,79,79,7.22132,622,0.992048
E3-Strict-p003,48.7629,296,4,RLPolicy,1,1,0.078882,3.46574,3.50656,7,7.54216,299,354,7.10773,622,0.984708
E3-Strict-p003,48.7695,319,202,RLPolicy,1,1,0.085429,2.77259,3.50656,6,5.58429,95,259,5.20909,622,0.985117
E3-Strict-p003,48.7722,191,296,RLPolicy,1,1,0.0736617,2.61844,3.50656,6,6.92774,111,291,6.4227,622,0.959652
E3-Strict-p003,48.7786,51,398,RLPolicy,1,1,0.00746432,3.46574,3.50656,7,6.01007,336,351,5.68545,622,0.985897
E3-Strict-p003,48.7823,88,585,RLPolicy,1,1,0.0549198,3.46574,3.50656,7,7.34232,184,427,6.61787,622,0.970845
E3-Strict-p003,48.7859,358,358,RLPolicy,0,0,0,0,3.50656,1,6.17795,67,67,6.08672,622,0.996126
E3-Strict-p003,48.7863,295,80,RLPolicy,1,1,0.093073,3.46574,3.50656,7,9.10121,385,434,8.42964,622,0.991436
E3-Strict-p003,48.7903,330,289,RLPolicy,1,1,0.113887,3.46574,3.50656,7,6.69314,97,117,6.45546,622,0.991844
E3-Strict-p003,48.7907,99,423,RLPolicy,1,1,0.054762,3.46574,3.50656,7,6.91715,143,393,6.38088,622,0.984096
E3-Strict-p003,48.7912,291,205,RLPolicy,1,1,0.0706861,2.07944,3.50656,5,6.95559,1,271,6.38076,622,0.988378
E3-Strict-p003,48.7917,374,460,RLPolicy,1,1,0.0951596,3.46574,3.50656,7,6.24346,325,387,5.71113,622,0.995718
E3-Strict-p003,48.7953,511,511,RLPolicy,0,0,0,0,3.50656,1,5.86343,28,28,5.75478,622,0.999796
E3-Strict-p003,48.7992,343,128,RLPolicy,1,1,0.0888476,3.00328,3.50656,7,7.82789,106,439,7.14025,622,0.982779
E3-Strict-p003,48.8018,292,247,RLPolicy,1,1,0.0778144,3.46574,3.50656,7,8.96253,30,341,8.14916,623,0.998979
E3-Strict-p003,48.8026,419,334,RLPolicy,1,1,0.103303,3.46574,3.50656,7,7.0999,319,361,6.59635,623,0.999592
E3-Strict-p003,48.8039,244,273,RLPolicy,1,1,0.068167,3.46574,3.50656,7,6.65184,97,359,6.14938,623,0.991436
E3-Strict-p003,48.8131,14,567,RLPolicy,1,1,0.0340345,2.85497,3.50656,7,5.61478,54,232,5.24307,623,0.959607
E3-Strict-p003,48.8149,16,247,RLPolicy,1,1,0.0369219,2.16183,3.50656,6,6.4389,43,298,5.92404,623,0.984829
E3-Strict-p003,48.8287,9,181,RLPolicy,1,1,0.037223,2.85497,3.50656,7,8.01968,161,275,7.3735,623,0.959469
E3-Strict-p003,48.8302,208,420,RLPolicy,1,1,0.0696525,3.46574,3.50656,7,6.46488,188,265,6.00549,623,0.992252
E3-Strict-p003,48.8413,327,327,RLPolicy,0,0,0,0,3.50656,1,5.763,36,36,5.6822,623,0.987811
E3-Strict-p003,48.8439,26,186,RLPolicy,1,1,0.0404831,2.85497,3.50656,7,7.5519,143,230,7.17745,623,0.987879
E3-Strict-p003,48.8487,414,527,RLPolicy,1,1,0.117628,3.46574,3.50656,7,7.00838,169,199,6.47656,623,0.988582
E3-Strict-p003,48.851,454,454,RLPolicy,0,0,0,0,3.50656,1,4.89391,11,11,4.77597,623,0.99266
E3-Strict-p003,48.8521,533,407,RLPolicy,1,1,0.12499,1.38629,3.50656,4,8.36491,0,287,7.42131,623,0.989399
E3-Strict-p003,48.8557,335,255,RLPolicy,1,1,0.0823514,2.77259,3.50656,6,7.52411,28,239,7.00182,623,0.988174
E3-Strict-p003,48.8604,348,348,RLPolicy,0,0,0,0,3.50656,1,7.0565,90,90,6.91278,623,0.999184
E3-Strict-p003,48.8614,290,637,RLPolicy,1,1,0.0885996,3.46574,3.50656,7,6.97426,356,369,6.60219,623,0.99164
E3-Strict-p003,48.8764,139,139,RLPolicy,0,0,0,0,3.50656,1,7.6098,58,58,7.50652,623,0.967175
E3-Strict-p003,48.8776,62,62,RLPolicy,0,0,0,0,3.50656,1,6.38696,66,66,6.27521,623,0.950592
E3-Strict-p003,48.8799,363,363,RLPolicy,0,0,0,0,3.50656,1,4.99649,14,14,4.90043,623,1
E3-Strict-p003,48.8817,464,249,RLPolicy,1,1,0.0518734,2.95491,3.50656,6,8.33371,147,238,7.93551,623,0.997038
E3-Strict-p003,48.8866,529,256,RLPolicy,1,1,0.130121,3.46574,3.50656,7,6.29843,187,198,5.85013,623,0.999796
E3-Strict-p003,48.8886,261,247,RLPolicy,1,1,0.0721772,3.46574,3.50656,7,6.55986,217,277,6.1179,623,0.994901
E3-Strict-p003,48.8888,188,188,RLPolicy,0,0,0,0,3.50656,1,4.47732,18,18,4.41772,623,0.985111
E3-Strict-p003,48.8906,217,217,RLPolicy,0,0,0,0,3.50656,1,6.25617,56,56,6.18104,623,0.984912
E3-Strict-p003,48.8928,545,545,RLPolicy,0,0,0,0,3.50656,1,4.31079,7,7,4.25097,623,1
E3-Strict-p003,48.8936,126,126,RLPolicy,0,0,0,0,3.50656,1,5.11673,63,63,5.04334,623,0.984912
E3-Strict-p003,48.8945,505,570,RLPolicy,1,1,0.124826,3.46574,3.50656,7,6.24001,230,383,5.84258,623,0.999592
E3-Strict-p003,48.8973,194,380,RLPolicy,1,1,0.0617148,2.77259,3.50656,6,6.96699,108,288,6.41387,623,0.963302
E3-Strict-p003,48.9003,473,473,RLPolicy,0,0,0,0,3.50656,1,6.12968,73,73,6.04027,624,0.999592
E3-Strict-p003,48.9004,192,192,RLPolicy,0,0,0,0,3.50656,1,5.346,8,8,5.25807,624,0.986112
E3-Strict-p003,48.9056,277,277,RLPolicy,0,0,0,0,3.50656,1,5.50722,1,1,5.42795,624,1
E3-Strict-p003,48.907,437,265,RLPolicy,1,1,0.121676,3.46574,3.50656,7,5.78331,312,369,5.18553,624,0.982059
E3-Strict-p003,48.9097,80,80,RLPolicy,0,0,0,0,3.50656,1,5.96556,88,88,5.86593,624,0.971254
E3-Strict-p003,48.911,490,490,RLPolicy,0,0,0,0,3.50656,1,5.83139,16,16,5.74014,624,0.997242
E3-Strict-p003,48.9137,328,325,RLPolicy,1,1,0.081091,1.38629,3.50656,4,6.19004,0,122,5.7997,624,0.957187
E3-Strict-p003,48.9185,441,28,RLPolicy,1,1,0.105593,1.92529,3.50656,5,5.621,0,229,5.12803,624,0.99189
E3-Strict-p003,48.921,146,146,RLPolicy,0,0,0,0,3.50656,1,6.19307,12,12,6.11277,624,0.995514
E3-Strict-p003,48.9224,531,531,RLPolicy,0,0,0,0,3.50656,1,5.74627,56,56,5.66225,624,1
E3-Strict-p003,48.925,337,337,RLPolicy,0,0,0,0,3.50656,1,5.4379,28,28,5.36461,624,0.996126
E3-Strict-p003,48.9427,326,326,RLPolicy,0,0,0,0,3.50656,1,5.58392,76,76,5.4991,624,0.98627
E3-Strict-p003,48.9465,140,230,RLPolicy,1,1,0.0504737,3.46574,3.50656,7,6.1113,106,137,5.75605,624,0.974107
E3-Strict-p003,48.9487,173,264,RLPolicy,1,1,0.0685437,3.46574,3.50656,7,4.99522,266,333,4.72852,624,0.973903
E3-Strict-p003,48.9551,542,394,RLPolicy,1,1,0.0518752,2.95491,3.50656,6,6.83463,119,279,6.15506,624,0.997242
E3-Strict-p003,48.9604,492,150,RLPolicy,1,1,0.119515,3.46574,3.50656,7,5.62061,174,345,4.97463,624,0.999796
E3-Strict-p003,48.963,213,213,RLPolicy,0,0,0,0,3.50656,1,6.35845,68,68,6.27561,624,0.977573
E3-Strict-p003,48.9654,40,40,RLPolicy,0,0,0,0,3.50656,1,4.66342,77,77,4.59436,2,0.953899
E3-Strict-p003,48.9663,178,255,RLPolicy,1,1,0.0514857,2.07944,3.50656,5,4.55636,0,113,4.20894,624,0.953313
E3-Strict-p003,48.9679,56,109,RLPolicy,1,1,0.0480674,3.46574,3.50656,7,5.44711,154,358,5.07419,624,0.989501
E3-Strict-p003,48.9684,96,598,RLPolicy,1,1,0.0576932,3.46574,3.50656,7,5.61202,90,428,4.95637,624,0.965792
E3-Strict-p003,48.97,487,3,RLPolicy,1,1,0.0482482,0.875469,3.50656,3,6.43068,0,132,6.08095,624,0.986436
E3-Strict-p003,48.9733,361,361,RLPolicy,0,0,0,0,3.50656,1,6.90238,11,11,6.84076,624,0.981855
E3-Strict-p003,48.9891,248,583,RLPolicy,1,1,0.0587045,0.693147,3.50656,3,6.61234,0,116,6.38857,624,0.951567
E3-Strict-p003,48.9933,201,142,RLPolicy,1,1,0.0585131,2.95491,3.50656,6,6.92835,142,378,6.34237,624,0.946884
E3-Strict-p003,48.9955,322,332,RLPolicy,1,1,0.0984322,3.46574,3.50656,7,5.23791,216,258,4.80808,624,0.981855
E3-Strict-p003,48.9977,443,443,RLPolicy,0,0,0,0,3.50656,1,5.78772,3,3,5.69772,624,1
E3-Strict-p003,49.0083,537,112,RLPolicy,1,1,0.125297,3.46574,3.50656,7,8.11003,266,371,7.65792,624,0.999796
E3-Strict-p003,49.0113,338,338,RLPolicy,0,0,0,0,3.50656,1,11.0935,65,65,10.9795,624,0.988582
E3-Strict-p003,49.0168,134,134,RLPolicy,0,0,0,0,3.50656,1,5.69301,8,8,5.60806,624,0.982059
E3-Strict-p003,49.0235,347,630,RLPolicy,1,1,0.0864012,2.61844,3.50656,6,7.24018,23,344,6.59356,624,0.979339
E3-Strict-p003,49.0274,110,110,RLPolicy,0,0,0,0,3.50656,1,6.21835,8,8,6.12612,624,0.998617
E3-Strict-p003,49.0305,187,420,RLPolicy,1,1,0.0534743,2.77259,3.50656,6,6.26463,40,323,5.67441,624,0.970641
E3-Strict-p003,49.0345,481,162,RLPolicy,1,1,0.123583,3.46574,3.50656,7,7.53592,233,302,7.04176,624,0.989373
E3-Strict-p003,49.037,386,477,RLPolicy,1,1,0.0979481,3.46574,3.50656,7,5.89655,149,343,5.49959,624,0.992048
E3-Strict-p003,49.0484,172,358,RLPolicy,1,1,0.0575229,3.46574,3.50656,7,6.02918,222,404,5.56503,624,0.956166
E3-Strict-p003,49.0526,536,583,RLPolicy,1,1,0.134428,2.77259,3.50656,6,6.64217,21,306,5.96568,624,0.99633
E3-Strict-p003,49.0541,123,349,RLPolicy,1,1,0.0576499,3.46574,3.50656,7,5.30586,123,133,4.91836,624,0.999184
E3-Strict-p003,49.0587,20,175,RLPolicy,1,1,0.0355833,2.85497,3.50656,7,7.64467,184,397,6.95723,624,0.942756
E3-Strict-p003,49.06,3,3,RLPolicy,0,0,0,0,3.50656,1,5.68968,46,46,5.61073,624,0.986768
E3-Strict-p003,49.0602,19,51,RLPolicy,1,1,0.043836,2.85497,3.50656,7,6.56086,215,326,5.84547,624,0.956976
E3-Strict-p003,49.0662,466,466,RLPolicy,0,0,0,0,3.50656,1,6.10205,25,25,6.0291,624,0.999796
E3-Strict-p003,49.0741,530,530,RLPolicy,0,0,0,0,3.50656,1,5.39435,83,83,5.29819,624,1
E3-Strict-p003,49.0762,256,256,RLPolicy,0,0,0,0,3.50656,1,5.2226,8,8,5.15686,624,0.995922
E3-Strict-p003,49.0767,230,260,RLPolicy,1,1,0.074777,3.46574,3.50656,7,4.51443,115,125,4.18674,624,0.999796
E3-Strict-p003,49.0781,249,502,RLPolicy,1,1,0.078671,3.46574,3.50656,7,5.15816,290,309,4.76455,624,0.992048
E3-Strict-p003,49.0792,246,462,RLPolicy,1,1,0.076777,3.31159,3.50656,7,5.23784,325,382,4.88734,624,0.991048
E3-Strict-p003,49.0826,476,476,RLPolicy,0,0,0,0,3.50656,1,6.30393,32,32,6.17067,624,0.999796
E3-Strict-p003,49.0831,315,585,RLPolicy,1,1,0.0825765,1.38629,3.50656,4,5.76159,0,124,5.47973,624,0.967788
E3-Strict-p003,49.0831,450,487,RLPolicy,1,1,0.109471,2.77259,3.50656,6,5.46027,132,268,5.04937,624,0.985321
E3-Strict-p003,49.0895,45,45,RLPolicy,0,0,0,0,3.50656,1,4.43333,25,25,4.34126,624,0.992864
E3-Strict-p003,49.0993,46,46,RLPolicy,0,0,0,0,3.50656,1,5.14184,67,67,5.07604,624,0.988087
E3-Strict-p003,49.1045,133,283,RLPolicy,1,1,0.0648228,3.46574,3.50656,7,5.93464,341,411,5.51056,625,0.983688
E3-Strict-p003,49.107,350,485,RLPolicy,1,1,0.0933289,3.31159,3.50656,7,12.9524,219,382,12.2866,625,0.993406
E3-Strict-p003,49.108,502,502,RLPolicy,0,0,0,0,3.50656,1,4.4211,106,106,4.34704,1,0.99633
E3-Strict-p003,49.1109,394,376,RLPolicy,1,1,0.114588,3.46574,3.50656,7,6.26807,258,291,5.86218,625,0.993406
E3-Strict-p003,49.1122,220,220,RLPolicy,0,0,0,0,3.50656,1,10.3911,56,56,10.1221,625,0.95769
E3-Strict-p003,49.1136,43,343,RLPolicy,1,1,0.0562404,2.77259,3.50656,6,5.50969,19,336,4.95916,625,0.933761
E3-Strict-p003,49.1184,428,532,RLPolicy,1,1,0.117771,3.46574,3.50656,7,14.0004,169,190,13.7235,625,0.995922
E3-Strict-p003,49.1238,102,5,RLPolicy,1,1,0.056834,3.46574,3.50656,7,5.49215,324,363,5.14095,625,0.979293
E3-Strict-p003,49.1252,524,524,RLPolicy,0,0,0,0,3.50656,1,7.20958,21,21,7.16108,625,1
E3-Strict-p003,49.1265,507,507,RLPolicy,0,0,0,0,3.50656,1,6.40844,67,67,6.30369,625,0.999796
E3-Strict-p003,49.1308,539,539,RLPolicy,0,0,0,0,3.50656,1,8.60749,15,15,8.53777,625,1
E3-Strict-p003,49.1362,360,208,RLPolicy,1,1,0.10035,3.46574,3.50656,7,5.39144,166,203,5.00105,625,0.999796
E3-Strict-p003,49.1394,12,12,RLPolicy,0,0,0,0,3.50656,1,6.98135,86,86,6.82281,625,0.942307
E3-Strict-p003,49.1454,63,624,RLPolicy,1,1,0.0476293,3.15743,3.50656,7,5.80436,88,451,5.07586,625,0.975627
E3-Strict-p003,49.1508,81,558,RLPolicy,1,1,0.0510592,3.46574,3.50656,7,6.62771,90,232,6.26906,625,0.984912
E3-Strict-p003,49.1516,243,333,RLPolicy,1,1,0.0701592,2.77259,3.50656,6,5.49952,106,306,4.8056,625,0.992048
E3-Strict-p003,49.1543,368,368,RLPolicy,0,0,0,0,3.50656,1,7.51968,78,78,7.42237,625,0.999388
E3-Strict-p003,49.1625,235,615,RLPolicy,1,1,0.081244,3.15743,3.50656,7,5.66657,325,414,5.32616,625,0.976414
E3-Strict-p003,49.1626,25,63,RLPolicy,1,1,0.0403121,2.85497,3.50656,7,7.23432,88,473,6.54963,625,0.940606
E3-Strict-p003,49.1722,105,105,RLPolicy,0,0,0,0,3.50656,1,5.69454,82,82,5.61855,625,0.963097
E3-Strict-p003,49.1722,336,336,RLPolicy,0,0,0,0,3.50656,1,6.86964,72,72,6.69507,625,0.988582
E3-Strict-p003,49.1727,212,212,RLPolicy,0,0,0,0,3.50656,1,6.38363,78,78,6.25543,625,0.992456
E3-Strict-p003,49.1778,271,555,RLPolicy,1,1,0.067907,3.46574,3.50656,7,9.33063,154,373,8.4747,625,0.966971
E3-Strict-p003,49.1819,544,544,RLPolicy,0,0,0,0,3.50656,1,5.27738,64,64,5.18286,625,1
E3-Strict-p003,49.1832,535,96,RLPolicy,1,1,0.00745622,3.46574,3.50656,7,5.32879,178,187,5.0321,625,0.999796
E3-Strict-p003,49.1857,143,135,RLPolicy,1,1,0.0664776,3.46574,3.50656,7,5.6836,223,233,5.28679,625,0.991844
E3-Strict-p003,49.1872,301,301,RLPolicy,0,0,0,0,3.50656,1,5.34539,18,18,5.26811,625,0.995559
E3-Strict-p003,49.1884,184,180,RLPolicy,1,1,0.0649359,3.46574,3.50656,7,5.65912,214,382,5.28831,625,0.949234
E3-Strict-p003,49.1928,289,289,RLPolicy,0,0,0,0,3.50656,1,5.39856,14,14,5.34517,625,0.982059
E3-Strict-p003,49.1943,518,286,RLPolicy,1,1,0.119886,2.07944,3.50656,5,5.57964,0,320,5.15819,625,0.99266
E3-Strict-p003,49.1961,109,109,RLPolicy,0,0,0,0,3.50656,1,5.2851,79,79,5.21042,625,0.992431
E3-Strict-p003,49.1967,334,334,RLPolicy,0,0,0,0,3.50656,1,6.41218,79,79,6.32641,625,0.978185
E3-Strict-p003,49.202,411,460,RLPolicy,1,1,0.10472,3.46574,3.50656,7,6.15329,89,104,5.73852,625,0.999388
E3-Strict-p003,49.2053,76,76,RLPolicy,0,0,0,0,3.50656,1,9.87801,101,101,9.73092,1,0.963198
E3-Strict-p003,49.2057,207,28,RLPolicy,1,1,0.0620572,2.26176,3.50656,5,7.18191,81,244,6.82769,625,0.967475
E3-Strict-p003,49.2107,115,66,RLPolicy,1,1,0.0468275,3.46574,3.50656,7,6.4669,51,490,5.78007,625,0.97696
E3-Strict-p003,49.2114,342,405,RLPolicy,1,1,0.0845462,2.07944,3.50656,5,5.98518,1,267,5.53517,625,0.981447
E3-Strict-p003,49.2186,252,295,RLPolicy,1,1,0.0754554,3.46574,3.50656,7,5.86716,349,373,5.45364,625,0.984504
E3-Strict-p003,49.2194,206,578,RLPolicy,1,1,0.0787498,3.46574,3.50656,7,6.62641,263,276,6.12646,625,0.97696
E3-Strict-p003,49.2217,498,261,RLPolicy,1,1,0.119806,3.46574,3.50656,7,6.60312,164,374,6.21188,625,0.999592
E3-Strict-p003,49.2259,54,35,RLPolicy,1,1,0.0072787,3.46574,3.50656,7,5.25435,185,207,4.95393,625,0.984708
E3-Strict-p003,49.2307,534,75,RLPolicy,1,1,0.0506765,2.26176,3.50656,5,6.55453,50,226,5.97163,625,0.993776
E3-Strict-p003,49.2315,38,571,RLPolicy,1,1,0.04406,3.31159,3.50656,7,7.40756,139,401,6.75807,625,0.96574
E3-Strict-p003,49.2361,448,521,RLPolicy,1,1,0.120894,3.46574,3.50656,7,5.82522,342,366,5.32913,625,0.996126
E3-Strict-p003,49.237,66,66,RLPolicy,0,0,0,0,3.50656,1,4.82014,60,60,4.76799,625,0.969319
E3-Strict-p003,49.2406,232,204,RLPolicy,1,1,0.0601175,3.46574,3.50656,7,6.09935,63,466,5.57734,625,0.991436
E3-Strict-p003,49.242,50,469,RLPolicy,1,1,0.0567426,3.46574,3.50656,7,5.8402,148,381,5.32546,625,0.956166
E3-Strict-p003,49.2423,52,30,RLPolicy,1,1,0.0479246,2.07944,3.50656,5,6.35353,0,183,5.86603,625,0.945565
E3-Strict-p003,49.2462,396,564,RLPolicy,1,1,0.11602,3.46574,3.50656,7,5.68621,172,198,5.45323,625,0.999184
E3-Strict-p003,49.2528,525,489,RLPolicy,1,1,0.1561,3.46574,3.50656,7,6.39652,204,223,5.9543,625,0.999796
E3-Strict-p003,49.2588,362,362,RLPolicy,0,0,0,0,3.50656,1,5.7703,25,25,5.67522,625,0.988582
E3-Strict-p003,49.2636,39,328,RLPolicy,1,1,0.0515812,3.16035,3.50656,7,6.46602,166,295,5.87803,625,0.95047
E3-Strict-p003,49.2672,431,351,RLPolicy,1,1,0.120812,3.46574,3.50656,7,5.89184,54,273,5.43171,625,0.988582
E3-Strict-p003,49.2674,162,262,RLPolicy,1,1,0.0536798,3.00328,3.50656,7,5.23642,143,177,4.90967,625,0.993201
E3-Strict-p003,49.2725,95,282,RLPolicy,1,1,0.040601,0.693147,3.50656,3,7.4886,0,150,7.15157,625,0.938633
E3-Strict-p003,49.2736,179,7,RLPolicy,1,1,0.0717247,2.26176,3.50656,5,6.17142,41,383,5.70252,625,0.967475
E3-Strict-p003,49.2751,293,440,RLPolicy,1,1,0.0754337,2.07944,3.50656,5,8.10363,1,199,7.51487,625,0.974814
E3-Strict-p003,49.2755,300,106,RLPolicy,1,1,0.0782283,3.46574,3.50656,7,6.72736,289,346,6.33918,625,0.974107
E3-Strict-p003,49.2776,405,583,RLPolicy,1,1,0.100238,2.77259,3.50656,6,6.02452,15,323,5.49223,625,0.985117
E3-Strict-p003,49.2812,157,580,RLPolicy,1,1,0.0684439,2.46429,3.50656,6,6.9576,90,211,6.38303,625,0.953121
E3-Strict-p003,49.2872,59,304,RLPolicy,1,1,0.0292883,2.07944,3.50656,5,7.22951,0,197,6.56244,625,0.942507
E3-Strict-p003,49.2903,389,389,RLPolicy,0,0,0,0,3.50656,1,5.01138,13,13,4.93717,625,0.992456
E3-Strict-p003,49.2954,169,169,RLPolicy,0,0,0,0,3.50656,1,6.38539,97,97,6.27726,625,0.921917
E3-Strict-p003,49.2985,493,493,RLPolicy,0,0,0,0,3.50656,1,6.58318,79,79,6.47425,625,0.999796
E3-Strict-p003,49.299,506,506,RLPolicy,0,0,0,0,3.50656,1,3.99532,1,1,3.91764,625,1
E3-Strict-p003,49.3079,114,114,RLPolicy,0,0,0,0,3.50656,1,5.08732,18,18,5.01419,626,0.989195
E3-Strict-p003,49.3116,49,385,RLPolicy,1,1,0.0245359,3.31159,3.50656,7,4.42096,185,236,4.12871,626,0.977358
E3-Strict-p003,49.3148,170,170,RLPolicy,0,0,0,0,3.50656,1,5.37656,19,19,5.31701,626,0.964322
E3-Strict-p003,49.317,68,264,RLPolicy,1,1,0.0268409,3.46574,3.50656,7,5.87327,84,98,5.46241,626,0.970437
E3-Strict-p003,49.3184,86,54,RLPolicy,1,1,0.0473065,0.693147,3.50656,3,6.22853,0,46,5.9796,626,0.981243
E3-Strict-p003,49.3208,153,600,RLPolicy,1,1,0.0547425,3.46574,3.50656,7,7.7516,98,320,7.09181,626,0.968487
E3-Strict-p003,49.327,549,197,RLPolicy,1,1,0.128674,2.77259,3.50656,6,6.32528,94,320,5.62851,626,0.99633
E3-Strict-p003,49.3289,255,255,RLPolicy,0,0,0,0,3.50656,1,5.81022,40,40,5.72814,626,0.968495
E3-Strict-p003,49.3298,145,617,RLPolicy,1,1,0.0631457,3.46574,3.50656,7,7.22675,344,401,6.82686,626,0.99531
E3-Strict-p003,49.3315,218,0,RLPolicy,1,1,0.0672035,3.15743,3.50656,7,7.92119,202,398,7.06456,626,0.96889
E3-Strict-p003,49.3339,408,81,RLPolicy,1,1,0.0982891,1.38629,3.50656,4,6.09727,0,106,5.85547,626,0.985117
E3-Strict-p003,49.3345,285,553,RLPolicy,1,1,0.0848415,3.46574,3.50656,7,5.58416,346,391,5.26729,626,0.988174
E3-Strict-p003,49.3387,495,495,RLPolicy,0,0,0,0,3.50656,1,5.19366,8,8,5.12905,626,1
E3-Strict-p003,49.3432,417,294,RLPolicy,1,1,0.116261,2.07944,3.50656,5,7.7909,0,165,7.1229,626,0.98899
E3-Strict-p003,49.345,482,268,RLPolicy,1,1,0.12945,3.46574,3.50656,7,5.18706,319,347,4.94246,626,0.995922
E3-Strict-p003,49.346,399,399,RLPolicy,0,0,0,0,3.50656,1,4.45567,63,63,4.39428,626,0.974923
E3-Strict-p003,49.3471,1,341,RLPolicy,1,1,0.040083,2.46721,3.50656,6,5.46194,51,149,5.0026,626,0.960425
E3-Strict-p003,49.3517,333,264,RLPolicy,1,1,0.0970484,2.95491,3.50656,6,6.94766,257,341,6.62184,626,0.978688
E3-Strict-p003,49.3654,7,21,RLPolicy,1,1,0.0321061,0.693147,3.50656,3,10.1059,0,108,9.71009,626,0.938554
E3-Strict-p003,49.3675,259,296,RLPolicy,1,1,0.0649356,2.77259,3.50656,6,6.12215,93,262,5.52062,626,0.99164
E3-Strict-p003,49.3688,183,36,RLPolicy,1,1,0.0744711,3.46574,3.50656,7,7.01907,187,289,6.54345,626,0.977777
E3-Strict-p003,49.3742,226,105,RLPolicy,1,1,0.0627605,3.46574,3.50656,7,6.6593,235,268,5.94705,626,0.977573
E3-Strict-p003,49.3766,240,272,RLPolicy,1,1,0.0820092,3.46574,3.50656,7,5.6043,218,226,5.42539,626,0.988965
E3-Strict-p003,49.377,370,370,RLPolicy,0,0,0,0,3.50656,1,5.95317,72,72,5.86494,626,0.995718
E3-Strict-p003,49.3779,483,483,RLPolicy,0,0,0,0,3.50656,1,6.27686,34,34,6.17915,626,0.999796
E3-Strict-p003,49.3861,491,337,RLPolicy,1,1,0.123568,1.38629,3.50656,4,6.74692,0,117,6.42596,626,0.98899
E3-Strict-p003,49.39,433,1,RLPolicy,1,1,0.111325,2.07944,3.50656,5,7.49969,1,235,6.82618,626,0.985525
E3-Strict-p003,49.3904,307,527,RLPolicy,1,1,0.0961884,2.07944,3.50656,5,6.06979,1,132,5.56975,626,0.974107
E3-Strict-p003,49.3911,8,22,RLPolicy,1,1,0.0251101,3.46574,3.50656,7,7.02582,347,362,6.63976,626,0.986148
E3-Strict-p003,49.3921,468,468,RLPolicy,0,0,0,0,3.50656,1,5.82512,70,70,5.7378,626,0.999592
E3-Strict-p003,49.3978,273,198,RLPolicy,1,1,0.0899328,3.46574,3.50656,7,6.62083,334,429,6.25452,626,0.983733
E3-Strict-p003,49.3982,467,175,RLPolicy,1,1,0.120917,1.38629,3.50656,4,6.10006,0,123,5.81323,626,0.981855
E3-Strict-p003,49.3987,193,325,RLPolicy,1,1,0.0534068,2.61844,3.50656,6,5.67559,40,272,5.10322,626,0.977185
E3-Strict-p003,49.3997,280,549,RLPolicy,1,1,0.101636,3.46574,3.50656,7,6.92492,204,240,6.40404,626,0.989195
E3-Strict-p003,49.4003,225,250,RLPolicy,1,1,0.0534429,1.38629,3.50656,4,9.30378,0,201,8.75618,627,0.97696
E3-Strict-p003,49.4027,204,204,RLPolicy,0,0,0,0,3.50656,1,6.5619,75,75,6.46206,627,0.992551
E3-Strict-p003,49.4044,155,45,RLPolicy,1,1,0.0455071,3.46574,3.50656,7,8.42832,237,259,8.03942,627,0.973699
E3-Strict-p003,49.4063,478,420,RLPolicy,1,1,0.11844,2.77259,3.50656,6,7.25549,36,306,6.70277,627,0.99266
E3-Strict-p003,49.4077,365,474,RLPolicy,1,1,0.109698,3.46574,3.50656,7,9.03614,347,372,8.49065,627,0.991844
E3-Strict-p003,49.4143,97,97,RLPolicy,0,0,0,0,3.50656,1,7.72126,56,56,7.63554,627,0.978893
E3-Strict-p003,49.4152,352,272,RLPolicy,1,1,0.0880007,2.77259,3.50656,6,9.93898,71,309,9.49511,627,0.974515
E3-Strict-p003,49.416,17,218,RLPolicy,1,1,0.0391805,2.85497,3.50656,7,4.39045,240,360,4.13053,627,0.982293
E3-Strict-p003,49.4189,103,103,RLPolicy,0,0,0,0,3.50656,1,4.29895,77,77,4.24581,627,0.984504
E3-Strict-p003,49.4222,189,252,RLPolicy,1,1,0.0588089,3.46574,3.50656,7,6.56153,131,291,6.17575,627,0.983688
E3-Strict-p003,49.4255,67,193,RLPolicy,1,1,0.0485809,2.77259,3.50656,6,5.40051,125,288,5.07242,627,0.955962
E3-Strict-p003,49.4282,275,275,RLPolicy,0,0,0,0,3.50656,1,6.12347,102,102,6.03493,627,0.981243
E3-Strict-p003,49.431,242,499,RLPolicy,1,1,0.0696785,2.46429,3.50656,6,5.86385,26,261,5.31891,627,0.972565
E3-Strict-p003,49.4466,390,533,RLPolicy,1,1,0.110925,3.46574,3.50656,7,6.24665,75,475,5.49854,627,0.995514
E3-Strict-p003,49.4477,297,481,RLPolicy,1,1,0.0814254,3.46574,3.50656,7,7.56318,104,393,6.57589,627,0.980268
E3-Strict-p003,49.4499,462,516,RLPolicy,1,1,0.11201,3.46574,3.50656,7,6.46419,130,438,5.98974,627,0.992252
E3-Strict-p003,49.4573,74,235,RLPolicy,1,1,0.0424119,2.77259,3.50656,6,6.89403,3,296,6.36096,627,0.950025
E3-Strict-p003,49.4602,65,195,RLPolicy,1,1,0.00727932,3.46574,3.50656,7,5.38738,271,286,5.13024,627,0.985416
E3-Strict-p003,49.461,435,185,RLPolicy,1,1,0.13092,3.46574,3.50656,7,6.90815,82,172,6.48083,627,0.98899
E3-Strict-p003,49.4676,180,180,RLPolicy,0,0,0,0,3.50656,1,5.01241,41,41,4.91162,627,0.986028
E3-Strict-p003,49.4684,61,20,RLPolicy,1,1,0.0432452,2.77259,3.50656,6,6.05284,99,277,5.43653,627,0.977981
E3-Strict-p003,49.4743,159,432,RLPolicy,1,1,0.0430669,1.38629,3.50656,4,6.37819,0,140,5.96543,627,0.956778
E3-Strict-p003,49.4751,442,138,RLPolicy,1,1,0.106639,3.46574,3.50656,7,6.3332,104,383,5.6535,627,0.985321
E3-Strict-p003,49.4762,412,37,RLPolicy,1,1,0.0977942,2.07944,3.50656,5,8.30657,0,211,7.91353,627,0.984933
E3-Strict-p003,49.4768,359,359,RLPolicy,0,0,0,0,3.50656,1,9.34103,26,26,9.24475,627,0.971458
E3-Strict-p003,49.4795,276,131,RLPolicy,1,1,0.0718192,2.77259,3.50656,6,8.17763,21,368,7.20352,627,0.992048
E3-Strict-p003,49.4817,48,571,RLPolicy,1,1,0.0275499,3.46574,3.50656,7,7.47168,61,364,6.62912,627,0.953408
E3-Strict-p003,49.4869,288,46,RLPolicy,1,1,0.0700925,2.77259,3.50656,6,8.9455,50,300,7.84391,627,0.974107
E3-Strict-p003,49.4917,397,103,RLPolicy,1,1,0.117223,3.46574,3.50656,7,8.08469,339,380,7.37521,627,0.985117
E3-Strict-p003,49.4918,101,101,RLPolicy,0,0,0,0,3.50656,1,5.40955,24,24,5.3398,627,0.984504
E3-Strict-p003,49.4921,308,428,RLPolicy,1,1,0.0728464,2.77259,3.50656,6,4.93203,32,123,4.57621,627,0.98899
E3-Strict-p003,49.4921,379,31,RLPolicy,1,1,0.0917676,2.77259,3.50656,6,5.82768,83,269,5.42198,627,0.991844
E3-Strict-p003,49.4956,147,137,RLPolicy,1,1,0.0668977,3.31159,3.50656,7,7.95715,328,384,7.49397,627,0.989506
E3-Strict-p003,49.5034,55,55,RLPolicy,0,0,0,0,3.50656,1,5.72401,50,50,5.65412,627,0.988378
E3-Strict-p003,49.5041,423,306,RLPolicy,1,1,0.104272,2.77259,3.50656,6,6.45198,53,244,5.90596,627,0.981021
E3-Strict-p003,49.5136,125,287,RLPolicy,1,1,0.0578978,3.46574,3.50656,7,6.2587,168,274,5.96777,627,0.964225
E3-Strict-p003,49.5143,93,93,RLPolicy,0,0,0,0,3.50656,1,6.9087,71,71,6.74559,1,0.967788
E3-Strict-p003,49.5147,53,549,RLPolicy,1,1,0.0456346,3.46574,3.50656,7,7.03482,204,380,6.12024,627,0.993374
E3-Strict-p003,49.5191,245,245,RLPolicy,0,0,0,0,3.50656,1,5.83659,55,55,5.76566,627,0.982192
E3-Strict-p003,49.5226,44,44,RLPolicy,0,0,0,0,3.50656,1,7.70587,59,59,7.54627,627,0.983219
E3-Strict-p003,49.5304,0,0,RLPolicy,0,0,0,0,3.50656,1,5.23851,77,77,5.15826,627,0.970554
E3-Strict-p003,49.5317,445,445,RLPolicy,0,0,0,0,3.50656,1,6.4905,54,54,6.2799,5,0.992635
E3-Strict-p003,49.5373,383,383,RLPolicy,0,0,0,0,3.50656,1,4.90042,19,19,4.8185,627,0.958952
E3-Strict-p003,49.5375,200,252,RLPolicy,1,1,0.0723522,3.46574,3.50656,7,6.42576,283,291,5.86859,627,0.970437
E3-Strict-p003,49.5395,329,329,RLPolicy,0,0,0,0,3.50656,1,5.79256,52,52,5.70739,627,0.985525
E3-Strict-p003,49.5406,258,258,RLPolicy,0,0,0,0,3.50656,1,5.57988,57,57,5.47799,627,0.96004
E3-Strict-p003,49.5422,118,403,RLPolicy,1,1,0.0591826,3.46574,3.50656,7,6.89927,60,379,6.29338,627,0.966359
E3-Strict-p003,49.5444,364,364,RLPolicy,0,0,0,0,3.50656,1,6.26316,11,11,6.15357,627,0.981447
E3-Strict-p003,49.5451,349,349,RLPolicy,0,0,0,0,3.50656,1,6.948,56,56,6.83219,2,0.9869
E3-Strict-p003,49.547,91,91,RLPolicy,0,0,0,0,3.50656,1,6.96646,64,64,6.85129,627,0.955962
E3-Strict-p003,49.5601,205,64,RLPolicy,1,1,0.0582503,2.77259,3.50656,6,7.67754,107,269,7.11329,627,0.967175
E3-Strict-p003,49.5609,429,429,RLPolicy,0,0,0,0,3.50656,1,6.06549,28,28,5.97209,627,0.992456
E3-Strict-p003,49.5619,210,507,RLPolicy,1,1,0.0736314,3.46574,3.50656,7,7.20994,132,143,6.89841,627,0.995514
E3-Strict-p003,49.5676,458,458,RLPolicy,0,0,0,0,3.50656,1,5.91417,104,104,5.79603,627,0.995922
E3-Strict-p003,49.5713,499,438,RLPolicy,1,1,0.122184,2.77259,3.50656,6,5.67013,99,156,5.40138,627,0.996126
E3-Strict-p003,49.5848,553,639,RLPolicy,1,1,0.0472178,3.46574,3.50656,7,6.3173,91,193,5.66674,627,0.999796
E3-Strict-p003,49.5949,224,75,RLPolicy,1,1,0.0717787,0.693147,3.50656,3,7.16053,0,74,6.7852,627,0.931906
E3-Strict-p003,49.5961,447,21,RLPolicy,1,1,0.109406,1.38629,3.50656,4,6.03979,0,135,5.61839,627,0.978593
E3-Strict-p003,49.6066,304,225,RLPolicy,1,1,0.0769916,3.46574,3.50656,7,7.07667,210,312,6.59499,628,0.977369
E3-Strict-p003,49.6087,436,436,RLPolicy,0,0,0,0,3.50656,1,6.51039,100,100,6.4166,628,0.999184
E3-Strict-p003,49.6087,497,312,RLPolicy,1,1,0.122987,3.46574,3.50656,7,7.64255,300,327,7.17866,628,0.989195
E3-Strict-p003,49.6104,211,302,RLPolicy,1,1,0.0621501,3.46574,3.50656,7,6.5819,164,329,6.09476,628,0.974107
E3-Strict-p003,49.6187,400,234,RLPolicy,1,1,0.10315,3.46574,3.50656,7,5.35358,305,326,5.10456,628,0.999388
E3-Strict-p003,49.621,446,50,RLPolicy,1,1,0.103934,1.38629,3.50656,4,7.88379,0,166,7.4044,628,0.985321
E3-Strict-p003,49.625,455,455,RLPolicy,0,0,0,0,3.50656,1,4.38146,22,22,4.31238,628,0.996126
E3-Strict-p003,49.6257,278,349,RLPolicy,1,1,0.0737834,3.46574,3.50656,7,6.48103,46,297,6.02053,628,0.974107
E3-Strict-p003,49.6301,284,429,RLPolicy,1,1,0.0772969,3.46574,3.50656,7,7.5029,220,295,7.10346,628,0.973903
E3-Strict-p003,49.6306,223,221,RLPolicy,1,1,0.0588586,3.46574,3.50656,7,6.44001,89,386,5.63196,628,0.998979
E3-Strict-p003,49.6356,117,117,RLPolicy,0,0,0,0,3.50656,1,6.31367,32,32,6.23331,628,0.956778
E3-Strict-p003,49.6367,137,137,RLPolicy,0,0,0,0,3.50656,1,6.89383,21,21,6.81565,628,0.974311
E3-Strict-p003,49.6371,353,353,RLPolicy,0,0,0,0,3.50656,1,6.47621,6,6,6.39974,628,0.996126
E3-Strict-p003,49.6374,317,432,RLPolicy,1,1,0.0793549,3.46574,3.50656,7,5.32384,323,374,4.87898,628,0.981651
E3-Strict-p003,49.6375,520,520,RLPolicy,0,0,0,0,3.50656,1,4.91913,20,20,4.86549,628,0.999025
E3-Strict-p003,49.6516,89,130,RLPolicy,1,1,0.0428956,3.46574,3.50656,7,7.46408,122,241,6.81715,628,0.980426
E3-Strict-p003,49.652,312,614,RLPolicy,1,1,0.0765717,2.07944,3.50656,5,6.58374,0,272,5.77811,628,0.98797
E3-Strict-p003,49.6577,302,347,RLPolicy,1,1,0.0808631,2.46429,3.50656,6,7.85455,102,368,7.03664,628,0.965813
E3-Strict-p003,49.6698,488,55,RLPolicy,1,1,0.116605,2.77259,3.50656,6,7.07018,91,227,6.61294,628,0.995922
E3-Strict-p003,49.6753,543,543,RLPolicy,0,0,0,0,3.50656,1,6.03664,69,69,5.96563,628,1
E3-Strict-p003,49.6757,83,642,RLPolicy,1,1,0.0532125,3.46574,3.50656,7,7.60136,123,335,6.98111,628,0.960377
E3-Strict-p003,49.6785,426,576,RLPolicy,1,1,0.108099,3.46574,3.50656,7,6.00855,78,147,5.64658,628,0.985729
E3-Strict-p003,49.6803,60,60,RLPolicy,0,0,0,0,3.50656,1,6.10478,60,60,6.01854,628,0.993987
E3-Strict-p003,49.6856,444,444,RLPolicy,0,0,0,0,3.50656,1,7.13232,85,85,7.0264,628,0.995718
E3-Strict-p003,49.6869,35,10,RLPolicy,1,1,0.0339689,1.38629,3.50656,4,8.25545,0,166,7.63643,628,0.932318
E3-Strict-p003,49.6915,199,199,RLPolicy,0,0,0,0,3.50656,1,5.58334,77,77,5.50523,628,0.984912
E3-Strict-p003,49.6944,457,457,RLPolicy,0,0,0,0,3.50656,1,5.66988,37,37,5.59801,628,0.999592
E3-Strict-p003,49.6957,356,480,RLPolicy,1,1,0.0848507,0.693147,3.50656,3,7.34452,0,102,7.0576,628,0.953517
E3-Strict-p003,49.7018,11,11,RLPolicy,0,0,0,0,3.50656,1,5.87632,20,20,5.80876,628,0.976411
E3-Strict-p003,49.7018,129,165,RLPolicy,1,1,0.0627231,3.46574,3.50656,7,6.14709,204,213,5.88243,628,0.970437
E3-Strict-p003,49.7032,407,407,RLPolicy,0,0,0,0,3.50656,1,5.96745,97,97,5.85886,628,0.985117
E3-Strict-p003,49.7117,523,523,RLPolicy,0,0,0,0,3.50656,1,5.96947,49,49,5.88323,628,1
E3-Strict-p003,49.7257,452,452,RLPolicy,0,0,0,0,3.50656,1,4.63478,4,4,4.55828,628,1
E3-Strict-p003,49.7308,131,521,RLPolicy,1,1,0.0543946,3.46574,3.50656,7,7.64056,137,316,7.19258,628,0.977573
E3-Strict-p003,49.733,116,353,RLPolicy,1,1,0.0606403,3.46574,3.50656,7,6.90026,301,340,6.52561,628,0.948826
E3-Strict-p003,49.7352,341,341,RLPolicy,0,0,0,0,3.50656,1,5.59335,19,19,5.49507,628,0.999204
E3-Strict-p003,49.7398,27,27,RLPolicy,0,0,0,0,3.50656,1,5.86975,72,72,5.79979,628,0.93604
E3-Strict-p003,49.7428,510,611,RLPolicy,1,1,0.128575,2.95491,3.50656,6,5.78419,257,343,5.40977,628,0.997038
E3-Strict-p003,49.7438,532,177,RLPolicy,0,0,0.116967,0.538997,3.50656,2,6.81722,63,88,6.6098,628,1
E3-Strict-p003,49.7481,418,418,RLPolicy,0,0,0,0,3.50656,1,7.25677,64,64,7.15172,628,0.985525
E3-Strict-p003,49.7564,216,594,RLPolicy,1,1,0.0588113,3.46574,3.50656,7,7.29621,120,424,6.52056,628,0.984295
E3-Strict-p003,49.7683,73,508,RLPolicy,1,1,0.0516841,3.46574,3.50656,7,7.69259,319,368,7.27102,628,0.964634
E3-Strict-p003,49.7693,82,82,RLPolicy,0,0,0,0,3.50656,1,6.66868,95,95,6.57489,1,0.95637
E3-Strict-p003,49.7701,305,320,RLPolicy,1,1,0.0880242,3.46574,3.50656,7,7.20979,234,289,6.81834,628,0.977777
E3-Strict-p003,49.7735,546,513,RLPolicy,1,1,0.123537,2.26176,3.50656,5,6.89596,68,177,6.4227,628,0.993776
E3-Strict-p003,49.7802,551,551,RLPolicy,0,0,0,0,3.50656,1,5.81995,84,84,5.74376,628,1
E3-Strict-p003,49.7807,393,606,RLPolicy,1,1,0.0960354,2.77259,3.50656,6,5.68541,124,318,5.3041,628,0.99531
E3-Strict-p003,49.7819,392,511,RLPolicy,1,1,0.0988059,3.46574,3.50656,7,6.41662,66,432,5.77168,628,0.995514
E3-Strict-p003,49.7822,144,144,RLPolicy,0,0,0,0,3.50656,1,6.80922,78,78,6.36341,628,0.977777
E3-Strict-p003,49.7883,313,313,RLPolicy,0,0,0,0,3.50656,1,6.5,71,71,6.39905,628,0.988786
E3-Strict-p003,49.7919,141,136,RLPolicy,1,1,0.0654003,3.46574,3.50656,7,7.99081,283,369,7.58602,628,0.995514
E3-Strict-p003,49.799,265,265,RLPolicy,0,0,0,0,3.50656,1,5.48568,70,70,5.4012,628,0.981038
E3-Strict-p003,49.8016,340,623,RLPolicy,1,1,0.0925032,3.46574,3.50656,7,6.15222,192,382,5.3373,630,0.98797
E3-Strict-p003,49.8089,500,500,RLPolicy,0,0,0,0,3.50656,1,5.96966,15,15,5.89446,630,0.992864
E3-Strict-p003,49.8106,440,63,RLPolicy,1,1,0.106424,3.46574,3.50656,7,11.8173,213,266,11.5044,630,0.992252
E3-Strict-p003,49.817,432,33,RLPolicy,1,1,0.104314,2.95491,3.50656,6,7.40674,162,284,6.96902,630,0.980212
E3-Strict-p003,49.8182,298,298,RLPolicy,0,0,0,0,3.50656,1,6.98663,68,68,6.80201,630,0.974311
E3-Strict-p003,49.8217,138,271,RLPolicy,1,1,0.0506571,3.46574,3.50656,7,8.50145,68,484,7.44524,630,0.973495
E3-Strict-p003,49.8227,94,1,RLPolicy,1,1,0.0488275,3.46574,3.50656,7,6.73952,254,415,6.11704,630,0.967271
E3-Strict-p003,49.8236,5,5,RLPolicy,0,0,0,0,3.50656,1,4.88115,71,71,4.81902,630,0.982977
E3-Strict-p003,49.8241,460,223,RLPolicy,1,1,0.12695,3.46574,3.50656,7,4.5265,239,263,4.24034,630,0.992252
E3-Strict-p003,49.8249,113,166,RLPolicy,1,1,0.0595069,3.46574,3.50656,7,6.01461,288,315,5.6027,630,0.955554
E3-Strict-p003,49.826,381,483,RLPolicy,1,1,0.105512,3.46574,3.50656,7,13.1035,322,371,12.7307,630,0.982154
E3-Strict-p003,49.8274,372,575,RLPolicy,1,1,0.0930553,3.31159,3.50656,7,11.4951,115,376,10.7076,630,0.98627
E3-Strict-p003,49.8346,92,91,RLPolicy,1,1,0.0516329,3.46574,3.50656,7,9.97671,260,299,9.27511,630,0.994697
E3-Strict-p003,49.8372,451,0,RLPolicy,1,1,0.106144,1.38629,3.50656,4,7.1684,0,204,6.74282,630,0.981855
E3-Strict-p003,49.8395,470,470,RLPolicy,0,0,0,0,3.50656,1,5.46024,19,19,5.39069,630,0.996126
E3-Strict-p003,49.8411,409,409,RLPolicy,0,0,0,0,3.50656,1,4.23301,4,4,4.17629,630,0.999796
E3-Strict-p003,49.8417,420,355,RLPolicy,1,1,0.103554,3.31159,3.50656,7,7.65339,179,386,6.79783,630,0.998821
E3-Strict-p003,49.8435,238,238,RLPolicy,0,0,0,0,3.50656,1,5.44922,21,21,5.37045,630,0.999388
E3-Strict-p003,49.8444,209,209,RLPolicy,0,0,0,0,3.50656,1,4.95498,16,16,4.88797,630,0.992864
E3-Strict-p003,49.8523,541,516,RLPolicy,1,1,0.124703,3.46574,3.50656,7,6.72933,135,438,5.92719,630,0.999796
E3-Strict-p003,49.8562,22,501,RLPolicy,1,1,0.0421487,3.24259,3.50656,7,5.93901,66,316,5.58462,630,0.944751
E3-Strict-p003,49.8632,34,606,RLPolicy,1,1,0.0415091,2.77259,3.50656,6,8.123,60,275,7.48041,630,0.943452
E3-Strict-p003,49.8634,403,575,RLPolicy,1,1,0.114536,3.46574,3.50656,7,5.55426,259,292,5.27409,630,0.992048
E3-Strict-p003,49.8659,345,361,RLPolicy,1,1,0.0864599,2.77259,3.50656,6,5.90905,16,177,5.51084,630,0.967584
E3-Strict-p003,49.8681,233,233,RLPolicy,0,0,0,0,3.50656,1,5.81295,52,52,5.72079,630,0.992048
E3-Strict-p003,49.8711,323,465,RLPolicy,1,1,0.086123,2.77259,3.50656,6,5.92972,2,204,5.34184,630,0.992048
E3-Strict-p003,49.8712,550,395,RLPolicy,1,1,0.12786,3.46574,3.50656,7,5.55328,160,179,5.21085,630,0.999796
E3-Strict-p003,49.8773,469,460,RLPolicy,1,1,0.111793,3.46574,3.50656,7,5.98694,311,323,5.64246,630,0.995718
E3-Strict-p003,49.8791,58,58,RLPolicy,0,0,0,0,3.50656,1,5.08268,93,93,4.99273,2,0.928852
E3-Strict-p003,49.8816,219,219,RLPolicy,0,0,0,0,3.50656,1,6.4096,58,58,6.33975,630,0.991027
E3-Strict-p003,49.8828,367,367,RLPolicy,0,0,0,0,3.50656,1,5.78034,78,78,5.70331,630,0.982263
E3-Strict-p003,49.8914,310,414,RLPolicy,1,1,0.0764068,3.46574,3.50656,7,6.29825,76,395,5.71202,630,0.99164
E3-Strict-p003,49.8917,512,644,RLPolicy,1,1,0.116004,1.38629,3.50656,4,5.60019,0,106,5.23147,630,0.989399
E3-Strict-p003,49.8989,402,402,RLPolicy,0,0,0,0,3.50656,1,5.33491,67,67,5.24069,630,0.999184
E3-Strict-p003,49.9039,477,355,RLPolicy,1,1,0.117183,2.77259,3.50656,6,6.21346,87,389,5.50934,630,0.985321
E3-Strict-p003,49.9042,303,440,RLPolicy,1,1,0.091085,3.46574,3.50656,7,4.90144,176,184,4.67116,630,0.995922
E3-Strict-p003,49.9265,104,576,RLPolicy,1,1,0.0408014,3.46574,3.50656,7,13.4823,68,340,12.7705,630,0.991436
E3-Strict-p003,49.9317,268,325,RLPolicy,1,1,0.0888646,1.38629,3.50656,4,6.68131,0,181,6.11536,630,0.95637
E3-Strict-p003,49.9342,186,186,RLPolicy,0,0,0,0,3.50656,1,6.56822,80,80,6.49714,630,0.980834
E3-Strict-p003,49.9492,214,15,RLPolicy,1,1,0.0780758,3.46574,3.50656,7,7.47217,250,275,6.90445,630,0.979471
E3-Strict-p003,49.9545,130,130,RLPolicy,0,0,0,0,3.50656,1,5.94543,16,16,5.84575,630,0.967584
E3-Strict-p003,49.9545,475,475,RLPolicy,0,0,0,0,3.50656,1,6.22224,33,33,6.11595,630,0.989399
E3-Strict-p003,49.956,461,275,RLPolicy,1,1,0.110685,3.46574,3.50656,7,6.32557,89,421,5.83714,630,0.995922
E3-Strict-p003,49.9686,281,453,RLPolicy,1,1,0.0927618,2.07944,3.50656,5,5.27084,0,148,4.8593,630,0.977369
E3-Strict-p003,49.9695,385,480,RLPolicy,1,1,0.00746117,3.46574,3.50656,7,5.71852,313,339,5.31584,630,0.992048
E3-Strict-p003,49.9704,175,175,RLPolicy,0,0,0,0,3.50656,1,6.9115,11,11,6.83291,630,0.994493
E3-Strict-p003,49.9719,41,193,RLPolicy,1,1,0.0443284,2.85497,3.50656,7,7.97043,227,402,7.47938,630,0.938864
E3-Strict-p003,49.9758,398,65,RLPolicy,1,1,0.107238,3.46574,3.50656,7,6.72165,385,407,6.23945,630,0.992252
E3-Strict-p003,49.9815,69,69,RLPolicy,0,0,0,0,3.50656,1,6.3217,58,58,6.19837,5,0.980222
E3-Strict-p003,49.9821,42,332,RLPolicy,1,1,0.0432632,3.16035,3.50656,7,6.79021,91,335,6.16407,630,0.984005
E3-Strict-p003,49.9823,311,204,RLPolicy,1,1,0.083219,3.46574,3.50656,7,8.28946,79,496,7.33385,630,0.974719
E3-Strict-p003,49.9829,152,152,RLPolicy,0,0,0,0,3.50656,1,7.22795,37,37,7.08726,630,0.971254
E3-Strict-p003,49.9849,453,453,RLPolicy,0,0,0,0,3.50656,1,6.02232,33,33,5.91751,630,0.99266
E3-Strict-p003,49.9855,202,202,RLPolicy,0,0,0,0,3.50656,1,6.12697,63,63,6.00077,630,0.981243
E3-Strict-p003,49.9931,459,207,RLPolicy,1,1,0.137161,3.46574,3.50656,7,5.63244,258,280,5.20297,630,0.981855
