configName,simTime,src,dst,policyMode,reachable,feasible,totalDelay,totalTrustCost,budget,hops,computeTimeMs,pipMasked,pipCandidates,pipDijkstraMs,pipNodesExpanded,lambda
E3-PPOPIP-p005,11.06,3,86,RLPolicy,1,1,0.0234925,2.54959,2.99573,7,0.259498,22,38,0.146125,45,0.997769
E3-PPOPIP-p005,11.3471,1,71,RLPolicy,0,0,0.033321,2.46721,2.99573,5,0.244296,6,10,0.210075,54,1
E3-PPOPIP-p005,11.5304,0,5,RLPolicy,0,0,0.0381359,4.93441,2.99573,9,0.361459,81,89,0.31201,56,1
E3-PPOPIP-p005,11.8236,5,46,RLPolicy,0,0,0.0392046,4.93441,2.99573,9,0.337977,81,89,0.244207,5,1
E3-PPOPIP-p005,12.0273,2,4,RLPolicy,0,0,0.0383146,4.93441,2.99573,9,0.364332,88,96,0.311825,60,1
E3-PPOPIP-p005,12.0348,4,59,RLPolicy,0,0,0.0335796,4.93441,2.99573,9,0.292982,91,99,0.210151,5,1
E3-PPOPIP-p005,12.5044,6,111,RLPolicy,1,1,0.042536,1.08091,2.99573,4,0.38907,0,24,0.305091,67,0.990426
E3-PPOPIP-p005,12.8287,9,83,RLPolicy,1,1,0.00599792,2.77259,2.99573,6,0.471844,51,69,0.346324,71,0.998884
E3-PPOPIP-p005,13.06,3,15,RLPolicy,1,1,0.0425729,2.85497,2.99573,7,0.284786,50,59,0.209805,71,0.997065
E3-PPOPIP-p005,13.1394,12,20,RLPolicy,0,0,0.0407058,5.60444,2.99573,9,0.411482,50,58,0.345959,33,1
E3-PPOPIP-p005,13.3471,1,71,RLPolicy,0,0,0.0333317,2.46721,2.99573,5,0.192193,6,10,0.175965,2,1
E3-PPOPIP-p005,13.3654,7,23,RLPolicy,0,0,0.0408553,4.62903,2.99573,9,0.461907,76,84,0.391091,33,1
E3-PPOPIP-p005,13.3911,8,28,RLPolicy,0,0,0.0396161,4.93441,2.99573,9,0.384263,90,98,0.325626,5,1
E3-PPOPIP-p005,13.5304,0,5,RLPolicy,0,0,0.0381473,4.93441,2.99573,9,0.231791,94,102,0.199111,80,1
E3-PPOPIP-p005,13.7018,11,54,RLPolicy,0,0,0.028371,1.38629,2.99573,3,0.292485,1,3,0.261145,34,1
E3-PPOPIP-p005,13.8236,5,46,RLPolicy,0,0,0.0392172,4.93441,2.99573,9,0.306746,91,99,0.273165,83,1
E3-PPOPIP-p005,14.0191,10,71,RLPolicy,0,0,0.0432138,2.46721,2.99573,5,0.364739,6,10,0.32636,85,1
E3-PPOPIP-p005,14.0273,2,4,RLPolicy,0,0,0.0383292,4.93441,2.99573,9,0.258476,104,112,0.220809,85,1
E3-PPOPIP-p005,14.0348,4,59,RLPolicy,0,0,0.0335944,4.93441,2.99573,9,0.264753,103,111,0.231072,85,1
E3-PPOPIP-p005,14.4809,18,79,RLPolicy,0,0,0.00956372,4.81135,2.99573,9,0.457666,93,101,0.368955,87,1
E3-PPOPIP-p005,14.5044,6,21,RLPolicy,0,0,0.0320908,5.60444,2.99573,9,0.274165,78,86,0.238195,39,0.990426
E3-PPOPIP-p005,14.6026,13,102,RLPolicy,1,0,0.00720989,3.16035,2.99573,7,0.587201,47,53,0.436003,87,1.00082
E3-PPOPIP-p005,14.7076,15,6,RLPolicy,1,1,0.0411651,2.92136,2.99573,8,0.624747,63,78,0.456053,88,0.999628
E3-PPOPIP-p005,14.8131,14,132,RLPolicy,0,0,0.0226295,1.38629,2.99573,3,0.388513,1,3,0.348836,90,1
E3-PPOPIP-p005,14.8149,16,59,RLPolicy,0,0,0.0381168,5.11674,2.99573,9,0.497855,120,128,0.420611,90,1
E3-PPOPIP-p005,14.8287,9,70,RLPolicy,0,0,0.0097365,4.93441,2.99573,9,0.27263,94,102,0.237082,2,0.998884
E3-PPOPIP-p005,15.0587,20,75,RLPolicy,1,1,0.0470181,2.85497,2.99573,7,0.859302,93,115,0.685393,93,0.999296
E3-PPOPIP-p005,15.06,3,30,RLPolicy,1,0,0.0340341,4.54665,2.99573,9,0.662161,82,90,0.473515,93,1.00482
E3-PPOPIP-p005,15.0602,19,21,RLPolicy,0,0,0.0378614,4.81135,2.99573,9,0.526808,87,95,0.407454,2,1
E3-PPOPIP-p005,15.1394,12,66,RLPolicy,1,1,0.0339955,1.38629,2.99573,4,0.398771,0,36,0.32344,94,0.991953
E3-PPOPIP-p005,15.3471,1,71,RLPolicy,0,0,0.0244742,2.46721,2.99573,5,0.457439,4,8,0.409415,97,1
E3-PPOPIP-p005,15.3654,7,118,RLPolicy,1,1,0.00721654,2.85497,2.99573,7,0.435913,64,78,0.31982,97,0.999296
E3-PPOPIP-p005,15.3911,8,79,RLPolicy,0,0,0.039633,4.93441,2.99573,9,0.459302,116,124,0.348369,97,1
E3-PPOPIP-p005,15.416,17,35,RLPolicy,0,0,0.0291398,5.11674,2.99573,9,0.863203,144,152,0.765306,97,1
E3-PPOPIP-p005,15.5304,0,44,RLPolicy,0,0,0.038895,5.2398,2.99573,9,0.554961,142,150,0.474011,97,1
E3-PPOPIP-p005,15.7018,11,143,RLPolicy,0,0,0.029555,2.07944,2.99573,4,0.293508,3,6,0.274152,103,1
E3-PPOPIP-p005,15.7398,27,82,RLPolicy,0,0,0.0496431,4.62903,2.99573,9,0.515506,199,207,0.428823,5,1
E3-PPOPIP-p005,15.8236,5,46,RLPolicy,0,0,0.0392384,4.93441,2.99573,9,0.64469,146,154,0.560323,104,1
E3-PPOPIP-p005,15.8562,22,121,RLPolicy,1,1,0.0363585,1.38629,2.99573,4,1.04857,0,48,0.928604,104,0.991953
E3-PPOPIP-p005,16.0119,30,87,RLPolicy,1,0,0.0419011,3.8535,2.99573,8,0.653426,110,117,0.447063,104,1.00429
E3-PPOPIP-p005,16.0153,21,7,RLPolicy,1,1,0.0459795,2.46721,2.99573,6,0.637215,80,110,0.454779,104,0.997357
E3-PPOPIP-p005,16.0171,24,96,RLPolicy,0,0,0.0357087,5.2398,2.99573,9,0.469541,22,30,0.414633,3,1
E3-PPOPIP-p005,16.0191,10,71,RLPolicy,0,0,0.0431785,2.46721,2.99573,5,0.284399,7,11,0.25566,3,1
E3-PPOPIP-p005,16.0273,2,4,RLPolicy,0,0,0.0364916,4.93441,2.99573,9,1.03227,146,154,0.68447,104,1
E3-PPOPIP-p005,16.0348,4,35,RLPolicy,0,0,0.0364023,4.93441,2.99573,9,0.593472,144,152,0.502315,104,1
E3-PPOPIP-p005,16.0396,29,35,RLPolicy,0,0,0.0398156,5.11674,2.99573,9,0.560577,155,163,0.463808,104,1
E3-PPOPIP-p005,16.1834,31,46,RLPolicy,0,0,0.0446552,5.42212,2.99573,9,0.585355,148,156,0.464069,105,1
E3-PPOPIP-p005,16.2109,33,123,RLPolicy,1,1,0.0378752,0.693147,2.99573,3,0.54269,0,50,0.457602,50,0.988487
E3-PPOPIP-p005,16.3245,23,112,RLPolicy,1,1,0.0370735,1.38629,2.99573,4,0.628151,0,55,0.501261,107,0.991953
E3-PPOPIP-p005,16.3419,32,12,RLPolicy,0,0,0.0510387,5.11674,2.99573,9,0.619137,164,172,0.500769,50,1
E3-PPOPIP-p005,16.3441,37,71,RLPolicy,0,0,0.00476797,2.95491,2.99573,5,0.617352,7,11,0.55143,107,1
E3-PPOPIP-p005,16.4532,28,16,RLPolicy,0,0,0.0438766,4.50597,2.99573,9,0.509708,114,122,0.379816,4,1
E3-PPOPIP-p005,16.4809,18,4,RLPolicy,1,1,0.0363766,0.387766,2.99573,3,0.415377,0,38,0.346289,51,0.98696
E3-PPOPIP-p005,16.5044,6,32,RLPolicy,0,0,0.0364503,5.42212,2.99573,9,0.461346,179,187,0.393651,2,0.990426
E3-PPOPIP-p005,16.6026,13,112,RLPolicy,1,1,0.036285,2.77259,2.99573,6,0.50775,27,109,0.321074,111,0.999707
E3-PPOPIP-p005,16.7076,15,70,RLPolicy,0,0,0.0416068,5.08565,2.99573,9,0.366425,125,133,0.326261,2,0.999628
E3-PPOPIP-p005,16.71,36,40,RLPolicy,1,0,0.0433545,3.16035,2.99573,7,0.738889,98,104,0.573949,112,1.00082
E3-PPOPIP-p005,16.8131,14,132,RLPolicy,0,0,0.0238135,2.07944,2.99573,4,0.324992,3,6,0.307731,57,1
E3-PPOPIP-p005,16.8149,16,35,RLPolicy,0,0,0.0380879,5.11674,2.99573,9,0.375882,160,168,0.332596,112,1
E3-PPOPIP-p005,16.8287,9,121,RLPolicy,0,0,0.00715258,3.8535,2.99573,7,0.52154,60,66,0.458415,4,0.998884
E3-PPOPIP-p005,16.8439,26,11,RLPolicy,0,0,0.0316985,2.07944,2.99573,4,0.73932,3,6,0.691909,112,1
E3-PPOPIP-p005,17.0587,20,194,RLPolicy,0,0,0.00956934,4.62903,2.99573,9,0.417856,191,199,0.364072,59,0.999296
E3-PPOPIP-p005,17.06,3,15,RLPolicy,1,1,0.0405446,2.85497,2.99573,7,0.502071,92,101,0.359349,115,1.00412
E3-PPOPIP-p005,17.0602,19,51,RLPolicy,1,1,0.0354817,2.85497,2.99573,7,0.637856,90,112,0.474647,115,0.999296
E3-PPOPIP-p005,17.1394,12,85,RLPolicy,0,0,0.00957141,4.93441,2.99573,9,0.728537,123,131,0.615457,59,0.991953
E3-PPOPIP-p005,17.1626,25,194,RLPolicy,0,0,0.0432215,4.62903,2.99573,9,0.876409,193,201,0.803204,59,1
E3-PPOPIP-p005,17.2315,38,177,RLPolicy,0,0,0.00954817,5.54518,2.99573,9,0.69006,133,141,0.561912,59,1
E3-PPOPIP-p005,17.2636,39,121,RLPolicy,0,0,0.0274048,3.8535,2.99573,7,1.34887,61,67,1.18293,59,1
E3-PPOPIP-p005,17.3471,1,71,RLPolicy,0,0,0.0244959,2.46721,2.99573,5,0.414796,7,11,0.387103,60,1
E3-PPOPIP-p005,17.3654,7,121,RLPolicy,0,0,0.011062,4.54665,2.99573,8,0.594811,84,91,0.533093,60,0.999296
E3-PPOPIP-p005,17.3911,8,17,RLPolicy,0,0,0.0461693,4.93441,2.99573,9,0.721601,135,143,0.567615,119,1
E3-PPOPIP-p005,17.416,17,59,RLPolicy,0,0,0.0291508,5.11674,2.99573,9,0.508895,176,184,0.456539,119,1
E3-PPOPIP-p005,17.5226,44,53,RLPolicy,0,0,0.048599,5.11674,2.99573,9,1.03923,154,162,0.885483,120,1
E3-PPOPIP-p005,17.5304,0,35,RLPolicy,0,0,0.0388968,5.2398,2.99573,9,0.480389,183,191,0.411975,120,1
E3-PPOPIP-p005,17.6869,35,68,RLPolicy,0,0,0.0452503,5.11674,2.99573,9,0.750999,147,155,0.635984,121,1
E3-PPOPIP-p005,17.7018,11,143,RLPolicy,0,0,0.0229723,2.77259,2.99573,5,0.56932,6,10,0.511954,123,1
E3-PPOPIP-p005,17.7398,27,32,RLPolicy,0,0,0.00952933,4.81135,2.99573,9,0.449669,155,163,0.40513,64,1
E3-PPOPIP-p005,17.8236,5,17,RLPolicy,0,0,0.0096277,4.93441,2.99573,9,0.609679,146,154,0.499276,124,1
E3-PPOPIP-p005,17.8562,22,121,RLPolicy,0,0,0.00834527,4.85203,2.99573,8,0.476989,89,96,0.437941,64,0.991953
E3-PPOPIP-p005,17.8632,34,39,RLPolicy,1,1,0.0384099,2.77259,2.99573,6,0.863661,75,82,0.677486,124,0.998884
E3-PPOPIP-p005,17.9719,41,177,RLPolicy,0,0,0.0490425,5.7275,2.99573,9,0.787232,180,188,0.59701,66,1
E3-PPOPIP-p005,17.9821,42,121,RLPolicy,0,0,0.00834624,4.54665,2.99573,8,1.84755,91,98,1.77131,66,1
E3-PPOPIP-p005,18.0119,30,27,RLPolicy,1,0,0.0407153,3.46574,2.99573,7,0.689394,114,120,0.473451,130,1.00664
E3-PPOPIP-p005,18.0153,21,36,RLPolicy,0,0,0.0438099,5.54518,2.99573,9,0.588867,164,172,0.531042,67,0.997357
E3-PPOPIP-p005,18.0171,24,92,RLPolicy,0,0,0.0095534,5.2398,2.99573,9,0.614271,54,62,0.55809,67,1
E3-PPOPIP-p005,18.0191,10,71,RLPolicy,0,0,0.0421935,2.46721,2.99573,5,0.604382,5,9,0.558316,5,1
E3-PPOPIP-p005,18.0273,2,68,RLPolicy,0,0,0.0365096,4.93441,2.99573,9,0.829715,158,166,0.734944,130,1
E3-PPOPIP-p005,18.0348,4,59,RLPolicy,0,0,0.0364141,4.93441,2.99573,9,0.564189,192,200,0.505297,130,1
E3-PPOPIP-p005,18.0396,29,59,RLPolicy,0,0,0.0398274,5.11674,2.99573,9,0.552963,199,207,0.490398,130,1
E3-PPOPIP-p005,18.1834,31,68,RLPolicy,0,0,0.00962566,5.42212,2.99573,9,0.639423,177,185,0.572935,133,1
E3-PPOPIP-p005,18.2109,33,68,RLPolicy,0,0,0.00962935,5.42212,2.99573,9,0.631234,174,182,0.573567,136,0.988487
E3-PPOPIP-p005,18.3245,23,36,RLPolicy,0,0,0.0430454,5.54518,2.99573,9,0.611468,169,177,0.547432,6,0.991953
E3-PPOPIP-p005,18.3419,32,177,RLPolicy,0,0,0.0510382,5.7275,2.99573,9,0.640347,193,201,0.574983,68,1
E3-PPOPIP-p005,18.3441,37,175,RLPolicy,0,0,0.0403383,2.26176,2.99573,4,0.923834,5,8,0.883448,68,1
E3-PPOPIP-p005,18.4532,28,68,RLPolicy,0,0,0.00959583,5.42212,2.99573,9,0.682258,171,179,0.60037,137,1
E3-PPOPIP-p005,18.4809,18,100,RLPolicy,1,1,0.0356166,1.38629,2.99573,4,1.031,0,95,0.798676,68,0.978913
E3-PPOPIP-p005,18.5044,6,12,RLPolicy,0,0,0.00958507,5.42212,2.99573,9,0.534671,172,180,0.477274,3,0.990426
E3-PPOPIP-p005,18.602,47,53,RLPolicy,0,0,0.0455161,5.42212,2.99573,9,0.963758,209,217,0.72434,137,1
E3-PPOPIP-p005,18.6026,13,172,RLPolicy,1,1,0.0307151,1.08091,2.99573,4,1.03301,0,58,0.860577,137,0.990133
E3-PPOPIP-p005,18.7076,15,13,RLPolicy,1,1,0.0351085,1.38629,2.99573,4,0.940722,0,50,0.780118,137,0.991581
E3-PPOPIP-p005,18.71,36,118,RLPolicy,1,0,0.0437157,3.16035,2.99573,7,0.607304,117,123,0.504329,137,1.00165
E3-PPOPIP-p005,18.7786,51,121,RLPolicy,0,0,0.00954119,5.54518,2.99573,9,0.872664,91,99,0.745037,71,1
E3-PPOPIP-p005,18.8131,14,173,RLPolicy,1,0,0.0393978,3.8535,2.99573,8,0.939636,104,111,0.741018,138,1.00429
E3-PPOPIP-p005,18.8149,16,183,RLPolicy,1,1,0.0305346,0.693147,2.99573,3,0.821319,0,55,0.7057,71,0.988487
E3-PPOPIP-p005,18.8287,9,170,RLPolicy,1,1,0.0430214,2.46721,2.99573,6,0.616319,68,104,0.520039,138,0.996242
E3-PPOPIP-p005,18.8439,26,11,RLPolicy,0,0,0.032883,2.77259,2.99573,5,0.594245,6,10,0.564966,138,1
E3-PPOPIP-p005,18.8776,62,0,RLPolicy,0,0,0.0481456,5.7275,2.99573,9,0.883828,210,218,0.745751,138,1
E3-PPOPIP-p005,18.9654,40,187,RLPolicy,0,0,0.0561457,5.54518,2.99573,9,0.868072,135,143,0.713468,5,1
E3-PPOPIP-p005,18.9679,56,53,RLPolicy,0,0,0.0489776,5.7275,2.99573,9,0.912757,197,205,0.753134,139,1
E3-PPOPIP-p005,19.0587,20,198,RLPolicy,0,0,0.0279557,5.2398,2.99573,9,0.927367,188,196,0.724712,6,0.999296
E3-PPOPIP-p005,19.06,3,12,RLPolicy,0,0,0.0095814,5.42212,2.99573,9,0.777926,174,182,0.694469,3,1.00412
E3-PPOPIP-p005,19.0602,19,86,RLPolicy,1,1,0.0422879,2.77259,2.99573,6,1.00698,92,99,0.811089,139,0.99818
E3-PPOPIP-p005,19.0895,45,160,RLPolicy,0,0,0.032564,1.38629,2.99573,3,0.716531,1,3,0.675139,139,1
E3-PPOPIP-p005,19.0993,46,225,RLPolicy,0,0,0.0367536,5.7275,2.99573,9,0.720626,220,228,0.625386,1,1
E3-PPOPIP-p005,19.1136,43,125,RLPolicy,1,1,0.0406873,1.38629,2.99573,4,1.59384,0,60,1.38253,139,0.991953
E3-PPOPIP-p005,19.1394,12,66,RLPolicy,1,1,0.0346697,1.08091,2.99573,4,0.630539,0,67,0.548521,139,0.982379
E3-PPOPIP-p005,19.1454,63,187,RLPolicy,0,0,0.0472912,5.7275,2.99573,9,0.750553,167,175,0.613427,72,1
E3-PPOPIP-p005,19.1626,25,195,RLPolicy,1,1,0.0386812,1.77406,2.99573,5,0.844229,5,109,0.622422,139,0.993892
E3-PPOPIP-p005,19.2259,54,11,RLPolicy,0,0,0.0354478,2.77259,2.99573,5,0.796382,6,10,0.742393,72,1
E3-PPOPIP-p005,19.2315,38,12,RLPolicy,0,0,0.00958073,5.7275,2.99573,9,0.641396,178,186,0.584579,72,1
E3-PPOPIP-p005,19.237,66,210,RLPolicy,1,0,0.0102602,4.47474,2.99573,9,0.988706,140,148,0.762474,140,1.0074
E3-PPOPIP-p005,19.242,50,177,RLPolicy,0,0,0.0489741,5.7275,2.99573,9,0.858281,196,204,0.716946,5,1
E3-PPOPIP-p005,19.2423,52,173,RLPolicy,1,1,0.0434425,1.38629,2.99573,4,0.92918,0,90,0.713384,140,0.991953
E3-PPOPIP-p005,19.2636,39,42,RLPolicy,0,0,0.0298094,4.93441,2.99573,9,0.665054,145,153,0.607262,72,1
E3-PPOPIP-p005,19.2872,59,53,RLPolicy,0,0,0.0463276,5.7275,2.99573,9,0.864116,211,219,0.733728,140,1
E3-PPOPIP-p005,19.3116,49,175,RLPolicy,0,0,0.0434922,2.95491,2.99573,5,0.622358,5,9,0.571427,72,1
E3-PPOPIP-p005,19.317,68,225,RLPolicy,0,0,0.00958733,5.7275,2.99573,9,0.815036,218,226,0.669927,5,1
E3-PPOPIP-p005,19.3471,1,71,RLPolicy,0,0,0.0252946,2.46721,2.99573,5,0.832576,5,9,0.753712,141,1
E3-PPOPIP-p005,19.3654,7,118,RLPolicy,1,1,0.0060434,2.46721,2.99573,6,0.777288,99,117,0.611025,141,0.996654
E3-PPOPIP-p005,19.3911,8,53,RLPolicy,0,0,0.046115,4.93441,2.99573,9,0.766544,209,217,0.619262,141,1
E3-PPOPIP-p005,19.416,17,79,RLPolicy,0,0,0.0299635,5.11674,2.99573,9,1.4596,214,222,1.36478,141,1
E3-PPOPIP-p005,19.4255,67,14,RLPolicy,1,0,0.0528905,4.85203,2.99573,9,1.1733,162,170,0.892816,141,1.00928
E3-PPOPIP-p005,19.4602,65,167,RLPolicy,1,0,0.00721806,3.46574,2.99573,7,1.1603,157,163,0.828949,141,1.00235
E3-PPOPIP-p005,19.4684,61,4,RLPolicy,0,0,0.0474863,5.7275,2.99573,9,1.01601,221,229,0.872515,141,1
E3-PPOPIP-p005,19.4817,48,227,RLPolicy,1,1,0.0439098,2.07944,2.99573,5,1.32641,30,94,1.09751,141,0.995419
E3-PPOPIP-p005,19.5034,55,198,RLPolicy,0,0,0.0552398,5.7275,2.99573,9,0.765831,101,109,0.657901,3,1
E3-PPOPIP-p005,19.5147,53,183,RLPolicy,1,1,0.0403825,1.38629,2.99573,4,0.816425,0,62,0.683797,73,0.991953
E3-PPOPIP-p005,19.5226,44,46,RLPolicy,1,1,0.042915,1.77406,2.99573,5,0.679092,12,112,0.510512,73,0.993892
E3-PPOPIP-p005,19.5304,0,225,RLPolicy,0,0,0.00957007,5.54518,2.99573,9,0.892211,228,236,0.794488,143,1
E3-PPOPIP-p005,19.6803,60,198,RLPolicy,0,0,0.0571866,5.7275,2.99573,9,1.096,97,105,0.871196,5,1
E3-PPOPIP-p005,19.6869,35,18,RLPolicy,0,0,0.00956043,5.2398,2.99573,9,0.912209,209,217,0.588963,6,1
E3-PPOPIP-p005,19.7018,11,143,RLPolicy,0,0,0.0229723,2.77259,2.99573,5,0.591426,6,10,0.559693,144,1
E3-PPOPIP-p005,19.7398,27,129,RLPolicy,1,1,0.0409862,2.46721,2.99573,6,0.950482,106,150,0.793985,144,0.997357
E3-PPOPIP-p005,19.8236,5,154,RLPolicy,1,1,0.034124,2.07944,2.99573,5,3.06114,27,83,2.87353,73,0.995419
E3-PPOPIP-p005,19.8562,22,42,RLPolicy,0,0,0.009554,5.54518,2.99573,9,1.01669,151,159,0.862416,73,0.991953
E3-PPOPIP-p005,19.8632,34,187,RLPolicy,0,0,0.0432971,5.54518,2.99573,9,0.628818,143,151,0.551771,73,0.998884
E3-PPOPIP-p005,19.8791,58,66,RLPolicy,1,1,0.0451634,1.08091,2.99573,4,1.58278,0,65,1.37115,147,0.990426
E3-PPOPIP-p005,19.9719,41,208,RLPolicy,1,1,0.0462474,2.85497,2.99573,7,0.889479,136,144,0.6506,147,0.999296
E3-PPOPIP-p005,19.9815,69,172,RLPolicy,1,1,0.0449131,1.38629,2.99573,4,1.01136,0,66,0.834598,147,0.991953
E3-PPOPIP-p005,19.9821,42,77,RLPolicy,0,0,0.00955282,4.93441,2.99573,9,0.791509,151,159,0.705579,73,1
E3-PPOPIP-p005,20.0119,30,177,RLPolicy,0,0,0.0549119,5.2398,2.99573,9,1.29343,83,91,1.11377,5,1.00664
E3-PPOPIP-p005,20.0153,21,210,RLPolicy,1,0,0.0412088,4.15888,2.99573,8,1.12311,144,151,0.953847,149,1.00317
E3-PPOPIP-p005,20.0171,24,198,RLPolicy,0,0,0.0425294,5.2398,2.99573,9,1.34055,102,110,1.21463,5,1
E3-PPOPIP-p005,20.0191,10,71,RLPolicy,0,0,0.0422014,2.46721,2.99573,5,0.630842,5,9,0.603332,149,1
E3-PPOPIP-p005,20.0273,2,223,RLPolicy,0,0,0.0350854,5.54518,2.99573,9,0.953732,205,213,0.828283,149,1
E3-PPOPIP-p005,20.0348,4,79,RLPolicy,0,0,0.0363886,5.2398,2.99573,9,0.822682,203,211,0.732517,5,1
E3-PPOPIP-p005,20.0396,29,79,RLPolicy,0,0,0.0398018,5.11674,2.99573,9,0.960668,208,216,0.823652,149,1
E3-PPOPIP-p005,20.0519,64,21,RLPolicy,0,0,0.0519015,5.54518,2.99573,9,1.12257,155,163,0.954732,73,1
E3-PPOPIP-p005,20.1025,75,42,RLPolicy,0,0,0.00956105,5.54518,2.99573,9,0.789048,151,159,0.693839,75,1
E3-PPOPIP-p005,20.1207,57,82,RLPolicy,1,0,0.0434643,3.46574,2.99573,7,0.997987,110,116,0.77454,149,1.00235
E3-PPOPIP-p005,20.1834,31,28,RLPolicy,0,0,0.0409772,5.11674,2.99573,9,0.966836,226,234,0.867237,149,1
E3-PPOPIP-p005,20.2109,33,216,RLPolicy,0,0,0.0484153,4.93441,2.99573,9,1.16119,190,198,1.04485,150,0.988487
E3-PPOPIP-p005,20.2357,71,175,RLPolicy,0,0,0.042115,3.64806,2.99573,6,0.898097,4,9,0.830589,150,1
E3-PPOPIP-p005,20.2418,70,42,RLPolicy,0,0,0.0296079,5.54518,2.99573,9,0.99436,150,158,0.821819,76,1
E3-PPOPIP-p005,20.3245,23,177,RLPolicy,0,0,0.0450504,5.54518,2.99573,9,2.67833,178,186,2.56527,77,0.991953
E3-PPOPIP-p005,20.3289,77,42,RLPolicy,0,0,0.00955867,5.54518,2.99573,9,0.955663,152,160,0.847089,77,1
E3-PPOPIP-p005,20.3412,79,53,RLPolicy,1,1,0.0483679,1.38629,2.99573,4,1.06684,0,95,0.858392,77,0.991953
E3-PPOPIP-p005,20.3419,32,66,RLPolicy,1,1,0.0402486,1.46868,2.99573,5,1.06923,0,120,0.819236,152,0.992365
E3-PPOPIP-p005,20.3441,37,175,RLPolicy,0,0,0.0403383,2.26176,2.99573,4,0.492999,5,8,0.47262,77,1
E3-PPOPIP-p005,20.4532,28,17,RLPolicy,0,0,0.0421032,5.11674,2.99573,9,0.983337,223,231,0.86039,153,1
E3-PPOPIP-p005,20.4663,72,216,RLPolicy,0,0,0.0473457,5.7275,2.99573,9,1.36748,162,170,1.19969,153,1
E3-PPOPIP-p005,20.4809,18,79,RLPolicy,0,0,0.0095312,5.42212,2.99573,9,0.803214,223,231,0.694698,153,0.978913
E3-PPOPIP-p005,20.5044,6,51,RLPolicy,1,1,0.0368163,2.35622,2.99573,7,1.32633,90,140,1.06799,154,0.987228
E3-PPOPIP-p005,20.5148,78,225,RLPolicy,0,0,0.0449389,5.7275,2.99573,9,0.89162,231,239,0.792822,154,1
E3-PPOPIP-p005,20.602,47,100,RLPolicy,1,1,0.0377127,0.693147,2.99573,3,0.74904,0,74,0.672909,79,0.988487
E3-PPOPIP-p005,20.6026,13,112,RLPolicy,1,1,0.0317419,2.46721,2.99573,6,0.955506,36,147,0.779485,156,0.987491
E3-PPOPIP-p005,20.7076,15,187,RLPolicy,0,0,0.0318868,5.54518,2.99573,9,0.669845,151,159,0.598301,3,0.991581
E3-PPOPIP-p005,20.71,36,121,RLPolicy,0,0,0.00954691,5.54518,2.99573,9,0.857129,108,116,0.754882,79,1.00165
E3-PPOPIP-p005,20.7786,51,42,RLPolicy,0,0,0.00958799,5.54518,2.99573,9,0.635519,132,140,0.574715,3,1
E3-PPOPIP-p005,20.7823,88,13,RLPolicy,0,0,0.0538593,5.7275,2.99573,9,1.29715,187,195,1.03034,79,1
E3-PPOPIP-p005,20.8131,14,113,RLPolicy,1,1,0.00604739,2.77259,2.99573,6,0.807769,68,75,0.68752,157,1.00317
E3-PPOPIP-p005,20.8149,16,224,RLPolicy,1,1,0.0452341,2.46721,2.99573,6,0.752899,92,123,0.625557,79,0.985844
E3-PPOPIP-p005,20.8287,9,42,RLPolicy,0,0,0.0095612,5.2398,2.99573,9,1.20027,152,160,0.999205,79,0.996242
E3-PPOPIP-p005,20.8439,26,11,RLPolicy,0,0,0.0296746,2.77259,2.99573,5,0.956618,6,10,0.883131,79,1
E3-PPOPIP-p005,20.8776,62,243,RLPolicy,0,0,0.0481215,5.7275,2.99573,9,0.801063,232,240,0.729031,157,1
E3-PPOPIP-p005,20.9097,80,139,RLPolicy,1,1,0.0373575,1.38629,2.99573,4,1.11458,0,97,0.893005,81,0.991953
E3-PPOPIP-p005,20.9654,40,60,RLPolicy,1,0,0.0450048,3.24274,2.99573,8,0.961478,172,179,0.766436,162,1.00124
E3-PPOPIP-p005,20.9679,56,244,RLPolicy,1,1,0.0390951,2.07944,2.99573,5,0.849054,4,118,0.714055,81,0.995419
E3-PPOPIP-p005,21.0587,20,106,RLPolicy,1,1,0.0383376,2.07944,2.99573,5,0.892154,36,116,0.72461,162,0.994715
E3-PPOPIP-p005,21.06,3,245,RLPolicy,0,0,0.00955995,4.93441,2.99573,9,0.936009,178,186,0.849503,81,1.00412
E3-PPOPIP-p005,21.0602,19,177,RLPolicy,0,0,0.042527,5.54518,2.99573,9,1.04933,181,189,0.940473,81,0.99818
E3-PPOPIP-p005,21.0895,45,230,RLPolicy,0,0,0.00239688,1.38629,2.99573,3,0.803552,2,4,0.778861,162,1
E3-PPOPIP-p005,21.0993,46,225,RLPolicy,0,0,0.0367178,5.7275,2.99573,9,0.97025,239,247,0.884661,162,1
E3-PPOPIP-p005,21.1136,43,227,RLPolicy,1,1,0.042623,2.07944,2.99573,5,0.890912,42,123,0.74139,164,0.987371
E3-PPOPIP-p005,21.1394,12,66,RLPolicy,1,1,0.0348547,0.693147,2.99573,3,1.21331,0,58,1.03792,164,0.970866
E3-PPOPIP-p005,21.1454,63,13,RLPolicy,0,0,0.0473121,5.54518,2.99573,9,0.807375,157,165,0.713247,84,1
E3-PPOPIP-p005,21.1508,81,60,RLPolicy,0,0,0.0525222,5.7275,2.99573,9,0.957643,68,76,0.878853,84,1
E3-PPOPIP-p005,21.1626,25,24,RLPolicy,1,0,0.0390165,3.46574,2.99573,7,1.34285,150,156,1.07238,164,0.996242
E3-PPOPIP-p005,21.2053,76,102,RLPolicy,1,1,0.0506421,2.07944,2.99573,5,1.23932,40,117,0.994734,165,0.995419
E3-PPOPIP-p005,21.2259,54,11,RLPolicy,0,0,0.0354482,2.77259,2.99573,5,0.986364,6,10,0.951618,165,1
E3-PPOPIP-p005,21.2315,38,7,RLPolicy,1,1,0.0414783,2.07944,2.99573,5,1.87337,51,119,1.48975,165,0.995419
E3-PPOPIP-p005,21.237,66,227,RLPolicy,1,1,0.048333,2.77259,2.99573,6,1.02088,117,136,0.84066,165,1.00628
E3-PPOPIP-p005,21.242,50,258,RLPolicy,0,0,0.0490019,5.7275,2.99573,9,1.02418,208,216,0.91282,86,1
E3-PPOPIP-p005,21.2423,52,258,RLPolicy,0,0,0.0489176,5.7275,2.99573,9,0.751441,208,216,0.678959,5,0.991953
E3-PPOPIP-p005,21.2636,39,258,RLPolicy,0,0,0.0309228,5.2398,2.99573,9,1.06249,171,179,0.9669,86,1
E3-PPOPIP-p005,21.2725,95,258,RLPolicy,0,0,0.0586966,5.7275,2.99573,9,1.24605,204,212,1.05153,86,1
E3-PPOPIP-p005,21.2872,59,188,RLPolicy,1,1,0.0522855,2.77259,2.99573,6,1.01707,132,159,0.802174,86,0.998884
E3-PPOPIP-p005,21.3116,49,175,RLPolicy,0,0,0.03717,3.64806,2.99573,6,0.642224,3,8,0.615817,86,1
E3-PPOPIP-p005,21.317,68,225,RLPolicy,0,0,0.00956058,5.7275,2.99573,9,0.882068,257,265,0.820469,166,1
E3-PPOPIP-p005,21.3184,86,3,RLPolicy,1,1,0.0539199,2.77259,2.99573,6,1.62994,130,144,1.39534,166,0.998884
E3-PPOPIP-p005,21.3471,1,49,RLPolicy,0,0,0.0253019,2.46721,2.99573,5,0.773582,4,8,0.736739,5,1
E3-PPOPIP-p005,21.3654,7,21,RLPolicy,1,1,0.0412039,2.15891,2.99573,6,1.30377,58,154,1.03888,166,0.992469
E3-PPOPIP-p005,21.3911,8,252,RLPolicy,0,0,0.042825,5.2398,2.99573,9,1.12029,269,277,1.0117,166,1
E3-PPOPIP-p005,21.4143,97,184,RLPolicy,1,1,0.0440503,2.07944,2.99573,5,1.96038,20,115,1.67116,168,0.995419
E3-PPOPIP-p005,21.416,17,225,RLPolicy,0,0,0.0299497,5.7275,2.99573,9,0.779913,267,275,0.70871,6,1
E3-PPOPIP-p005,21.4255,67,7,RLPolicy,1,1,0.0492519,2.77259,2.99573,6,1.26891,146,164,1.11733,168,1.00817
E3-PPOPIP-p005,21.4573,74,232,RLPolicy,0,0,0.0349127,5.54518,2.99573,9,1.11597,195,203,0.897758,86,1
E3-PPOPIP-p005,21.4602,65,258,RLPolicy,0,0,0.00955388,5.54518,2.99573,9,0.899355,157,165,0.832232,86,1.00235
E3-PPOPIP-p005,21.4684,61,252,RLPolicy,0,0,0.047479,5.7275,2.99573,9,0.906689,273,281,0.807801,168,1
E3-PPOPIP-p005,21.4817,48,258,RLPolicy,0,0,0.0486957,5.54518,2.99573,9,0.920461,202,210,0.833075,5,0.995419
E3-PPOPIP-p005,21.5034,55,177,RLPolicy,0,0,0.0552512,5.7275,2.99573,9,0.830875,88,96,0.753412,86,1
E3-PPOPIP-p005,21.5143,93,225,RLPolicy,0,0,0.00955989,5.7275,2.99573,9,1.20494,272,280,1.04758,170,1
E3-PPOPIP-p005,21.5147,53,252,RLPolicy,0,0,0.00953733,5.7275,2.99573,9,0.851626,235,243,0.760788,170,0.991953
E3-PPOPIP-p005,21.5226,44,243,RLPolicy,0,0,0.0466576,5.7275,2.99573,9,3.89532,264,272,3.64337,170,0.993892
E3-PPOPIP-p005,21.5304,0,2,RLPolicy,0,0,0.00953824,5.2398,2.99573,9,0.730982,269,277,0.65232,5,1
E3-PPOPIP-p005,21.547,91,274,RLPolicy,0,0,0.0488227,5.54518,2.99573,9,1.06877,194,202,0.936996,86,1
E3-PPOPIP-p005,21.6516,89,253,RLPolicy,1,1,0.0373812,0.693147,2.99573,3,1.1431,0,42,1.02864,170,0.988487
E3-PPOPIP-p005,21.6757,83,116,RLPolicy,1,1,0.0479719,2.07944,2.99573,5,4.67774,57,130,4.42426,170,0.995419
E3-PPOPIP-p005,21.6803,60,89,RLPolicy,1,0,0.0478684,4.15888,2.99573,8,1.05879,188,195,0.821719,170,1.00582
E3-PPOPIP-p005,21.6869,35,243,RLPolicy,0,0,0.0414526,5.7275,2.99573,9,4.94425,262,270,4.77019,170,1
E3-PPOPIP-p005,21.7018,11,143,RLPolicy,0,0,0.0222891,2.77259,2.99573,5,1.89855,6,10,1.79808,87,1
E3-PPOPIP-p005,21.7398,27,181,RLPolicy,1,0,0.0429258,3.8535,2.99573,8,1.03889,190,197,0.821133,170,1.00165
E3-PPOPIP-p005,21.7683,73,274,RLPolicy,0,0,0.0495378,5.54518,2.99573,9,2.47953,214,222,1.93101,87,1
E3-PPOPIP-p005,21.7693,82,258,RLPolicy,0,0,0.0556516,5.54518,2.99573,9,1.14132,214,222,0.924848,87,1
E3-PPOPIP-p005,21.8227,94,227,RLPolicy,1,1,0.0559195,2.77259,2.99573,6,1.22971,153,188,1.00266,171,0.998884
E3-PPOPIP-p005,21.8236,5,252,RLPolicy,0,0,0.0368314,5.2398,2.99573,9,1.55567,287,295,1.43354,171,0.995419
E3-PPOPIP-p005,21.8346,92,217,RLPolicy,1,0,0.0567325,4.85203,2.99573,9,1.30638,164,172,0.948554,171,1.00928
E3-PPOPIP-p005,21.8562,22,258,RLPolicy,0,0,0.00955076,5.54518,2.99573,9,1.01676,176,184,0.907352,88,0.991953
E3-PPOPIP-p005,21.8632,34,110,RLPolicy,0,0,0.00966885,4.93441,2.99573,9,1.75739,202,210,1.5249,171,0.998884
E3-PPOPIP-p005,21.8791,58,258,RLPolicy,0,0,0.054029,5.54518,2.99573,9,0.941854,197,205,0.879449,88,0.990426
E3-PPOPIP-p005,21.9265,104,258,RLPolicy,0,0,0.060095,5.54518,2.99573,9,1.63893,193,201,1.52244,88,1
E3-PPOPIP-p005,21.9719,41,132,RLPolicy,1,0,0.046868,4.54665,2.99573,9,1.74735,184,192,1.23532,171,1.00705
E3-PPOPIP-p005,21.9815,69,172,RLPolicy,1,1,0.0460077,2.07944,2.99573,5,1.19105,27,130,0.993469,171,0.987371
E3-PPOPIP-p005,21.9821,42,258,RLPolicy,0,0,0.00957628,4.93441,2.99573,9,1.283,171,179,1.17636,88,1
E3-PPOPIP-p005,22.0119,30,177,RLPolicy,0,0,0.0549305,5.2398,2.99573,9,0.845424,81,89,0.793364,88,1.00664
E3-PPOPIP-p005,22.0153,21,258,RLPolicy,0,0,0.0423999,5.54518,2.99573,9,0.880676,216,224,0.799726,88,1.00317
E3-PPOPIP-p005,22.0171,24,198,RLPolicy,0,0,0.0425414,5.2398,2.99573,9,1.00453,107,115,0.92047,88,1
E3-PPOPIP-p005,22.0191,10,175,RLPolicy,0,0,0.0401918,2.46721,2.99573,5,2.17893,6,10,2.08589,172,1
E3-PPOPIP-p005,22.0235,98,194,RLPolicy,1,1,0.053748,2.77259,2.99573,6,2.81777,91,111,2.63299,172,0.998884
E3-PPOPIP-p005,22.0273,2,243,RLPolicy,0,0,0.0350922,5.2398,2.99573,9,0.900927,272,280,0.797486,172,1
E3-PPOPIP-p005,22.0348,4,158,RLPolicy,1,1,0.034212,2.46721,2.99573,6,1.04103,36,177,0.807548,88,0.997357
E3-PPOPIP-p005,22.0396,29,225,RLPolicy,0,0,0.0397886,5.7275,2.99573,9,0.891331,271,279,0.822557,172,1
E3-PPOPIP-p005,22.0519,64,258,RLPolicy,0,0,0.05192,5.54518,2.99573,9,0.903319,204,212,0.833623,88,1
E3-PPOPIP-p005,22.1025,75,258,RLPolicy,0,0,0.00955826,5.54518,2.99573,9,0.799474,175,183,0.739432,89,1
E3-PPOPIP-p005,22.1153,107,258,RLPolicy,0,0,0.0606397,5.54518,2.99573,9,1.43703,200,208,1.34821,89,1
E3-PPOPIP-p005,22.1207,57,132,RLPolicy,0,0,0.0435511,3.46574,2.99573,6,0.833207,23,28,0.792731,89,1.00235
E3-PPOPIP-p005,22.1834,31,252,RLPolicy,0,0,0.0409713,5.7275,2.99573,9,1.01736,288,296,0.937066,174,1
E3-PPOPIP-p005,22.2109,33,243,RLPolicy,0,0,0.0483868,5.7275,2.99573,9,1.55144,289,297,1.45776,174,0.988487
E3-PPOPIP-p005,22.2357,71,49,RLPolicy,0,0,0.0373454,0.693147,2.99573,2,0.771871,0,1,0.749772,90,1
E3-PPOPIP-p005,22.2418,70,258,RLPolicy,0,0,0.0296041,5.54518,2.99573,9,0.929385,172,180,0.873106,90,1
E3-PPOPIP-p005,22.2636,84,245,RLPolicy,0,0,0.048849,5.54518,2.99573,9,1.15738,222,230,1.02948,90,1
E3-PPOPIP-p005,22.302,87,245,RLPolicy,0,0,0.0497039,5.54518,2.99573,9,1.47501,221,229,1.31092,90,1
E3-PPOPIP-p005,22.3133,100,250,RLPolicy,1,1,0.0524174,2.61844,2.99573,6,1.42882,126,173,1.15339,90,0.998114
E3-PPOPIP-p005,22.3245,23,258,RLPolicy,0,0,0.0451107,5.54518,2.99573,9,0.990274,214,222,0.901901,90,0.991953
E3-PPOPIP-p005,22.3289,77,170,RLPolicy,1,1,0.0510492,2.77259,2.99573,6,1.02115,114,147,0.868527,174,0.998884
E3-PPOPIP-p005,22.3412,79,252,RLPolicy,0,0,0.051558,5.7275,2.99573,9,0.934084,293,301,0.857996,174,0.991953
E3-PPOPIP-p005,22.3419,32,274,RLPolicy,0,0,0.0358966,5.54518,2.99573,9,0.85374,224,232,0.779085,90,0.992365
E3-PPOPIP-p005,22.3441,37,175,RLPolicy,0,0,0.0407237,2.95491,2.99573,5,4.27377,6,10,4.18358,90,1
E3-PPOPIP-p005,22.4188,112,13,RLPolicy,1,1,0.0555802,1.23214,2.99573,4,1.44719,0,97,1.22945,174,0.991182
E3-PPOPIP-p005,22.4309,108,243,RLPolicy,0,0,0.0635967,5.7275,2.99573,9,1.46621,296,304,1.18585,174,1
E3-PPOPIP-p005,22.4532,28,233,RLPolicy,1,1,0.0371479,0.387766,2.99573,3,0.929705,0,79,0.802271,91,0.98696
E3-PPOPIP-p005,22.4663,72,193,RLPolicy,0,0,0.038877,5.7275,2.99573,9,0.954916,182,190,0.892162,174,1
E3-PPOPIP-p005,22.4806,85,187,RLPolicy,0,0,0.00957452,5.54518,2.99573,9,0.985872,160,168,0.866789,91,1
E3-PPOPIP-p005,22.4809,18,225,RLPolicy,0,0,0.00956032,5.7275,2.99573,9,1.28906,304,312,1.16113,174,0.978913
E3-PPOPIP-p005,22.5044,6,86,RLPolicy,1,1,0.0356457,1.98153,2.99573,6,1.07858,65,145,0.859793,176,0.982157
E3-PPOPIP-p005,22.5096,106,147,RLPolicy,1,1,0.0568509,2.77259,2.99573,6,1.294,112,144,1.07725,176,0.998884
E3-PPOPIP-p005,22.5148,78,225,RLPolicy,0,0,0.0449411,5.7275,2.99573,9,0.880245,296,304,0.81233,176,1
E3-PPOPIP-p005,22.6005,119,176,RLPolicy,1,0,0.0387415,3.46574,2.99573,7,1.29715,185,191,1.0951,177,1.00235
E3-PPOPIP-p005,22.602,47,252,RLPolicy,0,0,0.0523479,5.7275,2.99573,9,1.32454,309,317,1.19716,177,0.988487
E3-PPOPIP-p005,22.6026,13,177,RLPolicy,0,0,0.00958775,5.2398,2.99573,9,1.12532,207,215,1.00026,92,0.987491
E3-PPOPIP-p005,22.6521,90,225,RLPolicy,0,0,0.00953917,5.7275,2.99573,9,1.32767,300,308,1.16533,177,1
E3-PPOPIP-p005,22.7076,15,194,RLPolicy,0,0,0.0206367,5.2398,2.99573,9,1.57568,187,195,1.3787,92,0.991581
E3-PPOPIP-p005,22.71,36,51,RLPolicy,0,0,0.00959126,5.54518,2.99573,9,1.17595,123,131,1.05413,92,1.00165
E3-PPOPIP-p005,22.7786,51,19,RLPolicy,1,0,0.0267605,3.16035,2.99573,7,11.5895,140,146,11.2877,179,1.00082
E3-PPOPIP-p005,22.7823,88,187,RLPolicy,0,0,0.0538333,5.54518,2.99573,9,1.21055,183,191,1.07701,92,1
E3-PPOPIP-p005,22.7907,99,243,RLPolicy,0,0,0.0597565,5.7275,2.99573,9,1.2028,297,305,1.05747,179,1
E3-PPOPIP-p005,22.8131,14,7,RLPolicy,1,1,0.00483511,2.07944,2.99573,5,3.155,19,61,2.98226,180,0.998592
E3-PPOPIP-p005,22.8149,16,225,RLPolicy,0,0,0.0380619,5.7275,2.99573,9,1.30553,287,295,1.17937,180,0.985844
E3-PPOPIP-p005,22.8287,9,13,RLPolicy,0,0,0.0095932,4.93441,2.99573,9,0.958532,180,188,0.893602,5,0.996242
E3-PPOPIP-p005,22.8439,26,11,RLPolicy,0,0,0.0296747,2.77259,2.99573,5,0.848187,6,10,0.821078,180,1
E3-PPOPIP-p005,22.8776,62,243,RLPolicy,0,0,0.0480061,5.7275,2.99573,9,3.79422,291,299,3.54772,180,1
E3-PPOPIP-p005,22.8936,126,275,RLPolicy,1,1,0.0603747,2.77259,2.99573,6,3.25239,63,167,2.93134,180,0.998884
E3-PPOPIP-p005,22.9097,80,18,RLPolicy,0,0,0.0553224,5.7275,2.99573,9,1.10294,308,316,1.02557,180,0.991953
E3-PPOPIP-p005,22.9654,40,274,RLPolicy,0,0,0.0446099,5.54518,2.99573,9,5.85991,213,221,5.68874,94,1.00124
E3-PPOPIP-p005,22.9679,56,18,RLPolicy,0,0,0.0471835,5.7275,2.99573,9,1.42566,298,306,1.2446,180,0.995419
E3-PPOPIP-p005,22.9684,96,60,RLPolicy,0,0,0.0571017,5.7275,2.99573,9,1.08858,69,77,0.916915,5,1
E3-PPOPIP-p005,23.0274,110,146,RLPolicy,1,1,0.00664199,2.77259,2.99573,6,1.85571,88,93,1.6491,180,0.998884
E3-PPOPIP-p005,23.0541,123,225,RLPolicy,0,0,0.00954124,5.7275,2.99573,9,1.44574,316,324,1.30883,180,1
E3-PPOPIP-p005,23.0587,20,75,RLPolicy,1,1,0.038243,1.77406,2.99573,5,1.54382,20,137,1.1872,180,0.988606
E3-PPOPIP-p005,23.06,3,274,RLPolicy,0,0,0.0283376,4.93441,2.99573,9,1.1571,208,216,1.0258,3,1.00412
E3-PPOPIP-p005,23.0602,19,15,RLPolicy,1,0,0.0399536,3.16035,2.99573,7,1.11743,169,175,0.947954,180,0.999004
E3-PPOPIP-p005,23.0895,45,289,RLPolicy,0,0,0.0359978,2.07944,2.99573,4,1.29868,4,7,1.24003,94,1
E3-PPOPIP-p005,23.0993,46,225,RLPolicy,0,0,0.0354509,5.7275,2.99573,9,1.29885,303,311,1.16711,180,1
E3-PPOPIP-p005,23.1136,43,258,RLPolicy,0,0,0.0476522,5.54518,2.99573,9,1.46878,215,223,1.18727,94,0.987371
E3-PPOPIP-p005,23.1238,102,105,RLPolicy,1,1,0.0501033,2.31014,2.99573,6,1.34796,38,134,1.02943,181,0.996572
E3-PPOPIP-p005,23.1394,12,66,RLPolicy,1,1,0.0348506,0.693147,2.99573,3,1.00109,0,74,0.909158,181,0.959353
E3-PPOPIP-p005,23.1454,63,110,RLPolicy,1,0,0.0480772,4.85203,2.99573,9,1.4668,184,192,1.24457,181,1.00928
E3-PPOPIP-p005,23.1508,81,60,RLPolicy,0,0,0.0525365,5.7275,2.99573,9,0.990016,65,73,0.930296,94,1
E3-PPOPIP-p005,23.1626,25,181,RLPolicy,1,0,0.0367079,3.46574,2.99573,7,1.391,174,180,1.18355,181,0.998592
E3-PPOPIP-p005,23.1722,105,110,RLPolicy,1,0,0.0522238,4.15888,2.99573,8,1.56329,208,215,1.22119,181,1.00582
E3-PPOPIP-p005,23.1961,109,216,RLPolicy,0,0,0.0524449,5.7275,2.99573,9,1.35194,232,240,1.15023,181,1
E3-PPOPIP-p005,23.2053,76,258,RLPolicy,0,0,0.0544573,5.54518,2.99573,9,0.921003,226,234,0.844318,94,0.995419
E3-PPOPIP-p005,23.2107,115,13,RLPolicy,0,0,0.0592294,5.54518,2.99573,9,1.46006,228,236,1.33987,94,1
E3-PPOPIP-p005,23.2259,54,11,RLPolicy,0,0,0.0396026,3.46574,2.99573,6,1.15967,10,15,1.0771,94,1
E3-PPOPIP-p005,23.2315,38,258,RLPolicy,0,0,0.046397,5.54518,2.99573,9,1.06966,209,217,0.937734,94,0.995419
E3-PPOPIP-p005,23.237,66,218,RLPolicy,1,1,0.0459197,1.23214,2.99573,4,1.36207,0,97,1.15617,182,0.997461
E3-PPOPIP-p005,23.242,50,245,RLPolicy,0,0,0.0439444,5.54518,2.99573,9,1.32457,237,245,1.15174,94,1
E3-PPOPIP-p005,23.2423,52,245,RLPolicy,0,0,0.0441203,5.54518,2.99573,9,1.80208,237,245,1.54309,94,0.991953
E3-PPOPIP-p005,23.2636,39,217,RLPolicy,1,1,0.0493892,2.77259,2.99573,6,1.19609,142,168,0.994172,182,0.998884
E3-PPOPIP-p005,23.2725,95,66,RLPolicy,1,1,0.0546285,2.07944,2.99573,5,1.25755,42,124,1.09161,182,0.995419
E3-PPOPIP-p005,23.2872,59,243,RLPolicy,0,0,0.0480667,5.7275,2.99573,9,1.5633,298,306,1.29557,182,0.998884
E3-PPOPIP-p005,23.3079,114,209,RLPolicy,0,0,0.0410012,1.38629,2.99573,3,1.21995,1,3,1.14636,182,1
E3-PPOPIP-p005,23.3116,49,71,RLPolicy,0,0,0.0336545,0.693147,2.99573,2,2.16038,0,1,2.08996,94,1
E3-PPOPIP-p005,23.317,68,225,RLPolicy,0,0,0.00957047,5.7275,2.99573,9,1.36167,291,299,1.14788,182,1
E3-PPOPIP-p005,23.3184,86,3,RLPolicy,1,0,0.00726918,3.46574,2.99573,7,1.10918,167,173,0.87722,182,1.00123
E3-PPOPIP-p005,23.3471,1,175,RLPolicy,0,0,0.0126856,2.46721,2.99573,5,1.25931,6,10,1.20547,182,1
E3-PPOPIP-p005,23.3654,7,274,RLPolicy,0,0,0.0108201,4.93441,2.99573,9,0.976131,242,250,0.897345,94,0.992469
E3-PPOPIP-p005,23.3911,8,18,RLPolicy,0,0,0.0428135,5.2398,2.99573,9,1.08085,299,307,0.991541,182,1
E3-PPOPIP-p005,23.4143,97,274,RLPolicy,0,0,0.00960647,5.54518,2.99573,9,0.872462,207,215,0.786759,6,0.995419
E3-PPOPIP-p005,23.416,17,225,RLPolicy,0,0,0.0288862,5.7275,2.99573,9,1.64415,315,323,1.46977,188,1
E3-PPOPIP-p005,23.4189,103,18,RLPolicy,0,0,0.0607112,5.7275,2.99573,9,1.3058,312,320,1.14787,188,1
E3-PPOPIP-p005,23.4255,67,13,RLPolicy,0,0,0.037089,5.54518,2.99573,9,1.78428,207,215,1.52071,95,1.00817
E3-PPOPIP-p005,23.4573,74,274,RLPolicy,0,0,0.0348982,5.54518,2.99573,9,1.03768,213,221,0.94348,95,1
E3-PPOPIP-p005,23.4602,65,274,RLPolicy,0,0,0.00960537,5.54518,2.99573,9,1.55313,235,243,1.41206,95,1.00235
E3-PPOPIP-p005,23.4684,61,290,RLPolicy,1,1,0.0470158,2.07944,2.99573,5,1.5427,7,163,1.21238,95,0.995419
E3-PPOPIP-p005,23.4817,48,196,RLPolicy,1,1,0.0423222,2.77259,2.99573,6,1.94844,120,145,1.71251,188,0.994303
E3-PPOPIP-p005,23.4918,101,274,RLPolicy,0,0,0.00960406,5.54518,2.99573,9,1.19079,246,254,1.00803,95,1
E3-PPOPIP-p005,23.5034,55,296,RLPolicy,1,0,0.0445639,3.8535,2.99573,8,1.34094,167,174,1.01809,189,1.00429
E3-PPOPIP-p005,23.5136,125,274,RLPolicy,0,0,0.00959302,5.54518,2.99573,9,1.36258,246,254,1.16333,95,1
E3-PPOPIP-p005,23.5143,93,225,RLPolicy,0,0,0.00955863,5.7275,2.99573,9,1.10977,321,329,0.921554,189,1
E3-PPOPIP-p005,23.5147,53,272,RLPolicy,1,1,0.0392534,2.07944,2.99573,5,2.62866,40,151,2.22584,95,0.987371
E3-PPOPIP-p005,23.5226,44,243,RLPolicy,0,0,0.0466529,5.7275,2.99573,9,1.03241,307,315,0.954352,189,0.993892
E3-PPOPIP-p005,23.5304,0,286,RLPolicy,0,0,0.0101937,5.54518,2.99573,9,1.44007,315,323,1.27933,189,1
E3-PPOPIP-p005,23.5422,118,13,RLPolicy,0,0,0.0597206,5.54518,2.99573,9,1.21889,196,204,1.06231,95,1
E3-PPOPIP-p005,23.547,91,13,RLPolicy,0,0,0.048763,5.54518,2.99573,9,0.9853,204,212,0.868171,95,1
E3-PPOPIP-p005,23.6356,117,178,RLPolicy,1,1,0.059731,2.77259,2.99573,6,1.31724,93,103,1.11091,192,0.998884
E3-PPOPIP-p005,23.6516,89,195,RLPolicy,1,1,0.0521668,1.38629,2.99573,4,1.20044,0,75,1.09279,192,0.98044
E3-PPOPIP-p005,23.6757,83,10,RLPolicy,1,0,0.0555178,4.15888,2.99573,8,1.27996,170,177,1.04828,192,1.00123
E3-PPOPIP-p005,23.6803,60,195,RLPolicy,1,0,0.0460255,3.8535,2.99573,8,1.43935,186,193,1.18503,192,1.0101
E3-PPOPIP-p005,23.6869,35,243,RLPolicy,0,0,0.0414483,5.7275,2.99573,9,1.08543,298,306,0.986235,192,1
E3-PPOPIP-p005,23.7018,11,143,RLPolicy,0,0,0.00593865,3.46574,2.99573,6,0.850747,10,15,0.813211,193,1
E3-PPOPIP-p005,23.733,116,184,RLPolicy,1,1,0.0544067,1.38629,2.99573,4,1.79888,0,90,1.52321,193,0.991953
E3-PPOPIP-p005,23.7398,27,13,RLPolicy,0,0,0.0423045,5.54518,2.99573,9,1.44297,239,247,1.27499,96,1.00165
E3-PPOPIP-p005,23.7683,73,268,RLPolicy,1,1,0.0475703,1.38629,2.99573,4,1.24454,0,125,1.0673,193,0.991953
E3-PPOPIP-p005,23.7693,82,42,RLPolicy,1,1,0.0520644,2.77259,2.99573,6,1.4521,160,194,1.29886,193,0.998884
E3-PPOPIP-p005,23.8227,94,13,RLPolicy,0,0,0.0434653,5.54518,2.99573,9,1.00774,241,249,0.928841,96,0.998884
E3-PPOPIP-p005,23.8236,5,18,RLPolicy,0,0,0.037808,5.2398,2.99573,9,2.07365,316,324,1.83768,195,0.995419
E3-PPOPIP-p005,23.8249,113,7,RLPolicy,1,1,0.0478394,2.07944,2.99573,5,2.54284,7,116,2.2565,195,0.995419
E3-PPOPIP-p005,23.8346,92,147,RLPolicy,1,0,0.00968798,4.85203,2.99573,9,1.08812,176,184,0.869696,195,1.01856
E3-PPOPIP-p005,23.8457,129,274,RLPolicy,0,0,0.00959122,5.54518,2.99573,9,1.29248,255,263,1.10551,96,1
E3-PPOPIP-p005,23.8562,22,266,RLPolicy,1,1,0.00653345,2.16183,2.99573,6,1.47811,96,174,1.23703,195,0.987783
E3-PPOPIP-p005,23.8632,34,257,RLPolicy,1,1,0.0352607,2.46721,2.99573,6,1.44451,23,124,1.1683,195,0.996242
E3-PPOPIP-p005,23.8791,58,258,RLPolicy,0,0,0.0439012,5.54518,2.99573,9,1.38449,231,239,1.20363,6,0.990426
E3-PPOPIP-p005,23.9059,136,258,RLPolicy,0,0,0.0678645,5.54518,2.99573,9,1.27149,224,232,1.14566,96,1
E3-PPOPIP-p005,23.9265,104,258,RLPolicy,0,0,0.0601052,5.54518,2.99573,9,0.979541,231,239,0.906611,96,1
E3-PPOPIP-p005,23.9719,41,194,RLPolicy,1,1,0.0395928,0.387766,2.99573,3,1.16695,0,86,1.04373,197,0.994011
E3-PPOPIP-p005,23.9815,69,172,RLPolicy,1,1,0.0447044,2.77259,2.99573,6,2.04489,46,192,1.62332,197,0.986256
E3-PPOPIP-p005,23.9821,42,181,RLPolicy,0,0,0.0434385,5.54518,2.99573,9,1.16138,62,70,1.08223,96,1
E3-PPOPIP-p005,24.0027,111,66,RLPolicy,1,1,0.0532565,1.38629,2.99573,4,1.84263,0,114,1.59064,198,0.991953
E3-PPOPIP-p005,24.0119,30,196,RLPolicy,0,0,0.0447538,5.2398,2.99573,9,1.29945,54,62,1.19581,6,1.00664
E3-PPOPIP-p005,24.0153,21,258,RLPolicy,0,0,0.0428491,5.54518,2.99573,9,1.44245,239,247,1.29303,96,1.00317
E3-PPOPIP-p005,24.0171,24,196,RLPolicy,0,0,0.0425215,5.2398,2.99573,9,1.70384,54,62,1.56697,6,1
E3-PPOPIP-p005,24.0191,10,161,RLPolicy,1,1,0.0402573,1.46868,2.99573,5,1.18138,0,45,1.01083,198,0.992365
E3-PPOPIP-p005,24.0235,98,196,RLPolicy,0,0,0.0597685,5.7275,2.99573,9,0.990206,54,62,0.902553,96,0.998884
E3-PPOPIP-p005,24.0273,2,243,RLPolicy,0,0,0.0377668,5.2398,2.99573,9,1.51523,310,318,1.31469,198,1
E3-PPOPIP-p005,24.0348,4,225,RLPolicy,0,0,0.0363753,5.2398,2.99573,9,2.25329,306,314,2.07642,198,0.997357
E3-PPOPIP-p005,24.0396,29,225,RLPolicy,0,0,0.0397885,5.7275,2.99573,9,1.43374,307,315,1.30393,198,1
E3-PPOPIP-p005,24.0519,64,164,RLPolicy,1,1,0.0481207,2.77259,2.99573,6,1.80842,48,208,1.46009,198,0.998884
E3-PPOPIP-p005,24.1025,75,274,RLPolicy,0,0,0.00959324,5.54518,2.99573,9,1.57936,260,268,1.43114,97,1
E3-PPOPIP-p005,24.1153,107,194,RLPolicy,1,1,0.0534138,0.693147,2.99573,3,1.36571,0,80,1.14796,198,0.988487
E3-PPOPIP-p005,24.1207,57,309,RLPolicy,1,0,0.0428669,4.54665,2.99573,9,1.54349,198,206,1.24692,198,1.0101
E3-PPOPIP-p005,24.1459,122,177,RLPolicy,1,0,0.0543568,3.46574,2.99573,7,1.59361,206,212,1.22404,198,1.00235
E3-PPOPIP-p005,24.1819,131,274,RLPolicy,0,0,0.00962807,5.54518,2.99573,9,1.38302,209,217,1.22473,97,1
E3-PPOPIP-p005,24.1834,31,18,RLPolicy,0,0,0.0432985,5.42212,2.99573,9,1.51122,318,326,1.35747,198,1
E3-PPOPIP-p005,24.2109,33,243,RLPolicy,0,0,0.0544548,5.7275,2.99573,9,1.66659,318,326,1.4789,199,0.988487
E3-PPOPIP-p005,24.2357,71,49,RLPolicy,0,0,0.0531242,1.38629,2.99573,3,1.13321,1,3,1.08066,97,1
E3-PPOPIP-p005,24.2418,70,257,RLPolicy,1,1,0.0566814,2.77259,2.99573,6,1.60271,149,180,1.34093,199,0.998884
E3-PPOPIP-p005,24.2586,137,274,RLPolicy,0,0,0.00959015,5.54518,2.99573,9,1.34316,253,261,1.07975,97,1
E3-PPOPIP-p005,24.2636,84,245,RLPolicy,0,0,0.0488564,5.54518,2.99573,9,1.35229,249,257,1.20629,97,1
E3-PPOPIP-p005,24.2918,142,18,RLPolicy,0,0,0.0644205,5.7275,2.99573,9,1.42217,318,326,1.27359,199,1
E3-PPOPIP-p005,24.2992,120,160,RLPolicy,0,0,0.00479975,2.77259,2.99573,5,0.99533,6,10,0.911633,97,1
E3-PPOPIP-p005,24.302,87,39,RLPolicy,1,1,0.054249,2.77259,2.99573,6,1.17376,144,177,0.944081,200,0.998884
E3-PPOPIP-p005,24.3133,100,243,RLPolicy,0,0,0.0572031,5.7275,2.99573,9,1.09495,311,319,1.01226,200,0.998114
E3-PPOPIP-p005,24.3245,23,181,RLPolicy,1,1,0.00632545,2.77259,2.99573,6,1.54482,138,156,1.27605,200,0.990837
E3-PPOPIP-p005,24.3289,77,245,RLPolicy,0,0,0.00961286,5.54518,2.99573,9,1.36946,241,249,1.2419,97,0.998884
E3-PPOPIP-p005,24.3412,79,68,RLPolicy,1,1,0.0492765,1.38629,2.99573,4,1.57069,0,125,1.29793,97,0.983906
E3-PPOPIP-p005,24.3419,32,66,RLPolicy,1,1,0.0434824,1.46868,2.99573,5,1.57445,1,172,1.18306,200,0.984729
E3-PPOPIP-p005,24.3441,37,175,RLPolicy,0,0,0.0419105,3.64806,2.99573,6,0.946881,11,16,0.91294,97,1
E3-PPOPIP-p005,24.3696,140,225,RLPolicy,0,0,0.00953629,5.7275,2.99573,9,1.37163,329,337,1.23097,200,1
E3-PPOPIP-p005,24.4188,112,215,RLPolicy,0,0,0.0624441,5.54518,2.99573,9,1.25685,274,282,1.11575,97,0.991182
E3-PPOPIP-p005,24.42,121,274,RLPolicy,0,0,0.00964248,5.54518,2.99573,9,1.57589,192,200,1.46125,97,1
E3-PPOPIP-p005,24.4309,108,17,RLPolicy,1,1,0.0553586,1.38629,2.99573,4,1.18345,0,130,1.07173,97,0.991953
E3-PPOPIP-p005,24.4532,28,299,RLPolicy,1,1,0.0367043,0.387766,2.99573,3,2.14416,0,88,1.95016,97,0.97392
E3-PPOPIP-p005,24.4663,72,28,RLPolicy,1,1,0.0320008,2.77259,2.99573,6,1.32901,69,81,1.10072,97,0.998884
E3-PPOPIP-p005,24.4732,133,92,RLPolicy,1,1,0.0423607,2.77259,2.99573,6,2.38582,115,120,2.18137,201,0.998884
E3-PPOPIP-p005,24.4806,85,77,RLPolicy,1,1,0.0048062,2.07944,2.99573,5,1.14201,11,62,0.98429,201,0.995419
E3-PPOPIP-p005,24.4809,18,225,RLPolicy,0,0,0.00956196,5.7275,2.99573,9,1.07284,329,337,0.985952,201,0.978913
E3-PPOPIP-p005,24.5044,6,198,RLPolicy,0,0,0.0341105,4.92134,2.99573,9,1.1837,242,250,1.0637,98,0.982157
E3-PPOPIP-p005,24.5096,106,245,RLPolicy,0,0,0.0392438,5.54518,2.99573,9,1.0691,243,251,0.955526,98,0.998884
E3-PPOPIP-p005,24.5148,78,225,RLPolicy,0,0,0.0440062,5.7275,2.99573,9,1.70586,326,334,1.5739,202,1
E3-PPOPIP-p005,24.5169,127,233,RLPolicy,0,0,0.0653224,5.7275,2.99573,9,1.32371,281,289,1.17941,202,1
E3-PPOPIP-p005,24.5313,124,18,RLPolicy,0,0,0.0631665,5.7275,2.99573,9,1.52461,336,344,1.23797,4,1
E3-PPOPIP-p005,24.6005,119,215,RLPolicy,0,0,0.0637764,5.54518,2.99573,9,1.56516,276,284,1.44849,98,1.00235
E3-PPOPIP-p005,24.602,47,18,RLPolicy,0,0,0.0523393,5.7275,2.99573,9,1.07033,334,342,0.993148,202,0.988487
E3-PPOPIP-p005,24.6026,13,51,RLPolicy,0,0,0.00955897,5.2398,2.99573,9,1.16676,172,180,1.10407,98,0.987491
E3-PPOPIP-p005,24.6093,145,225,RLPolicy,0,0,0.00955562,5.7275,2.99573,9,1.48737,343,351,1.30975,202,1
E3-PPOPIP-p005,24.6521,90,225,RLPolicy,0,0,0.00953931,5.7275,2.99573,9,1.06744,327,335,0.981839,202,1
E3-PPOPIP-p005,24.6945,141,18,RLPolicy,0,0,0.064581,5.7275,2.99573,9,1.40765,325,333,1.25161,202,1
E3-PPOPIP-p005,24.7076,15,232,RLPolicy,0,0,0.0207152,4.92134,2.99573,9,1.06515,218,226,0.952786,3,0.991581
E3-PPOPIP-p005,24.71,36,245,RLPolicy,0,0,0.0096464,5.54518,2.99573,9,1.60508,222,230,1.48372,100,1.00165
E3-PPOPIP-p005,24.7314,135,113,RLPolicy,1,1,0.0611542,2.07944,2.99573,5,1.48499,5,146,1.21979,203,0.995419
E3-PPOPIP-p005,24.7751,138,227,RLPolicy,0,0,0.00971344,5.54518,2.99573,9,1.38279,248,256,1.24431,100,1
E3-PPOPIP-p005,24.7786,51,232,RLPolicy,0,0,0.029151,5.54518,2.99573,9,1.16534,216,224,1.02344,3,1.00082
E3-PPOPIP-p005,24.7823,88,210,RLPolicy,1,0,0.03522,4.85203,2.99573,9,2.07537,174,182,1.87502,203,1.00928
E3-PPOPIP-p005,24.7907,99,243,RLPolicy,0,0,0.0597535,5.7275,2.99573,9,1.21408,333,341,1.09451,203,1
E3-PPOPIP-p005,24.8131,14,21,RLPolicy,1,0,0.0358026,3.46574,2.99573,7,1.07494,122,128,0.933911,203,1.00094
E3-PPOPIP-p005,24.8149,16,225,RLPolicy,0,0,0.038062,5.7275,2.99573,9,1.06767,328,336,0.982865,203,0.985844
E3-PPOPIP-p005,24.8287,9,187,RLPolicy,1,1,0.0326974,0.693147,2.99573,3,1.6172,0,64,1.47714,203,0.984729
E3-PPOPIP-p005,24.8317,132,177,RLPolicy,0,0,0.0633297,5.54518,2.99573,9,1.19766,87,95,1.06356,101,1
E3-PPOPIP-p005,24.8381,130,244,RLPolicy,1,1,0.0489028,2.07944,2.99573,5,1.45184,19,146,1.17364,101,0.995419
E3-PPOPIP-p005,24.8439,26,11,RLPolicy,0,0,0.0326187,3.46574,2.99573,6,1.29309,10,15,1.22737,101,1
E3-PPOPIP-p005,24.8776,62,243,RLPolicy,0,0,0.0480031,5.7275,2.99573,9,1.16941,327,335,1.06694,203,1
E3-PPOPIP-p005,24.8808,144,225,RLPolicy,0,0,0.00955405,5.7275,2.99573,9,1.55928,352,360,1.37281,203,1
E3-PPOPIP-p005,24.8936,126,125,RLPolicy,1,1,0.0604092,2.77259,2.99573,6,1.32582,125,171,1.1387,203,0.997769
E3-PPOPIP-p005,24.9097,80,18,RLPolicy,0,0,0.0595217,5.7275,2.99573,9,1.52708,354,362,1.30493,205,0.991953
E3-PPOPIP-p005,24.9114,143,11,RLPolicy,0,0,0.00593324,3.46574,2.99573,6,1.5614,10,15,1.47981,103,1
E3-PPOPIP-p005,24.9654,40,13,RLPolicy,0,0,0.0445737,5.54518,2.99573,9,1.21432,218,226,1.12633,6,1.00124
E3-PPOPIP-p005,24.9679,56,18,RLPolicy,0,0,0.0471845,5.7275,2.99573,9,0.995339,346,354,0.91351,6,0.995419
E3-PPOPIP-p005,24.9684,96,37,RLPolicy,1,1,0.0528638,2.07944,2.99573,5,1.18958,40,81,1.03405,205,0.995419
E3-PPOPIP-p005,24.9825,151,184,RLPolicy,1,1,0.0525041,2.07944,2.99573,5,1.57275,29,182,1.29012,205,0.995419
E3-PPOPIP-p005,25.0274,110,332,RLPolicy,1,0,0.00785857,3.46574,2.99573,7,1.26655,146,152,1.01757,205,1.00123
E3-PPOPIP-p005,25.0541,123,303,RLPolicy,1,0,0.0557681,3.46574,2.99573,7,1.27157,111,117,1.12776,107,1.00235
E3-PPOPIP-p005,25.0587,20,215,RLPolicy,0,0,0.0422935,5.54518,2.99573,9,1.21444,277,285,1.1229,107,0.988606
E3-PPOPIP-p005,25.06,3,198,RLPolicy,0,0,0.0283552,4.93441,2.99573,9,1.12376,246,254,1.04033,3,1.00412
E3-PPOPIP-p005,25.0602,19,215,RLPolicy,0,0,0.0424791,5.54518,2.99573,9,1.52383,263,271,1.39168,107,0.999004
E3-PPOPIP-p005,25.083,128,38,RLPolicy,1,1,0.0514603,1.38629,2.99573,4,1.69955,0,139,1.41323,205,0.991953
E3-PPOPIP-p005,25.0895,45,160,RLPolicy,0,0,0.0372077,2.77259,2.99573,5,1.11983,6,10,1.07714,205,1
E3-PPOPIP-p005,25.0993,46,225,RLPolicy,0,0,0.035468,5.7275,2.99573,9,1.25944,350,358,1.11724,205,1
E3-PPOPIP-p005,25.1136,43,198,RLPolicy,0,0,0.0476199,5.54518,2.99573,9,1.1347,251,259,1.04577,107,0.987371
E3-PPOPIP-p005,25.1238,102,138,RLPolicy,1,1,0.0489351,1.92529,2.99573,5,1.11017,39,101,1.01955,205,0.99122
E3-PPOPIP-p005,25.1394,12,227,RLPolicy,0,0,0.00970147,5.2398,2.99573,9,1.92977,242,250,1.77147,107,0.959353
E3-PPOPIP-p005,25.1404,158,18,RLPolicy,0,0,0.0677029,5.7275,2.99573,9,1.48644,348,356,1.33098,205,1
E3-PPOPIP-p005,25.1454,63,13,RLPolicy,0,0,0.0479695,5.54518,2.99573,9,0.985276,203,211,0.865443,107,1.00928
E3-PPOPIP-p005,25.1508,81,251,RLPolicy,1,0,0.0439668,3.46574,2.99573,7,1.56079,164,170,1.30762,205,1.00235
E3-PPOPIP-p005,25.1626,25,101,RLPolicy,1,1,0.0411097,2.16183,2.99573,6,2.58584,64,185,2.06765,205,0.994422
E3-PPOPIP-p005,25.1722,105,207,RLPolicy,1,1,0.0543113,2.77259,2.99573,6,2.20568,95,169,1.82792,205,1.0047
E3-PPOPIP-p005,25.1961,109,252,RLPolicy,0,0,0.0095584,5.7275,2.99573,9,1.29522,309,317,1.19982,205,1
E3-PPOPIP-p005,25.2053,76,198,RLPolicy,0,0,0.0545647,5.54518,2.99573,9,1.7073,263,271,1.54909,107,0.995419
E3-PPOPIP-p005,25.2107,115,274,RLPolicy,0,0,0.0592057,5.54518,2.99573,9,1.41197,251,259,1.23739,107,1
E3-PPOPIP-p005,25.2259,54,11,RLPolicy,0,0,0.0396054,3.46574,2.99573,6,1.10318,10,15,1.0671,208,1
E3-PPOPIP-p005,25.2315,38,1,RLPolicy,1,0,0.0439019,3.16035,2.99573,7,2.12048,187,193,1.6527,208,0.996242
E3-PPOPIP-p005,25.237,66,121,RLPolicy,1,0,0.047222,4.15888,2.99573,8,1.33072,187,194,1.08914,208,1.00328
E3-PPOPIP-p005,25.242,50,121,RLPolicy,1,0,0.0403801,3.46574,2.99573,7,1.44975,161,167,1.21108,208,1.00235
E3-PPOPIP-p005,25.2423,52,36,RLPolicy,1,0,0.00723693,3.46574,2.99573,7,2.12622,204,210,1.92616,208,0.994303
E3-PPOPIP-p005,25.2636,39,179,RLPolicy,1,1,0.0408319,2.07944,2.99573,5,2.543,29,137,2.26381,208,0.994303
E3-PPOPIP-p005,25.2725,95,13,RLPolicy,1,1,0.0530966,2.07944,2.99573,5,2.27177,47,149,1.88854,208,0.990837
E3-PPOPIP-p005,25.2872,59,243,RLPolicy,0,0,0.0480638,5.7275,2.99573,9,1.58176,340,348,1.38674,208,0.998884
E3-PPOPIP-p005,25.3079,114,209,RLPolicy,0,0,0.0410012,1.38629,2.99573,3,1.01016,1,3,0.982903,208,1
E3-PPOPIP-p005,25.3116,49,71,RLPolicy,0,0,0.0048061,2.77259,2.99573,5,1.27279,6,10,1.23755,208,1
E3-PPOPIP-p005,25.317,68,252,RLPolicy,0,0,0.0095411,5.7275,2.99573,9,1.5221,316,324,1.39382,208,1
E3-PPOPIP-p005,25.3184,86,19,RLPolicy,1,0,0.0376581,3.46574,2.99573,7,2.16614,172,178,1.87998,208,1.00358
E3-PPOPIP-p005,25.3471,1,135,RLPolicy,1,1,0.00774889,2.54959,2.99573,7,1.78875,145,166,1.45812,208,0.997769
E3-PPOPIP-p005,25.3654,7,245,RLPolicy,0,0,0.0383992,4.92134,2.99573,9,1.62887,245,253,1.47578,108,0.992469
E3-PPOPIP-p005,25.3911,8,18,RLPolicy,0,0,0.0415113,5.2398,2.99573,9,1.57638,347,355,1.41004,208,1
E3-PPOPIP-p005,25.4143,97,249,RLPolicy,1,1,0.0537031,2.07944,2.99573,5,1.70219,31,62,1.47826,211,0.990837
E3-PPOPIP-p005,25.416,17,225,RLPolicy,0,0,0.0289043,5.7275,2.99573,9,1.18521,361,369,1.08906,211,1
E3-PPOPIP-p005,25.4189,103,18,RLPolicy,0,0,0.0607117,5.7275,2.99573,9,1.3202,355,363,1.22001,211,1
E3-PPOPIP-p005,25.4255,67,274,RLPolicy,0,0,0.0370626,5.54518,2.99573,9,1.38741,232,240,1.27723,108,1.00817
E3-PPOPIP-p005,25.4445,154,223,RLPolicy,0,0,0.00957774,5.54518,2.99573,9,1.30538,237,245,1.15271,6,1
E3-PPOPIP-p005,25.4573,74,198,RLPolicy,0,0,0.0536814,5.54518,2.99573,9,1.50148,244,252,1.34597,2,1
E3-PPOPIP-p005,25.4602,65,245,RLPolicy,0,0,0.00964672,5.54518,2.99573,9,1.87604,229,237,1.73206,108,1.00235
E3-PPOPIP-p005,25.4684,61,18,RLPolicy,0,0,0.048691,5.7275,2.99573,9,1.39736,354,362,1.28568,211,0.995419
E3-PPOPIP-p005,25.4817,48,198,RLPolicy,0,0,0.051368,5.54518,2.99573,9,1.20434,258,266,1.07718,6,0.994303
E3-PPOPIP-p005,25.4918,101,245,RLPolicy,0,0,0.00964516,5.54518,2.99573,9,1.16987,247,255,1.07892,108,1
E3-PPOPIP-p005,25.5034,55,177,RLPolicy,1,1,0.0409127,1.38629,2.99573,4,1.6648,0,63,1.45785,211,0.996242
E3-PPOPIP-p005,25.5136,125,51,RLPolicy,1,1,0.0512556,1.38629,2.99573,4,1.45652,0,88,1.2386,211,0.991953
E3-PPOPIP-p005,25.5143,93,225,RLPolicy,0,0,0.00957911,5.7275,2.99573,9,2.37438,371,379,1.99918,211,1
E3-PPOPIP-p005,25.5147,53,225,RLPolicy,0,0,0.0095873,5.7275,2.99573,9,1.34537,341,349,1.20203,211,0.987371
E3-PPOPIP-p005,25.5226,44,243,RLPolicy,0,0,0.0446811,5.7275,2.99573,9,1.94506,351,359,1.70229,211,0.993892
E3-PPOPIP-p005,25.5304,0,286,RLPolicy,0,0,0.0102078,5.54518,2.99573,9,1.94419,364,372,1.79125,211,1
E3-PPOPIP-p005,25.5422,118,325,RLPolicy,1,1,0.0562192,0.693147,2.99573,3,1.45719,0,74,1.31554,211,0.988487
E3-PPOPIP-p005,25.547,91,7,RLPolicy,1,1,0.0541686,2.77259,2.99573,6,1.74033,165,188,1.497,211,0.998884
E3-PPOPIP-p005,25.5525,148,114,RLPolicy,0,0,0.0589572,1.38629,2.99573,3,1.56038,1,3,1.31491,211,1
E3-PPOPIP-p005,25.6356,117,245,RLPolicy,0,0,0.00963262,5.54518,2.99573,9,1.6867,248,256,1.5831,110,0.998884
E3-PPOPIP-p005,25.6516,89,132,RLPolicy,1,0,0.00965886,4.85203,2.99573,9,2.26457,158,166,1.94859,212,0.989721
E3-PPOPIP-p005,25.6635,170,13,RLPolicy,0,0,0.0512443,5.54518,2.99573,9,1.98568,231,239,1.82204,110,1
E3-PPOPIP-p005,25.6757,83,315,RLPolicy,1,1,0.0524314,2.77259,2.99573,6,1.93889,173,187,1.64693,212,1.00012
E3-PPOPIP-p005,25.6803,60,12,RLPolicy,0,0,0.0487481,5.54518,2.99573,9,1.21124,122,130,1.14629,110,1.0101
E3-PPOPIP-p005,25.6869,35,279,RLPolicy,1,1,0.0267864,1.08091,2.99573,4,1.8623,0,116,1.45393,110,0.990426
E3-PPOPIP-p005,25.6973,134,256,RLPolicy,0,0,0.0331385,0.693147,2.99573,2,1.28038,0,1,1.23563,212,1
E3-PPOPIP-p005,25.7002,139,243,RLPolicy,0,0,0.0599992,5.7275,2.99573,9,1.66265,352,360,1.35102,213,1
E3-PPOPIP-p005,25.7018,11,143,RLPolicy,0,0,0.0281961,3.46574,2.99573,6,1.26441,10,15,1.19565,213,1
E3-PPOPIP-p005,25.723,150,225,RLPolicy,0,0,0.00958242,5.7275,2.99573,9,2.02068,358,366,1.9081,213,1
E3-PPOPIP-p005,25.7244,169,198,RLPolicy,0,0,0.074961,5.54518,2.99573,9,1.45117,239,247,1.23824,2,1
E3-PPOPIP-p005,25.733,116,245,RLPolicy,0,0,0.040335,5.54518,2.99573,9,1.18499,249,257,1.08936,2,0.991953
E3-PPOPIP-p005,25.7398,27,161,RLPolicy,1,1,0.0306883,1.77406,2.99573,5,1.35812,26,161,1.184,213,0.995538
E3-PPOPIP-p005,25.7683,73,248,RLPolicy,1,1,0.0485518,2.07944,2.99573,5,1.98369,29,204,1.61479,213,0.987371
E3-PPOPIP-p005,25.7693,82,198,RLPolicy,0,0,0.0555464,5.54518,2.99573,9,1.83486,263,271,1.68309,110,0.998884
E3-PPOPIP-p005,25.774,152,251,RLPolicy,1,0,0.0638905,3.46574,2.99573,7,1.50451,140,146,1.25884,213,1.00235
E3-PPOPIP-p005,25.8227,94,258,RLPolicy,1,1,0.0536801,2.07944,2.99573,5,1.80853,65,157,1.55226,221,0.994303
E3-PPOPIP-p005,25.8236,5,18,RLPolicy,0,0,0.0378074,5.2398,2.99573,9,1.35219,358,366,1.25069,221,0.995419
E3-PPOPIP-p005,25.8249,113,76,RLPolicy,1,1,0.055025,0.538997,2.99573,3,1.36384,0,74,1.23652,221,0.983135
E3-PPOPIP-p005,25.8346,92,41,RLPolicy,1,0,0.00847751,4.15888,2.99573,8,1.75745,179,186,1.52734,221,1.02438
E3-PPOPIP-p005,25.8457,129,175,RLPolicy,1,1,0.0555157,2.07944,2.99573,5,1.40888,36,85,1.20453,221,0.995419
E3-PPOPIP-p005,25.8562,22,204,RLPolicy,1,1,0.0379478,1.77406,2.99573,5,1.47155,20,140,1.24839,221,0.981675
E3-PPOPIP-p005,25.8632,34,274,RLPolicy,0,0,0.0246135,5.54518,2.99573,9,1.83475,231,239,1.66909,110,0.996242
E3-PPOPIP-p005,25.8759,157,18,RLPolicy,0,0,0.0665825,5.7275,2.99573,9,1.72086,347,355,1.48218,221,1
E3-PPOPIP-p005,25.8791,58,198,RLPolicy,0,0,0.0438629,5.54518,2.99573,9,1.48904,257,265,1.26479,110,0.990426
E3-PPOPIP-p005,25.9059,136,309,RLPolicy,1,1,0.0564318,2.07944,2.99573,5,1.59421,23,135,1.29538,222,0.995419
E3-PPOPIP-p005,25.9265,104,36,RLPolicy,1,0,0.0588606,3.46574,2.99573,7,1.83375,204,210,1.53041,222,1.00235
E3-PPOPIP-p005,25.9609,159,195,RLPolicy,0,0,0.0654319,5.54518,2.99573,9,2.03515,100,108,1.80953,110,1
E3-PPOPIP-p005,25.9719,41,198,RLPolicy,0,0,0.0468587,5.54518,2.99573,9,1.71743,266,274,1.57962,110,0.994011
E3-PPOPIP-p005,25.9815,69,194,RLPolicy,0,0,0.0412192,5.54518,2.99573,9,1.57418,237,245,1.41576,110,0.986256
E3-PPOPIP-p005,25.9821,42,195,RLPolicy,0,0,0.043354,5.54518,2.99573,9,1.77357,98,106,1.54631,110,1
E3-PPOPIP-p005,26.0027,111,198,RLPolicy,0,0,0.0631315,5.54518,2.99573,9,1.38511,261,269,1.17703,112,0.991953
E3-PPOPIP-p005,26.0119,30,32,RLPolicy,1,1,0.0420442,2.24421,2.99573,7,1.50338,57,176,1.20323,225,1.00288
E3-PPOPIP-p005,26.0153,21,198,RLPolicy,0,0,0.0428096,5.54518,2.99573,9,1.4106,261,269,1.2978,112,1.00317
E3-PPOPIP-p005,26.0171,24,198,RLPolicy,0,0,0.0426006,5.2398,2.99573,9,1.26544,84,92,1.19704,112,1
E3-PPOPIP-p005,26.0191,10,335,RLPolicy,1,1,0.0409566,2.16183,2.99573,6,1.77895,37,88,1.51289,225,0.988195
E3-PPOPIP-p005,26.0235,98,12,RLPolicy,0,0,0.0572127,5.54518,2.99573,9,1.68433,122,130,1.53373,112,0.998884
E3-PPOPIP-p005,26.0273,2,243,RLPolicy,0,0,0.0377626,5.2398,2.99573,9,1.68599,361,369,1.57558,225,1
E3-PPOPIP-p005,26.0348,4,225,RLPolicy,0,0,0.0363929,5.2398,2.99573,9,1.5096,356,364,1.3383,225,0.997357
E3-PPOPIP-p005,26.0396,29,225,RLPolicy,0,0,0.0398061,5.7275,2.99573,9,1.34764,365,373,1.25031,225,1
E3-PPOPIP-p005,26.0519,64,198,RLPolicy,0,0,0.0517335,5.54518,2.99573,9,1.25318,251,259,1.14573,6,0.998884
E3-PPOPIP-p005,26.1025,75,12,RLPolicy,0,0,0.00962309,5.54518,2.99573,9,1.22235,264,272,1.1237,112,1
E3-PPOPIP-p005,26.1153,107,198,RLPolicy,0,0,0.0613326,5.54518,2.99573,9,2.22639,255,263,1.82567,112,0.988487
E3-PPOPIP-p005,26.1207,57,304,RLPolicy,1,1,0.0061364,2.77259,2.99573,6,1.37834,85,108,1.22295,228,1.00899
E3-PPOPIP-p005,26.1459,122,101,RLPolicy,1,1,0.0616701,2.77259,2.99573,6,1.57782,161,197,1.32354,228,1.00123
E3-PPOPIP-p005,26.1819,131,13,RLPolicy,0,0,0.00961065,5.54518,2.99573,9,1.33887,219,227,1.24588,112,1
E3-PPOPIP-p005,26.1834,31,18,RLPolicy,0,0,0.0432995,5.42212,2.99573,9,1.47506,365,373,1.33484,228,1
E3-PPOPIP-p005,26.2109,33,243,RLPolicy,0,0,0.0544518,5.7275,2.99573,9,1.51923,367,375,1.41322,228,0.988487
E3-PPOPIP-p005,26.2357,71,0,RLPolicy,0,0,0.060313,5.7275,2.99573,9,1.24016,61,69,1.18172,228,1
E3-PPOPIP-p005,26.2397,174,303,RLPolicy,1,0,0.0692601,3.46574,2.99573,7,1.76667,158,164,1.45369,112,1.00235
E3-PPOPIP-p005,26.2418,70,217,RLPolicy,1,1,0.0566868,2.77259,2.99573,6,1.52423,158,193,1.25854,228,0.997769
E3-PPOPIP-p005,26.2586,137,12,RLPolicy,0,0,0.00962818,5.54518,2.99573,9,1.17763,255,263,1.07772,6,1
E3-PPOPIP-p005,26.2636,84,177,RLPolicy,0,0,0.0489907,5.54518,2.99573,9,1.72763,274,282,1.56133,112,1
E3-PPOPIP-p005,26.2918,142,18,RLPolicy,0,0,0.064421,5.7275,2.99573,9,1.72972,364,372,1.55075,228,1
E3-PPOPIP-p005,26.2992,120,160,RLPolicy,0,0,0.05374,2.77259,2.99573,5,1.42606,8,12,1.36095,228,1
E3-PPOPIP-p005,26.302,87,131,RLPolicy,1,1,0.0538092,2.77259,2.99573,6,2.09821,141,198,1.81951,228,0.997769
E3-PPOPIP-p005,26.3133,100,243,RLPolicy,0,0,0.0554188,5.7275,2.99573,9,1.9068,357,365,1.68838,228,0.998114
E3-PPOPIP-p005,26.3137,165,243,RLPolicy,0,0,0.068338,5.7275,2.99573,9,2.02304,368,376,1.71923,228,1
E3-PPOPIP-p005,26.3206,178,19,RLPolicy,1,0,0.0679567,3.31159,2.99573,7,2.08648,77,83,1.7902,228,1.00158
E3-PPOPIP-p005,26.3245,23,198,RLPolicy,0,0,0.0456228,5.54518,2.99573,9,1.21403,273,281,1.12627,112,0.990837
E3-PPOPIP-p005,26.3289,77,312,RLPolicy,1,1,0.0500764,2.07944,2.99573,5,1.92351,46,145,1.64603,228,0.994303
E3-PPOPIP-p005,26.3412,79,18,RLPolicy,0,0,0.0521418,5.7275,2.99573,9,1.4793,373,381,1.35782,228,0.983906
E3-PPOPIP-p005,26.3419,32,274,RLPolicy,0,0,0.0414561,5.54518,2.99573,9,1.54567,262,270,1.4474,112,0.984729
E3-PPOPIP-p005,26.3441,37,180,RLPolicy,1,0,0.0442371,3.54812,2.99573,8,1.88457,117,124,1.50433,228,1.00276
E3-PPOPIP-p005,26.3696,140,225,RLPolicy,0,0,0.00955376,5.7275,2.99573,9,1.41095,378,386,1.30232,228,1
E3-PPOPIP-p005,26.4023,146,189,RLPolicy,1,0,0.0096551,4.85203,2.99573,9,1.44571,227,235,1.17245,230,1.00928
E3-PPOPIP-p005,26.4188,112,13,RLPolicy,1,1,0.0568694,1.92529,2.99573,5,2.04731,51,185,1.73338,230,0.98583
E3-PPOPIP-p005,26.42,121,301,RLPolicy,0,0,0.00965443,5.7275,2.99573,9,1.28004,88,96,1.0493,230,1
E3-PPOPIP-p005,26.4223,171,13,RLPolicy,0,0,0.00960022,5.54518,2.99573,9,1.47253,226,234,1.29959,4,1
E3-PPOPIP-p005,26.4309,108,18,RLPolicy,0,0,0.0576626,5.7275,2.99573,9,2.06735,377,385,1.9042,230,0.991953
E3-PPOPIP-p005,26.4532,28,18,RLPolicy,0,0,0.0421443,5.42212,2.99573,9,1.41055,376,384,1.3093,230,0.97392
E3-PPOPIP-p005,26.4663,72,340,RLPolicy,1,1,0.0308192,2.07944,2.99573,5,1.40454,22,56,1.24494,113,0.994303
E3-PPOPIP-p005,26.4732,133,198,RLPolicy,0,0,0.0675168,5.54518,2.99573,9,1.58933,249,257,1.48181,113,0.998884
E3-PPOPIP-p005,26.4806,85,245,RLPolicy,0,0,0.00964235,5.54518,2.99573,9,1.9332,198,206,1.7647,113,0.995419
E3-PPOPIP-p005,26.4809,18,225,RLPolicy,0,0,0.00957736,5.7275,2.99573,9,2.5615,394,402,2.25668,230,0.978913
E3-PPOPIP-p005,26.5044,6,13,RLPolicy,0,0,0.0340865,4.92134,2.99573,9,1.30996,237,245,1.16254,4,0.982157
E3-PPOPIP-p005,26.5096,149,84,RLPolicy,1,1,0.0551016,0.693147,2.99573,3,1.89034,0,96,1.68425,230,0.988487
E3-PPOPIP-p005,26.5096,106,12,RLPolicy,0,0,0.0492727,5.54518,2.99573,9,2.32792,264,272,2.18067,114,0.998884
E3-PPOPIP-p005,26.5148,78,225,RLPolicy,0,0,0.0440237,5.7275,2.99573,9,2.1095,382,390,1.93328,230,1
E3-PPOPIP-p005,26.5169,127,233,RLPolicy,0,0,0.0653338,5.7275,2.99573,9,1.33703,293,301,1.23694,230,1
E3-PPOPIP-p005,26.5313,124,18,RLPolicy,0,0,0.0631654,5.7275,2.99573,9,1.48814,392,400,1.3788,230,1
E3-PPOPIP-p005,26.5773,176,222,RLPolicy,1,1,0.0721742,2.77259,2.99573,6,1.89859,83,100,1.66117,230,0.998884
E3-PPOPIP-p005,26.6005,119,198,RLPolicy,0,0,0.0637564,5.54518,2.99573,9,1.6161,273,281,1.4774,114,1.00235
E3-PPOPIP-p005,26.602,47,18,RLPolicy,0,0,0.0569552,5.7275,2.99573,9,1.6941,385,393,1.44467,231,0.988487
E3-PPOPIP-p005,26.6026,13,172,RLPolicy,1,1,0.0404611,2.14583,2.99573,6,1.92441,29,204,1.57064,231,0.983241
E3-PPOPIP-p005,26.6093,145,225,RLPolicy,0,0,0.00957132,5.7275,2.99573,9,2.03673,396,404,1.8937,231,1
E3-PPOPIP-p005,26.635,147,55,RLPolicy,1,1,0.0488142,1.38629,2.99573,4,1.63202,0,78,1.4315,231,0.991953
E3-PPOPIP-p005,26.6362,163,299,RLPolicy,0,0,0.0651463,5.7275,2.99573,9,1.59474,361,369,1.44403,231,1
E3-PPOPIP-p005,26.6521,90,225,RLPolicy,0,0,0.00955851,5.7275,2.99573,9,1.72841,372,380,1.54086,231,1
E3-PPOPIP-p005,26.6945,141,18,RLPolicy,0,0,0.0645831,5.7275,2.99573,9,1.44349,375,383,1.30018,231,1
E3-PPOPIP-p005,26.7076,15,274,RLPolicy,0,0,0.0231551,5.2398,2.99573,9,1.72123,230,238,1.39268,114,0.991581
E3-PPOPIP-p005,26.71,36,274,RLPolicy,0,0,0.0311827,5.54518,2.99573,9,1.27368,228,236,1.14921,114,1.00165
E3-PPOPIP-p005,26.7314,135,169,RLPolicy,1,1,0.0557202,2.07944,2.99573,5,1.59948,34,183,1.34397,232,0.990837
E3-PPOPIP-p005,26.7426,156,198,RLPolicy,0,0,0.0716563,5.54518,2.99573,9,1.82053,273,281,1.62497,114,1
E3-PPOPIP-p005,26.7751,138,198,RLPolicy,0,0,0.0102065,5.54518,2.99573,9,1.36506,262,270,1.27349,114,1
E3-PPOPIP-p005,26.7786,51,19,RLPolicy,1,0,0.0294469,3.16035,2.99573,7,1.87708,180,186,1.54632,232,1.00165
E3-PPOPIP-p005,26.7823,88,297,RLPolicy,1,1,0.00625127,2.77259,2.99573,6,1.67423,168,177,1.37212,232,1.00817
E3-PPOPIP-p005,26.7841,153,12,RLPolicy,0,0,0.0624499,5.54518,2.99573,9,1.53176,265,273,1.37694,114,1
E3-PPOPIP-p005,26.7907,99,269,RLPolicy,1,1,0.0466593,0.693147,2.99573,3,1.80701,0,90,1.6152,114,0.988487
E3-PPOPIP-p005,26.8035,168,92,RLPolicy,1,0,0.00787571,3.46574,2.99573,7,2.67596,161,167,2.42636,232,1.00235
E3-PPOPIP-p005,26.8131,14,195,RLPolicy,0,0,0.049841,5.54518,2.99573,9,1.98469,103,111,1.8598,114,1.00094
E3-PPOPIP-p005,26.8149,16,225,RLPolicy,0,0,0.0380788,5.7275,2.99573,9,1.83414,369,377,1.64802,232,0.985844
E3-PPOPIP-p005,26.8287,9,151,RLPolicy,1,1,0.036284,2.77259,2.99573,6,1.72601,97,197,1.52338,232,0.983613
E3-PPOPIP-p005,26.8317,132,285,RLPolicy,1,0,0.0622475,4.15888,2.99573,8,1.46504,112,119,1.2786,232,1.00582
E3-PPOPIP-p005,26.8325,160,357,RLPolicy,0,0,0.0641075,4.15888,2.99573,7,1.16057,12,18,1.04669,114,1
E3-PPOPIP-p005,26.8381,130,225,RLPolicy,0,0,0.00957484,5.7275,2.99573,9,1.41563,367,375,1.30884,232,0.995419
E3-PPOPIP-p005,26.8439,26,175,RLPolicy,0,0,0.0362365,5.7275,2.99573,9,1.51884,24,32,1.44605,114,1
E3-PPOPIP-p005,26.8608,173,198,RLPolicy,0,0,0.075062,5.39103,2.99573,9,1.72274,258,266,1.49302,114,1
E3-PPOPIP-p005,26.8776,62,4,RLPolicy,1,1,0.0444863,2.77259,2.99573,6,1.76391,141,187,1.5121,114,0.998884
E3-PPOPIP-p005,26.8808,144,225,RLPolicy,0,0,0.00956975,5.7275,2.99573,9,1.38343,394,402,1.28518,232,1
E3-PPOPIP-p005,26.8936,126,13,RLPolicy,0,0,0.00959366,5.54518,2.99573,9,1.62681,234,242,1.49428,114,0.997769
E3-PPOPIP-p005,26.9038,155,18,RLPolicy,0,0,0.066831,5.7275,2.99573,9,1.48531,375,383,1.26612,8,1
E3-PPOPIP-p005,26.9097,80,18,RLPolicy,0,0,0.0595232,5.7275,2.99573,9,1.61692,385,393,1.41208,233,0.991953
E3-PPOPIP-p005,26.9114,143,149,RLPolicy,1,0,0.00849989,4.3412,2.99573,8,1.97746,126,133,1.59696,233,1.00673
E3-PPOPIP-p005,26.9478,161,23,RLPolicy,1,1,0.0530572,1.38629,2.99573,4,1.75983,0,103,1.51015,233,0.991953
E3-PPOPIP-p005,26.9654,40,13,RLPolicy,0,0,0.0360122,5.54518,2.99573,9,1.85762,262,270,1.61926,114,1.00124
E3-PPOPIP-p005,26.9679,56,18,RLPolicy,0,0,0.0473933,5.7275,2.99573,9,1.91911,380,388,1.78141,233,0.995419
E3-PPOPIP-p005,26.9684,96,12,RLPolicy,0,0,0.0499264,5.54518,2.99573,9,1.69099,265,273,1.55054,114,0.995419
E3-PPOPIP-p005,26.9825,151,22,RLPolicy,1,1,0.0663594,2.31014,2.99573,6,1.61099,101,192,1.36138,233,0.991991
E3-PPOPIP-p005,27.0274,110,115,RLPolicy,1,0,0.0573052,4.15888,2.99573,8,2.12227,182,189,1.78957,235,1.00705
E3-PPOPIP-p005,27.0541,123,225,RLPolicy,0,0,0.00955227,5.7275,2.99573,9,2.26841,402,410,2.07076,235,1.00235
E3-PPOPIP-p005,27.0587,20,184,RLPolicy,1,1,0.0388106,2.46721,2.99573,6,2.29282,47,253,1.81223,235,0.985964
E3-PPOPIP-p005,27.06,3,13,RLPolicy,0,0,0.0107551,4.93441,2.99573,9,2.19756,243,251,2.02554,4,1.00412
E3-PPOPIP-p005,27.0602,19,198,RLPolicy,0,0,0.0424472,5.54518,2.99573,9,1.61429,264,272,1.43546,115,0.999004
E3-PPOPIP-p005,27.083,128,177,RLPolicy,0,0,0.0559709,5.54518,2.99573,9,1.79036,288,296,1.67935,115,0.991953
E3-PPOPIP-p005,27.0867,177,194,RLPolicy,0,0,0.0102235,5.54518,2.99573,9,1.53532,289,297,1.39366,115,1
E3-PPOPIP-p005,27.0895,45,357,RLPolicy,0,0,0.0424947,4.85203,2.99573,8,1.55041,18,25,1.463,115,1
E3-PPOPIP-p005,27.0993,46,225,RLPolicy,0,0,0.038193,5.7275,2.99573,9,1.75372,380,388,1.58781,235,1
E3-PPOPIP-p005,27.1136,43,347,RLPolicy,1,1,0.0438367,1.46868,2.99573,5,2.07002,0,174,1.68521,236,0.979736
E3-PPOPIP-p005,27.1238,102,94,RLPolicy,1,1,0.047827,1.07799,2.99573,4,1.79444,0,72,1.57886,236,0.981631
E3-PPOPIP-p005,27.1394,12,227,RLPolicy,0,0,0.0101973,5.2398,2.99573,9,1.78428,262,270,1.58872,116,0.959353
E3-PPOPIP-p005,27.1404,158,18,RLPolicy,0,0,0.0677041,5.7275,2.99573,9,1.64232,379,387,1.49059,236,1
E3-PPOPIP-p005,27.1454,63,13,RLPolicy,0,0,0.0367929,5.54518,2.99573,9,1.64621,231,239,1.49753,116,1.00928
E3-PPOPIP-p005,27.1497,164,255,RLPolicy,1,1,0.0526301,2.07944,2.99573,5,1.96488,85,194,1.61145,236,0.995419
E3-PPOPIP-p005,27.1508,81,195,RLPolicy,0,0,0.0517127,5.54518,2.99573,9,1.20709,102,110,1.10405,116,1.00235
E3-PPOPIP-p005,27.1626,25,236,RLPolicy,1,1,0.0422523,2.85497,2.99573,7,1.92089,54,280,1.67312,236,0.993718
E3-PPOPIP-p005,27.1722,105,13,RLPolicy,0,0,0.0568672,5.54518,2.99573,9,1.80434,285,293,1.63134,116,1.0047
E3-PPOPIP-p005,27.1961,109,252,RLPolicy,0,0,0.00955127,5.7275,2.99573,9,1.82169,342,350,1.3701,8,1
E3-PPOPIP-p005,27.1986,167,13,RLPolicy,0,0,0.0693168,5.54518,2.99573,9,1.71658,282,290,1.554,116,1
E3-PPOPIP-p005,27.2053,76,198,RLPolicy,0,0,0.0545674,5.54518,2.99573,9,1.6721,280,288,1.46584,117,0.995419
E3-PPOPIP-p005,27.2107,115,13,RLPolicy,0,0,0.0612533,5.54518,2.99573,9,1.69384,296,304,1.55649,117,1
E3-PPOPIP-p005,27.2259,54,364,RLPolicy,0,0,0.0422427,5.7275,2.99573,9,1.64585,32,40,1.54388,117,1
E3-PPOPIP-p005,27.2315,38,113,RLPolicy,1,1,0.041429,1.77406,2.99573,5,1.75546,4,180,1.40403,236,0.990133
E3-PPOPIP-p005,27.237,66,13,RLPolicy,0,0,0.00958996,5.54518,2.99573,9,1.82912,246,254,1.68783,117,1.00328
E3-PPOPIP-p005,27.242,50,110,RLPolicy,1,0,0.0405507,3.46574,2.99573,7,2.51261,184,190,2.23316,236,1.0047
E3-PPOPIP-p005,27.2423,52,177,RLPolicy,0,0,0.0446467,5.54518,2.99573,9,1.81276,290,298,1.67692,117,0.994303
E3-PPOPIP-p005,27.2603,180,194,RLPolicy,0,0,0.0727774,5.54518,2.99573,9,1.51713,185,193,1.35713,117,1
E3-PPOPIP-p005,27.2636,39,217,RLPolicy,1,1,0.054492,2.77259,2.99573,6,1.82851,163,198,1.56309,236,0.993187
E3-PPOPIP-p005,27.2725,95,281,RLPolicy,1,0,0.0574739,4.15888,2.99573,8,1.90199,201,208,1.71575,236,0.996653
E3-PPOPIP-p005,27.2872,59,299,RLPolicy,0,0,0.0460192,5.7275,2.99573,9,1.81112,359,367,1.67673,236,0.998884
E3-PPOPIP-p005,27.2882,162,225,RLPolicy,0,0,0.00955438,5.7275,2.99573,9,1.72669,404,412,1.57502,236,1
E3-PPOPIP-p005,27.3079,114,209,RLPolicy,0,0,0.00356806,2.07944,2.99573,4,1.61661,3,6,1.52863,240,1
E3-PPOPIP-p005,27.3116,49,341,RLPolicy,0,0,0.0560229,4.15888,2.99573,7,1.51919,16,22,1.45039,240,1
E3-PPOPIP-p005,27.317,68,28,RLPolicy,1,1,0.0472996,1.23214,2.99573,4,1.77143,0,97,1.46911,117,0.991182
E3-PPOPIP-p005,27.3184,86,6,RLPolicy,1,0,0.0388344,4.15888,2.99573,8,1.55518,194,201,1.37668,240,1.0094
E3-PPOPIP-p005,27.3214,172,198,RLPolicy,0,0,0.0755749,5.54518,2.99573,9,2.0701,278,286,1.86768,117,1
E3-PPOPIP-p005,27.3299,195,102,RLPolicy,1,1,0.0623712,2.07944,2.99573,5,2.13586,1,121,1.77612,240,0.995419
E3-PPOPIP-p005,27.3471,1,369,RLPolicy,0,0,0.0175579,5.2398,2.99573,9,1.69816,34,42,1.60396,117,0.997769
E3-PPOPIP-p005,27.3654,7,118,RLPolicy,1,1,0.0504412,2.99313,2.99573,7,1.77124,190,246,1.44485,240,0.992456
E3-PPOPIP-p005,27.3911,8,18,RLPolicy,0,0,0.0415144,5.2398,2.99573,9,1.61227,376,384,1.48446,240,1
E3-PPOPIP-p005,27.3993,186,121,RLPolicy,1,1,0.0733312,2.77259,2.99573,6,1.92059,125,137,1.66478,240,0.998884
E3-PPOPIP-p005,27.4143,97,13,RLPolicy,0,0,0.00959431,5.54518,2.99573,9,1.49356,242,250,1.37976,117,0.990837
E3-PPOPIP-p005,27.416,17,252,RLPolicy,0,0,0.0272358,5.7275,2.99573,9,1.79651,376,384,1.65332,242,1
E3-PPOPIP-p005,27.4189,103,206,RLPolicy,1,1,0.0537392,2.07944,2.99573,5,2.42763,73,130,2.17785,117,0.995419
E3-PPOPIP-p005,27.4255,67,248,RLPolicy,1,1,0.0472143,2.07944,2.99573,5,3.75255,35,193,3.32191,242,1.00358
E3-PPOPIP-p005,27.4445,154,0,RLPolicy,0,0,0.00962583,5.7275,2.99573,9,1.56062,251,259,1.38298,242,1
E3-PPOPIP-p005,27.4481,166,252,RLPolicy,0,0,0.0674115,5.7275,2.99573,9,2.07904,370,378,1.89882,242,1
E3-PPOPIP-p005,27.4573,74,347,RLPolicy,1,1,0.0492928,1.38629,2.99573,4,1.81171,0,111,1.59205,242,0.991953
E3-PPOPIP-p005,27.4602,65,187,RLPolicy,0,0,0.0385977,5.54518,2.99573,9,2.23202,260,268,2.01888,117,1.00235
E3-PPOPIP-p005,27.4684,61,18,RLPolicy,0,0,0.0506582,5.7275,2.99573,9,2.01275,381,389,1.79977,242,0.995419
E3-PPOPIP-p005,27.4817,48,63,RLPolicy,1,1,0.0260202,0.693147,2.99573,3,2.82752,0,90,2.61068,242,0.98279
E3-PPOPIP-p005,27.4918,101,190,RLPolicy,1,1,0.0557729,2.77259,2.99573,6,2.22201,155,168,1.92494,242,0.998884
E3-PPOPIP-p005,27.5034,55,167,RLPolicy,1,1,0.0455282,2.85205,2.99573,7,1.99415,171,200,1.70871,242,0.995523
E3-PPOPIP-p005,27.5042,182,18,RLPolicy,0,0,0.0659241,5.7275,2.99573,9,1.70508,402,410,1.50663,242,1
E3-PPOPIP-p005,27.5136,125,40,RLPolicy,1,1,0.0615494,2.77259,2.99573,6,2.05553,173,202,1.78707,242,0.990837
E3-PPOPIP-p005,27.5143,93,252,RLPolicy,0,0,0.00960451,5.7275,2.99573,9,1.81497,398,406,1.60222,242,1
E3-PPOPIP-p005,27.5147,53,252,RLPolicy,0,0,0.00960174,5.7275,2.99573,9,1.74693,369,377,1.51889,8,0.987371
E3-PPOPIP-p005,27.5226,44,299,RLPolicy,0,0,0.0446828,5.7275,2.99573,9,1.61462,378,386,1.49775,242,0.993892
E3-PPOPIP-p005,27.5304,0,265,RLPolicy,0,0,0.0102101,5.54518,2.99573,9,2.18578,404,412,1.99041,242,1
E3-PPOPIP-p005,27.5422,118,257,RLPolicy,1,1,0.0519333,2.77259,2.99573,6,2.41229,26,162,1.97683,242,0.987371
E3-PPOPIP-p005,27.547,91,92,RLPolicy,1,0,0.0545336,4.85203,2.99573,9,1.72931,219,227,1.3973,242,1.00817
E3-PPOPIP-p005,27.5525,148,114,RLPolicy,0,0,0.00355894,2.07944,2.99573,4,1.31846,3,6,1.28689,242,1
E3-PPOPIP-p005,27.5799,175,98,RLPolicy,1,0,0.0698025,3.00328,2.99573,7,1.7529,111,117,1.52109,242,1.00004
E3-PPOPIP-p005,27.5885,183,53,RLPolicy,1,1,0.0658121,1.38629,2.99573,4,1.93169,0,157,1.56813,119,0.991953
E3-PPOPIP-p005,27.6356,117,227,RLPolicy,0,0,0.0552293,5.54518,2.99573,9,2.44551,205,213,2.28725,119,0.998884
E3-PPOPIP-p005,27.6357,200,195,RLPolicy,0,0,0.0750287,5.54518,2.99573,9,1.80525,111,119,1.57383,119,1
E3-PPOPIP-p005,27.6516,89,129,RLPolicy,1,1,0.0540755,2.77259,2.99573,6,1.9251,167,199,1.66648,245,0.988606
E3-PPOPIP-p005,27.6535,181,12,RLPolicy,0,0,0.00960078,5.54518,2.99573,9,1.7509,149,157,1.50866,119,1
E3-PPOPIP-p005,27.6635,170,13,RLPolicy,0,0,0.051256,5.54518,2.99573,9,1.77752,251,259,1.62647,119,1
E3-PPOPIP-p005,27.6645,190,143,RLPolicy,1,0,0.0775094,5.03435,2.99573,9,1.99043,211,219,1.65263,245,1.01019
E3-PPOPIP-p005,27.6757,83,177,RLPolicy,0,0,0.0488178,5.54518,2.99573,9,1.54184,291,299,1.44222,119,1.00012
E3-PPOPIP-p005,27.6794,203,252,RLPolicy,0,0,0.0741716,5.7275,2.99573,9,2.28485,386,394,2.15581,245,1
E3-PPOPIP-p005,27.6803,60,12,RLPolicy,0,0,0.0502448,5.54518,2.99573,9,2.11845,142,150,1.97189,119,1.0101
E3-PPOPIP-p005,27.6869,35,243,RLPolicy,0,0,0.0457446,5.7275,2.99573,9,1.8505,335,343,1.6981,245,0.990426
E3-PPOPIP-p005,27.6973,134,24,RLPolicy,0,0,0.0609986,5.54518,2.99573,9,1.28894,71,79,1.22905,119,1
E3-PPOPIP-p005,27.7002,139,299,RLPolicy,0,0,0.0600001,5.7275,2.99573,9,1.74171,379,387,1.63084,238,1
E3-PPOPIP-p005,27.7018,11,143,RLPolicy,0,0,0.0306203,4.85203,2.99573,8,1.22805,19,26,1.1762,119,1
E3-PPOPIP-p005,27.723,150,252,RLPolicy,0,0,0.00960572,5.7275,2.99573,9,1.56978,384,392,1.46558,238,1
E3-PPOPIP-p005,27.7244,169,380,RLPolicy,1,1,0.0569489,2.07944,2.99573,5,1.70189,57,132,1.48374,238,0.995419
E3-PPOPIP-p005,27.733,116,204,RLPolicy,1,1,0.0583,2.07944,2.99573,5,2.17317,46,149,1.88752,238,0.987371
E3-PPOPIP-p005,27.7398,27,343,RLPolicy,1,1,0.0412499,2.54959,2.99573,7,2.49828,98,264,2.16028,238,0.993307
E3-PPOPIP-p005,27.7683,73,198,RLPolicy,0,0,0.0534743,5.54518,2.99573,9,1.53292,288,296,1.42996,119,0.987371
E3-PPOPIP-p005,27.7693,82,77,RLPolicy,1,1,0.0507936,2.07944,2.99573,5,1.71245,58,177,1.46987,238,0.994303
E3-PPOPIP-p005,27.774,152,194,RLPolicy,0,0,0.0662551,5.54518,2.99573,9,1.81188,174,182,1.47411,119,1.00235
E3-PPOPIP-p005,27.8227,94,13,RLPolicy,0,0,0.0443052,5.54518,2.99573,9,1.57163,314,322,1.45969,120,0.994303
E3-PPOPIP-p005,27.8236,5,18,RLPolicy,0,0,0.0471499,5.2398,2.99573,9,2.1825,397,405,1.99793,240,0.995419
E3-PPOPIP-p005,27.8249,113,152,RLPolicy,1,1,0.0474896,2.07944,2.99573,5,2.37983,54,105,2.08923,240,0.978553
E3-PPOPIP-p005,27.8317,198,107,RLPolicy,1,1,0.0696057,2.07944,2.99573,5,4.11219,61,136,3.75689,240,0.995419
E3-PPOPIP-p005,27.8346,92,268,RLPolicy,1,1,0.00603463,2.77259,2.99573,6,1.42339,82,91,1.25879,240,1.02326
E3-PPOPIP-p005,27.8457,129,227,RLPolicy,0,0,0.0589099,5.54518,2.99573,9,1.93899,209,217,1.79217,120,0.995419
E3-PPOPIP-p005,27.8562,22,227,RLPolicy,0,0,0.0381785,5.54518,2.99573,9,2.01953,209,217,1.88837,120,0.981675
E3-PPOPIP-p005,27.8632,34,268,RLPolicy,1,1,0.0400917,1.46868,2.99573,5,2.11244,0,177,1.83653,240,0.988606
E3-PPOPIP-p005,27.8759,157,18,RLPolicy,0,0,0.0665893,5.7275,2.99573,9,1.7034,380,388,1.55322,240,1
E3-PPOPIP-p005,27.8791,58,218,RLPolicy,1,1,0.0448589,2.07944,2.99573,5,2.4768,35,217,2.08525,240,0.985844
E3-PPOPIP-p005,27.9059,136,198,RLPolicy,0,0,0.066495,5.54518,2.99573,9,6.08843,262,270,5.74218,2,0.995419
E3-PPOPIP-p005,27.9265,104,198,RLPolicy,0,0,0.0612212,5.54518,2.99573,9,2.04368,275,283,1.87295,120,1.00235
E3-PPOPIP-p005,27.9609,159,195,RLPolicy,0,0,0.0654462,5.54518,2.99573,9,1.66772,111,119,1.58869,120,1
E3-PPOPIP-p005,27.9719,41,198,RLPolicy,0,0,0.0468636,5.54518,2.99573,9,1.64151,291,299,1.52851,120,0.994011
E3-PPOPIP-p005,27.9815,69,227,RLPolicy,0,0,0.0413838,5.54518,2.99573,9,2.77256,211,219,2.53328,120,0.986256
E3-PPOPIP-p005,27.9821,42,89,RLPolicy,1,1,0.00725242,2.85497,2.99573,7,2.0487,219,232,1.67606,241,0.999296
E3-PPOPIP-p005,27.9924,199,252,RLPolicy,0,0,0.00959708,5.7275,2.99573,9,1.84976,407,415,1.685,241,1
E3-PPOPIP-p005,28.0027,111,264,RLPolicy,1,1,0.0586694,2.77259,2.99573,6,2.35054,197,222,2.10219,241,0.990837
E3-PPOPIP-p005,28.0112,194,276,RLPolicy,0,0,0.0783899,5.39103,2.99573,9,1.82744,273,281,1.59566,122,1
E3-PPOPIP-p005,28.0119,30,194,RLPolicy,0,0,0.0438721,5.2398,2.99573,9,1.79902,165,173,1.66431,122,1.00288
E3-PPOPIP-p005,28.0153,21,198,RLPolicy,0,0,0.0428118,5.54518,2.99573,9,2.02461,283,291,1.85936,122,1.00317
E3-PPOPIP-p005,28.0171,24,333,RLPolicy,1,1,0.0298174,1.85644,2.99573,6,2.46586,3,185,2.08964,241,0.994304
E3-PPOPIP-p005,28.0191,10,315,RLPolicy,1,1,0.0409417,2.16183,2.99573,6,1.68948,39,101,1.44195,241,0.984026
E3-PPOPIP-p005,28.0235,98,254,RLPolicy,1,1,0.0536335,2.07944,2.99573,5,2.3473,15,83,2.05471,241,0.994303
E3-PPOPIP-p005,28.0273,2,299,RLPolicy,0,0,0.0422598,5.2398,2.99573,9,2.11379,398,406,1.94735,241,1
E3-PPOPIP-p005,28.0348,4,193,RLPolicy,0,0,0.0316467,5.2398,2.99573,9,2.30607,271,279,2.14875,241,0.997357
E3-PPOPIP-p005,28.0396,29,252,RLPolicy,0,0,0.0398328,5.7275,2.99573,9,1.78216,387,395,1.62652,4,1
E3-PPOPIP-p005,28.0439,179,91,RLPolicy,1,1,0.0564128,2.07944,2.99573,5,2.24862,28,204,1.8018,241,0.995419
E3-PPOPIP-p005,28.0519,64,377,RLPolicy,1,1,0.0403863,0.693147,2.99573,3,2.07489,0,71,1.87614,241,0.987371
E3-PPOPIP-p005,28.0839,191,252,RLPolicy,0,0,0.00961378,5.7275,2.99573,9,2.46186,426,434,2.28739,241,1
E3-PPOPIP-p005,28.0892,188,223,RLPolicy,0,0,0.0768627,5.7275,2.99573,9,1.74196,313,321,1.57774,241,1
E3-PPOPIP-p005,28.1025,75,227,RLPolicy,0,0,0.0484335,5.54518,2.99573,9,1.86186,212,220,1.70102,122,1
E3-PPOPIP-p005,28.1107,216,252,RLPolicy,0,0,0.0731866,5.7275,2.99573,9,2.02179,401,409,1.79436,243,1
E3-PPOPIP-p005,28.1153,107,210,RLPolicy,1,0,0.00787254,3.46574,2.99573,7,1.96182,168,174,1.68783,243,0.990837
E3-PPOPIP-p005,28.1207,57,295,RLPolicy,0,0,0.0566728,5.54518,2.99573,9,1.72231,91,99,1.6216,122,1.00899
E3-PPOPIP-p005,28.1459,122,207,RLPolicy,1,1,0.0602183,2.77259,2.99573,6,2.50002,181,217,2.08204,243,1.00012
E3-PPOPIP-p005,28.1819,131,55,RLPolicy,1,1,0.0601183,0.693147,2.99573,3,2.62037,0,31,2.50166,243,0.988487
E3-PPOPIP-p005,28.1834,31,154,RLPolicy,1,1,0.040487,2.07944,2.99573,5,2.70261,58,128,2.38223,122,0.995419
E3-PPOPIP-p005,28.2109,33,112,RLPolicy,1,1,0.0421027,2.54959,2.99573,7,2.56255,77,231,2.04936,365,0.986256
E3-PPOPIP-p005,28.2357,71,50,RLPolicy,0,0,0.0531787,5.54518,2.99573,9,2.97316,177,185,2.66583,365,1
E3-PPOPIP-p005,28.2397,174,151,RLPolicy,1,0,0.0681337,3.46574,2.99573,7,2.13643,266,272,1.77314,365,1.0047
E3-PPOPIP-p005,28.2418,70,248,RLPolicy,1,1,0.0521296,2.07944,2.99573,5,2.36484,19,146,2.04996,365,0.993187
E3-PPOPIP-p005,28.2586,137,227,RLPolicy,0,0,0.0622821,5.54518,2.99573,9,1.86777,195,203,1.71283,4,1
E3-PPOPIP-p005,28.2636,84,243,RLPolicy,1,1,0.0528877,2.77259,2.99573,6,2.12652,190,198,1.92708,365,0.998884
E3-PPOPIP-p005,28.2748,185,85,RLPolicy,1,0,0.0767005,4.85203,2.99573,9,2.38039,220,228,1.86853,365,1.00928
E3-PPOPIP-p005,28.2918,142,235,RLPolicy,1,1,0.0640238,2.77259,2.99573,6,2.4068,150,176,2.11494,365,0.998884
E3-PPOPIP-p005,28.2992,120,192,RLPolicy,0,0,0.0577738,5.54518,2.99573,9,1.75237,32,40,1.66863,365,1
E3-PPOPIP-p005,28.302,87,352,RLPolicy,1,1,0.0510792,1.38629,2.99573,4,2.23855,0,145,1.96581,368,0.989721
E3-PPOPIP-p005,28.3133,100,74,RLPolicy,1,1,0.0530628,2.07944,2.99573,5,1.90433,73,132,1.6544,368,0.993532
E3-PPOPIP-p005,28.3137,165,392,RLPolicy,1,1,0.0501501,2.77259,2.99573,6,1.87947,100,186,1.61153,368,0.998884
E3-PPOPIP-p005,28.3206,178,35,RLPolicy,0,0,0.00925888,5.39103,2.99573,9,1.99249,200,208,1.602,368,1.00158
E3-PPOPIP-p005,28.3245,23,61,RLPolicy,1,1,0.0396624,2.16183,2.99573,6,6.20798,64,205,5.79581,368,0.986668
E3-PPOPIP-p005,28.3289,77,249,RLPolicy,1,1,0.0483561,1.38629,2.99573,4,2.46908,0,89,2.25198,368,0.986256
E3-PPOPIP-p005,28.3412,79,190,RLPolicy,1,1,0.049352,2.77259,2.99573,6,6.41324,160,202,6.13726,368,0.98279
E3-PPOPIP-p005,28.3419,32,267,RLPolicy,1,1,0.0411673,2.46721,2.99573,6,2.40549,181,212,2.11967,368,0.982087
E3-PPOPIP-p005,28.3441,37,204,RLPolicy,1,0,0.0442413,3.54812,2.99573,8,2.08769,187,194,1.86111,368,1.00552
E3-PPOPIP-p005,28.3551,189,196,RLPolicy,1,0,0.0535396,4.15888,2.99573,8,2.59565,193,200,2.18344,368,1.00582
E3-PPOPIP-p005,28.3644,187,317,RLPolicy,1,0,0.00789988,3.46574,2.99573,7,2.84771,167,173,1.95978,368,1.00235
E3-PPOPIP-p005,28.3696,140,52,RLPolicy,1,1,0.0608238,2.77259,2.99573,6,2.79002,173,183,2.52995,368,0.998884
E3-PPOPIP-p005,28.4023,146,77,RLPolicy,1,1,0.0619456,2.77259,2.99573,6,1.76384,50,63,1.57982,368,1.00817
E3-PPOPIP-p005,28.4188,112,365,RLPolicy,1,1,0.0560792,2.07944,2.99573,5,2.03715,56,193,1.86991,368,0.981248
E3-PPOPIP-p005,28.42,121,216,RLPolicy,0,0,0.00972095,5.54518,2.99573,9,2.34073,192,200,2.05542,368,1
E3-PPOPIP-p005,28.4223,171,103,RLPolicy,1,0,0.00804863,4.15888,2.99573,8,1.92233,241,248,1.63463,368,1.00582
E3-PPOPIP-p005,28.4309,108,239,RLPolicy,1,0,0.0580767,3.46574,2.99573,7,2.2307,168,174,1.90765,368,0.994303
E3-PPOPIP-p005,28.4329,214,149,RLPolicy,1,1,0.0596297,2.77259,2.99573,6,4.83124,117,187,4.49535,368,0.998884
E3-PPOPIP-p005,28.4532,28,147,RLPolicy,1,0,0.0366009,3.0062,2.99573,7,2.6907,252,258,2.32987,368,0.973973
E3-PPOPIP-p005,28.4579,184,376,RLPolicy,1,1,0.00607124,2.77259,2.99573,6,2.9715,109,116,2.58882,368,0.998884
E3-PPOPIP-p005,28.4663,72,383,RLPolicy,0,0,0.0375012,4.85203,2.99573,8,2.38964,22,29,2.20746,17,0.994303
E3-PPOPIP-p005,28.4732,133,91,RLPolicy,1,1,0.058301,2.07944,2.99573,5,2.74014,28,213,2.25656,368,0.994303
E3-PPOPIP-p005,28.4806,85,334,RLPolicy,1,0,0.00849458,4.15888,2.99573,8,1.94156,184,191,1.5694,368,1.00123
E3-PPOPIP-p005,28.4809,18,252,RLPolicy,0,0,0.00959654,5.7275,2.99573,9,1.541,414,422,1.38004,17,0.978913
E3-PPOPIP-p005,28.5032,212,194,RLPolicy,1,1,0.077282,2.77259,2.99573,6,2.20892,199,211,1.97551,368,0.998884
E3-PPOPIP-p005,28.5044,6,284,RLPolicy,1,1,0.0301308,2.07944,2.99573,5,2.7982,43,170,2.45759,368,0.977576
E3-PPOPIP-p005,28.5096,149,206,RLPolicy,1,1,0.064502,1.77114,2.99573,5,2.0624,49,118,1.87384,368,0.982364
E3-PPOPIP-p005,28.5096,106,285,RLPolicy,1,1,0.0597825,2.77259,2.99573,6,1.74164,159,183,1.59113,368,0.997769
E3-PPOPIP-p005,28.5148,78,252,RLPolicy,0,0,0.0455313,5.7275,2.99573,9,2.15084,398,406,1.85505,17,1
E3-PPOPIP-p005,28.5169,127,241,RLPolicy,1,0,0.00725726,3.46574,2.99573,7,3.33884,126,132,3.02751,368,1.00235
E3-PPOPIP-p005,28.5313,124,365,RLPolicy,1,0,0.00804266,4.15888,2.99573,8,2.845,280,287,2.31208,368,1.00582
E3-PPOPIP-p005,28.5773,176,35,RLPolicy,1,0,0.0734109,3.46574,2.99573,7,1.91985,192,198,1.72886,368,1.00123
E3-PPOPIP-p005,28.6005,119,162,RLPolicy,1,1,0.0578116,2.77259,2.99573,6,1.82599,204,212,1.66451,372,1.00123
E3-PPOPIP-p005,28.602,47,224,RLPolicy,1,1,0.036036,1.38629,2.99573,4,1.91924,0,133,1.60092,372,0.98044
E3-PPOPIP-p005,28.6026,13,112,RLPolicy,1,1,0.0416166,2.83898,2.99573,7,2.44379,85,278,1.99619,372,0.982457
E3-PPOPIP-p005,28.6093,145,105,RLPolicy,1,1,0.0631223,2.77259,2.99573,6,2.30802,207,214,2.07234,372,0.998884
E3-PPOPIP-p005,28.635,147,368,RLPolicy,1,0,0.00980147,4.69788,2.99573,9,2.43506,322,330,1.89301,372,1.00046
E3-PPOPIP-p005,28.6362,163,210,RLPolicy,1,0,0.0727274,4.85203,2.99573,9,2.44138,211,219,2.00432,372,1.00928
E3-PPOPIP-p005,28.6521,90,60,RLPolicy,1,0,0.0536558,4.85203,2.99573,9,2.18021,284,292,1.63858,372,1.00928
E3-PPOPIP-p005,28.6945,141,3,RLPolicy,1,0,0.0631173,4.15888,2.99573,8,2.64506,299,306,2.33167,372,1.00582
E3-PPOPIP-p005,28.6959,192,11,RLPolicy,0,0,0.0635199,4.85203,2.99573,8,1.98426,20,27,1.8686,372,1
E3-PPOPIP-p005,28.7006,202,42,RLPolicy,1,0,0.0646322,4.15888,2.99573,8,1.99972,195,202,1.75189,376,1.00582
E3-PPOPIP-p005,28.7033,193,81,RLPolicy,1,0,0.00970555,4.85203,2.99573,9,2.20624,239,247,1.88298,376,1.00928
E3-PPOPIP-p005,28.7076,15,242,RLPolicy,1,1,0.00727741,2.8419,2.99573,7,1.77073,188,208,1.5813,376,0.990812
E3-PPOPIP-p005,28.71,36,99,RLPolicy,1,0,0.0308504,4.24127,2.99573,9,2.50322,216,224,2.2711,376,1.00787
E3-PPOPIP-p005,28.7314,135,153,RLPolicy,1,1,0.0647538,2.77259,2.99573,6,2.69011,81,218,2.31389,376,0.989721
E3-PPOPIP-p005,28.7426,156,267,RLPolicy,1,1,0.0663631,2.77259,2.99573,6,2.52027,202,211,2.22337,376,0.998884
E3-PPOPIP-p005,28.7751,138,181,RLPolicy,1,1,0.0547129,2.77259,2.99573,6,2.91621,143,163,2.62588,376,0.998884
E3-PPOPIP-p005,28.7786,51,195,RLPolicy,0,0,0.0318134,5.54518,2.99573,9,1.49919,255,263,1.39855,4,1.00165
E3-PPOPIP-p005,28.7823,88,376,RLPolicy,1,0,0.0519073,4.15888,2.99573,8,3.12995,248,255,2.78717,376,1.01398
E3-PPOPIP-p005,28.7841,153,134,RLPolicy,1,1,0.0662804,2.77259,2.99573,6,2.13881,110,116,1.97154,376,0.998884
E3-PPOPIP-p005,28.7907,99,362,RLPolicy,1,0,0.0562772,3.46574,2.99573,7,2.08832,176,182,1.8434,376,0.990837
E3-PPOPIP-p005,28.8035,168,391,RLPolicy,1,1,0.0684727,2.77259,2.99573,6,2.14807,200,208,1.86684,377,1.00123
E3-PPOPIP-p005,28.8131,14,247,RLPolicy,1,0,0.033461,4.85203,2.99573,9,2.05827,187,195,1.82497,377,1.01022
E3-PPOPIP-p005,28.8149,16,396,RLPolicy,1,1,0.0320917,2.54959,2.99573,7,1.94731,61,299,1.66978,377,0.983614
E3-PPOPIP-p005,28.8287,9,102,RLPolicy,1,1,0.0374707,2.85497,2.99573,7,5.61248,203,247,2.21273,377,0.982909
E3-PPOPIP-p005,28.8317,132,198,RLPolicy,1,1,0.0573782,2.07944,2.99573,5,6.67588,21,56,6.47641,377,1.00123
E3-PPOPIP-p005,28.8325,160,192,RLPolicy,0,0,0.0665556,5.54518,2.99573,9,1.82541,31,39,1.7422,377,1
E3-PPOPIP-p005,28.8381,130,207,RLPolicy,1,0,0.0611795,4.85203,2.99573,9,9.43163,262,270,8.94125,377,1.0047
E3-PPOPIP-p005,28.8439,26,11,RLPolicy,0,0,0.0333061,4.85203,2.99573,8,3.02981,19,26,2.95582,377,1
E3-PPOPIP-p005,28.8567,197,367,RLPolicy,1,0,0.00864028,4.15888,2.99573,8,2.60672,218,225,2.11094,377,1.00582
E3-PPOPIP-p005,28.8608,173,351,RLPolicy,1,1,0.0715226,2.61844,2.99573,6,2.42445,179,204,2.06256,377,0.998114
E3-PPOPIP-p005,28.8776,62,4,RLPolicy,1,1,0.043298,2.07944,2.99573,5,2.29565,91,167,2.03054,377,0.994303
E3-PPOPIP-p005,28.8808,144,379,RLPolicy,1,0,0.0667998,4.85203,2.99573,9,2.40521,373,381,2.06739,377,1.00928
E3-PPOPIP-p005,28.8852,217,193,RLPolicy,1,0,0.0833691,3.85058,2.99573,8,2.54649,218,225,1.9385,377,1.00427
E3-PPOPIP-p005,28.8936,126,326,RLPolicy,1,0,0.00849565,4.15888,2.99573,8,2.31475,271,278,1.87254,377,1.00358
E3-PPOPIP-p005,28.8989,209,114,RLPolicy,0,0,0.0527756,2.07944,2.99573,4,1.96425,3,6,1.859,377,1
E3-PPOPIP-p005,28.9038,155,24,RLPolicy,1,0,0.00846987,4.15888,2.99573,8,2.09321,268,275,1.7339,379,1.00582
E3-PPOPIP-p005,28.9097,80,118,RLPolicy,1,0,0.0584526,3.46574,2.99573,7,6.46751,283,289,6.15347,379,0.994303
E3-PPOPIP-p005,28.9114,143,11,RLPolicy,0,0,0.0563591,4.85203,2.99573,8,1.673,19,26,1.61413,379,1.00673
E3-PPOPIP-p005,28.9478,161,144,RLPolicy,1,0,0.00727879,3.46574,2.99573,7,2.07727,227,233,1.73391,379,0.994303
E3-PPOPIP-p005,28.9648,205,364,RLPolicy,1,0,0.0672864,4.85203,2.99573,9,2.89522,230,238,2.43572,379,1.00928
E3-PPOPIP-p005,28.9654,40,56,RLPolicy,1,1,0.04396,2.54959,2.99573,7,2.42615,177,233,1.91359,379,0.999004
E3-PPOPIP-p005,28.9679,56,161,RLPolicy,1,0,0.0452736,3.46574,2.99573,7,2.06382,237,243,1.77072,379,0.997769
E3-PPOPIP-p005,28.9684,96,51,RLPolicy,0,0,0.0499091,5.54518,2.99573,9,1.6931,187,195,1.59705,17,0.995419
E3-PPOPIP-p005,28.9825,151,36,RLPolicy,1,0,0.0678513,3.31159,2.99573,7,2.6098,223,229,2.21023,379,0.99357
E3-PPOPIP-p005,28.985,206,201,RLPolicy,1,1,0.0676257,2.07944,2.99573,5,3.00749,21,68,2.71161,379,0.995419
E3-PPOPIP-p005,29.0274,110,207,RLPolicy,1,1,0.0566897,2.77259,2.99573,6,2.10297,58,124,1.74078,380,1.00593
E3-PPOPIP-p005,29.0461,201,324,RLPolicy,1,0,0.00788045,3.46574,2.99573,7,2.50939,227,233,2.16315,380,1.00235
E3-PPOPIP-p005,29.0541,123,252,RLPolicy,0,0,0.00956832,5.7275,2.99573,9,1.56773,436,444,1.44024,4,1.00235
E3-PPOPIP-p005,29.0587,20,198,RLPolicy,0,0,0.0425185,5.54518,2.99573,9,2.06957,306,314,1.87817,17,0.985964
E3-PPOPIP-p005,29.06,3,158,RLPolicy,1,0,0.00841793,3.31159,2.99573,7,2.24832,210,216,1.86838,380,1.0057
E3-PPOPIP-p005,29.0602,19,331,RLPolicy,1,0,0.0399812,3.16035,2.99573,7,2.72866,261,267,2.28988,380,0.999827
E3-PPOPIP-p005,29.0827,210,374,RLPolicy,1,0,0.0758463,4.15888,2.99573,8,2.11155,121,128,1.75346,380,1.00582
E3-PPOPIP-p005,29.083,128,177,RLPolicy,0,0,0.0563991,5.54518,2.99573,9,2.89876,321,329,2.6425,17,0.991953
E3-PPOPIP-p005,29.0867,177,115,RLPolicy,1,1,0.0711417,2.61844,2.99573,6,2.19327,169,208,1.91835,380,0.998114
E3-PPOPIP-p005,29.0895,45,192,RLPolicy,0,0,0.0437533,5.54518,2.99573,9,1.62736,32,40,1.5775,380,1
E3-PPOPIP-p005,29.0993,46,288,RLPolicy,1,1,0.0439139,2.16183,2.99573,6,2.19739,2,236,1.81221,380,0.99583
E3-PPOPIP-p005,29.0997,228,280,RLPolicy,0,0,0.0667167,0.693147,2.99573,2,1.74626,0,1,1.70785,380,1
E3-PPOPIP-p005,29.1136,43,77,RLPolicy,1,1,0.035751,1.38629,2.99573,4,2.50728,0,139,2.35792,381,0.971689
E3-PPOPIP-p005,29.1171,196,154,RLPolicy,1,0,0.0618488,3.46574,2.99573,7,2.39571,141,147,2.07264,381,1.00235
E3-PPOPIP-p005,29.1238,102,60,RLPolicy,1,1,0.0473674,1.92529,2.99573,5,1.95005,60,119,1.77051,381,0.976279
E3-PPOPIP-p005,29.1394,12,17,RLPolicy,1,0,0.00906597,3.8535,2.99573,8,2.88794,291,298,2.43277,381,0.963642
E3-PPOPIP-p005,29.1404,158,271,RLPolicy,1,0,0.0565374,3.46574,2.99573,7,3.02249,234,240,2.623,381,1.00235
E3-PPOPIP-p005,29.1454,63,224,RLPolicy,1,1,0.00626675,2.46721,2.99573,6,1.88209,172,186,1.68578,381,1.00664
E3-PPOPIP-p005,29.1497,164,130,RLPolicy,1,0,0.0690669,3.46574,2.99573,7,2.59118,283,289,2.14522,381,0.997769
E3-PPOPIP-p005,29.1508,81,394,RLPolicy,1,1,0.0550765,2.07944,2.99573,5,2.65329,40,93,2.34408,381,0.997769
E3-PPOPIP-p005,29.1626,25,150,RLPolicy,1,1,0.0395371,2.46721,2.99573,6,3.3132,149,200,3.00063,381,0.991076
E3-PPOPIP-p005,29.1672,225,207,RLPolicy,1,0,0.0671827,3.46574,2.99573,7,2.58371,213,219,2.18488,381,1.00235
E3-PPOPIP-p005,29.1722,105,227,RLPolicy,1,1,0.0558694,2.07944,2.99573,5,2.31557,36,176,1.94719,381,1.00012
E3-PPOPIP-p005,29.1961,109,341,RLPolicy,1,1,0.0457816,2.07944,2.99573,5,2.11719,14,32,1.96464,381,0.995419
E3-PPOPIP-p005,29.1986,167,336,RLPolicy,1,1,0.0679845,2.77259,2.99573,6,2.45907,184,196,2.16437,381,0.998884
E3-PPOPIP-p005,29.2053,76,198,RLPolicy,0,0,0.054349,5.54518,2.99573,9,5.75821,321,329,5.46525,17,0.995419
E3-PPOPIP-p005,29.2107,115,113,RLPolicy,1,1,0.0488406,2.07944,2.99573,5,2.32248,44,250,1.98031,383,0.995419
E3-PPOPIP-p005,29.2259,54,11,RLPolicy,0,0,0.0410635,4.85203,2.99573,8,1.64363,19,26,1.59491,383,1
E3-PPOPIP-p005,29.2315,38,198,RLPolicy,0,0,0.0461957,5.54518,2.99573,9,6.34603,300,308,5.9178,17,0.990133
E3-PPOPIP-p005,29.237,66,0,RLPolicy,1,0,0.00910934,3.78159,2.99573,8,2.10104,284,291,1.8569,383,1.00721
E3-PPOPIP-p005,29.242,50,199,RLPolicy,1,1,0.0447031,2.77259,2.99573,6,2.57554,139,224,2.28502,383,1.00358
E3-PPOPIP-p005,29.2423,52,328,RLPolicy,1,1,0.0425699,1.38629,2.99573,4,2.97461,0,91,2.8231,383,0.986256
E3-PPOPIP-p005,29.2603,180,232,RLPolicy,1,1,0.0704562,2.77259,2.99573,6,2.10927,111,124,1.92224,383,0.998884
E3-PPOPIP-p005,29.2636,39,222,RLPolicy,1,1,0.00771104,2.54959,2.99573,7,2.82519,236,288,2.34994,383,0.990956
E3-PPOPIP-p005,29.2725,95,188,RLPolicy,0,0,0.0404389,5.54518,2.99573,9,2.82982,315,323,2.47792,383,0.996653
E3-PPOPIP-p005,29.28,226,216,RLPolicy,0,0,0.0858396,5.54518,2.99573,9,2.35192,198,206,1.98733,383,1
E3-PPOPIP-p005,29.2872,59,306,RLPolicy,1,0,0.0484944,3.46574,2.99573,7,2.53709,199,205,2.19,383,1.00123
E3-PPOPIP-p005,29.2882,162,101,RLPolicy,1,0,0.0679454,4.15888,2.99573,8,2.1971,297,304,1.80411,383,1.00582
E3-PPOPIP-p005,29.3079,114,209,RLPolicy,0,0,0.00357755,2.07944,2.99573,4,1.64868,3,6,1.61724,384,1
E3-PPOPIP-p005,29.3116,49,186,RLPolicy,0,0,0.0481071,5.54518,2.99573,9,2.00227,148,156,1.72135,384,1
E3-PPOPIP-p005,29.317,68,307,RLPolicy,1,0,0.0521541,4.00473,2.99573,8,2.33998,209,216,1.95649,384,0.996227
E3-PPOPIP-p005,29.3184,86,408,RLPolicy,0,0,0.0369793,5.54518,2.99573,9,5.74284,268,276,5.4878,4,1.0094
E3-PPOPIP-p005,29.3214,172,365,RLPolicy,1,1,0.0701517,2.07944,2.99573,5,2.50467,62,197,2.1101,384,0.995419
E3-PPOPIP-p005,29.3299,195,402,RLPolicy,1,1,0.0743497,2.77259,2.99573,6,2.37001,173,187,2.09141,384,0.994303
E3-PPOPIP-p005,29.3471,1,67,RLPolicy,1,0,0.00804045,3.24274,2.99573,8,2.07114,278,285,1.71057,384,0.999004
E3-PPOPIP-p005,29.3654,7,2,RLPolicy,1,1,0.00602873,2.61844,2.99573,6,3.13157,143,158,2.8302,384,0.99057
E3-PPOPIP-p005,29.387,204,96,RLPolicy,1,1,0.0749641,2.07944,2.99573,5,3.37005,100,212,3.00329,384,0.995419
E3-PPOPIP-p005,29.3911,8,94,RLPolicy,1,1,0.0353483,2.77259,2.99573,6,2.50354,202,212,2.22695,384,0.998884
E3-PPOPIP-p005,29.3993,186,343,RLPolicy,1,1,0.0556243,2.77259,2.99573,6,2.32903,45,198,1.96666,384,0.997769
E3-PPOPIP-p005,29.4143,97,319,RLPolicy,1,1,0.0535552,2.07944,2.99573,5,2.5857,7,128,2.2081,385,0.986256
E3-PPOPIP-p005,29.416,17,66,RLPolicy,0,0,0.00970119,4.62903,2.99573,9,2.2356,354,362,1.85029,385,1
E3-PPOPIP-p005,29.4189,103,315,RLPolicy,0,0,0.0557995,5.54518,2.99573,9,2.41314,299,307,2.09334,385,0.995419
E3-PPOPIP-p005,29.4203,207,329,RLPolicy,1,0,0.0655152,4.85203,2.99573,9,2.57388,307,315,2.1615,385,1.00928
E3-PPOPIP-p005,29.4255,67,279,RLPolicy,1,0,0.0303846,4.15888,2.99573,8,2.19066,280,287,1.90057,385,1.0094
E3-PPOPIP-p005,29.4445,154,309,RLPolicy,1,1,0.0595864,2.77259,2.99573,6,3.22565,126,137,2.94804,385,0.998884
E3-PPOPIP-p005,29.4481,166,34,RLPolicy,1,0,0.0631883,4.15888,2.99573,8,2.28627,301,308,1.97269,385,1.00582
E3-PPOPIP-p005,29.4573,74,121,RLPolicy,1,0,0.0530319,4.15888,2.99573,8,2.79356,243,250,2.46705,385,0.997769
E3-PPOPIP-p005,29.4602,65,104,RLPolicy,1,1,0.00642213,2.77259,2.99573,6,2.24303,139,159,2.00425,385,1.00123
E3-PPOPIP-p005,29.4684,61,3,RLPolicy,1,0,0.0407505,3.5452,2.99573,8,2.38267,307,314,2.00959,385,0.998166
E3-PPOPIP-p005,29.4817,48,94,RLPolicy,1,1,0.0441689,2.77259,2.99573,6,2.56892,47,291,2.17412,385,0.981674
E3-PPOPIP-p005,29.4918,101,36,RLPolicy,0,0,0.0512628,5.54518,2.99573,9,2.46893,200,208,2.29943,17,0.998884
E3-PPOPIP-p005,29.5034,55,194,RLPolicy,0,0,0.048193,5.23688,2.99573,9,1.67465,182,190,1.55436,17,0.995523
E3-PPOPIP-p005,29.5042,182,76,RLPolicy,1,1,0.0723169,2.77259,2.99573,6,2.12755,187,211,1.9133,385,0.998884
E3-PPOPIP-p005,29.5136,125,222,RLPolicy,1,1,0.0615665,2.77259,2.99573,6,2.34816,176,199,2.06604,385,0.989721
E3-PPOPIP-p005,29.5143,93,295,RLPolicy,0,0,0.056798,5.54518,2.99573,9,2.70886,366,374,2.25976,385,1
E3-PPOPIP-p005,29.5147,53,252,RLPolicy,0,0,0.00957847,5.4192,2.99573,9,1.69926,396,404,1.54445,4,0.987371
E3-PPOPIP-p005,29.5226,44,113,RLPolicy,1,1,0.0417173,2.16183,2.99573,6,2.95731,69,153,2.51018,385,0.989722
E3-PPOPIP-p005,29.5304,0,275,RLPolicy,1,1,0.028181,2.77259,2.99573,6,2.37491,198,207,2.07836,385,0.998884
E3-PPOPIP-p005,29.5403,208,394,RLPolicy,1,1,0.0632257,2.07944,2.99573,5,2.75055,40,89,2.48044,385,0.995419
E3-PPOPIP-p005,29.5422,118,405,RLPolicy,1,1,0.0601517,2.77259,2.99573,6,2.27196,201,233,1.96457,385,0.986256
E3-PPOPIP-p005,29.547,91,113,RLPolicy,1,1,0.0531709,2.07944,2.99573,5,3.09339,46,225,2.71339,385,1.00358
E3-PPOPIP-p005,29.5525,148,114,RLPolicy,0,0,0.00356451,2.07944,2.99573,4,2.4071,3,6,2.33281,385,1
E3-PPOPIP-p005,29.5799,175,215,RLPolicy,0,0,0.072211,5.4192,2.99573,9,2.14606,160,168,1.97632,17,1.00004
E3-PPOPIP-p005,29.5885,183,316,RLPolicy,1,0,0.0747461,4.15888,2.99573,8,2.31176,254,261,2.02153,385,0.997769
E3-PPOPIP-p005,29.6356,117,188,RLPolicy,1,0,0.0527963,3.46574,2.99573,7,2.16424,124,130,2.00818,386,1.00123
E3-PPOPIP-p005,29.6357,200,233,RLPolicy,1,0,0.00968147,4.85203,2.99573,9,2.23781,287,295,1.8715,386,1.00928
E3-PPOPIP-p005,29.6516,89,217,RLPolicy,0,0,0.0516655,5.54518,2.99573,9,2.17858,333,341,1.92528,17,0.988606
E3-PPOPIP-p005,29.6517,215,5,RLPolicy,0,0,0.0771886,5.54518,2.99573,9,2.63651,260,268,2.27898,386,1
E3-PPOPIP-p005,29.6535,181,402,RLPolicy,0,0,0.0725495,5.54518,2.99573,9,2.15251,172,180,1.80247,386,1
E3-PPOPIP-p005,29.6635,170,102,RLPolicy,1,1,0.0632195,1.38629,2.99573,4,2.73379,0,94,2.41657,386,0.991953
E3-PPOPIP-p005,29.6645,190,310,RLPolicy,1,1,0.0732633,2.77259,2.99573,6,2.29784,190,201,1.93382,386,1.00908
E3-PPOPIP-p005,29.6715,227,80,RLPolicy,1,0,0.0223269,3.46574,2.99573,7,2.75443,172,178,2.45313,386,1.00235
E3-PPOPIP-p005,29.6757,83,222,RLPolicy,0,0,0.0516312,5.54518,2.99573,9,2.48739,334,342,2.19289,17,1.00012
E3-PPOPIP-p005,29.6794,203,273,RLPolicy,1,0,0.0693266,3.46574,2.99573,7,1.99324,250,256,1.71751,386,1.00235
E3-PPOPIP-p005,29.6803,60,247,RLPolicy,1,0,0.0385933,3.8535,2.99573,8,2.12065,227,234,1.84626,386,1.01439
E3-PPOPIP-p005,29.6869,35,77,RLPolicy,1,1,0.0350508,1.38629,2.99573,4,2.91819,0,94,2.65561,386,0.982379
E3-PPOPIP-p005,29.6973,134,176,RLPolicy,0,0,0.00960272,5.54518,2.99573,9,1.75846,71,79,1.65683,2,1
E3-PPOPIP-p005,29.7002,139,227,RLPolicy,1,1,0.0632689,2.77259,2.99573,6,2.72148,123,135,2.52463,387,0.998884
E3-PPOPIP-p005,29.7018,11,143,RLPolicy,0,0,0.0303958,4.85203,2.99573,8,1.97858,19,26,1.83767,387,1
E3-PPOPIP-p005,29.7059,213,299,RLPolicy,0,0,0.0744905,5.7275,2.99573,9,4.14269,404,412,3.86754,17,1
E3-PPOPIP-p005,29.723,150,239,RLPolicy,1,0,0.0650442,4.85203,2.99573,9,3.32779,293,301,2.65547,387,1.00928
E3-PPOPIP-p005,29.7244,169,251,RLPolicy,1,1,0.0700113,2.61844,2.99573,6,2.44465,70,270,2.02493,387,0.993532
E3-PPOPIP-p005,29.7316,218,66,RLPolicy,1,1,0.0634743,1.38629,2.99573,4,2.55388,0,172,2.12916,387,0.991953
E3-PPOPIP-p005,29.733,116,212,RLPolicy,1,0,0.039051,3.46574,2.99573,7,2.50983,219,225,2.13153,387,0.989721
E3-PPOPIP-p005,29.7398,27,217,RLPolicy,0,0,0.0277953,5.54518,2.99573,9,2.06332,354,362,1.89337,17,0.993307
E3-PPOPIP-p005,29.7462,219,372,RLPolicy,1,1,0.0664625,2.77259,2.99573,6,2.5121,86,222,2.07339,387,0.998884
E3-PPOPIP-p005,29.7615,220,272,RLPolicy,1,0,0.00727772,3.46574,2.99573,7,2.29501,210,216,1.96151,387,1.00235
E3-PPOPIP-p005,29.767,224,379,RLPolicy,1,1,0.0810414,2.77259,2.99573,6,2.56922,139,195,2.12622,387,0.998884
E3-PPOPIP-p005,29.7683,73,337,RLPolicy,1,0,0.0507852,3.46574,2.99573,7,2.73873,227,233,2.36649,387,0.989721
E3-PPOPIP-p005,29.7693,82,310,RLPolicy,1,1,0.0529744,2.77259,2.99573,6,2.492,200,216,2.23904,387,0.993187
E3-PPOPIP-p005,29.774,152,319,RLPolicy,1,0,0.0536833,3.46574,2.99573,7,2.34849,141,147,2.09377,387,1.0047
E3-PPOPIP-p005,29.7905,223,88,RLPolicy,1,0,0.0080206,3.46574,2.99573,7,2.61502,252,258,2.29369,387,1.00235
E3-PPOPIP-p005,29.8064,211,284,RLPolicy,1,1,0.0754194,2.07944,2.99573,5,2.89275,59,131,2.56018,388,0.995419
E3-PPOPIP-p005,29.8227,94,74,RLPolicy,1,1,0.0538219,2.61844,2.99573,6,2.88848,33,223,2.44079,388,0.992416
E3-PPOPIP-p005,29.8236,5,373,RLPolicy,0,0,0.0322843,5.54518,2.99573,9,2.13494,287,295,1.83362,388,0.995419
E3-PPOPIP-p005,29.8249,113,8,RLPolicy,1,1,0.0578135,2.77259,2.99573,6,3.22077,172,186,3.00217,388,0.977438
E3-PPOPIP-p005,29.8317,198,97,RLPolicy,1,1,0.069987,2.61844,2.99573,6,2.3984,81,100,2.20268,388,0.993532
E3-PPOPIP-p005,29.8346,92,70,RLPolicy,1,1,0.053992,2.77259,2.99573,6,2.812,64,82,2.53078,388,1.02215
E3-PPOPIP-p005,29.8457,129,90,RLPolicy,1,0,0.0589332,4.85203,2.99573,9,2.4186,259,267,1.93452,388,1.0047
E3-PPOPIP-p005,29.8562,22,151,RLPolicy,1,1,0.0406196,2.85497,2.99573,7,2.39195,103,303,1.97176,388,0.980971
E3-PPOPIP-p005,29.8632,34,245,RLPolicy,1,1,0.0407873,1.46868,2.99573,5,3.18129,1,213,2.66435,388,0.980971
E3-PPOPIP-p005,29.8742,230,369,RLPolicy,0,0,0.0623377,5.54518,2.99573,9,2.14122,31,39,1.99373,388,1
E3-PPOPIP-p005,29.8759,157,91,RLPolicy,1,1,0.0661097,2.07944,2.99573,5,2.87376,52,160,2.43646,388,0.995419
E3-PPOPIP-p005,29.8791,58,403,RLPolicy,1,1,0.0459442,2.07944,2.99573,5,2.33067,16,188,1.988,388,0.981263
E3-PPOPIP-p005,29.9059,136,103,RLPolicy,1,1,0.0605227,2.77259,2.99573,6,2.4012,162,172,2.07985,388,0.994303
E3-PPOPIP-p005,29.9171,236,171,RLPolicy,1,1,0.0670219,2.07944,2.99573,5,2.69979,87,220,2.26416,388,0.995419
E3-PPOPIP-p005,29.9265,104,103,RLPolicy,1,0,0.00748221,3.46574,2.99573,7,2.84177,225,231,2.48429,388,1.0047
E3-PPOPIP-p005,29.9609,159,330,RLPolicy,1,1,0.0421238,1.38629,2.99573,4,2.4001,0,44,2.23416,388,0.991953
E3-PPOPIP-p005,29.9719,41,403,RLPolicy,1,1,0.0484521,1.77406,2.99573,5,6.14678,15,226,5.69485,388,0.987903
E3-PPOPIP-p005,29.9815,69,112,RLPolicy,1,1,0.0461277,2.77259,2.99573,6,2.44797,98,267,2.08121,388,0.98514
E3-PPOPIP-p005,29.9821,42,109,RLPolicy,1,0,0.0450404,4.54665,2.99573,9,3.00225,290,298,2.44456,388,1.00705
E3-PPOPIP-p005,29.9881,239,27,RLPolicy,1,1,0.0840337,2.77259,2.99573,6,2.44251,174,217,2.12797,388,0.998884
E3-PPOPIP-p005,29.9924,199,343,RLPolicy,1,0,0.073734,4.15888,2.99573,8,2.27715,296,303,1.97682,388,1.00582
E3-PPOPIP-p005,30.0027,111,66,RLPolicy,1,1,0.0532566,1.38629,2.99573,4,2.10556,0,173,1.9049,390,0.98279
E3-PPOPIP-p005,30.0112,194,397,RLPolicy,1,1,0.0685718,0.693147,2.99573,3,2.6758,0,89,2.44557,390,0.988487
E3-PPOPIP-p005,30.0119,30,304,RLPolicy,1,1,0.0393442,2.07944,2.99573,5,2.11564,31,105,1.75048,390,0.9983
E3-PPOPIP-p005,30.0147,240,92,RLPolicy,0,0,0.0833257,5.54518,2.99573,9,1.47372,92,100,1.38214,17,1
E3-PPOPIP-p005,30.0153,21,153,RLPolicy,1,1,0.0472136,2.85497,2.99573,7,2.95352,60,285,2.41725,390,1.00247
E3-PPOPIP-p005,30.0171,24,247,RLPolicy,1,0,0.0269985,3.54812,2.99573,8,2.24432,234,241,1.96101,390,0.997065
E3-PPOPIP-p005,30.0191,10,374,RLPolicy,1,0,0.0068373,3.16035,2.99573,7,2.74181,191,197,2.42244,390,0.984849
E3-PPOPIP-p005,30.0209,222,196,RLPolicy,1,0,0.00724342,3.46574,2.99573,7,2.91351,158,164,2.52789,390,1.00235
E3-PPOPIP-p005,30.0235,98,188,RLPolicy,1,0,0.0465837,4.85203,2.99573,9,7.88222,149,157,7.22923,390,1.00358
E3-PPOPIP-p005,30.0273,2,21,RLPolicy,1,1,0.0411933,2.77259,2.99573,6,2.33561,140,181,2.0596,390,0.998884
E3-PPOPIP-p005,30.0348,4,151,RLPolicy,1,0,0.0072501,3.46574,2.99573,7,2.42141,201,207,2.12449,390,0.999707
E3-PPOPIP-p005,30.0396,29,252,RLPolicy,0,0,0.0398157,5.7275,2.99573,9,1.71261,396,404,1.58785,17,1
E3-PPOPIP-p005,30.0439,179,405,RLPolicy,1,1,0.0468065,1.38629,2.99573,4,2.40931,0,119,2.24374,390,0.987371
E3-PPOPIP-p005,30.0519,64,100,RLPolicy,1,1,0.0356555,2.07944,2.99573,5,2.19561,66,175,1.96203,390,0.98279
E3-PPOPIP-p005,30.0839,191,149,RLPolicy,1,1,0.074203,2.77259,2.99573,6,2.96554,192,218,2.73207,390,0.998884
E3-PPOPIP-p005,30.0892,188,95,RLPolicy,1,0,0.0769526,4.85203,2.99573,9,2.40769,245,253,2.04656,390,1.00928
E3-PPOPIP-p005,30.1025,75,4,RLPolicy,1,0,0.0483801,4.85203,2.99573,9,2.08774,137,145,1.85784,392,1.00928
E3-PPOPIP-p005,30.1107,216,156,RLPolicy,1,1,0.0808409,2.77259,2.99573,6,2.09496,163,195,1.87495,392,0.998884
E3-PPOPIP-p005,30.1153,107,303,RLPolicy,1,0,0.00990393,4.85203,2.99573,9,5.77211,154,162,5.40109,392,1.00012
E3-PPOPIP-p005,30.1207,57,213,RLPolicy,0,0,0.0314282,5.54518,2.99573,9,2.58076,176,184,2.23922,392,1.00899
E3-PPOPIP-p005,30.124,221,123,RLPolicy,1,0,0.0753461,3.46574,2.99573,7,6.10041,187,193,5.72515,392,1.00235
E3-PPOPIP-p005,30.1459,122,173,RLPolicy,1,1,0.0595726,2.07944,2.99573,5,2.25516,29,228,2.0079,392,0.995537
E3-PPOPIP-p005,30.1563,231,86,RLPolicy,1,1,0.0760108,2.77259,2.99573,6,6.44728,183,199,6.07849,392,0.998884
E3-PPOPIP-p005,30.1819,131,245,RLPolicy,0,0,0.0561358,5.54518,2.99573,9,2.16675,276,284,1.98164,17,0.988487
E3-PPOPIP-p005,30.1834,31,343,RLPolicy,1,0,0.00728534,3.46574,2.99573,7,2.41126,202,208,2.04128,392,0.997769
E3-PPOPIP-p005,30.1971,233,243,RLPolicy,0,0,0.0860394,5.7275,2.99573,9,1.91354,432,440,1.70209,17,1
E3-PPOPIP-p005,30.2109,33,112,RLPolicy,1,1,0.0420947,2.54959,2.99573,7,2.48911,67,240,2.02978,392,0.984026
E3-PPOPIP-p005,30.2357,71,81,RLPolicy,1,0,0.0531547,4.85203,2.99573,9,1.9188,143,151,1.68771,392,1.00928
E3-PPOPIP-p005,30.2397,174,161,RLPolicy,1,0,0.0702801,4.15888,2.99573,8,2.87702,278,285,2.45341,392,1.01052
E3-PPOPIP-p005,30.2418,70,166,RLPolicy,1,0,0.0389388,4.15888,2.99573,8,2.42658,281,288,1.97082,392,0.999003
E3-PPOPIP-p005,30.2586,137,342,RLPolicy,1,1,0.0639482,2.77259,2.99573,6,2.15395,181,204,1.8999,392,0.998884
E3-PPOPIP-p005,30.2636,84,274,RLPolicy,1,1,0.048448,0.693147,2.99573,3,2.81217,0,122,2.53906,392,0.987371
E3-PPOPIP-p005,30.2748,185,343,RLPolicy,1,1,0.0731673,2.77259,2.99573,6,2.5143,122,133,2.27375,392,1.00817
E3-PPOPIP-p005,30.2918,142,69,RLPolicy,1,1,0.0628252,2.07944,2.99573,5,2.52078,50,115,2.29456,392,0.994303
E3-PPOPIP-p005,30.2992,120,192,RLPolicy,0,0,0.0577616,5.54518,2.99573,9,1.82607,33,41,1.76696,392,1
E3-PPOPIP-p005,30.302,87,217,RLPolicy,0,0,0.0473864,5.54518,2.99573,9,2.17577,365,373,1.96555,2,0.989721
E3-PPOPIP-p005,30.3023,242,358,RLPolicy,1,0,0.0896933,4.85203,2.99573,9,2.60917,322,330,2.17461,395,1.00928
E3-PPOPIP-p005,30.3053,235,217,RLPolicy,0,0,0.0736344,5.54518,2.99573,9,2.29895,357,365,1.94158,17,1
E3-PPOPIP-p005,30.3133,100,417,RLPolicy,1,1,0.0532441,2.07944,2.99573,5,6.91252,49,103,6.5226,395,0.988951
E3-PPOPIP-p005,30.3137,165,395,RLPolicy,1,1,0.0690224,2.77259,2.99573,6,7.12066,103,191,6.75413,395,0.997769
E3-PPOPIP-p005,30.3206,178,72,RLPolicy,0,0,0.0746006,5.39103,2.99573,9,6.74009,143,151,6.42062,395,1.00158
E3-PPOPIP-p005,30.3245,23,265,RLPolicy,1,1,0.0408379,2.54959,2.99573,7,2.95813,210,274,2.56372,395,0.984437
E3-PPOPIP-p005,30.3289,77,80,RLPolicy,1,0,0.0490088,3.46574,2.99573,7,2.13719,173,179,1.90889,395,0.988606
E3-PPOPIP-p005,30.3412,79,273,RLPolicy,1,1,0.0519664,2.77259,2.99573,6,2.28164,140,178,2.08975,395,0.981674
E3-PPOPIP-p005,30.3419,32,216,RLPolicy,1,1,0.0438266,2.93736,2.99573,8,2.5089,229,306,2.31419,395,0.981795
E3-PPOPIP-p005,30.3441,37,138,RLPolicy,1,1,0.0383655,2.46721,2.99573,6,2.45623,29,42,2.25244,395,1.00288
E3-PPOPIP-p005,30.3551,189,242,RLPolicy,0,0,0.0546342,5.54518,2.99573,9,1.97443,341,349,1.84575,17,1.00582
E3-PPOPIP-p005,30.3644,187,308,RLPolicy,1,1,0.0501044,2.61844,2.99573,6,2.43211,133,153,2.20585,395,1.00046
E3-PPOPIP-p005,30.3696,140,214,RLPolicy,1,1,0.0595874,2.07944,2.99573,5,2.56185,0,173,2.25598,395,0.994303
E3-PPOPIP-p005,30.4023,146,361,RLPolicy,1,0,0.00843812,4.15888,2.99573,8,2.4616,130,137,2.16348,396,1.01398
E3-PPOPIP-p005,30.4122,241,35,RLPolicy,1,1,0.0853143,2.77259,2.99573,6,3.19127,116,138,2.89816,396,0.998884
E3-PPOPIP-p005,30.4188,112,365,RLPolicy,1,1,0.058241,2.07944,2.99573,5,3.83231,64,212,3.49296,396,0.976667
E3-PPOPIP-p005,30.42,121,402,RLPolicy,0,0,0.00967019,5.54518,2.99573,9,2.09517,159,167,1.8125,396,1
E3-PPOPIP-p005,30.4223,171,110,RLPolicy,1,1,0.0689846,2.07944,2.99573,5,2.47663,36,73,2.28086,396,1.00123
E3-PPOPIP-p005,30.4309,108,104,RLPolicy,1,1,0.0571059,2.77259,2.99573,6,3.06581,181,201,2.74406,396,0.993187
E3-PPOPIP-p005,30.4329,214,30,RLPolicy,1,0,0.0809793,4.15888,2.99573,8,2.35558,187,194,2.05909,396,1.0047
E3-PPOPIP-p005,30.4532,28,299,RLPolicy,1,1,0.038391,1.08091,2.99573,4,2.64257,0,168,2.39355,396,0.964399
E3-PPOPIP-p005,30.4579,184,278,RLPolicy,1,1,0.0599854,0.693147,2.99573,3,2.26752,0,68,2.16749,396,0.987371
E3-PPOPIP-p005,30.4663,72,52,RLPolicy,1,0,0.00726468,3.46574,2.99573,7,2.13499,44,50,1.96568,396,0.996653
E3-PPOPIP-p005,30.4732,133,78,RLPolicy,1,0,0.0597077,3.46574,2.99573,7,2.6808,221,227,2.35109,396,0.996653
E3-PPOPIP-p005,30.4806,85,111,RLPolicy,1,0,0.00845981,4.15888,2.99573,8,2.8672,177,184,2.41616,396,1.00705
E3-PPOPIP-p005,30.4809,18,172,RLPolicy,1,1,0.039659,2.85497,2.99573,7,3.13481,238,267,2.79954,396,0.978209
E3-PPOPIP-p005,30.5032,212,58,RLPolicy,1,0,0.0720442,3.46574,2.99573,7,2.9081,259,265,2.3914,396,1.00123
E3-PPOPIP-p005,30.5044,6,204,RLPolicy,1,1,0.0258514,2.07944,2.99573,5,2.52233,27,219,2.18671,396,0.972994
E3-PPOPIP-p005,30.5096,149,130,RLPolicy,1,0,0.0672223,3.15743,2.99573,7,4.75189,254,260,4.41665,396,0.983173
E3-PPOPIP-p005,30.5096,106,355,RLPolicy,1,1,0.0562682,2.77259,2.99573,6,3.9829,128,237,3.49043,396,0.996653
E3-PPOPIP-p005,30.5148,78,91,RLPolicy,1,0,0.00849031,4.15888,2.99573,8,2.317,291,298,2.00052,396,1.00582
E3-PPOPIP-p005,30.5169,127,222,RLPolicy,0,0,0.0597961,5.54518,2.99573,9,1.83972,308,316,1.73158,17,1.00235
E3-PPOPIP-p005,30.5313,124,292,RLPolicy,1,1,0.0506039,2.07944,2.99573,5,2.42621,15,219,2.22856,396,1.00123
E3-PPOPIP-p005,30.5552,237,123,RLPolicy,1,0,0.0784217,3.46574,2.99573,7,6.02138,224,230,5.67275,396,1.00235
E3-PPOPIP-p005,30.5773,176,225,RLPolicy,0,0,0.0664761,5.54518,2.99573,9,3.65171,167,175,2.88777,396,1.00123
E3-PPOPIP-p005,30.5813,245,81,RLPolicy,1,1,0.0782427,2.07944,2.99573,5,2.6722,52,139,2.35955,396,0.995419
E3-PPOPIP-p005,30.6005,119,121,RLPolicy,1,0,0.0508227,3.46574,2.99573,7,2.89306,215,221,2.3739,400,1.00358
E3-PPOPIP-p005,30.602,47,1,RLPolicy,1,1,0.00603132,2.77259,2.99573,6,2.97794,137,151,2.72857,400,0.979324
E3-PPOPIP-p005,30.6026,13,414,RLPolicy,1,0,0.00727542,3.46574,2.99573,7,2.26491,193,199,1.99107,400,0.984807
E3-PPOPIP-p005,30.6093,145,88,RLPolicy,1,0,0.0670001,4.85203,2.99573,9,2.29533,349,357,1.93098,400,1.00817
E3-PPOPIP-p005,30.635,147,183,RLPolicy,1,1,0.0656297,2.77259,2.99573,6,6.32132,185,200,6.00127,400,0.999348
E3-PPOPIP-p005,30.6362,163,153,RLPolicy,1,1,0.0674097,2.07944,2.99573,5,5.91956,68,133,5.62827,400,1.0047
E3-PPOPIP-p005,30.6521,90,95,RLPolicy,1,0,0.0300779,4.15888,2.99573,8,6.61051,281,288,6.12844,400,1.0151
E3-PPOPIP-p005,30.6945,141,332,RLPolicy,1,0,0.0656166,4.15888,2.99573,8,2.48402,283,290,2.11289,400,1.01163
E3-PPOPIP-p005,30.6959,192,11,RLPolicy,0,0,0.0635248,4.85203,2.99573,8,1.99067,19,26,1.93121,400,1
E3-PPOPIP-p005,30.7006,202,348,RLPolicy,1,1,0.0726056,2.77259,2.99573,6,2.56795,59,277,2.11399,402,1.0047
E3-PPOPIP-p005,30.7033,193,288,RLPolicy,1,1,0.0510856,2.77259,2.99573,6,2.73891,37,255,2.44818,402,1.00817
E3-PPOPIP-p005,30.7076,15,19,RLPolicy,1,0,0.024052,3.14728,2.99573,7,4.67259,200,206,4.23672,402,0.99157
E3-PPOPIP-p005,30.71,36,202,RLPolicy,1,0,0.0296635,3.54812,2.99573,8,2.14782,186,193,1.89328,402,1.01064
E3-PPOPIP-p005,30.7134,247,362,RLPolicy,1,0,0.0707948,3.46574,2.99573,7,6.11291,175,181,5.69542,402,1.00235
E3-PPOPIP-p005,30.7314,135,219,RLPolicy,1,1,0.0647697,2.77259,2.99573,6,2.58499,159,252,2.22649,402,0.988606
E3-PPOPIP-p005,30.737,253,421,RLPolicy,1,1,0.0866076,2.77259,2.99573,6,2.68927,185,203,2.42968,402,0.998884
E3-PPOPIP-p005,30.7389,229,243,RLPolicy,0,0,0.00960919,5.7275,2.99573,9,2.67648,467,475,2.36246,18,1
E3-PPOPIP-p005,30.7418,251,348,RLPolicy,1,1,0.0865805,2.77259,2.99573,6,3.40275,190,206,2.92642,402,0.998884
E3-PPOPIP-p005,30.7426,156,65,RLPolicy,1,1,0.0682935,2.77259,2.99573,6,3.60112,232,242,3.19543,402,0.997769
E3-PPOPIP-p005,30.7677,248,193,RLPolicy,1,1,0.086936,2.77259,2.99573,6,2.74015,176,186,2.43044,402,0.998884
E3-PPOPIP-p005,30.7751,138,4,RLPolicy,1,1,0.0634844,2.77259,2.99573,6,2.88308,194,200,2.6486,402,0.997769
E3-PPOPIP-p005,30.7786,51,269,RLPolicy,1,0,0.0446953,4.85203,2.99573,9,3.09988,255,263,2.58929,402,1.01093
E3-PPOPIP-p005,30.7823,88,103,RLPolicy,1,0,0.0480291,4.15888,2.99573,8,2.35684,256,263,2.03702,402,1.0198
E3-PPOPIP-p005,30.7841,153,350,RLPolicy,1,0,0.00727302,3.46574,2.99573,7,3.37705,195,201,2.94147,402,1.00123
E3-PPOPIP-p005,30.7907,99,264,RLPolicy,1,0,0.0562128,3.46574,2.99573,7,3.80214,194,200,3.32889,402,0.993187
E3-PPOPIP-p005,30.7911,232,346,RLPolicy,1,1,0.0816164,2.46429,2.99573,6,2.92455,148,155,2.6718,402,0.997343
E3-PPOPIP-p005,30.8035,168,267,RLPolicy,1,1,0.0698614,2.77259,2.99573,6,3.10526,203,217,2.77536,404,1.00012
E3-PPOPIP-p005,30.8131,14,2,RLPolicy,1,0,0.0102664,4.54665,2.99573,9,3.56847,232,240,2.97219,404,1.01798
E3-PPOPIP-p005,30.8149,16,224,RLPolicy,1,1,0.0309397,2.46721,2.99573,6,2.78442,167,225,2.44353,404,0.980971
E3-PPOPIP-p005,30.8287,9,223,RLPolicy,1,0,0.00731559,3.16035,2.99573,7,2.4194,169,175,2.13553,404,0.983732
E3-PPOPIP-p005,30.8317,132,308,RLPolicy,1,0,0.0597746,3.46574,2.99573,7,2.09163,122,128,1.84876,404,1.00358
E3-PPOPIP-p005,30.8325,160,192,RLPolicy,0,0,0.0667029,5.54518,2.99573,9,2.98494,37,45,2.87674,404,1
E3-PPOPIP-p005,30.8381,130,227,RLPolicy,1,0,0.0393488,4.15888,2.99573,8,2.44471,239,246,1.98584,404,1.01052
E3-PPOPIP-p005,30.8439,26,11,RLPolicy,0,0,0.0344906,5.54518,2.99573,9,1.8975,26,34,1.84038,404,1
E3-PPOPIP-p005,30.8567,197,304,RLPolicy,1,1,0.0596358,0.693147,2.99573,3,2.51651,0,81,2.41622,404,0.994303
E3-PPOPIP-p005,30.8608,173,72,RLPolicy,0,0,0.0758457,5.39103,2.99573,9,3.17315,206,214,2.85767,404,0.998114
E3-PPOPIP-p005,30.8702,252,82,RLPolicy,1,1,0.0867752,2.77259,2.99573,6,2.65076,190,211,2.35099,404,0.998884
E3-PPOPIP-p005,30.8776,62,279,RLPolicy,1,1,0.0337999,2.77259,2.99573,6,3.04048,107,221,2.72238,404,0.993187
E3-PPOPIP-p005,30.8808,144,74,RLPolicy,1,0,0.0656533,4.15888,2.99573,8,2.39075,322,329,2.03958,404,1.0151
E3-PPOPIP-p005,30.8852,217,7,RLPolicy,1,1,0.0725186,2.07944,2.99573,5,2.4637,56,161,2.1436,404,0.999693
E3-PPOPIP-p005,30.8936,126,391,RLPolicy,1,0,0.00848882,4.15888,2.99573,8,2.93747,290,297,2.50477,404,1.0094
E3-PPOPIP-p005,30.8989,209,114,RLPolicy,0,0,0.0527792,2.07944,2.99573,4,2.03323,3,6,1.94601,404,1
E3-PPOPIP-p005,30.9038,155,321,RLPolicy,1,0,0.0648368,3.46574,2.99573,7,2.69071,143,149,2.42062,405,1.00817
E3-PPOPIP-p005,30.9097,80,15,RLPolicy,0,0,0.0505386,5.54518,2.99573,9,2.38382,299,307,1.96363,405,0.994303
E3-PPOPIP-p005,30.9114,143,11,RLPolicy,0,0,0.0586883,5.54518,2.99573,9,1.99704,25,33,1.93444,405,1.00673
E3-PPOPIP-p005,30.9478,161,104,RLPolicy,1,1,0.0555193,1.38629,2.99573,4,3.05892,0,116,2.75917,405,0.986256
E3-PPOPIP-p005,30.9648,205,341,RLPolicy,1,0,0.0709182,3.46574,2.99573,7,2.87574,162,168,2.64184,405,1.01163
E3-PPOPIP-p005,30.9654,40,254,RLPolicy,1,1,0.0385626,0.387766,2.99573,3,2.97501,0,115,2.6989,405,0.985964
E3-PPOPIP-p005,30.9679,56,333,RLPolicy,1,1,0.0470195,2.77259,2.99573,6,3.22881,161,196,2.9094,405,0.996653
E3-PPOPIP-p005,30.9684,96,271,RLPolicy,1,1,0.0539392,2.77259,2.99573,6,3.00927,193,207,2.63246,405,0.994303
E3-PPOPIP-p005,30.9825,151,207,RLPolicy,1,1,0.0586101,2.61844,2.99573,6,2.65801,121,244,2.3024,405,0.991683
E3-PPOPIP-p005,30.985,206,271,RLPolicy,1,1,0.0688287,2.77259,2.99573,6,2.27083,141,152,2.08229,405,0.994303
E3-PPOPIP-p005,31.0274,110,63,RLPolicy,1,0,0.0338378,3.46574,2.99573,7,2.65873,141,147,2.36639,405,1.00828
E3-PPOPIP-p005,31.0461,201,71,RLPolicy,1,0,0.00967312,4.38958,2.99573,9,2.42222,155,163,2.13253,405,1.00932
E3-PPOPIP-p005,31.0541,123,323,RLPolicy,1,0,0.059193,4.15888,2.99573,8,3.36145,284,291,2.8682,405,1.00817
E3-PPOPIP-p005,31.0587,20,139,RLPolicy,1,1,0.0406247,2.85497,2.99573,7,3.58058,73,255,2.9707,405,0.98526
E3-PPOPIP-p005,31.06,3,331,RLPolicy,1,0,0.0303212,4.15888,2.99573,8,3.21071,246,253,2.7993,405,1.01151
E3-PPOPIP-p005,31.0602,19,269,RLPolicy,1,0,0.041157,3.24274,2.99573,8,2.74471,348,355,2.35187,405,1.00106
E3-PPOPIP-p005,31.0827,210,339,RLPolicy,1,0,0.0746657,3.46574,2.99573,7,2.31857,89,95,2.08404,405,1.00817
E3-PPOPIP-p005,31.083,128,274,RLPolicy,0,0,0.059495,5.54518,2.99573,9,2.12279,329,337,1.97756,18,0.991953
E3-PPOPIP-p005,31.0867,177,173,RLPolicy,1,1,0.064895,2.07944,2.99573,5,3.15167,74,171,2.83437,405,0.993532
E3-PPOPIP-p005,31.0895,45,192,RLPolicy,0,0,0.0440684,5.54518,2.99573,9,2.3818,36,44,2.2809,405,1
E3-PPOPIP-p005,31.0993,46,222,RLPolicy,1,0,0.0429213,3.93589,2.99573,9,3.15462,382,390,2.64271,405,1.00053
E3-PPOPIP-p005,31.0997,228,280,RLPolicy,0,0,0.0667167,0.693147,2.99573,2,1.95133,0,1,1.92063,405,1
E3-PPOPIP-p005,31.1136,43,151,RLPolicy,1,1,0.0410423,2.54959,2.99573,7,3.7364,76,366,2.88063,409,0.969458
E3-PPOPIP-p005,31.1171,196,384,RLPolicy,1,1,0.0582193,1.38629,2.99573,4,2.21627,0,71,2.01589,409,0.994303
E3-PPOPIP-p005,31.1238,102,186,RLPolicy,1,1,0.0487794,1.77114,2.99573,5,2.93606,61,178,2.56732,409,0.970156
E3-PPOPIP-p005,31.1243,254,239,RLPolicy,1,1,0.0711555,2.77259,2.99573,6,3.44166,135,249,3.00212,409,0.998884
E3-PPOPIP-p005,31.1394,12,218,RLPolicy,1,1,0.0372103,2.77259,2.99573,6,2.68958,66,303,2.31187,409,0.962526
E3-PPOPIP-p005,31.1404,158,252,RLPolicy,0,0,0.0684156,5.7275,2.99573,9,1.97764,435,443,1.78356,18,1.00235
E3-PPOPIP-p005,31.1454,63,140,RLPolicy,1,0,0.0478546,3.8535,2.99573,8,4.85739,294,301,4.41249,409,1.01093
E3-PPOPIP-p005,31.1482,234,210,RLPolicy,0,0,0.0783457,5.54518,2.99573,9,3.54325,194,202,2.7861,409,1
E3-PPOPIP-p005,31.1497,164,109,RLPolicy,1,0,0.00728434,3.46574,2.99573,7,2.92036,300,306,2.50875,409,1.00012
E3-PPOPIP-p005,31.1508,81,305,RLPolicy,1,0,0.0434341,4.85203,2.99573,9,2.60879,216,224,2.36845,409,1.00705
E3-PPOPIP-p005,31.1582,250,291,RLPolicy,1,0,0.0909678,4.85203,2.99573,9,2.95751,355,363,2.18379,409,1.00928
E3-PPOPIP-p005,31.1626,25,375,RLPolicy,1,1,0.0406929,2.54959,2.99573,7,2.61694,102,280,2.22145,409,0.988845
E3-PPOPIP-p005,31.1672,225,65,RLPolicy,1,0,0.0684146,4.15888,2.99573,8,2.95997,264,271,2.58678,409,1.00817
E3-PPOPIP-p005,31.1722,105,146,RLPolicy,1,0,0.0457185,4.15888,2.99573,8,3.20928,266,273,2.69853,409,1.00593
E3-PPOPIP-p005,31.1961,109,174,RLPolicy,1,1,0.0504357,2.77259,2.99573,6,2.92361,56,234,2.48988,409,0.994303
E3-PPOPIP-p005,31.1986,167,217,RLPolicy,0,0,0.0704838,5.54518,2.99573,9,4.28882,362,370,3.97966,18,0.998884
E3-PPOPIP-p005,31.2013,238,369,RLPolicy,0,0,0.0763657,5.54518,2.99573,9,1.91887,37,45,1.82093,411,1
E3-PPOPIP-p005,31.2053,76,293,RLPolicy,1,1,0.0570828,2.77259,2.99573,6,2.66905,134,261,2.30795,411,0.994303
E3-PPOPIP-p005,31.2107,115,340,RLPolicy,1,1,0.0591551,2.77259,2.99573,6,3.20524,147,209,2.8513,411,0.994303
E3-PPOPIP-p005,31.2259,54,238,RLPolicy,0,0,0.0403491,5.54518,2.99573,9,2.59074,33,41,2.49406,411,1
E3-PPOPIP-p005,31.2315,38,100,RLPolicy,1,1,0.0420219,2.16183,2.99573,6,2.63529,77,245,2.27724,411,0.985964
E3-PPOPIP-p005,31.237,66,275,RLPolicy,1,1,0.0483167,2.46429,2.99573,6,3.23482,62,274,2.6433,411,1.00455
E3-PPOPIP-p005,31.242,50,8,RLPolicy,1,1,0.0451553,2.77259,2.99573,6,4.04486,120,222,3.40722,411,1.00247
E3-PPOPIP-p005,31.2423,52,264,RLPolicy,1,1,0.0320041,2.07944,2.99573,5,3.14434,74,180,2.86191,411,0.981674
E3-PPOPIP-p005,31.2603,180,374,RLPolicy,1,1,0.0690888,2.77259,2.99573,6,3.23508,93,104,2.89064,411,0.997769
E3-PPOPIP-p005,31.2636,39,34,RLPolicy,1,1,0.0378541,2.07944,2.99573,5,3.40228,77,198,3.17736,411,0.986375
E3-PPOPIP-p005,31.2725,95,296,RLPolicy,1,1,0.0538965,2.07944,2.99573,5,2.84261,33,237,2.34496,411,0.992071
E3-PPOPIP-p005,31.28,226,206,RLPolicy,1,0,0.080218,3.46574,2.99573,7,2.44844,130,136,2.16745,411,1.00235
E3-PPOPIP-p005,31.2872,59,53,RLPolicy,1,1,0.0450864,2.07944,2.99573,5,3.3281,52,207,2.79113,411,0.996653
E3-PPOPIP-p005,31.2882,162,371,RLPolicy,0,0,0.0698308,5.54518,2.99573,9,3.52821,329,337,3.07613,411,1.00582
E3-PPOPIP-p005,31.3079,114,438,RLPolicy,0,0,0.0047776,2.77259,2.99573,5,2.81425,6,10,2.70067,412,1
E3-PPOPIP-p005,31.3116,49,84,RLPolicy,1,0,0.0480615,4.85203,2.99573,9,3.03628,187,195,2.64223,412,1.00928
E3-PPOPIP-p005,31.317,68,216,RLPolicy,0,0,0.0454025,5.7275,2.99573,9,2.19993,195,203,2.03221,18,0.996227
E3-PPOPIP-p005,31.3184,86,216,RLPolicy,0,0,0.0370293,5.54518,2.99573,9,2.30039,230,238,1.91264,412,1.0094
E3-PPOPIP-p005,31.3214,172,365,RLPolicy,1,1,0.0677921,1.38629,2.99573,4,3.4254,0,171,3.06308,412,0.987371
E3-PPOPIP-p005,31.3274,269,137,RLPolicy,0,0,0.0876244,5.54518,2.99573,9,3.2127,341,349,2.65898,412,1
E3-PPOPIP-p005,31.3299,195,364,RLPolicy,1,0,0.00728372,3.46574,2.99573,7,3.36442,166,172,2.95273,412,0.996653
E3-PPOPIP-p005,31.3471,1,201,RLPolicy,1,1,0.00561574,2.46721,2.99573,6,2.74253,128,156,2.41625,412,0.996362
E3-PPOPIP-p005,31.3536,266,433,RLPolicy,1,1,0.0687642,2.77259,2.99573,6,2.78702,36,191,2.31311,412,0.998884
E3-PPOPIP-p005,31.3654,7,179,RLPolicy,1,1,0.0442815,2.14583,2.99573,6,2.54406,34,207,2.16383,412,0.98632
E3-PPOPIP-p005,31.379,262,256,RLPolicy,1,0,0.0772183,4.85203,2.99573,9,3.17382,162,170,2.7239,412,1.00928
E3-PPOPIP-p005,31.387,204,223,RLPolicy,1,1,0.0721602,2.77259,2.99573,6,2.6685,164,225,2.45995,412,0.994303
E3-PPOPIP-p005,31.3911,8,48,RLPolicy,1,1,0.0060615,2.77259,2.99573,6,2.41981,213,226,2.16566,412,0.997769
E3-PPOPIP-p005,31.3993,186,181,RLPolicy,1,1,0.0576645,2.77259,2.99573,6,3.6282,157,173,3.1249,412,0.996653
E3-PPOPIP-p005,31.4143,97,132,RLPolicy,1,1,0.00603658,2.77259,2.99573,6,2.28458,88,103,2.15395,415,0.98514
E3-PPOPIP-p005,31.416,17,198,RLPolicy,1,0,0.0226619,3.8535,2.99573,8,2.7691,272,279,2.36584,415,1.00429
E3-PPOPIP-p005,31.4189,103,278,RLPolicy,1,0,0.0425885,3.46574,2.99573,7,3.17297,239,245,2.89211,415,0.997769
E3-PPOPIP-p005,31.4203,207,310,RLPolicy,1,0,0.00734902,3.46574,2.99573,7,2.54514,215,221,2.26056,415,1.01163
E3-PPOPIP-p005,31.4255,67,21,RLPolicy,1,1,0.0435799,0.693147,2.99573,3,2.96854,0,105,2.70884,415,0.997887
E3-PPOPIP-p005,31.4445,154,245,RLPolicy,0,0,0.071177,5.7275,2.99573,9,2.04263,140,148,1.92802,18,0.998884
E3-PPOPIP-p005,31.4481,166,405,RLPolicy,1,0,0.00850103,4.15888,2.99573,8,3.36528,264,271,2.88341,415,1.01163
E3-PPOPIP-p005,31.4573,74,110,RLPolicy,1,1,0.00607307,2.77259,2.99573,6,2.49236,123,134,2.30499,415,0.996653
E3-PPOPIP-p005,31.4602,65,21,RLPolicy,1,1,0.0586662,2.77259,2.99573,6,2.88332,133,145,2.66085,415,1.00012
E3-PPOPIP-p005,31.4684,61,200,RLPolicy,1,0,0.00729179,3.46574,2.99573,7,3.53018,218,224,3.28226,415,1.00052
E3-PPOPIP-p005,31.4797,243,291,RLPolicy,1,0,0.0812888,4.15888,2.99573,8,2.85215,338,345,2.38997,415,1.00582
E3-PPOPIP-p005,31.4817,48,290,RLPolicy,1,1,0.0445041,2.77259,2.99573,6,3.39775,224,231,3.01102,415,0.980558
E3-PPOPIP-p005,31.4918,101,175,RLPolicy,1,1,0.0545884,2.07944,2.99573,5,3.07395,45,131,2.72544,415,0.994303
E3-PPOPIP-p005,31.5034,55,390,RLPolicy,1,1,0.0476761,2.85205,2.99573,7,4.24367,137,250,3.6293,419,0.994805
E3-PPOPIP-p005,31.5042,182,314,RLPolicy,1,0,0.065678,3.46574,2.99573,7,2.87229,276,282,2.59435,419,1.00123
E3-PPOPIP-p005,31.5064,271,29,RLPolicy,1,0,0.00969122,4.85203,2.99573,9,3.93734,324,332,3.42229,419,1.00928
E3-PPOPIP-p005,31.5071,274,68,RLPolicy,1,0,0.00870641,4.15888,2.99573,8,3.34688,281,288,2.82693,419,1.00582
E3-PPOPIP-p005,31.5136,125,324,RLPolicy,1,0,0.0586405,4.15888,2.99573,8,3.07123,288,295,2.74073,419,0.995537
E3-PPOPIP-p005,31.5143,93,395,RLPolicy,1,1,0.0555674,2.77259,2.99573,6,2.33216,209,241,2.06758,419,0.998884
E3-PPOPIP-p005,31.5147,53,137,RLPolicy,1,0,0.00969938,4.85203,2.99573,9,2.92033,303,311,2.48209,419,0.996653
E3-PPOPIP-p005,31.5226,44,308,RLPolicy,1,0,0.0203289,3.54812,2.99573,8,2.80279,220,227,2.51384,419,0.992484
E3-PPOPIP-p005,31.5304,0,12,RLPolicy,1,0,0.0290851,3.16035,2.99573,7,3.67858,294,300,3.23348,419,0.999707
E3-PPOPIP-p005,31.5403,208,216,RLPolicy,0,0,0.0669207,5.54518,2.99573,9,2.71993,227,235,2.31617,419,0.995419
E3-PPOPIP-p005,31.5422,118,288,RLPolicy,1,1,0.0605114,2.77259,2.99573,6,4.44945,178,218,4.10436,419,0.98514
E3-PPOPIP-p005,31.547,91,2,RLPolicy,1,1,0.0531794,2.07944,2.99573,5,3.37544,73,175,3.08663,419,0.999003
E3-PPOPIP-p005,31.5525,148,438,RLPolicy,0,0,0.00478497,2.77259,2.99573,5,1.98575,6,10,1.94704,419,1
E3-PPOPIP-p005,31.5799,175,79,RLPolicy,1,1,0.0626725,2.77259,2.99573,6,3.13304,70,79,2.88965,419,0.998922
E3-PPOPIP-p005,31.5806,257,21,RLPolicy,1,1,0.085354,0.693147,2.99573,3,2.84845,0,102,2.59556,419,0.988487
E3-PPOPIP-p005,31.5885,183,313,RLPolicy,1,1,0.0723706,2.77259,2.99573,6,3.23433,107,225,2.73311,419,0.996653
E3-PPOPIP-p005,31.6356,117,383,RLPolicy,1,0,0.052798,3.46574,2.99573,7,7.09762,138,144,6.91472,419,1.00358
E3-PPOPIP-p005,31.6357,200,100,RLPolicy,1,1,0.0651333,2.07944,2.99573,5,3.48169,64,136,3.14446,419,1.0047
E3-PPOPIP-p005,31.6516,89,98,RLPolicy,1,1,0.0493457,2.07944,2.99573,5,2.59087,110,195,2.31063,419,0.984024
E3-PPOPIP-p005,31.6517,215,172,RLPolicy,1,1,0.0735405,2.77259,2.99573,6,2.67548,158,183,2.48607,419,0.998884
E3-PPOPIP-p005,31.6535,181,339,RLPolicy,1,1,0.0578021,2.77259,2.99573,6,3.66237,91,105,3.28358,419,0.998884
E3-PPOPIP-p005,31.6635,170,18,RLPolicy,1,0,0.00849953,4.15888,2.99573,8,3.02546,322,329,2.48604,419,0.997769
E3-PPOPIP-p005,31.6645,190,61,RLPolicy,1,1,0.0530628,2.07944,2.99573,5,4.00351,60,151,3.70313,419,1.0045
E3-PPOPIP-p005,31.6715,227,71,RLPolicy,1,1,0.0686302,2.77259,2.99573,6,2.41693,86,94,2.25695,419,1.00123
E3-PPOPIP-p005,31.6757,83,79,RLPolicy,1,1,0.0495525,1.38629,2.99573,4,2.65299,0,102,2.42544,419,0.992071
E3-PPOPIP-p005,31.6794,203,243,RLPolicy,0,0,0.072621,5.7275,2.99573,9,2.44805,468,476,2.26006,19,1.00235
E3-PPOPIP-p005,31.6803,60,367,RLPolicy,1,0,0.0419721,4.15888,2.99573,8,3.05033,268,275,2.68126,419,1.02021
E3-PPOPIP-p005,31.6869,35,383,RLPolicy,1,0,0.0263547,3.46574,2.99573,7,2.65254,47,53,2.4808,419,0.984729
E3-PPOPIP-p005,31.6932,249,61,RLPolicy,1,0,0.0866704,4.15888,2.99573,8,2.60652,189,196,2.20896,419,1.00582
E3-PPOPIP-p005,31.6973,134,171,RLPolicy,1,0,0.0600948,4.15888,2.99573,8,2.15659,75,82,1.94025,419,1.00582
E3-PPOPIP-p005,31.7002,139,222,RLPolicy,1,1,0.0541689,2.77259,2.99573,6,3.07302,162,220,2.75698,419,0.997769
E3-PPOPIP-p005,31.7018,11,230,RLPolicy,0,0,0.031629,5.54518,2.99573,9,2.2143,31,39,2.13089,419,1
E3-PPOPIP-p005,31.7059,244,377,RLPolicy,1,1,0.0756828,2.07944,2.99573,5,6.61495,84,185,6.20625,419,0.995419
E3-PPOPIP-p005,31.7059,213,296,RLPolicy,1,1,0.0775869,2.07944,2.99573,5,2.76506,85,169,2.48306,419,0.995419
E3-PPOPIP-p005,31.723,150,173,RLPolicy,1,0,0.0626558,4.15888,2.99573,8,2.81293,324,331,2.3301,419,1.0151
E3-PPOPIP-p005,31.7244,169,152,RLPolicy,1,1,0.0613197,2.77259,2.99573,6,3.36041,124,158,3.08527,419,0.992416
E3-PPOPIP-p005,31.7316,218,303,RLPolicy,0,0,0.0832605,5.39103,2.99573,9,2.54804,214,222,2.29386,419,0.991953
E3-PPOPIP-p005,31.733,116,213,RLPolicy,1,1,0.0568684,2.07944,2.99573,5,3.69821,69,148,3.32829,419,0.98514
E3-PPOPIP-p005,31.7398,27,5,RLPolicy,1,1,0.0405798,2.77259,2.99573,6,4.25762,206,247,3.93162,419,0.992191
E3-PPOPIP-p005,31.7462,219,210,RLPolicy,1,1,0.0721551,2.07944,2.99573,5,2.54254,58,115,2.33828,419,0.994303
E3-PPOPIP-p005,31.7615,220,240,RLPolicy,1,1,0.0788024,2.07944,2.99573,5,2.50532,9,71,2.31913,419,0.997769
E3-PPOPIP-p005,31.767,224,161,RLPolicy,1,1,0.0738572,1.38629,2.99573,4,3.40503,0,61,3.10366,419,0.990837
E3-PPOPIP-p005,31.7683,73,193,RLPolicy,1,1,0.0507891,2.77259,2.99573,6,2.92426,161,215,2.71964,419,0.988606
E3-PPOPIP-p005,31.7693,82,433,RLPolicy,1,1,0.0520192,2.77259,2.99573,6,2.89379,28,232,2.47681,419,0.992071
E3-PPOPIP-p005,31.774,152,397,RLPolicy,1,1,0.0576901,1.38629,2.99573,4,2.537,0,52,2.40222,419,0.996653
E3-PPOPIP-p005,31.7905,223,360,RLPolicy,1,0,0.0753012,3.46574,2.99573,7,2.52906,172,178,2.31603,419,1.0047
E3-PPOPIP-p005,31.8064,211,210,RLPolicy,0,0,0.059198,5.54518,2.99573,9,2.79486,184,192,2.43848,420,0.995419
E3-PPOPIP-p005,31.8227,94,85,RLPolicy,1,0,0.0461107,4.85203,2.99573,9,3.42889,283,291,2.83323,420,1.0017
E3-PPOPIP-p005,31.8236,5,309,RLPolicy,1,1,0.0159496,2.77259,2.99573,6,3.64389,233,249,3.19805,420,0.994303
E3-PPOPIP-p005,31.8249,113,73,RLPolicy,1,1,0.0540742,2.07944,2.99573,5,3.28008,16,215,2.86043,420,0.972856
E3-PPOPIP-p005,31.8317,198,337,RLPolicy,1,1,0.0539984,1.92529,2.99573,5,3.15466,43,139,2.85153,420,0.98818
E3-PPOPIP-p005,31.8346,92,70,RLPolicy,1,1,0.0478705,2.07944,2.99573,5,2.49268,20,86,2.28383,420,1.01757
E3-PPOPIP-p005,31.8409,279,60,RLPolicy,0,0,0.084267,5.54518,2.99573,9,3.14098,343,351,2.65854,420,1
E3-PPOPIP-p005,31.8457,129,441,RLPolicy,1,1,0.0621558,2.77259,2.99573,6,8.21014,116,123,7.87171,420,1.00358
E3-PPOPIP-p005,31.8562,22,404,RLPolicy,1,1,0.00606265,2.77259,2.99573,6,6.50407,148,157,6.19949,420,0.979855
E3-PPOPIP-p005,31.8632,34,403,RLPolicy,1,1,0.0415956,2.07944,2.99573,5,2.91486,21,211,2.64014,420,0.97639
E3-PPOPIP-p005,31.8742,230,369,RLPolicy,0,0,0.0623292,5.54518,2.99573,9,2.01322,40,48,1.95025,420,1
E3-PPOPIP-p005,31.8759,157,14,RLPolicy,1,0,0.0703649,4.15888,2.99573,8,2.77533,199,206,2.30346,420,1.00123
E3-PPOPIP-p005,31.8791,58,267,RLPolicy,1,1,0.00608058,2.77259,2.99573,6,7.76059,244,261,7.31503,420,0.980147
E3-PPOPIP-p005,31.9059,136,376,RLPolicy,1,1,0.0611738,2.77259,2.99573,6,6.18927,172,195,5.83435,422,0.993187
E3-PPOPIP-p005,31.9171,236,309,RLPolicy,1,1,0.0643958,2.77259,2.99573,6,3.05712,108,300,2.73263,422,0.994303
E3-PPOPIP-p005,31.9265,104,364,RLPolicy,1,0,0.00747935,3.46574,2.99573,7,2.72577,168,174,2.46574,422,1.00705
E3-PPOPIP-p005,31.9609,159,216,RLPolicy,0,0,0.0573781,5.54518,2.99573,9,2.71921,228,236,2.37885,422,0.991953
E3-PPOPIP-p005,31.9629,246,214,RLPolicy,1,1,0.0752088,2.77259,2.99573,6,3.10205,53,262,2.5647,422,0.998884
E3-PPOPIP-p005,31.9719,41,288,RLPolicy,1,1,0.0455478,2.54959,2.99573,7,2.96478,38,279,2.50324,422,0.985672
E3-PPOPIP-p005,31.9815,69,112,RLPolicy,1,1,0.0498945,2.77259,2.99573,6,4.55403,150,246,4.16571,422,0.984024
E3-PPOPIP-p005,31.9821,42,392,RLPolicy,1,1,0.0425732,2.46721,2.99573,6,2.55312,150,183,2.2723,422,1.00441
E3-PPOPIP-p005,31.9881,239,150,RLPolicy,1,0,0.00856375,4.15888,2.99573,8,2.78708,277,284,2.36678,422,1.0047
E3-PPOPIP-p005,31.9924,199,102,RLPolicy,1,0,0.0726657,4.15888,2.99573,8,3.47798,350,357,2.92994,422,1.01163
E3-PPOPIP-p005,32.0027,111,17,RLPolicy,1,1,0.0591711,2.77259,2.99573,6,3.66751,238,249,3.11609,425,0.981674
E3-PPOPIP-p005,32.0112,194,284,RLPolicy,1,1,0.05107,2.07944,2.99573,5,3.68392,31,213,3.2623,425,0.983906
E3-PPOPIP-p005,32.0119,30,244,RLPolicy,1,0,0.0405998,3.54812,2.99573,8,4.06986,195,202,3.64533,425,1.00106
E3-PPOPIP-p005,32.0147,240,317,RLPolicy,1,0,0.00987474,4.85203,2.99573,9,3.79894,207,215,3.29278,425,1.00928
E3-PPOPIP-p005,32.0153,21,403,RLPolicy,1,1,0.0345893,2.46721,2.99573,6,4.39136,65,249,3.88773,425,0.999827
E3-PPOPIP-p005,32.0171,24,444,RLPolicy,1,1,0.0347112,1.08091,2.99573,4,2.59082,0,92,2.3132,425,0.987491
E3-PPOPIP-p005,32.0191,10,379,RLPolicy,1,0,0.00686042,3.16035,2.99573,7,2.62349,257,263,2.30811,425,0.985672
E3-PPOPIP-p005,32.0209,222,47,RLPolicy,1,0,0.00722174,3.46574,2.99573,7,2.48649,248,254,2.25846,425,1.0047
E3-PPOPIP-p005,32.0235,98,25,RLPolicy,1,1,0.0513185,2.07944,2.99573,5,2.73185,37,111,2.55981,425,0.999003
E3-PPOPIP-p005,32.0273,2,447,RLPolicy,1,1,0.0121507,2.77259,2.99573,6,3.8279,178,185,3.47586,425,0.997769
E3-PPOPIP-p005,32.0348,4,200,RLPolicy,0,0,0.0278246,4.93441,2.99573,9,3.75434,125,133,3.2859,425,0.999707
E3-PPOPIP-p005,32.0396,29,343,RLPolicy,1,0,0.016256,4.15888,2.99573,8,3.46162,263,270,3.07245,425,1.00582
E3-PPOPIP-p005,32.0439,179,439,RLPolicy,1,1,0.0718386,2.77259,2.99573,6,3.98782,179,196,3.49088,425,0.986256
E3-PPOPIP-p005,32.0519,64,355,RLPolicy,1,1,0.0490373,2.77259,2.99573,6,3.76447,78,310,3.13319,425,0.981674
E3-PPOPIP-p005,32.0839,191,1,RLPolicy,1,1,0.0742219,2.77259,2.99573,6,3.43459,134,158,3.20586,425,0.997769
E3-PPOPIP-p005,32.086,270,194,RLPolicy,1,1,0.088486,2.77259,2.99573,6,2.8364,189,209,2.56441,425,0.998884
E3-PPOPIP-p005,32.0892,188,358,RLPolicy,1,1,0.0724696,2.77259,2.99573,6,3.544,73,154,3.09157,425,1.00817
E3-PPOPIP-p005,32.1025,75,121,RLPolicy,1,1,0.0493487,2.07944,2.99573,5,3.9663,57,122,3.67838,426,1.0047
E3-PPOPIP-p005,32.1025,264,320,RLPolicy,1,0,0.0837023,3.46574,2.99573,7,2.55217,112,118,2.29673,426,1.00235
E3-PPOPIP-p005,32.1107,216,156,RLPolicy,1,1,0.0656658,2.77259,2.99573,6,7.2498,157,249,6.79766,426,0.997769
E3-PPOPIP-p005,32.1153,107,406,RLPolicy,1,1,0.0493324,0.693147,2.99573,3,2.64029,0,117,2.4197,426,0.988606
E3-PPOPIP-p005,32.1207,57,59,RLPolicy,0,0,0.0421958,5.54518,2.99573,9,6.3289,199,207,5.83434,426,1.00899
E3-PPOPIP-p005,32.124,221,450,RLPolicy,1,1,0.0704959,2.07944,2.99573,5,3.32416,56,135,3.14059,426,0.997769
E3-PPOPIP-p005,32.1459,122,103,RLPolicy,1,1,0.0379951,2.07944,2.99573,5,7.23178,70,171,6.80826,426,0.990956
E3-PPOPIP-p005,32.1563,231,265,RLPolicy,1,1,0.0779071,2.07944,2.99573,5,2.79976,72,175,2.47025,426,0.994303
E3-PPOPIP-p005,32.1819,131,99,RLPolicy,1,0,0.0448601,3.46574,2.99573,7,3.19856,229,235,2.84212,426,0.990837
E3-PPOPIP-p005,32.1834,31,302,RLPolicy,1,1,0.0389637,2.46721,2.99573,6,3.13165,191,212,2.86343,426,0.995126
E3-PPOPIP-p005,32.1971,233,84,RLPolicy,1,0,0.0741364,3.46574,2.99573,7,2.45225,278,284,2.24326,426,1.00235
E3-PPOPIP-p005,32.2109,33,13,RLPolicy,1,1,0.0408957,2.46721,2.99573,6,4.639,143,178,4.35344,427,0.981383
E3-PPOPIP-p005,32.2356,286,252,RLPolicy,0,0,0.0881796,5.7275,2.99573,9,2.33649,428,436,2.14078,20,1
E3-PPOPIP-p005,32.2357,71,196,RLPolicy,1,0,0.0537683,4.85203,2.99573,9,2.78322,165,173,2.47636,427,1.01856
E3-PPOPIP-p005,32.2397,174,417,RLPolicy,1,0,0.0741364,4.00473,2.99573,8,2.56779,313,320,2.21718,427,1.01556
E3-PPOPIP-p005,32.241,259,282,RLPolicy,1,1,0.0710882,2.07944,2.99573,5,3.19773,71,170,2.79838,427,0.995419
E3-PPOPIP-p005,32.2418,70,439,RLPolicy,1,0,0.0453079,3.46574,2.99573,7,3.20681,221,227,2.78644,427,1.00135
E3-PPOPIP-p005,32.2496,285,343,RLPolicy,1,1,0.0954112,2.77259,2.99573,6,2.87175,216,250,2.59557,427,0.998884
E3-PPOPIP-p005,32.2586,137,253,RLPolicy,1,1,0.00607561,2.77259,2.99573,6,3.06787,186,198,2.7803,427,0.997769
E3-PPOPIP-p005,32.2636,84,188,RLPolicy,1,0,0.00922185,4.15888,2.99573,8,2.66439,280,287,2.42179,427,0.993187
E3-PPOPIP-p005,32.2748,185,196,RLPolicy,1,0,0.0528325,4.15888,2.99573,8,3.32139,227,234,2.892,427,1.01398
E3-PPOPIP-p005,32.2918,142,13,RLPolicy,1,1,0.0639554,2.77259,2.99573,6,3.20453,153,179,2.88975,427,0.993187
E3-PPOPIP-p005,32.2992,120,192,RLPolicy,0,0,0.053022,5.54518,2.99573,9,2.52681,46,54,2.42319,427,1
E3-PPOPIP-p005,32.302,87,386,RLPolicy,1,1,0.0522736,2.77259,2.99573,6,2.79435,122,231,2.48677,427,0.988606
E3-PPOPIP-p005,32.3023,242,305,RLPolicy,1,0,0.0872906,3.46574,2.99573,7,2.75737,251,257,2.49249,427,1.01163
E3-PPOPIP-p005,32.3024,255,328,RLPolicy,1,0,0.072515,3.46574,2.99573,7,4.49589,225,231,4.10225,427,1.00235
E3-PPOPIP-p005,32.3053,235,1,RLPolicy,1,1,0.0814193,2.77259,2.99573,6,3.01116,183,197,2.7623,427,0.998884
E3-PPOPIP-p005,32.3133,100,279,RLPolicy,1,1,0.0534697,2.07944,2.99573,5,3.46074,58,152,3.045,427,0.984369
E3-PPOPIP-p005,32.3137,165,117,RLPolicy,1,1,0.0690445,2.77259,2.99573,6,2.70025,160,170,2.50147,427,0.996653
E3-PPOPIP-p005,32.3206,178,312,RLPolicy,1,0,0.0746069,4.69788,2.99573,9,2.60943,260,268,2.24979,427,1.01009
E3-PPOPIP-p005,32.3214,261,1,RLPolicy,0,0,0.00914625,5.54518,2.99573,9,3.51138,306,314,3.35626,20,1
E3-PPOPIP-p005,32.3245,23,159,RLPolicy,1,0,0.0418826,3.54812,2.99573,8,3.46829,277,346,2.97279,427,0.987199
E3-PPOPIP-p005,32.3289,77,94,RLPolicy,1,1,0.0454732,2.07944,2.99573,5,3.3566,62,186,3.02638,427,0.984024
E3-PPOPIP-p005,32.3391,272,53,RLPolicy,1,1,0.0653803,1.38629,2.99573,4,3.14648,0,191,2.75964,427,0.991953
E3-PPOPIP-p005,32.3412,79,292,RLPolicy,1,1,0.0488083,2.07944,2.99573,5,3.17437,12,221,2.74458,427,0.977093
E3-PPOPIP-p005,32.3419,32,216,RLPolicy,1,0,0.0452862,3.6305,2.99573,9,3.31973,283,432,2.77399,427,0.984969
E3-PPOPIP-p005,32.3441,37,246,RLPolicy,1,0,0.0246767,3.46574,2.99573,7,2.80568,61,67,2.55051,427,1.00523
E3-PPOPIP-p005,32.3551,189,181,RLPolicy,1,0,0.0652391,4.15888,2.99573,8,4.42218,313,320,3.97299,427,1.01163
E3-PPOPIP-p005,32.3644,187,350,RLPolicy,1,0,0.0553047,3.46574,2.99573,7,3.77551,231,237,3.36287,427,1.00281
E3-PPOPIP-p005,32.3696,140,233,RLPolicy,0,0,0.00960609,5.7275,2.99573,9,2.6257,450,458,2.39002,20,0.994303
E3-PPOPIP-p005,32.4018,288,46,RLPolicy,1,1,0.0706303,1.38629,2.99573,4,3.58581,0,183,3.1252,448,0.991953
E3-PPOPIP-p005,32.4023,146,236,RLPolicy,1,0,0.00964874,4.85203,2.99573,9,2.9357,266,274,2.53432,448,1.02326
E3-PPOPIP-p005,32.4122,241,10,RLPolicy,1,0,0.0839285,3.46574,2.99573,7,2.78444,154,160,2.5186,448,1.00123
E3-PPOPIP-p005,32.4188,112,113,RLPolicy,1,1,0.0549776,2.07944,2.99573,5,2.8175,47,257,2.50439,448,0.972085
E3-PPOPIP-p005,32.42,121,184,RLPolicy,1,0,0.00723696,3.46574,2.99573,7,2.77371,148,154,2.29507,448,1.00235
E3-PPOPIP-p005,32.4223,171,290,RLPolicy,1,0,0.00865216,4.15888,2.99573,8,3.03778,313,320,2.61374,448,1.00705
E3-PPOPIP-p005,32.4309,108,188,RLPolicy,1,1,0.0543519,2.77259,2.99573,6,2.46014,141,215,2.2852,448,0.992071
E3-PPOPIP-p005,32.4329,214,42,RLPolicy,1,0,0.0797175,3.46574,2.99573,7,3.70182,204,210,3.38159,448,1.00705
E3-PPOPIP-p005,32.4532,28,301,RLPolicy,1,0,0.0405016,4.85203,2.99573,9,4.57708,168,176,4.09582,448,0.97368
E3-PPOPIP-p005,32.4551,256,232,RLPolicy,0,0,0.00964349,5.54518,2.99573,9,2.60614,154,162,2.19243,448,1
E3-PPOPIP-p005,32.4579,184,387,RLPolicy,1,0,0.0704911,4.69788,2.99573,9,3.51204,143,151,3.1702,448,0.995882
E3-PPOPIP-p005,32.4663,72,254,RLPolicy,1,0,0.0348063,4.15888,2.99573,8,3.03424,138,145,2.7026,448,1.00247
E3-PPOPIP-p005,32.4724,258,194,RLPolicy,1,1,0.0749969,1.38629,2.99573,4,3.4059,0,128,3.09142,448,0.991953
E3-PPOPIP-p005,32.4732,133,305,RLPolicy,1,1,0.0571605,2.07944,2.99573,5,3.30161,56,142,3.04334,448,0.992071
E3-PPOPIP-p005,32.4806,85,62,RLPolicy,0,0,0.0374287,5.54518,2.99573,9,2.51496,190,198,2.22552,448,1.00705
E3-PPOPIP-p005,32.4809,18,30,RLPolicy,0,0,0.00969002,4.62903,2.99573,9,2.97261,332,340,2.41738,448,0.978209
E3-PPOPIP-p005,32.5032,212,333,RLPolicy,1,1,0.0763377,2.77259,2.99573,6,3.09997,216,254,2.63592,450,1.00012
E3-PPOPIP-p005,32.5044,6,375,RLPolicy,1,0,0.00865567,4.00473,2.99573,8,4.4091,315,322,3.8963,450,0.978039
E3-PPOPIP-p005,32.5096,149,410,RLPolicy,1,0,0.0672065,3.15743,2.99573,7,2.79257,153,159,2.58191,450,0.983981
E3-PPOPIP-p005,32.5096,106,355,RLPolicy,1,1,0.05598,2.77259,2.99573,6,2.4201,208,243,2.22548,450,0.995537
E3-PPOPIP-p005,32.5148,78,381,RLPolicy,1,0,0.0473119,3.46574,2.99573,7,2.49642,279,285,2.19494,450,1.00817
E3-PPOPIP-p005,32.5169,127,315,RLPolicy,1,1,0.0465369,2.77259,2.99573,6,6.75846,114,186,6.38493,450,1.00123
E3-PPOPIP-p005,32.5273,290,206,RLPolicy,1,1,0.0810449,2.77259,2.99573,6,6.47144,165,210,6.1278,450,0.998884
E3-PPOPIP-p005,32.5313,124,68,RLPolicy,1,1,0.0579244,2.07944,2.99573,5,7.94738,58,216,6.25579,450,0.996653
E3-PPOPIP-p005,32.5552,237,213,RLPolicy,1,1,0.0747891,1.38629,2.99573,4,3.6896,0,102,3.49117,450,0.994303
E3-PPOPIP-p005,32.5773,176,222,RLPolicy,1,1,0.0665816,2.77259,2.99573,6,2.79937,104,127,2.58914,450,1.00012
E3-PPOPIP-p005,32.5813,245,319,RLPolicy,1,1,0.0767279,2.77259,2.99573,6,2.90127,214,236,2.61091,450,0.994303
E3-PPOPIP-p005,32.6005,119,176,RLPolicy,1,1,0.0580885,2.95491,2.99573,6,2.86256,201,217,2.59093,450,1.00338
E3-PPOPIP-p005,32.602,47,22,RLPolicy,1,0,0.040803,3.16035,2.99573,7,2.82388,248,254,2.57167,450,0.980147
E3-PPOPIP-p005,32.6026,13,33,RLPolicy,1,1,0.0404808,2.77259,2.99573,6,3.62465,123,177,3.26848,450,0.983692
E3-PPOPIP-p005,32.6093,145,321,RLPolicy,1,0,0.0655075,4.15888,2.99573,8,3.68574,226,233,3.24086,450,1.01398
E3-PPOPIP-p005,32.635,147,233,RLPolicy,1,0,0.00869391,4.00473,2.99573,8,2.84147,340,347,2.38068,450,1.00439
E3-PPOPIP-p005,32.6362,163,429,RLPolicy,1,0,0.071615,4.15888,2.99573,8,2.91737,223,230,2.60164,450,1.01052
E3-PPOPIP-p005,32.6521,90,87,RLPolicy,1,1,0.027676,2.77259,2.99573,6,2.88146,188,196,2.58327,450,1.01398
E3-PPOPIP-p005,32.6636,287,242,RLPolicy,1,1,0.0912667,2.07944,2.99573,5,2.80023,27,102,2.51474,450,0.995419
E3-PPOPIP-p005,32.6672,273,261,RLPolicy,1,1,0.0786877,2.07944,2.99573,5,3.36801,28,152,2.91269,450,0.995419
E3-PPOPIP-p005,32.6945,141,362,RLPolicy,1,0,0.0627915,4.15888,2.99573,8,3.10911,266,273,2.68529,450,1.01745
E3-PPOPIP-p005,32.6959,192,193,RLPolicy,0,0,0.0588337,5.54518,2.99573,9,3.77523,120,128,3.49962,450,1
E3-PPOPIP-p005,32.6982,268,179,RLPolicy,1,1,0.064913,2.07944,2.99573,5,3.95516,43,179,3.49353,450,0.995419
E3-PPOPIP-p005,32.7006,202,305,RLPolicy,1,1,0.0526454,2.77259,2.99573,6,4.37504,68,288,3.89879,450,1.00358
E3-PPOPIP-p005,32.7033,193,70,RLPolicy,1,0,0.070047,3.46574,2.99573,7,3.40256,237,243,3.0102,450,1.01052
E3-PPOPIP-p005,32.7076,15,305,RLPolicy,0,0,0.035,5.22672,2.99573,9,2.89748,234,242,2.55839,450,0.99157
E3-PPOPIP-p005,32.71,36,298,RLPolicy,1,0,0.0208915,3.54812,2.99573,8,6.64855,190,197,6.21658,450,1.0134
E3-PPOPIP-p005,32.7134,247,252,RLPolicy,0,0,0.0823993,5.7275,2.99573,9,2.44438,446,454,2.26415,2,1.00235
E3-PPOPIP-p005,32.7237,260,240,RLPolicy,1,1,0.0674665,2.77259,2.99573,6,6.67182,113,205,6.22308,450,0.998884
E3-PPOPIP-p005,32.7314,135,261,RLPolicy,1,1,0.0469985,2.07944,2.99573,5,4.39545,28,141,3.9997,450,0.984024
E3-PPOPIP-p005,32.737,253,299,RLPolicy,1,1,0.00680752,2.77259,2.99573,6,2.69017,225,232,2.41294,450,0.997769
E3-PPOPIP-p005,32.7389,229,198,RLPolicy,1,0,0.0782513,4.15888,2.99573,8,2.79568,308,315,2.30551,450,1.00582
E3-PPOPIP-p005,32.7418,251,285,RLPolicy,1,1,0.0676713,1.23214,2.99573,4,2.89656,0,212,2.5613,450,0.990066
E3-PPOPIP-p005,32.7426,156,17,RLPolicy,1,1,0.0682892,2.77259,2.99573,6,2.84711,229,239,2.61451,450,0.996653
E3-PPOPIP-p005,32.7626,277,318,RLPolicy,0,0,0.0726751,0.693147,2.99573,2,2.44629,0,1,2.39143,450,1
E3-PPOPIP-p005,32.7677,248,73,RLPolicy,1,1,0.0698822,2.07944,2.99573,5,3.30584,19,235,2.76041,450,0.994303
E3-PPOPIP-p005,32.7751,138,5,RLPolicy,1,1,0.0610412,2.77259,2.99573,6,4.20878,152,208,3.87873,450,0.996653
E3-PPOPIP-p005,32.7786,51,227,RLPolicy,0,0,0.0403659,5.54518,2.99573,9,1.98602,212,220,1.84362,5,1.01093
E3-PPOPIP-p005,32.7823,88,317,RLPolicy,1,0,0.0468397,3.46574,2.99573,7,3.92949,241,247,3.04693,450,1.02215
E3-PPOPIP-p005,32.7841,153,350,RLPolicy,1,0,0.0564646,3.31159,2.99573,7,3.66687,233,239,3.20601,450,1.00281
E3-PPOPIP-p005,32.7907,99,131,RLPolicy,1,0,0.0562011,3.46574,2.99573,7,3.31286,246,252,2.88722,450,0.995537
E3-PPOPIP-p005,32.7911,232,237,RLPolicy,0,0,0.00976476,5.54518,2.99573,9,3.14616,342,350,2.91119,5,0.997343
E3-PPOPIP-p005,32.8035,168,340,RLPolicy,1,1,0.0610329,2.77259,2.99573,6,3.43923,120,261,2.96626,450,0.999003
E3-PPOPIP-p005,32.8131,14,303,RLPolicy,1,0,0.0293158,4.24127,2.99573,9,3.00923,182,190,2.80394,450,1.02421
E3-PPOPIP-p005,32.8149,16,128,RLPolicy,1,1,0.0309517,2.46721,2.99573,6,2.7557,172,197,2.50537,450,0.978328
E3-PPOPIP-p005,32.8287,9,144,RLPolicy,1,0,0.00727149,3.46574,2.99573,7,3.51928,224,230,3.07573,450,0.986082
E3-PPOPIP-p005,32.8317,132,417,RLPolicy,1,1,0.0573623,2.07944,2.99573,5,3.7279,26,88,3.27293,450,0.999003
E3-PPOPIP-p005,32.8325,160,13,RLPolicy,0,0,0.0667807,5.54518,2.99573,9,2.25563,83,91,1.97228,450,1
E3-PPOPIP-p005,32.8381,130,95,RLPolicy,1,0,0.0555204,3.46574,2.99573,7,6.58578,200,206,6.2119,450,1.01287
E3-PPOPIP-p005,32.8439,26,288,RLPolicy,0,0,0.0501886,5.2398,2.99573,9,3.31731,166,174,2.96305,450,1
E3-PPOPIP-p005,32.8567,197,290,RLPolicy,1,0,0.0719929,4.15888,2.99573,8,3.791,272,279,3.40325,450,1.00012
E3-PPOPIP-p005,32.8608,173,421,RLPolicy,1,0,0.0734508,3.31159,2.99573,7,3.29563,307,313,2.97434,450,0.999693
E3-PPOPIP-p005,32.861,297,251,RLPolicy,1,1,0.0854064,2.77259,2.99573,6,3.34166,143,265,2.73866,450,0.998884
E3-PPOPIP-p005,32.8702,252,119,RLPolicy,1,1,0.0716289,2.77259,2.99573,6,3.18892,148,257,2.66149,450,0.997769
E3-PPOPIP-p005,32.8771,263,311,RLPolicy,1,1,0.0798044,2.77259,2.99573,6,2.89753,236,249,2.60941,450,0.998884
E3-PPOPIP-p005,32.8776,62,31,RLPolicy,1,1,0.0431586,1.38629,2.99573,4,3.45562,0,110,3.17932,450,0.98514
E3-PPOPIP-p005,32.8808,144,235,RLPolicy,1,1,0.0634223,2.77259,2.99573,6,3.8318,226,254,3.61625,450,1.01398
E3-PPOPIP-p005,32.8852,217,248,RLPolicy,1,1,0.0583903,2.07944,2.99573,5,4.24337,37,217,3.88384,450,0.995111
E3-PPOPIP-p005,32.8936,126,275,RLPolicy,1,1,0.0597846,2.77259,2.99573,6,3.07225,74,280,2.75731,450,1.00828
E3-PPOPIP-p005,32.8989,209,114,RLPolicy,0,0,0.0496869,2.07944,2.99573,4,2.92063,6,9,2.80018,450,1
E3-PPOPIP-p005,32.9008,265,281,RLPolicy,1,0,0.0827831,3.46574,2.99573,7,2.84009,177,183,2.55959,450,1.00235
E3-PPOPIP-p005,32.9038,155,233,RLPolicy,1,1,0.0404608,1.38629,2.99573,4,2.84567,0,189,2.48434,450,1.00012
E3-PPOPIP-p005,32.9097,80,200,RLPolicy,1,0,0.0505786,4.15888,2.99573,8,6.56117,283,290,6.09812,450,1.00012
E3-PPOPIP-p005,32.9114,143,156,RLPolicy,1,0,0.0664033,4.15888,2.99573,8,2.36104,192,199,2.05764,450,1.01254
E3-PPOPIP-p005,32.9283,276,244,RLPolicy,1,1,0.0740571,2.07944,2.99573,5,6.65055,80,189,6.1665,450,0.995419
E3-PPOPIP-p005,32.9478,161,206,RLPolicy,1,1,0.0583442,1.77114,2.99573,5,3.16494,36,139,2.83841,450,0.980133
E3-PPOPIP-p005,32.9648,205,175,RLPolicy,1,1,0.0741876,2.77259,2.99573,6,7.22314,113,140,7.01876,450,1.01052
E3-PPOPIP-p005,32.9654,40,215,RLPolicy,1,1,0.0443797,2.85497,2.99573,7,3.16061,310,323,2.66223,450,0.985261
E3-PPOPIP-p005,32.9679,56,339,RLPolicy,1,1,0.0460007,2.46721,2.99573,6,2.79943,238,271,2.44742,450,0.99401
E3-PPOPIP-p005,32.9684,96,170,RLPolicy,1,1,0.0538179,2.07944,2.99573,5,2.89054,26,97,2.65183,450,0.989721
E3-PPOPIP-p005,32.9825,151,214,RLPolicy,1,1,0.0486013,1.38629,2.99573,4,4.15193,0,126,3.831,450,0.983636
E3-PPOPIP-p005,32.985,206,271,RLPolicy,1,1,0.0707046,2.77259,2.99573,6,3.28196,146,156,2.95456,450,0.993187
E3-PPOPIP-p005,33.0274,110,433,RLPolicy,1,1,0.0538874,2.07944,2.99573,5,2.61858,25,74,2.37814,452,1.0037
E3-PPOPIP-p005,33.0461,201,255,RLPolicy,1,1,0.058043,1.38629,2.99573,4,6.94495,0,122,6.58445,452,1.00127
E3-PPOPIP-p005,33.0479,283,251,RLPolicy,1,1,0.0920394,2.77259,2.99573,6,8.51136,223,256,8.20804,452,0.998884
E3-PPOPIP-p005,33.0514,280,228,RLPolicy,0,0,0.074725,0.693147,2.99573,2,2.50848,0,1,2.45638,452,1
E3-PPOPIP-p005,33.0541,123,401,RLPolicy,1,0,0.0590221,3.46574,2.99573,7,2.80659,238,244,2.48105,452,1.01052
E3-PPOPIP-p005,33.0587,20,181,RLPolicy,1,0,0.0400923,3.24274,2.99573,8,3.25723,227,234,2.91294,452,0.986495
E3-PPOPIP-p005,33.06,3,282,RLPolicy,0,0,0.0314645,5.2398,2.99573,9,2.45451,343,351,2.32443,5,1.01151
E3-PPOPIP-p005,33.0602,19,254,RLPolicy,0,0,0.0422096,5.54518,2.99573,9,2.94921,351,359,2.67455,5,1.00106
E3-PPOPIP-p005,33.0827,210,262,RLPolicy,1,0,0.00724522,3.15743,2.99573,7,3.71649,105,111,3.38129,452,1.00897
E3-PPOPIP-p005,33.083,128,287,RLPolicy,1,1,0.0621437,2.77259,2.99573,6,4.81338,193,235,4.46572,452,0.990837
E3-PPOPIP-p005,33.0867,177,246,RLPolicy,1,0,0.0651695,4.15888,2.99573,8,2.71108,303,310,2.35346,452,0.999348
E3-PPOPIP-p005,33.0895,45,435,RLPolicy,1,0,0.00964691,4.54665,2.99573,9,2.4475,57,65,2.18631,452,1.00775
E3-PPOPIP-p005,33.093,267,17,RLPolicy,1,1,0.0694256,0.693147,2.99573,3,3.1422,0,114,2.84727,452,0.988487
E3-PPOPIP-p005,33.0993,46,118,RLPolicy,1,0,0.0417229,3.24274,2.99573,8,3.63302,338,345,3.19863,452,1.00177
E3-PPOPIP-p005,33.0997,228,280,RLPolicy,0,0,0.0673563,0.693147,2.99573,2,3.40831,0,1,3.36106,452,1
E3-PPOPIP-p005,33.1092,300,180,RLPolicy,1,0,0.00729375,3.46574,2.99573,7,3.19402,229,235,2.8432,454,1.00235
E3-PPOPIP-p005,33.1136,43,144,RLPolicy,1,1,0.0445327,2.54959,2.99573,7,4.02514,252,329,3.62153,454,0.967227
E3-PPOPIP-p005,33.1171,196,94,RLPolicy,1,0,0.07625,3.46574,2.99573,7,3.41281,192,198,3.04229,454,0.996653
E3-PPOPIP-p005,33.1238,102,76,RLPolicy,1,1,0.0513322,1.77114,2.99573,5,3.18875,33,217,2.72249,454,0.964033
E3-PPOPIP-p005,33.1243,254,404,RLPolicy,1,1,0.0864712,2.77259,2.99573,6,2.59899,216,228,2.25269,454,0.997769
E3-PPOPIP-p005,33.1394,12,405,RLPolicy,1,1,0.0353555,1.77406,2.99573,5,7.09206,45,219,6.75677,454,0.956418
E3-PPOPIP-p005,33.1404,158,266,RLPolicy,1,1,0.063243,2.07944,2.99573,5,3.76809,81,182,3.41975,454,0.997769
E3-PPOPIP-p005,33.1454,63,76,RLPolicy,1,1,0.0453562,2.77259,2.99573,6,3.03981,75,270,2.70719,454,1.00981
E3-PPOPIP-p005,33.1482,234,337,RLPolicy,1,1,0.0819172,2.77259,2.99573,6,2.39099,134,146,2.21183,454,0.998884
E3-PPOPIP-p005,33.1497,164,92,RLPolicy,1,0,0.0611049,4.15888,2.99573,8,3.1791,240,247,2.79939,454,1.00593
E3-PPOPIP-p005,33.1508,81,82,RLPolicy,1,1,0.0498137,2.77259,2.99573,6,3.52702,125,133,3.2044,454,1.00593
E3-PPOPIP-p005,33.1582,250,407,RLPolicy,1,0,0.0798523,3.46574,2.99573,7,2.83367,290,296,2.44133,454,1.01163
E3-PPOPIP-p005,33.1626,25,90,RLPolicy,1,1,0.0394851,2.46721,2.99573,6,3.55638,197,223,3.25053,454,0.986202
E3-PPOPIP-p005,33.1632,282,455,RLPolicy,1,0,0.0871189,4.85203,2.99573,9,3.75571,164,172,3.42803,454,1.00928
E3-PPOPIP-p005,33.1672,225,50,RLPolicy,1,1,0.0779293,1.38629,2.99573,4,3.20788,0,101,2.95281,454,1.00012
E3-PPOPIP-p005,33.1722,105,5,RLPolicy,1,1,0.0352627,2.07944,2.99573,5,2.78966,87,186,2.52824,454,1.00135
E3-PPOPIP-p005,33.1961,109,98,RLPolicy,1,0,0.0574277,4.85203,2.99573,9,2.65411,332,340,2.37231,454,1.00358
E3-PPOPIP-p005,33.1986,167,414,RLPolicy,1,1,0.0634182,2.77259,2.99573,6,3.06542,207,228,2.73265,454,0.997769
E3-PPOPIP-p005,33.2013,238,314,RLPolicy,0,0,0.00966413,5.54518,2.99573,9,2.29098,137,145,2.02426,455,1
E3-PPOPIP-p005,33.2053,76,343,RLPolicy,1,1,0.0511719,2.77259,2.99573,6,3.93289,111,261,3.50326,455,0.993187
E3-PPOPIP-p005,33.2107,115,17,RLPolicy,1,1,0.0591885,2.77259,2.99573,6,3.02394,227,235,2.52349,455,0.993187
E3-PPOPIP-p005,33.2259,54,76,RLPolicy,1,0,0.048663,3.8535,2.99573,8,2.63174,215,222,2.36883,455,1.00429
E3-PPOPIP-p005,33.231,275,240,RLPolicy,1,0,0.00680722,3.31159,2.99573,7,3.2505,244,250,2.90344,455,1.00158
E3-PPOPIP-p005,33.2315,38,31,RLPolicy,1,1,0.0435684,2.54959,2.99573,7,4.77427,271,318,4.47937,455,0.983733
E3-PPOPIP-p005,33.237,66,340,RLPolicy,1,0,0.00745031,3.24259,2.99573,7,3.71859,254,260,3.2836,455,1.00578
E3-PPOPIP-p005,33.242,50,226,RLPolicy,1,1,0.0387524,2.07944,2.99573,5,3.08702,59,156,2.81969,455,0.997887
E3-PPOPIP-p005,33.2423,52,430,RLPolicy,1,1,0.0440008,0.693147,2.99573,3,2.67386,0,109,2.47632,455,0.970161
E3-PPOPIP-p005,33.2543,293,451,RLPolicy,1,1,0.0821452,2.77259,2.99573,6,6.3894,156,162,6.03903,455,0.998884
E3-PPOPIP-p005,33.2603,180,284,RLPolicy,1,1,0.0679588,2.77259,2.99573,6,2.72198,102,123,2.42605,455,0.996653
E3-PPOPIP-p005,33.2636,39,328,RLPolicy,1,1,0.0423062,2.46721,2.99573,6,3.59222,163,179,3.1771,455,0.983732
E3-PPOPIP-p005,33.2725,95,157,RLPolicy,1,1,0.0546366,2.07944,2.99573,5,3.69218,80,192,3.25102,455,0.98749
E3-PPOPIP-p005,33.2763,281,24,RLPolicy,1,0,0.0955335,4.15888,2.99573,8,3.37574,171,178,2.87452,455,1.00582
E3-PPOPIP-p005,33.28,226,1,RLPolicy,1,0,0.00724689,3.46574,2.99573,7,3.43503,167,173,2.97898,455,1.0047
E3-PPOPIP-p005,33.2872,59,310,RLPolicy,1,1,0.045307,1.38629,2.99573,4,2.91256,0,121,2.59584,455,0.988606
E3-PPOPIP-p005,33.2882,162,81,RLPolicy,0,0,0.068461,5.54518,2.99573,9,3.14717,331,339,2.58221,455,1.00582
E3-PPOPIP-p005,33.3079,114,438,RLPolicy,0,0,0.00478964,2.77259,2.99573,5,2.26451,5,9,2.17513,462,1
E3-PPOPIP-p005,33.3116,49,468,RLPolicy,1,1,0.00604337,2.77259,2.99573,6,2.24967,114,130,2.12696,462,1.00817
E3-PPOPIP-p005,33.3155,278,376,RLPolicy,1,0,0.00825437,3.46574,2.99573,7,3.30697,235,241,2.90563,462,1.00235
E3-PPOPIP-p005,33.317,68,45,RLPolicy,1,0,0.0401594,4.85203,2.99573,9,2.88032,63,71,2.2802,462,1.00551
E3-PPOPIP-p005,33.3184,86,269,RLPolicy,1,0,0.0489129,4.85203,2.99573,9,3.43296,263,271,2.93541,462,1.01868
E3-PPOPIP-p005,33.3214,172,365,RLPolicy,1,1,0.0700767,2.07944,2.99573,5,3.12927,41,217,2.5574,462,0.98279
E3-PPOPIP-p005,33.3274,269,297,RLPolicy,1,0,0.0839245,3.46574,2.99573,7,2.78405,279,285,2.42726,462,1.00235
E3-PPOPIP-p005,33.3299,195,385,RLPolicy,1,0,0.0778335,3.46574,2.99573,7,3.06341,311,317,2.61811,462,0.999003
E3-PPOPIP-p005,33.3471,1,241,RLPolicy,1,0,0.00774409,3.16035,2.99573,7,2.61803,176,182,2.42354,462,0.997185
E3-PPOPIP-p005,33.3536,266,72,RLPolicy,0,0,0.087321,5.54518,2.99573,9,3.59061,257,265,3.0858,462,0.998884
E3-PPOPIP-p005,33.3617,299,399,RLPolicy,1,0,0.00847331,4.15888,2.99573,8,3.38809,304,311,2.90767,462,1.00582
E3-PPOPIP-p005,33.3654,7,328,RLPolicy,1,1,0.0407274,2.99313,2.99573,7,3.61745,175,231,3.21559,462,0.986307
E3-PPOPIP-p005,33.379,262,18,RLPolicy,1,0,0.0683625,3.46574,2.99573,7,3.02209,288,294,2.80211,462,1.01163
E3-PPOPIP-p005,33.387,204,147,RLPolicy,1,1,0.0621125,2.07944,2.99573,5,3.71804,30,265,3.17563,462,0.989721
E3-PPOPIP-p005,33.3911,8,196,RLPolicy,0,0,0.022495,5.54518,2.99573,9,3.79778,331,339,3.14097,462,0.997769
E3-PPOPIP-p005,33.3993,186,93,RLPolicy,1,1,0.0713332,2.77259,2.99573,6,3.70051,183,244,3.31279,462,0.995537
E3-PPOPIP-p005,33.4143,97,349,RLPolicy,1,1,0.0451343,2.07944,2.99573,5,4.3826,30,154,3.87481,462,0.980558
E3-PPOPIP-p005,33.416,17,297,RLPolicy,1,0,0.00729486,3.46574,2.99573,7,3.07834,255,261,2.67981,462,1.00664
E3-PPOPIP-p005,33.4189,103,81,RLPolicy,0,0,0.0556148,5.54518,2.99573,9,3.2544,338,346,2.76536,462,0.997769
E3-PPOPIP-p005,33.4203,207,64,RLPolicy,1,1,0.0494704,2.07944,2.99573,5,4.42665,101,214,3.88534,462,1.00705
E3-PPOPIP-p005,33.4255,67,248,RLPolicy,1,1,0.0487234,2.07944,2.99573,5,3.08458,40,269,2.58986,462,0.993306
E3-PPOPIP-p005,33.4445,154,444,RLPolicy,1,1,0.0570099,2.07944,2.99573,5,3.46532,43,105,3.14745,462,0.994303
E3-PPOPIP-p005,33.4481,166,157,RLPolicy,1,1,0.0647287,2.77259,2.99573,6,2.89026,42,238,2.4523,462,1.01052
E3-PPOPIP-p005,33.4573,74,450,RLPolicy,1,1,0.0513342,2.77259,2.99573,6,4.18466,199,223,3.91527,462,0.995537
E3-PPOPIP-p005,33.4602,65,459,RLPolicy,1,0,0.0375669,4.85203,2.99573,9,3.40606,291,299,2.98926,462,1.0094
E3-PPOPIP-p005,33.4684,61,261,RLPolicy,1,0,0.0459201,3.31159,2.99573,7,3.36652,254,260,3.08805,462,1.0021
E3-PPOPIP-p005,33.4797,243,205,RLPolicy,1,1,0.0651128,2.07944,2.99573,5,3.69948,28,267,3.29196,462,1.00123
E3-PPOPIP-p005,33.4817,48,125,RLPolicy,1,1,0.0482878,2.07944,2.99573,5,3.52039,50,203,3.01734,462,0.975977
E3-PPOPIP-p005,33.485,284,376,RLPolicy,1,1,0.0940636,2.77259,2.99573,6,4.65974,116,191,4.2413,462,0.998884
E3-PPOPIP-p005,33.4918,101,402,RLPolicy,1,1,0.0408805,2.77259,2.99573,6,2.72733,137,146,2.49149,462,0.993187
E3-PPOPIP-p005,33.5034,55,56,RLPolicy,1,0,0.0489654,3.85058,2.99573,8,3.27452,291,298,2.83919,464,0.999079
E3-PPOPIP-p005,33.5042,182,11,RLPolicy,0,0,0.0711319,5.54518,2.99573,9,3.17692,299,307,2.78218,464,1.00123
E3-PPOPIP-p005,33.5064,271,187,RLPolicy,1,1,0.0790275,1.38629,2.99573,4,2.81791,0,130,2.64912,464,1.00123
E3-PPOPIP-p005,33.5071,274,211,RLPolicy,1,1,0.0827946,2.07944,2.99573,5,2.87342,30,201,2.67132,464,1.00123
E3-PPOPIP-p005,33.5086,294,381,RLPolicy,1,1,0.0737444,0.693147,2.99573,3,3.72817,0,125,3.42991,464,0.988487
E3-PPOPIP-p005,33.5136,125,63,RLPolicy,1,1,0.0613663,2.77259,2.99573,6,3.09495,239,271,2.77188,464,0.994421
E3-PPOPIP-p005,33.5143,93,224,RLPolicy,1,1,0.0473273,1.77114,2.99573,5,4.32951,28,200,3.87482,464,0.992761
E3-PPOPIP-p005,33.5147,53,281,RLPolicy,1,0,0.0510604,3.31159,2.99573,7,3.00564,90,96,2.70186,464,0.998232
E3-PPOPIP-p005,33.5167,298,341,RLPolicy,1,1,0.00605774,2.77259,2.99573,6,4.60638,166,172,4.34322,464,0.998884
E3-PPOPIP-p005,33.5226,44,46,RLPolicy,1,1,0.0381759,1.77406,2.99573,5,3.76814,51,217,3.34005,464,0.986376
E3-PPOPIP-p005,33.5304,0,126,RLPolicy,1,0,0.0084777,4.15888,2.99573,8,2.68153,333,340,2.38286,464,1.00552
E3-PPOPIP-p005,33.5403,208,13,RLPolicy,1,1,0.0497316,1.38629,2.99573,4,3.29837,0,85,3.02176,464,0.987371
E3-PPOPIP-p005,33.5422,118,288,RLPolicy,1,1,0.0593591,2.07944,2.99573,5,2.78769,93,220,2.54651,464,0.980558
E3-PPOPIP-p005,33.547,91,113,RLPolicy,1,1,0.0531677,2.07944,2.99573,5,3.76837,37,242,3.18908,464,0.994421
E3-PPOPIP-p005,33.5525,148,114,RLPolicy,0,0,0.00357421,2.07944,2.99573,4,2.80837,6,9,2.72815,464,1
E3-PPOPIP-p005,33.5799,175,99,RLPolicy,1,1,0.0614623,2.07944,2.99573,5,2.61351,14,46,2.40266,464,0.994341
E3-PPOPIP-p005,33.5806,257,44,RLPolicy,1,1,0.0748982,2.61844,2.99573,6,3.1868,238,276,2.7452,464,0.986601
E3-PPOPIP-p005,33.5885,183,293,RLPolicy,1,1,0.0723655,2.77259,2.99573,6,3.02896,69,159,2.708,464,0.995537
E3-PPOPIP-p005,33.6356,117,1,RLPolicy,0,0,0.0551761,5.54518,2.99573,9,2.22742,323,331,2.09167,2,1.00358
E3-PPOPIP-p005,33.6357,200,295,RLPolicy,1,1,0.0598414,2.07944,2.99573,5,2.92034,26,106,2.6804,467,1.00012
E3-PPOPIP-p005,33.6516,89,90,RLPolicy,1,0,0.0354849,3.46574,2.99573,7,4.23375,264,270,3.89318,467,0.986374
E3-PPOPIP-p005,33.6517,215,273,RLPolicy,1,1,0.0737028,2.77259,2.99573,6,3.34052,148,207,2.97154,467,0.997769
E3-PPOPIP-p005,33.6535,181,328,RLPolicy,1,0,0.0714105,4.85203,2.99573,9,2.8167,232,240,2.42069,467,1.00817
E3-PPOPIP-p005,33.6635,170,38,RLPolicy,1,1,0.04404,0.693147,2.99573,3,3.57658,0,90,3.3535,467,0.986256
E3-PPOPIP-p005,33.6645,190,79,RLPolicy,1,1,0.0518484,1.38629,2.99573,4,3.0341,0,116,2.7378,467,0.996449
E3-PPOPIP-p005,33.6715,227,27,RLPolicy,1,1,0.0642128,2.61844,2.99573,6,3.88883,227,259,3.42859,467,0.999348
E3-PPOPIP-p005,33.6757,83,226,RLPolicy,1,1,0.0459729,2.07944,2.99573,5,3.7414,89,157,3.43848,467,0.98749
E3-PPOPIP-p005,33.6794,203,233,RLPolicy,0,0,0.0726021,5.7275,2.99573,9,2.55625,512,520,2.31751,2,1.00235
E3-PPOPIP-p005,33.6803,60,390,RLPolicy,1,1,0.0408488,2.46721,2.99573,6,3.19043,90,246,2.84575,467,1.01757
E3-PPOPIP-p005,33.6869,35,199,RLPolicy,1,1,0.0386001,2.46721,2.99573,6,4.10709,65,232,3.62734,467,0.982086
E3-PPOPIP-p005,33.6932,249,80,RLPolicy,1,0,0.0893311,4.69788,2.99573,9,3.45591,263,271,2.94928,467,1.01433
E3-PPOPIP-p005,33.6973,134,410,RLPolicy,0,0,0.0643359,5.54518,2.99573,9,4.33834,160,168,3.89726,467,1.00582
E3-PPOPIP-p005,33.7002,139,36,RLPolicy,1,0,0.0516945,4.15888,2.99573,8,4.32609,218,225,3.75697,469,1.00358
E3-PPOPIP-p005,33.7018,11,257,RLPolicy,1,0,0.0277949,3.46574,2.99573,7,4.06617,158,164,3.71978,469,1.00235
E3-PPOPIP-p005,33.7059,244,241,RLPolicy,1,0,0.0793462,3.69643,2.99573,8,3.30124,342,349,2.84204,469,0.998922
E3-PPOPIP-p005,33.7059,213,194,RLPolicy,1,1,0.0758297,1.38629,2.99573,4,7.91055,0,110,7.62248,469,0.987371
E3-PPOPIP-p005,33.723,150,316,RLPolicy,1,0,0.0597299,4.85203,2.99573,9,4.88326,396,404,4.24283,469,1.02438
E3-PPOPIP-p005,33.7244,169,54,RLPolicy,1,0,0.00726516,3.46574,2.99573,7,3.83561,187,193,3.53031,469,0.994766
E3-PPOPIP-p005,33.7316,218,18,RLPolicy,1,1,0.078443,2.77259,2.99573,6,4.01929,257,271,3.73276,469,0.990837
E3-PPOPIP-p005,33.733,116,1,RLPolicy,0,0,0.0568951,5.54518,2.99573,9,2.39967,323,331,2.21292,5,0.98514
E3-PPOPIP-p005,33.7398,27,9,RLPolicy,1,0,0.0327886,3.24274,2.99573,8,3.63564,231,412,3.1396,469,0.993426
E3-PPOPIP-p005,33.7462,219,252,RLPolicy,1,0,0.00725886,3.46574,2.99573,7,4.96057,241,247,4.61521,469,0.996653
E3-PPOPIP-p005,33.7595,295,62,RLPolicy,1,1,0.0774787,2.07944,2.99573,5,4.29287,64,169,3.81949,469,0.995419
E3-PPOPIP-p005,33.7615,220,182,RLPolicy,1,0,0.00863035,4.15888,2.99573,8,4.41998,303,310,3.9715,469,1.00358
E3-PPOPIP-p005,33.767,224,476,RLPolicy,1,1,0.0810545,2.95491,2.99573,6,3.41546,193,198,3.1187,469,0.990633
E3-PPOPIP-p005,33.7683,73,179,RLPolicy,1,1,0.0499312,2.77259,2.99573,6,6.4612,80,319,5.98775,469,0.98749
E3-PPOPIP-p005,33.7693,82,476,RLPolicy,1,1,0.0506938,2.07944,2.99573,5,3.98449,80,248,3.34247,469,0.98749
E3-PPOPIP-p005,33.774,152,276,RLPolicy,1,0,0.053999,3.46574,2.99573,7,3.25139,178,184,2.98255,469,0.999003
E3-PPOPIP-p005,33.7834,296,301,RLPolicy,0,0,0.0099061,5.54518,2.99573,9,3.21797,198,206,2.8625,469,1
E3-PPOPIP-p005,33.7905,223,355,RLPolicy,1,1,0.0597802,2.07944,2.99573,5,3.48353,55,184,3.02399,469,1.00012
E3-PPOPIP-p005,33.8064,211,460,RLPolicy,1,0,0.0602714,3.46574,2.99573,7,3.53448,267,273,3.28064,470,0.997769
E3-PPOPIP-p005,33.8082,313,219,RLPolicy,1,1,0.0807637,2.77259,2.99573,6,3.49034,143,272,2.95194,470,0.998884
E3-PPOPIP-p005,33.8227,94,301,RLPolicy,0,0,0.0490648,5.39103,2.99573,9,3.86072,219,227,3.49909,470,1.0017
E3-PPOPIP-p005,33.8236,5,224,RLPolicy,1,1,0.0395391,2.77259,2.99573,6,2.74924,126,237,2.51051,470,0.993187
E3-PPOPIP-p005,33.8249,113,46,RLPolicy,1,0,0.0529659,3.46574,2.99573,7,3.23493,260,266,2.86539,470,0.975206
E3-PPOPIP-p005,33.8317,198,317,RLPolicy,1,0,0.0735679,4.00473,2.99573,8,3.088,269,276,2.62677,470,0.993225
E3-PPOPIP-p005,33.8346,92,131,RLPolicy,1,1,0.0502693,2.07944,2.99573,5,2.75036,29,71,2.56975,470,1.01298
E3-PPOPIP-p005,33.8409,279,361,RLPolicy,1,0,0.00971778,4.85203,2.99573,9,2.79488,284,292,2.47589,470,1.00928
E3-PPOPIP-p005,33.8457,129,459,RLPolicy,1,0,0.00849576,4.15888,2.99573,8,3.02155,246,253,2.63023,470,1.0094
E3-PPOPIP-p005,33.8562,22,390,RLPolicy,1,1,0.0489821,2.46721,2.99573,6,3.24432,146,268,2.79245,470,0.977213
E3-PPOPIP-p005,33.8632,34,166,RLPolicy,1,0,0.0407225,3.54812,2.99573,8,5.50045,409,416,5.24135,470,0.979152
E3-PPOPIP-p005,33.874,292,422,RLPolicy,1,0,0.0811516,3.31159,2.99573,7,3.10293,132,138,2.71407,470,1.00158
E3-PPOPIP-p005,33.8742,230,349,RLPolicy,0,0,0.00964762,5.54518,2.99573,9,2.78967,137,145,2.53754,470,1
E3-PPOPIP-p005,33.8759,157,201,RLPolicy,1,1,0.064388,2.07944,2.99573,5,3.3535,57,140,3.08358,470,0.996653
E3-PPOPIP-p005,33.8791,58,352,RLPolicy,1,1,0.0376691,0.693147,2.99573,3,2.83046,0,123,2.6719,470,0.968634
E3-PPOPIP-p005,33.9059,136,28,RLPolicy,1,1,0.0579075,2.07944,2.99573,5,3.62813,56,147,3.4214,473,0.988606
E3-PPOPIP-p005,33.9171,236,144,RLPolicy,1,1,0.0642769,2.77259,2.99573,6,3.98165,219,245,3.67009,473,0.993187
E3-PPOPIP-p005,33.9265,104,165,RLPolicy,1,1,0.0484419,1.77114,2.99573,5,4.00019,45,177,3.55424,473,1.00093
E3-PPOPIP-p005,33.9609,159,305,RLPolicy,1,0,0.0577739,4.85203,2.99573,9,3.60531,223,231,3.20257,473,1.00123
E3-PPOPIP-p005,33.9629,246,455,RLPolicy,1,1,0.0866363,2.77259,2.99573,6,2.95412,90,106,2.77161,473,0.997769
E3-PPOPIP-p005,33.9719,41,430,RLPolicy,1,1,0.0395114,0.693147,2.99573,3,3.85617,0,132,3.48399,473,0.974159
E3-PPOPIP-p005,33.9815,69,233,RLPolicy,1,0,0.00726775,3.46574,2.99573,7,3.56322,259,265,3.10129,473,0.986374
E3-PPOPIP-p005,33.9821,42,84,RLPolicy,1,1,0.00605953,2.64953,2.99573,6,4.75744,185,202,4.4723,473,1.00268
E3-PPOPIP-p005,33.9881,239,396,RLPolicy,1,0,0.07799,4.15888,2.99573,8,4.37386,288,295,3.87991,473,1.01052
E3-PPOPIP-p005,33.9924,199,94,RLPolicy,1,1,0.0754922,2.77259,2.99573,6,2.95815,238,275,2.67585,473,1.01052
E3-PPOPIP-p005,34.0027,111,326,RLPolicy,1,1,0.059162,2.77259,2.99573,6,4.03101,217,252,3.78416,475,0.980558
E3-PPOPIP-p005,34.0045,304,329,RLPolicy,1,0,0.101527,4.15888,2.99573,8,6.83516,111,118,6.57277,475,1.00582
E3-PPOPIP-p005,34.0099,289,59,RLPolicy,0,0,0.00967305,5.54518,2.99573,9,2.76915,55,63,2.48812,475,1
E3-PPOPIP-p005,34.0112,194,251,RLPolicy,1,1,0.0600777,2.77259,2.99573,6,3.21166,88,358,2.7868,475,0.98279
E3-PPOPIP-p005,34.0119,30,389,RLPolicy,0,0,0.0445717,5.54518,2.99573,9,2.91921,145,153,2.57167,475,1.00106
E3-PPOPIP-p005,34.0147,240,242,RLPolicy,1,1,0.0761581,2.77259,2.99573,6,3.29652,114,132,3.0252,475,1.00817
E3-PPOPIP-p005,34.0153,21,439,RLPolicy,1,1,0.0401747,2.16183,2.99573,6,3.5711,66,236,2.96165,475,0.995657
E3-PPOPIP-p005,34.0171,24,147,RLPolicy,1,1,0.0310197,0.693147,2.99573,3,2.93757,0,67,2.77494,475,0.975978
E3-PPOPIP-p005,34.0191,10,434,RLPolicy,1,0,0.00773064,3.16035,2.99573,7,3.45775,210,216,3.21043,475,0.986495
E3-PPOPIP-p005,34.0209,222,446,RLPolicy,1,1,0.0552928,2.77259,2.99573,6,3.61394,181,273,3.33972,475,1.00358
E3-PPOPIP-p005,34.0235,98,273,RLPolicy,1,1,0.0513088,2.77259,2.99573,6,4.03022,85,247,3.53961,475,0.997887
E3-PPOPIP-p005,34.0273,2,439,RLPolicy,1,1,0.0341068,0.693147,2.99573,3,3.24365,0,100,2.93648,475,0.986256
E3-PPOPIP-p005,34.0348,4,201,RLPolicy,1,0,0.02783,4.15888,2.99573,8,3.4159,245,252,2.90049,475,1.00552
E3-PPOPIP-p005,34.0396,29,74,RLPolicy,1,0,0.0162282,3.24274,2.99573,8,3.16075,321,328,2.74033,475,1.00705
E3-PPOPIP-p005,34.0439,179,439,RLPolicy,1,1,0.0718432,2.77259,2.99573,6,3.7081,188,208,3.46299,475,0.98514
E3-PPOPIP-p005,34.0519,64,368,RLPolicy,1,0,0.0391809,4.15888,2.99573,8,3.85974,374,381,3.36872,475,0.98749
E3-PPOPIP-p005,34.0839,191,369,RLPolicy,1,0,0.0730709,4.85203,2.99573,9,4.67391,183,191,4.31317,475,1.00705
E3-PPOPIP-p005,34.086,270,323,RLPolicy,1,1,0.0760377,2.77259,2.99573,6,2.91419,197,207,2.71309,475,0.997769
E3-PPOPIP-p005,34.0892,188,323,RLPolicy,0,0,0.0623746,5.54518,2.99573,9,3.07245,242,250,2.68001,475,1.00817
E3-PPOPIP-p005,34.1025,75,379,RLPolicy,1,1,0.0508356,2.77259,2.99573,6,3.0744,252,288,2.81197,476,1.00358
E3-PPOPIP-p005,34.1025,264,274,RLPolicy,1,1,0.0813023,2.07944,2.99573,5,2.69395,61,143,2.42115,476,0.997769
E3-PPOPIP-p005,34.1073,315,29,RLPolicy,1,0,0.101395,4.85203,2.99573,9,6.34107,250,258,5.79209,476,1.00928
E3-PPOPIP-p005,34.1107,216,66,RLPolicy,1,0,0.0670241,3.46574,2.99573,7,3.17076,285,291,2.78825,476,1.00012
E3-PPOPIP-p005,34.1153,107,328,RLPolicy,1,1,0.0490279,2.07944,2.99573,5,6.82764,93,175,6.46423,476,0.984024
E3-PPOPIP-p005,34.1207,57,119,RLPolicy,1,0,0.0410186,4.15888,2.99573,8,3.03317,195,202,2.61581,476,1.0148
E3-PPOPIP-p005,34.124,221,61,RLPolicy,1,1,0.0812687,2.77259,2.99573,6,8.42488,201,215,8.07974,476,0.996653
E3-PPOPIP-p005,34.1459,122,214,RLPolicy,1,1,0.0367651,1.38629,2.99573,4,2.94667,0,117,2.77976,476,0.982908
E3-PPOPIP-p005,34.1563,231,7,RLPolicy,1,1,0.0682694,2.07944,2.99573,5,8.48863,52,240,7.88347,476,0.989721
E3-PPOPIP-p005,34.1819,131,477,RLPolicy,1,1,0.0431342,2.77259,2.99573,6,3.21667,96,284,2.90672,476,0.989721
E3-PPOPIP-p005,34.1834,31,75,RLPolicy,1,1,0.0401779,2.85497,2.99573,7,3.22617,250,257,2.93174,476,0.994422
E3-PPOPIP-p005,34.1971,233,285,RLPolicy,0,0,0.065467,5.54518,2.99573,9,4.26014,417,425,3.78712,476,1.00235
E3-PPOPIP-p005,34.2109,33,69,RLPolicy,1,1,0.0397048,1.77406,2.99573,5,4.41624,32,126,4.10935,478,0.975275
E3-PPOPIP-p005,34.2356,286,146,RLPolicy,1,0,0.00925726,4.85203,2.99573,9,3.79898,234,242,3.37987,478,1.00928
E3-PPOPIP-p005,34.2357,71,323,RLPolicy,1,0,0.0537727,4.85203,2.99573,9,3.97717,187,195,3.64097,478,1.02784
E3-PPOPIP-p005,34.2393,301,390,RLPolicy,1,0,0.00965636,4.85203,2.99573,9,2.51089,103,111,2.2303,478,1.00928
E3-PPOPIP-p005,34.2397,174,218,RLPolicy,1,1,0.0675908,2.61844,2.99573,6,4.48705,223,260,4.17276,478,1.01367
E3-PPOPIP-p005,34.241,259,426,RLPolicy,1,0,0.0829592,4.85203,2.99573,9,3.17029,176,184,2.84616,478,1.0047
E3-PPOPIP-p005,34.2418,70,46,RLPolicy,1,0,0.00847649,4.15888,2.99573,8,3.22141,310,317,2.84001,478,1.00717
E3-PPOPIP-p005,34.2496,285,134,RLPolicy,0,0,0.0103818,5.54518,2.99573,9,2.95104,225,233,2.65634,478,0.998884
E3-PPOPIP-p005,34.2502,314,229,RLPolicy,1,0,0.0885378,3.46574,2.99573,7,4.60372,243,249,3.99002,478,1.00235
E3-PPOPIP-p005,34.2586,137,441,RLPolicy,1,0,0.00765238,3.46574,2.99573,7,3.50288,219,225,2.69972,478,1.00012
E3-PPOPIP-p005,34.2636,84,383,RLPolicy,1,0,0.050098,4.15888,2.99573,8,4.2542,162,169,3.84264,478,0.999003
E3-PPOPIP-p005,34.2748,185,369,RLPolicy,0,0,0.0699906,5.54518,2.99573,9,3.26164,146,154,3.00556,478,1.01398
E3-PPOPIP-p005,34.2918,142,18,RLPolicy,0,0,0.0651828,5.7275,2.99573,9,2.97378,421,429,2.77639,2,0.993187
E3-PPOPIP-p005,34.2992,120,427,RLPolicy,0,0,0.00968281,5.54518,2.99573,9,2.47052,139,147,2.2412,478,1
E3-PPOPIP-p005,34.302,87,199,RLPolicy,1,1,0.0536338,2.77259,2.99573,6,4.08696,239,257,3.80819,478,0.98749
E3-PPOPIP-p005,34.3023,242,467,RLPolicy,1,1,0.0765214,2.07944,2.99573,5,4.89035,115,229,4.44483,478,1.00705
E3-PPOPIP-p005,34.3024,255,364,RLPolicy,1,0,0.0826484,4.15888,2.99573,8,3.1237,177,184,2.85966,478,1.00817
E3-PPOPIP-p005,34.3053,235,154,RLPolicy,1,1,0.0711481,2.07944,2.99573,5,4.20166,109,213,3.84095,478,0.994303
E3-PPOPIP-p005,34.3133,100,93,RLPolicy,1,1,0.0403744,2.77259,2.99573,6,4.52234,62,263,3.98584,478,0.983253
E3-PPOPIP-p005,34.3137,165,352,RLPolicy,1,1,0.0686943,2.77259,2.99573,6,3.8563,246,261,3.53582,478,0.995537
E3-PPOPIP-p005,34.3206,178,442,RLPolicy,0,0,0.0745973,5.39103,2.99573,9,3.6065,191,199,3.24672,478,1.01009
E3-PPOPIP-p005,34.3214,261,149,RLPolicy,1,1,0.0724443,2.77259,2.99573,6,3.17614,114,236,2.86553,478,0.998884
E3-PPOPIP-p005,34.3245,23,16,RLPolicy,1,1,0.0406686,2.85497,2.99573,7,3.90847,280,289,3.52201,478,0.986495
E3-PPOPIP-p005,34.3289,77,312,RLPolicy,1,1,0.0508403,2.77259,2.99573,6,3.39808,214,255,2.98429,478,0.982908
E3-PPOPIP-p005,34.3391,272,316,RLPolicy,1,0,0.0799328,3.46574,2.99573,7,3.26857,321,327,2.78206,478,0.994303
E3-PPOPIP-p005,34.3412,79,36,RLPolicy,1,0,0.00803146,4.15888,2.99573,8,3.50827,259,266,3.21887,478,0.982908
E3-PPOPIP-p005,34.3419,32,18,RLPolicy,1,1,0.0519722,2.85497,2.99573,7,3.14725,286,339,2.85802,478,0.984265
E3-PPOPIP-p005,34.3422,291,407,RLPolicy,1,1,0.0679274,0.693147,2.99573,3,3.13189,0,87,2.89613,478,0.988487
E3-PPOPIP-p005,34.3441,37,359,RLPolicy,1,1,0.0333125,2.46721,2.99573,6,3.59281,138,169,3.32517,478,1.00259
E3-PPOPIP-p005,34.3551,189,26,RLPolicy,1,0,0.0664368,4.85203,2.99573,9,3.85783,363,371,3.486,478,1.02091
E3-PPOPIP-p005,34.3644,187,481,RLPolicy,1,1,0.0540382,2.77259,2.99573,6,3.59858,60,281,3.16157,478,1.0017
E3-PPOPIP-p005,34.3696,140,84,RLPolicy,1,1,0.00603732,2.77259,2.99573,6,3.33124,194,224,3.11186,478,0.993187
E3-PPOPIP-p005,34.4018,288,482,RLPolicy,1,1,0.0730089,2.77259,2.99573,6,3.31438,65,305,2.9271,479,0.990837
E3-PPOPIP-p005,34.4023,146,265,RLPolicy,0,0,0.00973661,5.54518,2.99573,9,3.41641,215,223,2.94077,479,1.02326
E3-PPOPIP-p005,34.4122,241,93,RLPolicy,1,0,0.0888684,4.85203,2.99573,9,3.95776,301,309,3.40951,479,1.01052
E3-PPOPIP-p005,34.4188,112,467,RLPolicy,1,1,0.0583084,2.07944,2.99573,5,5.44109,52,259,4.94225,479,0.967504
E3-PPOPIP-p005,34.42,121,213,RLPolicy,0,0,0.0586664,5.54518,2.99573,9,2.96097,172,180,2.62624,479,1.00235
E3-PPOPIP-p005,34.4223,171,330,RLPolicy,1,1,0.0604514,2.77259,2.99573,6,4.15916,94,191,3.64674,479,1.00593
E3-PPOPIP-p005,34.4309,108,255,RLPolicy,1,0,0.0495917,3.46574,2.99573,7,4.90367,239,245,4.59847,479,0.994421
E3-PPOPIP-p005,34.4329,214,239,RLPolicy,1,1,0.0785078,2.77259,2.99573,6,3.24711,177,183,2.86415,479,1.00593
E3-PPOPIP-p005,34.4532,28,195,RLPolicy,1,1,0.0380311,2.46721,2.99573,6,3.38199,173,229,3.02495,479,0.971037
E3-PPOPIP-p005,34.4551,256,170,RLPolicy,1,0,0.00963473,4.85203,2.99573,9,2.99102,113,121,2.53893,479,1.00928
E3-PPOPIP-p005,34.4579,184,159,RLPolicy,1,1,0.0668652,2.61844,2.99573,6,3.3859,126,145,3.10522,479,0.993996
E3-PPOPIP-p005,34.4648,303,188,RLPolicy,0,0,0.0815056,5.54518,2.99573,9,2.45415,48,56,2.29166,5,1
E3-PPOPIP-p005,34.4663,72,232,RLPolicy,1,1,0.0323594,2.77259,2.99573,6,2.76644,45,53,2.60004,479,1.00135
E3-PPOPIP-p005,34.4724,258,298,RLPolicy,1,1,0.0864172,2.77259,2.99573,6,3.0597,160,181,2.82736,479,0.990837
E3-PPOPIP-p005,34.4732,133,428,RLPolicy,1,0,0.060776,4.15888,2.99573,8,3.28071,158,165,2.95826,479,0.997887
E3-PPOPIP-p005,34.4806,85,189,RLPolicy,1,0,0.00967143,4.85203,2.99573,9,4.48753,267,275,4.05379,479,1.01633
E3-PPOPIP-p005,34.4809,18,412,RLPolicy,1,1,0.0412474,2.70082,2.99573,7,3.90053,221,276,3.51701,479,0.976735
E3-PPOPIP-p005,34.5032,212,440,RLPolicy,0,0,0.073503,5.54518,2.99573,9,3.00326,381,389,2.5345,480,1.00012
E3-PPOPIP-p005,34.5044,6,95,RLPolicy,1,1,0.0249039,2.46721,2.99573,6,3.29148,123,287,2.97114,480,0.975397
E3-PPOPIP-p005,34.5096,149,368,RLPolicy,1,0,0.0670736,3.31159,2.99573,7,7.86085,330,336,7.46747,480,0.98556
E3-PPOPIP-p005,34.5096,106,188,RLPolicy,0,0,0.0520403,5.54518,2.99573,9,4.04385,255,263,3.64972,480,0.995537
E3-PPOPIP-p005,34.5148,78,101,RLPolicy,0,0,0.0497835,5.54518,2.99573,9,2.80374,378,386,2.4671,480,1.00817
E3-PPOPIP-p005,34.5169,127,315,RLPolicy,1,1,0.0526952,2.07944,2.99573,5,3.7752,57,131,3.40127,480,0.996653
E3-PPOPIP-p005,34.5273,290,83,RLPolicy,1,1,0.0871748,2.77259,2.99573,6,3.19944,213,252,2.78782,480,0.997769
E3-PPOPIP-p005,34.5313,124,276,RLPolicy,1,1,0.0603705,2.77259,2.99573,6,3.19619,149,232,2.86137,480,0.995537
E3-PPOPIP-p005,34.5552,237,346,RLPolicy,1,1,0.0757277,2.77259,2.99573,6,3.76885,130,139,3.55334,480,0.993187
E3-PPOPIP-p005,34.5773,176,11,RLPolicy,1,0,0.0588678,3.46574,2.99573,7,3.84575,145,151,3.40877,480,1.00247
E3-PPOPIP-p005,34.5813,245,251,RLPolicy,1,1,0.0762922,2.77259,2.99573,6,4.68338,132,283,3.996,480,0.993187
E3-PPOPIP-p005,34.6005,119,306,RLPolicy,1,1,0.0605363,2.77259,2.99573,6,3.99637,265,300,3.69435,480,1.00226
E3-PPOPIP-p005,34.602,47,224,RLPolicy,1,1,0.0374961,1.38629,2.99573,4,4.44135,0,157,4.05585,480,0.9721
E3-PPOPIP-p005,34.6026,13,404,RLPolicy,1,1,0.00656942,2.77259,2.99573,6,3.60102,179,195,3.38216,480,0.982576
E3-PPOPIP-p005,34.6047,316,411,RLPolicy,0,0,0.00971845,5.54518,2.99573,9,2.84914,323,331,2.4342,480,1
E3-PPOPIP-p005,34.6093,145,465,RLPolicy,1,0,0.0625123,4.85203,2.99573,9,4.40169,344,352,3.07256,480,1.02326
E3-PPOPIP-p005,34.6113,321,146,RLPolicy,1,0,0.104073,3.46574,2.99573,7,6.08084,119,125,5.7968,480,1.00235
E3-PPOPIP-p005,34.6184,306,195,RLPolicy,1,1,0.00607033,2.77259,2.99573,6,6.3431,214,235,6.05795,480,0.998884
E3-PPOPIP-p005,34.635,147,205,RLPolicy,1,1,0.0658757,2.77259,2.99573,6,3.81862,234,253,3.51212,480,1.00328
E3-PPOPIP-p005,34.6362,163,212,RLPolicy,1,1,0.0605121,2.77259,2.99573,6,3.69601,65,308,3.2024,480,1.0094
E3-PPOPIP-p005,34.6521,90,368,RLPolicy,1,1,0.0454635,2.77259,2.99573,6,4.15102,121,233,3.61991,480,1.01287
E3-PPOPIP-p005,34.6636,287,446,RLPolicy,1,1,0.0912907,2.07944,2.99573,5,2.83537,55,118,2.61165,480,0.990837
E3-PPOPIP-p005,34.6672,273,386,RLPolicy,1,1,0.0789891,2.77259,2.99573,6,3.19755,207,239,2.9002,480,0.994303
E3-PPOPIP-p005,34.6945,141,478,RLPolicy,1,0,0.0628124,4.15888,2.99573,8,3.95651,352,359,3.3283,480,1.02326
E3-PPOPIP-p005,34.6959,192,364,RLPolicy,1,1,0.0745285,2.77259,2.99573,6,3.20016,74,82,2.93135,480,0.998884
E3-PPOPIP-p005,34.6982,268,5,RLPolicy,1,0,0.0844173,3.46574,2.99573,7,3.35699,243,249,3.03033,480,0.997769
E3-PPOPIP-p005,34.7006,202,477,RLPolicy,1,1,0.0659703,2.77259,2.99573,6,3.2801,81,259,2.93396,481,1.00247
E3-PPOPIP-p005,34.7033,193,81,RLPolicy,0,0,0.0717634,5.54518,2.99573,9,3.28958,337,345,2.97665,481,1.01052
E3-PPOPIP-p005,34.7076,15,19,RLPolicy,1,0,0.0299128,3.36782,2.99573,8,3.75347,290,297,3.06956,481,0.99343
E3-PPOPIP-p005,34.71,36,173,RLPolicy,1,0,0.0367073,3.46574,2.99573,7,3.06431,165,171,2.80053,481,1.01575
E3-PPOPIP-p005,34.7134,247,422,RLPolicy,1,0,0.0807821,4.15888,2.99573,8,4.16515,214,221,3.79905,481,1.00817
E3-PPOPIP-p005,34.7237,260,188,RLPolicy,0,0,0.0784224,5.54518,2.99573,9,3.68281,254,262,3.32379,481,0.998884
E3-PPOPIP-p005,34.7314,135,159,RLPolicy,1,1,0.0577471,2.77259,2.99573,6,3.15806,150,172,2.94245,481,0.982908
E3-PPOPIP-p005,34.7325,318,277,RLPolicy,0,0,0.0859176,0.693147,2.99573,2,2.88706,0,1,2.84246,481,1
E3-PPOPIP-p005,34.7367,327,446,RLPolicy,1,1,0.0845901,2.07944,2.99573,5,3.63644,83,186,3.2169,481,0.995419
E3-PPOPIP-p005,34.737,253,86,RLPolicy,1,0,0.0740259,4.15888,2.99573,8,4.40478,370,377,3.77847,481,1.00358
E3-PPOPIP-p005,34.7389,229,227,RLPolicy,1,0,0.0744393,3.46574,2.99573,7,5.08311,284,290,4.55115,481,1.00817
E3-PPOPIP-p005,34.7418,251,485,RLPolicy,1,1,0.0643667,2.61844,2.99573,6,4.59744,81,316,3.85769,481,0.98818
E3-PPOPIP-p005,34.7426,156,340,RLPolicy,1,1,0.066686,2.77259,2.99573,6,3.61244,186,281,3.25087,481,0.995537
E3-PPOPIP-p005,34.7626,277,318,RLPolicy,0,0,0.0726751,0.693147,2.99573,2,2.36345,0,1,2.32753,481,1
E3-PPOPIP-p005,34.7677,248,73,RLPolicy,1,1,0.0714434,1.77114,2.99573,5,4.38279,21,248,3.83795,481,0.98818
E3-PPOPIP-p005,34.7705,310,215,RLPolicy,0,0,0.0915609,5.54518,2.99573,9,3.21978,351,359,2.79204,481,1
E3-PPOPIP-p005,34.7751,138,443,RLPolicy,1,0,0.00991427,4.85203,2.99573,9,3.38784,217,225,3.09593,481,1.00593
E3-PPOPIP-p005,34.7786,51,416,RLPolicy,1,0,0.0390323,3.8535,2.99573,8,3.47689,293,300,3.11347,481,1.01522
E3-PPOPIP-p005,34.7823,88,425,RLPolicy,1,1,0.0521241,2.77259,2.99573,6,3.39661,194,239,3.19333,481,1.02103
E3-PPOPIP-p005,34.7841,153,141,RLPolicy,1,0,0.0078615,3.15743,2.99573,7,3.79579,269,275,3.34442,481,1.00362
E3-PPOPIP-p005,34.7907,99,293,RLPolicy,1,1,0.0547871,2.77259,2.99573,6,4.17307,155,183,3.71451,481,0.994421
E3-PPOPIP-p005,34.7911,232,182,RLPolicy,1,1,0.0811364,2.07944,2.99573,5,3.81554,56,162,3.41831,481,0.992761
E3-PPOPIP-p005,34.8035,168,340,RLPolicy,1,1,0.0700765,2.77259,2.99573,6,4.1804,168,261,3.84152,484,0.997887
E3-PPOPIP-p005,34.8131,14,288,RLPolicy,1,0,0.0386587,4.54665,2.99573,9,4.19372,243,251,3.57122,484,1.03196
E3-PPOPIP-p005,34.8149,16,56,RLPolicy,1,1,0.0307516,2.07944,2.99573,5,3.95199,28,228,3.376,484,0.973747
E3-PPOPIP-p005,34.8287,9,444,RLPolicy,1,1,0.0446475,2.46721,2.99573,6,3.40098,163,281,2.85175,484,0.98344
E3-PPOPIP-p005,34.8317,132,306,RLPolicy,1,0,0.0597162,3.46574,2.99573,7,2.64942,155,161,2.41291,484,1.00135
E3-PPOPIP-p005,34.8325,160,402,RLPolicy,0,0,0.00968095,5.54518,2.99573,9,3.44433,75,83,3.19483,484,1
E3-PPOPIP-p005,34.8381,130,474,RLPolicy,1,0,0.0579491,4.85203,2.99573,9,3.24699,270,278,2.78693,484,1.02215
E3-PPOPIP-p005,34.8439,26,359,RLPolicy,1,0,0.0501891,4.24127,2.99573,9,3.24762,278,286,2.73652,484,1.00623
E3-PPOPIP-p005,34.8567,197,352,RLPolicy,1,1,0.0753316,2.77259,2.99573,6,2.86717,141,162,2.68078,484,0.999003
E3-PPOPIP-p005,34.8608,173,252,RLPolicy,1,0,0.00748675,3.31159,2.99573,7,4.30447,335,341,3.86928,484,1.00127
E3-PPOPIP-p005,34.861,297,289,RLPolicy,1,0,0.0899449,4.15888,2.99573,8,3.42439,130,137,3.10534,484,1.0047
E3-PPOPIP-p005,34.8702,252,321,RLPolicy,1,0,0.0817553,4.15888,2.99573,8,4.36759,223,230,3.91783,484,1.00358
E3-PPOPIP-p005,34.8771,263,98,RLPolicy,0,0,0.0863683,5.54518,2.99573,9,3.6544,377,385,3.07879,484,0.998884
E3-PPOPIP-p005,34.8776,62,91,RLPolicy,1,1,0.0461531,2.77259,2.99573,6,4.19853,85,273,3.6334,484,0.984024
E3-PPOPIP-p005,34.8782,312,100,RLPolicy,1,1,0.0798641,2.07944,2.99573,5,3.99933,29,123,3.62306,484,0.995419
E3-PPOPIP-p005,34.8808,144,27,RLPolicy,1,0,0.0643272,3.46574,2.99573,7,2.87133,311,317,2.62764,484,1.01633
E3-PPOPIP-p005,34.8852,217,214,RLPolicy,1,1,0.0742661,2.77259,2.99573,6,3.20141,225,230,2.9121,484,0.993996
E3-PPOPIP-p005,34.8936,126,420,RLPolicy,1,1,0.0446231,0.693147,2.99573,3,4.22066,0,62,4.00191,484,0.996771
E3-PPOPIP-p005,34.8989,209,114,RLPolicy,0,0,0.0496888,2.07944,2.99573,4,2.46599,6,9,2.40966,484,1
E3-PPOPIP-p005,34.9008,265,471,RLPolicy,1,1,0.072783,2.77259,2.99573,6,3.50644,131,284,2.96773,484,1.00123
E3-PPOPIP-p005,34.9038,155,176,RLPolicy,0,0,0.0626922,5.54518,2.99573,9,4.13206,361,369,3.62035,484,1.00012
E3-PPOPIP-p005,34.9097,80,222,RLPolicy,1,1,0.0514853,2.77259,2.99573,6,3.26235,259,282,2.95981,484,0.999003
E3-PPOPIP-p005,34.9114,143,468,RLPolicy,1,0,0.00966463,4.85203,2.99573,9,2.55124,113,121,2.29842,484,1.02182
E3-PPOPIP-p005,34.9283,276,255,RLPolicy,1,1,0.0663676,2.07944,2.99573,5,3.45484,73,203,2.97947,484,0.990837
E3-PPOPIP-p005,34.9478,161,154,RLPolicy,1,1,0.0545922,1.77114,2.99573,5,3.87417,41,152,3.52904,484,0.97401
E3-PPOPIP-p005,34.9648,205,264,RLPolicy,1,0,0.00683117,3.46574,2.99573,7,3.53747,232,238,3.16135,484,1.01287
E3-PPOPIP-p005,34.9654,40,419,RLPolicy,1,1,0.0247902,2.85497,2.99573,7,4.10707,287,321,3.70756,484,0.984557
E3-PPOPIP-p005,34.9679,56,36,RLPolicy,1,0,0.00803448,4.15888,2.99573,8,5.95915,242,249,5.40629,484,0.999826
E3-PPOPIP-p005,34.9684,96,73,RLPolicy,1,1,0.0476877,2.07944,2.99573,5,5.27087,65,194,4.52918,484,0.98514
E3-PPOPIP-p005,34.9707,302,176,RLPolicy,1,1,0.0776009,2.77259,2.99573,6,3.54375,127,183,3.18712,484,0.998884
E3-PPOPIP-p005,34.9825,151,361,RLPolicy,1,1,0.0632644,2.61844,2.99573,6,3.30503,213,233,3.05533,484,0.98175
E3-PPOPIP-p005,34.985,206,176,RLPolicy,1,0,0.080431,3.46574,2.99573,7,2.91949,141,147,2.72105,484,0.995537
E3-PPOPIP-p005,35.0111,322,116,RLPolicy,1,1,0.0892062,2.77259,2.99573,6,3.15407,92,155,2.76425,486,0.998884
E3-PPOPIP-p005,35.0274,110,454,RLPolicy,1,0,0.0537891,4.85203,2.99573,9,5.1599,167,175,4.7787,486,1.01298
E3-PPOPIP-p005,35.0415,323,386,RLPolicy,1,0,0.00836745,3.46574,2.99573,7,4.6019,245,251,4.15472,486,1.00235
E3-PPOPIP-p005,35.0461,201,176,RLPolicy,1,1,0.059276,2.07944,2.99573,5,3.65719,86,164,3.4357,486,0.996691
E3-PPOPIP-p005,35.0479,283,487,RLPolicy,1,0,0.0883801,4.15888,2.99573,8,2.75434,378,385,2.56079,486,1.0047
E3-PPOPIP-p005,35.0514,280,147,RLPolicy,1,1,0.0872902,2.77259,2.99573,6,2.87026,74,105,2.70149,486,0.998884
E3-PPOPIP-p005,35.0541,123,478,RLPolicy,1,0,0.00847467,4.15888,2.99573,8,4.26234,301,308,3.8863,486,1.01633
E3-PPOPIP-p005,35.0587,20,475,RLPolicy,1,1,0.0364399,1.77406,2.99573,5,4.65009,21,232,4.04725,486,0.980387
E3-PPOPIP-p005,35.06,3,449,RLPolicy,1,0,0.0227882,3.16035,2.99573,7,4.02143,267,273,3.56955,486,1.01233
E3-PPOPIP-p005,35.0602,19,449,RLPolicy,1,1,0.0390396,2.16183,2.99573,6,3.34561,83,244,2.97528,486,0.996892
E3-PPOPIP-p005,35.0788,307,173,RLPolicy,1,1,0.0743775,2.07944,2.99573,5,3.68593,100,226,3.18737,486,0.995419
E3-PPOPIP-p005,35.0827,210,59,RLPolicy,0,0,0.00966082,5.08273,2.99573,9,2.92438,233,241,2.43974,486,1.00897
E3-PPOPIP-p005,35.083,128,476,RLPolicy,1,1,0.056125,2.07944,2.99573,5,3.63978,117,245,3.35018,486,0.986256
E3-PPOPIP-p005,35.0867,177,430,RLPolicy,1,1,0.0490977,0.693147,2.99573,3,4.38438,0,106,4.19142,486,0.987835
E3-PPOPIP-p005,35.0895,45,282,RLPolicy,0,0,0.0380093,4.93441,2.99573,9,3.66636,78,86,3.33549,486,1.00775
E3-PPOPIP-p005,35.093,267,126,RLPolicy,1,0,0.0847514,4.15888,2.99573,8,3.50051,356,363,3.04002,486,0.994303
E3-PPOPIP-p005,35.0993,46,257,RLPolicy,1,0,0.00968203,3.91989,2.99573,9,4.03661,396,404,3.44721,486,1.00639
E3-PPOPIP-p005,35.0997,228,62,RLPolicy,0,0,0.0758071,5.54518,2.99573,9,2.67726,167,175,2.4309,486,1
E3-PPOPIP-p005,35.1092,300,346,RLPolicy,1,0,0.00937665,4.85203,2.99573,9,3.99685,336,344,3.36593,489,1.01163
E3-PPOPIP-p005,35.1136,43,377,RLPolicy,1,1,0.03017,0.693147,2.99573,3,4.57973,0,154,4.30404,489,0.955715
E3-PPOPIP-p005,35.1171,196,11,RLPolicy,1,1,0.075048,2.77259,2.99573,6,3.35127,129,139,2.94439,489,0.995537
E3-PPOPIP-p005,35.1238,102,110,RLPolicy,1,0,0.00800151,3.46574,2.99573,7,6.05217,197,203,5.67933,489,0.966383
E3-PPOPIP-p005,35.1243,254,182,RLPolicy,1,0,0.00746603,3.46574,2.99573,7,3.61284,308,314,3.37773,489,1.00012
E3-PPOPIP-p005,35.1394,12,32,RLPolicy,1,1,0.0329499,0.693147,2.99573,3,3.69335,0,138,3.43797,489,0.944905
E3-PPOPIP-p005,35.1401,308,230,RLPolicy,1,1,0.100733,2.77259,2.99573,6,3.12861,41,50,2.83733,489,0.998884
E3-PPOPIP-p005,35.1404,158,18,RLPolicy,0,0,0.0582328,5.7275,2.99573,9,2.59466,433,441,2.45243,5,0.997769
E3-PPOPIP-p005,35.1406,328,405,RLPolicy,1,1,0.101727,2.3263,2.99573,6,3.13865,163,193,2.82048,489,0.996653
E3-PPOPIP-p005,35.1454,63,47,RLPolicy,1,0,0.0340035,3.46574,2.99573,7,4.39085,259,265,3.96231,489,1.01216
E3-PPOPIP-p005,35.1482,234,490,RLPolicy,0,0,0.010408,5.54518,2.99573,9,4.75651,251,259,3.9249,489,0.998884
E3-PPOPIP-p005,35.1497,164,354,RLPolicy,1,1,0.046688,1.38629,2.99573,4,5.5009,0,220,5.02086,489,0.997887
E3-PPOPIP-p005,35.1508,81,242,RLPolicy,1,1,0.0504502,2.77259,2.99573,6,3.52257,120,135,3.11382,489,1.00482
E3-PPOPIP-p005,35.1582,250,490,RLPolicy,0,0,0.0826583,5.54518,2.99573,9,4.2388,246,254,3.80017,489,1.01163
E3-PPOPIP-p005,35.1626,25,316,RLPolicy,1,1,0.0347326,1.46868,2.99573,5,3.79618,0,248,3.39037,489,0.978567
E3-PPOPIP-p005,35.1632,282,467,RLPolicy,1,1,0.0771275,2.77259,2.99573,6,4.53117,51,264,4.04643,489,1.00817
E3-PPOPIP-p005,35.1672,225,54,RLPolicy,1,0,0.0827651,4.15888,2.99573,8,3.65471,110,117,3.43259,489,1.00593
E3-PPOPIP-p005,35.1722,105,162,RLPolicy,1,1,0.0578076,2.77259,2.99573,6,4.17953,225,243,3.82984,489,1.00024
E3-PPOPIP-p005,35.1961,109,354,RLPolicy,1,1,0.0569234,2.77259,2.99573,6,3.73334,130,151,3.43295,489,1.00247
E3-PPOPIP-p005,35.1986,167,126,RLPolicy,1,1,0.052572,2.07944,2.99573,5,4.3664,94,265,3.6582,489,0.993187
E3-PPOPIP-p005,35.2013,238,225,RLPolicy,0,0,0.00969738,5.54518,2.99573,9,3.94962,77,85,3.66386,490,1
E3-PPOPIP-p005,35.2053,76,347,RLPolicy,1,1,0.0482746,1.38629,2.99573,4,3.10183,0,182,2.75927,490,0.98514
E3-PPOPIP-p005,35.207,305,88,RLPolicy,1,0,0.0880539,3.46574,2.99573,7,7.03612,347,353,6.54846,490,1.00235
E3-PPOPIP-p005,35.2107,115,320,RLPolicy,1,0,0.0542404,4.85203,2.99573,9,7.59966,280,288,7.26741,490,1.00247
E3-PPOPIP-p005,35.2259,54,38,RLPolicy,1,0,0.0430158,4.54665,2.99573,9,3.70483,293,301,3.30883,490,1.01204
E3-PPOPIP-p005,35.231,275,487,RLPolicy,1,1,0.0741886,1.77114,2.99573,5,4.18324,30,272,3.53228,490,0.995456
E3-PPOPIP-p005,35.2315,38,433,RLPolicy,1,1,0.0373971,2.77259,2.99573,6,3.3457,32,252,2.85745,490,0.982617
E3-PPOPIP-p005,35.237,66,267,RLPolicy,1,0,0.00864,3.93574,2.99573,8,4.46709,353,360,4.05136,490,1.01048
E3-PPOPIP-p005,35.242,50,258,RLPolicy,1,1,0.048225,2.07944,2.99573,5,6.45821,30,232,5.8436,490,0.993306
E3-PPOPIP-p005,35.2423,52,385,RLPolicy,1,1,0.045802,2.77259,2.99573,6,5.37043,129,244,4.68785,490,0.969046
E3-PPOPIP-p005,35.2543,293,290,RLPolicy,1,0,0.00945598,4.15888,2.99573,8,3.53756,327,334,3.12629,490,1.0047
E3-PPOPIP-p005,35.2603,180,491,RLPolicy,1,1,0.0554599,2.07944,2.99573,5,3.70204,33,110,3.42627,490,0.992071
E3-PPOPIP-p005,35.2636,39,34,RLPolicy,1,1,0.0327008,2.46721,2.99573,6,3.55498,97,281,3.14851,490,0.98109
E3-PPOPIP-p005,35.2725,95,490,RLPolicy,1,0,0.0457736,3.46574,2.99573,7,3.63567,222,228,3.39485,490,0.98984
E3-PPOPIP-p005,35.2763,281,143,RLPolicy,1,1,0.0994478,2.07944,2.99573,5,4.10425,9,31,3.89949,490,1.00123
E3-PPOPIP-p005,35.28,226,312,RLPolicy,1,0,0.0740335,4.15888,2.99573,8,4.82885,275,282,4.39062,490,1.01052
E3-PPOPIP-p005,35.2872,59,395,RLPolicy,1,1,0.0475192,2.77259,2.99573,6,4.21793,67,238,3.81712,490,0.98749
E3-PPOPIP-p005,35.2882,162,369,RLPolicy,0,0,0.0203733,5.54518,2.99573,9,3.89822,200,208,3.54056,490,1.00582
E3-PPOPIP-p005,35.3079,114,438,RLPolicy,0,0,0.00479842,2.77259,2.99573,5,3.33253,5,9,3.25183,492,1
E3-PPOPIP-p005,35.3116,49,427,RLPolicy,0,0,0.0332976,5.54518,2.99573,9,7.00283,225,233,6.61055,492,1.00817
E3-PPOPIP-p005,35.3155,278,308,RLPolicy,1,1,0.0819909,2.07944,2.99573,5,3.14423,29,157,2.89025,492,0.997769
E3-PPOPIP-p005,35.317,68,198,RLPolicy,0,0,0.0527066,5.39103,2.99573,9,3.13009,270,278,2.82553,492,1.00551
E3-PPOPIP-p005,35.3184,86,227,RLPolicy,0,0,0.0467362,5.54518,2.99573,9,2.63679,236,244,2.50977,5,1.01868
E3-PPOPIP-p005,35.3214,172,13,RLPolicy,1,1,0.0640333,1.38629,2.99573,4,4.28315,0,173,3.93866,492,0.974743
E3-PPOPIP-p005,35.3274,269,224,RLPolicy,1,1,0.0688399,2.07944,2.99573,5,4.00029,108,233,3.68855,492,0.997769
E3-PPOPIP-p005,35.3299,195,281,RLPolicy,1,0,0.0775043,3.46574,2.99573,7,5.23198,216,222,4.37397,492,1.00135
E3-PPOPIP-p005,35.3387,324,83,RLPolicy,1,1,0.104253,2.77259,2.99573,6,3.66199,225,233,3.37168,492,0.998884
E3-PPOPIP-p005,35.3471,1,4,RLPolicy,1,0,0.00846088,4.15888,2.99573,8,3.71718,177,184,3.42867,492,1.003
E3-PPOPIP-p005,35.3536,266,93,RLPolicy,1,0,0.0845487,3.46574,2.99573,7,3.86234,293,299,3.48311,492,1.00123
E3-PPOPIP-p005,35.3617,299,161,RLPolicy,1,0,0.0873422,4.15888,2.99573,8,3.16917,286,293,2.87038,492,1.01163
E3-PPOPIP-p005,35.3654,7,91,RLPolicy,1,1,0.0407412,2.68483,2.99573,7,3.60229,262,337,3.16535,492,0.984753
E3-PPOPIP-p005,35.379,262,450,RLPolicy,1,1,0.0873673,2.07944,2.99573,5,5.87553,76,176,5.46957,492,1.00705
E3-PPOPIP-p005,35.387,204,219,RLPolicy,1,1,0.0602974,2.77259,2.99573,6,4.07428,134,285,3.50873,492,0.988606
E3-PPOPIP-p005,35.3911,8,6,RLPolicy,0,0,0.0419656,4.93441,2.99573,9,4.32913,407,415,3.68972,492,0.997769
E3-PPOPIP-p005,35.3993,186,63,RLPolicy,1,1,0.0582393,2.07944,2.99573,5,4.35842,1,222,3.89478,492,0.990956
E3-PPOPIP-p005,35.4143,97,326,RLPolicy,1,0,0.00864737,4.15888,2.99573,8,4.8349,337,344,4.44868,492,0.986374
E3-PPOPIP-p005,35.416,17,275,RLPolicy,1,1,0.0392056,2.8419,2.99573,7,6.98475,291,321,6.61386,492,1.00587
E3-PPOPIP-p005,35.4189,103,136,RLPolicy,1,1,0.0565365,2.77259,2.99573,6,4.69898,223,241,4.37955,492,0.996653
E3-PPOPIP-p005,35.4203,207,188,RLPolicy,0,0,0.0714743,5.54518,2.99573,9,3.37529,257,265,2.9806,492,1.00705
E3-PPOPIP-p005,35.4255,67,7,RLPolicy,1,1,0.0479907,2.07944,2.99573,5,5.85789,105,274,5.33881,492,0.988724
E3-PPOPIP-p005,35.4363,336,183,RLPolicy,1,1,0.0810374,1.38629,2.99573,4,4.06137,0,190,3.61422,492,0.991953
E3-PPOPIP-p005,35.441,311,448,RLPolicy,1,1,0.074561,2.07944,2.99573,5,3.99543,47,189,3.47374,492,0.995419
E3-PPOPIP-p005,35.4445,154,249,RLPolicy,1,0,0.0692698,3.46574,2.99573,7,3.64688,178,184,3.30878,492,0.996653
E3-PPOPIP-p005,35.4481,166,239,RLPolicy,0,0,0.0650786,5.54518,2.99573,9,7.17717,365,373,6.64421,492,1.01052
E3-PPOPIP-p005,35.4504,334,405,RLPolicy,1,1,0.0870538,2.07944,2.99573,5,4.93504,81,231,4.40205,492,0.995419
E3-PPOPIP-p005,35.4573,74,433,RLPolicy,1,1,0.0310064,2.77259,2.99573,6,3.93785,33,216,3.41567,492,0.994421
E3-PPOPIP-p005,35.4602,65,24,RLPolicy,1,1,0.0441505,2.77259,2.99573,6,4.81877,128,137,4.50983,492,1.00828
E3-PPOPIP-p005,35.4684,61,260,RLPolicy,1,0,0.045726,3.15743,2.99573,7,4.13781,261,267,3.68472,492,1.0029
E3-PPOPIP-p005,35.4797,243,28,RLPolicy,1,1,0.0584133,0.693147,2.99573,3,3.6583,0,153,3.3834,492,0.989721
E3-PPOPIP-p005,35.4817,48,464,RLPolicy,1,1,0.0418071,0.693147,2.99573,3,4.14132,0,135,3.79951,492,0.964464
E3-PPOPIP-p005,35.485,284,242,RLPolicy,1,1,0.0755721,1.38629,2.99573,4,3.78211,0,186,3.42392,492,0.990837
E3-PPOPIP-p005,35.4918,101,59,RLPolicy,1,1,0.0534014,2.77259,2.99573,6,4.11846,178,193,3.75485,492,0.992071
E3-PPOPIP-p005,35.5034,55,389,RLPolicy,0,0,0.0473794,5.54518,2.99573,9,4.29252,142,150,3.91777,492,0.999079
E3-PPOPIP-p005,35.5042,182,455,RLPolicy,1,0,0.0688314,3.46574,2.99573,7,4.78897,190,196,4.47978,492,1.00358
E3-PPOPIP-p005,35.5064,271,369,RLPolicy,0,0,0.0955533,5.54518,2.99573,9,4.18329,242,250,3.87121,492,1.00123
E3-PPOPIP-p005,35.5071,274,459,RLPolicy,1,1,0.0926419,2.77259,2.99573,6,4.30296,202,210,3.98059,492,1.00012
E3-PPOPIP-p005,35.5086,294,175,RLPolicy,1,1,0.0772609,2.77259,2.99573,6,3.70626,230,274,3.45263,492,0.987371
E3-PPOPIP-p005,35.5136,125,222,RLPolicy,1,1,0.0615324,2.77259,2.99573,6,4.10879,266,296,3.74073,492,0.993306
E3-PPOPIP-p005,35.5143,93,476,RLPolicy,1,0,0.0402832,4.69788,2.99573,9,3.59176,421,429,3.23066,492,1.00127
E3-PPOPIP-p005,35.5147,53,384,RLPolicy,1,0,0.017972,3.46574,2.99573,7,4.07371,234,240,3.53851,492,1.00058
E3-PPOPIP-p005,35.5167,298,276,RLPolicy,1,1,0.0955332,2.07944,2.99573,5,3.78037,81,179,3.35558,492,0.994303
E3-PPOPIP-p005,35.5226,44,39,RLPolicy,1,1,0.0406034,2.85497,2.99573,7,3.65361,205,228,3.40546,492,0.985672
E3-PPOPIP-p005,35.5304,0,171,RLPolicy,1,0,0.0191744,4.15888,2.99573,8,3.97673,339,346,3.65082,492,1.01134
E3-PPOPIP-p005,35.5403,208,62,RLPolicy,1,1,0.0632567,2.77259,2.99573,6,3.53855,168,180,3.20479,492,0.986256
E3-PPOPIP-p005,35.5422,118,257,RLPolicy,1,1,0.0537049,2.07944,2.99573,5,4.64313,32,282,4.15616,492,0.975977
E3-PPOPIP-p005,35.547,91,288,RLPolicy,1,1,0.0543771,2.77259,2.99573,6,3.65476,118,240,3.2664,492,0.993306
E3-PPOPIP-p005,35.5525,148,114,RLPolicy,0,0,0.00357645,2.07944,2.99573,4,2.67748,6,9,2.61548,492,1
E3-PPOPIP-p005,35.5799,175,79,RLPolicy,1,1,0.0626588,2.77259,2.99573,6,4.27259,71,94,3.8414,492,0.993225
E3-PPOPIP-p005,35.5806,257,248,RLPolicy,1,1,0.0717715,2.07944,2.99573,5,5.60386,48,208,5.22379,492,0.982019
E3-PPOPIP-p005,35.5885,183,487,RLPolicy,1,1,0.0723535,2.77259,2.99573,6,4.27306,198,223,4.03247,492,0.994421
E3-PPOPIP-p005,35.5967,309,456,RLPolicy,1,0,0.0848222,4.69788,2.99573,9,4.40689,261,269,3.87384,492,1.00851
E3-PPOPIP-p005,35.6241,320,95,RLPolicy,1,0,0.091231,4.85203,2.99573,9,3.5536,225,233,3.08503,494,1.00928
E3-PPOPIP-p005,35.6286,325,166,RLPolicy,1,0,0.0930354,3.46574,2.99573,7,3.86883,304,310,3.40203,494,1.00235
E3-PPOPIP-p005,35.6356,117,264,RLPolicy,1,1,0.0545081,1.38629,2.99573,4,8.15335,0,104,7.84162,494,0.995537
E3-PPOPIP-p005,35.6357,200,471,RLPolicy,1,1,0.0664188,2.77259,2.99573,6,5.1022,163,300,4.59569,494,0.999003
E3-PPOPIP-p005,35.6516,89,68,RLPolicy,1,0,0.0344293,3.46574,2.99573,7,3.27827,272,278,2.91236,494,0.988724
E3-PPOPIP-p005,35.6517,215,459,RLPolicy,1,0,0.00898826,4.15888,2.99573,8,3.27139,249,256,2.98942,494,1.00358
E3-PPOPIP-p005,35.6535,181,270,RLPolicy,0,0,0.0657209,5.54518,2.99573,9,4.40116,211,219,3.90138,494,1.00817
E3-PPOPIP-p005,35.6635,170,481,RLPolicy,1,1,0.0614087,2.77259,2.99573,6,3.81947,140,312,3.51124,494,0.98514
E3-PPOPIP-p005,35.6645,190,102,RLPolicy,1,1,0.0579208,2.07944,2.99573,5,4.43618,51,229,3.97772,494,0.991867
E3-PPOPIP-p005,35.6715,227,73,RLPolicy,1,1,0.0570024,2.77259,2.99573,6,3.58417,95,289,3.17232,494,0.998232
E3-PPOPIP-p005,35.6757,83,93,RLPolicy,1,1,0.0529157,2.77259,2.99573,6,3.71318,231,251,3.47203,494,0.986374
E3-PPOPIP-p005,35.6794,203,310,RLPolicy,1,1,0.0547267,0.693147,2.99573,3,5.02265,0,128,4.77827,494,0.990837
E3-PPOPIP-p005,35.6803,60,296,RLPolicy,1,1,0.0471584,2.77259,2.99573,6,5.6865,79,241,5.21744,494,1.01645
E3-PPOPIP-p005,35.6869,35,174,RLPolicy,1,1,0.0386037,2.46721,2.99573,6,3.55453,69,245,3.14991,494,0.979443
E3-PPOPIP-p005,35.6932,249,170,RLPolicy,1,1,0.0864276,2.61844,2.99573,6,3.93281,82,147,3.59445,494,1.01244
E3-PPOPIP-p005,35.6973,134,237,RLPolicy,1,0,0.0631058,4.15888,2.99573,8,3.12125,143,150,2.76779,494,1.01163
E3-PPOPIP-p005,35.7002,139,151,RLPolicy,1,1,0.0519811,0.693147,2.99573,3,3.09988,0,71,2.93641,495,0.992071
E3-PPOPIP-p005,35.7018,11,412,RLPolicy,1,1,0.00726233,2.85497,2.99573,7,2.8753,164,179,2.63644,495,1.00165
E3-PPOPIP-p005,35.7058,317,179,RLPolicy,1,1,0.0854735,2.77259,2.99573,6,4.10623,212,245,3.76741,495,0.998884
E3-PPOPIP-p005,35.7059,244,149,RLPolicy,1,1,0.076746,2.31014,2.99573,6,7.22837,144,283,6.86221,495,0.995494
E3-PPOPIP-p005,35.7059,213,264,RLPolicy,1,1,0.0778758,2.77259,2.99573,6,3.61547,172,179,3.38007,495,0.986256
E3-PPOPIP-p005,35.723,150,293,RLPolicy,1,0,0.0584965,4.15888,2.99573,8,3.64688,320,327,3.28999,495,1.03019
E3-PPOPIP-p005,35.7244,169,97,RLPolicy,1,1,0.0611483,1.38629,2.99573,4,3.73835,0,123,3.52767,495,0.986719
E3-PPOPIP-p005,35.7316,218,0,RLPolicy,1,1,0.07783,2.77259,2.99573,6,3.63457,219,233,3.38822,495,0.989721
E3-PPOPIP-p005,35.733,116,289,RLPolicy,1,0,0.0542427,4.69788,2.99573,9,4.49417,176,184,4.19925,495,0.993651
E3-PPOPIP-p005,35.7398,27,176,RLPolicy,1,1,0.0398554,2.85497,2.99573,7,4.43961,304,316,4.11057,495,0.992723
E3-PPOPIP-p005,35.7462,219,317,RLPolicy,1,0,0.00825688,3.15743,2.99573,7,3.99411,253,259,3.59005,495,0.997461
E3-PPOPIP-p005,35.7536,333,467,RLPolicy,1,1,0.0858355,2.07944,2.99573,5,4.17,78,278,3.61818,495,0.995419
E3-PPOPIP-p005,35.7555,330,285,RLPolicy,1,1,0.102708,2.77259,2.99573,6,3.66231,296,325,3.32528,495,0.998884
E3-PPOPIP-p005,35.7559,319,141,RLPolicy,1,0,0.00943771,4.15888,2.99573,8,3.36406,317,324,3.01433,495,1.00582
E3-PPOPIP-p005,35.7595,295,252,RLPolicy,1,0,0.0977572,3.46574,2.99573,7,3.45439,296,302,3.23168,495,0.997769
E3-PPOPIP-p005,35.7615,220,358,RLPolicy,1,0,0.00981866,4.85203,2.99573,9,3.12762,413,421,2.80127,495,1.01287
E3-PPOPIP-p005,35.767,224,312,RLPolicy,1,1,0.077878,1.38629,2.99573,4,3.54139,0,95,3.27567,495,0.982586
E3-PPOPIP-p005,35.7683,73,14,RLPolicy,1,0,0.0449543,3.46574,2.99573,7,3.98984,286,292,3.75809,495,0.98984
E3-PPOPIP-p005,35.7693,82,287,RLPolicy,1,1,0.0525031,2.77259,2.99573,6,3.29446,188,261,3.06254,495,0.986374
E3-PPOPIP-p005,35.774,152,278,RLPolicy,1,1,0.0527087,2.77259,2.99573,6,3.35057,55,204,3.05328,495,0.997887
E3-PPOPIP-p005,35.7834,296,202,RLPolicy,1,1,0.0979816,2.77259,2.99573,6,3.29175,241,299,3.02779,495,0.998884
E3-PPOPIP-p005,35.7851,340,97,RLPolicy,1,0,0.0910395,4.15888,2.99573,8,3.3732,427,434,2.91742,495,1.00582
E3-PPOPIP-p005,35.7905,223,252,RLPolicy,0,0,0.0786297,5.7275,2.99573,9,2.56971,440,448,2.44801,2,1.00012
E3-PPOPIP-p005,35.8064,211,473,RLPolicy,1,1,0.0672079,0.693147,2.99573,3,3.18656,0,72,3.02718,495,0.986256
E3-PPOPIP-p005,35.8082,313,467,RLPolicy,1,1,0.0795669,2.07944,2.99573,5,3.57132,79,265,3.14024,495,0.994303
E3-PPOPIP-p005,35.8227,94,210,RLPolicy,1,0,0.0490767,4.69788,2.99573,9,3.46277,387,395,3.15629,495,1.01021
E3-PPOPIP-p005,35.8236,5,51,RLPolicy,1,0,0.0337859,4.54665,2.99573,9,8.42,317,325,7.95376,495,1.00094
E3-PPOPIP-p005,35.8249,113,46,RLPolicy,1,0,0.0447961,3.46574,2.99573,7,4.57733,239,245,4.12347,495,0.977556
E3-PPOPIP-p005,35.8317,198,240,RLPolicy,1,1,0.0658538,2.61844,2.99573,6,4.8423,115,214,4.24555,495,0.991338
E3-PPOPIP-p005,35.8346,92,447,RLPolicy,1,1,0.0502453,2.07944,2.99573,5,2.95028,21,76,2.70278,495,1.0084
E3-PPOPIP-p005,35.8409,279,343,RLPolicy,1,0,0.0840191,4.15888,2.99573,8,4.25949,280,287,3.85104,495,1.0151
E3-PPOPIP-p005,35.8457,129,459,RLPolicy,1,0,0.055477,4.15888,2.99573,8,4.19611,227,234,3.77206,495,1.01522
E3-PPOPIP-p005,35.8562,22,253,RLPolicy,1,1,0.0477063,2.46721,2.99573,6,4.1537,190,290,3.72664,495,0.97457
E3-PPOPIP-p005,35.8632,34,7,RLPolicy,1,1,0.0404788,2.26176,2.99573,5,3.87657,76,307,3.2875,495,0.975482
E3-PPOPIP-p005,35.874,292,167,RLPolicy,1,1,0.0957908,2.46429,2.99573,6,3.2009,200,261,2.88417,495,0.998922
E3-PPOPIP-p005,35.8742,230,282,RLPolicy,0,0,0.0096871,5.54518,2.99573,9,2.71757,88,96,2.46946,495,1
E3-PPOPIP-p005,35.8759,157,7,RLPolicy,1,1,0.0645711,1.38629,2.99573,4,3.27294,0,66,3.10306,495,0.988606
E3-PPOPIP-p005,35.8791,58,17,RLPolicy,1,0,0.0520301,3.16035,2.99573,7,5.72847,297,303,5.22534,495,0.969457
E3-PPOPIP-p005,35.9059,136,408,RLPolicy,1,1,0.0400339,0.693147,2.99573,3,7.50663,0,122,7.26427,497,0.977093
E3-PPOPIP-p005,35.9171,236,263,RLPolicy,1,1,0.0750879,2.77259,2.99573,6,3.50721,154,269,3.09187,497,0.992071
E3-PPOPIP-p005,35.9265,104,377,RLPolicy,1,1,0.0400715,0.693147,2.99573,3,4.01311,0,156,3.75465,497,0.989414
E3-PPOPIP-p005,35.9609,159,88,RLPolicy,1,0,0.0635229,3.46574,2.99573,7,3.10923,192,198,2.8518,497,1.00358
E3-PPOPIP-p005,35.9629,246,499,RLPolicy,0,0,0.0203811,5.54518,2.99573,9,4.8972,306,314,4.37014,497,0.997769
E3-PPOPIP-p005,35.9719,41,338,RLPolicy,1,1,0.0419697,1.08091,2.99573,4,3.52674,0,254,3.27786,497,0.964585
E3-PPOPIP-p005,35.9815,69,415,RLPolicy,1,1,0.057133,2.77259,2.99573,6,5.77908,194,281,5.29391,497,0.985259
E3-PPOPIP-p005,35.9821,42,404,RLPolicy,1,0,0.0404486,3.8535,2.99573,8,3.86827,262,269,3.3816,497,1.00697
E3-PPOPIP-p005,35.9881,239,346,RLPolicy,1,1,0.067586,2.07944,2.99573,5,3.2776,21,107,3.04459,497,1.00593
E3-PPOPIP-p005,35.9924,199,129,RLPolicy,0,0,0.0749741,5.54518,2.99573,9,4.71514,370,378,3.88989,497,1.01052
E3-PPOPIP-p005,36.0027,111,491,RLPolicy,1,1,0.0582721,2.07944,2.99573,5,4.8132,48,259,4.31525,498,0.975977
E3-PPOPIP-p005,36.0045,304,259,RLPolicy,1,1,0.0979813,2.77259,2.99573,6,2.95431,177,183,2.76716,498,1.0047
E3-PPOPIP-p005,36.0099,289,129,RLPolicy,0,0,0.0096474,5.54518,2.99573,9,2.82338,137,145,2.53548,498,1
E3-PPOPIP-p005,36.0112,194,487,RLPolicy,1,1,0.0707971,1.23214,2.99573,4,6.7635,0,198,6.02319,498,0.973972
E3-PPOPIP-p005,36.0119,30,291,RLPolicy,1,1,0.0378051,1.46868,2.99573,5,5.40075,0,164,4.96107,498,0.993426
E3-PPOPIP-p005,36.0147,240,401,RLPolicy,1,1,0.0705658,2.31014,2.99573,6,3.12716,58,201,2.80808,498,1.00474
E3-PPOPIP-p005,36.0153,21,437,RLPolicy,1,1,0.037709,2.07944,2.99573,5,5.57597,63,252,5.13881,498,0.991076
E3-PPOPIP-p005,36.0171,24,396,RLPolicy,1,0,0.0482842,3.93589,2.99573,9,5.25871,411,419,4.61126,498,0.980679
E3-PPOPIP-p005,36.0191,10,82,RLPolicy,1,1,0.0400343,2.46721,2.99573,6,3.0252,59,77,2.83766,498,0.983852
E3-PPOPIP-p005,36.0209,222,22,RLPolicy,1,1,0.0803707,2.77259,2.99573,6,3.32318,215,283,2.99611,498,1.00247
E3-PPOPIP-p005,36.0235,98,442,RLPolicy,1,0,0.0476137,3.46574,2.99573,7,3.5308,239,245,3.25282,498,1.00024
E3-PPOPIP-p005,36.0273,2,439,RLPolicy,1,1,0.0265467,0.693147,2.99573,3,4.69086,0,105,4.30145,498,0.974743
E3-PPOPIP-p005,36.0348,4,497,RLPolicy,1,0,0.0376469,3.8535,2.99573,8,4.41097,207,214,3.6664,498,1.00981
E3-PPOPIP-p005,36.0396,29,312,RLPolicy,1,1,0.033592,2.16183,2.99573,6,5.10865,100,254,4.48974,498,1.00288
E3-PPOPIP-p005,36.0439,179,7,RLPolicy,1,1,0.0458089,1.38629,2.99573,4,4.68734,0,148,4.3104,498,0.977093
E3-PPOPIP-p005,36.0519,64,188,RLPolicy,0,0,0.0100805,5.54518,2.99573,9,6.7184,322,330,6.01397,498,0.98749
E3-PPOPIP-p005,36.0839,191,458,RLPolicy,1,1,0.0527043,2.77259,2.99573,6,4.85833,130,266,4.30204,498,1.00593
E3-PPOPIP-p005,36.0842,345,369,RLPolicy,0,0,0.0102615,5.54518,2.99573,9,4.64989,197,205,3.94381,498,1
E3-PPOPIP-p005,36.086,270,103,RLPolicy,1,1,0.0681294,2.77259,2.99573,6,4.81781,65,315,4.05636,498,0.996653
E3-PPOPIP-p005,36.0892,188,477,RLPolicy,1,0,0.059497,4.15888,2.99573,8,3.89546,228,235,3.52764,498,1.01398
E3-PPOPIP-p005,36.1025,75,312,RLPolicy,1,1,0.0572715,2.77259,2.99573,6,4.63116,203,267,4.1743,501,1.00247
E3-PPOPIP-p005,36.1025,264,492,RLPolicy,1,0,0.00685942,3.46574,2.99573,7,3.74196,319,325,3.33346,501,1.00012
E3-PPOPIP-p005,36.1073,315,350,RLPolicy,0,0,0.0997522,5.23688,2.99573,9,3.72214,264,272,3.13514,501,1.00928
E3-PPOPIP-p005,36.1107,216,225,RLPolicy,0,0,0.0777387,5.7275,2.99573,9,4.59654,468,476,4.34016,1,1.00012
E3-PPOPIP-p005,36.1153,107,411,RLPolicy,1,0,0.00886084,4.15888,2.99573,8,4.5493,314,321,3.91089,501,0.98984
E3-PPOPIP-p005,36.1207,57,100,RLPolicy,1,0,0.0495616,4.15888,2.99573,8,4.75196,203,210,4.19909,501,1.02062
E3-PPOPIP-p005,36.124,221,240,RLPolicy,1,1,0.0683915,2.07944,2.99573,5,3.53599,77,136,3.26335,501,0.992071
E3-PPOPIP-p005,36.1459,122,228,RLPolicy,1,0,0.0531194,4.85203,2.99573,9,4.43349,323,331,3.93586,501,0.99219
E3-PPOPIP-p005,36.1563,231,17,RLPolicy,1,1,0.0830082,2.77259,2.99573,6,4.19303,223,241,3.73656,501,0.988606
E3-PPOPIP-p005,36.1819,131,157,RLPolicy,1,1,0.0526438,2.77259,2.99573,6,6.01765,171,199,5.71016,501,0.988606
E3-PPOPIP-p005,36.1834,31,279,RLPolicy,1,1,0.0377438,0.387766,2.99573,3,5.13138,0,123,4.92376,501,0.981382
E3-PPOPIP-p005,36.1971,233,129,RLPolicy,1,0,0.0655036,4.85203,2.99573,9,3.42172,335,343,3.02152,501,1.01163
E3-PPOPIP-p005,36.2109,33,172,RLPolicy,1,1,0.044756,2.54959,2.99573,7,5.60931,75,357,4.73601,501,0.973044
E3-PPOPIP-p005,36.2227,335,410,RLPolicy,1,1,0.0992002,2.77259,2.99573,6,3.92101,171,192,3.60502,501,0.998884
E3-PPOPIP-p005,36.2356,286,55,RLPolicy,1,0,0.07999,3.46574,2.99573,7,4.45898,299,305,3.88123,501,1.01163
E3-PPOPIP-p005,36.2357,71,412,RLPolicy,0,0,0.038818,5.54518,2.99573,9,4.33474,201,209,3.72113,501,1.02784
E3-PPOPIP-p005,36.2393,301,270,RLPolicy,0,0,0.00967892,5.54518,2.99573,9,3.30499,111,119,2.82885,501,1.00928
E3-PPOPIP-p005,36.2397,174,282,RLPolicy,1,1,0.0694885,2.77259,2.99573,6,4.18438,232,252,3.87277,501,1.01256
E3-PPOPIP-p005,36.241,259,307,RLPolicy,1,1,0.00682455,2.77259,2.99573,6,4.42888,206,218,3.82986,501,1.00358
E3-PPOPIP-p005,36.2418,70,439,RLPolicy,1,0,0.0412339,3.46574,2.99573,7,3.55007,248,254,3.22783,501,1.00952
E3-PPOPIP-p005,36.2496,285,268,RLPolicy,1,1,0.091754,2.07944,2.99573,5,7.55051,113,235,7.10986,501,0.994303
E3-PPOPIP-p005,36.2502,314,255,RLPolicy,1,1,0.0819958,2.77259,2.99573,6,3.80592,52,182,3.47133,501,1.00123
E3-PPOPIP-p005,36.2562,338,187,RLPolicy,1,1,0.0810993,0.693147,2.99573,3,3.85527,0,112,3.57013,501,0.988487
E3-PPOPIP-p005,36.2586,137,243,RLPolicy,1,0,0.0655723,4.85203,2.99573,9,4.01811,299,307,3.58076,501,1.0094
E3-PPOPIP-p005,36.2636,84,492,RLPolicy,1,1,0.0438775,2.77259,2.99573,6,3.75107,131,374,3.27376,501,0.997887
E3-PPOPIP-p005,36.2692,326,243,RLPolicy,0,0,0.00956953,5.7275,2.99573,9,3.00056,492,500,2.77366,5,1
E3-PPOPIP-p005,36.2748,185,502,RLPolicy,1,1,0.0600677,0.693147,2.99573,3,4.51449,0,67,4.09623,501,1.00247
E3-PPOPIP-p005,36.2918,142,462,RLPolicy,1,1,0.0558181,2.07944,2.99573,5,4.23233,76,158,3.80026,501,0.988606
E3-PPOPIP-p005,36.2992,120,364,RLPolicy,1,1,0.00603498,2.77259,2.99573,6,4.6757,39,46,4.35908,501,0.998884
E3-PPOPIP-p005,36.302,87,129,RLPolicy,1,1,0.0524127,2.07944,2.99573,5,3.62479,130,213,3.32282,501,0.982908
E3-PPOPIP-p005,36.3023,242,172,RLPolicy,1,1,0.0697029,2.77259,2.99573,6,4.44974,58,323,3.79396,501,1.00593
E3-PPOPIP-p005,36.3024,255,40,RLPolicy,1,1,0.0673791,2.07944,2.99573,5,5.95678,75,249,5.37826,501,1.00358
E3-PPOPIP-p005,36.3053,235,185,RLPolicy,1,1,0.0653805,2.77259,2.99573,6,4.87596,46,213,4.57129,501,0.993187
E3-PPOPIP-p005,36.3133,100,471,RLPolicy,1,1,0.0517454,2.61844,2.99573,6,4.74695,131,339,3.9588,501,0.981367
E3-PPOPIP-p005,36.3137,165,426,RLPolicy,1,0,0.0671409,4.15888,2.99573,8,3.99389,155,162,3.63081,501,1.00135
E3-PPOPIP-p005,36.3206,178,213,RLPolicy,0,0,0.0746081,5.23688,2.99573,9,3.09718,231,239,2.66775,501,1.01009
E3-PPOPIP-p005,36.3214,261,89,RLPolicy,1,1,0.0739222,2.77259,2.99573,6,7.38301,242,280,7.03408,501,0.997769
E3-PPOPIP-p005,36.3245,23,57,RLPolicy,1,0,0.0411072,3.24274,2.99573,8,4.41188,236,243,4.07105,501,0.98773
E3-PPOPIP-p005,36.3289,77,4,RLPolicy,1,0,0.00847449,4.15888,2.99573,8,4.568,269,276,4.29129,501,0.988724
E3-PPOPIP-p005,36.3391,272,480,RLPolicy,1,0,0.0908558,3.46574,2.99573,7,4.41469,286,292,4.09538,501,0.996653
E3-PPOPIP-p005,36.3412,79,426,RLPolicy,1,0,0.0577954,4.15888,2.99573,8,4.66165,158,165,4.33979,501,0.988724
E3-PPOPIP-p005,36.3419,32,274,RLPolicy,0,0,0.0429764,5.54518,2.99573,9,3.80143,436,444,3.51158,1,0.984265
E3-PPOPIP-p005,36.3422,291,252,RLPolicy,1,0,0.0826319,3.46574,2.99573,7,3.54343,283,289,3.14749,501,0.990837
E3-PPOPIP-p005,36.3441,37,294,RLPolicy,1,1,0.0345157,2.54959,2.99573,7,3.42027,163,250,3.08814,501,1.00036
E3-PPOPIP-p005,36.3551,189,37,RLPolicy,1,1,0.0738266,2.77259,2.99573,6,4.24314,185,205,3.9553,501,1.0198
E3-PPOPIP-p005,36.3644,187,188,RLPolicy,0,0,0.0577252,5.54518,2.99573,9,5.3615,274,282,4.89145,501,1.0017
E3-PPOPIP-p005,36.3696,140,137,RLPolicy,1,0,0.0446826,4.85203,2.99573,9,5.27706,328,336,4.81052,501,1.00247
E3-PPOPIP-p005,36.4018,288,405,RLPolicy,1,1,0.0931072,2.77259,2.99573,6,3.95629,156,182,3.62748,502,0.989721
E3-PPOPIP-p005,36.4023,146,151,RLPolicy,0,0,0.0535216,5.54518,2.99573,9,4.0342,208,216,3.4047,502,1.02326
E3-PPOPIP-p005,36.4122,241,235,RLPolicy,1,1,0.0818597,2.77259,2.99573,6,3.60469,209,258,3.15701,502,1.0094
E3-PPOPIP-p005,36.4188,112,210,RLPolicy,0,0,0.0612077,5.39103,2.99573,9,4.23753,353,361,3.76066,502,0.967504
E3-PPOPIP-p005,36.4192,337,225,RLPolicy,0,0,0.0963769,5.54518,2.99573,9,3.79575,262,270,3.20716,502,1
E3-PPOPIP-p005,36.42,121,271,RLPolicy,1,0,0.00968639,4.85203,2.99573,9,4.13946,344,352,3.45801,502,1.01163
E3-PPOPIP-p005,36.4223,171,153,RLPolicy,1,1,0.0560965,2.07944,2.99573,5,3.60819,65,159,3.24791,502,1.00135
E3-PPOPIP-p005,36.4275,353,114,RLPolicy,0,0,0.00356984,2.07944,2.99573,4,3.05648,5,8,2.98673,502,1
E3-PPOPIP-p005,36.4309,108,122,RLPolicy,1,1,0.0511386,1.38629,2.99573,4,3.99578,0,121,3.60679,502,0.986374
E3-PPOPIP-p005,36.4329,214,291,RLPolicy,1,1,0.0693381,2.07944,2.99573,5,5.97572,88,199,5.53425,502,1.00135
E3-PPOPIP-p005,36.4532,28,365,RLPolicy,1,0,0.0342002,3.16035,2.99573,7,8.49069,275,281,7.98365,502,0.971861
E3-PPOPIP-p005,36.4551,256,198,RLPolicy,1,0,0.0819184,3.46574,2.99573,7,3.6528,134,140,3.23039,502,1.01163
E3-PPOPIP-p005,36.4579,184,399,RLPolicy,1,1,0.0527813,2.77259,2.99573,6,4.83935,116,332,4.23955,502,0.99288
E3-PPOPIP-p005,36.4648,303,127,RLPolicy,0,0,0.0816409,5.54518,2.99573,9,3.26681,160,168,2.94573,502,1
E3-PPOPIP-p005,36.4663,72,206,RLPolicy,0,0,0.03423,5.54518,2.99573,9,4.47036,187,195,3.9308,502,1.00135
E3-PPOPIP-p005,36.4724,258,372,RLPolicy,1,1,0.0680236,2.77259,2.99573,6,4.82503,143,285,4.2031,502,0.989721
E3-PPOPIP-p005,36.4732,133,462,RLPolicy,1,1,0.0343652,0.693147,2.99573,3,5.78488,0,117,5.50491,502,0.986374
E3-PPOPIP-p005,36.4806,85,227,RLPolicy,1,1,0.0506241,2.07944,2.99573,5,3.24548,14,78,2.99146,502,1.01175
E3-PPOPIP-p005,36.4809,18,13,RLPolicy,1,0,0.0218244,3.31159,2.99573,7,3.51778,270,276,3.22052,502,0.978314
E3-PPOPIP-p005,36.5032,212,208,RLPolicy,1,0,0.0735172,4.69788,2.99573,9,4.34926,351,359,3.84495,503,1.00863
E3-PPOPIP-p005,36.5044,6,306,RLPolicy,1,1,0.00604149,2.95491,2.99573,6,4.8331,160,175,4.42664,503,0.975193
E3-PPOPIP-p005,36.5086,341,350,RLPolicy,1,1,0.091622,2.77259,2.99573,6,3.16561,81,125,2.91059,503,0.998884
E3-PPOPIP-p005,36.5096,149,347,RLPolicy,1,1,0.0566623,1.38629,2.99573,4,3.31016,0,209,3.04013,503,0.977513
E3-PPOPIP-p005,36.5096,106,126,RLPolicy,1,1,0.0569069,2.77259,2.99573,6,3.19862,183,231,2.9703,503,0.994421
E3-PPOPIP-p005,36.5148,78,7,RLPolicy,1,0,0.0483376,3.46574,2.99573,7,4.97403,229,235,4.59211,503,1.01052
E3-PPOPIP-p005,36.5169,127,449,RLPolicy,1,1,0.0453844,1.38629,2.99573,4,4.91258,0,51,4.57617,503,0.988606
E3-PPOPIP-p005,36.5273,290,241,RLPolicy,0,0,0.0856336,5.54518,2.99573,9,5.08998,369,377,4.63337,503,0.997769
E3-PPOPIP-p005,36.5313,124,46,RLPolicy,1,1,0.0479363,1.38629,2.99573,4,4.61142,0,219,4.20094,503,0.98749
E3-PPOPIP-p005,36.5552,237,306,RLPolicy,1,1,0.0845033,2.77259,2.99573,6,3.5894,214,273,3.23594,503,0.992071
E3-PPOPIP-p005,36.5773,176,379,RLPolicy,1,1,0.0638071,2.31014,2.99573,6,3.28481,125,164,2.97618,503,0.999041
E3-PPOPIP-p005,36.5787,331,51,RLPolicy,1,0,0.00991469,4.85203,2.99573,9,3.77227,346,354,3.41005,503,1.00928
E3-PPOPIP-p005,36.5813,245,162,RLPolicy,1,0,0.063712,3.46574,2.99573,7,3.92346,243,249,3.58221,503,0.995537
E3-PPOPIP-p005,36.6005,119,5,RLPolicy,1,1,0.0592746,2.77259,2.99573,6,4.05125,219,272,3.63438,505,1.00115
E3-PPOPIP-p005,36.6015,358,214,RLPolicy,1,1,0.0888428,2.07944,2.99573,5,3.69385,1,223,3.11607,505,0.995419
E3-PPOPIP-p005,36.602,47,241,RLPolicy,1,0,0.0312429,4.24127,2.99573,9,3.76368,433,441,3.03227,505,0.978328
E3-PPOPIP-p005,36.6026,13,33,RLPolicy,1,1,0.0475952,2.77259,2.99573,6,3.99437,177,196,3.55642,505,0.98146
E3-PPOPIP-p005,36.6047,316,416,RLPolicy,1,1,0.0824997,2.77259,2.99573,6,3.24519,78,262,2.86894,505,0.998884
E3-PPOPIP-p005,36.6093,145,379,RLPolicy,1,0,0.0642674,3.46574,2.99573,7,6.40631,336,342,5.85885,505,1.02561
E3-PPOPIP-p005,36.6113,321,511,RLPolicy,1,0,0.00847075,4.15888,2.99573,8,3.38973,259,266,2.8513,505,1.00817
E3-PPOPIP-p005,36.6178,344,469,RLPolicy,1,0,0.0983406,4.15888,2.99573,8,4.48657,107,114,4.09796,505,1.00582
E3-PPOPIP-p005,36.6184,306,102,RLPolicy,1,0,0.0077561,3.46574,2.99573,7,3.27627,309,315,2.99549,505,1.00123
E3-PPOPIP-p005,36.635,147,466,RLPolicy,1,1,0.0596184,2.07944,2.99573,5,3.79956,83,160,3.4514,505,0.998696
E3-PPOPIP-p005,36.6362,163,317,RLPolicy,1,1,0.0512502,2.77259,2.99573,6,3.67859,68,316,3.37031,505,1.00828
E3-PPOPIP-p005,36.6521,90,115,RLPolicy,1,1,0.0276744,2.77259,2.99573,6,3.57136,189,199,3.22098,505,1.01175
E3-PPOPIP-p005,36.6569,350,208,RLPolicy,1,0,0.0963391,4.85203,2.99573,9,3.95309,295,303,3.38035,505,1.00928
E3-PPOPIP-p005,36.6636,287,16,RLPolicy,1,0,0.089205,5.03435,2.99573,9,4.21906,274,282,3.73314,505,1.00103
E3-PPOPIP-p005,36.6672,273,343,RLPolicy,1,1,0.0823006,2.77259,2.99573,6,4.96753,98,267,4.28954,505,0.993187
E3-PPOPIP-p005,36.6945,141,34,RLPolicy,1,1,0.0624166,2.77259,2.99573,6,5.81939,251,270,5.40557,505,1.02215
E3-PPOPIP-p005,36.6959,192,98,RLPolicy,1,0,0.0759167,3.46574,2.99573,7,3.97835,140,146,3.56481,505,1.00123
E3-PPOPIP-p005,36.6982,268,133,RLPolicy,1,1,0.0659611,2.77259,2.99573,6,5.28913,131,288,4.73099,505,0.996653
E3-PPOPIP-p005,36.7006,202,467,RLPolicy,1,1,0.0634503,2.77259,2.99573,6,4.40915,150,178,4.02847,507,1.00135
E3-PPOPIP-p005,36.7033,193,225,RLPolicy,0,0,0.00957528,5.7275,2.99573,9,4.27185,466,474,3.991,5,1.01052
E3-PPOPIP-p005,36.7076,15,331,RLPolicy,1,0,0.0333827,4.22819,2.99573,9,3.11697,275,283,2.77955,507,0.999592
E3-PPOPIP-p005,36.71,36,120,RLPolicy,1,1,0.0420304,2.77259,2.99573,6,7.0931,35,43,6.92308,507,1.01463
E3-PPOPIP-p005,36.712,332,134,RLPolicy,1,0,0.0108427,4.85203,2.99573,9,3.89152,249,257,3.45806,507,1.00928
E3-PPOPIP-p005,36.7134,247,149,RLPolicy,1,1,0.0693371,2.77259,2.99573,6,3.0996,132,238,2.90293,507,1.00705
E3-PPOPIP-p005,36.7237,260,180,RLPolicy,1,1,0.0732383,2.07944,2.99573,5,5.71072,61,151,5.27468,507,0.994303
E3-PPOPIP-p005,36.7314,135,389,RLPolicy,0,0,0.0108036,5.54518,2.99573,9,4.81109,179,187,4.47572,507,0.982908
E3-PPOPIP-p005,36.7325,318,277,RLPolicy,0,0,0.0859176,0.693147,2.99573,2,2.70953,0,1,2.66695,507,1
E3-PPOPIP-p005,36.7367,327,324,RLPolicy,1,1,0.0928194,2.77259,2.99573,6,3.82347,131,263,3.44942,507,0.994303
E3-PPOPIP-p005,36.737,253,421,RLPolicy,1,1,0.0654481,2.07944,2.99573,5,3.43675,81,193,3.10095,507,0.999003
E3-PPOPIP-p005,36.7389,229,129,RLPolicy,0,0,0.0745797,5.54518,2.99573,9,3.74331,354,362,3.20841,507,1.00817
E3-PPOPIP-p005,36.7418,251,106,RLPolicy,1,1,0.0702755,2.77259,2.99573,6,4.28617,176,310,3.72726,507,0.987064
E3-PPOPIP-p005,36.7426,156,66,RLPolicy,1,1,0.0482476,2.07944,2.99573,5,4.15411,29,290,3.5849,507,0.990956
E3-PPOPIP-p005,36.7626,277,318,RLPolicy,0,0,0.0774025,0.693147,2.99573,2,3.34359,0,1,3.28307,507,1
E3-PPOPIP-p005,36.7677,248,280,RLPolicy,1,0,0.0621111,3.46574,2.99573,7,3.72966,181,187,3.42257,507,0.99053
E3-PPOPIP-p005,36.7705,310,305,RLPolicy,1,1,0.0801151,2.77259,2.99573,6,3.31505,90,316,3.01923,507,0.998884
E3-PPOPIP-p005,36.7751,138,283,RLPolicy,1,1,0.0626535,2.77259,2.99573,6,4.73194,222,248,4.36751,507,1.00482
E3-PPOPIP-p005,36.7786,51,6,RLPolicy,1,0,0.0319027,3.46574,2.99573,7,3.17168,145,151,2.96152,507,1.01757
E3-PPOPIP-p005,36.7823,88,245,RLPolicy,1,1,0.0509293,2.77259,2.99573,6,4.72675,212,251,4.27633,507,1.01992
E3-PPOPIP-p005,36.7841,153,344,RLPolicy,1,0,0.0511009,3.24259,2.99573,7,4.26904,170,176,3.89746,507,1.00486
E3-PPOPIP-p005,36.7907,99,453,RLPolicy,1,0,0.0399416,3.46574,2.99573,7,4.47627,214,220,3.81181,507,0.996771
E3-PPOPIP-p005,36.7911,232,376,RLPolicy,1,1,0.0823052,2.77259,2.99573,6,4.11099,136,238,3.68534,507,0.991646
E3-PPOPIP-p005,36.8035,168,515,RLPolicy,1,1,0.0554736,2.77259,2.99573,6,3.95132,37,282,3.43163,508,0.996771
E3-PPOPIP-p005,36.8131,14,113,RLPolicy,1,1,0.0329665,2.46721,2.99573,6,3.50873,116,185,3.15336,508,1.02932
E3-PPOPIP-p005,36.8147,355,314,RLPolicy,1,1,0.0889472,2.61844,2.99573,6,6.78414,139,297,6.41392,508,0.998114
E3-PPOPIP-p005,36.8149,16,242,RLPolicy,1,0,0.00861984,3.24274,2.99573,8,2.88797,322,329,2.58134,508,0.974982
E3-PPOPIP-p005,36.8287,9,5,RLPolicy,1,0,0.0254508,3.54812,2.99573,8,5.86278,297,304,5.436,508,0.986202
E3-PPOPIP-p005,36.8317,132,374,RLPolicy,1,0,0.0617802,4.15888,2.99573,8,4.10047,176,183,3.54184,508,1.00717
E3-PPOPIP-p005,36.8325,160,362,RLPolicy,1,0,0.0125642,3.46574,2.99573,7,2.97672,43,49,2.75884,508,1.00235
E3-PPOPIP-p005,36.8381,130,175,RLPolicy,1,0,0.0655655,4.15888,2.99573,8,4.00163,177,184,3.66022,508,1.02796
E3-PPOPIP-p005,36.8439,26,121,RLPolicy,1,1,0.0435745,1.38629,2.99573,4,3.97614,0,28,3.74163,508,0.99818
E3-PPOPIP-p005,36.8567,197,512,RLPolicy,0,0,0.0635597,5.54518,2.99573,9,4.52258,284,292,4.18147,508,0.999003
E3-PPOPIP-p005,36.8608,173,395,RLPolicy,1,1,0.0562886,2.77259,2.99573,6,3.76972,82,362,3.38022,508,1.00016
E3-PPOPIP-p005,36.861,297,29,RLPolicy,1,0,0.00728057,3.46574,2.99573,7,5.26638,236,242,4.81973,508,1.00705
E3-PPOPIP-p005,36.8702,252,74,RLPolicy,1,0,0.0805905,3.46574,2.99573,7,3.62234,370,376,3.208,508,1.00593
E3-PPOPIP-p005,36.8771,263,494,RLPolicy,1,0,0.0839602,3.46574,2.99573,7,6.01657,265,271,5.70253,508,1.00123
E3-PPOPIP-p005,36.8775,352,155,RLPolicy,1,1,0.109027,2.77259,2.99573,6,3.92887,192,268,3.57215,508,0.998884
E3-PPOPIP-p005,36.8776,62,31,RLPolicy,1,1,0.0481741,2.77259,2.99573,6,3.6832,81,231,3.32301,508,0.982908
E3-PPOPIP-p005,36.8782,312,433,RLPolicy,1,1,0.0905586,2.77259,2.99573,6,3.47107,227,299,3.17516,508,0.994303
E3-PPOPIP-p005,36.8788,329,30,RLPolicy,1,0,0.00966806,4.85203,2.99573,9,3.84444,344,352,3.36871,508,1.00928
E3-PPOPIP-p005,36.8808,144,138,RLPolicy,1,1,0.0650701,2.77259,2.99573,6,4.0391,207,255,3.7343,508,1.01522
E3-PPOPIP-p005,36.8852,217,482,RLPolicy,1,0,0.00861367,4.00473,2.99573,8,4.22674,349,356,3.79125,508,0.999041
E3-PPOPIP-p005,36.8936,126,488,RLPolicy,1,1,0.0610937,2.77259,2.99573,6,3.35588,126,160,3.16756,508,0.995656
E3-PPOPIP-p005,36.8989,209,114,RLPolicy,0,0,0.0496892,2.07944,2.99573,4,3.16885,5,8,3.09679,508,1
E3-PPOPIP-p005,36.9008,265,424,RLPolicy,1,1,0.0874928,2.77259,2.99573,6,4.50806,202,218,4.18439,511,1.00012
E3-PPOPIP-p005,36.9038,155,276,RLPolicy,1,1,0.0606936,2.07944,2.99573,5,3.63419,80,175,3.26934,511,0.995537
E3-PPOPIP-p005,36.9097,80,443,RLPolicy,1,0,0.0390706,4.85203,2.99573,9,7.98439,187,195,7.64034,511,1.00828
E3-PPOPIP-p005,36.9114,143,415,RLPolicy,1,0,0.00993907,4.85203,2.99573,9,3.05963,143,151,2.76082,511,1.03111
E3-PPOPIP-p005,36.9283,276,306,RLPolicy,1,0,0.0756098,3.46574,2.99573,7,7.75194,353,359,7.26984,511,0.993187
E3-PPOPIP-p005,36.9478,161,226,RLPolicy,1,1,0.0554416,2.07944,2.99573,5,3.35383,67,151,3.15098,511,0.969428
E3-PPOPIP-p005,36.9601,363,412,RLPolicy,0,0,0.00971554,5.54518,2.99573,9,3.60539,92,100,3.32031,511,1
E3-PPOPIP-p005,36.9648,205,147,RLPolicy,1,1,0.0755272,2.77259,2.99573,6,4.7311,280,298,4.29671,511,1.01175
E3-PPOPIP-p005,36.9654,40,188,RLPolicy,0,0,0.027188,5.2398,2.99573,9,4.01378,292,300,3.28537,511,0.984557
E3-PPOPIP-p005,36.9679,56,313,RLPolicy,1,1,0.0469782,2.77259,2.99573,6,3.92382,258,278,3.37616,511,0.99871
E3-PPOPIP-p005,36.9684,96,363,RLPolicy,1,0,0.0559171,4.15888,2.99573,8,3.86088,127,134,3.4995,511,0.990956
E3-PPOPIP-p005,36.9707,302,252,RLPolicy,1,1,0.0901293,2.77259,2.99573,6,3.91463,174,182,3.57741,511,0.997769
E3-PPOPIP-p005,36.9825,151,361,RLPolicy,1,1,0.0653422,2.61844,2.99573,6,4.93057,224,244,4.5867,511,0.979863
E3-PPOPIP-p005,36.985,206,176,RLPolicy,1,0,0.0817563,4.15888,2.99573,8,4.43105,212,219,3.99837,511,1.00135
E3-PPOPIP-p005,37.0111,322,495,RLPolicy,1,1,0.0828588,2.07944,2.99573,5,3.80325,26,68,3.52761,511,0.994303
E3-PPOPIP-p005,37.0274,110,427,RLPolicy,1,0,0.0528513,3.46574,2.99573,7,3.54313,177,183,3.2771,511,1.01533
E3-PPOPIP-p005,37.0415,323,349,RLPolicy,1,1,0.0810524,2.77259,2.99573,6,3.96958,60,238,3.3691,511,1.00123
E3-PPOPIP-p005,37.0461,201,125,RLPolicy,1,1,0.0607583,1.92529,2.99573,5,5.07254,63,232,4.47534,511,0.991338
E3-PPOPIP-p005,37.0479,283,474,RLPolicy,1,0,0.0788671,4.15888,2.99573,8,4.732,344,351,4.11574,511,1.01052
E3-PPOPIP-p005,37.0514,280,496,RLPolicy,1,1,0.0809706,2.77259,2.99573,6,3.62552,71,106,3.36846,511,0.997769
E3-PPOPIP-p005,37.0541,123,406,RLPolicy,1,1,0.0422766,2.77259,2.99573,6,3.42596,199,218,3.20298,511,1.01522
E3-PPOPIP-p005,37.0587,20,210,RLPolicy,1,0,0.0412515,3.6305,2.99573,9,4.72298,321,329,4.42693,511,0.98356
E3-PPOPIP-p005,37.06,3,402,RLPolicy,1,0,0.0227667,3.16035,2.99573,7,4.19887,286,292,3.89896,511,1.01316
E3-PPOPIP-p005,37.0602,19,331,RLPolicy,1,0,0.0414636,3.24274,2.99573,8,5.06583,346,353,4.2437,511,0.998127
E3-PPOPIP-p005,37.0676,367,407,RLPolicy,1,1,0.0953485,2.77259,2.99573,6,3.67008,244,278,3.3018,511,0.998884
E3-PPOPIP-p005,37.0788,307,385,RLPolicy,1,1,0.0925633,2.77259,2.99573,6,3.50667,165,174,3.30013,511,0.994303
E3-PPOPIP-p005,37.0827,210,183,RLPolicy,0,0,0.00970003,5.08273,2.99573,9,3.63034,227,235,3.3075,511,1.00897
E3-PPOPIP-p005,37.083,128,4,RLPolicy,1,1,0.0573973,2.77259,2.99573,6,5.76523,192,200,5.53127,511,0.98514
E3-PPOPIP-p005,37.0867,177,285,RLPolicy,1,1,0.0711351,2.77259,2.99573,6,3.56452,305,342,3.25862,511,0.986719
E3-PPOPIP-p005,37.0895,45,179,RLPolicy,0,0,0.0380292,5.54518,2.99573,9,2.91073,102,110,2.69009,511,1.00775
E3-PPOPIP-p005,37.093,267,58,RLPolicy,1,0,0.0780659,3.46574,2.99573,7,4.07879,347,353,3.64838,511,0.996653
E3-PPOPIP-p005,37.0993,46,254,RLPolicy,0,0,0.0436483,4.1695,2.99573,9,3.9814,479,487,3.22163,511,1.00639
E3-PPOPIP-p005,37.0997,228,195,RLPolicy,1,0,0.0746767,3.46574,2.99573,7,3.6676,104,110,3.33945,511,1.00235
E3-PPOPIP-p005,37.1092,300,141,RLPolicy,1,1,0.0981838,2.77259,2.99573,6,7.54772,70,269,6.98384,510,1.01052
E3-PPOPIP-p005,37.1136,43,330,RLPolicy,1,1,0.0440932,2.46721,2.99573,6,5.93338,86,279,5.45578,510,0.953072
E3-PPOPIP-p005,37.1171,196,232,RLPolicy,1,1,0.0754793,2.77259,2.99573,6,8.17319,143,159,7.92082,510,0.994421
E3-PPOPIP-p005,37.1238,102,249,RLPolicy,1,1,0.053319,2.95491,2.99573,6,4.13358,170,195,3.82411,510,0.966179
E3-PPOPIP-p005,37.1243,254,386,RLPolicy,1,0,0.00764075,3.46574,2.99573,7,3.89898,359,365,3.63277,510,1.00247
E3-PPOPIP-p005,37.1245,346,159,RLPolicy,1,1,0.0828264,0.693147,2.99573,3,2.82263,0,27,2.67951,510,0.988487
E3-PPOPIP-p005,37.1347,343,361,RLPolicy,1,1,0.0872334,2.07944,2.99573,5,4.60596,66,149,4.23051,510,0.995419
E3-PPOPIP-p005,37.1394,12,111,RLPolicy,1,1,0.0369865,2.77259,2.99573,6,4.87432,111,400,4.32807,510,0.943789
E3-PPOPIP-p005,37.1401,308,110,RLPolicy,1,0,0.088338,3.46574,2.99573,7,3.36335,143,149,2.93771,510,1.00123
E3-PPOPIP-p005,37.1404,158,51,RLPolicy,1,0,0.0705919,4.15888,2.99573,8,5.77663,259,266,5.2032,510,1.00358
E3-PPOPIP-p005,37.1406,328,339,RLPolicy,1,1,0.102891,2.8653,2.99573,7,4.11068,132,308,3.60273,510,0.996001
E3-PPOPIP-p005,37.1454,63,199,RLPolicy,1,0,0.0340419,3.46574,2.99573,7,4.15436,286,292,3.66035,510,1.01451
E3-PPOPIP-p005,37.1482,234,507,RLPolicy,1,1,0.0781239,2.07944,2.99573,5,3.77137,0,176,3.33672,510,0.994303
E3-PPOPIP-p005,37.1508,81,153,RLPolicy,1,1,0.0489252,2.77259,2.99573,6,4.77385,62,190,4.30735,510,1.0037
E3-PPOPIP-p005,37.1582,250,291,RLPolicy,1,0,0.0814482,4.15888,2.99573,8,3.85132,383,390,3.26823,510,1.01745
E3-PPOPIP-p005,37.1626,25,147,RLPolicy,1,1,0.0398244,2.16183,2.99573,6,5.43188,62,359,4.82477,510,0.974398
E3-PPOPIP-p005,37.1632,282,386,RLPolicy,1,1,0.0728865,2.77259,2.99573,6,4.65772,258,307,4.33668,510,1.00705
E3-PPOPIP-p005,37.1672,225,53,RLPolicy,1,1,0.0577368,1.38629,2.99573,4,5.56052,0,208,5.043,510,0.997887
E3-PPOPIP-p005,37.1722,105,10,RLPolicy,1,1,0.0559251,2.07944,2.99573,5,3.92761,77,133,3.7352,510,0.995656
E3-PPOPIP-p005,37.1961,109,64,RLPolicy,1,0,0.0179668,3.46574,2.99573,7,4.31383,248,254,3.99434,510,1.00482
E3-PPOPIP-p005,37.1986,167,185,RLPolicy,1,1,0.0456894,0.693147,2.99573,3,3.87612,0,73,3.74805,510,0.981674
E3-PPOPIP-p005,37.2013,238,371,RLPolicy,1,0,0.00967456,4.85203,2.99573,9,2.88728,131,139,2.61602,512,1.00928
E3-PPOPIP-p005,37.2053,76,310,RLPolicy,1,1,0.0506799,2.77259,2.99573,6,7.74318,224,262,7.30955,512,0.984024
E3-PPOPIP-p005,37.207,305,319,RLPolicy,1,0,0.0806309,3.46574,2.99573,7,4.50533,313,319,3.72563,512,1.0047
E3-PPOPIP-p005,37.2107,115,216,RLPolicy,1,1,0.0523816,2.07944,2.99573,5,4.85428,66,207,4.04975,512,0.997887
E3-PPOPIP-p005,37.2259,54,364,RLPolicy,1,1,0.0289614,1.38629,2.99573,4,5.87679,0,21,5.38028,512,1.004
E3-PPOPIP-p005,37.231,275,30,RLPolicy,1,1,0.0753716,2.46429,2.99573,6,5.63095,113,305,4.86655,512,0.992799
E3-PPOPIP-p005,37.2311,342,362,RLPolicy,1,1,0.088665,2.77259,2.99573,6,4.38684,267,311,3.83038,512,0.998884
E3-PPOPIP-p005,37.2315,38,252,RLPolicy,1,1,0.0447242,2.93736,2.99573,8,4.95329,410,432,4.36155,512,0.982325
E3-PPOPIP-p005,37.237,66,224,RLPolicy,1,1,0.0491327,2.07944,2.99573,5,4.45132,83,241,4.01682,512,1.0059
E3-PPOPIP-p005,37.242,50,26,RLPolicy,1,0,0.00837528,3.46574,2.99573,7,4.72512,264,270,4.06888,512,0.995656
E3-PPOPIP-p005,37.2423,52,195,RLPolicy,1,1,0.0298694,0.693147,2.99573,3,4.15604,0,136,3.91137,512,0.957533
E3-PPOPIP-p005,37.2543,293,253,RLPolicy,1,1,0.0766833,2.77259,2.99573,6,9.45904,240,286,8.72804,512,1.00358
E3-PPOPIP-p005,37.2603,180,111,RLPolicy,1,0,0.0599014,3.46574,2.99573,7,4.16726,237,243,3.68745,512,0.994421
E3-PPOPIP-p005,37.2636,39,328,RLPolicy,1,1,0.0428492,2.46721,2.99573,6,4.74972,165,197,4.34288,512,0.978447
E3-PPOPIP-p005,37.2664,347,502,RLPolicy,1,1,0.0826209,1.38629,2.99573,4,4.23748,0,111,3.87832,512,0.991953
E3-PPOPIP-p005,37.2725,95,437,RLPolicy,1,1,0.0538031,2.07944,2.99573,5,5.04941,75,194,4.48988,512,0.985259
E3-PPOPIP-p005,37.2759,348,48,RLPolicy,1,1,0.090456,2.77259,2.99573,6,4.37874,219,250,4.01843,512,0.998884
E3-PPOPIP-p005,37.2763,281,259,RLPolicy,1,1,0.00602813,2.77259,2.99573,6,3.52679,83,99,3.2672,512,1.00012
E3-PPOPIP-p005,37.28,226,497,RLPolicy,1,1,0.0661428,2.07944,2.99573,5,4.07553,25,85,3.75259,512,1.00593
E3-PPOPIP-p005,37.2872,59,147,RLPolicy,1,1,0.0463508,2.07944,2.99573,5,3.79714,53,175,3.42736,512,0.982908
E3-PPOPIP-p005,37.2882,162,285,RLPolicy,1,0,0.0521377,3.46574,2.99573,7,3.33615,307,313,2.99017,512,1.00817
E3-PPOPIP-p005,37.3034,339,123,RLPolicy,1,0,0.087805,3.46574,2.99573,7,4.54457,296,302,3.94046,514,1.00235
E3-PPOPIP-p005,37.3079,114,438,RLPolicy,0,0,0.0048028,2.77259,2.99573,5,3.92247,4,8,3.83649,514,1
E3-PPOPIP-p005,37.3116,49,385,RLPolicy,1,0,0.0308323,3.46574,2.99573,7,3.03811,130,136,2.74772,514,1.01052
E3-PPOPIP-p005,37.3155,278,425,RLPolicy,1,1,0.0886455,2.77259,2.99573,6,8.10055,177,197,7.7427,514,0.996653
E3-PPOPIP-p005,37.317,68,474,RLPolicy,1,0,0.0527118,4.69788,2.99573,9,2.97829,282,290,2.70027,514,1.01402
E3-PPOPIP-p005,37.3184,86,265,RLPolicy,0,0,0.0451165,5.54518,2.99573,9,4.09252,236,244,3.67203,514,1.01868
E3-PPOPIP-p005,37.3214,172,509,RLPolicy,1,1,0.0496649,2.77259,2.99573,6,4.73258,108,389,4.20026,514,0.973627
E3-PPOPIP-p005,37.3274,269,19,RLPolicy,1,0,0.0859992,4.15888,2.99573,8,3.39764,421,428,2.96178,514,1.00358
E3-PPOPIP-p005,37.3299,195,214,RLPolicy,1,1,0.0610657,2.61844,2.99573,6,5.1021,253,306,4.17016,514,0.999466
E3-PPOPIP-p005,37.3387,324,416,RLPolicy,1,0,0.106678,4.15888,2.99573,8,5.58643,414,421,4.8347,514,1.0047
E3-PPOPIP-p005,37.3471,1,407,RLPolicy,1,1,0.00652321,2.46721,2.99573,6,3.51827,175,203,3.0317,514,1.00036
E3-PPOPIP-p005,37.3536,266,370,RLPolicy,1,1,0.0764546,2.77259,2.99573,6,3.98105,194,239,3.54712,514,1.00012
E3-PPOPIP-p005,37.3617,299,149,RLPolicy,1,0,0.00724958,3.46574,2.99573,7,5.39153,277,283,4.78232,514,1.01398
E3-PPOPIP-p005,37.3654,7,186,RLPolicy,0,0,0.0379018,4.15059,2.99573,9,5.21996,333,392,4.3994,514,0.984753
E3-PPOPIP-p005,37.379,262,406,RLPolicy,1,1,0.0634758,0.693147,2.99573,3,4.40782,0,115,4.15547,514,0.995537
E3-PPOPIP-p005,37.387,204,270,RLPolicy,1,1,0.070868,2.07944,2.99573,5,4.50069,93,184,4.13454,514,0.984024
E3-PPOPIP-p005,37.3911,8,241,RLPolicy,1,0,0.0355453,4.54665,2.99573,9,6.1818,461,469,4.03298,514,1.00552
E3-PPOPIP-p005,37.3993,186,338,RLPolicy,1,1,0.0558467,0.693147,2.99573,3,3.91873,0,134,3.70437,514,0.979443
E3-PPOPIP-p005,37.4143,97,153,RLPolicy,1,1,0.0456444,2.07944,2.99573,5,8.99283,114,235,8.48602,515,0.981793
E3-PPOPIP-p005,37.4152,357,70,RLPolicy,1,0,0.00844389,4.15888,2.99573,8,4.78513,101,108,4.48945,515,1.00582
E3-PPOPIP-p005,37.416,17,58,RLPolicy,1,1,0.0167617,2.77259,2.99573,6,2.9095,249,255,2.7412,515,1.00475
E3-PPOPIP-p005,37.4189,103,465,RLPolicy,0,0,0.0580665,5.54518,2.99573,9,3.86526,333,341,3.46337,515,0.996653
E3-PPOPIP-p005,37.4203,207,471,RLPolicy,1,1,0.0627082,2.77259,2.99573,6,4.62868,160,310,4.02548,515,1.00593
E3-PPOPIP-p005,37.4255,67,70,RLPolicy,1,1,0.0491812,2.77259,2.99573,6,3.90772,284,332,3.56739,515,0.987609
E3-PPOPIP-p005,37.4363,336,424,RLPolicy,1,1,0.0882927,2.77259,2.99573,6,3.94029,195,220,3.75279,515,0.990837
E3-PPOPIP-p005,37.441,311,174,RLPolicy,1,0,0.088601,3.46574,2.99573,7,4.33647,307,313,3.8053,515,0.997769
E3-PPOPIP-p005,37.4445,154,8,RLPolicy,1,1,0.0543357,2.77259,2.99573,6,4.78204,139,162,4.44085,515,0.995537
E3-PPOPIP-p005,37.4481,166,45,RLPolicy,1,0,0.071998,4.15888,2.99573,8,3.71497,109,116,3.31747,515,1.01633
E3-PPOPIP-p005,37.4504,334,188,RLPolicy,0,0,0.00920743,5.54518,2.99573,9,4.78292,278,286,4.39103,515,0.995419
E3-PPOPIP-p005,37.4573,74,151,RLPolicy,1,1,0.0512773,2.77259,2.99573,6,4.90801,57,299,4.22508,515,0.993306
E3-PPOPIP-p005,37.4602,65,424,RLPolicy,1,1,0.0440781,2.77259,2.99573,6,3.69535,53,212,3.25171,515,1.00717
E3-PPOPIP-p005,37.4684,61,449,RLPolicy,1,1,0.0440232,1.92529,2.99573,5,3.76564,3,206,3.39459,515,0.997551
E3-PPOPIP-p005,37.471,354,441,RLPolicy,1,1,0.109027,2.77259,2.99573,6,4.36756,68,278,3.68867,515,0.998884
E3-PPOPIP-p005,37.4797,243,312,RLPolicy,1,1,0.0596294,1.38629,2.99573,4,3.43852,0,189,3.19354,515,0.981674
E3-PPOPIP-p005,37.4817,48,199,RLPolicy,1,0,0.0387463,3.46574,2.99573,7,4.23191,348,354,3.61135,515,0.966814
E3-PPOPIP-p005,37.4829,374,487,RLPolicy,1,1,0.0891216,2.07944,2.99573,5,4.62976,30,210,4.09636,515,0.995419
E3-PPOPIP-p005,37.485,284,210,RLPolicy,1,0,0.0831624,4.15888,2.99573,8,4.37517,241,248,3.95584,515,0.996653
E3-PPOPIP-p005,37.4918,101,167,RLPolicy,1,0,0.0544619,3.46574,2.99573,7,3.61922,295,301,3.28131,515,0.994421
E3-PPOPIP-p005,37.5034,55,304,RLPolicy,1,1,0.0443681,2.07944,2.99573,5,3.63293,24,148,3.35914,518,0.994498
E3-PPOPIP-p005,37.5042,182,237,RLPolicy,1,1,0.0680839,2.77259,2.99573,6,3.1592,218,227,2.89341,518,1.00247
E3-PPOPIP-p005,37.5064,271,359,RLPolicy,1,1,0.0836278,2.77259,2.99573,6,3.63851,94,340,3.2399,518,1.00012
E3-PPOPIP-p005,37.5071,274,124,RLPolicy,1,1,0.0823804,2.77259,2.99573,6,4.23597,250,279,4.02274,518,0.999003
E3-PPOPIP-p005,37.5086,294,526,RLPolicy,1,1,0.0749666,2.77259,2.99573,6,4.5759,161,323,3.97376,518,0.986256
E3-PPOPIP-p005,37.5136,125,416,RLPolicy,1,1,0.06153,2.77259,2.99573,6,3.99485,273,325,3.70219,518,0.99219
E3-PPOPIP-p005,37.5143,93,342,RLPolicy,1,1,0.0540887,2.77259,2.99573,6,3.87927,234,269,3.55156,518,1.00016
E3-PPOPIP-p005,37.5147,53,129,RLPolicy,1,0,0.0191747,4.15888,2.99573,8,3.69317,275,282,3.34596,518,1.0064
E3-PPOPIP-p005,37.5167,298,292,RLPolicy,1,1,0.0730153,2.77259,2.99573,6,4.89972,92,335,4.15315,518,0.993187
E3-PPOPIP-p005,37.5226,44,217,RLPolicy,1,1,0.00678246,2.85497,2.99573,7,4.76171,335,360,4.39382,518,0.984968
E3-PPOPIP-p005,37.5304,0,515,RLPolicy,1,0,0.019175,3.54228,2.99573,8,3.81155,370,377,3.25075,518,1.01407
E3-PPOPIP-p005,37.5403,208,479,RLPolicy,1,0,0.0682917,4.15888,2.99573,8,5.49455,281,288,5.01087,518,0.992071
E3-PPOPIP-p005,37.5422,118,193,RLPolicy,1,1,0.0601182,2.77259,2.99573,6,3.99975,250,304,3.76807,518,0.974861
E3-PPOPIP-p005,37.547,91,46,RLPolicy,1,0,0.0519527,3.46574,2.99573,7,5.79107,320,326,5.37194,518,0.995656
E3-PPOPIP-p005,37.5525,148,114,RLPolicy,0,0,0.00357647,2.07944,2.99573,4,3.60679,5,8,3.53237,518,1
E3-PPOPIP-p005,37.5611,373,510,RLPolicy,1,0,0.0951118,3.46574,2.99573,7,4.67325,263,269,4.25362,518,1.00235
E3-PPOPIP-p005,37.5799,175,458,RLPolicy,1,1,0.0626757,2.77259,2.99573,6,3.40913,137,172,2.98874,518,0.992109
E3-PPOPIP-p005,37.5806,257,403,RLPolicy,1,1,0.0717969,2.07944,2.99573,5,3.78655,37,183,3.46409,518,0.977438
E3-PPOPIP-p005,37.5885,183,255,RLPolicy,1,1,0.0720746,2.77259,2.99573,6,4.44137,171,195,4.18731,518,0.993306
E3-PPOPIP-p005,37.5967,309,47,RLPolicy,1,1,0.0908663,2.61844,2.99573,6,4.17165,216,256,3.84314,518,1.00662
E3-PPOPIP-p005,37.6017,351,392,RLPolicy,1,1,0.0918457,2.77259,2.99573,6,4.51528,159,278,3.96709,518,0.998884
E3-PPOPIP-p005,37.6241,320,83,RLPolicy,0,0,0.091231,5.54518,2.99573,9,3.24042,160,168,3.01629,518,1.00928
E3-PPOPIP-p005,37.6286,325,344,RLPolicy,1,0,0.106037,3.46574,2.99573,7,4.16601,161,167,3.79919,518,1.0047
E3-PPOPIP-p005,37.6356,117,435,RLPolicy,1,0,0.009696,4.85203,2.99573,9,4.618,279,287,4.16108,518,1.00482
E3-PPOPIP-p005,37.6357,200,154,RLPolicy,1,1,0.0550023,2.07944,2.99573,5,3.80166,54,166,3.52112,518,0.994421
E3-PPOPIP-p005,37.6516,89,403,RLPolicy,1,1,0.0531158,2.07944,2.99573,5,11.1864,67,279,10.7593,518,0.984143
E3-PPOPIP-p005,37.6517,215,18,RLPolicy,1,0,0.0771817,4.85203,2.99573,9,9.97478,303,311,9.23142,518,1.01287
E3-PPOPIP-p005,37.6535,181,100,RLPolicy,1,0,0.0702363,3.46574,2.99573,7,3.55494,207,213,3.0958,518,1.01052
E3-PPOPIP-p005,37.6635,170,80,RLPolicy,1,0,0.00847652,4.15888,2.99573,8,8.88723,331,338,8.43718,518,0.990956
E3-PPOPIP-p005,37.6645,190,179,RLPolicy,1,1,0.0594261,2.77259,2.99573,6,4.43331,82,358,3.68236,518,0.990752
E3-PPOPIP-p005,37.6715,227,309,RLPolicy,1,1,0.0698407,2.61844,2.99573,6,4.56168,218,288,4.23393,518,0.996346
E3-PPOPIP-p005,37.6757,83,74,RLPolicy,1,1,0.049991,2.07944,2.99573,5,5.83802,32,295,5.23457,518,0.981793
E3-PPOPIP-p005,37.6794,203,30,RLPolicy,1,0,0.0191686,4.15888,2.99573,8,4.01878,306,313,3.4742,518,0.996653
E3-PPOPIP-p005,37.6803,60,249,RLPolicy,1,1,0.0404384,1.38629,2.99573,4,3.89392,0,73,3.65348,518,1.0084
E3-PPOPIP-p005,37.6869,35,176,RLPolicy,1,0,0.0423809,3.16035,2.99573,7,5.41616,303,309,4.77747,518,0.980267
E3-PPOPIP-p005,37.6932,249,492,RLPolicy,1,0,0.0876534,3.31159,2.99573,7,3.50657,272,278,3.15186,518,1.01402
E3-PPOPIP-p005,37.6973,134,157,RLPolicy,0,0,0.057075,5.54518,2.99573,9,4.31097,234,242,3.89875,518,1.01163
E3-PPOPIP-p005,37.7002,139,302,RLPolicy,1,1,0.0608874,2.46429,2.99573,6,3.91115,134,167,3.58256,522,0.989414
E3-PPOPIP-p005,37.7018,11,433,RLPolicy,1,0,0.0085025,3.24274,2.99573,8,3.60457,264,271,3.08485,522,1.00288
E3-PPOPIP-p005,37.7058,317,294,RLPolicy,1,1,0.097724,2.77259,2.99573,6,3.75914,227,270,3.41859,522,0.997769
E3-PPOPIP-p005,37.7059,244,109,RLPolicy,1,1,0.0631799,2.07944,2.99573,5,3.72385,40,280,3.21942,522,0.990913
E3-PPOPIP-p005,37.7059,213,520,RLPolicy,1,0,0.0717194,3.46574,2.99573,7,3.76747,254,260,3.39937,522,0.988606
E3-PPOPIP-p005,37.7128,349,396,RLPolicy,1,0,0.00785582,3.46574,2.99573,7,4.22167,279,285,3.77998,522,1.00235
E3-PPOPIP-p005,37.723,150,362,RLPolicy,1,0,0.0608883,4.15888,2.99573,8,4.43268,308,315,3.93875,522,1.03601
E3-PPOPIP-p005,37.7244,169,109,RLPolicy,1,1,0.0700386,2.77259,2.99573,6,4.15923,199,211,3.81552,522,0.985603
E3-PPOPIP-p005,37.7316,218,66,RLPolicy,1,1,0.0627326,2.07944,2.99573,5,8.18556,35,290,7.69111,522,0.98514
E3-PPOPIP-p005,37.733,116,362,RLPolicy,0,0,0.0568835,5.54518,2.99573,9,3.09212,347,355,2.94941,5,0.993651
E3-PPOPIP-p005,37.7398,27,154,RLPolicy,1,1,0.0405779,2.16183,2.99573,6,3.98746,123,292,3.55508,522,0.988553
E3-PPOPIP-p005,37.7462,219,469,RLPolicy,1,0,0.00811324,3.31159,2.99573,7,5.41033,226,232,5.089,522,0.999041
E3-PPOPIP-p005,37.7536,333,177,RLPolicy,1,1,0.0858331,2.07944,2.99573,5,4.05104,78,250,3.70023,522,0.990837
E3-PPOPIP-p005,37.7555,330,303,RLPolicy,1,0,0.094161,4.15888,2.99573,8,4.85208,129,136,4.56622,522,1.0047
E3-PPOPIP-p005,37.7559,319,337,RLPolicy,1,1,0.0800693,2.95491,2.99573,6,3.76446,140,149,3.55628,522,1.00561
E3-PPOPIP-p005,37.7595,295,4,RLPolicy,1,0,0.0832171,4.15888,2.99573,8,6.51331,318,325,5.94528,522,1.00358
E3-PPOPIP-p005,37.7615,220,481,RLPolicy,1,1,0.0663904,2.77259,2.99573,6,6.2224,114,370,5.66972,522,1.01175
E3-PPOPIP-p005,37.767,224,5,RLPolicy,1,1,0.0791005,2.07944,2.99573,5,4.60075,43,154,4.11777,522,0.978004
E3-PPOPIP-p005,37.7683,73,281,RLPolicy,1,1,0.04879,2.07944,2.99573,5,4.96437,95,155,4.6841,522,0.985259
E3-PPOPIP-p005,37.7693,82,290,RLPolicy,1,1,0.0525133,2.77259,2.99573,6,6.87233,230,261,6.27634,522,0.985259
E3-PPOPIP-p005,37.774,152,221,RLPolicy,1,1,0.0574207,2.07944,2.99573,5,4.06252,52,111,3.77271,522,0.993306
E3-PPOPIP-p005,37.7834,296,310,RLPolicy,1,0,0.0796103,3.46574,2.99573,7,5.45494,375,381,4.88408,522,1.00123
E3-PPOPIP-p005,37.7851,340,126,RLPolicy,1,0,0.0866735,3.46574,2.99573,7,3.82808,338,344,3.46985,522,1.00817
E3-PPOPIP-p005,37.7905,223,94,RLPolicy,1,1,0.0652452,2.07944,2.99573,5,4.78038,65,201,4.29737,522,0.995537
E3-PPOPIP-p005,37.8064,211,333,RLPolicy,1,1,0.0571636,1.38629,2.99573,4,4.24258,0,179,3.92196,522,0.978208
E3-PPOPIP-p005,37.8082,313,215,RLPolicy,1,0,0.0971531,3.46574,2.99573,7,4.79951,300,306,4.35111,522,0.996653
E3-PPOPIP-p005,37.8227,94,146,RLPolicy,1,0,0.0483496,4.69788,2.99573,9,5.58956,349,357,5.17271,522,1.01872
E3-PPOPIP-p005,37.8236,5,502,RLPolicy,1,1,0.0407134,2.77259,2.99573,6,3.96473,236,273,3.57123,522,0.999826
E3-PPOPIP-p005,37.8249,113,166,RLPolicy,1,0,0.0447796,3.46574,2.99573,7,4.08952,259,265,3.61983,522,0.979906
E3-PPOPIP-p005,37.8317,198,180,RLPolicy,1,1,0.0569574,2.07944,2.99573,5,3.95822,56,135,3.61299,522,0.986757
E3-PPOPIP-p005,37.8346,92,507,RLPolicy,1,1,0.052689,2.07944,2.99573,5,7.80651,30,95,7.47641,522,1.00382
E3-PPOPIP-p005,37.8457,129,508,RLPolicy,1,0,0.0566728,4.85203,2.99573,9,3.94291,314,322,3.37093,522,1.0245
E3-PPOPIP-p005,37.8562,22,338,RLPolicy,1,1,0.0370463,2.16183,2.99573,6,4.02129,117,307,3.60751,522,0.970401
E3-PPOPIP-p005,37.8632,34,507,RLPolicy,1,1,0.0415731,2.07944,2.99573,5,5.14415,0,263,4.60889,522,0.9709
E3-PPOPIP-p005,37.874,292,72,RLPolicy,1,0,0.0811104,3.31159,2.99573,7,4.85495,140,146,4.43042,522,1.0005
E3-PPOPIP-p005,37.8742,230,412,RLPolicy,0,0,0.00970691,5.54518,2.99573,9,4.23859,100,108,3.91353,522,1
E3-PPOPIP-p005,37.8745,365,380,RLPolicy,1,0,0.00943552,4.15888,2.99573,8,3.97071,314,321,3.46362,522,1.00582
E3-PPOPIP-p005,37.8759,157,482,RLPolicy,1,1,0.0440718,2.77259,2.99573,6,4.90315,73,287,4.22088,522,0.98749
E3-PPOPIP-p005,37.8791,58,218,RLPolicy,1,1,0.0478227,2.77259,2.99573,6,4.04415,64,371,3.44309,522,0.968342
E3-PPOPIP-p005,37.9059,136,182,RLPolicy,1,1,0.0635199,2.77259,2.99573,6,4.7075,200,217,4.46777,522,0.975977
E3-PPOPIP-p005,37.9116,371,363,RLPolicy,1,0,0.099687,4.15888,2.99573,8,7.70182,147,154,7.30283,522,1.00582
E3-PPOPIP-p005,37.9171,236,188,RLPolicy,0,0,0.0781311,5.54518,2.99573,9,7.94202,292,300,7.42345,522,0.992071
E3-PPOPIP-p005,37.9239,372,288,RLPolicy,1,1,0.0954124,2.77259,2.99573,6,4.86822,109,261,4.35778,522,0.998884
E3-PPOPIP-p005,37.9265,104,459,RLPolicy,1,1,0.0566182,2.77259,2.99573,6,9.71354,255,261,9.43396,522,0.988298
E3-PPOPIP-p005,37.9609,159,61,RLPolicy,0,0,0.0585241,5.54518,2.99573,9,4.47342,285,293,3.95222,522,1.00358
E3-PPOPIP-p005,37.9629,246,173,RLPolicy,1,0,0.0807176,4.15888,2.99573,8,3.94596,425,432,3.64702,522,1.00358
E3-PPOPIP-p005,37.9719,41,157,RLPolicy,1,1,0.0431917,1.77406,2.99573,5,4.99286,64,272,4.3757,522,0.958476
E3-PPOPIP-p005,37.9815,69,172,RLPolicy,1,1,0.0559298,2.07944,2.99573,5,3.81337,26,195,3.53812,522,0.980677
E3-PPOPIP-p005,37.9821,42,304,RLPolicy,1,1,0.038714,1.38629,2.99573,4,4.14656,0,91,3.85813,522,0.998919
E3-PPOPIP-p005,37.9881,239,386,RLPolicy,1,0,0.0669023,4.15888,2.99573,8,4.51994,267,274,3.98368,522,1.01175
E3-PPOPIP-p005,37.9924,199,235,RLPolicy,1,1,0.0556814,2.07944,2.99573,5,3.89146,107,214,3.66329,522,1.00593
E3-PPOPIP-p005,38.0027,111,17,RLPolicy,1,1,0.0582311,2.77259,2.99573,6,3.93947,222,245,3.62442,525,0.974861
E3-PPOPIP-p005,38.0045,304,50,RLPolicy,1,1,0.0793965,1.38629,2.99573,4,6.71217,0,143,6.39338,525,0.996653
E3-PPOPIP-p005,38.0099,289,76,RLPolicy,0,0,0.00970853,5.54518,2.99573,9,7.94356,105,113,7.56008,525,1
E3-PPOPIP-p005,38.0112,194,208,RLPolicy,1,1,0.0634078,2.77259,2.99573,6,4.31915,241,253,3.93713,525,0.972856
E3-PPOPIP-p005,38.0119,30,95,RLPolicy,1,1,0.0413617,2.93736,2.99573,8,3.80705,125,435,3.1114,525,0.993135
E3-PPOPIP-p005,38.0147,240,135,RLPolicy,1,1,0.0839062,2.77259,2.99573,6,9.20199,131,165,8.8882,525,1.00362
E3-PPOPIP-p005,38.0153,21,288,RLPolicy,1,1,0.0460077,2.16183,2.99573,6,3.51565,42,276,3.12467,525,0.986906
E3-PPOPIP-p005,38.0171,24,155,RLPolicy,1,1,0.0470698,2.93736,2.99573,8,3.4376,368,380,3.16096,525,0.980387
E3-PPOPIP-p005,38.0191,10,312,RLPolicy,1,1,0.00606281,2.46721,2.99573,6,5.03992,93,104,4.36438,525,0.98121
E3-PPOPIP-p005,38.0209,222,245,RLPolicy,1,1,0.0774053,2.77259,2.99573,6,9.43291,248,287,9.14353,525,1.00135
E3-PPOPIP-p005,38.0235,98,291,RLPolicy,1,1,0.0553544,1.38629,2.99573,4,5.50339,0,152,5.13475,525,0.99219
E3-PPOPIP-p005,38.0273,2,405,RLPolicy,1,1,0.00678227,2.77259,2.99573,6,3.85176,173,193,3.42111,525,0.973627
E3-PPOPIP-p005,38.0304,362,220,RLPolicy,1,1,0.0894175,2.95491,2.99573,6,6.51707,156,193,6.22773,525,0.999796
E3-PPOPIP-p005,38.0348,4,31,RLPolicy,1,1,0.0340149,2.16183,2.99573,6,3.86615,19,250,3.29769,525,1.00564
E3-PPOPIP-p005,38.0396,29,504,RLPolicy,1,0,0.0150552,3.46574,2.99573,7,3.50223,220,226,3.14888,525,1.00523
E3-PPOPIP-p005,38.0439,179,46,RLPolicy,1,0,0.0677316,3.46574,2.99573,7,3.99345,302,308,3.54497,525,0.979443
E3-PPOPIP-p005,38.0519,64,87,RLPolicy,1,1,0.0335739,2.07944,2.99573,5,4.00523,25,283,3.72364,525,0.982908
E3-PPOPIP-p005,38.0615,366,351,RLPolicy,1,1,0.0932783,2.77259,2.99573,6,5.22335,152,316,4.43757,525,0.998884
E3-PPOPIP-p005,38.0839,191,42,RLPolicy,1,0,0.0633592,4.15888,2.99573,8,3.66664,265,272,3.28257,525,1.01175
E3-PPOPIP-p005,38.0842,345,227,RLPolicy,1,1,0.0887722,2.77259,2.99573,6,4.84731,220,315,4.36172,525,0.998884
E3-PPOPIP-p005,38.086,270,226,RLPolicy,1,0,0.0780316,4.85203,2.99573,9,4.19006,272,280,3.73419,525,1.00593
E3-PPOPIP-p005,38.0892,188,282,RLPolicy,0,0,0.00966194,5.54518,2.99573,9,4.30742,209,217,3.71632,525,1.01398
E3-PPOPIP-p005,38.1025,75,8,RLPolicy,1,0,0.0446986,3.46574,2.99573,7,3.80337,228,234,3.37803,528,1.00482
E3-PPOPIP-p005,38.1025,264,56,RLPolicy,1,0,0.0851154,4.15888,2.99573,8,4.22523,245,252,3.63268,528,1.00593
E3-PPOPIP-p005,38.1073,315,62,RLPolicy,1,1,0.0961375,2.61844,2.99573,6,4.67944,174,190,4.28156,528,1.0074
E3-PPOPIP-p005,38.1107,216,66,RLPolicy,1,0,0.068822,3.46574,2.99573,7,3.9827,321,327,3.66282,528,1.00247
E3-PPOPIP-p005,38.1153,107,308,RLPolicy,1,1,0.0520628,2.77259,2.99573,6,9.03108,240,250,8.73971,528,0.988724
E3-PPOPIP-p005,38.1207,57,157,RLPolicy,0,0,0.0375931,5.54518,2.99573,9,3.86,247,255,3.40397,528,1.02062
E3-PPOPIP-p005,38.124,221,85,RLPolicy,1,0,0.0824113,3.46574,2.99573,7,5.41367,249,255,4.84701,528,0.994421
E3-PPOPIP-p005,38.1459,122,301,RLPolicy,0,0,0.0531184,5.54518,2.99573,9,4.34764,231,239,3.97981,528,0.99219
E3-PPOPIP-p005,38.1563,231,17,RLPolicy,1,1,0.0679145,2.77259,2.99573,6,5.0113,227,250,4.61947,528,0.98749
E3-PPOPIP-p005,38.1819,131,264,RLPolicy,1,1,0.00621588,2.61844,2.99573,6,5.32396,173,188,5.08026,528,0.986719
E3-PPOPIP-p005,38.1834,31,489,RLPolicy,1,0,0.0393034,3.16035,2.99573,7,4.28008,367,373,3.74828,528,0.982205
E3-PPOPIP-p005,38.1927,383,62,RLPolicy,0,0,0.0994674,5.54518,2.99573,9,3.72061,196,204,3.2413,528,1
E3-PPOPIP-p005,38.1971,233,244,RLPolicy,1,1,0.059292,2.07944,2.99573,5,5.00761,40,228,4.4549,528,1.00705
E3-PPOPIP-p005,38.2105,360,239,RLPolicy,0,0,0.109591,5.54518,2.99573,9,3.34602,143,151,2.92067,529,1
E3-PPOPIP-p005,38.2109,33,13,RLPolicy,1,1,0.0400066,2.77259,2.99573,6,4.29521,151,169,3.98926,529,0.971928
E3-PPOPIP-p005,38.2227,335,243,RLPolicy,1,0,0.108021,3.46574,2.99573,7,4.37954,310,316,3.85318,529,1.00123
E3-PPOPIP-p005,38.2356,286,361,RLPolicy,1,0,0.00727513,3.46574,2.99573,7,3.77727,333,339,3.41065,529,1.01398
E3-PPOPIP-p005,38.2357,71,128,RLPolicy,0,0,0.038788,5.54518,2.99573,9,3.36903,162,170,3.01623,529,1.02784
E3-PPOPIP-p005,38.2393,301,298,RLPolicy,1,0,0.00871726,4.15888,2.99573,8,3.7693,80,87,3.45371,529,1.0151
E3-PPOPIP-p005,38.2397,174,251,RLPolicy,1,1,0.0700418,2.77259,2.99573,6,4.37014,237,280,3.98096,529,1.01144
E3-PPOPIP-p005,38.241,259,430,RLPolicy,1,1,0.0701158,2.07944,2.99573,5,3.66112,62,177,3.31616,529,0.999003
E3-PPOPIP-p005,38.2418,70,403,RLPolicy,1,1,0.0421529,2.77259,2.99573,6,3.79614,67,271,3.44365,529,1.0084
E3-PPOPIP-p005,38.2496,285,117,RLPolicy,1,1,0.0948854,2.77259,2.99573,6,3.76852,306,336,3.49149,529,0.993187
E3-PPOPIP-p005,38.2502,314,301,RLPolicy,0,0,0.0821854,5.54518,2.99573,9,5.20593,169,177,4.80803,529,1.00123
E3-PPOPIP-p005,38.2562,338,185,RLPolicy,1,1,0.086136,2.77259,2.99573,6,4.14387,215,369,3.65517,529,0.987371
E3-PPOPIP-p005,38.2586,137,521,RLPolicy,1,0,0.064371,4.15888,2.99573,8,3.95689,325,332,3.36274,529,1.01522
E3-PPOPIP-p005,38.2636,84,426,RLPolicy,1,0,0.0081284,3.46574,2.99573,7,5.00379,139,145,4.74443,529,1.00024
E3-PPOPIP-p005,38.2692,326,515,RLPolicy,1,0,0.0925059,4.15888,2.99573,8,4.03737,427,434,3.50673,529,1.00582
E3-PPOPIP-p005,38.2748,185,100,RLPolicy,1,1,0.0443814,1.38629,2.99573,4,4.38057,0,110,4.14793,529,0.994421
E3-PPOPIP-p005,38.2918,142,494,RLPolicy,1,1,0.0451794,2.07944,2.99573,5,4.72957,46,148,4.38718,529,0.984024
E3-PPOPIP-p005,38.2956,359,102,RLPolicy,1,1,0.0862953,2.07944,2.99573,5,4.25187,49,241,3.68103,529,0.995419
E3-PPOPIP-p005,38.2992,120,79,RLPolicy,1,0,0.0552827,4.54373,2.99573,9,3.6287,80,88,3.34914,529,1.00662
E3-PPOPIP-p005,38.302,87,435,RLPolicy,1,0,0.0493875,3.46574,2.99573,7,4.41968,202,208,3.91054,531,0.985259
E3-PPOPIP-p005,38.3023,242,426,RLPolicy,0,0,0.0897241,5.54518,2.99573,9,4.28672,275,283,3.96032,531,1.00593
E3-PPOPIP-p005,38.3024,255,523,RLPolicy,1,1,0.0817016,2.77259,2.99573,6,3.74404,150,174,3.51738,531,1.00247
E3-PPOPIP-p005,38.3053,235,475,RLPolicy,1,1,0.0594933,2.07944,2.99573,5,6.7992,103,276,6.21663,531,0.988606
E3-PPOPIP-p005,38.3133,100,454,RLPolicy,1,0,0.0421129,3.46574,2.99573,7,5.70913,72,78,5.22774,531,0.983717
E3-PPOPIP-p005,38.3137,165,310,RLPolicy,1,1,0.0423354,0.693147,2.99573,3,5.66255,0,142,5.33727,531,0.98984
E3-PPOPIP-p005,38.3206,178,245,RLPolicy,1,1,0.0704532,2.07944,2.99573,5,4.9348,36,108,4.50187,531,1.00551
E3-PPOPIP-p005,38.3214,261,471,RLPolicy,1,1,0.0735289,2.77259,2.99573,6,4.34297,153,300,3.84304,531,0.996653
E3-PPOPIP-p005,38.3245,23,77,RLPolicy,1,1,0.0406709,2.54959,2.99573,7,5.53256,118,371,4.65588,531,0.985499
E3-PPOPIP-p005,38.3289,77,290,RLPolicy,1,0,0.0421083,3.46574,2.99573,7,4.43003,257,263,4.0545,531,0.991074
E3-PPOPIP-p005,38.3298,386,177,RLPolicy,1,0,0.0981757,3.46574,2.99573,7,6.9889,238,244,6.5491,531,1.00235
E3-PPOPIP-p005,38.3391,272,68,RLPolicy,1,1,0.0645382,1.92529,2.99573,5,4.06288,62,219,3.64568,531,0.991301
E3-PPOPIP-p005,38.3412,79,68,RLPolicy,1,1,0.0541362,2.07944,2.99573,5,3.8793,60,200,3.61864,531,0.984143
E3-PPOPIP-p005,38.3419,32,212,RLPolicy,1,1,0.0405958,2.85497,2.99573,7,3.96889,266,353,3.70985,531,0.983561
E3-PPOPIP-p005,38.3422,291,344,RLPolicy,0,0,0.0759853,5.54518,2.99573,9,4.73124,271,279,4.21278,531,0.990837
E3-PPOPIP-p005,38.3441,37,201,RLPolicy,1,1,0.0333131,2.16183,2.99573,6,5.50387,61,170,4.86057,531,0.996188
E3-PPOPIP-p005,38.3551,189,75,RLPolicy,1,1,0.0627605,2.77259,2.99573,6,4.64837,199,317,4.40526,531,1.01868
E3-PPOPIP-p005,38.3644,187,481,RLPolicy,1,1,0.0540085,2.77259,2.99573,6,4.65102,109,329,4.14721,531,1.00058
E3-PPOPIP-p005,38.3696,140,40,RLPolicy,1,1,0.0522137,2.77259,2.99573,6,3.82183,184,201,3.5831,531,1.00135
E3-PPOPIP-p005,38.3839,356,183,RLPolicy,1,1,0.0886048,2.77259,2.99573,6,4.24775,181,299,3.77455,531,0.998884
E3-PPOPIP-p005,38.4018,288,91,RLPolicy,1,1,0.0896891,2.07944,2.99573,5,4.24535,74,170,3.93692,533,0.98514
E3-PPOPIP-p005,38.4023,146,242,RLPolicy,0,0,0.0662005,5.54518,2.99573,9,4.26902,277,285,3.74171,533,1.02326
E3-PPOPIP-p005,38.4122,241,497,RLPolicy,1,1,0.0796515,2.07944,2.99573,5,4.28643,35,108,4.00374,533,1.00482
E3-PPOPIP-p005,38.4188,112,30,RLPolicy,1,1,0.0595064,2.77259,2.99573,6,5.40978,129,338,4.75991,533,0.966388
E3-PPOPIP-p005,38.4192,337,418,RLPolicy,1,1,0.0913404,2.77259,2.99573,6,3.67342,170,188,3.44,533,0.998884
E3-PPOPIP-p005,38.42,121,297,RLPolicy,1,1,0.0577168,2.07944,2.99573,5,3.39564,14,70,3.10769,533,1.00705
E3-PPOPIP-p005,38.4223,171,103,RLPolicy,1,0,0.00863375,4.15888,2.99573,8,5.56564,370,377,4.71384,533,1.00717
E3-PPOPIP-p005,38.4275,353,114,RLPolicy,0,0,0.00356955,2.07944,2.99573,4,3.11334,5,8,3.04067,533,1
E3-PPOPIP-p005,38.4309,108,399,RLPolicy,1,1,0.0577886,2.77259,2.99573,6,4.80967,208,233,4.42053,533,0.985259
E3-PPOPIP-p005,38.4329,214,173,RLPolicy,1,1,0.0665656,2.77259,2.99573,6,4.10007,260,279,3.83926,533,1.00024
E3-PPOPIP-p005,38.4446,387,157,RLPolicy,0,0,0.00971049,5.54518,2.99573,9,4.87846,234,242,4.21243,533,1
E3-PPOPIP-p005,38.4532,28,246,RLPolicy,1,1,0.0357572,2.54959,2.99573,7,5.4946,42,332,4.89462,533,0.96963
E3-PPOPIP-p005,38.4551,256,221,RLPolicy,1,0,0.00728676,3.46574,2.99573,7,3.9139,132,138,3.54694,533,1.01398
E3-PPOPIP-p005,38.4579,184,29,RLPolicy,1,1,0.073457,2.77259,2.99573,6,4.77946,192,203,4.43728,533,0.991764
E3-PPOPIP-p005,38.4648,303,44,RLPolicy,1,0,0.0815827,4.85203,2.99573,9,4.44288,192,200,4.08077,533,1.00928
E3-PPOPIP-p005,38.4663,72,202,RLPolicy,1,0,0.0329734,4.15888,2.99573,8,3.95005,217,224,3.52394,533,1.00717
E3-PPOPIP-p005,38.4724,258,211,RLPolicy,1,1,0.086394,2.77259,2.99573,6,4.10326,270,289,3.80796,533,0.988606
E3-PPOPIP-p005,38.4732,133,166,RLPolicy,1,0,0.0607645,3.46574,2.99573,7,4.41395,311,317,4.02557,533,0.988724
E3-PPOPIP-p005,38.4806,85,429,RLPolicy,1,1,0.0486229,2.77259,2.99573,6,4.17281,133,138,3.82956,533,1.01063
E3-PPOPIP-p005,38.4809,18,63,RLPolicy,1,0,0.0222847,3.16035,2.99573,7,5.61132,310,316,5.19689,533,0.979137
E3-PPOPIP-p005,38.5032,212,481,RLPolicy,1,1,0.069286,2.46429,2.99573,6,3.58552,247,283,3.31149,532,1.00597
E3-PPOPIP-p005,38.5044,6,331,RLPolicy,1,0,0.00864444,4.00473,2.99573,8,3.95537,350,357,3.4447,532,0.980238
E3-PPOPIP-p005,38.5086,341,35,RLPolicy,0,0,0.0952473,5.54518,2.99573,9,3.77903,183,191,3.39834,532,0.998884
E3-PPOPIP-p005,38.5096,149,414,RLPolicy,1,1,0.00608905,2.77259,2.99573,6,6.64892,300,306,6.177,532,0.976397
E3-PPOPIP-p005,38.5096,106,97,RLPolicy,1,1,0.0467684,2.07944,2.99573,5,4.58096,71,160,4.02452,532,0.98984
E3-PPOPIP-p005,38.5148,78,197,RLPolicy,0,0,0.0507407,5.54518,2.99573,9,3.90337,379,387,3.35168,532,1.01052
E3-PPOPIP-p005,38.5169,127,515,RLPolicy,1,1,0.0609086,2.77259,2.99573,6,4.21658,128,284,3.76324,532,0.98749
E3-PPOPIP-p005,38.5273,290,102,RLPolicy,1,0,0.0763645,3.46574,2.99573,7,4.38907,331,337,3.73686,532,1.00012
E3-PPOPIP-p005,38.5296,369,507,RLPolicy,1,0,0.0099709,4.85203,2.99573,9,3.94977,164,172,3.47088,532,1.00928
E3-PPOPIP-p005,38.5313,124,457,RLPolicy,1,0,0.0610367,3.46574,2.99573,7,4.10623,301,307,3.55621,532,0.98984
E3-PPOPIP-p005,38.5552,237,20,RLPolicy,0,0,0.0885993,5.7275,2.99573,9,4.36957,457,465,3.95186,2,0.992071
E3-PPOPIP-p005,38.5773,176,50,RLPolicy,1,1,0.0664352,2.15599,2.99573,6,6.02074,66,183,5.50323,532,0.994842
E3-PPOPIP-p005,38.5774,361,379,RLPolicy,1,1,0.104106,2.07944,2.99573,5,3.9733,76,167,3.58536,532,0.995419
E3-PPOPIP-p005,38.5787,331,243,RLPolicy,0,0,0.0102414,5.7275,2.99573,9,2.9726,518,526,2.77491,5,1.00928
E3-PPOPIP-p005,38.5813,245,251,RLPolicy,1,1,0.0627567,2.77259,2.99573,6,6.78915,178,328,6.04177,532,0.994421
E3-PPOPIP-p005,38.6005,119,30,RLPolicy,1,1,0.059319,2.07944,2.99573,5,4.75409,89,295,4.10563,534,0.996567
E3-PPOPIP-p005,38.6015,358,504,RLPolicy,1,0,0.0977982,4.15888,2.99573,8,4.6312,336,343,3.97276,534,1.00123
E3-PPOPIP-p005,38.602,47,475,RLPolicy,1,1,0.0328801,2.93736,2.99573,8,5.78672,434,441,5.20559,534,0.978036
E3-PPOPIP-p005,38.6026,13,541,RLPolicy,1,1,0.0463091,2.07944,2.99573,5,4.1794,34,228,3.72675,534,0.976879
E3-PPOPIP-p005,38.6047,316,124,RLPolicy,1,0,0.00744751,3.46574,2.99573,7,7.07103,336,342,6.62961,534,1.00123
E3-PPOPIP-p005,38.6093,145,107,RLPolicy,1,0,0.0642693,3.46574,2.99573,7,4.43065,329,335,4.05204,534,1.02796
E3-PPOPIP-p005,38.6113,321,95,RLPolicy,1,1,0.00606714,2.77259,2.99573,6,7.20403,155,176,6.87303,534,1.00705
E3-PPOPIP-p005,38.6178,344,320,RLPolicy,0,0,0.0915387,5.54518,2.99573,9,2.66448,65,73,2.55888,2,1.00582
E3-PPOPIP-p005,38.6184,306,55,RLPolicy,1,1,0.0874224,2.07944,2.99573,5,8.08889,73,141,7.61295,534,0.996653
E3-PPOPIP-p005,38.6252,364,492,RLPolicy,1,0,0.00678578,3.46574,2.99573,7,7.0347,254,260,6.60748,534,1.00235
E3-PPOPIP-p005,38.635,147,40,RLPolicy,1,1,0.0505145,2.07944,2.99573,5,5.5082,19,310,4.73333,534,0.994114
E3-PPOPIP-p005,38.6362,163,489,RLPolicy,1,1,0.0664057,2.77259,2.99573,6,6.24196,278,295,5.56302,534,1.00717
E3-PPOPIP-p005,38.6521,90,477,RLPolicy,1,1,0.0276823,2.77259,2.99573,6,4.65678,216,224,4.13672,534,1.01063
E3-PPOPIP-p005,38.6569,350,187,RLPolicy,1,0,0.0939357,3.46574,2.99573,7,4.09444,283,289,3.6163,534,1.01163
E3-PPOPIP-p005,38.6636,287,26,RLPolicy,1,0,0.0830725,3.46574,2.99573,7,4.03657,175,181,3.70555,534,1.00338
E3-PPOPIP-p005,38.6672,273,399,RLPolicy,1,1,0.0723225,2.77259,2.99573,6,4.43438,130,431,3.762,534,0.992071
E3-PPOPIP-p005,38.6791,382,174,RLPolicy,1,0,0.111257,4.15888,2.99573,8,4.63813,403,410,4.02196,534,1.00582
E3-PPOPIP-p005,38.6945,141,213,RLPolicy,1,1,0.0427288,2.77259,2.99573,6,4.11483,52,272,3.80663,534,1.02103
E3-PPOPIP-p005,38.6959,192,101,RLPolicy,1,1,0.0746935,2.77259,2.99573,6,3.18752,114,126,3.03607,534,1.00012
E3-PPOPIP-p005,38.6982,268,17,RLPolicy,1,1,0.00608935,2.77259,2.99573,6,4.26114,198,203,4.04857,534,0.995537
E3-PPOPIP-p005,38.7006,202,87,RLPolicy,1,1,0.0594707,2.07944,2.99573,5,3.52531,52,158,3.2963,537,0.996771
E3-PPOPIP-p005,38.7033,193,211,RLPolicy,1,0,0.0698673,3.46574,2.99573,7,3.95011,341,347,3.68437,537,1.01287
E3-PPOPIP-p005,38.7076,15,530,RLPolicy,1,0,0.043252,4.24127,2.99573,9,6.80928,171,179,6.45257,537,1.00582
E3-PPOPIP-p005,38.71,36,47,RLPolicy,0,0,0.0391785,4.93441,2.99573,9,4.1591,286,294,3.80335,537,1.01463
E3-PPOPIP-p005,38.712,332,106,RLPolicy,1,1,0.083082,2.77259,2.99573,6,4.10518,240,262,3.75498,537,1.00817
E3-PPOPIP-p005,38.7134,247,509,RLPolicy,1,1,0.0677075,0.693147,2.99573,3,8.49589,0,74,8.29747,537,0.995537
E3-PPOPIP-p005,38.7237,260,94,RLPolicy,1,1,0.0734679,2.77259,2.99573,6,4.24318,246,297,3.89845,537,0.993187
E3-PPOPIP-p005,38.7314,135,213,RLPolicy,1,1,0.0615447,2.07944,2.99573,5,4.23595,82,216,3.84597,537,0.978327
E3-PPOPIP-p005,38.7325,318,277,RLPolicy,0,0,0.0862786,0.693147,2.99573,2,7.07994,0,1,7.00841,537,1
E3-PPOPIP-p005,38.7367,327,364,RLPolicy,1,1,0.104639,2.77259,2.99573,6,5.63172,103,124,5.38996,537,0.993187
E3-PPOPIP-p005,38.737,253,129,RLPolicy,1,1,0.0862339,2.77259,2.99573,6,4.36315,298,325,4.05761,537,0.997887
E3-PPOPIP-p005,38.7389,229,517,RLPolicy,1,0,0.0686609,4.85203,2.99573,9,4.97262,360,368,4.47826,537,1.01745
E3-PPOPIP-p005,38.7418,251,411,RLPolicy,1,0,0.0859322,4.15888,2.99573,8,4.51321,286,293,4.04566,537,0.99288
E3-PPOPIP-p005,38.7426,156,394,RLPolicy,1,1,0.0475777,2.07944,2.99573,5,5.67319,20,259,5.00786,537,0.986374
E3-PPOPIP-p005,38.7626,277,318,RLPolicy,0,0,0.0774025,0.693147,2.99573,2,3.31021,0,1,3.22909,537,1
E3-PPOPIP-p005,38.7677,248,288,RLPolicy,1,1,0.083392,1.38629,2.99573,4,4.98287,0,113,4.67805,537,0.982483
E3-PPOPIP-p005,38.7705,310,282,RLPolicy,1,1,0.0849251,2.77259,2.99573,6,4.86558,210,237,4.47947,537,0.997769
E3-PPOPIP-p005,38.7751,138,61,RLPolicy,1,1,0.0618492,2.77259,2.99573,6,4.36775,162,240,4.00967,537,1.0037
E3-PPOPIP-p005,38.7786,51,158,RLPolicy,1,0,0.0423613,3.46574,2.99573,7,5.02216,190,196,4.50471,537,1.01992
E3-PPOPIP-p005,38.7823,88,93,RLPolicy,1,0,0.0555029,4.15888,2.99573,8,4.71022,396,403,4.0466,537,1.02573
E3-PPOPIP-p005,38.7841,153,273,RLPolicy,1,1,0.0567663,2.46429,2.99573,6,5.56234,90,310,4.92121,537,1.0022
E3-PPOPIP-p005,38.7907,99,407,RLPolicy,1,1,0.0457016,1.38629,2.99573,4,5.84242,0,133,5.39279,537,0.988724
E3-PPOPIP-p005,38.7911,232,512,RLPolicy,1,1,0.080305,2.77259,2.99573,6,5.50399,193,200,4.97598,537,0.99053
E3-PPOPIP-p005,38.7922,375,115,RLPolicy,1,1,0.10747,2.77259,2.99573,6,7.58597,255,291,7.02423,537,0.998884
E3-PPOPIP-p005,38.8035,168,267,RLPolicy,1,1,0.0631228,2.77259,2.99573,6,5.16757,160,266,4.74306,537,0.995656
E3-PPOPIP-p005,38.8131,14,118,RLPolicy,1,1,0.017095,2.77259,2.99573,6,4.46944,179,199,4.17109,537,1.0282
E3-PPOPIP-p005,38.8147,355,211,RLPolicy,1,1,0.100583,2.07944,2.99573,5,3.70862,19,220,3.3754,537,0.993532
E3-PPOPIP-p005,38.8149,16,446,RLPolicy,1,1,0.00620212,2.46721,2.99573,6,3.64706,169,192,3.4129,537,0.972339
E3-PPOPIP-p005,38.8287,9,252,RLPolicy,1,0,0.0242349,3.16035,2.99573,7,5.34184,257,263,4.98629,537,0.987025
E3-PPOPIP-p005,38.8317,132,538,RLPolicy,1,1,0.0431731,0.693147,2.99573,3,3.59629,0,36,3.33738,537,0.995656
E3-PPOPIP-p005,38.8325,160,90,RLPolicy,1,0,0.054694,4.15888,2.99573,8,3.98779,63,70,3.69397,537,1.00817
E3-PPOPIP-p005,38.8381,130,335,RLPolicy,1,0,0.0643711,3.46574,2.99573,7,3.77763,200,206,3.40885,537,1.03031
E3-PPOPIP-p005,38.8439,26,287,RLPolicy,1,0,0.031746,3.46574,2.99573,7,3.90715,148,154,3.49034,537,1.00053
E3-PPOPIP-p005,38.8567,197,19,RLPolicy,1,1,0.0580569,1.56862,2.99573,4,4.57991,2,77,4.35634,537,0.991867
E3-PPOPIP-p005,38.8608,173,28,RLPolicy,1,1,0.0704648,2.61844,2.99573,6,4.93634,264,315,4.59791,537,0.99827
E3-PPOPIP-p005,38.861,297,322,RLPolicy,1,0,0.0871845,3.46574,2.99573,7,4.14847,151,264,3.84255,537,1.0094
E3-PPOPIP-p005,38.8702,252,453,RLPolicy,0,0,0.0799101,5.54518,2.99573,9,5.85883,394,402,5.4486,537,1.00593
E3-PPOPIP-p005,38.8771,263,465,RLPolicy,1,0,0.0768466,4.85203,2.99573,9,4.63613,353,361,4.08978,537,1.01052
E3-PPOPIP-p005,38.8775,352,207,RLPolicy,1,1,0.0964863,2.77259,2.99573,6,4.23234,213,243,3.88537,537,0.997769
E3-PPOPIP-p005,38.8776,62,249,RLPolicy,1,1,0.00666618,2.77259,2.99573,6,5.46602,196,208,5.1455,537,0.981793
E3-PPOPIP-p005,38.8782,312,74,RLPolicy,1,1,0.0787995,2.07944,2.99573,5,5.00983,82,250,4.50053,537,0.989721
E3-PPOPIP-p005,38.8788,329,480,RLPolicy,1,0,0.00968478,4.85203,2.99573,9,4.83126,431,439,4.08241,537,1.01856
E3-PPOPIP-p005,38.8805,368,301,RLPolicy,1,0,0.00975287,4.85203,2.99573,9,4.27591,159,167,3.91067,537,1.00928
E3-PPOPIP-p005,38.8808,144,152,RLPolicy,1,0,0.0513394,4.85203,2.99573,9,3.91313,354,362,3.4042,537,1.0245
E3-PPOPIP-p005,38.8852,217,403,RLPolicy,1,1,0.0642604,1.92529,2.99573,5,4.0045,74,182,3.68538,537,0.993688
E3-PPOPIP-p005,38.8936,126,32,RLPolicy,1,1,0.0530935,2.07944,2.99573,5,5.13012,40,320,4.53824,537,0.991074
E3-PPOPIP-p005,38.8989,209,114,RLPolicy,0,0,0.0496888,2.07944,2.99573,4,3.14625,5,8,3.09713,537,1
E3-PPOPIP-p005,38.9008,265,304,RLPolicy,1,0,0.0774038,3.46574,2.99573,7,3.77137,208,214,3.46098,538,1.00247
E3-PPOPIP-p005,38.9038,155,534,RLPolicy,1,1,0.0558962,2.77259,2.99573,6,4.52044,284,308,4.12274,538,0.994421
E3-PPOPIP-p005,38.9097,80,236,RLPolicy,1,1,0.0305445,2.07944,2.99573,5,5.49967,40,214,4.93281,538,1.0037
E3-PPOPIP-p005,38.9114,143,197,RLPolicy,1,1,0.0521508,2.07944,2.99573,5,3.23059,60,109,2.95622,538,1.02652
E3-PPOPIP-p005,38.9283,276,310,RLPolicy,1,1,0.0898129,2.77259,2.99573,6,4.70266,262,282,4.40461,538,0.992071
E3-PPOPIP-p005,38.9478,161,110,RLPolicy,1,0,0.0716547,3.85058,2.99573,8,6.60469,220,285,5.94953,538,0.973703
E3-PPOPIP-p005,38.9601,363,383,RLPolicy,1,1,0.094572,2.07944,2.99573,5,3.13368,7,39,2.93656,538,0.995419
E3-PPOPIP-p005,38.9648,205,175,RLPolicy,1,1,0.0656861,2.77259,2.99573,6,4.63277,93,165,4.31632,538,1.01063
E3-PPOPIP-p005,38.9654,40,488,RLPolicy,1,1,0.0435,2.54959,2.99573,7,5.16745,169,353,4.53671,538,0.982326
E3-PPOPIP-p005,38.9679,56,465,RLPolicy,1,0,0.0407105,4.15888,2.99573,8,5.47737,326,333,5.14663,538,1.00453
E3-PPOPIP-p005,38.9684,96,155,RLPolicy,1,0,0.0450519,3.46574,2.99573,7,5.11594,243,249,4.70585,538,0.993306
E3-PPOPIP-p005,38.9707,302,222,RLPolicy,1,1,0.0856009,2.07944,2.99573,5,5.80555,91,275,5.11101,538,0.993187
E3-PPOPIP-p005,38.9821,370,502,RLPolicy,1,1,0.0910767,2.77259,2.99573,6,4.43404,173,262,3.89802,538,0.998884
E3-PPOPIP-p005,38.9825,151,63,RLPolicy,1,1,0.0486757,1.92529,2.99573,5,4.40231,34,325,3.90956,538,0.974511
E3-PPOPIP-p005,38.985,206,374,RLPolicy,1,1,0.064665,2.77259,2.99573,6,3.84639,218,240,3.63426,538,1.00024
E3-PPOPIP-p005,39.0111,322,237,RLPolicy,1,1,0.0839869,2.07944,2.99573,5,4.90261,69,123,4.53357,538,0.989721
E3-PPOPIP-p005,39.0274,110,151,RLPolicy,1,0,0.0550834,4.15888,2.99573,8,4.90329,243,250,4.36885,538,1.02115
E3-PPOPIP-p005,39.0415,323,152,RLPolicy,1,1,0.0812159,2.26176,2.99573,5,5.18851,33,145,4.73391,538,0.997564
E3-PPOPIP-p005,39.0461,201,226,RLPolicy,1,1,0.0557002,2.77259,2.99573,6,5.06023,227,273,4.70847,538,0.990223
E3-PPOPIP-p005,39.0479,283,445,RLPolicy,1,0,0.00684844,3.46574,2.99573,7,4.57184,278,284,4.19418,538,1.01287
E3-PPOPIP-p005,39.0514,280,228,RLPolicy,0,0,0.0653745,0.693147,2.99573,2,3.59334,0,1,3.53995,538,0.997769
E3-PPOPIP-p005,39.0541,123,456,RLPolicy,1,0,0.0191442,4.15888,2.99573,8,5.11662,138,145,4.6586,538,1.02103
E3-PPOPIP-p005,39.0587,20,320,RLPolicy,1,0,0.0412682,3.8535,2.99573,8,5.41666,193,200,5.05724,538,0.987849
E3-PPOPIP-p005,39.06,3,442,RLPolicy,1,0,0.00739823,3.16035,2.99573,7,6.2901,296,302,5.67687,538,1.01398
E3-PPOPIP-p005,39.0602,19,86,RLPolicy,1,0,0.041456,3.54812,2.99573,8,4.61103,318,325,4.23149,538,1.00089
E3-PPOPIP-p005,39.0676,367,440,RLPolicy,0,0,0.0958739,5.54518,2.99573,9,4.14698,358,366,3.50909,538,0.998884
E3-PPOPIP-p005,39.0788,307,249,RLPolicy,1,1,0.0891186,2.77259,2.99573,6,5.84304,116,235,5.4042,538,0.993187
E3-PPOPIP-p005,39.0827,210,397,RLPolicy,1,0,0.0660061,3.31159,2.99573,7,3.61221,138,144,3.29892,538,1.01055
E3-PPOPIP-p005,39.083,128,102,RLPolicy,1,1,0.047223,2.07944,2.99573,5,4.54731,33,289,4.12696,538,0.980558
E3-PPOPIP-p005,39.0867,177,56,RLPolicy,1,1,0.0689291,2.77259,2.99573,6,5.48148,173,184,5.09368,538,0.985603
E3-PPOPIP-p005,39.0895,45,41,RLPolicy,0,0,0.0399073,4.93441,2.99573,9,4.23898,121,129,3.79789,538,1.00775
E3-PPOPIP-p005,39.092,377,490,RLPolicy,1,0,0.00683094,3.46574,2.99573,7,4.42641,232,238,3.89529,538,1.00235
E3-PPOPIP-p005,39.093,267,156,RLPolicy,1,1,0.0792607,2.77259,2.99573,6,4.14024,238,276,3.87763,538,0.995537
E3-PPOPIP-p005,39.0993,46,34,RLPolicy,1,0,0.0426191,3.08859,2.99573,8,5.10879,405,412,4.35417,538,1.00685
E3-PPOPIP-p005,39.0997,228,280,RLPolicy,0,0,0.068643,0.693147,2.99573,2,3.29907,0,1,3.24023,538,1.00235
E3-PPOPIP-p005,39.1092,300,344,RLPolicy,0,0,0.0861076,5.54518,2.99573,9,4.43213,249,257,3.86739,540,1.01052
E3-PPOPIP-p005,39.1136,43,80,RLPolicy,1,1,0.0409825,2.46721,2.99573,6,6.70402,219,289,6.12458,540,0.950429
E3-PPOPIP-p005,39.1171,196,517,RLPolicy,0,0,0.0695987,5.54518,2.99573,9,2.90891,167,175,2.80956,5,0.994421
E3-PPOPIP-p005,39.1238,102,361,RLPolicy,1,1,0.0520937,2.07944,2.99573,5,5.34491,69,209,4.82531,540,0.961597
E3-PPOPIP-p005,39.1243,254,108,RLPolicy,1,1,0.0766972,2.77259,2.99573,6,4.85079,242,305,4.25803,540,1.00135
E3-PPOPIP-p005,39.1245,346,121,RLPolicy,1,0,0.105032,4.15888,2.99573,8,3.30126,179,186,2.92615,540,0.994303
E3-PPOPIP-p005,39.1347,343,285,RLPolicy,1,1,0.099555,2.77259,2.99573,6,3.97188,310,334,3.62039,540,0.994303
E3-PPOPIP-p005,39.1394,12,325,RLPolicy,0,0,0.00973405,5.7275,2.99573,9,3.56987,514,522,3.27887,1,0.943789
E3-PPOPIP-p005,39.1401,308,410,RLPolicy,1,1,0.0879128,1.92529,2.99573,5,7.77842,61,120,7.4526,540,0.995882
E3-PPOPIP-p005,39.1404,158,111,RLPolicy,1,1,0.0681486,2.77259,2.99573,6,4.26946,104,277,3.91414,540,1.00247
E3-PPOPIP-p005,39.1406,328,113,RLPolicy,1,1,0.099421,2.3263,2.99573,6,5.07516,71,215,4.5494,540,0.992654
E3-PPOPIP-p005,39.1454,63,182,RLPolicy,1,0,0.0346308,3.46574,2.99573,7,4.66827,320,326,4.33322,540,1.01686
E3-PPOPIP-p005,39.1482,234,456,RLPolicy,1,0,0.00969534,4.85203,2.99573,9,8.83989,292,300,8.43764,540,1.00358
E3-PPOPIP-p005,39.1508,81,445,RLPolicy,1,1,0.0431372,0.693147,2.99573,3,4.0311,0,43,3.88826,540,0.99219
E3-PPOPIP-p005,39.1525,392,42,RLPolicy,1,1,0.100312,2.77259,2.99573,6,5.31224,269,299,4.87799,540,0.998884
E3-PPOPIP-p005,39.1582,250,455,RLPolicy,1,0,0.0746541,4.15888,2.99573,8,4.68698,175,182,4.40512,540,1.02326
E3-PPOPIP-p005,39.1626,25,215,RLPolicy,1,0,0.0422852,3.54812,2.99573,8,4.41224,323,380,3.96045,540,0.97716
E3-PPOPIP-p005,39.1632,282,350,RLPolicy,1,1,0.0784068,2.77259,2.99573,6,4.23442,187,283,3.95669,540,1.00593
E3-PPOPIP-p005,39.1672,225,444,RLPolicy,1,1,0.073882,2.77259,2.99573,6,4.23575,239,256,4.02214,540,0.996771
E3-PPOPIP-p005,39.1722,105,5,RLPolicy,1,1,0.0569596,2.77259,2.99573,6,5.36578,213,249,4.87364,540,0.99454
E3-PPOPIP-p005,39.1896,378,199,RLPolicy,1,1,0.112679,2.77259,2.99573,6,4.7384,261,289,4.3738,540,0.998884
E3-PPOPIP-p005,39.1961,109,111,RLPolicy,1,1,0.0463368,2.77259,2.99573,6,4.23005,188,203,3.95409,540,1.0037
E3-PPOPIP-p005,39.1986,167,351,RLPolicy,1,1,0.06521,2.77259,2.99573,6,4.99372,267,340,4.58143,540,0.980558
E3-PPOPIP-p005,39.2013,238,435,RLPolicy,1,1,0.0831573,2.77259,2.99573,6,5.47055,36,49,5.14536,540,1.00817
E3-PPOPIP-p005,39.2047,397,178,RLPolicy,1,1,0.0953945,2.77259,2.99573,6,8.40397,151,186,8.08859,540,0.998884
E3-PPOPIP-p005,39.2053,76,146,RLPolicy,1,0,0.0395776,4.15888,2.99573,8,4.38406,314,321,4.12836,540,0.98984
E3-PPOPIP-p005,39.207,305,251,RLPolicy,1,1,0.0793829,2.77259,2.99573,6,5.50082,125,277,4.9756,540,1.00358
E3-PPOPIP-p005,39.2107,115,213,RLPolicy,1,1,0.0574892,2.07944,2.99573,5,8.84829,68,232,8.47128,540,0.993306
E3-PPOPIP-p005,39.2259,54,416,RLPolicy,1,0,0.0336228,4.15888,2.99573,8,4.82283,241,248,4.36044,540,1.00981
E3-PPOPIP-p005,39.231,275,408,RLPolicy,0,0,0.0886505,5.54518,2.99573,9,3.56488,481,489,3.4018,1,0.992799
E3-PPOPIP-p005,39.2311,342,56,RLPolicy,1,1,0.0824601,1.38629,2.99573,4,4.05111,0,165,3.72198,540,0.990837
E3-PPOPIP-p005,39.2315,38,80,RLPolicy,1,1,0.0447045,2.93736,2.99573,8,4.78566,402,435,4.24596,540,0.982034
E3-PPOPIP-p005,39.237,66,168,RLPolicy,1,1,0.050276,2.61844,2.99573,6,6.79442,103,379,5.98914,540,1.00402
E3-PPOPIP-p005,39.242,50,320,RLPolicy,1,0,0.00932686,4.15888,2.99573,8,6.45502,184,191,6.11182,540,1.00147
E3-PPOPIP-p005,39.2423,52,331,RLPolicy,1,1,0.0456804,2.77259,2.99573,6,5.45517,147,229,4.80005,540,0.956417
E3-PPOPIP-p005,39.2543,293,45,RLPolicy,1,0,0.0993388,3.46574,2.99573,7,4.65903,106,112,4.45707,540,1.00593
E3-PPOPIP-p005,39.2603,180,491,RLPolicy,1,1,0.0480403,1.92529,2.99573,5,5.38495,35,128,5.05917,540,0.989069
E3-PPOPIP-p005,39.2636,39,425,RLPolicy,1,1,0.0060661,2.77259,2.99573,6,4.68531,186,196,4.46166,540,0.977331
E3-PPOPIP-p005,39.2664,347,144,RLPolicy,1,0,0.0875014,4.15888,2.99573,8,4.17455,338,345,3.56524,540,0.997769
E3-PPOPIP-p005,39.2725,95,454,RLPolicy,0,0,0.0482049,5.54518,2.99573,9,4.87159,247,255,4.22746,540,0.985259
E3-PPOPIP-p005,39.2759,348,153,RLPolicy,1,1,0.0870025,2.07944,2.99573,5,4.15524,112,180,3.93198,540,0.994303
E3-PPOPIP-p005,39.2763,281,161,RLPolicy,1,1,0.0890928,0.693147,2.99573,3,3.72595,0,33,3.56397,540,0.988606
E3-PPOPIP-p005,39.28,226,270,RLPolicy,0,0,0.0770204,5.54518,2.99573,9,4.11976,326,334,3.58058,540,1.00593
E3-PPOPIP-p005,39.2872,59,333,RLPolicy,1,1,0.0449097,1.38629,2.99573,4,6.08982,0,152,5.71632,540,0.974861
E3-PPOPIP-p005,39.2882,162,400,RLPolicy,1,0,0.0203575,4.85203,2.99573,9,6.19895,315,323,5.81484,540,1.01745
E3-PPOPIP-p005,39.2982,380,471,RLPolicy,1,0,0.0993935,3.46574,2.99573,7,4.69344,262,268,4.06856,540,1.00235
E3-PPOPIP-p005,39.3034,339,544,RLPolicy,1,0,0.0876784,3.46574,2.99573,7,4.95807,339,345,4.46778,540,1.0047
E3-PPOPIP-p005,39.3079,114,438,RLPolicy,0,0,0.00480485,2.77259,2.99573,5,7.40675,4,8,7.28868,540,1
E3-PPOPIP-p005,39.3116,49,508,RLPolicy,1,1,0.0272473,2.77259,2.99573,6,4.07167,64,80,3.83884,540,1.0094
E3-PPOPIP-p005,39.3155,278,317,RLPolicy,1,1,0.0886781,2.77259,2.99573,6,4.33263,193,214,4.09345,540,0.995537
E3-PPOPIP-p005,39.317,68,437,RLPolicy,1,0,0.0522356,4.69788,2.99573,9,4.54291,366,374,3.98486,540,1.02253
E3-PPOPIP-p005,39.3184,86,505,RLPolicy,1,0,0.0464631,3.46574,2.99573,7,4.33744,227,233,4.06509,540,1.02103
E3-PPOPIP-p005,39.3214,172,408,RLPolicy,1,1,0.0418386,1.38629,2.99573,4,5.2275,0,268,4.73634,540,0.96558
E3-PPOPIP-p005,39.3274,269,82,RLPolicy,1,1,0.0776799,2.77259,2.99573,6,5.69507,177,205,5.43936,540,1.00247
E3-PPOPIP-p005,39.3299,195,210,RLPolicy,1,0,0.00727796,3.64806,2.99573,7,6.69085,221,227,6.19761,540,1.00273
E3-PPOPIP-p005,39.3387,324,96,RLPolicy,1,0,0.0913723,4.15888,2.99573,8,5.65004,271,278,5.10535,540,1.01052
E3-PPOPIP-p005,39.3471,1,393,RLPolicy,1,1,0.025629,2.07944,2.99573,5,4.57984,69,165,4.20068,540,0.995776
E3-PPOPIP-p005,39.3536,266,525,RLPolicy,1,1,0.071425,2.77259,2.99573,6,5.17092,227,274,4.78901,540,0.999003
E3-PPOPIP-p005,39.3617,299,363,RLPolicy,1,0,0.101344,4.85203,2.99573,9,4.34689,151,159,4.08202,540,1.02326
E3-PPOPIP-p005,39.3654,7,361,RLPolicy,1,1,0.0373069,2.46721,2.99573,6,4.71084,201,272,4.2561,540,0.98211
E3-PPOPIP-p005,39.379,262,36,RLPolicy,1,1,0.0857015,2.77259,2.99573,6,5.64732,190,205,5.38537,540,0.994421
E3-PPOPIP-p005,39.387,204,185,RLPolicy,1,1,0.0552276,2.07944,2.99573,5,4.92742,38,239,4.61841,540,0.979443
E3-PPOPIP-p005,39.3911,8,426,RLPolicy,1,0,0.01892,4.15888,2.99573,8,4.20929,215,222,3.92667,540,1.01134
E3-PPOPIP-p005,39.3945,390,20,RLPolicy,0,0,0.0102957,5.7275,2.99573,9,4.81404,519,527,4.44788,2,1
E3-PPOPIP-p005,39.3993,186,464,RLPolicy,1,1,0.0473422,1.38629,2.99573,4,5.32898,0,193,4.85997,540,0.971396
E3-PPOPIP-p005,39.4017,400,33,RLPolicy,1,0,0.103347,4.15888,2.99573,8,4.84842,121,128,4.47214,541,1.00582
E3-PPOPIP-p005,39.4081,376,240,RLPolicy,1,0,0.0994257,4.85203,2.99573,9,8.10601,358,366,7.52125,541,1.00928
E3-PPOPIP-p005,39.4143,97,141,RLPolicy,1,0,0.049293,4.15888,2.99573,8,4.39698,402,409,3.78509,541,0.987609
E3-PPOPIP-p005,39.4152,357,494,RLPolicy,0,0,0.00970816,5.54518,2.99573,9,3.27916,159,167,2.97126,541,1.00582
E3-PPOPIP-p005,39.416,17,115,RLPolicy,1,1,0.0395073,2.85497,2.99573,7,4.76007,278,301,4.20649,541,1.00405
E3-PPOPIP-p005,39.4189,103,241,RLPolicy,0,0,0.0583945,5.54518,2.99573,9,7.99734,474,482,7.55137,541,0.996653
E3-PPOPIP-p005,39.4203,207,265,RLPolicy,1,1,0.0740135,2.77259,2.99573,6,4.89657,171,187,4.65234,541,1.00482
E3-PPOPIP-p005,39.4255,67,482,RLPolicy,1,1,0.0496239,2.77259,2.99573,6,5.60236,233,273,5.24104,541,0.986493
E3-PPOPIP-p005,39.4363,336,448,RLPolicy,1,0,0.0920593,3.46574,2.99573,7,4.843,291,297,4.4286,541,0.993187
E3-PPOPIP-p005,39.441,311,400,RLPolicy,1,1,0.0872328,2.77259,2.99573,6,6.06997,250,260,5.60267,541,0.996653
E3-PPOPIP-p005,39.4412,384,539,RLPolicy,1,0,0.100255,4.85203,2.99573,9,4.44739,298,306,3.96968,541,1.00928
E3-PPOPIP-p005,39.4445,154,93,RLPolicy,1,1,0.00682373,2.77259,2.99573,6,4.2193,151,172,3.9685,541,0.994421
E3-PPOPIP-p005,39.4481,166,325,RLPolicy,1,0,0.0646718,3.46574,2.99573,7,5.25012,329,335,4.81629,541,1.01868
E3-PPOPIP-p005,39.4504,334,250,RLPolicy,1,1,0.0874674,2.77259,2.99573,6,5.22553,272,291,4.78364,541,0.994303
E3-PPOPIP-p005,39.4573,74,155,RLPolicy,1,1,0.0504359,2.77259,2.99573,6,4.85438,259,319,4.51321,541,0.99219
E3-PPOPIP-p005,39.4602,65,254,RLPolicy,1,0,0.0403854,3.46574,2.99573,7,5.11431,272,278,4.63537,541,1.00952
E3-PPOPIP-p005,39.4684,61,1,RLPolicy,1,1,0.0462726,2.77259,2.99573,6,5.77457,175,186,5.40577,541,0.996436
E3-PPOPIP-p005,39.471,354,244,RLPolicy,1,1,0.10819,2.77259,2.99573,6,5.2357,43,201,4.60075,541,0.997769
E3-PPOPIP-p005,39.4754,379,236,RLPolicy,1,1,0.09502,2.77259,2.99573,6,4.74126,115,382,4.08577,541,0.998884
E3-PPOPIP-p005,39.4797,243,84,RLPolicy,1,1,0.0663187,2.77259,2.99573,6,4.65727,215,245,4.20631,541,0.980558
E3-PPOPIP-p005,39.4817,48,502,RLPolicy,1,1,0.0327142,2.07944,2.99573,5,6.98243,5,314,6.38079,541,0.962233
E3-PPOPIP-p005,39.4829,374,256,RLPolicy,1,0,0.0084947,4.15888,2.99573,8,4.25299,256,263,3.94551,541,1.00123
E3-PPOPIP-p005,39.485,284,242,RLPolicy,1,1,0.0696213,1.38629,2.99573,4,4.55252,0,250,4.08374,541,0.988606
E3-PPOPIP-p005,39.4918,101,130,RLPolicy,1,0,0.0575172,4.85203,2.99573,9,4.86519,304,312,4.21696,541,1.0037
E3-PPOPIP-p005,39.5034,55,527,RLPolicy,1,0,0.0466314,3.46574,2.99573,7,5.659,187,193,5.2147,541,0.996848
E3-PPOPIP-p005,39.5042,182,14,RLPolicy,0,0,0.0675943,5.54518,2.99573,9,5.55076,353,361,5.06006,541,1.00247
E3-PPOPIP-p005,39.5064,271,315,RLPolicy,1,1,0.00725439,2.95491,2.99573,6,10.0718,219,224,9.67185,541,0.999914
E3-PPOPIP-p005,39.5071,274,437,RLPolicy,1,1,0.0745693,2.07944,2.99573,5,5.68153,15,164,5.13011,541,0.994421
E3-PPOPIP-p005,39.5086,294,290,RLPolicy,1,1,0.0853681,2.77259,2.99573,6,3.94165,255,275,3.62652,541,0.98514
E3-PPOPIP-p005,39.5094,393,328,RLPolicy,1,1,0.0956169,1.38629,2.99573,4,4.22804,0,162,3.90788,541,0.991953
E3-PPOPIP-p005,39.5136,125,176,RLPolicy,1,1,0.0605037,2.77259,2.99573,6,5.75635,144,180,5.41055,541,0.991074
E3-PPOPIP-p005,39.5143,93,170,RLPolicy,1,0,0.0444723,4.69788,2.99573,9,4.00821,462,470,3.57105,541,1.00867
E3-PPOPIP-p005,39.5147,53,79,RLPolicy,1,1,0.0391233,1.23214,2.99573,4,5.038,0,205,4.46261,541,0.99758
E3-PPOPIP-p005,39.5167,298,45,RLPolicy,1,0,0.0203325,4.85203,2.99573,9,4.17391,197,205,3.79983,541,1.00247
E3-PPOPIP-p005,39.5226,44,536,RLPolicy,1,1,0.0444242,2.77259,2.99573,6,4.37737,161,172,4.11029,541,0.983852
E3-PPOPIP-p005,39.5304,0,115,RLPolicy,1,1,0.034585,2.77259,2.99573,6,6.28743,271,304,5.96262,541,1.01296
E3-PPOPIP-p005,39.5403,208,182,RLPolicy,1,0,0.066198,4.85203,2.99573,9,3.94702,300,308,3.6123,541,1.00135
E3-PPOPIP-p005,39.5422,118,193,RLPolicy,1,1,0.0602512,2.77259,2.99573,6,5.81324,267,323,5.18818,541,0.973746
E3-PPOPIP-p005,39.547,91,268,RLPolicy,1,1,0.053216,2.07944,2.99573,5,4.43063,121,267,4.20275,541,0.991074
E3-PPOPIP-p005,39.5525,148,114,RLPolicy,0,0,0.00357607,2.07944,2.99573,4,3.65105,5,8,3.55624,541,1
E3-PPOPIP-p005,39.5611,373,425,RLPolicy,1,0,0.0975095,4.85203,2.99573,9,4.07516,254,262,3.55377,541,1.01163
E3-PPOPIP-p005,39.5799,175,282,RLPolicy,1,1,0.0535972,2.07944,2.99573,5,5.95893,64,170,5.48095,541,0.987528
E3-PPOPIP-p005,39.5806,257,92,RLPolicy,1,1,0.0770412,2.80076,2.99573,6,5.61522,145,185,5.22508,541,0.976463
E3-PPOPIP-p005,39.5885,183,480,RLPolicy,1,1,0.072401,2.77259,2.99573,6,6.51039,255,265,6.05398,541,0.99219
E3-PPOPIP-p005,39.5967,309,57,RLPolicy,1,0,0.104259,4.54373,2.99573,9,5.07547,380,388,4.61884,541,1.01436
E3-PPOPIP-p005,39.6017,351,150,RLPolicy,1,0,0.0931109,3.46574,2.99573,7,4.17519,271,277,3.66242,544,1.00123
E3-PPOPIP-p005,39.6241,320,105,RLPolicy,1,0,0.00968176,4.85203,2.99573,9,7.85709,210,218,7.53374,544,1.01856
E3-PPOPIP-p005,39.6286,325,14,RLPolicy,1,0,0.00797198,3.46574,2.99573,7,5.78082,344,350,5.35352,544,1.00705
E3-PPOPIP-p005,39.6356,117,61,RLPolicy,1,0,0.0485433,4.15888,2.99573,8,5.78458,324,331,5.17598,544,1.01063
E3-PPOPIP-p005,39.6357,200,273,RLPolicy,1,1,0.0638511,2.77259,2.99573,6,5.98277,140,267,5.28187,544,0.993306
E3-PPOPIP-p005,39.6482,405,2,RLPolicy,1,1,0.112954,2.61844,2.99573,6,4.71069,190,205,4.37796,544,0.998114
E3-PPOPIP-p005,39.6516,89,539,RLPolicy,1,0,0.0500251,4.15888,2.99573,8,4.39078,295,302,3.96958,544,0.989959
E3-PPOPIP-p005,39.6517,215,340,RLPolicy,1,0,0.0837694,4.15888,2.99573,8,3.92465,236,243,3.57507,544,1.01868
E3-PPOPIP-p005,39.6535,181,359,RLPolicy,1,0,0.00923201,4.85203,2.99573,9,4.49864,346,354,4.11699,544,1.0198
E3-PPOPIP-p005,39.6635,170,302,RLPolicy,1,1,0.0688762,2.77259,2.99573,6,4.3328,248,282,4.10642,544,0.98984
E3-PPOPIP-p005,39.6645,190,317,RLPolicy,1,1,0.052233,2.07944,2.99573,5,5.12818,31,181,4.72402,544,0.98617
E3-PPOPIP-p005,39.6715,227,370,RLPolicy,1,1,0.0778146,2.61844,2.99573,6,5.48602,199,209,5.22223,544,0.994459
E3-PPOPIP-p005,39.6757,83,54,RLPolicy,1,0,0.00752801,3.46574,2.99573,7,4.782,257,263,4.44625,544,0.984143
E3-PPOPIP-p005,39.6794,203,362,RLPolicy,1,0,0.0656317,4.15888,2.99573,8,5.4072,349,356,4.87255,544,1.00247
E3-PPOPIP-p005,39.6803,60,430,RLPolicy,1,1,0.0357668,1.38629,2.99573,4,5.06005,0,132,4.7228,544,1.00036
E3-PPOPIP-p005,39.6869,35,11,RLPolicy,1,1,0.0060567,2.77259,2.99573,6,4.47473,199,223,4.23031,544,0.979151
E3-PPOPIP-p005,39.6932,249,216,RLPolicy,0,0,0.071189,5.39103,2.99573,9,4.95403,313,321,4.54145,544,1.01402
E3-PPOPIP-p005,39.6973,134,183,RLPolicy,0,0,0.0671819,5.54518,2.99573,9,3.89352,239,247,3.65047,544,1.01163
E3-PPOPIP-p005,39.7002,139,315,RLPolicy,1,0,0.0645299,4.54373,2.99573,9,5.51263,319,327,5.1419,544,0.997154
E3-PPOPIP-p005,39.7018,11,518,RLPolicy,1,0,0.00848043,3.24274,2.99573,8,3.91677,282,289,3.43161,544,1.00412
E3-PPOPIP-p005,39.7043,385,243,RLPolicy,0,0,0.00957483,5.7275,2.99573,9,6.39746,536,544,6.03458,5,1
E3-PPOPIP-p005,39.7058,317,460,RLPolicy,1,0,0.0871208,3.46574,2.99573,7,11.8221,291,297,11.5464,544,1.00012
E3-PPOPIP-p005,39.7059,244,304,RLPolicy,1,1,0.0830926,2.77259,2.99573,6,9.22043,196,208,9.01972,544,0.989797
E3-PPOPIP-p005,39.7059,213,278,RLPolicy,1,1,0.0771726,2.07944,2.99573,5,3.68732,60,168,3.51031,544,0.984024
E3-PPOPIP-p005,39.7128,349,469,RLPolicy,1,1,0.102514,2.77259,2.99573,6,5.54423,166,187,5.13636,544,1.00123
E3-PPOPIP-p005,39.723,150,104,RLPolicy,1,0,0.0625653,3.46574,2.99573,7,4.55626,335,341,4.31558,544,1.03836
E3-PPOPIP-p005,39.7244,169,249,RLPolicy,1,1,0.0703442,2.80076,2.99573,6,4.14867,225,256,3.95209,544,0.984629
E3-PPOPIP-p005,39.7316,218,408,RLPolicy,0,0,0.075855,5.54518,2.99573,9,3.93392,472,480,3.50421,1,0.98514
E3-PPOPIP-p005,39.733,116,557,RLPolicy,1,1,0.0577256,1.92529,2.99573,5,5.86564,47,176,5.43046,544,0.988298
E3-PPOPIP-p005,39.7398,27,123,RLPolicy,1,1,0.00607802,2.77259,2.99573,6,5.78064,270,281,5.15224,544,0.987437
E3-PPOPIP-p005,39.7462,219,337,RLPolicy,1,1,0.062317,2.07944,2.99573,5,4.50615,66,168,4.15592,544,0.994459
E3-PPOPIP-p005,39.7536,333,358,RLPolicy,1,1,0.0934706,2.77259,2.99573,6,7.8023,276,298,7.39891,544,0.989721
E3-PPOPIP-p005,39.7555,330,222,RLPolicy,1,1,0.104772,2.77259,2.99573,6,5.03283,280,296,4.53371,544,1.00358
E3-PPOPIP-p005,39.7559,319,400,RLPolicy,1,0,0.0080061,4.15888,2.99573,8,5.11209,352,359,4.56784,544,1.01143
E3-PPOPIP-p005,39.7595,295,399,RLPolicy,1,1,0.0859333,2.77259,2.99573,6,4.91127,85,303,4.37267,544,1.00247
E3-PPOPIP-p005,39.7615,220,104,RLPolicy,1,1,0.0579066,2.77259,2.99573,6,4.60561,91,337,4.1642,544,1.01063
E3-PPOPIP-p005,39.767,224,144,RLPolicy,1,1,0.0803155,2.77259,2.99573,6,5.67858,145,226,5.22545,544,0.976889
E3-PPOPIP-p005,39.7683,73,514,RLPolicy,1,1,0.0571808,2.77259,2.99573,6,5.73759,238,318,5.39121,544,0.984143
E3-PPOPIP-p005,39.7693,82,20,RLPolicy,0,0,0.00997847,5.7275,2.99573,9,4.09474,521,529,3.79827,1,0.985259
E3-PPOPIP-p005,39.774,152,348,RLPolicy,1,0,0.0631063,4.15888,2.99573,8,4.17118,258,265,3.82589,544,0.999121
E3-PPOPIP-p005,39.7809,381,380,RLPolicy,1,0,0.0983606,3.46574,2.99573,7,5.36092,360,366,4.88154,544,1.00235
E3-PPOPIP-p005,39.7834,296,368,RLPolicy,1,0,0.0808223,4.15888,2.99573,8,4.49289,456,463,3.95897,544,1.00705
E3-PPOPIP-p005,39.7851,340,66,RLPolicy,1,0,0.0924017,3.46574,2.99573,7,6.89985,354,360,6.16225,544,1.01052
E3-PPOPIP-p005,39.7905,223,458,RLPolicy,1,1,0.0564599,2.07944,2.99573,5,4.58712,48,201,4.13054,544,0.990956
E3-PPOPIP-p005,39.8044,398,208,RLPolicy,1,0,0.00726189,3.46574,2.99573,7,4.5187,251,257,4.13647,545,1.00235
E3-PPOPIP-p005,39.8049,391,111,RLPolicy,1,1,0.0948512,2.77259,2.99573,6,4.78312,248,281,4.34384,545,0.998884
E3-PPOPIP-p005,39.8064,211,485,RLPolicy,1,1,0.0708859,2.77259,2.99573,6,4.22493,84,293,3.63497,545,0.977093
E3-PPOPIP-p005,39.8078,401,357,RLPolicy,1,0,0.103314,4.15888,2.99573,8,7.69352,171,178,7.27837,545,1.00582
E3-PPOPIP-p005,39.8082,313,207,RLPolicy,1,1,0.0804314,2.07944,2.99573,5,4.75382,79,233,4.40358,545,0.992071
E3-PPOPIP-p005,39.8085,388,344,RLPolicy,0,0,0.101055,5.54518,2.99573,9,3.68365,216,224,3.33192,545,1
E3-PPOPIP-p005,39.8227,94,206,RLPolicy,1,1,0.0540957,2.77259,2.99573,6,4.47001,217,233,4.17678,545,1.0176
E3-PPOPIP-p005,39.8236,5,105,RLPolicy,1,1,0.0355392,2.77259,2.99573,6,4.92201,224,269,4.47711,545,0.99871
E3-PPOPIP-p005,39.8249,113,482,RLPolicy,1,1,0.0547894,2.77259,2.99573,6,5.30247,137,236,4.94444,545,0.978791
E3-PPOPIP-p005,39.8317,198,350,RLPolicy,1,0,0.059374,3.46574,2.99573,7,4.6347,234,240,4.30835,545,0.989107
E3-PPOPIP-p005,39.8346,92,288,RLPolicy,1,0,0.0508808,4.00473,2.99573,8,3.78148,215,222,3.46412,545,1.00887
E3-PPOPIP-p005,39.8359,389,494,RLPolicy,0,0,0.099719,5.54518,2.99573,9,3.41112,179,187,3.02814,545,1
E3-PPOPIP-p005,39.8457,129,402,RLPolicy,1,0,0.0483861,3.31159,2.99573,7,5.01445,222,228,4.73502,545,1.02608
E3-PPOPIP-p005,39.85,404,360,RLPolicy,1,0,0.00841459,4.15888,2.99573,8,4.51666,209,216,4.19883,545,1.00582
E3-PPOPIP-p005,39.8562,22,347,RLPolicy,1,1,0.0332669,2.46721,2.99573,6,4.58233,245,291,4.21811,545,0.967758
E3-PPOPIP-p005,39.8632,34,70,RLPolicy,1,1,0.0428158,2.46721,2.99573,6,4.31762,214,353,3.90223,545,0.968258
E3-PPOPIP-p005,39.874,292,378,RLPolicy,1,1,0.0924251,2.77259,2.99573,6,3.57049,259,276,3.38355,545,0.999386
E3-PPOPIP-p005,39.8742,230,219,RLPolicy,1,0,0.0746062,3.46574,2.99573,7,3.20154,66,72,3.0526,545,1.00235
E3-PPOPIP-p005,39.8745,365,172,RLPolicy,1,1,0.0889635,2.77259,2.99573,6,4.87832,96,346,4.43747,545,1.0047
E3-PPOPIP-p005,39.8759,157,432,RLPolicy,1,1,0.0662923,2.07944,2.99573,5,4.58454,57,150,4.21826,545,0.982908
E3-PPOPIP-p005,39.8791,58,111,RLPolicy,1,1,0.0478153,2.77259,2.99573,6,5.69503,68,347,5.02297,545,0.967226
E3-PPOPIP-p005,39.8842,412,252,RLPolicy,1,1,0.00606142,2.77259,2.99573,6,5.63354,226,248,5.31654,545,0.998884
E3-PPOPIP-p005,39.8881,407,426,RLPolicy,1,0,0.00850944,4.15888,2.99573,8,4.84564,282,289,4.46203,545,1.00582
E3-PPOPIP-p005,39.889,403,325,RLPolicy,1,1,0.106904,1.38629,2.99573,4,4.84184,0,147,4.4588,545,0.991953
E3-PPOPIP-p005,39.9059,136,15,RLPolicy,1,1,0.0631637,2.77259,2.99573,6,6.74578,247,281,6.33147,548,0.974861
E3-PPOPIP-p005,39.9116,371,299,RLPolicy,1,0,0.0951051,4.85203,2.99573,9,4.0407,320,328,3.61864,548,1.0151
E3-PPOPIP-p005,39.9171,236,240,RLPolicy,1,0,0.084947,3.46574,2.99573,7,4.87645,296,302,4.56894,548,0.994421
E3-PPOPIP-p005,39.9239,372,157,RLPolicy,1,1,0.0928384,1.38629,2.99573,4,4.86031,0,169,4.51253,548,0.990837
E3-PPOPIP-p005,39.9265,104,175,RLPolicy,1,1,0.0555526,2.61844,2.99573,6,4.45577,277,315,3.97484,548,0.986412
E3-PPOPIP-p005,39.9594,394,406,RLPolicy,1,1,0.111553,0.538997,2.99573,3,5.01537,0,106,4.71467,548,0.987716
E3-PPOPIP-p005,39.9609,159,153,RLPolicy,1,1,0.0552432,2.07944,2.99573,5,3.84947,59,157,3.49223,548,0.999003
E3-PPOPIP-p005,39.9629,246,308,RLPolicy,0,0,0.070163,5.54518,2.99573,9,5.7743,373,381,5.33114,548,1.00358
E3-PPOPIP-p005,39.9719,41,268,RLPolicy,1,1,0.044361,2.46721,2.99573,6,4.62681,78,347,4.11836,548,0.955834
E3-PPOPIP-p005,39.9815,69,263,RLPolicy,1,0,0.0419041,3.46574,2.99573,7,6.65673,283,289,6.03719,548,0.983027
E3-PPOPIP-p005,39.9821,42,47,RLPolicy,0,0,0.0431061,4.62903,2.99573,9,4.79394,368,376,4.0657,548,0.998919
E3-PPOPIP-p005,39.9881,239,413,RLPolicy,0,0,0.0681285,5.54518,2.99573,9,4.7077,322,330,3.97069,548,1.01175
E3-PPOPIP-p005,39.9924,199,338,RLPolicy,1,0,0.063666,3.46574,2.99573,7,5.25583,388,394,4.88507,548,1.00828
E3-PPOPIP-p005,40.0027,111,66,RLPolicy,1,1,0.0443737,2.07944,2.99573,5,5.84491,34,303,5.31877,549,0.97028
E3-PPOPIP-p005,40.0045,304,409,RLPolicy,1,0,0.0840118,4.00473,2.99573,8,4.0948,194,201,3.84332,549,1.0017
E3-PPOPIP-p005,40.0099,289,239,RLPolicy,0,0,0.00966998,5.54518,2.99573,9,4.60992,163,171,4.28758,549,1
E3-PPOPIP-p005,40.0112,194,283,RLPolicy,1,1,0.0752113,2.77259,2.99573,6,6.2118,271,286,5.56009,549,0.971741
E3-PPOPIP-p005,40.0119,30,29,RLPolicy,0,0,0.0492564,4.01827,2.99573,9,4.94312,428,436,4.26945,549,0.993135
E3-PPOPIP-p005,40.0147,240,422,RLPolicy,1,0,0.0721831,4.85203,2.99573,9,3.86277,216,224,3.53545,549,1.0129
E3-PPOPIP-p005,40.0153,21,78,RLPolicy,1,1,0.0414056,2.85497,2.99573,7,7.57185,312,319,7.23076,549,0.986202
E3-PPOPIP-p005,40.0171,24,124,RLPolicy,1,1,0.0470952,2.93736,2.99573,8,5.21146,390,398,4.73102,549,0.980095
E3-PPOPIP-p005,40.0191,10,145,RLPolicy,1,1,0.00561708,2.77259,2.99573,6,3.89134,146,153,3.60666,549,0.980094
E3-PPOPIP-p005,40.0209,222,29,RLPolicy,1,0,0.0576961,3.46574,2.99573,7,4.21835,296,302,3.90034,549,1.0037
E3-PPOPIP-p005,40.0235,98,199,RLPolicy,1,0,0.0476071,4.15888,2.99573,8,5.03232,323,330,4.63922,549,0.998006
E3-PPOPIP-p005,40.0273,2,219,RLPolicy,1,1,0.00713054,2.77259,2.99573,6,5.44042,181,196,5.11481,549,0.972511
E3-PPOPIP-p005,40.0304,362,129,RLPolicy,1,1,0.0966817,2.77259,2.99573,6,4.52262,113,259,4.14443,549,0.99868
E3-PPOPIP-p005,40.0348,4,11,RLPolicy,1,0,0.00942936,4.85203,2.99573,9,4.48884,71,79,4.20529,549,1.01492
E3-PPOPIP-p005,40.0396,29,138,RLPolicy,1,0,0.0404556,3.54812,2.99573,8,5.04307,296,339,4.59257,549,1.00799
E3-PPOPIP-p005,40.0439,179,413,RLPolicy,1,0,0.067502,3.46574,2.99573,7,5.78184,281,287,5.29491,549,0.981793
E3-PPOPIP-p005,40.0451,399,560,RLPolicy,1,1,0.114855,2.84913,2.99573,7,4.53628,313,322,4.01913,549,0.999267
E3-PPOPIP-p005,40.0519,64,264,RLPolicy,1,0,0.0448278,3.46574,2.99573,7,5.83428,372,378,5.26752,549,0.985259
E3-PPOPIP-p005,40.0615,366,519,RLPolicy,1,1,0.0920848,2.07944,2.99573,5,4.48394,66,246,4.0338,549,0.994303
E3-PPOPIP-p005,40.0839,191,345,RLPolicy,1,0,0.074573,3.46574,2.99573,7,5.45359,348,354,4.99199,549,1.0141
E3-PPOPIP-p005,40.0842,345,236,RLPolicy,1,1,0.0849098,2.77259,2.99573,6,5.0463,158,374,4.45766,549,0.997769
E3-PPOPIP-p005,40.086,270,14,RLPolicy,1,0,0.0839893,4.15888,2.99573,8,4.99565,286,293,4.44674,549,1.01175
E3-PPOPIP-p005,40.0892,188,244,RLPolicy,1,0,0.00785204,3.46574,2.99573,7,7.22246,205,211,6.9355,549,1.01633
E3-PPOPIP-p005,40.1025,75,61,RLPolicy,1,0,0.0414488,3.46574,2.99573,7,4.80451,266,272,4.46433,551,1.00717
E3-PPOPIP-p005,40.1025,264,293,RLPolicy,1,1,0.0734977,2.77259,2.99573,6,4.45064,26,209,3.93952,551,1.00482
E3-PPOPIP-p005,40.1037,396,98,RLPolicy,1,0,0.0994378,4.15888,2.99573,8,4.42451,434,441,3.85159,551,1.00582
E3-PPOPIP-p005,40.1073,315,80,RLPolicy,1,0,0.099782,4.69788,2.99573,9,4.82105,317,325,4.24428,551,1.01591
E3-PPOPIP-p005,40.1107,216,396,RLPolicy,1,1,0.0611262,2.77259,2.99573,6,5.58262,71,356,4.74411,551,1.00135
E3-PPOPIP-p005,40.1153,107,380,RLPolicy,1,1,0.0425957,2.77259,2.99573,6,4.70029,245,259,4.42753,551,0.987609
E3-PPOPIP-p005,40.1207,57,475,RLPolicy,1,0,0.0363628,4.15888,2.99573,8,4.5263,176,183,4.18031,551,1.02644
E3-PPOPIP-p005,40.124,221,123,RLPolicy,1,1,0.0739049,2.77259,2.99573,6,5.11444,235,248,4.7117,551,0.993306
E3-PPOPIP-p005,40.1459,122,310,RLPolicy,1,1,0.0639302,2.46429,2.99573,6,5.27066,249,278,4.89337,551,0.989533
E3-PPOPIP-p005,40.1563,231,362,RLPolicy,1,1,0.0587861,2.77259,2.99573,6,4.56736,289,335,4.13323,551,0.986374
E3-PPOPIP-p005,40.1819,131,428,RLPolicy,0,0,0.065224,5.39103,2.99573,9,6.25761,239,247,5.82803,551,0.986719
E3-PPOPIP-p005,40.1834,31,502,RLPolicy,1,1,0.0376402,2.46721,2.99573,6,5.51823,195,253,5.11336,551,0.979563
E3-PPOPIP-p005,40.1927,383,392,RLPolicy,1,0,0.00970827,4.85203,2.99573,9,3.92375,223,231,3.51575,551,1.00928
E3-PPOPIP-p005,40.1971,233,511,RLPolicy,1,0,0.0771374,4.85203,2.99573,9,4.93372,485,493,4.05897,551,1.01633
E3-PPOPIP-p005,40.2105,360,232,RLPolicy,1,0,0.00965538,4.85203,2.99573,9,4.34522,103,111,4.0159,554,1.00928
E3-PPOPIP-p005,40.2109,33,491,RLPolicy,1,1,0.0288066,2.07944,2.99573,5,5.03437,52,150,4.68344,554,0.967347
E3-PPOPIP-p005,40.2227,335,49,RLPolicy,1,0,0.101351,4.15888,2.99573,8,5.60544,198,205,5.34464,554,1.00705
E3-PPOPIP-p005,40.2356,286,102,RLPolicy,1,1,0.0743239,2.07944,2.99573,5,6.18407,20,200,5.79264,554,1.0094
E3-PPOPIP-p005,40.2357,71,150,RLPolicy,1,0,0.0422509,3.46574,2.99573,7,3.85849,136,142,3.59351,554,1.03019
E3-PPOPIP-p005,40.2393,301,517,RLPolicy,0,0,0.00992235,5.54518,2.99573,9,3.43586,180,188,3.14984,554,1.0151
E3-PPOPIP-p005,40.2397,174,465,RLPolicy,1,0,0.00969845,4.85203,2.99573,9,5.61074,370,378,4.91537,554,1.02072
E3-PPOPIP-p005,40.241,259,291,RLPolicy,1,1,0.0867596,2.07944,2.99573,5,6.31176,91,194,5.71085,554,0.994421
E3-PPOPIP-p005,40.2418,70,505,RLPolicy,1,1,0.0394199,2.07944,2.99573,5,5.50125,48,198,5.13052,554,1.00382
E3-PPOPIP-p005,40.2496,285,380,RLPolicy,1,0,0.0973537,3.69643,2.99573,8,4.92717,422,429,4.51724,554,0.996691
E3-PPOPIP-p005,40.2502,314,330,RLPolicy,1,1,0.0785298,2.77259,2.99573,6,4.98662,104,242,4.46465,554,1.00012
E3-PPOPIP-p005,40.2562,338,309,RLPolicy,1,1,0.107158,2.77259,2.99573,6,5.33821,93,376,4.85941,554,0.986256
E3-PPOPIP-p005,40.2586,137,273,RLPolicy,1,1,0.00607299,2.77259,2.99573,6,4.80332,200,212,4.39884,554,1.0141
E3-PPOPIP-p005,40.2636,84,233,RLPolicy,1,1,0.0479531,2.77259,2.99573,6,5.14924,210,219,4.89365,554,0.999121
E3-PPOPIP-p005,40.2692,326,135,RLPolicy,1,0,0.0868504,3.46574,2.99573,7,5.38413,344,350,4.99444,554,1.00817
E3-PPOPIP-p005,40.2748,185,301,RLPolicy,0,0,0.0726251,5.54518,2.99573,9,6.86691,193,201,6.47224,554,0.994421
E3-PPOPIP-p005,40.2918,142,260,RLPolicy,1,1,0.0640535,2.77259,2.99573,6,5.39311,168,184,4.96514,554,0.982908
E3-PPOPIP-p005,40.2956,359,287,RLPolicy,1,0,0.00681728,3.46574,2.99573,7,5.31603,335,341,4.79112,554,0.997769
E3-PPOPIP-p005,40.2992,120,52,RLPolicy,0,0,0.0543151,5.08273,2.99573,9,5.12952,161,169,4.8058,554,1.00662
E3-PPOPIP-p005,40.302,87,203,RLPolicy,1,1,0.051598,2.77259,2.99573,6,4.59331,189,287,4.22241,555,0.984143
E3-PPOPIP-p005,40.3023,242,264,RLPolicy,1,0,0.0873096,3.46574,2.99573,7,4.40077,358,364,3.96903,555,1.00828
E3-PPOPIP-p005,40.3024,255,368,RLPolicy,1,0,0.0750396,4.85203,2.99573,9,5.38043,375,383,4.64934,555,1.01175
E3-PPOPIP-p005,40.3053,235,566,RLPolicy,1,1,0.0594769,2.07944,2.99573,5,5.1492,64,193,4.7248,555,0.984024
E3-PPOPIP-p005,40.3133,100,309,RLPolicy,1,1,0.0542513,2.46429,2.99573,6,6.47123,117,345,5.81234,555,0.98106
E3-PPOPIP-p005,40.3137,165,424,RLPolicy,1,1,0.0682225,2.77259,2.99573,6,4.6527,169,190,4.32869,555,0.988724
E3-PPOPIP-p005,40.3206,178,450,RLPolicy,1,0,0.0698416,4.69788,2.99573,9,3.92513,272,280,3.52911,555,1.01402
E3-PPOPIP-p005,40.3214,261,263,RLPolicy,1,0,0.0758094,3.46574,2.99573,7,6.16414,282,288,5.77173,555,0.999003
E3-PPOPIP-p005,40.3245,23,554,RLPolicy,1,0,0.0419139,3.54812,2.99573,8,5.75121,373,380,5.34166,555,0.988261
E3-PPOPIP-p005,40.3289,77,236,RLPolicy,1,1,0.0385689,2.07944,2.99573,5,5.332,87,228,4.78709,555,0.986493
E3-PPOPIP-p005,40.3298,386,489,RLPolicy,1,0,0.0074675,3.46574,2.99573,7,4.41745,361,367,3.80603,555,1.0047
E3-PPOPIP-p005,40.3391,272,551,RLPolicy,1,1,0.0720294,2.77259,2.99573,6,5.9608,237,274,5.43064,555,0.990185
E3-PPOPIP-p005,40.3412,79,239,RLPolicy,1,0,0.0427998,3.46574,2.99573,7,5.41473,241,247,4.99726,555,0.986493
E3-PPOPIP-p005,40.3419,32,340,RLPolicy,1,1,0.0413121,2.85497,2.99573,7,5.8589,70,315,5.21166,555,0.982857
E3-PPOPIP-p005,40.3422,291,79,RLPolicy,1,1,0.0896482,2.07944,2.99573,5,3.60171,81,184,3.35512,555,0.986256
E3-PPOPIP-p005,40.3441,37,8,RLPolicy,1,1,0.00560451,2.77259,2.99573,6,3.82692,138,146,3.61586,555,0.995073
E3-PPOPIP-p005,40.3551,189,302,RLPolicy,1,1,0.0503576,2.07944,2.99573,5,6.26734,113,277,5.70234,555,1.0141
E3-PPOPIP-p005,40.3644,187,425,RLPolicy,1,0,0.0753583,3.46574,2.99573,7,6.70817,327,333,5.828,555,1.00293
E3-PPOPIP-p005,40.3696,140,383,RLPolicy,1,1,0.0608653,2.07944,2.99573,5,5.82612,40,67,5.49703,555,0.996771
E3-PPOPIP-p005,40.3839,356,354,RLPolicy,1,1,0.0854019,1.38629,2.99573,4,5.56075,0,261,5.12584,555,0.990837
E3-PPOPIP-p005,40.4018,288,567,RLPolicy,1,1,0.093984,2.77259,2.99573,6,4.96215,252,277,4.56741,558,0.984024
E3-PPOPIP-p005,40.4023,146,270,RLPolicy,0,0,0.00970281,5.54518,2.99573,9,3.92949,266,274,3.4446,558,1.02326
E3-PPOPIP-p005,40.4122,241,426,RLPolicy,0,0,0.0845418,5.54518,2.99573,9,4.36415,224,232,3.8039,558,1.00482
E3-PPOPIP-p005,40.4188,112,462,RLPolicy,1,1,0.0424107,0.693147,2.99573,3,4.77464,0,163,4.31848,558,0.954875
E3-PPOPIP-p005,40.4192,337,387,RLPolicy,1,1,0.082519,2.07944,2.99573,5,8.58455,32,88,8.28256,558,0.994303
E3-PPOPIP-p005,40.42,121,381,RLPolicy,1,0,0.00847886,4.15888,2.99573,8,4.74825,300,307,4.3723,558,1.01287
E3-PPOPIP-p005,40.4223,171,258,RLPolicy,1,1,0.0489088,2.07944,2.99573,5,5.03758,74,194,4.65925,558,1.00259
E3-PPOPIP-p005,40.4275,353,114,RLPolicy,0,0,0.00356923,2.07944,2.99573,4,4.29208,5,8,4.19821,558,1
E3-PPOPIP-p005,40.4309,108,42,RLPolicy,1,0,0.0585312,3.46574,2.99573,7,4.7778,265,271,4.33029,558,0.987609
E3-PPOPIP-p005,40.4329,214,480,RLPolicy,1,0,0.0769956,3.46574,2.99573,7,5.80348,296,302,5.32876,558,1.00259
E3-PPOPIP-p005,40.4446,387,322,RLPolicy,1,1,0.0944499,1.77114,2.99573,5,3.87116,14,52,3.67794,558,0.993877
E3-PPOPIP-p005,40.4532,28,64,RLPolicy,1,0,0.0435481,3.16035,2.99573,7,5.49619,234,279,5.00154,558,0.970453
E3-PPOPIP-p005,40.4551,256,192,RLPolicy,0,0,0.0105501,5.54518,2.99573,9,4.85178,214,222,4.38266,558,1.01398
E3-PPOPIP-p005,40.4579,184,469,RLPolicy,1,1,0.0604624,2.77259,2.99573,6,6.10029,213,263,5.17318,558,0.990648
E3-PPOPIP-p005,40.4648,303,240,RLPolicy,1,0,0.0958335,4.85203,2.99573,9,4.20458,204,212,3.89173,558,1.01856
E3-PPOPIP-p005,40.4663,72,214,RLPolicy,1,0,0.00847539,4.15888,2.99573,8,5.20383,87,94,4.82065,558,1.01298
E3-PPOPIP-p005,40.4724,258,123,RLPolicy,1,0,0.0754728,3.46574,2.99573,7,6.39858,259,265,5.75549,558,0.990956
E3-PPOPIP-p005,40.4732,133,439,RLPolicy,1,1,0.0624298,2.77259,2.99573,6,6.5528,266,320,5.89503,558,0.987609
E3-PPOPIP-p005,40.4806,85,421,RLPolicy,0,0,0.0096941,5.54518,2.99573,9,5.14273,261,269,4.66536,558,1.01063
E3-PPOPIP-p005,40.4809,18,561,RLPolicy,1,1,0.0400035,2.31306,2.99573,6,4.96744,143,319,4.28805,558,0.975724
E3-PPOPIP-p005,40.4812,395,426,RLPolicy,0,0,0.0104035,5.54518,2.99573,9,5.3088,349,357,4.81328,558,1
E3-PPOPIP-p005,40.5032,212,371,RLPolicy,0,0,0.0753408,5.39103,2.99573,9,5.69538,411,419,4.91907,558,1.00597
E3-PPOPIP-p005,40.5044,6,139,RLPolicy,1,0,0.0074187,3.16035,2.99573,7,4.98259,367,373,4.59854,558,0.981061
E3-PPOPIP-p005,40.5086,341,299,RLPolicy,1,1,0.0893887,2.77259,2.99573,6,5.00504,68,85,4.72986,558,0.997769
E3-PPOPIP-p005,40.5096,149,431,RLPolicy,1,1,0.0413782,2.77259,2.99573,6,4.63994,277,283,4.22273,558,0.975282
E3-PPOPIP-p005,40.5096,106,152,RLPolicy,1,1,0.0467151,2.07944,2.99573,5,4.39368,53,192,4.03404,558,0.985259
E3-PPOPIP-p005,40.5148,78,41,RLPolicy,1,1,0.00606164,2.77259,2.99573,6,5.70567,210,217,5.36639,558,1.0094
E3-PPOPIP-p005,40.5169,127,266,RLPolicy,1,1,0.0464344,1.38629,2.99573,4,6.65685,0,189,6.11981,558,0.979443
E3-PPOPIP-p005,40.5273,290,98,RLPolicy,1,0,0.0803107,4.15888,2.99573,8,6.91194,432,439,6.33786,558,1.00593
E3-PPOPIP-p005,40.5296,369,83,RLPolicy,0,0,0.0099447,5.54518,2.99573,9,3.92587,110,118,3.53903,558,1.00928
E3-PPOPIP-p005,40.5313,124,296,RLPolicy,1,1,0.0608607,2.77259,2.99573,6,5.68952,284,301,5.24095,558,0.988724
E3-PPOPIP-p005,40.5389,402,398,RLPolicy,1,1,0.0948576,2.77259,2.99573,6,4.77071,230,266,4.35726,558,0.998884
E3-PPOPIP-p005,40.5552,237,377,RLPolicy,1,1,0.0629182,1.38629,2.99573,4,4.91587,0,212,4.48923,558,0.984024
E3-PPOPIP-p005,40.5773,176,527,RLPolicy,0,0,0.070109,5.39103,2.99573,9,4.18238,220,228,3.88635,558,0.994842
E3-PPOPIP-p005,40.5774,361,273,RLPolicy,1,1,0.0913752,2.07944,2.99573,5,4.07422,51,144,3.8114,558,0.990837
E3-PPOPIP-p005,40.5787,331,158,RLPolicy,1,1,0.0818514,2.77259,2.99573,6,6.31762,69,330,5.74826,558,1.00817
E3-PPOPIP-p005,40.5813,245,210,RLPolicy,1,1,0.0830501,2.77259,2.99573,6,4.90407,149,175,4.55018,558,0.993306
E3-PPOPIP-p005,40.6005,119,315,RLPolicy,1,0,0.00795184,3.46574,2.99573,7,5.29226,348,354,4.79787,560,0.998917
E3-PPOPIP-p005,40.6015,358,489,RLPolicy,1,0,0.00730145,3.46574,2.99573,7,4.80092,365,371,4.28493,560,1.00358
E3-PPOPIP-p005,40.602,47,102,RLPolicy,1,1,0.00723894,2.85497,2.99573,7,4.64749,351,374,4.0958,560,0.977332
E3-PPOPIP-p005,40.6026,13,415,RLPolicy,1,1,0.0397475,2.54959,2.99573,7,6.35184,242,343,5.80433,560,0.974648
E3-PPOPIP-p005,40.6047,316,561,RLPolicy,1,0,0.00741495,3.46574,2.99573,7,4.16743,331,337,3.78793,560,1.00358
E3-PPOPIP-p005,40.6093,145,453,RLPolicy,0,0,0.064318,5.54518,2.99573,9,8.61318,416,424,8.19028,560,1.02796
E3-PPOPIP-p005,40.6113,321,396,RLPolicy,1,1,0.00562177,2.77259,2.99573,6,4.51107,140,148,4.25902,560,1.00593
E3-PPOPIP-p005,40.6178,344,174,RLPolicy,1,0,0.0942317,4.85203,2.99573,9,8.13507,204,212,7.66227,560,1.0151
E3-PPOPIP-p005,40.6184,306,175,RLPolicy,1,1,0.0794292,2.07944,2.99573,5,4.26134,0,118,3.95529,560,0.992071
E3-PPOPIP-p005,40.6252,364,304,RLPolicy,1,1,0.0907566,0.693147,2.99573,3,3.67552,0,23,3.57936,560,0.990837
E3-PPOPIP-p005,40.635,147,170,RLPolicy,1,1,0.0488385,2.77259,2.99573,6,4.64764,141,339,4.19057,560,0.992998
E3-PPOPIP-p005,40.6362,163,68,RLPolicy,1,1,0.0606996,2.77259,2.99573,6,5.64972,199,305,5.11925,560,1.00605
E3-PPOPIP-p005,40.6521,90,60,RLPolicy,1,0,0.0386221,4.15888,2.99573,8,4.75952,374,381,4.18856,560,1.01645
E3-PPOPIP-p005,40.6569,350,516,RLPolicy,1,0,0.095564,4.15888,2.99573,8,5.38872,361,368,5.03996,560,1.01745
E3-PPOPIP-p005,40.6583,406,103,RLPolicy,1,1,0.0994813,2.77259,2.99573,6,5.35701,238,303,4.85381,560,0.998884
E3-PPOPIP-p005,40.6636,287,186,RLPolicy,1,1,0.0958462,2.77259,2.99573,6,5.40661,157,169,5.2123,560,1.00226
E3-PPOPIP-p005,40.6672,273,405,RLPolicy,1,1,0.0711234,2.07944,2.99573,5,5.20317,76,282,4.75495,560,0.98749
E3-PPOPIP-p005,40.6769,418,459,RLPolicy,1,0,0.00793317,3.46574,2.99573,7,4.62961,402,408,4.21831,560,1.00235
E3-PPOPIP-p005,40.6791,382,143,RLPolicy,1,0,0.111303,4.15888,2.99573,8,8.20127,315,322,7.81526,560,1.01163
E3-PPOPIP-p005,40.6839,410,30,RLPolicy,1,0,0.00689845,3.46574,2.99573,7,4.1406,222,228,3.62578,560,1.00235
E3-PPOPIP-p005,40.6945,141,553,RLPolicy,0,0,0.058065,5.54518,2.99573,9,4.79757,358,366,4.29385,560,1.02103
E3-PPOPIP-p005,40.6959,192,316,RLPolicy,1,0,0.0662729,4.15888,2.99573,8,4.36474,282,289,4.01939,560,1.00593
E3-PPOPIP-p005,40.6982,268,157,RLPolicy,1,1,0.0732633,2.07944,2.99573,5,5.11108,90,204,4.72879,560,0.990956
E3-PPOPIP-p005,40.7006,202,60,RLPolicy,1,0,0.00780113,3.46574,2.99573,7,5.78938,372,378,5.29028,567,0.999121
E3-PPOPIP-p005,40.7033,193,157,RLPolicy,1,1,0.0557738,2.07944,2.99573,5,4.93976,38,268,4.45064,567,1.00828
E3-PPOPIP-p005,40.7076,15,114,RLPolicy,0,0,0.00969522,4.92134,2.99573,9,4.83143,370,378,4.26748,567,1.00582
E3-PPOPIP-p005,40.71,36,226,RLPolicy,1,0,0.0386558,3.16035,2.99573,7,9.66731,174,180,9.31955,567,1.01546
E3-PPOPIP-p005,40.712,332,364,RLPolicy,1,0,0.00803921,4.15888,2.99573,8,5.43646,352,359,5.00267,567,1.01398
E3-PPOPIP-p005,40.7134,247,422,RLPolicy,1,0,0.0808549,4.15888,2.99573,8,4.33056,248,255,4.06632,567,1.00135
E3-PPOPIP-p005,40.7237,260,408,RLPolicy,1,1,0.0701808,2.77259,2.99573,6,5.56876,222,283,5.11255,567,0.992071
E3-PPOPIP-p005,40.7314,135,145,RLPolicy,1,0,0.00763825,3.46574,2.99573,7,6.20678,370,376,5.58106,567,0.980677
E3-PPOPIP-p005,40.7325,318,277,RLPolicy,0,0,0.0862786,0.693147,2.99573,2,4.18307,0,1,4.10666,567,1
E3-PPOPIP-p005,40.7367,327,454,RLPolicy,1,0,0.108302,4.85203,2.99573,9,4.30293,147,155,3.97077,567,1.00247
E3-PPOPIP-p005,40.737,253,312,RLPolicy,1,1,0.0753745,0.693147,2.99573,3,5.12498,0,135,4.88746,567,0.986374
E3-PPOPIP-p005,40.7389,229,349,RLPolicy,1,0,0.0629801,3.46574,2.99573,7,4.96888,281,287,4.58617,567,1.0198
E3-PPOPIP-p005,40.7418,251,270,RLPolicy,1,1,0.0632211,2.07944,2.99573,5,5.91558,108,227,5.35545,567,0.988298
E3-PPOPIP-p005,40.7426,156,326,RLPolicy,1,1,0.0620903,2.77259,2.99573,6,4.87343,250,289,4.60888,567,0.985259
E3-PPOPIP-p005,40.7626,277,318,RLPolicy,0,0,0.0751208,0.693147,2.99573,2,7.82064,0,1,7.72922,567,1
E3-PPOPIP-p005,40.7677,248,568,RLPolicy,1,1,0.0608703,2.77259,2.99573,6,5.90966,43,227,5.5377,567,0.981367
E3-PPOPIP-p005,40.7705,310,344,RLPolicy,0,0,0.0930837,5.54518,2.99573,9,4.4843,256,264,4.19504,567,0.997769
E3-PPOPIP-p005,40.7735,408,540,RLPolicy,1,1,0.107577,2.77259,2.99573,6,5.38391,145,374,4.81785,567,0.998884
E3-PPOPIP-p005,40.7751,138,132,RLPolicy,1,0,0.0661488,3.46574,2.99573,7,5.69595,290,296,5.40296,567,1.00605
E3-PPOPIP-p005,40.7786,51,449,RLPolicy,1,0,0.0435832,4.15888,2.99573,8,4.35543,277,284,4.11647,567,1.02573
E3-PPOPIP-p005,40.7823,88,495,RLPolicy,1,0,0.0574463,4.85203,2.99573,9,6.63137,291,299,6.10492,567,1.03501
E3-PPOPIP-p005,40.7841,153,388,RLPolicy,1,1,0.0620558,2.54945,2.99573,6,5.05927,149,210,4.60904,567,0.999968
E3-PPOPIP-p005,40.7907,99,68,RLPolicy,1,1,0.0539495,2.77259,2.99573,6,4.8937,186,302,4.30902,567,0.987609
E3-PPOPIP-p005,40.7911,232,381,RLPolicy,1,1,0.0552316,0.693147,2.99573,3,4.94268,0,154,4.56248,567,0.979017
E3-PPOPIP-p005,40.7922,375,453,RLPolicy,0,0,0.0093361,5.54518,2.99573,9,4.52852,402,410,3.85255,567,0.998884
E3-PPOPIP-p005,40.8035,168,66,RLPolicy,1,1,0.0499393,2.07944,2.99573,5,4.44653,68,326,3.96315,569,0.991074
E3-PPOPIP-p005,40.8131,14,447,RLPolicy,1,1,0.032945,2.46721,2.99573,6,4.80081,57,229,4.20821,569,1.02556
E3-PPOPIP-p005,40.8147,355,103,RLPolicy,1,1,0.0904862,2.77259,2.99573,6,8.92402,70,262,8.24223,569,0.992416
E3-PPOPIP-p005,40.8149,16,38,RLPolicy,1,0,0.0258652,3.54812,2.99573,8,4.57271,372,379,4.04178,569,0.975101
E3-PPOPIP-p005,40.8287,9,151,RLPolicy,1,1,0.0378924,2.16183,2.99573,6,9.30999,56,251,8.73373,569,0.982855
E3-PPOPIP-p005,40.8317,132,355,RLPolicy,0,0,0.00926168,5.54518,2.99573,9,6.70304,373,381,6.20577,569,0.995656
E3-PPOPIP-p005,40.8325,160,8,RLPolicy,1,0,0.0712275,4.85203,2.99573,9,3.41947,153,161,3.16042,569,1.01745
E3-PPOPIP-p005,40.8381,130,369,RLPolicy,1,1,0.0385175,2.77259,2.99573,6,4.78707,62,69,4.54468,569,1.0292
E3-PPOPIP-p005,40.8439,26,514,RLPolicy,1,0,0.0341522,4.85203,2.99573,9,6.20468,154,162,5.76938,569,1.00981
E3-PPOPIP-p005,40.8567,197,377,RLPolicy,1,0,0.0672861,3.46574,2.99573,7,6.40429,338,344,6.04211,569,0.994217
E3-PPOPIP-p005,40.8608,173,180,RLPolicy,1,1,0.0549279,2.07944,2.99573,5,4.56905,77,180,4.33707,569,0.993688
E3-PPOPIP-p005,40.861,297,348,RLPolicy,1,1,0.0830931,2.77259,2.99573,6,5.84517,196,205,5.5212,569,1.00828
E3-PPOPIP-p005,40.8702,252,531,RLPolicy,1,0,0.0811838,3.46574,2.99573,7,4.38062,278,284,4.02387,569,1.00828
E3-PPOPIP-p005,40.8771,263,305,RLPolicy,1,1,0.0673172,2.77259,2.99573,6,7.06849,58,337,6.60709,569,1.0094
E3-PPOPIP-p005,40.8775,352,428,RLPolicy,0,0,0.112994,5.54518,2.99573,9,5.43921,343,351,4.99505,569,0.997769
E3-PPOPIP-p005,40.8776,62,530,RLPolicy,1,1,0.0481722,2.77259,2.99573,6,5.38443,145,243,5.07585,569,0.980677
E3-PPOPIP-p005,40.8782,312,314,RLPolicy,1,1,0.0864488,2.61844,2.99573,6,5.61567,180,310,5.31218,569,0.987835
E3-PPOPIP-p005,40.8788,329,468,RLPolicy,1,1,0.0824188,2.77259,2.99573,6,5.23729,83,323,4.64729,569,1.01745
E3-PPOPIP-p005,40.8805,368,30,RLPolicy,1,0,0.0978987,4.85203,2.99573,9,4.74423,487,495,4.25731,569,1.01856
E3-PPOPIP-p005,40.8808,144,504,RLPolicy,1,0,0.046284,4.15888,2.99573,8,5.28298,343,350,4.83248,569,1.03031
E3-PPOPIP-p005,40.8852,217,159,RLPolicy,1,1,0.0766678,2.07944,2.99573,5,6.00041,57,138,5.60169,569,0.989107
E3-PPOPIP-p005,40.8936,126,326,RLPolicy,1,0,0.0637944,4.15888,2.99573,8,4.72885,418,425,4.31202,569,0.99689
E3-PPOPIP-p005,40.8989,209,3,RLPolicy,1,1,0.0643656,2.07944,2.99573,5,4.67611,39,95,4.41855,569,0.995419
E3-PPOPIP-p005,40.9008,265,366,RLPolicy,1,1,0.0756383,2.77259,2.99573,6,7.24862,194,275,6.91946,571,1.00135
E3-PPOPIP-p005,40.9038,155,45,RLPolicy,1,0,0.0636574,4.85203,2.99573,9,4.26205,288,296,3.98175,571,1.0037
E3-PPOPIP-p005,40.9097,80,412,RLPolicy,1,1,0.0495551,2.77259,2.99573,6,5.6485,214,255,5.21582,571,1.00259
E3-PPOPIP-p005,40.9114,143,508,RLPolicy,1,0,0.00992541,4.85203,2.99573,9,3.89079,104,112,3.59111,571,1.03581
E3-PPOPIP-p005,40.9283,276,428,RLPolicy,0,0,0.0780631,5.54518,2.99573,9,6.46465,364,372,5.41646,571,0.992071
E3-PPOPIP-p005,40.9478,161,454,RLPolicy,1,0,0.0704729,3.31159,2.99573,7,4.34155,132,138,4.12038,571,0.975282
E3-PPOPIP-p005,40.9601,363,367,RLPolicy,1,0,0.113563,4.85203,2.99573,9,4.8309,151,159,4.49937,571,1.0047
E3-PPOPIP-p005,40.9648,205,169,RLPolicy,1,1,0.0656815,2.77259,2.99573,6,5.81744,182,262,5.4365,571,1.00952
E3-PPOPIP-p005,40.9654,40,362,RLPolicy,1,1,0.0423545,2.46721,2.99573,6,5.02016,205,310,4.55012,571,0.979684
E3-PPOPIP-p005,40.9679,56,377,RLPolicy,1,1,0.035829,1.38629,2.99573,4,4.57111,0,129,4.16105,571,0.996479
E3-PPOPIP-p005,40.9684,96,578,RLPolicy,1,1,0.0397557,2.77259,2.99573,6,4.7289,176,296,4.35219,571,0.99219
E3-PPOPIP-p005,40.9707,302,71,RLPolicy,1,0,0.0912813,3.46574,2.99573,7,5.0393,190,196,4.68741,571,0.995537
E3-PPOPIP-p005,40.9821,370,206,RLPolicy,1,1,0.0938744,2.77259,2.99573,6,5.2551,143,234,4.95839,571,0.997769
E3-PPOPIP-p005,40.9825,151,315,RLPolicy,1,0,0.0519319,3.15743,2.99573,7,5.98668,336,342,5.50268,571,0.97532
E3-PPOPIP-p005,40.985,206,327,RLPolicy,1,0,0.0784445,3.46574,2.99573,7,5.38659,103,119,4.96381,571,1.00259
E3-PPOPIP-p005,40.9978,428,270,RLPolicy,1,0,0.112216,3.46574,2.99573,7,4.50622,77,83,4.00825,571,1.00235
E3-PPOPIP-p005,41.0111,322,526,RLPolicy,1,0,0.0912547,4.85203,2.99573,9,4.36445,394,402,3.65771,571,0.999003
E3-PPOPIP-p005,41.0271,425,556,RLPolicy,1,0,0.113516,3.69643,2.99573,8,4.8509,327,334,4.27543,571,1.0035
E3-PPOPIP-p005,41.0274,110,146,RLPolicy,1,0,0.0550811,4.15888,2.99573,8,3.92975,197,204,3.54044,571,1.02697
E3-PPOPIP-p005,41.029,411,393,RLPolicy,1,0,0.118979,4.15888,2.99573,8,4.4476,244,251,3.96945,571,1.00582
E3-PPOPIP-p005,41.0415,323,343,RLPolicy,1,1,0.0805149,2.77259,2.99573,6,4.67598,86,240,4.19245,571,0.996449
E3-PPOPIP-p005,41.0461,201,1,RLPolicy,1,1,0.049071,2.07944,2.99573,5,6.20297,100,229,5.78035,571,0.985641
E3-PPOPIP-p005,41.0479,283,240,RLPolicy,1,0,0.0097258,4.85203,2.99573,9,4.5923,392,400,4.14462,571,1.02215
E3-PPOPIP-p005,41.0514,280,228,RLPolicy,0,0,0.0653464,0.693147,2.99573,2,4.82169,0,1,4.58093,571,0.997769
E3-PPOPIP-p005,41.0541,123,264,RLPolicy,1,0,0.051256,4.15888,2.99573,8,4.61017,191,198,4.10436,571,1.02685
E3-PPOPIP-p005,41.0587,20,8,RLPolicy,1,1,0.0387486,2.77259,2.99573,6,5.36623,265,293,5.00993,571,0.986734
E3-PPOPIP-p005,41.06,3,215,RLPolicy,1,1,0.00729248,2.53652,2.99573,7,4.83665,274,302,4.4994,571,1.01168
E3-PPOPIP-p005,41.0602,19,376,RLPolicy,1,0,0.0402629,3.16035,2.99573,7,6.95863,326,332,6.43685,571,1.00171
E3-PPOPIP-p005,41.0676,367,351,RLPolicy,1,0,0.0918886,3.46574,2.99573,7,5.7962,314,320,5.26194,571,1.00123
E3-PPOPIP-p005,41.0788,307,364,RLPolicy,1,1,0.0979039,1.38629,2.99573,4,4.94786,0,109,4.61915,571,0.98514
E3-PPOPIP-p005,41.0827,210,218,RLPolicy,0,0,0.00951528,5.39103,2.99573,9,5.12172,299,307,4.6993,571,1.01055
E3-PPOPIP-p005,41.083,128,93,RLPolicy,1,1,0.0623136,2.77259,2.99573,6,7.17413,271,292,6.67546,571,0.979443
E3-PPOPIP-p005,41.0867,177,442,RLPolicy,1,1,0.0552658,2.07944,2.99573,5,5.57316,62,168,5.07163,571,0.981022
E3-PPOPIP-p005,41.0895,45,248,RLPolicy,0,0,0.0399005,5.2398,2.99573,9,4.113,207,215,3.6287,571,1.00775
E3-PPOPIP-p005,41.092,377,486,RLPolicy,1,1,0.0957014,2.77259,2.99573,6,5.76421,94,254,5.07499,571,1.00123
E3-PPOPIP-p005,41.093,267,390,RLPolicy,1,1,0.069346,2.77259,2.99573,6,6.3311,184,303,5.68375,571,0.994421
E3-PPOPIP-p005,41.0993,46,239,RLPolicy,0,0,0.0438618,5.39103,2.99573,9,4.59117,424,432,4.1202,571,1.00685
E3-PPOPIP-p005,41.0997,228,280,RLPolicy,0,0,0.0672762,0.693147,2.99573,2,4.80589,0,1,4.68226,571,1.00235
E3-PPOPIP-p005,41.1092,300,152,RLPolicy,1,0,0.0845293,4.15888,2.99573,8,8.99613,323,330,8.5283,571,1.01633
E3-PPOPIP-p005,41.1136,43,8,RLPolicy,1,1,0.042186,2.54959,2.99573,7,5.55039,293,375,5.01696,571,0.948199
E3-PPOPIP-p005,41.1171,196,350,RLPolicy,0,0,0.0642955,5.54518,2.99573,9,9.37517,300,308,8.47758,571,0.994421
E3-PPOPIP-p005,41.1238,102,75,RLPolicy,1,1,0.048542,2.61844,2.99573,6,4.94275,238,261,4.63583,571,0.959711
E3-PPOPIP-p005,41.1243,254,299,RLPolicy,1,0,0.0735777,3.46574,2.99573,7,4.14945,368,374,3.7233,571,1.0037
E3-PPOPIP-p005,41.1245,346,344,RLPolicy,0,0,0.0923139,5.54518,2.99573,9,3.79273,222,230,3.46441,571,0.994303
E3-PPOPIP-p005,41.1347,343,578,RLPolicy,1,1,0.0867485,2.77259,2.99573,6,7.65899,174,294,7.21375,571,0.993187
E3-PPOPIP-p005,41.1394,12,216,RLPolicy,1,1,0.0369396,2.77259,2.99573,6,6.31995,234,272,5.93398,571,0.942673
E3-PPOPIP-p005,41.1401,308,515,RLPolicy,1,0,0.0903582,3.15743,2.99573,7,4.26016,259,265,3.78377,571,0.996691
E3-PPOPIP-p005,41.1404,158,148,RLPolicy,1,0,0.071076,4.85203,2.99573,9,5.36898,299,307,4.76913,571,1.01175
E3-PPOPIP-p005,41.1406,328,113,RLPolicy,1,1,0.0994196,2.3263,2.99573,6,4.81445,66,218,4.24125,571,0.989306
E3-PPOPIP-p005,41.141,430,488,RLPolicy,1,1,0.104509,2.77259,2.99573,6,4.70399,67,272,4.23333,571,0.998884
E3-PPOPIP-p005,41.1454,63,10,RLPolicy,1,0,0.0403052,3.16035,2.99573,7,4.36439,358,364,4.02267,571,1.01769
E3-PPOPIP-p005,41.1482,234,355,RLPolicy,1,1,0.0653321,2.07944,2.99573,5,5.0328,48,235,4.47855,571,0.999003
E3-PPOPIP-p005,41.1508,81,232,RLPolicy,1,1,0.0508467,2.77259,2.99573,6,5.24678,133,228,4.87143,571,0.991074
E3-PPOPIP-p005,41.1525,392,195,RLPolicy,1,1,0.0960017,2.07944,2.99573,5,5.25302,44,327,4.84084,571,0.994303
E3-PPOPIP-p005,41.1539,409,198,RLPolicy,1,0,0.00847299,4.15888,2.99573,8,4.61317,159,166,4.10728,571,1.00582
E3-PPOPIP-p005,41.1582,250,264,RLPolicy,1,0,0.0821825,4.85203,2.99573,9,4.15162,302,310,3.8764,571,1.03254
E3-PPOPIP-p005,41.1626,25,448,RLPolicy,1,1,0.0411736,2.54959,2.99573,7,6.0255,192,372,5.27179,571,0.974929
E3-PPOPIP-p005,41.1632,282,80,RLPolicy,1,1,0.0824692,2.77259,2.99573,6,5.92049,156,282,5.55258,571,1.00482
E3-PPOPIP-p005,41.1672,225,525,RLPolicy,1,1,0.0650319,2.77259,2.99573,6,5.53432,82,258,5.12056,571,0.995656
E3-PPOPIP-p005,41.1722,105,566,RLPolicy,1,1,0.0573893,2.77259,2.99573,6,5.42233,180,343,5.00652,571,0.993424
E3-PPOPIP-p005,41.1745,415,13,RLPolicy,1,1,0.107249,2.07944,2.99573,5,5.10415,105,259,4.53739,571,0.995419
E3-PPOPIP-p005,41.1896,378,110,RLPolicy,1,0,0.00919075,4.15888,2.99573,8,4.83334,383,390,4.30985,571,1.0047
E3-PPOPIP-p005,41.1961,109,183,RLPolicy,1,1,0.0501612,1.38629,2.99573,4,4.71448,0,198,4.06884,571,0.995656
E3-PPOPIP-p005,41.1986,167,255,RLPolicy,1,1,0.0563354,2.77259,2.99573,6,5.01024,158,357,4.22576,571,0.979443
E3-PPOPIP-p005,41.2013,238,100,RLPolicy,0,0,0.0735934,5.54518,2.99573,9,4.20345,91,99,3.8249,571,1.00817
E3-PPOPIP-p005,41.2047,397,169,RLPolicy,1,1,0.0991279,2.77259,2.99573,6,5.28138,74,350,4.69353,571,0.997769
E3-PPOPIP-p005,41.2053,76,154,RLPolicy,1,1,0.0566162,2.77259,2.99573,6,6.9503,165,263,6.48307,571,0.988724
E3-PPOPIP-p005,41.207,305,178,RLPolicy,0,0,0.0970536,5.54518,2.99573,9,4.29463,332,340,3.60235,571,1.00358
E3-PPOPIP-p005,41.2107,115,37,RLPolicy,1,0,0.0534015,3.46574,2.99573,7,4.72623,343,349,4.31533,571,0.995656
E3-PPOPIP-p005,41.2259,54,176,RLPolicy,1,0,0.0348031,4.85203,2.99573,9,4.03897,247,255,3.60748,571,1.01909
E3-PPOPIP-p005,41.231,275,137,RLPolicy,1,1,0.00606942,2.77259,2.99573,6,11.3659,297,304,11.061,571,0.991683
E3-PPOPIP-p005,41.2311,342,215,RLPolicy,1,1,0.00607727,2.77259,2.99573,6,8.26096,282,290,7.87819,571,0.989721
E3-PPOPIP-p005,41.2315,38,16,RLPolicy,1,0,0.0297858,3.54812,2.99573,8,5.95273,421,428,5.28483,571,0.984796
E3-PPOPIP-p005,41.237,66,7,RLPolicy,1,1,0.0370302,2.07944,2.99573,5,4.70223,26,191,4.24301,571,0.999434
E3-PPOPIP-p005,41.242,50,18,RLPolicy,1,1,0.00566071,2.77259,2.99573,6,5.833,282,298,5.53652,571,1.00036
E3-PPOPIP-p005,41.2423,52,42,RLPolicy,1,1,0.0381724,2.07944,2.99573,5,5.9259,77,180,5.59501,571,0.951835
E3-PPOPIP-p005,41.2543,293,79,RLPolicy,1,1,0.0852265,2.77259,2.99573,6,5.90319,201,223,5.53773,571,1.00482
E3-PPOPIP-p005,41.2603,180,343,RLPolicy,1,1,0.0677991,2.61844,2.99573,6,4.63592,63,240,4.26225,571,0.987183
E3-PPOPIP-p005,41.2636,39,575,RLPolicy,1,0,0.0327606,3.46574,2.99573,7,6.61624,281,287,6.08235,571,0.979681
E3-PPOPIP-p005,41.2664,347,317,RLPolicy,1,0,0.0875808,3.46574,2.99573,7,5.77736,292,298,5.28035,571,1.00012
E3-PPOPIP-p005,41.2725,95,428,RLPolicy,0,0,0.0481956,5.54518,2.99573,9,6.36051,251,259,5.75998,571,0.985259
E3-PPOPIP-p005,41.2759,348,473,RLPolicy,1,1,0.0931318,2.77259,2.99573,6,6.13806,256,316,5.56492,571,0.993187
E3-PPOPIP-p005,41.2763,281,89,RLPolicy,1,0,0.0951102,3.46574,2.99573,7,5.33212,283,289,4.87362,571,0.990956
E3-PPOPIP-p005,41.28,226,64,RLPolicy,1,1,0.0735171,2.07944,2.99573,5,5.83958,28,118,5.54046,571,1.00135
E3-PPOPIP-p005,41.2872,59,391,RLPolicy,1,1,0.0460676,2.77259,2.99573,6,5.31641,71,270,4.79798,571,0.973746
E3-PPOPIP-p005,41.2882,162,565,RLPolicy,1,0,0.0666916,3.46574,2.99573,7,4.64758,114,120,4.35866,571,1.0198
E3-PPOPIP-p005,41.2982,380,211,RLPolicy,1,0,0.100625,4.15888,2.99573,8,4.85689,338,345,4.35425,571,1.00817
E3-PPOPIP-p005,41.3034,339,194,RLPolicy,1,1,0.0833385,0.693147,2.99573,3,6.61509,0,151,6.28336,572,0.993187
E3-PPOPIP-p005,41.3079,114,15,RLPolicy,1,0,0.0477384,4.85203,2.99573,9,4.13766,410,418,3.57973,572,1.00928
E3-PPOPIP-p005,41.3116,49,432,RLPolicy,0,0,0.0392733,5.54518,2.99573,9,4.14688,216,224,3.65757,572,1.0094
E3-PPOPIP-p005,41.3154,416,154,RLPolicy,1,0,0.00682951,3.46574,2.99573,7,4.88691,312,318,4.36527,572,1.00235
E3-PPOPIP-p005,41.3155,278,558,RLPolicy,1,1,0.0933649,2.77259,2.99573,6,5.26839,255,316,4.94895,572,0.994421
E3-PPOPIP-p005,41.317,68,254,RLPolicy,1,0,0.0509946,4.00473,2.99573,8,3.57525,324,331,3.2445,572,1.02758
E3-PPOPIP-p005,41.3184,86,493,RLPolicy,1,0,0.0544885,4.85203,2.99573,9,5.18132,337,345,4.51858,572,1.03031
E3-PPOPIP-p005,41.3214,172,516,RLPolicy,1,1,0.0505107,2.07944,2.99573,5,4.89769,120,347,4.38226,572,0.960998
E3-PPOPIP-p005,41.3274,269,114,RLPolicy,0,0,0.0744217,5.54518,2.99573,9,4.92977,386,394,4.34276,572,1.00247
E3-PPOPIP-p005,41.3299,195,155,RLPolicy,1,1,0.0752351,2.77259,2.99573,6,5.12315,277,293,4.79151,572,1.00161
E3-PPOPIP-p005,41.3471,1,338,RLPolicy,1,1,0.0361641,2.46721,2.99573,6,4.11857,199,276,3.73793,572,0.993134
E3-PPOPIP-p005,41.3536,266,54,RLPolicy,1,0,0.0805997,4.15888,2.99573,8,5.35738,370,377,4.88175,572,1.00482
E3-PPOPIP-p005,41.3617,299,274,RLPolicy,1,1,0.0812298,2.77259,2.99573,6,5.77276,236,247,5.35074,572,1.02215
E3-PPOPIP-p005,41.3654,7,405,RLPolicy,1,1,0.0323154,0.538997,2.99573,3,6.61592,0,101,6.30774,572,0.969827
E3-PPOPIP-p005,41.379,262,577,RLPolicy,1,0,0.0825933,4.85203,2.99573,9,5.12711,245,253,4.58982,572,1.0037
E3-PPOPIP-p005,41.387,204,529,RLPolicy,1,1,0.0637754,2.77259,2.99573,6,6.38513,40,347,5.6801,572,0.978327
E3-PPOPIP-p005,41.3884,413,122,RLPolicy,1,0,0.119427,4.15888,2.99573,8,4.63822,335,342,4.19638,572,1.00582
E3-PPOPIP-p005,41.3911,8,433,RLPolicy,1,0,0.0209614,3.8535,2.99573,8,5.74063,427,434,5.06689,572,1.01563
E3-PPOPIP-p005,41.3945,390,129,RLPolicy,1,1,0.0991974,2.77259,2.99573,6,4.737,287,330,4.33972,572,0.998884
E3-PPOPIP-p005,41.3993,186,206,RLPolicy,1,1,0.0689669,2.77259,2.99573,6,4.87565,113,191,4.47773,572,0.97028
E3-PPOPIP-p005,41.4017,400,344,RLPolicy,1,1,0.113339,1.38629,2.99573,4,4.20811,0,37,3.99664,573,0.997769
E3-PPOPIP-p005,41.4081,376,188,RLPolicy,1,1,0.0977978,2.77259,2.99573,6,4.45789,193,223,4.08663,573,1.00817
E3-PPOPIP-p005,41.4143,97,344,RLPolicy,0,0,0.0549212,5.39103,2.99573,9,9.70763,268,276,9.23074,573,0.987609
E3-PPOPIP-p005,41.4152,357,233,RLPolicy,0,0,0.0949193,5.54518,2.99573,9,4.71781,117,125,4.46408,573,1.00582
E3-PPOPIP-p005,41.416,17,243,RLPolicy,0,0,0.0296015,5.7275,2.99573,9,3.56576,536,544,3.37117,2,1.00405
E3-PPOPIP-p005,41.4164,414,517,RLPolicy,1,0,0.00969212,4.85203,2.99573,9,4.64352,387,395,4.13458,573,1.00928
E3-PPOPIP-p005,41.4189,103,577,RLPolicy,1,0,0.0072436,3.46574,2.99573,7,4.20706,213,219,3.96969,573,0.999003
E3-PPOPIP-p005,41.4203,207,321,RLPolicy,1,1,0.0769888,1.38629,2.99573,4,5.43617,0,111,4.90181,573,0.996771
E3-PPOPIP-p005,41.4255,67,78,RLPolicy,1,0,0.0312721,3.46574,2.99573,7,5.58366,337,343,4.99006,573,0.988843
E3-PPOPIP-p005,41.4363,336,173,RLPolicy,1,1,0.100487,2.77259,2.99573,6,4.33171,250,265,4.09924,573,0.992071
E3-PPOPIP-p005,41.441,311,134,RLPolicy,1,0,0.0998668,4.15888,2.99573,8,4.65336,303,310,4.41583,573,1.00247
E3-PPOPIP-p005,41.4412,384,109,RLPolicy,1,0,0.0978476,3.46574,2.99573,7,4.44603,293,299,4.19892,573,1.01163
E3-PPOPIP-p005,41.4445,154,77,RLPolicy,1,1,0.0432246,1.23214,2.99573,4,8.73922,0,64,8.52205,573,0.985603
E3-PPOPIP-p005,41.4481,166,319,RLPolicy,0,0,0.0671017,5.54518,2.99573,9,4.36985,442,450,3.87211,573,1.01868
E3-PPOPIP-p005,41.4504,334,516,RLPolicy,1,1,0.0829338,2.07944,2.99573,5,6.13261,37,295,5.62298,573,0.989721
E3-PPOPIP-p005,41.4573,74,571,RLPolicy,1,1,0.0513123,2.77259,2.99573,6,6.29267,174,293,5.6441,573,0.991074
E3-PPOPIP-p005,41.4602,65,517,RLPolicy,1,1,0.037975,2.07944,2.99573,5,4.24359,68,131,3.99188,573,1.00494
E3-PPOPIP-p005,41.4684,61,82,RLPolicy,1,1,0.0471748,2.61844,2.99573,6,4.70878,252,289,4.39504,573,0.994549
E3-PPOPIP-p005,41.471,354,455,RLPolicy,1,0,0.107713,4.85203,2.99573,9,7.40089,257,265,6.64053,573,1.00705
E3-PPOPIP-p005,41.4754,379,139,RLPolicy,1,1,0.0942464,1.38629,2.99573,4,5.07946,0,141,4.63794,573,0.990837
E3-PPOPIP-p005,41.4797,243,250,RLPolicy,0,0,0.0773632,5.7275,2.99573,9,3.62899,530,538,3.45793,2,0.980558
E3-PPOPIP-p005,41.4817,48,61,RLPolicy,1,1,0.0448367,2.77259,2.99573,6,4.86047,253,290,4.49831,573,0.961117
E3-PPOPIP-p005,41.4829,374,169,RLPolicy,1,1,0.0923018,2.77259,2.99573,6,5.71396,75,370,5.1226,573,1.00012
E3-PPOPIP-p005,41.485,284,455,RLPolicy,1,0,0.0968995,4.85203,2.99573,9,6.9675,269,277,6.33909,573,0.997887
E3-PPOPIP-p005,41.4918,101,299,RLPolicy,1,0,0.0568893,4.85203,2.99573,9,5.38943,338,346,4.89294,573,1.01298
E3-PPOPIP-p005,41.5034,55,442,RLPolicy,1,0,0.037578,3.46574,2.99573,7,4.61648,298,304,4.2016,573,0.999198
E3-PPOPIP-p005,41.5042,182,542,RLPolicy,1,0,0.0600009,3.46574,2.99573,7,4.70142,386,392,4.30258,573,1.00482
E3-PPOPIP-p005,41.5064,271,241,RLPolicy,1,1,0.0802299,2.07944,2.99573,5,5.08186,85,231,4.68038,573,0.995333
E3-PPOPIP-p005,41.5071,274,488,RLPolicy,1,1,0.0804691,2.77259,2.99573,6,4.9322,102,250,4.58615,573,0.993306
E3-PPOPIP-p005,41.5086,294,405,RLPolicy,1,1,0.0731967,1.38629,2.99573,4,8.75879,0,161,8.46906,573,0.977093
E3-PPOPIP-p005,41.5094,393,377,RLPolicy,1,1,0.0932494,0.693147,2.99573,3,4.8379,0,175,4.59409,573,0.98044
E3-PPOPIP-p005,41.5136,125,18,RLPolicy,1,0,0.0521888,4.15888,2.99573,8,5.80609,368,375,5.38918,573,0.99689
E3-PPOPIP-p005,41.5143,93,224,RLPolicy,1,1,0.054612,2.61844,2.99573,6,11.1509,215,273,10.8284,573,1.00678
E3-PPOPIP-p005,41.5147,53,320,RLPolicy,1,1,0.0463119,2.61844,2.99573,6,4.07989,135,150,3.90817,573,0.995693
E3-PPOPIP-p005,41.5167,298,414,RLPolicy,1,1,0.084506,2.77259,2.99573,6,7.63116,69,338,6.90231,573,1.00135
E3-PPOPIP-p005,41.5226,44,179,RLPolicy,1,1,0.0366171,2.54959,2.99573,7,9.92241,107,393,9.28063,573,0.981622
E3-PPOPIP-p005,41.5304,0,66,RLPolicy,1,0,0.017355,3.54228,2.99573,8,6.06851,434,441,5.29317,573,1.01569
E3-PPOPIP-p005,41.5403,208,565,RLPolicy,1,0,0.0753565,4.85203,2.99573,9,5.62802,205,213,5.1556,573,1.01063
E3-PPOPIP-p005,41.5422,118,507,RLPolicy,1,1,0.053703,2.07944,2.99573,5,4.8217,39,325,4.45904,573,0.969164
E3-PPOPIP-p005,41.547,91,572,RLPolicy,1,0,0.0411207,4.15888,2.99573,8,5.56665,360,367,5.13313,573,0.99689
E3-PPOPIP-p005,41.5525,148,158,RLPolicy,1,0,0.0545748,4.15888,2.99573,8,7.14792,278,285,6.54441,573,1.00582
E3-PPOPIP-p005,41.5584,443,328,RLPolicy,0,0,0.135267,5.54518,2.99573,9,4.35038,49,57,4.06225,573,1
E3-PPOPIP-p005,41.5611,373,465,RLPolicy,0,0,0.00910561,5.54518,2.99573,9,5.32564,211,219,4.78977,2,1.01163
E3-PPOPIP-p005,41.5661,445,152,RLPolicy,1,1,0.107235,2.77259,2.99573,6,4.98845,79,227,4.44173,573,0.998884
E3-PPOPIP-p005,41.5769,417,141,RLPolicy,1,0,0.105567,4.00473,2.99573,8,4.64368,313,320,4.17971,573,1.00505
E3-PPOPIP-p005,41.5799,175,338,RLPolicy,1,1,0.00653912,2.61844,2.99573,6,3.85078,222,242,3.52097,573,0.985641
E3-PPOPIP-p005,41.5806,257,482,RLPolicy,1,0,0.0915438,4.00473,2.99573,8,4.91482,432,439,4.33173,573,0.981508
E3-PPOPIP-p005,41.5885,183,84,RLPolicy,1,1,0.0684115,0.693147,2.99573,3,5.2614,0,70,5.02725,573,0.980677
E3-PPOPIP-p005,41.5967,309,561,RLPolicy,1,1,0.0914674,2.61844,2.99573,6,5.49037,242,287,5.02191,573,1.01248
E3-PPOPIP-p005,41.6017,351,120,RLPolicy,1,0,0.104631,3.46574,2.99573,7,4.87263,131,137,4.53751,574,1.00358
E3-PPOPIP-p005,41.6241,320,464,RLPolicy,1,0,0.081495,4.85203,2.99573,9,4.4222,215,223,4.0261,574,1.02784
E3-PPOPIP-p005,41.6286,325,572,RLPolicy,1,0,0.00799254,3.46574,2.99573,7,5.486,329,335,5.15922,574,1.0094
E3-PPOPIP-p005,41.6355,426,334,RLPolicy,1,0,0.111906,4.85203,2.99573,9,7.22701,154,162,6.88557,574,1.00928
E3-PPOPIP-p005,41.6356,117,362,RLPolicy,1,1,0.0425758,0.693147,2.99573,3,4.60338,0,102,4.37432,574,0.999121
E3-PPOPIP-p005,41.6357,200,566,RLPolicy,1,1,0.0697744,2.77259,2.99573,6,4.77825,204,213,4.49649,574,0.99219
E3-PPOPIP-p005,41.6482,405,113,RLPolicy,1,1,0.0984308,1.92529,2.99573,5,4.31271,43,225,4.05427,574,0.992761
E3-PPOPIP-p005,41.6516,89,304,RLPolicy,1,1,0.0480789,2.46429,2.99573,6,9.75752,216,317,9.20812,574,0.987301
E3-PPOPIP-p005,41.6517,215,231,RLPolicy,1,1,0.0857735,2.77259,2.99573,6,8.45993,191,205,8.18931,574,1.01757
E3-PPOPIP-p005,41.6535,181,476,RLPolicy,1,1,0.0684783,2.77259,2.99573,6,3.98178,151,160,3.73837,574,1.01868
E3-PPOPIP-p005,41.6635,170,315,RLPolicy,1,1,0.058182,2.07944,2.99573,5,9.62574,67,133,9.14915,574,0.985259
E3-PPOPIP-p005,41.6645,190,364,RLPolicy,1,1,0.067785,2.77259,2.99573,6,5.37433,283,290,4.94477,574,0.985054
E3-PPOPIP-p005,41.6715,227,84,RLPolicy,1,1,0.0716564,0.693147,2.99573,3,7.26607,0,89,6.9631,574,0.982946
E3-PPOPIP-p005,41.6757,83,94,RLPolicy,1,1,0.0416063,2.77259,2.99573,6,8.00834,104,421,7.28876,574,0.983027
E3-PPOPIP-p005,41.6794,203,527,RLPolicy,1,0,0.0644288,3.46574,2.99573,7,4.62306,219,225,4.09353,574,1.00482
E3-PPOPIP-p005,41.6803,60,368,RLPolicy,1,0,0.0375803,4.54665,2.99573,9,5.0725,500,508,4.66158,574,1.00811
E3-PPOPIP-p005,41.6869,35,566,RLPolicy,1,1,0.0419114,2.46721,2.99573,6,5.77368,133,291,5.22876,574,0.976508
E3-PPOPIP-p005,41.6894,431,334,RLPolicy,1,0,0.124956,3.46574,2.99573,7,4.6624,286,292,4.30796,574,1.00235
E3-PPOPIP-p005,41.6932,249,336,RLPolicy,0,0,0.0712182,5.39103,2.99573,9,4.57023,302,310,4.16363,574,1.01402
E3-PPOPIP-p005,41.6973,134,157,RLPolicy,0,0,0.0580705,5.54518,2.99573,9,4.90854,276,284,4.40439,574,1.01163
E3-PPOPIP-p005,41.7002,139,454,RLPolicy,0,0,0.0640089,5.39103,2.99573,9,6.52199,176,184,6.1013,574,0.997154
E3-PPOPIP-p005,41.7018,11,61,RLPolicy,1,0,0.0241393,4.24127,2.99573,9,5.13858,211,219,4.71843,574,1.01034
E3-PPOPIP-p005,41.7043,385,352,RLPolicy,1,1,0.0998842,2.77259,2.99573,6,4.09936,272,310,3.66294,574,0.998884
E3-PPOPIP-p005,41.7058,317,481,RLPolicy,1,1,0.0816847,2.77259,2.99573,6,4.55209,162,299,4.1036,574,0.999003
E3-PPOPIP-p005,41.7059,244,386,RLPolicy,1,1,0.0605883,2.77259,2.99573,6,4.74105,88,332,4.26053,574,0.988681
E3-PPOPIP-p005,41.7059,213,278,RLPolicy,1,1,0.0715897,2.77259,2.99573,6,5.81711,134,195,5.40417,574,0.982908
E3-PPOPIP-p005,41.7128,349,483,RLPolicy,1,1,0.0925452,2.07944,2.99573,5,6.68024,12,178,6.18917,574,0.996653
E3-PPOPIP-p005,41.723,150,306,RLPolicy,1,0,0.0602138,4.15888,2.99573,8,5.33012,237,244,4.98295,574,1.04418
E3-PPOPIP-p005,41.7244,169,485,RLPolicy,1,1,0.0483777,2.46429,2.99573,6,6.56694,80,352,5.79796,574,0.981971
E3-PPOPIP-p005,41.7316,218,267,RLPolicy,1,1,0.0735596,2.07944,2.99573,5,5.76471,108,232,5.34308,574,0.980558
E3-PPOPIP-p005,41.733,116,310,RLPolicy,1,0,0.00807325,3.46574,2.99573,7,4.74716,278,284,4.37785,574,0.990648
E3-PPOPIP-p005,41.7355,423,437,RLPolicy,1,1,0.103785,2.77259,2.99573,6,4.29557,74,289,3.75505,574,0.998884
E3-PPOPIP-p005,41.7398,27,227,RLPolicy,1,1,0.0393562,1.46868,2.99573,5,4.91165,0,288,4.56405,574,0.979802
E3-PPOPIP-p005,41.7462,219,554,RLPolicy,1,0,0.0831583,3.46574,2.99573,7,5.81146,141,147,5.48315,574,0.996809
E3-PPOPIP-p005,41.7536,333,341,RLPolicy,1,0,0.0940523,4.85203,2.99573,9,4.89272,245,253,4.41921,574,0.999003
E3-PPOPIP-p005,41.7555,330,469,RLPolicy,1,0,0.00787397,3.46574,2.99573,7,4.85901,256,262,4.33597,574,1.00593
E3-PPOPIP-p005,41.7559,319,380,RLPolicy,1,0,0.00801926,4.15888,2.99573,8,5.10279,358,365,4.64154,574,1.01724
E3-PPOPIP-p005,41.7595,295,206,RLPolicy,1,0,0.0810087,3.46574,2.99573,7,6.71268,308,314,6.12081,574,1.00482
E3-PPOPIP-p005,41.7615,220,526,RLPolicy,1,1,0.0702439,2.77259,2.99573,6,6.84262,311,319,6.54381,574,1.00952
E3-PPOPIP-p005,41.767,224,170,RLPolicy,1,1,0.0810328,2.31014,2.99573,6,5.70434,260,297,5.2869,574,0.973461
E3-PPOPIP-p005,41.7683,73,150,RLPolicy,1,1,0.0506385,2.77259,2.99573,6,7.11506,250,285,6.47469,574,0.983027
E3-PPOPIP-p005,41.7693,82,315,RLPolicy,1,1,0.0522609,2.77259,2.99573,6,6.31399,264,277,5.93627,574,0.984143
E3-PPOPIP-p005,41.774,152,154,RLPolicy,1,1,0.063991,2.77259,2.99573,6,6.39854,180,191,5.88209,574,0.998006
E3-PPOPIP-p005,41.7809,381,448,RLPolicy,1,1,0.097805,2.77259,2.99573,6,4.75775,265,308,4.4049,574,1.00123
E3-PPOPIP-p005,41.7834,296,53,RLPolicy,1,0,0.0989062,3.46574,2.99573,7,6.54062,381,387,5.70366,574,1.0094
E3-PPOPIP-p005,41.7851,340,282,RLPolicy,1,1,0.0858846,2.07944,2.99573,5,5.59538,82,202,5.15018,574,1.00593
E3-PPOPIP-p005,41.7905,223,245,RLPolicy,1,1,0.0791375,2.77259,2.99573,6,6.77125,215,226,6.16148,574,0.98984
E3-PPOPIP-p005,41.8,440,565,RLPolicy,1,0,0.108919,4.85203,2.99573,9,4.93604,208,216,4.52706,574,1.00928
E3-PPOPIP-p005,41.8044,398,188,RLPolicy,0,0,0.117765,5.39103,2.99573,9,3.76679,313,321,3.43549,573,1.00235
E3-PPOPIP-p005,41.8049,391,102,RLPolicy,1,0,0.100126,3.46574,2.99573,7,4.92525,321,327,4.62232,573,1.00123
E3-PPOPIP-p005,41.8064,211,584,RLPolicy,1,0,0.00849355,4.15888,2.99573,8,9.73226,376,383,9.22821,573,0.982908
E3-PPOPIP-p005,41.8078,401,409,RLPolicy,1,0,0.121242,3.46574,2.99573,7,4.55543,192,198,4.26518,573,1.00817
E3-PPOPIP-p005,41.8082,313,303,RLPolicy,0,0,0.0854853,5.54518,2.99573,9,9.49835,344,352,8.78305,573,0.992071
E3-PPOPIP-p005,41.8085,388,242,RLPolicy,1,1,0.0987526,2.77259,2.99573,6,4.27713,164,179,3.86849,573,0.998884
E3-PPOPIP-p005,41.8193,434,376,RLPolicy,1,0,0.118826,3.46574,2.99573,7,9.35094,339,345,8.88772,573,1.00235
E3-PPOPIP-p005,41.8227,94,320,RLPolicy,1,0,0.0483345,4.85203,2.99573,9,5.35568,279,287,4.90637,573,1.02689
E3-PPOPIP-p005,41.8236,5,151,RLPolicy,1,1,0.0496249,2.77259,2.99573,6,4.66068,194,276,4.39259,573,0.997595
E3-PPOPIP-p005,41.8249,113,328,RLPolicy,1,1,0.0523768,1.38629,2.99573,4,5.20805,0,95,4.92204,573,0.970743
E3-PPOPIP-p005,41.8317,198,408,RLPolicy,1,1,0.071313,2.61844,2.99573,6,4.73514,248,264,4.48011,573,0.98722
E3-PPOPIP-p005,41.8346,92,216,RLPolicy,0,0,0.0454543,5.54518,2.99573,9,7.83739,282,290,7.41839,573,1.00887
E3-PPOPIP-p005,41.8359,389,100,RLPolicy,0,0,0.0997455,5.54518,2.99573,9,3.78053,92,100,3.4994,573,1
E3-PPOPIP-p005,41.8457,129,149,RLPolicy,1,1,0.0618711,2.77259,2.99573,6,5.01874,180,219,4.67982,573,1.02496
E3-PPOPIP-p005,41.85,404,135,RLPolicy,1,1,0.0990771,2.77259,2.99573,6,4.87182,261,312,4.47463,573,1.0047
E3-PPOPIP-p005,41.8562,22,379,RLPolicy,1,1,0.0303728,2.54959,2.99573,7,5.06367,153,395,4.44718,573,0.965527
E3-PPOPIP-p005,41.8613,427,466,RLPolicy,1,1,0.106164,2.77259,2.99573,6,9.92679,180,198,9.50165,573,0.998884
E3-PPOPIP-p005,41.8632,34,403,RLPolicy,1,1,0.042026,2.95491,2.99573,6,6.71088,62,341,6.10591,573,0.968054
E3-PPOPIP-p005,41.8737,421,537,RLPolicy,1,0,0.104289,3.46574,2.99573,7,6.08176,297,303,5.60359,573,1.00235
E3-PPOPIP-p005,41.874,292,521,RLPolicy,1,0,0.00920287,4.69788,2.99573,9,4.79182,460,468,4.29416,573,1.0079
E3-PPOPIP-p005,41.8742,230,270,RLPolicy,1,0,0.0764009,4.85203,2.99573,9,5.32679,91,99,4.98534,573,1.01163
E3-PPOPIP-p005,41.8745,365,172,RLPolicy,1,1,0.0913007,2.77259,2.99573,6,5.81625,110,354,5.3772,573,1.00358
E3-PPOPIP-p005,41.8759,157,403,RLPolicy,1,1,0.0631947,1.38629,2.99573,4,5.25585,0,62,5.05608,573,0.974861
E3-PPOPIP-p005,41.8791,58,234,RLPolicy,0,0,0.0446008,5.54518,2.99573,9,3.88908,495,503,3.6727,2,0.967226
E3-PPOPIP-p005,41.8842,412,26,RLPolicy,1,1,0.111136,2.77259,2.99573,6,4.24426,204,228,4.03887,573,0.997769
E3-PPOPIP-p005,41.8881,407,173,RLPolicy,1,1,0.0992815,2.77259,2.99573,6,4.57028,75,378,4.17919,573,1.0047
E3-PPOPIP-p005,41.889,403,307,RLPolicy,0,0,0.105137,5.23688,2.99573,9,4.00104,419,427,3.82629,2,0.991953
E3-PPOPIP-p005,41.9058,437,286,RLPolicy,1,1,0.104406,2.77259,2.99573,6,4.47166,307,346,4.03594,574,0.998884
E3-PPOPIP-p005,41.9059,136,397,RLPolicy,1,1,0.0455129,0.693147,2.99573,3,4.48688,0,152,4.08927,574,0.963348
E3-PPOPIP-p005,41.9096,419,71,RLPolicy,1,1,0.117315,2.77259,2.99573,6,5.04762,113,130,4.72274,574,0.998884
E3-PPOPIP-p005,41.9116,371,490,RLPolicy,1,0,0.0962333,3.46574,2.99573,7,5.46953,194,200,5.00455,574,1.01745
E3-PPOPIP-p005,41.9171,236,125,RLPolicy,1,1,0.0793491,2.07944,2.99573,5,5.94383,112,256,5.35637,574,0.98984
E3-PPOPIP-p005,41.9239,372,308,RLPolicy,1,0,0.00796361,3.46574,2.99573,7,8.366,363,369,7.59257,574,0.993187
E3-PPOPIP-p005,41.9265,104,30,RLPolicy,1,1,0.050156,1.38629,2.99573,4,6.45745,0,206,6.08236,574,0.978365
E3-PPOPIP-p005,41.9594,394,178,RLPolicy,1,1,0.0959657,2.07944,2.99573,5,5.35603,91,180,4.83183,574,0.983135
E3-PPOPIP-p005,41.9609,159,469,RLPolicy,1,0,0.0657985,4.15888,2.99573,8,5.68757,254,261,5.02148,574,1.00482
E3-PPOPIP-p005,41.9629,246,98,RLPolicy,1,0,0.068949,4.15888,2.99573,8,4.56767,431,438,3.93805,574,1.0094
E3-PPOPIP-p005,41.9719,41,380,RLPolicy,1,1,0.0448519,2.85497,2.99573,7,6.33319,318,340,5.87101,574,0.95513
E3-PPOPIP-p005,41.9815,69,365,RLPolicy,1,1,0.0469708,2.77259,2.99573,6,5.59201,246,273,5.2012,574,0.981911
E3-PPOPIP-p005,41.9821,42,477,RLPolicy,1,1,0.0394297,2.46721,2.99573,6,5.91429,215,261,5.40644,574,0.996276
E3-PPOPIP-p005,41.9881,239,99,RLPolicy,1,0,0.0746728,3.46574,2.99573,7,7.03421,256,262,6.64156,574,1.0141
E3-PPOPIP-p005,41.9924,199,125,RLPolicy,1,0,0.00728885,3.46574,2.99573,7,4.33115,300,306,3.90399,574,1.01063
E3-PPOPIP-p005,41.9962,435,475,RLPolicy,1,0,0.116955,4.85203,2.99573,9,5.06288,311,319,4.41363,574,1.00928
E3-PPOPIP-p005,42.0027,111,267,RLPolicy,1,1,0.0559171,2.07944,2.99573,5,4.76575,85,238,4.3392,574,0.965698
E3-PPOPIP-p005,42.0045,304,191,RLPolicy,1,1,0.0847073,2.77259,2.99573,6,6.0829,121,133,5.59554,574,1.00058
E3-PPOPIP-p005,42.0099,289,100,RLPolicy,0,0,0.0848306,5.54518,2.99573,9,5.35522,89,97,4.98438,574,1
E3-PPOPIP-p005,42.0112,194,376,RLPolicy,1,1,0.0757075,2.46429,2.99573,6,4.91849,164,260,4.55579,574,0.969083
E3-PPOPIP-p005,42.0119,30,17,RLPolicy,0,0,0.0492579,4.32365,2.99573,9,5.99071,450,458,5.32597,574,0.993135
E3-PPOPIP-p005,42.0147,240,284,RLPolicy,1,1,0.0830433,2.77259,2.99573,6,8.92981,189,212,8.65877,574,1.01179
E3-PPOPIP-p005,42.0153,21,536,RLPolicy,1,1,0.0413139,2.54959,2.99573,7,5.79874,63,399,5.21914,574,0.983972
E3-PPOPIP-p005,42.0171,24,399,RLPolicy,1,1,0.0458066,2.85497,2.99573,7,5.33644,76,345,4.56707,574,0.979392
E3-PPOPIP-p005,42.0191,10,105,RLPolicy,1,1,0.0368129,2.16183,2.99573,6,5.26271,65,219,4.72554,574,0.975924
E3-PPOPIP-p005,42.0209,222,148,RLPolicy,1,1,0.0645826,2.77259,2.99573,6,5.92535,165,197,5.37022,574,1.00259
E3-PPOPIP-p005,42.0235,98,175,RLPolicy,1,1,0.0456772,2.77259,2.99573,6,9.0047,244,253,8.58809,574,0.99689
E3-PPOPIP-p005,42.0273,2,575,RLPolicy,1,1,0.0340539,2.85497,2.99573,7,5.39778,80,416,4.40685,574,0.971807
E3-PPOPIP-p005,42.0304,362,415,RLPolicy,1,1,0.102269,2.77259,2.99573,6,9.4049,283,294,9.08022,574,0.997564
E3-PPOPIP-p005,42.0348,4,50,RLPolicy,1,0,0.0329012,3.46574,2.99573,7,4.82187,155,161,4.54358,574,1.01727
E3-PPOPIP-p005,42.0396,29,61,RLPolicy,1,1,0.0311316,0.775531,2.99573,4,4.15132,0,179,3.78584,574,0.996892
E3-PPOPIP-p005,42.0439,179,328,RLPolicy,1,1,0.0584887,2.07944,2.99573,5,4.79661,69,265,4.531,574,0.977211
E3-PPOPIP-p005,42.0451,399,468,RLPolicy,1,1,0.113638,2.31014,2.99573,6,4.64954,197,243,4.34006,574,0.995839
E3-PPOPIP-p005,42.0519,64,321,RLPolicy,1,0,0.0448359,3.46574,2.99573,7,6.78551,378,384,6.11352,574,0.987609
E3-PPOPIP-p005,42.0615,366,542,RLPolicy,1,1,0.0912936,2.77259,2.99573,6,6.18378,85,354,5.56095,574,0.993187
E3-PPOPIP-p005,42.0839,191,356,RLPolicy,1,1,0.0746331,2.77259,2.99573,6,4.79335,305,317,4.41048,574,1.01298
E3-PPOPIP-p005,42.0842,345,87,RLPolicy,1,1,0.0849044,2.77259,2.99573,6,4.92893,80,352,4.41852,574,0.996653
E3-PPOPIP-p005,42.086,270,132,RLPolicy,1,0,0.0851679,4.85203,2.99573,9,4.5825,279,287,4.16389,574,1.02103
E3-PPOPIP-p005,42.0892,188,45,RLPolicy,1,1,0.0566257,0.693147,2.99573,3,4.8004,0,30,4.63328,574,1.00482
E3-PPOPIP-p005,42.1025,75,147,RLPolicy,1,1,0.0390589,2.07944,2.99573,5,5.10607,100,246,4.70653,572,1.00259
E3-PPOPIP-p005,42.1025,264,430,RLPolicy,1,1,0.0722934,2.07944,2.99573,5,4.29803,51,175,3.97994,572,1.00024
E3-PPOPIP-p005,42.1037,396,533,RLPolicy,1,0,0.0982029,3.31159,2.99573,7,4.92261,364,370,4.6225,572,1.0074
E3-PPOPIP-p005,42.1073,315,235,RLPolicy,1,0,0.0978091,4.00473,2.99573,8,6.42088,363,370,5.79009,572,1.02095
E3-PPOPIP-p005,42.1107,216,275,RLPolicy,1,1,0.0636589,2.77259,2.99573,6,5.49239,108,249,4.50289,572,1.00024
E3-PPOPIP-p005,42.1134,439,179,RLPolicy,1,1,0.104967,2.61844,2.99573,6,8.17111,250,278,7.73439,572,0.998114
E3-PPOPIP-p005,42.1153,107,330,RLPolicy,1,1,0.039651,2.77259,2.99573,6,7.62313,140,284,6.91965,572,0.986493
E3-PPOPIP-p005,42.1207,57,157,RLPolicy,0,0,0.0374183,5.54518,2.99573,9,4.64082,279,287,4.28053,572,1.02644
E3-PPOPIP-p005,42.124,221,234,RLPolicy,0,0,0.0851568,5.54518,2.99573,9,5.09243,496,504,4.83051,2,0.993306
E3-PPOPIP-p005,42.1459,122,303,RLPolicy,0,0,0.0531432,5.54518,2.99573,9,5.9447,267,275,5.43217,572,0.989533
E3-PPOPIP-p005,42.1563,231,408,RLPolicy,0,0,0.0800249,5.54518,2.99573,9,5.78216,516,524,5.35279,2,0.986374
E3-PPOPIP-p005,42.1819,131,364,RLPolicy,1,0,0.0628058,3.31159,2.99573,7,5.48144,239,245,5.01542,572,0.988298
E3-PPOPIP-p005,42.1826,429,450,RLPolicy,1,0,0.113925,4.85203,2.99573,9,5.08367,308,316,4.49958,572,1.00928
E3-PPOPIP-p005,42.1834,31,496,RLPolicy,1,0,0.0270532,3.46574,2.99573,7,5.18217,349,355,4.41106,572,0.981913
E3-PPOPIP-p005,42.1927,383,251,RLPolicy,0,0,0.0979539,5.54518,2.99573,9,5.1944,180,188,4.77102,572,1.00928
E3-PPOPIP-p005,42.1971,233,310,RLPolicy,1,1,0.06403,0.693147,2.99573,3,5.66534,0,124,5.2911,572,1.00482
E3-PPOPIP-p005,42.2105,360,529,RLPolicy,1,0,0.0954415,4.85203,2.99573,9,5.92681,242,250,5.35984,575,1.01856
E3-PPOPIP-p005,42.2109,33,172,RLPolicy,1,1,0.0325756,2.85497,2.99573,7,5.63918,81,353,4.7839,575,0.966643
E3-PPOPIP-p005,42.2227,335,124,RLPolicy,1,1,0.105616,2.77259,2.99573,6,5.91924,121,219,5.47124,575,1.00593
E3-PPOPIP-p005,42.2356,286,292,RLPolicy,1,1,0.0765968,2.77259,2.99573,6,4.95966,123,291,4.34271,575,1.00828
E3-PPOPIP-p005,42.2357,71,23,RLPolicy,0,0,0.0384135,5.54518,2.99573,9,3.92932,225,233,3.57854,575,1.03019
E3-PPOPIP-p005,42.2393,301,449,RLPolicy,1,0,0.00872595,4.15888,2.99573,8,4.54625,98,105,4.11477,575,1.02091
E3-PPOPIP-p005,42.2397,174,428,RLPolicy,1,0,0.00679721,3.31159,2.99573,7,6.82526,218,224,6.48181,575,1.0223
E3-PPOPIP-p005,42.241,259,541,RLPolicy,1,1,0.0785868,2.77259,2.99573,6,6.67888,130,245,6.06184,575,0.993306
E3-PPOPIP-p005,42.2418,70,190,RLPolicy,1,1,0.0394519,2.07944,2.99573,5,7.12146,106,234,6.45166,575,0.99924
E3-PPOPIP-p005,42.2496,285,573,RLPolicy,1,1,0.0705845,2.61844,2.99573,6,5.78991,238,300,5.39863,575,0.994804
E3-PPOPIP-p005,42.2502,314,552,RLPolicy,1,0,0.0821885,4.85203,2.99573,9,9.98622,454,462,9.02595,575,1.0094
E3-PPOPIP-p005,42.2531,436,80,RLPolicy,1,1,0.104553,2.07944,2.99573,5,5.04978,96,226,4.56409,575,0.995419
E3-PPOPIP-p005,42.2562,338,4,RLPolicy,1,0,0.103588,4.15888,2.99573,8,4.9406,322,329,4.45903,575,0.992071
E3-PPOPIP-p005,42.2586,137,402,RLPolicy,1,0,0.0639434,4.15888,2.99573,8,5.12771,276,283,4.64871,575,1.01992
E3-PPOPIP-p005,42.2636,84,68,RLPolicy,1,1,0.0538532,2.77259,2.99573,6,6.05439,118,204,5.62574,575,0.998006
E3-PPOPIP-p005,42.2692,326,323,RLPolicy,1,0,0.0912522,3.46574,2.99573,7,4.52887,285,291,4.225,575,1.01052
E3-PPOPIP-p005,42.2748,185,576,RLPolicy,1,0,0.0689727,3.46574,2.99573,7,5.23378,282,288,4.8423,575,0.996771
E3-PPOPIP-p005,42.2918,142,69,RLPolicy,1,1,0.0640433,2.77259,2.99573,6,4.93026,166,202,4.57544,575,0.981793
E3-PPOPIP-p005,42.2956,359,466,RLPolicy,1,0,0.00800335,4.15888,2.99573,8,6.13794,407,414,5.46444,575,1.00358
E3-PPOPIP-p005,42.2992,120,281,RLPolicy,1,1,0.0442802,2.07944,2.99573,5,4.22403,19,45,4.06581,575,1.00204
E3-PPOPIP-p005,42.302,87,215,RLPolicy,1,1,0.0517569,2.95491,2.99573,6,7.31627,230,250,6.95489,575,0.983939
E3-PPOPIP-p005,42.3023,242,403,RLPolicy,1,1,0.0699841,2.77259,2.99573,6,7.0497,243,371,6.62577,575,1.00717
E3-PPOPIP-p005,42.3024,255,352,RLPolicy,1,1,0.0614165,2.07944,2.99573,5,5.12221,68,210,4.64653,575,1.00717
E3-PPOPIP-p005,42.3053,235,181,RLPolicy,1,0,0.0759785,4.85203,2.99573,9,11.8573,453,461,11.2239,575,0.993306
E3-PPOPIP-p005,42.3133,100,31,RLPolicy,1,1,0.0546455,2.07944,2.99573,5,6.02754,62,177,5.64986,575,0.976478
E3-PPOPIP-p005,42.3137,165,377,RLPolicy,1,1,0.0536621,2.07944,2.99573,5,5.52224,32,170,5.1464,575,0.984143
E3-PPOPIP-p005,42.3206,178,284,RLPolicy,1,0,0.062001,3.46574,2.99573,7,5.62941,239,245,5.3056,575,1.01637
E3-PPOPIP-p005,42.3214,261,588,RLPolicy,1,1,0.0869468,2.77259,2.99573,6,5.00778,206,224,4.67056,575,0.997887
E3-PPOPIP-p005,42.3245,23,100,RLPolicy,1,1,0.0406467,2.54959,2.99573,7,5.27199,84,429,4.40416,575,0.986031
E3-PPOPIP-p005,42.3289,77,170,RLPolicy,1,1,0.0500956,2.77259,2.99573,6,5.06574,201,210,4.65028,575,0.985377
E3-PPOPIP-p005,42.3293,420,254,RLPolicy,1,1,0.100919,0.693147,2.99573,3,5.21992,0,61,4.97605,575,0.988487
E3-PPOPIP-p005,42.3298,386,274,RLPolicy,1,0,0.0990348,3.46574,2.99573,7,5.71459,298,304,5.04729,575,1.00705
E3-PPOPIP-p005,42.3391,272,528,RLPolicy,1,1,0.0656904,2.61844,2.99573,6,4.99862,91,344,4.48575,575,0.988298
E3-PPOPIP-p005,42.3412,79,293,RLPolicy,1,1,0.0415663,2.77259,2.99573,6,4.24139,188,202,3.98776,575,0.985377
E3-PPOPIP-p005,42.3419,32,461,RLPolicy,1,1,0.0310245,1.77406,2.99573,5,4.80544,55,271,4.39754,575,0.976749
E3-PPOPIP-p005,42.3422,291,390,RLPolicy,1,1,0.0764243,2.77259,2.99573,6,4.89312,101,411,4.31843,575,0.98514
E3-PPOPIP-p005,42.3441,37,57,RLPolicy,1,0,0.0446955,3.8535,2.99573,8,3.81791,241,248,3.52799,575,0.999362
E3-PPOPIP-p005,42.3551,189,29,RLPolicy,1,1,0.0634311,2.77259,2.99573,6,5.36869,154,258,4.97607,575,1.01298
E3-PPOPIP-p005,42.3644,187,288,RLPolicy,1,1,0.0741376,2.77259,2.99573,6,5.25427,226,285,4.79398,575,1.00182
E3-PPOPIP-p005,42.3696,140,407,RLPolicy,1,1,0.0515045,2.77259,2.99573,6,5.08143,207,228,4.50142,575,0.995656
E3-PPOPIP-p005,42.3839,356,468,RLPolicy,1,1,0.0897068,2.77259,2.99573,6,7.6706,309,317,7.01071,575,0.989721
E3-PPOPIP-p005,42.3992,424,129,RLPolicy,1,1,0.103626,2.07944,2.99573,5,5.85836,60,214,5.24305,575,0.995419
E3-PPOPIP-p005,42.4018,288,495,RLPolicy,1,0,0.0976504,4.85203,2.99573,9,5.77739,266,274,5.25222,576,0.993306
E3-PPOPIP-p005,42.4023,146,125,RLPolicy,1,1,0.0633812,2.77259,2.99573,6,4.95627,56,142,4.59156,576,1.02215
E3-PPOPIP-p005,42.4122,241,80,RLPolicy,0,0,0.0736541,5.54518,2.99573,9,5.80272,397,405,5.23837,576,1.00482
E3-PPOPIP-p005,42.4188,112,463,RLPolicy,1,1,0.0444006,2.07944,2.99573,5,6.57721,43,279,5.96058,576,0.950294
E3-PPOPIP-p005,42.4192,337,30,RLPolicy,1,1,0.0858776,1.38629,2.99573,4,3.75875,0,48,3.51522,576,0.986256
E3-PPOPIP-p005,42.42,121,566,RLPolicy,1,0,0.00968977,4.85203,2.99573,9,4.10232,347,355,3.75715,576,1.02215
E3-PPOPIP-p005,42.4223,171,404,RLPolicy,1,0,0.0719771,3.46574,2.99573,7,7.01632,340,346,6.36061,576,1.00494
E3-PPOPIP-p005,42.4275,353,517,RLPolicy,1,0,0.00725643,3.46574,2.99573,7,3.73185,140,146,3.48963,576,1.00235
E3-PPOPIP-p005,42.4278,422,246,RLPolicy,1,1,0.006679,2.77259,2.99573,6,4.23055,73,94,3.97517,576,0.998884
E3-PPOPIP-p005,42.4309,108,251,RLPolicy,1,1,0.0549158,2.07944,2.99573,5,6.4297,56,173,6.03095,576,0.983027
E3-PPOPIP-p005,42.4329,214,320,RLPolicy,1,0,0.0707052,3.46574,2.99573,7,4.96153,131,137,4.67442,576,1.00494
E3-PPOPIP-p005,42.4446,387,325,RLPolicy,0,0,0.108672,5.39103,2.99573,9,6.66096,258,266,6.24828,576,0.993877
E3-PPOPIP-p005,42.4532,28,352,RLPolicy,1,1,0.031772,1.77406,2.99573,5,4.60716,2,187,4.27266,576,0.964345
E3-PPOPIP-p005,42.4551,256,339,RLPolicy,1,0,0.0828882,4.15888,2.99573,8,3.8232,178,185,3.56583,576,1.0198
E3-PPOPIP-p005,42.4579,184,577,RLPolicy,1,0,0.0564447,4.85203,2.99573,9,5.56613,260,268,5.17509,576,0.99993
E3-PPOPIP-p005,42.4647,441,188,RLPolicy,0,0,0.11259,5.54518,2.99573,9,5.35345,342,350,4.65015,576,1
E3-PPOPIP-p005,42.4648,303,103,RLPolicy,1,0,0.0877649,3.46574,2.99573,7,4.7438,163,169,4.4336,576,1.02091
E3-PPOPIP-p005,42.4663,72,153,RLPolicy,1,0,0.0382236,4.15888,2.99573,8,4.0116,158,165,3.76811,576,1.0188
E3-PPOPIP-p005,42.4724,258,61,RLPolicy,1,0,0.0758614,4.15888,2.99573,8,4.73741,358,365,4.41916,576,0.996771
E3-PPOPIP-p005,42.4732,133,508,RLPolicy,1,0,0.0607664,3.46574,2.99573,7,5.06963,346,352,4.75873,576,0.989959
E3-PPOPIP-p005,42.4806,85,309,RLPolicy,1,0,0.0085102,4.15888,2.99573,8,5.42369,321,328,4.92333,576,1.01645
E3-PPOPIP-p005,42.4809,18,412,RLPolicy,1,1,0.0412495,2.85205,2.99573,7,5.42407,308,314,4.95272,576,0.975005
E3-PPOPIP-p005,42.4812,395,448,RLPolicy,1,1,0.104107,2.77259,2.99573,6,4.90543,289,343,4.54673,576,0.998884
E3-PPOPIP-p005,42.5032,212,406,RLPolicy,1,1,0.0760476,2.77259,2.99573,6,4.17072,273,297,3.91117,576,1.00486
E3-PPOPIP-p005,42.5044,6,243,RLPolicy,0,0,0.00982448,5.2398,2.99573,9,5.55587,475,483,5.07062,576,0.981061
E3-PPOPIP-p005,42.5086,341,430,RLPolicy,1,0,0.0918346,4.15888,2.99573,8,4.54092,110,117,4.24938,576,1.00358
E3-PPOPIP-p005,42.5096,149,351,RLPolicy,1,1,0.0476773,2.61844,2.99573,6,6.04766,155,367,5.40116,576,0.973395
E3-PPOPIP-p005,42.5096,106,231,RLPolicy,1,1,0.0479865,2.77259,2.99573,6,5.89259,135,292,5.50694,576,0.984143
E3-PPOPIP-p005,42.5148,78,248,RLPolicy,1,0,0.0472378,3.46574,2.99573,7,4.57909,323,329,4.24406,576,1.01175
E3-PPOPIP-p005,42.5169,127,15,RLPolicy,1,1,0.0473116,2.07944,2.99573,5,4.99639,38,203,4.63397,576,0.974861
E3-PPOPIP-p005,42.5273,290,48,RLPolicy,1,0,0.084998,3.46574,2.99573,7,5.35355,334,340,4.87783,576,1.00828
E3-PPOPIP-p005,42.5296,369,136,RLPolicy,1,0,0.00993459,4.85203,2.99573,9,5.16074,215,223,4.66682,576,1.01856
E3-PPOPIP-p005,42.5313,124,546,RLPolicy,1,1,0.0541332,2.07944,2.99573,5,4.74626,82,197,4.36457,576,0.984143
E3-PPOPIP-p005,42.5389,402,188,RLPolicy,1,1,0.106477,2.77259,2.99573,6,4.72462,127,136,4.49427,576,0.997769
E3-PPOPIP-p005,42.5552,237,397,RLPolicy,1,1,0.0655558,0.693147,2.99573,3,6.43335,0,96,6.0836,576,0.972511
E3-PPOPIP-p005,42.5645,448,108,RLPolicy,1,0,0.00768908,3.46574,2.99573,7,4.89558,279,285,4.39602,576,1.00235
E3-PPOPIP-p005,42.5773,176,2,RLPolicy,1,0,0.0609808,4.69788,2.99573,9,5.3376,354,362,4.85486,576,1.00335
E3-PPOPIP-p005,42.5774,361,549,RLPolicy,1,1,0.101989,2.77259,2.99573,6,5.12922,176,279,4.56394,576,0.989721
E3-PPOPIP-p005,42.5787,331,410,RLPolicy,1,1,0.105123,2.77259,2.99573,6,4.83639,130,143,4.48923,576,1.00705
E3-PPOPIP-p005,42.5813,245,557,RLPolicy,1,1,0.071546,2.77259,2.99573,6,5.91691,79,226,5.39202,576,0.99219
E3-PPOPIP-p005,42.6005,119,161,RLPolicy,1,1,0.0604914,2.77259,2.99573,6,7.23542,110,341,6.78284,576,0.997802
E3-PPOPIP-p005,42.6015,358,288,RLPolicy,1,1,0.0916646,2.07944,2.99573,5,5.00982,26,259,4.46186,576,0.999003
E3-PPOPIP-p005,42.602,47,433,RLPolicy,1,0,0.0179598,3.46574,2.99573,7,6.57853,360,366,6.18141,576,0.979682
E3-PPOPIP-p005,42.6026,13,541,RLPolicy,1,1,0.0349624,2.77259,2.99573,6,4.92057,62,286,4.46606,576,0.973532
E3-PPOPIP-p005,42.6047,316,266,RLPolicy,1,1,0.0776214,2.07944,2.99573,5,8.02074,73,308,7.53511,576,0.999003
E3-PPOPIP-p005,42.6093,145,82,RLPolicy,1,1,0.0639049,2.77259,2.99573,6,5.26318,273,293,5.02742,576,1.02685
E3-PPOPIP-p005,42.6113,321,342,RLPolicy,1,1,0.105418,2.61844,2.99573,6,3.86831,206,223,3.57332,576,1.00405
E3-PPOPIP-p005,42.6178,344,132,RLPolicy,1,0,0.00927955,4.15888,2.99573,8,4.3387,188,195,4.03234,576,1.02091
E3-PPOPIP-p005,42.6184,306,122,RLPolicy,1,0,0.103061,3.46574,2.99573,7,6.25499,321,327,5.83072,576,0.994421
E3-PPOPIP-p005,42.6235,455,202,RLPolicy,1,0,0.114318,4.15888,2.99573,8,5.16072,108,115,4.76591,576,1.00582
E3-PPOPIP-p005,42.6252,364,463,RLPolicy,1,0,0.117809,4.15888,2.99573,8,5.69399,335,342,5.21021,576,0.996653
E3-PPOPIP-p005,42.635,147,544,RLPolicy,1,0,0.0668923,4.00473,2.99573,8,9.65107,363,370,8.82402,576,0.998043
E3-PPOPIP-p005,42.6362,163,355,RLPolicy,1,1,0.0534412,2.07944,2.99573,5,6.61328,41,177,6.12192,576,1.00147
E3-PPOPIP-p005,42.6521,90,435,RLPolicy,1,1,0.043538,0.693147,2.99573,3,8.09908,0,52,7.8253,576,1.00494
E3-PPOPIP-p005,42.6569,350,355,RLPolicy,1,1,0.0849645,2.07944,2.99573,5,5.62065,26,219,5.03396,576,1.01287
E3-PPOPIP-p005,42.6583,406,123,RLPolicy,1,1,0.112828,2.77259,2.99573,6,6.17914,229,249,5.67041,576,0.997769
E3-PPOPIP-p005,42.6636,287,202,RLPolicy,1,0,0.0876062,4.85203,2.99573,9,5.45719,356,364,4.6726,576,1.01155
E3-PPOPIP-p005,42.6672,273,521,RLPolicy,1,1,0.090021,1.92529,2.99573,5,6.28456,31,296,5.52427,576,0.982138
E3-PPOPIP-p005,42.6769,418,588,RLPolicy,1,1,0.102379,2.77259,2.99573,6,6.65184,136,296,6.14856,576,1.00123
E3-PPOPIP-p005,42.6791,382,141,RLPolicy,1,0,0.106941,4.15888,2.99573,8,7.95508,445,452,7.10806,576,1.01745
E3-PPOPIP-p005,42.6839,410,254,RLPolicy,1,0,0.00690336,3.46574,2.99573,7,4.48109,258,264,4.03986,576,1.0047
E3-PPOPIP-p005,42.6945,141,485,RLPolicy,1,0,0.0610386,4.15888,2.99573,8,5.16845,415,422,4.43297,576,1.02685
E3-PPOPIP-p005,42.6959,192,407,RLPolicy,1,0,0.0662624,4.15888,2.99573,8,4.80418,241,248,4.41712,576,1.01175
E3-PPOPIP-p005,42.6982,268,257,RLPolicy,1,1,0.0732728,2.07944,2.99573,5,6.66134,63,181,6.22686,576,0.986374
E3-PPOPIP-p005,42.7006,202,143,RLPolicy,1,0,0.0540924,3.64806,2.99573,7,4.93392,128,134,4.6174,576,1.00238
E3-PPOPIP-p005,42.7033,193,170,RLPolicy,1,0,0.0731523,4.85203,2.99573,9,5.26213,483,491,4.58275,576,1.01757
E3-PPOPIP-p005,42.7076,15,114,RLPolicy,0,0,0.00969342,4.76719,2.99573,9,6.97577,392,400,6.08449,576,1.00582
E3-PPOPIP-p005,42.71,36,41,RLPolicy,1,1,0.00760846,2.85497,2.99573,7,4.4502,246,270,3.96232,576,1.01475
E3-PPOPIP-p005,42.712,332,408,RLPolicy,1,1,0.0800457,1.38629,2.99573,4,3.76746,0,169,3.47083,576,1.00593
E3-PPOPIP-p005,42.7134,247,296,RLPolicy,1,1,0.085125,2.77259,2.99573,6,5.37324,262,281,4.88333,576,1.00024
E3-PPOPIP-p005,42.7237,260,163,RLPolicy,1,1,0.0806383,2.77259,2.99573,6,5.67208,195,208,5.38298,576,0.990956
E3-PPOPIP-p005,42.7285,444,263,RLPolicy,1,0,0.110783,4.00473,2.99573,8,10.4781,447,454,9.75936,576,1.00505
E3-PPOPIP-p005,42.7314,135,346,RLPolicy,1,0,0.0605527,3.46574,2.99573,7,5.01239,292,298,4.36303,576,0.983027
E3-PPOPIP-p005,42.7325,318,277,RLPolicy,0,0,0.0860995,0.693147,2.99573,2,5.41696,0,1,5.32498,576,1
E3-PPOPIP-p005,42.7367,327,86,RLPolicy,1,0,0.092856,4.15888,2.99573,8,6.44483,340,347,5.8693,576,1.00828
E3-PPOPIP-p005,42.737,253,426,RLPolicy,0,0,0.0751195,5.54518,2.99573,9,7.4873,274,282,6.87106,576,0.986374
E3-PPOPIP-p005,42.7389,229,81,RLPolicy,0,0,0.0779762,5.54518,2.99573,9,5.97438,405,413,5.33048,576,1.0198
E3-PPOPIP-p005,42.7418,251,469,RLPolicy,1,1,0.0791423,2.77259,2.99573,6,5.75991,153,276,5.26223,576,0.987183
E3-PPOPIP-p005,42.7426,156,568,RLPolicy,1,1,0.052635,2.77259,2.99573,6,7.11774,67,355,6.23198,576,0.984143
E3-PPOPIP-p005,42.7626,277,318,RLPolicy,0,0,0.0751208,0.693147,2.99573,2,5.75856,0,1,5.4454,576,1
E3-PPOPIP-p005,42.7677,248,575,RLPolicy,1,1,0.0750765,2.77259,2.99573,6,5.9749,163,218,5.59893,576,0.980251
E3-PPOPIP-p005,42.7705,310,11,RLPolicy,0,0,0.0838982,5.57335,2.99573,9,7.22466,273,281,6.70427,576,0.997769
E3-PPOPIP-p005,42.7735,408,344,RLPolicy,0,0,0.117178,5.54518,2.99573,9,5.5648,364,372,4.9836,576,0.998884
E3-PPOPIP-p005,42.7751,138,4,RLPolicy,1,1,0.062779,2.77259,2.99573,6,5.78675,143,150,5.50266,576,1.00494
E3-PPOPIP-p005,42.7786,51,493,RLPolicy,1,0,0.00967274,4.85203,2.99573,9,5.52317,267,275,4.91507,576,1.03501
E3-PPOPIP-p005,42.7823,88,305,RLPolicy,1,1,0.0511413,2.77259,2.99573,6,4.84057,294,304,4.53562,576,1.0339
E3-PPOPIP-p005,42.7841,153,321,RLPolicy,1,1,0.0656276,1.8563,2.99573,5,8.67307,0,166,8.03899,576,0.994271
E3-PPOPIP-p005,42.7907,99,457,RLPolicy,1,0,0.0482189,3.46574,2.99573,7,6.92034,310,316,6.32082,576,0.989959
E3-PPOPIP-p005,42.7911,232,270,RLPolicy,1,1,0.0589427,2.77259,2.99573,6,6.01318,137,267,5.54164,576,0.977901
E3-PPOPIP-p005,42.7922,375,552,RLPolicy,1,1,0.0893635,0.693147,2.99573,3,5.00781,0,146,4.72274,576,0.987371
E3-PPOPIP-p005,42.7944,454,300,RLPolicy,0,0,0.116647,5.54518,2.99573,9,5.17825,146,154,4.82729,576,1
E3-PPOPIP-p005,42.8035,168,326,RLPolicy,1,1,0.0670541,2.77259,2.99573,6,5.81867,169,323,5.26229,576,0.989959
E3-PPOPIP-p005,42.8131,14,477,RLPolicy,1,0,0.0345015,3.16035,2.99573,7,5.40419,273,279,4.84551,576,1.02638
E3-PPOPIP-p005,42.8147,355,159,RLPolicy,1,0,0.0951422,4.00473,2.99573,8,4.38291,328,335,3.97272,576,0.997461
E3-PPOPIP-p005,42.8149,16,31,RLPolicy,1,1,0.0308576,2.16183,2.99573,6,5.90312,14,322,5.07382,576,0.970932
E3-PPOPIP-p005,42.8287,9,5,RLPolicy,1,0,0.0402988,3.54812,2.99573,8,6.17326,259,266,5.61051,576,0.985617
E3-PPOPIP-p005,42.8317,132,1,RLPolicy,1,1,0.0604625,2.77259,2.99573,6,4.71381,138,165,4.36343,576,0.99454
E3-PPOPIP-p005,42.8325,160,427,RLPolicy,0,0,0.059845,5.54518,2.99573,9,5.85954,201,209,5.50352,576,1.01745
E3-PPOPIP-p005,42.8381,130,306,RLPolicy,1,0,0.0397058,3.46574,2.99573,7,5.22767,70,76,5.06337,576,1.03155
E3-PPOPIP-p005,42.8439,26,266,RLPolicy,1,0,0.0265398,3.54812,2.99573,8,4.45747,377,384,3.90913,576,1.01257
E3-PPOPIP-p005,42.8567,197,173,RLPolicy,1,1,0.0753268,2.77259,2.99573,6,4.70881,113,218,4.27705,576,0.993102
E3-PPOPIP-p005,42.8608,173,208,RLPolicy,1,1,0.0564515,2.77259,2.99573,6,6.39984,175,213,5.89907,576,0.992573
E3-PPOPIP-p005,42.861,297,206,RLPolicy,1,1,0.0720326,2.07944,2.99573,5,5.33191,43,178,4.7908,576,1.0037
E3-PPOPIP-p005,42.8702,252,86,RLPolicy,0,0,0.0713991,5.54518,2.99573,9,6.64481,287,295,5.92865,576,1.00828
E3-PPOPIP-p005,42.8771,263,540,RLPolicy,1,0,0.0815596,3.46574,2.99573,7,4.83062,338,344,4.51432,576,1.01175
E3-PPOPIP-p005,42.8775,352,234,RLPolicy,0,0,0.0107367,5.54518,2.99573,9,3.88373,484,492,3.66191,2,0.997769
E3-PPOPIP-p005,42.8776,62,10,RLPolicy,1,1,0.046776,2.07944,2.99573,5,6.26541,93,220,5.61741,576,0.976096
E3-PPOPIP-p005,42.8782,312,238,RLPolicy,1,0,0.10409,4.85203,2.99573,9,5.68358,166,174,5.2082,576,0.997116
E3-PPOPIP-p005,42.8788,329,427,RLPolicy,1,1,0.105329,2.77259,2.99573,6,4.76825,182,201,4.56651,576,1.01633
E3-PPOPIP-p005,42.8805,368,469,RLPolicy,1,1,0.0896343,2.77259,2.99573,6,5.44721,92,336,4.81773,576,1.01745
E3-PPOPIP-p005,42.8808,144,26,RLPolicy,0,0,0.0634507,5.7275,2.99573,9,4.73615,280,288,4.23456,576,1.03031
E3-PPOPIP-p005,42.8852,217,179,RLPolicy,1,1,0.0561159,2.61844,2.99573,6,5.62237,81,355,4.85162,576,0.98722
E3-PPOPIP-p005,42.8936,126,32,RLPolicy,1,1,0.0489529,2.07944,2.99573,5,5.66373,40,318,5.17711,576,0.992309
E3-PPOPIP-p005,42.8989,209,521,RLPolicy,1,1,0.0619241,0.693147,2.99573,3,3.9075,0,16,3.7953,576,0.983906
E3-PPOPIP-p005,42.9008,265,72,RLPolicy,1,0,0.0704622,3.46574,2.99573,7,4.2457,194,200,3.96348,578,1.0037
E3-PPOPIP-p005,42.9038,155,366,RLPolicy,1,1,0.0642142,1.92529,2.99573,5,5.20033,77,233,4.76008,578,0.998351
E3-PPOPIP-p005,42.9097,80,77,RLPolicy,1,0,0.0507602,3.46574,2.99573,7,4.77265,289,295,4.43802,578,1.00494
E3-PPOPIP-p005,42.9114,143,42,RLPolicy,1,1,0.00604448,2.77259,2.99573,6,6.12017,143,161,5.79176,578,1.03469
E3-PPOPIP-p005,42.9283,276,429,RLPolicy,1,0,0.0829344,3.46574,2.99573,7,4.7102,283,289,4.35014,578,0.994421
E3-PPOPIP-p005,42.9414,433,359,RLPolicy,1,1,0.117059,2.77259,2.99573,6,6.09461,186,396,5.45789,578,0.998884
E3-PPOPIP-p005,42.9478,161,206,RLPolicy,1,1,0.0413487,1.41447,2.99573,4,10.0454,0,134,9.59434,578,0.967375
E3-PPOPIP-p005,42.9601,363,474,RLPolicy,1,1,0.0935853,2.77259,2.99573,6,3.85194,55,62,3.67116,578,1.00358
E3-PPOPIP-p005,42.9648,205,453,RLPolicy,1,0,0.00689061,3.46574,2.99573,7,4.82166,267,273,4.3291,578,1.01187
E3-PPOPIP-p005,42.9654,40,513,RLPolicy,1,0,0.0348899,3.16035,2.99573,7,6.88106,191,197,6.40713,578,0.980507
E3-PPOPIP-p005,42.9679,56,576,RLPolicy,1,0,0.0394792,3.46574,2.99573,7,5.55872,291,297,5.10614,578,0.998829
E3-PPOPIP-p005,42.9684,96,327,RLPolicy,1,1,0.055523,2.77259,2.99573,6,6.14711,283,305,5.67182,578,0.991074
E3-PPOPIP-p005,42.9707,302,267,RLPolicy,1,1,0.0924645,2.77259,2.99573,6,6.10887,210,218,5.75847,578,0.994421
E3-PPOPIP-p005,42.9821,370,243,RLPolicy,0,0,0.0095638,5.7275,2.99573,9,5.61232,521,529,5.20419,2,0.997769
E3-PPOPIP-p005,42.9825,151,258,RLPolicy,1,1,0.0494881,1.77114,2.99573,5,5.36799,72,266,4.80812,578,0.969197
E3-PPOPIP-p005,42.985,206,370,RLPolicy,1,0,0.0784395,3.46574,2.99573,7,4.41857,124,140,4.10143,578,1.00494
E3-PPOPIP-p005,42.9978,428,544,RLPolicy,1,1,0.110138,2.77259,2.99573,6,4.60324,77,98,4.3572,578,1.00123
E3-PPOPIP-p005,43.0062,442,477,RLPolicy,1,1,0.111774,2.77259,2.99573,6,9.55367,127,270,8.83758,578,0.998884
E3-PPOPIP-p005,43.0111,322,423,RLPolicy,1,1,0.0850671,2.77259,2.99573,6,7.59484,138,168,7.20671,578,0.997887
E3-PPOPIP-p005,43.0271,425,301,RLPolicy,0,0,0.10593,5.39103,2.99573,9,5.58409,228,236,5.1238,578,1.0035
E3-PPOPIP-p005,43.0274,110,262,RLPolicy,1,0,0.0507328,3.46574,2.99573,7,5.56319,151,157,5.186,578,1.02932
E3-PPOPIP-p005,43.029,411,556,RLPolicy,0,0,0.116004,5.54518,2.99573,9,4.45528,215,223,3.91011,578,1.00582
E3-PPOPIP-p005,43.0415,323,337,RLPolicy,1,1,0.0856871,2.07944,2.99573,5,6.79938,57,138,6.25116,578,0.991867
E3-PPOPIP-p005,43.0461,201,226,RLPolicy,1,1,0.0561074,2.77259,2.99573,6,5.37816,246,295,5.06154,578,0.984526
E3-PPOPIP-p005,43.0479,283,384,RLPolicy,1,0,0.0855925,4.15888,2.99573,8,3.92754,349,356,3.50384,578,1.02796
E3-PPOPIP-p005,43.0514,280,228,RLPolicy,0,0,0.0653464,0.693147,2.99573,2,4.43772,0,1,4.34522,578,0.997769
E3-PPOPIP-p005,43.0538,449,148,RLPolicy,1,0,0.0102989,4.85203,2.99573,9,5.58271,357,365,4.89272,578,1.00928
E3-PPOPIP-p005,43.0541,123,417,RLPolicy,1,0,0.0582033,3.46574,2.99573,7,6.77569,133,139,6.3861,578,1.0292
E3-PPOPIP-p005,43.0587,20,77,RLPolicy,1,1,0.0362175,1.08091,2.99573,4,5.78062,0,197,5.29817,578,0.97716
E3-PPOPIP-p005,43.06,3,15,RLPolicy,1,1,0.0118842,2.8419,2.99573,7,6.66866,294,313,6.10173,578,1.01092
E3-PPOPIP-p005,43.0602,19,15,RLPolicy,1,1,0.0414464,2.93736,2.99573,8,5.63202,455,467,5.01452,578,1.00142
E3-PPOPIP-p005,43.0676,367,28,RLPolicy,1,1,0.0882248,1.38629,2.99573,4,4.89842,0,213,4.54282,578,0.993187
E3-PPOPIP-p005,43.0788,307,377,RLPolicy,1,1,0.0826234,2.07944,2.99573,5,7.14457,92,249,6.57649,578,0.980558
E3-PPOPIP-p005,43.0827,210,353,RLPolicy,0,0,0.0764499,5.39103,2.99573,9,4.53882,196,204,4.14989,578,1.01055
E3-PPOPIP-p005,43.083,128,185,RLPolicy,1,1,0.0575155,2.77259,2.99573,6,5.10925,153,343,4.63006,578,0.978327
E3-PPOPIP-p005,43.0867,177,377,RLPolicy,1,1,0.0592004,2.07944,2.99573,5,6.14014,92,249,5.54931,578,0.976441
E3-PPOPIP-p005,43.0895,45,117,RLPolicy,1,0,0.0345849,3.8535,2.99573,8,4.5993,176,183,4.252,578,1.01204
E3-PPOPIP-p005,43.092,377,419,RLPolicy,1,0,0.0966809,3.46574,2.99573,7,5.51862,338,344,5.07106,578,1.00358
E3-PPOPIP-p005,43.093,267,12,RLPolicy,1,0,0.0799197,3.46574,2.99573,7,5.11623,343,349,4.70031,578,0.996771
E3-PPOPIP-p005,43.0988,432,520,RLPolicy,1,1,0.102262,2.77259,2.99573,6,6.06276,93,237,4.93894,578,0.998884
E3-PPOPIP-p005,43.0993,46,352,RLPolicy,1,0,0.0402701,3.07552,2.99573,8,5.87767,414,421,5.43194,578,1.00725
E3-PPOPIP-p005,43.0997,228,280,RLPolicy,0,0,0.0672762,0.693147,2.99573,2,3.75636,0,1,3.70787,578,1.00235
E3-PPOPIP-p005,43.1092,300,394,RLPolicy,1,1,0.0794872,2.07944,2.99573,5,4.70084,90,204,4.24247,579,1.01175
E3-PPOPIP-p005,43.1136,43,206,RLPolicy,1,1,0.00562272,2.77259,2.99573,6,6.87357,199,217,6.46749,579,0.947083
E3-PPOPIP-p005,43.1147,446,502,RLPolicy,1,1,0.117847,1.92529,2.99573,5,5.80626,9,274,5.19895,579,0.994648
E3-PPOPIP-p005,43.1171,196,206,RLPolicy,1,0,0.0556621,3.46574,2.99573,7,4.32711,216,222,4.07705,579,0.996771
E3-PPOPIP-p005,43.1238,102,361,RLPolicy,1,1,0.055254,2.07944,2.99573,5,7.53218,77,220,6.94677,579,0.95513
E3-PPOPIP-p005,43.1243,254,240,RLPolicy,1,1,0.0748144,2.07944,2.99573,5,4.88963,53,186,4.63367,579,0.999121
E3-PPOPIP-p005,43.1245,346,525,RLPolicy,0,0,0.094432,5.54518,2.99573,9,3.24668,218,226,3.04686,579,0.994303
E3-PPOPIP-p005,43.1347,343,176,RLPolicy,1,1,0.113326,2.77259,2.99573,6,4.90683,183,201,4.63212,579,0.992071
E3-PPOPIP-p005,43.1394,12,306,RLPolicy,1,1,0.0381577,2.54959,2.99573,7,5.09013,254,370,4.70231,579,0.940443
E3-PPOPIP-p005,43.1401,308,542,RLPolicy,1,0,0.0900558,3.31159,2.99573,7,5.13868,251,257,4.77621,579,0.99827
E3-PPOPIP-p005,43.1404,158,3,RLPolicy,1,0,0.0609247,3.46574,2.99573,7,4.48636,221,227,4.14723,579,1.0141
E3-PPOPIP-p005,43.1406,328,21,RLPolicy,1,1,0.0809731,1.63315,2.99573,5,5.75191,18,135,5.3902,579,0.982493
E3-PPOPIP-p005,43.141,430,206,RLPolicy,1,1,0.117259,2.07944,2.99573,5,4.77607,51,103,4.57467,579,0.994303
E3-PPOPIP-p005,43.1454,63,54,RLPolicy,1,0,0.0084994,4.15888,2.99573,8,4.74933,429,436,4.37486,579,1.0235
E3-PPOPIP-p005,43.1482,234,132,RLPolicy,1,0,0.0856583,3.46574,2.99573,7,6.3114,277,283,5.9009,579,1.00135
E3-PPOPIP-p005,43.1508,81,450,RLPolicy,1,0,0.0369014,3.46574,2.99573,7,4.91005,263,269,4.54179,579,0.993424
E3-PPOPIP-p005,43.1525,392,150,RLPolicy,1,1,0.0949337,2.77259,2.99573,6,7.90699,276,313,7.56137,579,0.993187
E3-PPOPIP-p005,43.1539,409,452,RLPolicy,0,0,0.00237381,1.38629,2.99573,3,3.9573,1,3,3.89168,579,1.00582
E3-PPOPIP-p005,43.1549,438,579,RLPolicy,1,0,0.117127,4.15888,2.99573,8,4.48964,151,158,3.94333,579,1.00582
E3-PPOPIP-p005,43.1582,250,276,RLPolicy,1,0,0.075224,3.46574,2.99573,7,5.42937,344,350,4.94442,579,1.03489
E3-PPOPIP-p005,43.1626,25,255,RLPolicy,1,1,0.0423251,2.32659,2.99573,8,5.20168,55,451,4.74176,579,0.971583
E3-PPOPIP-p005,43.1632,282,36,RLPolicy,1,1,0.0937803,2.77259,2.99573,6,4.80959,260,286,4.48409,579,1.0037
E3-PPOPIP-p005,43.1672,225,87,RLPolicy,1,1,0.0702422,1.38629,2.99573,4,4.57317,0,95,4.35971,579,0.987609
E3-PPOPIP-p005,43.1722,105,75,RLPolicy,1,1,0.0569443,2.77259,2.99573,6,6.83788,52,299,6.4394,579,0.992309
E3-PPOPIP-p005,43.1745,415,485,RLPolicy,1,1,0.102211,2.77259,2.99573,6,4.79451,45,344,4.40369,579,0.994303
E3-PPOPIP-p005,43.1896,378,343,RLPolicy,1,1,0.0958893,2.77259,2.99573,6,7.19778,60,352,6.70359,579,1.00358
E3-PPOPIP-p005,43.1961,109,372,RLPolicy,1,1,0.0550731,2.77259,2.99573,6,6.63114,255,289,6.12487,579,0.99454
E3-PPOPIP-p005,43.1986,167,306,RLPolicy,1,0,0.0590449,3.46574,2.99573,7,6.717,404,410,6.22163,579,0.981793
E3-PPOPIP-p005,43.2013,238,494,RLPolicy,0,0,0.0692332,5.54518,2.99573,9,4.81195,201,209,4.46351,579,1.00817
E3-PPOPIP-p005,43.2047,397,501,RLPolicy,1,1,0.119536,2.77259,2.99573,6,5.30679,252,285,4.65581,579,0.996653
E3-PPOPIP-p005,43.2053,76,154,RLPolicy,1,1,0.051126,2.77259,2.99573,6,5.94884,224,242,5.54811,579,0.987609
E3-PPOPIP-p005,43.207,305,428,RLPolicy,1,0,0.0958394,3.46574,2.99573,7,6.1209,149,155,5.69144,579,1.00593
E3-PPOPIP-p005,43.2107,115,146,RLPolicy,1,0,0.0574813,4.15888,2.99573,8,6.65802,368,375,5.93809,579,1.00147
E3-PPOPIP-p005,43.2259,54,80,RLPolicy,1,0,0.0335845,4.3412,2.99573,8,5.90464,140,147,5.57438,579,1.02582
E3-PPOPIP-p005,43.231,275,187,RLPolicy,0,0,0.0886927,5.54518,2.99573,9,4.50679,515,523,4.24041,2,0.991683
E3-PPOPIP-p005,43.2311,342,30,RLPolicy,1,1,0.0861119,2.07944,2.99573,5,5.09632,30,312,4.58865,579,0.98514
E3-PPOPIP-p005,43.2315,38,75,RLPolicy,1,1,0.0421116,2.07944,2.99573,5,5.68565,104,231,5.1196,579,0.980214
E3-PPOPIP-p005,43.237,66,114,RLPolicy,1,1,0.0491257,2.07944,2.99573,5,8.44516,58,219,7.87213,579,0.994853
E3-PPOPIP-p005,43.242,50,347,RLPolicy,1,1,0.0497465,1.38629,2.99573,4,6.90118,0,240,6.34138,579,0.992309
E3-PPOPIP-p005,43.2423,52,140,RLPolicy,1,1,0.0437914,2.07944,2.99573,5,6.60491,72,164,6.1015,579,0.947254
E3-PPOPIP-p005,43.2543,293,486,RLPolicy,1,1,0.0852201,2.77259,2.99573,6,5.14418,212,235,4.79424,579,1.0037
E3-PPOPIP-p005,43.2603,180,376,RLPolicy,1,0,0.0721909,4.85203,2.99573,9,6.03907,353,361,5.30945,579,0.996464
E3-PPOPIP-p005,43.2636,39,528,RLPolicy,1,0,0.0452242,3.8535,2.99573,8,5.24708,183,190,4.85707,579,0.98397
E3-PPOPIP-p005,43.2664,347,290,RLPolicy,1,0,0.00923276,4.00473,2.99573,8,6.88074,378,385,6.32457,579,1.00516
E3-PPOPIP-p005,43.2725,95,200,RLPolicy,1,1,0.0558577,2.77259,2.99573,6,5.38014,302,349,4.9202,579,0.984143
E3-PPOPIP-p005,43.2759,348,314,RLPolicy,1,0,0.0873417,3.46574,2.99573,7,5.0831,295,301,4.53901,579,0.995537
E3-PPOPIP-p005,43.2763,281,421,RLPolicy,1,1,0.00560559,2.77259,2.99573,6,4.68285,82,125,4.32959,579,0.98984
E3-PPOPIP-p005,43.28,226,139,RLPolicy,1,0,0.0699822,4.85203,2.99573,9,4.91949,340,348,4.2859,579,1.01063
E3-PPOPIP-p005,43.2872,59,377,RLPolicy,1,1,0.0451323,1.38629,2.99573,4,6.24509,0,168,5.76798,579,0.965698
E3-PPOPIP-p005,43.2882,162,360,RLPolicy,1,1,0.0529259,2.07944,2.99573,5,7.60116,17,78,7.19364,579,1.01522
E3-PPOPIP-p005,43.2982,380,517,RLPolicy,1,1,0.0979852,2.77259,2.99573,6,5.2373,115,151,4.78958,579,1.00705
E3-PPOPIP-p005,43.3034,339,162,RLPolicy,1,0,0.0882085,3.46574,2.99573,7,4.94577,339,345,4.42114,581,0.995537
E3-PPOPIP-p005,43.3079,114,331,RLPolicy,1,0,0.00996017,4.54373,2.99573,9,9.71445,378,386,9.0107,581,1.01702
E3-PPOPIP-p005,43.3116,49,196,RLPolicy,0,0,0.041068,5.54518,2.99573,9,8.59964,195,203,8.24647,581,1.0094
E3-PPOPIP-p005,43.3154,416,200,RLPolicy,1,1,0.1024,2.77259,2.99573,6,6.13095,139,281,5.58718,581,1.00123
E3-PPOPIP-p005,43.3155,278,444,RLPolicy,1,1,0.0758131,2.07944,2.99573,5,4.60658,92,235,4.19904,581,0.98984
E3-PPOPIP-p005,43.317,68,114,RLPolicy,1,0,0.0105047,4.85203,2.99573,9,4.63563,315,323,4.20035,581,1.03686
E3-PPOPIP-p005,43.3184,86,331,RLPolicy,1,0,0.0544721,4.85203,2.99573,9,4.56866,289,297,3.95074,581,1.03959
E3-PPOPIP-p005,43.3214,172,463,RLPolicy,1,1,0.0564879,2.77259,2.99573,6,7.36576,214,399,6.65527,581,0.959883
E3-PPOPIP-p005,43.3263,450,494,RLPolicy,1,1,0.105099,2.77259,2.99573,6,9.27173,142,185,8.75717,581,0.998884
E3-PPOPIP-p005,43.3274,269,440,RLPolicy,0,0,0.0769369,5.54518,2.99573,9,9.26579,309,317,8.66547,581,1.00247
E3-PPOPIP-p005,43.3299,195,523,RLPolicy,1,1,0.0767172,2.77259,2.99573,6,7.66507,265,294,6.9236,581,1.0005
E3-PPOPIP-p005,43.3471,1,331,RLPolicy,1,0,0.0277832,3.16035,2.99573,7,5.62956,128,134,5.22994,581,0.993957
E3-PPOPIP-p005,43.3536,266,312,RLPolicy,1,1,0.0802121,0.693147,2.99573,3,6.24758,0,121,5.96217,581,0.993306
E3-PPOPIP-p005,43.3617,299,190,RLPolicy,1,1,0.0950371,2.07944,2.99573,5,4.65096,112,240,4.30095,581,1.01757
E3-PPOPIP-p005,43.3654,7,190,RLPolicy,1,1,0.0358453,2.77259,2.99573,6,5.44909,91,325,4.89922,581,0.968711
E3-PPOPIP-p005,43.3705,462,516,RLPolicy,1,1,0.108344,2.07944,2.99573,5,6.24338,101,227,5.7438,581,0.995419
E3-PPOPIP-p005,43.379,262,147,RLPolicy,1,1,0.0705076,2.07944,2.99573,5,6.73185,25,274,5.89988,581,0.999121
E3-PPOPIP-p005,43.387,204,254,RLPolicy,0,0,0.0705267,5.54518,2.99573,9,4.21069,480,488,3.92719,3,0.978327
E3-PPOPIP-p005,43.3884,413,533,RLPolicy,1,0,0.114216,4.15888,2.99573,8,4.76653,236,243,4.23155,581,1.01163
E3-PPOPIP-p005,43.3911,8,28,RLPolicy,1,1,0.0370913,1.46868,2.99573,5,5.18535,0,283,4.40753,581,1.00799
E3-PPOPIP-p005,43.3945,390,177,RLPolicy,1,1,0.0941454,1.38629,2.99573,4,7.38229,0,220,6.91342,581,0.990837
E3-PPOPIP-p005,43.3991,447,137,RLPolicy,1,1,0.106417,1.38629,2.99573,4,6.64347,0,163,5.46478,581,0.991953
E3-PPOPIP-p005,43.3993,186,439,RLPolicy,1,1,0.0619014,2.77259,2.99573,6,5.90001,166,249,5.44323,581,0.969164
E3-PPOPIP-p005,43.4017,400,440,RLPolicy,1,1,0.106374,2.77259,2.99573,6,8.54448,145,160,8.22973,581,0.996653
E3-PPOPIP-p005,43.4081,376,589,RLPolicy,1,1,0.096702,2.77259,2.99573,6,6.50135,175,258,5.86332,581,1.00705
E3-PPOPIP-p005,43.4143,97,479,RLPolicy,1,1,0.0524122,1.38629,2.99573,4,5.75271,0,184,5.21115,581,0.979561
E3-PPOPIP-p005,43.4152,357,501,RLPolicy,1,1,0.0933014,2.77259,2.99573,6,4.44328,53,60,4.19143,581,1.0047
E3-PPOPIP-p005,43.416,17,66,RLPolicy,1,0,0.0223325,3.54812,2.99573,8,11.854,437,444,11.0681,581,1.00681
E3-PPOPIP-p005,43.4164,414,428,RLPolicy,1,0,0.0072506,3.46574,2.99573,7,6.10375,194,200,5.46733,581,1.01163
E3-PPOPIP-p005,43.4189,103,464,RLPolicy,1,0,0.0561434,3.46574,2.99573,7,10.371,343,349,9.64603,581,1.00135
E3-PPOPIP-p005,43.4203,207,259,RLPolicy,1,1,0.0720174,2.77259,2.99573,6,5.91367,188,215,5.44777,581,0.995656
E3-PPOPIP-p005,43.4255,67,439,RLPolicy,1,1,0.0491213,2.77259,2.99573,6,6.46425,260,302,6.01934,581,0.987727
E3-PPOPIP-p005,43.4363,336,255,RLPolicy,1,0,0.0921441,3.46574,2.99573,7,6.89867,350,356,6.48286,581,0.994421
E3-PPOPIP-p005,43.4407,461,304,RLPolicy,1,1,0.108335,2.07944,2.99573,5,5.1107,75,183,4.60875,581,0.995419
E3-PPOPIP-p005,43.441,311,256,RLPolicy,1,0,0.0781922,4.15888,2.99573,8,5.6787,308,315,5.08122,581,1.00828
E3-PPOPIP-p005,43.4412,384,23,RLPolicy,1,1,0.104526,1.38629,2.99573,4,5.59373,0,167,5.27063,581,1.00358
E3-PPOPIP-p005,43.4443,468,204,RLPolicy,1,1,0.119833,2.07944,2.99573,5,4.82649,74,218,4.4014,581,0.995419
E3-PPOPIP-p005,43.4445,154,102,RLPolicy,1,0,0.00846381,4.00473,2.99573,8,5.16323,375,382,4.79757,581,0.990648
E3-PPOPIP-p005,43.4481,166,305,RLPolicy,1,1,0.0455339,2.77259,2.99573,6,10.3045,120,350,9.72241,581,1.01757
E3-PPOPIP-p005,43.4504,334,307,RLPolicy,1,1,0.0939996,2.77259,2.99573,6,9.0451,239,352,8.61253,581,0.988606
E3-PPOPIP-p005,43.4573,74,525,RLPolicy,1,1,0.00618155,2.77259,2.99573,6,5.32665,308,314,5.05326,581,0.989959
E3-PPOPIP-p005,43.4602,65,155,RLPolicy,1,0,0.0434749,4.85203,2.99573,9,6.40993,307,315,5.28225,581,1.01422
E3-PPOPIP-p005,43.4684,61,363,RLPolicy,0,0,0.00942689,5.39103,2.99573,9,6.54356,251,259,5.94523,581,0.994549
E3-PPOPIP-p005,43.471,354,341,RLPolicy,1,0,0.108617,4.15888,2.99573,8,5.50438,162,169,5.11247,581,1.01287
E3-PPOPIP-p005,43.4754,379,295,RLPolicy,1,1,0.100686,0.693147,2.99573,3,5.44037,0,136,5.08109,581,0.979324
E3-PPOPIP-p005,43.4797,243,147,RLPolicy,1,0,0.0792955,4.15888,2.99573,8,5.81604,443,450,5.35664,581,0.986374
E3-PPOPIP-p005,43.4817,48,16,RLPolicy,1,1,0.044831,2.77259,2.99573,6,6.67081,255,265,6.21583,581,0.960001
E3-PPOPIP-p005,43.4829,374,47,RLPolicy,1,1,0.112527,2.95491,2.99573,6,4.41275,252,268,4.08498,581,0.999914
E3-PPOPIP-p005,43.485,284,81,RLPolicy,1,1,0.0835884,2.07944,2.99573,5,5.74766,97,236,5.29164,581,0.993306
E3-PPOPIP-p005,43.4918,101,276,RLPolicy,1,1,0.0513002,2.77259,2.99573,6,6.2844,228,233,5.61789,581,1.01187
E3-PPOPIP-p005,43.5034,55,428,RLPolicy,0,0,0.0487966,5.39103,2.99573,9,8.24914,268,276,7.76962,582,0.999198
E3-PPOPIP-p005,43.5042,182,275,RLPolicy,1,1,0.0586838,2.77259,2.99573,6,5.55013,140,303,4.75759,582,1.0037
E3-PPOPIP-p005,43.5064,271,344,RLPolicy,0,0,0.0765858,5.54518,2.99573,9,5.40741,421,429,5.01241,582,0.995333
E3-PPOPIP-p005,43.5071,274,90,RLPolicy,1,1,0.0908546,2.77259,2.99573,6,6.27635,203,208,5.93453,582,0.99219
E3-PPOPIP-p005,43.5086,294,229,RLPolicy,1,0,0.0784343,3.46574,2.99573,7,5.38037,355,361,4.9314,582,0.979443
E3-PPOPIP-p005,43.5094,393,405,RLPolicy,1,1,0.0960452,1.38629,2.99573,4,6.40339,0,194,5.88055,582,0.972393
E3-PPOPIP-p005,43.5136,125,389,RLPolicy,1,0,0.0614998,3.46574,2.99573,7,6.25751,158,164,5.94508,582,0.99924
E3-PPOPIP-p005,43.5143,93,447,RLPolicy,1,0,0.0564624,3.85058,2.99573,8,4.71434,377,384,4.3053,582,1.01105
E3-PPOPIP-p005,43.5147,53,281,RLPolicy,1,1,0.04637,2.61844,2.99573,6,4.67701,139,151,4.43178,582,0.993807
E3-PPOPIP-p005,43.5167,298,261,RLPolicy,1,0,0.0837948,3.46574,2.99573,7,4.63276,289,295,4.12498,582,1.0037
E3-PPOPIP-p005,43.5226,44,507,RLPolicy,1,1,0.0496759,2.93736,2.99573,8,4.83011,420,455,4.33704,582,0.98133
E3-PPOPIP-p005,43.5304,0,233,RLPolicy,0,0,0.0309059,5.54518,2.99573,9,8.70416,520,528,8.42807,2,1.01569
E3-PPOPIP-p005,43.5403,208,420,RLPolicy,1,0,0.0670661,3.46574,2.99573,7,5.23792,182,188,4.84964,582,1.01298
E3-PPOPIP-p005,43.5422,118,70,RLPolicy,1,1,0.0577319,2.07944,2.99573,5,9.69407,87,292,9.05928,582,0.964583
E3-PPOPIP-p005,43.547,91,78,RLPolicy,1,0,0.0609503,4.15888,2.99573,8,5.85028,366,373,5.08276,582,1.00271
E3-PPOPIP-p005,43.5525,148,493,RLPolicy,1,0,0.00973492,4.85203,2.99573,9,4.68625,345,353,3.95974,582,1.0151
E3-PPOPIP-p005,43.5584,443,484,RLPolicy,0,0,0.126766,0.693147,2.99573,2,3.88043,0,1,3.80883,582,1
E3-PPOPIP-p005,43.5611,373,441,RLPolicy,1,0,0.00723494,3.46574,2.99573,7,4.79249,256,262,4.05701,582,1.01398
E3-PPOPIP-p005,43.5661,445,376,RLPolicy,1,0,0.108749,3.46574,2.99573,7,5.25239,295,301,4.724,582,1.00123
E3-PPOPIP-p005,43.5769,417,112,RLPolicy,1,1,0.103119,2.61844,2.99573,6,4.86981,244,289,4.36414,582,1.00316
E3-PPOPIP-p005,43.5799,175,437,RLPolicy,1,1,0.00560974,2.61844,2.99573,6,6.03353,247,253,5.37434,582,0.983755
E3-PPOPIP-p005,43.5806,257,439,RLPolicy,1,0,0.0914944,4.00473,2.99573,8,6.30107,476,483,5.65659,582,0.986553
E3-PPOPIP-p005,43.5885,183,197,RLPolicy,1,1,0.0723761,2.77259,2.99573,6,7.83879,200,206,7.22909,582,0.979561
E3-PPOPIP-p005,43.5967,309,464,RLPolicy,1,1,0.0784954,1.77114,2.99573,5,5.91671,20,279,5.26563,582,1.00635
E3-PPOPIP-p005,43.6017,351,246,RLPolicy,1,0,0.0938799,3.46574,2.99573,7,5.21976,142,148,4.81777,584,1.00593
E3-PPOPIP-p005,43.6241,320,28,RLPolicy,1,0,0.0820359,4.15888,2.99573,8,6.53157,214,221,6.09633,584,1.03366
E3-PPOPIP-p005,43.6286,325,39,RLPolicy,1,1,0.0778547,2.07944,2.99573,5,7.27668,73,291,6.53046,584,1.00482
E3-PPOPIP-p005,43.6355,426,23,RLPolicy,0,0,0.111082,5.54518,2.99573,9,4.22626,212,220,3.6356,584,1.00928
E3-PPOPIP-p005,43.6356,117,90,RLPolicy,1,0,0.0526659,4.15888,2.99573,8,6.06927,175,182,5.5683,584,1.00494
E3-PPOPIP-p005,43.6357,200,389,RLPolicy,1,0,0.0787287,3.46574,2.99573,7,6.11615,162,168,5.64067,584,0.99454
E3-PPOPIP-p005,43.6482,405,529,RLPolicy,1,1,0.0984474,2.07944,2.99573,5,6.40246,68,209,5.77959,584,0.98818
E3-PPOPIP-p005,43.6516,89,101,RLPolicy,1,0,0.0493026,3.31159,2.99573,7,5.06051,371,377,4.56117,584,0.988881
E3-PPOPIP-p005,43.6517,215,42,RLPolicy,1,1,0.056699,2.77259,2.99573,6,5.88761,144,163,5.50765,584,1.01645
E3-PPOPIP-p005,43.6535,181,225,RLPolicy,0,0,0.0672339,5.54518,2.99573,9,6.9373,296,304,6.20837,584,1.01868
E3-PPOPIP-p005,43.6605,467,397,RLPolicy,1,1,0.111234,2.07944,2.99573,5,5.04113,76,220,4.50648,584,0.995419
E3-PPOPIP-p005,43.6635,170,76,RLPolicy,1,1,0.0593632,2.61844,2.99573,6,4.84545,131,324,4.41448,584,0.983372
E3-PPOPIP-p005,43.6645,190,9,RLPolicy,1,1,0.0584153,2.07944,2.99573,5,5.82186,68,248,5.30216,584,0.980473
E3-PPOPIP-p005,43.6715,227,433,RLPolicy,1,1,0.0726426,2.61844,2.99573,6,4.98384,129,281,4.57212,584,0.98106
E3-PPOPIP-p005,43.6757,83,85,RLPolicy,1,0,0.00747316,3.46574,2.99573,7,5.16384,313,319,4.62714,584,0.985377
E3-PPOPIP-p005,43.6771,458,55,RLPolicy,1,1,0.110438,2.07944,2.99573,5,6.11699,61,278,5.55699,584,0.995419
E3-PPOPIP-p005,43.6794,203,282,RLPolicy,1,1,0.0760713,2.77259,2.99573,6,5.49217,297,324,5.10154,584,1.0037
E3-PPOPIP-p005,43.6803,60,45,RLPolicy,1,0,0.0404939,4.85203,2.99573,9,5.95361,246,254,5.48513,584,1.01739
E3-PPOPIP-p005,43.6869,35,206,RLPolicy,1,1,0.0408959,2.07944,2.99573,5,4.99909,54,125,4.65794,584,0.971927
E3-PPOPIP-p005,43.6894,431,262,RLPolicy,1,1,0.122565,2.07944,2.99573,5,4.17169,72,163,3.82682,584,0.997769
E3-PPOPIP-p005,43.6932,249,389,RLPolicy,1,0,0.0888528,4.85203,2.99573,9,5.52445,212,220,5.02521,584,1.0233
E3-PPOPIP-p005,43.6973,134,456,RLPolicy,1,0,0.0580905,4.85203,2.99573,9,5.62945,193,201,5.08254,584,1.02091
E3-PPOPIP-p005,43.7002,139,85,RLPolicy,1,0,0.0640191,4.85203,2.99573,9,5.04778,344,352,4.51893,585,1.00644
E3-PPOPIP-p005,43.7018,11,83,RLPolicy,1,1,0.00723703,2.54959,2.99573,7,4.65971,206,244,4.21771,585,1.00811
E3-PPOPIP-p005,43.7043,385,337,RLPolicy,1,0,0.101069,4.85203,2.99573,9,5.58594,414,422,4.93475,585,1.00817
E3-PPOPIP-p005,43.7058,317,243,RLPolicy,0,0,0.00957206,5.7275,2.99573,9,5.62672,546,554,5.25658,3,0.999003
E3-PPOPIP-p005,43.7059,244,418,RLPolicy,1,1,0.0741666,1.77114,2.99573,5,6.23133,50,246,5.55255,585,0.982558
E3-PPOPIP-p005,43.7059,213,339,RLPolicy,1,1,0.0699265,2.77259,2.99573,6,5.31789,245,272,4.50277,585,0.981793
E3-PPOPIP-p005,43.7059,474,257,RLPolicy,1,1,0.112317,2.07944,2.99573,5,4.60546,84,197,4.18171,585,0.995419
E3-PPOPIP-p005,43.7128,349,388,RLPolicy,1,1,0.0843408,2.07944,2.99573,5,5.33304,74,174,4.87391,585,0.992071
E3-PPOPIP-p005,43.723,150,264,RLPolicy,1,0,0.0602177,4.15888,2.99573,8,5.11519,250,257,4.61034,585,1.04999
E3-PPOPIP-p005,43.7244,169,465,RLPolicy,1,1,0.0700447,2.61844,2.99573,6,4.74509,213,276,4.42752,585,0.980085
E3-PPOPIP-p005,43.7316,218,568,RLPolicy,1,1,0.0598615,2.61844,2.99573,6,5.64044,159,391,5.03088,585,0.978672
E3-PPOPIP-p005,43.733,116,425,RLPolicy,1,1,0.0561209,2.07944,2.99573,5,12.4208,89,205,11.9179,585,0.986067
E3-PPOPIP-p005,43.7355,423,76,RLPolicy,1,1,0.103505,2.77259,2.99573,6,5.74049,106,392,5.17565,585,0.997769
E3-PPOPIP-p005,43.7398,27,47,RLPolicy,1,1,0.0368402,2.26176,2.99573,5,10.8945,83,225,10.1879,585,0.976132
E3-PPOPIP-p005,43.7462,219,210,RLPolicy,1,1,0.0681239,2.77259,2.99573,6,5.16652,183,195,4.78013,585,0.995693
E3-PPOPIP-p005,43.7536,333,198,RLPolicy,1,1,0.0982849,2.77259,2.99573,6,15.0362,330,350,13.8105,585,0.997887
E3-PPOPIP-p005,43.7555,330,577,RLPolicy,1,1,0.00562216,2.77259,2.99573,6,8.98246,84,93,8.66225,585,1.00482
E3-PPOPIP-p005,43.7559,319,276,RLPolicy,0,0,0.010333,5.54518,2.99573,9,5.86618,444,452,5.39759,3,1.01724
E3-PPOPIP-p005,43.7595,295,566,RLPolicy,1,1,0.078458,2.07944,2.99573,5,6.60299,55,227,6.14275,585,1.00024
E3-PPOPIP-p005,43.7615,220,348,RLPolicy,1,0,0.0824203,3.46574,2.99573,7,5.45555,337,343,4.85314,585,1.01187
E3-PPOPIP-p005,43.767,224,488,RLPolicy,1,1,0.067114,2.77259,2.99573,6,5.28967,70,238,4.78324,585,0.972345
E3-PPOPIP-p005,43.7683,73,520,RLPolicy,1,1,0.0493909,2.07944,2.99573,5,5.84902,50,321,5.13088,585,0.978446
E3-PPOPIP-p005,43.7693,82,416,RLPolicy,1,1,0.0404866,2.77259,2.99573,6,5.55306,68,359,4.99573,585,0.983027
E3-PPOPIP-p005,43.774,152,565,RLPolicy,1,0,0.065935,4.85203,2.99573,9,4.57492,214,222,4.14821,585,1.00729
E3-PPOPIP-p005,43.7809,381,491,RLPolicy,1,1,0.0938119,1.38629,2.99573,4,6.42139,0,194,6.00204,585,0.993187
E3-PPOPIP-p005,43.7834,296,377,RLPolicy,1,1,0.0748141,0.693147,2.99573,3,5.57945,0,162,5.27892,585,0.997887
E3-PPOPIP-p005,43.7851,340,334,RLPolicy,1,1,0.086843,2.77259,2.99573,6,7.33366,165,308,6.76813,585,1.00482
E3-PPOPIP-p005,43.7905,223,178,RLPolicy,0,0,0.0099889,5.54518,2.99573,9,4.88842,313,321,4.44357,585,0.98984
E3-PPOPIP-p005,43.7932,469,116,RLPolicy,1,1,0.109342,2.07944,2.99573,5,5.68552,118,215,5.21535,585,0.995419
E3-PPOPIP-p005,43.8,440,510,RLPolicy,1,0,0.107282,3.46574,2.99573,7,4.70043,303,309,4.22862,585,1.01163
E3-PPOPIP-p005,43.8044,398,299,RLPolicy,1,0,0.0072643,3.00328,2.99573,7,4.81627,357,363,4.49823,585,1.00239
E3-PPOPIP-p005,43.8049,391,275,RLPolicy,1,1,0.0940587,2.77259,2.99573,6,6.01306,251,289,5.58876,585,1.00012
E3-PPOPIP-p005,43.8064,211,145,RLPolicy,1,0,0.00846,4.15888,2.99573,8,4.93714,397,404,4.45294,585,0.988724
E3-PPOPIP-p005,43.8078,401,548,RLPolicy,1,0,0.0987996,3.46574,2.99573,7,6.23377,293,299,5.64553,585,1.01052
E3-PPOPIP-p005,43.8082,313,77,RLPolicy,1,1,0.080631,2.07944,2.99573,5,5.75213,98,276,5.28523,585,0.98749
E3-PPOPIP-p005,43.8085,388,481,RLPolicy,1,0,0.00894001,3.69643,2.99573,8,6.57473,329,336,6.02216,585,1.00239
E3-PPOPIP-p005,43.8193,434,359,RLPolicy,1,1,0.107016,2.07944,2.99573,5,6.40257,117,323,5.94472,585,0.997769
E3-PPOPIP-p005,43.8227,94,254,RLPolicy,0,0,0.0543427,5.54518,2.99573,9,4.43206,485,493,4.22996,2,1.02689
E3-PPOPIP-p005,43.8236,5,81,RLPolicy,0,0,0.0242141,5.2398,2.99573,9,5.15243,412,420,4.5496,585,0.997595
E3-PPOPIP-p005,43.8249,113,572,RLPolicy,1,1,0.0551784,2.77259,2.99573,6,7.5203,144,164,7.24102,585,0.969628
E3-PPOPIP-p005,43.8258,452,586,RLPolicy,0,0,0.121914,1.38629,2.99573,3,4.11829,1,3,4.0445,585,1
E3-PPOPIP-p005,43.8317,198,575,RLPolicy,1,0,0.00849435,4.15888,2.99573,8,6.1997,297,304,5.52364,585,0.993036
E3-PPOPIP-p005,43.8346,92,514,RLPolicy,1,0,0.042724,4.85203,2.99573,9,6.13216,339,347,5.44527,585,1.01815
E3-PPOPIP-p005,43.8359,389,290,RLPolicy,1,0,0.0997175,4.85203,2.99573,9,5.0226,169,177,4.49248,585,1.00928
E3-PPOPIP-p005,43.8457,129,298,RLPolicy,1,0,0.0639215,4.69788,2.99573,9,7.91683,412,420,6.62198,585,1.03347
E3-PPOPIP-p005,43.85,404,577,RLPolicy,1,0,0.00722857,3.46574,2.99573,7,7.7241,217,223,7.16384,585,1.00705
E3-PPOPIP-p005,43.8562,22,370,RLPolicy,1,0,0.0188388,3.46574,2.99573,7,6.72475,286,292,6.23365,585,0.967877
E3-PPOPIP-p005,43.8613,427,304,RLPolicy,1,1,0.10375,1.38629,2.99573,4,5.614,0,159,5.08246,585,0.990837
E3-PPOPIP-p005,43.8632,34,160,RLPolicy,1,0,0.00994336,5.03435,2.99573,9,5.56294,303,311,4.79607,585,0.978247
E3-PPOPIP-p005,43.8737,421,407,RLPolicy,1,1,0.101851,2.07944,2.99573,5,5.17986,48,193,4.63023,585,0.997769
E3-PPOPIP-p005,43.874,292,215,RLPolicy,1,0,0.00800871,3.96391,2.99573,8,6.84761,286,293,5.6504,585,1.01274
E3-PPOPIP-p005,43.8742,230,174,RLPolicy,1,0,0.0763864,4.85203,2.99573,9,5.08712,170,178,4.51751,585,1.02091
E3-PPOPIP-p005,43.8745,365,13,RLPolicy,1,1,0.103454,2.77259,2.99573,6,10.4779,261,281,8.77835,585,1.00247
E3-PPOPIP-p005,43.8759,157,19,RLPolicy,1,1,0.0656955,2.07944,2.99573,5,6.65089,82,237,5.73127,585,0.97028
E3-PPOPIP-p005,43.8791,58,216,RLPolicy,1,1,0.0478858,2.77259,2.99573,6,7.64381,256,276,7.28588,585,0.96611
E3-PPOPIP-p005,43.8842,412,10,RLPolicy,1,1,0.099377,2.07944,2.99573,5,5.91955,105,231,5.51284,585,0.993187
E3-PPOPIP-p005,43.8881,407,298,RLPolicy,1,1,0.102987,2.77259,2.99573,6,9.08491,60,292,8.06891,585,1.00358
E3-PPOPIP-p005,43.889,403,44,RLPolicy,1,1,0.115467,2.77259,2.99573,6,5.88937,205,241,5.56971,585,0.990837
E3-PPOPIP-p005,43.9058,437,190,RLPolicy,1,1,0.108806,2.77259,2.99573,6,5.19963,131,374,4.41992,585,0.997769
E3-PPOPIP-p005,43.9059,136,85,RLPolicy,1,0,0.0421579,3.46574,2.99573,7,7.57546,306,312,7.06742,585,0.965698
E3-PPOPIP-p005,43.9096,419,424,RLPolicy,1,0,0.104067,4.15888,2.99573,8,5.53706,386,393,5.15982,585,1.0047
E3-PPOPIP-p005,43.9116,371,444,RLPolicy,1,1,0.108297,2.77259,2.99573,6,5.82021,141,171,5.43883,585,1.01633
E3-PPOPIP-p005,43.9171,236,369,RLPolicy,0,0,0.0801736,5.54518,2.99573,9,6.31478,319,327,5.66868,585,0.98984
E3-PPOPIP-p005,43.9239,372,587,RLPolicy,1,1,0.109012,2.77259,2.99573,6,6.25787,296,311,5.70353,585,0.992071
E3-PPOPIP-p005,43.9265,104,448,RLPolicy,1,1,0.0523588,2.07944,2.99573,5,5.60026,106,257,5.12497,585,0.973783
E3-PPOPIP-p005,43.9594,394,123,RLPolicy,1,0,0.11714,3.46574,2.99573,7,7.7349,157,163,7.34382,585,0.985485
E3-PPOPIP-p005,43.9609,159,400,RLPolicy,1,1,0.0641683,2.07944,2.99573,5,5.03287,87,161,4.7276,585,1.00024
E3-PPOPIP-p005,43.9629,246,192,RLPolicy,1,0,0.088217,4.3412,2.99573,8,6.14087,160,167,5.582,585,1.01613
E3-PPOPIP-p005,43.97,475,200,RLPolicy,1,1,0.114518,2.61844,2.99573,6,6.21689,278,306,5.72672,585,0.998114
E3-PPOPIP-p005,43.9719,41,89,RLPolicy,1,1,0.0443837,2.16183,2.99573,6,8.10216,47,381,7.0717,585,0.950961
E3-PPOPIP-p005,43.9749,451,21,RLPolicy,1,1,0.108277,2.07944,2.99573,5,5.3021,55,212,4.71506,585,0.995419
E3-PPOPIP-p005,43.9815,69,370,RLPolicy,1,0,0.033412,3.46574,2.99573,7,6.4855,280,286,5.80616,585,0.984261
E3-PPOPIP-p005,43.9821,42,155,RLPolicy,1,0,0.0402107,3.54812,2.99573,8,5.61938,375,382,4.91715,585,0.999038
E3-PPOPIP-p005,43.9881,239,342,RLPolicy,1,1,0.0840544,2.77259,2.99573,6,5.72667,235,248,5.13831,585,1.01298
E3-PPOPIP-p005,43.9924,199,154,RLPolicy,1,1,0.0677634,2.77259,2.99573,6,6.01793,201,261,5.43714,585,1.00952
E3-PPOPIP-p005,43.9962,435,254,RLPolicy,1,0,0.114471,4.15888,2.99573,8,4.88241,235,242,4.41204,585,1.0151
E3-PPOPIP-p005,44.0027,111,396,RLPolicy,1,1,0.0583924,2.77259,2.99573,6,6.45018,276,301,5.75251,586,0.964583
E3-PPOPIP-p005,44.0045,304,87,RLPolicy,1,1,0.0798311,1.38629,2.99573,4,4.64069,0,169,3.86985,586,0.992535
E3-PPOPIP-p005,44.0099,289,258,RLPolicy,1,0,0.0818332,3.46574,2.99573,7,4.40867,106,112,4.03946,586,1.00235
E3-PPOPIP-p005,44.0112,194,210,RLPolicy,1,0,0.0780626,4.00473,2.99573,8,7.76006,323,330,6.97574,586,0.974128
E3-PPOPIP-p005,44.0119,30,395,RLPolicy,1,1,0.0479983,2.63197,2.99573,8,8.7528,70,503,7.23662,586,0.991316
E3-PPOPIP-p005,44.0147,240,590,RLPolicy,1,0,0.0806795,4.69788,2.99573,9,6.20252,224,232,5.42433,586,1.0203
E3-PPOPIP-p005,44.0153,21,113,RLPolicy,1,1,0.038887,2.16183,2.99573,6,7.63854,9,301,6.79079,586,0.979802
E3-PPOPIP-p005,44.0171,24,424,RLPolicy,1,1,0.0434074,1.77406,2.99573,5,6.24247,43,223,5.61906,586,0.973283
E3-PPOPIP-p005,44.0191,10,151,RLPolicy,1,1,0.0368021,2.16183,2.99573,6,5.35346,67,233,4.67548,586,0.971755
E3-PPOPIP-p005,44.0192,453,147,RLPolicy,1,1,0.119816,2.07944,2.99573,5,5.24784,44,146,4.8683,586,0.995419
E3-PPOPIP-p005,44.0209,222,110,RLPolicy,1,0,0.061274,4.85203,2.99573,9,5.83112,368,376,5.02971,586,1.01187
E3-PPOPIP-p005,44.0235,98,264,RLPolicy,1,1,0.0449679,2.77259,2.99573,6,5.42621,189,244,4.93725,586,0.995774
E3-PPOPIP-p005,44.0273,2,482,RLPolicy,1,1,0.0308318,2.46721,2.99573,6,7.68637,63,336,6.90934,586,0.969165
E3-PPOPIP-p005,44.0304,362,329,RLPolicy,1,0,0.0963544,4.85203,2.99573,9,5.2228,207,215,4.74102,586,1.00685
E3-PPOPIP-p005,44.0348,4,351,RLPolicy,1,0,0.0476079,3.16035,2.99573,7,8.54147,56,81,7.90572,586,1.0181
E3-PPOPIP-p005,44.0396,29,585,RLPolicy,1,0,0.0307976,3.46574,2.99573,7,10.0949,132,138,9.54018,586,0.999242
E3-PPOPIP-p005,44.0439,179,268,RLPolicy,1,1,0.0549489,2.07944,2.99573,5,11.0905,47,275,10.2623,586,0.97263
E3-PPOPIP-p005,44.0451,399,36,RLPolicy,1,0,0.00920668,4.15888,2.99573,8,6.34383,371,378,5.74781,586,1.00165
E3-PPOPIP-p005,44.0519,64,390,RLPolicy,1,1,0.0476653,2.77259,2.99573,6,7.32098,74,396,6.34945,586,0.986493
E3-PPOPIP-p005,44.0615,366,513,RLPolicy,1,1,0.0944347,2.77259,2.99573,6,5.71558,259,270,5.22654,586,0.992071
E3-PPOPIP-p005,44.0839,191,459,RLPolicy,1,1,0.0543604,0.693147,2.99573,3,10.3364,0,151,9.99008,586,1.00147
E3-PPOPIP-p005,44.0842,345,276,RLPolicy,0,0,0.00976739,5.54518,2.99573,9,6.63335,470,478,6.31404,2,0.996653
E3-PPOPIP-p005,44.086,270,152,RLPolicy,1,0,0.0839368,4.15888,2.99573,8,6.93016,279,286,6.45049,586,1.02685
E3-PPOPIP-p005,44.0892,188,265,RLPolicy,1,1,0.00666994,2.24114,2.99573,6,6.71579,50,139,6.32596,586,1.00105
E3-PPOPIP-p005,44.1025,75,176,RLPolicy,1,1,0.00558891,2.77259,2.99573,6,10.3121,176,195,9.89465,586,1.00147
E3-PPOPIP-p005,44.1025,264,100,RLPolicy,1,1,0.091021,2.07944,2.99573,5,6.41477,83,175,5.60591,586,0.995656
E3-PPOPIP-p005,44.1037,396,426,RLPolicy,1,0,0.100904,4.69788,2.99573,9,6.26286,237,245,5.52214,586,1.01591
E3-PPOPIP-p005,44.1073,315,38,RLPolicy,1,1,0.00605577,2.77259,2.99573,6,4.83744,171,183,4.24002,586,1.01984
E3-PPOPIP-p005,44.1107,216,12,RLPolicy,1,1,0.0760296,2.77259,2.99573,6,7.35875,241,269,6.86922,586,0.999121
E3-PPOPIP-p005,44.1134,439,572,RLPolicy,1,0,0.106177,3.31159,2.99573,7,5.98777,212,218,5.20819,586,0.999693
E3-PPOPIP-p005,44.1153,107,81,RLPolicy,1,1,0.038454,2.07944,2.99573,5,5.80505,108,244,5.40076,586,0.981911
E3-PPOPIP-p005,44.1207,57,534,RLPolicy,1,1,0.043588,2.77259,2.99573,6,6.44495,113,119,6.10035,586,1.02532
E3-PPOPIP-p005,44.124,221,174,RLPolicy,1,0,0.00684393,3.46574,2.99573,7,6.42365,381,387,5.73633,586,0.995656
E3-PPOPIP-p005,44.1459,122,187,RLPolicy,0,0,0.0621023,5.54518,2.99573,9,6.37759,495,503,6.12159,2,0.989533
E3-PPOPIP-p005,44.1563,231,17,RLPolicy,1,1,0.0826236,2.77259,2.99573,6,5.3541,281,306,5.01065,586,0.985259
E3-PPOPIP-p005,44.1659,465,460,RLPolicy,1,1,0.110261,2.77259,2.99573,6,7.56243,69,234,6.80488,586,0.998884
E3-PPOPIP-p005,44.1819,131,421,RLPolicy,1,0,0.00775383,3.46574,2.99573,7,6.83764,360,366,6.29174,586,0.990648
E3-PPOPIP-p005,44.1826,429,32,RLPolicy,1,0,0.111538,3.46574,2.99573,7,4.74585,282,288,4.21703,586,1.01163
E3-PPOPIP-p005,44.1834,31,1,RLPolicy,1,0,0.0241779,3.46574,2.99573,7,6.55529,219,225,6.11848,586,0.984263
E3-PPOPIP-p005,44.1927,383,464,RLPolicy,0,0,0.0959133,5.54518,2.99573,9,4.43775,228,236,4.0467,586,1.00928
E3-PPOPIP-p005,44.1971,233,117,RLPolicy,0,0,0.0795437,5.54518,2.99573,9,4.73487,421,429,4.33903,586,1.00482
E3-PPOPIP-p005,44.2105,360,528,RLPolicy,1,1,0.0956023,2.77259,2.99573,6,5.00881,83,105,4.71062,586,1.01745
E3-PPOPIP-p005,44.2109,33,462,RLPolicy,1,1,0.0369472,1.77406,2.99573,5,5.33775,45,191,4.886,586,0.960535
E3-PPOPIP-p005,44.2227,335,483,RLPolicy,1,1,0.0846414,2.77259,2.99573,6,10.0141,216,246,9.50925,586,1.00482
E3-PPOPIP-p005,44.2356,286,343,RLPolicy,1,1,0.0706641,2.07944,2.99573,5,6.47224,112,241,6.01356,586,1.0037
E3-PPOPIP-p005,44.2357,71,435,RLPolicy,1,1,0.0255163,0.693147,2.99573,3,5.36569,0,31,5.10515,586,1.01868
E3-PPOPIP-p005,44.2393,301,100,RLPolicy,0,0,0.0883618,5.54518,2.99573,9,4.13579,146,154,3.82075,586,1.02091
E3-PPOPIP-p005,44.2397,174,436,RLPolicy,1,1,0.0700351,2.77259,2.99573,6,4.4872,240,269,4.06337,586,1.02119
E3-PPOPIP-p005,44.241,259,562,RLPolicy,1,0,0.0884955,4.15888,2.99573,8,8.73228,180,187,8.3655,586,0.999121
E3-PPOPIP-p005,44.2418,70,133,RLPolicy,1,1,0.0414766,2.77259,2.99573,6,7.37273,162,334,6.7839,586,0.998124
E3-PPOPIP-p005,44.2496,285,591,RLPolicy,1,1,0.0761663,2.46429,2.99573,6,9.61383,202,323,8.93065,586,0.992147
E3-PPOPIP-p005,44.2502,314,72,RLPolicy,1,0,0.0821902,4.85203,2.99573,9,6.00207,263,271,5.33444,586,1.01868
E3-PPOPIP-p005,44.2531,436,261,RLPolicy,1,1,0.108293,2.77259,2.99573,6,5.42466,156,349,4.76682,586,0.994303
E3-PPOPIP-p005,44.2552,476,543,RLPolicy,1,0,0.00796805,3.46574,2.99573,7,6.07872,291,297,5.37132,586,1.00235
E3-PPOPIP-p005,44.2562,338,11,RLPolicy,1,0,0.101481,4.15888,2.99573,8,6.59978,381,388,6.06178,586,0.997887
E3-PPOPIP-p005,44.2586,137,293,RLPolicy,1,1,0.0436298,2.77259,2.99573,6,6.23585,70,232,5.54643,586,1.0188
E3-PPOPIP-p005,44.2636,84,367,RLPolicy,1,1,0.0538368,2.77259,2.99573,6,5.72306,268,289,5.36637,586,0.99689
E3-PPOPIP-p005,44.2692,326,48,RLPolicy,1,1,0.0935788,2.77259,2.99573,6,6.05191,288,302,5.52434,586,1.0094
E3-PPOPIP-p005,44.2748,185,338,RLPolicy,1,1,0.067538,2.77259,2.99573,6,6.64284,280,314,5.71959,586,0.995656
E3-PPOPIP-p005,44.2906,485,276,RLPolicy,0,0,0.122333,5.54518,2.99573,9,4.37037,484,492,4.13765,3,1
E3-PPOPIP-p005,44.2918,142,285,RLPolicy,1,1,0.0591311,2.07944,2.99573,5,6.38991,70,219,5.85908,586,0.977211
E3-PPOPIP-p005,44.2956,359,416,RLPolicy,1,1,0.0904287,2.61844,2.99573,6,5.11315,107,386,4.67098,586,1.0017
E3-PPOPIP-p005,44.2992,120,282,RLPolicy,0,0,0.0489457,5.39103,2.99573,9,6.31044,218,226,5.61918,586,1.00204
E3-PPOPIP-p005,44.302,87,527,RLPolicy,1,0,0.0541201,4.15888,2.99573,8,6.02828,264,271,5.42685,587,0.989754
E3-PPOPIP-p005,44.3023,242,57,RLPolicy,1,0,0.0884213,4.15888,2.99573,8,5.439,307,314,4.88863,587,1.01298
E3-PPOPIP-p005,44.3024,255,296,RLPolicy,1,1,0.0720668,2.77259,2.99573,6,6.01053,122,303,5.25128,587,1.00605
E3-PPOPIP-p005,44.3053,235,196,RLPolicy,1,0,0.0747622,4.15888,2.99573,8,5.49274,422,429,4.95916,587,0.999121
E3-PPOPIP-p005,44.3125,470,569,RLPolicy,1,0,0.0102764,4.85203,2.99573,9,5.89835,322,330,5.20409,587,1.00928
E3-PPOPIP-p005,44.3133,100,535,RLPolicy,1,1,0.0558481,2.77259,2.99573,6,6.83719,194,204,6.55075,587,0.975363
E3-PPOPIP-p005,44.3137,165,435,RLPolicy,1,1,0.0670564,2.77259,2.99573,6,5.40572,127,188,5.01176,587,0.983027
E3-PPOPIP-p005,44.316,472,245,RLPolicy,1,1,0.108012,2.07944,2.99573,5,6.09592,71,195,5.65382,587,0.995419
E3-PPOPIP-p005,44.3206,178,116,RLPolicy,1,1,0.0716673,2.77259,2.99573,6,4.19032,172,197,3.90725,587,1.01525
E3-PPOPIP-p005,44.3214,261,65,RLPolicy,1,1,0.0603519,1.38629,2.99573,4,6.51783,0,129,6.03975,587,0.98984
E3-PPOPIP-p005,44.3238,456,40,RLPolicy,1,0,0.0084899,4.15888,2.99573,8,4.93671,254,261,4.45151,587,1.00582
E3-PPOPIP-p005,44.3245,23,5,RLPolicy,1,0,0.040719,3.16035,2.99573,7,5.2626,382,388,4.64375,587,0.986854
E3-PPOPIP-p005,44.3289,77,61,RLPolicy,1,0,0.0520102,4.15888,2.99573,8,5.82072,246,253,5.29948,587,0.991193
E3-PPOPIP-p005,44.3293,420,250,RLPolicy,0,0,0.0104121,5.54518,2.99573,9,5.45379,472,480,4.74924,587,0.988487
E3-PPOPIP-p005,44.3298,386,459,RLPolicy,1,1,0.0932866,0.693147,2.99573,3,4.4822,0,119,4.26937,587,0.995537
E3-PPOPIP-p005,44.3391,272,200,RLPolicy,1,1,0.0813771,2.77259,2.99573,6,6.13006,209,242,5.58217,587,0.987183
E3-PPOPIP-p005,44.3412,79,321,RLPolicy,1,1,0.0619557,2.77259,2.99573,6,5.99166,123,199,5.61338,587,0.984261
E3-PPOPIP-p005,44.3419,32,326,RLPolicy,1,1,0.0389261,2.46721,2.99573,6,5.81407,160,314,5.18757,587,0.974106
E3-PPOPIP-p005,44.3422,291,511,RLPolicy,1,1,0.0714114,2.77259,2.99573,6,4.30434,101,311,3.98495,587,0.984024
E3-PPOPIP-p005,44.3441,37,566,RLPolicy,1,0,0.0447014,3.8535,2.99573,8,4.58072,334,341,4.097,587,1.00365
E3-PPOPIP-p005,44.3551,189,121,RLPolicy,1,0,0.0652328,4.15888,2.99573,8,9.67983,381,388,9.21539,587,1.0188
E3-PPOPIP-p005,44.3644,187,303,RLPolicy,1,0,0.0587889,4.15888,2.99573,8,9.52181,218,225,9.03169,587,1.00763
E3-PPOPIP-p005,44.3696,140,490,RLPolicy,1,1,0.0619005,2.77259,2.99573,6,9.6743,92,103,9.43843,587,0.99454
E3-PPOPIP-p005,44.3839,356,354,RLPolicy,1,1,0.085426,0.693147,2.99573,3,5.33259,0,160,5.07314,587,0.978208
E3-PPOPIP-p005,44.3992,424,524,RLPolicy,1,0,0.122049,3.46574,2.99573,7,5.13431,152,158,4.74228,587,0.997769
E3-PPOPIP-p005,44.4018,288,575,RLPolicy,1,1,0.0735249,2.77259,2.99573,6,6.48074,79,316,5.62728,588,0.99219
E3-PPOPIP-p005,44.4023,146,309,RLPolicy,1,0,0.00852173,4.15888,2.99573,8,4.70261,342,349,4.14375,588,1.02796
E3-PPOPIP-p005,44.4083,460,240,RLPolicy,1,1,0.112344,2.07944,2.99573,5,6.0032,55,191,5.22495,588,0.995419
E3-PPOPIP-p005,44.4122,241,119,RLPolicy,1,1,0.074108,2.77259,2.99573,6,5.22957,133,331,4.58144,588,1.0037
E3-PPOPIP-p005,44.4188,112,522,RLPolicy,1,1,0.0582995,2.07944,2.99573,5,6.00697,0,314,5.52791,588,0.945712
E3-PPOPIP-p005,44.4192,337,232,RLPolicy,1,1,0.105473,2.77259,2.99573,6,5.72313,240,247,5.3305,588,0.98514
E3-PPOPIP-p005,44.42,121,535,RLPolicy,1,0,0.00846384,4.15888,2.99573,8,4.30658,86,93,4.10092,588,1.02796
E3-PPOPIP-p005,44.4223,171,348,RLPolicy,1,0,0.0719898,3.46574,2.99573,7,5.93401,354,360,5.44764,588,1.00729
E3-PPOPIP-p005,44.4275,353,543,RLPolicy,1,0,0.0983136,4.85203,2.99573,9,5.03464,304,312,4.5671,588,1.01163
E3-PPOPIP-p005,44.4278,422,40,RLPolicy,1,0,0.00924368,4.85203,2.99573,9,4.57739,233,241,4.0355,588,1.00817
E3-PPOPIP-p005,44.4309,108,273,RLPolicy,1,1,0.0506381,2.77259,2.99573,6,6.15778,127,253,5.74357,588,0.981911
E3-PPOPIP-p005,44.4329,214,453,RLPolicy,1,0,0.0707198,3.46574,2.99573,7,6.09123,290,296,5.42995,588,1.00729
E3-PPOPIP-p005,44.4446,387,314,RLPolicy,1,0,0.106206,3.31159,2.99573,7,5.18489,124,130,4.81219,588,0.995456
E3-PPOPIP-p005,44.4532,28,457,RLPolicy,1,1,0.0334152,2.77259,2.99573,6,7.32633,209,239,6.63075,588,0.963229
E3-PPOPIP-p005,44.4551,256,572,RLPolicy,0,0,0.0841008,5.54518,2.99573,9,5.95188,201,209,5.50761,588,1.0198
E3-PPOPIP-p005,44.4579,184,495,RLPolicy,1,0,0.0547912,4.15888,2.99573,8,7.13221,300,307,6.65687,588,1.00575
E3-PPOPIP-p005,44.4647,441,547,RLPolicy,1,0,0.00849082,4.15888,2.99573,8,5.64276,380,387,5.19512,588,1.00582
E3-PPOPIP-p005,44.4648,303,510,RLPolicy,1,0,0.0901788,4.85203,2.99573,9,4.75704,189,197,4.06878,588,1.03019
E3-PPOPIP-p005,44.4663,72,101,RLPolicy,1,0,0.0414712,4.85203,2.99573,9,5.52181,195,203,5.01678,588,1.02808
E3-PPOPIP-p005,44.4724,258,348,RLPolicy,1,0,0.0746535,3.46574,2.99573,7,6.65786,271,277,6.09744,588,0.999121
E3-PPOPIP-p005,44.4732,133,248,RLPolicy,1,1,0.0416107,2.07944,2.99573,5,8.77882,35,310,7.95425,588,0.985377
E3-PPOPIP-p005,44.4739,457,424,RLPolicy,1,1,0.119505,2.77259,2.99573,6,5.46435,254,281,4.92854,588,0.998884
E3-PPOPIP-p005,44.4806,85,554,RLPolicy,1,0,0.0084581,4.15888,2.99573,8,4.62222,87,94,4.33515,588,1.02227
E3-PPOPIP-p005,44.4809,18,566,RLPolicy,1,0,0.00968583,4.24127,2.99573,9,5.30651,515,523,4.87987,588,0.981233
E3-PPOPIP-p005,44.4812,395,51,RLPolicy,1,1,0.109158,2.77259,2.99573,6,5.97215,327,345,5.61427,588,0.997769
E3-PPOPIP-p005,44.5032,212,101,RLPolicy,1,0,0.063193,4.85203,2.99573,9,7.15766,385,393,6.60339,588,1.01414
E3-PPOPIP-p005,44.5044,6,148,RLPolicy,1,1,0.034525,2.46721,2.99573,6,5.25481,151,269,4.71527,588,0.978418
E3-PPOPIP-p005,44.5086,341,205,RLPolicy,1,0,0.0871934,3.46574,2.99573,7,5.25334,145,151,4.84141,588,1.00593
E3-PPOPIP-p005,44.5096,149,410,RLPolicy,1,0,0.00682971,3.31159,2.99573,7,5.56032,375,381,4.95438,588,0.974975
E3-PPOPIP-p005,44.5096,106,557,RLPolicy,1,1,0.0471578,2.07944,2.99573,5,4.96346,58,195,4.48697,588,0.979561
E3-PPOPIP-p005,44.5102,486,500,RLPolicy,1,1,0.121653,2.07944,2.99573,5,5.11589,97,252,4.5629,588,0.995419
E3-PPOPIP-p005,44.5148,78,91,RLPolicy,1,0,0.0490674,4.15888,2.99573,8,11.7308,404,411,10.9364,588,1.01757
E3-PPOPIP-p005,44.5169,127,237,RLPolicy,0,0,0.00927022,5.54518,2.99573,9,6.36439,418,426,6.14223,2,0.974861
E3-PPOPIP-p005,44.5273,290,585,RLPolicy,1,0,0.0861077,4.15888,2.99573,8,6.34086,368,375,5.71219,588,1.0141
E3-PPOPIP-p005,44.5296,369,50,RLPolicy,1,0,0.095182,4.3412,2.99573,8,4.92692,211,218,4.56648,588,1.02529
E3-PPOPIP-p005,44.5313,124,576,RLPolicy,1,0,0.0623922,3.46574,2.99573,7,8.39619,278,284,7.68386,588,0.986493
E3-PPOPIP-p005,44.5389,402,276,RLPolicy,1,1,0.0980004,2.07944,2.99573,5,6.80869,57,235,6.04715,588,0.993187
E3-PPOPIP-p005,44.5552,237,527,RLPolicy,1,0,0.0080185,3.46574,2.99573,7,6.11897,201,207,5.75402,588,0.974861
E3-PPOPIP-p005,44.5645,448,247,RLPolicy,1,0,0.00772348,3.31159,2.99573,7,5.05798,261,267,4.7112,588,1.00393
E3-PPOPIP-p005,44.5773,176,541,RLPolicy,1,0,0.0618336,3.31159,2.99573,7,4.53526,150,156,4.22369,588,1.00493
E3-PPOPIP-p005,44.5774,361,154,RLPolicy,1,0,0.11086,3.46574,2.99573,7,4.87896,188,194,4.58873,588,0.992071
E3-PPOPIP-p005,44.5787,331,51,RLPolicy,1,0,0.0861014,4.85203,2.99573,9,6.06363,422,430,5.14181,588,1.01633
E3-PPOPIP-p005,44.5813,245,145,RLPolicy,1,0,0.0650484,4.15888,2.99573,8,6.39221,355,362,5.66433,588,0.998006
E3-PPOPIP-p005,44.6005,119,524,RLPolicy,1,0,0.0470957,4.85203,2.99573,9,6.07127,266,274,5.54099,588,1.00708
E3-PPOPIP-p005,44.6015,358,573,RLPolicy,1,0,0.00728363,3.46574,2.99573,7,7.14293,310,316,6.53889,588,1.00135
E3-PPOPIP-p005,44.602,47,464,RLPolicy,1,1,0.0441065,2.92428,2.99573,8,5.16663,439,474,4.54253,588,0.979325
E3-PPOPIP-p005,44.6026,13,462,RLPolicy,1,1,0.0288173,0.693147,2.99573,3,7.16023,0,121,6.67612,588,0.962019
E3-PPOPIP-p005,44.6047,316,458,RLPolicy,1,1,0.0788559,2.77259,2.99573,6,4.57916,89,370,4.12633,588,0.997887
E3-PPOPIP-p005,44.6093,145,588,RLPolicy,1,1,0.0496893,2.77259,2.99573,6,6.74138,65,344,6.12796,588,1.02573
E3-PPOPIP-p005,44.6113,321,366,RLPolicy,1,1,0.105365,2.61844,2.99573,6,4.704,194,239,4.40086,588,1.00216
E3-PPOPIP-p005,44.6178,344,379,RLPolicy,1,0,0.097871,4.85203,2.99573,9,9.95999,370,378,9.5161,588,1.03019
E3-PPOPIP-p005,44.6184,306,64,RLPolicy,1,0,0.103033,3.46574,2.99573,7,5.04146,316,322,4.63214,588,0.996771
E3-PPOPIP-p005,44.6235,455,281,RLPolicy,1,1,0.110668,2.07944,2.99573,5,4.60262,26,57,4.42214,588,1.00123
E3-PPOPIP-p005,44.6252,364,486,RLPolicy,1,1,0.096723,2.31014,2.99573,6,5.24498,70,131,4.86892,588,0.993225
E3-PPOPIP-p005,44.635,147,466,RLPolicy,1,1,0.063587,2.07944,2.99573,5,5.58316,79,187,5.14581,588,0.993462
E3-PPOPIP-p005,44.6362,163,473,RLPolicy,1,1,0.05782,1.38629,2.99573,4,5.77253,0,146,5.3039,588,0.993424
E3-PPOPIP-p005,44.6521,90,167,RLPolicy,1,1,0.0425488,2.77259,2.99573,6,5.23334,199,221,4.78702,588,1.00382
E3-PPOPIP-p005,44.6569,350,381,RLPolicy,1,1,0.0867741,2.07944,2.99573,5,6.67673,58,205,6.14679,588,1.00828
E3-PPOPIP-p005,44.6583,406,380,RLPolicy,1,0,0.10284,3.46574,2.99573,7,6.85091,354,360,6.37875,588,1.00012
E3-PPOPIP-p005,44.6636,287,1,RLPolicy,1,1,0.0793018,2.77259,2.99573,6,5.7831,132,145,5.33824,588,1.01043
E3-PPOPIP-p005,44.6672,273,90,RLPolicy,1,1,0.0885142,2.77259,2.99573,6,7.12213,311,316,6.65763,588,0.981022
E3-PPOPIP-p005,44.6769,418,576,RLPolicy,1,1,0.101823,2.77259,2.99573,6,6.33652,277,352,5.84389,588,1.00012
E3-PPOPIP-p005,44.6791,382,195,RLPolicy,0,0,0.108068,5.54518,2.99573,9,4.70326,443,451,4.40274,2,1.01745
E3-PPOPIP-p005,44.6839,410,566,RLPolicy,1,0,0.104698,4.15888,2.99573,8,6.72578,295,302,6.05164,588,1.01052
E3-PPOPIP-p005,44.6945,141,171,RLPolicy,1,0,0.066853,4.15888,2.99573,8,7.24019,447,454,6.58249,588,1.03266
E3-PPOPIP-p005,44.6959,192,428,RLPolicy,0,0,0.0674035,5.54518,2.99573,9,5.21455,84,92,5.07181,2,1.01175
E3-PPOPIP-p005,44.6982,268,507,RLPolicy,1,1,0.0763468,2.07944,2.99573,5,7.46669,93,229,6.96812,588,0.981793
E3-PPOPIP-p005,44.6991,483,590,RLPolicy,1,0,0.119832,4.85203,2.99573,9,5.60936,206,214,5.04912,588,1.00928
E3-PPOPIP-p005,44.7006,202,356,RLPolicy,1,1,0.0750765,2.77259,2.99573,6,5.95057,254,319,5.30371,588,1.00127
E3-PPOPIP-p005,44.7033,193,248,RLPolicy,1,1,0.0683635,2.77259,2.99573,6,5.60366,262,294,5.11337,588,1.01645
E3-PPOPIP-p005,44.7076,15,449,RLPolicy,1,0,0.0227492,3.16035,2.99573,7,4.69721,115,121,4.36597,588,1.00664
E3-PPOPIP-p005,44.71,36,511,RLPolicy,1,0,0.0260794,3.54812,2.99573,8,9.22594,384,391,8.66206,588,1.01751
E3-PPOPIP-p005,44.712,332,240,RLPolicy,1,1,0.101079,2.77259,2.99573,6,6.81682,206,237,6.43287,588,1.00482
E3-PPOPIP-p005,44.7134,247,523,RLPolicy,1,0,0.0782955,3.46574,2.99573,7,4.60443,295,301,4.32914,588,1.00259
E3-PPOPIP-p005,44.7237,260,542,RLPolicy,1,1,0.0713947,2.77259,2.99573,6,7.23857,244,309,6.11531,588,0.98984
E3-PPOPIP-p005,44.7285,444,550,RLPolicy,1,0,0.00799741,4.00473,2.99573,8,6.00564,301,308,5.29757,588,1.01009
E3-PPOPIP-p005,44.7314,135,292,RLPolicy,1,0,0.0068435,3.46574,2.99573,7,11.0141,392,398,10.5132,588,0.985377
E3-PPOPIP-p005,44.7325,318,277,RLPolicy,0,0,0.0860995,0.693147,2.99573,2,4.06189,0,1,4.00221,588,1
E3-PPOPIP-p005,44.7367,327,63,RLPolicy,1,1,0.086229,2.07944,2.99573,5,6.09967,37,208,5.14875,588,1.0037
E3-PPOPIP-p005,44.7389,229,239,RLPolicy,0,0,0.0779652,5.54518,2.99573,9,9.34579,424,432,8.57832,588,1.0198
E3-PPOPIP-p005,44.7418,251,456,RLPolicy,1,0,0.0668652,4.15888,2.99573,8,5.84405,337,344,5.44529,588,0.992998
E3-PPOPIP-p005,44.7426,156,391,RLPolicy,1,1,0.0589222,2.77259,2.99573,6,5.80222,201,329,5.39875,588,0.983027
E3-PPOPIP-p005,44.7626,277,318,RLPolicy,0,0,0.0746809,0.693147,2.99573,2,8.50293,0,1,8.40142,588,1
E3-PPOPIP-p005,44.7675,471,26,RLPolicy,1,0,0.114791,3.46574,2.99573,7,7.42514,360,366,6.79207,588,1.00235
E3-PPOPIP-p005,44.7677,248,257,RLPolicy,1,1,0.0608719,2.77259,2.99573,6,5.70533,41,224,5.03667,588,0.979136
E3-PPOPIP-p005,44.7705,310,265,RLPolicy,1,1,0.0765112,0.693147,2.99573,3,4.27668,0,134,4.07076,588,0.986256
E3-PPOPIP-p005,44.7735,408,358,RLPolicy,1,0,0.117306,4.15888,2.99573,8,7.04894,456,463,6.14905,588,1.0047
E3-PPOPIP-p005,44.7751,138,535,RLPolicy,1,1,0.0632646,2.77259,2.99573,6,6.25575,171,179,6.03917,588,1.00382
E3-PPOPIP-p005,44.7786,51,6,RLPolicy,1,0,0.00723489,3.46574,2.99573,7,4.82798,278,284,4.51253,588,1.03736
E3-PPOPIP-p005,44.7823,88,381,RLPolicy,1,1,0.0566733,2.77259,2.99573,6,7.38387,139,398,6.85564,588,1.03278
E3-PPOPIP-p005,44.7841,153,577,RLPolicy,1,0,0.069384,4.00473,2.99573,8,5.58739,194,201,5.32116,588,0.999316
E3-PPOPIP-p005,44.7907,99,562,RLPolicy,1,0,0.0495815,3.46574,2.99573,7,5.82619,152,158,5.53711,588,0.992309
E3-PPOPIP-p005,44.7911,232,394,RLPolicy,1,1,0.0577139,2.07944,2.99573,5,5.94986,26,246,5.36262,588,0.97332
E3-PPOPIP-p005,44.7922,375,6,RLPolicy,1,0,0.0944398,4.15888,2.99573,8,5.65432,437,444,4.93067,588,0.993187
E3-PPOPIP-p005,44.7944,454,534,RLPolicy,0,0,0.114084,5.7275,2.99573,9,3.93613,221,229,3.60208,588,1
E3-PPOPIP-p005,44.8035,168,187,RLPolicy,0,0,0.0706311,5.54518,2.99573,9,5.69664,533,541,5.39934,2,0.989959
E3-PPOPIP-p005,44.8131,14,34,RLPolicy,1,1,0.0346027,2.77259,2.99573,6,4.88404,178,200,4.49719,588,1.02527
E3-PPOPIP-p005,44.8147,355,308,RLPolicy,1,0,0.0951495,4.00473,2.99573,8,10.6713,370,377,7.90149,588,1.00251
E3-PPOPIP-p005,44.8149,16,345,RLPolicy,1,0,0.0345868,4.24127,2.99573,9,4.17779,503,511,3.80195,588,0.97716
E3-PPOPIP-p005,44.817,466,369,RLPolicy,0,0,0.12375,5.39103,2.99573,9,9.13705,222,230,8.61163,588,1
E3-PPOPIP-p005,44.8188,459,177,RLPolicy,1,1,0.110569,2.77259,2.99573,6,7.29192,208,217,6.73932,588,0.998884
E3-PPOPIP-p005,44.8287,9,151,RLPolicy,1,1,0.0408746,2.77259,2.99573,6,7.79024,94,309,7.27867,588,0.984501
E3-PPOPIP-p005,44.8317,132,372,RLPolicy,1,0,0.0449003,3.46574,2.99573,7,8.43285,210,216,7.95568,588,0.99689
E3-PPOPIP-p005,44.8325,160,499,RLPolicy,0,0,0.0558431,5.54518,2.99573,9,4.34685,195,203,3.81599,588,1.01745
E3-PPOPIP-p005,44.8381,130,264,RLPolicy,1,1,0.0521259,2.95491,2.99573,6,12.678,57,66,12.3996,588,1.03134
E3-PPOPIP-p005,44.8439,26,170,RLPolicy,1,0,0.00970373,4.24127,2.99573,9,9.16459,402,410,8.24664,588,1.0188
E3-PPOPIP-p005,44.8567,197,53,RLPolicy,1,0,0.0670788,4.85203,2.99573,9,5.97439,369,377,5.34433,588,1.00238
E3-PPOPIP-p005,44.8608,173,424,RLPolicy,1,1,0.0682293,1.92529,2.99573,5,5.44582,111,254,5.11083,588,0.98722
E3-PPOPIP-p005,44.861,297,397,RLPolicy,1,1,0.0803081,2.07944,2.99573,5,7.51574,60,223,6.74188,588,0.999121
E3-PPOPIP-p005,44.8666,464,181,RLPolicy,1,1,0.00665475,2.77259,2.99573,6,5.37489,186,199,4.99863,588,0.998884
E3-PPOPIP-p005,44.8702,252,371,RLPolicy,0,0,0.00969222,5.54518,2.99573,9,4.93966,392,400,4.54564,588,1.00828
E3-PPOPIP-p005,44.8771,263,159,RLPolicy,0,0,0.0838661,5.54518,2.99573,9,6.02264,419,427,5.20608,588,1.01175
E3-PPOPIP-p005,44.8775,352,76,RLPolicy,1,1,0.084556,2.07944,2.99573,5,6.62127,9,262,6.01736,588,0.993187
E3-PPOPIP-p005,44.8776,62,361,RLPolicy,1,1,0.0481246,2.46721,2.99573,6,5.64758,266,346,5.34293,588,0.973453
E3-PPOPIP-p005,44.8782,312,571,RLPolicy,1,0,0.0916423,3.31159,2.99573,7,5.36292,378,384,4.92979,588,0.998696
E3-PPOPIP-p005,44.8788,329,202,RLPolicy,1,1,0.0808774,2.77259,2.99573,6,5.51847,180,343,4.95245,588,1.01522
E3-PPOPIP-p005,44.8805,368,521,RLPolicy,1,0,0.101931,4.85203,2.99573,9,4.95943,501,509,4.28799,588,1.02673
E3-PPOPIP-p005,44.8808,144,561,RLPolicy,1,1,0.0556455,2.07944,2.99573,5,6.32576,56,180,5.95844,588,1.02573
E3-PPOPIP-p005,44.8852,217,113,RLPolicy,1,1,0.0798422,1.92529,2.99573,5,6.67727,61,239,6.13171,588,0.981868
E3-PPOPIP-p005,44.8936,126,111,RLPolicy,1,1,0.0542962,2.77259,2.99573,6,5.44987,85,375,4.89231,588,0.991193
E3-PPOPIP-p005,44.8989,209,488,RLPolicy,0,0,0.0658039,5.54518,2.99573,9,5.22904,331,339,4.53817,588,0.983906
E3-PPOPIP-p005,44.9008,265,12,RLPolicy,1,1,0.0895557,2.77259,2.99573,6,6.59983,275,292,5.66499,588,1.00259
E3-PPOPIP-p005,44.9038,155,65,RLPolicy,1,0,0.0650958,4.85203,2.99573,9,5.17898,223,231,4.7153,588,1.00763
E3-PPOPIP-p005,44.9097,80,186,RLPolicy,1,1,0.0436841,2.07944,2.99573,5,6.89469,65,225,6.27291,588,1.00036
E3-PPOPIP-p005,44.9114,143,165,RLPolicy,1,0,0.0545609,3.46574,2.99573,7,5.00437,84,90,4.66102,588,1.03704
E3-PPOPIP-p005,44.9283,276,546,RLPolicy,1,1,0.0736487,2.77259,2.99573,6,9.31535,43,326,8.58873,588,0.993306
E3-PPOPIP-p005,44.9414,433,4,RLPolicy,1,0,0.119501,4.15888,2.99573,8,5.07225,350,357,4.73501,588,1.0047
E3-PPOPIP-p005,44.9478,161,29,RLPolicy,1,0,0.0697998,3.31159,2.99573,7,5.31783,156,162,4.9423,588,0.968955
E3-PPOPIP-p005,44.9601,363,84,RLPolicy,1,0,0.0940171,4.85203,2.99573,9,6.88397,213,221,6.06028,588,1.01287
E3-PPOPIP-p005,44.9648,205,54,RLPolicy,1,0,0.0772036,3.46574,2.99573,7,6.94771,143,149,6.4459,588,1.01422
E3-PPOPIP-p005,44.9654,40,369,RLPolicy,1,0,0.0391757,4.54665,2.99573,9,6.55781,316,324,5.78792,588,0.988261
E3-PPOPIP-p005,44.9679,56,395,RLPolicy,1,1,0.0389262,2.77259,2.99573,6,6.01371,69,273,5.41863,588,0.997713
E3-PPOPIP-p005,44.9684,96,249,RLPolicy,1,1,0.0380468,1.38629,2.99573,4,6.12824,0,139,5.68192,588,0.983027
E3-PPOPIP-p005,44.9707,302,84,RLPolicy,1,1,0.096099,0.693147,2.99573,3,5.94988,0,105,5.64721,588,0.982908
E3-PPOPIP-p005,44.9784,477,369,RLPolicy,0,0,0.118322,5.54518,2.99573,9,7.0231,368,376,6.27699,588,1
E3-PPOPIP-p005,44.9821,370,83,RLPolicy,1,1,0.0910932,2.77259,2.99573,6,4.76284,241,276,4.31188,588,0.996653
E3-PPOPIP-p005,44.9825,151,38,RLPolicy,1,1,0.0402541,1.70215,2.99573,5,6.39524,25,306,5.80348,588,0.962729
E3-PPOPIP-p005,44.985,206,464,RLPolicy,1,1,0.00570445,2.77259,2.99573,6,9.62986,189,201,8.53337,588,1.00382
E3-PPOPIP-p005,44.9978,428,485,RLPolicy,1,0,0.00969985,4.85203,2.99573,9,5.16127,297,305,4.62599,588,1.01052
E3-PPOPIP-p005,45.0062,442,36,RLPolicy,1,0,0.109403,4.15888,2.99573,8,5.10316,326,333,4.47461,589,1.0047
E3-PPOPIP-p005,45.0111,322,156,RLPolicy,1,0,0.0811938,3.46574,2.99573,7,5.60691,269,275,4.88998,589,1.00024
E3-PPOPIP-p005,45.0271,425,528,RLPolicy,1,1,0.102068,2.77259,2.99573,6,6.45589,79,350,5.62151,589,1.00239
E3-PPOPIP-p005,45.0274,110,183,RLPolicy,0,0,0.0380861,5.54518,2.99573,9,4.22853,279,287,3.63082,589,1.02932
E3-PPOPIP-p005,45.029,411,289,RLPolicy,1,1,0.105382,2.77259,2.99573,6,5.96109,72,81,5.55738,589,1.0047
E3-PPOPIP-p005,45.0415,323,591,RLPolicy,1,1,0.0810746,2.07944,2.99573,5,5.92734,35,161,5.47908,589,0.987286
E3-PPOPIP-p005,45.0456,478,144,RLPolicy,1,0,0.00869861,4.15888,2.99573,8,7.09505,421,428,6.08678,589,1.00582
E3-PPOPIP-p005,45.0461,201,248,RLPolicy,1,1,0.0584545,1.92529,2.99573,5,7.16622,0,289,6.32942,589,0.979173
E3-PPOPIP-p005,45.0479,283,590,RLPolicy,1,0,0.0771239,3.46574,2.99573,7,4.54418,207,213,4.28666,589,1.03031
E3-PPOPIP-p005,45.0514,280,228,RLPolicy,0,0,0.067239,0.693147,2.99573,2,6.95256,0,1,6.85737,589,0.997769
E3-PPOPIP-p005,45.0538,449,561,RLPolicy,1,1,0.10823,2.77259,2.99573,6,4.95001,121,288,4.58664,589,1.00817
E3-PPOPIP-p005,45.0541,123,478,RLPolicy,1,0,0.00810239,4.15888,2.99573,8,4.82984,267,274,4.33498,589,1.03501
E3-PPOPIP-p005,45.0587,20,343,RLPolicy,1,1,0.0397821,2.85497,2.99573,7,5.88059,74,366,5.48088,589,0.976456
E3-PPOPIP-p005,45.06,3,530,RLPolicy,1,0,0.00850379,4.15888,2.99573,8,6.33714,421,428,5.84141,589,1.01673
E3-PPOPIP-p005,45.0602,19,198,RLPolicy,1,1,0.0414408,2.93736,2.99573,8,6.35067,461,474,5.78062,589,1.00113
E3-PPOPIP-p005,45.066,463,582,RLPolicy,1,0,0.00798318,3.46574,2.99573,7,5.24677,335,341,4.85202,589,1.00235
E3-PPOPIP-p005,45.0676,367,539,RLPolicy,1,1,0.0885961,2.07944,2.99573,5,6.26101,5,200,5.73784,589,0.988606
E3-PPOPIP-p005,45.0788,307,309,RLPolicy,1,1,0.0925473,2.77259,2.99573,6,4.66561,294,316,4.34096,589,0.979443
E3-PPOPIP-p005,45.0827,210,114,RLPolicy,0,0,0.0754886,5.39103,2.99573,9,5.43165,178,186,4.88932,589,1.01055
E3-PPOPIP-p005,45.083,128,181,RLPolicy,1,0,0.00750698,3.46574,2.99573,7,6.41143,299,305,5.93187,589,0.980677
E3-PPOPIP-p005,45.0867,177,547,RLPolicy,1,0,0.0471601,3.46574,2.99573,7,4.76556,248,254,4.51075,589,0.978791
E3-PPOPIP-p005,45.0895,45,68,RLPolicy,1,1,0.0424377,2.77259,2.99573,6,4.22021,61,83,4.04761,589,1.01093
E3-PPOPIP-p005,45.092,377,329,RLPolicy,1,0,0.0966781,3.46574,2.99573,7,4.96631,359,365,4.60867,589,1.00593
E3-PPOPIP-p005,45.093,267,115,RLPolicy,1,1,0.0646183,2.07944,2.99573,5,7.17397,94,206,6.74993,589,0.99219
E3-PPOPIP-p005,45.0988,432,141,RLPolicy,1,0,0.00868837,4.15888,2.99573,8,5.03015,394,401,4.65891,589,1.0047
E3-PPOPIP-p005,45.0993,46,184,RLPolicy,1,0,0.0402815,3.22967,2.99573,8,4.7997,417,424,4.34366,589,1.00842
E3-PPOPIP-p005,45.0997,228,280,RLPolicy,0,0,0.0686573,0.693147,2.99573,2,4.73666,0,1,4.65349,589,1.00235
E3-PPOPIP-p005,45.1092,300,440,RLPolicy,1,0,0.00849812,4.15888,2.99573,8,7.21044,283,290,6.68037,590,1.01757
E3-PPOPIP-p005,45.1136,43,125,RLPolicy,1,1,0.0390168,2.46721,2.99573,6,6.49129,56,320,5.76669,590,0.94444
E3-PPOPIP-p005,45.1147,446,176,RLPolicy,1,1,0.117174,2.77259,2.99573,6,5.0195,181,201,4.50044,590,0.993532
E3-PPOPIP-p005,45.1171,196,10,RLPolicy,1,1,0.0539493,2.07944,2.99573,5,6.35042,84,166,5.93746,590,0.99219
E3-PPOPIP-p005,45.1238,102,199,RLPolicy,1,0,0.0569224,3.31159,2.99573,7,5.42284,339,345,4.91179,590,0.956709
E3-PPOPIP-p005,45.1243,254,65,RLPolicy,1,0,0.0835187,4.15888,2.99573,8,5.22464,384,391,4.77451,590,1.00494
E3-PPOPIP-p005,45.1245,346,525,RLPolicy,0,0,0.094669,5.54518,2.99573,9,6.70983,222,230,6.10601,590,0.994303
E3-PPOPIP-p005,45.1347,343,483,RLPolicy,1,1,0.0857056,1.92529,2.99573,5,6.21244,52,197,5.72667,590,0.986719
E3-PPOPIP-p005,45.137,489,373,RLPolicy,1,1,0.11379,2.77259,2.99573,6,5.6031,178,224,5.15697,590,0.998884
E3-PPOPIP-p005,45.1394,12,353,RLPolicy,1,1,0.029244,2.07944,2.99573,5,5.81092,57,177,5.43604,590,0.935861
E3-PPOPIP-p005,45.1401,308,540,RLPolicy,1,0,0.0912833,4.00473,2.99573,8,3.9424,348,355,3.51617,590,1.00331
E3-PPOPIP-p005,45.1404,158,269,RLPolicy,1,1,0.0507223,2.61844,2.99573,6,5.68729,155,314,5.14054,590,1.01221
E3-PPOPIP-p005,45.1406,328,405,RLPolicy,1,1,0.09085,2.07944,2.99573,5,5.83035,59,149,5.42579,590,0.977912
E3-PPOPIP-p005,45.141,430,261,RLPolicy,1,1,0.115075,2.61844,2.99573,6,6.80625,59,265,6.33585,590,0.992416
E3-PPOPIP-p005,45.1454,63,206,RLPolicy,1,0,0.00727773,3.46574,2.99573,7,4.1274,311,317,3.85192,590,1.02585
E3-PPOPIP-p005,45.1482,234,434,RLPolicy,1,1,0.0616457,2.77259,2.99573,6,4.86206,84,332,4.45686,590,1.00024
E3-PPOPIP-p005,45.1508,81,450,RLPolicy,1,1,0.0386827,2.77259,2.99573,6,6.13622,192,199,5.791,590,0.992309
E3-PPOPIP-p005,45.1525,392,177,RLPolicy,1,1,0.095995,2.07944,2.99573,5,5.88208,65,323,5.36618,590,0.988606
E3-PPOPIP-p005,45.1539,409,452,RLPolicy,0,0,0.00237836,1.38629,2.99573,3,6.54502,1,3,6.30857,590,1.00582
E3-PPOPIP-p005,45.1549,438,526,RLPolicy,1,0,0.118337,4.85203,2.99573,9,5.54801,275,283,4.80017,590,1.0151
E3-PPOPIP-p005,45.1582,250,390,RLPolicy,1,1,0.0849658,2.77259,2.99573,6,5.47024,279,292,4.94432,590,1.03378
E3-PPOPIP-p005,45.1626,25,193,RLPolicy,1,1,0.0415464,2.77259,2.99573,6,6.82126,203,225,6.28397,590,0.970467
E3-PPOPIP-p005,45.1632,282,364,RLPolicy,1,1,0.0745713,2.77259,2.99573,6,6.97214,230,341,6.48057,590,1.00259
E3-PPOPIP-p005,45.1672,225,368,RLPolicy,1,1,0.053917,2.77259,2.99573,6,6.85261,90,332,6.02119,590,0.986493
E3-PPOPIP-p005,45.1722,105,181,RLPolicy,1,0,0.0581868,3.46574,2.99573,7,5.40306,282,288,5.01674,590,0.994659
E3-PPOPIP-p005,45.1745,415,13,RLPolicy,1,1,0.100882,2.77259,2.99573,6,7.71174,249,295,6.94902,590,0.993187
E3-PPOPIP-p005,45.1896,378,47,RLPolicy,1,1,0.0955089,2.07944,2.99573,5,5.53957,71,249,5.07851,590,0.999003
E3-PPOPIP-p005,45.1961,109,276,RLPolicy,1,0,0.0487843,3.46574,2.99573,7,5.49908,365,371,4.89892,590,0.99689
E3-PPOPIP-p005,45.1986,167,354,RLPolicy,1,1,0.0516886,0.693147,2.99573,3,5.61052,0,168,5.16864,590,0.97028
E3-PPOPIP-p005,45.2013,238,423,RLPolicy,1,0,0.0634523,4.85203,2.99573,9,5.28909,235,243,4.73718,593,1.01745
E3-PPOPIP-p005,45.2047,397,159,RLPolicy,1,1,0.0933559,2.77259,2.99573,6,4.05188,160,218,3.69655,593,0.995537
E3-PPOPIP-p005,45.2053,76,361,RLPolicy,1,1,0.0499761,2.07944,2.99573,5,11.1879,120,299,10.5399,593,0.983027
E3-PPOPIP-p005,45.2063,496,358,RLPolicy,1,0,0.124867,4.15888,2.99573,8,6.19736,445,452,5.67959,593,1.00582
E3-PPOPIP-p005,45.207,305,211,RLPolicy,1,0,0.0887218,3.46574,2.99573,7,6.25441,374,380,5.81893,593,1.00828
E3-PPOPIP-p005,45.2107,115,391,RLPolicy,1,1,0.0526846,2.77259,2.99573,6,6.14083,166,323,5.65789,593,1.00036
E3-PPOPIP-p005,45.2259,54,110,RLPolicy,1,0,0.034416,4.15888,2.99573,8,4.86382,206,213,4.434,593,1.03164
E3-PPOPIP-p005,45.231,275,391,RLPolicy,1,1,0.0825195,2.77259,2.99573,6,7.53923,194,335,6.98149,593,0.990568
E3-PPOPIP-p005,45.2311,342,448,RLPolicy,1,1,0.084746,2.77259,2.99573,6,6.44607,272,330,5.97319,593,0.984024
E3-PPOPIP-p005,45.2315,38,85,RLPolicy,1,0,0.0449724,3.54812,2.99573,8,5.89164,358,365,5.18342,593,0.982976
E3-PPOPIP-p005,45.237,66,315,RLPolicy,1,1,0.0452534,2.61844,2.99573,6,5.24483,145,202,4.88656,593,0.992966
E3-PPOPIP-p005,45.242,50,368,RLPolicy,1,0,0.0298687,3.46574,2.99573,7,5.96423,374,380,5.27019,593,0.994659
E3-PPOPIP-p005,45.2423,52,192,RLPolicy,1,1,0.0474275,2.77259,2.99573,6,5.42662,197,228,5.05138,593,0.946138
E3-PPOPIP-p005,45.2543,293,183,RLPolicy,1,1,0.0970173,2.07944,2.99573,5,9.13846,22,193,8.6493,593,0.999121
E3-PPOPIP-p005,45.2603,180,397,RLPolicy,1,1,0.0638264,2.61844,2.99573,6,5.09163,110,165,4.75367,593,0.994578
E3-PPOPIP-p005,45.2636,39,553,RLPolicy,1,1,0.0510355,2.07944,2.99573,5,7.66556,39,194,7.27266,593,0.979389
E3-PPOPIP-p005,45.2664,347,416,RLPolicy,1,1,0.088348,2.46429,2.99573,6,8.97573,104,319,8.40503,593,1.00251
E3-PPOPIP-p005,45.2725,95,147,RLPolicy,1,1,0.0439413,2.77259,2.99573,6,6.80948,106,333,5.93492,593,0.983027
E3-PPOPIP-p005,45.2759,348,262,RLPolicy,1,1,0.0867386,2.77259,2.99573,6,7.06008,197,234,6.56086,593,0.994421
E3-PPOPIP-p005,45.2763,281,336,RLPolicy,1,1,0.0818492,2.77259,2.99573,6,5.49724,87,132,5.13566,593,0.988724
E3-PPOPIP-p005,45.28,226,561,RLPolicy,1,0,0.00965862,4.85203,2.99573,9,7.50958,226,234,6.71355,593,1.01992
E3-PPOPIP-p005,45.2872,59,264,RLPolicy,1,1,0.0475939,2.77259,2.99573,6,6.51336,218,246,5.99378,593,0.964583
E3-PPOPIP-p005,45.2882,162,478,RLPolicy,1,0,0.00810659,4.15888,2.99573,8,5.43473,324,331,4.71926,593,1.02103
E3-PPOPIP-p005,45.2982,380,118,RLPolicy,1,0,0.0991984,3.46574,2.99573,7,4.82819,245,251,4.41759,593,1.0094
E3-PPOPIP-p005,45.3034,339,180,RLPolicy,1,1,0.10709,2.77259,2.99573,6,6.34974,183,216,6.02858,593,0.994421
E3-PPOPIP-p005,45.3052,473,147,RLPolicy,1,1,0.114794,2.77259,2.99573,6,6.64464,90,340,5.74227,593,0.998884
E3-PPOPIP-p005,45.3079,114,3,RLPolicy,1,1,0.0413133,1.38629,2.99573,4,4.52763,0,102,4.19482,593,1.00897
E3-PPOPIP-p005,45.3116,49,596,RLPolicy,1,1,0.0244076,2.77259,2.99573,6,5.11235,89,103,4.67826,593,1.00828
E3-PPOPIP-p005,45.3154,416,456,RLPolicy,0,0,0.110212,5.54518,2.99573,9,7.28052,377,385,6.8005,593,1.00123
E3-PPOPIP-p005,45.3155,278,429,RLPolicy,1,1,0.0779478,2.07944,2.99573,5,6.73895,79,151,6.39149,593,0.985259
E3-PPOPIP-p005,45.317,68,233,RLPolicy,1,1,0.03369,0.693147,2.99573,3,3.99228,0,53,3.87788,593,1.02534
E3-PPOPIP-p005,45.3184,86,505,RLPolicy,1,1,0.00605684,2.77259,2.99573,6,6.16984,226,240,5.67768,593,1.03848
E3-PPOPIP-p005,45.3214,172,74,RLPolicy,1,1,0.0551035,2.07944,2.99573,5,5.61481,44,317,5.20954,593,0.955301
E3-PPOPIP-p005,45.3263,450,406,RLPolicy,1,1,0.109679,2.77259,2.99573,6,5.72854,132,229,5.39557,593,0.997769
E3-PPOPIP-p005,45.3274,269,570,RLPolicy,1,1,0.0683621,2.77259,2.99573,6,4.5215,69,308,4.0219,593,1.00135
E3-PPOPIP-p005,45.3299,195,188,RLPolicy,0,0,0.00970735,5.54518,2.99573,9,10.049,366,374,8.8019,593,1.0005
E3-PPOPIP-p005,45.3368,482,179,RLPolicy,1,1,0.124858,2.77259,2.99573,6,7.21659,265,317,6.54845,593,0.998884
E3-PPOPIP-p005,45.3471,1,433,RLPolicy,1,1,0.034966,2.85497,2.99573,7,5.78219,193,368,5.22875,593,0.993253
E3-PPOPIP-p005,45.3536,266,157,RLPolicy,1,1,0.0690529,2.07944,2.99573,5,6.93201,77,312,6.34809,593,0.988724
E3-PPOPIP-p005,45.3617,299,55,RLPolicy,1,0,0.00805757,4.15888,2.99573,8,6.67104,451,458,5.94044,593,1.02338
E3-PPOPIP-p005,45.3654,7,179,RLPolicy,1,1,0.0452304,2.46721,2.99573,6,7.2773,94,334,6.51148,593,0.966068
E3-PPOPIP-p005,45.3705,462,297,RLPolicy,0,0,0.00920692,5.54518,2.99573,9,4.87876,430,438,4.61623,3,0.995419
E3-PPOPIP-p005,45.379,262,544,RLPolicy,1,0,0.0683443,3.46574,2.99573,7,6.37948,296,302,5.71884,593,1.00147
E3-PPOPIP-p005,45.387,204,270,RLPolicy,1,1,0.0620536,2.77259,2.99573,6,8.10298,155,286,7.37384,593,0.977211
E3-PPOPIP-p005,45.3884,413,36,RLPolicy,1,0,0.108593,4.15888,2.99573,8,6.26736,96,103,5.6237,593,1.01745
E3-PPOPIP-p005,45.3911,8,224,RLPolicy,1,1,0.0434797,2.85497,2.99573,7,6.6862,299,329,6.12516,593,1.00729
E3-PPOPIP-p005,45.3945,390,195,RLPolicy,1,1,0.0919341,1.38629,2.99573,4,5.84957,0,236,5.29286,593,0.98279
E3-PPOPIP-p005,45.3991,447,166,RLPolicy,1,0,0.00812235,4.15888,2.99573,8,5.18235,307,314,4.80541,593,0.997769
E3-PPOPIP-p005,45.3993,186,93,RLPolicy,1,1,0.0638804,2.31014,2.99573,6,6.6951,236,304,6.19828,593,0.965736
E3-PPOPIP-p005,45.4017,400,284,RLPolicy,1,1,0.00605069,2.77259,2.99573,6,5.28657,198,230,4.84463,594,0.995537
E3-PPOPIP-p005,45.4081,376,58,RLPolicy,1,1,0.0989304,2.77259,2.99573,6,6.65538,300,313,6.27743,594,1.00593
E3-PPOPIP-p005,45.4143,97,479,RLPolicy,1,1,0.0539784,2.07944,2.99573,5,14.4961,55,310,13.9128,594,0.97498
E3-PPOPIP-p005,45.4145,479,420,RLPolicy,1,1,0.114483,2.07944,2.99573,5,5.76998,41,218,5.26331,594,0.995419
E3-PPOPIP-p005,45.4152,357,514,RLPolicy,1,0,0.0945759,4.85203,2.99573,9,5.58512,190,198,5.06183,594,1.01398
E3-PPOPIP-p005,45.416,17,406,RLPolicy,1,1,0.037317,2.77259,2.99573,6,3.91922,258,294,3.66409,594,1.0057
E3-PPOPIP-p005,45.4164,414,170,RLPolicy,1,0,0.116128,4.85203,2.99573,9,5.66094,526,534,5.07092,594,1.02091
E3-PPOPIP-p005,45.4189,103,501,RLPolicy,1,0,0.0573522,4.15888,2.99573,8,4.89686,370,377,4.29836,594,1.00717
E3-PPOPIP-p005,45.4203,207,234,RLPolicy,1,1,0.052089,2.07944,2.99573,5,6.91327,109,255,6.2595,594,0.991074
E3-PPOPIP-p005,45.4255,67,70,RLPolicy,1,1,0.0557778,2.77259,2.99573,6,5.11885,312,352,4.80062,594,0.986611
E3-PPOPIP-p005,45.4363,336,25,RLPolicy,1,1,0.0829274,2.07944,2.99573,5,5.777,95,207,5.10795,594,0.98984
E3-PPOPIP-p005,45.4407,461,27,RLPolicy,1,1,0.113824,1.92529,2.99573,5,5.58232,34,256,5.02216,594,0.990066
E3-PPOPIP-p005,45.441,311,522,RLPolicy,1,1,0.0745211,2.07944,2.99573,5,5.63446,35,285,4.95145,594,1.0037
E3-PPOPIP-p005,45.4412,384,474,RLPolicy,1,1,0.0904176,0.693147,2.99573,3,5.43877,0,116,5.24228,594,0.992071
E3-PPOPIP-p005,45.4443,468,538,RLPolicy,1,0,0.113858,4.15888,2.99573,8,5.35218,310,317,4.6519,594,1.00123
E3-PPOPIP-p005,45.4445,154,125,RLPolicy,1,1,0.0472173,2.31014,2.99573,6,6.07504,57,191,5.64414,594,0.98722
E3-PPOPIP-p005,45.4481,166,439,RLPolicy,1,1,0.0500521,0.693147,2.99573,3,5.177,0,128,4.93051,594,1.00605
E3-PPOPIP-p005,45.4504,334,1,RLPolicy,1,1,0.104284,2.07944,2.99573,5,6.93939,150,281,6.54774,594,0.984024
E3-PPOPIP-p005,45.4573,74,343,RLPolicy,1,1,0.0501404,2.07944,2.99573,5,10.2502,134,278,9.63673,594,0.985377
E3-PPOPIP-p005,45.4602,65,430,RLPolicy,1,1,0.0057132,2.77259,2.99573,6,4.84837,165,183,4.55537,594,1.0131
E3-PPOPIP-p005,45.4684,61,159,RLPolicy,0,0,0.0465402,5.23688,2.99573,9,5.15415,419,427,4.69442,594,0.994549
E3-PPOPIP-p005,45.471,354,273,RLPolicy,1,1,0.0873951,2.77259,2.99573,6,6.69316,118,407,6.10388,594,1.01175
E3-PPOPIP-p005,45.4754,379,561,RLPolicy,1,1,0.103506,2.77259,2.99573,6,4.95673,293,326,4.7192,594,0.978208
E3-PPOPIP-p005,45.4797,243,106,RLPolicy,1,0,0.0792737,4.15888,2.99573,8,4.97939,369,376,4.6315,594,0.99219
E3-PPOPIP-p005,45.4817,48,604,RLPolicy,1,0,0.027039,3.46574,2.99573,7,5.43912,265,271,5.16156,594,0.962351
E3-PPOPIP-p005,45.4829,374,127,RLPolicy,1,1,0.0938545,2.77259,2.99573,6,6.82748,167,344,6.24914,594,0.998799
E3-PPOPIP-p005,45.485,284,416,RLPolicy,1,1,0.075965,2.61844,2.99573,6,7.80609,93,402,7.26114,594,0.991419
E3-PPOPIP-p005,45.4918,101,435,RLPolicy,1,0,0.0532442,4.85203,2.99573,9,5.13866,219,227,4.63703,594,1.02115
E3-PPOPIP-p005,45.5034,55,192,RLPolicy,1,0,0.0470995,3.31159,2.99573,7,5.9346,206,212,5.37523,598,1.00078
E3-PPOPIP-p005,45.5042,182,499,RLPolicy,1,0,0.0715006,4.85203,2.99573,9,5.30529,383,391,4.40031,598,1.01298
E3-PPOPIP-p005,45.5064,271,416,RLPolicy,1,1,0.0673778,2.77259,2.99573,6,6.2187,93,338,5.49689,598,0.994217
E3-PPOPIP-p005,45.5071,274,273,RLPolicy,1,1,0.0741881,2.77259,2.99573,6,6.30635,95,375,5.40986,598,0.991074
E3-PPOPIP-p005,45.5086,294,425,RLPolicy,1,1,0.0776875,2.77259,2.99573,6,10.344,207,290,9.51443,598,0.978327
E3-PPOPIP-p005,45.5094,393,14,RLPolicy,1,1,0.107119,2.77259,2.99573,6,6.19353,273,285,5.7342,598,0.971277
E3-PPOPIP-p005,45.5136,125,84,RLPolicy,1,1,0.0480952,1.38629,2.99573,4,5.53632,0,160,5.17714,598,0.991193
E3-PPOPIP-p005,45.5143,93,151,RLPolicy,1,1,0.054146,2.61844,2.99573,6,9.54393,197,289,9.05484,598,1.00917
E3-PPOPIP-p005,45.5147,53,576,RLPolicy,1,0,0.0487553,4.00473,2.99573,8,5.00211,214,221,4.63361,598,0.998852
E3-PPOPIP-p005,45.5167,298,87,RLPolicy,1,1,0.0817481,2.77259,2.99573,6,10.0281,146,323,9.32455,598,1.00259
E3-PPOPIP-p005,45.5226,44,257,RLPolicy,1,1,0.0499505,2.93736,2.99573,8,9.10527,440,462,8.34964,598,0.981038
E3-PPOPIP-p005,45.5304,0,111,RLPolicy,1,1,0.0346179,2.46429,2.99573,6,5.3201,265,304,4.90836,598,1.01303
E3-PPOPIP-p005,45.5403,208,211,RLPolicy,1,0,0.0659819,3.46574,2.99573,7,6.07104,261,267,5.56194,598,1.01533
E3-PPOPIP-p005,45.5422,118,405,RLPolicy,1,1,0.0521953,1.38629,2.99573,4,6.59209,0,219,6.05246,598,0.956535
E3-PPOPIP-p005,45.547,91,325,RLPolicy,1,1,0.0491009,0.693147,2.99573,3,6.48831,0,135,6.07822,598,0.991193
E3-PPOPIP-p005,45.5525,148,15,RLPolicy,1,0,0.0531056,4.85203,2.99573,9,9.64158,391,399,9.03058,598,1.02438
E3-PPOPIP-p005,45.5584,443,235,RLPolicy,1,0,0.112067,4.85203,2.99573,9,10.5238,323,331,9.81389,598,1.00928
E3-PPOPIP-p005,45.5611,373,481,RLPolicy,1,0,0.104653,3.46574,2.99573,7,10.1693,291,297,9.4388,598,1.01633
E3-PPOPIP-p005,45.5661,445,134,RLPolicy,1,1,0.127072,2.77259,2.99573,6,7.08242,163,173,6.63392,598,1.00012
E3-PPOPIP-p005,45.5769,417,406,RLPolicy,1,1,0.0995112,2.07944,2.99573,5,7.11176,70,212,6.55956,598,0.998577
E3-PPOPIP-p005,45.5799,175,87,RLPolicy,1,1,0.0687447,1.70215,2.99573,5,5.63229,32,159,5.13904,598,0.977287
E3-PPOPIP-p005,45.5806,257,608,RLPolicy,1,0,0.0915295,4.00473,2.99573,8,6.39517,462,469,5.69338,598,0.991598
E3-PPOPIP-p005,45.584,487,591,RLPolicy,1,1,0.115178,2.61844,2.99573,6,7.41676,81,297,6.55599,598,0.998114
E3-PPOPIP-p005,45.5885,183,320,RLPolicy,1,0,0.0728241,3.46574,2.99573,7,6.28305,113,119,5.80034,598,0.981911
E3-PPOPIP-p005,45.5939,492,437,RLPolicy,1,1,0.126214,2.77259,2.99573,6,5.97092,57,315,5.18844,598,0.998884
E3-PPOPIP-p005,45.5967,309,456,RLPolicy,0,0,0.0833623,5.39103,2.99573,9,5.27822,407,415,4.66322,598,1.00635
E3-PPOPIP-p005,45.6017,351,530,RLPolicy,1,0,0.0928569,3.46574,2.99573,7,5.96609,297,303,5.14354,599,1.00828
E3-PPOPIP-p005,45.6241,320,539,RLPolicy,1,1,0.0771864,1.38629,2.99573,4,4.26438,0,45,4.07008,599,1.02561
E3-PPOPIP-p005,45.6286,325,376,RLPolicy,1,1,0.091925,2.77259,2.99573,6,6.3275,136,324,5.50813,599,1.0037
E3-PPOPIP-p005,45.6355,426,546,RLPolicy,1,0,0.108663,3.46574,2.99573,7,10.3255,158,164,9.84349,599,1.01163
E3-PPOPIP-p005,45.6356,117,183,RLPolicy,1,1,0.0529907,2.77259,2.99573,6,5.86369,216,236,5.47994,599,1.00382
E3-PPOPIP-p005,45.6357,200,155,RLPolicy,1,0,0.0650837,3.15743,2.99573,7,5.38246,298,304,5.01396,599,0.995349
E3-PPOPIP-p005,45.6482,405,146,RLPolicy,1,1,0.0985349,2.07944,2.99573,5,5.99711,51,174,5.53003,599,0.983598
E3-PPOPIP-p005,45.6516,89,30,RLPolicy,1,1,0.0478908,2.07944,2.99573,5,9.40159,101,283,8.57481,599,0.984299
E3-PPOPIP-p005,45.6517,215,127,RLPolicy,1,1,0.0788045,2.77259,2.99573,6,6.70942,129,193,6.28139,599,1.01533
E3-PPOPIP-p005,45.6535,181,105,RLPolicy,1,0,0.0648052,3.46574,2.99573,7,4.77189,205,211,4.39052,599,1.02103
E3-PPOPIP-p005,45.6605,467,19,RLPolicy,1,1,0.111216,2.07944,2.99573,5,5.70323,51,203,5.26477,599,0.990837
E3-PPOPIP-p005,45.6635,170,161,RLPolicy,1,1,0.0639256,2.77259,2.99573,6,6.74541,216,237,6.27198,599,0.982256
E3-PPOPIP-p005,45.6645,190,416,RLPolicy,1,1,0.0570677,2.77259,2.99573,6,5.76232,97,411,5.1175,599,0.979357
E3-PPOPIP-p005,45.6715,227,370,RLPolicy,1,1,0.0778161,2.61844,2.99573,6,6.83019,185,203,6.2817,599,0.979173
E3-PPOPIP-p005,45.6757,83,29,RLPolicy,1,0,0.0380334,3.46574,2.99573,7,6.80823,267,273,6.28827,599,0.987727
E3-PPOPIP-p005,45.6771,458,329,RLPolicy,1,0,0.110613,3.46574,2.99573,7,5.60035,382,388,4.95522,599,0.997769
E3-PPOPIP-p005,45.6794,203,45,RLPolicy,1,0,0.0784079,3.46574,2.99573,7,5.36263,175,181,4.86252,599,1.00605
E3-PPOPIP-p005,45.6803,60,399,RLPolicy,1,1,0.049665,2.07944,2.99573,5,5.9744,33,255,5.26499,599,1.01281
E3-PPOPIP-p005,45.6869,35,0,RLPolicy,1,1,0.0405553,2.46721,2.99573,6,7.40297,170,258,6.79614,599,0.969284
E3-PPOPIP-p005,45.6894,431,395,RLPolicy,1,1,0.11953,2.77259,2.99573,6,5.50698,231,254,5.1071,599,0.996653
E3-PPOPIP-p005,45.6932,249,68,RLPolicy,1,0,0.0876096,4.15888,2.99573,8,6.5768,203,210,5.67756,599,1.02912
E3-PPOPIP-p005,45.6973,134,288,RLPolicy,0,0,0.0588893,5.54518,2.99573,9,6.44636,249,257,5.47587,599,1.02091
E3-PPOPIP-p005,45.7002,139,466,RLPolicy,0,0,0.0645537,5.39103,2.99573,9,7.22085,405,413,6.52505,600,1.00644
E3-PPOPIP-p005,45.7018,11,151,RLPolicy,1,1,0.00606453,2.46721,2.99573,6,6.16646,168,215,5.48768,600,1.00547
E3-PPOPIP-p005,45.7043,385,585,RLPolicy,1,1,0.106488,2.77259,2.99573,6,4.33629,223,236,4.11951,600,1.00705
E3-PPOPIP-p005,45.7058,317,260,RLPolicy,1,0,0.0906408,3.46574,2.99573,7,5.51357,314,320,5.03598,600,1.00135
E3-PPOPIP-p005,45.7059,244,24,RLPolicy,1,0,0.0766065,3.15743,2.99573,7,4.78518,342,348,4.43299,600,0.983367
E3-PPOPIP-p005,45.7059,213,149,RLPolicy,1,1,0.0674885,2.77259,2.99573,6,10.258,111,292,9.43435,600,0.980677
E3-PPOPIP-p005,45.7059,474,396,RLPolicy,1,0,0.127889,4.15888,2.99573,8,6.71376,238,245,6.37774,600,1.00123
E3-PPOPIP-p005,45.7128,349,297,RLPolicy,0,0,0.111375,5.54518,2.99573,9,5.39328,436,444,5.16675,3,0.992071
E3-PPOPIP-p005,45.723,150,341,RLPolicy,1,0,0.0503336,3.46574,2.99573,7,7.22239,231,237,6.86315,600,1.05234
E3-PPOPIP-p005,45.7244,169,81,RLPolicy,1,1,0.0487033,2.07944,2.99573,5,6.47407,108,249,5.91406,600,0.975503
E3-PPOPIP-p005,45.7316,218,233,RLPolicy,0,0,0.0779665,5.7275,2.99573,9,7.69816,438,446,7.39026,2,0.978672
E3-PPOPIP-p005,45.733,116,230,RLPolicy,1,0,0.0460252,4.15888,2.99573,8,6.03011,198,205,5.53409,600,0.991883
E3-PPOPIP-p005,45.7355,423,137,RLPolicy,1,1,0.102087,2.77259,2.99573,6,6.67828,173,250,6.12381,600,0.996653
E3-PPOPIP-p005,45.7398,27,268,RLPolicy,1,1,0.0405607,2.46721,2.99573,6,6.0453,276,365,5.43784,600,0.97349
E3-PPOPIP-p005,45.7462,219,404,RLPolicy,1,1,0.0685238,2.61844,2.99573,6,7.04957,191,208,6.48692,600,0.993807
E3-PPOPIP-p005,45.7536,333,233,RLPolicy,0,0,0.0962325,5.7275,2.99573,9,5.55149,449,457,5.29752,2,0.997887
E3-PPOPIP-p005,45.7555,330,489,RLPolicy,1,1,0.0836059,2.77259,2.99573,6,5.26946,195,235,4.77117,600,1.0037
E3-PPOPIP-p005,45.7559,319,543,RLPolicy,1,1,0.0888594,2.77259,2.99573,6,6.31464,263,277,5.69374,600,1.01613
E3-PPOPIP-p005,45.7595,295,5,RLPolicy,1,0,0.103147,3.46574,2.99573,7,7.49403,379,385,6.73322,600,1.00259
E3-PPOPIP-p005,45.7615,220,386,RLPolicy,1,0,0.0841168,4.15888,2.99573,8,6.83211,435,442,6.18553,600,1.01768
E3-PPOPIP-p005,45.767,224,608,RLPolicy,1,1,0.0802982,2.77259,2.99573,6,6.67604,194,212,6.32027,600,0.971229
E3-PPOPIP-p005,45.7683,73,613,RLPolicy,1,1,0.0508458,2.77259,2.99573,6,7.45186,65,352,6.37123,600,0.97733
E3-PPOPIP-p005,45.7693,82,110,RLPolicy,1,0,0.0483813,3.46574,2.99573,7,7.70254,300,306,6.95483,600,0.985377
E3-PPOPIP-p005,45.774,152,317,RLPolicy,0,0,0.0688789,5.54518,2.99573,9,6.83981,388,396,6.11707,600,1.00729
E3-PPOPIP-p005,45.7809,381,180,RLPolicy,1,0,0.0993199,3.46574,2.99573,7,6.54838,374,380,6.12348,600,0.995537
E3-PPOPIP-p005,45.7834,296,354,RLPolicy,1,1,0.069458,1.38629,2.99573,4,7.97444,0,226,7.39498,600,0.98984
E3-PPOPIP-p005,45.7851,340,194,RLPolicy,1,1,0.08454,2.07944,2.99573,5,6.07234,37,171,5.7078,600,1.00024
E3-PPOPIP-p005,45.7905,223,584,RLPolicy,1,1,0.0658846,2.77259,2.99573,6,7.6686,100,370,6.75359,600,0.988724
E3-PPOPIP-p005,45.7932,469,97,RLPolicy,1,0,0.11176,3.46574,2.99573,7,4.97074,376,382,4.57713,600,0.997769
E3-PPOPIP-p005,45.8,440,89,RLPolicy,1,0,0.118539,4.15888,2.99573,8,9.62028,312,319,9.10902,600,1.01745
E3-PPOPIP-p005,45.8044,398,362,RLPolicy,1,0,0.10475,3.46574,2.99573,7,4.20154,396,402,3.96604,604,1.00474
E3-PPOPIP-p005,45.8049,391,58,RLPolicy,1,0,0.00739957,3.00328,2.99573,7,4.46505,385,391,4.01374,604,1.00016
E3-PPOPIP-p005,45.8064,211,258,RLPolicy,1,1,0.0761154,2.07944,2.99573,5,7.40555,128,255,6.76485,604,0.984143
E3-PPOPIP-p005,45.8078,401,500,RLPolicy,1,0,0.0991879,3.46574,2.99573,7,5.32921,159,165,4.95935,604,1.01287
E3-PPOPIP-p005,45.8082,313,191,RLPolicy,1,1,0.102455,2.77259,2.99573,6,5.89269,274,298,5.58965,604,0.986374
E3-PPOPIP-p005,45.8085,388,214,RLPolicy,1,0,0.0101502,4.38958,2.99573,9,5.41698,322,330,5.05713,604,1.00936
E3-PPOPIP-p005,45.8193,434,483,RLPolicy,1,1,0.105147,2.77259,2.99573,6,9.74672,161,215,9.2802,604,0.996653
E3-PPOPIP-p005,45.8227,94,22,RLPolicy,1,1,0.0435105,2.07944,2.99573,5,10.5848,115,262,10.0024,604,1.0223
E3-PPOPIP-p005,45.8236,5,338,RLPolicy,1,0,0.023646,3.46574,2.99573,7,5.76233,386,392,5.08829,604,0.999945
E3-PPOPIP-p005,45.8249,113,597,RLPolicy,1,1,0.0568377,2.07944,2.99573,5,6.32084,50,134,5.57482,604,0.965046
E3-PPOPIP-p005,45.8258,452,616,RLPolicy,0,0,0.123101,2.07944,2.99573,4,4.30689,3,6,4.22486,604,1
E3-PPOPIP-p005,45.8317,198,411,RLPolicy,1,0,0.0589647,3.64806,2.99573,7,5.3173,106,112,4.82227,604,0.996298
E3-PPOPIP-p005,45.8346,92,205,RLPolicy,1,0,0.0101899,4.69788,2.99573,9,8.4315,301,309,7.62021,604,1.02666
E3-PPOPIP-p005,45.8359,389,306,RLPolicy,1,1,0.0956858,2.07944,2.99573,5,4.32249,14,39,4.11849,604,1.0047
E3-PPOPIP-p005,45.8457,129,158,RLPolicy,1,0,0.0572557,3.31159,2.99573,7,5.91772,222,228,5.38392,604,1.03505
E3-PPOPIP-p005,45.85,404,369,RLPolicy,1,0,0.101095,4.15888,2.99573,8,5.35152,256,263,4.75873,604,1.01287
E3-PPOPIP-p005,45.8562,22,185,RLPolicy,1,1,0.0100027,2.77259,2.99573,6,5.57273,185,198,5.21675,604,0.966762
E3-PPOPIP-p005,45.8613,427,368,RLPolicy,1,1,0.110966,2.77259,2.99573,6,6.27545,244,267,5.89448,604,0.989721
E3-PPOPIP-p005,45.8632,34,91,RLPolicy,1,1,0.0304337,2.46721,2.99573,6,7.0953,70,415,6.23689,604,0.975604
E3-PPOPIP-p005,45.8704,484,50,RLPolicy,1,0,0.135799,4.85203,2.99573,9,5.05741,224,232,4.45887,604,1.00928
E3-PPOPIP-p005,45.8737,421,75,RLPolicy,1,1,0.106623,2.77259,2.99573,6,6.80692,244,255,6.49279,604,0.996653
E3-PPOPIP-p005,45.874,292,363,RLPolicy,1,0,0.0811432,4.85203,2.99573,9,5.64395,249,257,5.24654,604,1.02202
E3-PPOPIP-p005,45.8742,230,145,RLPolicy,1,0,0.0676689,4.85203,2.99573,9,6.03683,173,181,5.77378,604,1.03019
E3-PPOPIP-p005,45.8745,365,33,RLPolicy,1,1,0.0066799,2.77259,2.99573,6,6.76914,220,236,6.05546,604,1.00135
E3-PPOPIP-p005,45.8759,157,211,RLPolicy,1,1,0.0543455,2.07944,2.99573,5,6.44357,67,263,5.77388,604,0.965698
E3-PPOPIP-p005,45.8791,58,326,RLPolicy,1,0,0.047935,3.16035,2.99573,7,5.84565,387,393,5.40741,604,0.966933
E3-PPOPIP-p005,45.8842,412,85,RLPolicy,1,1,0.115852,2.77259,2.99573,6,5.86407,221,244,5.30303,604,0.992071
E3-PPOPIP-p005,45.8881,407,147,RLPolicy,1,1,0.0988929,2.77259,2.99573,6,6.06424,86,405,5.11586,604,1.00247
E3-PPOPIP-p005,45.889,403,608,RLPolicy,1,0,0.116714,3.46574,2.99573,7,6.47912,326,332,5.96911,604,0.993187
E3-PPOPIP-p005,45.8894,480,410,RLPolicy,1,0,0.00919251,4.3412,2.99573,8,5.68685,359,366,4.84303,604,1.00673
E3-PPOPIP-p005,45.8988,481,233,RLPolicy,1,0,0.114318,3.46574,2.99573,7,5.84687,372,378,5.2404,604,1.00235
E3-PPOPIP-p005,45.9058,437,72,RLPolicy,1,0,0.10943,4.85203,2.99573,9,6.98007,280,288,6.22872,605,1.00705
E3-PPOPIP-p005,45.9059,136,40,RLPolicy,1,1,0.0379592,1.38629,2.99573,4,7.08185,0,262,6.3236,605,0.957651
E3-PPOPIP-p005,45.9096,419,488,RLPolicy,1,0,0.119152,4.15888,2.99573,8,6.82993,184,191,6.303,605,1.01052
E3-PPOPIP-p005,45.9116,371,550,RLPolicy,1,0,0.09566,4.85203,2.99573,9,6.59859,218,226,5.9346,605,1.02561
E3-PPOPIP-p005,45.9171,236,561,RLPolicy,1,1,0.0734572,2.07944,2.99573,5,7.29101,101,204,6.8791,605,0.985259
E3-PPOPIP-p005,45.9239,372,328,RLPolicy,1,1,0.0933712,2.07944,2.99573,5,10.3546,61,244,9.70062,605,0.98749
E3-PPOPIP-p005,45.9265,104,459,RLPolicy,1,1,0.0574492,2.61844,2.99573,6,7.92492,283,297,7.4844,605,0.971897
E3-PPOPIP-p005,45.9471,495,592,RLPolicy,1,0,0.00811375,3.46574,2.99573,7,4.87371,170,176,4.46991,605,1.00235
E3-PPOPIP-p005,45.9594,394,529,RLPolicy,1,1,0.0943552,2.07944,2.99573,5,6.48978,11,169,6.12022,605,0.980903
E3-PPOPIP-p005,45.9609,159,451,RLPolicy,1,0,0.0564673,4.15888,2.99573,8,7.34549,412,419,6.79521,605,1.00605
E3-PPOPIP-p005,45.9629,246,386,RLPolicy,1,1,0.0710844,2.77259,2.99573,6,5.56348,86,346,4.98234,605,1.01501
E3-PPOPIP-p005,45.97,475,315,RLPolicy,1,1,0.123141,2.77259,2.99573,6,6.0859,159,172,5.60583,605,0.996998
E3-PPOPIP-p005,45.9719,41,536,RLPolicy,1,1,0.0438528,2.46721,2.99573,6,7.93293,123,359,6.94523,605,0.948318
E3-PPOPIP-p005,45.9749,451,503,RLPolicy,1,0,0.112482,4.15888,2.99573,8,5.73395,390,397,5.11765,605,1.00123
E3-PPOPIP-p005,45.9815,69,582,RLPolicy,1,1,0.0564527,2.77259,2.99573,6,6.05227,216,238,5.71491,605,0.983146
E3-PPOPIP-p005,45.9821,42,564,RLPolicy,1,0,0.0233101,3.46574,2.99573,7,6.20384,179,185,5.59981,605,1.00139
E3-PPOPIP-p005,45.9881,239,243,RLPolicy,1,0,0.0790386,4.85203,2.99573,9,6.87167,400,408,6.31698,605,1.02227
E3-PPOPIP-p005,45.9924,199,206,RLPolicy,1,1,0.0734257,2.77259,2.99573,6,5.47658,204,275,5.08139,605,1.0084
E3-PPOPIP-p005,45.9962,435,575,RLPolicy,1,1,0.112011,2.77259,2.99573,6,6.53837,93,218,5.90255,605,1.01398
E3-PPOPIP-p005,46.0027,111,568,RLPolicy,1,1,0.0455764,2.77259,2.99573,6,6.2979,63,361,5.61326,608,0.963467
E3-PPOPIP-p005,46.0045,304,356,RLPolicy,1,1,0.0819438,2.77259,2.99573,6,5.42714,160,295,4.93112,608,0.991419
E3-PPOPIP-p005,46.0099,289,517,RLPolicy,1,0,0.0816045,4.85203,2.99573,9,4.46047,178,186,4.09815,608,1.01163
E3-PPOPIP-p005,46.0112,194,538,RLPolicy,1,1,0.0652213,2.77259,2.99573,6,6.05853,278,322,5.69267,608,0.973013
E3-PPOPIP-p005,46.0119,30,225,RLPolicy,1,1,0.0468469,2.54959,2.99573,7,5.98678,284,358,5.46489,608,0.989085
E3-PPOPIP-p005,46.0147,240,284,RLPolicy,1,1,0.0770262,2.54945,2.99573,6,4.61948,223,231,4.30091,608,1.01807
E3-PPOPIP-p005,46.0153,21,7,RLPolicy,1,1,0.0514239,1.08091,2.99573,4,5.46092,0,183,5.1467,608,0.970228
E3-PPOPIP-p005,46.0171,24,521,RLPolicy,1,1,0.0433516,1.77406,2.99573,5,5.98048,37,263,5.53998,608,0.967175
E3-PPOPIP-p005,46.0191,10,615,RLPolicy,1,0,0.0090875,3.54812,2.99573,8,4.77539,261,268,4.26411,608,0.974517
E3-PPOPIP-p005,46.0192,453,436,RLPolicy,1,1,0.117161,2.77259,2.99573,6,5.68588,247,253,5.11538,608,0.994303
E3-PPOPIP-p005,46.0209,222,139,RLPolicy,1,1,0.0550329,2.77259,2.99573,6,8.13938,108,287,7.42136,608,1.01075
E3-PPOPIP-p005,46.0235,98,65,RLPolicy,1,0,0.0436244,3.46574,2.99573,7,9.22127,308,314,8.81439,608,0.998124
E3-PPOPIP-p005,46.0273,2,613,RLPolicy,1,1,0.0448601,2.77259,2.99573,6,6.93051,246,311,6.28272,608,0.968049
E3-PPOPIP-p005,46.0303,488,556,RLPolicy,1,1,0.117326,2.77259,2.99573,6,6.78398,38,216,6.16249,608,0.998884
E3-PPOPIP-p005,46.0304,362,498,RLPolicy,1,1,0.103345,2.77259,2.99573,6,4.51953,267,275,4.17476,608,1.00573
E3-PPOPIP-p005,46.0348,4,378,RLPolicy,1,1,0.00602572,2.77259,2.99573,6,5.57995,131,152,5.26544,608,1.01698
E3-PPOPIP-p005,46.0396,29,26,RLPolicy,1,0,0.0308426,3.64806,2.99573,7,5.35315,119,125,4.81779,608,1.0025
E3-PPOPIP-p005,46.0439,179,405,RLPolicy,1,1,0.0549602,2.07944,2.99573,5,6.15317,71,287,5.68179,608,0.968048
E3-PPOPIP-p005,46.0451,399,250,RLPolicy,1,0,0.105876,3.15743,2.99573,7,5.56204,338,344,5.2689,608,1.00246
E3-PPOPIP-p005,46.0519,64,53,RLPolicy,1,0,0.049236,4.15888,2.99573,8,6.18221,454,461,5.58676,608,0.992309
E3-PPOPIP-p005,46.0615,366,195,RLPolicy,0,0,0.113701,5.54518,2.99573,9,6.38342,470,478,6.118,4,0.992071
E3-PPOPIP-p005,46.0839,191,177,RLPolicy,1,1,0.055989,2.07944,2.99573,5,5.88873,58,166,5.51034,608,0.99689
E3-PPOPIP-p005,46.0842,345,404,RLPolicy,1,0,0.00774724,3.46574,2.99573,7,6.19838,352,358,5.65721,608,0.999003
E3-PPOPIP-p005,46.086,270,153,RLPolicy,1,1,0.0803204,2.07944,2.99573,5,6.03405,4,180,5.39684,608,1.02227
E3-PPOPIP-p005,46.0892,493,449,RLPolicy,1,1,0.122109,2.77259,2.99573,6,7.38524,55,323,6.59506,608,0.998884
E3-PPOPIP-p005,46.0892,188,306,RLPolicy,1,1,0.0564565,2.07944,2.99573,5,4.76186,24,57,4.52622,608,0.996464
E3-PPOPIP-p005,46.1025,75,428,RLPolicy,1,1,0.0500734,2.95491,2.99573,6,5.71558,104,171,5.28501,608,1.00127
E3-PPOPIP-p005,46.1025,264,122,RLPolicy,1,0,0.0742663,3.46574,2.99573,7,5.90047,324,330,5.20223,608,0.998006
E3-PPOPIP-p005,46.1037,396,264,RLPolicy,1,0,0.00729612,3.64806,2.99573,7,5.11217,240,246,4.66366,608,1.01917
E3-PPOPIP-p005,46.1073,315,604,RLPolicy,1,0,0.0990102,4.85203,2.99573,9,8.47099,219,227,7.92025,608,1.02912
E3-PPOPIP-p005,46.1107,216,17,RLPolicy,1,1,0.0699076,1.38629,2.99573,4,5.70994,0,213,5.27324,608,0.991074
E3-PPOPIP-p005,46.1134,439,372,RLPolicy,1,1,0.107795,2.77259,2.99573,6,7.76245,193,313,7.03444,608,0.998577
E3-PPOPIP-p005,46.1153,107,162,RLPolicy,1,0,0.0079162,3.46574,2.99573,7,8.88065,271,277,8.42258,608,0.984261
E3-PPOPIP-p005,46.1207,57,192,RLPolicy,0,0,0.0373922,5.54518,2.99573,9,5.11198,214,222,4.54993,608,1.02532
E3-PPOPIP-p005,46.124,221,132,RLPolicy,1,1,0.0778401,2.77259,2.99573,6,8.29513,265,278,7.64567,608,0.99454
E3-PPOPIP-p005,46.1459,122,192,RLPolicy,1,0,0.0519328,4.15888,2.99573,8,7.05154,427,434,6.19006,608,0.995349
E3-PPOPIP-p005,46.1563,231,515,RLPolicy,1,1,0.0571032,2.77259,2.99573,6,10.7188,134,349,9.84816,608,0.984143
E3-PPOPIP-p005,46.1626,499,620,RLPolicy,1,0,0.12534,3.46574,2.99573,7,5.64406,188,194,5.04527,608,1.00235
E3-PPOPIP-p005,46.1659,465,234,RLPolicy,1,1,0.119024,2.07944,2.99573,5,5.01574,56,170,4.65713,608,0.994303
E3-PPOPIP-p005,46.1819,131,205,RLPolicy,1,0,0.0493239,3.46574,2.99573,7,5.55804,286,292,5.08309,608,0.992998
E3-PPOPIP-p005,46.1826,429,256,RLPolicy,1,1,0.102617,1.38629,2.99573,4,6.74236,0,63,6.41198,608,1.00358
E3-PPOPIP-p005,46.1834,31,561,RLPolicy,1,1,0.0436256,2.16183,2.99573,6,5.62709,69,258,4.95179,608,0.980093
E3-PPOPIP-p005,46.1927,383,354,RLPolicy,1,0,0.00850919,4.15888,2.99573,8,6.42535,215,222,5.89878,608,1.0151
E3-PPOPIP-p005,46.1971,233,559,RLPolicy,1,0,0.0857549,4.15888,2.99573,8,7.02719,182,189,6.71214,608,1.01063
E3-PPOPIP-p005,46.2105,360,203,RLPolicy,1,1,0.0956273,2.77259,2.99573,6,6.83065,89,109,6.47746,608,1.01633
E3-PPOPIP-p005,46.2109,33,172,RLPolicy,1,1,0.0385111,2.46721,2.99573,6,5.1411,69,303,4.39053,608,0.957892
E3-PPOPIP-p005,46.2161,507,78,RLPolicy,1,0,0.130338,4.69788,2.99573,9,5.99968,517,525,5.39145,608,1.00851
E3-PPOPIP-p005,46.2227,335,480,RLPolicy,1,1,0.0828378,2.07944,2.99573,5,6.13811,74,286,5.47408,608,1.00024
E3-PPOPIP-p005,46.2356,286,77,RLPolicy,1,1,0.0841338,2.77259,2.99573,6,5.35646,207,276,4.93522,608,1.00259
E3-PPOPIP-p005,46.2357,71,154,RLPolicy,1,1,0.035323,2.07944,2.99573,5,4.61165,23,57,4.42028,608,1.0141
E3-PPOPIP-p005,46.2393,301,42,RLPolicy,0,0,0.0925694,5.54518,2.99573,9,4.86845,206,214,4.52819,608,1.02091
E3-PPOPIP-p005,46.2397,174,460,RLPolicy,1,0,0.0664709,4.69788,2.99573,9,6.66933,431,439,5.98319,608,1.0297
E3-PPOPIP-p005,46.241,259,101,RLPolicy,1,0,0.0814225,4.15888,2.99573,8,5.15879,346,353,4.77893,608,1.00494
E3-PPOPIP-p005,46.2418,70,482,RLPolicy,1,0,0.0397503,3.46574,2.99573,7,6.01986,294,300,5.42641,608,1.00047
E3-PPOPIP-p005,46.2496,285,410,RLPolicy,1,0,0.0817966,4.00473,2.99573,8,5.52298,412,419,5.04161,608,0.997192
E3-PPOPIP-p005,46.2502,314,195,RLPolicy,0,0,0.105565,5.54518,2.99573,9,6.53744,437,445,6.12382,2,1.01868
E3-PPOPIP-p005,46.2531,436,29,RLPolicy,1,0,0.107628,3.46574,2.99573,7,9.58816,383,389,9.18672,608,0.996653
E3-PPOPIP-p005,46.2552,476,456,RLPolicy,0,0,0.00923488,5.54518,2.99573,9,6.38698,330,338,5.70084,608,1.00235
E3-PPOPIP-p005,46.2562,338,10,RLPolicy,1,1,0.102051,2.77259,2.99573,6,6.17846,217,250,5.63387,608,0.996771
E3-PPOPIP-p005,46.2586,137,341,RLPolicy,1,1,0.0644628,2.77259,2.99573,6,5.33045,73,88,4.97516,608,1.01768
E3-PPOPIP-p005,46.2636,84,453,RLPolicy,1,1,0.0461566,2.07944,2.99573,5,7.10949,102,253,6.51448,608,0.992309
E3-PPOPIP-p005,46.2692,326,168,RLPolicy,1,1,0.0820045,2.07944,2.99573,5,5.12344,100,213,4.79145,608,1.00482
E3-PPOPIP-p005,46.2748,185,504,RLPolicy,1,0,0.0692807,3.46574,2.99573,7,5.29957,289,295,4.8753,608,0.998006
E3-PPOPIP-p005,46.2864,503,206,RLPolicy,1,1,0.14395,2.95491,2.99573,6,4.98524,175,202,4.65278,608,0.999796
E3-PPOPIP-p005,46.2906,485,76,RLPolicy,1,1,0.11759,2.77259,2.99573,6,5.4349,108,426,4.7279,608,0.998884
E3-PPOPIP-p005,46.2918,142,299,RLPolicy,0,0,0.052263,5.7275,2.99573,9,4.35782,531,539,4.17525,4,0.977211
E3-PPOPIP-p005,46.2956,359,38,RLPolicy,1,1,0.089532,1.38629,2.99573,4,6.57886,0,169,5.76588,608,0.993651
E3-PPOPIP-p005,46.2992,120,538,RLPolicy,1,0,0.048944,4.69788,2.99573,9,5.20803,192,200,4.76142,608,1.01055
E3-PPOPIP-p005,46.302,87,195,RLPolicy,1,1,0.0517867,1.38629,2.99573,4,8.18022,0,244,7.67418,608,0.981707
E3-PPOPIP-p005,46.3023,242,367,RLPolicy,1,0,0.0883886,4.15888,2.99573,8,7.21814,443,450,6.54709,608,1.0188
E3-PPOPIP-p005,46.3024,255,320,RLPolicy,1,0,0.0751775,4.85203,2.99573,9,6.01103,260,268,5.56437,608,1.01533
E3-PPOPIP-p005,46.3053,235,290,RLPolicy,1,1,0.0738572,2.77259,2.99573,6,7.2294,195,288,6.68121,608,0.998006
E3-PPOPIP-p005,46.3125,470,510,RLPolicy,1,0,0.00782615,3.46574,2.99573,7,6.45414,160,166,6.13141,608,1.01163
E3-PPOPIP-p005,46.3133,100,252,RLPolicy,1,1,0.0562225,2.61844,2.99573,6,7.46067,200,269,7.12855,608,0.973476
E3-PPOPIP-p005,46.3137,165,431,RLPolicy,1,1,0.0695215,2.77259,2.99573,6,6.8575,108,169,6.54213,608,0.981911
E3-PPOPIP-p005,46.316,472,491,RLPolicy,1,1,0.116594,1.38629,2.99573,4,5.22946,0,169,4.93664,608,0.987371
E3-PPOPIP-p005,46.3206,178,543,RLPolicy,1,0,0.0690523,4.15888,2.99573,8,5.88709,267,274,5.38491,608,1.02107
E3-PPOPIP-p005,46.3214,261,435,RLPolicy,1,0,0.066873,3.46574,2.99573,7,5.51977,161,167,5.14185,608,0.99219
E3-PPOPIP-p005,46.3238,456,184,RLPolicy,1,0,0.00843938,4.15888,2.99573,8,4.96097,248,255,4.50055,608,1.01163
E3-PPOPIP-p005,46.3245,23,566,RLPolicy,1,1,0.0403652,2.54959,2.99573,7,4.8964,72,321,4.32404,608,0.984623
E3-PPOPIP-p005,46.3289,77,336,RLPolicy,1,1,0.0397777,2.77259,2.99573,6,5.64548,204,214,5.3434,608,0.990077
E3-PPOPIP-p005,46.3293,420,483,RLPolicy,1,0,0.00798593,3.46574,2.99573,7,5.91236,252,258,5.59937,608,0.990837
E3-PPOPIP-p005,46.3298,386,272,RLPolicy,1,1,0.095789,2.77259,2.99573,6,4.96771,66,307,4.58494,608,0.994421
E3-PPOPIP-p005,46.3391,272,24,RLPolicy,1,1,0.0813696,2.77259,2.99573,6,5.35047,280,310,4.93723,608,0.986067
E3-PPOPIP-p005,46.3412,79,49,RLPolicy,1,0,0.0523058,3.46574,2.99573,7,5.39048,160,166,5.06867,608,0.986611
E3-PPOPIP-p005,46.3419,32,267,RLPolicy,1,1,0.0377248,2.07944,2.99573,5,5.49014,55,223,5.02653,608,0.969525
E3-PPOPIP-p005,46.3422,291,259,RLPolicy,1,1,0.069703,2.07944,2.99573,5,6.23782,80,248,5.78926,608,0.979443
E3-PPOPIP-p005,46.3441,37,566,RLPolicy,1,0,0.0441408,3.8535,2.99573,8,6.19114,275,282,5.62897,608,1.00794
E3-PPOPIP-p005,46.3551,189,75,RLPolicy,1,1,0.0606408,2.77259,2.99573,6,6.59975,237,337,5.81691,608,1.01768
E3-PPOPIP-p005,46.3644,187,162,RLPolicy,1,0,0.0782687,4.85203,2.99573,9,6.43552,402,410,5.77704,608,1.01691
E3-PPOPIP-p005,46.3696,140,383,RLPolicy,1,1,0.0606999,2.07944,2.99573,5,5.01192,49,88,4.81556,608,0.989959
E3-PPOPIP-p005,46.3839,356,435,RLPolicy,1,0,0.113425,4.15888,2.99573,8,6.89829,348,355,6.33139,608,0.984024
E3-PPOPIP-p005,46.3992,424,140,RLPolicy,1,0,0.11902,3.46574,2.99573,7,6.34897,152,158,5.932,608,1.00012
E3-PPOPIP-p005,46.4014,490,522,RLPolicy,1,0,0.144724,4.85203,2.99573,9,5.05697,217,225,4.5355,608,1.00928
E3-PPOPIP-p005,46.4018,288,325,RLPolicy,1,1,0.0734028,1.38629,2.99573,4,5.0245,0,125,4.73726,608,0.984143
E3-PPOPIP-p005,46.4023,146,416,RLPolicy,1,0,0.00726598,3.46574,2.99573,7,5.14068,234,240,4.79468,608,1.03031
E3-PPOPIP-p005,46.4083,460,376,RLPolicy,1,0,0.128908,3.46574,2.99573,7,5.17404,260,266,4.69825,608,0.997769
E3-PPOPIP-p005,46.4122,241,570,RLPolicy,1,0,0.0821688,4.85203,2.99573,9,8.69142,466,474,7.59021,608,1.01298
E3-PPOPIP-p005,46.4188,112,13,RLPolicy,1,1,0.0542275,2.07944,2.99573,5,7.11408,111,265,6.57911,608,0.941131
E3-PPOPIP-p005,46.4192,337,456,RLPolicy,1,0,0.0886872,4.15888,2.99573,8,4.85852,217,224,4.23424,608,0.990956
E3-PPOPIP-p005,46.42,121,38,RLPolicy,1,0,0.0446812,4.15888,2.99573,8,4.7029,305,312,4.34307,608,1.03378
E3-PPOPIP-p005,46.4223,171,543,RLPolicy,1,0,0.072718,3.46574,2.99573,7,8.49458,381,387,7.8553,608,1.00964
E3-PPOPIP-p005,46.4254,506,574,RLPolicy,0,0,0.142636,0.693147,2.99573,2,6.40944,0,1,6.33792,608,1
E3-PPOPIP-p005,46.4275,353,350,RLPolicy,1,0,0.0983514,4.85203,2.99573,9,4.52841,361,369,3.99736,608,1.02091
E3-PPOPIP-p005,46.4278,422,205,RLPolicy,1,0,0.105305,3.46574,2.99573,7,5.00161,110,116,4.66456,608,1.01052
E3-PPOPIP-p005,46.4309,108,480,RLPolicy,1,0,0.0518997,3.46574,2.99573,7,7.20284,381,387,6.68369,608,0.984261
E3-PPOPIP-p005,46.4329,214,366,RLPolicy,1,1,0.0557784,2.07944,2.99573,5,5.18289,81,206,4.78714,608,1.00271
E3-PPOPIP-p005,46.4446,387,215,RLPolicy,0,0,0.108613,5.23688,2.99573,9,6.57508,213,221,6.17755,608,0.995456
E3-PPOPIP-p005,46.4532,28,84,RLPolicy,1,1,0.0345464,2.85497,2.99573,7,5.52162,108,419,4.78926,608,0.962525
E3-PPOPIP-p005,46.4551,256,308,RLPolicy,1,0,0.083125,4.15888,2.99573,8,4.90031,196,203,4.42461,608,1.02561
E3-PPOPIP-p005,46.4579,184,556,RLPolicy,1,1,0.0511426,2.07944,2.99573,5,6.79889,132,238,6.34007,608,1.00116
E3-PPOPIP-p005,46.4647,441,250,RLPolicy,1,0,0.00846568,4.15888,2.99573,8,5.97097,402,409,5.36924,608,1.01163
E3-PPOPIP-p005,46.4648,303,289,RLPolicy,1,1,0.0786198,1.38629,2.99573,4,6.31412,0,58,6.03168,608,1.02215
E3-PPOPIP-p005,46.4663,72,325,RLPolicy,0,0,0.00969983,5.54518,2.99573,9,5.19288,277,285,4.59417,608,1.02808
E3-PPOPIP-p005,46.4724,258,411,RLPolicy,1,0,0.0947897,3.46574,2.99573,7,5.80487,149,155,5.49735,608,1.00147
E3-PPOPIP-p005,46.4732,133,14,RLPolicy,1,1,0.0642965,2.77259,2.99573,6,7.90594,284,323,7.04366,608,0.984261
E3-PPOPIP-p005,46.4739,457,351,RLPolicy,1,1,0.119499,2.77259,2.99573,6,5.71736,247,255,5.23644,608,0.997769
E3-PPOPIP-p005,46.4806,85,127,RLPolicy,1,1,0.0499354,2.77259,2.99573,6,6.0285,130,204,5.40975,608,1.02115
E3-PPOPIP-p005,46.4809,18,525,RLPolicy,1,1,0.0363943,1.77406,2.99573,5,6.25219,13,186,5.63896,608,0.975125
E3-PPOPIP-p005,46.4812,395,202,RLPolicy,1,1,0.0961977,1.38629,2.99573,4,5.35414,0,171,5.02625,608,0.989721
E3-PPOPIP-p005,46.5032,212,159,RLPolicy,1,0,0.0749847,4.69788,2.99573,9,5.30248,437,445,4.78948,609,1.02265
E3-PPOPIP-p005,46.5044,6,596,RLPolicy,0,0,0.0136504,5.08565,2.99573,9,5.31872,507,515,4.5032,609,0.978418
E3-PPOPIP-p005,46.5086,341,398,RLPolicy,1,0,0.0104678,4.85203,2.99573,9,4.96147,269,277,4.41967,609,1.01522
E3-PPOPIP-p005,46.5096,149,547,RLPolicy,1,0,0.0689376,3.69643,2.99573,8,11.0249,489,496,10.2313,609,0.978478
E3-PPOPIP-p005,46.5096,106,162,RLPolicy,1,1,0.00605384,2.95491,2.99573,6,6.58264,115,123,6.24061,609,0.979357
E3-PPOPIP-p005,46.5102,486,238,RLPolicy,1,0,0.117162,3.85058,2.99573,8,5.83486,178,185,5.35122,609,0.999693
E3-PPOPIP-p005,46.5148,78,288,RLPolicy,1,1,0.050101,2.07944,2.99573,5,4.77023,35,118,4.43226,609,1.01298
E3-PPOPIP-p005,46.5169,127,4,RLPolicy,1,1,0.059207,2.07944,2.99573,5,5.59862,69,128,5.28068,609,0.97028
E3-PPOPIP-p005,46.5273,290,525,RLPolicy,1,1,0.0752107,2.07944,2.99573,5,5.2056,68,206,4.89851,609,1.00952
E3-PPOPIP-p005,46.5296,369,254,RLPolicy,1,0,0.009971,4.85203,2.99573,9,5.53983,249,257,5.04554,609,1.03457
E3-PPOPIP-p005,46.5313,124,490,RLPolicy,1,0,0.0635643,4.15888,2.99573,8,5.39702,206,213,5.13974,609,0.992309
E3-PPOPIP-p005,46.5389,402,457,RLPolicy,1,0,0.1077,3.15743,2.99573,7,5.94445,382,388,5.40252,609,0.993996
E3-PPOPIP-p005,46.5552,237,451,RLPolicy,1,1,0.0641491,2.07944,2.99573,5,9.1882,115,288,8.69842,609,0.97028
E3-PPOPIP-p005,46.5645,448,255,RLPolicy,1,1,0.105931,2.07944,2.99573,5,6.58124,91,152,6.15017,609,0.999348
E3-PPOPIP-p005,46.5773,176,201,RLPolicy,1,1,0.0615461,2.61844,2.99573,6,6.41166,125,137,6.06367,609,1.00305
E3-PPOPIP-p005,46.5774,361,9,RLPolicy,1,1,0.105407,2.77259,2.99573,6,5.93993,95,185,5.47992,609,0.990956
E3-PPOPIP-p005,46.5787,331,499,RLPolicy,0,0,0.00970271,5.54518,2.99573,9,5.73761,406,414,5.39105,609,1.01633
E3-PPOPIP-p005,46.5813,245,554,RLPolicy,1,0,0.0883863,3.46574,2.99573,7,8.16568,148,154,7.49621,609,1.00036
E3-PPOPIP-p005,46.6005,119,145,RLPolicy,1,1,0.060484,2.77259,2.99573,6,6.41327,310,330,5.91627,610,1.00597
E3-PPOPIP-p005,46.6015,358,520,RLPolicy,1,0,0.096403,4.85203,2.99573,9,5.71239,442,450,5.03717,610,1.01063
E3-PPOPIP-p005,46.602,47,23,RLPolicy,1,1,0.00743108,2.85205,2.99573,7,6.12708,366,400,5.5752,610,0.978606
E3-PPOPIP-p005,46.6026,13,230,RLPolicy,1,0,0.0384101,3.16035,2.99573,7,5.48662,146,152,5.24604,610,0.962843
E3-PPOPIP-p005,46.6047,316,596,RLPolicy,1,0,0.106019,4.85203,2.99573,9,10.9903,515,523,10.4668,610,1.00717
E3-PPOPIP-p005,46.6093,145,582,RLPolicy,1,1,0.0473058,1.38629,2.99573,4,5.84144,0,227,5.31602,610,1.01768
E3-PPOPIP-p005,46.6113,321,575,RLPolicy,1,1,0.0889072,2.77259,2.99573,6,6.7584,111,136,6.37887,610,1.00105
E3-PPOPIP-p005,46.6178,344,563,RLPolicy,1,0,0.00849227,4.15888,2.99573,8,4.53968,135,142,4.18349,610,1.03601
E3-PPOPIP-p005,46.6184,306,425,RLPolicy,1,0,0.00727042,3.64806,2.99573,7,5.68547,169,175,5.30444,610,1.00003
E3-PPOPIP-p005,46.6235,455,282,RLPolicy,1,0,0.113641,4.85203,2.99573,9,5.7131,167,175,5.35349,610,1.01052
E3-PPOPIP-p005,46.6252,364,159,RLPolicy,1,1,0.111121,2.07944,2.99573,5,6.27911,61,158,5.80138,610,0.988643
E3-PPOPIP-p005,46.635,147,293,RLPolicy,1,1,0.0641046,2.61844,2.99573,6,7.65881,208,347,6.84855,610,0.991576
E3-PPOPIP-p005,46.6362,163,36,RLPolicy,1,0,0.0665189,4.15888,2.99573,8,5.67771,314,321,5.14446,610,0.99924
E3-PPOPIP-p005,46.6521,90,368,RLPolicy,1,1,0.0512315,2.77259,2.99573,6,6.93952,74,300,6.1564,610,1.00271
E3-PPOPIP-p005,46.6569,350,194,RLPolicy,1,1,0.0849315,2.07944,2.99573,5,6.07016,33,189,5.53979,610,1.0037
E3-PPOPIP-p005,46.6583,406,174,RLPolicy,1,1,0.115231,2.77259,2.99573,6,5.84199,277,294,5.41106,610,0.999003
E3-PPOPIP-p005,46.6636,287,347,RLPolicy,1,1,0.071913,2.77259,2.99573,6,5.12635,146,189,4.58694,610,1.00931
E3-PPOPIP-p005,46.6672,273,203,RLPolicy,1,0,0.0841612,3.46574,2.99573,7,7.61148,413,419,7.06712,610,0.983372
E3-PPOPIP-p005,46.6769,418,22,RLPolicy,1,1,0.101431,2.77259,2.99573,6,6.65099,236,373,6.1534,610,0.999003
E3-PPOPIP-p005,46.6791,382,123,RLPolicy,1,0,0.119751,4.15888,2.99573,8,6.81664,345,352,6.18831,610,1.02326
E3-PPOPIP-p005,46.6839,410,592,RLPolicy,1,1,0.112913,2.77259,2.99573,6,7.03001,143,191,6.31956,610,1.0094
E3-PPOPIP-p005,46.6945,141,332,RLPolicy,1,0,0.0529638,3.46574,2.99573,7,5.57056,367,373,4.94132,610,1.03501
E3-PPOPIP-p005,46.6959,192,124,RLPolicy,1,0,0.0662656,4.15888,2.99573,8,5.90587,151,158,5.5131,610,1.01757
E3-PPOPIP-p005,46.6982,268,430,RLPolicy,1,1,0.0685704,1.38629,2.99573,4,5.55901,0,153,5.21728,610,0.973746
E3-PPOPIP-p005,46.6991,483,29,RLPolicy,0,0,0.119884,5.54518,2.99573,9,5.37135,214,222,4.75825,610,1.00928
E3-PPOPIP-p005,46.7002,491,436,RLPolicy,1,1,0.116176,2.77259,2.99573,6,6.40006,131,393,5.48845,610,0.998884
E3-PPOPIP-p005,46.7006,202,361,RLPolicy,1,0,0.0718358,4.15888,2.99573,8,6.12564,392,399,5.47734,610,1.00708
E3-PPOPIP-p005,46.7033,193,113,RLPolicy,1,1,0.0529237,2.07944,2.99573,5,5.57231,60,216,5.00508,610,1.01187
E3-PPOPIP-p005,46.7076,15,114,RLPolicy,1,0,0.0102319,4.00473,2.99573,8,9.91196,383,390,9.21242,610,1.01169
E3-PPOPIP-p005,46.71,36,160,RLPolicy,1,1,0.00599782,2.77259,2.99573,6,5.89923,57,65,5.6216,610,1.0164
E3-PPOPIP-p005,46.712,332,320,RLPolicy,0,0,0.0882341,5.54518,2.99573,9,5.19376,338,346,4.56449,610,1.00482
E3-PPOPIP-p005,46.7134,247,274,RLPolicy,1,1,0.0666517,2.77259,2.99573,6,6.31634,197,245,5.86053,610,1.00147
E3-PPOPIP-p005,46.7237,260,400,RLPolicy,1,1,0.062246,2.07944,2.99573,5,5.18288,4,145,4.7744,610,0.985259
E3-PPOPIP-p005,46.7285,444,386,RLPolicy,1,0,0.00745109,3.31159,2.99573,7,8.17656,392,398,7.66097,610,1.01167
E3-PPOPIP-p005,46.7314,135,359,RLPolicy,1,1,0.0495889,2.07944,2.99573,5,6.38039,14,287,5.61074,610,0.980796
E3-PPOPIP-p005,46.7325,318,277,RLPolicy,0,0,0.0865659,0.693147,2.99573,2,7.84768,0,1,7.72138,610,1
E3-PPOPIP-p005,46.7367,327,471,RLPolicy,1,1,0.0823543,2.77259,2.99573,6,7.07975,88,305,6.48268,610,1.00259
E3-PPOPIP-p005,46.7389,229,270,RLPolicy,1,1,0.0576657,2.77259,2.99573,6,7.39638,180,372,6.49102,610,1.01868
E3-PPOPIP-p005,46.7418,251,210,RLPolicy,1,0,0.0864074,4.85203,2.99573,9,8.48796,390,398,7.72148,610,1.00228
E3-PPOPIP-p005,46.7426,156,326,RLPolicy,1,1,0.0623545,2.77259,2.99573,6,7.90583,258,342,7.34776,610,0.981911
E3-PPOPIP-p005,46.7626,277,318,RLPolicy,0,0,0.0746809,0.693147,2.99573,2,4.7415,0,1,4.65008,610,1
E3-PPOPIP-p005,46.7675,471,64,RLPolicy,1,1,0.113194,2.07944,2.99573,5,5.943,39,343,5.18105,610,0.997769
E3-PPOPIP-p005,46.7677,248,234,RLPolicy,1,1,0.0585011,1.38629,2.99573,4,8.25893,0,186,7.81726,610,0.971088
E3-PPOPIP-p005,46.7705,310,480,RLPolicy,0,0,0.09492,5.08273,2.99573,9,6.84755,450,458,6.1942,610,0.986256
E3-PPOPIP-p005,46.7735,408,229,RLPolicy,1,0,0.117304,4.15888,2.99573,8,6.14862,450,457,5.18569,610,1.01052
E3-PPOPIP-p005,46.7751,138,230,RLPolicy,0,0,0.00968873,5.54518,2.99573,9,6.40593,291,299,5.89391,610,1.00382
E3-PPOPIP-p005,46.7786,51,68,RLPolicy,1,1,0.031702,2.95491,2.99573,6,7.48399,86,93,7.16123,610,1.03716
E3-PPOPIP-p005,46.7823,88,278,RLPolicy,1,1,0.0411529,2.77259,2.99573,6,6.3417,118,355,5.5166,610,1.03167
E3-PPOPIP-p005,46.7841,153,152,RLPolicy,1,1,0.0515219,2.07944,2.99573,5,8.22411,83,185,7.5588,610,0.994734
E3-PPOPIP-p005,46.7907,99,251,RLPolicy,1,1,0.0507213,2.77259,2.99573,6,8.21155,85,305,7.4253,610,0.991193
E3-PPOPIP-p005,46.7911,232,6,RLPolicy,1,1,0.0674249,2.07944,2.99573,5,8.12854,36,295,7.55887,610,0.968738
E3-PPOPIP-p005,46.7922,375,595,RLPolicy,1,1,0.107891,2.77259,2.99573,6,7.64005,132,155,7.22229,610,0.992071
E3-PPOPIP-p005,46.7944,454,531,RLPolicy,1,0,0.112161,3.46574,2.99573,7,6.40782,93,99,6.00222,610,1.00235
E3-PPOPIP-p005,46.7955,512,573,RLPolicy,1,0,0.122933,3.46574,2.99573,7,5.34319,109,115,4.99917,610,1.00235
E3-PPOPIP-p005,46.8035,168,620,RLPolicy,1,0,0.0578771,4.15888,2.99573,8,8.3257,364,371,7.60317,611,0.995774
E3-PPOPIP-p005,46.8131,14,113,RLPolicy,1,1,0.0332603,2.46721,2.99573,6,8.74369,131,232,7.76913,611,1.02262
E3-PPOPIP-p005,46.8147,355,408,RLPolicy,1,1,0.104125,2.61844,2.99573,6,6.146,262,328,5.65277,611,1.00062
E3-PPOPIP-p005,46.8149,16,30,RLPolicy,0,0,0.0374511,4.62903,2.99573,9,5.25543,400,408,4.62665,611,0.97716
E3-PPOPIP-p005,46.817,466,79,RLPolicy,1,0,0.122596,4.00473,2.99573,8,5.53485,269,276,5.16173,611,1.00505
E3-PPOPIP-p005,46.818,509,320,RLPolicy,1,0,0.125095,4.15888,2.99573,8,7.78096,275,282,7.2292,611,1.00582
E3-PPOPIP-p005,46.8188,459,365,RLPolicy,1,0,0.00849391,4.15888,2.99573,8,4.53347,403,410,4.01617,611,1.0047
E3-PPOPIP-p005,46.8287,9,578,RLPolicy,1,1,0.0376264,2.77259,2.99573,6,5.33982,169,330,4.76583,611,0.983386
E3-PPOPIP-p005,46.8317,132,52,RLPolicy,1,1,0.0593623,2.77259,2.99573,6,4.25902,181,206,3.93967,611,0.995774
E3-PPOPIP-p005,46.8325,160,432,RLPolicy,0,0,0.0564973,5.54518,2.99573,9,7.66597,205,213,7.30995,611,1.01745
E3-PPOPIP-p005,46.8381,130,448,RLPolicy,1,1,0.00686376,2.95491,2.99573,6,7.4924,105,125,7.14581,611,1.03114
E3-PPOPIP-p005,46.8439,26,566,RLPolicy,1,0,0.0367222,3.93589,2.99573,9,4.55207,401,409,4.10622,611,1.0235
E3-PPOPIP-p005,46.8567,197,120,RLPolicy,1,0,0.0670341,4.85203,2.99573,9,6.78025,207,215,6.10884,611,1.01166
E3-PPOPIP-p005,46.8608,173,56,RLPolicy,1,1,0.0563213,2.61844,2.99573,6,7.47883,231,413,6.49975,611,0.985334
E3-PPOPIP-p005,46.861,297,242,RLPolicy,1,1,0.081319,2.07944,2.99573,5,5.82513,68,222,5.20716,611,0.99454
E3-PPOPIP-p005,46.8666,464,139,RLPolicy,1,1,0.110419,2.77259,2.99573,6,5.78081,303,356,5.32395,611,0.997769
E3-PPOPIP-p005,46.8702,252,622,RLPolicy,1,1,0.0838939,2.77259,2.99573,6,6.82436,278,289,6.27644,611,1.00717
E3-PPOPIP-p005,46.8771,263,6,RLPolicy,1,0,0.0838374,4.85203,2.99573,9,6.7973,509,517,5.93277,611,1.02103
E3-PPOPIP-p005,46.8775,352,247,RLPolicy,1,1,0.0845607,2.07944,2.99573,5,6.23161,61,202,5.62874,611,0.988606
E3-PPOPIP-p005,46.8776,62,206,RLPolicy,1,1,0.0458901,2.07944,2.99573,5,6.90537,73,147,6.45228,611,0.968872
E3-PPOPIP-p005,46.8782,312,146,RLPolicy,1,0,0.0893518,4.69788,2.99573,9,7.21569,401,409,6.30418,611,1.00721
E3-PPOPIP-p005,46.8788,329,56,RLPolicy,1,1,0.0797057,2.07944,2.99573,5,5.28925,102,277,4.72318,611,1.01063
E3-PPOPIP-p005,46.8805,368,563,RLPolicy,1,1,0.094778,2.77259,2.99573,6,6.4573,61,300,5.54189,611,1.02561
E3-PPOPIP-p005,46.8808,144,123,RLPolicy,1,1,0.0449502,2.07944,2.99573,5,5.80364,22,219,5.15227,611,1.02115
E3-PPOPIP-p005,46.8852,217,611,RLPolicy,1,0,0.0612714,3.31159,2.99573,7,6.08478,196,309,5.33211,611,0.983448
E3-PPOPIP-p005,46.8861,501,382,RLPolicy,1,1,0.118661,2.77259,2.99573,6,5.57963,194,242,5.11129,611,0.998884
E3-PPOPIP-p005,46.8936,126,17,RLPolicy,1,0,0.0646334,4.15888,2.99573,8,6.78773,454,461,5.93245,611,0.997009
E3-PPOPIP-p005,46.8989,209,570,RLPolicy,1,0,0.00972846,4.85203,2.99573,9,6.63924,420,428,5.58513,611,0.993187
E3-PPOPIP-p005,46.9008,265,492,RLPolicy,1,1,0.0732749,2.77259,2.99573,6,4.83554,209,299,4.38386,613,1.00147
E3-PPOPIP-p005,46.9038,155,561,RLPolicy,1,1,0.047611,2.07944,2.99573,5,7.71956,57,254,7.26704,613,1.00305
E3-PPOPIP-p005,46.9097,80,37,RLPolicy,1,1,0.0488654,2.77259,2.99573,6,6.19582,188,210,5.81409,613,0.99924
E3-PPOPIP-p005,46.9114,143,328,RLPolicy,1,1,0.0498922,2.77259,2.99573,6,8.69397,38,48,8.40515,613,1.03592
E3-PPOPIP-p005,46.9283,276,292,RLPolicy,1,0,0.00689241,3.15743,2.99573,7,6.21628,352,358,5.66382,613,0.994114
E3-PPOPIP-p005,46.9414,433,373,RLPolicy,1,1,0.106292,2.77259,2.99573,6,7.98117,145,237,7.42219,613,1.00358
E3-PPOPIP-p005,46.9478,161,544,RLPolicy,1,0,0.00727552,3.64806,2.99573,7,6.12642,160,166,5.75254,613,0.972216
E3-PPOPIP-p005,46.9601,363,59,RLPolicy,1,0,0.0917102,4.85203,2.99573,9,6.01631,146,154,5.41844,613,1.02215
E3-PPOPIP-p005,46.9648,205,436,RLPolicy,1,1,0.0642241,2.77259,2.99573,6,6.46954,73,306,5.57878,613,1.0131
E3-PPOPIP-p005,46.9654,40,71,RLPolicy,1,0,0.0450276,3.8535,2.99573,8,7.10708,251,258,6.6148,613,0.99255
E3-PPOPIP-p005,46.9679,56,205,RLPolicy,1,1,0.0457202,2.77259,2.99573,6,7.30998,54,260,6.69101,613,0.996597
E3-PPOPIP-p005,46.9684,96,181,RLPolicy,1,1,0.056854,2.77259,2.99573,6,8.25095,166,226,7.52802,613,0.981911
E3-PPOPIP-p005,46.9707,302,561,RLPolicy,1,1,0.0967977,2.07944,2.99573,5,6.61883,35,127,6.18022,613,0.978327
E3-PPOPIP-p005,46.9784,477,424,RLPolicy,1,1,0.113474,2.07944,2.99573,5,6.17305,69,303,5.44623,613,0.995419
E3-PPOPIP-p005,46.9821,370,611,RLPolicy,0,0,0.0947318,5.54518,2.99573,9,7.06791,450,458,6.20922,613,0.996653
E3-PPOPIP-p005,46.9825,151,31,RLPolicy,1,1,0.066874,2.77259,2.99573,6,6.08181,221,259,5.62635,613,0.961613
E3-PPOPIP-p005,46.985,206,241,RLPolicy,1,0,0.00726033,3.46574,2.99573,7,5.58274,177,183,5.20931,613,1.00617
E3-PPOPIP-p005,46.9978,428,450,RLPolicy,1,0,0.00724758,3.46574,2.99573,7,4.74542,106,112,4.29243,613,1.01287
E3-PPOPIP-p005,47.0062,442,352,RLPolicy,1,1,0.106034,2.07944,2.99573,5,6.34825,99,226,5.96915,614,1.00012
E3-PPOPIP-p005,47.0111,322,387,RLPolicy,1,1,0.0853568,1.38629,2.99573,4,5.75223,0,75,5.38114,614,0.99219
E3-PPOPIP-p005,47.0271,425,590,RLPolicy,1,0,0.106021,4.15888,2.99573,8,5.71163,302,309,5.21465,614,1.0082
E3-PPOPIP-p005,47.0274,110,274,RLPolicy,1,1,0.0508685,2.77259,2.99573,6,5.13235,145,152,4.83765,614,1.0282
E3-PPOPIP-p005,47.0283,494,256,RLPolicy,1,0,0.00818797,3.46574,2.99573,7,5.74742,210,216,5.42064,614,1.00235
E3-PPOPIP-p005,47.029,411,3,RLPolicy,1,0,0.118531,4.85203,2.99573,9,6.56188,316,324,5.75824,614,1.01398
E3-PPOPIP-p005,47.0415,323,577,RLPolicy,1,0,0.08778,3.46574,2.99573,7,9.22668,151,157,8.86104,614,0.989636
E3-PPOPIP-p005,47.0456,478,305,RLPolicy,1,1,0.132177,2.77259,2.99573,6,6.36101,216,241,5.83453,614,1.0047
E3-PPOPIP-p005,47.0461,201,146,RLPolicy,1,0,0.0609587,3.46574,2.99573,7,5.76564,358,364,5.29865,614,0.981523
E3-PPOPIP-p005,47.0479,283,208,RLPolicy,1,0,0.0866461,4.85203,2.99573,9,7.01831,411,419,6.14664,614,1.03959
E3-PPOPIP-p005,47.0491,502,623,RLPolicy,1,1,0.118803,2.77259,2.99573,6,6.5146,94,370,5.73249,614,0.998884
E3-PPOPIP-p005,47.0514,280,255,RLPolicy,1,1,0.0720457,2.77259,2.99573,6,4.36833,44,104,4.0632,614,0.996653
E3-PPOPIP-p005,47.0538,449,136,RLPolicy,1,1,0.107734,2.77259,2.99573,6,7.49415,167,299,6.82165,614,1.00705
E3-PPOPIP-p005,47.0541,123,171,RLPolicy,1,0,0.0594464,4.15888,2.99573,8,6.77701,300,307,6.12301,614,1.04083
E3-PPOPIP-p005,47.0587,20,614,RLPolicy,1,1,0.00666771,2.77259,2.99573,6,7.06874,310,320,6.50684,614,0.97534
E3-PPOPIP-p005,47.06,3,158,RLPolicy,1,1,0.00528316,2.77259,2.99573,6,7.36706,295,308,6.70275,614,1.01562
E3-PPOPIP-p005,47.0602,19,331,RLPolicy,1,0,0.0414651,3.54812,2.99573,8,5.90275,457,464,5.08234,614,1.00389
E3-PPOPIP-p005,47.066,463,112,RLPolicy,1,1,0.121279,2.77259,2.99573,6,5.04997,85,279,4.59391,614,1.00123
E3-PPOPIP-p005,47.0676,367,362,RLPolicy,1,0,0.0924473,4.3412,2.99573,8,5.2513,253,260,4.84481,614,0.995333
E3-PPOPIP-p005,47.0788,307,162,RLPolicy,1,1,0.00605085,2.95491,2.99573,6,7.32401,112,120,7.04174,614,0.979239
E3-PPOPIP-p005,47.0796,498,90,RLPolicy,1,0,0.00683393,3.46574,2.99573,7,5.89441,308,314,5.17001,614,1.00235
E3-PPOPIP-p005,47.0827,210,183,RLPolicy,0,0,0.0755017,5.23688,2.99573,9,5.48716,247,255,5.01703,614,1.01055
E3-PPOPIP-p005,47.083,128,454,RLPolicy,1,0,0.0632461,4.85203,2.99573,9,6.05137,289,297,5.53632,614,0.989959
E3-PPOPIP-p005,47.0867,177,590,RLPolicy,1,0,0.0724552,3.31159,2.99573,7,7.55571,197,203,6.95008,614,0.98037
E3-PPOPIP-p005,47.0895,45,603,RLPolicy,1,0,0.0344206,4.15888,2.99573,8,5.80286,119,126,5.49381,614,1.01674
E3-PPOPIP-p005,47.092,377,508,RLPolicy,1,1,0.0960814,2.77259,2.99573,6,6.94095,277,286,6.11967,614,1.00482
E3-PPOPIP-p005,47.093,267,58,RLPolicy,1,0,0.0833616,3.46574,2.99573,7,5.40045,351,357,4.91173,614,0.99454
E3-PPOPIP-p005,47.0988,432,357,RLPolicy,1,0,0.109702,4.85203,2.99573,9,7.05957,219,227,6.46983,614,1.01398
E3-PPOPIP-p005,47.0993,46,405,RLPolicy,1,0,0.0401351,4.00473,2.99573,8,5.93099,370,377,5.29273,614,1.01346
E3-PPOPIP-p005,47.0997,228,513,RLPolicy,1,0,0.0776321,4.85203,2.99573,9,4.95304,238,246,4.46731,614,1.01163
E3-PPOPIP-p005,47.1092,300,123,RLPolicy,1,1,0.0763731,2.77259,2.99573,6,6.47959,197,297,5.97169,614,1.01645
E3-PPOPIP-p005,47.1125,517,529,RLPolicy,1,1,0.11903,2.77259,2.99573,6,8.84227,59,174,8.35773,614,0.998884
E3-PPOPIP-p005,47.1136,43,309,RLPolicy,1,1,0.0326081,2.46721,2.99573,6,7.59253,71,420,6.79218,614,0.941798
E3-PPOPIP-p005,47.1147,446,27,RLPolicy,1,1,0.116745,1.92529,2.99573,5,6.95476,86,278,6.42732,614,0.98818
E3-PPOPIP-p005,47.1171,196,597,RLPolicy,0,0,0.058406,5.54518,2.99573,9,5.99258,305,313,5.49054,614,0.99219
E3-PPOPIP-p005,47.1238,102,504,RLPolicy,1,1,0.0485394,2.61844,2.99573,6,8.02349,287,321,7.22549,614,0.954822
E3-PPOPIP-p005,47.1243,254,459,RLPolicy,1,0,0.0748817,3.46574,2.99573,7,5.42253,392,398,5.04983,614,1.00729
E3-PPOPIP-p005,47.1245,346,169,RLPolicy,1,0,0.0922599,3.46574,2.99573,7,3.56838,199,205,3.38625,614,0.996653
E3-PPOPIP-p005,47.1347,343,484,RLPolicy,1,0,0.0881405,3.31159,2.99573,7,6.0749,183,189,5.66051,614,0.988298
E3-PPOPIP-p005,47.137,489,609,RLPolicy,1,0,0.121301,4.15888,2.99573,8,5.98895,449,456,5.37908,614,1.0047
E3-PPOPIP-p005,47.1394,12,0,RLPolicy,1,0,0.0381687,3.46574,2.99573,7,5.93766,398,404,5.50339,614,0.938211
E3-PPOPIP-p005,47.1401,308,408,RLPolicy,1,1,0.0865216,2.61844,2.99573,6,6.44817,204,223,6.09312,614,1.00143
E3-PPOPIP-p005,47.1404,158,6,RLPolicy,1,1,0.0583471,2.77259,2.99573,6,5.6923,264,293,4.88088,614,1.0111
E3-PPOPIP-p005,47.1406,328,70,RLPolicy,1,1,0.0810116,2.07944,2.99573,5,6.37842,36,143,5.87793,614,0.973331
E3-PPOPIP-p005,47.141,430,261,RLPolicy,1,1,0.115073,2.61844,2.99573,6,5.49749,64,266,5.05637,614,0.99053
E3-PPOPIP-p005,47.144,497,535,RLPolicy,1,0,0.00728106,3.46574,2.99573,7,6.04934,188,194,5.55096,614,1.00235
E3-PPOPIP-p005,47.1454,63,337,RLPolicy,1,1,0.0444371,2.77259,2.99573,6,6.21748,221,251,5.79957,614,1.02474
E3-PPOPIP-p005,47.1482,234,349,RLPolicy,1,1,0.0822205,2.77259,2.99573,6,8.87266,167,330,8.40061,614,0.999121
E3-PPOPIP-p005,47.1508,81,553,RLPolicy,0,0,0.00953841,5.54518,2.99573,9,3.91057,246,254,3.79183,4,0.992309
E3-PPOPIP-p005,47.1525,392,60,RLPolicy,1,1,0.0997911,2.77259,2.99573,6,12.6742,95,414,11.8372,614,0.98749
E3-PPOPIP-p005,47.1539,409,616,RLPolicy,0,0,0.00357316,2.07944,2.99573,4,4.27657,3,6,4.20061,614,1.00582
E3-PPOPIP-p005,47.1549,438,286,RLPolicy,1,0,0.107123,3.46574,2.99573,7,5.99969,232,238,5.65383,614,1.01745
E3-PPOPIP-p005,47.1582,250,338,RLPolicy,1,0,0.0803255,4.15888,2.99573,8,7.1087,470,477,6.40728,614,1.03959
E3-PPOPIP-p005,47.1626,25,563,RLPolicy,1,1,0.0369629,2.07944,2.99573,5,6.63072,77,222,6.17514,614,0.965886
E3-PPOPIP-p005,47.1632,282,401,RLPolicy,1,1,0.0838044,2.77259,2.99573,6,6.23271,58,331,5.63879,614,1.00147
E3-PPOPIP-p005,47.1672,225,255,RLPolicy,1,1,0.0727098,2.77259,2.99573,6,5.61268,292,305,5.10517,614,0.985377
E3-PPOPIP-p005,47.1722,105,579,RLPolicy,1,1,0.0544582,2.07944,2.99573,5,8.35815,121,208,7.93056,614,0.990077
E3-PPOPIP-p005,47.1745,415,535,RLPolicy,1,0,0.10298,3.46574,2.99573,7,5.85582,219,225,5.43114,614,0.995537
E3-PPOPIP-p005,47.1896,378,516,RLPolicy,1,1,0.0964496,2.07944,2.99573,5,7.29186,42,328,6.57097,614,0.994421
E3-PPOPIP-p005,47.1961,109,539,RLPolicy,1,1,0.0549563,2.07944,2.99573,5,6.28819,27,196,5.54738,614,0.992309
E3-PPOPIP-p005,47.1986,167,296,RLPolicy,1,1,0.0559183,2.77259,2.99573,6,7.29155,131,410,6.39792,614,0.969164
E3-PPOPIP-p005,47.2013,508,214,RLPolicy,1,1,0.120076,2.77259,2.99573,6,5.82418,166,365,5.00178,616,0.998884
E3-PPOPIP-p005,47.2013,238,464,RLPolicy,0,0,0.0784606,5.54518,2.99573,9,4.79488,205,213,4.30501,616,1.01745
E3-PPOPIP-p005,47.2047,397,428,RLPolicy,1,0,0.109547,4.15888,2.99573,8,6.24027,306,313,5.74336,616,1.00135
E3-PPOPIP-p005,47.2053,76,75,RLPolicy,1,1,0.0589716,2.77259,2.99573,6,6.42445,194,406,5.91791,616,0.981911
E3-PPOPIP-p005,47.2063,496,353,RLPolicy,1,1,0.119717,2.77259,2.99573,6,5.60977,165,244,5.12137,616,1.0047
E3-PPOPIP-p005,47.207,305,323,RLPolicy,1,1,0.0957162,2.77259,2.99573,6,12.4485,245,269,12.0695,616,1.00717
E3-PPOPIP-p005,47.2107,115,66,RLPolicy,1,1,0.0465809,2.07944,2.99573,5,11.4417,42,292,10.6379,616,0.995774
E3-PPOPIP-p005,47.2206,514,7,RLPolicy,1,1,0.120652,2.77259,2.99573,6,6.38992,224,277,5.83806,616,0.998884
E3-PPOPIP-p005,47.2259,54,287,RLPolicy,1,0,0.0466954,4.15888,2.99573,8,9.32078,204,211,8.89148,616,1.03745
E3-PPOPIP-p005,47.231,275,66,RLPolicy,1,1,0.0737552,1.77114,2.99573,5,5.88356,34,361,5.26293,616,0.984445
E3-PPOPIP-p005,47.2311,342,264,RLPolicy,1,1,0.0976011,2.77259,2.99573,6,6.02404,313,326,5.63722,616,0.982908
E3-PPOPIP-p005,47.2315,38,456,RLPolicy,0,0,0.00970528,4.93441,2.99573,9,5.17235,446,454,4.66059,616,0.982976
E3-PPOPIP-p005,47.237,66,195,RLPolicy,0,0,0.0531511,5.54518,2.99573,9,11.0591,448,456,10.6716,2,0.992966
E3-PPOPIP-p005,47.242,50,433,RLPolicy,1,1,0.0462816,2.77259,2.99573,6,10.2759,45,365,9.42963,616,0.993543
E3-PPOPIP-p005,47.2423,52,448,RLPolicy,1,1,0.0439832,2.07944,2.99573,5,6.74529,31,208,6.02608,616,0.941557
E3-PPOPIP-p005,47.2543,293,272,RLPolicy,1,1,0.0778679,2.07944,2.99573,5,6.37624,57,154,5.93057,616,0.99454
E3-PPOPIP-p005,47.2603,180,496,RLPolicy,1,1,0.0467025,2.77259,2.99573,6,6.40175,76,178,5.84725,616,0.993462
E3-PPOPIP-p005,47.2636,39,7,RLPolicy,1,1,0.0510082,2.07944,2.99573,5,5.99906,10,206,5.54308,616,0.974807
E3-PPOPIP-p005,47.2664,347,18,RLPolicy,1,0,0.00845008,4.15888,2.99573,8,5.53242,404,411,4.97503,616,1.00832
E3-PPOPIP-p005,47.2725,95,36,RLPolicy,1,0,0.0073119,3.46574,2.99573,7,6.33717,376,382,5.64707,616,0.985377
E3-PPOPIP-p005,47.2759,348,240,RLPolicy,1,0,0.0924199,4.15888,2.99573,8,5.80669,303,310,5.24514,616,1.00024
E3-PPOPIP-p005,47.2763,281,478,RLPolicy,1,1,0.0937526,2.07944,2.99573,5,5.83486,63,136,5.44835,616,0.984143
E3-PPOPIP-p005,47.28,226,1,RLPolicy,1,1,0.0672787,2.77259,2.99573,6,5.78387,120,140,5.34065,616,1.0188
E3-PPOPIP-p005,47.2872,59,480,RLPolicy,1,1,0.0443411,2.07944,2.99573,5,7.59675,135,317,6.87904,616,0.960001
E3-PPOPIP-p005,47.2882,162,152,RLPolicy,1,0,0.00987634,4.85203,2.99573,9,6.65042,201,209,5.94709,616,1.03031
E3-PPOPIP-p005,47.2982,380,108,RLPolicy,1,0,0.0992631,3.46574,2.99573,7,6.31167,221,227,5.86292,616,1.01175
E3-PPOPIP-p005,47.3034,339,180,RLPolicy,1,1,0.107057,2.77259,2.99573,6,5.60246,166,232,5.28533,616,0.993306
E3-PPOPIP-p005,47.3052,473,424,RLPolicy,1,1,0.114371,2.07944,2.99573,5,5.92252,96,272,5.47987,616,0.994303
E3-PPOPIP-p005,47.3079,114,625,RLPolicy,1,1,0.0447251,2.46429,2.99573,6,11.1576,137,280,10.5547,616,1.00632
E3-PPOPIP-p005,47.3116,49,423,RLPolicy,1,0,0.00847644,4.15888,2.99573,8,6.34325,219,226,5.77244,616,1.0141
E3-PPOPIP-p005,47.3154,416,61,RLPolicy,1,0,0.102234,3.46574,2.99573,7,5.95417,369,375,5.22201,616,1.00358
E3-PPOPIP-p005,47.3155,278,285,RLPolicy,1,1,0.0773806,2.07944,2.99573,5,7.25134,114,261,6.3339,616,0.980677
E3-PPOPIP-p005,47.317,68,173,RLPolicy,1,0,0.0265354,3.46574,2.99573,7,8.33443,223,229,7.28606,616,1.02769
E3-PPOPIP-p005,47.3184,86,552,RLPolicy,1,0,0.0420111,5.03435,2.99573,9,6.0418,299,307,5.24254,616,1.04867
E3-PPOPIP-p005,47.3214,172,365,RLPolicy,1,1,0.0539017,1.38629,2.99573,4,9.22026,0,268,8.82539,616,0.947254
E3-PPOPIP-p005,47.3263,450,503,RLPolicy,1,0,0.00774815,3.46574,2.99573,7,7.33835,231,237,6.87259,616,1.00012
E3-PPOPIP-p005,47.3274,269,11,RLPolicy,1,0,0.0772701,4.15888,2.99573,8,6.37977,136,143,5.87983,616,1.00717
E3-PPOPIP-p005,47.3299,195,513,RLPolicy,1,0,0.0769003,3.64806,2.99573,7,7.26841,338,344,6.52107,616,1.00376
E3-PPOPIP-p005,47.33,500,444,RLPolicy,1,0,0.128854,4.15888,2.99573,8,5.71255,232,239,5.215,616,1.00582
E3-PPOPIP-p005,47.3368,482,592,RLPolicy,1,1,0.120375,2.77259,2.99573,6,4.93699,265,284,4.58143,616,0.997769
E3-PPOPIP-p005,47.3471,1,226,RLPolicy,1,1,0.00788043,2.70082,2.99573,7,6.35132,236,258,5.85072,616,0.991779
E3-PPOPIP-p005,47.3536,266,443,RLPolicy,1,0,0.0818203,4.85203,2.99573,9,7.51444,399,407,6.46437,616,0.998006
E3-PPOPIP-p005,47.3617,299,60,RLPolicy,1,0,0.0848206,4.15888,2.99573,8,6.69355,467,474,5.75432,616,1.0292
E3-PPOPIP-p005,47.3654,7,514,RLPolicy,1,1,0.0391076,2.77259,2.99573,6,6.99554,219,251,6.40329,616,0.964953
E3-PPOPIP-p005,47.3705,462,32,RLPolicy,1,1,0.110269,1.23214,2.99573,4,6.72655,0,215,6.10729,616,0.986601
E3-PPOPIP-p005,47.379,262,344,RLPolicy,1,0,0.0736078,3.46574,2.99573,7,10.0855,212,218,9.68761,616,1.00382
E3-PPOPIP-p005,47.387,204,103,RLPolicy,1,1,0.0729077,2.07944,2.99573,5,6.0978,119,233,5.56451,616,0.97263
E3-PPOPIP-p005,47.3884,413,474,RLPolicy,1,0,0.107399,3.46574,2.99573,7,5.23954,103,109,4.9359,616,1.0198
E3-PPOPIP-p005,47.3911,8,566,RLPolicy,1,0,0.02498,4.54665,2.99573,9,5.43668,539,547,4.69763,616,1.01504
E3-PPOPIP-p005,47.3945,390,364,RLPolicy,1,1,0.11234,2.07944,2.99573,5,7.23985,162,254,6.58865,616,0.978208
E3-PPOPIP-p005,47.3991,447,325,RLPolicy,1,1,0.108264,2.07944,2.99573,5,6.28509,80,227,5.74772,616,0.993187
E3-PPOPIP-p005,47.3993,186,74,RLPolicy,1,1,0.0502187,2.07944,2.99573,5,7.09835,55,341,6.30134,616,0.961155
E3-PPOPIP-p005,47.4017,400,171,RLPolicy,1,1,0.102942,2.77259,2.99573,6,5.17843,201,227,4.79637,618,0.994421
E3-PPOPIP-p005,47.4081,376,21,RLPolicy,1,1,0.0929969,2.77259,2.99573,6,6.24783,224,281,5.67926,618,1.00482
E3-PPOPIP-p005,47.4135,505,375,RLPolicy,1,1,0.123333,2.77259,2.99573,6,5.62898,272,294,5.25129,618,0.998884
E3-PPOPIP-p005,47.4143,97,388,RLPolicy,1,1,0.0493513,2.61844,2.99573,6,5.61647,102,218,5.08759,618,0.973093
E3-PPOPIP-p005,47.4145,479,618,RLPolicy,1,0,0.122141,4.15888,2.99573,8,4.23788,437,444,3.90058,618,1.00123
E3-PPOPIP-p005,47.4152,357,470,RLPolicy,1,1,0.0989582,2.77259,2.99573,6,4.17315,64,86,3.95357,618,1.01287
E3-PPOPIP-p005,47.416,17,461,RLPolicy,1,0,0.0250584,3.93589,2.99573,9,5.01819,557,565,4.57622,618,1.0104
E3-PPOPIP-p005,47.4164,414,583,RLPolicy,1,1,0.101458,2.77259,2.99573,6,4.6879,279,304,4.41382,618,1.0198
E3-PPOPIP-p005,47.4189,103,406,RLPolicy,1,1,0.0561508,2.77259,2.99573,6,5.26211,265,310,4.80509,618,1.00605
E3-PPOPIP-p005,47.4203,207,422,RLPolicy,1,0,0.0850622,3.46574,2.99573,7,5.17774,161,167,4.8309,618,0.993424
E3-PPOPIP-p005,47.4255,67,125,RLPolicy,1,1,0.0600123,2.77259,2.99573,6,10.2582,303,371,9.21154,618,0.985496
E3-PPOPIP-p005,47.4363,336,539,RLPolicy,1,1,0.0883266,2.07944,2.99573,5,6.89789,95,249,6.2317,618,0.985259
E3-PPOPIP-p005,47.4407,461,342,RLPolicy,1,1,0.109264,2.31014,2.99573,6,7.00132,185,328,6.32417,618,0.986638
E3-PPOPIP-p005,47.441,311,593,RLPolicy,1,0,0.0882668,3.46574,2.99573,7,6.6702,235,241,5.99987,618,1.00605
E3-PPOPIP-p005,47.4412,384,483,RLPolicy,1,1,0.0927056,2.07944,2.99573,5,7.67985,26,171,7.08618,618,0.98749
E3-PPOPIP-p005,47.4443,468,459,RLPolicy,1,1,0.108441,1.38629,2.99573,4,9.00829,0,220,8.62364,618,0.993187
E3-PPOPIP-p005,47.4445,154,50,RLPolicy,1,1,0.00606033,2.80076,2.99573,6,4.97351,203,231,4.54676,618,0.986246
E3-PPOPIP-p005,47.4481,166,264,RLPolicy,1,0,0.0709089,3.64806,2.99573,7,5.75137,155,161,5.3929,618,1.00931
E3-PPOPIP-p005,47.4504,334,419,RLPolicy,1,0,0.0850499,3.46574,2.99573,7,7.6916,366,372,7.09304,618,0.986374
E3-PPOPIP-p005,47.4573,74,343,RLPolicy,1,1,0.0501239,2.07944,2.99573,5,6.65551,95,268,6.12991,618,0.980796
E3-PPOPIP-p005,47.4602,65,53,RLPolicy,1,0,0.0417123,4.85203,2.99573,9,9.47415,335,343,8.05601,618,1.02238
E3-PPOPIP-p005,47.4684,61,122,RLPolicy,1,1,0.0476755,2.77259,2.99573,6,6.96701,281,317,6.30673,618,0.993434
E3-PPOPIP-p005,47.471,354,166,RLPolicy,1,1,0.0973516,2.77259,2.99573,6,6.10592,276,286,5.61087,618,1.01063
E3-PPOPIP-p005,47.4754,379,38,RLPolicy,1,1,0.0903442,0.693147,2.99573,3,8.64752,0,106,8.22413,618,0.966696
E3-PPOPIP-p005,47.4797,243,534,RLPolicy,1,0,0.0670853,3.46574,2.99573,7,7.23563,409,415,6.43892,618,0.99454
E3-PPOPIP-p005,47.4817,48,77,RLPolicy,1,1,0.034353,2.07944,2.99573,5,7.85217,0,276,7.00019,618,0.95777
E3-PPOPIP-p005,47.4829,374,495,RLPolicy,1,0,0.0104225,4.85203,2.99573,9,5.63972,314,322,5.09856,618,1.00808
E3-PPOPIP-p005,47.485,284,451,RLPolicy,1,1,0.0734316,1.38629,2.99573,4,6.27578,0,211,5.81955,618,0.983372
E3-PPOPIP-p005,47.4918,101,367,RLPolicy,1,0,0.0532637,4.85203,2.99573,9,7.4357,333,341,6.71997,618,1.03043
E3-PPOPIP-p005,47.5034,55,588,RLPolicy,1,1,0.00608394,2.46721,2.99573,6,7.98207,293,316,7.43557,618,0.998134
E3-PPOPIP-p005,47.5042,182,9,RLPolicy,1,0,0.0604669,3.46574,2.99573,7,7.59523,309,315,7.03441,618,1.01533
E3-PPOPIP-p005,47.5064,271,54,RLPolicy,1,0,0.0833989,4.15888,2.99573,8,11.1405,393,400,10.3639,618,1.00003
E3-PPOPIP-p005,47.5071,274,455,RLPolicy,1,0,0.0855293,4.15888,2.99573,8,8.83701,249,256,8.36879,618,0.99689
E3-PPOPIP-p005,47.5086,294,238,RLPolicy,1,0,0.0852457,4.85203,2.99573,9,6.10919,228,236,5.61397,618,0.987609
E3-PPOPIP-p005,47.5094,393,91,RLPolicy,1,1,0.0964245,2.77259,2.99573,6,8.85876,92,404,8.05863,618,0.970161
E3-PPOPIP-p005,47.5136,125,285,RLPolicy,1,1,0.059326,2.77259,2.99573,6,6.66114,290,337,6.14367,618,0.990077
E3-PPOPIP-p005,47.5143,93,534,RLPolicy,1,0,0.0392638,3.46574,2.99573,7,4.48868,407,413,4.11928,618,1.01152
E3-PPOPIP-p005,47.5147,53,65,RLPolicy,1,0,0.0332111,4.85203,2.99573,9,6.61981,413,421,5.99286,618,1.00813
E3-PPOPIP-p005,47.5167,298,131,RLPolicy,1,0,0.0915875,3.46574,2.99573,7,5.76107,322,328,5.37187,618,1.00494
E3-PPOPIP-p005,47.5226,44,73,RLPolicy,1,1,0.0475318,2.16183,2.99573,6,6.91137,44,285,6.08096,618,0.976868
E3-PPOPIP-p005,47.5304,0,66,RLPolicy,1,0,0.0164679,3.39105,2.99573,8,7.39776,466,473,6.72737,618,1.01501
E3-PPOPIP-p005,47.5403,208,285,RLPolicy,1,1,0.0552946,2.77259,2.99573,6,5.05625,297,302,4.67503,618,1.01422
E3-PPOPIP-p005,47.5422,118,536,RLPolicy,1,1,0.056063,2.77259,2.99573,6,8.3664,54,330,7.55679,618,0.95542
E3-PPOPIP-p005,47.547,91,157,RLPolicy,1,1,0.0531534,1.92529,2.99573,5,6.70031,50,280,6.12591,618,0.985841
E3-PPOPIP-p005,47.5525,148,19,RLPolicy,1,1,0.0394201,1.38629,2.99573,4,5.25907,0,96,5.03722,618,1.01633
E3-PPOPIP-p005,47.5584,443,433,RLPolicy,1,0,0.110868,4.15888,2.99573,8,4.89699,229,236,4.52426,618,1.0151
E3-PPOPIP-p005,47.5611,373,587,RLPolicy,1,0,0.107093,4.85203,2.99573,9,5.71156,369,377,5.28377,618,1.02561
E3-PPOPIP-p005,47.5661,445,124,RLPolicy,1,1,0.0060543,2.77259,2.99573,6,5.26437,202,214,5.01333,618,0.999003
E3-PPOPIP-p005,47.5769,417,332,RLPolicy,1,1,0.119524,2.77259,2.99573,6,6.18117,324,333,5.90201,618,0.997461
E3-PPOPIP-p005,47.5799,175,572,RLPolicy,1,1,0.06102,1.23214,2.99573,4,6.64869,0,32,6.2839,618,0.968469
E3-PPOPIP-p005,47.5806,257,236,RLPolicy,1,1,0.0667276,2.61844,2.99573,6,9.12828,152,387,8.35696,618,0.989711
E3-PPOPIP-p005,47.584,487,420,RLPolicy,1,1,0.113951,1.92529,2.99573,5,6.33789,37,285,5.88046,618,0.992761
E3-PPOPIP-p005,47.5885,183,325,RLPolicy,1,1,0.0439111,0.693147,2.99573,3,7.29939,0,86,6.91754,618,0.970398
E3-PPOPIP-p005,47.5939,492,281,RLPolicy,1,0,0.120754,3.46574,2.99573,7,6.26954,402,408,5.73528,618,1.00123
E3-PPOPIP-p005,47.5967,309,79,RLPolicy,1,1,0.0785059,1.92529,2.99573,5,7.64732,75,233,6.86094,618,1.001
E3-PPOPIP-p005,47.6017,351,273,RLPolicy,1,1,0.0874139,2.77259,2.99573,6,6.50275,251,323,5.92024,618,1.00717
E3-PPOPIP-p005,47.6138,510,565,RLPolicy,1,0,0.0105226,4.85203,2.99573,9,10.2373,261,269,9.62509,618,1.00928
E3-PPOPIP-p005,47.6241,320,59,RLPolicy,1,0,0.00802851,3.46574,2.99573,7,8.98473,98,104,8.64326,618,1.02796
E3-PPOPIP-p005,47.6286,325,482,RLPolicy,1,1,0.0870347,2.77259,2.99573,6,6.95109,152,330,6.21018,618,1.00259
E3-PPOPIP-p005,47.6354,519,320,RLPolicy,1,1,0.00559406,2.77259,2.99573,6,8.00603,119,127,7.54754,618,0.998884
E3-PPOPIP-p005,47.6355,426,232,RLPolicy,0,0,0.112729,5.54518,2.99573,9,4.99933,254,262,4.34441,618,1.01163
E3-PPOPIP-p005,47.6356,117,442,RLPolicy,1,0,0.0514678,3.46574,2.99573,7,6.40616,241,247,5.9713,618,1.00617
E3-PPOPIP-p005,47.6357,200,57,RLPolicy,1,1,0.0529299,2.77259,2.99573,6,6.62918,178,184,6.29203,618,0.994233
E3-PPOPIP-p005,47.6482,405,166,RLPolicy,1,0,0.102092,4.15888,2.99573,8,7.31705,342,349,6.71564,618,0.989414
E3-PPOPIP-p005,47.6516,89,397,RLPolicy,1,1,0.0433151,2.07944,2.99573,5,7.01793,49,253,6.47077,618,0.979718
E3-PPOPIP-p005,47.6517,215,190,RLPolicy,1,0,0.0618419,3.46574,2.99573,7,5.51053,223,229,4.95301,618,1.01768
E3-PPOPIP-p005,47.6535,181,585,RLPolicy,1,1,0.0661495,2.07944,2.99573,5,6.24035,40,126,5.88132,618,1.01645
E3-PPOPIP-p005,47.6605,467,235,RLPolicy,1,1,0.113094,2.61844,2.99573,6,7.22613,142,311,6.5854,618,0.988951
E3-PPOPIP-p005,47.6635,170,4,RLPolicy,0,0,0.0582401,5.39103,2.99573,9,5.4684,347,355,4.75847,618,0.982256
E3-PPOPIP-p005,47.6645,190,270,RLPolicy,1,1,0.0500786,2.07944,2.99573,5,9.03359,92,270,8.32751,618,0.974776
E3-PPOPIP-p005,47.6715,227,416,RLPolicy,1,1,0.0537954,2.61844,2.99573,6,6.85221,107,360,6.01148,618,0.977287
E3-PPOPIP-p005,47.6757,83,566,RLPolicy,1,1,0.0522949,2.77259,2.99573,6,8.30739,134,375,7.27635,618,0.986611
E3-PPOPIP-p005,47.6771,458,404,RLPolicy,1,1,0.110056,2.77259,2.99573,6,8.48868,166,288,7.57962,618,0.996653
E3-PPOPIP-p005,47.6794,203,577,RLPolicy,1,1,0.0782708,2.77259,2.99573,6,6.14935,149,169,5.79994,618,1.00494
E3-PPOPIP-p005,47.6803,60,341,RLPolicy,1,0,0.0358675,4.85203,2.99573,9,7.36153,275,283,6.6655,618,1.02209
E3-PPOPIP-p005,47.6869,35,266,RLPolicy,1,1,0.0276453,0.693147,2.99573,3,5.79401,0,164,5.55912,618,0.957771
E3-PPOPIP-p005,47.6894,431,481,RLPolicy,1,1,0.119534,2.77259,2.99573,6,5.18999,252,269,4.82392,618,0.995537
E3-PPOPIP-p005,47.6932,249,343,RLPolicy,1,1,0.0654119,2.77259,2.99573,6,6.88737,81,229,6.27182,618,1.028
E3-PPOPIP-p005,47.6973,134,187,RLPolicy,1,0,0.0555983,3.46574,2.99573,7,4.44886,133,139,4.18315,618,1.02326
E3-PPOPIP-p005,47.7002,139,471,RLPolicy,1,1,0.0538632,2.77259,2.99573,6,6.15946,86,301,5.38783,618,1.00532
E3-PPOPIP-p005,47.7018,11,475,RLPolicy,1,0,0.0307704,4.15888,2.99573,8,5.11496,326,333,4.61001,618,1.01129
E3-PPOPIP-p005,47.7043,385,453,RLPolicy,1,0,0.0983929,4.15888,2.99573,8,5.83155,349,356,5.41435,618,1.01287
E3-PPOPIP-p005,47.7058,317,243,RLPolicy,0,0,0.00959509,5.7275,2.99573,9,6.09591,556,564,5.77705,4,1.00135
E3-PPOPIP-p005,47.7059,244,109,RLPolicy,1,1,0.0773271,2.77259,2.99573,6,6.31188,82,360,5.65633,618,0.982251
E3-PPOPIP-p005,47.7059,213,171,RLPolicy,1,0,0.0726073,3.46574,2.99573,7,6.02727,381,387,5.29771,618,0.983027
E3-PPOPIP-p005,47.7059,474,367,RLPolicy,1,0,0.128513,4.15888,2.99573,8,9.93862,233,240,9.3797,618,1.00705
E3-PPOPIP-p005,47.712,504,114,RLPolicy,1,1,0.119495,2.77259,2.99573,6,9.16557,158,167,8.7644,618,0.998884
E3-PPOPIP-p005,47.7128,349,610,RLPolicy,1,0,0.0974817,4.15888,2.99573,8,5.59125,366,373,5.11688,618,0.997887
E3-PPOPIP-p005,47.723,150,399,RLPolicy,1,1,0.0658747,2.77259,2.99573,6,5.77833,263,293,5.29588,618,1.05123
E3-PPOPIP-p005,47.7244,169,162,RLPolicy,1,1,0.0589267,2.77259,2.99573,6,6.88215,213,219,6.45391,618,0.974388
E3-PPOPIP-p005,47.7316,218,17,RLPolicy,1,1,0.0784756,2.77259,2.99573,6,6.11728,304,319,5.78558,618,0.977556
E3-PPOPIP-p005,47.733,116,483,RLPolicy,1,1,0.0569135,2.61844,2.99573,6,6.74433,159,229,6.29038,618,0.989996
E3-PPOPIP-p005,47.7355,423,64,RLPolicy,1,1,0.115557,2.07944,2.99573,5,6.2261,43,321,5.67365,618,0.992071
E3-PPOPIP-p005,47.7398,27,585,RLPolicy,1,1,0.0369994,2.46721,2.99573,6,8.14473,242,371,7.63058,618,0.970847
E3-PPOPIP-p005,47.7462,219,250,RLPolicy,1,0,0.0602844,4.00473,2.99573,8,6.33364,363,370,5.84109,618,0.998852
E3-PPOPIP-p005,47.7536,333,320,RLPolicy,0,0,0.0935633,5.54518,2.99573,9,8.92226,314,322,8.41328,618,0.997887
E3-PPOPIP-p005,47.7555,330,153,RLPolicy,1,1,0.0839646,2.07944,2.99573,5,8.06932,11,200,7.05341,618,0.999121
E3-PPOPIP-p005,47.7559,319,270,RLPolicy,1,1,0.0995122,2.77259,2.99573,6,7.31369,282,303,6.58813,618,1.01501
E3-PPOPIP-p005,47.7595,295,524,RLPolicy,1,0,0.0933525,4.85203,2.99573,9,7.05093,339,347,6.49621,618,1.01187
E3-PPOPIP-p005,47.7615,220,451,RLPolicy,1,1,0.0579771,2.77259,2.99573,6,7.07446,317,384,6.55388,618,1.01657
E3-PPOPIP-p005,47.767,224,287,RLPolicy,1,0,0.0823603,3.15743,2.99573,7,7.44222,321,327,6.85357,618,0.972038
E3-PPOPIP-p005,47.7683,73,507,RLPolicy,1,1,0.0496215,2.07944,2.99573,5,7.39752,36,358,6.48577,618,0.972748
E3-PPOPIP-p005,47.7693,82,154,RLPolicy,1,1,0.0523861,2.77259,2.99573,6,6.60987,195,224,6.08019,618,0.984261
E3-PPOPIP-p005,47.774,152,344,RLPolicy,1,0,0.0647424,4.15888,2.99573,8,6.7267,202,209,6.2325,618,1.0131
E3-PPOPIP-p005,47.7809,381,440,RLPolicy,1,0,0.0975514,3.46574,2.99573,7,8.17329,359,365,7.30325,618,0.997887
E3-PPOPIP-p005,47.7834,296,396,RLPolicy,1,0,0.0830186,3.46574,2.99573,7,5.94204,378,384,5.45714,618,0.99219
E3-PPOPIP-p005,47.7851,340,37,RLPolicy,1,1,0.0836901,2.07944,2.99573,5,7.87842,78,134,7.33615,618,0.995656
E3-PPOPIP-p005,47.7905,223,538,RLPolicy,1,0,0.00798702,3.46574,2.99573,7,5.97064,278,284,5.40897,618,0.991074
E3-PPOPIP-p005,47.7932,469,148,RLPolicy,1,0,0.112989,4.15888,2.99573,8,7.68089,417,424,6.80049,618,1.00358
E3-PPOPIP-p005,47.8,440,558,RLPolicy,1,1,0.107024,2.77259,2.99573,6,5.4919,88,165,5.06611,618,1.01633
E3-PPOPIP-p005,47.8044,398,428,RLPolicy,0,0,0.102416,5.54518,2.99573,9,4.59218,415,423,4.20303,618,1.00474
E3-PPOPIP-p005,47.8049,391,623,RLPolicy,1,1,0.102087,2.77259,2.99573,6,10.4959,295,304,10.0994,618,0.999041
E3-PPOPIP-p005,47.8064,211,610,RLPolicy,1,0,0.0677894,3.46574,2.99573,7,4.95632,390,396,4.50967,618,0.986493
E3-PPOPIP-p005,47.8078,401,593,RLPolicy,1,0,0.00789698,3.64806,2.99573,7,13.3935,173,179,12.8929,618,1.01613
E3-PPOPIP-p005,47.8082,313,150,RLPolicy,1,0,0.0867098,3.46574,2.99573,7,6.21326,396,402,5.5931,618,0.988724
E3-PPOPIP-p005,47.8085,388,517,RLPolicy,1,1,0.0907231,0.693147,2.99573,3,5.7523,0,66,5.49074,618,0.997844
E3-PPOPIP-p005,47.8193,434,195,RLPolicy,0,0,0.119489,5.54518,2.99573,9,5.56839,465,473,5.29527,4,0.996653
E3-PPOPIP-p005,47.8227,94,124,RLPolicy,1,1,0.0432259,2.77259,2.99573,6,6.30474,137,270,5.6152,618,1.02119
E3-PPOPIP-p005,47.8236,5,102,RLPolicy,1,0,0.0193326,3.16035,2.99573,7,9.32004,354,360,8.55501,618,1.00077
E3-PPOPIP-p005,47.8249,113,620,RLPolicy,1,1,0.059219,2.95491,2.99573,6,7.75254,155,170,7.18661,618,0.964842
E3-PPOPIP-p005,47.8258,452,616,RLPolicy,0,0,0.12049,2.07944,2.99573,4,5.80993,3,6,5.7059,618,1
E3-PPOPIP-p005,47.8317,198,55,RLPolicy,1,1,0.071796,2.77259,2.99573,6,7.34599,204,231,6.84908,618,0.995182
E3-PPOPIP-p005,47.8346,92,328,RLPolicy,1,0,0.0400294,4.15888,2.99573,8,4.26665,255,262,3.98736,618,1.03247
E3-PPOPIP-p005,47.8359,389,42,RLPolicy,0,0,0.099799,5.54518,2.99573,9,6.45945,184,192,5.93557,618,1.0047
E3-PPOPIP-p005,47.8457,129,458,RLPolicy,1,1,0.0614284,2.77259,2.99573,6,7.74261,262,275,7.26867,618,1.03394
E3-PPOPIP-p005,47.85,404,87,RLPolicy,1,1,0.0991493,2.77259,2.99573,6,9.71236,108,253,9.23184,618,1.01175
E3-PPOPIP-p005,47.8562,22,189,RLPolicy,1,1,0.0377918,1.77406,2.99573,5,6.99199,61,241,6.45962,618,0.960653
E3-PPOPIP-p005,47.8564,518,158,RLPolicy,1,1,0.121508,2.77259,2.99573,6,7.71265,306,337,7.18043,618,0.998884
E3-PPOPIP-p005,47.8613,427,362,RLPolicy,1,1,0.103513,2.77259,2.99573,6,6.28379,121,257,5.68969,618,0.988606
E3-PPOPIP-p005,47.8632,34,14,RLPolicy,1,1,0.0554903,2.68483,2.99573,7,6.12638,239,358,5.53066,618,0.97405
E3-PPOPIP-p005,47.8704,484,216,RLPolicy,0,0,0.135804,5.54518,2.99573,9,4.71289,86,94,4.352,618,1.00928
E3-PPOPIP-p005,47.8737,421,192,RLPolicy,1,0,0.107833,3.46574,2.99573,7,5.59739,147,153,5.219,618,0.999003
E3-PPOPIP-p005,47.874,292,112,RLPolicy,1,1,0.0778899,2.61844,2.99573,6,6.40088,254,308,5.87283,618,1.02013
E3-PPOPIP-p005,47.8742,230,469,RLPolicy,1,0,0.0676412,4.85203,2.99573,9,5.2831,215,223,4.8537,618,1.03948
E3-PPOPIP-p005,47.8745,365,13,RLPolicy,1,1,0.107109,2.77259,2.99573,6,5.9174,274,308,5.36261,618,1.00024
E3-PPOPIP-p005,47.8759,157,217,RLPolicy,1,1,0.0543521,2.07944,2.99573,5,6.15883,87,274,5.4614,618,0.961117
E3-PPOPIP-p005,47.8791,58,267,RLPolicy,1,0,0.0487375,3.16035,2.99573,7,8.34899,416,422,7.79001,618,0.967757
E3-PPOPIP-p005,47.8842,412,100,RLPolicy,1,1,0.102314,2.77259,2.99573,6,7.67664,89,396,6.9386,618,0.990956
E3-PPOPIP-p005,47.8881,407,45,RLPolicy,1,0,0.010314,4.85203,2.99573,9,7.85474,352,360,6.95309,618,1.01175
E3-PPOPIP-p005,47.889,403,91,RLPolicy,1,1,0.100631,2.77259,2.99573,6,7.42473,153,346,6.74999,618,0.992071
E3-PPOPIP-p005,47.8894,480,513,RLPolicy,1,0,0.00921184,4.18705,2.99573,8,5.58022,366,373,5.0081,618,1.01268
E3-PPOPIP-p005,47.8988,481,553,RLPolicy,1,0,0.116522,3.46574,2.99573,7,7.02346,352,358,6.58278,618,1.0047
E3-PPOPIP-p005,47.9058,437,371,RLPolicy,1,1,0.103227,2.07944,2.99573,5,6.77641,6,127,6.40218,618,1.00247
E3-PPOPIP-p005,47.9059,136,428,RLPolicy,1,0,0.0434259,4.15888,2.99573,8,11.2939,318,325,10.6717,618,0.963467
E3-PPOPIP-p005,47.9096,419,390,RLPolicy,1,0,0.102781,3.46574,2.99573,7,6.3856,352,358,5.8385,618,1.01287
E3-PPOPIP-p005,47.9116,371,513,RLPolicy,1,1,0.105555,2.77259,2.99573,6,5.79959,129,187,5.35662,618,1.0245
E3-PPOPIP-p005,47.9171,236,1,RLPolicy,1,1,0.0741636,2.07944,2.99573,5,6.12253,116,286,5.49241,618,0.980677
E3-PPOPIP-p005,47.9239,372,570,RLPolicy,1,1,0.0940929,2.77259,2.99573,6,6.4379,310,332,5.91694,618,0.986374
E3-PPOPIP-p005,47.9265,104,30,RLPolicy,1,1,0.0384732,0.693147,2.99573,3,5.89243,0,178,5.5191,618,0.960384
E3-PPOPIP-p005,47.9471,495,273,RLPolicy,0,0,0.0104971,5.39103,2.99573,9,5.53364,275,283,5.03753,618,1.00235
E3-PPOPIP-p005,47.9594,394,285,RLPolicy,1,1,0.115202,2.07944,2.99573,5,17.4781,152,292,16.8202,618,0.976322
E3-PPOPIP-p005,47.9609,159,139,RLPolicy,1,0,0.0564423,4.15888,2.99573,8,5.41816,267,274,4.97839,618,1.01187
E3-PPOPIP-p005,47.9629,246,426,RLPolicy,1,0,0.00687036,3.46574,2.99573,7,6.90517,186,192,6.29232,618,1.01736
E3-PPOPIP-p005,47.97,475,189,RLPolicy,1,1,0.116397,1.92529,2.99573,5,6.81502,65,208,6.42399,618,0.991646
E3-PPOPIP-p005,47.9719,41,328,RLPolicy,1,1,0.0389599,2.46721,2.99573,6,6.07669,61,289,5.60392,618,0.945675
E3-PPOPIP-p005,47.9744,511,155,RLPolicy,1,0,0.00801806,3.46574,2.99573,7,6.27648,338,344,5.76558,618,1.00235
E3-PPOPIP-p005,47.9749,451,81,RLPolicy,1,0,0.110255,4.15888,2.99573,8,6.74001,364,371,6.04011,618,1.00705
E3-PPOPIP-p005,47.9815,69,462,RLPolicy,1,1,0.0457494,0.693147,2.99573,3,8.47441,0,96,8.20334,618,0.971633
E3-PPOPIP-p005,47.9821,42,177,RLPolicy,1,1,0.0379685,1.38629,2.99573,4,5.53404,0,105,5.29769,618,0.993341
E3-PPOPIP-p005,47.9881,239,55,RLPolicy,1,1,0.0801078,0.693147,2.99573,3,5.38022,0,51,5.17408,618,1.01075
E3-PPOPIP-p005,47.9924,199,138,RLPolicy,1,1,0.0734568,2.77259,2.99573,6,10.0148,282,308,9.39983,618,1.00729
E3-PPOPIP-p005,47.9962,435,364,RLPolicy,1,1,0.120657,2.61844,2.99573,6,5.20951,56,76,4.97813,618,1.0121
E3-PPOPIP-p005,48.0027,111,81,RLPolicy,1,1,0.0595052,2.77259,2.99573,6,7.06007,318,367,6.59525,618,0.962351
E3-PPOPIP-p005,48.0045,304,457,RLPolicy,1,1,0.0819753,2.77259,2.99573,6,5.28113,278,291,4.92342,618,0.990304
E3-PPOPIP-p005,48.0099,289,555,RLPolicy,1,0,0.078362,4.85203,2.99573,9,5.16062,126,134,4.41204,618,1.02091
E3-PPOPIP-p005,48.0112,194,554,RLPolicy,1,1,0.00678394,2.77259,2.99573,6,7.22409,166,171,6.72428,618,0.971897
E3-PPOPIP-p005,48.0119,30,477,RLPolicy,1,1,0.0385457,2.93736,2.99573,8,8.35716,108,564,6.73346,618,0.988793
E3-PPOPIP-p005,48.0147,240,193,RLPolicy,0,0,0.0806745,5.32203,2.99573,9,5.61743,349,357,4.96643,618,1.01807
E3-PPOPIP-p005,48.0153,21,193,RLPolicy,1,1,0.038928,2.46721,2.99573,6,7.58809,300,345,7.08869,618,0.967585
E3-PPOPIP-p005,48.0171,24,214,RLPolicy,1,1,0.0457734,2.54959,2.99573,7,7.22684,350,422,6.49052,618,0.964944
E3-PPOPIP-p005,48.0191,10,295,RLPolicy,1,1,0.0341231,2.46721,2.99573,6,5.60597,220,264,5.08072,618,0.971874
E3-PPOPIP-p005,48.0192,453,398,RLPolicy,1,1,0.1173,2.77259,2.99573,6,6.0192,293,298,5.52356,618,0.993187
E3-PPOPIP-p005,48.0209,222,226,RLPolicy,1,0,0.0072886,3.46574,2.99573,7,5.4446,317,323,5.10883,618,1.0131
E3-PPOPIP-p005,48.0235,98,524,RLPolicy,1,0,0.0460377,4.85203,2.99573,9,6.32186,272,280,5.654,618,1.00741
E3-PPOPIP-p005,48.0273,2,46,RLPolicy,1,1,0.0395402,2.46721,2.99573,6,7.6464,63,357,6.81613,618,0.965407
E3-PPOPIP-p005,48.0303,488,281,RLPolicy,1,1,0.12411,0.693147,2.99573,3,4.15095,0,99,3.9894,618,0.987371
E3-PPOPIP-p005,48.0304,362,513,RLPolicy,1,1,0.0903465,2.07944,2.99573,5,4.38754,20,129,4.09205,618,1.00115
E3-PPOPIP-p005,48.0348,4,96,RLPolicy,1,1,0.0464574,2.46721,2.99573,6,6.69543,63,84,6.21031,618,1.01434
E3-PPOPIP-p005,48.0396,29,77,RLPolicy,1,0,0.0392694,3.34268,2.99573,7,6.81553,142,148,6.42809,618,1.00424
E3-PPOPIP-p005,48.0439,179,490,RLPolicy,1,0,0.0677928,4.15888,2.99573,8,8.53998,333,340,7.80509,618,0.973864
E3-PPOPIP-p005,48.0451,399,173,RLPolicy,1,1,0.0972778,2.07944,2.99573,5,8.99436,49,253,8.51224,618,0.997882
E3-PPOPIP-p005,48.0519,64,413,RLPolicy,1,0,0.0501051,4.00473,2.99573,8,8.14093,352,359,7.57085,618,0.997354
E3-PPOPIP-p005,48.0615,366,488,RLPolicy,1,1,0.0948411,2.77259,2.99573,6,6.10196,134,326,5.57094,618,0.990956
E3-PPOPIP-p005,48.0839,191,275,RLPolicy,1,1,0.0562131,2.77259,2.99573,6,7.39905,124,295,6.71269,618,0.995774
E3-PPOPIP-p005,48.0842,345,456,RLPolicy,0,0,0.00982139,5.54518,2.99573,9,7.23478,299,307,6.61254,618,0.999003
E3-PPOPIP-p005,48.086,270,330,RLPolicy,1,1,0.0795161,2.77259,2.99573,6,6.82315,186,198,6.40526,618,1.02115
E3-PPOPIP-p005,48.0892,493,208,RLPolicy,0,0,0.120157,5.54518,2.99573,9,5.90208,436,444,5.31267,618,0.998884
E3-PPOPIP-p005,48.0892,188,587,RLPolicy,1,1,0.074967,2.93429,2.99573,7,6.28282,168,185,5.83803,618,0.996157
E3-PPOPIP-p005,48.096,529,245,RLPolicy,1,1,0.125982,1.23214,2.99573,4,6.36541,0,134,5.92584,618,0.991182
E3-PPOPIP-p005,48.1025,75,236,RLPolicy,1,1,0.0574501,2.77259,2.99573,6,6.71545,114,260,6.04564,619,1.00015
E3-PPOPIP-p005,48.1025,264,237,RLPolicy,0,0,0.086635,5.54518,2.99573,9,4.35823,324,332,4.15005,4,0.998006
E3-PPOPIP-p005,48.1037,396,377,RLPolicy,1,1,0.100642,2.46429,2.99573,6,6.11354,228,299,5.69344,619,1.01651
E3-PPOPIP-p005,48.1073,315,54,RLPolicy,1,1,0.0795234,2.77259,2.99573,6,5.54599,192,198,5.34513,619,1.028
E3-PPOPIP-p005,48.1107,216,17,RLPolicy,1,1,0.0715648,1.38629,2.99573,4,10.3754,0,214,9.72975,619,0.983027
E3-PPOPIP-p005,48.1134,439,54,RLPolicy,1,0,0.107382,4.00473,2.99573,8,5.80649,221,228,5.42762,619,1.00362
E3-PPOPIP-p005,48.1153,107,481,RLPolicy,1,1,0.0427633,2.77259,2.99573,6,6.52132,87,415,5.99364,619,0.983146
E3-PPOPIP-p005,48.1207,57,183,RLPolicy,0,0,0.0465473,4.92857,2.99573,9,5.74791,274,282,5.13847,619,1.02532
E3-PPOPIP-p005,48.124,221,163,RLPolicy,1,1,0.0538884,2.77259,2.99573,6,6.35935,160,326,5.73778,619,0.993424
E3-PPOPIP-p005,48.1368,527,52,RLPolicy,1,0,0.150212,3.46574,2.99573,7,8.55177,150,156,8.12139,619,1.00235
E3-PPOPIP-p005,48.1459,122,341,RLPolicy,1,0,0.0482421,4.85203,2.99573,9,6.50621,310,318,6.04236,619,1.00463
E3-PPOPIP-p005,48.1563,231,622,RLPolicy,1,1,0.0570881,2.77259,2.99573,6,6.26883,124,457,5.5838,619,0.983027
E3-PPOPIP-p005,48.1626,499,565,RLPolicy,1,0,0.127386,4.15888,2.99573,8,5.52895,210,217,5.09374,619,1.00817
E3-PPOPIP-p005,48.1659,465,456,RLPolicy,1,0,0.12031,3.46574,2.99573,7,6.66811,200,206,6.22911,619,0.996653
E3-PPOPIP-p005,48.1819,131,524,RLPolicy,1,0,0.049296,4.85203,2.99573,9,7.5719,250,258,7.18668,619,1.00228
E3-PPOPIP-p005,48.1826,429,4,RLPolicy,0,0,0.119235,5.54518,2.99573,9,5.35003,213,221,4.80141,619,1.00358
E3-PPOPIP-p005,48.1834,31,541,RLPolicy,1,1,0.0413016,2.77259,2.99573,6,7.44199,269,300,6.76694,619,0.978978
E3-PPOPIP-p005,48.1927,383,333,RLPolicy,1,0,0.010446,4.85203,2.99573,9,4.83683,195,203,4.50608,619,1.02438
E3-PPOPIP-p005,48.1971,233,533,RLPolicy,1,0,0.0784762,4.15888,2.99573,8,5.69849,460,467,5.274,619,1.01645
E3-PPOPIP-p005,48.2105,360,180,RLPolicy,1,0,0.103889,4.15888,2.99573,8,4.70997,204,211,4.32094,620,1.02215
E3-PPOPIP-p005,48.2109,33,463,RLPolicy,1,1,0.047594,2.93736,2.99573,8,10.3311,391,424,9.59572,620,0.9576
E3-PPOPIP-p005,48.2161,507,417,RLPolicy,1,1,0.12781,2.07944,2.99573,5,5.20403,128,230,4.87719,620,1.00393
E3-PPOPIP-p005,48.2227,335,310,RLPolicy,1,0,0.0899574,3.46574,2.99573,7,10.5518,383,389,10.0642,620,1.00259
E3-PPOPIP-p005,48.2356,286,371,RLPolicy,1,0,0.0856493,3.46574,2.99573,7,6.86796,314,320,6.49248,620,1.00494
E3-PPOPIP-p005,48.2357,71,190,RLPolicy,1,0,0.00925427,4.15888,2.99573,8,6.27668,171,178,5.95678,620,1.01992
E3-PPOPIP-p005,48.2367,516,112,RLPolicy,1,1,0.126108,2.77259,2.99573,6,5.63266,86,295,4.91202,620,0.998884
E3-PPOPIP-p005,48.2393,301,464,RLPolicy,0,0,0.092572,5.54518,2.99573,9,5.23377,209,217,4.54761,620,1.02091
E3-PPOPIP-p005,48.2397,174,234,RLPolicy,1,0,0.0683195,3.46574,2.99573,7,6.14679,411,417,5.37025,620,1.03205
E3-PPOPIP-p005,48.241,259,197,RLPolicy,1,0,0.00775468,3.46574,2.99573,7,6.17105,282,288,5.86511,620,1.00729
E3-PPOPIP-p005,48.2418,70,232,RLPolicy,0,0,0.0532957,5.54518,2.99573,9,5.66287,454,462,5.20547,2,1.00047
E3-PPOPIP-p005,48.2439,530,51,RLPolicy,1,0,0.130389,4.85203,2.99573,9,5.23187,208,216,4.75107,620,1.00928
E3-PPOPIP-p005,48.2478,525,338,RLPolicy,1,0,0.153727,3.46574,2.99573,7,5.78173,248,254,5.30108,620,1.00235
E3-PPOPIP-p005,48.2496,285,400,RLPolicy,1,0,0.00730009,3.46574,2.99573,7,6.61608,393,399,6.23474,620,0.999542
E3-PPOPIP-p005,48.2502,314,360,RLPolicy,1,0,0.0876012,4.85203,2.99573,9,5.43107,254,262,4.93149,620,1.02796
E3-PPOPIP-p005,48.2531,436,56,RLPolicy,1,1,0.102244,0.693147,2.99573,3,5.45427,0,149,5.18762,620,0.98514
E3-PPOPIP-p005,48.2552,476,93,RLPolicy,1,0,0.00923539,4.15888,2.99573,8,6.46295,428,435,5.91291,620,1.00817
E3-PPOPIP-p005,48.2562,338,206,RLPolicy,1,0,0.0862253,3.46574,2.99573,7,6.43445,250,256,5.93929,620,0.999121
E3-PPOPIP-p005,48.2586,137,203,RLPolicy,1,0,0.0600425,4.85203,2.99573,9,6.21532,269,277,5.6878,620,1.02697
E3-PPOPIP-p005,48.2598,524,528,RLPolicy,1,1,0.131915,2.77259,2.99573,6,5.24433,91,113,4.88392,620,0.998884
E3-PPOPIP-p005,48.2631,521,330,RLPolicy,1,0,0.00800544,3.46574,2.99573,7,5.4863,319,325,4.9281,620,1.00235
E3-PPOPIP-p005,48.2636,84,414,RLPolicy,1,1,0.0524912,2.77259,2.99573,6,5.81083,295,319,5.40491,620,0.991193
E3-PPOPIP-p005,48.2692,326,32,RLPolicy,1,1,0.0824002,2.07944,2.99573,5,5.67942,97,219,5.23115,620,1.00024
E3-PPOPIP-p005,48.2748,185,622,RLPolicy,1,1,0.0699984,2.77259,2.99573,6,6.10613,175,325,5.50238,620,0.99689
E3-PPOPIP-p005,48.2864,503,4,RLPolicy,0,0,0.127143,5.54518,2.99573,9,4.84854,234,242,4.46743,620,0.999796
E3-PPOPIP-p005,48.2889,538,344,RLPolicy,1,0,0.136633,4.15888,2.99573,8,6.27405,194,201,5.58883,620,1.00582
E3-PPOPIP-p005,48.2906,485,182,RLPolicy,1,0,0.118987,3.46574,2.99573,7,7.06269,408,414,6.42167,620,1.00123
E3-PPOPIP-p005,48.2918,142,365,RLPolicy,1,1,0.0603661,2.77259,2.99573,6,7.47868,296,302,7.18711,620,0.976096
E3-PPOPIP-p005,48.2956,359,290,RLPolicy,1,1,0.10991,2.77259,2.99573,6,5.39873,161,281,4.94283,620,0.992535
E3-PPOPIP-p005,48.2992,120,87,RLPolicy,0,0,0.0647315,5.54518,2.99573,9,5.02658,222,230,4.65397,620,1.01055
E3-PPOPIP-p005,48.302,87,207,RLPolicy,1,1,0.0417907,2.07944,2.99573,5,5.95538,8,194,5.37587,621,0.977126
E3-PPOPIP-p005,48.3023,242,411,RLPolicy,1,0,0.0895797,4.85203,2.99573,9,5.70606,400,408,5.05324,621,1.02808
E3-PPOPIP-p005,48.3024,255,364,RLPolicy,1,1,0.0872253,2.77259,2.99573,6,6.98552,194,205,6.47945,621,1.01422
E3-PPOPIP-p005,48.3053,235,622,RLPolicy,1,1,0.0580631,2.77259,2.99573,6,6.56546,132,418,5.67842,621,0.99689
E3-PPOPIP-p005,48.309,526,397,RLPolicy,1,1,0.128459,2.77259,2.99573,6,6.37222,221,351,5.86253,621,0.998884
E3-PPOPIP-p005,48.3125,470,107,RLPolicy,1,0,0.00783934,3.46574,2.99573,7,6.80681,182,188,6.44032,621,1.01398
E3-PPOPIP-p005,48.3133,100,540,RLPolicy,1,1,0.0445354,2.77259,2.99573,6,5.90266,95,386,5.3087,621,0.97236
E3-PPOPIP-p005,48.3137,165,94,RLPolicy,1,1,0.0554231,2.07944,2.99573,5,5.3857,81,204,4.90979,621,0.97733
E3-PPOPIP-p005,48.316,472,195,RLPolicy,0,0,0.122181,5.54518,2.99573,9,5.84456,463,471,5.61802,2,0.987371
E3-PPOPIP-p005,48.3206,178,319,RLPolicy,1,0,0.0619796,3.31159,2.99573,7,5.0892,255,261,4.69842,621,1.02265
E3-PPOPIP-p005,48.3214,261,188,RLPolicy,1,1,0.0708494,2.77259,2.99573,6,7.41171,154,159,7.00868,621,0.991074
E3-PPOPIP-p005,48.3238,456,136,RLPolicy,1,0,0.136132,4.15888,2.99573,8,6.11127,238,245,5.51419,621,1.01745
E3-PPOPIP-p005,48.3245,23,244,RLPolicy,1,1,0.0395213,2.46721,2.99573,6,5.6508,247,319,5.09574,621,0.98198
E3-PPOPIP-p005,48.3289,77,525,RLPolicy,1,1,0.0512147,2.77259,2.99573,6,6.84213,127,140,6.53838,621,0.988961
E3-PPOPIP-p005,48.3293,420,479,RLPolicy,1,1,0.100421,0.693147,2.99573,3,4.83235,0,76,4.64489,621,0.979324
E3-PPOPIP-p005,48.3298,386,448,RLPolicy,1,0,0.0995121,4.85203,2.99573,9,4.78123,416,424,4.34072,621,1.0037
E3-PPOPIP-p005,48.3391,272,323,RLPolicy,1,1,0.0783375,2.07944,2.99573,5,7.5972,79,136,7.02002,621,0.981486
E3-PPOPIP-p005,48.3412,79,228,RLPolicy,1,0,0.052582,4.85203,2.99573,9,6.87268,470,478,6.28787,621,0.995893
E3-PPOPIP-p005,48.3419,32,319,RLPolicy,1,1,0.0270138,2.46721,2.99573,6,7.32561,68,337,6.42589,621,0.966882
E3-PPOPIP-p005,48.3422,291,341,RLPolicy,1,0,0.0876808,4.85203,2.99573,9,6.69376,359,367,6.00622,621,0.988724
E3-PPOPIP-p005,48.3441,37,54,RLPolicy,1,1,0.0405187,2.07944,2.99573,5,5.13232,36,131,4.76849,621,1.00336
E3-PPOPIP-p005,48.3551,189,176,RLPolicy,1,0,0.0718676,4.85203,2.99573,9,10.3459,360,368,9.52565,621,1.02697
E3-PPOPIP-p005,48.3644,187,526,RLPolicy,1,1,0.0601593,2.77259,2.99573,6,7.97027,336,376,7.47989,621,1.0158
E3-PPOPIP-p005,48.3671,513,366,RLPolicy,1,1,0.00604889,2.95491,2.99573,6,5.69324,182,216,5.228,621,0.999796
E3-PPOPIP-p005,48.3696,140,205,RLPolicy,1,1,0.0458264,2.07944,2.99573,5,8.07082,61,240,7.38931,621,0.985377
E3-PPOPIP-p005,48.3837,537,321,RLPolicy,1,1,0.130181,1.38629,2.99573,4,5.67455,0,118,5.28983,621,0.991953
E3-PPOPIP-p005,48.3839,356,492,RLPolicy,1,1,0.0894137,2.77259,2.99573,6,5.83314,102,344,5.31163,621,0.982908
E3-PPOPIP-p005,48.3992,424,274,RLPolicy,1,1,0.100417,0.693147,2.99573,3,6.24193,0,94,6.02378,621,0.988606
E3-PPOPIP-p005,48.4014,490,493,RLPolicy,1,0,0.122034,3.46574,2.99573,7,5.12761,128,134,4.85625,621,1.01163
E3-PPOPIP-p005,48.4018,288,583,RLPolicy,1,1,0.0913647,0.693147,2.99573,3,6.59735,0,87,6.20605,621,0.97263
E3-PPOPIP-p005,48.4023,146,10,RLPolicy,1,1,0.0618401,1.38629,2.99573,4,4.94344,0,50,4.62912,621,1.02227
E3-PPOPIP-p005,48.4083,460,220,RLPolicy,1,1,0.110022,2.07944,2.99573,5,10.3845,92,207,9.81367,621,0.993187
E3-PPOPIP-p005,48.4095,523,78,RLPolicy,1,0,0.133875,4.15888,2.99573,8,9.32678,178,185,8.91186,621,1.00582
E3-PPOPIP-p005,48.4122,241,396,RLPolicy,1,0,0.00982063,4.85203,2.99573,9,5.2309,487,495,4.63083,621,1.02227
E3-PPOPIP-p005,48.4188,112,13,RLPolicy,1,1,0.0542359,2.07944,2.99573,5,6.24818,109,274,5.80698,621,0.93655
E3-PPOPIP-p005,48.4192,337,360,RLPolicy,1,0,0.0899256,4.85203,2.99573,9,8.2305,232,240,7.81374,621,1.00024
E3-PPOPIP-p005,48.42,121,513,RLPolicy,1,1,0.0587465,2.07944,2.99573,5,6.06435,32,61,5.80585,621,1.0292
E3-PPOPIP-p005,48.4223,171,424,RLPolicy,1,1,0.0558546,2.77259,2.99573,6,6.7435,58,267,6.12933,621,1.00852
E3-PPOPIP-p005,48.4254,506,574,RLPolicy,0,0,0.142636,0.693147,2.99573,2,3.35647,0,1,3.30975,621,1
E3-PPOPIP-p005,48.4275,353,155,RLPolicy,0,0,0.0985255,5.54518,2.99573,9,10.3881,318,326,9.69829,621,1.02091
E3-PPOPIP-p005,48.4278,422,313,RLPolicy,1,0,0.010497,4.85203,2.99573,9,5.33757,264,272,4.71981,621,1.0198
E3-PPOPIP-p005,48.4309,108,87,RLPolicy,1,1,0.0506824,2.77259,2.99573,6,5.85801,141,313,5.27647,621,0.983146
E3-PPOPIP-p005,48.4329,214,492,RLPolicy,1,1,0.0745637,2.77259,2.99573,6,7.47276,152,274,6.5343,621,1.00159
E3-PPOPIP-p005,48.4411,515,612,RLPolicy,1,1,0.11922,1.38629,2.99573,4,6.55493,0,178,5.9885,621,0.991953
E3-PPOPIP-p005,48.4446,387,183,RLPolicy,0,0,0.108678,5.39103,2.99573,9,5.01639,236,244,4.35527,621,0.995456
E3-PPOPIP-p005,48.4532,28,255,RLPolicy,1,1,0.00682902,2.54959,2.99573,7,7.86027,285,417,7.20217,621,0.960294
E3-PPOPIP-p005,48.4551,256,288,RLPolicy,0,0,0.0843722,5.54518,2.99573,9,5.7348,251,259,5.141,621,1.02561
E3-PPOPIP-p005,48.4579,184,503,RLPolicy,1,1,0.0728345,2.46429,2.99573,6,8.70174,239,292,7.93001,621,0.998507
E3-PPOPIP-p005,48.4647,441,527,RLPolicy,0,0,0.00970022,5.54518,2.99573,9,5.56997,354,362,5.11743,621,1.01163
E3-PPOPIP-p005,48.4648,303,501,RLPolicy,1,1,0.0816005,2.07944,2.99573,5,4.47469,23,68,4.26867,621,1.01757
E3-PPOPIP-p005,48.4663,72,243,RLPolicy,1,0,0.0254191,3.46574,2.99573,7,7.82053,165,171,7.4412,621,1.03043
E3-PPOPIP-p005,48.4724,258,232,RLPolicy,0,0,0.0932003,5.39103,2.99573,9,9.00094,453,461,8.17542,2,1.00147
E3-PPOPIP-p005,48.4732,133,403,RLPolicy,1,1,0.0511224,2.07944,2.99573,5,7.33551,109,328,6.59602,621,0.97968
E3-PPOPIP-p005,48.4739,457,183,RLPolicy,1,1,0.109803,2.07944,2.99573,5,7.68033,139,269,6.93086,621,0.993187
E3-PPOPIP-p005,48.4806,85,293,RLPolicy,1,1,0.0382078,2.77259,2.99573,6,5.82534,69,212,5.34453,621,1.02003
E3-PPOPIP-p005,48.4809,18,154,RLPolicy,1,0,0.0412316,3.16035,2.99573,7,5.96887,288,294,5.60029,621,0.975948
E3-PPOPIP-p005,48.4812,395,588,RLPolicy,1,1,0.0976797,2.77259,2.99573,6,7.46729,90,286,6.75165,621,0.988606
E3-PPOPIP-p005,48.5032,212,382,RLPolicy,1,0,0.0571577,3.46574,2.99573,7,6.28281,394,400,5.67327,621,1.025
E3-PPOPIP-p005,48.5044,6,114,RLPolicy,1,1,0.0345894,2.07944,2.99573,5,7.35251,54,195,6.85168,621,0.973837
E3-PPOPIP-p005,48.5086,341,56,RLPolicy,1,0,0.00927425,4.15888,2.99573,8,5.20504,305,312,4.80781,621,1.02103
E3-PPOPIP-p005,48.5095,520,380,RLPolicy,1,0,0.133614,4.15888,2.99573,8,5.43477,312,319,4.87283,621,1.00582
E3-PPOPIP-p005,48.5096,149,79,RLPolicy,1,1,0.0519078,2.07944,2.99573,5,5.95698,99,296,5.29396,621,0.973897
E3-PPOPIP-p005,48.5096,106,496,RLPolicy,1,1,0.062513,2.77259,2.99573,6,5.80376,134,272,5.35176,621,0.978242
E3-PPOPIP-p005,48.5102,486,615,RLPolicy,1,0,0.122162,4.69788,2.99573,9,7.09148,382,390,6.50705,621,1.0082
E3-PPOPIP-p005,48.5148,78,357,RLPolicy,1,0,0.00805687,4.15888,2.99573,8,10.0442,179,186,9.53893,621,1.0188
E3-PPOPIP-p005,48.5169,127,287,RLPolicy,1,1,0.046611,2.77259,2.99573,6,6.80498,214,220,6.40194,621,0.969164
E3-PPOPIP-p005,48.5273,290,243,RLPolicy,0,0,0.010286,5.7275,2.99573,9,8.33592,542,550,8.09257,1,1.00952
E3-PPOPIP-p005,48.5296,369,354,RLPolicy,0,0,0.101665,5.54518,2.99573,9,4.96935,137,145,4.67636,621,1.03457
E3-PPOPIP-p005,48.5313,124,70,RLPolicy,1,1,0.0574602,2.77259,2.99573,6,6.48499,211,219,6.06148,621,0.991193
E3-PPOPIP-p005,48.5331,533,261,RLPolicy,1,1,0.130478,2.77259,2.99573,6,9.57241,131,298,8.93968,621,0.998884
E3-PPOPIP-p005,48.5389,402,527,RLPolicy,1,0,0.103028,3.46574,2.99573,7,6.80209,141,147,6.4917,621,0.996346
E3-PPOPIP-p005,48.5552,237,230,RLPolicy,1,0,0.0734168,4.85203,2.99573,9,6.55536,257,265,5.75603,621,0.979561
E3-PPOPIP-p005,48.5614,539,366,RLPolicy,1,0,0.135801,3.46574,2.99573,7,6.0345,157,163,5.59836,621,1.00235
E3-PPOPIP-p005,48.5645,448,291,RLPolicy,1,1,0.120516,2.84913,2.99573,7,5.50517,324,356,4.76292,621,0.998615
E3-PPOPIP-p005,48.5773,176,327,RLPolicy,1,0,0.0652058,4.69788,2.99573,9,5.42167,367,375,4.97941,621,1.01156
E3-PPOPIP-p005,48.5774,361,75,RLPolicy,1,1,0.103186,2.07944,2.99573,5,4.738,56,156,4.48133,621,0.986374
E3-PPOPIP-p005,48.5787,331,601,RLPolicy,1,1,0.0843529,2.77259,2.99573,6,7.10513,269,280,6.80047,621,1.01522
E3-PPOPIP-p005,48.5813,245,229,RLPolicy,1,0,0.0712229,4.15888,2.99573,8,5.55901,384,391,5.1383,621,1.00617
E3-PPOPIP-p005,48.6005,119,361,RLPolicy,1,1,0.0593145,2.07944,2.99573,5,5.25299,130,321,4.79284,623,1.00139
E3-PPOPIP-p005,48.6015,358,469,RLPolicy,1,1,0.0879153,2.77259,2.99573,6,6.24545,60,347,5.64401,623,1.00952
E3-PPOPIP-p005,48.602,47,207,RLPolicy,1,1,0.0448177,2.77259,2.99573,6,4.80027,219,247,4.57654,623,0.977491
E3-PPOPIP-p005,48.6026,13,172,RLPolicy,1,1,0.0388303,2.77259,2.99573,6,7.76851,174,327,7.11147,623,0.961727
E3-PPOPIP-p005,48.6047,316,292,RLPolicy,1,0,0.104856,4.15888,2.99573,8,5.09204,483,490,4.67157,623,1.01298
E3-PPOPIP-p005,48.6093,145,153,RLPolicy,1,1,0.0652842,2.77259,2.99573,6,6.68135,296,319,6.17045,623,1.01657
E3-PPOPIP-p005,48.6113,321,596,RLPolicy,1,1,0.00567726,2.77259,2.99573,6,6.19022,78,83,5.86804,623,0.99993
E3-PPOPIP-p005,48.6178,344,455,RLPolicy,0,0,0.0894002,5.54518,2.99573,9,4.46684,75,83,4.31921,4,1.03601
E3-PPOPIP-p005,48.6184,306,246,RLPolicy,1,0,0.0786575,4.15888,2.99573,8,5.38557,188,195,4.87543,623,1.00585
E3-PPOPIP-p005,48.6235,455,30,RLPolicy,1,0,0.113637,4.85203,2.99573,9,5.08992,256,264,4.46837,623,1.0198
E3-PPOPIP-p005,48.6252,364,282,RLPolicy,1,1,0.112312,2.77259,2.99573,6,5.10691,149,215,4.68623,623,0.987528
E3-PPOPIP-p005,48.635,147,207,RLPolicy,1,1,0.0628891,1.92529,2.99573,5,6.91062,92,262,6.35854,623,0.986223
E3-PPOPIP-p005,48.6362,163,590,RLPolicy,1,0,0.0664972,4.15888,2.99573,8,6.05147,196,203,5.65592,623,1.00506
E3-PPOPIP-p005,48.6521,90,117,RLPolicy,0,0,0.0374088,5.54518,2.99573,9,6.15957,415,423,5.34785,623,1.00271
E3-PPOPIP-p005,48.6569,350,617,RLPolicy,1,1,0.0863644,2.77259,2.99573,6,7.944,214,272,7.37053,623,1.00259
E3-PPOPIP-p005,48.6583,406,590,RLPolicy,1,0,0.117728,4.15888,2.99573,8,7.31164,287,294,6.79887,623,1.00482
E3-PPOPIP-p005,48.6636,287,63,RLPolicy,1,0,0.00725536,3.46574,2.99573,7,7.7475,245,251,7.10347,623,1.01166
E3-PPOPIP-p005,48.6672,273,246,RLPolicy,1,0,0.0782051,3.46574,2.99573,7,7.03954,428,434,6.36688,623,0.985722
E3-PPOPIP-p005,48.6769,418,527,RLPolicy,0,0,0.107799,5.54518,2.99573,9,11.4561,456,464,10.3863,623,0.999003
E3-PPOPIP-p005,48.6791,382,285,RLPolicy,1,1,0.0959068,1.38629,2.99573,4,6.18028,0,227,5.59593,623,1.01522
E3-PPOPIP-p005,48.6839,410,149,RLPolicy,1,0,0.102218,3.46574,2.99573,7,7.85493,278,284,7.37483,623,1.01175
E3-PPOPIP-p005,48.6839,545,243,RLPolicy,1,0,0.140203,4.85203,2.99573,9,5.10756,182,190,4.52449,623,1.00928
E3-PPOPIP-p005,48.6945,141,240,RLPolicy,1,0,0.0461802,4.85203,2.99573,9,7.17653,402,410,6.72243,623,1.04429
E3-PPOPIP-p005,48.6959,192,320,RLPolicy,1,1,0.058552,2.07944,2.99573,5,6.07696,13,56,5.69466,623,1.01298
E3-PPOPIP-p005,48.6982,268,92,RLPolicy,1,1,0.0642674,2.07944,2.99573,5,6.7275,25,174,6.26972,623,0.969164
E3-PPOPIP-p005,48.6991,483,548,RLPolicy,1,0,0.13076,4.85203,2.99573,9,6.1574,296,304,5.69856,623,1.01856
E3-PPOPIP-p005,48.7002,491,113,RLPolicy,1,1,0.115851,2.07944,2.99573,5,7.17082,20,176,6.64808,622,0.994303
E3-PPOPIP-p005,48.7006,202,64,RLPolicy,1,1,0.0750659,2.77259,2.99573,6,7.80955,192,279,7.13352,622,1.00597
E3-PPOPIP-p005,48.7033,193,118,RLPolicy,1,1,0.0746151,2.77259,2.99573,6,8.01897,312,329,7.41924,622,1.01075
E3-PPOPIP-p005,48.7076,15,625,RLPolicy,1,1,0.0423998,2.85497,2.99573,7,6.8159,153,360,5.89934,622,1.01098
E3-PPOPIP-p005,48.71,36,457,RLPolicy,1,0,0.0201082,3.46574,2.99573,7,9.55836,300,306,8.43721,622,1.01875
E3-PPOPIP-p005,48.712,332,166,RLPolicy,1,0,0.0844353,4.15888,2.99573,8,10.3309,448,455,9.3799,622,1.01063
E3-PPOPIP-p005,48.7134,247,293,RLPolicy,1,1,0.066645,2.77259,2.99573,6,5.85321,187,227,5.38401,622,1.00036
E3-PPOPIP-p005,48.7237,260,495,RLPolicy,1,1,0.0680776,2.77259,2.99573,6,7.60996,175,180,7.0271,622,0.984143
E3-PPOPIP-p005,48.7285,444,368,RLPolicy,1,0,0.00874108,4.00473,2.99573,8,6.15709,463,470,5.51363,622,1.01671
E3-PPOPIP-p005,48.7314,135,591,RLPolicy,1,1,0.0565158,2.77259,2.99573,6,8.40813,71,355,7.3349,622,0.97968
E3-PPOPIP-p005,48.7325,318,277,RLPolicy,0,0,0.0865659,0.693147,2.99573,2,4.90704,0,1,4.8282,622,1
E3-PPOPIP-p005,48.7367,327,23,RLPolicy,1,1,0.080089,1.38629,2.99573,4,6.45945,0,219,5.85126,622,0.99454
E3-PPOPIP-p005,48.7389,229,81,RLPolicy,0,0,0.077326,5.54518,2.99573,9,6.7941,433,441,5.97605,622,1.01868
E3-PPOPIP-p005,48.7418,251,408,RLPolicy,1,1,0.0675233,1.23214,2.99573,4,7.02196,0,281,6.44647,622,0.993462
E3-PPOPIP-p005,48.7426,156,631,RLPolicy,1,1,0.0519597,2.07944,2.99573,5,8.10896,56,279,7.28645,622,0.97733
E3-PPOPIP-p005,48.7626,277,318,RLPolicy,0,0,0.0732783,0.693147,2.99573,2,6.4154,0,1,6.21821,622,1
E3-PPOPIP-p005,48.7675,471,310,RLPolicy,1,1,0.128107,2.77259,2.99573,6,7.9839,308,324,7.41262,622,0.996653
E3-PPOPIP-p005,48.7677,248,620,RLPolicy,1,1,0.0724938,2.77259,2.99573,6,6.56162,165,221,6.16492,622,0.969973
E3-PPOPIP-p005,48.7705,310,390,RLPolicy,1,1,0.0913219,2.80076,2.99573,6,5.65842,277,288,5.27991,622,0.985281
E3-PPOPIP-p005,48.7719,535,63,RLPolicy,1,0,0.00786623,3.46574,2.99573,7,6.38062,223,229,5.95611,622,1.00235
E3-PPOPIP-p005,48.7735,408,270,RLPolicy,1,0,0.116039,3.46574,2.99573,7,7.76314,382,388,7.08532,622,1.01287
E3-PPOPIP-p005,48.7751,138,161,RLPolicy,1,1,0.0621957,2.07944,2.99573,5,8.08364,59,297,7.34051,622,0.99924
E3-PPOPIP-p005,48.7786,51,205,RLPolicy,1,0,0.038664,4.15888,2.99573,8,5.97199,186,193,5.62311,622,1.04298
E3-PPOPIP-p005,48.7823,88,178,RLPolicy,1,1,0.0527309,2.77259,2.99573,6,7.26392,201,230,6.69865,622,1.03055
E3-PPOPIP-p005,48.7841,153,179,RLPolicy,1,1,0.0669261,2.69255,2.99573,6,6.66547,128,417,5.7869,622,0.993218
E3-PPOPIP-p005,48.7907,99,149,RLPolicy,1,1,0.050719,2.77259,2.99573,6,6.82507,110,306,6.07468,622,0.990077
E3-PPOPIP-p005,48.7911,232,329,RLPolicy,1,0,0.0781486,3.46574,2.99573,7,7.5121,347,353,7.0215,622,0.971088
E3-PPOPIP-p005,48.7922,375,114,RLPolicy,1,0,0.00971202,4.85203,2.99573,9,5.67365,431,439,5.24105,622,1.00135
E3-PPOPIP-p005,48.7944,454,290,RLPolicy,1,0,0.114516,4.85203,2.99573,9,5.10475,193,201,4.73984,622,1.01163
E3-PPOPIP-p005,48.7955,512,541,RLPolicy,1,0,0.133003,3.46574,2.99573,7,5.40008,156,162,5.12032,622,1.0047
E3-PPOPIP-p005,48.8035,168,17,RLPolicy,1,1,0.0705275,2.77259,2.99573,6,6.02742,308,331,5.73369,623,0.994659
E3-PPOPIP-p005,48.8131,14,7,RLPolicy,1,1,0.0343998,2.46721,2.99573,6,6.67127,128,230,6.14887,623,1.01998
E3-PPOPIP-p005,48.8147,355,408,RLPolicy,1,1,0.0950678,2.61844,2.99573,6,5.55314,293,310,5.27468,623,0.998733
E3-PPOPIP-p005,48.8149,16,518,RLPolicy,0,0,0.0227869,4.93441,2.99573,9,5.13335,523,531,4.58283,623,0.97716
E3-PPOPIP-p005,48.817,466,348,RLPolicy,0,0,0.125758,5.23688,2.99573,9,7.63543,408,416,6.88771,623,1.00505
E3-PPOPIP-p005,48.8175,528,291,RLPolicy,1,0,0.12594,3.46574,2.99573,7,5.6864,354,360,5.19913,623,1.00235
E3-PPOPIP-p005,48.818,509,10,RLPolicy,1,1,0.117652,2.77259,2.99573,6,5.96856,323,366,5.593,623,1.0047
E3-PPOPIP-p005,48.8188,459,435,RLPolicy,1,1,0.103571,1.38629,2.99573,4,5.97485,0,97,5.50758,623,0.996653
E3-PPOPIP-p005,48.8287,9,622,RLPolicy,1,1,0.0362517,2.46721,2.99573,6,7.72062,94,280,7.15073,623,0.980743
E3-PPOPIP-p005,48.8317,132,332,RLPolicy,1,0,0.0599739,3.46574,2.99573,7,7.46684,318,324,6.98304,623,0.998124
E3-PPOPIP-p005,48.8325,160,582,RLPolicy,1,0,0.0588762,4.85203,2.99573,9,4.6076,298,306,4.26057,623,1.02673
E3-PPOPIP-p005,48.8381,130,109,RLPolicy,1,1,0.0410308,1.38629,2.99573,4,7.09843,0,75,6.71069,623,1.02309
E3-PPOPIP-p005,48.8439,26,315,RLPolicy,1,1,0.0060394,2.77259,2.99573,6,5.86645,166,180,5.56529,623,1.02239
E3-PPOPIP-p005,48.8567,197,342,RLPolicy,1,1,0.0755747,2.77259,2.99573,6,10.401,256,276,9.83987,623,1.01055
E3-PPOPIP-p005,48.8608,173,590,RLPolicy,1,0,0.0610962,4.85203,2.99573,9,6.65182,318,326,5.94297,623,0.994616
E3-PPOPIP-p005,48.861,297,321,RLPolicy,1,1,0.0952631,1.38629,2.99573,4,6.77872,0,119,6.41847,623,0.986493
E3-PPOPIP-p005,48.8666,464,266,RLPolicy,1,1,0.111687,1.38629,2.99573,4,7.53928,0,284,6.96725,623,0.989721
E3-PPOPIP-p005,48.8702,252,218,RLPolicy,1,1,0.0632665,2.77259,2.99573,6,6.1243,258,306,5.78658,623,1.00605
E3-PPOPIP-p005,48.871,549,468,RLPolicy,1,1,0.129535,2.77259,2.99573,6,6.62067,84,295,5.9371,623,0.998884
E3-PPOPIP-p005,48.8771,263,208,RLPolicy,0,0,0.083394,5.54518,2.99573,9,6.12095,438,446,5.60495,623,1.02103
E3-PPOPIP-p005,48.8775,352,53,RLPolicy,1,1,0.00705716,2.77259,2.99573,6,6.75298,293,302,6.43748,623,0.98749
E3-PPOPIP-p005,48.8776,62,303,RLPolicy,1,0,0.0375933,3.64806,2.99573,7,6.1218,219,225,5.76033,623,0.972133
E3-PPOPIP-p005,48.8782,312,561,RLPolicy,1,1,0.0956406,2.46429,2.99573,6,5.66689,104,257,5.15448,623,1.00455
E3-PPOPIP-p005,48.8788,329,261,RLPolicy,0,0,0.0903093,5.54518,2.99573,9,6.56662,435,443,5.70349,623,1.01063
E3-PPOPIP-p005,48.8805,368,177,RLPolicy,1,0,0.0960423,3.46574,2.99573,7,5.51712,331,337,5.03194,623,1.02796
E3-PPOPIP-p005,48.8808,144,267,RLPolicy,0,0,0.0102422,5.7275,2.99573,9,6.99241,519,527,6.70249,2,1.02115
E3-PPOPIP-p005,48.8852,217,597,RLPolicy,1,0,0.0834767,4.00473,2.99573,8,8.12412,443,450,7.41041,623,0.988493
E3-PPOPIP-p005,48.8861,501,591,RLPolicy,1,1,0.120334,2.77259,2.99573,6,5.31881,64,268,4.84667,623,0.997769
E3-PPOPIP-p005,48.8936,126,168,RLPolicy,1,1,0.0502468,2.77259,2.99573,6,6.36393,91,390,5.71009,623,0.995893
E3-PPOPIP-p005,48.8989,209,199,RLPolicy,1,0,0.057891,4.85203,2.99573,9,6.83773,390,398,6.10424,623,1.00247
E3-PPOPIP-p005,48.9008,265,18,RLPolicy,0,0,0.0840011,5.7275,2.99573,9,5.04639,553,561,4.75987,1,1.00147
E3-PPOPIP-p005,48.9038,155,274,RLPolicy,1,1,0.0651006,2.80076,2.99573,6,5.37021,314,343,4.87948,624,1.00208
E3-PPOPIP-p005,48.9097,80,288,RLPolicy,1,1,0.047415,2.07944,2.99573,5,10.6281,41,285,9.86942,624,0.994659
E3-PPOPIP-p005,48.9114,143,95,RLPolicy,1,0,0.00870531,4.15888,2.99573,8,6.04846,369,376,5.2882,624,1.04174
E3-PPOPIP-p005,48.9283,276,137,RLPolicy,1,0,0.00730075,3.46574,2.99573,7,8.21631,400,406,7.69276,624,0.996464
E3-PPOPIP-p005,48.9414,433,598,RLPolicy,1,1,0.11373,2.46429,2.99573,6,6.21276,146,427,5.66265,624,1.00093
E3-PPOPIP-p005,48.9478,161,475,RLPolicy,1,1,0.0562283,2.77259,2.99573,6,7.25113,282,297,6.70689,624,0.971101
E3-PPOPIP-p005,48.9601,363,413,RLPolicy,1,1,0.108739,2.07944,2.99573,5,5.58421,30,74,5.258,624,1.01757
E3-PPOPIP-p005,48.9634,540,579,RLPolicy,1,1,0.00604965,2.77259,2.99573,6,6.20434,279,295,5.72268,624,0.998884
E3-PPOPIP-p005,48.9648,205,359,RLPolicy,1,1,0.0615856,2.07944,2.99573,5,7.01803,2,189,6.36917,624,1.00852
E3-PPOPIP-p005,48.9654,40,144,RLPolicy,1,1,0.0422899,2.46721,2.99573,6,6.13537,165,279,5.54587,624,0.989907
E3-PPOPIP-p005,48.9679,56,131,RLPolicy,1,1,0.0237864,2.77259,2.99573,6,6.44568,295,301,5.82463,624,0.995482
E3-PPOPIP-p005,48.9684,96,471,RLPolicy,1,1,0.0544037,2.77259,2.99573,6,6.33468,90,333,5.49216,624,0.980796
E3-PPOPIP-p005,48.9707,302,361,RLPolicy,1,1,0.0778765,2.07944,2.99573,5,6.7263,75,163,6.26637,624,0.973746
E3-PPOPIP-p005,48.9784,477,299,RLPolicy,1,1,0.121936,2.77259,2.99573,6,7.2642,308,331,6.84347,624,0.994303
E3-PPOPIP-p005,48.9821,370,208,RLPolicy,0,0,0.0947313,5.54518,2.99573,9,6.1353,437,445,5.39712,624,0.996653
E3-PPOPIP-p005,48.9825,151,254,RLPolicy,1,1,0.0498713,1.70215,2.99573,5,8.65075,75,388,7.66803,624,0.955145
E3-PPOPIP-p005,48.985,206,338,RLPolicy,1,0,0.0651362,3.46574,2.99573,7,6.97927,226,232,6.51889,624,1.00852
E3-PPOPIP-p005,48.9978,428,181,RLPolicy,0,0,0.00970781,5.54518,2.99573,9,5.77596,242,250,5.31851,624,1.01287
E3-PPOPIP-p005,49.0062,442,98,RLPolicy,1,0,0.107494,3.46574,2.99573,7,6.16033,385,391,5.54471,624,1.00247
E3-PPOPIP-p005,49.0111,322,4,RLPolicy,0,0,0.0879934,5.54518,2.99573,9,6.94613,271,279,6.05265,624,0.99219
E3-PPOPIP-p005,49.0271,425,96,RLPolicy,1,0,0.104733,3.15743,2.99573,7,7.05522,255,261,6.62079,624,1.00901
E3-PPOPIP-p005,49.0274,110,572,RLPolicy,0,0,0.0383315,5.54518,2.99573,9,5.10582,223,231,4.52311,624,1.0282
E3-PPOPIP-p005,49.0283,494,61,RLPolicy,1,1,0.122938,2.77259,2.99573,6,6.04689,272,284,5.81077,624,1.00123
E3-PPOPIP-p005,49.029,411,194,RLPolicy,1,1,0.00661572,2.77259,2.99573,6,6.83696,102,110,6.40291,624,1.01287
E3-PPOPIP-p005,49.0322,541,448,RLPolicy,1,1,0.113696,2.07944,2.99573,5,7.47218,85,209,6.84307,624,0.995419
E3-PPOPIP-p005,49.0415,323,610,RLPolicy,1,0,0.108872,3.69643,2.99573,8,5.90969,298,305,5.30495,624,0.993139
E3-PPOPIP-p005,49.0456,478,556,RLPolicy,1,1,0.113373,2.77259,2.99573,6,7.26331,112,201,6.7542,624,1.00358
E3-PPOPIP-p005,49.0461,201,37,RLPolicy,1,1,0.0596918,2.61844,2.99573,6,6.46326,301,340,6.00883,624,0.979637
E3-PPOPIP-p005,49.0479,283,243,RLPolicy,0,0,0.0102896,5.7275,2.99573,9,6.57913,537,545,6.3129,4,1.03959
E3-PPOPIP-p005,49.0491,502,85,RLPolicy,1,0,0.121707,3.46574,2.99573,7,5.26246,386,392,4.81489,624,1.00123
E3-PPOPIP-p005,49.0514,280,335,RLPolicy,1,1,0.104818,2.77259,2.99573,6,6.50295,100,141,6.06401,624,0.995537
E3-PPOPIP-p005,49.0538,449,86,RLPolicy,1,0,0.110185,4.15888,2.99573,8,6.41531,353,360,5.95455,624,1.01287
E3-PPOPIP-p005,49.0541,123,311,RLPolicy,1,1,0.0569824,2.77259,2.99573,6,5.48004,117,134,5.19612,624,1.03971
E3-PPOPIP-p005,49.0587,20,37,RLPolicy,1,1,0.0461604,2.85497,2.99573,7,7.25495,277,400,6.84175,624,0.974636
E3-PPOPIP-p005,49.06,3,493,RLPolicy,1,0,0.00727761,4.15888,2.99573,8,6.28602,450,457,5.95407,624,1.02143
E3-PPOPIP-p005,49.0602,19,375,RLPolicy,1,0,0.0414713,3.54812,2.99573,8,7.09743,467,474,6.49826,624,1.00665
E3-PPOPIP-p005,49.066,463,13,RLPolicy,1,1,0.112184,2.77259,2.99573,6,6.7184,223,253,6.39046,624,1.00012
E3-PPOPIP-p005,49.0676,367,173,RLPolicy,1,0,0.0917759,3.46574,2.99573,7,6.68831,390,396,6.00307,624,0.997683
E3-PPOPIP-p005,49.0709,547,333,RLPolicy,1,0,0.129407,3.46574,2.99573,7,6.33384,357,363,5.62986,624,1.00235
E3-PPOPIP-p005,49.0788,307,362,RLPolicy,1,1,0.0748546,1.38629,2.99573,4,6.41318,0,158,5.97848,624,0.971191
E3-PPOPIP-p005,49.0796,498,456,RLPolicy,0,0,0.00923918,5.54518,2.99573,9,5.94873,433,441,5.19909,624,1.00235
E3-PPOPIP-p005,49.0827,210,319,RLPolicy,1,0,0.0754915,4.54373,2.99573,9,7.17556,277,285,6.79119,624,1.01829
E3-PPOPIP-p005,49.083,128,566,RLPolicy,1,1,0.0427573,2.07944,2.99573,5,8.27435,54,340,7.46079,624,0.985377
E3-PPOPIP-p005,49.0867,177,259,RLPolicy,1,1,0.0581574,2.07944,2.99573,5,6.60179,49,149,6.16986,624,0.975788
E3-PPOPIP-p005,49.0895,45,87,RLPolicy,1,0,0.0344437,4.15888,2.99573,8,4.85063,208,215,4.3105,624,1.02256
E3-PPOPIP-p005,49.092,377,205,RLPolicy,1,1,0.0923604,1.38629,2.99573,4,5.98797,0,152,5.70675,624,0.996771
E3-PPOPIP-p005,49.093,267,450,RLPolicy,0,0,0.00960712,5.7275,2.99573,9,5.21592,519,527,4.92948,2,0.99454
E3-PPOPIP-p005,49.0988,432,256,RLPolicy,1,0,0.00906597,3.46574,2.99573,7,5.44567,183,189,5.19944,624,1.01633
E3-PPOPIP-p005,49.0993,46,21,RLPolicy,1,0,0.00725572,3.0062,2.99573,7,5.24574,355,361,4.80703,624,1.01352
E3-PPOPIP-p005,49.0997,228,215,RLPolicy,1,0,0.0776581,4.85203,2.99573,9,6.72891,206,214,6.19139,624,1.02091
E3-PPOPIP-p005,49.1092,300,214,RLPolicy,1,1,0.0783708,2.77259,2.99573,6,10.664,60,281,9.83359,625,1.01533
E3-PPOPIP-p005,49.1125,517,590,RLPolicy,1,0,0.132594,4.15888,2.99573,8,6.5179,198,205,6.11132,625,1.0047
E3-PPOPIP-p005,49.1136,43,188,RLPolicy,1,0,0.00931992,4.15888,2.99573,8,6.76174,248,255,6.02551,625,0.947613
E3-PPOPIP-p005,49.1147,446,196,RLPolicy,1,1,0.11795,2.61844,2.99573,6,7.34481,148,242,6.76781,625,0.986293
E3-PPOPIP-p005,49.1171,196,191,RLPolicy,0,0,0.0583997,5.54518,2.99573,9,11.6373,290,298,10.7334,625,0.99219
E3-PPOPIP-p005,49.1238,102,199,RLPolicy,1,0,0.032295,3.31159,2.99573,7,5.85457,353,359,5.3571,625,0.956402
E3-PPOPIP-p005,49.1243,254,218,RLPolicy,1,1,0.0744257,2.77259,2.99573,6,5.54349,74,420,4.88734,625,1.00617
E3-PPOPIP-p005,49.1245,346,221,RLPolicy,1,0,0.089468,4.15888,2.99573,8,5.92422,220,227,5.57345,625,1.00247
E3-PPOPIP-p005,49.1347,343,158,RLPolicy,1,1,0.0924712,2.07944,2.99573,5,7.84403,66,181,7.39846,625,0.983717
E3-PPOPIP-p005,49.137,489,631,RLPolicy,1,1,0.118841,2.77259,2.99573,6,8.43188,233,371,7.74845,625,1.00358
E3-PPOPIP-p005,49.1394,12,333,RLPolicy,1,1,0.0492173,2.07944,2.99573,5,7.95037,50,357,7.11324,625,0.93363
E3-PPOPIP-p005,49.1401,308,232,RLPolicy,0,0,0.0919365,5.39103,2.99573,9,5.25609,371,379,4.98827,4,1.00143
E3-PPOPIP-p005,49.1404,158,273,RLPolicy,1,1,0.0563558,2.77259,2.99573,6,6.34764,139,287,5.7763,625,1.00998
E3-PPOPIP-p005,49.1406,328,129,RLPolicy,1,0,0.0915273,3.31159,2.99573,7,5.88245,290,296,5.36903,625,0.97491
E3-PPOPIP-p005,49.141,430,341,RLPolicy,1,0,0.00795252,3.46574,2.99573,7,5.86462,144,150,5.51498,625,0.99288
E3-PPOPIP-p005,49.144,497,290,RLPolicy,1,0,0.0084721,4.15888,2.99573,8,5.82095,364,371,5.24235,625,1.00817
E3-PPOPIP-p005,49.1454,63,604,RLPolicy,1,0,0.0343448,3.46574,2.99573,7,7.4297,271,277,6.96601,625,1.02709
E3-PPOPIP-p005,49.1482,234,553,RLPolicy,1,1,0.0830998,2.77259,2.99573,6,5.57876,159,231,5.21452,625,0.998006
E3-PPOPIP-p005,49.1508,81,306,RLPolicy,1,1,0.0346005,2.07944,2.99573,5,6.86917,45,186,6.35193,625,0.987727
E3-PPOPIP-p005,49.1525,392,42,RLPolicy,1,1,0.0953448,2.07944,2.99573,5,6.44503,153,321,5.85156,625,0.982908
E3-PPOPIP-p005,49.1539,409,616,RLPolicy,0,0,0.111485,2.07944,2.99573,4,7.11558,3,6,6.91341,625,1.00582
E3-PPOPIP-p005,49.1549,438,311,RLPolicy,1,1,0.105928,2.77259,2.99573,6,4.98516,213,237,4.61222,625,1.01633
E3-PPOPIP-p005,49.1582,250,68,RLPolicy,1,1,0.0676855,2.07944,2.99573,5,6.38002,76,214,5.87553,625,1.03501
E3-PPOPIP-p005,49.1626,25,238,RLPolicy,1,0,0.0422623,3.8535,2.99573,8,8.9116,203,210,8.15593,625,0.970175
E3-PPOPIP-p005,49.1632,282,399,RLPolicy,1,1,0.0748659,2.77259,2.99573,6,8.39161,98,414,7.38196,625,1.00036
E3-PPOPIP-p005,49.1672,225,308,RLPolicy,1,0,0.0722542,3.46574,2.99573,7,8.22772,275,281,7.66123,625,0.987727
E3-PPOPIP-p005,49.1701,531,4,RLPolicy,1,0,0.00775344,3.46574,2.99573,7,6.14487,233,239,5.70048,625,1.00235
E3-PPOPIP-p005,49.1722,105,438,RLPolicy,1,1,0.0565398,2.77259,2.99573,6,6.58399,289,297,6.23998,625,0.988961
E3-PPOPIP-p005,49.1741,522,281,RLPolicy,1,1,0.133994,2.77259,2.99573,6,6.48615,265,277,6.01993,625,0.998884
E3-PPOPIP-p005,49.1745,415,241,RLPolicy,0,0,0.104063,5.54518,2.99573,9,6.63374,518,526,6.20155,4,0.995537
E3-PPOPIP-p005,49.1896,378,102,RLPolicy,1,1,0.0926199,2.07944,2.99573,5,6.32463,50,338,5.57648,625,0.98984
E3-PPOPIP-p005,49.1961,109,147,RLPolicy,1,0,0.0365837,3.46574,2.99573,7,5.48626,415,421,4.91479,625,0.994659
E3-PPOPIP-p005,49.1986,167,296,RLPolicy,1,1,0.0559195,2.77259,2.99573,6,7.1619,106,416,6.20845,625,0.968048
E3-PPOPIP-p005,49.2012,546,329,RLPolicy,1,0,0.00752632,3.00328,2.99573,7,6.02948,331,337,5.5723,625,1.00004
E3-PPOPIP-p005,49.2013,508,40,RLPolicy,1,1,0.119207,2.77259,2.99573,6,4.94293,258,310,4.47257,625,0.997769
E3-PPOPIP-p005,49.2013,238,274,RLPolicy,0,0,0.0784563,5.54518,2.99573,9,4.90493,239,247,4.38932,625,1.01745
E3-PPOPIP-p005,49.2047,397,174,RLPolicy,1,0,0.00925072,4.15888,2.99573,8,5.96357,429,436,5.5887,625,1.00717
E3-PPOPIP-p005,49.2053,76,312,RLPolicy,1,1,0.0425675,1.38629,2.99573,4,6.29021,0,191,5.86323,625,0.973864
E3-PPOPIP-p005,49.2063,496,508,RLPolicy,1,0,0.127982,4.85203,2.99573,9,6.8068,552,560,6.1673,625,1.01398
E3-PPOPIP-p005,49.207,305,429,RLPolicy,1,0,0.0882983,4.85203,2.99573,9,6.7986,366,374,6.17315,625,1.01645
E3-PPOPIP-p005,49.2107,115,624,RLPolicy,1,1,0.0483234,2.77259,2.99573,6,7.05355,135,462,6.26636,625,0.994659
E3-PPOPIP-p005,49.2206,514,81,RLPolicy,1,0,0.123095,4.15888,2.99573,8,6.61597,366,373,5.96311,625,1.0047
E3-PPOPIP-p005,49.2259,54,170,RLPolicy,1,0,0.0344205,3.85058,2.99573,8,5.97495,280,287,5.37091,625,1.04173
E3-PPOPIP-p005,49.231,275,159,RLPolicy,1,1,0.0743648,2.61844,2.99573,6,9.17222,299,354,8.57393,625,0.982558
E3-PPOPIP-p005,49.2311,342,626,RLPolicy,1,0,0.0921843,3.46574,2.99573,7,7.28113,375,381,6.73509,625,0.985259
E3-PPOPIP-p005,49.2315,38,604,RLPolicy,1,0,0.0299699,3.54812,2.99573,8,6.50295,380,387,5.82327,625,0.985738
E3-PPOPIP-p005,49.237,66,402,RLPolicy,1,0,0.0508098,3.24259,2.99573,7,7.39779,383,389,6.86481,625,0.994201
E3-PPOPIP-p005,49.242,50,29,RLPolicy,1,0,0.0081016,3.46574,2.99573,7,6.53491,398,404,5.94274,625,0.995893
E3-PPOPIP-p005,49.2423,52,21,RLPolicy,1,1,0.0422727,0.693147,2.99573,3,7.26268,0,112,6.84534,625,0.930044
E3-PPOPIP-p005,49.2543,293,285,RLPolicy,1,1,0.0797543,2.07944,2.99573,5,7.93926,106,272,7.34771,625,0.989959
E3-PPOPIP-p005,49.2603,180,590,RLPolicy,1,0,0.0709701,4.15888,2.99573,8,6.31234,208,215,5.85241,625,0.999278
E3-PPOPIP-p005,49.2636,39,73,RLPolicy,1,1,0.0503758,2.46721,2.99573,6,7.69738,147,274,6.78312,625,0.972165
E3-PPOPIP-p005,49.2664,347,439,RLPolicy,1,1,0.0992625,2.77259,2.99573,6,6.84265,276,284,6.42486,625,1.00721
E3-PPOPIP-p005,49.2725,95,165,RLPolicy,1,1,0.0505482,2.77259,2.99573,6,10.11,206,329,9.3024,625,0.984261
E3-PPOPIP-p005,49.2759,348,322,RLPolicy,1,0,0.0970956,4.85203,2.99573,9,7.24601,407,415,6.33377,625,1.00952
E3-PPOPIP-p005,49.2763,281,474,RLPolicy,1,1,0.0668869,1.38629,2.99573,4,6.63767,0,36,6.37295,625,0.976096
E3-PPOPIP-p005,49.28,226,473,RLPolicy,1,0,0.00850131,4.15888,2.99573,8,7.5032,332,339,6.85988,625,1.02462
E3-PPOPIP-p005,49.2809,532,322,RLPolicy,1,1,0.13495,2.77259,2.99573,6,7.72682,189,231,7.22836,625,0.998884
E3-PPOPIP-p005,49.2872,59,149,RLPolicy,1,1,0.0343647,2.77259,2.99573,6,6.19398,78,431,5.47691,625,0.958885
E3-PPOPIP-p005,49.2882,162,330,RLPolicy,1,0,0.0564136,4.15888,2.99573,8,5.339,125,132,5.03836,625,1.03613
E3-PPOPIP-p005,49.2982,380,356,RLPolicy,1,0,0.0949984,3.46574,2.99573,7,5.48746,314,320,5.05201,625,1.0141
E3-PPOPIP-p005,49.3034,339,497,RLPolicy,1,1,0.0950352,2.77259,2.99573,6,7.35559,136,230,6.65077,626,0.99219
E3-PPOPIP-p005,49.3052,473,520,RLPolicy,1,1,0.112586,2.07944,2.99573,5,6.86869,94,232,6.28819,626,0.989721
E3-PPOPIP-p005,49.3079,114,143,RLPolicy,0,0,0.00972781,5.54518,2.99573,9,6.52357,356,364,5.08816,626,1.00632
E3-PPOPIP-p005,49.3116,49,142,RLPolicy,1,0,0.00805704,3.46574,2.99573,7,4.76952,258,264,4.4614,626,1.01645
E3-PPOPIP-p005,49.3154,416,161,RLPolicy,1,1,0.108981,2.07944,2.99573,5,8.45042,71,232,7.78942,626,0.999003
E3-PPOPIP-p005,49.3155,278,158,RLPolicy,1,1,0.0892543,2.07944,2.99573,5,6.87711,90,234,6.35399,626,0.976096
E3-PPOPIP-p005,49.317,68,362,RLPolicy,1,0,0.0467746,4.15888,2.99573,8,5.23836,286,293,4.78122,626,1.03351
E3-PPOPIP-p005,49.3184,86,233,RLPolicy,0,0,0.0419706,5.54518,2.99573,9,7.65964,166,174,7.11426,626,1.04867
E3-PPOPIP-p005,49.3214,172,195,RLPolicy,0,0,0.0600717,5.54518,2.99573,9,5.92097,529,537,5.63473,4,0.947254
E3-PPOPIP-p005,49.3263,450,538,RLPolicy,1,0,0.0078727,3.46574,2.99573,7,5.9893,269,275,5.49825,626,1.00247
E3-PPOPIP-p005,49.3274,269,569,RLPolicy,1,0,0.0694123,4.15888,2.99573,8,5.80034,414,421,5.33779,626,1.01298
E3-PPOPIP-p005,49.3299,195,384,RLPolicy,1,1,0.0530509,2.07944,2.99573,5,6.35625,106,265,5.74572,626,0.999177
E3-PPOPIP-p005,49.33,500,342,RLPolicy,1,0,0.131697,3.46574,2.99573,7,5.85896,170,176,5.27278,626,1.00817
E3-PPOPIP-p005,49.3368,482,447,RLPolicy,1,0,0.114116,3.46574,2.99573,7,7.7822,305,311,7.1986,626,1.00012
E3-PPOPIP-p005,49.3471,1,406,RLPolicy,1,1,0.0303056,1.77406,2.99573,5,6.44898,50,230,5.51739,626,0.98567
E3-PPOPIP-p005,49.3536,266,456,RLPolicy,0,0,0.0854488,5.54518,2.99573,9,6.89302,378,386,6.33288,626,0.998006
E3-PPOPIP-p005,49.3617,299,366,RLPolicy,1,1,0.077668,2.77259,2.99573,6,8.15024,312,322,7.62742,626,1.02808
E3-PPOPIP-p005,49.3654,7,91,RLPolicy,1,1,0.0390695,2.77259,2.99573,6,7.38961,106,370,6.69375,626,0.963837
E3-PPOPIP-p005,49.3705,462,365,RLPolicy,1,1,0.111501,2.07944,2.99573,5,6.10084,123,324,5.66787,626,0.982019
E3-PPOPIP-p005,49.379,262,178,RLPolicy,1,1,0.0982325,2.77259,2.99573,6,6.38962,224,240,5.96796,626,1.00271
E3-PPOPIP-p005,49.387,204,401,RLPolicy,1,1,0.0745297,2.77259,2.99573,6,6.936,291,385,6.41537,626,0.971514
E3-PPOPIP-p005,49.3884,413,354,RLPolicy,1,1,0.110594,2.07944,2.99573,5,7.59005,31,68,7.26368,626,1.01522
E3-PPOPIP-p005,49.3911,8,42,RLPolicy,0,0,0.0198223,5.2398,2.99573,9,10.4591,536,544,9.47903,626,1.01504
E3-PPOPIP-p005,49.3945,390,322,RLPolicy,1,1,0.106465,2.77259,2.99573,6,6.33818,251,272,5.8858,626,0.977093
E3-PPOPIP-p005,49.3991,447,325,RLPolicy,1,1,0.108281,2.07944,2.99573,5,7.3427,88,233,6.78375,626,0.988606
E3-PPOPIP-p005,49.3993,186,4,RLPolicy,1,1,0.0579384,2.77259,2.99573,6,7.30432,112,272,6.72385,626,0.960039
E3-PPOPIP-p005,49.4017,400,482,RLPolicy,1,0,0.102237,4.85203,2.99573,9,5.29578,331,339,4.74837,627,1.0037
E3-PPOPIP-p005,49.4081,376,538,RLPolicy,1,0,0.10107,4.85203,2.99573,9,6.29991,431,439,5.58353,627,1.0141
E3-PPOPIP-p005,49.4135,505,269,RLPolicy,1,0,0.121618,3.46574,2.99573,7,6.04933,413,419,5.42412,627,1.00123
E3-PPOPIP-p005,49.4143,97,358,RLPolicy,1,0,0.0569508,4.3412,2.99573,8,12.1047,471,478,11.4911,627,0.979821
E3-PPOPIP-p005,49.4145,479,260,RLPolicy,1,1,0.115797,2.77259,2.99573,6,8.40504,315,369,7.62373,627,1.00012
E3-PPOPIP-p005,49.4152,357,494,RLPolicy,0,0,0.0949767,5.54518,2.99573,9,4.19069,243,251,3.75976,627,1.01287
E3-PPOPIP-p005,49.416,17,467,RLPolicy,1,0,0.0186949,3.16035,2.99573,7,5.5556,319,325,5.16228,627,1.01122
E3-PPOPIP-p005,49.4164,414,204,RLPolicy,1,1,0.122841,2.77259,2.99573,6,7.90045,308,328,7.33248,627,1.01868
E3-PPOPIP-p005,49.4189,103,428,RLPolicy,1,0,0.0418918,3.46574,2.99573,7,6.13678,245,251,5.73185,627,1.0084
E3-PPOPIP-p005,49.4203,207,442,RLPolicy,1,1,0.0711314,2.07944,2.99573,5,8.59653,74,140,8.02342,627,0.988843
E3-PPOPIP-p005,49.4255,67,514,RLPolicy,1,1,0.0500827,2.77259,2.99573,6,7.65377,253,287,7.05797,627,0.98438
E3-PPOPIP-p005,49.4363,336,448,RLPolicy,1,0,0.0963916,3.46574,2.99573,7,6.25705,276,282,5.75617,627,0.987609
E3-PPOPIP-p005,49.4407,461,326,RLPolicy,1,0,0.0084796,4.15888,2.99573,8,6.50229,438,445,5.8296,627,0.992454
E3-PPOPIP-p005,49.441,311,86,RLPolicy,1,1,0.0784838,2.77259,2.99573,6,6.59939,306,344,6.20364,627,1.00494
E3-PPOPIP-p005,49.4412,384,191,RLPolicy,1,1,0.0954017,2.61844,2.99573,6,5.76551,213,236,5.46327,627,0.985603
E3-PPOPIP-p005,49.4443,468,321,RLPolicy,1,0,0.115424,4.15888,2.99573,8,6.88718,354,361,6.1163,627,0.999003
E3-PPOPIP-p005,49.4445,154,201,RLPolicy,1,0,0.0554722,3.15743,2.99573,7,7.12924,231,237,6.28896,627,0.987054
E3-PPOPIP-p005,49.4481,166,183,RLPolicy,1,1,0.0507798,2.77259,2.99573,6,5.92831,244,336,5.37507,627,1.0082
E3-PPOPIP-p005,49.4504,334,486,RLPolicy,1,1,0.0821788,2.77259,2.99573,6,7.1644,138,294,6.43726,627,0.985259
E3-PPOPIP-p005,49.4573,74,19,RLPolicy,1,1,0.047505,2.07944,2.99573,5,10.2095,8,299,9.61534,627,0.976214
E3-PPOPIP-p005,49.4602,65,524,RLPolicy,1,1,0.0473563,2.77259,2.99573,6,5.50877,82,100,5.21699,627,1.02127
E3-PPOPIP-p005,49.4684,61,4,RLPolicy,1,1,0.0494078,2.46429,2.99573,6,6.74829,129,276,6.31633,627,0.990776
E3-PPOPIP-p005,49.471,354,215,RLPolicy,1,1,0.108181,2.77259,2.99573,6,7.697,233,250,7.2161,627,1.00952
E3-PPOPIP-p005,49.4754,379,18,RLPolicy,1,1,0.0958976,2.77259,2.99573,6,6.45161,273,281,5.98434,627,0.96558
E3-PPOPIP-p005,49.4797,243,25,RLPolicy,1,0,0.0788104,3.46574,2.99573,7,6.26784,334,340,5.77459,627,0.99689
E3-PPOPIP-p005,49.4817,48,312,RLPolicy,1,1,0.0519288,2.77259,2.99573,6,6.25473,194,344,5.79788,627,0.956654
E3-PPOPIP-p005,49.4829,374,456,RLPolicy,0,0,0.0096926,5.54518,2.99573,9,7.81047,402,410,7.05538,627,1.00808
E3-PPOPIP-p005,49.485,284,635,RLPolicy,1,1,0.0695611,2.61844,2.99573,6,8.72228,116,424,7.65791,627,0.981486
E3-PPOPIP-p005,49.4918,101,492,RLPolicy,1,1,0.0546714,2.77259,2.99573,6,6.6509,284,321,6.09518,627,1.02932
E3-PPOPIP-p005,49.5034,55,65,RLPolicy,1,1,0.0443665,2.77259,2.99573,6,6.10181,194,204,5.66467,627,0.997019
E3-PPOPIP-p005,49.5042,182,635,RLPolicy,1,1,0.0753846,2.77259,2.99573,6,5.97992,293,314,5.64028,627,1.01422
E3-PPOPIP-p005,49.5064,271,359,RLPolicy,1,1,0.0641952,1.38629,2.99573,4,6.9232,0,154,6.39502,627,0.991986
E3-PPOPIP-p005,49.5071,274,261,RLPolicy,1,1,0.0674686,2.77259,2.99573,6,5.87996,62,251,5.25211,627,0.995774
E3-PPOPIP-p005,49.5086,294,195,RLPolicy,0,0,0.0812417,5.54518,2.99573,9,6.3309,491,499,5.9443,5,0.987609
E3-PPOPIP-p005,49.5094,393,606,RLPolicy,1,1,0.0974062,2.77259,2.99573,6,6.25293,219,316,5.77314,627,0.969046
E3-PPOPIP-p005,49.5136,125,300,RLPolicy,1,1,0.0431598,2.77259,2.99573,6,7.18501,272,280,6.62978,627,0.988961
E3-PPOPIP-p005,49.5143,93,518,RLPolicy,1,0,0.0508898,4.15888,2.99573,8,9.54715,418,425,8.85082,627,1.01733
E3-PPOPIP-p005,49.5147,53,441,RLPolicy,1,0,0.0305243,3.46574,2.99573,7,6.66682,380,386,5.88495,627,1.01048
E3-PPOPIP-p005,49.5167,298,11,RLPolicy,1,0,0.08516,4.85203,2.99573,9,11.1018,378,386,10.532,627,1.01422
E3-PPOPIP-p005,49.5226,44,405,RLPolicy,1,1,0.0385958,2.77259,2.99573,6,7.93915,238,249,7.4349,627,0.975753
E3-PPOPIP-p005,49.5304,0,605,RLPolicy,1,1,0.0322113,2.46721,2.99573,6,6.06562,181,298,5.59632,627,1.01237
E3-PPOPIP-p005,49.5403,208,267,RLPolicy,0,0,0.0699975,5.54518,2.99573,9,11.1344,347,355,10.2819,627,1.01422
E3-PPOPIP-p005,49.5422,118,503,RLPolicy,1,1,0.060647,2.77259,2.99573,6,6.27221,198,292,5.85948,627,0.954304
E3-PPOPIP-p005,49.547,91,416,RLPolicy,1,1,0.0544908,2.77259,2.99573,6,8.17563,111,364,7.27496,627,0.984725
E3-PPOPIP-p005,49.5525,148,17,RLPolicy,0,0,0.0493124,5.54518,2.99573,9,6.78958,402,410,6.12398,627,1.01633
E3-PPOPIP-p005,49.5584,443,269,RLPolicy,0,0,0.0104677,5.54518,2.99573,9,9.12095,114,122,8.48628,627,1.0151
E3-PPOPIP-p005,49.5611,373,457,RLPolicy,1,1,0.103434,2.77259,2.99573,6,8.99894,129,148,8.66652,627,1.0245
E3-PPOPIP-p005,49.5661,445,305,RLPolicy,1,1,0.109075,2.77259,2.99573,6,8.52676,215,222,7.84204,627,0.997887
E3-PPOPIP-p005,49.5769,417,163,RLPolicy,1,0,0.118814,3.46574,2.99573,7,8.80849,246,252,8.26965,627,0.999811
E3-PPOPIP-p005,49.5799,175,298,RLPolicy,1,0,0.0742016,3.93574,2.99573,8,6.38456,296,303,5.72047,627,0.973169
E3-PPOPIP-p005,49.5806,257,405,RLPolicy,1,1,0.0618177,1.38629,2.99573,4,6.93806,0,160,6.36285,627,0.981664
E3-PPOPIP-p005,49.584,487,440,RLPolicy,1,1,0.112161,2.07944,2.99573,5,7.77015,91,199,7.34991,627,0.98818
E3-PPOPIP-p005,49.5885,183,109,RLPolicy,1,1,0.0487268,2.77259,2.99573,6,6.78683,155,275,6.18627,627,0.969283
E3-PPOPIP-p005,49.5939,492,435,RLPolicy,0,0,0.0102792,5.54518,2.99573,9,8.19706,299,307,7.50759,627,1.00123
E3-PPOPIP-p005,49.5967,309,154,RLPolicy,1,0,0.0821187,4.00473,2.99573,8,6.22281,418,425,5.62508,627,1.00605
E3-PPOPIP-p005,49.6017,351,461,RLPolicy,1,1,0.0842292,2.77259,2.99573,6,7.24662,181,235,6.81565,628,1.00605
E3-PPOPIP-p005,49.6138,510,547,RLPolicy,1,1,0.124054,2.77259,2.99573,6,6.72077,307,314,6.35342,628,1.00817
E3-PPOPIP-p005,49.6241,320,89,RLPolicy,1,0,0.0104999,4.85203,2.99573,9,6.02817,337,345,5.37125,628,1.03724
E3-PPOPIP-p005,49.6286,325,507,RLPolicy,1,1,0.0795834,2.07944,2.99573,5,7.14405,25,376,6.4092,628,0.998006
E3-PPOPIP-p005,49.6354,519,354,RLPolicy,1,1,0.119198,1.38629,2.99573,4,6.05915,0,136,5.70003,628,0.990837
E3-PPOPIP-p005,49.6355,426,247,RLPolicy,0,0,0.115843,5.54518,2.99573,9,6.09349,302,310,5.59777,628,1.01163
E3-PPOPIP-p005,49.6356,117,64,RLPolicy,1,1,0.0560209,2.07944,2.99573,5,5.99281,49,163,5.6495,628,1.00159
E3-PPOPIP-p005,49.6357,200,165,RLPolicy,1,1,0.062399,2.61844,2.99573,6,6.03041,194,260,5.60777,628,0.992346
E3-PPOPIP-p005,49.6482,405,421,RLPolicy,1,1,0.11664,2.77259,2.99573,6,6.17137,207,221,5.91055,628,0.988298
E3-PPOPIP-p005,49.6516,89,296,RLPolicy,1,1,0.0538964,2.77259,2.99573,6,8.39373,88,347,7.50249,628,0.978602
E3-PPOPIP-p005,49.6517,215,546,RLPolicy,1,1,0.0555324,2.77259,2.99573,6,7.98637,109,175,7.10881,628,1.01657
E3-PPOPIP-p005,49.6535,181,77,RLPolicy,1,1,0.0661536,2.07944,2.99573,5,6.69933,39,125,6.1558,628,1.01187
E3-PPOPIP-p005,49.6605,467,259,RLPolicy,1,1,0.128093,2.46429,2.99573,6,6.35165,199,220,5.87613,628,0.986293
E3-PPOPIP-p005,49.6635,170,224,RLPolicy,1,1,0.0562646,2.61844,2.99573,6,7.5246,150,212,7.07153,628,0.98037
E3-PPOPIP-p005,49.6645,190,132,RLPolicy,1,0,0.00689365,3.46574,2.99573,7,6.53946,342,348,6.03975,628,0.977126
E3-PPOPIP-p005,49.6715,227,50,RLPolicy,1,1,0.0502303,0.693147,2.99573,3,8.16398,0,100,7.63958,628,0.965774
E3-PPOPIP-p005,49.6757,83,94,RLPolicy,1,1,0.0367008,2.77259,2.99573,6,9.55834,84,419,8.2573,628,0.985496
E3-PPOPIP-p005,49.6771,458,419,RLPolicy,1,0,0.112874,3.46574,2.99573,7,6.41481,417,423,5.8971,628,0.999003
E3-PPOPIP-p005,49.6794,203,366,RLPolicy,1,1,0.0545002,2.77259,2.99573,6,6.40716,310,320,6.04709,628,1.00382
E3-PPOPIP-p005,49.6803,60,562,RLPolicy,1,0,0.035848,4.85203,2.99573,9,6.8113,287,295,6.01302,628,1.03137
E3-PPOPIP-p005,49.6869,35,315,RLPolicy,1,1,0.0397323,2.77259,2.99573,6,8.23486,230,251,7.82398,628,0.956656
E3-PPOPIP-p005,49.6894,431,89,RLPolicy,1,1,0.123134,2.77259,2.99573,6,8.27733,264,271,7.90584,628,0.994421
E3-PPOPIP-p005,49.6932,249,216,RLPolicy,0,0,0.0829494,5.39103,2.99573,9,6.25655,318,326,5.69616,628,1.028
E3-PPOPIP-p005,49.6973,134,319,RLPolicy,1,0,0.0464376,4.15888,2.99573,8,6.83068,231,238,6.09302,628,1.02908
E3-PPOPIP-p005,49.7002,139,196,RLPolicy,1,0,0.0650849,4.69788,2.99573,9,8.43361,396,404,7.61796,628,1.01383
E3-PPOPIP-p005,49.7018,11,535,RLPolicy,1,0,0.0218459,4.15888,2.99573,8,6.62179,122,129,6.06652,628,1.0171
E3-PPOPIP-p005,49.7043,385,564,RLPolicy,1,0,0.0998852,4.85203,2.99573,9,6.14844,337,345,5.47257,628,1.02215
E3-PPOPIP-p005,49.7058,317,627,RLPolicy,1,0,0.0856132,3.46574,2.99573,7,6.17513,261,267,5.6626,628,1.0037
E3-PPOPIP-p005,49.7059,244,36,RLPolicy,1,0,0.0737455,4.69788,2.99573,9,6.02557,442,450,5.39768,628,0.990762
E3-PPOPIP-p005,49.7059,213,440,RLPolicy,1,0,0.0765172,4.85203,2.99573,9,7.6738,397,405,6.91929,628,0.992309
E3-PPOPIP-p005,49.7059,474,348,RLPolicy,1,0,0.116313,3.46574,2.99573,7,5.81206,228,234,5.12945,628,1.0094
E3-PPOPIP-p005,49.712,504,578,RLPolicy,1,1,0.13445,2.77259,2.99573,6,8.28596,268,288,7.68246,628,0.997769
E3-PPOPIP-p005,49.7128,349,610,RLPolicy,1,0,0.099229,4.15888,2.99573,8,12.1993,364,371,11.4283,628,1.0037
E3-PPOPIP-p005,49.723,150,475,RLPolicy,1,0,0.0640209,3.46574,2.99573,7,7.29473,359,365,6.83498,628,1.05358
E3-PPOPIP-p005,49.7244,169,195,RLPolicy,0,0,0.0746737,5.39103,2.99573,9,8.01491,497,505,7.71083,2,0.974388
E3-PPOPIP-p005,49.7316,218,12,RLPolicy,0,0,0.0750895,5.54518,2.99573,9,8.13131,493,501,7.68722,2,0.977556
E3-PPOPIP-p005,49.733,116,593,RLPolicy,1,0,0.00687278,3.46574,2.99573,7,6.60152,218,224,6.26305,628,0.992346
E3-PPOPIP-p005,49.7355,423,137,RLPolicy,1,1,0.102155,2.77259,2.99573,6,9.50385,203,254,8.82087,628,0.990956
E3-PPOPIP-p005,49.7398,27,446,RLPolicy,1,1,0.0292099,2.07944,2.99573,5,7.03402,88,278,6.49677,628,0.966266
E3-PPOPIP-p005,49.7462,219,300,RLPolicy,1,1,0.0578782,2.77259,2.99573,6,11.5348,283,289,11.005,628,0.997736
E3-PPOPIP-p005,49.7536,333,28,RLPolicy,1,1,0.0839788,0.693147,2.99573,3,6.63051,0,142,6.29487,628,0.986374
E3-PPOPIP-p005,49.7555,330,391,RLPolicy,1,0,0.087628,4.15888,2.99573,8,7.00146,315,322,6.45233,628,1.00494
E3-PPOPIP-p005,49.7559,319,330,RLPolicy,1,0,0.104596,3.46574,2.99573,7,7.43905,406,412,6.96464,628,1.01736
E3-PPOPIP-p005,49.7595,295,426,RLPolicy,0,0,0.00969458,5.54518,2.99573,9,8.02841,336,344,7.51265,628,1.01187
E3-PPOPIP-p005,49.7615,220,213,RLPolicy,1,0,0.0828918,3.46574,2.99573,7,7.26892,382,388,6.88787,628,1.01892
E3-PPOPIP-p005,49.767,224,389,RLPolicy,1,0,0.00997273,4.85203,2.99573,9,7.93273,219,227,7.49165,628,0.981319
E3-PPOPIP-p005,49.7683,73,66,RLPolicy,1,1,0.0496334,2.07944,2.99573,5,11.1281,41,360,10.4515,628,0.968167
E3-PPOPIP-p005,49.7693,82,161,RLPolicy,1,1,0.0530829,2.07944,2.99573,5,9.27858,77,297,8.60049,628,0.97968
E3-PPOPIP-p005,49.774,152,435,RLPolicy,0,0,0.0659862,5.54518,2.99573,9,8.72452,227,235,7.83779,628,1.0131
E3-PPOPIP-p005,49.7809,381,629,RLPolicy,1,1,0.0951299,2.07944,2.99573,5,6.97423,83,294,6.3177,628,0.993306
E3-PPOPIP-p005,49.7834,296,65,RLPolicy,1,0,0.0730979,3.46574,2.99573,7,9.08689,370,376,8.48045,628,0.99454
E3-PPOPIP-p005,49.7851,340,12,RLPolicy,1,1,0.0951669,2.77259,2.99573,6,6.66987,283,301,6.28424,628,0.99454
E3-PPOPIP-p005,49.7905,223,219,RLPolicy,1,1,0.0794408,2.77259,2.99573,6,7.10987,234,247,6.73859,628,0.989959
E3-PPOPIP-p005,49.7932,469,445,RLPolicy,1,1,0.119402,2.77259,2.99573,6,6.03844,200,208,5.61652,628,1.00247
E3-PPOPIP-p005,49.8,440,348,RLPolicy,1,0,0.0102066,4.85203,2.99573,9,7.27472,297,305,6.57138,628,1.02561
E3-PPOPIP-p005,49.8044,398,79,RLPolicy,1,1,0.107188,1.92529,2.99573,5,4.47949,79,233,4.19283,630,0.999386
E3-PPOPIP-p005,49.8046,534,93,RLPolicy,1,0,0.00811799,4.15888,2.99573,8,9.05062,405,412,8.35873,630,1.00582
E3-PPOPIP-p005,49.8049,391,499,RLPolicy,1,0,0.100181,4.85203,2.99573,9,7.02245,441,449,6.36262,630,1.00832
E3-PPOPIP-p005,49.8064,211,207,RLPolicy,1,1,0.0552579,2.07944,2.99573,5,10.6571,95,257,10.1756,630,0.981911
E3-PPOPIP-p005,49.8078,401,284,RLPolicy,1,1,0.0993764,2.77259,2.99573,6,7.08201,156,300,6.72191,630,1.01501
E3-PPOPIP-p005,49.8082,313,414,RLPolicy,1,0,0.0848596,3.46574,2.99573,7,8.38002,399,405,7.60019,630,0.991074
E3-PPOPIP-p005,49.8085,388,319,RLPolicy,1,1,0.116041,2.77259,2.99573,6,5.29848,200,216,5.06963,630,0.996728
E3-PPOPIP-p005,49.8193,434,581,RLPolicy,1,0,0.106997,4.15888,2.99573,8,8.03648,480,487,7.41772,630,1.00247
E3-PPOPIP-p005,49.8227,94,326,RLPolicy,1,1,0.0530795,2.77259,2.99573,6,7.46397,198,308,7.01776,630,1.02007
E3-PPOPIP-p005,49.8236,5,395,RLPolicy,1,1,0.0452602,2.77259,2.99573,6,5.75495,267,299,5.44332,630,0.999652
E3-PPOPIP-p005,49.8249,113,76,RLPolicy,1,1,0.0573242,2.61844,2.99573,6,4.97735,89,347,4.5467,630,0.962956
E3-PPOPIP-p005,49.8258,452,641,RLPolicy,0,0,0.121679,2.77259,2.99573,5,3.94559,6,10,3.85622,630,1
E3-PPOPIP-p005,49.8317,198,434,RLPolicy,1,1,0.0659746,2.77259,2.99573,6,5.9984,205,215,5.653,630,0.994066
E3-PPOPIP-p005,49.8346,92,133,RLPolicy,1,1,0.0517591,2.61844,2.99573,6,8.35143,217,244,8.00764,630,1.03059
E3-PPOPIP-p005,49.8359,389,105,RLPolicy,0,0,0.100399,5.54518,2.99573,9,5.80287,226,234,5.50169,630,1.0047
E3-PPOPIP-p005,49.8457,129,321,RLPolicy,1,1,0.0548184,2.07944,2.99573,5,5.80529,81,173,5.38681,630,1.02935
E3-PPOPIP-p005,49.85,404,288,RLPolicy,1,1,0.0979732,2.07944,2.99573,5,6.93578,48,246,6.33429,630,1.00717
E3-PPOPIP-p005,49.8562,22,290,RLPolicy,1,0,0.0414184,3.54812,2.99573,8,6.94984,352,359,6.24765,630,0.963415
E3-PPOPIP-p005,49.8564,518,189,RLPolicy,1,1,0.129196,2.77259,2.99573,6,7.01847,234,384,6.38573,630,0.997769
E3-PPOPIP-p005,49.8613,427,239,RLPolicy,1,1,0.1066,2.77259,2.99573,6,8.30011,135,281,7.85217,630,0.98749
E3-PPOPIP-p005,49.8632,34,243,RLPolicy,1,1,0.0428069,2.54959,2.99573,7,7.42679,370,421,7.03115,630,0.971819
E3-PPOPIP-p005,49.8704,484,241,RLPolicy,1,0,0.136895,4.85203,2.99573,9,5.92031,190,198,5.52065,630,1.01856
E3-PPOPIP-p005,49.8737,421,65,RLPolicy,1,0,0.10509,4.15888,2.99573,8,8.1003,322,329,7.59361,630,1.00482
E3-PPOPIP-p005,49.874,292,407,RLPolicy,1,1,0.0895785,2.93429,2.99573,7,7.50437,333,368,6.92899,630,1.01983
E3-PPOPIP-p005,49.8742,230,644,RLPolicy,0,0,0.0724522,5.54518,2.99573,9,7.88098,229,237,7.49698,630,1.03948
E3-PPOPIP-p005,49.8745,365,206,RLPolicy,1,0,0.0937658,4.15888,2.99573,8,6.98996,339,346,6.50663,630,1.00605
E3-PPOPIP-p005,49.8759,157,91,RLPolicy,1,1,0.059054,2.77259,2.99573,6,7.61589,107,366,7.07283,630,0.960001
E3-PPOPIP-p005,49.8791,58,275,RLPolicy,1,1,0.0478008,2.77259,2.99573,6,7.44263,107,429,6.80938,630,0.966641
E3-PPOPIP-p005,49.8842,412,442,RLPolicy,1,1,0.101023,2.77259,2.99573,6,6.5023,152,238,6.09204,630,0.98984
E3-PPOPIP-p005,49.8881,407,53,RLPolicy,1,1,0.110227,2.77259,2.99573,6,7.45637,310,318,7.14476,630,1.01063
E3-PPOPIP-p005,49.889,403,46,RLPolicy,1,0,0.105954,4.15888,2.99573,8,7.49896,350,357,7.01205,630,0.997887
E3-PPOPIP-p005,49.8894,480,626,RLPolicy,1,1,0.142999,2.77259,2.99573,6,6.58383,138,146,6.26434,630,1.01157
E3-PPOPIP-p005,49.8988,481,123,RLPolicy,1,0,0.115,3.46574,2.99573,7,9.69596,245,251,9.27059,630,1.00705
E3-PPOPIP-p005,49.9058,437,481,RLPolicy,1,1,0.107786,2.77259,2.99573,6,11.2732,166,417,10.4508,630,1.00135
E3-PPOPIP-p005,49.9059,136,134,RLPolicy,1,0,0.067005,4.15888,2.99573,8,7.7221,344,351,7.14903,630,0.969283
E3-PPOPIP-p005,49.9096,419,195,RLPolicy,1,0,0.105178,4.85203,2.99573,9,11.8556,470,478,10.9093,630,1.02215
E3-PPOPIP-p005,49.9116,371,306,RLPolicy,1,1,0.0920389,2.77259,2.99573,6,7.98732,133,221,7.51011,630,1.02338
E3-PPOPIP-p005,49.9171,236,13,RLPolicy,0,0,0.0814139,5.54518,2.99573,9,7.35644,434,442,7.0469,1,0.980677
E3-PPOPIP-p005,49.9239,372,328,RLPolicy,1,1,0.0926259,2.07944,2.99573,5,9.15817,64,255,8.44435,630,0.981793
E3-PPOPIP-p005,49.9265,104,254,RLPolicy,1,1,0.0384433,0.693147,2.99573,3,16.2982,0,183,15.7268,630,0.948871
E3-PPOPIP-p005,49.9353,536,113,RLPolicy,1,1,0.122638,2.07944,2.99573,5,8.3592,43,208,7.58638,630,0.995419
E3-PPOPIP-p005,49.9471,495,194,RLPolicy,1,0,0.137778,4.15888,2.99573,8,6.58989,204,211,5.97336,630,1.00817
E3-PPOPIP-p005,49.9594,394,584,RLPolicy,1,0,0.116507,4.00473,2.99573,8,7.63483,358,365,7.1478,630,0.981367
E3-PPOPIP-p005,49.9609,159,319,RLPolicy,1,1,0.0671817,2.77259,2.99573,6,7.91043,184,207,7.45735,630,1.01075
E3-PPOPIP-p005,49.9629,246,40,RLPolicy,1,1,0.0719267,2.77259,2.99573,6,5.99933,255,317,5.57758,630,1.01625
E3-PPOPIP-p005,49.97,475,161,RLPolicy,1,1,0.123164,2.61844,2.99573,6,5.98908,291,332,5.55521,630,0.989759
E3-PPOPIP-p005,49.9719,41,328,RLPolicy,1,1,0.0395215,2.46721,2.99573,6,8.75423,75,307,8.07763,630,0.943033
E3-PPOPIP-p005,49.9744,511,459,RLPolicy,1,0,0.00970664,4.85203,2.99573,9,6.6669,520,528,6.04047,630,1.01163
E3-PPOPIP-p005,49.9749,451,433,RLPolicy,1,1,0.109022,2.77259,2.99573,6,7.07888,215,360,6.54634,630,1.00593
E3-PPOPIP-p005,49.9812,553,357,RLPolicy,1,0,0.00922727,4.85203,2.99573,9,7.38416,213,221,6.84858,630,1.00928
E3-PPOPIP-p005,49.9815,69,417,RLPolicy,0,0,0.0540971,5.54518,2.99573,9,6.17139,326,334,5.9149,5,0.971633
E3-PPOPIP-p005,49.9821,42,447,RLPolicy,1,1,0.0415267,2.46721,2.99573,6,7.75204,55,222,7.15341,630,0.990698
E3-PPOPIP-p005,49.9881,239,427,RLPolicy,1,1,0.0607398,2.77259,2.99573,6,9.33464,75,204,8.71983,630,1.00964
E3-PPOPIP-p005,49.9924,199,516,RLPolicy,1,0,0.070794,4.15888,2.99573,8,6.19914,422,429,5.43758,630,1.0131
E3-PPOPIP-p005,49.9962,435,239,RLPolicy,0,0,0.00968982,5.39103,2.99573,9,7.2248,236,244,6.41158,630,1.0121
